  0
SECTION
  2
HEADER
  9
$ACADVER
  1
AC1006
  9
$EXTMIN
 10
0.000000
 20
0.000000
 30
0.000000
  9
$EXTMAX
 10
472.000000
 20
649.000000
 30
0.000000
  0
ENDSEC
  0
SECTION
  2
ENTITIES
  0
POLYLINE
  8
0
 66
1
 70
1
  0
VERTEX
  8
0
 10
222.780779
 20
626.750000
 42
0.000000
  0
VERTEX
  8
0
 10
222.500000
 20
614.500000
 42
0.000000
  0
VERTEX
  8
0
 10
188.750000
 20
614.236698
 42
0.002114
  0
VERTEX
  8
0
 10
174.407665
 20
614.064156
 42
0.005191
  0
VERTEX
  8
0
 10
163.867960
 20
613.783321
 42
0.001383
  0
VERTEX
  8
0
 10
155.441996
 20
613.447913
 42
0.401805
  0
VERTEX
  8
0
 10
155.000000
 20
612.986698
 42
-0.382100
  0
VERTEX
  8
0
 10
154.617367
 20
612.559102
 42
-0.008118
  0
VERTEX
  8
0
 10
151.567918
 20
612.269641
 42
-0.013369
  0
VERTEX
  8
0
 10
147.596516
 20
612.064268
 42
-0.006233
  0
VERTEX
  8
0
 10
142.440983
 20
612.000000
 42
-0.005462
  0
VERTEX
  8
0
 10
137.042119
 20
612.058974
 42
-0.015427
  0
VERTEX
  8
0
 10
133.276419
 20
612.257603
 42
-0.014869
  0
VERTEX
  8
0
 10
130.710476
 20
612.549537
 42
-0.540264
  0
VERTEX
  8
0
 10
130.500000
 20
613.000000
 42
0.139169
  0
VERTEX
  8
0
 10
130.607943
 20
613.379648
 42
0.191142
  0
VERTEX
  8
0
 10
130.478525
 20
613.706250
 42
0.138808
  0
VERTEX
  8
0
 10
130.110654
 20
613.926733
 42
0.066118
  0
VERTEX
  8
0
 10
129.559017
 20
614.000000
 42
0.062283
  0
VERTEX
  8
0
 10
128.962904
 20
613.925455
 42
0.080552
  0
VERTEX
  8
0
 10
128.457961
 20
613.706250
 42
0.097988
  0
VERTEX
  8
0
 10
128.120018
 20
613.381379
 42
0.153634
  0
VERTEX
  8
0
 10
128.000000
 20
613.000000
 42
-0.379241
  0
VERTEX
  8
0
 10
127.613708
 20
612.563953
 42
-0.009430
  0
VERTEX
  8
0
 10
124.750000
 20
612.270833
 42
-0.014311
  0
VERTEX
  8
0
 10
120.965740
 20
612.064309
 42
-0.006475
  0
VERTEX
  8
0
 10
116.000000
 20
612.000000
 42
-0.006475
  0
VERTEX
  8
0
 10
111.034260
 20
612.064309
 42
-0.014311
  0
VERTEX
  8
0
 10
107.250000
 20
612.270833
 42
-0.009430
  0
VERTEX
  8
0
 10
104.386292
 20
612.563953
 42
-0.379241
  0
VERTEX
  8
0
 10
104.000000
 20
613.000000
 42
0.404947
  0
VERTEX
  8
0
 10
103.539208
 20
613.475656
 42
0.001270
  0
VERTEX
  8
0
 10
94.375000
 20
613.743333
 42
0.004840
  0
VERTEX
  8
0
 10
82.755801
 20
613.940656
 42
0.001825
  0
VERTEX
  8
0
 10
66.500000
 20
614.000000
 42
0.000000
  0
VERTEX
  8
0
 10
29.000000
 20
614.000000
 42
0.000000
  0
VERTEX
  8
0
 10
29.000000
 20
545.500000
 42
0.000564
  0
VERTEX
  8
0
 10
29.044360
 20
506.150183
 42
0.004910
  0
VERTEX
  8
0
 10
29.255474
 20
488.666667
 42
0.003539
  0
VERTEX
  8
0
 10
29.567506
 20
477.899470
 42
0.403694
  0
VERTEX
  8
0
 10
30.500000
 20
477.000000
 42
-0.308488
  0
VERTEX
  8
0
 10
31.281981
 20
476.466794
 42
-0.062466
  0
VERTEX
  8
0
 10
31.718750
 20
474.750000
 42
-0.027022
  0
VERTEX
  8
0
 10
31.946969
 20
471.510079
 42
-0.004073
  0
VERTEX
  8
0
 10
32.000000
 20
465.000000
 42
-0.004073
  0
VERTEX
  8
0
 10
31.946969
 20
458.489921
 42
-0.027022
  0
VERTEX
  8
0
 10
31.718750
 20
455.250000
 42
-0.062466
  0
VERTEX
  8
0
 10
31.281981
 20
453.533206
 42
-0.308488
  0
VERTEX
  8
0
 10
30.500000
 20
453.000000
 42
0.099038
  0
VERTEX
  8
0
 10
29.927543
 20
452.885486
 42
0.097945
  0
VERTEX
  8
0
 10
29.440625
 20
452.559375
 42
0.097945
  0
VERTEX
  8
0
 10
29.114514
 20
452.072457
 42
0.099038
  0
VERTEX
  8
0
 10
29.000000
 20
451.500000
 42
0.099038
  0
VERTEX
  8
0
 10
29.114514
 20
450.927543
 42
0.097945
  0
VERTEX
  8
0
 10
29.440625
 20
450.440625
 42
0.097945
  0
VERTEX
  8
0
 10
29.927543
 20
450.114514
 42
0.099038
  0
VERTEX
  8
0
 10
30.500000
 20
450.000000
 42
-0.307467
  0
VERTEX
  8
0
 10
31.281167
 20
449.469481
 42
-0.063124
  0
VERTEX
  8
0
 10
31.718469
 20
447.767831
 42
-0.027252
  0
VERTEX
  8
0
 10
31.946870
 20
444.554988
 42
-0.004120
  0
VERTEX
  8
0
 10
32.000000
 20
438.106989
 42
-0.004650
  0
VERTEX
  8
0
 10
31.941568
 20
431.824580
 42
-0.025287
  0
VERTEX
  8
0
 10
31.706369
 20
428.429403
 42
-0.047980
  0
VERTEX
  8
0
 10
31.274229
 20
426.456325
 42
-0.227005
  0
VERTEX
  8
0
 10
30.500000
 20
425.638374
 42
0.302838
  0
VERTEX
  8
0
 10
29.562547
 20
424.314841
 42
0.002527
  0
VERTEX
  8
0
 10
29.256287
 20
411.059951
 42
0.004038
  0
VERTEX
  8
0
 10
29.044789
 20
389.847408
 42
0.000473
  0
VERTEX
  8
0
 10
29.000000
 20
342.531385
 42
0.000000
  0
VERTEX
  8
0
 10
29.000000
 20
260.000000
 42
0.000000
  0
VERTEX
  8
0
 10
37.000000
 20
260.000000
 42
0.000000
  0
VERTEX
  8
0
 10
45.000000
 20
260.000000
 42
0.000000
  0
VERTEX
  8
0
 10
45.000000
 20
220.500000
 42
0.000000
  0
VERTEX
  8
0
 10
45.000000
 20
181.000000
 42
0.000000
  0
VERTEX
  8
0
 10
42.500000
 20
181.000000
 42
0.000000
  0
VERTEX
  8
0
 10
40.000000
 20
181.000000
 42
0.000000
  0
VERTEX
  8
0
 10
40.000000
 20
171.000000
 42
0.000000
  0
VERTEX
  8
0
 10
40.000000
 20
161.000000
 42
0.000000
  0
VERTEX
  8
0
 10
49.500000
 20
161.000000
 42
0.003407
  0
VERTEX
  8
0
 10
55.798163
 20
161.042917
 42
0.060999
  0
VERTEX
  8
0
 10
57.800000
 20
161.315789
 42
0.222710
  0
VERTEX
  8
0
 10
58.677754
 20
162.048520
 42
0.109671
  0
VERTEX
  8
0
 10
59.000000
 20
163.500000
 42
0.000000
  0
VERTEX
  8
0
 10
59.000000
 20
166.000000
 42
0.000000
  0
VERTEX
  8
0
 10
101.500000
 20
166.000000
 42
0.000000
  0
VERTEX
  8
0
 10
144.000000
 20
166.000000
 42
0.000000
  0
VERTEX
  8
0
 10
144.000000
 20
154.014247
 42
0.000000
  0
VERTEX
  8
0
 10
144.000000
 20
142.028493
 42
0.000000
  0
VERTEX
  8
0
 10
175.250000
 20
141.764247
 42
0.000000
  0
VERTEX
  8
0
 10
206.500000
 20
141.500000
 42
0.000000
  0
VERTEX
  8
0
 10
206.761883
 20
103.250000
 42
0.000000
  0
VERTEX
  8
0
 10
207.023765
 20
65.000000
 42
0.000000
  0
VERTEX
  8
0
 10
226.511883
 20
65.000000
 42
0.003715
  0
VERTEX
  8
0
 10
234.791272
 20
65.061509
 42
0.009103
  0
VERTEX
  8
0
 10
240.877971
 20
65.262828
 42
0.004195
  0
VERTEX
  8
0
 10
245.573343
 20
65.543276
 42
0.394421
  0
VERTEX
  8
0
 10
246.000000
 20
66.000000
 42
-0.382355
  0
VERTEX
  8
0
 10
246.393988
 20
66.439891
 42
-0.008303
  0
VERTEX
  8
0
 10
249.500000
 20
66.730769
 42
-0.013300
  0
VERTEX
  8
0
 10
253.591966
 20
66.936250
 42
-0.005894
  0
VERTEX
  8
0
 10
259.000000
 20
67.000000
 42
-0.005894
  0
VERTEX
  8
0
 10
264.408034
 20
66.936250
 42
-0.013300
  0
VERTEX
  8
0
 10
268.500000
 20
66.730769
 42
-0.008303
  0
VERTEX
  8
0
 10
271.606012
 20
66.439891
 42
-0.382355
  0
VERTEX
  8
0
 10
272.000000
 20
66.000000
 42
0.375539
  0
VERTEX
  8
0
 10
272.377449
 20
65.568330
 42
0.010792
  0
VERTEX
  8
0
 10
275.000000
 20
65.272727
 42
0.015486
  0
VERTEX
  8
0
 10
278.476434
 20
65.064968
 42
0.007181
  0
VERTEX
  8
0
 10
283.000000
 20
65.000000
 42
0.007181
  0
VERTEX
  8
0
 10
287.523566
 20
65.064968
 42
0.015486
  0
VERTEX
  8
0
 10
291.000000
 20
65.272727
 42
0.010792
  0
VERTEX
  8
0
 10
293.622551
 20
65.568330
 42
0.375539
  0
VERTEX
  8
0
 10
294.000000
 20
66.000000
 42
-0.380863
  0
VERTEX
  8
0
 10
294.390270
 20
66.438029
 42
-0.008841
  0
VERTEX
  8
0
 10
297.375000
 20
66.730000
 42
-0.013787
  0
VERTEX
  8
0
 10
301.313127
 20
66.935981
 42
-0.006171
  0
VERTEX
  8
0
 10
306.500000
 20
67.000000
 42
-0.006171
  0
VERTEX
  8
0
 10
311.686873
 20
66.935981
 42
-0.013787
  0
VERTEX
  8
0
 10
315.625000
 20
66.730000
 42
-0.008841
  0
VERTEX
  8
0
 10
318.609730
 20
66.438029
 42
-0.380863
  0
VERTEX
  8
0
 10
319.000000
 20
66.000000
 42
0.377473
  0
VERTEX
  8
0
 10
319.382029
 20
65.566068
 42
0.010078
  0
VERTEX
  8
0
 10
322.125000
 20
65.271739
 42
0.014876
  0
VERTEX
  8
0
 10
325.755364
 20
65.064625
 42
0.006810
  0
VERTEX
  8
0
 10
330.500000
 20
65.000000
 42
0.006810
  0
VERTEX
  8
0
 10
335.244636
 20
65.064625
 42
0.014876
  0
VERTEX
  8
0
 10
338.875000
 20
65.271739
 42
0.010078
  0
VERTEX
  8
0
 10
341.617971
 20
65.566068
 42
0.377473
  0
VERTEX
  8
0
 10
342.000000
 20
66.000000
 42
-0.380863
  0
VERTEX
  8
0
 10
342.390270
 20
66.438029
 42
-0.008841
  0
VERTEX
  8
0
 10
345.375000
 20
66.730000
 42
-0.013787
  0
VERTEX
  8
0
 10
349.313127
 20
66.935981
 42
-0.006171
  0
VERTEX
  8
0
 10
354.500000
 20
67.000000
 42
-0.006171
  0
VERTEX
  8
0
 10
359.686873
 20
66.935981
 42
-0.013787
  0
VERTEX
  8
0
 10
363.625000
 20
66.730000
 42
-0.008841
  0
VERTEX
  8
0
 10
366.609730
 20
66.438029
 42
-0.380863
  0
VERTEX
  8
0
 10
367.000000
 20
66.000000
 42
0.395015
  0
VERTEX
  8
0
 10
367.428413
 20
65.542341
 42
0.004008
  0
VERTEX
  8
0
 10
372.250000
 20
65.262500
 42
0.008881
  0
VERTEX
  8
0
 10
378.493996
 20
65.061394
 42
0.003609
  0
VERTEX
  8
0
 10
387.000000
 20
65.000000
 42
0.000000
  0
VERTEX
  8
0
 10
407.000000
 20
65.000000
 42
0.000000
  0
VERTEX
  8
0
 10
407.000000
 20
155.031385
 42
0.000432
  0
VERTEX
  8
0
 10
406.955394
 20
206.707657
 42
0.003707
  0
VERTEX
  8
0
 10
406.744236
 20
229.809750
 42
0.002146
  0
VERTEX
  8
0
 10
406.442042
 20
244.304099
 42
0.303661
  0
VERTEX
  8
0
 10
405.500000
 20
245.638374
 42
-0.299677
  0
VERTEX
  8
0
 10
404.038462
 20
247.676676
 42
-0.009938
  0
VERTEX
  8
0
 10
403.830492
 20
258.139512
 42
-0.009535
  0
VERTEX
  8
0
 10
404.029707
 20
268.584741
 42
-0.403086
  0
VERTEX
  8
0
 10
405.500000
 20
270.000000
 42
0.139111
  0
VERTEX
  8
0
 10
406.542846
 20
270.295869
 42
0.260114
  0
VERTEX
  8
0
 10
406.957770
 20
271.039487
 42
0.202400
  0
VERTEX
  8
0
 10
406.572558
 20
271.952113
 42
0.101743
  0
VERTEX
  8
0
 10
405.500000
 20
272.638374
 42
-0.299677
  0
VERTEX
  8
0
 10
404.038462
 20
274.676676
 42
-0.009938
  0
VERTEX
  8
0
 10
403.830492
 20
285.139512
 42
-0.009535
  0
VERTEX
  8
0
 10
404.029707
 20
295.584741
 42
-0.403086
  0
VERTEX
  8
0
 10
405.500000
 20
297.000000
 42
0.384021
  0
VERTEX
  8
0
 10
406.375571
 20
297.788801
 42
0.014334
  0
VERTEX
  8
0
 10
406.738281
 20
302.583333
 42
0.010431
  0
VERTEX
  8
0
 10
406.953608
 20
310.869884
 42
0.001279
  0
VERTEX
  8
0
 10
407.000000
 20
329.000000
 42
0.001279
  0
VERTEX
  8
0
 10
406.953608
 20
347.130116
 42
0.010431
  0
VERTEX
  8
0
 10
406.738281
 20
355.416667
 42
0.014334
  0
VERTEX
  8
0
 10
406.375571
 20
360.211199
 42
0.384021
  0
VERTEX
  8
0
 10
405.500000
 20
361.000000
 42
-0.313079
  0
VERTEX
  8
0
 10
404.714283
 20
361.545446
 42
-0.059500
  0
VERTEX
  8
0
 10
404.280000
 20
363.333333
 42
-0.025996
  0
VERTEX
  8
0
 10
404.052594
 20
366.699767
 42
-0.003867
  0
VERTEX
  8
0
 10
404.000000
 20
373.500000
 42
-0.003867
  0
VERTEX
  8
0
 10
404.052594
 20
380.300233
 42
-0.025996
  0
VERTEX
  8
0
 10
404.280000
 20
383.666667
 42
-0.059500
  0
VERTEX
  8
0
 10
404.714283
 20
385.454554
 42
-0.313079
  0
VERTEX
  8
0
 10
405.500000
 20
386.000000
 42
0.408819
  0
VERTEX
  8
0
 10
406.457286
 20
386.939780
 42
0.001324
  0
VERTEX
  8
0
 10
406.746710
 20
405.248882
 42
0.002958
  0
VERTEX
  8
0
 10
406.956341
 20
434.192966
 42
0.000332
  0
VERTEX
  8
0
 10
407.000000
 20
499.993292
 42
0.000000
  0
VERTEX
  8
0
 10
407.000000
 20
613.986585
 42
0.000000
  0
VERTEX
  8
0
 10
336.250000
 20
614.243292
 42
0.000000
  0
VERTEX
  8
0
 10
265.500000
 20
614.500000
 42
0.000000
  0
VERTEX
  8
0
 10
264.945746
 20
625.000000
 42
0.000000
  0
VERTEX
  8
0
 10
264.391492
 20
635.500000
 42
0.000000
  0
VERTEX
  8
0
 10
264.195746
 20
624.750000
 42
0.000000
  0
VERTEX
  8
0
 10
264.000000
 20
614.000000
 42
0.000000
  0
VERTEX
  8
0
 10
244.000000
 20
614.000000
 42
0.000000
  0
VERTEX
  8
0
 10
224.000000
 20
614.000000
 42
0.000000
  0
VERTEX
  8
0
 10
224.000000
 20
626.000000
 42
0.000000
  0
VERTEX
  8
0
 10
224.000000
 20
638.000000
 42
0.000000
  0
VERTEX
  8
0
 10
243.916667
 20
638.000000
 42
-0.002934
  0
VERTEX
  8
0
 10
253.725251
 20
637.942445
 42
-0.012351
  0
VERTEX
  8
0
 10
259.608886
 20
637.727978
 42
-0.012080
  0
VERTEX
  8
0
 10
263.484222
 20
637.396629
 42
-0.276170
  0
VERTEX
  8
0
 10
264.337719
 20
636.750000
 42
0.051902
  0
VERTEX
  8
0
 10
264.548620
 20
636.351958
 42
0.449116
  0
VERTEX
  8
0
 10
264.724694
 20
636.327933
 42
0.185333
  0
VERTEX
  8
0
 10
264.862835
 20
636.583427
 42
0.021021
  0
VERTEX
  8
0
 10
264.921053
 20
637.250000
 42
0.340175
  0
VERTEX
  8
0
 10
264.224788
 20
638.244702
 42
0.055237
  0
VERTEX
  8
0
 10
261.753498
 20
638.730077
 42
0.019203
  0
VERTEX
  8
0
 10
256.733981
 20
638.956984
 42
0.001693
  0
VERTEX
  8
0
 10
244.030779
 20
639.000000
 42
0.000000
  0
VERTEX
  8
0
 10
223.061558
 20
639.000000
 42
0.000000
  0
SEQEND
  0
POLYLINE
  8
0
 66
1
 70
1
  0
VERTEX
  8
0
 10
265.000000
 20
609.542064
 42
0.000000
  0
VERTEX
  8
0
 10
265.000000
 20
606.084129
 42
0.000000
  0
VERTEX
  8
0
 10
257.250000
 20
605.743308
 42
0.004510
  0
VERTEX
  8
0
 10
253.899948
 20
605.565695
 42
0.912963
  0
VERTEX
  8
0
 10
253.896110
 20
605.433168
 42
0.024881
  0
VERTEX
  8
0
 10
255.581537
 20
605.314775
 42
0.000988
  0
VERTEX
  8
0
 10
261.750000
 20
605.201244
 42
0.000000
  0
VERTEX
  8
0
 10
274.000000
 20
605.000000
 42
0.000000
  0
VERTEX
  8
0
 10
274.000000
 20
609.000000
 42
0.000000
  0
VERTEX
  8
0
 10
274.000000
 20
613.000000
 42
0.000000
  0
VERTEX
  8
0
 10
335.500000
 20
613.000000
 42
0.000000
  0
VERTEX
  8
0
 10
397.000000
 20
613.000000
 42
0.000000
  0
VERTEX
  8
0
 10
397.000000
 20
609.057498
 42
0.018984
  0
VERTEX
  8
0
 10
397.095573
 20
606.541176
 42
0.179252
  0
VERTEX
  8
0
 10
397.538998
 20
605.575998
 42
0.164393
  0
VERTEX
  8
0
 10
398.522585
 20
605.089259
 42
0.015359
  0
VERTEX
  8
0
 10
401.250000
 20
604.807498
 42
0.000000
  0
VERTEX
  8
0
 10
405.500000
 20
604.500000
 42
0.000000
  0
VERTEX
  8
0
 10
405.500000
 20
567.500000
 42
0.000000
  0
VERTEX
  8
0
 10
405.500000
 20
530.500000
 42
0.000000
  0
VERTEX
  8
0
 10
389.750000
 20
530.224607
 42
0.005057
  0
VERTEX
  8
0
 10
383.360701
 20
530.048231
 42
0.010372
  0
VERTEX
  8
0
 10
378.360732
 20
529.755621
 42
0.004821
  0
VERTEX
  8
0
 10
374.386928
 20
529.401649
 42
0.385654
  0
VERTEX
  8
0
 10
374.000000
 20
528.974607
 42
-0.381347
  0
VERTEX
  8
0
 10
373.628952
 20
528.558858
 42
-0.008116
  0
VERTEX
  8
0
 10
370.671836
 20
528.270304
 42
-0.013592
  0
VERTEX
  8
0
 10
366.860292
 20
528.064827
 42
-0.006669
  0
VERTEX
  8
0
 10
362.000000
 20
528.000000
 42
-0.006475
  0
VERTEX
  8
0
 10
357.034260
 20
528.064309
 42
-0.014311
  0
VERTEX
  8
0
 10
353.250000
 20
528.270833
 42
-0.009430
  0
VERTEX
  8
0
 10
350.386292
 20
528.563953
 42
-0.379241
  0
VERTEX
  8
0
 10
350.000000
 20
529.000000
 42
0.148195
  0
VERTEX
  8
0
 10
349.884432
 20
529.381354
 42
0.098894
  0
VERTEX
  8
0
 10
349.559375
 20
529.706250
 42
0.082425
  0
VERTEX
  8
0
 10
349.073457
 20
529.925306
 42
0.064853
  0
VERTEX
  8
0
 10
348.500000
 20
530.000000
 42
0.064853
  0
VERTEX
  8
0
 10
347.926543
 20
529.925306
 42
0.082425
  0
VERTEX
  8
0
 10
347.440625
 20
529.706250
 42
0.098894
  0
VERTEX
  8
0
 10
347.115568
 20
529.381354
 42
0.148195
  0
VERTEX
  8
0
 10
347.000000
 20
529.000000
 42
-0.379440
  0
VERTEX
  8
0
 10
346.613224
 20
528.563712
 42
-0.009358
  0
VERTEX
  8
0
 10
343.735246
 20
528.270731
 42
-0.014248
  0
VERTEX
  8
0
 10
339.932823
 20
528.064274
 42
-0.006438
  0
VERTEX
  8
0
 10
334.940983
 20
528.000000
 42
-0.005703
  0
VERTEX
  8
0
 10
329.763689
 20
528.059059
 42
-0.016094
  0
VERTEX
  8
0
 10
326.151614
 20
528.257919
 42
-0.016100
  0
VERTEX
  8
0
 10
323.707407
 20
528.551105
 42
-0.537503
  0
VERTEX
  8
0
 10
323.500000
 20
529.000000
 42
0.139169
  0
VERTEX
  8
0
 10
323.607943
 20
529.379648
 42
0.191142
  0
VERTEX
  8
0
 10
323.478525
 20
529.706250
 42
0.138808
  0
VERTEX
  8
0
 10
323.110654
 20
529.926733
 42
0.066118
  0
VERTEX
  8
0
 10
322.559017
 20
530.000000
 42
0.062283
  0
VERTEX
  8
0
 10
321.962904
 20
529.925455
 42
0.080552
  0
VERTEX
  8
0
 10
321.457961
 20
529.706250
 42
0.097988
  0
VERTEX
  8
0
 10
321.120018
 20
529.381379
 42
0.153634
  0
VERTEX
  8
0
 10
321.000000
 20
529.000000
 42
-0.380863
  0
VERTEX
  8
0
 10
320.609730
 20
528.561971
 42
-0.008841
  0
VERTEX
  8
0
 10
317.625000
 20
528.270000
 42
-0.013787
  0
VERTEX
  8
0
 10
313.686873
 20
528.064019
 42
-0.006171
  0
VERTEX
  8
0
 10
308.500000
 20
528.000000
 42
-0.006261
  0
VERTEX
  8
0
 10
303.366699
 20
528.064283
 42
-0.013449
  0
VERTEX
  8
0
 10
299.414474
 20
528.269751
 42
-0.008219
  0
VERTEX
  8
0
 10
296.382710
 20
528.559483
 42
-0.381859
  0
VERTEX
  8
0
 10
296.000000
 20
528.987526
 42
0.402737
  0
VERTEX
  8
0
 10
295.554314
 20
529.451100
 42
0.001219
  0
VERTEX
  8
0
 10
286.506577
 20
529.785170
 42
0.004852
  0
VERTEX
  8
0
 10
275.198475
 20
530.065266
 42
0.001955
  0
VERTEX
  8
0
 10
259.750000
 20
530.237526
 42
-0.000784
  0
VERTEX
  8
0
 10
236.163241
 20
530.445275
 42
-0.012990
  0
VERTEX
  8
0
 10
228.314059
 20
530.730746
 42
-0.038931
  0
VERTEX
  8
0
 10
224.486809
 20
531.270697
 42
-0.351718
  0
VERTEX
  8
0
 10
223.500000
 20
532.500000
 42
-0.252462
  0
VERTEX
  8
0
 10
224.109254
 20
533.629719
 42
-0.109975
  0
VERTEX
  8
0
 10
225.753174
 20
534.253280
 42
-0.029340
  0
VERTEX
  8
0
 10
229.354548
 20
534.559463
 42
-0.002167
  0
VERTEX
  8
0
 10
239.250000
 20
534.775393
 42
0.005057
  0
VERTEX
  8
0
 10
245.639299
 20
534.951769
 42
0.010372
  0
VERTEX
  8
0
 10
250.639268
 20
535.244379
 42
0.004821
  0
VERTEX
  8
0
 10
254.613072
 20
535.598351
 42
0.385654
  0
VERTEX
  8
0
 10
255.000000
 20
536.025393
 42
0.412178
  0
VERTEX
  8
0
 10
254.070004
 20
536.961878
 42
0.001934
  0
VERTEX
  8
0
 10
239.057704
 20
537.008208
 42
0.002249
  0
VERTEX
  8
0
 10
224.148154
 20
536.929496
 42
0.257325
  0
VERTEX
  8
0
 10
222.500000
 20
536.000000
 42
-0.121471
  0
VERTEX
  8
0
 10
222.108264
 20
535.615971
 42
-0.047941
  0
VERTEX
  8
0
 10
221.419912
 20
535.293676
 42
-0.043786
  0
VERTEX
  8
0
 10
220.574965
 20
535.073808
 42
-0.041759
  0
VERTEX
  8
0
 10
219.690983
 20
534.999749
 42
0.000000
  0
VERTEX
  8
0
 10
217.500000
 20
534.999498
 42
0.000000
  0
VERTEX
  8
0
 10
217.638532
 20
481.749749
 42
0.000000
  0
VERTEX
  8
0
 10
217.777063
 20
428.500000
 42
0.000000
  0
VERTEX
  8
0
 10
242.488733
 20
428.232312
 42
-0.001658
  0
VERTEX
  8
0
 10
256.426673
 20
428.035109
 42
-0.013725
  0
VERTEX
  8
0
 10
262.751405
 20
427.750867
 42
-0.026215
  0
VERTEX
  8
0
 10
266.156960
 20
427.323713
 42
-0.470783
  0
VERTEX
  8
0
 10
266.631586
 20
426.482312
 42
0.096515
  0
VERTEX
  8
0
 10
266.514622
 20
425.816795
 42
0.207895
  0
VERTEX
  8
0
 10
266.726584
 20
425.352681
 42
0.143237
  0
VERTEX
  8
0
 10
267.294729
 20
425.079710
 42
0.040708
  0
VERTEX
  8
0
 10
268.281385
 20
424.998637
 42
0.086480
  0
VERTEX
  8
0
 10
269.505121
 20
425.211115
 42
0.228250
  0
VERTEX
  8
0
 10
270.113040
 20
425.828668
 42
0.089875
  0
VERTEX
  8
0
 10
270.311687
 20
427.147867
 42
0.008094
  0
VERTEX
  8
0
 10
270.157450
 20
430.498637
 42
0.014300
  0
VERTEX
  8
0
 10
269.924453
 20
433.058108
 42
0.047185
  0
VERTEX
  8
0
 10
269.565576
 20
434.711968
 42
0.085057
  0
VERTEX
  8
0
 10
269.069264
 20
435.670701
 42
0.235041
  0
VERTEX
  8
0
 10
268.407450
 20
436.000000
 42
-0.069330
  0
VERTEX
  8
0
 10
267.869521
 20
436.074949
 42
-0.085423
  0
VERTEX
  8
0
 10
267.413439
 20
436.293750
 42
-0.100004
  0
VERTEX
  8
0
 10
267.108493
 20
436.618662
 42
-0.139485
  0
VERTEX
  8
0
 10
267.000000
 20
437.000000
 42
0.380863
  0
VERTEX
  8
0
 10
266.609730
 20
437.438029
 42
0.008841
  0
VERTEX
  8
0
 10
263.625000
 20
437.730000
 42
0.013787
  0
VERTEX
  8
0
 10
259.686873
 20
437.935981
 42
0.006171
  0
VERTEX
  8
0
 10
254.500000
 20
438.000000
 42
0.003867
  0
VERTEX
  8
0
 10
247.699767
 20
437.947406
 42
0.025996
  0
VERTEX
  8
0
 10
244.333333
 20
437.720000
 42
0.059500
  0
VERTEX
  8
0
 10
242.545446
 20
437.285717
 42
0.313079
  0
VERTEX
  8
0
 10
242.000000
 20
436.500000
 42
0.308488
  0
VERTEX
  8
0
 10
242.533206
 20
435.718019
 42
0.062466
  0
VERTEX
  8
0
 10
244.250000
 20
435.281250
 42
0.027022
  0
VERTEX
  8
0
 10
247.489921
 20
435.053031
 42
0.004073
  0
VERTEX
  8
0
 10
254.000000
 20
435.000000
 42
-0.003985
  0
VERTEX
  8
0
 10
260.579015
 20
434.947562
 42
-0.027717
  0
VERTEX
  8
0
 10
263.788641
 20
434.718134
 42
-0.066953
  0
VERTEX
  8
0
 10
265.465901
 20
434.271076
 42
-0.302939
  0
VERTEX
  8
0
 10
266.000000
 20
433.470448
 42
-0.362261
  0
VERTEX
  8
0
 10
265.289114
 20
432.618033
 42
-0.030801
  0
VERTEX
  8
0
 10
262.240729
 20
432.253582
 42
-0.015689
  0
VERTEX
  8
0
 10
256.638993
 20
432.107725
 42
-0.001877
  0
VERTEX
  8
0
 10
244.250000
 20
432.220448
 42
0.000000
  0
VERTEX
  8
0
 10
222.500000
 20
432.500000
 42
0.000000
  0
VERTEX
  8
0
 10
222.239912
 20
478.250000
 42
0.000000
  0
VERTEX
  8
0
 10
221.979825
 20
524.000000
 42
0.000000
  0
VERTEX
  8
0
 10
243.989912
 20
524.000000
 42
0.000000
  0
VERTEX
  8
0
 10
266.000000
 20
524.000000
 42
0.000000
  0
VERTEX
  8
0
 10
266.000000
 20
519.500000
 42
0.000000
  0
VERTEX
  8
0
 10
266.000000
 20
515.000000
 42
0.000000
  0
VERTEX
  8
0
 10
248.750000
 20
514.775221
 42
0.000000
  0
VERTEX
  8
0
 10
231.500000
 20
514.550442
 42
0.000000
  0
VERTEX
  8
0
 10
248.639420
 20
514.252082
 42
-0.002481
  0
VERTEX
  8
0
 10
258.605822
 20
514.029110
 42
-0.021864
  0
VERTEX
  8
0
 10
263.001231
 20
513.716282
 42
-0.053553
  0
VERTEX
  8
0
 10
265.320193
 20
513.193393
 42
-0.255009
  0
VERTEX
  8
0
 10
266.207420
 20
512.226861
 42
-0.056598
  0
VERTEX
  8
0
 10
266.378379
 20
510.921181
 42
-0.000938
  0
VERTEX
  8
0
 10
266.490130
 20
503.590079
 42
-0.002414
  0
VERTEX
  8
0
 10
266.563025
 20
495.051517
 42
-0.001600
  0
VERTEX
  8
0
 10
266.568000
 20
485.250003
 42
0.001368
  0
VERTEX
  8
0
 10
266.568650
 20
469.859033
 42
0.015936
  0
VERTEX
  8
0
 10
266.777015
 20
463.847434
 42
0.041300
  0
VERTEX
  8
0
 10
267.234054
 20
460.804210
 42
0.347889
  0
VERTEX
  8
0
 10
268.250000
 20
460.000003
 42
0.100667
  0
VERTEX
  8
0
 10
268.997692
 20
460.152079
 42
0.123413
  0
VERTEX
  8
0
 10
269.564841
 20
460.580460
 42
0.104896
  0
VERTEX
  8
0
 10
269.923529
 20
461.287835
 42
0.058108
  0
VERTEX
  8
0
 10
270.063217
 20
462.250000
 42
0.006278
  0
VERTEX
  8
0
 10
270.089070
 20
463.914286
 42
0.000119
  0
VERTEX
  8
0
 10
270.112793
 20
472.578125
 42
0.000290
  0
VERTEX
  8
0
 10
270.132202
 20
482.686555
 42
0.000194
  0
VERTEX
  8
0
 10
270.143211
 20
494.250000
 42
0.000000
  0
VERTEX
  8
0
 10
270.159988
 20
524.000000
 42
0.000000
  0
VERTEX
  8
0
 10
278.829994
 20
524.076692
 42
0.002220
  0
VERTEX
  8
0
 10
288.981158
 20
524.211555
 42
0.019512
  0
VERTEX
  8
0
 10
293.466232
 20
524.466326
 42
0.048400
  0
VERTEX
  8
0
 10
295.744274
 20
524.910316
 42
0.387570
  0
VERTEX
  8
0
 10
296.250000
 20
525.750000
 42
-0.402987
  0
VERTEX
  8
0
 10
296.648726
 20
526.373767
 42
-0.033337
  0
VERTEX
  8
0
 10
298.732637
 20
526.729827
 42
-0.021073
  0
VERTEX
  8
0
 10
302.271730
 20
526.943989
 42
-0.004575
  0
VERTEX
  8
0
 10
308.393011
 20
527.000000
 42
-0.004221
  0
VERTEX
  8
0
 10
315.107978
 20
526.943312
 42
-0.025722
  0
VERTEX
  8
0
 10
318.571005
 20
526.706360
 42
-0.052790
  0
VERTEX
  8
0
 10
320.536838
 20
526.255950
 42
-0.221960
  0
VERTEX
  8
0
 10
321.385948
 20
525.436618
 42
0.070617
  0
VERTEX
  8
0
 10
321.691865
 20
524.886370
 42
0.100766
  0
VERTEX
  8
0
 10
322.110262
 20
524.518270
 42
0.123800
  0
VERTEX
  8
0
 10
322.572428
 20
524.388204
 42
0.146423
  0
VERTEX
  8
0
 10
323.009249
 20
524.505716
 42
0.089778
  0
VERTEX
  8
0
 10
323.356250
 20
524.817914
 42
0.095278
  0
VERTEX
  8
0
 10
323.563005
 20
525.225858
 42
0.099789
  0
VERTEX
  8
0
 10
323.598331
 20
525.665463
 42
0.109141
  0
VERTEX
  8
0
 10
323.457295
 20
526.069098
 42
-0.545314
  0
VERTEX
  8
0
 10
323.645436
 20
526.463703
 42
-0.010981
  0
VERTEX
  8
0
 10
326.278448
 20
526.742401
 42
-0.014392
  0
VERTEX
  8
0
 10
329.865827
 20
526.938869
 42
-0.006482
  0
VERTEX
  8
0
 10
334.580740
 20
527.000000
 42
-0.004661
  0
VERTEX
  8
0
 10
341.078247
 20
526.939435
 42
-0.028832
  0
VERTEX
  8
0
 10
344.406087
 20
526.685061
 42
-0.060776
  0
VERTEX
  8
0
 10
346.371361
 20
526.172050
 42
-0.140735
  0
VERTEX
  8
0
 10
347.568337
 20
525.250000
 42
0.011806
  0
VERTEX
  8
0
 10
348.398405
 20
524.176919
 42
0.225928
  0
VERTEX
  8
0
 10
348.769958
 20
524.000000
 42
0.289816
  0
VERTEX
  8
0
 10
349.083275
 20
524.198261
 42
0.018157
  0
VERTEX
  8
0
 10
349.535569
 20
525.250000
 42
-0.192475
  0
VERTEX
  8
0
 10
350.406933
 20
526.185113
 42
-0.075364
  0
VERTEX
  8
0
 10
352.127726
 20
526.698490
 42
-0.030801
  0
VERTEX
  8
0
 10
355.288451
 20
526.945225
 42
-0.004081
  0
VERTEX
  8
0
 10
362.000000
 20
527.000000
 42
-0.004709
  0
VERTEX
  8
0
 10
368.220610
 20
526.941418
 42
-0.025485
  0
VERTEX
  8
0
 10
371.588580
 20
526.705973
 42
-0.048379
  0
VERTEX
  8
0
 10
373.546728
 20
526.273364
 42
-0.226317
  0
VERTEX
  8
0
 10
374.361626
 20
525.500000
 42
0.233949
  0
VERTEX
  8
0
 10
375.211126
 20
524.716889
 42
0.043896
  0
VERTEX
  8
0
 10
377.346823
 20
524.289765
 42
0.023319
  0
VERTEX
  8
0
 10
381.035721
 20
524.056972
 42
0.004098
  0
VERTEX
  8
0
 10
387.986342
 20
524.000000
 42
0.000000
  0
VERTEX
  8
0
 10
401.035454
 20
524.000000
 42
0.000000
  0
VERTEX
  8
0
 10
400.932058
 20
460.063615
 42
0.000000
  0
VERTEX
  8
0
 10
400.828662
 20
396.127229
 42
0.000000
  0
VERTEX
  8
0
 10
335.325984
 20
396.048575
 42
-0.000729
  0
VERTEX
  8
0
 10
301.195542
 20
396.057339
 42
-0.004128
  0
VERTEX
  8
0
 10
283.008785
 20
396.238678
 42
-0.001794
  0
VERTEX
  8
0
 10
270.755553
 20
396.506014
 42
-0.503606
  0
VERTEX
  8
0
 10
270.243538
 20
397.234961
 42
-0.269638
  0
VERTEX
  8
0
 10
270.957238
 20
397.865140
 42
-0.020861
  0
VERTEX
  8
0
 10
273.579357
 20
398.274487
 42
-0.017966
  0
VERTEX
  8
0
 10
277.572020
 20
398.583410
 42
-0.005026
  0
VERTEX
  8
0
 10
283.831884
 20
398.779025
 42
0.002688
  0
VERTEX
  8
0
 10
296.178057
 20
399.107041
 42
0.448731
  0
VERTEX
  8
0
 10
296.948018
 20
400.030010
 42
0.368390
  0
VERTEX
  8
0
 10
295.909911
 20
400.934158
 42
0.002653
  0
VERTEX
  8
0
 10
283.500000
 20
401.000000
 42
0.005640
  0
VERTEX
  8
0
 10
277.870782
 20
400.936498
 42
0.012845
  0
VERTEX
  8
0
 10
273.625000
 20
400.731481
 42
0.007812
  0
VERTEX
  8
0
 10
270.397471
 20
400.441643
 42
0.383731
  0
VERTEX
  8
0
 10
270.000000
 20
400.000000
 42
-0.188615
  0
VERTEX
  8
0
 10
269.850649
 20
399.618169
 42
-0.089007
  0
VERTEX
  8
0
 10
269.421719
 20
399.293750
 42
-0.068824
  0
VERTEX
  8
0
 10
268.784754
 20
399.073741
 42
-0.048824
  0
VERTEX
  8
0
 10
268.031385
 20
399.000000
 42
0.051069
  0
VERTEX
  8
0
 10
267.183769
 20
398.913200
 42
0.155809
  0
VERTEX
  8
0
 10
266.685920
 20
398.632608
 42
0.195231
  0
VERTEX
  8
0
 10
266.507681
 20
398.163102
 42
0.086117
  0
VERTEX
  8
0
 10
266.638374
 20
397.500000
 42
-0.319656
  0
VERTEX
  8
0
 10
266.443884
 20
396.745794
 42
-0.132161
  0
VERTEX
  8
0
 10
265.436408
 20
396.275376
 42
-0.038578
  0
VERTEX
  8
0
 10
263.114295
 20
396.049596
 42
-0.004952
  0
VERTEX
  8
0
 10
258.106989
 20
396.000000
 42
0.004410
  0
VERTEX
  8
0
 10
252.568538
 20
395.951148
 42
0.049676
  0
VERTEX
  8
0
 10
250.388374
 20
395.695097
 42
0.167657
  0
VERTEX
  8
0
 10
249.390110
 20
395.085246
 42
0.174275
  0
VERTEX
  8
0
 10
249.000000
 20
394.000000
 42
0.203474
  0
VERTEX
  8
0
 10
249.546554
 20
392.712548
 42
0.159392
  0
VERTEX
  8
0
 10
250.925248
 20
392.043610
 42
0.036524
  0
VERTEX
  8
0
 10
254.085979
 20
391.845507
 42
0.002130
  0
VERTEX
  8
0
 10
263.750000
 20
391.987402
 42
0.000000
  0
VERTEX
  8
0
 10
273.000000
 20
392.162640
 42
0.000000
  0
VERTEX
  8
0
 10
273.000000
 20
376.581320
 42
0.000000
  0
VERTEX
  8
0
 10
273.000000
 20
361.000000
 42
0.000000
  0
VERTEX
  8
0
 10
263.250000
 20
360.806334
 42
0.000000
  0
VERTEX
  8
0
 10
253.500000
 20
360.612667
 42
0.000000
  0
VERTEX
  8
0
 10
263.420533
 20
360.056334
 42
0.000000
  0
VERTEX
  8
0
 10
273.341065
 20
359.500000
 42
0.000000
  0
VERTEX
  8
0
 10
273.420533
 20
346.500000
 42
0.000000
  0
VERTEX
  8
0
 10
273.500000
 20
333.500000
 42
0.000000
  0
VERTEX
  8
0
 10
247.870982
 20
333.233363
 42
-0.001363
  0
VERTEX
  8
0
 10
232.224688
 20
333.113229
 42
-0.015625
  0
VERTEX
  8
0
 10
226.067450
 20
333.275164
 42
-0.038755
  0
VERTEX
  8
0
 10
222.871763
 20
333.709258
 42
-0.290216
  0
VERTEX
  8
0
 10
221.831132
 20
334.733363
 42
-0.058819
  0
VERTEX
  8
0
 10
221.429173
 20
338.340134
 42
-0.000603
  0
VERTEX
  8
0
 10
221.626717
 20
363.931210
 42
-0.000207
  0
VERTEX
  8
0
 10
221.875457
 20
390.568108
 42
-0.196379
  0
VERTEX
  8
0
 10
222.339281
 20
391.672614
 42
-0.150659
  0
VERTEX
  8
0
 10
222.624164
 20
391.823227
 42
-0.072074
  0
VERTEX
  8
0
 10
223.041890
 20
391.841351
 42
-0.061478
  0
VERTEX
  8
0
 10
223.521380
 20
391.732444
 42
-0.051905
  0
VERTEX
  8
0
 10
223.990176
 20
391.506072
 42
-0.212692
  0
VERTEX
  8
0
 10
224.478634
 20
390.789150
 42
-0.019381
  0
VERTEX
  8
0
 10
224.787900
 20
388.597559
 42
-0.019720
  0
VERTEX
  8
0
 10
224.974256
 20
385.595503
 42
-0.008935
  0
VERTEX
  8
0
 10
224.992736
 20
381.655936
 42
0.001682
  0
VERTEX
  8
0
 10
224.887910
 20
370.977691
 42
0.056844
  0
VERTEX
  8
0
 10
225.159275
 20
368.453946
 42
0.267464
  0
VERTEX
  8
0
 10
226.110722
 20
367.418969
 42
0.086870
  0
VERTEX
  8
0
 10
228.250000
 20
367.136182
 42
0.004641
  0
VERTEX
  8
0
 10
229.826388
 20
367.216901
 42
0.114822
  0
VERTEX
  8
0
 10
230.241510
 20
367.340365
 42
0.674817
  0
VERTEX
  8
0
 10
230.221490
 20
367.488670
 42
0.014773
  0
VERTEX
  8
0
 10
229.250000
 20
367.705733
 42
-0.154417
  0
VERTEX
  8
0
 10
227.977112
 20
368.395657
 42
-0.147986
  0
VERTEX
  8
0
 10
227.306229
 20
369.703877
 42
-0.042079
  0
VERTEX
  8
0
 10
227.045124
 20
372.418110
 42
-0.002949
  0
VERTEX
  8
0
 10
227.000000
 20
380.069551
 42
0.006520
  0
VERTEX
  8
0
 10
226.935649
 20
385.004533
 42
0.014387
  0
VERTEX
  8
0
 10
226.729045
 20
388.767388
 42
0.009517
  0
VERTEX
  8
0
 10
226.435761
 20
391.614283
 42
0.379004
  0
VERTEX
  8
0
 10
226.000000
 20
392.000000
 42
-0.195757
  0
VERTEX
  8
0
 10
225.618013
 20
392.155513
 42
-0.086637
  0
VERTEX
  8
0
 10
225.293750
 20
392.605232
 42
-0.066528
  0
VERTEX
  8
0
 10
225.073606
 20
393.271772
 42
-0.046568
  0
VERTEX
  8
0
 10
225.000000
 20
394.060365
 42
0.075592
  0
VERTEX
  8
0
 10
224.837824
 20
395.126943
 42
0.206867
  0
VERTEX
  8
0
 10
224.351474
 20
395.693035
 42
0.117213
  0
VERTEX
  8
0
 10
223.383499
 20
395.909169
 42
0.018113
  0
VERTEX
  8
0
 10
221.405195
 20
395.810365
 42
0.000000
  0
VERTEX
  8
0
 10
217.810390
 20
395.500000
 42
0.000000
  0
VERTEX
  8
0
 10
217.883894
 20
332.276278
 42
-0.000869
  0
VERTEX
  8
0
 10
217.869861
 20
307.928547
 42
-0.001399
  0
VERTEX
  8
0
 10
217.763761
 20
287.176181
 42
-0.000219
  0
VERTEX
  8
0
 10
217.610201
 20
268.782619
 42
-0.089644
  0
VERTEX
  8
0
 10
217.371710
 20
267.526278
 42
-0.109772
  0
VERTEX
  8
0
 10
216.984968
 20
266.942468
 42
-0.066288
  0
VERTEX
  8
0
 10
216.313871
 20
266.448344
 42
-0.061474
  0
VERTEX
  8
0
 10
215.475186
 20
266.113854
 42
-0.064264
  0
VERTEX
  8
0
 10
214.593011
 20
266.000000
 42
0.061463
  0
VERTEX
  8
0
 10
213.530922
 20
265.868947
 42
0.152459
  0
VERTEX
  8
0
 10
212.869301
 20
265.465004
 42
0.135967
  0
VERTEX
  8
0
 10
212.509851
 20
264.720508
 42
0.044912
  0
VERTEX
  8
0
 10
212.400000
 20
263.500000
 42
0.081018
  0
VERTEX
  8
0
 10
212.635372
 20
262.056942
 42
0.227593
  0
VERTEX
  8
0
 10
213.330000
 20
261.341912
 42
0.082377
  0
VERTEX
  8
0
 10
214.859254
 20
261.051095
 42
0.005885
  0
VERTEX
  8
0
 10
219.200000
 20
261.000000
 42
0.008818
  0
VERTEX
  8
0
 10
222.697620
 20
261.061687
 42
0.045492
  0
VERTEX
  8
0
 10
224.616667
 20
261.305147
 42
0.105393
  0
VERTEX
  8
0
 10
225.630329
 20
261.766507
 42
0.237750
  0
VERTEX
  8
0
 10
226.000000
 20
262.500000
 42
-0.064853
  0
VERTEX
  8
0
 10
226.074694
 20
263.073457
 42
-0.082425
  0
VERTEX
  8
0
 10
226.293750
 20
263.559375
 42
-0.098894
  0
VERTEX
  8
0
 10
226.618646
 20
263.884432
 42
-0.148195
  0
VERTEX
  8
0
 10
227.000000
 20
264.000000
 42
0.377162
  0
VERTEX
  8
0
 10
227.433566
 20
264.381288
 42
0.010192
  0
VERTEX
  8
0
 10
227.728102
 20
267.104167
 42
0.014974
  0
VERTEX
  8
0
 10
227.935320
 20
270.708878
 42
0.006869
  0
VERTEX
  8
0
 10
228.000000
 20
275.416667
 42
-0.005909
  0
VERTEX
  8
0
 10
228.063786
 20
280.813495
 42
-0.020212
  0
VERTEX
  8
0
 10
228.288417
 20
284.315502
 42
-0.025043
  0
VERTEX
  8
0
 10
228.646753
 20
286.615599
 42
-0.250725
  0
VERTEX
  8
0
 10
229.250000
 20
287.337719
 42
0.134342
  0
VERTEX
  8
0
 10
229.507991
 20
287.534095
 42
0.451325
  0
VERTEX
  8
0
 10
229.471875
 20
287.717133
 42
0.102704
  0
VERTEX
  8
0
 10
229.046513
 20
287.859693
 42
0.020908
  0
VERTEX
  8
0
 10
228.250000
 20
287.921053
 42
0.092619
  0
VERTEX
  8
0
 10
227.006006
 20
287.733501
 42
0.214797
  0
VERTEX
  8
0
 10
226.335121
 20
287.099024
 42
0.085798
  0
VERTEX
  8
0
 10
226.025307
 20
285.706657
 42
0.008381
  0
VERTEX
  8
0
 10
225.918100
 20
282.250000
 42
0.003213
  0
VERTEX
  8
0
 10
225.897639
 20
279.632421
 42
0.001885
  0
VERTEX
  8
0
 10
225.905095
 20
276.500000
 42
0.001885
  0
VERTEX
  8
0
 10
225.936174
 20
273.367588
 42
0.003212
  0
VERTEX
  8
0
 10
225.988835
 20
270.750000
 42
-0.007848
  0
VERTEX
  8
0
 10
226.027113
 20
267.219771
 42
-0.089165
  0
VERTEX
  8
0
 10
225.774562
 20
265.852972
 42
-0.223391
  0
VERTEX
  8
0
 10
225.119537
 20
265.216981
 42
-0.082960
  0
VERTEX
  8
0
 10
223.820735
 20
264.999980
 42
0.000000
  0
VERTEX
  8
0
 10
221.500000
 20
264.999959
 42
0.000000
  0
VERTEX
  8
0
 10
221.643498
 20
281.249980
 42
-0.000754
  0
VERTEX
  8
0
 10
221.798963
 20
296.286613
 42
-0.033404
  0
VERTEX
  8
0
 10
222.045719
 20
299.418305
 42
-0.248607
  0
VERTEX
  8
0
 10
222.868624
 20
300.540449
 42
-0.161276
  0
VERTEX
  8
0
 10
224.500000
 20
300.755249
 42
0.031701
  0
VERTEX
  8
0
 10
225.458177
 20
300.634359
 42
0.053628
  0
VERTEX
  8
0
 10
226.265625
 20
300.670744
 42
0.076393
  0
VERTEX
  8
0
 10
226.816555
 20
300.843992
 42
0.285831
  0
VERTEX
  8
0
 10
227.000000
 20
301.138672
 42
0.249889
  0
VERTEX
  8
0
 10
226.823693
 20
301.469414
 42
0.064968
  0
VERTEX
  8
0
 10
226.265625
 20
301.746985
 42
0.050289
  0
VERTEX
  8
0
 10
225.457653
 20
301.937276
 42
0.032714
  0
VERTEX
  8
0
 10
224.500000
 20
302.000000
 42
-0.077921
  0
VERTEX
  8
0
 10
223.059174
 20
302.225912
 42
-0.226921
  0
VERTEX
  8
0
 10
222.346154
 20
302.900000
 42
-0.085635
  0
VERTEX
  8
0
 10
222.052512
 20
304.376461
 42
-0.006367
  0
VERTEX
  8
0
 10
222.000000
 20
308.500000
 42
0.000000
  0
VERTEX
  8
0
 10
222.000000
 20
315.000000
 42
0.000000
  0
VERTEX
  8
0
 10
252.000000
 20
315.000000
 42
0.000000
  0
VERTEX
  8
0
 10
282.000000
 20
315.000000
 42
0.000000
  0
VERTEX
  8
0
 10
282.000000
 20
308.500000
 42
0.000000
  0
VERTEX
  8
0
 10
282.000000
 20
302.000000
 42
0.000000
  0
VERTEX
  8
0
 10
276.750000
 20
301.885001
 42
0.000000
  0
VERTEX
  8
0
 10
271.500000
 20
301.770002
 42
0.000000
  0
VERTEX
  8
0
 10
275.480712
 20
301.004918
 42
0.016103
  0
VERTEX
  8
0
 10
277.097792
 20
300.747803
 42
0.018145
  0
VERTEX
  8
0
 10
278.664943
 20
300.607655
 42
0.017668
  0
VERTEX
  8
0
 10
279.997150
 20
300.584242
 42
0.087383
  0
VERTEX
  8
0
 10
280.730712
 20
300.726906
 42
-0.475960
  0
VERTEX
  8
0
 10
281.395024
 20
300.344731
 42
-0.022095
  0
VERTEX
  8
0
 10
281.739200
 20
297.393467
 42
-0.015177
  0
VERTEX
  8
0
 10
281.948081
 20
292.370475
 42
-0.002802
  0
VERTEX
  8
0
 10
282.000000
 20
283.106989
 42
0.000000
  0
VERTEX
  8
0
 10
282.000000
 20
265.000000
 42
0.000000
  0
VERTEX
  8
0
 10
266.000000
 20
265.000000
 42
0.002045
  0
VERTEX
  8
0
 10
255.863351
 20
264.958547
 42
0.029052
  0
VERTEX
  8
0
 10
252.250000
 20
264.718750
 42
0.112672
  0
VERTEX
  8
0
 10
250.611831
 20
264.123087
 42
0.254715
  0
VERTEX
  8
0
 10
250.000000
 20
263.000000
 42
0.117650
  0
VERTEX
  8
0
 10
250.251350
 20
261.946578
 42
0.189894
  0
VERTEX
  8
0
 10
250.931262
 20
261.341742
 42
0.078140
  0
VERTEX
  8
0
 10
252.343000
 20
261.061815
 42
0.009946
  0
VERTEX
  8
0
 10
255.450096
 20
261.000000
 42
0.000000
  0
VERTEX
  8
0
 10
260.900192
 20
261.000000
 42
0.000000
  0
VERTEX
  8
0
 10
261.200096
 20
255.250000
 42
0.000000
  0
VERTEX
  8
0
 10
261.500000
 20
249.500000
 42
0.000000
  0
VERTEX
  8
0
 10
267.000000
 20
249.387704
 42
0.002678
  0
VERTEX
  8
0
 10
269.314926
 20
249.352843
 42
0.048033
  0
VERTEX
  8
0
 10
270.054786
 20
249.416846
 42
0.846260
  0
VERTEX
  8
0
 10
270.053073
 20
249.523062
 42
0.009622
  0
VERTEX
  8
0
 10
268.699937
 20
249.701054
 42
0.000000
  0
VERTEX
  8
0
 10
264.899875
 20
250.126700
 42
0.000000
  0
VERTEX
  8
0
 10
265.199937
 20
255.313350
 42
0.000000
  0
VERTEX
  8
0
 10
265.500000
 20
260.500000
 42
0.000000
  0
VERTEX
  8
0
 10
275.750000
 20
260.784983
 42
0.000000
  0
VERTEX
  8
0
 10
286.000000
 20
261.069966
 42
0.000000
  0
VERTEX
  8
0
 10
286.000000
 20
295.043173
 42
0.000000
  0
VERTEX
  8
0
 10
286.000000
 20
329.016379
 42
0.000000
  0
VERTEX
  8
0
 10
343.250000
 20
328.758190
 42
0.000000
  0
VERTEX
  8
0
 10
400.500000
 20
328.500000
 42
0.000000
  0
VERTEX
  8
0
 10
400.614804
 20
313.045065
 42
0.004480
  0
VERTEX
  8
0
 10
400.729425
 20
306.051200
 42
0.013360
  0
VERTEX
  8
0
 10
400.978619
 20
301.269327
 42
0.010683
  0
VERTEX
  8
0
 10
401.319293
 20
297.879079
 42
0.289593
  0
VERTEX
  8
0
 10
401.864804
 20
297.211732
 42
-0.316488
  0
VERTEX
  8
0
 10
402.874660
 20
295.844056
 42
-0.004352
  0
VERTEX
  8
0
 10
403.030713
 20
284.922644
 42
-0.004165
  0
VERTEX
  8
0
 10
403.000680
 20
273.989655
 42
-0.410973
  0
VERTEX
  8
0
 10
402.000000
 20
273.000000
 42
0.148195
  0
VERTEX
  8
0
 10
401.618646
 20
272.884432
 42
0.098894
  0
VERTEX
  8
0
 10
401.293750
 20
272.559375
 42
0.082425
  0
VERTEX
  8
0
 10
401.074694
 20
272.073457
 42
0.064853
  0
VERTEX
  8
0
 10
401.000000
 20
271.500000
 42
0.064853
  0
VERTEX
  8
0
 10
401.074694
 20
270.926543
 42
0.082425
  0
VERTEX
  8
0
 10
401.293750
 20
270.440625
 42
0.098894
  0
VERTEX
  8
0
 10
401.618646
 20
270.115568
 42
0.148195
  0
VERTEX
  8
0
 10
402.000000
 20
270.000000
 42
-0.410662
  0
VERTEX
  8
0
 10
402.975747
 20
269.036026
 42
-0.003932
  0
VERTEX
  8
0
 10
403.022593
 20
258.079971
 42
-0.004108
  0
VERTEX
  8
0
 10
402.893403
 20
247.136065
 42
-0.317305
  0
VERTEX
  8
0
 10
401.913187
 20
245.804396
 42
0.296493
  0
VERTEX
  8
0
 10
401.403843
 20
245.164879
 42
0.008991
  0
VERTEX
  8
0
 10
401.126335
 20
241.619705
 42
0.012486
  0
VERTEX
  8
0
 10
400.954151
 20
236.725404
 42
0.004433
  0
VERTEX
  8
0
 10
400.944830
 20
229.721062
 42
0.000000
  0
VERTEX
  8
0
 10
401.063285
 20
214.000000
 42
0.000000
  0
VERTEX
  8
0
 10
369.466127
 20
214.000000
 42
0.000000
  0
VERTEX
  8
0
 10
337.868969
 20
214.000000
 42
0.000000
  0
VERTEX
  8
0
 10
332.248476
 20
219.444057
 42
0.013159
  0
VERTEX
  8
0
 10
330.024608
 20
221.487474
 42
0.020544
  0
VERTEX
  8
0
 10
327.995760
 20
223.113869
 42
0.015798
  0
VERTEX
  8
0
 10
326.292853
 20
224.286559
 42
0.288919
  0
VERTEX
  8
0
 10
325.663752
 20
224.292187
 42
0.428525
  0
VERTEX
  8
0
 10
325.558322
 20
223.791444
 42
0.017058
  0
VERTEX
  8
0
 10
326.789397
 20
222.125159
 42
0.020926
  0
VERTEX
  8
0
 10
328.560184
 20
220.074384
 42
0.012078
  0
VERTEX
  8
0
 10
330.849760
 20
217.751905
 42
-0.007087
  0
VERTEX
  8
0
 10
333.206512
 20
215.408537
 42
-0.010578
  0
VERTEX
  8
0
 10
335.193367
 20
213.288221
 42
-0.005894
  0
VERTEX
  8
0
 10
336.792652
 20
211.464673
 42
-0.178919
  0
VERTEX
  8
0
 10
337.000000
 20
210.903776
 42
0.308537
  0
VERTEX
  8
0
 10
337.239344
 20
210.552830
 42
0.037893
  0
VERTEX
  8
0
 10
338.175000
 20
210.265484
 42
0.034270
  0
VERTEX
  8
0
 10
339.466905
 20
210.065340
 42
0.021300
  0
VERTEX
  8
0
 10
341.000000
 20
210.000000
 42
0.000000
  0
VERTEX
  8
0
 10
345.000000
 20
210.000000
 42
0.000000
  0
VERTEX
  8
0
 10
345.000000
 20
205.000000
 42
0.000000
  0
VERTEX
  8
0
 10
345.000000
 20
200.000000
 42
0.000000
  0
VERTEX
  8
0
 10
322.000000
 20
200.000000
 42
0.000000
  0
VERTEX
  8
0
 10
299.000000
 20
200.000000
 42
0.000000
  0
VERTEX
  8
0
 10
299.000000
 20
205.000000
 42
0.000000
  0
VERTEX
  8
0
 10
299.000000
 20
210.000000
 42
0.000000
  0
VERTEX
  8
0
 10
303.000000
 20
210.000000
 42
0.021300
  0
VERTEX
  8
0
 10
304.533095
 20
210.065340
 42
0.034270
  0
VERTEX
  8
0
 10
305.825000
 20
210.265484
 42
0.037893
  0
VERTEX
  8
0
 10
306.760656
 20
210.552830
 42
0.308537
  0
VERTEX
  8
0
 10
307.000000
 20
210.903776
 42
-0.178919
  0
VERTEX
  8
0
 10
307.207348
 20
211.464673
 42
-0.005894
  0
VERTEX
  8
0
 10
308.806633
 20
213.288221
 42
-0.010578
  0
VERTEX
  8
0
 10
310.793488
 20
215.408537
 42
-0.007087
  0
VERTEX
  8
0
 10
313.150240
 20
217.751905
 42
0.012584
  0
VERTEX
  8
0
 10
315.436940
 20
220.076161
 42
0.021825
  0
VERTEX
  8
0
 10
317.198822
 20
222.132441
 42
0.018446
  0
VERTEX
  8
0
 10
318.408314
 20
223.798573
 42
0.425227
  0
VERTEX
  8
0
 10
318.296141
 20
224.316975
 42
0.290405
  0
VERTEX
  8
0
 10
317.651676
 20
224.309442
 42
0.017691
  0
VERTEX
  8
0
 10
316.001781
 20
223.150570
 42
0.021926
  0
VERTEX
  8
0
 10
314.036576
 20
221.523478
 42
0.014048
  0
VERTEX
  8
0
 10
311.895901
 20
219.474592
 42
0.000000
  0
VERTEX
  8
0
 10
306.500000
 20
214.011495
 42
0.000000
  0
VERTEX
  8
0
 10
285.936861
 20
214.005747
 42
0.000000
  0
VERTEX
  8
0
 10
265.373723
 20
214.000000
 42
0.000000
  0
VERTEX
  8
0
 10
265.140785
 20
218.500000
 42
0.000000
  0
VERTEX
  8
0
 10
264.907846
 20
223.000000
 42
0.000000
  0
VERTEX
  8
0
 10
277.953923
 20
223.000000
 42
0.003994
  0
VERTEX
  8
0
 10
284.774884
 20
223.054493
 42
0.022571
  0
VERTEX
  8
0
 10
288.405813
 20
223.276662
 42
0.042050
  0
VERTEX
  8
0
 10
290.454667
 20
223.671324
 42
0.335960
  0
VERTEX
  8
0
 10
291.000000
 20
224.391322
 42
0.331754
  0
VERTEX
  8
0
 10
290.465692
 20
225.107970
 42
0.044337
  0
VERTEX
  8
0
 10
288.501273
 20
225.507951
 42
0.023492
  0
VERTEX
  8
0
 10
285.013139
 20
225.735967
 42
0.004226
  0
VERTEX
  8
0
 10
278.502632
 20
225.800089
 42
0.006805
  0
VERTEX
  8
0
 10
273.672036
 20
225.741091
 42
0.010582
  0
VERTEX
  8
0
 10
269.511382
 20
225.545460
 42
0.005094
  0
VERTEX
  8
0
 10
266.032939
 20
225.272418
 42
0.236439
  0
VERTEX
  8
0
 10
265.443615
 20
224.908767
 42
-0.119344
  0
VERTEX
  8
0
 10
265.090705
 20
224.559886
 42
-0.048482
  0
VERTEX
  8
0
 10
264.476787
 20
224.266950
 42
-0.044340
  0
VERTEX
  8
0
 10
263.725139
 20
224.067239
 42
-0.042795
  0
VERTEX
  8
0
 10
262.940983
 20
224.000000
 42
0.118430
  0
VERTEX
  8
0
 10
261.936886
 20
223.758786
 42
0.184290
  0
VERTEX
  8
0
 10
261.347049
 20
223.105996
 42
0.080982
  0
VERTEX
  8
0
 10
261.065331
 20
221.775637
 42
0.011767
  0
VERTEX
  8
0
 10
261.000000
 20
219.000000
 42
0.000000
  0
VERTEX
  8
0
 10
261.000000
 20
214.000000
 42
0.000000
  0
VERTEX
  8
0
 10
251.500000
 20
214.000000
 42
0.004392
  0
VERTEX
  8
0
 10
245.845545
 20
213.950335
 42
0.044566
  0
VERTEX
  8
0
 10
243.511038
 20
213.700438
 42
0.146295
  0
VERTEX
  8
0
 10
242.422906
 20
213.125285
 42
0.201156
  0
VERTEX
  8
0
 10
242.000000
 20
212.116631
 42
0.093163
  0
VERTEX
  8
0
 10
242.142243
 20
211.359847
 42
0.075151
  0
VERTEX
  8
0
 10
242.555171
 20
210.641322
 42
0.074264
  0
VERTEX
  8
0
 10
243.167810
 20
210.069536
 42
0.086939
  0
VERTEX
  8
0
 10
243.889944
 20
209.739031
 42
-0.193390
  0
VERTEX
  8
0
 10
244.916458
 20
208.978185
 42
-0.102819
  0
VERTEX
  8
0
 10
245.461422
 20
207.466382
 42
-0.034734
  0
VERTEX
  8
0
 10
245.674148
 20
204.501082
 42
-0.003501
  0
VERTEX
  8
0
 10
245.639944
 20
197.415003
 42
0.000000
  0
VERTEX
  8
0
 10
245.500000
 20
185.585207
 42
0.000000
  0
VERTEX
  8
0
 10
250.888018
 20
185.742080
 42
-0.023862
  0
VERTEX
  8
0
 10
254.294767
 20
185.678679
 42
-0.096898
  0
VERTEX
  8
0
 10
256.290102
 20
185.148911
 42
-0.072511
  0
VERTEX
  8
0
 10
258.217964
 20
183.837115
 42
-0.009790
  0
VERTEX
  8
0
 10
261.769191
 20
180.449476
 42
0.005965
  0
VERTEX
  8
0
 10
263.925160
 20
178.361092
 42
0.009028
  0
VERTEX
  8
0
 10
265.854991
 20
176.600784
 42
0.004453
  0
VERTEX
  8
0
 10
267.518283
 20
175.163801
 42
0.177743
  0
VERTEX
  8
0
 10
267.964506
 20
175.000000
 42
0.291988
  0
VERTEX
  8
0
 10
268.749651
 20
175.501240
 42
0.255983
  0
VERTEX
  8
0
 10
268.683808
 20
176.485912
 42
0.054615
  0
VERTEX
  8
0
 10
267.127795
 20
178.421570
 42
0.008740
  0
VERTEX
  8
0
 10
263.628456
 20
181.795123
 42
-0.004078
  0
VERTEX
  8
0
 10
261.222939
 20
184.071284
 42
-0.005348
  0
VERTEX
  8
0
 10
259.065325
 20
186.191380
 42
-0.003980
  0
VERTEX
  8
0
 10
257.293994
 20
187.998085
 42
-0.049644
  0
VERTEX
  8
0
 10
256.700310
 20
188.750000
 42
0.137148
  0
VERTEX
  8
0
 10
256.161389
 20
189.231382
 42
0.041951
  0
VERTEX
  8
0
 10
255.134382
 20
189.632812
 42
0.038464
  0
VERTEX
  8
0
 10
253.855712
 20
189.907853
 42
0.033758
  0
VERTEX
  8
0
 10
252.492461
 20
190.000000
 42
-0.021075
  0
VERTEX
  8
0
 10
250.368094
 20
190.089583
 42
-0.202151
  0
VERTEX
  8
0
 10
249.583081
 20
190.501483
 42
-0.179419
  0
VERTEX
  8
0
 10
249.278934
 20
191.379137
 42
-0.016024
  0
VERTEX
  8
0
 10
249.405923
 20
193.750000
 42
0.000243
  0
VERTEX
  8
0
 10
249.539047
 20
195.311089
 42
0.000230
  0
VERTEX
  8
0
 10
249.673084
 20
196.900620
 42
0.000228
  0
VERTEX
  8
0
 10
249.790398
 20
198.307217
 42
0.000809
  0
VERTEX
  8
0
 10
249.863772
 20
199.209558
 42
-0.209618
  0
VERTEX
  8
0
 10
250.341515
 20
200.099289
 42
-0.106759
  0
VERTEX
  8
0
 10
251.505347
 20
200.664446
 42
-0.042977
  0
VERTEX
  8
0
 10
253.753492
 20
201.012151
 42
-0.006684
  0
VERTEX
  8
0
 10
258.250000
 20
201.256012
 42
0.000000
  0
VERTEX
  8
0
 10
266.500000
 20
201.592909
 42
0.000000
  0
VERTEX
  8
0
 10
257.838484
 20
201.796455
 42
-0.005083
  0
VERTEX
  8
0
 10
252.842983
 20
201.964671
 42
-0.046690
  0
VERTEX
  8
0
 10
250.695517
 20
202.261031
 42
-0.158546
  0
VERTEX
  8
0
 10
249.758012
 20
202.829293
 42
-0.229017
  0
VERTEX
  8
0
 10
249.511973
 20
203.750000
 42
0.014560
  0
VERTEX
  8
0
 10
249.646014
 20
204.580471
 42
0.007097
  0
VERTEX
  8
0
 10
249.771045
 20
205.646875
 42
0.007033
  0
VERTEX
  8
0
 10
249.869833
 20
206.760807
 42
0.010099
  0
VERTEX
  8
0
 10
249.923489
 20
207.750000
 42
0.000000
  0
VERTEX
  8
0
 10
250.000000
 20
210.000000
 42
0.000000
  0
VERTEX
  8
0
 10
272.500000
 20
210.000000
 42
0.000000
  0
VERTEX
  8
0
 10
295.000000
 20
210.000000
 42
0.000000
  0
VERTEX
  8
0
 10
295.000000
 20
206.000000
 42
0.000000
  0
VERTEX
  8
0
 10
295.000000
 20
202.000000
 42
0.000000
  0
VERTEX
  8
0
 10
287.250000
 20
201.816620
 42
0.000000
  0
VERTEX
  8
0
 10
279.500000
 20
201.633241
 42
0.000000
  0
VERTEX
  8
0
 10
287.500000
 20
201.000000
 42
-0.005886
  0
VERTEX
  8
0
 10
290.416775
 20
200.734540
 42
-0.017252
  0
VERTEX
  8
0
 10
292.415625
 20
200.458902
 42
-0.087558
  0
VERTEX
  8
0
 10
293.037381
 20
200.234614
 42
-0.719047
  0
VERTEX
  8
0
 10
293.000000
 20
200.047198
 42
0.001639
  0
VERTEX
  8
0
 10
291.295768
 20
199.823674
 42
0.286613
  0
VERTEX
  8
0
 10
291.160761
 20
199.711804
 42
0.450276
  0
VERTEX
  8
0
 10
291.229004
 20
199.594144
 42
0.002192
  0
VERTEX
  8
0
 10
292.750000
 20
199.294267
 42
-0.079084
  0
VERTEX
  8
0
 10
293.931077
 20
198.865659
 42
-0.159215
  0
VERTEX
  8
0
 10
294.598584
 20
198.147790
 42
-0.092288
  0
VERTEX
  8
0
 10
294.919986
 20
196.885008
 42
-0.016295
  0
VERTEX
  8
0
 10
295.000000
 20
194.430449
 42
-0.012458
  0
VERTEX
  8
0
 10
294.928674
 20
191.568222
 42
-0.155940
  0
VERTEX
  8
0
 10
294.552503
 20
190.566461
 42
-0.204542
  0
VERTEX
  8
0
 10
293.705118
 20
190.104992
 42
-0.023793
  0
VERTEX
  8
0
 10
291.500000
 20
190.000000
 42
0.025511
  0
VERTEX
  8
0
 10
289.895967
 20
189.918107
 42
0.075863
  0
VERTEX
  8
0
 10
288.833333
 20
189.642857
 42
0.129352
  0
VERTEX
  8
0
 10
288.226074
 20
189.169448
 42
0.164293
  0
VERTEX
  8
0
 10
288.000000
 20
188.500000
 42
-0.047968
  0
VERTEX
  8
0
 10
287.944707
 20
187.924973
 42
-0.067200
  0
VERTEX
  8
0
 10
287.779688
 20
187.436713
 42
-0.086480
  0
VERTEX
  8
0
 10
287.536486
 20
187.105008
 42
-0.189174
  0
VERTEX
  8
0
 10
287.250000
 20
186.986682
 42
0.191432
  0
VERTEX
  8
0
 10
285.516689
 20
186.261924
 42
0.008017
  0
VERTEX
  8
0
 10
280.720308
 20
181.417693
 42
0.006272
  0
VERTEX
  8
0
 10
276.011875
 20
176.382323
 42
0.469723
  0
VERTEX
  8
0
 10
276.148072
 20
175.408486
 42
0.284162
  0
VERTEX
  8
0
 10
276.817829
 20
175.408589
 42
0.018910
  0
VERTEX
  8
0
 10
278.484516
 20
176.528622
 42
0.022760
  0
VERTEX
  8
0
 10
280.472209
 20
178.119690
 42
0.014677
  0
VERTEX
  8
0
 10
282.631288
 20
180.130619
 42
0.000000
  0
VERTEX
  8
0
 10
288.067233
 20
185.500000
 42
0.000000
  0
VERTEX
  8
0
 10
310.033617
 20
185.768794
 42
-0.002102
  0
VERTEX
  8
0
 10
324.673687
 20
185.886372
 42
-0.034933
  0
VERTEX
  8
0
 10
329.530523
 20
185.565299
 42
-0.163753
  0
VERTEX
  8
0
 10
331.524217
 20
184.576352
 42
-0.240032
  0
VERTEX
  8
0
 10
332.118421
 20
182.750000
 42
0.306404
  0
VERTEX
  8
0
 10
332.253491
 20
182.461629
 42
0.061424
  0
VERTEX
  8
0
 10
332.800589
 20
182.220313
 42
0.045911
  0
VERTEX
  8
0
 10
333.616249
 20
182.054152
 42
0.027308
  0
VERTEX
  8
0
 10
334.606989
 20
182.000000
 42
0.030504
  0
VERTEX
  8
0
 10
335.810246
 20
182.073478
 42
0.125393
  0
VERTEX
  8
0
 10
336.485376
 20
182.336472
 42
0.219468
  0
VERTEX
  8
0
 10
336.746832
 20
182.795492
 42
0.113506
  0
VERTEX
  8
0
 10
336.652487
 20
183.463222
 42
-0.350564
  0
VERTEX
  8
0
 10
336.985692
 20
184.510826
 42
-0.085832
  0
VERTEX
  8
0
 10
338.760931
 20
185.297755
 42
-0.051368
  0
VERTEX
  8
0
 10
341.714790
 20
185.724155
 42
-0.025564
  0
VERTEX
  8
0
 10
345.500000
 20
185.684787
 42
0.000000
  0
VERTEX
  8
0
 10
348.500000
 20
185.500000
 42
0.000000
  0
VERTEX
  8
0
 10
348.779906
 20
197.641189
 42
-0.003371
  0
VERTEX
  8
0
 10
349.001154
 20
205.065344
 42
-0.036698
  0
VERTEX
  8
0
 10
349.329143
 20
208.037816
 42
-0.112282
  0
VERTEX
  8
0
 10
349.975085
 20
209.536742
 42
-0.172816
  0
VERTEX
  8
0
 10
351.130521
 20
210.323881
 42
0.055394
  0
VERTEX
  8
0
 10
351.874814
 20
210.609532
 42
0.093686
  0
VERTEX
  8
0
 10
352.399193
 20
211.019839
 42
0.134215
  0
VERTEX
  8
0
 10
352.625009
 20
211.483544
 42
0.187118
  0
VERTEX
  8
0
 10
352.541599
 20
211.932692
 42
-0.423784
  0
VERTEX
  8
0
 10
352.658799
 20
212.395339
 42
-0.081644
  0
VERTEX
  8
0
 10
353.561591
 20
212.733179
 42
-0.037653
  0
VERTEX
  8
0
 10
355.284533
 20
212.940731
 42
-0.011154
  0
VERTEX
  8
0
 10
357.940983
 20
213.000000
 42
-0.015216
  0
VERTEX
  8
0
 10
360.283285
 20
212.928701
 42
-0.025683
  0
VERTEX
  8
0
 10
362.235246
 20
212.708739
 42
-0.023815
  0
VERTEX
  8
0
 10
363.695432
 20
212.395695
 42
-0.340288
  0
VERTEX
  8
0
 10
364.000000
 20
212.000000
 42
0.316229
  0
VERTEX
  8
0
 10
364.273940
 20
211.610179
 42
0.034005
  0
VERTEX
  8
0
 10
365.395312
 20
211.290517
 42
0.032032
  0
VERTEX
  8
0
 10
366.929350
 20
211.065457
 42
0.019831
  0
VERTEX
  8
0
 10
368.750000
 20
210.988994
 42
-0.010606
  0
VERTEX
  8
0
 10
370.842282
 20
210.939756
 42
-0.007335
  0
VERTEX
  8
0
 10
373.206250
 20
210.799145
 42
-0.007400
  0
VERTEX
  8
0
 10
375.475179
 20
210.596949
 42
-0.015033
  0
VERTEX
  8
0
 10
377.250000
 20
210.358152
 42
0.000000
  0
VERTEX
  8
0
 10
381.000000
 20
209.738315
 42
0.000000
  0
VERTEX
  8
0
 10
381.000000
 20
178.980697
 42
0.000000
  0
VERTEX
  8
0
 10
381.000000
 20
148.223078
 42
0.000000
  0
VERTEX
  8
0
 10
368.000000
 20
147.500000
 42
0.005821
  0
VERTEX
  8
0
 10
360.242111
 20
146.977830
 42
0.041317
  0
VERTEX
  8
0
 10
356.522482
 20
146.372078
 42
0.258416
  0
VERTEX
  8
0
 10
355.613557
 20
145.525684
 42
0.346009
  0
VERTEX
  8
0
 10
355.985930
 20
144.508696
 42
0.130301
  0
VERTEX
  8
0
 10
356.803490
 20
144.260773
 42
0.001276
  0
VERTEX
  8
0
 10
363.002001
 20
144.057767
 42
0.004100
  0
VERTEX
  8
0
 10
370.168536
 20
143.900171
 42
0.002633
  0
VERTEX
  8
0
 10
378.485930
 20
143.829286
 42
0.000000
  0
VERTEX
  8
0
 10
400.000000
 20
143.759215
 42
0.000000
  0
VERTEX
  8
0
 10
400.103508
 20
140.129608
 42
-0.006460
  0
VERTEX
  8
0
 10
400.169735
 20
135.881716
 42
-0.000986
  0
VERTEX
  8
0
 10
400.175640
 20
127.412532
 42
-0.000407
  0
VERTEX
  8
0
 10
400.156803
 20
118.395903
 42
-0.023772
  0
VERTEX
  8
0
 10
400.073716
 20
116.750000
 42
-0.366503
  0
VERTEX
  8
0
 10
399.761399
 20
116.447021
 42
-0.002997
  0
VERTEX
  8
0
 10
396.087457
 20
116.220313
 42
-0.008661
  0
VERTEX
  8
0
 10
391.747432
 20
116.053952
 42
-0.005248
  0
VERTEX
  8
0
 10
386.606989
 20
116.000000
 42
0.003874
  0
VERTEX
  8
0
 10
379.377140
 20
115.943983
 42
0.023416
  0
VERTEX
  8
0
 10
375.634318
 20
115.710429
 42
0.045942
  0
VERTEX
  8
0
 10
373.494249
 20
115.274470
 42
0.231931
  0
VERTEX
  8
0
 10
372.626089
 20
114.467987
 42
0.349343
  0
VERTEX
  8
0
 10
373.138823
 20
112.843719
 42
0.098116
  0
VERTEX
  8
0
 10
375.767699
 20
111.740788
 42
0.044693
  0
VERTEX
  8
0
 10
380.776586
 20
111.175874
 42
0.012584
  0
VERTEX
  8
0
 10
388.647153
 20
111.193083
 42
-0.003089
  0
VERTEX
  8
0
 10
395.138036
 20
111.330552
 42
-0.033634
  0
VERTEX
  8
0
 10
397.748504
 20
111.194042
 42
-0.193999
  0
VERTEX
  8
0
 10
398.592372
 20
110.730043
 42
-0.362581
  0
VERTEX
  8
0
 10
398.584455
 20
110.000000
 42
0.017508
  0
VERTEX
  8
0
 10
398.041214
 20
109.316432
 42
0.011749
  0
VERTEX
  8
0
 10
397.466942
 20
108.500000
 42
0.011841
  0
VERTEX
  8
0
 10
396.947538
 20
107.682157
 42
0.022812
  0
VERTEX
  8
0
 10
396.577947
 20
107.000000
 42
0.052896
  0
VERTEX
  8
0
 10
396.429631
 20
106.587570
 42
0.644517
  0
VERTEX
  8
0
 10
396.527433
 20
106.510832
 42
0.091412
  0
VERTEX
  8
0
 10
396.848428
 20
106.761011
 42
0.011264
  0
VERTEX
  8
0
 10
397.425843
 20
107.441130
 42
-0.454229
  0
VERTEX
  8
0
 10
398.222567
 20
107.470370
 42
-0.165569
  0
VERTEX
  8
0
 10
398.755130
 20
106.298613
 42
-0.022919
  0
VERTEX
  8
0
 10
398.963305
 20
102.344437
 42
-0.001692
  0
VERTEX
  8
0
 10
399.000000
 20
91.500000
 42
-0.001651
  0
VERTEX
  8
0
 10
398.963853
 20
80.553187
 42
-0.023447
  0
VERTEX
  8
0
 10
398.754692
 20
76.646615
 42
-0.176114
  0
VERTEX
  8
0
 10
398.209593
 20
75.515369
 42
-0.438461
  0
VERTEX
  8
0
 10
397.394509
 20
75.558870
 42
0.001960
  0
VERTEX
  8
0
 10
396.400933
 20
76.750618
 42
0.710594
  0
VERTEX
  8
0
 10
396.325445
 20
76.721886
 42
0.126267
  0
VERTEX
  8
0
 10
396.392520
 20
76.488362
 42
0.000940
  0
VERTEX
  8
0
 10
397.417562
 20
74.750000
 42
0.000000
  0
VERTEX
  8
0
 10
399.046106
 20
72.000000
 42
0.000000
  0
VERTEX
  8
0
 10
386.964036
 20
72.000000
 42
-0.005692
  0
VERTEX
  8
0
 10
381.776526
 20
72.059055
 42
-0.016062
  0
VERTEX
  8
0
 10
378.157368
 20
72.257904
 42
-0.016040
  0
VERTEX
  8
0
 10
375.707555
 20
72.551031
 42
-0.537636
  0
VERTEX
  8
0
 10
375.500000
 20
73.000000
 42
0.082592
  0
VERTEX
  8
0
 10
375.656512
 20
73.382100
 42
0.161196
  0
VERTEX
  8
0
 10
375.625400
 20
73.706250
 42
0.182303
  0
VERTEX
  8
0
 10
375.413961
 20
73.921712
 42
0.108972
  0
VERTEX
  8
0
 10
375.059017
 20
74.000000
 42
-0.388730
  0
VERTEX
  8
0
 10
374.557536
 20
74.459284
 42
-0.006941
  0
VERTEX
  8
0
 10
374.265024
 20
78.410095
 42
-0.011128
  0
VERTEX
  8
0
 10
374.060499
 20
83.822826
 42
-0.003878
  0
VERTEX
  8
0
 10
374.000000
 20
91.622445
 42
-0.002020
  0
VERTEX
  8
0
 10
374.041504
 20
101.897158
 42
-0.021190
  0
VERTEX
  8
0
 10
374.253674
 20
106.098916
 42
-0.088463
  0
VERTEX
  8
0
 10
374.724755
 20
107.805741
 42
-0.488543
  0
VERTEX
  8
0
 10
375.522892
 20
107.981001
 42
0.008890
  0
VERTEX
  8
0
 10
376.384211
 20
107.291660
 42
0.278856
  0
VERTEX
  8
0
 10
376.643784
 20
107.262132
 42
0.381490
  0
VERTEX
  8
0
 10
376.732804
 20
107.466241
 42
0.012196
  0
VERTEX
  8
0
 10
376.405243
 20
108.386337
 42
0.056790
  0
VERTEX
  8
0
 10
376.038653
 20
109.090722
 42
0.035041
  0
VERTEX
  8
0
 10
375.462872
 20
109.827460
 42
0.034821
  0
VERTEX
  8
0
 10
374.782258
 20
110.484472
 42
0.051732
  0
VERTEX
  8
0
 10
374.096655
 20
110.948272
 42
0.425487
  0
VERTEX
  8
0
 10
373.201800
 20
110.658494
 42
0.091877
  0
VERTEX
  8
0
 10
372.717324
 20
108.906727
 42
0.022393
  0
VERTEX
  8
0
 10
372.542825
 20
104.734713
 42
0.001856
  0
VERTEX
  8
0
 10
372.615415
 20
93.882567
 42
0.002792
  0
VERTEX
  8
0
 10
372.728014
 20
86.839509
 42
0.003892
  0
VERTEX
  8
0
 10
372.913000
 20
80.539420
 42
0.002393
  0
VERTEX
  8
0
 10
373.135076
 20
75.245367
 42
0.049840
  0
VERTEX
  8
0
 10
373.366147
 20
73.677290
 42
-0.046156
  0
VERTEX
  8
0
 10
373.551256
 20
72.482108
 42
-0.194867
  0
VERTEX
  8
0
 10
373.325282
 20
71.808118
 42
-0.165139
  0
VERTEX
  8
0
 10
372.661982
 20
71.414956
 42
-0.031301
  0
VERTEX
  8
0
 10
371.251151
 20
71.208714
 42
0.042799
  0
VERTEX
  8
0
 10
370.171101
 20
71.025406
 42
0.043060
  0
VERTEX
  8
0
 10
369.140328
 20
70.661093
 42
0.046676
  0
VERTEX
  8
0
 10
368.302752
 20
70.182546
 42
0.112527
  0
VERTEX
  8
0
 10
367.827260
 20
69.655815
 42
-0.264649
  0
VERTEX
  8
0
 10
365.891373
 20
68.487069
 42
-0.006429
  0
VERTEX
  8
0
 10
355.058447
 20
68.347742
 42
-0.006575
  0
VERTEX
  8
0
 10
344.242192
 20
68.489945
 42
-0.252374
  0
VERTEX
  8
0
 10
342.209473
 20
69.655742
 42
0.101371
  0
VERTEX
  8
0
 10
341.770889
 20
70.119315
 42
0.040078
  0
VERTEX
  8
0
 10
341.010518
 20
70.565775
 42
0.037577
  0
VERTEX
  8
0
 10
340.085686
 20
70.930554
 42
0.038512
  0
VERTEX
  8
0
 10
339.124206
 20
71.149185
 42
0.000000
  0
VERTEX
  8
0
 10
336.748412
 20
71.500000
 42
0.000000
  0
VERTEX
  8
0
 10
336.909322
 20
92.000000
 42
0.000252
  0
VERTEX
  8
0
 10
337.024314
 20
107.653212
 42
0.001499
  0
VERTEX
  8
0
 10
337.055723
 20
115.822073
 42
0.002186
  0
VERTEX
  8
0
 10
337.031722
 20
122.629418
 42
0.000943
  0
VERTEX
  8
0
 10
336.942948
 20
131.703013
 42
-0.006010
  0
VERTEX
  8
0
 10
336.944346
 20
135.688146
 42
-0.008633
  0
VERTEX
  8
0
 10
337.048939
 20
139.216443
 42
-0.005176
  0
VERTEX
  8
0
 10
337.217917
 20
142.164661
 42
-0.122094
  0
VERTEX
  8
0
 10
337.470960
 20
142.953013
 42
-0.142638
  0
VERTEX
  8
0
 10
337.918236
 20
143.356405
 42
-0.041668
  0
VERTEX
  8
0
 10
338.791870
 20
143.692448
 42
-0.038173
  0
VERTEX
  8
0
 10
339.885778
 20
143.922869
 42
-0.032836
  0
VERTEX
  8
0
 10
341.059017
 20
144.000000
 42
0.032170
  0
VERTEX
  8
0
 10
342.505273
 20
144.093149
 42
0.114092
  0
VERTEX
  8
0
 10
343.370936
 20
144.414880
 42
0.162136
  0
VERTEX
  8
0
 10
343.837916
 20
145.008832
 42
0.086417
  0
VERTEX
  8
0
 10
344.000000
 20
145.939635
 42
0.104947
  0
VERTEX
  8
0
 10
343.796162
 20
146.900086
 42
0.153802
  0
VERTEX
  8
0
 10
343.228511
 20
147.542790
 42
0.092346
  0
VERTEX
  8
0
 10
342.149621
 20
147.946358
 42
0.022725
  0
VERTEX
  8
0
 10
340.264375
 20
148.189635
 42
-0.019280
  0
VERTEX
  8
0
 10
337.891445
 20
148.479244
 42
-0.189890
  0
VERTEX
  8
0
 10
337.041860
 20
148.983113
 42
-0.170156
  0
VERTEX
  8
0
 10
336.714974
 20
149.959411
 42
-0.014839
  0
VERTEX
  8
0
 10
336.830884
 20
152.612062
 42
0.027328
  0
VERTEX
  8
0
 10
336.866323
 20
154.506761
 42
0.045818
  0
VERTEX
  8
0
 10
336.663962
 20
156.085153
 42
0.055834
  0
VERTEX
  8
0
 10
336.230354
 20
157.348449
 42
0.086014
  0
VERTEX
  8
0
 10
335.566509
 20
158.290633
 42
-0.093374
  0
VERTEX
  8
0
 10
334.903211
 20
159.261862
 42
-0.043718
  0
VERTEX
  8
0
 10
334.414367
 20
160.709786
 42
-0.036641
  0
VERTEX
  8
0
 10
334.110197
 20
162.536804
 42
-0.023729
  0
VERTEX
  8
0
 10
334.015313
 20
164.678571
 42
-0.009360
  0
VERTEX
  8
0
 10
334.064817
 20
166.939114
 42
-0.061978
  0
VERTEX
  8
0
 10
334.249304
 20
168.051080
 42
-0.368225
  0
VERTEX
  8
0
 10
334.578986
 20
168.265643
 42
-0.220570
  0
VERTEX
  8
0
 10
335.000000
 20
168.000000
 42
0.011213
  0
VERTEX
  8
0
 10
335.563444
 20
167.169589
 42
0.309569
  0
VERTEX
  8
0
 10
335.798096
 20
167.083458
 42
0.327416
  0
VERTEX
  8
0
 10
335.952739
 20
167.271084
 42
0.011938
  0
VERTEX
  8
0
 10
335.984687
 20
168.250000
 42
0.182898
  0
VERTEX
  8
0
 10
335.569963
 20
169.375481
 42
0.175365
  0
VERTEX
  8
0
 10
334.505869
 20
169.968947
 42
0.205055
  0
VERTEX
  8
0
 10
333.430792
 20
169.702492
 42
0.217530
  0
VERTEX
  8
0
 10
332.916666
 20
168.750000
 42
0.016161
  0
VERTEX
  8
0
 10
332.882586
 20
167.755364
 42
0.000041
  0
VERTEX
  8
0
 10
332.856568
 20
153.693750
 42
0.000259
  0
VERTEX
  8
0
 10
332.836729
 20
137.837167
 42
0.000161
  0
VERTEX
  8
0
 10
332.829100
 20
119.250000
 42
0.000000
  0
VERTEX
  8
0
 10
332.824867
 20
71.000000
 42
0.000000
  0
VERTEX
  8
0
 10
326.519423
 20
71.000000
 42
0.012905
  0
VERTEX
  8
0
 10
323.633538
 20
70.925504
 42
0.035530
  0
VERTEX
  8
0
 10
321.614509
 20
70.676627
 42
0.052180
  0
VERTEX
  8
0
 10
320.285301
 20
70.268449
 42
0.203278
  0
VERTEX
  8
0
 10
319.700774
 20
69.662613
 42
-0.246343
  0
VERTEX
  8
0
 10
318.938187
 20
68.991988
 42
-0.028736
  0
VERTEX
  8
0
 10
316.631371
 20
68.570321
 42
-0.020828
  0
VERTEX
  8
0
 10
312.992317
 20
68.272383
 42
-0.005334
  0
VERTEX
  8
0
 10
307.086857
 20
68.098880
 42
-0.004155
  0
VERTEX
  8
0
 10
300.451557
 20
68.029912
 42
-0.026756
  0
VERTEX
  8
0
 10
297.103983
 20
68.202177
 42
-0.057690
  0
VERTEX
  8
0
 10
295.225371
 20
68.622596
 42
-0.220727
  0
VERTEX
  8
0
 10
294.386083
 20
69.436268
 42
0.296008
  0
VERTEX
  8
0
 10
292.426812
 20
70.861224
 42
0.011410
  0
VERTEX
  8
0
 10
283.031240
 20
71.146999
 42
0.011364
  0
VERTEX
  8
0
 10
273.630970
 20
71.004668
 42
0.300189
  0
VERTEX
  8
0
 10
271.680027
 20
69.608548
 42
-0.298106
  0
VERTEX
  8
0
 10
269.721716
 20
68.195797
 42
-0.009912
  0
VERTEX
  8
0
 10
259.668355
 20
67.937447
 42
-0.012057
  0
VERTEX
  8
0
 10
249.739018
 20
68.118623
 42
-0.187927
  0
VERTEX
  8
0
 10
246.681004
 20
69.461853
 42
0.143899
  0
VERTEX
  8
0
 10
245.208030
 20
70.265704
 42
0.031660
  0
VERTEX
  8
0
 10
242.328570
 20
70.702147
 42
0.018285
  0
VERTEX
  8
0
 10
237.625156
 20
70.940152
 42
0.003498
  0
VERTEX
  8
0
 10
229.071429
 20
71.000000
 42
0.000000
  0
VERTEX
  8
0
 10
213.000000
 20
71.000000
 42
0.000000
  0
VERTEX
  8
0
 10
213.000000
 20
140.500000
 42
-0.000555
  0
VERTEX
  8
0
 10
213.044335
 20
180.431220
 42
-0.004840
  0
VERTEX
  8
0
 10
213.255396
 20
198.166667
 42
-0.003442
  0
VERTEX
  8
0
 10
213.566659
 20
209.099082
 42
-0.403898
  0
VERTEX
  8
0
 10
214.500000
 20
210.000000
 42
-0.317386
  0
VERTEX
  8
0
 10
215.289342
 20
209.442821
 42
-0.056711
  0
VERTEX
  8
0
 10
215.721154
 20
207.583333
 42
-0.025044
  0
VERTEX
  8
0
 10
215.947808
 20
204.090431
 42
-0.003680
  0
VERTEX
  8
0
 10
216.000000
 20
197.000000
 42
0.000000
  0
VERTEX
  8
0
 10
216.000000
 20
184.000000
 42
0.000000
  0
VERTEX
  8
0
 10
220.032119
 20
184.000000
 42
0.049332
  0
VERTEX
  8
0
 10
223.140831
 20
184.307469
 42
0.025821
  0
VERTEX
  8
0
 10
226.913610
 20
185.266000
 42
0.017587
  0
VERTEX
  8
0
 10
230.365028
 20
186.469837
 42
0.309343
  0
VERTEX
  8
0
 10
231.000000
 20
187.397947
 42
0.473086
  0
VERTEX
  8
0
 10
230.840913
 20
187.528453
 42
0.017592
  0
VERTEX
  8
0
 10
229.981310
 20
187.325436
 42
0.020624
  0
VERTEX
  8
0
 10
228.862394
 20
186.969052
 42
0.011548
  0
VERTEX
  8
0
 10
227.532119
 20
186.448973
 42
-0.025885
  0
VERTEX
  8
0
 10
225.982883
 20
185.893935
 42
-0.018234
  0
VERTEX
  8
0
 10
224.192243
 20
185.425636
 42
-0.018459
  0
VERTEX
  8
0
 10
222.441850
 20
185.102742
 42
-0.036392
  0
VERTEX
  8
0
 10
221.032119
 20
185.000000
 42
0.000000
  0
VERTEX
  8
0
 10
218.000000
 20
185.000000
 42
0.000000
  0
VERTEX
  8
0
 10
218.000000
 20
198.000000
 42
0.005235
  0
VERTEX
  8
0
 10
217.938738
 20
203.850876
 42
0.016003
  0
VERTEX
  8
0
 10
217.728712
 20
207.814108
 42
0.014532
  0
VERTEX
  8
0
 10
217.415759
 20
210.547161
 42
0.372903
  0
VERTEX
  8
0
 10
216.893011
 20
211.000000
 42
-0.158089
  0
VERTEX
  8
0
 10
216.519085
 20
211.121257
 42
-0.151946
  0
VERTEX
  8
0
 10
216.280284
 20
211.440625
 42
-0.112257
  0
VERTEX
  8
0
 10
216.223280
 20
211.926101
 42
-0.065020
  0
VERTEX
  8
0
 10
216.361626
 20
212.500000
 42
0.357690
  0
VERTEX
  8
0
 10
216.106886
 20
213.267136
 42
0.105257
  0
VERTEX
  8
0
 10
214.855256
 20
213.728882
 42
0.031953
  0
VERTEX
  8
0
 10
212.069530
 20
213.951654
 42
0.003979
  0
VERTEX
  8
0
 10
205.994008
 20
214.000000
 42
0.000000
  0
VERTEX
  8
0
 10
195.050786
 20
214.000000
 42
0.000000
  0
VERTEX
  8
0
 10
194.775393
 20
229.750000
 42
0.000000
  0
VERTEX
  8
0
 10
194.500000
 20
245.500000
 42
0.000000
  0
VERTEX
  8
0
 10
191.500000
 20
245.658630
 42
0.006420
  0
VERTEX
  8
0
 10
190.352791
 20
245.704528
 42
0.089761
  0
VERTEX
  8
0
 10
189.945873
 20
245.642239
 42
0.726244
  0
VERTEX
  8
0
 10
189.947677
 20
245.532173
 42
0.020993
  0
VERTEX
  8
0
 10
190.619643
 20
245.356162
 42
-0.199342
  0
VERTEX
  8
0
 10
191.823116
 20
244.519101
 42
-0.110312
  0
VERTEX
  8
0
 10
192.446637
 20
242.809939
 42
-0.030584
  0
VERTEX
  8
0
 10
192.692115
 20
239.253992
 42
-0.002138
  0
VERTEX
  8
0
 10
192.727145
 20
229.245031
 42
0.004784
  0
VERTEX
  8
0
 10
192.785857
 20
222.567007
 42
0.011397
  0
VERTEX
  8
0
 10
192.989998
 20
217.609053
 42
0.006755
  0
VERTEX
  8
0
 10
193.282398
 20
213.841460
 42
0.297890
  0
VERTEX
  8
0
 10
193.751344
 20
213.249552
 42
-0.172485
  0
VERTEX
  8
0
 10
194.108695
 20
212.970281
 42
-0.085411
  0
VERTEX
  8
0
 10
194.333307
 20
212.432165
 42
-0.068584
  0
VERTEX
  8
0
 10
194.395791
 20
211.724431
 42
-0.051767
  0
VERTEX
  8
0
 10
194.277211
 20
210.952053
 42
-0.211883
  0
VERTEX
  8
0
 10
193.405953
 20
209.859912
 42
-0.089378
  0
VERTEX
  8
0
 10
191.574905
 20
209.290383
 42
-0.028376
  0
VERTEX
  8
0
 10
187.906837
 20
209.045972
 42
-0.002449
  0
VERTEX
  8
0
 10
178.522041
 20
209.000000
 42
0.000000
  0
VERTEX
  8
0
 10
163.277344
 20
209.000000
 42
0.000000
  0
VERTEX
  8
0
 10
163.755249
 20
211.500000
 42
0.076638
  0
VERTEX
  8
0
 10
163.808200
 20
212.974086
 42
0.280660
  0
VERTEX
  8
0
 10
163.256109
 20
213.679149
 42
0.085429
  0
VERTEX
  8
0
 10
161.802922
 20
213.956817
 42
0.004589
  0
VERTEX
  8
0
 10
157.098147
 20
214.000000
 42
0.000000
  0
VERTEX
  8
0
 10
149.963139
 20
214.000000
 42
0.000000
  0
VERTEX
  8
0
 10
150.231570
 20
237.240714
 42
0.000000
  0
VERTEX
  8
0
 10
150.500000
 20
260.481428
 42
0.000000
  0
VERTEX
  8
0
 10
153.000000
 20
260.990714
 42
0.054762
  0
VERTEX
  8
0
 10
154.133880
 20
261.354402
 42
0.100154
  0
VERTEX
  8
0
 10
154.921494
 20
261.916019
 42
0.108088
  0
VERTEX
  8
0
 10
155.391527
 20
262.706634
 42
0.071563
  0
VERTEX
  8
0
 10
155.579401
 20
263.750000
 42
0.219439
  0
VERTEX
  8
0
 10
155.040737
 20
265.035675
 42
0.152267
  0
VERTEX
  8
0
 10
153.593251
 20
265.716769
 42
0.032681
  0
VERTEX
  8
0
 10
150.198769
 20
265.962443
 42
0.001728
  0
VERTEX
  8
0
 10
139.329401
 20
266.000000
 42
0.004532
  0
VERTEX
  8
0
 10
132.448195
 20
265.937621
 42
0.010759
  0
VERTEX
  8
0
 10
127.332350
 20
265.734690
 42
0.005693
  0
VERTEX
  8
0
 10
123.413636
 20
265.449897
 42
0.389839
  0
VERTEX
  8
0
 10
123.000000
 20
265.000000
 42
-0.411992
  0
VERTEX
  8
0
 10
121.946843
 20
263.938820
 42
-0.004356
  0
VERTEX
  8
0
 10
110.566089
 20
263.951604
 42
-0.004746
  0
VERTEX
  8
0
 10
99.225166
 20
264.170815
 42
-0.283593
  0
VERTEX
  8
0
 10
97.583333
 20
265.250000
 42
0.029131
  0
VERTEX
  8
0
 10
97.255505
 20
265.857470
 42
0.260055
  0
VERTEX
  8
0
 10
97.000000
 20
266.000000
 42
0.260055
  0
VERTEX
  8
0
 10
96.744495
 20
265.857470
 42
0.029131
  0
VERTEX
  8
0
 10
96.416667
 20
265.250000
 42
-0.283593
  0
VERTEX
  8
0
 10
94.774834
 20
264.170815
 42
-0.004746
  0
VERTEX
  8
0
 10
83.433911
 20
263.951604
 42
-0.004356
  0
VERTEX
  8
0
 10
72.053157
 20
263.938820
 42
-0.411992
  0
VERTEX
  8
0
 10
71.000000
 20
265.000000
 42
0.392481
  0
VERTEX
  8
0
 10
70.578962
 20
265.453756
 42
0.004817
  0
VERTEX
  8
0
 10
66.250000
 20
265.736111
 42
0.009815
  0
VERTEX
  8
0
 10
60.620637
 20
265.938119
 42
0.004060
  0
VERTEX
  8
0
 10
53.000000
 20
266.000000
 42
0.000000
  0
VERTEX
  8
0
 10
35.000000
 20
266.000000
 42
0.000000
  0
VERTEX
  8
0
 10
35.000000
 20
288.500000
 42
0.000000
  0
VERTEX
  8
0
 10
35.000000
 20
311.000000
 42
0.000000
  0
VERTEX
  8
0
 10
37.500000
 20
311.000000
 42
0.112166
  0
VERTEX
  8
0
 10
39.014873
 20
311.344165
 42
0.186183
  0
VERTEX
  8
0
 10
39.901804
 20
312.285124
 42
0.101143
  0
VERTEX
  8
0
 10
40.238225
 20
314.071969
 42
0.021471
  0
VERTEX
  8
0
 10
40.052296
 20
317.250000
 42
-0.103930
  0
VERTEX
  8
0
 10
40.139958
 20
318.075907
 42
-0.176353
  0
VERTEX
  8
0
 10
40.562187
 20
318.617729
 42
-0.111003
  0
VERTEX
  8
0
 10
41.407505
 20
318.915422
 42
-0.029385
  0
VERTEX
  8
0
 10
42.845425
 20
319.000000
 42
0.000000
  0
VERTEX
  8
0
 10
45.816566
 20
319.000000
 42
0.000000
  0
VERTEX
  8
0
 10
46.158283
 20
333.750000
 42
0.003553
  0
VERTEX
  8
0
 10
46.266108
 20
340.464680
 42
0.002086
  0
VERTEX
  8
0
 10
46.304512
 20
348.500000
 42
0.002086
  0
VERTEX
  8
0
 10
46.275883
 20
356.535323
 42
0.003553
  0
VERTEX
  8
0
 10
46.176226
 20
363.250000
 42
0.000000
  0
VERTEX
  8
0
 10
45.852452
 20
378.000000
 42
0.000000
  0
VERTEX
  8
0
 10
42.863368
 20
378.000000
 42
-0.029045
  0
VERTEX
  8
0
 10
41.414427
 20
378.084241
 42
-0.110618
  0
VERTEX
  8
0
 10
40.564670
 20
378.381477
 42
-0.176733
  0
VERTEX
  8
0
 10
40.140637
 20
378.923219
 42
-0.104285
  0
VERTEX
  8
0
 10
40.052296
 20
379.750000
 42
0.021471
  0
VERTEX
  8
0
 10
40.238225
 20
382.928031
 42
0.101143
  0
VERTEX
  8
0
 10
39.901804
 20
384.714876
 42
0.186183
  0
VERTEX
  8
0
 10
39.014873
 20
385.655835
 42
0.112166
  0
VERTEX
  8
0
 10
37.500000
 20
386.000000
 42
0.000000
  0
VERTEX
  8
0
 10
35.000000
 20
386.000000
 42
0.000000
  0
VERTEX
  8
0
 10
35.000000
 20
405.500000
 42
0.003712
  0
VERTEX
  8
0
 10
34.938494
 20
413.784650
 42
0.009098
  0
VERTEX
  8
0
 10
34.737179
 20
419.875000
 42
0.004190
  0
VERTEX
  8
0
 10
34.456747
 20
424.573301
 42
0.394435
  0
VERTEX
  8
0
 10
34.000000
 20
425.000000
 42
-0.411992
  0
VERTEX
  8
0
 10
32.938820
 20
426.053157
 42
-0.004356
  0
VERTEX
  8
0
 10
32.951604
 20
437.433911
 42
-0.004746
  0
VERTEX
  8
0
 10
33.170815
 20
448.774834
 42
-0.283593
  0
VERTEX
  8
0
 10
34.250000
 20
450.416667
 42
0.029131
  0
VERTEX
  8
0
 10
34.857470
 20
450.744495
 42
0.260055
  0
VERTEX
  8
0
 10
35.000000
 20
451.000000
 42
0.260055
  0
VERTEX
  8
0
 10
34.857470
 20
451.255505
 42
0.029131
  0
VERTEX
  8
0
 10
34.250000
 20
451.583333
 42
-0.283593
  0
VERTEX
  8
0
 10
33.170815
 20
453.225166
 42
-0.004746
  0
VERTEX
  8
0
 10
32.951604
 20
464.566089
 42
-0.004356
  0
VERTEX
  8
0
 10
32.938820
 20
475.946843
 42
-0.411992
  0
VERTEX
  8
0
 10
34.000000
 20
477.000000
 42
0.403851
  0
VERTEX
  8
0
 10
34.473392
 20
477.456874
 42
0.001526
  0
VERTEX
  8
0
 10
34.742647
 20
485.750000
 42
0.005325
  0
VERTEX
  8
0
 10
34.940414
 20
496.294378
 42
0.002026
  0
VERTEX
  8
0
 10
35.000000
 20
511.000000
 42
0.000000
  0
VERTEX
  8
0
 10
35.000000
 20
545.000000
 42
0.000000
  0
VERTEX
  8
0
 10
40.000000
 20
545.000000
 42
0.000000
  0
VERTEX
  8
0
 10
45.000000
 20
545.000000
 42
0.000000
  0
VERTEX
  8
0
 10
45.000000
 20
532.000000
 42
0.000000
  0
VERTEX
  8
0
 10
45.000000
 20
519.000000
 42
0.000000
  0
VERTEX
  8
0
 10
50.000000
 20
519.000000
 42
0.000000
  0
VERTEX
  8
0
 10
55.000000
 20
519.000000
 42
0.000000
  0
VERTEX
  8
0
 10
55.000000
 20
504.036212
 42
0.000000
  0
VERTEX
  8
0
 10
55.000000
 20
489.072424
 42
0.000000
  0
VERTEX
  8
0
 10
45.250000
 20
488.745502
 42
0.000000
  0
VERTEX
  8
0
 10
35.500000
 20
488.418580
 42
0.000000
  0
VERTEX
  8
0
 10
45.750000
 20
488.209290
 42
0.000000
  0
VERTEX
  8
0
 10
56.000000
 20
488.000000
 42
0.000000
  0
VERTEX
  8
0
 10
56.000000
 20
504.000000
 42
0.000000
  0
VERTEX
  8
0
 10
56.000000
 20
520.000000
 42
0.000000
  0
VERTEX
  8
0
 10
51.000000
 20
520.000000
 42
0.000000
  0
VERTEX
  8
0
 10
46.000000
 20
520.000000
 42
0.000000
  0
VERTEX
  8
0
 10
46.000000
 20
532.500000
 42
0.000000
  0
VERTEX
  8
0
 10
46.000000
 20
545.000000
 42
0.000000
  0
VERTEX
  8
0
 10
50.469221
 20
545.000000
 42
0.000000
  0
VERTEX
  8
0
 10
54.938442
 20
545.000000
 42
0.000000
  0
VERTEX
  8
0
 10
55.252999
 20
532.750000
 42
0.000000
  0
VERTEX
  8
0
 10
55.567556
 20
520.500000
 42
0.000000
  0
VERTEX
  8
0
 10
55.783778
 20
533.750000
 42
-0.005969
  0
VERTEX
  8
0
 10
55.937666
 20
539.194982
 42
-0.012836
  0
VERTEX
  8
0
 10
56.213930
 20
543.383445
 42
-0.007521
  0
VERTEX
  8
0
 10
56.559077
 20
546.609686
 42
-0.379025
  0
VERTEX
  8
0
 10
57.000000
 20
547.000000
 42
0.377735
  0
VERTEX
  8
0
 10
57.434243
 20
547.382656
 42
0.009982
  0
VERTEX
  8
0
 10
57.728395
 20
550.142857
 42
0.014793
  0
VERTEX
  8
0
 10
57.935422
 20
553.795208
 42
0.006760
  0
VERTEX
  8
0
 10
58.000000
 20
558.571429
 42
0.011292
  0
VERTEX
  8
0
 10
57.823730
 20
566.375732
 42
0.063060
  0
VERTEX
  8
0
 10
57.112683
 20
570.490375
 42
0.209848
  0
VERTEX
  8
0
 10
55.782914
 20
572.035071
 42
0.258189
  0
VERTEX
  8
0
 10
53.912179
 20
571.924562
 42
0.018187
  0
VERTEX
  8
0
 10
53.286357
 20
571.495758
 42
0.191595
  0
VERTEX
  8
0
 10
53.126036
 20
571.237242
 42
0.408510
  0
VERTEX
  8
0
 10
53.241277
 20
571.068481
 42
0.045975
  0
VERTEX
  8
0
 10
53.750000
 20
571.015313
 42
-0.153195
  0
VERTEX
  8
0
 10
54.226794
 20
570.859276
 42
-0.096560
  0
VERTEX
  8
0
 10
54.632812
 20
570.430350
 42
-0.079605
  0
VERTEX
  8
0
 10
54.906823
 20
569.793948
 42
-0.062004
  0
VERTEX
  8
0
 10
55.000000
 20
569.045455
 42
-0.043912
  0
VERTEX
  8
0
 10
54.910237
 20
568.025362
 42
-0.433457
  0
VERTEX
  8
0
 10
54.587263
 20
567.815034
 42
-0.130209
  0
VERTEX
  8
0
 10
53.993314
 20
568.139316
 42
-0.006672
  0
VERTEX
  8
0
 10
52.409303
 20
569.681606
 42
0.000000
  0
VERTEX
  8
0
 10
49.818605
 20
572.272304
 42
0.000000
  0
VERTEX
  8
0
 10
47.915892
 20
569.386152
 42
0.000000
  0
VERTEX
  8
0
 10
46.013178
 20
566.500000
 42
0.000000
  0
VERTEX
  8
0
 10
45.788218
 20
583.000000
 42
0.000000
  0
VERTEX
  8
0
 10
45.563258
 20
599.500000
 42
0.000000
  0
VERTEX
  8
0
 10
45.252604
 20
586.250000
 42
-0.002499
  0
VERTEX
  8
0
 10
45.009323
 20
577.697958
 42
-0.038638
  0
VERTEX
  8
0
 10
44.684632
 20
574.776222
 42
-0.153575
  0
VERTEX
  8
0
 10
43.984623
 20
573.472274
 42
-0.188385
  0
VERTEX
  8
0
 10
42.720975
 20
572.936614
 42
0.000000
  0
VERTEX
  8
0
 10
40.500000
 20
572.873227
 42
0.000000
  0
VERTEX
  8
0
 10
42.750000
 20
571.968838
 42
-0.196255
  0
VERTEX
  8
0
 10
44.451623
 20
570.319582
 42
-0.097564
  0
VERTEX
  8
0
 10
45.115074
 20
567.337708
 42
-0.089708
  0
VERTEX
  8
0
 10
44.609992
 20
564.095076
 42
-0.133087
  0
VERTEX
  8
0
 10
43.000000
 20
561.732028
 42
0.046815
  0
VERTEX
  8
0
 10
41.548777
 20
560.232823
 42
0.170518
  0
VERTEX
  8
0
 10
41.116251
 20
559.001431
 42
0.158609
  0
VERTEX
  8
0
 10
41.535418
 20
557.713285
 42
0.039071
  0
VERTEX
  8
0
 10
43.000000
 20
556.000000
 42
-0.062946
  0
VERTEX
  8
0
 10
43.873608
 20
554.873608
 42
-0.053099
  0
VERTEX
  8
0
 10
44.500000
 20
553.500000
 42
-0.047331
  0
VERTEX
  8
0
 10
44.875501
 20
551.875501
 42
-0.033154
  0
VERTEX
  8
0
 10
45.000000
 20
550.000000
 42
0.000000
  0
VERTEX
  8
0
 10
45.000000
 20
546.000000
 42
0.000000
  0
VERTEX
  8
0
 10
40.000000
 20
546.000000
 42
0.000000
  0
VERTEX
  8
0
 10
35.000000
 20
546.000000
 42
0.000000
  0
VERTEX
  8
0
 10
35.000000
 20
558.532224
 42
-0.003019
  0
VERTEX
  8
0
 10
35.047979
 20
566.478040
 42
-0.038478
  0
VERTEX
  8
0
 10
35.312926
 20
569.447272
 42
-0.120276
  0
VERTEX
  8
0
 10
35.975593
 20
570.991691
 42
-0.136817
  0
VERTEX
  8
0
 10
37.250000
 20
571.968838
 42
0.000000
  0
VERTEX
  8
0
 10
39.500000
 20
572.873227
 42
0.000000
  0
VERTEX
  8
0
 10
37.250000
 20
572.936614
 42
-0.222509
  0
VERTEX
  8
0
 10
35.956825
 20
573.587086
 42
-0.135687
  0
VERTEX
  8
0
 10
35.283048
 20
575.193513
 42
-0.030244
  0
VERTEX
  8
0
 10
35.037699
 20
578.853066
 42
-0.001618
  0
VERTEX
  8
0
 10
35.000000
 20
590.500000
 42
0.000000
  0
VERTEX
  8
0
 10
35.000000
 20
608.000000
 42
0.000000
  0
VERTEX
  8
0
 10
67.000000
 20
608.000000
 42
0.000000
  0
VERTEX
  8
0
 10
99.000000
 20
608.000000
 42
0.000000
  0
VERTEX
  8
0
 10
99.000000
 20
603.516603
 42
0.000000
  0
VERTEX
  8
0
 10
99.000000
 20
599.033207
 42
0.000000
  0
VERTEX
  8
0
 10
72.750000
 20
598.749268
 42
0.000000
  0
VERTEX
  8
0
 10
46.500000
 20
598.465329
 42
0.000000
  0
VERTEX
  8
0
 10
73.250000
 20
598.232665
 42
0.000000
  0
VERTEX
  8
0
 10
100.000000
 20
598.000000
 42
0.000000
  0
VERTEX
  8
0
 10
100.000000
 20
603.000000
 42
-0.014068
  0
VERTEX
  8
0
 10
100.069243
 20
605.460489
 42
-0.058865
  0
VERTEX
  8
0
 10
100.325000
 20
606.916667
 42
-0.122766
  0
VERTEX
  8
0
 10
100.792990
 20
607.704941
 42
-0.200296
  0
VERTEX
  8
0
 10
101.500000
 20
608.000000
 42
0.064853
  0
VERTEX
  8
0
 10
102.073457
 20
608.074694
 42
0.082425
  0
VERTEX
  8
0
 10
102.559375
 20
608.293750
 42
0.098894
  0
VERTEX
  8
0
 10
102.884432
 20
608.618646
 42
0.148195
  0
VERTEX
  8
0
 10
103.000000
 20
609.000000
 42
-0.411986
  0
VERTEX
  8
0
 10
104.054334
 20
610.062389
 42
-0.004369
  0
VERTEX
  8
0
 10
115.431493
 20
610.049563
 42
-0.004665
  0
VERTEX
  8
0
 10
126.782765
 20
609.831649
 42
-0.297544
  0
VERTEX
  8
0
 10
128.340536
 20
608.750000
 42
0.047510
  0
VERTEX
  8
0
 10
128.638415
 20
608.178401
 42
0.266235
  0
VERTEX
  8
0
 10
128.933580
 20
608.026593
 42
0.201980
  0
VERTEX
  8
0
 10
129.277188
 20
608.190021
 42
0.028773
  0
VERTEX
  8
0
 10
129.773074
 20
608.815026
 42
-0.234471
  0
VERTEX
  8
0
 10
131.869487
 20
609.952132
 42
-0.006469
  0
VERTEX
  8
0
 10
142.526255
 20
610.201919
 42
-0.005657
  0
VERTEX
  8
0
 10
153.279590
 20
610.193149
 42
-0.319478
  0
VERTEX
  8
0
 10
154.807389
 20
609.077833
 42
0.310316
  0
VERTEX
  8
0
 10
155.513683
 20
608.543955
 42
0.002737
  0
VERTEX
  8
0
 10
162.568402
 20
608.261646
 42
0.006528
  0
VERTEX
  8
0
 10
172.012025
 20
608.058896
 42
0.002103
  0
VERTEX
  8
0
 10
186.016920
 20
608.000000
 42
0.000000
  0
VERTEX
  8
0
 10
216.867173
 20
608.000000
 42
0.000000
  0
VERTEX
  8
0
 10
217.183587
 20
598.003643
 42
0.000000
  0
VERTEX
  8
0
 10
217.500000
 20
588.007287
 42
0.000000
  0
VERTEX
  8
0
 10
136.500000
 20
587.753643
 42
0.000000
  0
VERTEX
  8
0
 10
55.500000
 20
587.500000
 42
0.000000
  0
VERTEX
  8
0
 10
55.410487
 20
581.500000
 42
0.000000
  0
VERTEX
  8
0
 10
55.320974
 20
575.500000
 42
0.000000
  0
VERTEX
  8
0
 10
55.710391
 20
581.250000
 42
0.000000
  0
VERTEX
  8
0
 10
56.099808
 20
587.000000
 42
0.000000
  0
VERTEX
  8
0
 10
83.299904
 20
586.804254
 42
-0.001148
  0
VERTEX
  8
0
 10
95.831259
 20
586.685290
 42
-0.009083
  0
VERTEX
  8
0
 10
101.633414
 20
586.511432
 42
-0.855921
  0
VERTEX
  8
0
 10
101.659569
 20
586.267542
 42
-0.051018
  0
VERTEX
  8
0
 10
100.000000
 20
586.000000
 42
0.000000
  0
VERTEX
  8
0
 10
89.500000
 20
585.391492
 42
0.000000
  0
VERTEX
  8
0
 10
100.250000
 20
585.195746
 42
0.007095
  0
VERTEX
  8
0
 10
104.729727
 20
585.177750
 42
0.016127
  0
VERTEX
  8
0
 10
108.111436
 20
585.321301
 42
0.012049
  0
VERTEX
  8
0
 10
110.619710
 20
585.569858
 42
0.378667
  0
VERTEX
  8
0
 10
111.000000
 20
586.000000
 42
-0.408004
  0
VERTEX
  8
0
 10
111.472349
 20
586.482493
 42
-0.000645
  0
VERTEX
  8
0
 10
124.640830
 20
586.745333
 42
-0.003412
  0
VERTEX
  8
0
 10
141.192407
 20
586.941359
 42
-0.001255
  0
VERTEX
  8
0
 10
164.563321
 20
587.000000
 42
0.000000
  0
VERTEX
  8
0
 10
218.126642
 20
587.000000
 42
0.000000
  0
VERTEX
  8
0
 10
217.965225
 20
578.250000
 42
0.003211
  0
VERTEX
  8
0
 10
217.855028
 20
569.085285
 42
0.121914
  0
VERTEX
  8
0
 10
218.335970
 20
567.094396
 42
0.265821
  0
VERTEX
  8
0
 10
219.687672
 20
566.225118
 42
0.019696
  0
VERTEX
  8
0
 10
224.250000
 20
566.168103
 42
0.003187
  0
VERTEX
  8
0
 10
227.051630
 20
566.261332
 42
0.045843
  0
VERTEX
  8
0
 10
228.038275
 20
566.391588
 42
0.817453
  0
VERTEX
  8
0
 10
228.034805
 20
566.544631
 42
0.018396
  0
VERTEX
  8
0
 10
226.728161
 20
566.729770
 42
0.000000
  0
VERTEX
  8
0
 10
222.956323
 20
567.123334
 42
0.000000
  0
VERTEX
  8
0
 10
223.228161
 20
585.811667
 42
0.000000
  0
VERTEX
  8
0
 10
223.500000
 20
604.500000
 42
0.000000
  0
VERTEX
  8
0
 10
229.000000
 20
605.087003
 42
0.000000
  0
VERTEX
  8
0
 10
234.500000
 20
605.674007
 42
0.000000
  0
VERTEX
  8
0
 10
228.750000
 20
605.837003
 42
0.000000
  0
VERTEX
  8
0
 10
223.000000
 20
606.000000
 42
0.000000
  0
VERTEX
  8
0
 10
223.000000
 20
609.500000
 42
0.000000
  0
VERTEX
  8
0
 10
223.000000
 20
613.000000
 42
0.000000
  0
VERTEX
  8
0
 10
244.000000
 20
613.000000
 42
0.000000
  0
VERTEX
  8
0
 10
265.000000
 20
613.000000
 42
0.000000
  0
SEQEND
  0
POLYLINE
  8
0
 66
1
 70
1
  0
VERTEX
  8
0
 10
53.384990
 20
567.535183
 42
-0.050183
  0
VERTEX
  8
0
 10
54.017067
 20
566.320357
 42
-0.025229
  0
VERTEX
  8
0
 10
54.576292
 20
564.682509
 42
-0.024768
  0
VERTEX
  8
0
 10
54.988397
 20
562.914922
 42
-0.033503
  0
VERTEX
  8
0
 10
55.172599
 20
561.285183
 42
0.024623
  0
VERTEX
  8
0
 10
55.290729
 20
560.042877
 42
0.801132
  0
VERTEX
  8
0
 10
55.463799
 20
560.029716
 42
0.045312
  0
VERTEX
  8
0
 10
55.687169
 20
561.102583
 42
0.003576
  0
VERTEX
  8
0
 10
56.000000
 20
564.000000
 42
-0.006334
  0
VERTEX
  8
0
 10
56.358315
 20
567.155532
 42
-0.878216
  0
VERTEX
  8
0
 10
56.536040
 20
567.156202
 42
-0.031967
  0
VERTEX
  8
0
 10
56.648090
 20
565.543140
 42
-0.001023
  0
VERTEX
  8
0
 10
56.670297
 20
559.000000
 42
-0.002397
  0
VERTEX
  8
0
 10
56.651581
 20
553.569314
 42
-0.023634
  0
VERTEX
  8
0
 10
56.524813
 20
551.287547
 42
-0.803462
  0
VERTEX
  8
0
 10
56.295130
 20
551.261170
 42
-0.048821
  0
VERTEX
  8
0
 10
56.000000
 20
552.500000
 42
0.006019
  0
VERTEX
  8
0
 10
55.694040
 20
554.547340
 42
0.055591
  0
VERTEX
  8
0
 10
55.454001
 20
555.409798
 42
0.729532
  0
VERTEX
  8
0
 10
55.275016
 20
555.396841
 42
0.046022
  0
VERTEX
  8
0
 10
55.157104
 20
554.595012
 42
-0.009612
  0
VERTEX
  8
0
 10
55.021305
 20
552.744436
 42
-0.245929
  0
VERTEX
  8
0
 10
54.755649
 20
552.334286
 42
-0.307877
  0
VERTEX
  8
0
 10
54.313054
 20
552.371366
 42
-0.013662
  0
VERTEX
  8
0
 10
53.083187
 20
553.424717
 42
0.038633
  0
VERTEX
  8
0
 10
52.005046
 20
554.258595
 42
0.109773
  0
VERTEX
  8
0
 10
51.121929
 20
554.593461
 42
0.114851
  0
VERTEX
  8
0
 10
50.204431
 20
554.515345
 42
0.044470
  0
VERTEX
  8
0
 10
49.023255
 20
554.012446
 42
0.155325
  0
VERTEX
  8
0
 10
47.461295
 20
552.405530
 42
0.147402
  0
VERTEX
  8
0
 10
47.074201
 20
550.154919
 42
0.155630
  0
VERTEX
  8
0
 10
47.995353
 20
548.152478
 42
0.174311
  0
VERTEX
  8
0
 10
49.865335
 20
547.165335
 42
0.039313
  0
VERTEX
  8
0
 10
50.838071
 20
547.104979
 42
0.039708
  0
VERTEX
  8
0
 10
51.804952
 20
547.198077
 42
0.042771
  0
VERTEX
  8
0
 10
52.629403
 20
547.418154
 42
0.110206
  0
VERTEX
  8
0
 10
53.146754
 20
547.746754
 42
0.275315
  0
VERTEX
  8
0
 10
53.227568
 20
548.065802
 42
0.272026
  0
VERTEX
  8
0
 10
52.985560
 20
548.291418
 42
0.072287
  0
VERTEX
  8
0
 10
52.233675
 20
548.347792
 42
0.019063
  0
VERTEX
  8
0
 10
51.031418
 20
548.217919
 42
-0.023025
  0
VERTEX
  8
0
 10
49.305548
 20
548.045302
 42
-0.164169
  0
VERTEX
  8
0
 10
48.507978
 20
548.267575
 42
-0.206961
  0
VERTEX
  8
0
 10
48.108970
 20
548.896419
 42
-0.039333
  0
VERTEX
  8
0
 10
48.000000
 20
550.279512
 42
-0.055276
  0
VERTEX
  8
0
 10
48.111022
 20
551.280694
 42
-0.057695
  0
VERTEX
  8
0
 10
48.438523
 20
552.218012
 42
-0.064222
  0
VERTEX
  8
0
 10
48.921364
 20
552.955511
 42
-0.124753
  0
VERTEX
  8
0
 10
49.492843
 20
553.358880
 42
-0.224366
  0
VERTEX
  8
0
 10
51.026387
 20
553.243626
 42
-0.068257
  0
VERTEX
  8
0
 10
52.926015
 20
551.791292
 42
-0.065106
  0
VERTEX
  8
0
 10
54.482087
 20
549.751695
 42
-0.131169
  0
VERTEX
  8
0
 10
55.000000
 20
547.811439
 42
-0.128782
  0
VERTEX
  8
0
 10
54.763297
 20
546.907669
 42
-0.170575
  0
VERTEX
  8
0
 10
54.128947
 20
546.350635
 42
-0.081101
  0
VERTEX
  8
0
 10
52.879975
 20
546.070229
 42
-0.014751
  0
VERTEX
  8
0
 10
50.500000
 20
546.000000
 42
0.000000
  0
VERTEX
  8
0
 10
46.000000
 20
546.000000
 42
0.000000
  0
VERTEX
  8
0
 10
46.000000
 20
550.377555
 42
-0.026785
  0
VERTEX
  8
0
 10
46.101027
 20
552.262054
 42
-0.038419
  0
VERTEX
  8
0
 10
46.406759
 20
553.905617
 42
-0.045033
  0
VERTEX
  8
0
 10
46.880674
 20
555.201015
 42
-0.109775
  0
VERTEX
  8
0
 10
47.500000
 20
556.000000
 42
0.059806
  0
VERTEX
  8
0
 10
48.074091
 20
556.605713
 42
0.043899
  0
VERTEX
  8
0
 10
48.559375
 20
557.394767
 42
0.044601
  0
VERTEX
  8
0
 10
48.890374
 20
558.236890
 42
0.071461
  0
VERTEX
  8
0
 10
49.000000
 20
559.000000
 42
0.071461
  0
VERTEX
  8
0
 10
48.890374
 20
559.763110
 42
0.044601
  0
VERTEX
  8
0
 10
48.559375
 20
560.605233
 42
0.043899
  0
VERTEX
  8
0
 10
48.074091
 20
561.394287
 42
0.059806
  0
VERTEX
  8
0
 10
47.500000
 20
562.000000
 42
-0.054174
  0
VERTEX
  8
0
 10
46.926004
 20
562.592152
 42
-0.042974
  0
VERTEX
  8
0
 10
46.440625
 20
563.340004
 42
-0.044367
  0
VERTEX
  8
0
 10
46.108904
 20
564.122151
 42
-0.078271
  0
VERTEX
  8
0
 10
46.000000
 20
564.813574
 42
-0.028200
  0
VERTEX
  8
0
 10
46.044912
 20
565.609258
 42
-0.429583
  0
VERTEX
  8
0
 10
46.242790
 20
565.758607
 42
-0.185955
  0
VERTEX
  8
0
 10
46.565639
 20
565.568286
 42
-0.009762
  0
VERTEX
  8
0
 10
47.306028
 20
564.596160
 42
0.148176
  0
VERTEX
  8
0
 10
48.754710
 20
563.505766
 42
0.095142
  0
VERTEX
  8
0
 10
50.846856
 20
563.165366
 42
0.107750
  0
VERTEX
  8
0
 10
52.717352
 20
563.629246
 42
0.233325
  0
VERTEX
  8
0
 10
53.596672
 20
564.775000
 42
0.014150
  0
VERTEX
  8
0
 10
53.674298
 20
565.233161
 42
0.238062
  0
VERTEX
  8
0
 10
53.626262
 20
565.374375
 42
0.482015
  0
VERTEX
  8
0
 10
53.528118
 20
565.362259
 42
0.022320
  0
VERTEX
  8
0
 10
53.341667
 20
565.025000
 42
-0.202677
  0
VERTEX
  8
0
 10
52.397701
 20
564.212864
 42
-0.101755
  0
VERTEX
  8
0
 10
50.805528
 20
564.040689
 42
-0.098703
  0
VERTEX
  8
0
 10
49.235287
 20
564.512456
 42
-0.180874
  0
VERTEX
  8
0
 10
48.361626
 20
565.500000
 42
-0.095908
  0
VERTEX
  8
0
 10
48.090632
 20
567.031131
 42
-0.100506
  0
VERTEX
  8
0
 10
48.419152
 20
568.525504
 42
-0.117875
  0
VERTEX
  8
0
 10
49.241019
 20
569.603477
 42
-0.172873
  0
VERTEX
  8
0
 10
50.353605
 20
570.000000
 42
-0.127495
  0
VERTEX
  8
0
 10
51.009793
 20
569.829914
 42
-0.043887
  0
VERTEX
  8
0
 10
51.828329
 20
569.275960
 42
-0.040200
  0
VERTEX
  8
0
 10
52.662430
 20
568.478356
 42
-0.036858
  0
SEQEND
  0
POLYLINE
  8
0
 66
1
 70
1
  0
VERTEX
  8
0
 10
45.000000
 20
558.877555
 42
-0.012613
  0
VERTEX
  8
0
 10
44.956626
 20
557.158379
 42
-0.154274
  0
VERTEX
  8
0
 10
44.729861
 20
556.549626
 42
-0.362237
  0
VERTEX
  8
0
 10
44.308244
 20
556.458434
 42
-0.052715
  0
VERTEX
  8
0
 10
43.521013
 20
556.982560
 42
-0.062085
  0
VERTEX
  8
0
 10
42.877098
 20
557.668151
 42
-0.121156
  0
VERTEX
  8
0
 10
42.594440
 20
558.357920
 42
-0.111953
  0
VERTEX
  8
0
 10
42.653196
 20
559.137790
 42
-0.048343
  0
VERTEX
  8
0
 10
43.056197
 20
560.105005
 42
-0.023153
  0
VERTEX
  8
0
 10
44.023104
 20
561.726518
 42
-0.408148
  0
VERTEX
  8
0
 10
44.566515
 20
561.843356
 42
-0.242859
  0
VERTEX
  8
0
 10
44.936234
 20
561.213886
 42
-0.013644
  0
SEQEND
  0
POLYLINE
  8
0
 66
1
 70
1
  0
VERTEX
  8
0
 10
48.000000
 20
559.000000
 42
-0.048273
  0
VERTEX
  8
0
 10
47.925899
 20
558.234268
 42
-0.046925
  0
VERTEX
  8
0
 10
47.706250
 20
557.489314
 42
-0.050757
  0
VERTEX
  8
0
 10
47.383456
 20
556.872201
 42
-0.108893
  0
VERTEX
  8
0
 10
47.000000
 20
556.500000
 42
-0.302575
  0
VERTEX
  8
0
 10
46.607504
 20
556.513374
 42
-0.143113
  0
VERTEX
  8
0
 10
46.280626
 20
556.930402
 42
-0.067954
  0
VERTEX
  8
0
 10
46.066129
 20
557.789018
 42
-0.027283
  0
VERTEX
  8
0
 10
46.000000
 20
559.000000
 42
-0.027283
  0
VERTEX
  8
0
 10
46.066129
 20
560.210982
 42
-0.067954
  0
VERTEX
  8
0
 10
46.280626
 20
561.069598
 42
-0.143113
  0
VERTEX
  8
0
 10
46.607504
 20
561.486626
 42
-0.302575
  0
VERTEX
  8
0
 10
47.000000
 20
561.500000
 42
-0.108893
  0
VERTEX
  8
0
 10
47.383456
 20
561.127799
 42
-0.050757
  0
VERTEX
  8
0
 10
47.706250
 20
560.510686
 42
-0.046925
  0
VERTEX
  8
0
 10
47.925899
 20
559.765732
 42
-0.048273
  0
SEQEND
  0
POLYLINE
  8
0
 66
1
 70
1
  0
VERTEX
  8
0
 10
374.000000
 20
393.529025
 42
0.321982
  0
VERTEX
  8
0
 10
374.560407
 20
392.749000
 42
0.048408
  0
VERTEX
  8
0
 10
376.549330
 20
392.287384
 42
0.023723
  0
VERTEX
  8
0
 10
380.176429
 20
391.982434
 42
0.003846
  0
VERTEX
  8
0
 10
387.250000
 20
391.779025
 42
0.000000
  0
VERTEX
  8
0
 10
400.500000
 20
391.500000
 42
0.000000
  0
VERTEX
  8
0
 10
400.323639
 20
388.309643
 42
0.020180
  0
VERTEX
  8
0
 10
400.300644
 20
386.763163
 42
0.104448
  0
VERTEX
  8
0
 10
400.497486
 20
385.936006
 42
0.239407
  0
VERTEX
  8
0
 10
400.920232
 20
385.608549
 42
0.139774
  0
VERTEX
  8
0
 10
401.573639
 20
385.666632
 42
-0.404700
  0
VERTEX
  8
0
 10
402.308120
 20
385.353762
 42
-0.070434
  0
VERTEX
  8
0
 10
402.732569
 20
383.747647
 42
-0.025836
  0
VERTEX
  8
0
 10
402.950700
 20
380.450819
 42
-0.003602
  0
VERTEX
  8
0
 10
403.000000
 20
373.606989
 42
-0.003640
  0
VERTEX
  8
0
 10
402.948847
 20
366.581448
 42
-0.027291
  0
VERTEX
  8
0
 10
402.718916
 20
363.260709
 42
-0.068899
  0
VERTEX
  8
0
 10
402.261555
 20
361.550258
 42
-0.301666
  0
VERTEX
  8
0
 10
401.432519
 20
361.000000
 42
0.161072
  0
VERTEX
  8
0
 10
400.696033
 20
360.756426
 42
0.162905
  0
VERTEX
  8
0
 10
400.254097
 20
360.122796
 42
0.074915
  0
VERTEX
  8
0
 10
400.087759
 20
358.911796
 42
0.015380
  0
VERTEX
  8
0
 10
400.182519
 20
356.750000
 42
0.000000
  0
VERTEX
  8
0
 10
400.500000
 20
352.500000
 42
0.000000
  0
VERTEX
  8
0
 10
372.224608
 20
352.234384
 42
-0.001481
  0
VERTEX
  8
0
 10
356.168833
 20
352.131101
 42
-0.011799
  0
VERTEX
  8
0
 10
348.757307
 20
352.280284
 42
-0.018299
  0
VERTEX
  8
0
 10
344.486128
 20
352.624074
 42
-0.278772
  0
VERTEX
  8
0
 10
343.362732
 20
353.497118
 42
-0.084004
  0
VERTEX
  8
0
 10
343.224107
 20
354.185247
 42
-0.056268
  0
VERTEX
  8
0
 10
343.289406
 20
354.987249
 42
-0.055052
  0
VERTEX
  8
0
 10
343.536375
 20
355.775430
 42
-0.069884
  0
VERTEX
  8
0
 10
343.936683
 20
356.423707
 42
0.041886
  0
VERTEX
  8
0
 10
344.410339
 20
357.102850
 42
0.121574
  0
VERTEX
  8
0
 10
344.569256
 20
357.648676
 42
0.166800
  0
VERTEX
  8
0
 10
344.435004
 20
358.099879
 42
0.099694
  0
VERTEX
  8
0
 10
344.022038
 20
358.486380
 42
-0.076587
  0
VERTEX
  8
0
 10
343.621758
 20
358.827969
 42
-0.060884
  0
VERTEX
  8
0
 10
343.305358
 20
359.300674
 42
-0.061859
  0
VERTEX
  8
0
 10
343.116485
 20
359.826784
 42
-0.086197
  0
VERTEX
  8
0
 10
343.091962
 20
360.325407
 42
0.033875
  0
VERTEX
  8
0
 10
343.201536
 20
362.311911
 42
0.079068
  0
VERTEX
  8
0
 10
342.949664
 20
363.775440
 42
0.127086
  0
VERTEX
  8
0
 10
342.364782
 20
364.666111
 42
0.186345
  0
VERTEX
  8
0
 10
341.500000
 20
365.000000
 42
0.293634
  0
VERTEX
  8
0
 10
340.530746
 20
364.377079
 42
0.086342
  0
VERTEX
  8
0
 10
340.061422
 20
362.584835
 42
0.019689
  0
VERTEX
  8
0
 10
339.882201
 20
358.558463
 42
0.000968
  0
VERTEX
  8
0
 10
339.839967
 20
345.250000
 42
0.000000
  0
VERTEX
  8
0
 10
339.824815
 20
333.000000
 42
0.000000
  0
VERTEX
  8
0
 10
336.412407
 20
333.000000
 42
-0.023276
  0
VERTEX
  8
0
 10
334.353237
 20
333.095911
 42
-0.178093
  0
VERTEX
  8
0
 10
333.493743
 20
333.506417
 42
-0.173140
  0
VERTEX
  8
0
 10
333.092136
 20
334.382456
 42
-0.021745
  0
VERTEX
  8
0
 10
333.000000
 20
336.500000
 42
0.025202
  0
VERTEX
  8
0
 10
332.932354
 20
337.841228
 42
0.039992
  0
VERTEX
  8
0
 10
332.725762
 20
338.971875
 42
0.047859
  0
VERTEX
  8
0
 10
332.427167
 20
339.774123
 42
0.287241
  0
VERTEX
  8
0
 10
332.066422
 20
340.000000
 42
-0.228850
  0
VERTEX
  8
0
 10
331.685527
 20
340.183971
 42
-0.058235
  0
VERTEX
  8
0
 10
331.314134
 20
340.783587
 42
-0.047455
  0
VERTEX
  8
0
 10
331.005805
 20
341.645954
 42
-0.032628
  0
VERTEX
  8
0
 10
330.816422
 20
342.667529
 42
0.008775
  0
VERTEX
  8
0
 10
330.586347
 20
344.353623
 42
0.255093
  0
VERTEX
  8
0
 10
330.330802
 20
344.687900
 42
0.326029
  0
VERTEX
  8
0
 10
329.961565
 20
344.608520
 42
0.012479
  0
VERTEX
  8
0
 10
329.000000
 20
343.475571
 42
0.015374
  0
VERTEX
  8
0
 10
328.462055
 20
342.765069
 42
0.099196
  0
VERTEX
  8
0
 10
328.279681
 20
342.356203
 42
0.533380
  0
VERTEX
  8
0
 10
328.394044
 20
342.235437
 42
0.093680
  0
VERTEX
  8
0
 10
328.750000
 20
342.367059
 42
-0.101999
  0
VERTEX
  8
0
 10
329.294303
 20
342.558190
 42
-0.240081
  0
VERTEX
  8
0
 10
329.689410
 20
342.419829
 42
-0.152058
  0
VERTEX
  8
0
 10
329.930166
 20
341.935002
 42
-0.039797
  0
VERTEX
  8
0
 10
330.000000
 20
341.059017
 42
0.046600
  0
VERTEX
  8
0
 10
330.073608
 20
340.270941
 42
0.066561
  0
VERTEX
  8
0
 10
330.293750
 20
339.604836
 42
0.086673
  0
VERTEX
  8
0
 10
330.618015
 20
339.155423
 42
0.195654
  0
VERTEX
  8
0
 10
331.000000
 20
339.000000
 42
-0.216340
  0
VERTEX
  8
0
 10
331.382572
 20
338.826341
 42
-0.079061
  0
VERTEX
  8
0
 10
331.706250
 20
338.310957
 42
-0.060122
  0
VERTEX
  8
0
 10
331.926737
 20
337.552442
 42
-0.040719
  0
VERTEX
  8
0
 10
332.000000
 20
336.654322
 42
-0.168720
  0
VERTEX
  8
0
 10
331.529609
 20
335.300009
 42
-0.169450
  0
VERTEX
  8
0
 10
330.321813
 20
334.531799
 42
-0.042383
  0
VERTEX
  8
0
 10
327.560611
 20
334.125568
 42
-0.002600
  0
VERTEX
  8
0
 10
319.250000
 20
333.658378
 42
-0.004461
  0
VERTEX
  8
0
 10
313.308920
 20
333.408501
 42
-0.002334
  0
VERTEX
  8
0
 10
305.908063
 20
333.197935
 42
-0.002321
  0
VERTEX
  8
0
 10
298.316041
 20
333.052649
 42
-0.003555
  0
VERTEX
  8
0
 10
291.734895
 20
333.004055
 42
0.000000
  0
VERTEX
  8
0
 10
276.969791
 20
333.000000
 42
0.000000
  0
VERTEX
  8
0
 10
277.234895
 20
362.250000
 42
0.000000
  0
VERTEX
  8
0
 10
277.500000
 20
391.500000
 42
0.000000
  0
VERTEX
  8
0
 10
308.346336
 20
391.739613
 42
-0.000960
  0
VERTEX
  8
0
 10
328.276057
 20
391.856167
 42
-0.014917
  0
VERTEX
  8
0
 10
335.109963
 20
391.679111
 42
-0.045310
  0
VERTEX
  8
0
 10
338.500270
 20
391.179569
 42
-0.276266
  0
VERTEX
  8
0
 10
339.712967
 20
389.989613
 42
0.081446
  0
VERTEX
  8
0
 10
340.050947
 20
389.229335
 42
0.073145
  0
VERTEX
  8
0
 10
340.624446
 20
388.584449
 42
0.075663
  0
VERTEX
  8
0
 10
341.338492
 20
388.149748
 42
0.099278
  0
VERTEX
  8
0
 10
342.085247
 20
388.000000
 42
0.057738
  0
VERTEX
  8
0
 10
342.866062
 20
388.090467
 42
0.160525
  0
VERTEX
  8
0
 10
343.331262
 20
388.375063
 42
0.187173
  0
VERTEX
  8
0
 10
343.494540
 20
388.846565
 42
0.082615
  0
VERTEX
  8
0
 10
343.360343
 20
389.503345
 42
-0.139869
  0
VERTEX
  8
0
 10
343.296397
 20
390.224239
 42
-0.172426
  0
VERTEX
  8
0
 10
343.636071
 20
390.802699
 42
-0.097670
  0
VERTEX
  8
0
 10
344.464324
 20
391.259079
 42
-0.027884
  0
VERTEX
  8
0
 10
345.891727
 20
391.628345
 42
0.040169
  0
VERTEX
  8
0
 10
347.081418
 20
391.967474
 42
0.053302
  0
VERTEX
  8
0
 10
348.086945
 20
392.471295
 42
0.064618
  0
VERTEX
  8
0
 10
348.777626
 20
393.053105
 42
0.187578
  0
VERTEX
  8
0
 10
349.000000
 20
393.625000
 42
-0.334632
  0
VERTEX
  8
0
 10
349.531808
 20
394.330637
 42
-0.042416
  0
VERTEX
  8
0
 10
351.522727
 20
394.722500
 42
-0.023124
  0
VERTEX
  8
0
 10
355.027727
 20
394.944730
 42
-0.004270
  0
VERTEX
  8
0
 10
361.500000
 20
395.000000
 42
-0.003954
  0
VERTEX
  8
0
 10
368.227512
 20
394.946804
 42
-0.025337
  0
VERTEX
  8
0
 10
371.625559
 20
394.720581
 42
-0.055331
  0
VERTEX
  8
0
 10
373.456508
 20
394.296337
 42
-0.318277
  0
SEQEND
  0
POLYLINE
  8
0
 66
1
 70
1
  0
VERTEX
  8
0
 10
45.000000
 20
364.500000
 42
-0.004630
  0
VERTEX
  8
0
 10
44.925163
 20
356.419138
 42
-0.058456
  0
VERTEX
  8
0
 10
44.514866
 20
353.405197
 42
-0.215160
  0
VERTEX
  8
0
 10
43.517680
 20
352.161769
 42
-0.158201
  0
VERTEX
  8
0
 10
41.750000
 20
351.881579
 42
0.396500
  0
VERTEX
  8
0
 10
41.456372
 20
351.681399
 42
0.019603
  0
VERTEX
  8
0
 10
41.229655
 20
350.423026
 42
0.022860
  0
VERTEX
  8
0
 10
41.073477
 20
348.754682
 42
0.013422
  0
VERTEX
  8
0
 10
41.031803
 20
346.750000
 42
0.005487
  0
VERTEX
  8
0
 10
41.083389
 20
343.721294
 42
0.085878
  0
VERTEX
  8
0
 10
41.287718
 20
342.709882
 42
0.484712
  0
VERTEX
  8
0
 10
41.696609
 20
342.584545
 42
0.079226
  0
VERTEX
  8
0
 10
42.392046
 20
343.250000
 42
-0.021457
  0
VERTEX
  8
0
 10
42.947554
 20
343.920044
 42
-0.027231
  0
VERTEX
  8
0
 10
43.518185
 20
344.485937
 42
-0.027186
  0
VERTEX
  8
0
 10
44.032347
 20
344.895316
 42
-0.155757
  0
VERTEX
  8
0
 10
44.360243
 20
345.000000
 42
-0.396367
  0
VERTEX
  8
0
 10
44.619105
 20
344.756542
 42
-0.002544
  0
VERTEX
  8
0
 10
44.812071
 20
341.328125
 42
-0.007987
  0
VERTEX
  8
0
 10
44.954013
 20
337.293018
 42
-0.004797
  0
VERTEX
  8
0
 10
45.000000
 20
332.500000
 42
0.000000
  0
VERTEX
  8
0
 10
45.000000
 20
320.000000
 42
0.000000
  0
VERTEX
  8
0
 10
42.500000
 20
320.000000
 42
-0.054490
  0
VERTEX
  8
0
 10
41.111634
 20
320.151756
 42
-0.201266
  0
VERTEX
  8
0
 10
40.406250
 20
320.650000
 42
-0.124134
  0
VERTEX
  8
0
 10
40.074999
 20
321.678456
 42
-0.016149
  0
VERTEX
  8
0
 10
40.000000
 20
324.000000
 42
0.016149
  0
VERTEX
  8
0
 10
39.925001
 20
326.321544
 42
0.124134
  0
VERTEX
  8
0
 10
39.593750
 20
327.350000
 42
0.201266
  0
VERTEX
  8
0
 10
38.888366
 20
327.848244
 42
0.054490
  0
VERTEX
  8
0
 10
37.500000
 20
328.000000
 42
0.000000
  0
VERTEX
  8
0
 10
35.000000
 20
328.000000
 42
0.000000
  0
VERTEX
  8
0
 10
35.000000
 20
339.000000
 42
-0.007181
  0
VERTEX
  8
0
 10
35.064968
 20
343.523566
 42
-0.015486
  0
VERTEX
  8
0
 10
35.272727
 20
347.000000
 42
-0.010792
  0
VERTEX
  8
0
 10
35.568330
 20
349.622551
 42
-0.375539
  0
VERTEX
  8
0
 10
36.000000
 20
350.000000
 42
-0.233014
  0
VERTEX
  8
0
 10
36.394514
 20
349.805590
 42
-0.064853
  0
VERTEX
  8
0
 10
36.750263
 20
349.192187
 42
-0.051062
  0
VERTEX
  8
0
 10
37.019423
 20
348.303192
 42
-0.034396
  0
VERTEX
  8
0
 10
37.149832
 20
347.250000
 42
0.000000
  0
VERTEX
  8
0
 10
37.299664
 20
344.500000
 42
0.000000
  0
VERTEX
  8
0
 10
37.716254
 20
347.250000
 42
-0.029209
  0
VERTEX
  8
0
 10
37.939374
 20
348.303291
 42
-0.042746
  0
VERTEX
  8
0
 10
38.266454
 20
349.192187
 42
-0.050622
  0
VERTEX
  8
0
 10
38.640539
 20
349.817414
 42
-0.236902
  0
VERTEX
  8
0
 10
39.004273
 20
350.000000
 42
0.223019
  0
VERTEX
  8
0
 10
39.325788
 20
350.150914
 42
0.087015
  0
VERTEX
  8
0
 10
39.575465
 20
350.587500
 42
0.063818
  0
VERTEX
  8
0
 10
39.719002
 20
351.234134
 42
0.041563
  0
VERTEX
  8
0
 10
39.725047
 20
352.000000
 42
0.135874
  0
VERTEX
  8
0
 10
39.288993
 20
353.212309
 42
0.152085
  0
VERTEX
  8
0
 10
38.306585
 20
353.964682
 42
0.254627
  0
VERTEX
  8
0
 10
37.415281
 20
353.832754
 42
0.235512
  0
VERTEX
  8
0
 10
37.000000
 20
353.000000
 42
-0.099038
  0
VERTEX
  8
0
 10
36.923658
 20
352.618362
 42
-0.097945
  0
VERTEX
  8
0
 10
36.706250
 20
352.293750
 42
-0.097945
  0
VERTEX
  8
0
 10
36.381638
 20
352.076342
 42
-0.099038
  0
VERTEX
  8
0
 10
36.000000
 20
352.000000
 42
-0.362465
  0
VERTEX
  8
0
 10
35.582553
 20
352.348392
 42
-0.015687
  0
VERTEX
  8
0
 10
35.279412
 20
354.375000
 42
-0.019442
  0
VERTEX
  8
0
 10
35.067280
 20
357.081088
 42
-0.009838
  0
VERTEX
  8
0
 10
35.000000
 20
360.500000
 42
-0.004059
  0
VERTEX
  8
0
 10
35.045242
 20
366.072835
 42
-0.067556
  0
VERTEX
  8
0
 10
35.323529
 20
367.900000
 42
-0.226266
  0
VERTEX
  8
0
 10
36.050108
 20
368.710115
 42
-0.098988
  0
VERTEX
  8
0
 10
37.500000
 20
369.000000
 42
0.054490
  0
VERTEX
  8
0
 10
38.888366
 20
369.151756
 42
0.201266
  0
VERTEX
  8
0
 10
39.593750
 20
369.650000
 42
0.124134
  0
VERTEX
  8
0
 10
39.925001
 20
370.678456
 42
0.016149
  0
VERTEX
  8
0
 10
40.000000
 20
373.000000
 42
-0.016149
  0
VERTEX
  8
0
 10
40.074999
 20
375.321544
 42
-0.124134
  0
VERTEX
  8
0
 10
40.406250
 20
376.350000
 42
-0.201266
  0
VERTEX
  8
0
 10
41.111634
 20
376.848244
 42
-0.054490
  0
VERTEX
  8
0
 10
42.500000
 20
377.000000
 42
0.000000
  0
VERTEX
  8
0
 10
45.000000
 20
377.000000
 42
0.000000
  0
SEQEND
  0
POLYLINE
  8
0
 66
1
 70
1
  0
VERTEX
  8
0
 10
400.503052
 20
342.001142
 42
0.000000
  0
VERTEX
  8
0
 10
400.500000
 20
333.002284
 42
0.000000
  0
VERTEX
  8
0
 10
372.250000
 20
333.001142
 42
0.000000
  0
VERTEX
  8
0
 10
344.000000
 20
333.000000
 42
0.000000
  0
VERTEX
  8
0
 10
344.000000
 20
342.000000
 42
0.000000
  0
VERTEX
  8
0
 10
344.000000
 20
351.000000
 42
0.000000
  0
VERTEX
  8
0
 10
372.253052
 20
351.000000
 42
0.000000
  0
VERTEX
  8
0
 10
400.506103
 20
351.000000
 42
0.000000
  0
SEQEND
  0
POLYLINE
  8
0
 66
1
 70
1
  0
VERTEX
  8
0
 10
45.000000
 20
347.940983
 42
-0.047867
  0
VERTEX
  8
0
 10
44.928459
 20
347.195401
 42
-0.104212
  0
VERTEX
  8
0
 10
44.706250
 20
346.668350
 42
-0.181468
  0
VERTEX
  8
0
 10
44.378123
 20
346.441401
 42
-0.202618
  0
VERTEX
  8
0
 10
44.000000
 20
346.500000
 42
-0.088250
  0
VERTEX
  8
0
 10
43.617164
 20
346.842344
 42
-0.053305
  0
VERTEX
  8
0
 10
43.293750
 20
347.359775
 42
-0.051278
  0
VERTEX
  8
0
 10
43.074167
 20
347.961978
 42
-0.061875
  0
VERTEX
  8
0
 10
43.000000
 20
348.559017
 42
-0.067639
  0
VERTEX
  8
0
 10
43.074854
 20
349.109818
 42
-0.084330
  0
VERTEX
  8
0
 10
43.293750
 20
349.576711
 42
-0.099650
  0
VERTEX
  8
0
 10
43.618660
 20
349.888931
 42
-0.142666
  0
VERTEX
  8
0
 10
44.000000
 20
350.000000
 42
-0.195654
  0
VERTEX
  8
0
 10
44.381985
 20
349.844577
 42
-0.086673
  0
VERTEX
  8
0
 10
44.706250
 20
349.395164
 42
-0.066561
  0
VERTEX
  8
0
 10
44.926392
 20
348.729059
 42
-0.046600
  0
SEQEND
  0
POLYLINE
  8
0
 66
1
 70
1
  0
VERTEX
  8
0
 10
282.000000
 20
322.500000
 42
0.000000
  0
VERTEX
  8
0
 10
282.000000
 20
316.000000
 42
0.000000
  0
VERTEX
  8
0
 10
252.000000
 20
316.000000
 42
0.000000
  0
VERTEX
  8
0
 10
222.000000
 20
316.000000
 42
0.000000
  0
VERTEX
  8
0
 10
222.000000
 20
322.500000
 42
0.000000
  0
VERTEX
  8
0
 10
222.000000
 20
329.000000
 42
0.000000
  0
VERTEX
  8
0
 10
252.000000
 20
329.000000
 42
0.000000
  0
VERTEX
  8
0
 10
282.000000
 20
329.000000
 42
0.000000
  0
SEQEND
  0
POLYLINE
  8
0
 66
1
 70
1
  0
VERTEX
  8
0
 10
96.416667
 20
261.750000
 42
0.029131
  0
VERTEX
  8
0
 10
96.744495
 20
261.142530
 42
0.260055
  0
VERTEX
  8
0
 10
97.000000
 20
261.000000
 42
0.260055
  0
VERTEX
  8
0
 10
97.255505
 20
261.142530
 42
0.029131
  0
VERTEX
  8
0
 10
97.583333
 20
261.750000
 42
-0.283432
  0
VERTEX
  8
0
 10
99.197427
 20
262.811645
 42
-0.004563
  0
VERTEX
  8
0
 10
110.560782
 20
263.042262
 42
-0.004183
  0
VERTEX
  8
0
 10
121.965414
 20
263.074194
 42
-0.412584
  0
VERTEX
  8
0
 10
123.000000
 20
262.033832
 42
0.371408
  0
VERTEX
  8
0
 10
123.347065
 20
261.631054
 42
0.008142
  0
VERTEX
  8
0
 10
126.105049
 20
261.264751
 42
0.014239
  0
VERTEX
  8
0
 10
129.559652
 20
260.962455
 42
0.008103
  0
VERTEX
  8
0
 10
133.750000
 20
260.783832
 42
0.000000
  0
VERTEX
  8
0
 10
144.500000
 20
260.500000
 42
0.000000
  0
VERTEX
  8
0
 10
144.500000
 20
234.249474
 42
0.000000
  0
VERTEX
  8
0
 10
144.500000
 20
207.998949
 42
0.000000
  0
VERTEX
  8
0
 10
176.000000
 20
208.000472
 42
0.000000
  0
VERTEX
  8
0
 10
207.500000
 20
208.001994
 42
0.000000
  0
VERTEX
  8
0
 10
207.210633
 20
187.500997
 42
0.000000
  0
VERTEX
  8
0
 10
206.921266
 20
167.000000
 42
0.000000
  0
VERTEX
  8
0
 10
132.460633
 20
167.000000
 42
0.000000
  0
VERTEX
  8
0
 10
58.000000
 20
167.000000
 42
0.000000
  0
VERTEX
  8
0
 10
58.000000
 20
164.500000
 42
-0.099404
  0
VERTEX
  8
0
 10
57.708856
 20
163.050025
 42
-0.226158
  0
VERTEX
  8
0
 10
56.896107
 20
162.323194
 42
-0.067276
  0
VERTEX
  8
0
 10
55.062135
 20
162.045140
 42
-0.004030
  0
VERTEX
  8
0
 10
49.461067
 20
162.000000
 42
0.000000
  0
VERTEX
  8
0
 10
40.922134
 20
162.000000
 42
0.000000
  0
VERTEX
  8
0
 10
41.211067
 20
170.750000
 42
-0.005002
  0
VERTEX
  8
0
 10
41.435945
 20
175.974963
 42
-0.050746
  0
VERTEX
  8
0
 10
41.769866
 20
178.120145
 42
-0.159923
  0
VERTEX
  8
0
 10
42.412094
 20
179.115553
 42
-0.171679
  0
VERTEX
  8
0
 10
43.500000
 20
179.501128
 42
0.360881
  0
VERTEX
  8
0
 10
44.746316
 20
180.536552
 42
0.032376
  0
VERTEX
  8
0
 10
45.270584
 20
184.878529
 42
0.011570
  0
VERTEX
  8
0
 10
45.554263
 20
193.659738
 42
0.000686
  0
VERTEX
  8
0
 10
45.761217
 20
220.251128
 42
0.000000
  0
VERTEX
  8
0
 10
46.022435
 20
261.000000
 42
0.000000
  0
VERTEX
  8
0
 10
58.511217
 20
261.000000
 42
0.006177
  0
VERTEX
  8
0
 10
63.693129
 20
261.064025
 42
0.013799
  0
VERTEX
  8
0
 10
67.627804
 20
261.270018
 42
0.008853
  0
VERTEX
  8
0
 10
70.609817
 20
261.562014
 42
0.380828
  0
VERTEX
  8
0
 10
71.000000
 20
262.000000
 42
-0.411992
  0
VERTEX
  8
0
 10
72.053157
 20
263.061180
 42
-0.004356
  0
VERTEX
  8
0
 10
83.433911
 20
263.048396
 42
-0.004746
  0
VERTEX
  8
0
 10
94.774834
 20
262.829185
 42
-0.283593
  0
SEQEND
  0
POLYLINE
  8
0
 66
1
 70
1
  0
VERTEX
  8
0
 10
400.500000
 20
179.000000
 42
0.000000
  0
VERTEX
  8
0
 10
400.500000
 20
148.500000
 42
0.000000
  0
VERTEX
  8
0
 10
391.250000
 20
148.212474
 42
0.000000
  0
VERTEX
  8
0
 10
382.000000
 20
147.924948
 42
0.000000
  0
VERTEX
  8
0
 10
382.000000
 20
179.000000
 42
0.000000
  0
VERTEX
  8
0
 10
382.000000
 20
210.075052
 42
0.000000
  0
VERTEX
  8
0
 10
391.250000
 20
209.787526
 42
0.000000
  0
VERTEX
  8
0
 10
400.500000
 20
209.500000
 42
0.000000
  0
SEQEND
  0
POLYLINE
  8
0
 66
1
 70
1
  0
VERTEX
  8
0
 10
336.500000
 20
198.000000
 42
0.000000
  0
VERTEX
  8
0
 10
327.500000
 20
197.377941
 42
0.000000
  0
VERTEX
  8
0
 10
336.250000
 20
197.188971
 42
0.000000
  0
VERTEX
  8
0
 10
345.000000
 20
197.000000
 42
0.000000
  0
VERTEX
  8
0
 10
345.000000
 20
193.500000
 42
0.000000
  0
VERTEX
  8
0
 10
345.000000
 20
190.000000
 42
0.000000
  0
VERTEX
  8
0
 10
322.000000
 20
190.000000
 42
0.000000
  0
VERTEX
  8
0
 10
299.000000
 20
190.000000
 42
0.000000
  0
VERTEX
  8
0
 10
299.000000
 20
193.500000
 42
0.000000
  0
VERTEX
  8
0
 10
299.000000
 20
197.000000
 42
0.000000
  0
VERTEX
  8
0
 10
307.250000
 20
197.186303
 42
0.000000
  0
VERTEX
  8
0
 10
315.500000
 20
197.372606
 42
0.000000
  0
VERTEX
  8
0
 10
307.000000
 20
198.000000
 42
-0.386657
  0
VERTEX
  8
0
 10
306.778311
 20
198.233612
 42
-0.408277
  0
VERTEX
  8
0
 10
306.991077
 20
198.460209
 42
-0.008666
  0
VERTEX
  8
0
 10
312.410116
 20
198.591883
 42
-0.001769
  0
VERTEX
  8
0
 10
322.000000
 20
198.624726
 42
-0.001601
  0
VERTEX
  8
0
 10
331.867349
 20
198.592020
 42
-0.009136
  0
VERTEX
  8
0
 10
337.107352
 20
198.462110
 42
-0.717324
  0
VERTEX
  8
0
 10
337.172749
 20
198.237412
 42
-0.135952
  0
SEQEND
  0
POLYLINE
  8
0
 66
1
 70
1
  0
VERTEX
  8
0
 10
207.000000
 20
160.500000
 42
0.000000
  0
VERTEX
  8
0
 10
207.000000
 20
155.000000
 42
0.000000
  0
VERTEX
  8
0
 10
176.000000
 20
155.000000
 42
0.000000
  0
VERTEX
  8
0
 10
145.000000
 20
155.000000
 42
0.000000
  0
VERTEX
  8
0
 10
145.000000
 20
160.500000
 42
0.000000
  0
VERTEX
  8
0
 10
145.000000
 20
166.000000
 42
0.000000
  0
VERTEX
  8
0
 10
176.000000
 20
166.000000
 42
0.000000
  0
VERTEX
  8
0
 10
207.000000
 20
166.000000
 42
0.000000
  0
SEQEND
  0
POLYLINE
  8
0
 66
1
 70
1
  0
VERTEX
  8
0
 10
207.000000
 20
148.500000
 42
0.000000
  0
VERTEX
  8
0
 10
207.000000
 20
143.000000
 42
0.000000
  0
VERTEX
  8
0
 10
176.000000
 20
143.000000
 42
0.000000
  0
VERTEX
  8
0
 10
145.000000
 20
143.000000
 42
0.000000
  0
VERTEX
  8
0
 10
145.000000
 20
148.500000
 42
0.000000
  0
VERTEX
  8
0
 10
145.000000
 20
154.000000
 42
0.000000
  0
VERTEX
  8
0
 10
176.000000
 20
154.000000
 42
0.000000
  0
VERTEX
  8
0
 10
207.000000
 20
154.000000
 42
0.000000
  0
SEQEND
  0
POLYLINE
  8
0
 66
1
 70
1
  0
VERTEX
  8
0
 10
365.250000
 20
145.276604
 42
-0.019375
  0
VERTEX
  8
0
 10
363.770235
 20
145.150935
 42
-0.011494
  0
VERTEX
  8
0
 10
362.000000
 20
145.110234
 42
-0.011494
  0
VERTEX
  8
0
 10
360.229765
 20
145.150935
 42
-0.019375
  0
VERTEX
  8
0
 10
358.750000
 20
145.276604
 42
-0.108536
  0
VERTEX
  8
0
 10
358.333801
 20
145.423685
 42
-0.707215
  0
VERTEX
  8
0
 10
358.364062
 20
145.561450
 42
-0.025693
  0
VERTEX
  8
0
 10
359.670434
 20
145.655793
 42
-0.005179
  0
VERTEX
  8
0
 10
362.000000
 20
145.679926
 42
-0.005179
  0
VERTEX
  8
0
 10
364.329566
 20
145.655793
 42
-0.025693
  0
VERTEX
  8
0
 10
365.635938
 20
145.561450
 42
-0.707215
  0
VERTEX
  8
0
 10
365.666199
 20
145.423685
 42
-0.108536
  0
SEQEND
  0
POLYLINE
  8
0
 66
1
 70
1
  0
VERTEX
  8
0
 10
418.812500
 20
613.316886
 42
0.051402
  0
VERTEX
  8
0
 10
419.359369
 20
613.160852
 42
0.054150
  0
VERTEX
  8
0
 10
419.916927
 20
613.123424
 42
0.060344
  0
VERTEX
  8
0
 10
420.402231
 20
613.202593
 42
0.126455
  0
VERTEX
  8
0
 10
420.729167
 20
613.395833
 42
0.296942
  0
VERTEX
  8
0
 10
420.775380
 20
613.614691
 42
0.208169
  0
VERTEX
  8
0
 10
420.592839
 20
613.799335
 42
0.077125
  0
VERTEX
  8
0
 10
420.112848
 20
613.910055
 42
0.028489
  0
VERTEX
  8
0
 10
419.416667
 20
613.921053
 42
0.018894
  0
VERTEX
  8
0
 10
418.670344
 20
613.862007
 42
0.168741
  0
VERTEX
  8
0
 10
418.378580
 20
613.720685
 42
0.470617
  0
VERTEX
  8
0
 10
418.395823
 20
613.538436
 42
0.054073
  0
SEQEND
  0
POLYLINE
  8
0
 66
1
 70
1
  0
VERTEX
  8
0
 10
425.750000
 20
613.294267
 42
0.029693
  0
VERTEX
  8
0
 10
426.774707
 20
613.159351
 42
0.017887
  0
VERTEX
  8
0
 10
428.000000
 20
613.115502
 42
0.017887
  0
VERTEX
  8
0
 10
429.225293
 20
613.159351
 42
0.029693
  0
VERTEX
  8
0
 10
430.250000
 20
613.294267
 42
0.142433
  0
VERTEX
  8
0
 10
430.560023
 20
613.453014
 42
0.611425
  0
VERTEX
  8
0
 10
430.517188
 20
613.600334
 42
0.039503
  0
VERTEX
  8
0
 10
429.611490
 20
613.701569
 42
0.008087
  0
VERTEX
  8
0
 10
428.000000
 20
613.727636
 42
0.008087
  0
VERTEX
  8
0
 10
426.388510
 20
613.701569
 42
0.039503
  0
VERTEX
  8
0
 10
425.482812
 20
613.600334
 42
0.611425
  0
VERTEX
  8
0
 10
425.439977
 20
613.453014
 42
0.142433
  0
SEQEND
  0
POLYLINE
  8
0
 66
1
 70
1
  0
VERTEX
  8
0
 10
445.000000
 20
611.791667
 42
-0.018409
  0
VERTEX
  8
0
 10
444.955940
 20
610.595361
 42
-0.009056
  0
VERTEX
  8
0
 10
444.816406
 20
609.078646
 42
-0.008972
  0
VERTEX
  8
0
 10
444.614453
 20
607.506957
 42
-0.012915
  0
VERTEX
  8
0
 10
444.375000
 20
606.125000
 42
0.020177
  0
VERTEX
  8
0
 10
444.118570
 20
604.505628
 42
0.109527
  0
VERTEX
  8
0
 10
444.208082
 20
603.626632
 42
0.211209
  0
VERTEX
  8
0
 10
444.624690
 20
603.166660
 42
0.105015
  0
VERTEX
  8
0
 10
445.409443
 20
603.000000
 42
0.158409
  0
VERTEX
  8
0
 10
446.224438
 20
603.264851
 42
0.191305
  0
VERTEX
  8
0
 10
446.651819
 20
603.940004
 42
0.069281
  0
VERTEX
  8
0
 10
446.718211
 20
605.323359
 42
0.009133
  0
VERTEX
  8
0
 10
446.398975
 20
608.250000
 42
0.006508
  0
VERTEX
  8
0
 10
445.867053
 20
612.026451
 42
0.055869
  0
VERTEX
  8
0
 10
445.421832
 20
613.669813
 42
0.775776
  0
VERTEX
  8
0
 10
445.116263
 20
613.631422
 42
0.031566
  0
SEQEND
  0
POLYLINE
  8
0
 66
1
 70
1
  0
VERTEX
  8
0
 10
447.812500
 20
613.316886
 42
0.051402
  0
VERTEX
  8
0
 10
448.359369
 20
613.160852
 42
0.054150
  0
VERTEX
  8
0
 10
448.916927
 20
613.123424
 42
0.060344
  0
VERTEX
  8
0
 10
449.402231
 20
613.202593
 42
0.126455
  0
VERTEX
  8
0
 10
449.729167
 20
613.395833
 42
0.296942
  0
VERTEX
  8
0
 10
449.775380
 20
613.614691
 42
0.208169
  0
VERTEX
  8
0
 10
449.592839
 20
613.799335
 42
0.077125
  0
VERTEX
  8
0
 10
449.112848
 20
613.910055
 42
0.028489
  0
VERTEX
  8
0
 10
448.416667
 20
613.921053
 42
0.018894
  0
VERTEX
  8
0
 10
447.670344
 20
613.862007
 42
0.168741
  0
VERTEX
  8
0
 10
447.378580
 20
613.720685
 42
0.470617
  0
VERTEX
  8
0
 10
447.395823
 20
613.538436
 42
0.054073
  0
SEQEND
  0
POLYLINE
  8
0
 66
1
 70
1
  0
VERTEX
  8
0
 10
444.999065
 20
337.000000
 42
0.000156
  0
VERTEX
  8
0
 10
444.839128
 20
235.023106
 42
0.000256
  0
VERTEX
  8
0
 10
444.774860
 20
148.756250
 42
0.000015
  0
VERTEX
  8
0
 10
444.759122
 20
71.050133
 42
0.043297
  0
VERTEX
  8
0
 10
444.936629
 20
69.000000
 42
0.003348
  0
VERTEX
  8
0
 10
445.239117
 20
67.333945
 42
0.497988
  0
VERTEX
  8
0
 10
445.390743
 20
67.258742
 42
0.232536
  0
VERTEX
  8
0
 10
445.546056
 20
67.462963
 42
0.001904
  0
VERTEX
  8
0
 10
445.936629
 20
69.500000
 42
0.046358
  0
VERTEX
  8
0
 10
446.165654
 20
71.956113
 42
0.000024
  0
VERTEX
  8
0
 10
446.187360
 20
149.462500
 42
0.000330
  0
VERTEX
  8
0
 10
446.150588
 20
235.680606
 42
0.000201
  0
VERTEX
  8
0
 10
445.999065
 20
337.500000
 42
0.000000
  0
VERTEX
  8
0
 10
445.498130
 20
602.500000
 42
0.000000
  0
SEQEND
  0
POLYLINE
  8
0
 66
1
 70
1
  0
VERTEX
  8
0
 10
430.269032
 20
361.307009
 42
0.037336
  0
VERTEX
  8
0
 10
431.036634
 20
361.167106
 42
0.029507
  0
VERTEX
  8
0
 10
431.880008
 20
361.127736
 42
0.030339
  0
VERTEX
  8
0
 10
432.671085
 20
361.185595
 42
0.062780
  0
VERTEX
  8
0
 10
433.269032
 20
361.344063
 42
0.313180
  0
VERTEX
  8
0
 10
433.386009
 20
361.522870
 42
0.333666
  0
VERTEX
  8
0
 10
433.257153
 20
361.684921
 42
0.052471
  0
VERTEX
  8
0
 10
432.580113
 20
361.787295
 42
0.014395
  0
VERTEX
  8
0
 10
431.500000
 20
361.805051
 42
0.012823
  0
VERTEX
  8
0
 10
430.431793
 20
361.764444
 42
0.080377
  0
VERTEX
  8
0
 10
429.900903
 20
361.643467
 42
0.597527
  0
VERTEX
  8
0
 10
429.883358
 20
361.483340
 42
0.087174
  0
SEQEND
  0
POLYLINE
  8
0
 66
1
 70
1
  0
VERTEX
  8
0
 10
430.269032
 20
358.307009
 42
0.037336
  0
VERTEX
  8
0
 10
431.036634
 20
358.167106
 42
0.029507
  0
VERTEX
  8
0
 10
431.880008
 20
358.127736
 42
0.030339
  0
VERTEX
  8
0
 10
432.671085
 20
358.185595
 42
0.062780
  0
VERTEX
  8
0
 10
433.269032
 20
358.344063
 42
0.313180
  0
VERTEX
  8
0
 10
433.386009
 20
358.522870
 42
0.333666
  0
VERTEX
  8
0
 10
433.257153
 20
358.684921
 42
0.052471
  0
VERTEX
  8
0
 10
432.580113
 20
358.787295
 42
0.014395
  0
VERTEX
  8
0
 10
431.500000
 20
358.805051
 42
0.012823
  0
VERTEX
  8
0
 10
430.431793
 20
358.764444
 42
0.080377
  0
VERTEX
  8
0
 10
429.900903
 20
358.643467
 42
0.597527
  0
VERTEX
  8
0
 10
429.883358
 20
358.483340
 42
0.087174
  0
SEQEND
  0
POLYLINE
  8
0
 66
1
 70
1
  0
VERTEX
  8
0
 10
436.000000
 20
355.000000
 42
-0.254951
  0
VERTEX
  8
0
 10
435.790443
 20
354.615738
 42
-0.062710
  0
VERTEX
  8
0
 10
435.118750
 20
354.293750
 42
-0.048861
  0
VERTEX
  8
0
 10
434.149251
 20
354.072766
 42
-0.031626
  0
VERTEX
  8
0
 10
433.000000
 20
354.000000
 42
0.047520
  0
VERTEX
  8
0
 10
430.742598
 20
353.784970
 42
0.384258
  0
VERTEX
  8
0
 10
430.166626
 20
353.022792
 42
0.191691
  0
VERTEX
  8
0
 10
430.780164
 20
351.801003
 42
0.018760
  0
VERTEX
  8
0
 10
433.376579
 20
349.661935
 42
0.023005
  0
VERTEX
  8
0
 10
435.779571
 20
347.998123
 42
0.191903
  0
VERTEX
  8
0
 10
437.056246
 20
347.765275
 42
0.301830
  0
VERTEX
  8
0
 10
437.790429
 20
348.498966
 42
0.049907
  0
VERTEX
  8
0
 10
438.000000
 20
350.593343
 42
-0.067526
  0
VERTEX
  8
0
 10
438.125968
 20
351.521835
 42
-0.075760
  0
VERTEX
  8
0
 10
438.494172
 20
352.344302
 42
-0.082427
  0
VERTEX
  8
0
 10
439.057276
 20
352.965182
 42
-0.103887
  0
VERTEX
  8
0
 10
439.750000
 20
353.310674
 42
0.001923
  0
VERTEX
  8
0
 10
440.926177
 20
353.622879
 42
0.339035
  0
VERTEX
  8
0
 10
441.000000
 20
353.719237
 42
0.392517
  0
VERTEX
  8
0
 10
440.923939
 20
353.801199
 42
0.002113
  0
VERTEX
  8
0
 10
439.750000
 20
353.883999
 42
-0.054605
  0
VERTEX
  8
0
 10
439.080606
 20
354.002555
 42
-0.070943
  0
VERTEX
  8
0
 10
438.514063
 20
354.259675
 42
-0.087360
  0
VERTEX
  8
0
 10
438.132621
 20
354.609345
 42
-0.165114
  0
VERTEX
  8
0
 10
438.000000
 20
355.000000
 42
0.099038
  0
VERTEX
  8
0
 10
437.923658
 20
355.381638
 42
0.097945
  0
VERTEX
  8
0
 10
437.706250
 20
355.706250
 42
0.097945
  0
VERTEX
  8
0
 10
437.381638
 20
355.923658
 42
0.099038
  0
VERTEX
  8
0
 10
437.000000
 20
356.000000
 42
0.099038
  0
VERTEX
  8
0
 10
436.618362
 20
355.923658
 42
0.097945
  0
VERTEX
  8
0
 10
436.293750
 20
355.706250
 42
0.097945
  0
VERTEX
  8
0
 10
436.076342
 20
355.381638
 42
0.099038
  0
SEQEND
  0
POLYLINE
  8
0
 66
1
 70
1
  0
VERTEX
  8
0
 10
436.000000
 20
351.000000
 42
-0.016222
  0
VERTEX
  8
0
 10
435.975118
 20
350.233308
 42
-0.026491
  0
VERTEX
  8
0
 10
435.898653
 20
349.587500
 42
-0.024733
  0
VERTEX
  8
0
 10
435.790133
 20
349.102851
 42
-0.337243
  0
VERTEX
  8
0
 10
435.654988
 20
349.000000
 42
-0.180624
  0
VERTEX
  8
0
 10
435.448158
 20
349.077237
 42
-0.008331
  0
VERTEX
  8
0
 10
434.879642
 20
349.587500
 42
-0.012942
  0
VERTEX
  8
0
 10
434.218546
 20
350.233690
 42
-0.008839
  0
VERTEX
  8
0
 10
433.500000
 20
351.000000
 42
-0.007247
  0
VERTEX
  8
0
 10
432.342025
 20
352.317434
 42
-0.222937
  0
VERTEX
  8
0
 10
432.229349
 20
352.727955
 42
-0.349021
  0
VERTEX
  8
0
 10
432.491255
 20
352.961570
 42
-0.014191
  0
VERTEX
  8
0
 10
433.845012
 20
353.000000
 42
-0.061622
  0
VERTEX
  8
0
 10
434.812972
 20
352.880250
 42
-0.126147
  0
VERTEX
  8
0
 10
435.480627
 20
352.517980
 42
-0.133516
  0
VERTEX
  8
0
 10
435.868413
 20
351.895615
 42
-0.073070
  0
SEQEND
  0
POLYLINE
  8
0
 66
1
 70
1
  0
VERTEX
  8
0
 10
435.000000
 20
343.559017
 42
0.037227
  0
VERTEX
  8
0
 10
435.073066
 20
342.579009
 42
0.055981
  0
VERTEX
  8
0
 10
435.293750
 20
341.751711
 42
0.073461
  0
VERTEX
  8
0
 10
435.616918
 20
341.186221
 42
0.230178
  0
VERTEX
  8
0
 10
436.000000
 20
341.000000
 42
0.186414
  0
VERTEX
  8
0
 10
436.381787
 20
341.147465
 42
0.089706
  0
VERTEX
  8
0
 10
436.706250
 20
341.570164
 42
0.069539
  0
VERTEX
  8
0
 10
436.926216
 20
342.198222
 42
0.049547
  0
VERTEX
  8
0
 10
437.000000
 20
342.940983
 42
0.046881
  0
VERTEX
  8
0
 10
436.925923
 20
343.729296
 42
0.046318
  0
VERTEX
  8
0
 10
436.706250
 20
344.493350
 42
0.050262
  0
VERTEX
  8
0
 10
436.383556
 20
345.123976
 42
0.111412
  0
VERTEX
  8
0
 10
436.000000
 20
345.500000
 42
0.253782
  0
VERTEX
  8
0
 10
435.615199
 20
345.521766
 42
0.165100
  0
VERTEX
  8
0
 10
435.287316
 20
345.205217
 42
0.083483
  0
VERTEX
  8
0
 10
435.068671
 20
344.520664
 42
0.035659
  0
SEQEND
  0
POLYLINE
  8
0
 66
1
 70
1
  0
VERTEX
  8
0
 10
429.000000
 20
338.000000
 42
0.191087
  0
VERTEX
  8
0
 10
429.151477
 20
337.618118
 42
0.088204
  0
VERTEX
  8
0
 10
429.587500
 20
337.293750
 42
0.068025
  0
VERTEX
  8
0
 10
430.234582
 20
337.073693
 42
0.048028
  0
VERTEX
  8
0
 10
431.000000
 20
337.000000
 42
0.048028
  0
VERTEX
  8
0
 10
431.765418
 20
337.073693
 42
0.068025
  0
VERTEX
  8
0
 10
432.412500
 20
337.293750
 42
0.088204
  0
VERTEX
  8
0
 10
432.848523
 20
337.618118
 42
0.191087
  0
VERTEX
  8
0
 10
433.000000
 20
338.000000
 42
0.191087
  0
VERTEX
  8
0
 10
432.848523
 20
338.381882
 42
0.088204
  0
VERTEX
  8
0
 10
432.412500
 20
338.706250
 42
0.068025
  0
VERTEX
  8
0
 10
431.765418
 20
338.926307
 42
0.048028
  0
VERTEX
  8
0
 10
431.000000
 20
339.000000
 42
0.048028
  0
VERTEX
  8
0
 10
430.234582
 20
338.926307
 42
0.068025
  0
VERTEX
  8
0
 10
429.587500
 20
338.706250
 42
0.088204
  0
VERTEX
  8
0
 10
429.151477
 20
338.381882
 42
0.191087
  0
SEQEND
  0
POLYLINE
  8
0
 66
1
 70
1
  0
VERTEX
  8
0
 10
439.074646
 20
333.750000
 42
-0.020948
  0
VERTEX
  8
0
 10
439.276667
 20
331.440271
 42
-0.238919
  0
VERTEX
  8
0
 10
438.911792
 20
330.631248
 42
-0.336807
  0
VERTEX
  8
0
 10
438.164971
 20
330.610098
 42
-0.033201
  0
VERTEX
  8
0
 10
436.685549
 20
331.825686
 42
0.041297
  0
VERTEX
  8
0
 10
435.638741
 20
332.657826
 42
0.034762
  0
VERTEX
  8
0
 10
434.408963
 20
333.361295
 42
0.036167
  0
VERTEX
  8
0
 10
433.188723
 20
333.845564
 42
0.076523
  0
VERTEX
  8
0
 10
432.185549
 20
334.000000
 42
0.065865
  0
VERTEX
  8
0
 10
431.082936
 20
333.854119
 42
0.171169
  0
VERTEX
  8
0
 10
430.432129
 20
333.406837
 42
0.127811
  0
VERTEX
  8
0
 10
430.093894
 20
332.548479
 42
0.030290
  0
VERTEX
  8
0
 10
430.000000
 20
331.000000
 42
0.028607
  0
VERTEX
  8
0
 10
430.065818
 20
329.850567
 42
0.044782
  0
VERTEX
  8
0
 10
430.266249
 20
328.881250
 42
0.056032
  0
VERTEX
  8
0
 10
430.557294
 20
328.203013
 42
0.269637
  0
VERTEX
  8
0
 10
430.906380
 20
328.000000
 42
0.231629
  0
VERTEX
  8
0
 10
431.212074
 20
328.149644
 42
0.111697
  0
VERTEX
  8
0
 10
431.401546
 20
328.554348
 42
0.074391
  0
VERTEX
  8
0
 10
431.442396
 20
329.164183
 42
0.043566
  0
VERTEX
  8
0
 10
431.319262
 20
329.887141
 42
-0.127454
  0
VERTEX
  8
0
 10
431.315210
 20
331.698317
 42
-0.331016
  0
VERTEX
  8
0
 10
432.271268
 20
332.471707
 42
-0.158661
  0
VERTEX
  8
0
 10
434.091174
 20
331.960461
 42
-0.045336
  0
VERTEX
  8
0
 10
436.402155
 20
330.094835
 42
0.020266
  0
VERTEX
  8
0
 10
437.689355
 20
328.944631
 42
0.032554
  0
VERTEX
  8
0
 10
438.883878
 20
328.085269
 42
0.034819
  0
VERTEX
  8
0
 10
439.861697
 20
327.565036
 42
0.310633
  0
VERTEX
  8
0
 10
440.315749
 20
327.649083
 42
0.177776
  0
VERTEX
  8
0
 10
440.932093
 20
328.980591
 42
0.032643
  0
VERTEX
  8
0
 10
440.977229
 20
331.735135
 42
0.030394
  0
VERTEX
  8
0
 10
440.685456
 20
334.385487
 42
0.365137
  0
VERTEX
  8
0
 10
439.956163
 20
335.000000
 42
0.124261
  0
VERTEX
  8
0
 10
439.571023
 20
334.902783
 42
0.116034
  0
VERTEX
  8
0
 10
439.266635
 20
334.632812
 42
0.103799
  0
VERTEX
  8
0
 10
439.091687
 20
334.227367
 42
0.082595
  0
SEQEND
  0
POLYLINE
  8
0
 66
1
 70
1
  0
VERTEX
  8
0
 10
430.149832
 20
322.250000
 42
0.023469
  0
VERTEX
  8
0
 10
430.151396
 20
320.431302
 42
0.145589
  0
VERTEX
  8
0
 10
430.456600
 20
319.560017
 42
0.192104
  0
VERTEX
  8
0
 10
431.140223
 20
319.126516
 42
0.046421
  0
VERTEX
  8
0
 10
432.500000
 20
319.000000
 42
0.044995
  0
VERTEX
  8
0
 10
433.669782
 20
319.105482
 42
0.120661
  0
VERTEX
  8
0
 10
434.427998
 20
319.444098
 42
0.147833
  0
VERTEX
  8
0
 10
434.853613
 20
320.043973
 42
0.081061
  0
VERTEX
  8
0
 10
435.000000
 20
320.940983
 42
-0.048823
  0
VERTEX
  8
0
 10
435.077356
 20
321.731297
 42
-0.047157
  0
VERTEX
  8
0
 10
435.306618
 20
322.501302
 42
-0.050939
  0
VERTEX
  8
0
 10
435.643590
 20
323.140097
 42
-0.107920
  0
VERTEX
  8
0
 10
436.043805
 20
323.527073
 42
-0.219005
  0
VERTEX
  8
0
 10
437.305650
 20
323.682264
 42
-0.128916
  0
VERTEX
  8
0
 10
438.613401
 20
322.852780
 42
-0.113124
  0
VERTEX
  8
0
 10
439.461886
 20
321.383983
 42
-0.152640
  0
VERTEX
  8
0
 10
439.455190
 20
319.858817
 42
0.050963
  0
VERTEX
  8
0
 10
439.302670
 20
319.127078
 42
0.096994
  0
VERTEX
  8
0
 10
439.356341
 20
318.530534
 42
0.144427
  0
VERTEX
  8
0
 10
439.602276
 20
318.146828
 42
0.180405
  0
VERTEX
  8
0
 10
439.995971
 20
318.000000
 42
0.249754
  0
VERTEX
  8
0
 10
440.429376
 20
318.230891
 42
0.086569
  0
VERTEX
  8
0
 10
440.727135
 20
318.899271
 42
0.057083
  0
VERTEX
  8
0
 10
440.864654
 20
319.932248
 42
0.028615
  0
VERTEX
  8
0
 10
440.813358
 20
321.250000
 42
0.028437
  0
VERTEX
  8
0
 10
440.532611
 20
323.070859
 42
0.147356
  0
VERTEX
  8
0
 10
440.047862
 20
323.953053
 42
0.160043
  0
VERTEX
  8
0
 10
439.179658
 20
324.381423
 42
0.035254
  0
VERTEX
  8
0
 10
437.500000
 20
324.500000
 42
0.034859
  0
VERTEX
  8
0
 10
435.983449
 20
324.394141
 42
0.114571
  0
VERTEX
  8
0
 10
435.052922
 20
324.035871
 42
0.142929
  0
VERTEX
  8
0
 10
434.492064
 20
323.357964
 42
0.066642
  0
VERTEX
  8
0
 10
434.180449
 20
322.250000
 42
-0.106944
  0
VERTEX
  8
0
 10
433.560703
 20
320.573867
 42
-0.294851
  0
VERTEX
  8
0
 10
432.467392
 20
320.072308
 42
-0.237858
  0
VERTEX
  8
0
 10
431.348070
 20
320.855258
 42
-0.085970
  0
VERTEX
  8
0
 10
430.716254
 20
322.750000
 42
0.001448
  0
VERTEX
  8
0
 10
430.436806
 20
324.559290
 42
0.591928
  0
VERTEX
  8
0
 10
430.339937
 20
324.594183
 42
0.202175
  0
VERTEX
  8
0
 10
430.253519
 20
324.414657
 42
0.000897
  0
SEQEND
  0
POLYLINE
  8
0
 66
1
 70
1
  0
VERTEX
  8
0
 10
29.483433
 20
135.000000
 42
0.000192
  0
VERTEX
  8
0
 10
29.499312
 20
93.581532
 42
0.000962
  0
VERTEX
  8
0
 10
29.561690
 20
70.392187
 42
0.985995
  0
VERTEX
  8
0
 10
29.653104
 20
70.391320
 42
0.004745
  0
VERTEX
  8
0
 10
29.749840
 20
77.250000
 42
0.000727
  0
VERTEX
  8
0
 10
29.832900
 20
103.539520
 42
0.000426
  0
VERTEX
  8
0
 10
29.859732
 20
135.000000
 42
0.000426
  0
VERTEX
  8
0
 10
29.832900
 20
166.460480
 42
0.000727
  0
VERTEX
  8
0
 10
29.749840
 20
192.750000
 42
0.004745
  0
VERTEX
  8
0
 10
29.653104
 20
199.608680
 42
0.985995
  0
VERTEX
  8
0
 10
29.561690
 20
199.607812
 42
0.000962
  0
VERTEX
  8
0
 10
29.499312
 20
176.418468
 42
0.000192
  0
SEQEND
  0
POLYLINE
  8
0
 66
1
 70
1
  0
VERTEX
  8
0
 10
61.202283
 20
118.829369
 42
0.015182
  0
VERTEX
  8
0
 10
61.407013
 20
116.229118
 42
0.030501
  0
VERTEX
  8
0
 10
61.755027
 20
114.200748
 42
0.035837
  0
VERTEX
  8
0
 10
62.203857
 20
112.762784
 42
0.223019
  0
VERTEX
  8
0
 10
62.750000
 20
112.246036
 42
0.207708
  0
VERTEX
  8
0
 10
63.279893
 20
112.294228
 42
0.159518
  0
VERTEX
  8
0
 10
63.682111
 20
112.722414
 42
0.082060
  0
VERTEX
  8
0
 10
63.926984
 20
113.593587
 42
0.027572
  0
VERTEX
  8
0
 10
64.000000
 20
114.916667
 42
-0.028316
  0
VERTEX
  8
0
 10
64.094757
 20
116.588549
 42
-0.142979
  0
VERTEX
  8
0
 10
64.452703
 20
117.441667
 42
-0.176063
  0
VERTEX
  8
0
 10
65.168227
 20
117.871492
 42
-0.048135
  0
VERTEX
  8
0
 10
66.500000
 20
118.000000
 42
0.038131
  0
VERTEX
  8
0
 10
67.457356
 20
118.073116
 42
0.057076
  0
VERTEX
  8
0
 10
68.265625
 20
118.293750
 42
0.074992
  0
VERTEX
  8
0
 10
68.817169
 20
118.617064
 42
0.226478
  0
VERTEX
  8
0
 10
69.000000
 20
119.000000
 42
0.226478
  0
VERTEX
  8
0
 10
68.817169
 20
119.382936
 42
0.074992
  0
VERTEX
  8
0
 10
68.265625
 20
119.706250
 42
0.057076
  0
VERTEX
  8
0
 10
67.457356
 20
119.926884
 42
0.038131
  0
VERTEX
  8
0
 10
66.500000
 20
120.000000
 42
-0.047160
  0
VERTEX
  8
0
 10
65.456621
 20
120.098630
 42
-0.088208
  0
VERTEX
  8
0
 10
64.666667
 20
120.400000
 42
-0.118484
  0
VERTEX
  8
0
 10
64.177821
 20
120.880020
 42
-0.140575
  0
VERTEX
  8
0
 10
64.000000
 20
121.500000
 42
-0.152103
  0
VERTEX
  8
0
 10
64.202091
 20
122.148955
 42
-0.126510
  0
VERTEX
  8
0
 10
64.750000
 20
122.625000
 42
-0.082504
  0
VERTEX
  8
0
 10
65.677925
 20
122.911037
 42
-0.033607
  0
VERTEX
  8
0
 10
67.000000
 20
123.000000
 42
0.031626
  0
VERTEX
  8
0
 10
68.149251
 20
123.072766
 42
0.048861
  0
VERTEX
  8
0
 10
69.118750
 20
123.293750
 42
0.062710
  0
VERTEX
  8
0
 10
69.790443
 20
123.615738
 42
0.254951
  0
VERTEX
  8
0
 10
70.000000
 20
124.000000
 42
0.311764
  0
VERTEX
  8
0
 10
69.731583
 20
124.388640
 42
0.036390
  0
VERTEX
  8
0
 10
68.664108
 20
124.706250
 42
0.033404
  0
VERTEX
  8
0
 10
67.195344
 20
124.927726
 42
0.020723
  0
VERTEX
  8
0
 10
65.452283
 20
125.000000
 42
0.000000
  0
VERTEX
  8
0
 10
60.904565
 20
125.000000
 42
0.000000
  0
SEQEND
  0
POLYLINE
  8
0
 66
1
 70
1
  0
VERTEX
  8
0
 10
72.000000
 20
118.500000
 42
0.013867
  0
VERTEX
  8
0
 10
72.070361
 20
115.963427
 42
0.024301
  0
VERTEX
  8
0
 10
72.288462
 20
113.875000
 42
0.022017
  0
VERTEX
  8
0
 10
72.599474
 20
112.314102
 42
0.345347
  0
VERTEX
  8
0
 10
73.000000
 20
112.000000
 42
0.345347
  0
VERTEX
  8
0
 10
73.400526
 20
112.314102
 42
0.022017
  0
VERTEX
  8
0
 10
73.711538
 20
113.875000
 42
0.024301
  0
VERTEX
  8
0
 10
73.929639
 20
115.963427
 42
0.013867
  0
VERTEX
  8
0
 10
74.000000
 20
118.500000
 42
0.013867
  0
VERTEX
  8
0
 10
73.929639
 20
121.036573
 42
0.024301
  0
VERTEX
  8
0
 10
73.711538
 20
123.125000
 42
0.022017
  0
VERTEX
  8
0
 10
73.400526
 20
124.685898
 42
0.345347
  0
VERTEX
  8
0
 10
73.000000
 20
125.000000
 42
0.345347
  0
VERTEX
  8
0
 10
72.599474
 20
124.685898
 42
0.022017
  0
VERTEX
  8
0
 10
72.288462
 20
123.125000
 42
0.024301
  0
VERTEX
  8
0
 10
72.070361
 20
121.036573
 42
0.013867
  0
SEQEND
  0
POLYLINE
  8
0
 66
1
 70
1
  0
VERTEX
  8
0
 10
77.000000
 20
118.416667
 42
0.009433
  0
VERTEX
  8
0
 10
77.059391
 20
115.268832
 42
0.040627
  0
VERTEX
  8
0
 10
77.281456
 20
113.410611
 42
0.094166
  0
VERTEX
  8
0
 10
77.671414
 20
112.456322
 42
0.342643
  0
VERTEX
  8
0
 10
78.250000
 20
112.254984
 42
0.128601
  0
VERTEX
  8
0
 10
78.728344
 20
112.569154
 42
0.067375
  0
VERTEX
  8
0
 10
79.132812
 20
113.161226
 42
0.060027
  0
VERTEX
  8
0
 10
79.406984
 20
113.924471
 42
0.056298
  0
VERTEX
  8
0
 10
79.500000
 20
114.747959
 42
-0.048531
  0
VERTEX
  8
0
 10
79.698550
 20
116.788742
 42
-0.332842
  0
VERTEX
  8
0
 10
80.402369
 20
117.423955
 42
-0.230465
  0
VERTEX
  8
0
 10
81.478919
 20
117.016981
 42
-0.029936
  0
VERTEX
  8
0
 10
83.100002
 20
115.078610
 42
0.025420
  0
VERTEX
  8
0
 10
84.067674
 20
113.900084
 42
0.030853
  0
VERTEX
  8
0
 10
85.092891
 20
112.904342
 42
0.032150
  0
VERTEX
  8
0
 10
86.036515
 20
112.194632
 42
0.146171
  0
VERTEX
  8
0
 10
86.688058
 20
112.000000
 42
0.096238
  0
VERTEX
  8
0
 10
87.610540
 20
112.179216
 42
0.336658
  0
VERTEX
  8
0
 10
87.901615
 20
112.667517
 42
0.107223
  0
VERTEX
  8
0
 10
87.580543
 20
113.618630
 42
0.010212
  0
VERTEX
  8
0
 10
86.271164
 20
115.708904
 42
-0.020021
  0
VERTEX
  8
0
 10
85.498448
 20
116.997980
 42
-0.084546
  0
VERTEX
  8
0
 10
85.206440
 20
117.846962
 42
-0.182795
  0
VERTEX
  8
0
 10
85.318212
 20
118.401164
 42
-0.173829
  0
VERTEX
  8
0
 10
85.771164
 20
118.757055
 42
0.234587
  0
VERTEX
  8
0
 10
86.716895
 20
119.697492
 42
0.097787
  0
VERTEX
  8
0
 10
86.960911
 20
121.529586
 42
0.092970
  0
VERTEX
  8
0
 10
86.489683
 20
123.390976
 42
0.195182
  0
VERTEX
  8
0
 10
85.418213
 20
124.393011
 42
0.046719
  0
VERTEX
  8
0
 10
84.582016
 20
124.627172
 42
0.014716
  0
VERTEX
  8
0
 10
83.296975
 20
124.821697
 42
0.014556
  0
VERTEX
  8
0
 10
81.842917
 20
124.955403
 42
0.015647
  0
VERTEX
  8
0
 10
80.418213
 20
125.000000
 42
0.000000
  0
VERTEX
  8
0
 10
77.000000
 20
125.000000
 42
0.000000
  0
SEQEND
  0
POLYLINE
  8
0
 66
1
 70
1
  0
VERTEX
  8
0
 10
84.504365
 20
121.992937
 42
-0.305767
  0
VERTEX
  8
0
 10
84.469927
 20
121.130359
 42
-0.141222
  0
VERTEX
  8
0
 10
83.538293
 20
120.412039
 42
-0.091791
  0
VERTEX
  8
0
 10
81.982169
 20
120.107651
 42
-0.094405
  0
VERTEX
  8
0
 10
80.436618
 20
120.385948
 42
-0.157841
  0
VERTEX
  8
0
 10
79.560427
 20
121.093774
 42
-0.286794
  0
VERTEX
  8
0
 10
79.543032
 20
121.981319
 42
-0.175128
  0
VERTEX
  8
0
 10
80.469972
 20
122.738686
 42
-0.084782
  0
VERTEX
  8
0
 10
82.000000
 20
123.000000
 42
-0.048595
  0
VERTEX
  8
0
 10
82.766055
 20
122.925370
 42
-0.047061
  0
VERTEX
  8
0
 10
83.511968
 20
122.704175
 42
-0.050865
  0
VERTEX
  8
0
 10
84.130402
 20
122.379079
 42
-0.108322
  0
SEQEND
  0
POLYLINE
  8
0
 66
1
 70
1
  0
VERTEX
  8
0
 10
90.035184
 20
123.065741
 42
0.030909
  0
VERTEX
  8
0
 10
89.202817
 20
121.248883
 42
0.217585
  0
VERTEX
  8
0
 10
89.260347
 20
120.302112
 42
0.158017
  0
VERTEX
  8
0
 10
90.038449
 20
119.550364
 42
0.014739
  0
VERTEX
  8
0
 10
92.500000
 20
118.435553
 42
-0.029604
  0
VERTEX
  8
0
 10
94.721016
 20
117.349031
 42
-0.127331
  0
VERTEX
  8
0
 10
95.771396
 20
116.335673
 42
-0.266696
  0
VERTEX
  8
0
 10
95.798981
 20
115.377390
 42
-0.131943
  0
VERTEX
  8
0
 10
94.936987
 20
114.461056
 42
-0.165248
  0
VERTEX
  8
0
 10
94.389931
 20
114.335250
 42
-0.062515
  0
VERTEX
  8
0
 10
93.615443
 20
114.513623
 42
-0.053143
  0
VERTEX
  8
0
 10
92.752884
 20
114.938205
 42
-0.043017
  0
VERTEX
  8
0
 10
91.930856
 20
115.562575
 42
0.039231
  0
VERTEX
  8
0
 10
90.484329
 20
116.678620
 42
0.243579
  0
VERTEX
  8
0
 10
89.581082
 20
116.770038
 42
0.345422
  0
VERTEX
  8
0
 10
89.203978
 20
116.124396
 42
0.057527
  0
VERTEX
  8
0
 10
89.586763
 20
114.634496
 42
0.217530
  0
VERTEX
  8
0
 10
91.498740
 20
112.758112
 42
0.119181
  0
VERTEX
  8
0
 10
94.826300
 20
112.389335
 42
0.125059
  0
VERTEX
  8
0
 10
97.845660
 20
113.580258
 42
0.241083
  0
VERTEX
  8
0
 10
99.000000
 20
115.835184
 42
0.100729
  0
VERTEX
  8
0
 10
98.680188
 20
117.406559
 42
0.095531
  0
VERTEX
  8
0
 10
97.768810
 20
118.761723
 42
0.095788
  0
VERTEX
  8
0
 10
96.421344
 20
119.678191
 42
0.101921
  0
VERTEX
  8
0
 10
94.859017
 20
120.000000
 42
-0.101143
  0
VERTEX
  8
0
 10
93.572021
 20
120.263031
 42
-0.113579
  0
VERTEX
  8
0
 10
92.551974
 20
121.005809
 42
-0.155076
  0
VERTEX
  8
0
 10
92.147242
 20
121.943379
 42
-0.224989
  0
VERTEX
  8
0
 10
92.445343
 20
122.778676
 42
-0.193995
  0
VERTEX
  8
0
 10
92.829177
 20
122.941941
 42
-0.058708
  0
VERTEX
  8
0
 10
93.471463
 20
122.878573
 42
-0.049097
  0
VERTEX
  8
0
 10
94.241479
 20
122.628739
 42
-0.036615
  0
VERTEX
  8
0
 10
95.031910
 20
122.212145
 42
0.027757
  0
VERTEX
  8
0
 10
97.000034
 20
121.129924
 42
0.178538
  0
VERTEX
  8
0
 10
98.111752
 20
121.025232
 42
0.396534
  0
VERTEX
  8
0
 10
98.490738
 20
121.634711
 42
0.073300
  0
VERTEX
  8
0
 10
98.000000
 20
123.000000
 42
0.161985
  0
VERTEX
  8
0
 10
96.438867
 20
124.478501
 42
0.107609
  0
VERTEX
  8
0
 10
94.012876
 20
125.027746
 42
0.108259
  0
VERTEX
  8
0
 10
91.590011
 20
124.517851
 42
0.165562
  0
SEQEND
  0
POLYLINE
  8
0
 66
1
 70
1
  0
VERTEX
  8
0
 10
100.000000
 20
124.000000
 42
0.191087
  0
VERTEX
  8
0
 10
100.151477
 20
123.618118
 42
0.088204
  0
VERTEX
  8
0
 10
100.587500
 20
123.293750
 42
0.068025
  0
VERTEX
  8
0
 10
101.234582
 20
123.073693
 42
0.048028
  0
VERTEX
  8
0
 10
102.000000
 20
123.000000
 42
-0.119789
  0
VERTEX
  8
0
 10
103.055335
 20
122.743485
 42
-0.189714
  0
VERTEX
  8
0
 10
103.660448
 20
122.052083
 42
-0.076598
  0
VERTEX
  8
0
 10
103.939002
 20
120.612019
 42
-0.009544
  0
VERTEX
  8
0
 10
104.000000
 20
117.416667
 42
0.023706
  0
VERTEX
  8
0
 10
104.214529
 20
112.894521
 42
0.429275
  0
VERTEX
  8
0
 10
105.238784
 20
112.091327
 42
0.330935
  0
VERTEX
  8
0
 10
106.324020
 20
113.175996
 42
0.022028
  0
VERTEX
  8
0
 10
106.802260
 20
117.828603
 42
-0.015233
  0
VERTEX
  8
0
 10
107.018587
 20
120.257031
 42
-0.051794
  0
VERTEX
  8
0
 10
107.369261
 20
121.804793
 42
-0.095953
  0
VERTEX
  8
0
 10
107.871654
 20
122.687096
 42
-0.218861
  0
VERTEX
  8
0
 10
108.552260
 20
123.000000
 42
0.067308
  0
VERTEX
  8
0
 10
109.105655
 20
123.074835
 42
0.084110
  0
VERTEX
  8
0
 10
109.574726
 20
123.293750
 42
0.099572
  0
VERTEX
  8
0
 10
109.888413
 20
123.618659
 42
0.143304
  0
VERTEX
  8
0
 10
110.000000
 20
124.000000
 42
0.322437
  0
VERTEX
  8
0
 10
109.719449
 20
124.389817
 42
0.031449
  0
VERTEX
  8
0
 10
108.531250
 20
124.706250
 42
0.030530
  0
VERTEX
  8
0
 10
106.916554
 20
124.927795
 42
0.018830
  0
VERTEX
  8
0
 10
105.000000
 20
125.000000
 42
0.018830
  0
VERTEX
  8
0
 10
103.083446
 20
124.927795
 42
0.030530
  0
VERTEX
  8
0
 10
101.468750
 20
124.706250
 42
0.031449
  0
VERTEX
  8
0
 10
100.280551
 20
124.389817
 42
0.322437
  0
SEQEND
  0
POLYLINE
  8
0
 66
1
 70
1
  0
VERTEX
  8
0
 10
117.000000
 20
118.500000
 42
0.013867
  0
VERTEX
  8
0
 10
117.070361
 20
115.963427
 42
0.024301
  0
VERTEX
  8
0
 10
117.288462
 20
113.875000
 42
0.022017
  0
VERTEX
  8
0
 10
117.599474
 20
112.314102
 42
0.345347
  0
VERTEX
  8
0
 10
118.000000
 20
112.000000
 42
0.254951
  0
VERTEX
  8
0
 10
118.384262
 20
112.209557
 42
0.062710
  0
VERTEX
  8
0
 10
118.706250
 20
112.881250
 42
0.048861
  0
VERTEX
  8
0
 10
118.927234
 20
113.850749
 42
0.031626
  0
VERTEX
  8
0
 10
119.000000
 20
115.000000
 42
-0.030103
  0
VERTEX
  8
0
 10
119.097235
 20
116.613599
 42
-0.144586
  0
VERTEX
  8
0
 10
119.458333
 20
117.450000
 42
-0.173074
  0
VERTEX
  8
0
 10
120.175563
 20
117.873428
 42
-0.047675
  0
VERTEX
  8
0
 10
121.500000
 20
118.000000
 42
0.038131
  0
VERTEX
  8
0
 10
122.457356
 20
118.073116
 42
0.057076
  0
VERTEX
  8
0
 10
123.265625
 20
118.293750
 42
0.074992
  0
VERTEX
  8
0
 10
123.817169
 20
118.617064
 42
0.226478
  0
VERTEX
  8
0
 10
124.000000
 20
119.000000
 42
0.226478
  0
VERTEX
  8
0
 10
123.817169
 20
119.382936
 42
0.074992
  0
VERTEX
  8
0
 10
123.265625
 20
119.706250
 42
0.057076
  0
VERTEX
  8
0
 10
122.457356
 20
119.926884
 42
0.038131
  0
VERTEX
  8
0
 10
121.500000
 20
120.000000
 42
-0.047160
  0
VERTEX
  8
0
 10
120.456621
 20
120.098630
 42
-0.088208
  0
VERTEX
  8
0
 10
119.666667
 20
120.400000
 42
-0.118484
  0
VERTEX
  8
0
 10
119.177821
 20
120.880020
 42
-0.140575
  0
VERTEX
  8
0
 10
119.000000
 20
121.500000
 42
-0.152103
  0
VERTEX
  8
0
 10
119.202091
 20
122.148955
 42
-0.126510
  0
VERTEX
  8
0
 10
119.750000
 20
122.625000
 42
-0.082504
  0
VERTEX
  8
0
 10
120.677925
 20
122.911037
 42
-0.033607
  0
VERTEX
  8
0
 10
122.000000
 20
123.000000
 42
0.031626
  0
VERTEX
  8
0
 10
123.149251
 20
123.072766
 42
0.048861
  0
VERTEX
  8
0
 10
124.118750
 20
123.293750
 42
0.062710
  0
VERTEX
  8
0
 10
124.790443
 20
123.615738
 42
0.254951
  0
VERTEX
  8
0
 10
125.000000
 20
124.000000
 42
0.295869
  0
VERTEX
  8
0
 10
124.748945
 20
124.387127
 42
0.043820
  0
VERTEX
  8
0
 10
123.825000
 20
124.706250
 42
0.037669
  0
VERTEX
  8
0
 10
122.532944
 20
124.927610
 42
0.023598
  0
VERTEX
  8
0
 10
121.000000
 20
125.000000
 42
0.000000
  0
VERTEX
  8
0
 10
117.000000
 20
125.000000
 42
0.000000
  0
SEQEND
  0
POLYLINE
  8
0
 66
1
 70
1
  0
VERTEX
  8
0
 10
127.202283
 20
118.750000
 42
0.000000
  0
VERTEX
  8
0
 10
127.500000
 20
112.500000
 42
0.000000
  0
VERTEX
  8
0
 10
131.250000
 20
112.500000
 42
0.039723
  0
VERTEX
  8
0
 10
133.846671
 20
112.706621
 42
0.230668
  0
VERTEX
  8
0
 10
134.939465
 20
113.474000
 42
0.458506
  0
VERTEX
  8
0
 10
134.633165
 20
114.301202
 42
0.058062
  0
VERTEX
  8
0
 10
132.531089
 20
114.816422
 42
-0.063602
  0
VERTEX
  8
0
 10
131.115851
 20
115.179906
 42
-0.187949
  0
VERTEX
  8
0
 10
130.394292
 20
115.852104
 42
-0.100696
  0
VERTEX
  8
0
 10
130.070218
 20
117.129167
 42
-0.011951
  0
VERTEX
  8
0
 10
130.000000
 20
120.066422
 42
0.014037
  0
VERTEX
  8
0
 10
129.930858
 20
122.528740
 42
0.062040
  0
VERTEX
  8
0
 10
129.671572
 20
123.953088
 42
0.131686
  0
VERTEX
  8
0
 10
129.188944
 20
124.712972
 42
0.187936
  0
VERTEX
  8
0
 10
128.452283
 20
125.000000
 42
0.213256
  0
VERTEX
  8
0
 10
127.700238
 20
124.663962
 42
0.134036
  0
VERTEX
  8
0
 10
127.262273
 20
123.788539
 42
0.052505
  0
VERTEX
  8
0
 10
127.102670
 20
122.067686
 42
0.008792
  0
SEQEND
  0
POLYLINE
  8
0
 66
1
 70
1
  0
VERTEX
  8
0
 10
138.412816
 20
122.507285
 42
0.089519
  0
VERTEX
  8
0
 10
137.484692
 20
120.321075
 42
0.088228
  0
VERTEX
  8
0
 10
137.372748
 20
117.936793
 42
0.085767
  0
VERTEX
  8
0
 10
138.094799
 20
115.604239
 42
0.078683
  0
VERTEX
  8
0
 10
139.572930
 20
113.569927
 42
0.085807
  0
VERTEX
  8
0
 10
141.143836
 20
112.462132
 42
0.110743
  0
VERTEX
  8
0
 10
142.860713
 20
112.073835
 42
0.098061
  0
VERTEX
  8
0
 10
144.737168
 20
112.441844
 42
0.055521
  0
VERTEX
  8
0
 10
146.777494
 20
113.556704
 42
0.139843
  0
VERTEX
  8
0
 10
148.321362
 20
115.458473
 42
0.084741
  0
VERTEX
  8
0
 10
149.001007
 20
118.297948
 42
0.083693
  0
VERTEX
  8
0
 10
148.702651
 20
121.237855
 42
0.130042
  0
VERTEX
  8
0
 10
147.428571
 20
123.428571
 42
0.120010
  0
VERTEX
  8
0
 10
145.312482
 20
124.715846
 42
0.102728
  0
VERTEX
  8
0
 10
142.711771
 20
124.984420
 42
0.102802
  0
VERTEX
  8
0
 10
140.220672
 20
124.195461
 42
0.120365
  0
SEQEND
  0
POLYLINE
  8
0
 66
1
 70
1
  0
VERTEX
  8
0
 10
145.800000
 20
121.800000
 42
-0.177586
  0
VERTEX
  8
0
 10
146.927302
 20
119.367001
 42
-0.151668
  0
VERTEX
  8
0
 10
146.311053
 20
116.593745
 42
-0.172705
  0
VERTEX
  8
0
 10
144.322999
 20
114.888198
 42
-0.217962
  0
VERTEX
  8
0
 10
141.930554
 20
115.037166
 42
-0.191730
  0
VERTEX
  8
0
 10
140.375396
 20
116.881504
 42
-0.129791
  0
VERTEX
  8
0
 10
140.198734
 20
119.658253
 42
-0.135922
  0
VERTEX
  8
0
 10
141.408724
 20
122.071334
 42
-0.212050
  0
VERTEX
  8
0
 10
143.500000
 20
123.000000
 42
-0.083080
  0
VERTEX
  8
0
 10
144.007161
 20
122.915144
 42
-0.037349
  0
VERTEX
  8
0
 10
144.629375
 20
122.647500
 42
-0.035644
  0
VERTEX
  8
0
 10
145.259643
 20
122.259217
 42
-0.040521
  0
SEQEND
  0
POLYLINE
  8
0
 66
1
 70
1
  0
VERTEX
  8
0
 10
152.654988
 20
123.171259
 42
0.155657
  0
VERTEX
  8
0
 10
151.195353
 20
119.960921
 42
0.122820
  0
VERTEX
  8
0
 10
151.679598
 20
116.154066
 42
0.127864
  0
VERTEX
  8
0
 10
153.863220
 20
113.129331
 42
0.174531
  0
VERTEX
  8
0
 10
157.000000
 20
112.000000
 42
0.131229
  0
VERTEX
  8
0
 10
159.104077
 20
112.561909
 42
0.082475
  0
VERTEX
  8
0
 10
161.084719
 20
114.185021
 42
0.078982
  0
VERTEX
  8
0
 10
162.507856
 20
116.444546
 42
0.101455
  0
VERTEX
  8
0
 10
163.000000
 20
118.845012
 42
0.150935
  0
VERTEX
  8
0
 10
161.952481
 20
122.236055
 42
0.144872
  0
VERTEX
  8
0
 10
159.160526
 20
124.511573
 42
0.149069
  0
VERTEX
  8
0
 10
155.643904
 20
124.864894
 42
0.161228
  0
SEQEND
  0
POLYLINE
  8
0
 66
1
 70
1
  0
VERTEX
  8
0
 10
158.572942
 20
122.234687
 42
-0.180895
  0
VERTEX
  8
0
 10
160.088915
 20
120.077005
 42
-0.146804
  0
VERTEX
  8
0
 10
159.983673
 20
117.232557
 42
-0.162980
  0
VERTEX
  8
0
 10
158.367486
 20
115.113731
 42
-0.216236
  0
VERTEX
  8
0
 10
156.007497
 20
114.708291
 42
-0.087239
  0
VERTEX
  8
0
 10
155.066294
 20
115.139736
 42
-0.119186
  0
VERTEX
  8
0
 10
154.446822
 20
115.832379
 42
-0.089849
  0
VERTEX
  8
0
 10
154.104784
 20
116.888433
 42
-0.033514
  0
VERTEX
  8
0
 10
154.000000
 20
118.449965
 42
-0.052415
  0
VERTEX
  8
0
 10
154.285714
 20
121.167985
 42
-0.169075
  0
VERTEX
  8
0
 10
155.213371
 20
122.700051
 42
-0.230306
  0
VERTEX
  8
0
 10
156.671638
 20
123.054824
 42
-0.096887
  0
SEQEND
  0
POLYLINE
  8
0
 66
1
 70
1
  0
VERTEX
  8
0
 10
165.202283
 20
118.750000
 42
0.014506
  0
VERTEX
  8
0
 10
165.388586
 20
116.322877
 42
0.026964
  0
VERTEX
  8
0
 10
165.702109
 20
114.374339
 42
0.027859
  0
VERTEX
  8
0
 10
166.084892
 20
112.986672
 42
0.394497
  0
VERTEX
  8
0
 10
166.500000
 20
112.762888
 42
0.168506
  0
VERTEX
  8
0
 10
166.888139
 20
113.023302
 42
0.061085
  0
VERTEX
  8
0
 10
167.224665
 20
113.605705
 42
0.051924
  0
VERTEX
  8
0
 10
167.464917
 20
114.387410
 42
0.041626
  0
VERTEX
  8
0
 10
167.562691
 20
115.262888
 42
-0.127069
  0
VERTEX
  8
0
 10
167.978820
 20
116.705675
 42
-0.321606
  0
VERTEX
  8
0
 10
168.924516
 20
117.122220
 42
-0.134737
  0
VERTEX
  8
0
 10
170.430060
 20
116.347420
 42
-0.029250
  0
VERTEX
  8
0
 10
172.482176
 20
114.227584
 42
0.033261
  0
VERTEX
  8
0
 10
174.395452
 20
112.282606
 42
0.352605
  0
VERTEX
  8
0
 10
175.431408
 20
112.231669
 42
0.361468
  0
VERTEX
  8
0
 10
175.682442
 20
113.222117
 42
0.033653
  0
VERTEX
  8
0
 10
174.351066
 20
115.586957
 42
-0.019567
  0
VERTEX
  8
0
 10
173.547075
 20
116.925453
 42
-0.080386
  0
VERTEX
  8
0
 10
173.231338
 20
117.814196
 42
-0.175484
  0
VERTEX
  8
0
 10
173.328476
 20
118.392204
 42
-0.185876
  0
VERTEX
  8
0
 10
173.771164
 20
118.757055
 42
0.234587
  0
VERTEX
  8
0
 10
174.716895
 20
119.697492
 42
0.097787
  0
VERTEX
  8
0
 10
174.960911
 20
121.529586
 42
0.092970
  0
VERTEX
  8
0
 10
174.489683
 20
123.390976
 42
0.195182
  0
VERTEX
  8
0
 10
173.418213
 20
124.393011
 42
0.047104
  0
VERTEX
  8
0
 10
172.579377
 20
124.627216
 42
0.014615
  0
VERTEX
  8
0
 10
171.282958
 20
124.821697
 42
0.014471
  0
VERTEX
  8
0
 10
169.813466
 20
124.955400
 42
0.015450
  0
VERTEX
  8
0
 10
168.370495
 20
125.000000
 42
0.000000
  0
VERTEX
  8
0
 10
164.904565
 20
125.000000
 42
0.000000
  0
SEQEND
  0
POLYLINE
  8
0
 66
1
 70
1
  0
VERTEX
  8
0
 10
172.281089
 20
121.500000
 42
-0.261610
  0
VERTEX
  8
0
 10
171.557661
 20
120.687159
 42
-0.048501
  0
VERTEX
  8
0
 10
169.537210
 20
120.203719
 42
-0.053132
  0
VERTEX
  8
0
 10
167.580498
 20
120.141536
 42
-0.392588
  0
VERTEX
  8
0
 10
167.000000
 20
120.766911
 42
-0.123512
  0
VERTEX
  8
0
 10
167.249754
 20
121.762542
 42
-0.138252
  0
VERTEX
  8
0
 10
167.933796
 20
122.473196
 42
-0.109458
  0
VERTEX
  8
0
 10
169.031517
 20
122.826845
 42
-0.059018
  0
VERTEX
  8
0
 10
170.458849
 20
122.792183
 42
-0.047776
  0
VERTEX
  8
0
 10
171.224063
 20
122.606819
 42
-0.071039
  0
VERTEX
  8
0
 10
171.836107
 20
122.292079
 42
-0.095326
  0
VERTEX
  8
0
 10
172.207945
 20
121.903899
 42
-0.199935
  0
SEQEND
  0
POLYLINE
  8
0
 66
1
 70
1
  0
VERTEX
  8
0
 10
74.250000
 20
103.003628
 42
0.029742
  0
VERTEX
  8
0
 10
73.388869
 20
102.216176
 42
0.033229
  0
VERTEX
  8
0
 10
72.660938
 20
101.359208
 42
0.035311
  0
VERTEX
  8
0
 10
72.149178
 20
100.555734
 42
0.124777
  0
VERTEX
  8
0
 10
72.000000
 20
99.967263
 42
0.075239
  0
VERTEX
  8
0
 10
72.079255
 20
99.443561
 42
0.334785
  0
VERTEX
  8
0
 10
72.316119
 20
99.272922
 42
0.150087
  0
VERTEX
  8
0
 10
72.733893
 20
99.411263
 42
0.018753
  0
VERTEX
  8
0
 10
73.500000
 20
100.000000
 42
-0.098332
  0
VERTEX
  8
0
 10
74.277323
 20
100.421320
 42
-0.380264
  0
VERTEX
  8
0
 10
74.736203
 20
100.213031
 42
-0.096862
  0
VERTEX
  8
0
 10
74.958493
 20
99.241004
 42
-0.007925
  0
VERTEX
  8
0
 10
75.000000
 20
96.622445
 42
0.017532
  0
VERTEX
  8
0
 10
75.073293
 20
94.532791
 42
0.052182
  0
VERTEX
  8
0
 10
75.321526
 20
93.123809
 42
0.092161
  0
VERTEX
  8
0
 10
75.736109
 20
92.292182
 42
0.235338
  0
VERTEX
  8
0
 10
76.322499
 20
92.000000
 42
0.263946
  0
VERTEX
  8
0
 10
76.929830
 20
92.344614
 42
0.082779
  0
VERTEX
  8
0
 10
77.325585
 20
93.354841
 42
0.043326
  0
VERTEX
  8
0
 10
77.540632
 20
95.114706
 42
0.011812
  0
VERTEX
  8
0
 10
77.572499
 20
97.917101
 42
0.007778
  0
VERTEX
  8
0
 10
77.508435
 20
100.220369
 42
0.011415
  0
VERTEX
  8
0
 10
77.374422
 20
102.241994
 42
0.006933
  0
VERTEX
  8
0
 10
77.201502
 20
103.916710
 42
0.169556
  0
VERTEX
  8
0
 10
77.000000
 20
104.331021
 42
0.276069
  0
VERTEX
  8
0
 10
76.669524
 20
104.413117
 42
0.038637
  0
VERTEX
  8
0
 10
75.985937
 20
104.146038
 42
0.035131
  0
VERTEX
  8
0
 10
75.148412
 20
103.666574
 42
0.022779
  0
SEQEND
  0
POLYLINE
  8
0
 66
1
 70
1
  0
VERTEX
  8
0
 10
87.956637
 20
100.270571
 42
0.007262
  0
VERTEX
  8
0
 10
86.218970
 20
97.440495
 42
0.078036
  0
VERTEX
  8
0
 10
85.720896
 20
96.194812
 42
0.242343
  0
VERTEX
  8
0
 10
85.911537
 20
95.451016
 42
0.124372
  0
VERTEX
  8
0
 10
86.728661
 20
94.895703
 42
0.032395
  0
VERTEX
  8
0
 10
87.462361
 20
94.681018
 42
0.034546
  0
VERTEX
  8
0
 10
88.202056
 20
94.568598
 42
0.036863
  0
VERTEX
  8
0
 10
88.845612
 20
94.563405
 42
0.115287
  0
VERTEX
  8
0
 10
89.257063
 20
94.688514
 42
-0.199182
  0
VERTEX
  8
0
 10
89.592384
 20
94.732874
 42
-0.108060
  0
VERTEX
  8
0
 10
89.967967
 20
94.538785
 42
-0.078065
  0
VERTEX
  8
0
 10
90.328782
 20
94.129651
 42
-0.050168
  0
VERTEX
  8
0
 10
90.614052
 20
93.563382
 42
0.082508
  0
VERTEX
  8
0
 10
91.271995
 20
92.443151
 42
0.215377
  0
VERTEX
  8
0
 10
92.093659
 20
92.045399
 42
0.291011
  0
VERTEX
  8
0
 10
92.748744
 20
92.437917
 42
0.116674
  0
VERTEX
  8
0
 10
93.000000
 20
93.500000
 42
-0.078509
  0
VERTEX
  8
0
 10
93.090529
 20
94.073004
 42
-0.090584
  0
VERTEX
  8
0
 10
93.352500
 20
94.559375
 42
-0.100780
  0
VERTEX
  8
0
 10
93.742343
 20
94.884532
 42
-0.124206
  0
VERTEX
  8
0
 10
94.200000
 20
95.000000
 42
0.051663
  0
VERTEX
  8
0
 10
94.742599
 20
95.056215
 42
0.354955
  0
VERTEX
  8
0
 10
94.900000
 20
95.250000
 42
0.180052
  0
VERTEX
  8
0
 10
94.777696
 20
95.578624
 42
0.018208
  0
VERTEX
  8
0
 10
94.200000
 20
96.200000
 42
-0.106108
  0
VERTEX
  8
0
 10
93.737286
 20
96.915624
 42
-0.031761
  0
VERTEX
  8
0
 10
93.352500
 20
98.163750
 42
-0.030274
  0
VERTEX
  8
0
 10
93.088408
 20
99.657267
 42
-0.028630
  0
VERTEX
  8
0
 10
93.000000
 20
101.200000
 42
0.025415
  0
VERTEX
  8
0
 10
92.925936
 20
102.656176
 42
0.040297
  0
VERTEX
  8
0
 10
92.699780
 20
103.883750
 42
0.048386
  0
VERTEX
  8
0
 10
92.372806
 20
104.753926
 42
0.286111
  0
VERTEX
  8
0
 10
91.977976
 20
105.000000
 42
0.202178
  0
VERTEX
  8
0
 10
91.430083
 20
104.769014
 42
0.017047
  0
VERTEX
  8
0
 10
90.375123
 20
103.610730
 42
0.020509
  0
VERTEX
  8
0
 10
89.179997
 20
102.082358
 42
0.014365
  0
SEQEND
  0
POLYLINE
  8
0
 66
1
 70
1
  0
VERTEX
  8
0
 10
90.666667
 20
98.500000
 42
-0.096022
  0
VERTEX
  8
0
 10
90.555693
 20
97.927474
 42
-0.097185
  0
VERTEX
  8
0
 10
90.239032
 20
97.440625
 42
-0.098622
  0
VERTEX
  8
0
 10
89.766406
 20
97.114675
 42
-0.102138
  0
VERTEX
  8
0
 10
89.210889
 20
97.000000
 42
-0.044573
  0
VERTEX
  8
0
 10
88.506248
 20
97.062941
 42
-0.323900
  0
VERTEX
  8
0
 10
88.284099
 20
97.293810
 42
-0.191555
  0
VERTEX
  8
0
 10
88.381875
 20
97.695361
 42
-0.018840
  0
VERTEX
  8
0
 10
89.000000
 20
98.500000
 42
-0.007770
  0
VERTEX
  8
0
 10
89.492330
 20
99.074808
 42
-0.011660
  0
VERTEX
  8
0
 10
89.941152
 20
99.559375
 42
-0.006673
  0
VERTEX
  8
0
 10
90.328797
 20
99.948273
 42
-0.195865
  0
VERTEX
  8
0
 10
90.455778
 20
100.000000
 42
-0.354190
  0
VERTEX
  8
0
 10
90.538941
 20
99.932638
 42
-0.017379
  0
VERTEX
  8
0
 10
90.604718
 20
99.559375
 42
-0.021718
  0
VERTEX
  8
0
 10
90.651476
 20
99.075071
 42
-0.013205
  0
SEQEND
  0
POLYLINE
  8
0
 66
1
 70
1
  0
VERTEX
  8
0
 10
151.137530
 20
102.750000
 42
0.081345
  0
VERTEX
  8
0
 10
150.655090
 20
100.163323
 42
0.027962
  0
VERTEX
  8
0
 10
150.784385
 20
96.345149
 42
0.020575
  0
VERTEX
  8
0
 10
151.263217
 20
92.708155
 42
0.364674
  0
VERTEX
  8
0
 10
152.105035
 20
92.000000
 42
0.292909
  0
VERTEX
  8
0
 10
152.451274
 20
92.221868
 42
0.045206
  0
VERTEX
  8
0
 10
152.737104
 20
93.028125
 42
0.038464
  0
VERTEX
  8
0
 10
152.935193
 20
94.158706
 42
0.024144
  0
VERTEX
  8
0
 10
153.000000
 20
95.500000
 42
-0.022514
  0
VERTEX
  8
0
 10
153.082184
 20
97.324280
 42
-0.107690
  0
VERTEX
  8
0
 10
153.392857
 20
98.312500
 42
-0.177212
  0
VERTEX
  8
0
 10
153.997538
 20
98.822713
 42
-0.087745
  0
VERTEX
  8
0
 10
155.000000
 20
99.000000
 42
-0.087745
  0
VERTEX
  8
0
 10
156.002462
 20
98.822713
 42
-0.177212
  0
VERTEX
  8
0
 10
156.607143
 20
98.312500
 42
-0.107690
  0
VERTEX
  8
0
 10
156.917816
 20
97.324280
 42
-0.022514
  0
VERTEX
  8
0
 10
157.000000
 20
95.500000
 42
0.022514
  0
VERTEX
  8
0
 10
157.082184
 20
93.675720
 42
0.107690
  0
VERTEX
  8
0
 10
157.392857
 20
92.687500
 42
0.177212
  0
VERTEX
  8
0
 10
157.997538
 20
92.177287
 42
0.087745
  0
VERTEX
  8
0
 10
159.000000
 20
92.000000
 42
0.048028
  0
VERTEX
  8
0
 10
159.765418
 20
92.073693
 42
0.068025
  0
VERTEX
  8
0
 10
160.412500
 20
92.293750
 42
0.088204
  0
VERTEX
  8
0
 10
160.848523
 20
92.618118
 42
0.191087
  0
VERTEX
  8
0
 10
161.000000
 20
93.000000
 42
0.099038
  0
VERTEX
  8
0
 10
160.923658
 20
93.381638
 42
0.097945
  0
VERTEX
  8
0
 10
160.706250
 20
93.706250
 42
0.097945
  0
VERTEX
  8
0
 10
160.381638
 20
93.923658
 42
0.099038
  0
VERTEX
  8
0
 10
160.000000
 20
94.000000
 42
-0.343125
  0
VERTEX
  8
0
 10
159.213218
 20
94.611981
 42
-0.073826
  0
VERTEX
  8
0
 10
159.026533
 20
96.449234
 42
-0.065765
  0
VERTEX
  8
0
 10
159.381720
 20
98.429650
 42
-0.209320
  0
VERTEX
  8
0
 10
160.250000
 20
99.416667
 42
0.029131
  0
VERTEX
  8
0
 10
160.857470
 20
99.744495
 42
0.260055
  0
VERTEX
  8
0
 10
161.000000
 20
100.000000
 42
0.260055
  0
VERTEX
  8
0
 10
160.857470
 20
100.255505
 42
0.029131
  0
VERTEX
  8
0
 10
160.250000
 20
100.583333
 42
-0.082920
  0
VERTEX
  8
0
 10
159.771979
 20
100.911833
 42
-0.061238
  0
VERTEX
  8
0
 10
159.367188
 20
101.411458
 42
-0.060848
  0
VERTEX
  8
0
 10
159.093086
 20
101.998166
 42
-0.079041
  0
VERTEX
  8
0
 10
159.000000
 20
102.583333
 42
0.068857
  0
VERTEX
  8
0
 10
158.925077
 20
103.124800
 42
0.085122
  0
VERTEX
  8
0
 10
158.706250
 20
103.583854
 42
0.099913
  0
VERTEX
  8
0
 10
158.381338
 20
103.890798
 42
0.140362
  0
VERTEX
  8
0
 10
158.000000
 20
104.000000
 42
0.148195
  0
VERTEX
  8
0
 10
157.618646
 20
103.884432
 42
0.098894
  0
VERTEX
  8
0
 10
157.293750
 20
103.559375
 42
0.082425
  0
VERTEX
  8
0
 10
157.074694
 20
103.073457
 42
0.064853
  0
VERTEX
  8
0
 10
157.000000
 20
102.500000
 42
-0.134385
  0
VERTEX
  8
0
 10
156.836877
 20
101.904034
 42
-0.109950
  0
VERTEX
  8
0
 10
156.383333
 20
101.420455
 42
-0.089734
  0
VERTEX
  8
0
 10
155.678341
 20
101.106106
 42
-0.060183
  0
VERTEX
  8
0
 10
154.800000
 20
101.000000
 42
-0.020090
  0
VERTEX
  8
0
 10
153.705795
 20
101.043983
 42
-0.201593
  0
VERTEX
  8
0
 10
153.308333
 20
101.250000
 42
-0.338229
  0
VERTEX
  8
0
 10
153.293644
 20
101.595934
 42
-0.043912
  0
VERTEX
  8
0
 10
153.800000
 20
102.200000
 42
0.049156
  0
VERTEX
  8
0
 10
154.725176
 20
103.327463
 42
0.177943
  0
VERTEX
  8
0
 10
154.939345
 20
104.215185
 42
0.270346
  0
VERTEX
  8
0
 10
154.507281
 20
104.791230
 42
0.100131
  0
VERTEX
  8
0
 10
153.475249
 20
105.000000
 42
0.126619
  0
VERTEX
  8
0
 10
152.831822
 20
104.834405
 42
0.065716
  0
VERTEX
  8
0
 10
152.159584
 20
104.339062
 42
0.058805
  0
VERTEX
  8
0
 10
151.561858
 20
103.610461
 42
0.055769
  0
SEQEND
  0
POLYLINE
  8
0
 66
1
 70
1
  0
VERTEX
  8
0
 10
97.000000
 20
102.581787
 42
-0.032815
  0
VERTEX
  8
0
 10
96.956854
 20
101.925091
 42
-0.017107
  0
VERTEX
  8
0
 10
96.821697
 20
101.115525
 42
-0.016939
  0
VERTEX
  8
0
 10
96.625558
 20
100.290883
 42
-0.024761
  0
VERTEX
  8
0
 10
96.393011
 20
99.581787
 42
0.088362
  0
VERTEX
  8
0
 10
96.248643
 20
98.831690
 42
0.229108
  0
VERTEX
  8
0
 10
96.475429
 20
98.345645
 42
0.141719
  0
VERTEX
  8
0
 10
97.114813
 20
98.073641
 42
0.030174
  0
VERTEX
  8
0
 10
98.333994
 20
98.000000
 42
-0.068786
  0
VERTEX
  8
0
 10
100.206550
 20
97.741165
 42
-0.146124
  0
VERTEX
  8
0
 10
101.430782
 20
96.965243
 42
-0.222839
  0
VERTEX
  8
0
 10
101.736617
 20
95.890279
 42
-0.157296
  0
VERTEX
  8
0
 10
101.155249
 20
94.755249
 42
-0.079732
  0
VERTEX
  8
0
 10
100.579914
 20
94.339042
 42
-0.130954
  0
VERTEX
  8
0
 10
99.995349
 20
94.216452
 42
-0.111736
  0
VERTEX
  8
0
 10
99.361062
 20
94.396279
 42
-0.048517
  0
VERTEX
  8
0
 10
98.631409
 20
94.890940
 42
0.042372
  0
VERTEX
  8
0
 10
97.943766
 20
95.369535
 42
0.112590
  0
VERTEX
  8
0
 10
97.375316
 20
95.544818
 42
0.159582
  0
VERTEX
  8
0
 10
96.909819
 20
95.430098
 42
0.115281
  0
VERTEX
  8
0
 10
96.530011
 20
95.048558
 42
0.292014
  0
VERTEX
  8
0
 10
96.555105
 20
93.336138
 42
0.187994
  0
VERTEX
  8
0
 10
98.229344
 20
92.150298
 42
0.123012
  0
VERTEX
  8
0
 10
100.897021
 20
92.150771
 42
0.159610
  0
VERTEX
  8
0
 10
102.954319
 20
93.444958
 42
0.122183
  0
VERTEX
  8
0
 10
103.840265
 20
95.281050
 42
0.117449
  0
VERTEX
  8
0
 10
103.783586
 20
97.347318
 42
0.129404
  0
VERTEX
  8
0
 10
102.827618
 20
99.022271
 42
0.164898
  0
VERTEX
  8
0
 10
101.250000
 20
99.819551
 42
-0.066903
  0
VERTEX
  8
0
 10
99.652252
 20
100.269811
 42
-0.261134
  0
VERTEX
  8
0
 10
99.052284
 20
101.056341
 42
-0.359086
  0
VERTEX
  8
0
 10
99.479174
 20
101.754639
 42
-0.083341
  0
VERTEX
  8
0
 10
100.940983
 20
102.000000
 42
0.046881
  0
VERTEX
  8
0
 10
101.729296
 20
102.074077
 42
0.046318
  0
VERTEX
  8
0
 10
102.493350
 20
102.293750
 42
0.050262
  0
VERTEX
  8
0
 10
103.123976
 20
102.616444
 42
0.111412
  0
VERTEX
  8
0
 10
103.500000
 20
103.000000
 42
0.336396
  0
VERTEX
  8
0
 10
103.461947
 20
103.397523
 42
0.125298
  0
VERTEX
  8
0
 10
102.961697
 20
103.723169
 42
0.059005
  0
VERTEX
  8
0
 10
101.966307
 20
103.935210
 42
0.023007
  0
VERTEX
  8
0
 10
100.559017
 20
104.000000
 42
0.025573
  0
VERTEX
  8
0
 10
98.970315
 20
103.918690
 42
0.069343
  0
VERTEX
  8
0
 10
97.877377
 20
103.650379
 42
0.116361
  0
VERTEX
  8
0
 10
97.236125
 20
103.201356
 42
0.184098
  0
SEQEND
  0
POLYLINE
  8
0
 66
1
 70
1
  0
VERTEX
  8
0
 10
105.000000
 20
103.000000
 42
0.226478
  0
VERTEX
  8
0
 10
105.182831
 20
102.617064
 42
0.074992
  0
VERTEX
  8
0
 10
105.734375
 20
102.293750
 42
0.057076
  0
VERTEX
  8
0
 10
106.542644
 20
102.073116
 42
0.038131
  0
VERTEX
  8
0
 10
107.500000
 20
102.000000
 42
-0.020488
  0
VERTEX
  8
0
 10
109.366008
 20
101.923506
 42
-0.326592
  0
VERTEX
  8
0
 10
109.817710
 20
101.532670
 42
-0.152073
  0
VERTEX
  8
0
 10
109.757924
 20
100.743989
 42
-0.004571
  0
VERTEX
  8
0
 10
108.500000
 20
97.654243
 42
0.013380
  0
VERTEX
  8
0
 10
107.448887
 20
94.936348
 42
0.060191
  0
VERTEX
  8
0
 10
107.074330
 20
93.277182
 42
0.158761
  0
VERTEX
  8
0
 10
107.269541
 20
92.375045
 42
0.266772
  0
VERTEX
  8
0
 10
107.922448
 20
92.000000
 42
0.236342
  0
VERTEX
  8
0
 10
108.352071
 20
92.215090
 42
0.030399
  0
VERTEX
  8
0
 10
108.934998
 20
93.101562
 42
0.030250
  0
VERTEX
  8
0
 10
109.536067
 20
94.313452
 42
0.020802
  0
VERTEX
  8
0
 10
110.074073
 20
95.750000
 42
-0.014816
  0
VERTEX
  8
0
 10
110.651743
 20
97.350522
 42
-0.011455
  0
VERTEX
  8
0
 10
111.372048
 20
99.059375
 42
-0.011617
  0
VERTEX
  8
0
 10
112.118787
 20
100.624962
 42
-0.027098
  0
VERTEX
  8
0
 10
112.766635
 20
101.750000
 42
0.028426
  0
VERTEX
  8
0
 10
113.575099
 20
103.162618
 42
0.368934
  0
VERTEX
  8
0
 10
113.439527
 20
103.707388
 42
0.150336
  0
VERTEX
  8
0
 10
112.667134
 20
103.964697
 42
0.005783
  0
VERTEX
  8
0
 10
109.615010
 20
104.000000
 42
0.020418
  0
VERTEX
  8
0
 10
107.846134
 20
103.927737
 42
0.032943
  0
VERTEX
  8
0
 10
106.355659
 20
103.706250
 42
0.035592
  0
VERTEX
  8
0
 10
105.270338
 20
103.388820
 42
0.313478
  0
SEQEND
  0
POLYLINE
  8
0
 66
1
 70
1
  0
VERTEX
  8
0
 10
120.666667
 20
100.333333
 42
0.152520
  0
VERTEX
  8
0
 10
120.048082
 20
99.152911
 42
0.169159
  0
VERTEX
  8
0
 10
120.246409
 20
97.884989
 42
0.112344
  0
VERTEX
  8
0
 10
121.338989
 20
96.624230
 42
0.049421
  0
VERTEX
  8
0
 10
123.250000
 20
95.493651
 42
0.000000
  0
VERTEX
  8
0
 10
126.500000
 20
93.981565
 42
0.000000
  0
VERTEX
  8
0
 10
123.169643
 20
94.481854
 42
0.018487
  0
VERTEX
  8
0
 10
121.623450
 20
94.655968
 42
0.081150
  0
VERTEX
  8
0
 10
120.711217
 20
94.576607
 42
0.207876
  0
VERTEX
  8
0
 10
120.299771
 20
94.258179
 42
0.208963
  0
VERTEX
  8
0
 10
120.252976
 20
93.741071
 42
0.184420
  0
VERTEX
  8
0
 10
120.644434
 20
93.263367
 42
0.051339
  0
VERTEX
  8
0
 10
121.544768
 20
92.864565
 42
0.044480
  0
VERTEX
  8
0
 10
122.736586
 20
92.591178
 42
0.034159
  0
VERTEX
  8
0
 10
124.069638
 20
92.500000
 42
0.079525
  0
VERTEX
  8
0
 10
126.833793
 20
92.942439
 42
0.282813
  0
VERTEX
  8
0
 10
127.943107
 20
94.253776
 42
0.261069
  0
VERTEX
  8
0
 10
127.309688
 20
95.937436
 42
0.072750
  0
VERTEX
  8
0
 10
124.826432
 20
97.476995
 42
-0.010831
  0
VERTEX
  8
0
 10
122.625477
 20
98.490117
 42
-0.454895
  0
VERTEX
  8
0
 10
122.505055
 20
98.935779
 42
-0.264534
  0
VERTEX
  8
0
 10
123.065411
 20
99.215958
 42
-0.007405
  0
VERTEX
  8
0
 10
125.862346
 20
99.024403
 42
0.031943
  0
VERTEX
  8
0
 10
126.823279
 20
99.005829
 42
0.110351
  0
VERTEX
  8
0
 10
127.420661
 20
99.167531
 42
0.241300
  0
VERTEX
  8
0
 10
127.643516
 20
99.484300
 42
0.175034
  0
VERTEX
  8
0
 10
127.553329
 20
99.913712
 42
0.201758
  0
VERTEX
  8
0
 10
126.524817
 20
100.646504
 42
0.040027
  0
VERTEX
  8
0
 10
124.238402
 20
100.970735
 42
0.040690
  0
VERTEX
  8
0
 10
121.907560
 20
100.922997
 42
0.172580
  0
SEQEND
  0
POLYLINE
  8
0
 66
1
 70
1
  0
VERTEX
  8
0
 10
130.666667
 20
100.333333
 42
0.160774
  0
VERTEX
  8
0
 10
130.172677
 20
99.352553
 42
0.034744
  0
VERTEX
  8
0
 10
130.022118
 20
97.433621
 42
0.036477
  0
VERTEX
  8
0
 10
130.157007
 20
95.331601
 42
0.057414
  0
VERTEX
  8
0
 10
130.606989
 20
93.581787
 42
0.114615
  0
VERTEX
  8
0
 10
131.016270
 20
92.976611
 42
0.065770
  0
VERTEX
  8
0
 10
131.738622
 20
92.464650
 42
0.060300
  0
VERTEX
  8
0
 10
132.646731
 20
92.117887
 42
0.061153
  0
VERTEX
  8
0
 10
133.606989
 20
92.000000
 42
-0.051240
  0
VERTEX
  8
0
 10
134.591296
 20
91.898863
 42
-0.089017
  0
VERTEX
  8
0
 10
135.351165
 20
91.593294
 42
-0.115825
  0
VERTEX
  8
0
 10
135.827405
 20
91.112137
 42
-0.138282
  0
VERTEX
  8
0
 10
136.000000
 20
90.500000
 42
0.082308
  0
VERTEX
  8
0
 10
136.094949
 20
89.927111
 42
0.092357
  0
VERTEX
  8
0
 10
136.368785
 20
89.440625
 42
0.100642
  0
VERTEX
  8
0
 10
136.776593
 20
89.115332
 42
0.118730
  0
VERTEX
  8
0
 10
137.255439
 20
89.000000
 42
0.282227
  0
VERTEX
  8
0
 10
137.822304
 20
89.347662
 42
0.066373
  0
VERTEX
  8
0
 10
138.207484
 20
90.443683
 42
0.039179
  0
VERTEX
  8
0
 10
138.439934
 20
92.262934
 42
0.012419
  0
VERTEX
  8
0
 10
138.505439
 20
94.999822
 42
0.000000
  0
VERTEX
  8
0
 10
138.500000
 20
100.999644
 42
0.000000
  0
VERTEX
  8
0
 10
134.916667
 20
100.999822
 42
0.017170
  0
VERTEX
  8
0
 10
133.495785
 20
100.951084
 42
0.021736
  0
VERTEX
  8
0
 10
132.190104
 20
100.804114
 42
0.020445
  0
VERTEX
  8
0
 10
131.129495
 20
100.593048
 42
0.137883
  0
SEQEND
  0
POLYLINE
  8
0
 66
1
 70
1
  0
VERTEX
  8
0
 10
136.000000
 20
96.500000
 42
-0.111202
  0
VERTEX
  8
0
 10
135.653540
 20
94.961472
 42
-0.186494
  0
VERTEX
  8
0
 10
134.704724
 20
94.061373
 42
-0.215674
  0
VERTEX
  8
0
 10
133.509116
 20
94.102683
 42
-0.140372
  0
VERTEX
  8
0
 10
132.470404
 20
95.047887
 42
-0.141599
  0
VERTEX
  8
0
 10
132.127527
 20
96.276054
 42
-0.115267
  0
VERTEX
  8
0
 10
132.451598
 20
97.608388
 42
-0.119235
  0
VERTEX
  8
0
 10
133.318817
 20
98.626626
 42
-0.158296
  0
VERTEX
  8
0
 10
134.468615
 20
99.000000
 42
-0.134857
  0
VERTEX
  8
0
 10
135.107818
 20
98.824404
 42
-0.121848
  0
VERTEX
  8
0
 10
135.596862
 20
98.341873
 42
-0.090794
  0
VERTEX
  8
0
 10
135.900892
 20
97.554527
 42
-0.046888
  0
SEQEND
  0
POLYLINE
  8
0
 66
1
 70
1
  0
VERTEX
  8
0
 10
81.552786
 20
94.085410
 42
0.101778
  0
VERTEX
  8
0
 10
81.403741
 20
93.678005
 42
0.098549
  0
VERTEX
  8
0
 10
81.425053
 20
93.239861
 42
0.097276
  0
VERTEX
  8
0
 10
81.613413
 20
92.838727
 42
0.096365
  0
VERTEX
  8
0
 10
81.940014
 20
92.537073
 42
-0.137254
  0
VERTEX
  8
0
 10
82.264611
 20
92.184720
 42
-0.079601
  0
VERTEX
  8
0
 10
82.442974
 20
91.633124
 42
-0.069246
  0
VERTEX
  8
0
 10
82.453282
 20
90.972765
 42
-0.061011
  0
VERTEX
  8
0
 10
82.286387
 20
90.303930
 42
0.027269
  0
VERTEX
  8
0
 10
82.059576
 20
89.600435
 42
0.201774
  0
VERTEX
  8
0
 10
82.107970
 20
89.259103
 42
0.351806
  0
VERTEX
  8
0
 10
82.348668
 20
89.169824
 42
0.058114
  0
VERTEX
  8
0
 10
82.830061
 20
89.394972
 42
0.163587
  0
VERTEX
  8
0
 10
83.632977
 20
90.362042
 42
0.080532
  0
VERTEX
  8
0
 10
83.966790
 20
91.944480
 42
0.082220
  0
VERTEX
  8
0
 10
83.782062
 20
93.517665
 42
0.186173
  0
VERTEX
  8
0
 10
83.069098
 20
94.457295
 42
0.100828
  0
VERTEX
  8
0
 10
82.669126
 20
94.604475
 42
0.098348
  0
VERTEX
  8
0
 10
82.239685
 20
94.585377
 42
0.097513
  0
VERTEX
  8
0
 10
81.847224
 20
94.403043
 42
0.097277
  0
SEQEND
  0
POLYLINE
  8
0
 66
1
 70
1
  0
VERTEX
  8
0
 10
141.000000
 20
93.000000
 42
0.099038
  0
VERTEX
  8
0
 10
141.076342
 20
92.618362
 42
0.097945
  0
VERTEX
  8
0
 10
141.293750
 20
92.293750
 42
0.097945
  0
VERTEX
  8
0
 10
141.618362
 20
92.076342
 42
0.099038
  0
VERTEX
  8
0
 10
142.000000
 20
92.000000
 42
0.099038
  0
VERTEX
  8
0
 10
142.381638
 20
92.076342
 42
0.097945
  0
VERTEX
  8
0
 10
142.706250
 20
92.293750
 42
0.097945
  0
VERTEX
  8
0
 10
142.923658
 20
92.618362
 42
0.099038
  0
VERTEX
  8
0
 10
143.000000
 20
93.000000
 42
0.099038
  0
VERTEX
  8
0
 10
142.923658
 20
93.381638
 42
0.097945
  0
VERTEX
  8
0
 10
142.706250
 20
93.706250
 42
0.097945
  0
VERTEX
  8
0
 10
142.381638
 20
93.923658
 42
0.099038
  0
VERTEX
  8
0
 10
142.000000
 20
94.000000
 42
0.099038
  0
VERTEX
  8
0
 10
141.618362
 20
93.923658
 42
0.097945
  0
VERTEX
  8
0
 10
141.293750
 20
93.706250
 42
0.097945
  0
VERTEX
  8
0
 10
141.076342
 20
93.381638
 42
0.099038
  0
SEQEND
  0
POLYLINE
  8
0
 66
1
 70
1
  0
VERTEX
  8
0
 10
162.000000
 20
93.000000
 42
0.099038
  0
VERTEX
  8
0
 10
162.076342
 20
92.618362
 42
0.097945
  0
VERTEX
  8
0
 10
162.293750
 20
92.293750
 42
0.097945
  0
VERTEX
  8
0
 10
162.618362
 20
92.076342
 42
0.099038
  0
VERTEX
  8
0
 10
163.000000
 20
92.000000
 42
0.099038
  0
VERTEX
  8
0
 10
163.381638
 20
92.076342
 42
0.097945
  0
VERTEX
  8
0
 10
163.706250
 20
92.293750
 42
0.097945
  0
VERTEX
  8
0
 10
163.923658
 20
92.618362
 42
0.099038
  0
VERTEX
  8
0
 10
164.000000
 20
93.000000
 42
0.099038
  0
VERTEX
  8
0
 10
163.923658
 20
93.381638
 42
0.097945
  0
VERTEX
  8
0
 10
163.706250
 20
93.706250
 42
0.097945
  0
VERTEX
  8
0
 10
163.381638
 20
93.923658
 42
0.099038
  0
VERTEX
  8
0
 10
163.000000
 20
94.000000
 42
0.099038
  0
VERTEX
  8
0
 10
162.618362
 20
93.923658
 42
0.097945
  0
VERTEX
  8
0
 10
162.293750
 20
93.706250
 42
0.097945
  0
VERTEX
  8
0
 10
162.076342
 20
93.381638
 42
0.099038
  0
SEQEND
  0
POLYLINE
  8
0
 66
1
 70
1
  0
VERTEX
  8
0
 10
425.250000
 20
65.255432
 42
0.005996
  0
VERTEX
  8
0
 10
429.233329
 20
65.151523
 42
0.003522
  0
VERTEX
  8
0
 10
434.000000
 20
65.117947
 42
0.003522
  0
VERTEX
  8
0
 10
438.766671
 20
65.151523
 42
0.005996
  0
VERTEX
  8
0
 10
442.750000
 20
65.255432
 42
0.038501
  0
VERTEX
  8
0
 10
443.797878
 20
65.376512
 42
0.891106
  0
VERTEX
  8
0
 10
443.789062
 20
65.490823
 42
0.007935
  0
VERTEX
  8
0
 10
440.275186
 20
65.568856
 42
0.001583
  0
VERTEX
  8
0
 10
434.000000
 20
65.588730
 42
0.001583
  0
VERTEX
  8
0
 10
427.724814
 20
65.568856
 42
0.007935
  0
VERTEX
  8
0
 10
424.210938
 20
65.490823
 42
0.891106
  0
VERTEX
  8
0
 10
424.202122
 20
65.376512
 42
0.038501
  0
SEQEND
  0
POLYLINE
  8
0
 66
1
 70
1
  0
VERTEX
  8
0
 10
197.535343
 20
41.057186
 42
0.216473
  0
VERTEX
  8
0
 10
197.481309
 20
40.634709
 42
0.193653
  0
VERTEX
  8
0
 10
197.761496
 20
40.289450
 42
0.093535
  0
VERTEX
  8
0
 10
198.431460
 20
40.067455
 42
0.033372
  0
VERTEX
  8
0
 10
199.440983
 20
40.000000
 42
-0.060791
  0
VERTEX
  8
0
 10
201.165100
 20
39.789601
 42
-0.255640
  0
VERTEX
  8
0
 10
201.906369
 20
39.108087
 42
-0.284916
  0
VERTEX
  8
0
 10
201.692014
 20
38.185575
 42
-0.069401
  0
VERTEX
  8
0
 10
200.390542
 20
37.198682
 42
0.013484
  0
VERTEX
  8
0
 10
199.441624
 20
36.633515
 42
0.257116
  0
VERTEX
  8
0
 10
199.281083
 20
36.341957
 42
0.292554
  0
VERTEX
  8
0
 10
199.450552
 20
36.077109
 42
0.016487
  0
VERTEX
  8
0
 10
200.390542
 20
35.680377
 42
-0.125639
  0
VERTEX
  8
0
 10
201.823872
 20
34.664933
 42
-0.288158
  0
VERTEX
  8
0
 10
202.005184
 20
33.408696
 42
-0.205785
  0
VERTEX
  8
0
 10
200.867087
 20
32.354560
 42
-0.084325
  0
VERTEX
  8
0
 10
198.750000
 20
31.984687
 42
0.010814
  0
VERTEX
  8
0
 10
197.143611
 20
31.942368
 42
0.116665
  0
VERTEX
  8
0
 10
196.523320
 20
31.763835
 42
0.473162
  0
VERTEX
  8
0
 10
196.470206
 20
31.462332
 42
0.072010
  0
VERTEX
  8
0
 10
197.000000
 20
31.000000
 42
0.030375
  0
VERTEX
  8
0
 10
197.660767
 20
30.627785
 42
0.025003
  0
VERTEX
  8
0
 10
198.405580
 20
30.310881
 42
0.025709
  0
VERTEX
  8
0
 10
199.120903
 20
30.088919
 42
0.059189
  0
VERTEX
  8
0
 10
199.678571
 20
30.015313
 42
0.150208
  0
VERTEX
  8
0
 10
201.077367
 20
30.425420
 42
0.072579
  0
VERTEX
  8
0
 10
202.483812
 20
31.679730
 42
0.077554
  0
VERTEX
  8
0
 10
203.390874
 20
33.183335
 42
0.239843
  0
VERTEX
  8
0
 10
203.295686
 20
34.330587
 42
-0.072191
  0
VERTEX
  8
0
 10
203.014357
 20
34.978856
 42
-0.021303
  0
VERTEX
  8
0
 10
202.774561
 20
36.037699
 42
-0.020904
  0
VERTEX
  8
0
 10
202.603630
 20
37.265649
 42
-0.021089
  0
VERTEX
  8
0
 10
202.536495
 20
38.499967
 42
0.035474
  0
VERTEX
  8
0
 10
202.412640
 20
39.987292
 42
0.108256
  0
VERTEX
  8
0
 10
202.048702
 20
40.926525
 42
0.137994
  0
VERTEX
  8
0
 10
201.386555
 20
41.497038
 42
0.073982
  0
VERTEX
  8
0
 10
200.344360
 20
41.807186
 42
0.048426
  0
VERTEX
  8
0
 10
199.471327
 20
41.846301
 42
0.052275
  0
VERTEX
  8
0
 10
198.630009
 20
41.713587
 42
0.058589
  0
VERTEX
  8
0
 10
197.941491
 20
41.440215
 42
0.131302
  0
SEQEND
  0
POLYLINE
  8
0
 66
1
 70
1
  0
VERTEX
  8
0
 10
207.750000
 20
40.919901
 42
0.101550
  0
VERTEX
  8
0
 10
206.978593
 20
40.229806
 42
0.073154
  0
VERTEX
  8
0
 10
206.430863
 20
39.209125
 42
0.056948
  0
VERTEX
  8
0
 10
206.104818
 20
37.833372
 42
0.029741
  0
VERTEX
  8
0
 10
206.000000
 20
36.072755
 42
0.060719
  0
VERTEX
  8
0
 10
206.359594
 20
33.122554
 42
0.122318
  0
VERTEX
  8
0
 10
207.447399
 20
31.063367
 42
0.185617
  0
VERTEX
  8
0
 10
209.034073
 20
30.248777
 42
0.168884
  0
VERTEX
  8
0
 10
210.833823
 20
30.665172
 42
0.161644
  0
VERTEX
  8
0
 10
212.533787
 20
32.732009
 42
0.168674
  0
VERTEX
  8
0
 10
212.622272
 20
35.365267
 42
0.197973
  0
VERTEX
  8
0
 10
211.100546
 20
37.203390
 42
0.201599
  0
VERTEX
  8
0
 10
208.740504
 20
37.417639
 42
-0.030681
  0
VERTEX
  8
0
 10
207.837855
 20
37.191008
 42
-0.158387
  0
VERTEX
  8
0
 10
207.333772
 20
37.256663
 42
-0.279730
  0
VERTEX
  8
0
 10
207.128197
 20
37.569347
 42
-0.088858
  0
VERTEX
  8
0
 10
207.210015
 20
38.145061
 42
-0.114037
  0
VERTEX
  8
0
 10
207.539168
 20
38.687366
 42
-0.057364
  0
VERTEX
  8
0
 10
208.163384
 20
39.195855
 42
-0.052578
  0
VERTEX
  8
0
 10
208.964541
 20
39.596707
 42
-0.053242
  0
VERTEX
  8
0
 10
209.828328
 20
39.819551
 42
0.039720
  0
VERTEX
  8
0
 10
210.659628
 20
40.010249
 42
0.054400
  0
VERTEX
  8
0
 10
211.362071
 20
40.318553
 42
0.067215
  0
VERTEX
  8
0
 10
211.843892
 20
40.689808
 42
0.197525
  0
VERTEX
  8
0
 10
212.000000
 20
41.069551
 42
0.270067
  0
VERTEX
  8
0
 10
211.629838
 20
41.704882
 42
0.138601
  0
VERTEX
  8
0
 10
210.704338
 20
41.931614
 42
0.079660
  0
VERTEX
  8
0
 10
209.319243
 20
41.659223
 42
0.043590
  0
SEQEND
  0
POLYLINE
  8
0
 66
1
 70
1
  0
VERTEX
  8
0
 10
211.809629
 20
34.250000
 42
-0.102252
  0
VERTEX
  8
0
 10
211.531724
 20
33.581629
 42
-0.081315
  0
VERTEX
  8
0
 10
210.992155
 20
33.014063
 42
-0.078398
  0
VERTEX
  8
0
 10
210.278999
 20
32.631900
 42
-0.084062
  0
VERTEX
  8
0
 10
209.500000
 20
32.500000
 42
-0.084062
  0
VERTEX
  8
0
 10
208.721001
 20
32.631900
 42
-0.078398
  0
VERTEX
  8
0
 10
208.007845
 20
33.014063
 42
-0.081315
  0
VERTEX
  8
0
 10
207.468276
 20
33.581629
 42
-0.102252
  0
VERTEX
  8
0
 10
207.190371
 20
34.250000
 42
-0.089609
  0
VERTEX
  8
0
 10
207.180837
 20
35.078049
 42
-0.191065
  0
VERTEX
  8
0
 10
207.507148
 20
35.616531
 42
-0.129356
  0
VERTEX
  8
0
 10
208.230782
 20
35.914936
 42
-0.033473
  0
VERTEX
  8
0
 10
209.500000
 20
36.000000
 42
-0.033473
  0
VERTEX
  8
0
 10
210.769218
 20
35.914936
 42
-0.129356
  0
VERTEX
  8
0
 10
211.492852
 20
35.616531
 42
-0.191065
  0
VERTEX
  8
0
 10
211.819163
 20
35.078049
 42
-0.089609
  0
SEQEND
  0
POLYLINE
  8
0
 66
1
 70
1
  0
VERTEX
  8
0
 10
216.157895
 20
40.000000
 42
0.017491
  0
VERTEX
  8
0
 10
216.189089
 20
39.108560
 42
0.078554
  0
VERTEX
  8
0
 10
216.306058
 20
38.601562
 42
0.447206
  0
VERTEX
  8
0
 10
216.474999
 20
38.540618
 42
0.174857
  0
VERTEX
  8
0
 10
216.662281
 20
38.750000
 42
0.057986
  0
VERTEX
  8
0
 10
216.818615
 20
39.320008
 42
0.037979
  0
VERTEX
  8
0
 10
216.870340
 20
40.000000
 42
0.037979
  0
VERTEX
  8
0
 10
216.818615
 20
40.679992
 42
0.057986
  0
VERTEX
  8
0
 10
216.662281
 20
41.250000
 42
0.174857
  0
VERTEX
  8
0
 10
216.474999
 20
41.459382
 42
0.447206
  0
VERTEX
  8
0
 10
216.306058
 20
41.398438
 42
0.078554
  0
VERTEX
  8
0
 10
216.189089
 20
40.891440
 42
0.017491
  0
SEQEND
  0
POLYLINE
  8
0
 66
1
 70
1
  0
VERTEX
  8
0
 10
226.960313
 20
39.395615
 42
0.073858
  0
VERTEX
  8
0
 10
226.438571
 20
37.016377
 42
0.048425
  0
VERTEX
  8
0
 10
226.518260
 20
34.206251
 42
0.049226
  0
VERTEX
  8
0
 10
227.085435
 20
31.710892
 42
0.175611
  0
VERTEX
  8
0
 10
228.085885
 20
30.446920
 42
0.166239
  0
VERTEX
  8
0
 10
229.546889
 20
30.113902
 42
0.112300
  0
VERTEX
  8
0
 10
231.178530
 20
30.670993
 42
0.100358
  0
VERTEX
  8
0
 10
232.551785
 20
31.957330
 42
0.107698
  0
VERTEX
  8
0
 10
233.272689
 20
33.646149
 42
0.096213
  0
VERTEX
  8
0
 10
233.259617
 20
38.073077
 42
0.160673
  0
VERTEX
  8
0
 10
231.447363
 20
41.287173
 42
0.308197
  0
VERTEX
  8
0
 10
228.998441
 20
41.634384
 42
0.189832
  0
SEQEND
  0
POLYLINE
  8
0
 66
1
 70
1
  0
VERTEX
  8
0
 10
232.000000
 20
36.000000
 42
-0.017388
  0
VERTEX
  8
0
 10
231.925179
 20
33.849164
 42
-0.098846
  0
VERTEX
  8
0
 10
231.625000
 20
32.750000
 42
-0.184152
  0
VERTEX
  8
0
 10
231.021586
 20
32.195784
 42
-0.094959
  0
VERTEX
  8
0
 10
230.000000
 20
32.000000
 42
-0.061549
  0
VERTEX
  8
0
 10
228.764045
 20
32.152722
 42
-0.207350
  0
VERTEX
  8
0
 10
228.132156
 20
32.637882
 42
-0.113807
  0
VERTEX
  8
0
 10
227.841073
 20
33.648407
 42
-0.013456
  0
VERTEX
  8
0
 10
227.777778
 20
36.000000
 42
-0.013456
  0
VERTEX
  8
0
 10
227.841073
 20
38.351593
 42
-0.113807
  0
VERTEX
  8
0
 10
228.132156
 20
39.362118
 42
-0.207350
  0
VERTEX
  8
0
 10
228.764045
 20
39.847278
 42
-0.061549
  0
VERTEX
  8
0
 10
230.000000
 20
40.000000
 42
-0.094959
  0
VERTEX
  8
0
 10
231.021586
 20
39.804216
 42
-0.184152
  0
VERTEX
  8
0
 10
231.625000
 20
39.250000
 42
-0.098846
  0
VERTEX
  8
0
 10
231.925179
 20
38.150836
 42
-0.017388
  0
SEQEND
  0
POLYLINE
  8
0
 66
1
 70
1
  0
VERTEX
  8
0
 10
236.157895
 20
40.000000
 42
0.017491
  0
VERTEX
  8
0
 10
236.189089
 20
39.108560
 42
0.078554
  0
VERTEX
  8
0
 10
236.306058
 20
38.601562
 42
0.447206
  0
VERTEX
  8
0
 10
236.474999
 20
38.540618
 42
0.174857
  0
VERTEX
  8
0
 10
236.662281
 20
38.750000
 42
0.057986
  0
VERTEX
  8
0
 10
236.818615
 20
39.320008
 42
0.037979
  0
VERTEX
  8
0
 10
236.870340
 20
40.000000
 42
0.037979
  0
VERTEX
  8
0
 10
236.818615
 20
40.679992
 42
0.057986
  0
VERTEX
  8
0
 10
236.662281
 20
41.250000
 42
0.174857
  0
VERTEX
  8
0
 10
236.474999
 20
41.459382
 42
0.447206
  0
VERTEX
  8
0
 10
236.306058
 20
41.398438
 42
0.078554
  0
VERTEX
  8
0
 10
236.189089
 20
40.891440
 42
0.017491
  0
SEQEND
  0
POLYLINE
  8
0
 66
1
 70
1
  0
VERTEX
  8
0
 10
239.157895
 20
40.000000
 42
0.017491
  0
VERTEX
  8
0
 10
239.189089
 20
39.108560
 42
0.078554
  0
VERTEX
  8
0
 10
239.306058
 20
38.601562
 42
0.447206
  0
VERTEX
  8
0
 10
239.474999
 20
38.540618
 42
0.174857
  0
VERTEX
  8
0
 10
239.662281
 20
38.750000
 42
0.057986
  0
VERTEX
  8
0
 10
239.818615
 20
39.320008
 42
0.037979
  0
VERTEX
  8
0
 10
239.870340
 20
40.000000
 42
0.037979
  0
VERTEX
  8
0
 10
239.818615
 20
40.679992
 42
0.057986
  0
VERTEX
  8
0
 10
239.662281
 20
41.250000
 42
0.174857
  0
VERTEX
  8
0
 10
239.474999
 20
41.459382
 42
0.447206
  0
VERTEX
  8
0
 10
239.306058
 20
41.398438
 42
0.078554
  0
VERTEX
  8
0
 10
239.189089
 20
40.891440
 42
0.017491
  0
SEQEND
  0
POLYLINE
  8
0
 66
1
 70
1
  0
VERTEX
  8
0
 10
220.269032
 20
35.307009
 42
0.037336
  0
VERTEX
  8
0
 10
221.036634
 20
35.167106
 42
0.029507
  0
VERTEX
  8
0
 10
221.880008
 20
35.127736
 42
0.030339
  0
VERTEX
  8
0
 10
222.671085
 20
35.185595
 42
0.062780
  0
VERTEX
  8
0
 10
223.269032
 20
35.344063
 42
0.313180
  0
VERTEX
  8
0
 10
223.386009
 20
35.522870
 42
0.333666
  0
VERTEX
  8
0
 10
223.257153
 20
35.684921
 42
0.052471
  0
VERTEX
  8
0
 10
222.580113
 20
35.787295
 42
0.014395
  0
VERTEX
  8
0
 10
221.500000
 20
35.805051
 42
0.012823
  0
VERTEX
  8
0
 10
220.431793
 20
35.764444
 42
0.080377
  0
VERTEX
  8
0
 10
219.900903
 20
35.643467
 42
0.597527
  0
VERTEX
  8
0
 10
219.883358
 20
35.483340
 42
0.087174
  0
SEQEND
  0
POLYLINE
  8
0
 66
1
 70
1
  0
VERTEX
  8
0
 10
32.567038
 20
26.108470
 42
0.376071
  0
VERTEX
  8
0
 10
32.629924
 20
25.732761
 42
0.070740
  0
VERTEX
  8
0
 10
33.277103
 20
25.341039
 42
0.045630
  0
VERTEX
  8
0
 10
34.361634
 20
24.991423
 42
0.023992
  0
VERTEX
  8
0
 10
35.758021
 20
24.747875
 42
0.017908
  0
VERTEX
  8
0
 10
38.434705
 20
24.509318
 42
0.081972
  0
VERTEX
  8
0
 10
39.980544
 20
24.680833
 42
0.250346
  0
VERTEX
  8
0
 10
40.557169
 20
25.234056
 42
0.220753
  0
VERTEX
  8
0
 10
40.457295
 20
26.069098
 42
0.225825
  0
VERTEX
  8
0
 10
39.343819
 20
26.787560
 42
0.030969
  0
VERTEX
  8
0
 10
36.510473
 20
26.977415
 42
0.030904
  0
VERTEX
  8
0
 10
33.676415
 20
26.816271
 42
0.228516
  0
SEQEND
  0
POLYLINE
  8
0
 66
1
 70
1
  0
VERTEX
  8
0
 10
395.250000
 20
25.750000
 42
0.081128
  0
VERTEX
  8
0
 10
395.496931
 20
25.279889
 42
0.074405
  0
VERTEX
  8
0
 10
395.886979
 20
24.896563
 42
0.077388
  0
VERTEX
  8
0
 10
396.356226
 20
24.656012
 42
0.101531
  0
VERTEX
  8
0
 10
396.833333
 20
24.600000
 42
-0.005367
  0
VERTEX
  8
0
 10
397.474242
 20
24.648011
 42
-0.001236
  0
VERTEX
  8
0
 10
398.555878
 20
24.714688
 42
-0.001277
  0
VERTEX
  8
0
 10
399.802310
 20
24.785234
 42
-0.001247
  0
VERTEX
  8
0
 10
401.059017
 20
24.850000
 42
0.063902
  0
VERTEX
  8
0
 10
403.249366
 20
25.240950
 42
0.567177
  0
VERTEX
  8
0
 10
403.432770
 20
26.008099
 42
0.158769
  0
VERTEX
  8
0
 10
401.862259
 20
26.783634
 42
0.035959
  0
VERTEX
  8
0
 10
398.857650
 20
27.000000
 42
0.018394
  0
VERTEX
  8
0
 10
397.044076
 20
26.933259
 42
0.065085
  0
VERTEX
  8
0
 10
395.905453
 20
26.698231
 42
0.144203
  0
VERTEX
  8
0
 10
395.344816
 20
26.298012
 42
0.251656
  0
SEQEND
  0
POLYLINE
  8
0
 66
1
 70
1
  0
VERTEX
  8
0
 10
197.360496
 20
598.000000
 42
0.003282
  0
VERTEX
  8
0
 10
197.382856
 20
594.594082
 42
0.016391
  0
VERTEX
  8
0
 10
197.470518
 20
592.685938
 42
0.793398
  0
VERTEX
  8
0
 10
197.598782
 20
592.666460
 42
0.075495
  0
VERTEX
  8
0
 10
197.735039
 20
593.250000
 42
0.012378
  0
VERTEX
  8
0
 10
197.851785
 20
595.412501
 42
0.007295
  0
VERTEX
  8
0
 10
197.889538
 20
598.000000
 42
0.007295
  0
VERTEX
  8
0
 10
197.851785
 20
600.587499
 42
0.012378
  0
VERTEX
  8
0
 10
197.735039
 20
602.750000
 42
0.075495
  0
VERTEX
  8
0
 10
197.598782
 20
603.333540
 42
0.793398
  0
VERTEX
  8
0
 10
197.470518
 20
603.314062
 42
0.016391
  0
VERTEX
  8
0
 10
197.382856
 20
601.405918
 42
0.003282
  0
SEQEND
  0
POLYLINE
  8
0
 66
1
 70
1
  0
VERTEX
  8
0
 10
240.812500
 20
605.316886
 42
0.051402
  0
VERTEX
  8
0
 10
241.359369
 20
605.160852
 42
0.054150
  0
VERTEX
  8
0
 10
241.916927
 20
605.123424
 42
0.060344
  0
VERTEX
  8
0
 10
242.402231
 20
605.202593
 42
0.126455
  0
VERTEX
  8
0
 10
242.729167
 20
605.395833
 42
0.296942
  0
VERTEX
  8
0
 10
242.775380
 20
605.614691
 42
0.208169
  0
VERTEX
  8
0
 10
242.592839
 20
605.799335
 42
0.077125
  0
VERTEX
  8
0
 10
242.112848
 20
605.910055
 42
0.028489
  0
VERTEX
  8
0
 10
241.416667
 20
605.921053
 42
0.018894
  0
VERTEX
  8
0
 10
240.670344
 20
605.862007
 42
0.168741
  0
VERTEX
  8
0
 10
240.378580
 20
605.720685
 42
0.470617
  0
VERTEX
  8
0
 10
240.395823
 20
605.538436
 42
0.054073
  0
SEQEND
  0
POLYLINE
  8
0
 66
1
 70
1
  0
VERTEX
  8
0
 10
282.250000
 20
605.271532
 42
0.016375
  0
VERTEX
  8
0
 10
283.957332
 20
605.149287
 42
0.009683
  0
VERTEX
  8
0
 10
286.000000
 20
605.109723
 42
0.009683
  0
VERTEX
  8
0
 10
288.042668
 20
605.149287
 42
0.016375
  0
VERTEX
  8
0
 10
289.750000
 20
605.271532
 42
0.095407
  0
VERTEX
  8
0
 10
290.221145
 20
605.414420
 42
0.741699
  0
VERTEX
  8
0
 10
290.195312
 20
605.548567
 42
0.021699
  0
VERTEX
  8
0
 10
288.688407
 20
605.640349
 42
0.004360
  0
VERTEX
  8
0
 10
286.000000
 20
605.663794
 42
0.004360
  0
VERTEX
  8
0
 10
283.311593
 20
605.640349
 42
0.021699
  0
VERTEX
  8
0
 10
281.804688
 20
605.548567
 42
0.741699
  0
VERTEX
  8
0
 10
281.778855
 20
605.414420
 42
0.095407
  0
SEQEND
  0
POLYLINE
  8
0
 66
1
 70
1
  0
VERTEX
  8
0
 10
299.750000
 20
605.337719
 42
0.057986
  0
VERTEX
  8
0
 10
300.320008
 20
605.181385
 42
0.037979
  0
VERTEX
  8
0
 10
301.000000
 20
605.129660
 42
0.037979
  0
VERTEX
  8
0
 10
301.679992
 20
605.181385
 42
0.057986
  0
VERTEX
  8
0
 10
302.250000
 20
605.337719
 42
0.174857
  0
VERTEX
  8
0
 10
302.459382
 20
605.525001
 42
0.447206
  0
VERTEX
  8
0
 10
302.398438
 20
605.693942
 42
0.078554
  0
VERTEX
  8
0
 10
301.891440
 20
605.810911
 42
0.017491
  0
VERTEX
  8
0
 10
301.000000
 20
605.842105
 42
0.017491
  0
VERTEX
  8
0
 10
300.108560
 20
605.810911
 42
0.078554
  0
VERTEX
  8
0
 10
299.601562
 20
605.693942
 42
0.447206
  0
VERTEX
  8
0
 10
299.540618
 20
605.525001
 42
0.174857
  0
SEQEND
  0
POLYLINE
  8
0
 66
1
 70
1
  0
VERTEX
  8
0
 10
312.250000
 20
605.271532
 42
0.016375
  0
VERTEX
  8
0
 10
313.957332
 20
605.149287
 42
0.009683
  0
VERTEX
  8
0
 10
316.000000
 20
605.109723
 42
0.009683
  0
VERTEX
  8
0
 10
318.042668
 20
605.149287
 42
0.016375
  0
VERTEX
  8
0
 10
319.750000
 20
605.271532
 42
0.095407
  0
VERTEX
  8
0
 10
320.221145
 20
605.414420
 42
0.741699
  0
VERTEX
  8
0
 10
320.195312
 20
605.548567
 42
0.021699
  0
VERTEX
  8
0
 10
318.688407
 20
605.640349
 42
0.004360
  0
VERTEX
  8
0
 10
316.000000
 20
605.663794
 42
0.004360
  0
VERTEX
  8
0
 10
313.311593
 20
605.640349
 42
0.021699
  0
VERTEX
  8
0
 10
311.804688
 20
605.548567
 42
0.741699
  0
VERTEX
  8
0
 10
311.778855
 20
605.414420
 42
0.095407
  0
SEQEND
  0
POLYLINE
  8
0
 66
1
 70
1
  0
VERTEX
  8
0
 10
329.750000
 20
605.337719
 42
0.057986
  0
VERTEX
  8
0
 10
330.320008
 20
605.181385
 42
0.037979
  0
VERTEX
  8
0
 10
331.000000
 20
605.129660
 42
0.037979
  0
VERTEX
  8
0
 10
331.679992
 20
605.181385
 42
0.057986
  0
VERTEX
  8
0
 10
332.250000
 20
605.337719
 42
0.174857
  0
VERTEX
  8
0
 10
332.459382
 20
605.525001
 42
0.447206
  0
VERTEX
  8
0
 10
332.398438
 20
605.693942
 42
0.078554
  0
VERTEX
  8
0
 10
331.891440
 20
605.810911
 42
0.017491
  0
VERTEX
  8
0
 10
331.000000
 20
605.842105
 42
0.017491
  0
VERTEX
  8
0
 10
330.108560
 20
605.810911
 42
0.078554
  0
VERTEX
  8
0
 10
329.601562
 20
605.693942
 42
0.447206
  0
VERTEX
  8
0
 10
329.540618
 20
605.525001
 42
0.174857
  0
SEQEND
  0
POLYLINE
  8
0
 66
1
 70
1
  0
VERTEX
  8
0
 10
342.250000
 20
605.271532
 42
0.016375
  0
VERTEX
  8
0
 10
343.957332
 20
605.149287
 42
0.009683
  0
VERTEX
  8
0
 10
346.000000
 20
605.109723
 42
0.009683
  0
VERTEX
  8
0
 10
348.042668
 20
605.149287
 42
0.016375
  0
VERTEX
  8
0
 10
349.750000
 20
605.271532
 42
0.095407
  0
VERTEX
  8
0
 10
350.221145
 20
605.414420
 42
0.741699
  0
VERTEX
  8
0
 10
350.195312
 20
605.548567
 42
0.021699
  0
VERTEX
  8
0
 10
348.688407
 20
605.640349
 42
0.004360
  0
VERTEX
  8
0
 10
346.000000
 20
605.663794
 42
0.004360
  0
VERTEX
  8
0
 10
343.311593
 20
605.640349
 42
0.021699
  0
VERTEX
  8
0
 10
341.804688
 20
605.548567
 42
0.741699
  0
VERTEX
  8
0
 10
341.778855
 20
605.414420
 42
0.095407
  0
SEQEND
  0
POLYLINE
  8
0
 66
1
 70
1
  0
VERTEX
  8
0
 10
359.269032
 20
605.307009
 42
0.037336
  0
VERTEX
  8
0
 10
360.036634
 20
605.167106
 42
0.029507
  0
VERTEX
  8
0
 10
360.880008
 20
605.127736
 42
0.030339
  0
VERTEX
  8
0
 10
361.671085
 20
605.185595
 42
0.062780
  0
VERTEX
  8
0
 10
362.269032
 20
605.344063
 42
0.313180
  0
VERTEX
  8
0
 10
362.386009
 20
605.522870
 42
0.333666
  0
VERTEX
  8
0
 10
362.257153
 20
605.684921
 42
0.052471
  0
VERTEX
  8
0
 10
361.580113
 20
605.787295
 42
0.014395
  0
VERTEX
  8
0
 10
360.500000
 20
605.805051
 42
0.012823
  0
VERTEX
  8
0
 10
359.431793
 20
605.764444
 42
0.080377
  0
VERTEX
  8
0
 10
358.900903
 20
605.643467
 42
0.597527
  0
VERTEX
  8
0
 10
358.883358
 20
605.483340
 42
0.087174
  0
SEQEND
  0
POLYLINE
  8
0
 66
1
 70
1
  0
VERTEX
  8
0
 10
371.250000
 20
605.271532
 42
0.016375
  0
VERTEX
  8
0
 10
372.957332
 20
605.149287
 42
0.009683
  0
VERTEX
  8
0
 10
375.000000
 20
605.109723
 42
0.009683
  0
VERTEX
  8
0
 10
377.042668
 20
605.149287
 42
0.016375
  0
VERTEX
  8
0
 10
378.750000
 20
605.271532
 42
0.095407
  0
VERTEX
  8
0
 10
379.221145
 20
605.414420
 42
0.741699
  0
VERTEX
  8
0
 10
379.195312
 20
605.548567
 42
0.021699
  0
VERTEX
  8
0
 10
377.688407
 20
605.640349
 42
0.004360
  0
VERTEX
  8
0
 10
375.000000
 20
605.663794
 42
0.004360
  0
VERTEX
  8
0
 10
372.311593
 20
605.640349
 42
0.021699
  0
VERTEX
  8
0
 10
370.804688
 20
605.548567
 42
0.741699
  0
VERTEX
  8
0
 10
370.778855
 20
605.414420
 42
0.095407
  0
SEQEND
  0
POLYLINE
  8
0
 66
1
 70
1
  0
VERTEX
  8
0
 10
389.812500
 20
605.316886
 42
0.051402
  0
VERTEX
  8
0
 10
390.359369
 20
605.160852
 42
0.054150
  0
VERTEX
  8
0
 10
390.916927
 20
605.123424
 42
0.060344
  0
VERTEX
  8
0
 10
391.402231
 20
605.202593
 42
0.126455
  0
VERTEX
  8
0
 10
391.729167
 20
605.395833
 42
0.296942
  0
VERTEX
  8
0
 10
391.775380
 20
605.614691
 42
0.208169
  0
VERTEX
  8
0
 10
391.592839
 20
605.799335
 42
0.077125
  0
VERTEX
  8
0
 10
391.112848
 20
605.910055
 42
0.028489
  0
VERTEX
  8
0
 10
390.416667
 20
605.921053
 42
0.018894
  0
VERTEX
  8
0
 10
389.670344
 20
605.862007
 42
0.168741
  0
VERTEX
  8
0
 10
389.378580
 20
605.720685
 42
0.470617
  0
VERTEX
  8
0
 10
389.395823
 20
605.538436
 42
0.054073
  0
SEQEND
  0
POLYLINE
  8
0
 66
1
 70
1
  0
VERTEX
  8
0
 10
115.000000
 20
597.500000
 42
0.000000
  0
VERTEX
  8
0
 10
115.000000
 20
590.000000
 42
0.000000
  0
VERTEX
  8
0
 10
129.535022
 20
590.000000
 42
0.000000
  0
VERTEX
  8
0
 10
144.070045
 20
590.000000
 42
0.000000
  0
VERTEX
  8
0
 10
143.826028
 20
597.500000
 42
0.000000
  0
VERTEX
  8
0
 10
143.582012
 20
605.000000
 42
0.000000
  0
VERTEX
  8
0
 10
129.291006
 20
605.000000
 42
0.000000
  0
VERTEX
  8
0
 10
115.000000
 20
605.000000
 42
0.000000
  0
SEQEND
  0
POLYLINE
  8
0
 66
1
 70
1
  0
VERTEX
  8
0
 10
129.729798
 20
594.272304
 42
-0.062969
  0
VERTEX
  8
0
 10
129.583963
 20
593.648711
 42
-0.785070
  0
VERTEX
  8
0
 10
129.449454
 20
593.664364
 42
-0.026082
  0
VERTEX
  8
0
 10
129.354021
 20
594.993969
 42
-0.004587
  0
VERTEX
  8
0
 10
129.328140
 20
597.500000
 42
-0.004873
  0
VERTEX
  8
0
 10
129.349747
 20
600.014488
 42
-0.021409
  0
VERTEX
  8
0
 10
129.440431
 20
601.495614
 42
-0.613017
  0
VERTEX
  8
0
 10
129.577707
 20
601.548380
 42
-0.180442
  0
VERTEX
  8
0
 10
129.721732
 20
601.272304
 42
-0.020120
  0
VERTEX
  8
0
 10
129.847937
 20
599.765662
 42
-0.010546
  0
VERTEX
  8
0
 10
129.889785
 20
597.884630
 42
-0.010474
  0
VERTEX
  8
0
 10
129.851521
 20
595.951761
 42
-0.015806
  0
SEQEND
  0
POLYLINE
  8
0
 66
1
 70
1
  0
VERTEX
  8
0
 10
128.000000
 20
597.500000
 42
0.000000
  0
VERTEX
  8
0
 10
128.000000
 20
592.000000
 42
0.000000
  0
VERTEX
  8
0
 10
122.500000
 20
592.000000
 42
0.000000
  0
VERTEX
  8
0
 10
117.000000
 20
592.000000
 42
0.000000
  0
VERTEX
  8
0
 10
117.000000
 20
597.500000
 42
0.000000
  0
VERTEX
  8
0
 10
117.000000
 20
603.000000
 42
0.000000
  0
VERTEX
  8
0
 10
122.500000
 20
603.000000
 42
0.000000
  0
VERTEX
  8
0
 10
128.000000
 20
603.000000
 42
0.000000
  0
SEQEND
  0
POLYLINE
  8
0
 66
1
 70
1
  0
VERTEX
  8
0
 10
142.000000
 20
597.666667
 42
-0.007276
  0
VERTEX
  8
0
 10
141.969819
 20
595.592806
 42
-0.010787
  0
VERTEX
  8
0
 10
141.877748
 20
593.777604
 42
-0.006202
  0
VERTEX
  8
0
 10
141.749649
 20
592.268049
 42
-0.173652
  0
VERTEX
  8
0
 10
141.583823
 20
591.916667
 42
-0.188243
  0
VERTEX
  8
0
 10
141.234805
 20
591.763370
 42
-0.007242
  0
VERTEX
  8
0
 10
139.796525
 20
591.724184
 42
-0.012075
  0
VERTEX
  8
0
 10
138.062047
 20
591.743950
 42
-0.008128
  0
VERTEX
  8
0
 10
136.083823
 20
591.846513
 42
0.000000
  0
VERTEX
  8
0
 10
131.000000
 20
592.193027
 42
0.000000
  0
VERTEX
  8
0
 10
131.000000
 20
597.596513
 42
0.000000
  0
VERTEX
  8
0
 10
131.000000
 20
603.000000
 42
0.000000
  0
VERTEX
  8
0
 10
136.500000
 20
603.000000
 42
0.000000
  0
VERTEX
  8
0
 10
142.000000
 20
603.000000
 42
0.000000
  0
SEQEND
  0
POLYLINE
  8
0
 66
1
 70
1
  0
VERTEX
  8
0
 10
319.666667
 20
601.333333
 42
0.183520
  0
VERTEX
  8
0
 10
319.058323
 20
599.979809
 42
0.024284
  0
VERTEX
  8
0
 10
319.023657
 20
596.781887
 42
0.022912
  0
VERTEX
  8
0
 10
319.290112
 20
593.599552
 42
0.225686
  0
VERTEX
  8
0
 10
320.000000
 20
592.500000
 42
0.202618
  0
VERTEX
  8
0
 10
320.378123
 20
592.441401
 42
0.181468
  0
VERTEX
  8
0
 10
320.706250
 20
592.668350
 42
0.104212
  0
VERTEX
  8
0
 10
320.928459
 20
593.195401
 42
0.047867
  0
VERTEX
  8
0
 10
321.000000
 20
593.940983
 42
-0.086098
  0
VERTEX
  8
0
 10
321.256369
 20
595.418773
 42
-0.327353
  0
VERTEX
  8
0
 10
321.987035
 20
595.912810
 42
-0.191731
  0
VERTEX
  8
0
 10
323.074686
 20
595.430946
 42
-0.040992
  0
VERTEX
  8
0
 10
324.420295
 20
593.810332
 42
0.033102
  0
VERTEX
  8
0
 10
325.056242
 20
593.019381
 42
0.055401
  0
VERTEX
  8
0
 10
325.698964
 20
592.459371
 42
0.078849
  0
VERTEX
  8
0
 10
326.251513
 20
592.193361
 42
0.275871
  0
VERTEX
  8
0
 10
326.619500
 20
592.286166
 42
0.202263
  0
VERTEX
  8
0
 10
326.773103
 20
592.663861
 42
0.071839
  0
VERTEX
  8
0
 10
326.680463
 20
593.251671
 42
0.056971
  0
VERTEX
  8
0
 10
326.376677
 20
593.943860
 42
0.040706
  0
VERTEX
  8
0
 10
325.892501
 20
594.638455
 42
-0.024085
  0
VERTEX
  8
0
 10
325.240659
 20
595.510378
 42
-0.132336
  0
VERTEX
  8
0
 10
325.051680
 20
596.060922
 42
-0.241202
  0
VERTEX
  8
0
 10
325.218965
 20
596.450223
 42
-0.091989
  0
VERTEX
  8
0
 10
325.750000
 20
596.745955
 42
0.090575
  0
VERTEX
  8
0
 10
326.227763
 20
597.010266
 42
0.069714
  0
VERTEX
  8
0
 10
326.632812
 20
597.448893
 42
0.068784
  0
VERTEX
  8
0
 10
326.906336
 20
597.988610
 42
0.083119
  0
VERTEX
  8
0
 10
327.000000
 20
598.548150
 42
0.225042
  0
VERTEX
  8
0
 10
326.234840
 20
600.162090
 42
0.080777
  0
VERTEX
  8
0
 10
323.975259
 20
601.468394
 42
0.079752
  0
VERTEX
  8
0
 10
321.390316
 20
602.002630
 42
0.210539
  0
SEQEND
  0
POLYLINE
  8
0
 66
1
 70
1
  0
VERTEX
  8
0
 10
325.000000
 20
599.000000
 42
-0.191087
  0
VERTEX
  8
0
 10
324.848523
 20
598.618118
 42
-0.088204
  0
VERTEX
  8
0
 10
324.412500
 20
598.293750
 42
-0.068025
  0
VERTEX
  8
0
 10
323.765418
 20
598.073693
 42
-0.048028
  0
VERTEX
  8
0
 10
323.000000
 20
598.000000
 42
-0.048028
  0
VERTEX
  8
0
 10
322.234582
 20
598.073693
 42
-0.068025
  0
VERTEX
  8
0
 10
321.587500
 20
598.293750
 42
-0.088204
  0
VERTEX
  8
0
 10
321.151477
 20
598.618118
 42
-0.191087
  0
VERTEX
  8
0
 10
321.000000
 20
599.000000
 42
-0.191087
  0
VERTEX
  8
0
 10
321.151477
 20
599.381882
 42
-0.088204
  0
VERTEX
  8
0
 10
321.587500
 20
599.706250
 42
-0.068025
  0
VERTEX
  8
0
 10
322.234582
 20
599.926307
 42
-0.048028
  0
VERTEX
  8
0
 10
323.000000
 20
600.000000
 42
-0.048028
  0
VERTEX
  8
0
 10
323.765418
 20
599.926307
 42
-0.068025
  0
VERTEX
  8
0
 10
324.412500
 20
599.706250
 42
-0.088204
  0
VERTEX
  8
0
 10
324.848523
 20
599.381882
 42
-0.191087
  0
SEQEND
  0
POLYLINE
  8
0
 66
1
 70
1
  0
VERTEX
  8
0
 10
329.000000
 20
597.000000
 42
0.009722
  0
VERTEX
  8
0
 10
329.062224
 20
593.800013
 42
0.126045
  0
VERTEX
  8
0
 10
329.400000
 20
592.666667
 42
0.222479
  0
VERTEX
  8
0
 10
330.180755
 20
592.141020
 42
0.038700
  0
VERTEX
  8
0
 10
332.000000
 20
592.000000
 42
0.031626
  0
VERTEX
  8
0
 10
333.149251
 20
592.072766
 42
0.048861
  0
VERTEX
  8
0
 10
334.118750
 20
592.293750
 42
0.062710
  0
VERTEX
  8
0
 10
334.790443
 20
592.615738
 42
0.254951
  0
VERTEX
  8
0
 10
335.000000
 20
593.000000
 42
0.226478
  0
VERTEX
  8
0
 10
334.817169
 20
593.382936
 42
0.074992
  0
VERTEX
  8
0
 10
334.265625
 20
593.706250
 42
0.057076
  0
VERTEX
  8
0
 10
333.457356
 20
593.926884
 42
0.038131
  0
VERTEX
  8
0
 10
332.500000
 20
594.000000
 42
-0.038131
  0
VERTEX
  8
0
 10
331.542644
 20
594.073116
 42
-0.057076
  0
VERTEX
  8
0
 10
330.734375
 20
594.293750
 42
-0.074992
  0
VERTEX
  8
0
 10
330.182831
 20
594.617064
 42
-0.226478
  0
VERTEX
  8
0
 10
330.000000
 20
595.000000
 42
-0.226478
  0
VERTEX
  8
0
 10
330.182831
 20
595.382936
 42
-0.074992
  0
VERTEX
  8
0
 10
330.734375
 20
595.706250
 42
-0.057076
  0
VERTEX
  8
0
 10
331.542644
 20
595.926884
 42
-0.038131
  0
VERTEX
  8
0
 10
332.500000
 20
596.000000
 42
0.038131
  0
VERTEX
  8
0
 10
333.457356
 20
596.073116
 42
0.057076
  0
VERTEX
  8
0
 10
334.265625
 20
596.293750
 42
0.074992
  0
VERTEX
  8
0
 10
334.817169
 20
596.617064
 42
0.226478
  0
VERTEX
  8
0
 10
335.000000
 20
597.000000
 42
0.226478
  0
VERTEX
  8
0
 10
334.817169
 20
597.382936
 42
0.074992
  0
VERTEX
  8
0
 10
334.265625
 20
597.706250
 42
0.057076
  0
VERTEX
  8
0
 10
333.457356
 20
597.926884
 42
0.038131
  0
VERTEX
  8
0
 10
332.500000
 20
598.000000
 42
-0.038131
  0
VERTEX
  8
0
 10
331.542644
 20
598.073116
 42
-0.057076
  0
VERTEX
  8
0
 10
330.734375
 20
598.293750
 42
-0.074992
  0
VERTEX
  8
0
 10
330.182831
 20
598.617064
 42
-0.226478
  0
VERTEX
  8
0
 10
330.000000
 20
599.000000
 42
-0.226478
  0
VERTEX
  8
0
 10
330.182831
 20
599.382936
 42
-0.074992
  0
VERTEX
  8
0
 10
330.734375
 20
599.706250
 42
-0.057076
  0
VERTEX
  8
0
 10
331.542644
 20
599.926884
 42
-0.038131
  0
VERTEX
  8
0
 10
332.500000
 20
600.000000
 42
0.038131
  0
VERTEX
  8
0
 10
333.457356
 20
600.073116
 42
0.057076
  0
VERTEX
  8
0
 10
334.265625
 20
600.293750
 42
0.074992
  0
VERTEX
  8
0
 10
334.817169
 20
600.617064
 42
0.226478
  0
VERTEX
  8
0
 10
335.000000
 20
601.000000
 42
0.254951
  0
VERTEX
  8
0
 10
334.790443
 20
601.384262
 42
0.062710
  0
VERTEX
  8
0
 10
334.118750
 20
601.706250
 42
0.048861
  0
VERTEX
  8
0
 10
333.149251
 20
601.927234
 42
0.031626
  0
VERTEX
  8
0
 10
332.000000
 20
602.000000
 42
0.038700
  0
VERTEX
  8
0
 10
330.180755
 20
601.858980
 42
0.222479
  0
VERTEX
  8
0
 10
329.400000
 20
601.333333
 42
0.126045
  0
VERTEX
  8
0
 10
329.062224
 20
600.199987
 42
0.009722
  0
SEQEND
  0
POLYLINE
  8
0
 66
1
 70
1
  0
VERTEX
  8
0
 10
338.997696
 20
599.310174
 42
-0.010939
  0
VERTEX
  8
0
 10
338.537275
 20
598.099095
 42
-0.008145
  0
VERTEX
  8
0
 10
337.978487
 20
596.782821
 42
-0.008242
  0
VERTEX
  8
0
 10
337.410640
 20
595.558385
 42
-0.018452
  0
VERTEX
  8
0
 10
336.930280
 20
594.652621
 42
0.042892
  0
VERTEX
  8
0
 10
336.204457
 20
593.106021
 42
0.331298
  0
VERTEX
  8
0
 10
336.417092
 20
592.384995
 42
0.272369
  0
VERTEX
  8
0
 10
337.248227
 20
592.291226
 42
0.034703
  0
VERTEX
  8
0
 10
338.902621
 20
593.171259
 42
-0.038157
  0
VERTEX
  8
0
 10
340.060608
 20
593.777022
 42
-0.098025
  0
VERTEX
  8
0
 10
340.980679
 20
593.973386
 42
-0.101228
  0
VERTEX
  8
0
 10
341.888047
 20
593.801771
 42
-0.042414
  0
VERTEX
  8
0
 10
343.000000
 20
593.232073
 42
0.074480
  0
VERTEX
  8
0
 10
344.360749
 20
592.641359
 42
0.449141
  0
VERTEX
  8
0
 10
344.928443
 20
593.016064
 42
0.123215
  0
VERTEX
  8
0
 10
344.790909
 20
594.358682
 42
0.012126
  0
VERTEX
  8
0
 10
343.602034
 20
597.410041
 42
0.026812
  0
VERTEX
  8
0
 10
342.211640
 20
600.292867
 42
0.170732
  0
VERTEX
  8
0
 10
341.018746
 20
601.359537
 42
0.340118
  0
VERTEX
  8
0
 10
339.950473
 20
601.070434
 42
0.077502
  0
SEQEND
  0
POLYLINE
  8
0
 66
1
 70
1
  0
VERTEX
  8
0
 10
342.000000
 20
597.000000
 42
-0.099038
  0
VERTEX
  8
0
 10
341.923658
 20
596.618362
 42
-0.097945
  0
VERTEX
  8
0
 10
341.706250
 20
596.293750
 42
-0.097945
  0
VERTEX
  8
0
 10
341.381638
 20
596.076342
 42
-0.099038
  0
VERTEX
  8
0
 10
341.000000
 20
596.000000
 42
-0.099038
  0
VERTEX
  8
0
 10
340.618362
 20
596.076342
 42
-0.097945
  0
VERTEX
  8
0
 10
340.293750
 20
596.293750
 42
-0.097945
  0
VERTEX
  8
0
 10
340.076342
 20
596.618362
 42
-0.099038
  0
VERTEX
  8
0
 10
340.000000
 20
597.000000
 42
-0.099038
  0
VERTEX
  8
0
 10
340.076342
 20
597.381638
 42
-0.097945
  0
VERTEX
  8
0
 10
340.293750
 20
597.706250
 42
-0.097945
  0
VERTEX
  8
0
 10
340.618362
 20
597.923658
 42
-0.099038
  0
VERTEX
  8
0
 10
341.000000
 20
598.000000
 42
-0.099038
  0
VERTEX
  8
0
 10
341.381638
 20
597.923658
 42
-0.097945
  0
VERTEX
  8
0
 10
341.706250
 20
597.706250
 42
-0.097945
  0
VERTEX
  8
0
 10
341.923658
 20
597.381638
 42
-0.099038
  0
SEQEND
  0
POLYLINE
  8
0
 66
1
 70
1
  0
VERTEX
  8
0
 10
346.494834
 20
600.750000
 42
0.086984
  0
VERTEX
  8
0
 10
346.207433
 20
599.041192
 42
0.022341
  0
VERTEX
  8
0
 10
346.352350
 20
596.234025
 42
0.019052
  0
VERTEX
  8
0
 10
346.724758
 20
593.478871
 42
0.154447
  0
VERTEX
  8
0
 10
347.304713
 20
592.361953
 42
0.286264
  0
VERTEX
  8
0
 10
347.565528
 20
592.301495
 42
0.202586
  0
VERTEX
  8
0
 10
347.795760
 20
592.507365
 42
0.080085
  0
VERTEX
  8
0
 10
347.952109
 20
593.047806
 42
0.030455
  0
VERTEX
  8
0
 10
348.000000
 20
593.833333
 42
-0.083290
  0
VERTEX
  8
0
 10
348.256206
 20
595.360691
 42
-0.305746
  0
VERTEX
  8
0
 10
349.000265
 20
595.920434
 42
-0.216466
  0
VERTEX
  8
0
 10
350.053798
 20
595.505939
 42
-0.052890
  0
VERTEX
  8
0
 10
351.232073
 20
594.000000
 42
0.042170
  0
VERTEX
  8
0
 10
351.804815
 20
593.234808
 42
0.043861
  0
VERTEX
  8
0
 10
352.490930
 20
592.587500
 42
0.047950
  0
VERTEX
  8
0
 10
353.183006
 20
592.141153
 42
0.119814
  0
VERTEX
  8
0
 10
353.763600
 20
592.000000
 42
0.169007
  0
VERTEX
  8
0
 10
354.239710
 20
592.165664
 42
0.266656
  0
VERTEX
  8
0
 10
354.395828
 20
592.556636
 42
0.093210
  0
VERTEX
  8
0
 10
354.150503
 20
593.279559
 42
0.016752
  0
VERTEX
  8
0
 10
353.408043
 20
594.500000
 42
-0.024239
  0
VERTEX
  8
0
 10
352.798343
 20
595.536852
 42
-0.069325
  0
VERTEX
  8
0
 10
352.516403
 20
596.322191
 42
-0.160151
  0
VERTEX
  8
0
 10
352.569541
 20
596.797399
 42
-0.293473
  0
VERTEX
  8
0
 10
352.884990
 20
597.000000
 42
0.295103
  0
VERTEX
  8
0
 10
353.743922
 20
597.555307
 42
0.132981
  0
VERTEX
  8
0
 10
353.965204
 20
598.939222
 42
0.104103
  0
VERTEX
  8
0
 10
353.458997
 20
600.501651
 42
0.172588
  0
VERTEX
  8
0
 10
352.418213
 20
601.393011
 42
0.053098
  0
VERTEX
  8
0
 10
350.502132
 20
601.903368
 42
0.065681
  0
VERTEX
  8
0
 10
348.657200
 20
601.945886
 42
0.081843
  0
VERTEX
  8
0
 10
347.218340
 20
601.545417
 42
0.201633
  0
SEQEND
  0
POLYLINE
  8
0
 66
1
 70
1
  0
VERTEX
  8
0
 10
352.000000
 20
599.000000
 42
-0.191087
  0
VERTEX
  8
0
 10
351.848523
 20
598.618118
 42
-0.088204
  0
VERTEX
  8
0
 10
351.412500
 20
598.293750
 42
-0.068025
  0
VERTEX
  8
0
 10
350.765418
 20
598.073693
 42
-0.048028
  0
VERTEX
  8
0
 10
350.000000
 20
598.000000
 42
-0.048028
  0
VERTEX
  8
0
 10
349.234582
 20
598.073693
 42
-0.068025
  0
VERTEX
  8
0
 10
348.587500
 20
598.293750
 42
-0.088204
  0
VERTEX
  8
0
 10
348.151477
 20
598.618118
 42
-0.191087
  0
VERTEX
  8
0
 10
348.000000
 20
599.000000
 42
-0.191087
  0
VERTEX
  8
0
 10
348.151477
 20
599.381882
 42
-0.088204
  0
VERTEX
  8
0
 10
348.587500
 20
599.706250
 42
-0.068025
  0
VERTEX
  8
0
 10
349.234582
 20
599.926307
 42
-0.048028
  0
VERTEX
  8
0
 10
350.000000
 20
600.000000
 42
-0.048028
  0
VERTEX
  8
0
 10
350.765418
 20
599.926307
 42
-0.068025
  0
VERTEX
  8
0
 10
351.412500
 20
599.706250
 42
-0.088204
  0
VERTEX
  8
0
 10
351.848523
 20
599.381882
 42
-0.191087
  0
SEQEND
  0
POLYLINE
  8
0
 66
1
 70
1
  0
VERTEX
  8
0
 10
314.000000
 20
582.563358
 42
0.020651
  0
VERTEX
  8
0
 10
314.072271
 20
580.814297
 42
0.033296
  0
VERTEX
  8
0
 10
314.293750
 20
579.340487
 42
0.036202
  0
VERTEX
  8
0
 10
314.611318
 20
578.268867
 42
0.312166
  0
VERTEX
  8
0
 10
315.000000
 20
578.000000
 42
0.141670
  0
VERTEX
  8
0
 10
315.381339
 20
578.110261
 42
0.099768
  0
VERTEX
  8
0
 10
315.706250
 20
578.420194
 42
0.084673
  0
VERTEX
  8
0
 10
315.925116
 20
578.883691
 42
0.068161
  0
VERTEX
  8
0
 10
316.000000
 20
579.430449
 42
-0.145606
  0
VERTEX
  8
0
 10
316.169747
 20
580.000991
 42
-0.083039
  0
VERTEX
  8
0
 10
316.660937
 20
580.534572
 42
-0.070703
  0
VERTEX
  8
0
 10
317.389646
 20
580.951678
 42
-0.059475
  0
VERTEX
  8
0
 10
318.250000
 20
581.180449
 42
0.063957
  0
VERTEX
  8
0
 10
319.303999
 20
581.470812
 42
0.125837
  0
VERTEX
  8
0
 10
319.993045
 20
581.991284
 42
0.117390
  0
VERTEX
  8
0
 10
320.376554
 20
582.806311
 42
0.051570
  0
VERTEX
  8
0
 10
320.500000
 20
584.000000
 42
0.054719
  0
VERTEX
  8
0
 10
320.355282
 20
585.318403
 42
0.161027
  0
VERTEX
  8
0
 10
319.893664
 20
586.092049
 42
0.126565
  0
VERTEX
  8
0
 10
318.980404
 20
586.546479
 42
0.028459
  0
VERTEX
  8
0
 10
317.250000
 20
586.813358
 42
0.026123
  0
VERTEX
  8
0
 10
315.198415
 20
586.903453
 42
0.231403
  0
VERTEX
  8
0
 10
314.410882
 20
586.510178
 42
0.154118
  0
VERTEX
  8
0
 10
314.061383
 20
585.543780
 42
0.010297
  0
SEQEND
  0
POLYLINE
  8
0
 66
1
 70
1
  0
VERTEX
  8
0
 10
319.000000
 20
584.000000
 42
-0.148195
  0
VERTEX
  8
0
 10
318.884432
 20
583.618646
 42
-0.098894
  0
VERTEX
  8
0
 10
318.559375
 20
583.293750
 42
-0.082425
  0
VERTEX
  8
0
 10
318.073457
 20
583.074694
 42
-0.064853
  0
VERTEX
  8
0
 10
317.500000
 20
583.000000
 42
-0.064853
  0
VERTEX
  8
0
 10
316.926543
 20
583.074694
 42
-0.082425
  0
VERTEX
  8
0
 10
316.440625
 20
583.293750
 42
-0.098894
  0
VERTEX
  8
0
 10
316.115568
 20
583.618646
 42
-0.148195
  0
VERTEX
  8
0
 10
316.000000
 20
584.000000
 42
-0.148195
  0
VERTEX
  8
0
 10
316.115568
 20
584.381354
 42
-0.098894
  0
VERTEX
  8
0
 10
316.440625
 20
584.706250
 42
-0.082425
  0
VERTEX
  8
0
 10
316.926543
 20
584.925306
 42
-0.064853
  0
VERTEX
  8
0
 10
317.500000
 20
585.000000
 42
-0.064853
  0
VERTEX
  8
0
 10
318.073457
 20
584.925306
 42
-0.082425
  0
VERTEX
  8
0
 10
318.559375
 20
584.706250
 42
-0.098894
  0
VERTEX
  8
0
 10
318.884432
 20
584.381354
 42
-0.148195
  0
SEQEND
  0
POLYLINE
  8
0
 66
1
 70
1
  0
VERTEX
  8
0
 10
323.394042
 20
585.584473
 42
0.058637
  0
VERTEX
  8
0
 10
323.206621
 20
584.848226
 42
0.020187
  0
VERTEX
  8
0
 10
323.105758
 20
583.752130
 42
0.019741
  0
VERTEX
  8
0
 10
323.091117
 20
582.523517
 42
0.021616
  0
VERTEX
  8
0
 10
323.175426
 20
581.334473
 42
0.040672
  0
VERTEX
  8
0
 10
323.484975
 20
579.769787
 42
0.164127
  0
VERTEX
  8
0
 10
324.028547
 20
578.978591
 42
0.136623
  0
VERTEX
  8
0
 10
325.004396
 20
578.597947
 42
0.025092
  0
VERTEX
  8
0
 10
326.954915
 20
578.500000
 42
0.028643
  0
VERTEX
  8
0
 10
328.792024
 20
578.605326
 42
0.108873
  0
VERTEX
  8
0
 10
329.872296
 20
578.977074
 42
0.137234
  0
VERTEX
  8
0
 10
330.559117
 20
579.714753
 42
0.056823
  0
VERTEX
  8
0
 10
331.047916
 20
581.000000
 42
0.075211
  0
VERTEX
  8
0
 10
331.296294
 20
583.481476
 42
0.138556
  0
VERTEX
  8
0
 10
330.652042
 20
585.388853
 42
0.150080
  0
VERTEX
  8
0
 10
329.153907
 20
586.580062
 42
0.093730
  0
VERTEX
  8
0
 10
326.933431
 20
587.000000
 42
0.043540
  0
VERTEX
  8
0
 10
325.740848
 20
586.895952
 42
0.051646
  0
VERTEX
  8
0
 10
324.653682
 20
586.586567
 42
0.059514
  0
VERTEX
  8
0
 10
323.817242
 20
586.130336
 42
0.147599
  0
SEQEND
  0
POLYLINE
  8
0
 66
1
 70
1
  0
VERTEX
  8
0
 10
329.429755
 20
583.322459
 42
-0.095473
  0
VERTEX
  8
0
 10
329.567451
 20
582.548368
 42
-0.067911
  0
VERTEX
  8
0
 10
329.435480
 20
581.674826
 42
-0.063649
  0
VERTEX
  8
0
 10
329.058036
 20
580.812732
 42
-0.063486
  0
VERTEX
  8
0
 10
328.475626
 20
580.072459
 42
-0.027462
  0
VERTEX
  8
0
 10
327.506551
 20
579.218261
 42
-0.192286
  0
VERTEX
  8
0
 10
326.913910
 20
579.042937
 42
-0.186566
  0
VERTEX
  8
0
 10
326.353071
 20
579.321638
 42
-0.025630
  0
VERTEX
  8
0
 10
325.507566
 20
580.347199
 42
-0.049889
  0
VERTEX
  8
0
 10
325.023304
 20
581.157790
 42
-0.047094
  0
VERTEX
  8
0
 10
324.697990
 20
582.063856
 42
-0.050585
  0
VERTEX
  8
0
 10
324.568089
 20
582.926259
 42
-0.104080
  0
VERTEX
  8
0
 10
324.675672
 20
583.597199
 42
-0.178664
  0
VERTEX
  8
0
 10
325.578400
 20
584.626447
 42
-0.139628
  0
VERTEX
  8
0
 10
327.040008
 20
584.952885
 42
-0.132330
  0
VERTEX
  8
0
 10
328.513747
 20
584.463099
 42
-0.156355
  0
SEQEND
  0
POLYLINE
  8
0
 66
1
 70
1
  0
VERTEX
  8
0
 10
333.000000
 20
582.500000
 42
0.020945
  0
VERTEX
  8
0
 10
333.072283
 20
580.775243
 42
0.033738
  0
VERTEX
  8
0
 10
333.293750
 20
579.321875
 42
0.036969
  0
VERTEX
  8
0
 10
333.611488
 20
578.267028
 42
0.310520
  0
VERTEX
  8
0
 10
334.000000
 20
578.000000
 42
0.204270
  0
VERTEX
  8
0
 10
334.382205
 20
578.162945
 42
0.083628
  0
VERTEX
  8
0
 10
334.706250
 20
578.638705
 42
0.063841
  0
VERTEX
  8
0
 10
334.926543
 20
579.341976
 42
0.044041
  0
VERTEX
  8
0
 10
335.000000
 20
580.174314
 42
0.000000
  0
VERTEX
  8
0
 10
335.000000
 20
582.348628
 42
0.000000
  0
VERTEX
  8
0
 10
337.314451
 20
580.174314
 42
0.018387
  0
VERTEX
  8
0
 10
339.185487
 20
578.541814
 42
0.138035
  0
VERTEX
  8
0
 10
340.255233
 20
578.081552
 42
0.527859
  0
VERTEX
  8
0
 10
340.612161
 20
578.479268
 42
0.062940
  0
VERTEX
  8
0
 10
340.104959
 20
579.803882
 42
-0.059729
  0
VERTEX
  8
0
 10
339.794699
 20
580.598894
 42
-0.053141
  0
VERTEX
  8
0
 10
339.665044
 20
581.477070
 42
-0.056002
  0
VERTEX
  8
0
 10
339.724609
 20
582.308861
 42
-0.092815
  0
VERTEX
  8
0
 10
339.977255
 20
582.963198
 42
0.119702
  0
VERTEX
  8
0
 10
340.496830
 20
584.556077
 42
0.203522
  0
VERTEX
  8
0
 10
340.057161
 20
585.862985
 42
0.150646
  0
VERTEX
  8
0
 10
338.643973
 20
586.721015
 42
0.061734
  0
VERTEX
  8
0
 10
336.393011
 20
587.000000
 42
0.026039
  0
VERTEX
  8
0
 10
334.271881
 20
586.889460
 42
0.208079
  0
VERTEX
  8
0
 10
333.438501
 20
586.418436
 42
0.150617
  0
VERTEX
  8
0
 10
333.069708
 20
585.398863
 42
0.012022
  0
SEQEND
  0
POLYLINE
  8
0
 66
1
 70
1
  0
VERTEX
  8
0
 10
338.500000
 20
584.000000
 42
-0.088250
  0
VERTEX
  8
0
 10
338.157656
 20
583.617164
 42
-0.053305
  0
VERTEX
  8
0
 10
337.640225
 20
583.293750
 42
-0.051278
  0
VERTEX
  8
0
 10
337.038022
 20
583.074167
 42
-0.061875
  0
VERTEX
  8
0
 10
336.440983
 20
583.000000
 42
-0.067639
  0
VERTEX
  8
0
 10
335.890182
 20
583.074854
 42
-0.084330
  0
VERTEX
  8
0
 10
335.423289
 20
583.293750
 42
-0.099650
  0
VERTEX
  8
0
 10
335.111069
 20
583.618660
 42
-0.142666
  0
VERTEX
  8
0
 10
335.000000
 20
584.000000
 42
-0.195654
  0
VERTEX
  8
0
 10
335.155423
 20
584.381985
 42
-0.086673
  0
VERTEX
  8
0
 10
335.604836
 20
584.706250
 42
-0.066561
  0
VERTEX
  8
0
 10
336.270941
 20
584.926392
 42
-0.046600
  0
VERTEX
  8
0
 10
337.059017
 20
585.000000
 42
-0.047867
  0
VERTEX
  8
0
 10
337.804599
 20
584.928459
 42
-0.104212
  0
VERTEX
  8
0
 10
338.331650
 20
584.706250
 42
-0.181468
  0
VERTEX
  8
0
 10
338.558599
 20
584.378123
 42
-0.202618
  0
SEQEND
  0
POLYLINE
  8
0
 66
1
 70
1
  0
VERTEX
  8
0
 10
343.200000
 20
585.800000
 42
0.153679
  0
VERTEX
  8
0
 10
341.984952
 20
583.468532
 42
0.148815
  0
VERTEX
  8
0
 10
342.303380
 20
580.827919
 42
0.145396
  0
VERTEX
  8
0
 10
344.052221
 20
578.769401
 42
0.145460
  0
VERTEX
  8
0
 10
346.640983
 20
578.000000
 42
0.043470
  0
VERTEX
  8
0
 10
347.547126
 20
578.078929
 42
0.044687
  0
VERTEX
  8
0
 10
348.417303
 20
578.313294
 42
0.048811
  0
VERTEX
  8
0
 10
349.129242
 20
578.657152
 42
0.117975
  0
VERTEX
  8
0
 10
349.541119
 20
579.066531
 42
0.110053
  0
VERTEX
  8
0
 10
349.892491
 20
580.077987
 42
0.315081
  0
VERTEX
  8
0
 10
349.557236
 20
580.698521
 42
0.218235
  0
VERTEX
  8
0
 10
348.681580
 20
580.729404
 42
0.074700
  0
VERTEX
  8
0
 10
347.567971
 20
580.056411
 42
-0.110138
  0
VERTEX
  8
0
 10
346.195207
 20
579.353330
 42
-0.225906
  0
VERTEX
  8
0
 10
345.035593
 20
579.576845
 42
-0.171173
  0
VERTEX
  8
0
 10
344.253759
 20
580.727115
 42
-0.064567
  0
VERTEX
  8
0
 10
344.000000
 20
582.684017
 42
-0.034107
  0
VERTEX
  8
0
 10
344.098517
 20
584.126552
 42
-0.214548
  0
VERTEX
  8
0
 10
344.480369
 20
584.736883
 42
-0.176376
  0
VERTEX
  8
0
 10
345.243357
 20
584.923505
 42
-0.022033
  0
VERTEX
  8
0
 10
346.955615
 20
584.658877
 42
0.016550
  0
VERTEX
  8
0
 10
348.468258
 20
584.408092
 42
0.121022
  0
VERTEX
  8
0
 10
349.192763
 20
584.487871
 42
0.303004
  0
VERTEX
  8
0
 10
349.459636
 20
584.852493
 42
0.102814
  0
VERTEX
  8
0
 10
349.348627
 20
585.533877
 42
0.197824
  0
VERTEX
  8
0
 10
348.399268
 20
586.538723
 42
0.095268
  0
VERTEX
  8
0
 10
346.644996
 20
586.955432
 42
0.086312
  0
VERTEX
  8
0
 10
344.694551
 20
586.702533
 42
0.121659
  0
SEQEND
  0
POLYLINE
  8
0
 66
1
 70
1
  0
VERTEX
  8
0
 10
351.140785
 20
582.500000
 42
0.018533
  0
VERTEX
  8
0
 10
351.409975
 20
579.475837
 42
0.147095
  0
VERTEX
  8
0
 10
351.973541
 20
578.206831
 42
0.530603
  0
VERTEX
  8
0
 10
352.627442
 20
578.282293
 42
0.056175
  0
VERTEX
  8
0
 10
353.289749
 20
580.000000
 42
-0.070024
  0
VERTEX
  8
0
 10
353.608997
 20
580.764455
 42
-0.069688
  0
VERTEX
  8
0
 10
354.127252
 20
581.412500
 42
-0.075597
  0
VERTEX
  8
0
 10
354.758114
 20
581.849832
 42
-0.114309
  0
VERTEX
  8
0
 10
355.406380
 20
582.000000
 42
-0.115978
  0
VERTEX
  8
0
 10
356.036902
 20
581.851753
 42
-0.109473
  0
VERTEX
  8
0
 10
356.550798
 20
581.436249
 42
-0.096727
  0
VERTEX
  8
0
 10
356.885289
 20
580.793654
 42
-0.071894
  0
VERTEX
  8
0
 10
357.000000
 20
580.000000
 42
0.048028
  0
VERTEX
  8
0
 10
357.073693
 20
579.234582
 42
0.068025
  0
VERTEX
  8
0
 10
357.293750
 20
578.587500
 42
0.088204
  0
VERTEX
  8
0
 10
357.618118
 20
578.151477
 42
0.191087
  0
VERTEX
  8
0
 10
358.000000
 20
578.000000
 42
0.310520
  0
VERTEX
  8
0
 10
358.388512
 20
578.267028
 42
0.036969
  0
VERTEX
  8
0
 10
358.706250
 20
579.321875
 42
0.033738
  0
VERTEX
  8
0
 10
358.927717
 20
580.775243
 42
0.020945
  0
VERTEX
  8
0
 10
359.000000
 20
582.500000
 42
0.020945
  0
VERTEX
  8
0
 10
358.927717
 20
584.224757
 42
0.033738
  0
VERTEX
  8
0
 10
358.706250
 20
585.678125
 42
0.036969
  0
VERTEX
  8
0
 10
358.388512
 20
586.732972
 42
0.310520
  0
VERTEX
  8
0
 10
358.000000
 20
587.000000
 42
0.191087
  0
VERTEX
  8
0
 10
357.618118
 20
586.848523
 42
0.088204
  0
VERTEX
  8
0
 10
357.293750
 20
586.412500
 42
0.068025
  0
VERTEX
  8
0
 10
357.073693
 20
585.765418
 42
0.048028
  0
VERTEX
  8
0
 10
357.000000
 20
585.000000
 42
-0.071894
  0
VERTEX
  8
0
 10
356.885289
 20
584.206346
 42
-0.096727
  0
VERTEX
  8
0
 10
356.550798
 20
583.563751
 42
-0.109473
  0
VERTEX
  8
0
 10
356.036902
 20
583.148247
 42
-0.115978
  0
VERTEX
  8
0
 10
355.406380
 20
583.000000
 42
-0.114309
  0
VERTEX
  8
0
 10
354.758114
 20
583.150168
 42
-0.075597
  0
VERTEX
  8
0
 10
354.127252
 20
583.587500
 42
-0.069688
  0
VERTEX
  8
0
 10
353.608997
 20
584.235545
 42
-0.070024
  0
VERTEX
  8
0
 10
353.289749
 20
585.000000
 42
0.071133
  0
VERTEX
  8
0
 10
352.544761
 20
586.772898
 42
0.511659
  0
VERTEX
  8
0
 10
351.764788
 20
586.839434
 42
0.161162
  0
VERTEX
  8
0
 10
351.168483
 20
585.390645
 42
0.030659
  0
SEQEND
  0
POLYLINE
  8
0
 66
1
 70
1
  0
VERTEX
  8
0
 10
167.997666
 20
584.750000
 42
0.397179
  0
VERTEX
  8
0
 10
168.281480
 20
584.450946
 42
0.003107
  0
VERTEX
  8
0
 10
171.891502
 20
584.273260
 42
0.008837
  0
VERTEX
  8
0
 10
176.169232
 20
584.165045
 42
0.005305
  0
VERTEX
  8
0
 10
181.250000
 20
584.180248
 42
0.001740
  0
VERTEX
  8
0
 10
190.053973
 20
584.330651
 42
0.882189
  0
VERTEX
  8
0
 10
190.080927
 20
584.587738
 42
0.048849
  0
VERTEX
  8
0
 10
187.967702
 20
584.868019
 42
0.000907
  0
VERTEX
  8
0
 10
176.747666
 20
585.231982
 42
0.008029
  0
VERTEX
  8
0
 10
173.391881
 20
585.280827
 42
0.013382
  0
VERTEX
  8
0
 10
170.567015
 20
585.200957
 42
0.006997
  0
VERTEX
  8
0
 10
168.265394
 20
585.041841
 42
0.390999
  0
SEQEND
  0
POLYLINE
  8
0
 66
1
 70
1
  0
VERTEX
  8
0
 10
101.000000
 20
573.500000
 42
0.020945
  0
VERTEX
  8
0
 10
101.072283
 20
571.775243
 42
0.033738
  0
VERTEX
  8
0
 10
101.293750
 20
570.321875
 42
0.036969
  0
VERTEX
  8
0
 10
101.611488
 20
569.267028
 42
0.310520
  0
VERTEX
  8
0
 10
102.000000
 20
569.000000
 42
0.148195
  0
VERTEX
  8
0
 10
102.381354
 20
569.115568
 42
0.098894
  0
VERTEX
  8
0
 10
102.706250
 20
569.440625
 42
0.082425
  0
VERTEX
  8
0
 10
102.925306
 20
569.926543
 42
0.064853
  0
VERTEX
  8
0
 10
103.000000
 20
570.500000
 42
-0.133566
  0
VERTEX
  8
0
 10
103.298045
 20
571.595817
 42
-0.312913
  0
VERTEX
  8
0
 10
104.030617
 20
571.934590
 42
-0.169779
  0
VERTEX
  8
0
 10
105.042745
 20
571.368820
 42
-0.058399
  0
VERTEX
  8
0
 10
106.014990
 20
569.971992
 42
0.046099
  0
VERTEX
  8
0
 10
106.499418
 20
569.238259
 42
0.068658
  0
VERTEX
  8
0
 10
107.057269
 20
568.710132
 42
0.092141
  0
VERTEX
  8
0
 10
107.597986
 20
568.457440
 42
0.204528
  0
VERTEX
  8
0
 10
108.039058
 20
568.524139
 42
0.235200
  0
VERTEX
  8
0
 10
108.290459
 20
568.929422
 42
0.078396
  0
VERTEX
  8
0
 10
108.245051
 20
569.646325
 42
0.056622
  0
VERTEX
  8
0
 10
107.927236
 20
570.565631
 42
0.033529
  0
VERTEX
  8
0
 10
107.357086
 20
571.577771
 42
-0.021964
  0
VERTEX
  8
0
 10
106.456382
 20
573.093686
 42
-0.133160
  0
VERTEX
  8
0
 10
106.252253
 20
573.975689
 42
-0.146935
  0
VERTEX
  8
0
 10
106.532397
 20
574.795949
 42
-0.028676
  0
VERTEX
  8
0
 10
107.523189
 20
576.025623
 42
0.084754
  0
VERTEX
  8
0
 10
108.400287
 20
577.404739
 42
0.498619
  0
VERTEX
  8
0
 10
108.032923
 20
578.035010
 42
0.170618
  0
VERTEX
  8
0
 10
106.660316
 20
577.728074
 42
0.044426
  0
VERTEX
  8
0
 10
104.828741
 20
576.345012
 42
-0.007828
  0
VERTEX
  8
0
 10
103.681380
 20
575.338887
 42
-0.177905
  0
VERTEX
  8
0
 10
103.276247
 20
575.190025
 42
-0.384330
  0
VERTEX
  8
0
 10
103.049016
 20
575.394959
 42
-0.025779
  0
VERTEX
  8
0
 10
103.000000
 20
576.345012
 42
0.058509
  0
VERTEX
  8
0
 10
102.925678
 20
576.977971
 42
0.077595
  0
VERTEX
  8
0
 10
102.706250
 20
577.513847
 42
0.096243
  0
VERTEX
  8
0
 10
102.381443
 20
577.872857
 42
0.162272
  0
VERTEX
  8
0
 10
102.000000
 20
578.000000
 42
0.310520
  0
VERTEX
  8
0
 10
101.611488
 20
577.732972
 42
0.036969
  0
VERTEX
  8
0
 10
101.293750
 20
576.678125
 42
0.033738
  0
VERTEX
  8
0
 10
101.072283
 20
575.224757
 42
0.020945
  0
SEQEND
  0
POLYLINE
  8
0
 66
1
 70
1
  0
VERTEX
  8
0
 10
110.000000
 20
573.500000
 42
0.020945
  0
VERTEX
  8
0
 10
110.072283
 20
571.775243
 42
0.033738
  0
VERTEX
  8
0
 10
110.293750
 20
570.321875
 42
0.036969
  0
VERTEX
  8
0
 10
110.611488
 20
569.267028
 42
0.310520
  0
VERTEX
  8
0
 10
111.000000
 20
569.000000
 42
0.310520
  0
VERTEX
  8
0
 10
111.388512
 20
569.267028
 42
0.036969
  0
VERTEX
  8
0
 10
111.706250
 20
570.321875
 42
0.033738
  0
VERTEX
  8
0
 10
111.927717
 20
571.775243
 42
0.020945
  0
VERTEX
  8
0
 10
112.000000
 20
573.500000
 42
0.020945
  0
VERTEX
  8
0
 10
111.927717
 20
575.224757
 42
0.033738
  0
VERTEX
  8
0
 10
111.706250
 20
576.678125
 42
0.036969
  0
VERTEX
  8
0
 10
111.388512
 20
577.732972
 42
0.310520
  0
VERTEX
  8
0
 10
111.000000
 20
578.000000
 42
0.310520
  0
VERTEX
  8
0
 10
110.611488
 20
577.732972
 42
0.036969
  0
VERTEX
  8
0
 10
110.293750
 20
576.678125
 42
0.033738
  0
VERTEX
  8
0
 10
110.072283
 20
575.224757
 42
0.020945
  0
SEQEND
  0
POLYLINE
  8
0
 66
1
 70
1
  0
VERTEX
  8
0
 10
113.000000
 20
577.000000
 42
0.148195
  0
VERTEX
  8
0
 10
113.115568
 20
576.618646
 42
0.098894
  0
VERTEX
  8
0
 10
113.440625
 20
576.293750
 42
0.082425
  0
VERTEX
  8
0
 10
113.926543
 20
576.074694
 42
0.064853
  0
VERTEX
  8
0
 10
114.500000
 20
576.000000
 42
-0.164293
  0
VERTEX
  8
0
 10
115.169448
 20
575.773926
 42
-0.129352
  0
VERTEX
  8
0
 10
115.642857
 20
575.166667
 42
-0.075863
  0
VERTEX
  8
0
 10
115.918107
 20
574.104033
 42
-0.025511
  0
VERTEX
  8
0
 10
116.000000
 20
572.500000
 42
0.027026
  0
VERTEX
  8
0
 10
116.072542
 20
571.158889
 42
0.042582
  0
VERTEX
  8
0
 10
116.293750
 20
570.028125
 42
0.052312
  0
VERTEX
  8
0
 10
116.614308
 20
569.232098
 42
0.277684
  0
VERTEX
  8
0
 10
117.000000
 20
569.000000
 42
0.261830
  0
VERTEX
  8
0
 10
117.384656
 20
569.216254
 42
0.059604
  0
VERTEX
  8
0
 10
117.706250
 20
569.922304
 42
0.046939
  0
VERTEX
  8
0
 10
117.927306
 20
570.936875
 42
0.030189
  0
VERTEX
  8
0
 10
118.000000
 20
572.139757
 42
-0.046553
  0
VERTEX
  8
0
 10
118.124863
 20
573.477928
 42
-0.046838
  0
VERTEX
  8
0
 10
118.495118
 20
574.767049
 42
-0.050426
  0
VERTEX
  8
0
 10
119.056040
 20
575.860284
 42
-0.086884
  0
VERTEX
  8
0
 10
119.750000
 20
576.607954
 42
0.046189
  0
VERTEX
  8
0
 10
120.548386
 20
577.339324
 42
0.485945
  0
VERTEX
  8
0
 10
120.484418
 20
577.716920
 42
0.117105
  0
VERTEX
  8
0
 10
119.740129
 20
577.919028
 42
0.006130
  0
VERTEX
  8
0
 10
117.250000
 20
577.968197
 42
0.022194
  0
VERTEX
  8
0
 10
115.621124
 20
577.908068
 42
0.035693
  0
VERTEX
  8
0
 10
114.248437
 20
577.696908
 42
0.040441
  0
VERTEX
  8
0
 10
113.259782
 20
577.385846
 42
0.305269
  0
SEQEND
  0
POLYLINE
  8
0
 66
1
 70
1
  0
VERTEX
  8
0
 10
121.982227
 20
575.966791
 42
0.094048
  0
VERTEX
  8
0
 10
121.331100
 20
573.890252
 42
0.082229
  0
VERTEX
  8
0
 10
121.439930
 20
571.614231
 42
0.090779
  0
VERTEX
  8
0
 10
122.237520
 20
569.689935
 42
0.158917
  0
VERTEX
  8
0
 10
123.563810
 20
568.613887
 42
0.132400
  0
VERTEX
  8
0
 10
125.077185
 20
568.457243
 42
0.064815
  0
VERTEX
  8
0
 10
126.949317
 20
569.015048
 42
0.067799
  0
VERTEX
  8
0
 10
128.500494
 20
569.975531
 42
0.223880
  0
VERTEX
  8
0
 10
129.000000
 20
571.035184
 42
0.181623
  0
VERTEX
  8
0
 10
128.745576
 20
571.712498
 42
0.238350
  0
VERTEX
  8
0
 10
128.142186
 20
571.956423
 42
0.125552
  0
VERTEX
  8
0
 10
127.229729
 20
571.640214
 42
0.050544
  0
VERTEX
  8
0
 10
126.200000
 20
570.800000
 42
-0.179194
  0
VERTEX
  8
0
 10
125.038452
 20
570.266201
 42
-0.211590
  0
VERTEX
  8
0
 10
123.907577
 20
570.667353
 42
-0.153732
  0
VERTEX
  8
0
 10
123.194792
 20
571.948212
 42
-0.101900
  0
VERTEX
  8
0
 10
123.195408
 20
573.643780
 42
-0.091887
  0
VERTEX
  8
0
 10
123.537514
 20
574.483865
 42
-0.130056
  0
VERTEX
  8
0
 10
124.129748
 20
575.026974
 42
-0.099841
  0
VERTEX
  8
0
 10
125.040182
 20
575.293187
 42
-0.039114
  0
VERTEX
  8
0
 10
126.354944
 20
575.302733
 42
0.080992
  0
VERTEX
  8
0
 10
128.253684
 20
575.475427
 42
0.410744
  0
VERTEX
  8
0
 10
128.746561
 20
576.299545
 42
0.245986
  0
VERTEX
  8
0
 10
127.880069
 20
577.281797
 42
0.061866
  0
VERTEX
  8
0
 10
125.740140
 20
577.809932
 42
0.053008
  0
VERTEX
  8
0
 10
124.482227
 20
577.825624
 42
0.090887
  0
VERTEX
  8
0
 10
123.475555
 20
577.541898
 42
0.094618
  0
VERTEX
  8
0
 10
122.661942
 20
576.930204
 42
0.061592
  0
SEQEND
  0
POLYLINE
  8
0
 66
1
 70
1
  0
VERTEX
  8
0
 10
131.000000
 20
573.500000
 42
0.020945
  0
VERTEX
  8
0
 10
131.072283
 20
571.775243
 42
0.033738
  0
VERTEX
  8
0
 10
131.293750
 20
570.321875
 42
0.036969
  0
VERTEX
  8
0
 10
131.611488
 20
569.267028
 42
0.310520
  0
VERTEX
  8
0
 10
132.000000
 20
569.000000
 42
0.191087
  0
VERTEX
  8
0
 10
132.381882
 20
569.151477
 42
0.088204
  0
VERTEX
  8
0
 10
132.706250
 20
569.587500
 42
0.068025
  0
VERTEX
  8
0
 10
132.926307
 20
570.234582
 42
0.048028
  0
VERTEX
  8
0
 10
133.000000
 20
571.000000
 42
-0.052716
  0
VERTEX
  8
0
 10
133.080900
 20
571.765191
 42
-0.072558
  0
VERTEX
  8
0
 10
133.321251
 20
572.412500
 42
-0.092449
  0
VERTEX
  8
0
 10
133.676265
 20
572.847261
 42
-0.177236
  0
VERTEX
  8
0
 10
134.093620
 20
573.000000
 42
-0.156018
  0
VERTEX
  8
0
 10
134.550651
 20
572.853832
 42
-0.068086
  0
VERTEX
  8
0
 10
135.019623
 20
572.412500
 42
-0.057927
  0
VERTEX
  8
0
 10
135.429173
 20
571.765121
 42
-0.048178
  0
VERTEX
  8
0
 10
135.710251
 20
571.000000
 42
0.069909
  0
VERTEX
  8
0
 10
136.437262
 20
569.258008
 42
0.503290
  0
VERTEX
  8
0
 10
137.206589
 20
569.178264
 42
0.159167
  0
VERTEX
  8
0
 10
137.838537
 20
570.571446
 42
0.027546
  0
VERTEX
  8
0
 10
138.000000
 20
573.500000
 42
0.020945
  0
VERTEX
  8
0
 10
137.927717
 20
575.224757
 42
0.033738
  0
VERTEX
  8
0
 10
137.706250
 20
576.678125
 42
0.036969
  0
VERTEX
  8
0
 10
137.388512
 20
577.732972
 42
0.310520
  0
VERTEX
  8
0
 10
137.000000
 20
578.000000
 42
0.191087
  0
VERTEX
  8
0
 10
136.618118
 20
577.848523
 42
0.088204
  0
VERTEX
  8
0
 10
136.293750
 20
577.412500
 42
0.068025
  0
VERTEX
  8
0
 10
136.073693
 20
576.765418
 42
0.048028
  0
VERTEX
  8
0
 10
136.000000
 20
576.000000
 42
-0.072314
  0
VERTEX
  8
0
 10
135.888136
 20
575.230589
 42
-0.088920
  0
VERTEX
  8
0
 10
135.562500
 20
574.583333
 42
-0.102140
  0
VERTEX
  8
0
 10
135.075754
 20
574.153209
 42
-0.130775
  0
VERTEX
  8
0
 10
134.500000
 20
574.000000
 42
-0.130775
  0
VERTEX
  8
0
 10
133.924246
 20
574.153209
 42
-0.102140
  0
VERTEX
  8
0
 10
133.437500
 20
574.583333
 42
-0.088920
  0
VERTEX
  8
0
 10
133.111864
 20
575.230589
 42
-0.072314
  0
VERTEX
  8
0
 10
133.000000
 20
576.000000
 42
0.048028
  0
VERTEX
  8
0
 10
132.926307
 20
576.765418
 42
0.068025
  0
VERTEX
  8
0
 10
132.706250
 20
577.412500
 42
0.088204
  0
VERTEX
  8
0
 10
132.381882
 20
577.848523
 42
0.191087
  0
VERTEX
  8
0
 10
132.000000
 20
578.000000
 42
0.310520
  0
VERTEX
  8
0
 10
131.611488
 20
577.732972
 42
0.036969
  0
VERTEX
  8
0
 10
131.293750
 20
576.678125
 42
0.033738
  0
VERTEX
  8
0
 10
131.072283
 20
575.224757
 42
0.020945
  0
SEQEND
  0
POLYLINE
  8
0
 66
1
 70
1
  0
VERTEX
  8
0
 10
140.000000
 20
573.500000
 42
0.000000
  0
VERTEX
  8
0
 10
140.000000
 20
569.000000
 42
0.000000
  0
VERTEX
  8
0
 10
143.750000
 20
569.149832
 42
0.002217
  0
VERTEX
  8
0
 10
145.829710
 20
569.242167
 42
0.117172
  0
VERTEX
  8
0
 10
146.210683
 20
569.352577
 42
0.703743
  0
VERTEX
  8
0
 10
146.188426
 20
569.481437
 42
0.005737
  0
VERTEX
  8
0
 10
144.750000
 20
569.716254
 42
-0.046134
  0
VERTEX
  8
0
 10
143.697711
 20
569.976611
 42
-0.060239
  0
VERTEX
  8
0
 10
142.807813
 20
570.412073
 42
-0.073824
  0
VERTEX
  8
0
 10
142.202397
 20
570.946064
 42
-0.176969
  0
VERTEX
  8
0
 10
142.000000
 20
571.500000
 42
-0.176969
  0
VERTEX
  8
0
 10
142.202397
 20
572.053936
 42
-0.073824
  0
VERTEX
  8
0
 10
142.807813
 20
572.587927
 42
-0.060239
  0
VERTEX
  8
0
 10
143.697711
 20
573.023389
 42
-0.046134
  0
VERTEX
  8
0
 10
144.750000
 20
573.283746
 42
0.000000
  0
VERTEX
  8
0
 10
147.500000
 20
573.700336
 42
0.000000
  0
VERTEX
  8
0
 10
144.750000
 20
573.850168
 42
-0.056487
  0
VERTEX
  8
0
 10
142.740197
 20
574.189549
 42
-0.302471
  0
VERTEX
  8
0
 10
142.057118
 20
574.995261
 42
-0.375401
  0
VERTEX
  8
0
 10
142.582378
 20
575.758966
 42
-0.062601
  0
VERTEX
  8
0
 10
144.500000
 20
576.000000
 42
0.038131
  0
VERTEX
  8
0
 10
145.457356
 20
576.073116
 42
0.057076
  0
VERTEX
  8
0
 10
146.265625
 20
576.293750
 42
0.074992
  0
VERTEX
  8
0
 10
146.817169
 20
576.617064
 42
0.226478
  0
VERTEX
  8
0
 10
147.000000
 20
577.000000
 42
0.277684
  0
VERTEX
  8
0
 10
146.767902
 20
577.385692
 42
0.052312
  0
VERTEX
  8
0
 10
145.971875
 20
577.706250
 42
0.042582
  0
VERTEX
  8
0
 10
144.841111
 20
577.927458
 42
0.027026
  0
VERTEX
  8
0
 10
143.500000
 20
578.000000
 42
0.023974
  0
VERTEX
  8
0
 10
141.290758
 20
577.894012
 42
0.206324
  0
VERTEX
  8
0
 10
140.444444
 20
577.428571
 42
0.154453
  0
VERTEX
  8
0
 10
140.070142
 20
576.417500
 42
0.012019
  0
SEQEND
  0
POLYLINE
  8
0
 66
1
 70
1
  0
VERTEX
  8
0
 10
148.694007
 20
573.821044
 42
0.014128
  0
VERTEX
  8
0
 10
149.016266
 20
570.826231
 42
0.080049
  0
VERTEX
  8
0
 10
149.481662
 20
569.295777
 42
0.722119
  0
VERTEX
  8
0
 10
149.860190
 20
569.347191
 42
0.042825
  0
VERTEX
  8
0
 10
150.033269
 20
571.083333
 42
0.000000
  0
VERTEX
  8
0
 10
150.066539
 20
573.500000
 42
0.000000
  0
VERTEX
  8
0
 10
151.943562
 20
571.250000
 42
0.042089
  0
VERTEX
  8
0
 10
153.836409
 20
569.334299
 42
0.313091
  0
VERTEX
  8
0
 10
155.042982
 20
569.212723
 42
0.241266
  0
VERTEX
  8
0
 10
155.815731
 20
570.364629
 42
0.029360
  0
VERTEX
  8
0
 10
156.000000
 20
573.500000
 42
0.028465
  0
VERTEX
  8
0
 10
155.823897
 20
576.590846
 42
0.200380
  0
VERTEX
  8
0
 10
155.104570
 20
577.878794
 42
0.520501
  0
VERTEX
  8
0
 10
154.316241
 20
577.640191
 42
0.046729
  0
VERTEX
  8
0
 10
153.772515
 20
575.250000
 42
0.000000
  0
VERTEX
  8
0
 10
153.412185
 20
572.500000
 42
0.000000
  0
VERTEX
  8
0
 10
152.045578
 20
575.250000
 42
0.043455
  0
VERTEX
  8
0
 10
150.599707
 20
577.618587
 42
0.347813
  0
VERTEX
  8
0
 10
149.447530
 20
577.933042
 42
0.282964
  0
VERTEX
  8
0
 10
148.672610
 20
576.838975
 42
0.035940
  0
SEQEND
  0
POLYLINE
  8
0
 66
1
 70
1
  0
VERTEX
  8
0
 10
313.715926
 20
569.750000
 42
0.071739
  0
VERTEX
  8
0
 10
313.684234
 20
567.263141
 42
0.117913
  0
VERTEX
  8
0
 10
314.432098
 20
565.307366
 42
0.163875
  0
VERTEX
  8
0
 10
315.775620
 20
564.294555
 42
0.173589
  0
VERTEX
  8
0
 10
317.422459
 20
564.331871
 42
0.138040
  0
VERTEX
  8
0
 10
318.121047
 20
564.852820
 42
0.082123
  0
VERTEX
  8
0
 10
318.614631
 20
565.774156
 42
0.057182
  0
VERTEX
  8
0
 10
318.908377
 20
567.127735
 42
0.024870
  0
VERTEX
  8
0
 10
319.000000
 20
568.968615
 42
0.016080
  0
VERTEX
  8
0
 10
318.925672
 20
571.279166
 42
0.118091
  0
VERTEX
  8
0
 10
318.602005
 20
572.327689
 42
0.200108
  0
VERTEX
  8
0
 10
317.917683
 20
572.838576
 42
0.061652
  0
VERTEX
  8
0
 10
316.613499
 20
573.000000
 42
0.064793
  0
VERTEX
  8
0
 10
315.387466
 20
572.840453
 42
0.147008
  0
VERTEX
  8
0
 10
314.598619
 20
572.356005
 42
0.113146
  0
VERTEX
  8
0
 10
314.083459
 20
571.419254
 42
0.030382
  0
SEQEND
  0
POLYLINE
  8
0
 66
1
 70
1
  0
VERTEX
  8
0
 10
317.000000
 20
571.000000
 42
-0.105053
  0
VERTEX
  8
0
 10
316.918938
 20
570.618444
 42
-0.099167
  0
VERTEX
  8
0
 10
316.688914
 20
570.293750
 42
-0.096420
  0
VERTEX
  8
0
 10
316.345238
 20
570.076123
 42
-0.093332
  0
VERTEX
  8
0
 10
315.940983
 20
570.000000
 42
-0.108972
  0
VERTEX
  8
0
 10
315.586039
 20
570.078288
 42
-0.182303
  0
VERTEX
  8
0
 10
315.374600
 20
570.293750
 42
-0.161196
  0
VERTEX
  8
0
 10
315.343488
 20
570.617900
 42
-0.082592
  0
VERTEX
  8
0
 10
315.500000
 20
571.000000
 42
-0.029505
  0
VERTEX
  8
0
 10
315.768994
 20
571.382774
 42
-0.035638
  0
VERTEX
  8
0
 10
316.066025
 20
571.706250
 42
-0.038439
  0
VERTEX
  8
0
 10
316.348290
 20
571.934461
 42
-0.151918
  0
VERTEX
  8
0
 10
316.559017
 20
572.000000
 42
-0.210953
  0
VERTEX
  8
0
 10
316.727648
 20
571.925540
 42
-0.081139
  0
VERTEX
  8
0
 10
316.870461
 20
571.706250
 42
-0.061769
  0
VERTEX
  8
0
 10
316.967655
 20
571.382849
 42
-0.042167
  0
SEQEND
  0
POLYLINE
  8
0
 66
1
 70
1
  0
VERTEX
  8
0
 10
317.808333
 20
566.925000
 42
-0.073624
  0
VERTEX
  8
0
 10
317.600259
 20
566.514089
 42
-0.066918
  0
VERTEX
  8
0
 10
317.276198
 20
566.165781
 42
-0.070382
  0
VERTEX
  8
0
 10
316.889952
 20
565.930417
 42
-0.102038
  0
VERTEX
  8
0
 10
316.500000
 20
565.850000
 42
-0.102038
  0
VERTEX
  8
0
 10
316.110048
 20
565.930417
 42
-0.070382
  0
VERTEX
  8
0
 10
315.723802
 20
566.165781
 42
-0.066918
  0
VERTEX
  8
0
 10
315.399741
 20
566.514089
 42
-0.073624
  0
VERTEX
  8
0
 10
315.191667
 20
566.925000
 42
-0.159683
  0
VERTEX
  8
0
 10
315.189601
 20
567.333474
 42
-0.143818
  0
VERTEX
  8
0
 10
315.428177
 20
567.684219
 42
-0.107546
  0
VERTEX
  8
0
 10
315.888977
 20
567.920344
 42
-0.064908
  0
VERTEX
  8
0
 10
316.500000
 20
568.000000
 42
-0.064908
  0
VERTEX
  8
0
 10
317.111023
 20
567.920344
 42
-0.107546
  0
VERTEX
  8
0
 10
317.571823
 20
567.684219
 42
-0.143818
  0
VERTEX
  8
0
 10
317.810399
 20
567.333474
 42
-0.159683
  0
SEQEND
  0
POLYLINE
  8
0
 66
1
 70
1
  0
VERTEX
  8
0
 10
336.000000
 20
571.500000
 42
0.020633
  0
VERTEX
  8
0
 10
335.381629
 20
570.689039
 42
0.217533
  0
VERTEX
  8
0
 10
335.308142
 20
570.289310
 42
0.304492
  0
VERTEX
  8
0
 10
335.565314
 20
570.057736
 42
0.035496
  0
VERTEX
  8
0
 10
336.377555
 20
570.000000
 42
-0.129555
  0
VERTEX
  8
0
 10
337.104100
 20
569.808532
 42
-0.140841
  0
VERTEX
  8
0
 10
337.614796
 20
569.287735
 42
-0.091631
  0
VERTEX
  8
0
 10
337.910346
 20
568.374564
 42
-0.032577
  0
VERTEX
  8
0
 10
338.000000
 20
567.000000
 42
0.023598
  0
VERTEX
  8
0
 10
338.054292
 20
565.850292
 42
0.037669
  0
VERTEX
  8
0
 10
338.220312
 20
564.881250
 42
0.043820
  0
VERTEX
  8
0
 10
338.459654
 20
564.188291
 42
0.295869
  0
VERTEX
  8
0
 10
338.750000
 20
564.000000
 42
0.340374
  0
VERTEX
  8
0
 10
339.044117
 20
564.226456
 42
0.023342
  0
VERTEX
  8
0
 10
339.279688
 20
565.321875
 42
0.025624
  0
VERTEX
  8
0
 10
339.445924
 20
566.774913
 42
0.015670
  0
VERTEX
  8
0
 10
339.500000
 20
568.500000
 42
0.031517
  0
VERTEX
  8
0
 10
339.314753
 20
571.435932
 42
0.186142
  0
VERTEX
  8
0
 10
338.597245
 20
572.767946
 42
0.334082
  0
VERTEX
  8
0
 10
337.496663
 20
572.838235
 42
0.074387
  0
SEQEND
  0
POLYLINE
  8
0
 66
1
 70
1
  0
VERTEX
  8
0
 10
342.000000
 20
571.893011
 42
0.172690
  0
VERTEX
  8
0
 10
342.131738
 20
571.522957
 42
0.150087
  0
VERTEX
  8
0
 10
342.475537
 20
571.293346
 42
0.105357
  0
VERTEX
  8
0
 10
342.999570
 20
571.250838
 42
0.059422
  0
VERTEX
  8
0
 10
343.620518
 20
571.407873
 42
-0.045766
  0
VERTEX
  8
0
 10
344.407419
 20
571.629845
 42
-0.290710
  0
VERTEX
  8
0
 10
344.775392
 20
571.481866
 42
-0.207328
  0
VERTEX
  8
0
 10
344.874835
 20
571.023752
 42
-0.025917
  0
VERTEX
  8
0
 10
344.620518
 20
570.014862
 42
-0.000025
  0
VERTEX
  8
0
 10
344.338306
 20
569.098662
 42
-0.000015
  0
VERTEX
  8
0
 10
344.001142
 20
568.004366
 42
-0.000015
  0
VERTEX
  8
0
 10
343.664343
 20
566.911483
 42
-0.000025
  0
VERTEX
  8
0
 10
343.383369
 20
566.000000
 42
0.044501
  0
VERTEX
  8
0
 10
343.212265
 20
565.197725
 42
0.091796
  0
VERTEX
  8
0
 10
343.251807
 20
564.559719
 42
0.144337
  0
VERTEX
  8
0
 10
343.489502
 20
564.155589
 42
0.190358
  0
VERTEX
  8
0
 10
343.883369
 20
564.000000
 42
0.159147
  0
VERTEX
  8
0
 10
344.309270
 20
564.139085
 42
0.096915
  0
VERTEX
  8
0
 10
344.671990
 20
564.531356
 42
0.078661
  0
VERTEX
  8
0
 10
344.916922
 20
565.117116
 42
0.059834
  0
VERTEX
  8
0
 10
345.000000
 20
565.808870
 42
-0.062488
  0
VERTEX
  8
0
 10
345.104414
 20
566.641073
 42
-0.030896
  0
VERTEX
  8
0
 10
345.431283
 20
567.656592
 42
-0.030083
  0
VERTEX
  8
0
 10
345.906136
 20
568.682972
 42
-0.038541
  0
VERTEX
  8
0
 10
346.468197
 20
569.558870
 42
0.025545
  0
VERTEX
  8
0
 10
347.726897
 20
571.412668
 42
0.241720
  0
VERTEX
  8
0
 10
347.792983
 20
572.341052
 42
0.267737
  0
VERTEX
  8
0
 10
347.084074
 20
572.873639
 42
0.030288
  0
VERTEX
  8
0
 10
345.000000
 20
573.000000
 42
0.035097
  0
VERTEX
  8
0
 10
343.850970
 20
572.919246
 42
0.053342
  0
VERTEX
  8
0
 10
342.881250
 20
572.674822
 42
0.069630
  0
VERTEX
  8
0
 10
342.215424
 20
572.317509
 42
0.239220
  0
SEQEND
  0
POLYLINE
  8
0
 66
1
 70
1
  0
VERTEX
  8
0
 10
353.410644
 20
570.500000
 42
-0.054799
  0
VERTEX
  8
0
 10
353.016893
 20
569.439114
 42
-0.084170
  0
VERTEX
  8
0
 10
352.438725
 20
568.650831
 42
-0.096560
  0
VERTEX
  8
0
 10
351.699104
 20
568.168890
 42
-0.096544
  0
VERTEX
  8
0
 10
350.832575
 20
568.000000
 42
0.050458
  0
VERTEX
  8
0
 10
350.110945
 20
567.926990
 42
0.120343
  0
VERTEX
  8
0
 10
349.627020
 20
567.698461
 42
0.198436
  0
VERTEX
  8
0
 10
349.439988
 20
567.354700
 42
0.166533
  0
VERTEX
  8
0
 10
349.532624
 20
566.947214
 42
0.091896
  0
VERTEX
  8
0
 10
349.868593
 20
566.576932
 42
0.078991
  0
VERTEX
  8
0
 10
350.332419
 20
566.327733
 42
0.079097
  0
VERTEX
  8
0
 10
350.850051
 20
566.234879
 42
0.092569
  0
VERTEX
  8
0
 10
351.341641
 20
566.316726
 42
-0.125935
  0
VERTEX
  8
0
 10
351.907803
 20
566.372983
 42
-0.051235
  0
VERTEX
  8
0
 10
352.662854
 20
566.177054
 42
-0.046389
  0
VERTEX
  8
0
 10
353.471756
 20
565.787323
 42
-0.043660
  0
VERTEX
  8
0
 10
354.212755
 20
565.248231
 42
0.058165
  0
VERTEX
  8
0
 10
354.982050
 20
564.721901
 42
0.053405
  0
VERTEX
  8
0
 10
355.873954
 20
564.368640
 42
0.057044
  0
VERTEX
  8
0
 10
356.748707
 20
564.230662
 42
0.102579
  0
VERTEX
  8
0
 10
357.462755
 20
564.347334
 42
0.185132
  0
VERTEX
  8
0
 10
358.636184
 20
565.402807
 42
0.139950
  0
VERTEX
  8
0
 10
358.973327
 20
567.118292
 42
0.136245
  0
VERTEX
  8
0
 10
358.354929
 20
568.787169
 42
0.174060
  0
VERTEX
  8
0
 10
357.011247
 20
569.707310
 42
-0.044796
  0
VERTEX
  8
0
 10
356.287141
 20
569.967788
 42
-0.078506
  0
VERTEX
  8
0
 10
355.759669
 20
570.322134
 42
-0.120306
  0
VERTEX
  8
0
 10
355.505135
 20
570.708014
 42
-0.228144
  0
VERTEX
  8
0
 10
355.543272
 20
571.070016
 42
-0.141718
  0
VERTEX
  8
0
 10
355.852388
 20
571.349816
 42
-0.078803
  0
VERTEX
  8
0
 10
356.342289
 20
571.499654
 42
-0.067911
  0
VERTEX
  8
0
 10
356.931898
 20
571.501967
 42
-0.058747
  0
VERTEX
  8
0
 10
357.532025
 20
571.349337
 42
0.066643
  0
VERTEX
  8
0
 10
358.093585
 20
571.215885
 42
0.114223
  0
VERTEX
  8
0
 10
358.568782
 20
571.276674
 42
0.152290
  0
VERTEX
  8
0
 10
358.881585
 20
571.517917
 42
0.154099
  0
VERTEX
  8
0
 10
359.000000
 20
571.893011
 42
0.209083
  0
VERTEX
  8
0
 10
358.814921
 20
572.316260
 42
0.081846
  0
VERTEX
  8
0
 10
358.271222
 20
572.674822
 42
0.062345
  0
VERTEX
  8
0
 10
357.468851
 20
572.918772
 42
0.042683
  0
VERTEX
  8
0
 10
356.519052
 20
573.000000
 42
0.058600
  0
VERTEX
  8
0
 10
355.323180
 20
572.859360
 42
0.111257
  0
VERTEX
  8
0
 10
354.457102
 20
572.434852
 42
0.108473
  0
VERTEX
  8
0
 10
353.842944
 20
571.671258
 42
0.053890
  0
SEQEND
  0
POLYLINE
  8
0
 66
1
 70
1
  0
VERTEX
  8
0
 10
358.000000
 20
566.940983
 42
-0.156819
  0
VERTEX
  8
0
 10
357.884600
 20
566.582093
 42
-0.097386
  0
VERTEX
  8
0
 10
357.559375
 20
566.276414
 42
-0.079459
  0
VERTEX
  8
0
 10
357.073598
 20
566.070066
 42
-0.060850
  0
VERTEX
  8
0
 10
356.500000
 20
566.000000
 42
-0.103624
  0
VERTEX
  8
0
 10
355.575357
 20
566.193711
 42
-0.202875
  0
VERTEX
  8
0
 10
355.067517
 20
566.730754
 42
-0.193400
  0
VERTEX
  8
0
 10
355.086489
 20
567.491235
 42
-0.094876
  0
VERTEX
  8
0
 10
355.639480
 20
568.306147
 42
-0.191124
  0
VERTEX
  8
0
 10
356.316568
 20
568.598585
 42
-0.139481
  0
VERTEX
  8
0
 10
357.119339
 20
568.396031
 42
-0.123736
  0
VERTEX
  8
0
 10
357.764316
 20
567.769921
 42
-0.139398
  0
SEQEND
  0
POLYLINE
  8
0
 66
1
 70
1
  0
VERTEX
  8
0
 10
37.521480
 20
569.378622
 42
0.091367
  0
VERTEX
  8
0
 10
36.491808
 20
567.883748
 42
0.137512
  0
VERTEX
  8
0
 10
36.260415
 20
566.327812
 42
0.135075
  0
VERTEX
  8
0
 10
36.871666
 20
564.858363
 42
0.086732
  0
VERTEX
  8
0
 10
38.250000
 20
563.612298
 42
0.206922
  0
VERTEX
  8
0
 10
40.825283
 20
563.212736
 42
0.180702
  0
VERTEX
  8
0
 10
43.071551
 20
564.788401
 42
0.181779
  0
VERTEX
  8
0
 10
43.726486
 20
567.442671
 42
0.208366
  0
VERTEX
  8
0
 10
42.417611
 20
569.683903
 42
0.031669
  0
VERTEX
  8
0
 10
40.870973
 20
570.671009
 42
0.142709
  0
VERTEX
  8
0
 10
39.835853
 20
570.903822
 42
0.147341
  0
VERTEX
  8
0
 10
38.856233
 20
570.540842
 42
0.034507
  0
SEQEND
  0
POLYLINE
  8
0
 66
1
 70
1
  0
VERTEX
  8
0
 10
41.848393
 20
569.114860
 42
-0.178181
  0
VERTEX
  8
0
 10
42.774251
 20
567.905221
 42
-0.155368
  0
VERTEX
  8
0
 10
42.762001
 20
566.303427
 42
-0.139815
  0
VERTEX
  8
0
 10
41.801191
 20
564.879997
 42
-0.140292
  0
VERTEX
  8
0
 10
40.235314
 20
564.179863
 42
-0.131801
  0
VERTEX
  8
0
 10
38.559666
 20
564.382590
 42
-0.180408
  0
VERTEX
  8
0
 10
37.447019
 20
565.397446
 42
-0.172874
  0
VERTEX
  8
0
 10
37.243433
 20
566.930901
 42
-0.121176
  0
VERTEX
  8
0
 10
38.010569
 20
568.512735
 42
-0.035975
  0
VERTEX
  8
0
 10
38.988287
 20
569.531903
 42
-0.145670
  0
VERTEX
  8
0
 10
39.756809
 20
569.898346
 42
-0.145369
  0
VERTEX
  8
0
 10
40.601560
 20
569.785248
 42
-0.035776
  0
SEQEND
  0
POLYLINE
  8
0
 66
1
 70
1
  0
VERTEX
  8
0
 10
325.085270
 20
569.397256
 42
-0.079504
  0
VERTEX
  8
0
 10
325.485589
 20
568.720322
 42
-0.089786
  0
VERTEX
  8
0
 10
325.632726
 20
567.980370
 42
-0.079400
  0
VERTEX
  8
0
 10
325.516605
 20
567.163881
 42
-0.047951
  0
VERTEX
  8
0
 10
325.139218
 20
566.260131
 42
0.053872
  0
VERTEX
  8
0
 10
324.722208
 20
565.227353
 42
0.303831
  0
VERTEX
  8
0
 10
324.896568
 20
564.690107
 42
0.147687
  0
VERTEX
  8
0
 10
325.629386
 20
564.402676
 42
0.013050
  0
VERTEX
  8
0
 10
327.636961
 20
564.293283
 42
0.006981
  0
VERTEX
  8
0
 10
329.850744
 20
564.261454
 42
0.187366
  0
VERTEX
  8
0
 10
330.389480
 20
564.470424
 42
0.388690
  0
VERTEX
  8
0
 10
330.426587
 20
564.886732
 42
0.020759
  0
VERTEX
  8
0
 10
329.501994
 20
565.997797
 42
-0.034738
  0
VERTEX
  8
0
 10
328.850846
 20
566.826279
 42
-0.092830
  0
VERTEX
  8
0
 10
328.551592
 20
567.511913
 42
-0.152587
  0
VERTEX
  8
0
 10
328.592981
 20
568.052399
 42
-0.160855
  0
VERTEX
  8
0
 10
328.934857
 20
568.459740
 42
0.091185
  0
VERTEX
  8
0
 10
329.862574
 20
569.299105
 42
0.356329
  0
VERTEX
  8
0
 10
329.840215
 20
570.017424
 42
0.178796
  0
VERTEX
  8
0
 10
328.910493
 20
570.526810
 42
0.036859
  0
VERTEX
  8
0
 10
327.015876
 20
570.666667
 42
0.016696
  0
VERTEX
  8
0
 10
325.534991
 20
570.617203
 42
0.129432
  0
VERTEX
  8
0
 10
324.884462
 20
570.398580
 42
0.339197
  0
VERTEX
  8
0
 10
324.747880
 20
570.006388
 42
0.093724
  0
SEQEND
  0
POLYLINE
  8
0
 66
1
 70
1
  0
VERTEX
  8
0
 10
360.946167
 20
562.259491
 42
0.004959
  0
VERTEX
  8
0
 10
359.719792
 20
560.901589
 42
0.048888
  0
VERTEX
  8
0
 10
359.268479
 20
560.278593
 42
0.811208
  0
VERTEX
  8
0
 10
359.357209
 20
560.198069
 42
0.023029
  0
VERTEX
  8
0
 10
360.074187
 20
560.768638
 42
-0.031003
  0
VERTEX
  8
0
 10
361.121118
 20
561.574871
 42
-0.045584
  0
VERTEX
  8
0
 10
362.137822
 20
562.134457
 42
-0.055452
  0
VERTEX
  8
0
 10
362.987570
 20
562.398477
 42
-0.236156
  0
VERTEX
  8
0
 10
363.484512
 20
562.259146
 42
0.035074
  0
VERTEX
  8
0
 10
363.768221
 20
562.035735
 42
0.484959
  0
VERTEX
  8
0
 10
363.876273
 20
562.069889
 42
0.205385
  0
VERTEX
  8
0
 10
363.868202
 20
562.254983
 42
0.017903
  0
VERTEX
  8
0
 10
363.644013
 20
562.680902
 42
-0.185020
  0
VERTEX
  8
0
 10
363.474153
 20
563.772170
 42
-0.257417
  0
VERTEX
  8
0
 10
364.109582
 20
564.503446
 42
-0.160098
  0
VERTEX
  8
0
 10
365.406598
 20
564.547584
 42
-0.095503
  0
VERTEX
  8
0
 10
366.793805
 20
563.836090
 42
0.001724
  0
VERTEX
  8
0
 10
367.885673
 20
562.987124
 42
0.408033
  0
VERTEX
  8
0
 10
368.000540
 20
563.000669
 42
0.347362
  0
VERTEX
  8
0
 10
368.001805
 20
563.127907
 42
0.001592
  0
VERTEX
  8
0
 10
367.127555
 20
564.250000
 42
0.056570
  0
VERTEX
  8
0
 10
365.833232
 20
565.563396
 42
0.253006
  0
VERTEX
  8
0
 10
364.806775
 20
565.754511
 42
0.119388
  0
VERTEX
  8
0
 10
363.571662
 20
564.998647
 42
0.009875
  0
SEQEND
  0
POLYLINE
  8
0
 66
1
 70
1
  0
VERTEX
  8
0
 10
98.041852
 20
563.281346
 42
0.026544
  0
VERTEX
  8
0
 10
97.393253
 20
562.467551
 42
0.125200
  0
VERTEX
  8
0
 10
97.178635
 20
561.915417
 42
0.235972
  0
VERTEX
  8
0
 10
97.318588
 20
561.522073
 42
0.111393
  0
VERTEX
  8
0
 10
97.791852
 20
561.236049
 42
-0.170206
  0
VERTEX
  8
0
 10
98.255937
 20
560.876664
 42
-0.056465
  0
VERTEX
  8
0
 10
98.645106
 20
560.094860
 42
-0.048535
  0
VERTEX
  8
0
 10
98.910969
 20
559.062580
 42
-0.038789
  0
VERTEX
  8
0
 10
99.000000
 20
557.916667
 42
0.032551
  0
VERTEX
  8
0
 10
99.072814
 20
556.799395
 42
0.050076
  0
VERTEX
  8
0
 10
99.293750
 20
555.856771
 42
0.064635
  0
VERTEX
  8
0
 10
99.615970
 20
555.205409
 42
0.250638
  0
VERTEX
  8
0
 10
100.000000
 20
555.000000
 42
0.322437
  0
VERTEX
  8
0
 10
100.389817
 20
555.280551
 42
0.031449
  0
VERTEX
  8
0
 10
100.706250
 20
556.468750
 42
0.030530
  0
VERTEX
  8
0
 10
100.927795
 20
558.083446
 42
0.018830
  0
VERTEX
  8
0
 10
101.000000
 20
560.000000
 42
0.013930
  0
VERTEX
  8
0
 10
100.904363
 20
563.432046
 42
0.171124
  0
VERTEX
  8
0
 10
100.408081
 20
564.623488
 42
0.392624
  0
VERTEX
  8
0
 10
99.557543
 20
564.699291
 42
0.046392
  0
SEQEND
  0
POLYLINE
  8
0
 66
1
 70
1
  0
VERTEX
  8
0
 10
105.041852
 20
563.281346
 42
0.026544
  0
VERTEX
  8
0
 10
104.393253
 20
562.467551
 42
0.125200
  0
VERTEX
  8
0
 10
104.178635
 20
561.915417
 42
0.235972
  0
VERTEX
  8
0
 10
104.318588
 20
561.522073
 42
0.111393
  0
VERTEX
  8
0
 10
104.791852
 20
561.236049
 42
-0.170206
  0
VERTEX
  8
0
 10
105.255937
 20
560.876664
 42
-0.056465
  0
VERTEX
  8
0
 10
105.645106
 20
560.094860
 42
-0.048535
  0
VERTEX
  8
0
 10
105.910969
 20
559.062580
 42
-0.038789
  0
VERTEX
  8
0
 10
106.000000
 20
557.916667
 42
0.032551
  0
VERTEX
  8
0
 10
106.072814
 20
556.799395
 42
0.050076
  0
VERTEX
  8
0
 10
106.293750
 20
555.856771
 42
0.064635
  0
VERTEX
  8
0
 10
106.615970
 20
555.205409
 42
0.250638
  0
VERTEX
  8
0
 10
107.000000
 20
555.000000
 42
0.322437
  0
VERTEX
  8
0
 10
107.389817
 20
555.280551
 42
0.031449
  0
VERTEX
  8
0
 10
107.706250
 20
556.468750
 42
0.030530
  0
VERTEX
  8
0
 10
107.927795
 20
558.083446
 42
0.018830
  0
VERTEX
  8
0
 10
108.000000
 20
560.000000
 42
0.013930
  0
VERTEX
  8
0
 10
107.904363
 20
563.432046
 42
0.171124
  0
VERTEX
  8
0
 10
107.408081
 20
564.623488
 42
0.392624
  0
VERTEX
  8
0
 10
106.557543
 20
564.699291
 42
0.046392
  0
SEQEND
  0
POLYLINE
  8
0
 66
1
 70
1
  0
VERTEX
  8
0
 10
116.200000
 20
563.800000
 42
0.167547
  0
VERTEX
  8
0
 10
114.950867
 20
561.236312
 42
0.123165
  0
VERTEX
  8
0
 10
115.343915
 20
558.075560
 42
0.149712
  0
VERTEX
  8
0
 10
117.078860
 20
555.867722
 42
0.248418
  0
VERTEX
  8
0
 10
119.373252
 20
555.589736
 42
0.171196
  0
VERTEX
  8
0
 10
120.584515
 20
556.621436
 42
0.150865
  0
VERTEX
  8
0
 10
120.959010
 20
558.244925
 42
0.148231
  0
VERTEX
  8
0
 10
120.354122
 20
559.818059
 42
0.164874
  0
VERTEX
  8
0
 10
119.000000
 20
560.710251
 42
-0.041867
  0
VERTEX
  8
0
 10
118.234636
 20
560.980526
 42
-0.053026
  0
VERTEX
  8
0
 10
117.587500
 20
561.358913
 42
-0.062969
  0
VERTEX
  8
0
 10
117.143193
 20
561.781904
 42
-0.172737
  0
VERTEX
  8
0
 10
117.000000
 20
562.184019
 42
-0.242691
  0
VERTEX
  8
0
 10
117.160178
 20
562.494585
 42
-0.115953
  0
VERTEX
  8
0
 10
117.587500
 20
562.669025
 42
-0.074337
  0
VERTEX
  8
0
 10
118.233568
 20
562.674384
 42
-0.041831
  0
VERTEX
  8
0
 10
119.000000
 20
562.500000
 42
0.088245
  0
VERTEX
  8
0
 10
120.352602
 20
562.321379
 42
0.339352
  0
VERTEX
  8
0
 10
120.960929
 20
562.832779
 42
0.283577
  0
VERTEX
  8
0
 10
120.669746
 20
563.668645
 42
0.079298
  0
VERTEX
  8
0
 10
119.418213
 20
564.393011
 42
0.009395
  0
VERTEX
  8
0
 10
118.088412
 20
564.874839
 42
0.128462
  0
VERTEX
  8
0
 10
117.579750
 20
564.912192
 42
0.139873
  0
VERTEX
  8
0
 10
117.134898
 20
564.691699
 42
0.011823
  0
SEQEND
  0
POLYLINE
  8
0
 66
1
 70
1
  0
VERTEX
  8
0
 10
119.000000
 20
558.500000
 42
-0.064853
  0
VERTEX
  8
0
 10
118.925306
 20
557.926543
 42
-0.082425
  0
VERTEX
  8
0
 10
118.706250
 20
557.440625
 42
-0.098894
  0
VERTEX
  8
0
 10
118.381354
 20
557.115568
 42
-0.148195
  0
VERTEX
  8
0
 10
118.000000
 20
557.000000
 42
-0.148195
  0
VERTEX
  8
0
 10
117.618646
 20
557.115568
 42
-0.098894
  0
VERTEX
  8
0
 10
117.293750
 20
557.440625
 42
-0.082425
  0
VERTEX
  8
0
 10
117.074694
 20
557.926543
 42
-0.064853
  0
VERTEX
  8
0
 10
117.000000
 20
558.500000
 42
-0.064853
  0
VERTEX
  8
0
 10
117.074694
 20
559.073457
 42
-0.082425
  0
VERTEX
  8
0
 10
117.293750
 20
559.559375
 42
-0.098894
  0
VERTEX
  8
0
 10
117.618646
 20
559.884432
 42
-0.148195
  0
VERTEX
  8
0
 10
118.000000
 20
560.000000
 42
-0.148195
  0
VERTEX
  8
0
 10
118.381354
 20
559.884432
 42
-0.098894
  0
VERTEX
  8
0
 10
118.706250
 20
559.559375
 42
-0.082425
  0
VERTEX
  8
0
 10
118.925306
 20
559.073457
 42
-0.064853
  0
SEQEND
  0
POLYLINE
  8
0
 66
1
 70
1
  0
VERTEX
  8
0
 10
137.872445
 20
563.337379
 42
0.024158
  0
VERTEX
  8
0
 10
137.227915
 20
562.474905
 42
0.134492
  0
VERTEX
  8
0
 10
137.044543
 20
561.932636
 42
0.241964
  0
VERTEX
  8
0
 10
137.214414
 20
561.548224
 42
0.089044
  0
VERTEX
  8
0
 10
137.750000
 20
561.254045
 42
-0.168143
  0
VERTEX
  8
0
 10
138.230075
 20
560.883123
 42
-0.056847
  0
VERTEX
  8
0
 10
138.632812
 20
560.082810
 42
-0.048896
  0
VERTEX
  8
0
 10
138.907849
 20
559.027453
 42
-0.039327
  0
VERTEX
  8
0
 10
139.000000
 20
557.857650
 42
0.029022
  0
VERTEX
  8
0
 10
139.066665
 20
556.710099
 42
0.071395
  0
VERTEX
  8
0
 10
139.282091
 20
555.895720
 42
0.148958
  0
VERTEX
  8
0
 10
139.609284
 20
555.504804
 42
0.290734
  0
VERTEX
  8
0
 10
140.000000
 20
555.500000
 42
0.234457
  0
VERTEX
  8
0
 10
140.772942
 20
556.742149
 42
0.020789
  0
VERTEX
  8
0
 10
140.979706
 20
560.534962
 42
0.019434
  0
VERTEX
  8
0
 10
140.882198
 20
564.287978
 42
0.395348
  0
VERTEX
  8
0
 10
140.122445
 20
565.000000
 42
0.125522
  0
VERTEX
  8
0
 10
139.693482
 20
564.890588
 42
0.034241
  0
VERTEX
  8
0
 10
139.099516
 20
564.511605
 42
0.032366
  0
VERTEX
  8
0
 10
138.462340
 20
563.973724
 42
0.028736
  0
SEQEND
  0
POLYLINE
  8
0
 66
1
 70
1
  0
VERTEX
  8
0
 10
143.000000
 20
564.000000
 42
0.191087
  0
VERTEX
  8
0
 10
143.151477
 20
563.618118
 42
0.088204
  0
VERTEX
  8
0
 10
143.587500
 20
563.293750
 42
0.068025
  0
VERTEX
  8
0
 10
144.234582
 20
563.073693
 42
0.048028
  0
VERTEX
  8
0
 10
145.000000
 20
563.000000
 42
-0.065436
  0
VERTEX
  8
0
 10
146.321894
 20
562.826258
 42
-0.250245
  0
VERTEX
  8
0
 10
146.908783
 20
562.277551
 42
-0.226585
  0
VERTEX
  8
0
 10
146.809687
 20
561.434860
 42
-0.055732
  0
VERTEX
  8
0
 10
145.915335
 20
560.315335
 42
0.101122
  0
VERTEX
  8
0
 10
145.528578
 20
559.729932
 42
0.047236
  0
VERTEX
  8
0
 10
145.269353
 20
558.854473
 42
0.044152
  0
VERTEX
  8
0
 10
145.163320
 20
557.850546
 42
0.047057
  0
VERTEX
  8
0
 10
145.239394
 20
556.865335
 42
0.004795
  0
VERTEX
  8
0
 10
145.517220
 20
555.344583
 42
0.275919
  0
VERTEX
  8
0
 10
145.699272
 20
555.140631
 42
0.389349
  0
VERTEX
  8
0
 10
145.908011
 20
555.238634
 42
0.006825
  0
VERTEX
  8
0
 10
146.405414
 20
556.500000
 42
-0.009174
  0
VERTEX
  8
0
 10
147.035932
 20
558.077186
 42
-0.003579
  0
VERTEX
  8
0
 10
147.962456
 20
560.233568
 42
-0.003623
  0
VERTEX
  8
0
 10
148.951581
 20
562.447179
 42
-0.006477
  0
VERTEX
  8
0
 10
149.801246
 20
564.250000
 42
0.418099
  0
VERTEX
  8
0
 10
149.699506
 20
564.538858
 42
0.052836
  0
VERTEX
  8
0
 10
149.006720
 20
564.779688
 42
0.037468
  0
VERTEX
  8
0
 10
147.932227
 20
564.946569
 42
0.019798
  0
VERTEX
  8
0
 10
146.583333
 20
565.000000
 42
0.026386
  0
VERTEX
  8
0
 10
145.210248
 20
564.927488
 42
0.041680
  0
VERTEX
  8
0
 10
144.052604
 20
564.706250
 42
0.050770
  0
VERTEX
  8
0
 10
143.235489
 20
564.385933
 42
0.281000
  0
SEQEND
  0
POLYLINE
  8
0
 66
1
 70
1
  0
VERTEX
  8
0
 10
155.701236
 20
564.367903
 42
0.094113
  0
VERTEX
  8
0
 10
155.431529
 20
563.971742
 42
0.035048
  0
VERTEX
  8
0
 10
155.205988
 20
563.334113
 42
0.033211
  0
VERTEX
  8
0
 10
155.051728
 20
562.586640
 42
0.034293
  0
VERTEX
  8
0
 10
155.000000
 20
561.833333
 42
-0.086866
  0
VERTEX
  8
0
 10
154.864756
 20
561.060746
 42
-0.121151
  0
VERTEX
  8
0
 10
154.477273
 20
560.479167
 42
-0.114358
  0
VERTEX
  8
0
 10
153.844743
 20
560.121842
 42
-0.071747
  0
VERTEX
  8
0
 10
153.000000
 20
560.000000
 42
0.048028
  0
VERTEX
  8
0
 10
152.234582
 20
559.926307
 42
0.068025
  0
VERTEX
  8
0
 10
151.587500
 20
559.706250
 42
0.088204
  0
VERTEX
  8
0
 10
151.151477
 20
559.381882
 42
0.191087
  0
VERTEX
  8
0
 10
151.000000
 20
559.000000
 42
0.160918
  0
VERTEX
  8
0
 10
151.126022
 20
558.618569
 42
0.096540
  0
VERTEX
  8
0
 10
151.481679
 20
558.293750
 42
0.078056
  0
VERTEX
  8
0
 10
152.012646
 20
558.074356
 42
0.059077
  0
VERTEX
  8
0
 10
152.639757
 20
558.000000
 42
-0.087136
  0
VERTEX
  8
0
 10
153.362484
 20
557.873085
 42
-0.047293
  0
VERTEX
  8
0
 10
154.180203
 20
557.485937
 42
-0.045209
  0
VERTEX
  8
0
 10
154.961865
 20
556.919536
 42
-0.053515
  0
VERTEX
  8
0
 10
155.581188
 20
556.250000
 42
0.046830
  0
VERTEX
  8
0
 10
156.305010
 20
555.446250
 42
0.130159
  0
VERTEX
  8
0
 10
156.971826
 20
555.094662
 42
0.138692
  0
VERTEX
  8
0
 10
157.698029
 20
555.130472
 42
0.056187
  0
VERTEX
  8
0
 10
158.604003
 20
555.553839
 42
0.102697
  0
VERTEX
  8
0
 10
159.992719
 20
556.858198
 42
0.138247
  0
VERTEX
  8
0
 10
160.560724
 20
558.477922
 42
0.174375
  0
VERTEX
  8
0
 10
160.148994
 20
559.895065
 42
0.173456
  0
VERTEX
  8
0
 10
158.928019
 20
560.729074
 42
-0.045251
  0
VERTEX
  8
0
 10
158.190328
 20
560.995196
 42
-0.055747
  0
VERTEX
  8
0
 10
157.566356
 20
561.376075
 42
-0.065927
  0
VERTEX
  8
0
 10
157.139735
 20
561.807572
 42
-0.163445
  0
VERTEX
  8
0
 10
157.000000
 20
562.223620
 42
-0.191295
  0
VERTEX
  8
0
 10
157.129498
 20
562.549710
 42
-0.145420
  0
VERTEX
  8
0
 10
157.465171
 20
562.744557
 42
-0.097254
  0
VERTEX
  8
0
 10
157.977098
 20
562.766696
 42
-0.053984
  0
VERTEX
  8
0
 10
158.583560
 20
562.606309
 42
0.044626
  0
VERTEX
  8
0
 10
159.235965
 20
562.420673
 42
0.174639
  0
VERTEX
  8
0
 10
159.643197
 20
562.485459
 42
0.260714
  0
VERTEX
  8
0
 10
159.817509
 20
562.765252
 42
0.092388
  0
VERTEX
  8
0
 10
159.750694
 20
563.249320
 42
0.150665
  0
VERTEX
  8
0
 10
159.102851
 20
564.155827
 42
0.095718
  0
VERTEX
  8
0
 10
157.931258
 20
564.736824
 42
0.098041
  0
VERTEX
  8
0
 10
156.652999
 20
564.831656
 42
0.167540
  0
SEQEND
  0
POLYLINE
  8
0
 66
1
 70
1
  0
VERTEX
  8
0
 10
159.000000
 20
558.500000
 42
-0.064853
  0
VERTEX
  8
0
 10
158.925306
 20
557.926543
 42
-0.082425
  0
VERTEX
  8
0
 10
158.706250
 20
557.440625
 42
-0.098894
  0
VERTEX
  8
0
 10
158.381354
 20
557.115568
 42
-0.148195
  0
VERTEX
  8
0
 10
158.000000
 20
557.000000
 42
-0.148195
  0
VERTEX
  8
0
 10
157.618646
 20
557.115568
 42
-0.098894
  0
VERTEX
  8
0
 10
157.293750
 20
557.440625
 42
-0.082425
  0
VERTEX
  8
0
 10
157.074694
 20
557.926543
 42
-0.064853
  0
VERTEX
  8
0
 10
157.000000
 20
558.500000
 42
-0.064853
  0
VERTEX
  8
0
 10
157.074694
 20
559.073457
 42
-0.082425
  0
VERTEX
  8
0
 10
157.293750
 20
559.559375
 42
-0.098894
  0
VERTEX
  8
0
 10
157.618646
 20
559.884432
 42
-0.148195
  0
VERTEX
  8
0
 10
158.000000
 20
560.000000
 42
-0.148195
  0
VERTEX
  8
0
 10
158.381354
 20
559.884432
 42
-0.098894
  0
VERTEX
  8
0
 10
158.706250
 20
559.559375
 42
-0.082425
  0
VERTEX
  8
0
 10
158.925306
 20
559.073457
 42
-0.064853
  0
SEQEND
  0
POLYLINE
  8
0
 66
1
 70
1
  0
VERTEX
  8
0
 10
235.083333
 20
564.635455
 42
0.052241
  0
VERTEX
  8
0
 10
235.368070
 20
564.434580
 42
0.005038
  0
VERTEX
  8
0
 10
236.111979
 20
564.028250
 42
0.006362
  0
VERTEX
  8
0
 10
237.012160
 20
563.562886
 42
0.004985
  0
VERTEX
  8
0
 10
238.000000
 20
563.080288
 42
0.001053
  0
VERTEX
  8
0
 10
239.688401
 20
562.280547
 42
0.260205
  0
VERTEX
  8
0
 10
239.849775
 20
562.291678
 42
0.508695
  0
VERTEX
  8
0
 10
239.855370
 20
562.399890
 42
0.001461
  0
VERTEX
  8
0
 10
238.558870
 20
563.444834
 42
0.047554
  0
VERTEX
  8
0
 10
237.248584
 20
564.304069
 42
0.038854
  0
VERTEX
  8
0
 10
235.709106
 20
564.968987
 42
0.186537
  0
VERTEX
  8
0
 10
235.132133
 20
564.946594
 42
0.551243
  0
SEQEND
  0
POLYLINE
  8
0
 66
1
 70
1
  0
VERTEX
  8
0
 10
304.404988
 20
562.750000
 42
0.000000
  0
VERTEX
  8
0
 10
302.500000
 20
560.500000
 42
0.000000
  0
VERTEX
  8
0
 10
304.750000
 20
562.404988
 42
0.010402
  0
VERTEX
  8
0
 10
306.102181
 20
563.598996
 42
0.048385
  0
VERTEX
  8
0
 10
306.795506
 20
564.373826
 42
0.197337
  0
VERTEX
  8
0
 10
306.898791
 20
564.789444
 42
0.372044
  0
VERTEX
  8
0
 10
306.654988
 20
565.000000
 42
0.191119
  0
VERTEX
  8
0
 10
306.448340
 20
564.918017
 42
0.007508
  0
VERTEX
  8
0
 10
305.851732
 20
564.339062
 42
0.012381
  0
VERTEX
  8
0
 10
305.159969
 20
563.612165
 42
0.008332
  0
SEQEND
  0
POLYLINE
  8
0
 66
1
 70
1
  0
VERTEX
  8
0
 10
308.872445
 20
563.250000
 42
0.002253
  0
VERTEX
  8
0
 10
307.986902
 20
562.110310
 42
0.484056
  0
VERTEX
  8
0
 10
308.016402
 20
561.992604
 42
0.268706
  0
VERTEX
  8
0
 10
308.186266
 20
562.009889
 42
0.001613
  0
VERTEX
  8
0
 10
309.500000
 20
562.967032
 42
-0.000677
  0
VERTEX
  8
0
 10
310.296353
 20
563.549513
 42
-0.000854
  0
VERTEX
  8
0
 10
311.034896
 20
564.086246
 42
-0.000676
  0
VERTEX
  8
0
 10
311.655857
 20
564.534628
 42
-0.006866
  0
VERTEX
  8
0
 10
311.916667
 20
564.717032
 42
0.262974
  0
VERTEX
  8
0
 10
311.968895
 20
564.822470
 42
0.280207
  0
VERTEX
  8
0
 10
311.904197
 20
564.916878
 42
0.081051
  0
VERTEX
  8
0
 10
311.664158
 20
564.981211
 42
0.025033
  0
VERTEX
  8
0
 10
311.289111
 20
565.000000
 42
0.118513
  0
VERTEX
  8
0
 10
310.793695
 20
564.880901
 42
0.038743
  0
VERTEX
  8
0
 10
310.148474
 20
564.485937
 42
0.036088
  0
VERTEX
  8
0
 10
309.474680
 20
563.919689
 42
0.033687
  0
SEQEND
  0
POLYLINE
  8
0
 66
1
 70
1
  0
VERTEX
  8
0
 10
126.563701
 20
559.799294
 42
-0.069894
  0
VERTEX
  8
0
 10
126.704702
 20
558.966761
 42
-0.051696
  0
VERTEX
  8
0
 10
126.634549
 20
558.034231
 42
-0.052212
  0
VERTEX
  8
0
 10
126.376949
 20
557.147480
 42
-0.076569
  0
VERTEX
  8
0
 10
125.960174
 20
556.452012
 42
0.090642
  0
VERTEX
  8
0
 10
125.425654
 20
555.500741
 42
0.450692
  0
VERTEX
  8
0
 10
125.691961
 20
555.030968
 42
0.196517
  0
VERTEX
  8
0
 10
126.571204
 20
555.190842
 42
0.054414
  0
VERTEX
  8
0
 10
127.687132
 20
556.087132
 42
-0.047458
  0
VERTEX
  8
0
 10
128.231562
 20
556.536977
 42
-0.150038
  0
VERTEX
  8
0
 10
128.678773
 20
556.674265
 42
-0.181024
  0
VERTEX
  8
0
 10
129.072821
 20
556.526767
 42
-0.075363
  0
VERTEX
  8
0
 10
129.446149
 20
556.087132
 42
0.079683
  0
VERTEX
  8
0
 10
130.335535
 20
555.057832
 42
0.328739
  0
VERTEX
  8
0
 10
131.108357
 20
555.008350
 42
0.305483
  0
VERTEX
  8
0
 10
131.428372
 20
555.751633
 42
0.076396
  0
VERTEX
  8
0
 10
130.965790
 20
557.063922
 42
-0.039055
  0
VERTEX
  8
0
 10
130.505690
 20
558.112961
 42
-0.086457
  0
VERTEX
  8
0
 10
130.364559
 20
558.972347
 42
-0.101529
  0
VERTEX
  8
0
 10
130.529728
 20
559.739448
 42
-0.069683
  0
VERTEX
  8
0
 10
130.999160
 20
560.498988
 42
0.069179
  0
VERTEX
  8
0
 10
131.427104
 20
561.189852
 42
0.366463
  0
VERTEX
  8
0
 10
131.310910
 20
561.584867
 42
0.139921
  0
VERTEX
  8
0
 10
130.675763
 20
561.784231
 42
0.013634
  0
VERTEX
  8
0
 10
129.049637
 20
561.782348
 42
0.021483
  0
VERTEX
  8
0
 10
127.412847
 20
561.665308
 42
0.140666
  0
VERTEX
  8
0
 10
126.660211
 20
561.352546
 42
0.236374
  0
VERTEX
  8
0
 10
126.395981
 20
560.781278
 42
0.069193
  0
SEQEND
  0
POLYLINE
  8
0
 66
1
 70
1
  0
VERTEX
  8
0
 10
197.070285
 20
559.750000
 42
0.028468
  0
VERTEX
  8
0
 10
197.159267
 20
558.743160
 42
0.017576
  0
VERTEX
  8
0
 10
197.372382
 20
557.573438
 42
0.017611
  0
VERTEX
  8
0
 10
197.665409
 20
556.428626
 42
0.030024
  0
VERTEX
  8
0
 10
198.000000
 20
555.500000
 42
0.000000
  0
VERTEX
  8
0
 10
198.859429
 20
553.500000
 42
0.000000
  0
VERTEX
  8
0
 10
198.943369
 20
555.500000
 42
-0.019398
  0
VERTEX
  8
0
 10
199.018405
 20
556.427366
 42
-0.010179
  0
VERTEX
  8
0
 10
199.179776
 20
557.573438
 42
-0.010110
  0
VERTEX
  8
0
 10
199.393136
 20
558.742876
 42
-0.015290
  0
VERTEX
  8
0
 10
199.630286
 20
559.750000
 42
0.035681
  0
VERTEX
  8
0
 10
199.837873
 20
560.826446
 42
0.136451
  0
VERTEX
  8
0
 10
199.735380
 20
561.495300
 42
0.199763
  0
VERTEX
  8
0
 10
199.336283
 20
561.869475
 42
0.089952
  0
VERTEX
  8
0
 10
198.616631
 20
562.000000
 42
0.113683
  0
VERTEX
  8
0
 10
197.941514
 20
561.844491
 42
0.129690
  0
VERTEX
  8
0
 10
197.440155
 20
561.412923
 42
0.104029
  0
VERTEX
  8
0
 10
197.145033
 20
560.704678
 42
0.054737
  0
SEQEND
  0
POLYLINE
  8
0
 66
1
 70
1
  0
VERTEX
  8
0
 10
317.000000
 20
557.500000
 42
0.006872
  0
VERTEX
  8
0
 10
318.336189
 20
556.158789
 42
0.010289
  0
VERTEX
  8
0
 10
319.542711
 20
555.028125
 42
0.005603
  0
VERTEX
  8
0
 10
320.580837
 20
554.115467
 42
0.179379
  0
VERTEX
  8
0
 10
320.892334
 20
554.000000
 42
0.621612
  0
VERTEX
  8
0
 10
320.959280
 20
554.135642
 42
0.009195
  0
VERTEX
  8
0
 10
320.248961
 20
555.028125
 42
0.012869
  0
VERTEX
  8
0
 10
319.266168
 20
556.156936
 42
0.006921
  0
VERTEX
  8
0
 10
318.000000
 20
557.500000
 42
0.006872
  0
VERTEX
  8
0
 10
316.663811
 20
558.841211
 42
0.010289
  0
VERTEX
  8
0
 10
315.457289
 20
559.971875
 42
0.005603
  0
VERTEX
  8
0
 10
314.419163
 20
560.884533
 42
0.179379
  0
VERTEX
  8
0
 10
314.107666
 20
561.000000
 42
0.621612
  0
VERTEX
  8
0
 10
314.040720
 20
560.864358
 42
0.009195
  0
VERTEX
  8
0
 10
314.751039
 20
559.971875
 42
0.012869
  0
VERTEX
  8
0
 10
315.733832
 20
558.843064
 42
0.006921
  0
SEQEND
  0
POLYLINE
  8
0
 66
1
 70
1
  0
VERTEX
  8
0
 10
111.000000
 20
559.000000
 42
0.148195
  0
VERTEX
  8
0
 10
111.115568
 20
558.618646
 42
0.098894
  0
VERTEX
  8
0
 10
111.440625
 20
558.293750
 42
0.082425
  0
VERTEX
  8
0
 10
111.926543
 20
558.074694
 42
0.064853
  0
VERTEX
  8
0
 10
112.500000
 20
558.000000
 42
0.064853
  0
VERTEX
  8
0
 10
113.073457
 20
558.074694
 42
0.082425
  0
VERTEX
  8
0
 10
113.559375
 20
558.293750
 42
0.098894
  0
VERTEX
  8
0
 10
113.884432
 20
558.618646
 42
0.148195
  0
VERTEX
  8
0
 10
114.000000
 20
559.000000
 42
0.148195
  0
VERTEX
  8
0
 10
113.884432
 20
559.381354
 42
0.098894
  0
VERTEX
  8
0
 10
113.559375
 20
559.706250
 42
0.082425
  0
VERTEX
  8
0
 10
113.073457
 20
559.925306
 42
0.064853
  0
VERTEX
  8
0
 10
112.500000
 20
560.000000
 42
0.064853
  0
VERTEX
  8
0
 10
111.926543
 20
559.925306
 42
0.082425
  0
VERTEX
  8
0
 10
111.440625
 20
559.706250
 42
0.098894
  0
VERTEX
  8
0
 10
111.115568
 20
559.381354
 42
0.148195
  0
SEQEND
  0
POLYLINE
  8
0
 66
1
 70
1
  0
VERTEX
  8
0
 10
298.872445
 20
556.250000
 42
0.001576
  0
VERTEX
  8
0
 10
297.992360
 20
555.120493
 42
0.377591
  0
VERTEX
  8
0
 10
298.000000
 20
555.000000
 42
0.377591
  0
VERTEX
  8
0
 10
298.120493
 20
554.992360
 42
0.001576
  0
VERTEX
  8
0
 10
299.250000
 20
555.872445
 42
0.017685
  0
VERTEX
  8
0
 10
300.306759
 20
556.763320
 42
0.065617
  0
VERTEX
  8
0
 10
300.869516
 20
557.426111
 42
0.241985
  0
VERTEX
  8
0
 10
300.906950
 20
557.806605
 42
0.307699
  0
VERTEX
  8
0
 10
300.622445
 20
558.000000
 42
0.184603
  0
VERTEX
  8
0
 10
300.410139
 20
557.918850
 42
0.013803
  0
VERTEX
  8
0
 10
299.952641
 20
557.485937
 42
0.017649
  0
VERTEX
  8
0
 10
299.425681
 20
556.920402
 42
0.012436
  0
SEQEND
  0
POLYLINE
  8
0
 66
1
 70
1
  0
VERTEX
  8
0
 10
37.571429
 20
553.428571
 42
0.122537
  0
VERTEX
  8
0
 10
36.274920
 20
551.273196
 42
0.189264
  0
VERTEX
  8
0
 10
36.438852
 20
549.132298
 42
0.176004
  0
VERTEX
  8
0
 10
38.048482
 20
547.565760
 42
0.106245
  0
VERTEX
  8
0
 10
40.680948
 20
547.000000
 42
0.183954
  0
VERTEX
  8
0
 10
42.580931
 20
547.723500
 42
0.146647
  0
VERTEX
  8
0
 10
43.739239
 20
549.604723
 42
0.139048
  0
VERTEX
  8
0
 10
43.703442
 20
551.892718
 42
0.163293
  0
VERTEX
  8
0
 10
42.456329
 20
553.655591
 42
0.030408
  0
VERTEX
  8
0
 10
40.890257
 20
554.660663
 42
0.139957
  0
VERTEX
  8
0
 10
39.851308
 20
554.905754
 42
0.149526
  0
VERTEX
  8
0
 10
38.877862
 20
554.557800
 42
0.036329
  0
SEQEND
  0
POLYLINE
  8
0
 66
1
 70
1
  0
VERTEX
  8
0
 10
41.989431
 20
552.512735
 42
-0.119920
  0
VERTEX
  8
0
 10
42.722767
 20
551.010085
 42
-0.158954
  0
VERTEX
  8
0
 10
42.571894
 20
549.505580
 42
-0.163385
  0
VERTEX
  8
0
 10
41.571185
 20
548.407693
 42
-0.127627
  0
VERTEX
  8
0
 10
40.000000
 20
548.000000
 42
-0.067561
  0
VERTEX
  8
0
 10
39.168025
 20
548.112934
 42
-0.062573
  0
VERTEX
  8
0
 10
38.372650
 20
548.444366
 42
-0.066645
  0
VERTEX
  8
0
 10
37.732148
 20
548.934211
 42
-0.104983
  0
VERTEX
  8
0
 10
37.356740
 20
549.512735
 42
-0.154924
  0
VERTEX
  8
0
 10
37.282120
 20
550.775919
 42
-0.071104
  0
VERTEX
  8
0
 10
37.916623
 20
552.317908
 42
-0.072696
  0
VERTEX
  8
0
 10
38.932798
 20
553.581038
 42
-0.189259
  0
VERTEX
  8
0
 10
40.000000
 20
554.000000
 42
-0.128055
  0
VERTEX
  8
0
 10
40.371988
 20
553.903142
 42
-0.033138
  0
VERTEX
  8
0
 10
40.895878
 20
553.563116
 42
-0.031492
  0
VERTEX
  8
0
 10
41.461426
 20
553.081990
 42
-0.027556
  0
SEQEND
  0
POLYLINE
  8
0
 66
1
 70
1
  0
VERTEX
  8
0
 10
348.612321
 20
551.115027
 42
0.016840
  0
VERTEX
  8
0
 10
347.057782
 20
549.411904
 42
0.044146
  0
VERTEX
  8
0
 10
346.099695
 20
548.063918
 42
0.074636
  0
VERTEX
  8
0
 10
345.708284
 20
547.085877
 42
0.322784
  0
VERTEX
  8
0
 10
345.934150
 20
546.540698
 42
0.078776
  0
VERTEX
  8
0
 10
346.351227
 20
546.366153
 42
0.225206
  0
VERTEX
  8
0
 10
346.651308
 20
546.428202
 42
0.213558
  0
VERTEX
  8
0
 10
346.803596
 20
546.704933
 42
0.071840
  0
VERTEX
  8
0
 10
346.774777
 20
547.175670
 42
-0.135710
  0
VERTEX
  8
0
 10
346.807084
 20
547.670549
 42
-0.139547
  0
VERTEX
  8
0
 10
347.089295
 20
548.072391
 42
-0.115333
  0
VERTEX
  8
0
 10
347.592626
 20
548.316508
 42
-0.075289
  0
VERTEX
  8
0
 10
348.239238
 20
548.362905
 42
0.052093
  0
VERTEX
  8
0
 10
348.864230
 20
548.378801
 42
0.124181
  0
VERTEX
  8
0
 10
349.293085
 20
548.548411
 42
0.209985
  0
VERTEX
  8
0
 10
349.462155
 20
548.834908
 42
0.169791
  0
VERTEX
  8
0
 10
349.384469
 20
549.186932
 42
-0.207771
  0
VERTEX
  8
0
 10
349.307364
 20
549.719204
 42
-0.048987
  0
VERTEX
  8
0
 10
349.634433
 20
550.578355
 42
-0.042387
  0
VERTEX
  8
0
 10
350.240359
 20
551.574748
 42
-0.030784
  0
VERTEX
  8
0
 10
351.069545
 20
552.574028
 42
0.014597
  0
VERTEX
  8
0
 10
352.960772
 20
554.708725
 42
0.843322
  0
VERTEX
  8
0
 10
352.784486
 20
554.915737
 42
0.057442
  0
VERTEX
  8
0
 10
351.321732
 20
553.802415
 42
0.007992
  0
SEQEND
  0
POLYLINE
  8
0
 66
1
 70
1
  0
VERTEX
  8
0
 10
374.447214
 20
552.085410
 42
-0.130602
  0
VERTEX
  8
0
 10
374.564071
 20
551.699230
 42
-0.123911
  0
VERTEX
  8
0
 10
374.477402
 20
551.297456
 42
-0.107282
  0
VERTEX
  8
0
 10
374.193427
 20
550.941052
 42
-0.079385
  0
VERTEX
  8
0
 10
373.756231
 20
550.687330
 42
0.100847
  0
VERTEX
  8
0
 10
373.487663
 20
550.515787
 42
0.543796
  0
VERTEX
  8
0
 10
373.514980
 20
550.377309
 42
0.091768
  0
VERTEX
  8
0
 10
373.916288
 20
550.297266
 42
0.015623
  0
VERTEX
  8
0
 10
374.699020
 20
550.310884
 42
0.026129
  0
VERTEX
  8
0
 10
375.760196
 20
550.418307
 42
0.186873
  0
VERTEX
  8
0
 10
376.198914
 20
550.671028
 42
0.293514
  0
VERTEX
  8
0
 10
376.242241
 20
551.071756
 42
0.057422
  0
VERTEX
  8
0
 10
375.826575
 20
551.708964
 42
0.028542
  0
VERTEX
  8
0
 10
374.987325
 20
552.610210
 42
0.125023
  0
VERTEX
  8
0
 10
374.359081
 20
552.965909
 42
0.573513
  0
VERTEX
  8
0
 10
374.158373
 20
552.769328
 42
0.077135
  0
SEQEND
  0
POLYLINE
  8
0
 66
1
 70
1
  0
VERTEX
  8
0
 10
197.812500
 20
551.316886
 42
0.051402
  0
VERTEX
  8
0
 10
198.359369
 20
551.160852
 42
0.054150
  0
VERTEX
  8
0
 10
198.916927
 20
551.123424
 42
0.060344
  0
VERTEX
  8
0
 10
199.402231
 20
551.202593
 42
0.126455
  0
VERTEX
  8
0
 10
199.729167
 20
551.395833
 42
0.296942
  0
VERTEX
  8
0
 10
199.775380
 20
551.614691
 42
0.208169
  0
VERTEX
  8
0
 10
199.592839
 20
551.799335
 42
0.077125
  0
VERTEX
  8
0
 10
199.112848
 20
551.910055
 42
0.028489
  0
VERTEX
  8
0
 10
198.416667
 20
551.921053
 42
0.018894
  0
VERTEX
  8
0
 10
197.670344
 20
551.862007
 42
0.168741
  0
VERTEX
  8
0
 10
197.378580
 20
551.720685
 42
0.470617
  0
VERTEX
  8
0
 10
197.395823
 20
551.538436
 42
0.054073
  0
SEQEND
  0
POLYLINE
  8
0
 66
1
 70
1
  0
VERTEX
  8
0
 10
294.073886
 20
550.589028
 42
0.038920
  0
VERTEX
  8
0
 10
293.554932
 20
549.854248
 42
0.150137
  0
VERTEX
  8
0
 10
293.424160
 20
549.317710
 42
0.184594
  0
VERTEX
  8
0
 10
293.627488
 20
548.867315
 42
0.064660
  0
VERTEX
  8
0
 10
294.201442
 20
548.428702
 42
0.016746
  0
VERTEX
  8
0
 10
294.670470
 20
548.178590
 42
0.145908
  0
VERTEX
  8
0
 10
294.900785
 20
548.139852
 42
0.539115
  0
VERTEX
  8
0
 10
294.949252
 20
548.237981
 42
0.051532
  0
VERTEX
  8
0
 10
294.758676
 20
548.497665
 42
-0.144798
  0
VERTEX
  8
0
 10
294.559537
 20
548.911524
 42
-0.083091
  0
VERTEX
  8
0
 10
294.562285
 20
549.469816
 42
-0.070874
  0
VERTEX
  8
0
 10
294.760494
 20
550.083858
 42
-0.059816
  0
VERTEX
  8
0
 10
295.131121
 20
550.657991
 42
0.020857
  0
VERTEX
  8
0
 10
295.523818
 20
551.173471
 42
0.045120
  0
VERTEX
  8
0
 10
295.770845
 20
551.605785
 42
0.087861
  0
VERTEX
  8
0
 10
295.844982
 20
551.891735
 42
0.437369
  0
VERTEX
  8
0
 10
295.744889
 20
552.000000
 42
0.152428
  0
VERTEX
  8
0
 10
295.482379
 20
551.918068
 42
0.024047
  0
VERTEX
  8
0
 10
295.047782
 20
551.585527
 42
0.024812
  0
VERTEX
  8
0
 10
294.558874
 20
551.129294
 42
0.019407
  0
SEQEND
  0
POLYLINE
  8
0
 66
1
 70
1
  0
VERTEX
  8
0
 10
92.225994
 20
532.750000
 42
0.000000
  0
VERTEX
  8
0
 10
92.000000
 20
514.000000
 42
0.000000
  0
VERTEX
  8
0
 10
101.926676
 20
514.000000
 42
-0.004986
  0
VERTEX
  8
0
 10
107.536027
 20
513.944067
 42
-0.036771
  0
VERTEX
  8
0
 10
110.199782
 20
513.694409
 42
-0.093188
  0
VERTEX
  8
0
 10
111.618635
 20
513.171983
 42
-0.196613
  0
VERTEX
  8
0
 10
112.310674
 20
512.250000
 42
0.002108
  0
VERTEX
  8
0
 10
112.617939
 20
511.094154
 42
0.330911
  0
VERTEX
  8
0
 10
112.717472
 20
511.015684
 42
0.400263
  0
VERTEX
  8
0
 10
112.802134
 20
511.091906
 42
0.002383
  0
VERTEX
  8
0
 10
112.883999
 20
512.233667
 42
-0.335063
  0
VERTEX
  8
0
 10
113.767904
 20
513.254933
 42
-0.033969
  0
VERTEX
  8
0
 10
117.149902
 20
513.741360
 42
-0.014735
  0
VERTEX
  8
0
 10
123.633830
 20
514.036386
 42
-0.001352
  0
VERTEX
  8
0
 10
139.750000
 20
514.250706
 42
0.000232
  0
VERTEX
  8
0
 10
156.489955
 20
514.435805
 42
0.968877
  0
VERTEX
  8
0
 10
156.491770
 20
514.526131
 42
0.011253
  0
VERTEX
  8
0
 10
153.549065
 20
514.612076
 42
0.000087
  0
VERTEX
  8
0
 10
129.772559
 20
514.767040
 42
0.000000
  0
VERTEX
  8
0
 10
93.045117
 20
515.000000
 42
0.000000
  0
VERTEX
  8
0
 10
92.748552
 20
533.250000
 42
0.000000
  0
VERTEX
  8
0
 10
92.451987
 20
551.500000
 42
0.000000
  0
SEQEND
  0
POLYLINE
  8
0
 66
1
 70
1
  0
VERTEX
  8
0
 10
111.313512
 20
550.251409
 42
0.002787
  0
VERTEX
  8
0
 10
118.924232
 20
550.157893
 42
0.001683
  0
VERTEX
  8
0
 10
127.942835
 20
550.127720
 42
0.001686
  0
VERTEX
  8
0
 10
136.901883
 20
550.158115
 42
0.002958
  0
VERTEX
  8
0
 10
144.313512
 20
550.252099
 42
0.021914
  0
VERTEX
  8
0
 10
146.056045
 20
550.361003
 42
0.939799
  0
VERTEX
  8
0
 10
146.051469
 20
550.464500
 42
0.003708
  0
VERTEX
  8
0
 10
139.338685
 20
550.534624
 42
0.000763
  0
VERTEX
  8
0
 10
127.500000
 20
550.552441
 42
0.000752
  0
VERTEX
  8
0
 10
115.670536
 20
550.534413
 42
0.003892
  0
VERTEX
  8
0
 10
109.132719
 20
550.463728
 42
0.950780
  0
VERTEX
  8
0
 10
109.129442
 20
550.360886
 42
0.016113
  0
SEQEND
  0
POLYLINE
  8
0
 66
1
 70
1
  0
VERTEX
  8
0
 10
162.269032
 20
550.307009
 42
0.037336
  0
VERTEX
  8
0
 10
163.036634
 20
550.167106
 42
0.029507
  0
VERTEX
  8
0
 10
163.880008
 20
550.127736
 42
0.030339
  0
VERTEX
  8
0
 10
164.671085
 20
550.185595
 42
0.062780
  0
VERTEX
  8
0
 10
165.269032
 20
550.344063
 42
0.313180
  0
VERTEX
  8
0
 10
165.386009
 20
550.522870
 42
0.333666
  0
VERTEX
  8
0
 10
165.257153
 20
550.684921
 42
0.052471
  0
VERTEX
  8
0
 10
164.580113
 20
550.787295
 42
0.014395
  0
VERTEX
  8
0
 10
163.500000
 20
550.805051
 42
0.012823
  0
VERTEX
  8
0
 10
162.431793
 20
550.764444
 42
0.080377
  0
VERTEX
  8
0
 10
161.900903
 20
550.643467
 42
0.597527
  0
VERTEX
  8
0
 10
161.883358
 20
550.483340
 42
0.087174
  0
SEQEND
  0
POLYLINE
  8
0
 66
1
 70
1
  0
VERTEX
  8
0
 10
321.000000
 20
547.910649
 42
0.005621
  0
VERTEX
  8
0
 10
319.907882
 20
546.996668
 42
0.101227
  0
VERTEX
  8
0
 10
319.629156
 20
546.638240
 42
0.695024
  0
VERTEX
  8
0
 10
319.725209
 20
546.536278
 42
0.019372
  0
VERTEX
  8
0
 10
320.500000
 20
546.899398
 42
0.012363
  0
VERTEX
  8
0
 10
322.651085
 20
548.079386
 42
0.031774
  0
VERTEX
  8
0
 10
324.124440
 20
549.065850
 42
0.096366
  0
VERTEX
  8
0
 10
324.665008
 20
549.675828
 42
0.582806
  0
VERTEX
  8
0
 10
324.500000
 20
549.962451
 42
0.110844
  0
VERTEX
  8
0
 10
323.962636
 20
549.837929
 42
0.020437
  0
VERTEX
  8
0
 10
323.059375
 20
549.356879
 42
0.021046
  0
VERTEX
  8
0
 10
322.030469
 20
548.694013
 42
0.017799
  0
SEQEND
  0
POLYLINE
  8
0
 66
1
 70
1
  0
VERTEX
  8
0
 10
377.564293
 20
547.706872
 42
0.036269
  0
VERTEX
  8
0
 10
377.866277
 20
547.059266
 42
0.070189
  0
VERTEX
  8
0
 10
378.210949
 20
546.604915
 42
0.120343
  0
VERTEX
  8
0
 10
378.538684
 20
546.407510
 42
0.278911
  0
VERTEX
  8
0
 10
378.806872
 20
546.473539
 42
0.207420
  0
VERTEX
  8
0
 10
378.927901
 20
546.779789
 42
0.082976
  0
VERTEX
  8
0
 10
378.837219
 20
547.231185
 42
0.063152
  0
VERTEX
  8
0
 10
378.558688
 20
547.753423
 42
0.043285
  0
VERTEX
  8
0
 10
378.124088
 20
548.266667
 42
0.011214
  0
VERTEX
  8
0
 10
377.463552
 20
548.893514
 42
0.400052
  0
VERTEX
  8
0
 10
377.270328
 20
548.888819
 42
0.286372
  0
VERTEX
  8
0
 10
377.218210
 20
548.663782
 42
0.008399
  0
SEQEND
  0
POLYLINE
  8
0
 66
1
 70
1
  0
VERTEX
  8
0
 10
353.500000
 20
545.443546
 42
-0.001675
  0
VERTEX
  8
0
 10
354.801470
 20
544.175159
 42
-0.001239
  0
VERTEX
  8
0
 10
356.232823
 20
542.763836
 42
-0.001252
  0
VERTEX
  8
0
 10
357.578245
 20
541.423957
 42
-0.002815
  0
VERTEX
  8
0
 10
358.590460
 20
540.399381
 42
0.000000
  0
VERTEX
  8
0
 10
360.680920
 20
538.259425
 42
0.000000
  0
VERTEX
  8
0
 10
361.958071
 20
540.379713
 42
0.003403
  0
VERTEX
  8
0
 10
362.656506
 20
541.557291
 42
0.132908
  0
VERTEX
  8
0
 10
362.735223
 20
541.848193
 42
0.644030
  0
VERTEX
  8
0
 10
362.625904
 20
541.897861
 42
0.010086
  0
VERTEX
  8
0
 10
361.958069
 20
541.290458
 42
-0.188047
  0
VERTEX
  8
0
 10
361.056483
 20
540.923578
 42
-0.111755
  0
VERTEX
  8
0
 10
359.906369
 20
541.166162
 42
-0.052146
  0
VERTEX
  8
0
 10
358.257334
 20
542.142707
 42
-0.010789
  0
VERTEX
  8
0
 10
355.590458
 20
544.214336
 42
0.003983
  0
VERTEX
  8
0
 10
353.751547
 20
545.683367
 42
0.033643
  0
VERTEX
  8
0
 10
352.876572
 20
546.280452
 42
0.846040
  0
VERTEX
  8
0
 10
352.799891
 20
546.189037
 42
0.023807
  0
SEQEND
  0
POLYLINE
  8
0
 66
1
 70
1
  0
VERTEX
  8
0
 10
364.404988
 20
544.750000
 42
0.000000
  0
VERTEX
  8
0
 10
362.500000
 20
542.500000
 42
0.000000
  0
VERTEX
  8
0
 10
364.750000
 20
544.404988
 42
0.010402
  0
VERTEX
  8
0
 10
366.102181
 20
545.598996
 42
0.048385
  0
VERTEX
  8
0
 10
366.795506
 20
546.373826
 42
0.197337
  0
VERTEX
  8
0
 10
366.898791
 20
546.789444
 42
0.372044
  0
VERTEX
  8
0
 10
366.654988
 20
547.000000
 42
0.191119
  0
VERTEX
  8
0
 10
366.448340
 20
546.918017
 42
0.007508
  0
VERTEX
  8
0
 10
365.851732
 20
546.339062
 42
0.012381
  0
VERTEX
  8
0
 10
365.159969
 20
545.612165
 42
0.008332
  0
SEQEND
  0
POLYLINE
  8
0
 66
1
 70
1
  0
VERTEX
  8
0
 10
184.812500
 20
545.316886
 42
0.051402
  0
VERTEX
  8
0
 10
185.359369
 20
545.160852
 42
0.054150
  0
VERTEX
  8
0
 10
185.916927
 20
545.123424
 42
0.060344
  0
VERTEX
  8
0
 10
186.402231
 20
545.202593
 42
0.126455
  0
VERTEX
  8
0
 10
186.729167
 20
545.395833
 42
0.296942
  0
VERTEX
  8
0
 10
186.775380
 20
545.614691
 42
0.208169
  0
VERTEX
  8
0
 10
186.592839
 20
545.799335
 42
0.077125
  0
VERTEX
  8
0
 10
186.112848
 20
545.910055
 42
0.028489
  0
VERTEX
  8
0
 10
185.416667
 20
545.921053
 42
0.018894
  0
VERTEX
  8
0
 10
184.670344
 20
545.862007
 42
0.168741
  0
VERTEX
  8
0
 10
184.378580
 20
545.720685
 42
0.470617
  0
VERTEX
  8
0
 10
184.395823
 20
545.538436
 42
0.054073
  0
SEQEND
  0
POLYLINE
  8
0
 66
1
 70
1
  0
VERTEX
  8
0
 10
320.500000
 20
543.412390
 42
0.000000
  0
VERTEX
  8
0
 10
317.500000
 20
540.834714
 42
0.000000
  0
VERTEX
  8
0
 10
320.750000
 20
542.985451
 42
0.008632
  0
VERTEX
  8
0
 10
321.995474
 20
543.840942
 42
0.013087
  0
VERTEX
  8
0
 10
323.045313
 20
544.631282
 42
0.007740
  0
VERTEX
  8
0
 10
323.884951
 20
545.319978
 42
0.220566
  0
VERTEX
  8
0
 10
324.000000
 20
545.568094
 42
0.342088
  0
VERTEX
  8
0
 10
323.802873
 20
545.822500
 42
0.203856
  0
VERTEX
  8
0
 10
323.403700
 20
545.762236
 42
0.036100
  0
VERTEX
  8
0
 10
322.529245
 20
545.132384
 42
0.003362
  0
SEQEND
  0
POLYLINE
  8
0
 66
1
 70
1
  0
VERTEX
  8
0
 10
349.500000
 20
544.000000
 42
0.012769
  0
VERTEX
  8
0
 10
350.229731
 20
543.233916
 42
0.017642
  0
VERTEX
  8
0
 10
350.925170
 20
542.587500
 42
0.014322
  0
VERTEX
  8
0
 10
351.525997
 20
542.096686
 42
0.165568
  0
VERTEX
  8
0
 10
351.809975
 20
542.000000
 42
0.549874
  0
VERTEX
  8
0
 10
351.889734
 20
542.125730
 42
0.034935
  0
VERTEX
  8
0
 10
351.631420
 20
542.587500
 42
0.025990
  0
VERTEX
  8
0
 10
351.159597
 20
543.232121
 42
0.012939
  0
VERTEX
  8
0
 10
350.500000
 20
544.000000
 42
0.012769
  0
VERTEX
  8
0
 10
349.770269
 20
544.766084
 42
0.017642
  0
VERTEX
  8
0
 10
349.074830
 20
545.412500
 42
0.014322
  0
VERTEX
  8
0
 10
348.474003
 20
545.903314
 42
0.165568
  0
VERTEX
  8
0
 10
348.190025
 20
546.000000
 42
0.549874
  0
VERTEX
  8
0
 10
348.110266
 20
545.874270
 42
0.034935
  0
VERTEX
  8
0
 10
348.368580
 20
545.412500
 42
0.025990
  0
VERTEX
  8
0
 10
348.840403
 20
544.767879
 42
0.012939
  0
SEQEND
  0
POLYLINE
  8
0
 66
1
 70
1
  0
VERTEX
  8
0
 10
184.812500
 20
543.316886
 42
0.051402
  0
VERTEX
  8
0
 10
185.359369
 20
543.160852
 42
0.054150
  0
VERTEX
  8
0
 10
185.916927
 20
543.123424
 42
0.060344
  0
VERTEX
  8
0
 10
186.402231
 20
543.202593
 42
0.126455
  0
VERTEX
  8
0
 10
186.729167
 20
543.395833
 42
0.296942
  0
VERTEX
  8
0
 10
186.775380
 20
543.614691
 42
0.208169
  0
VERTEX
  8
0
 10
186.592839
 20
543.799335
 42
0.077125
  0
VERTEX
  8
0
 10
186.112848
 20
543.910055
 42
0.028489
  0
VERTEX
  8
0
 10
185.416667
 20
543.921053
 42
0.018894
  0
VERTEX
  8
0
 10
184.670344
 20
543.862007
 42
0.168741
  0
VERTEX
  8
0
 10
184.378580
 20
543.720685
 42
0.470617
  0
VERTEX
  8
0
 10
184.395823
 20
543.538436
 42
0.054073
  0
SEQEND
  0
POLYLINE
  8
0
 66
1
 70
1
  0
VERTEX
  8
0
 10
343.157895
 20
541.000000
 42
0.017491
  0
VERTEX
  8
0
 10
343.189089
 20
540.108560
 42
0.078554
  0
VERTEX
  8
0
 10
343.306058
 20
539.601562
 42
0.447206
  0
VERTEX
  8
0
 10
343.474999
 20
539.540618
 42
0.174857
  0
VERTEX
  8
0
 10
343.662281
 20
539.750000
 42
0.057986
  0
VERTEX
  8
0
 10
343.818615
 20
540.320008
 42
0.037979
  0
VERTEX
  8
0
 10
343.870340
 20
541.000000
 42
0.037979
  0
VERTEX
  8
0
 10
343.818615
 20
541.679992
 42
0.057986
  0
VERTEX
  8
0
 10
343.662281
 20
542.250000
 42
0.174857
  0
VERTEX
  8
0
 10
343.474999
 20
542.459382
 42
0.447206
  0
VERTEX
  8
0
 10
343.306058
 20
542.398438
 42
0.078554
  0
VERTEX
  8
0
 10
343.189089
 20
541.891440
 42
0.017491
  0
SEQEND
  0
POLYLINE
  8
0
 66
1
 70
1
  0
VERTEX
  8
0
 10
369.000000
 20
538.500000
 42
-0.009206
  0
VERTEX
  8
0
 10
367.244488
 20
536.775936
 42
-0.013266
  0
VERTEX
  8
0
 10
365.624317
 20
535.321875
 42
-0.008972
  0
VERTEX
  8
0
 10
364.235204
 20
534.182509
 42
-0.168827
  0
VERTEX
  8
0
 10
363.710089
 20
534.000000
 42
-0.137483
  0
VERTEX
  8
0
 10
363.169400
 20
534.151535
 42
-0.008200
  0
VERTEX
  8
0
 10
361.721871
 20
535.064932
 42
-0.011827
  0
VERTEX
  8
0
 10
360.020207
 20
536.236505
 42
-0.008421
  0
VERTEX
  8
0
 10
358.168297
 20
537.625299
 42
0.000000
  0
VERTEX
  8
0
 10
353.500000
 20
541.250599
 42
0.000000
  0
VERTEX
  8
0
 10
358.000000
 20
537.155141
 42
0.010316
  0
VERTEX
  8
0
 10
359.799308
 20
535.584214
 42
0.014210
  0
VERTEX
  8
0
 10
361.482918
 20
534.253958
 42
0.010806
  0
VERTEX
  8
0
 10
362.923278
 20
533.228589
 42
0.143037
  0
VERTEX
  8
0
 10
363.537592
 20
533.029842
 42
0.172354
  0
VERTEX
  8
0
 10
364.156460
 20
533.229859
 42
0.010233
  0
VERTEX
  8
0
 10
365.717056
 20
534.477516
 42
0.014440
  0
VERTEX
  8
0
 10
367.537815
 20
536.086611
 42
0.010083
  0
VERTEX
  8
0
 10
369.500000
 20
538.000000
 42
0.004806
  0
VERTEX
  8
0
 10
371.353408
 20
539.918238
 42
0.008657
  0
VERTEX
  8
0
 10
372.830043
 20
541.531250
 42
0.004215
  0
VERTEX
  8
0
 10
373.985092
 20
542.860093
 42
0.640232
  0
VERTEX
  8
0
 10
373.920616
 20
543.000000
 42
0.183581
  0
VERTEX
  8
0
 10
373.597812
 20
542.877345
 42
0.003635
  0
VERTEX
  8
0
 10
372.267203
 20
541.678125
 42
0.008168
  0
VERTEX
  8
0
 10
370.729083
 20
540.224640
 42
0.005330
  0
SEQEND
  0
POLYLINE
  8
0
 66
1
 70
1
  0
VERTEX
  8
0
 10
303.732353
 20
538.015782
 42
0.010076
  0
VERTEX
  8
0
 10
306.065877
 20
535.658656
 42
0.064805
  0
VERTEX
  8
0
 10
307.407258
 20
534.658170
 42
0.165292
  0
VERTEX
  8
0
 10
308.373323
 20
534.478584
 42
0.171219
  0
VERTEX
  8
0
 10
309.232353
 20
534.929057
 42
0.004019
  0
VERTEX
  8
0
 10
309.931846
 20
535.694154
 42
0.216407
  0
VERTEX
  8
0
 10
309.989862
 20
535.877566
 42
0.526487
  0
VERTEX
  8
0
 10
309.887124
 20
535.931273
 42
0.007289
  0
VERTEX
  8
0
 10
309.159733
 20
535.531900
 42
-0.203825
  0
VERTEX
  8
0
 10
308.330141
 20
535.436452
 42
-0.056015
  0
VERTEX
  8
0
 10
307.092469
 20
535.959009
 42
-0.040531
  0
VERTEX
  8
0
 10
305.532312
 20
537.009134
 42
-0.018269
  0
VERTEX
  8
0
 10
303.659733
 20
538.618624
 42
0.000000
  0
VERTEX
  8
0
 10
299.500000
 20
542.466857
 42
0.000000
  0
SEQEND
  0
POLYLINE
  8
0
 66
1
 70
1
  0
VERTEX
  8
0
 10
187.289749
 20
539.000000
 42
-0.061436
  0
VERTEX
  8
0
 10
186.757075
 20
537.660513
 42
-0.198776
  0
VERTEX
  8
0
 10
186.025900
 20
537.072687
 42
-0.287334
  0
VERTEX
  8
0
 10
185.296423
 20
537.278417
 42
-0.103478
  0
VERTEX
  8
0
 10
184.727033
 20
538.250000
 42
0.015646
  0
VERTEX
  8
0
 10
184.555582
 20
538.712270
 42
0.487922
  0
VERTEX
  8
0
 10
184.453545
 20
538.741221
 42
0.247155
  0
VERTEX
  8
0
 10
184.384084
 20
538.599166
 42
0.010431
  0
VERTEX
  8
0
 10
184.413424
 20
538.020665
 42
0.143184
  0
VERTEX
  8
0
 10
184.650129
 20
537.384037
 42
0.055730
  0
VERTEX
  8
0
 10
185.297867
 20
536.691172
 42
0.049213
  0
VERTEX
  8
0
 10
186.213147
 20
536.052343
 42
0.043236
  0
VERTEX
  8
0
 10
187.275432
 20
535.572096
 42
0.033866
  0
VERTEX
  8
0
 10
188.719618
 20
535.171681
 42
0.087872
  0
VERTEX
  8
0
 10
189.795142
 20
535.142131
 42
0.102448
  0
VERTEX
  8
0
 10
190.715084
 20
535.480034
 42
0.057364
  0
VERTEX
  8
0
 10
191.652461
 20
536.223890
 42
0.061710
  0
VERTEX
  8
0
 10
192.227251
 20
536.961243
 42
0.057915
  0
VERTEX
  8
0
 10
192.619487
 20
537.832143
 42
0.062189
  0
VERTEX
  8
0
 10
192.780173
 20
538.699169
 42
0.106763
  0
VERTEX
  8
0
 10
192.668129
 20
539.422459
 42
0.181933
  0
VERTEX
  8
0
 10
191.604404
 20
540.619888
 42
0.141666
  0
VERTEX
  8
0
 10
189.885560
 20
540.973816
 42
0.138602
  0
VERTEX
  8
0
 10
188.215338
 20
540.356869
 42
0.173133
  0
SEQEND
  0
POLYLINE
  8
0
 66
1
 70
1
  0
VERTEX
  8
0
 10
191.504365
 20
538.992937
 42
-0.153283
  0
VERTEX
  8
0
 10
191.614372
 20
538.560991
 42
-0.123144
  0
VERTEX
  8
0
 10
191.472022
 20
538.100609
 42
-0.097937
  0
VERTEX
  8
0
 10
191.088046
 20
537.680239
 42
-0.067341
  0
VERTEX
  8
0
 10
190.520254
 20
537.369399
 42
-0.067736
  0
VERTEX
  8
0
 10
189.275512
 20
537.076451
 42
-0.188422
  0
VERTEX
  8
0
 10
188.426445
 20
537.317483
 42
-0.261672
  0
VERTEX
  8
0
 10
188.136385
 20
537.985128
 42
-0.113371
  0
VERTEX
  8
0
 10
188.458881
 20
538.933469
 42
-0.098738
  0
VERTEX
  8
0
 10
189.156314
 20
539.681493
 42
-0.152164
  0
VERTEX
  8
0
 10
189.989050
 20
539.958873
 42
-0.155876
  0
VERTEX
  8
0
 10
190.817295
 20
539.711950
 42
-0.104938
  0
SEQEND
  0
POLYLINE
  8
0
 66
1
 70
1
  0
VERTEX
  8
0
 10
311.872445
 20
537.250000
 42
0.001576
  0
VERTEX
  8
0
 10
310.992360
 20
536.120493
 42
0.377591
  0
VERTEX
  8
0
 10
311.000000
 20
536.000000
 42
0.377591
  0
VERTEX
  8
0
 10
311.120493
 20
535.992360
 42
0.001576
  0
VERTEX
  8
0
 10
312.250000
 20
536.872445
 42
0.017685
  0
VERTEX
  8
0
 10
313.306759
 20
537.763320
 42
0.065617
  0
VERTEX
  8
0
 10
313.869516
 20
538.426111
 42
0.241985
  0
VERTEX
  8
0
 10
313.906950
 20
538.806605
 42
0.307699
  0
VERTEX
  8
0
 10
313.622445
 20
539.000000
 42
0.184603
  0
VERTEX
  8
0
 10
313.410139
 20
538.918850
 42
0.013803
  0
VERTEX
  8
0
 10
312.952641
 20
538.485937
 42
0.017649
  0
VERTEX
  8
0
 10
312.425681
 20
537.920402
 42
0.012436
  0
SEQEND
  0
POLYLINE
  8
0
 66
1
 70
1
  0
VERTEX
  8
0
 10
188.000000
 20
531.833333
 42
0.030470
  0
VERTEX
  8
0
 10
188.047913
 20
531.047827
 42
0.080137
  0
VERTEX
  8
0
 10
188.204336
 20
530.507461
 42
0.202700
  0
VERTEX
  8
0
 10
188.434675
 20
530.301695
 42
0.286074
  0
VERTEX
  8
0
 10
188.695611
 20
530.362278
 42
0.105931
  0
VERTEX
  8
0
 10
189.320079
 20
531.327326
 42
0.076138
  0
VERTEX
  8
0
 10
189.590117
 20
532.586443
 42
0.099013
  0
VERTEX
  8
0
 10
189.446470
 20
533.619981
 42
0.319036
  0
VERTEX
  8
0
 10
188.911516
 20
534.000000
 42
0.218452
  0
VERTEX
  8
0
 10
188.562731
 20
533.839978
 42
0.078229
  0
VERTEX
  8
0
 10
188.267758
 20
533.363542
 42
0.059481
  0
VERTEX
  8
0
 10
188.066752
 20
532.662941
 42
0.040166
  0
SEQEND
  0
POLYLINE
  8
0
 66
1
 70
1
  0
VERTEX
  8
0
 10
164.166154
 20
529.123851
 42
0.034191
  0
VERTEX
  8
0
 10
163.531281
 20
528.657711
 42
0.265879
  0
VERTEX
  8
0
 10
163.410219
 20
528.325417
 42
0.234956
  0
VERTEX
  8
0
 10
163.631939
 20
528.022530
 42
0.027745
  0
VERTEX
  8
0
 10
164.416154
 20
527.670548
 42
0.065056
  0
VERTEX
  8
0
 10
165.084741
 20
527.509427
 42
0.152260
  0
VERTEX
  8
0
 10
165.583846
 20
527.608341
 42
0.176772
  0
VERTEX
  8
0
 10
165.891612
 20
527.957113
 42
0.093544
  0
VERTEX
  8
0
 10
166.000000
 20
528.531385
 42
0.018190
  0
VERTEX
  8
0
 10
165.960455
 20
529.617998
 42
0.305384
  0
VERTEX
  8
0
 10
165.749122
 20
529.887210
 42
0.212762
  0
VERTEX
  8
0
 10
165.354080
 20
529.844864
 42
0.009729
  0
SEQEND
  0
POLYLINE
  8
0
 66
1
 70
1
  0
VERTEX
  8
0
 10
96.727696
 20
528.278268
 42
0.020120
  0
VERTEX
  8
0
 10
98.234338
 20
528.152063
 42
0.010546
  0
VERTEX
  8
0
 10
100.115370
 20
528.110215
 42
0.010474
  0
VERTEX
  8
0
 10
102.048239
 20
528.148479
 42
0.015806
  0
VERTEX
  8
0
 10
103.727696
 20
528.270202
 42
0.062969
  0
VERTEX
  8
0
 10
104.351289
 20
528.416037
 42
0.785070
  0
VERTEX
  8
0
 10
104.335636
 20
528.550546
 42
0.026082
  0
VERTEX
  8
0
 10
103.006031
 20
528.645979
 42
0.004587
  0
VERTEX
  8
0
 10
100.500000
 20
528.671860
 42
0.004873
  0
VERTEX
  8
0
 10
97.985512
 20
528.650253
 42
0.021409
  0
VERTEX
  8
0
 10
96.504386
 20
528.559569
 42
0.613017
  0
VERTEX
  8
0
 10
96.451620
 20
528.422293
 42
0.180442
  0
SEQEND
  0
POLYLINE
  8
0
 66
1
 70
1
  0
VERTEX
  8
0
 10
123.750000
 20
528.337719
 42
0.057986
  0
VERTEX
  8
0
 10
124.320008
 20
528.181385
 42
0.037979
  0
VERTEX
  8
0
 10
125.000000
 20
528.129660
 42
0.037979
  0
VERTEX
  8
0
 10
125.679992
 20
528.181385
 42
0.057986
  0
VERTEX
  8
0
 10
126.250000
 20
528.337719
 42
0.174857
  0
VERTEX
  8
0
 10
126.459382
 20
528.525001
 42
0.447206
  0
VERTEX
  8
0
 10
126.398438
 20
528.693942
 42
0.078554
  0
VERTEX
  8
0
 10
125.891440
 20
528.810911
 42
0.017491
  0
VERTEX
  8
0
 10
125.000000
 20
528.842105
 42
0.017491
  0
VERTEX
  8
0
 10
124.108560
 20
528.810911
 42
0.078554
  0
VERTEX
  8
0
 10
123.601562
 20
528.693942
 42
0.447206
  0
VERTEX
  8
0
 10
123.540618
 20
528.525001
 42
0.174857
  0
SEQEND
  0
POLYLINE
  8
0
 66
1
 70
1
  0
VERTEX
  8
0
 10
130.263750
 20
528.282419
 42
0.022548
  0
VERTEX
  8
0
 10
131.485188
 20
528.153707
 42
0.015659
  0
VERTEX
  8
0
 10
132.872547
 20
528.114038
 42
0.015827
  0
VERTEX
  8
0
 10
134.209518
 20
528.160023
 42
0.031163
  0
VERTEX
  8
0
 10
135.263750
 20
528.296069
 42
0.248898
  0
VERTEX
  8
0
 10
135.455688
 20
528.450815
 42
0.490820
  0
VERTEX
  8
0
 10
135.374351
 20
528.596853
 42
0.030832
  0
VERTEX
  8
0
 10
134.297080
 20
528.692368
 42
0.007380
  0
VERTEX
  8
0
 10
132.500000
 20
528.713986
 42
0.006817
  0
VERTEX
  8
0
 10
130.711719
 20
528.684722
 42
0.040183
  0
VERTEX
  8
0
 10
129.780601
 20
528.581582
 42
0.720633
  0
VERTEX
  8
0
 10
129.761725
 20
528.438612
 42
0.075924
  0
SEQEND
  0
POLYLINE
  8
0
 66
1
 70
1
  0
VERTEX
  8
0
 10
154.250000
 20
528.283746
 42
0.023547
  0
VERTEX
  8
0
 10
155.502218
 20
528.153981
 42
0.014044
  0
VERTEX
  8
0
 10
157.000000
 20
528.111902
 42
0.014044
  0
VERTEX
  8
0
 10
158.497782
 20
528.153981
 42
0.023547
  0
VERTEX
  8
0
 10
159.750000
 20
528.283746
 42
0.124239
  0
VERTEX
  8
0
 10
160.112409
 20
528.435926
 42
0.664672
  0
VERTEX
  8
0
 10
160.076562
 20
528.577962
 42
0.031260
  0
VERTEX
  8
0
 10
158.970620
 20
528.675363
 42
0.006336
  0
VERTEX
  8
0
 10
157.000000
 20
528.700336
 42
0.006336
  0
VERTEX
  8
0
 10
155.029380
 20
528.675363
 42
0.031260
  0
VERTEX
  8
0
 10
153.923438
 20
528.577962
 42
0.664672
  0
VERTEX
  8
0
 10
153.887591
 20
528.435926
 42
0.124239
  0
SEQEND
  0
POLYLINE
  8
0
 66
1
 70
1
  0
VERTEX
  8
0
 10
184.812500
 20
527.316886
 42
0.051402
  0
VERTEX
  8
0
 10
185.359369
 20
527.160852
 42
0.054150
  0
VERTEX
  8
0
 10
185.916927
 20
527.123424
 42
0.060344
  0
VERTEX
  8
0
 10
186.402231
 20
527.202593
 42
0.126455
  0
VERTEX
  8
0
 10
186.729167
 20
527.395833
 42
0.296942
  0
VERTEX
  8
0
 10
186.775380
 20
527.614691
 42
0.208169
  0
VERTEX
  8
0
 10
186.592839
 20
527.799335
 42
0.077125
  0
VERTEX
  8
0
 10
186.112848
 20
527.910055
 42
0.028489
  0
VERTEX
  8
0
 10
185.416667
 20
527.921053
 42
0.018894
  0
VERTEX
  8
0
 10
184.670344
 20
527.862007
 42
0.168741
  0
VERTEX
  8
0
 10
184.378580
 20
527.720685
 42
0.470617
  0
VERTEX
  8
0
 10
184.395823
 20
527.538436
 42
0.054073
  0
SEQEND
  0
POLYLINE
  8
0
 66
1
 70
1
  0
VERTEX
  8
0
 10
184.618660
 20
524.285327
 42
0.152917
  0
VERTEX
  8
0
 10
184.107216
 20
523.307511
 42
0.061445
  0
VERTEX
  8
0
 10
184.022307
 20
521.784578
 42
0.067184
  0
VERTEX
  8
0
 10
184.298167
 20
520.432111
 42
0.319066
  0
VERTEX
  8
0
 10
184.906380
 20
520.000000
 42
0.243840
  0
VERTEX
  8
0
 10
185.210205
 20
520.157535
 42
0.106581
  0
VERTEX
  8
0
 10
185.392877
 20
520.587500
 42
0.070464
  0
VERTEX
  8
0
 10
185.424365
 20
521.233678
 42
0.040966
  0
VERTEX
  8
0
 10
185.289749
 20
522.000000
 42
-0.103979
  0
VERTEX
  8
0
 10
185.227747
 20
523.275697
 42
-0.271797
  0
VERTEX
  8
0
 10
185.789836
 20
523.957543
 42
-0.283987
  0
VERTEX
  8
0
 10
186.632980
 20
523.784170
 42
-0.107696
  0
VERTEX
  8
0
 10
187.340536
 20
522.750000
 42
0.053902
  0
VERTEX
  8
0
 10
187.638099
 20
522.196352
 42
0.270517
  0
VERTEX
  8
0
 10
187.943732
 20
522.051889
 42
0.191908
  0
VERTEX
  8
0
 10
188.302507
 20
522.232355
 42
0.028755
  0
VERTEX
  8
0
 10
188.812066
 20
522.878115
 42
-0.164948
  0
VERTEX
  8
0
 10
189.798106
 20
523.602034
 42
-0.201208
  0
VERTEX
  8
0
 10
190.928913
 20
523.499103
 42
-0.201359
  0
VERTEX
  8
0
 10
191.647416
 20
522.620528
 42
-0.165103
  0
VERTEX
  8
0
 10
191.599558
 20
521.398849
 42
0.065439
  0
VERTEX
  8
0
 10
191.471019
 20
520.863672
 42
0.112770
  0
VERTEX
  8
0
 10
191.525413
 20
520.410912
 42
0.152047
  0
VERTEX
  8
0
 10
191.749970
 20
520.113019
 42
0.157040
  0
VERTEX
  8
0
 10
192.100936
 20
520.000000
 42
0.222120
  0
VERTEX
  8
0
 10
192.472182
 20
520.173482
 42
0.097145
  0
VERTEX
  8
0
 10
192.740273
 20
520.660938
 42
0.069078
  0
VERTEX
  8
0
 10
192.866043
 20
521.388357
 42
0.043615
  0
VERTEX
  8
0
 10
192.819551
 20
522.250000
 42
0.075571
  0
VERTEX
  8
0
 10
192.477313
 20
523.388817
 42
0.144127
  0
VERTEX
  8
0
 10
191.846006
 20
524.095571
 42
0.099998
  0
VERTEX
  8
0
 10
190.756618
 20
524.500788
 42
0.025308
  0
VERTEX
  8
0
 10
188.868660
 20
524.701993
 42
0.016600
  0
VERTEX
  8
0
 10
187.432821
 20
524.734120
 42
0.021729
  0
VERTEX
  8
0
 10
186.122295
 20
524.662920
 42
0.019967
  0
VERTEX
  8
0
 10
185.059551
 20
524.515696
 42
0.153134
  0
SEQEND
  0
POLYLINE
  8
0
 66
1
 70
1
  0
VERTEX
  8
0
 10
281.234223
 20
518.970687
 42
0.011879
  0
VERTEX
  8
0
 10
280.038385
 20
517.829830
 42
0.024536
  0
VERTEX
  8
0
 10
279.171195
 20
516.872639
 42
0.035043
  0
VERTEX
  8
0
 10
278.688860
 20
516.192690
 42
0.585153
  0
VERTEX
  8
0
 10
278.797132
 20
516.000000
 42
0.156282
  0
VERTEX
  8
0
 10
279.266151
 20
516.150269
 42
0.015203
  0
VERTEX
  8
0
 10
280.226682
 20
516.881250
 42
0.018115
  0
VERTEX
  8
0
 10
281.338707
 20
517.850967
 42
0.013362
  0
VERTEX
  8
0
 10
282.500000
 20
519.000000
 42
0.004011
  0
VERTEX
  8
0
 10
284.952143
 20
521.600930
 42
0.663019
  0
VERTEX
  8
0
 10
284.832193
 20
521.867377
 42
0.177488
  0
VERTEX
  8
0
 10
284.167670
 20
521.606209
 42
0.003082
  0
SEQEND
  0
POLYLINE
  8
0
 66
1
 70
1
  0
VERTEX
  8
0
 10
290.310471
 20
520.306664
 42
0.077526
  0
VERTEX
  8
0
 10
291.496908
 20
518.921622
 42
0.007208
  0
VERTEX
  8
0
 10
294.970464
 20
516.035329
 42
0.003792
  0
VERTEX
  8
0
 10
298.640148
 20
513.120111
 42
0.625047
  0
VERTEX
  8
0
 10
299.000000
 20
513.295509
 42
0.206206
  0
VERTEX
  8
0
 10
298.875998
 20
513.583400
 42
0.003678
  0
VERTEX
  8
0
 10
297.618375
 20
514.755041
 42
0.008537
  0
VERTEX
  8
0
 10
296.099296
 20
516.102473
 42
0.005511
  0
VERTEX
  8
0
 10
294.296595
 20
517.613163
 42
0.006795
  0
VERTEX
  8
0
 10
292.537144
 20
519.015372
 42
0.016264
  0
VERTEX
  8
0
 10
291.185517
 20
519.994189
 42
0.036633
  0
VERTEX
  8
0
 10
290.423016
 20
520.431792
 42
0.749276
  0
SEQEND
  0
POLYLINE
  8
0
 66
1
 70
1
  0
VERTEX
  8
0
 10
308.666667
 20
520.333333
 42
0.154535
  0
VERTEX
  8
0
 10
308.015275
 20
519.078313
 42
0.107567
  0
VERTEX
  8
0
 10
308.083105
 20
517.471852
 42
0.108234
  0
VERTEX
  8
0
 10
308.810877
 20
516.046682
 42
0.158111
  0
VERTEX
  8
0
 10
309.988753
 20
515.292690
 42
-0.044796
  0
VERTEX
  8
0
 10
310.712859
 20
515.032212
 42
-0.078506
  0
VERTEX
  8
0
 10
311.240331
 20
514.677866
 42
-0.120306
  0
VERTEX
  8
0
 10
311.494865
 20
514.291986
 42
-0.228144
  0
VERTEX
  8
0
 10
311.456728
 20
513.929984
 42
-0.141718
  0
VERTEX
  8
0
 10
311.147612
 20
513.650184
 42
-0.078803
  0
VERTEX
  8
0
 10
310.657711
 20
513.500346
 42
-0.067911
  0
VERTEX
  8
0
 10
310.068102
 20
513.498033
 42
-0.058747
  0
VERTEX
  8
0
 10
309.467975
 20
513.650663
 42
0.066643
  0
VERTEX
  8
0
 10
308.906415
 20
513.784115
 42
0.114223
  0
VERTEX
  8
0
 10
308.431218
 20
513.723326
 42
0.152290
  0
VERTEX
  8
0
 10
308.118415
 20
513.482083
 42
0.154099
  0
VERTEX
  8
0
 10
308.000000
 20
513.106989
 42
0.205955
  0
VERTEX
  8
0
 10
308.182020
 20
512.683840
 42
0.083011
  0
VERTEX
  8
0
 10
308.714580
 20
512.325178
 42
0.063316
  0
VERTEX
  8
0
 10
309.501369
 20
512.081284
 42
0.043560
  0
VERTEX
  8
0
 10
310.432612
 20
512.000000
 42
0.140119
  0
VERTEX
  8
0
 10
312.191692
 20
512.502832
 42
0.143066
  0
VERTEX
  8
0
 10
313.402374
 20
513.856375
 42
0.110440
  0
VERTEX
  8
0
 10
313.886115
 20
515.964603
 42
0.062949
  0
VERTEX
  8
0
 10
313.571242
 20
518.572172
 42
0.121721
  0
VERTEX
  8
0
 10
312.812432
 20
520.001138
 42
0.124550
  0
VERTEX
  8
0
 10
311.481111
 20
520.897493
 42
0.133863
  0
VERTEX
  8
0
 10
309.959958
 20
521.017306
 42
0.150587
  0
SEQEND
  0
POLYLINE
  8
0
 66
1
 70
1
  0
VERTEX
  8
0
 10
312.000000
 20
518.000000
 42
-0.148195
  0
VERTEX
  8
0
 10
311.884432
 20
517.618646
 42
-0.098894
  0
VERTEX
  8
0
 10
311.559375
 20
517.293750
 42
-0.082425
  0
VERTEX
  8
0
 10
311.073457
 20
517.074694
 42
-0.064853
  0
VERTEX
  8
0
 10
310.500000
 20
517.000000
 42
-0.064853
  0
VERTEX
  8
0
 10
309.926543
 20
517.074694
 42
-0.082425
  0
VERTEX
  8
0
 10
309.440625
 20
517.293750
 42
-0.098894
  0
VERTEX
  8
0
 10
309.115568
 20
517.618646
 42
-0.148195
  0
VERTEX
  8
0
 10
309.000000
 20
518.000000
 42
-0.148195
  0
VERTEX
  8
0
 10
309.115568
 20
518.381354
 42
-0.098894
  0
VERTEX
  8
0
 10
309.440625
 20
518.706250
 42
-0.082425
  0
VERTEX
  8
0
 10
309.926543
 20
518.925306
 42
-0.064853
  0
VERTEX
  8
0
 10
310.500000
 20
519.000000
 42
-0.064853
  0
VERTEX
  8
0
 10
311.073457
 20
518.925306
 42
-0.082425
  0
VERTEX
  8
0
 10
311.559375
 20
518.706250
 42
-0.098894
  0
VERTEX
  8
0
 10
311.884432
 20
518.381354
 42
-0.148195
  0
SEQEND
  0
POLYLINE
  8
0
 66
1
 70
1
  0
VERTEX
  8
0
 10
315.428571
 20
519.073419
 42
0.039538
  0
VERTEX
  8
0
 10
315.484398
 20
518.368544
 42
0.085489
  0
VERTEX
  8
0
 10
315.659375
 20
517.855415
 42
0.161426
  0
VERTEX
  8
0
 10
315.917433
 20
517.614282
 42
0.251349
  0
VERTEX
  8
0
 10
316.214286
 20
517.632436
 42
0.106803
  0
VERTEX
  8
0
 10
316.515511
 20
517.922412
 42
0.051141
  0
VERTEX
  8
0
 10
316.769196
 20
518.398678
 42
0.047420
  0
VERTEX
  8
0
 10
316.941764
 20
518.971796
 42
0.049465
  0
VERTEX
  8
0
 10
317.000000
 20
519.559017
 42
0.052560
  0
VERTEX
  8
0
 10
316.941884
 20
520.110336
 42
0.072414
  0
VERTEX
  8
0
 10
316.769196
 20
520.576711
 42
0.092326
  0
VERTEX
  8
0
 10
316.514141
 20
520.889977
 42
0.177669
  0
VERTEX
  8
0
 10
316.214286
 20
521.000000
 42
0.223398
  0
VERTEX
  8
0
 10
315.913499
 20
520.858550
 42
0.076248
  0
VERTEX
  8
0
 10
315.659375
 20
520.434067
 42
0.057994
  0
VERTEX
  8
0
 10
315.486054
 20
519.811155
 42
0.038900
  0
SEQEND
  0
POLYLINE
  8
0
 66
1
 70
1
  0
VERTEX
  8
0
 10
329.918758
 20
519.250000
 42
-0.002937
  0
VERTEX
  8
0
 10
329.873679
 20
518.388270
 42
-0.001168
  0
VERTEX
  8
0
 10
329.802109
 20
517.206250
 42
-0.001156
  0
VERTEX
  8
0
 10
329.718947
 20
515.931047
 42
-0.001452
  0
VERTEX
  8
0
 10
329.635737
 20
514.750000
 42
0.035647
  0
VERTEX
  8
0
 10
329.633653
 20
513.696621
 42
0.056141
  0
VERTEX
  8
0
 10
329.796680
 20
512.808039
 42
0.076189
  0
VERTEX
  8
0
 10
330.086239
 20
512.201965
 42
0.248365
  0
VERTEX
  8
0
 10
330.466978
 20
512.000770
 42
0.304497
  0
VERTEX
  8
0
 10
330.870266
 20
512.271904
 42
0.038526
  0
VERTEX
  8
0
 10
331.207793
 20
513.322963
 42
0.034676
  0
VERTEX
  8
0
 10
331.448891
 20
514.776332
 42
0.021644
  0
VERTEX
  8
0
 10
331.538276
 20
516.500770
 42
0.016478
  0
VERTEX
  8
0
 10
331.496103
 20
518.225539
 42
0.026951
  0
VERTEX
  8
0
 10
331.333752
 20
519.678351
 42
0.025508
  0
VERTEX
  8
0
 10
331.094879
 20
520.766045
 42
0.337952
  0
VERTEX
  8
0
 10
330.788276
 20
521.000000
 42
0.201978
  0
VERTEX
  8
0
 10
330.480686
 20
520.870463
 42
0.078277
  0
VERTEX
  8
0
 10
330.207691
 20
520.485937
 42
0.060898
  0
VERTEX
  8
0
 10
330.007782
 20
519.919890
 42
0.042891
  0
SEQEND
  0
POLYLINE
  8
0
 66
1
 70
1
  0
VERTEX
  8
0
 10
323.039869
 20
517.548039
 42
0.110986
  0
VERTEX
  8
0
 10
322.156335
 20
515.815796
 42
0.162086
  0
VERTEX
  8
0
 10
322.276497
 20
514.121138
 42
0.160017
  0
VERTEX
  8
0
 10
323.392379
 20
512.821597
 42
0.107671
  0
VERTEX
  8
0
 10
325.258551
 20
512.183578
 42
0.036878
  0
VERTEX
  8
0
 10
326.335229
 20
512.139204
 42
0.064397
  0
VERTEX
  8
0
 10
327.215292
 20
512.282267
 42
0.093577
  0
VERTEX
  8
0
 10
327.795407
 20
512.581615
 42
0.230931
  0
VERTEX
  8
0
 10
328.000000
 20
513.000965
 42
0.183147
  0
VERTEX
  8
0
 10
327.846337
 20
513.406400
 42
0.151573
  0
VERTEX
  8
0
 10
327.448974
 20
513.647507
 42
0.094939
  0
VERTEX
  8
0
 10
326.813872
 20
513.682609
 42
0.043335
  0
VERTEX
  8
0
 10
326.000000
 20
513.500000
 42
-0.045457
  0
VERTEX
  8
0
 10
324.992635
 20
513.278454
 42
-0.194688
  0
VERTEX
  8
0
 10
324.409879
 20
513.432815
 42
-0.190687
  0
VERTEX
  8
0
 10
324.091186
 20
513.952097
 42
-0.043427
  0
VERTEX
  8
0
 10
324.000000
 20
515.000000
 42
-0.043427
  0
VERTEX
  8
0
 10
324.091186
 20
516.047903
 42
-0.190687
  0
VERTEX
  8
0
 10
324.409879
 20
516.567185
 42
-0.194688
  0
VERTEX
  8
0
 10
324.992635
 20
516.721546
 42
-0.045457
  0
VERTEX
  8
0
 10
326.000000
 20
516.500000
 42
0.088245
  0
VERTEX
  8
0
 10
327.352602
 20
516.321379
 42
0.339352
  0
VERTEX
  8
0
 10
327.960929
 20
516.832779
 42
0.283577
  0
VERTEX
  8
0
 10
327.669746
 20
517.668645
 42
0.079298
  0
VERTEX
  8
0
 10
326.418213
 20
518.393011
 42
0.013256
  0
VERTEX
  8
0
 10
325.050913
 20
518.876516
 42
0.140532
  0
VERTEX
  8
0
 10
324.466063
 20
518.896496
 42
0.144876
  0
VERTEX
  8
0
 10
323.967340
 20
518.602382
 42
0.014372
  0
SEQEND
  0
POLYLINE
  8
0
 66
1
 70
1
  0
VERTEX
  8
0
 10
333.312500
 20
517.169643
 42
0.094431
  0
VERTEX
  8
0
 10
332.424419
 20
515.863409
 42
0.186905
  0
VERTEX
  8
0
 10
332.375985
 20
514.629862
 42
0.144354
  0
VERTEX
  8
0
 10
333.206830
 20
513.458721
 42
0.050329
  0
VERTEX
  8
0
 10
334.969114
 20
512.337916
 42
0.000000
  0
VERTEX
  8
0
 10
337.280291
 20
511.175832
 42
0.000000
  0
VERTEX
  8
0
 10
334.890146
 20
510.763857
 42
0.008504
  0
VERTEX
  8
0
 10
333.524772
 20
510.504533
 42
0.222117
  0
VERTEX
  8
0
 10
333.232695
 20
510.286233
 42
0.414476
  0
VERTEX
  8
0
 10
333.310413
 20
510.029568
 42
0.017563
  0
VERTEX
  8
0
 10
334.250000
 20
509.568952
 42
0.093888
  0
VERTEX
  8
0
 10
336.336453
 20
509.072816
 42
0.209167
  0
VERTEX
  8
0
 10
337.829694
 20
509.645404
 42
0.152822
  0
VERTEX
  8
0
 10
338.728146
 20
511.334099
 42
0.046446
  0
VERTEX
  8
0
 10
339.000000
 20
514.254329
 42
0.014602
  0
VERTEX
  8
0
 10
338.929278
 20
516.675398
 42
0.100923
  0
VERTEX
  8
0
 10
338.625909
 20
517.817767
 42
0.195753
  0
VERTEX
  8
0
 10
337.990803
 20
518.378679
 42
0.084406
  0
VERTEX
  8
0
 10
336.857143
 20
518.571429
 42
0.055483
  0
VERTEX
  8
0
 10
335.933957
 20
518.468669
 42
0.038741
  0
VERTEX
  8
0
 10
334.931975
 20
518.159654
 42
0.039128
  0
VERTEX
  8
0
 10
334.005510
 20
517.706615
 42
0.063178
  0
SEQEND
  0
POLYLINE
  8
0
 66
1
 70
1
  0
VERTEX
  8
0
 10
337.000000
 20
515.559017
 42
-0.061875
  0
VERTEX
  8
0
 10
336.925833
 20
514.961978
 42
-0.051278
  0
VERTEX
  8
0
 10
336.706250
 20
514.359775
 42
-0.053305
  0
VERTEX
  8
0
 10
336.382836
 20
513.842344
 42
-0.088250
  0
VERTEX
  8
0
 10
336.000000
 20
513.500000
 42
-0.202618
  0
VERTEX
  8
0
 10
335.621877
 20
513.441401
 42
-0.181468
  0
VERTEX
  8
0
 10
335.293750
 20
513.668350
 42
-0.104212
  0
VERTEX
  8
0
 10
335.071541
 20
514.195401
 42
-0.047867
  0
VERTEX
  8
0
 10
335.000000
 20
514.940983
 42
-0.046600
  0
VERTEX
  8
0
 10
335.073608
 20
515.729059
 42
-0.066561
  0
VERTEX
  8
0
 10
335.293750
 20
516.395164
 42
-0.086673
  0
VERTEX
  8
0
 10
335.618015
 20
516.844577
 42
-0.195654
  0
VERTEX
  8
0
 10
336.000000
 20
517.000000
 42
-0.142666
  0
VERTEX
  8
0
 10
336.381340
 20
516.888931
 42
-0.099650
  0
VERTEX
  8
0
 10
336.706250
 20
516.576711
 42
-0.084330
  0
VERTEX
  8
0
 10
336.925146
 20
516.109818
 42
-0.067639
  0
SEQEND
  0
POLYLINE
  8
0
 66
1
 70
1
  0
VERTEX
  8
0
 10
237.812500
 20
516.316886
 42
0.051402
  0
VERTEX
  8
0
 10
238.359369
 20
516.160852
 42
0.054150
  0
VERTEX
  8
0
 10
238.916927
 20
516.123424
 42
0.060344
  0
VERTEX
  8
0
 10
239.402231
 20
516.202593
 42
0.126455
  0
VERTEX
  8
0
 10
239.729167
 20
516.395833
 42
0.296942
  0
VERTEX
  8
0
 10
239.775380
 20
516.614691
 42
0.208169
  0
VERTEX
  8
0
 10
239.592839
 20
516.799335
 42
0.077125
  0
VERTEX
  8
0
 10
239.112848
 20
516.910055
 42
0.028489
  0
VERTEX
  8
0
 10
238.416667
 20
516.921053
 42
0.018894
  0
VERTEX
  8
0
 10
237.670344
 20
516.862007
 42
0.168741
  0
VERTEX
  8
0
 10
237.378580
 20
516.720685
 42
0.470617
  0
VERTEX
  8
0
 10
237.395823
 20
516.538436
 42
0.054073
  0
SEQEND
  0
POLYLINE
  8
0
 66
1
 70
1
  0
VERTEX
  8
0
 10
249.750000
 20
516.276604
 42
0.019375
  0
VERTEX
  8
0
 10
251.229765
 20
516.150935
 42
0.011494
  0
VERTEX
  8
0
 10
253.000000
 20
516.110234
 42
0.011494
  0
VERTEX
  8
0
 10
254.770235
 20
516.150935
 42
0.019375
  0
VERTEX
  8
0
 10
256.250000
 20
516.276604
 42
0.108536
  0
VERTEX
  8
0
 10
256.666199
 20
516.423685
 42
0.707215
  0
VERTEX
  8
0
 10
256.635938
 20
516.561450
 42
0.025693
  0
VERTEX
  8
0
 10
255.329566
 20
516.655793
 42
0.005179
  0
VERTEX
  8
0
 10
253.000000
 20
516.679926
 42
0.005179
  0
VERTEX
  8
0
 10
250.670434
 20
516.655793
 42
0.025693
  0
VERTEX
  8
0
 10
249.364063
 20
516.561450
 42
0.707215
  0
VERTEX
  8
0
 10
249.333801
 20
516.423685
 42
0.108536
  0
SEQEND
  0
POLYLINE
  8
0
 66
1
 70
1
  0
VERTEX
  8
0
 10
182.750000
 20
514.257493
 42
0.007490
  0
VERTEX
  8
0
 10
186.050504
 20
514.149904
 42
0.004402
  0
VERTEX
  8
0
 10
190.000000
 20
514.115135
 42
0.004402
  0
VERTEX
  8
0
 10
193.949496
 20
514.149904
 42
0.007490
  0
VERTEX
  8
0
 10
197.250000
 20
514.257493
 42
0.047650
  0
VERTEX
  8
0
 10
198.122240
 20
514.382897
 42
0.866510
  0
VERTEX
  8
0
 10
198.110938
 20
514.501229
 42
0.009912
  0
VERTEX
  8
0
 10
195.199280
 20
514.582024
 42
0.001979
  0
VERTEX
  8
0
 10
190.000000
 20
514.602606
 42
0.001979
  0
VERTEX
  8
0
 10
184.800720
 20
514.582024
 42
0.009912
  0
VERTEX
  8
0
 10
181.889062
 20
514.501229
 42
0.866510
  0
VERTEX
  8
0
 10
181.877760
 20
514.382897
 42
0.047650
  0
SEQEND
  0
POLYLINE
  8
0
 66
1
 70
1
  0
VERTEX
  8
0
 10
293.500000
 20
513.000000
 42
0.012769
  0
VERTEX
  8
0
 10
294.229731
 20
512.233916
 42
0.017642
  0
VERTEX
  8
0
 10
294.925170
 20
511.587500
 42
0.014322
  0
VERTEX
  8
0
 10
295.525997
 20
511.096686
 42
0.165568
  0
VERTEX
  8
0
 10
295.809975
 20
511.000000
 42
0.549874
  0
VERTEX
  8
0
 10
295.889734
 20
511.125730
 42
0.034935
  0
VERTEX
  8
0
 10
295.631420
 20
511.587500
 42
0.025990
  0
VERTEX
  8
0
 10
295.159597
 20
512.232121
 42
0.012939
  0
VERTEX
  8
0
 10
294.500000
 20
513.000000
 42
0.012769
  0
VERTEX
  8
0
 10
293.770269
 20
513.766084
 42
0.017642
  0
VERTEX
  8
0
 10
293.074830
 20
514.412500
 42
0.014322
  0
VERTEX
  8
0
 10
292.474003
 20
514.903314
 42
0.165568
  0
VERTEX
  8
0
 10
292.190025
 20
515.000000
 42
0.549874
  0
VERTEX
  8
0
 10
292.110266
 20
514.874270
 42
0.034935
  0
VERTEX
  8
0
 10
292.368580
 20
514.412500
 42
0.025990
  0
VERTEX
  8
0
 10
292.840403
 20
513.767879
 42
0.012939
  0
SEQEND
  0
POLYLINE
  8
0
 66
1
 70
1
  0
VERTEX
  8
0
 10
341.000000
 20
513.000000
 42
0.105053
  0
VERTEX
  8
0
 10
341.081062
 20
512.618444
 42
0.099167
  0
VERTEX
  8
0
 10
341.311086
 20
512.293750
 42
0.096420
  0
VERTEX
  8
0
 10
341.654762
 20
512.076123
 42
0.093332
  0
VERTEX
  8
0
 10
342.059017
 20
512.000000
 42
0.108972
  0
VERTEX
  8
0
 10
342.413961
 20
512.078288
 42
0.182303
  0
VERTEX
  8
0
 10
342.625400
 20
512.293750
 42
0.161196
  0
VERTEX
  8
0
 10
342.656512
 20
512.617900
 42
0.082592
  0
VERTEX
  8
0
 10
342.500000
 20
513.000000
 42
0.029505
  0
VERTEX
  8
0
 10
342.231006
 20
513.382774
 42
0.035638
  0
VERTEX
  8
0
 10
341.933975
 20
513.706250
 42
0.038439
  0
VERTEX
  8
0
 10
341.651710
 20
513.934461
 42
0.151918
  0
VERTEX
  8
0
 10
341.440983
 20
514.000000
 42
0.210953
  0
VERTEX
  8
0
 10
341.272352
 20
513.925540
 42
0.081139
  0
VERTEX
  8
0
 10
341.129539
 20
513.706250
 42
0.061769
  0
VERTEX
  8
0
 10
341.032345
 20
513.382849
 42
0.042167
  0
SEQEND
  0
POLYLINE
  8
0
 66
1
 70
1
  0
VERTEX
  8
0
 10
197.988994
 20
511.916667
 42
-0.023232
  0
VERTEX
  8
0
 10
197.946694
 20
511.137331
 42
-0.005204
  0
VERTEX
  8
0
 10
197.799145
 20
509.814583
 42
-0.005389
  0
VERTEX
  8
0
 10
197.596242
 20
508.289583
 42
-0.005189
  0
VERTEX
  8
0
 10
197.358152
 20
506.750000
 42
0.015255
  0
VERTEX
  8
0
 10
197.090324
 20
504.752705
 42
0.093547
  0
VERTEX
  8
0
 10
197.176880
 20
503.721715
 42
0.207062
  0
VERTEX
  8
0
 10
197.600353
 20
503.196609
 42
0.121538
  0
VERTEX
  8
0
 10
198.397241
 20
503.000000
 42
0.146916
  0
VERTEX
  8
0
 10
199.207064
 20
503.243202
 42
0.196111
  0
VERTEX
  8
0
 10
199.636160
 20
503.870413
 42
0.075748
  0
VERTEX
  8
0
 10
199.714295
 20
505.139622
 42
0.010697
  0
VERTEX
  8
0
 10
199.423040
 20
507.750000
 42
0.010123
  0
VERTEX
  8
0
 10
198.954886
 20
510.790874
 42
0.039639
  0
VERTEX
  8
0
 10
198.481137
 20
512.629062
 42
0.648247
  0
VERTEX
  8
0
 10
198.184493
 20
512.655545
 42
0.126108
  0
SEQEND
  0
POLYLINE
  8
0
 66
1
 70
1
  0
VERTEX
  8
0
 10
128.000000
 20
509.523614
 42
-0.345395
  0
VERTEX
  8
0
 10
127.366100
 20
508.715443
 42
-0.034508
  0
VERTEX
  8
0
 10
124.778414
 20
508.267146
 42
-0.018553
  0
VERTEX
  8
0
 10
120.133287
 20
507.962693
 42
-0.002756
  0
VERTEX
  8
0
 10
110.750000
 20
507.748393
 42
0.000000
  0
VERTEX
  8
0
 10
93.500000
 20
507.449558
 42
0.000000
  0
VERTEX
  8
0
 10
111.250000
 20
507.224779
 42
0.001743
  0
VERTEX
  8
0
 10
122.616177
 20
507.120466
 42
0.026349
  0
VERTEX
  8
0
 10
126.559347
 20
507.305911
 42
0.104566
  0
VERTEX
  8
0
 10
128.344454
 20
507.873904
 42
0.269871
  0
VERTEX
  8
0
 10
129.000000
 20
509.000000
 42
0.023598
  0
VERTEX
  8
0
 10
128.963805
 20
509.766472
 42
0.037669
  0
VERTEX
  8
0
 10
128.853125
 20
510.412500
 42
0.043820
  0
VERTEX
  8
0
 10
128.693564
 20
510.874473
 42
0.295869
  0
VERTEX
  8
0
 10
128.500000
 20
511.000000
 42
0.252527
  0
VERTEX
  8
0
 10
128.307935
 20
510.896390
 42
0.063794
  0
VERTEX
  8
0
 10
128.146875
 20
510.566312
 42
0.049543
  0
VERTEX
  8
0
 10
128.036396
 20
510.089178
 42
0.032144
  0
SEQEND
  0
POLYLINE
  8
0
 66
1
 70
1
  0
VERTEX
  8
0
 10
302.798558
 20
509.839028
 42
-0.119183
  0
VERTEX
  8
0
 10
303.469418
 20
508.361862
 42
-0.360797
  0
VERTEX
  8
0
 10
302.974520
 20
507.463374
 42
-0.199384
  0
VERTEX
  8
0
 10
301.512179
 20
507.490867
 42
-0.069909
  0
VERTEX
  8
0
 10
299.686987
 20
508.614921
 42
0.000593
  0
VERTEX
  8
0
 10
298.157363
 20
509.878410
 42
0.667717
  0
VERTEX
  8
0
 10
298.102472
 20
509.849255
 42
0.163805
  0
VERTEX
  8
0
 10
298.165503
 20
509.707970
 42
0.000372
  0
VERTEX
  8
0
 10
299.746032
 20
507.994628
 42
0.016791
  0
VERTEX
  8
0
 10
301.102218
 20
506.622134
 42
0.133534
  0
VERTEX
  8
0
 10
301.880769
 20
506.204562
 42
0.206872
  0
VERTEX
  8
0
 10
302.592656
 20
506.334977
 42
0.049095
  0
VERTEX
  8
0
 10
303.546220
 20
507.117649
 42
0.029080
  0
VERTEX
  8
0
 10
304.381865
 20
508.056592
 42
0.190197
  0
VERTEX
  8
0
 10
304.560800
 20
508.649276
 42
0.181445
  0
VERTEX
  8
0
 10
304.290569
 20
509.220785
 42
0.026075
  0
VERTEX
  8
0
 10
303.300188
 20
510.085903
 42
0.001532
  0
VERTEX
  8
0
 10
302.146207
 20
510.986682
 42
0.286761
  0
VERTEX
  8
0
 10
302.002574
 20
511.001267
 42
0.473566
  0
VERTEX
  8
0
 10
301.978247
 20
510.896852
 42
0.001972
  0
SEQEND
  0
POLYLINE
  8
0
 66
1
 70
1
  0
VERTEX
  8
0
 10
133.750000
 20
507.267795
 42
0.014123
  0
VERTEX
  8
0
 10
135.684912
 20
507.148488
 42
0.008335
  0
VERTEX
  8
0
 10
138.000000
 20
507.109894
 42
0.008335
  0
VERTEX
  8
0
 10
140.315088
 20
507.148488
 42
0.014123
  0
VERTEX
  8
0
 10
142.250000
 20
507.267795
 42
0.084525
  0
VERTEX
  8
0
 10
142.776995
 20
507.407127
 42
0.769970
  0
VERTEX
  8
0
 10
142.754688
 20
507.538141
 42
0.018707
  0
VERTEX
  8
0
 10
141.047184
 20
507.627723
 42
0.003751
  0
VERTEX
  8
0
 10
138.000000
 20
507.650586
 42
0.003751
  0
VERTEX
  8
0
 10
134.952816
 20
507.627723
 42
0.018707
  0
VERTEX
  8
0
 10
133.245312
 20
507.538141
 42
0.769970
  0
VERTEX
  8
0
 10
133.223005
 20
507.407127
 42
0.084525
  0
SEQEND
  0
POLYLINE
  8
0
 66
1
 70
1
  0
VERTEX
  8
0
 10
151.280173
 20
507.263728
 42
0.012009
  0
VERTEX
  8
0
 10
153.417397
 20
507.147278
 42
0.007758
  0
VERTEX
  8
0
 10
155.895745
 20
507.110349
 42
0.007799
  0
VERTEX
  8
0
 10
158.320819
 20
507.149670
 42
0.014578
  0
VERTEX
  8
0
 10
160.280173
 20
507.269269
 42
0.131812
  0
VERTEX
  8
0
 10
160.652585
 20
507.406153
 42
0.702197
  0
VERTEX
  8
0
 10
160.616676
 20
507.536946
 42
0.016184
  0
VERTEX
  8
0
 10
158.731847
 20
507.623869
 42
0.003584
  0
VERTEX
  8
0
 10
155.500000
 20
507.645045
 42
0.003413
  0
VERTEX
  8
0
 10
152.276628
 20
507.621056
 42
0.018965
  0
VERTEX
  8
0
 10
150.547926
 20
507.530747
 42
0.826233
  0
VERTEX
  8
0
 10
150.535090
 20
507.402311
 42
0.052772
  0
SEQEND
  0
POLYLINE
  8
0
 66
1
 70
1
  0
VERTEX
  8
0
 10
276.000000
 20
506.000000
 42
0.027796
  0
VERTEX
  8
0
 10
275.485814
 20
505.625641
 42
0.102785
  0
VERTEX
  8
0
 10
275.234375
 20
505.315379
 42
0.335455
  0
VERTEX
  8
0
 10
275.267727
 20
505.122372
 42
0.190341
  0
VERTEX
  8
0
 10
275.500000
 20
505.030626
 42
0.067616
  0
VERTEX
  8
0
 10
275.987337
 20
505.096832
 42
0.024967
  0
VERTEX
  8
0
 10
276.646875
 20
505.315379
 42
0.024204
  0
VERTEX
  8
0
 10
277.352293
 20
505.628962
 42
0.026766
  0
VERTEX
  8
0
 10
278.000000
 20
506.000000
 42
0.027796
  0
VERTEX
  8
0
 10
278.514186
 20
506.374359
 42
0.102785
  0
VERTEX
  8
0
 10
278.765625
 20
506.684621
 42
0.335455
  0
VERTEX
  8
0
 10
278.732273
 20
506.877628
 42
0.190341
  0
VERTEX
  8
0
 10
278.500000
 20
506.969374
 42
0.067616
  0
VERTEX
  8
0
 10
278.012663
 20
506.903168
 42
0.024967
  0
VERTEX
  8
0
 10
277.353125
 20
506.684621
 42
0.024204
  0
VERTEX
  8
0
 10
276.647707
 20
506.371038
 42
0.026766
  0
SEQEND
  0
POLYLINE
  8
0
 66
1
 70
1
  0
VERTEX
  8
0
 10
389.250000
 20
506.283746
 42
0.023547
  0
VERTEX
  8
0
 10
390.502218
 20
506.153981
 42
0.014044
  0
VERTEX
  8
0
 10
392.000000
 20
506.111902
 42
0.014044
  0
VERTEX
  8
0
 10
393.497782
 20
506.153981
 42
0.023547
  0
VERTEX
  8
0
 10
394.750000
 20
506.283746
 42
0.124239
  0
VERTEX
  8
0
 10
395.112409
 20
506.435926
 42
0.664672
  0
VERTEX
  8
0
 10
395.076562
 20
506.577962
 42
0.031260
  0
VERTEX
  8
0
 10
393.970620
 20
506.675363
 42
0.006336
  0
VERTEX
  8
0
 10
392.000000
 20
506.700336
 42
0.006336
  0
VERTEX
  8
0
 10
390.029380
 20
506.675363
 42
0.031260
  0
VERTEX
  8
0
 10
388.923438
 20
506.577962
 42
0.664672
  0
VERTEX
  8
0
 10
388.887591
 20
506.435926
 42
0.124239
  0
SEQEND
  0
POLYLINE
  8
0
 66
1
 70
1
  0
VERTEX
  8
0
 10
384.201244
 20
498.250000
 42
0.000000
  0
VERTEX
  8
0
 10
384.000000
 20
490.000000
 42
0.000000
  0
VERTEX
  8
0
 10
391.500000
 20
490.000000
 42
0.000000
  0
VERTEX
  8
0
 10
399.000000
 20
490.000000
 42
0.000000
  0
VERTEX
  8
0
 10
398.801303
 20
497.750000
 42
0.000000
  0
VERTEX
  8
0
 10
398.602606
 20
505.500000
 42
0.000000
  0
VERTEX
  8
0
 10
398.257493
 20
498.250000
 42
0.000000
  0
VERTEX
  8
0
 10
397.912381
 20
491.000000
 42
0.000000
  0
VERTEX
  8
0
 10
391.498255
 20
491.000000
 42
0.000000
  0
VERTEX
  8
0
 10
385.084129
 20
491.000000
 42
0.000000
  0
VERTEX
  8
0
 10
384.743308
 20
498.750000
 42
0.000000
  0
VERTEX
  8
0
 10
384.402488
 20
506.500000
 42
0.000000
  0
SEQEND
  0
POLYLINE
  8
0
 66
1
 70
1
  0
VERTEX
  8
0
 10
92.374067
 20
493.500000
 42
0.002694
  0
VERTEX
  8
0
 10
92.396772
 20
489.559407
 42
0.014736
  0
VERTEX
  8
0
 10
92.483275
 20
487.431038
 42
0.854790
  0
VERTEX
  8
0
 10
92.607002
 20
487.420350
 42
0.045022
  0
VERTEX
  8
0
 10
92.740078
 20
488.286513
 42
0.009604
  0
VERTEX
  8
0
 10
92.852369
 20
490.881008
 42
0.006105
  0
VERTEX
  8
0
 10
92.888160
 20
493.904699
 42
0.006131
  0
VERTEX
  8
0
 10
92.850643
 20
496.873938
 42
0.011299
  0
VERTEX
  8
0
 10
92.735976
 20
499.286513
 42
0.099936
  0
VERTEX
  8
0
 10
92.604415
 20
499.763171
 42
0.764402
  0
VERTEX
  8
0
 10
92.478685
 20
499.737288
 42
0.012902
  0
VERTEX
  8
0
 10
92.394767
 20
497.449157
 42
0.002807
  0
SEQEND
  0
POLYLINE
  8
0
 66
1
 70
1
  0
VERTEX
  8
0
 10
237.343902
 20
500.030491
 42
-0.007178
  0
VERTEX
  8
0
 10
237.595060
 20
498.673701
 42
-0.007169
  0
VERTEX
  8
0
 10
237.807271
 20
497.309738
 42
-0.007046
  0
VERTEX
  8
0
 10
237.958642
 20
496.113941
 42
-0.027963
  0
VERTEX
  8
0
 10
238.000000
 20
495.375000
 42
0.205359
  0
VERTEX
  8
0
 10
238.443882
 20
494.339831
 42
0.251990
  0
VERTEX
  8
0
 10
239.444637
 20
494.066178
 42
0.140530
  0
VERTEX
  8
0
 10
240.749972
 20
494.789507
 42
0.083113
  0
VERTEX
  8
0
 10
241.791993
 20
496.250000
 42
0.000000
  0
VERTEX
  8
0
 10
242.889616
 20
498.500000
 42
0.000000
  0
VERTEX
  8
0
 10
243.561439
 20
496.250000
 42
0.087711
  0
VERTEX
  8
0
 10
244.429635
 20
494.520050
 42
0.297386
  0
VERTEX
  8
0
 10
245.559128
 20
494.104458
 42
0.227766
  0
VERTEX
  8
0
 10
246.655799
 20
494.979443
 42
0.063103
  0
VERTEX
  8
0
 10
247.375000
 20
497.125000
 42
0.010821
  0
VERTEX
  8
0
 10
247.982564
 20
500.546222
 42
0.095200
  0
VERTEX
  8
0
 10
247.927927
 20
502.075394
 42
0.590056
  0
VERTEX
  8
0
 10
247.420925
 20
502.220692
 42
0.065140
  0
VERTEX
  8
0
 10
246.485895
 20
501.000000
 42
0.000000
  0
VERTEX
  8
0
 10
245.042660
 20
498.500000
 42
0.000000
  0
VERTEX
  8
0
 10
244.404699
 20
500.750000
 42
0.100081
  0
VERTEX
  8
0
 10
243.597631
 20
502.316316
 42
0.208499
  0
VERTEX
  8
0
 10
242.406035
 20
502.943361
 42
0.280483
  0
VERTEX
  8
0
 10
241.403554
 20
502.429564
 42
0.138441
  0
VERTEX
  8
0
 10
241.000000
 20
501.000000
 42
-0.048028
  0
VERTEX
  8
0
 10
240.926307
 20
500.234582
 42
-0.068025
  0
VERTEX
  8
0
 10
240.706250
 20
499.587500
 42
-0.088204
  0
VERTEX
  8
0
 10
240.381882
 20
499.151477
 42
-0.191087
  0
VERTEX
  8
0
 10
240.000000
 20
499.000000
 42
-0.142666
  0
VERTEX
  8
0
 10
239.618660
 20
499.111069
 42
-0.099650
  0
VERTEX
  8
0
 10
239.293750
 20
499.423289
 42
-0.084330
  0
VERTEX
  8
0
 10
239.074854
 20
499.890182
 42
-0.067639
  0
VERTEX
  8
0
 10
239.000000
 20
500.440983
 42
0.070492
  0
VERTEX
  8
0
 10
238.914395
 20
501.045161
 42
0.052749
  0
VERTEX
  8
0
 10
238.660396
 20
501.668564
 42
0.053356
  0
VERTEX
  8
0
 10
238.286286
 20
502.216675
 42
0.078083
  0
VERTEX
  8
0
 10
237.843902
 20
502.596474
 42
0.196707
  0
VERTEX
  8
0
 10
237.380991
 20
502.673612
 42
0.297056
  0
VERTEX
  8
0
 10
237.105713
 20
502.389697
 42
0.083012
  0
VERTEX
  8
0
 10
237.083586
 20
501.564272
 42
0.014639
  0
SEQEND
  0
POLYLINE
  8
0
 66
1
 70
1
  0
VERTEX
  8
0
 10
249.479098
 20
498.500204
 42
0.021097
  0
VERTEX
  8
0
 10
249.559927
 20
496.775536
 42
0.033911
  0
VERTEX
  8
0
 10
249.789727
 20
495.322163
 42
0.037234
  0
VERTEX
  8
0
 10
250.114715
 20
494.268006
 42
0.308546
  0
VERTEX
  8
0
 10
250.507206
 20
494.000204
 42
0.322568
  0
VERTEX
  8
0
 10
250.888449
 20
494.274604
 42
0.044922
  0
VERTEX
  8
0
 10
251.126695
 20
495.278145
 42
0.036270
  0
VERTEX
  8
0
 10
251.228796
 20
496.717834
 42
0.019417
  0
VERTEX
  8
0
 10
251.156512
 20
498.500000
 42
0.011195
  0
VERTEX
  8
0
 10
250.766678
 20
502.317901
 42
0.378268
  0
VERTEX
  8
0
 10
250.133586
 20
502.876972
 42
0.402351
  0
VERTEX
  8
0
 10
249.548048
 20
502.314912
 42
0.011359
  0
SEQEND
  0
POLYLINE
  8
0
 66
1
 70
1
  0
VERTEX
  8
0
 10
254.200000
 20
501.800000
 42
0.138386
  0
VERTEX
  8
0
 10
253.261863
 20
500.124301
 42
0.073456
  0
VERTEX
  8
0
 10
253.049464
 20
497.736005
 42
0.075729
  0
VERTEX
  8
0
 10
253.529609
 20
495.473526
 42
0.176887
  0
VERTEX
  8
0
 10
254.642033
 20
494.180452
 42
0.099007
  0
VERTEX
  8
0
 10
256.266575
 20
493.654987
 42
0.089478
  0
VERTEX
  8
0
 10
258.030886
 20
493.766319
 42
0.097051
  0
VERTEX
  8
0
 10
259.527377
 20
494.461711
 42
0.144977
  0
VERTEX
  8
0
 10
260.399440
 20
495.598542
 42
0.104217
  0
VERTEX
  8
0
 10
260.550243
 20
496.540648
 42
0.367657
  0
VERTEX
  8
0
 10
260.162205
 20
496.954186
 42
0.180481
  0
VERTEX
  8
0
 10
259.329996
 20
496.746511
 42
0.045964
  0
VERTEX
  8
0
 10
258.242382
 20
495.842382
 42
-0.204869
  0
VERTEX
  8
0
 10
256.953020
 20
495.325522
 42
-0.182861
  0
VERTEX
  8
0
 10
255.608581
 20
495.869725
 42
-0.142829
  0
VERTEX
  8
0
 10
254.734231
 20
497.326018
 42
-0.128894
  0
VERTEX
  8
0
 10
254.733180
 20
499.087682
 42
-0.067663
  0
VERTEX
  8
0
 10
255.149011
 20
500.096723
 42
-0.174889
  0
VERTEX
  8
0
 10
255.743222
 20
500.595702
 42
-0.118714
  0
VERTEX
  8
0
 10
256.685606
 20
500.705422
 42
-0.023952
  0
VERTEX
  8
0
 10
258.360327
 20
500.420859
 42
0.006884
  0
VERTEX
  8
0
 10
260.226443
 20
500.037844
 42
0.173248
  0
VERTEX
  8
0
 10
260.734286
 20
500.116895
 42
0.443998
  0
VERTEX
  8
0
 10
260.811472
 20
500.435645
 42
0.023655
  0
VERTEX
  8
0
 10
260.107936
 20
501.369945
 42
0.094614
  0
VERTEX
  8
0
 10
258.774049
 20
502.469518
 42
0.107429
  0
VERTEX
  8
0
 10
257.187066
 20
502.937399
 42
0.110456
  0
VERTEX
  8
0
 10
255.583667
 20
502.699405
 42
0.104888
  0
SEQEND
  0
POLYLINE
  8
0
 66
1
 70
1
  0
VERTEX
  8
0
 10
294.872445
 20
499.250000
 42
0.001576
  0
VERTEX
  8
0
 10
293.992360
 20
498.120493
 42
0.377591
  0
VERTEX
  8
0
 10
294.000000
 20
498.000000
 42
0.377591
  0
VERTEX
  8
0
 10
294.120493
 20
497.992360
 42
0.001576
  0
VERTEX
  8
0
 10
295.250000
 20
498.872445
 42
0.017685
  0
VERTEX
  8
0
 10
296.306759
 20
499.763320
 42
0.065617
  0
VERTEX
  8
0
 10
296.869516
 20
500.426111
 42
0.241985
  0
VERTEX
  8
0
 10
296.906950
 20
500.806605
 42
0.307699
  0
VERTEX
  8
0
 10
296.622445
 20
501.000000
 42
0.184603
  0
VERTEX
  8
0
 10
296.410139
 20
500.918850
 42
0.013803
  0
VERTEX
  8
0
 10
295.952641
 20
500.485937
 42
0.017649
  0
VERTEX
  8
0
 10
295.425681
 20
499.920402
 42
0.012436
  0
SEQEND
  0
POLYLINE
  8
0
 66
1
 70
1
  0
VERTEX
  8
0
 10
117.750000
 20
495.294267
 42
-0.108144
  0
VERTEX
  8
0
 10
119.108007
 20
494.710918
 42
-0.150254
  0
VERTEX
  8
0
 10
119.905609
 20
493.664637
 42
-0.183042
  0
VERTEX
  8
0
 10
119.895155
 20
492.505039
 42
-0.162952
  0
VERTEX
  8
0
 10
119.120707
 20
491.574601
 42
0.145638
  0
VERTEX
  8
0
 10
118.471463
 20
490.846165
 42
0.024317
  0
VERTEX
  8
0
 10
117.751007
 20
489.094022
 42
0.021693
  0
VERTEX
  8
0
 10
117.217741
 20
487.358497
 42
0.490950
  0
VERTEX
  8
0
 10
117.494844
 20
487.000000
 42
0.267334
  0
VERTEX
  8
0
 10
118.045742
 20
487.317218
 42
0.004014
  0
VERTEX
  8
0
 10
119.951893
 20
490.662898
 42
0.006545
  0
VERTEX
  8
0
 10
121.721159
 20
493.926680
 42
0.121508
  0
VERTEX
  8
0
 10
122.000000
 20
495.057160
 42
0.283933
  0
VERTEX
  8
0
 10
121.781282
 20
495.411266
 42
0.055282
  0
VERTEX
  8
0
 10
121.045312
 20
495.683037
 42
0.043899
  0
VERTEX
  8
0
 10
119.995409
 20
495.847674
 42
0.027427
  0
VERTEX
  8
0
 10
118.750000
 20
495.863818
 42
0.004641
  0
VERTEX
  8
0
 10
117.173612
 20
495.783099
 42
0.114822
  0
VERTEX
  8
0
 10
116.758490
 20
495.659635
 42
0.674817
  0
VERTEX
  8
0
 10
116.778510
 20
495.511330
 42
0.014773
  0
SEQEND
  0
POLYLINE
  8
0
 66
1
 70
1
  0
VERTEX
  8
0
 10
123.638374
 20
494.500000
 42
0.021360
  0
VERTEX
  8
0
 10
123.887494
 20
493.925442
 42
0.030395
  0
VERTEX
  8
0
 10
124.160341
 20
493.440625
 42
0.030693
  0
VERTEX
  8
0
 10
124.420671
 20
493.087111
 42
0.222225
  0
VERTEX
  8
0
 10
124.606989
 20
493.000000
 42
0.289661
  0
VERTEX
  8
0
 10
124.758929
 20
493.096084
 42
0.046727
  0
VERTEX
  8
0
 10
124.884553
 20
493.440625
 42
0.039339
  0
VERTEX
  8
0
 10
124.971531
 20
493.925176
 42
0.024748
  0
VERTEX
  8
0
 10
125.000000
 20
494.500000
 42
0.062722
  0
VERTEX
  8
0
 10
124.927770
 20
495.073532
 42
0.080880
  0
VERTEX
  8
0
 10
124.715469
 20
495.559375
 42
0.098158
  0
VERTEX
  8
0
 10
124.400789
 20
495.884506
 42
0.152681
  0
VERTEX
  8
0
 10
124.031385
 20
496.000000
 42
0.184534
  0
VERTEX
  8
0
 10
123.710807
 20
495.877514
 42
0.147206
  0
VERTEX
  8
0
 10
123.516384
 20
495.559375
 42
0.100118
  0
VERTEX
  8
0
 10
123.488865
 20
495.074366
 42
0.055937
  0
SEQEND
  0
POLYLINE
  8
0
 66
1
 70
1
  0
VERTEX
  8
0
 10
132.394042
 20
494.584473
 42
0.088718
  0
VERTEX
  8
0
 10
131.985497
 20
492.453684
 42
0.062588
  0
VERTEX
  8
0
 10
132.259978
 20
490.025276
 42
0.068282
  0
VERTEX
  8
0
 10
133.049120
 20
488.014089
 42
0.221841
  0
VERTEX
  8
0
 10
134.182528
 20
487.198220
 42
0.207361
  0
VERTEX
  8
0
 10
135.824112
 20
487.568108
 42
0.128466
  0
VERTEX
  8
0
 10
137.094169
 20
489.123616
 42
0.105310
  0
VERTEX
  8
0
 10
137.599049
 20
491.388431
 42
0.109691
  0
VERTEX
  8
0
 10
137.124320
 20
493.626493
 42
0.092184
  0
VERTEX
  8
0
 10
136.045295
 20
495.165830
 42
0.144941
  0
VERTEX
  8
0
 10
134.628963
 20
495.917097
 42
0.190450
  0
VERTEX
  8
0
 10
133.302462
 20
495.680404
 42
0.164310
  0
SEQEND
  0
POLYLINE
  8
0
 66
1
 70
1
  0
VERTEX
  8
0
 10
136.000000
 20
490.857650
 42
-0.028362
  0
VERTEX
  8
0
 10
135.926579
 20
489.564351
 42
-0.083571
  0
VERTEX
  8
0
 10
135.681075
 20
488.711146
 42
-0.160972
  0
VERTEX
  8
0
 10
135.278734
 20
488.292997
 42
-0.204498
  0
VERTEX
  8
0
 10
134.750000
 20
488.249533
 42
-0.167290
  0
VERTEX
  8
0
 10
133.820241
 20
488.960640
 42
-0.085617
  0
VERTEX
  8
0
 10
133.220301
 20
490.320309
 42
-0.075067
  0
VERTEX
  8
0
 10
133.060786
 20
491.996593
 42
-0.078015
  0
VERTEX
  8
0
 10
133.408364
 20
493.621795
 42
-0.174469
  0
VERTEX
  8
0
 10
134.176548
 20
494.512153
 42
-0.345619
  0
VERTEX
  8
0
 10
135.044926
 20
494.379077
 42
-0.135454
  0
VERTEX
  8
0
 10
135.769012
 20
493.001486
 42
-0.053717
  0
SEQEND
  0
POLYLINE
  8
0
 66
1
 70
1
  0
VERTEX
  8
0
 10
139.000000
 20
495.000000
 42
0.099038
  0
VERTEX
  8
0
 10
139.076342
 20
494.618362
 42
0.097945
  0
VERTEX
  8
0
 10
139.293750
 20
494.293750
 42
0.097945
  0
VERTEX
  8
0
 10
139.618362
 20
494.076342
 42
0.099038
  0
VERTEX
  8
0
 10
140.000000
 20
494.000000
 42
0.099038
  0
VERTEX
  8
0
 10
140.381638
 20
494.076342
 42
0.097945
  0
VERTEX
  8
0
 10
140.706250
 20
494.293750
 42
0.097945
  0
VERTEX
  8
0
 10
140.923658
 20
494.618362
 42
0.099038
  0
VERTEX
  8
0
 10
141.000000
 20
495.000000
 42
0.099038
  0
VERTEX
  8
0
 10
140.923658
 20
495.381638
 42
0.097945
  0
VERTEX
  8
0
 10
140.706250
 20
495.706250
 42
0.097945
  0
VERTEX
  8
0
 10
140.381638
 20
495.923658
 42
0.099038
  0
VERTEX
  8
0
 10
140.000000
 20
496.000000
 42
0.099038
  0
VERTEX
  8
0
 10
139.618362
 20
495.923658
 42
0.097945
  0
VERTEX
  8
0
 10
139.293750
 20
495.706250
 42
0.097945
  0
VERTEX
  8
0
 10
139.076342
 20
495.381638
 42
0.099038
  0
SEQEND
  0
POLYLINE
  8
0
 66
1
 70
1
  0
VERTEX
  8
0
 10
142.078947
 20
494.416667
 42
0.018894
  0
VERTEX
  8
0
 10
142.137993
 20
493.670344
 42
0.168741
  0
VERTEX
  8
0
 10
142.279315
 20
493.378580
 42
0.470617
  0
VERTEX
  8
0
 10
142.461564
 20
493.395823
 42
0.054073
  0
VERTEX
  8
0
 10
142.683114
 20
493.812500
 42
0.051402
  0
VERTEX
  8
0
 10
142.839148
 20
494.359369
 42
0.054150
  0
VERTEX
  8
0
 10
142.876576
 20
494.916927
 42
0.060344
  0
VERTEX
  8
0
 10
142.797407
 20
495.402231
 42
0.126455
  0
VERTEX
  8
0
 10
142.604167
 20
495.729167
 42
0.296942
  0
VERTEX
  8
0
 10
142.385309
 20
495.775380
 42
0.208169
  0
VERTEX
  8
0
 10
142.200665
 20
495.592839
 42
0.077125
  0
VERTEX
  8
0
 10
142.089945
 20
495.112848
 42
0.028489
  0
SEQEND
  0
POLYLINE
  8
0
 66
1
 70
1
  0
VERTEX
  8
0
 10
286.694236
 20
492.468399
 42
0.014650
  0
VERTEX
  8
0
 10
285.677846
 20
491.519979
 42
0.032140
  0
VERTEX
  8
0
 10
284.971592
 20
490.725092
 42
0.059762
  0
VERTEX
  8
0
 10
284.648008
 20
490.188664
 42
0.544420
  0
VERTEX
  8
0
 10
284.769922
 20
490.000000
 42
0.144863
  0
VERTEX
  8
0
 10
285.245735
 20
490.140810
 42
0.020808
  0
VERTEX
  8
0
 10
286.082356
 20
490.734375
 42
0.022182
  0
VERTEX
  8
0
 10
287.036167
 20
491.542705
 42
0.017308
  0
VERTEX
  8
0
 10
288.000000
 20
492.500000
 42
0.005622
  0
VERTEX
  8
0
 10
289.948028
 20
494.620874
 42
0.657562
  0
VERTEX
  8
0
 10
289.830519
 20
494.875986
 42
0.172093
  0
VERTEX
  8
0
 10
289.193081
 20
494.632375
 42
0.003908
  0
SEQEND
  0
POLYLINE
  8
0
 66
1
 70
1
  0
VERTEX
  8
0
 10
126.500000
 20
491.000000
 42
0.202618
  0
VERTEX
  8
0
 10
126.441401
 20
490.621877
 42
0.181468
  0
VERTEX
  8
0
 10
126.668350
 20
490.293750
 42
0.104212
  0
VERTEX
  8
0
 10
127.195401
 20
490.071541
 42
0.047867
  0
VERTEX
  8
0
 10
127.940983
 20
490.000000
 42
0.046600
  0
VERTEX
  8
0
 10
128.729059
 20
490.073608
 42
0.066561
  0
VERTEX
  8
0
 10
129.395164
 20
490.293750
 42
0.086673
  0
VERTEX
  8
0
 10
129.844577
 20
490.618015
 42
0.195654
  0
VERTEX
  8
0
 10
130.000000
 20
491.000000
 42
0.142666
  0
VERTEX
  8
0
 10
129.888931
 20
491.381340
 42
0.099650
  0
VERTEX
  8
0
 10
129.576711
 20
491.706250
 42
0.084330
  0
VERTEX
  8
0
 10
129.109818
 20
491.925146
 42
0.067639
  0
VERTEX
  8
0
 10
128.559017
 20
492.000000
 42
0.061875
  0
VERTEX
  8
0
 10
127.961978
 20
491.925833
 42
0.051278
  0
VERTEX
  8
0
 10
127.359775
 20
491.706250
 42
0.053305
  0
VERTEX
  8
0
 10
126.842344
 20
491.382836
 42
0.088250
  0
SEQEND
  0
POLYLINE
  8
0
 66
1
 70
1
  0
VERTEX
  8
0
 10
243.114004
 20
484.417804
 42
0.036153
  0
VERTEX
  8
0
 10
241.650366
 20
482.251751
 42
0.102638
  0
VERTEX
  8
0
 10
241.084392
 20
480.528926
 42
0.220199
  0
VERTEX
  8
0
 10
241.439800
 20
479.458709
 42
0.207056
  0
VERTEX
  8
0
 10
242.500000
 20
479.000000
 42
-0.064853
  0
VERTEX
  8
0
 10
243.073457
 20
478.925306
 42
-0.082425
  0
VERTEX
  8
0
 10
243.559375
 20
478.706250
 42
-0.098894
  0
VERTEX
  8
0
 10
243.884432
 20
478.381354
 42
-0.148195
  0
VERTEX
  8
0
 10
244.000000
 20
478.000000
 42
0.138843
  0
VERTEX
  8
0
 10
244.107974
 20
477.618662
 42
0.100068
  0
VERTEX
  8
0
 10
244.411461
 20
477.293750
 42
0.085644
  0
VERTEX
  8
0
 10
244.865372
 20
477.074969
 42
0.069679
  0
VERTEX
  8
0
 10
245.400717
 20
477.000000
 42
0.211646
  0
VERTEX
  8
0
 10
246.035407
 20
477.281258
 42
0.137700
  0
VERTEX
  8
0
 10
246.399093
 20
478.010092
 42
0.060181
  0
VERTEX
  8
0
 10
246.493547
 20
479.377815
 42
0.012950
  0
VERTEX
  8
0
 10
246.310129
 20
481.750000
 42
0.005132
  0
VERTEX
  8
0
 10
246.100454
 20
483.592199
 42
0.007717
  0
VERTEX
  8
0
 10
245.876369
 20
485.193595
 42
0.003697
  0
VERTEX
  8
0
 10
245.656177
 20
486.542118
 42
0.152163
  0
VERTEX
  8
0
 10
245.523416
 20
486.802662
 42
0.399373
  0
VERTEX
  8
0
 10
245.318411
 20
486.810373
 42
0.014486
  0
VERTEX
  8
0
 10
244.693796
 20
486.226958
 42
0.019483
  0
VERTEX
  8
0
 10
243.945857
 20
485.426607
 42
0.011521
  0
SEQEND
  0
POLYLINE
  8
0
 66
1
 70
1
  0
VERTEX
  8
0
 10
254.428922
 20
484.531865
 42
-0.051526
  0
VERTEX
  8
0
 10
253.585987
 20
483.495858
 42
-0.056422
  0
VERTEX
  8
0
 10
252.572317
 20
482.689290
 42
-0.060484
  0
VERTEX
  8
0
 10
251.475062
 20
482.174651
 42
-0.079602
  0
VERTEX
  8
0
 10
250.384990
 20
482.000000
 42
0.063122
  0
VERTEX
  8
0
 10
248.396974
 20
481.748021
 42
0.511810
  0
VERTEX
  8
0
 10
248.114435
 20
481.025026
 42
0.177311
  0
VERTEX
  8
0
 10
249.289904
 20
480.138346
 42
0.031990
  0
VERTEX
  8
0
 10
252.000000
 20
479.500000
 42
-0.020833
  0
VERTEX
  8
0
 10
253.532678
 20
479.174879
 42
-0.031813
  0
VERTEX
  8
0
 10
254.825000
 20
478.754789
 42
-0.032949
  0
VERTEX
  8
0
 10
255.768851
 20
478.306089
 42
-0.271692
  0
VERTEX
  8
0
 10
256.000000
 20
477.912102
 42
0.095815
  0
VERTEX
  8
0
 10
256.067332
 20
477.563965
 42
0.097129
  0
VERTEX
  8
0
 10
256.259490
 20
477.267930
 42
0.098666
  0
VERTEX
  8
0
 10
256.546283
 20
477.069737
 42
0.102357
  0
VERTEX
  8
0
 10
256.883369
 20
477.000000
 42
0.276757
  0
VERTEX
  8
0
 10
257.721687
 20
477.502510
 42
0.072789
  0
VERTEX
  8
0
 10
258.274166
 20
479.037541
 42
0.070591
  0
VERTEX
  8
0
 10
258.373131
 20
480.707001
 42
0.238230
  0
VERTEX
  8
0
 10
257.819002
 20
481.611863
 42
-0.137668
  0
VERTEX
  8
0
 10
257.475179
 20
481.985696
 42
-0.068254
  0
VERTEX
  8
0
 10
257.262416
 20
482.599453
 42
-0.059781
  0
VERTEX
  8
0
 10
257.204173
 20
483.344874
 42
-0.053635
  0
VERTEX
  8
0
 10
257.319002
 20
484.111863
 42
0.080188
  0
VERTEX
  8
0
 10
257.480906
 20
485.797681
 42
0.354354
  0
VERTEX
  8
0
 10
256.851563
 20
486.479518
 42
0.233903
  0
VERTEX
  8
0
 10
255.729041
 20
486.113459
 42
0.054048
  0
SEQEND
  0
POLYLINE
  8
0
 66
1
 70
1
  0
VERTEX
  8
0
 10
380.078947
 20
485.416667
 42
0.018894
  0
VERTEX
  8
0
 10
380.137993
 20
484.670344
 42
0.168741
  0
VERTEX
  8
0
 10
380.279315
 20
484.378580
 42
0.470617
  0
VERTEX
  8
0
 10
380.461564
 20
484.395823
 42
0.054073
  0
VERTEX
  8
0
 10
380.683114
 20
484.812500
 42
0.051402
  0
VERTEX
  8
0
 10
380.839148
 20
485.359369
 42
0.054150
  0
VERTEX
  8
0
 10
380.876576
 20
485.916927
 42
0.060344
  0
VERTEX
  8
0
 10
380.797407
 20
486.402231
 42
0.126455
  0
VERTEX
  8
0
 10
380.604167
 20
486.729167
 42
0.296942
  0
VERTEX
  8
0
 10
380.385309
 20
486.775380
 42
0.208169
  0
VERTEX
  8
0
 10
380.200665
 20
486.592839
 42
0.077125
  0
VERTEX
  8
0
 10
380.089945
 20
486.112848
 42
0.028489
  0
SEQEND
  0
POLYLINE
  8
0
 66
1
 70
1
  0
VERTEX
  8
0
 10
385.820969
 20
477.750000
 42
0.007966
  0
VERTEX
  8
0
 10
385.733327
 20
473.077486
 42
0.002801
  0
VERTEX
  8
0
 10
385.751960
 20
466.370313
 42
0.002780
  0
VERTEX
  8
0
 10
385.854777
 20
458.995318
 42
0.003255
  0
VERTEX
  8
0
 10
386.036768
 20
452.000000
 42
0.000743
  0
VERTEX
  8
0
 10
386.390764
 20
441.594462
 42
0.943431
  0
VERTEX
  8
0
 10
386.526890
 20
441.591371
 42
0.017969
  0
VERTEX
  8
0
 10
386.637932
 20
444.058987
 42
0.000188
  0
VERTEX
  8
0
 10
386.786768
 20
461.250000
 42
0.001561
  0
VERTEX
  8
0
 10
386.837702
 20
471.123848
 42
0.002604
  0
VERTEX
  8
0
 10
386.811335
 20
479.435938
 42
0.000273
  0
VERTEX
  8
0
 10
386.745350
 20
486.827263
 42
0.411441
  0
VERTEX
  8
0
 10
386.570969
 20
487.000000
 42
0.388315
  0
VERTEX
  8
0
 10
386.391374
 20
486.835755
 42
0.002081
  0
VERTEX
  8
0
 10
386.173681
 20
484.282812
 42
0.007213
  0
VERTEX
  8
0
 10
385.974885
 20
481.296794
 42
0.004342
  0
SEQEND
  0
POLYLINE
  8
0
 66
1
 70
1
  0
VERTEX
  8
0
 10
398.000000
 20
461.013128
 42
0.000000
  0
VERTEX
  8
0
 10
398.000000
 20
435.026255
 42
0.000000
  0
VERTEX
  8
0
 10
363.750000
 20
434.749559
 42
0.000000
  0
VERTEX
  8
0
 10
329.500000
 20
434.472863
 42
0.000000
  0
VERTEX
  8
0
 10
364.250000
 20
434.236432
 42
0.000000
  0
VERTEX
  8
0
 10
399.000000
 20
434.000000
 42
0.000000
  0
VERTEX
  8
0
 10
399.000000
 20
460.500000
 42
0.001768
  0
VERTEX
  8
0
 10
398.964069
 20
470.661415
 42
0.002948
  0
VERTEX
  8
0
 10
398.853125
 20
479.215625
 42
0.000350
  0
VERTEX
  8
0
 10
398.704720
 20
486.799388
 42
0.408290
  0
VERTEX
  8
0
 10
398.500000
 20
487.000000
 42
0.408165
  0
VERTEX
  8
0
 10
398.295309
 20
486.799502
 42
0.000364
  0
VERTEX
  8
0
 10
398.146875
 20
479.366356
 42
0.003007
  0
VERTEX
  8
0
 10
398.035931
 20
470.977783
 42
0.001803
  0
SEQEND
  0
POLYLINE
  8
0
 66
1
 70
1
  0
VERTEX
  8
0
 10
95.750000
 20
482.189635
 42
0.023886
  0
VERTEX
  8
0
 10
93.968197
 20
481.956071
 42
0.078550
  0
VERTEX
  8
0
 10
92.851336
 20
481.567417
 42
0.133018
  0
VERTEX
  8
0
 10
92.236659
 20
480.987694
 42
0.140727
  0
VERTEX
  8
0
 10
92.015313
 20
480.189635
 42
0.026230
  0
VERTEX
  8
0
 10
92.057948
 20
479.497362
 42
0.210610
  0
VERTEX
  8
0
 10
92.215319
 20
479.228224
 42
0.369791
  0
VERTEX
  8
0
 10
92.445293
 20
479.247092
 42
0.052740
  0
VERTEX
  8
0
 10
92.765313
 20
479.646772
 42
-0.243761
  0
VERTEX
  8
0
 10
93.793046
 20
480.239070
 42
-0.003068
  0
VERTEX
  8
0
 10
101.570585
 20
480.538587
 42
-0.006133
  0
VERTEX
  8
0
 10
112.374939
 20
480.755685
 42
-0.001695
  0
VERTEX
  8
0
 10
129.350859
 20
480.830965
 42
0.001476
  0
VERTEX
  8
0
 10
143.136558
 20
480.886051
 42
0.002404
  0
VERTEX
  8
0
 10
154.836735
 20
481.023599
 42
0.000330
  0
VERTEX
  8
0
 10
165.221955
 20
481.202474
 42
0.194269
  0
VERTEX
  8
0
 10
165.767526
 20
481.434193
 42
0.549230
  0
VERTEX
  8
0
 10
165.718645
 20
481.653702
 42
0.043207
  0
VERTEX
  8
0
 10
165.016607
 20
481.841081
 42
0.028358
  0
VERTEX
  8
0
 10
163.880971
 20
481.975441
 42
0.013684
  0
VERTEX
  8
0
 10
162.416667
 20
482.024805
 42
-0.000273
  0
VERTEX
  8
0
 10
159.734501
 20
482.043257
 42
-0.000014
  0
VERTEX
  8
0
 10
150.984896
 20
482.108475
 42
-0.000022
  0
VERTEX
  8
0
 10
140.585679
 20
482.186734
 42
-0.000016
  0
VERTEX
  8
0
 10
129.000000
 20
482.274805
 42
0.001066
  0
VERTEX
  8
0
 10
117.426214
 20
482.338487
 42
0.001483
  0
VERTEX
  8
0
 10
107.064063
 20
482.342679
 42
0.000902
  0
VERTEX
  8
0
 10
98.339231
 20
482.304599
 42
0.019104
  0
SEQEND
  0
POLYLINE
  8
0
 66
1
 70
1
  0
VERTEX
  8
0
 10
45.496716
 20
481.275500
 42
0.000000
  0
VERTEX
  8
0
 10
53.000000
 20
480.915871
 42
0.000000
  0
VERTEX
  8
0
 10
53.000000
 20
451.500000
 42
0.000000
  0
VERTEX
  8
0
 10
53.000000
 20
422.084129
 42
0.000000
  0
VERTEX
  8
0
 10
45.250000
 20
421.720059
 42
0.000000
  0
VERTEX
  8
0
 10
37.500000
 20
421.355989
 42
0.000000
  0
VERTEX
  8
0
 10
45.500000
 20
421.427995
 42
0.000000
  0
VERTEX
  8
0
 10
53.500000
 20
421.500000
 42
0.000000
  0
VERTEX
  8
0
 10
53.500000
 20
451.500000
 42
0.000000
  0
VERTEX
  8
0
 10
53.500000
 20
481.500000
 42
0.000000
  0
VERTEX
  8
0
 10
45.746716
 20
481.567564
 42
0.000000
  0
VERTEX
  8
0
 10
37.993432
 20
481.635128
 42
0.000000
  0
SEQEND
  0
POLYLINE
  8
0
 66
1
 70
1
  0
VERTEX
  8
0
 10
305.818342
 20
478.750000
 42
0.074836
  0
VERTEX
  8
0
 10
305.703689
 20
478.026385
 42
0.014314
  0
VERTEX
  8
0
 10
305.731553
 20
476.692187
 42
0.014968
  0
VERTEX
  8
0
 10
305.856467
 20
475.123057
 42
0.013281
  0
VERTEX
  8
0
 10
306.078463
 20
473.500000
 42
0.005083
  0
VERTEX
  8
0
 10
306.481316
 20
471.190022
 42
0.124068
  0
VERTEX
  8
0
 10
306.750755
 20
470.602063
 42
0.557590
  0
VERTEX
  8
0
 10
307.044946
 20
470.638458
 42
0.027219
  0
VERTEX
  8
0
 10
307.483742
 20
471.750000
 42
-0.067319
  0
VERTEX
  8
0
 10
307.917281
 20
472.633924
 42
-0.069881
  0
VERTEX
  8
0
 10
308.565552
 20
473.358367
 42
-0.075008
  0
VERTEX
  8
0
 10
309.341433
 20
473.835731
 42
-0.100795
  0
VERTEX
  8
0
 10
310.148016
 20
474.000000
 42
0.136938
  0
VERTEX
  8
0
 10
311.636680
 20
474.415500
 42
0.161124
  0
VERTEX
  8
0
 10
312.583453
 20
475.523871
 42
0.152061
  0
VERTEX
  8
0
 10
312.712886
 20
477.031967
 42
0.119699
  0
VERTEX
  8
0
 10
311.989431
 20
478.512735
 42
0.128028
  0
VERTEX
  8
0
 10
310.557317
 20
479.542505
 42
0.082763
  0
VERTEX
  8
0
 10
308.546505
 20
479.957616
 42
0.093811
  0
VERTEX
  8
0
 10
306.726511
 20
479.685071
 42
0.236397
  0
SEQEND
  0
POLYLINE
  8
0
 66
1
 70
1
  0
VERTEX
  8
0
 10
310.500000
 20
477.000000
 42
-0.139169
  0
VERTEX
  8
0
 10
310.607943
 20
476.620352
 42
-0.191142
  0
VERTEX
  8
0
 10
310.478525
 20
476.293750
 42
-0.138808
  0
VERTEX
  8
0
 10
310.110654
 20
476.073267
 42
-0.066118
  0
VERTEX
  8
0
 10
309.559017
 20
476.000000
 42
-0.062283
  0
VERTEX
  8
0
 10
308.962904
 20
476.074545
 42
-0.080552
  0
VERTEX
  8
0
 10
308.457961
 20
476.293750
 42
-0.097988
  0
VERTEX
  8
0
 10
308.120018
 20
476.618621
 42
-0.153634
  0
VERTEX
  8
0
 10
308.000000
 20
477.000000
 42
-0.092995
  0
VERTEX
  8
0
 10
308.071618
 20
477.381732
 42
-0.096318
  0
VERTEX
  8
0
 10
308.276414
 20
477.706250
 42
-0.099231
  0
VERTEX
  8
0
 10
308.581949
 20
477.923444
 42
-0.105429
  0
VERTEX
  8
0
 10
308.940983
 20
478.000000
 42
-0.089642
  0
VERTEX
  8
0
 10
309.346558
 20
477.926698
 42
-0.053229
  0
VERTEX
  8
0
 10
309.787100
 20
477.706250
 42
-0.051032
  0
VERTEX
  8
0
 10
310.193797
 20
477.382515
 42
-0.060810
  0
SEQEND
  0
POLYLINE
  8
0
 66
1
 70
1
  0
VERTEX
  8
0
 10
314.164044
 20
475.536013
 42
0.020309
  0
VERTEX
  8
0
 10
314.200063
 20
473.782980
 42
0.027446
  0
VERTEX
  8
0
 10
314.383579
 20
472.208532
 42
0.026867
  0
VERTEX
  8
0
 10
314.667620
 20
470.965419
 42
0.186846
  0
VERTEX
  8
0
 10
315.037221
 20
470.476996
 42
0.212720
  0
VERTEX
  8
0
 10
315.401152
 20
470.427793
 42
0.177907
  0
VERTEX
  8
0
 10
315.717184
 20
470.661592
 42
0.099903
  0
VERTEX
  8
0
 10
315.931254
 20
471.193560
 42
0.045892
  0
VERTEX
  8
0
 10
316.000000
 20
471.940983
 42
-0.059472
  0
VERTEX
  8
0
 10
316.178778
 20
473.438704
 42
-0.354992
  0
VERTEX
  8
0
 10
316.760943
 20
473.882148
 42
-0.164826
  0
VERTEX
  8
0
 10
317.768453
 20
473.505230
 42
-0.017373
  0
VERTEX
  8
0
 10
319.685549
 20
471.825686
 42
0.011011
  0
VERTEX
  8
0
 10
320.948511
 20
470.690499
 42
0.118843
  0
VERTEX
  8
0
 10
321.555272
 20
470.379555
 42
0.388199
  0
VERTEX
  8
0
 10
321.883633
 20
470.560473
 42
0.081838
  0
VERTEX
  8
0
 10
322.000000
 20
471.266669
 42
0.058202
  0
VERTEX
  8
0
 10
321.922218
 20
471.932612
 42
0.050366
  0
VERTEX
  8
0
 10
321.691986
 20
472.597836
 42
0.052967
  0
VERTEX
  8
0
 10
321.352991
 20
473.163780
 42
0.093196
  0
VERTEX
  8
0
 10
320.951442
 20
473.530011
 42
-0.110253
  0
VERTEX
  8
0
 10
320.564792
 20
473.907337
 42
-0.160707
  0
VERTEX
  8
0
 10
320.443671
 20
474.363940
 42
-0.115588
  0
VERTEX
  8
0
 10
320.608797
 20
474.918193
 42
-0.043282
  0
VERTEX
  8
0
 10
321.073886
 20
475.589028
 42
0.183691
  0
VERTEX
  8
0
 10
321.582980
 20
477.078274
 42
0.179702
  0
VERTEX
  8
0
 10
320.980354
 20
478.546214
 42
0.126764
  0
VERTEX
  8
0
 10
319.307129
 20
479.626878
 42
0.080492
  0
VERTEX
  8
0
 10
317.004378
 20
480.000000
 42
0.046561
  0
VERTEX
  8
0
 10
315.410226
 20
479.851228
 42
0.207405
  0
VERTEX
  8
0
 10
314.649391
 20
479.336148
 42
0.124290
  0
VERTEX
  8
0
 10
314.288951
 20
478.246136
 42
0.012994
  0
SEQEND
  0
POLYLINE
  8
0
 66
1
 70
1
  0
VERTEX
  8
0
 10
320.000000
 20
477.000000
 42
-0.191087
  0
VERTEX
  8
0
 10
319.848523
 20
476.618118
 42
-0.088204
  0
VERTEX
  8
0
 10
319.412500
 20
476.293750
 42
-0.068025
  0
VERTEX
  8
0
 10
318.765418
 20
476.073693
 42
-0.048028
  0
VERTEX
  8
0
 10
318.000000
 20
476.000000
 42
-0.048028
  0
VERTEX
  8
0
 10
317.234582
 20
476.073693
 42
-0.068025
  0
VERTEX
  8
0
 10
316.587500
 20
476.293750
 42
-0.088204
  0
VERTEX
  8
0
 10
316.151477
 20
476.618118
 42
-0.191087
  0
VERTEX
  8
0
 10
316.000000
 20
477.000000
 42
-0.191087
  0
VERTEX
  8
0
 10
316.151477
 20
477.381882
 42
-0.088204
  0
VERTEX
  8
0
 10
316.587500
 20
477.706250
 42
-0.068025
  0
VERTEX
  8
0
 10
317.234582
 20
477.926307
 42
-0.048028
  0
VERTEX
  8
0
 10
318.000000
 20
478.000000
 42
-0.048028
  0
VERTEX
  8
0
 10
318.765418
 20
477.926307
 42
-0.068025
  0
VERTEX
  8
0
 10
319.412500
 20
477.706250
 42
-0.088204
  0
VERTEX
  8
0
 10
319.848523
 20
477.381882
 42
-0.191087
  0
SEQEND
  0
POLYLINE
  8
0
 66
1
 70
1
  0
VERTEX
  8
0
 10
323.900807
 20
479.416667
 42
0.006911
  0
VERTEX
  8
0
 10
323.570001
 20
475.906696
 42
0.025621
  0
VERTEX
  8
0
 10
323.505740
 20
473.685065
 42
0.041345
  0
VERTEX
  8
0
 10
323.667777
 20
472.146882
 42
0.082240
  0
VERTEX
  8
0
 10
324.088644
 20
471.000000
 42
0.102619
  0
VERTEX
  8
0
 10
324.644160
 20
470.367060
 42
0.540926
  0
VERTEX
  8
0
 10
324.999197
 20
470.494958
 42
0.052983
  0
VERTEX
  8
0
 10
325.164202
 20
471.782477
 42
0.003022
  0
VERTEX
  8
0
 10
325.226499
 20
475.787785
 42
0.036156
  0
VERTEX
  8
0
 10
325.098081
 20
477.830930
 42
0.053853
  0
VERTEX
  8
0
 10
324.668077
 20
479.568108
 42
0.373271
  0
VERTEX
  8
0
 10
324.248119
 20
479.800833
 42
0.324338
  0
SEQEND
  0
POLYLINE
  8
0
 66
1
 70
1
  0
VERTEX
  8
0
 10
327.000000
 20
475.559017
 42
0.020930
  0
VERTEX
  8
0
 10
327.073113
 20
473.813184
 42
0.027868
  0
VERTEX
  8
0
 10
327.293750
 20
472.241025
 42
0.027581
  0
VERTEX
  8
0
 10
327.611109
 20
470.999702
 42
0.179846
  0
VERTEX
  8
0
 10
328.000000
 20
470.500000
 42
0.231205
  0
VERTEX
  8
0
 10
328.382462
 20
470.461954
 42
0.168078
  0
VERTEX
  8
0
 10
328.717943
 20
470.737891
 42
0.091691
  0
VERTEX
  8
0
 10
328.950944
 20
471.344797
 42
0.042112
  0
VERTEX
  8
0
 10
329.035435
 20
472.190983
 42
0.000000
  0
VERTEX
  8
0
 10
329.070871
 20
474.500000
 42
0.000000
  0
VERTEX
  8
0
 10
330.463122
 20
472.000000
 42
0.016819
  0
VERTEX
  8
0
 10
331.180439
 20
470.808098
 42
0.127616
  0
VERTEX
  8
0
 10
331.660076
 20
470.368792
 42
0.351734
  0
VERTEX
  8
0
 10
332.034188
 20
470.440260
 42
0.097306
  0
VERTEX
  8
0
 10
332.348458
 20
471.000000
 42
-0.000341
  0
VERTEX
  8
0
 10
332.573439
 20
471.682838
 42
-0.000200
  0
VERTEX
  8
0
 10
332.843657
 20
472.500000
 42
-0.000200
  0
VERTEX
  8
0
 10
333.114596
 20
473.317149
 42
-0.000340
  0
VERTEX
  8
0
 10
333.341825
 20
474.000000
 42
-0.039847
  0
VERTEX
  8
0
 10
333.561108
 20
474.516390
 42
-0.534264
  0
VERTEX
  8
0
 10
333.731943
 20
474.534948
 42
-0.153633
  0
VERTEX
  8
0
 10
333.864922
 20
474.213962
 42
-0.012966
  0
VERTEX
  8
0
 10
333.921053
 20
473.309017
 42
0.040647
  0
VERTEX
  8
0
 10
334.025193
 20
472.425027
 42
0.042077
  0
VERTEX
  8
0
 10
334.270559
 20
471.580088
 42
0.045770
  0
VERTEX
  8
0
 10
334.610333
 20
470.891187
 42
0.117421
  0
VERTEX
  8
0
 10
335.000000
 20
470.500000
 42
0.420328
  0
VERTEX
  8
0
 10
335.411625
 20
470.601709
 42
0.077973
  0
VERTEX
  8
0
 10
335.731124
 20
471.408386
 42
0.040398
  0
VERTEX
  8
0
 10
335.937793
 20
472.867237
 42
0.014995
  0
VERTEX
  8
0
 10
336.000000
 20
474.940983
 42
0.038268
  0
VERTEX
  8
0
 10
335.729362
 20
478.471916
 42
0.212247
  0
VERTEX
  8
0
 10
334.724551
 20
480.035144
 42
0.429702
  0
VERTEX
  8
0
 10
333.527218
 20
479.754209
 42
0.067248
  0
VERTEX
  8
0
 10
332.485115
 20
477.250000
 42
0.000000
  0
VERTEX
  8
0
 10
331.753414
 20
474.500000
 42
0.000000
  0
VERTEX
  8
0
 10
330.793373
 20
477.250000
 42
0.064588
  0
VERTEX
  8
0
 10
329.589157
 20
479.651061
 42
0.363968
  0
VERTEX
  8
0
 10
328.311682
 20
480.016738
 42
0.247415
  0
VERTEX
  8
0
 10
327.286697
 20
478.713298
 42
0.045352
  0
SEQEND
  0
POLYLINE
  8
0
 66
1
 70
1
  0
VERTEX
  8
0
 10
338.772455
 20
475.523940
 42
0.018953
  0
VERTEX
  8
0
 10
338.167166
 20
473.679083
 42
0.034661
  0
VERTEX
  8
0
 10
337.837473
 20
472.130993
 42
0.040988
  0
VERTEX
  8
0
 10
337.769169
 20
470.966887
 42
0.253718
  0
VERTEX
  8
0
 10
338.056755
 20
470.464923
 42
0.077670
  0
VERTEX
  8
0
 10
338.417395
 20
470.313065
 42
0.155352
  0
VERTEX
  8
0
 10
338.722922
 20
470.332868
 42
0.185702
  0
VERTEX
  8
0
 10
338.925405
 20
470.517822
 42
0.116369
  0
VERTEX
  8
0
 10
339.000000
 20
470.833994
 42
-0.236621
  0
VERTEX
  8
0
 10
339.537708
 20
471.906600
 42
-0.140464
  0
VERTEX
  8
0
 10
340.904926
 20
472.424823
 42
-0.104112
  0
VERTEX
  8
0
 10
342.695927
 20
472.201095
 42
-0.099523
  0
VERTEX
  8
0
 10
344.277519
 20
471.274110
 42
0.004533
  0
VERTEX
  8
0
 10
345.616302
 20
470.101163
 42
0.321435
  0
VERTEX
  8
0
 10
345.895199
 20
470.076445
 42
0.340544
  0
VERTEX
  8
0
 10
345.996355
 20
470.329172
 42
0.004812
  0
VERTEX
  8
0
 10
345.506216
 20
472.000000
 42
0.025519
  0
VERTEX
  8
0
 10
344.522733
 20
474.728115
 42
0.024440
  0
VERTEX
  8
0
 10
343.253904
 20
477.382561
 42
0.018310
  0
VERTEX
  8
0
 10
341.965174
 20
479.575122
 42
0.256087
  0
VERTEX
  8
0
 10
341.190020
 20
480.000000
 42
0.257467
  0
VERTEX
  8
0
 10
340.814527
 20
479.792919
 42
0.016902
  0
VERTEX
  8
0
 10
340.166929
 20
478.685157
 42
0.021132
  0
VERTEX
  8
0
 10
339.463146
 20
477.239165
 42
0.013944
  0
SEQEND
  0
POLYLINE
  8
0
 66
1
 70
1
  0
VERTEX
  8
0
 10
347.000000
 20
475.500000
 42
0.020945
  0
VERTEX
  8
0
 10
347.072283
 20
473.775243
 42
0.033738
  0
VERTEX
  8
0
 10
347.293750
 20
472.321875
 42
0.036969
  0
VERTEX
  8
0
 10
347.611488
 20
471.267028
 42
0.310520
  0
VERTEX
  8
0
 10
348.000000
 20
471.000000
 42
0.148195
  0
VERTEX
  8
0
 10
348.381354
 20
471.115568
 42
0.098894
  0
VERTEX
  8
0
 10
348.706250
 20
471.440625
 42
0.082425
  0
VERTEX
  8
0
 10
348.925306
 20
471.926543
 42
0.064853
  0
VERTEX
  8
0
 10
349.000000
 20
472.500000
 42
-0.112422
  0
VERTEX
  8
0
 10
349.247128
 20
473.585213
 42
-0.336618
  0
VERTEX
  8
0
 10
349.882988
 20
473.911077
 42
-0.143856
  0
VERTEX
  8
0
 10
350.913113
 20
473.398675
 42
-0.028850
  0
VERTEX
  8
0
 10
352.349365
 20
471.904939
 42
0.027667
  0
VERTEX
  8
0
 10
353.078157
 20
471.143385
 42
0.044913
  0
VERTEX
  8
0
 10
353.783970
 20
470.593003
 42
0.057751
  0
VERTEX
  8
0
 10
354.372174
 20
470.303661
 42
0.289498
  0
VERTEX
  8
0
 10
354.714107
 20
470.380773
 42
0.210400
  0
VERTEX
  8
0
 10
354.841835
 20
470.709454
 42
0.069059
  0
VERTEX
  8
0
 10
354.745723
 20
471.231691
 42
0.054748
  0
VERTEX
  8
0
 10
354.462487
 20
471.850434
 42
0.038531
  0
VERTEX
  8
0
 10
354.020056
 20
472.475834
 42
-0.044328
  0
VERTEX
  8
0
 10
353.439755
 20
473.316593
 42
-0.127915
  0
VERTEX
  8
0
 10
353.258459
 20
473.995154
 42
-0.129569
  0
VERTEX
  8
0
 10
353.431718
 20
474.670675
 42
-0.046021
  0
VERTEX
  8
0
 10
354.000000
 20
475.500000
 42
0.172990
  0
VERTEX
  8
0
 10
354.567732
 20
477.054660
 42
0.189517
  0
VERTEX
  8
0
 10
353.993691
 20
478.547730
 42
0.132035
  0
VERTEX
  8
0
 10
352.292507
 20
479.630007
 42
0.076160
  0
VERTEX
  8
0
 10
349.877555
 20
480.000000
 42
0.040451
  0
VERTEX
  8
0
 10
348.174545
 20
479.861998
 42
0.213183
  0
VERTEX
  8
0
 10
347.409864
 20
479.359043
 42
0.130730
  0
VERTEX
  8
0
 10
347.068277
 20
478.288777
 42
0.012240
  0
SEQEND
  0
POLYLINE
  8
0
 66
1
 70
1
  0
VERTEX
  8
0
 10
352.000000
 20
477.000000
 42
-0.148195
  0
VERTEX
  8
0
 10
351.884432
 20
476.618646
 42
-0.098894
  0
VERTEX
  8
0
 10
351.559375
 20
476.293750
 42
-0.082425
  0
VERTEX
  8
0
 10
351.073457
 20
476.074694
 42
-0.064853
  0
VERTEX
  8
0
 10
350.500000
 20
476.000000
 42
-0.064853
  0
VERTEX
  8
0
 10
349.926543
 20
476.074694
 42
-0.082425
  0
VERTEX
  8
0
 10
349.440625
 20
476.293750
 42
-0.098894
  0
VERTEX
  8
0
 10
349.115568
 20
476.618646
 42
-0.148195
  0
VERTEX
  8
0
 10
349.000000
 20
477.000000
 42
-0.148195
  0
VERTEX
  8
0
 10
349.115568
 20
477.381354
 42
-0.098894
  0
VERTEX
  8
0
 10
349.440625
 20
477.706250
 42
-0.082425
  0
VERTEX
  8
0
 10
349.926543
 20
477.925306
 42
-0.064853
  0
VERTEX
  8
0
 10
350.500000
 20
478.000000
 42
-0.064853
  0
VERTEX
  8
0
 10
351.073457
 20
477.925306
 42
-0.082425
  0
VERTEX
  8
0
 10
351.559375
 20
477.706250
 42
-0.098894
  0
VERTEX
  8
0
 10
351.884432
 20
477.381354
 42
-0.148195
  0
SEQEND
  0
POLYLINE
  8
0
 66
1
 70
1
  0
VERTEX
  8
0
 10
357.010960
 20
476.750000
 42
-0.021970
  0
VERTEX
  8
0
 10
357.769695
 20
475.372943
 42
-0.021429
  0
VERTEX
  8
0
 10
358.411538
 20
473.923289
 42
-0.021908
  0
VERTEX
  8
0
 10
358.863699
 20
472.603866
 42
-0.071189
  0
VERTEX
  8
0
 10
358.996262
 20
471.690983
 42
0.056570
  0
VERTEX
  8
0
 10
359.071163
 20
471.043035
 42
0.121680
  0
VERTEX
  8
0
 10
359.297444
 20
470.597874
 42
0.189767
  0
VERTEX
  8
0
 10
359.630996
 20
470.422830
 42
0.166971
  0
VERTEX
  8
0
 10
360.016312
 20
470.510081
 42
0.092269
  0
VERTEX
  8
0
 10
360.359655
 20
470.822071
 42
0.096094
  0
VERTEX
  8
0
 10
360.561768
 20
471.232497
 42
0.099366
  0
VERTEX
  8
0
 10
360.592006
 20
471.677098
 42
0.106247
  0
VERTEX
  8
0
 10
360.446024
 20
472.087336
 42
-0.194178
  0
VERTEX
  8
0
 10
360.347000
 20
472.664234
 42
-0.031506
  0
VERTEX
  8
0
 10
360.663843
 20
473.780433
 42
-0.030788
  0
VERTEX
  8
0
 10
361.230084
 20
475.115512
 42
-0.022726
  0
VERTEX
  8
0
 10
362.011271
 20
476.518237
 42
0.014762
  0
VERTEX
  8
0
 10
363.429421
 20
478.971967
 42
0.270390
  0
VERTEX
  8
0
 10
363.400288
 20
479.838209
 42
0.441458
  0
VERTEX
  8
0
 10
362.757309
 20
479.953599
 42
0.020423
  0
VERTEX
  8
0
 10
360.849590
 20
478.363881
 42
-0.013640
  0
VERTEX
  8
0
 10
359.735672
 20
477.409753
 42
-0.171916
  0
VERTEX
  8
0
 10
359.222011
 20
477.227761
 42
-0.272937
  0
VERTEX
  8
0
 10
358.837083
 20
477.454796
 42
-0.034664
  0
VERTEX
  8
0
 10
358.413860
 20
478.363881
 42
0.067645
  0
VERTEX
  8
0
 10
358.070925
 20
478.989401
 42
0.062599
  0
VERTEX
  8
0
 10
357.565570
 20
479.519390
 42
0.066652
  0
VERTEX
  8
0
 10
356.981518
 20
479.878316
 42
0.104866
  0
VERTEX
  8
0
 10
356.407710
 20
480.000000
 42
0.201129
  0
VERTEX
  8
0
 10
355.900597
 20
479.787409
 42
0.244822
  0
VERTEX
  8
0
 10
355.751933
 20
479.301093
 42
0.077869
  0
VERTEX
  8
0
 10
356.078341
 20
478.375261
 42
0.013290
  0
SEQEND
  0
POLYLINE
  8
0
 66
1
 70
1
  0
VERTEX
  8
0
 10
92.078947
 20
476.416667
 42
0.018894
  0
VERTEX
  8
0
 10
92.137993
 20
475.670344
 42
0.168741
  0
VERTEX
  8
0
 10
92.279315
 20
475.378580
 42
0.470617
  0
VERTEX
  8
0
 10
92.461564
 20
475.395823
 42
0.054073
  0
VERTEX
  8
0
 10
92.683114
 20
475.812500
 42
0.051402
  0
VERTEX
  8
0
 10
92.839148
 20
476.359369
 42
0.054150
  0
VERTEX
  8
0
 10
92.876576
 20
476.916927
 42
0.060344
  0
VERTEX
  8
0
 10
92.797407
 20
477.402231
 42
0.126455
  0
VERTEX
  8
0
 10
92.604167
 20
477.729167
 42
0.296942
  0
VERTEX
  8
0
 10
92.385309
 20
477.775380
 42
0.208169
  0
VERTEX
  8
0
 10
92.200665
 20
477.592839
 42
0.077125
  0
VERTEX
  8
0
 10
92.089945
 20
477.112848
 42
0.028489
  0
SEQEND
  0
POLYLINE
  8
0
 66
1
 70
1
  0
VERTEX
  8
0
 10
111.000000
 20
471.000000
 42
0.000000
  0
VERTEX
  8
0
 10
111.000000
 20
467.000000
 42
0.000000
  0
VERTEX
  8
0
 10
129.750000
 20
467.225994
 42
0.000000
  0
VERTEX
  8
0
 10
148.500000
 20
467.451987
 42
0.000000
  0
VERTEX
  8
0
 10
130.250000
 20
467.748552
 42
0.000000
  0
VERTEX
  8
0
 10
112.000000
 20
468.045117
 42
0.000000
  0
VERTEX
  8
0
 10
112.000000
 20
470.980494
 42
0.000000
  0
VERTEX
  8
0
 10
112.000000
 20
473.915871
 42
0.000000
  0
VERTEX
  8
0
 10
119.750000
 20
474.256692
 42
0.000000
  0
VERTEX
  8
0
 10
127.500000
 20
474.597512
 42
0.000000
  0
VERTEX
  8
0
 10
119.250000
 20
474.798756
 42
0.000000
  0
VERTEX
  8
0
 10
111.000000
 20
475.000000
 42
0.000000
  0
SEQEND
  0
POLYLINE
  8
0
 66
1
 70
1
  0
VERTEX
  8
0
 10
135.776433
 20
474.266503
 42
0.013671
  0
VERTEX
  8
0
 10
137.684837
 20
474.147583
 42
0.008930
  0
VERTEX
  8
0
 10
139.890462
 20
474.110009
 42
0.008983
  0
VERTEX
  8
0
 10
142.043501
 20
474.150473
 42
0.016947
  0
VERTEX
  8
0
 10
143.776433
 20
474.273107
 42
0.153636
  0
VERTEX
  8
0
 10
144.099419
 20
474.413268
 42
0.661512
  0
VERTEX
  8
0
 10
144.056202
 20
474.547090
 42
0.018464
  0
VERTEX
  8
0
 10
142.373175
 20
474.635783
 42
0.004138
  0
VERTEX
  8
0
 10
139.500000
 20
474.657190
 42
0.003921
  0
VERTEX
  8
0
 10
136.635274
 20
474.632360
 42
0.022011
  0
VERTEX
  8
0
 10
135.106202
 20
474.539701
 42
0.807686
  0
VERTEX
  8
0
 10
135.092045
 20
474.408440
 42
0.057523
  0
SEQEND
  0
POLYLINE
  8
0
 66
1
 70
1
  0
VERTEX
  8
0
 10
252.056197
 20
470.105005
 42
0.102341
  0
VERTEX
  8
0
 10
251.655640
 20
468.749993
 42
0.170104
  0
VERTEX
  8
0
 10
251.951164
 20
467.609434
 42
0.118710
  0
VERTEX
  8
0
 10
253.023748
 20
466.622233
 42
0.038290
  0
VERTEX
  8
0
 10
255.000000
 20
465.713220
 42
-0.171484
  0
VERTEX
  8
0
 10
255.257404
 20
465.498936
 42
-0.451181
  0
VERTEX
  8
0
 10
255.192813
 20
465.297831
 42
-0.079109
  0
VERTEX
  8
0
 10
254.600686
 20
465.143819
 42
-0.017456
  0
VERTEX
  8
0
 10
253.550000
 20
465.078947
 42
0.018078
  0
VERTEX
  8
0
 10
252.176708
 20
464.992442
 42
0.116625
  0
VERTEX
  8
0
 10
251.524267
 20
464.768045
 42
0.339487
  0
VERTEX
  8
0
 10
251.391267
 20
464.406806
 42
0.121497
  0
VERTEX
  8
0
 10
251.693780
 20
463.906220
 42
0.148102
  0
VERTEX
  8
0
 10
253.129372
 20
463.138035
 42
0.143679
  0
VERTEX
  8
0
 10
254.768973
 20
463.282926
 42
0.128802
  0
VERTEX
  8
0
 10
256.202382
 20
464.327474
 42
0.109162
  0
VERTEX
  8
0
 10
257.049156
 20
466.005251
 42
0.106676
  0
VERTEX
  8
0
 10
257.167214
 20
469.161295
 42
0.178913
  0
VERTEX
  8
0
 10
255.843455
 20
471.424545
 42
0.275651
  0
VERTEX
  8
0
 10
253.851820
 20
471.724606
 42
0.174487
  0
SEQEND
  0
POLYLINE
  8
0
 66
1
 70
1
  0
VERTEX
  8
0
 10
255.500000
 20
469.000000
 42
-0.060810
  0
VERTEX
  8
0
 10
255.193797
 20
468.617485
 42
-0.051032
  0
VERTEX
  8
0
 10
254.787100
 20
468.293750
 42
-0.053229
  0
VERTEX
  8
0
 10
254.346558
 20
468.073302
 42
-0.089642
  0
VERTEX
  8
0
 10
253.940983
 20
468.000000
 42
-0.105429
  0
VERTEX
  8
0
 10
253.581949
 20
468.076556
 42
-0.099231
  0
VERTEX
  8
0
 10
253.276414
 20
468.293750
 42
-0.096318
  0
VERTEX
  8
0
 10
253.071618
 20
468.618268
 42
-0.092995
  0
VERTEX
  8
0
 10
253.000000
 20
469.000000
 42
-0.153634
  0
VERTEX
  8
0
 10
253.120018
 20
469.381379
 42
-0.097988
  0
VERTEX
  8
0
 10
253.457961
 20
469.706250
 42
-0.080552
  0
VERTEX
  8
0
 10
253.962904
 20
469.925455
 42
-0.062283
  0
VERTEX
  8
0
 10
254.559017
 20
470.000000
 42
-0.066118
  0
VERTEX
  8
0
 10
255.110654
 20
469.926733
 42
-0.138808
  0
VERTEX
  8
0
 10
255.478525
 20
469.706250
 42
-0.191142
  0
VERTEX
  8
0
 10
255.607943
 20
469.379648
 42
-0.139169
  0
SEQEND
  0
POLYLINE
  8
0
 66
1
 70
1
  0
VERTEX
  8
0
 10
241.000000
 20
468.892350
 42
0.111381
  0
VERTEX
  8
0
 10
241.077841
 20
468.547249
 42
0.050268
  0
VERTEX
  8
0
 10
241.319345
 20
468.148123
 42
0.046325
  0
VERTEX
  8
0
 10
241.671246
 20
467.760541
 42
0.046898
  0
VERTEX
  8
0
 10
242.087132
 20
467.446149
 42
-0.075363
  0
VERTEX
  8
0
 10
242.526767
 20
467.072821
 42
-0.181024
  0
VERTEX
  8
0
 10
242.674265
 20
466.678773
 42
-0.150038
  0
VERTEX
  8
0
 10
242.536977
 20
466.231562
 42
-0.047458
  0
VERTEX
  8
0
 10
242.087132
 20
465.687132
 42
0.050107
  0
VERTEX
  8
0
 10
241.154430
 20
464.546088
 42
0.327941
  0
VERTEX
  8
0
 10
241.188285
 20
463.850618
 42
0.201027
  0
VERTEX
  8
0
 10
241.974858
 20
463.429441
 42
0.023715
  0
VERTEX
  8
0
 10
244.000000
 20
463.333333
 42
0.036464
  0
VERTEX
  8
0
 10
245.910992
 20
463.472883
 42
0.180395
  0
VERTEX
  8
0
 10
246.840244
 20
463.983848
 42
0.357323
  0
VERTEX
  8
0
 10
246.858101
 20
464.705610
 42
0.089133
  0
VERTEX
  8
0
 10
245.912868
 20
465.553851
 42
-0.075363
  0
VERTEX
  8
0
 10
245.473233
 20
465.927179
 42
-0.181024
  0
VERTEX
  8
0
 10
245.325735
 20
466.321227
 42
-0.150038
  0
VERTEX
  8
0
 10
245.463023
 20
466.768438
 42
-0.047458
  0
VERTEX
  8
0
 10
245.912868
 20
467.312868
 42
0.050107
  0
VERTEX
  8
0
 10
246.845570
 20
468.453912
 42
0.327941
  0
VERTEX
  8
0
 10
246.811715
 20
469.149382
 42
0.201027
  0
VERTEX
  8
0
 10
246.025142
 20
469.570559
 42
0.023715
  0
VERTEX
  8
0
 10
244.000000
 20
469.666667
 42
0.024374
  0
VERTEX
  8
0
 10
242.850332
 20
469.610589
 42
0.038798
  0
VERTEX
  8
0
 10
241.881250
 20
469.439211
 42
0.045787
  0
VERTEX
  8
0
 10
241.190943
 20
469.191833
 42
0.291668
  0
SEQEND
  0
POLYLINE
  8
0
 66
1
 70
1
  0
VERTEX
  8
0
 10
103.131680
 20
463.500000
 42
-0.024181
  0
VERTEX
  8
0
 10
100.897178
 20
461.669419
 42
-0.060633
  0
VERTEX
  8
0
 10
99.068305
 20
460.629818
 42
-0.063063
  0
VERTEX
  8
0
 10
97.087098
 20
460.081904
 42
-0.027923
  0
VERTEX
  8
0
 10
94.378799
 20
459.842896
 42
0.000000
  0
VERTEX
  8
0
 10
89.500000
 20
459.685793
 42
0.000000
  0
VERTEX
  8
0
 10
94.500000
 20
459.092896
 42
0.016165
  0
VERTEX
  8
0
 10
97.498266
 20
458.835311
 42
0.088110
  0
VERTEX
  8
0
 10
99.108696
 20
459.033404
 42
0.110345
  0
VERTEX
  8
0
 10
100.377378
 20
459.756367
 42
0.032134
  0
VERTEX
  8
0
 10
101.950423
 20
461.382546
 42
-0.031869
  0
VERTEX
  8
0
 10
103.110854
 20
462.583443
 42
-0.021353
  0
VERTEX
  8
0
 10
104.576848
 20
463.808535
 42
-0.021538
  0
VERTEX
  8
0
 10
106.105335
 20
464.877616
 42
-0.039142
  0
VERTEX
  8
0
 10
107.450423
 20
465.593404
 42
0.015519
  0
VERTEX
  8
0
 10
108.625566
 20
466.149264
 42
0.084418
  0
VERTEX
  8
0
 10
109.187879
 20
466.569068
 42
0.456858
  0
VERTEX
  8
0
 10
109.163242
 20
466.824849
 42
0.149930
  0
VERTEX
  8
0
 10
108.752881
 20
466.960858
 42
0.119427
  0
VERTEX
  8
0
 10
107.837193
 20
466.760580
 42
0.024708
  0
VERTEX
  8
0
 10
106.380966
 20
465.960377
 42
0.024660
  0
VERTEX
  8
0
 10
104.743031
 20
464.836967
 42
0.021059
  0
SEQEND
  0
POLYLINE
  8
0
 66
1
 70
1
  0
VERTEX
  8
0
 10
149.083333
 20
466.635455
 42
0.052241
  0
VERTEX
  8
0
 10
149.368070
 20
466.434580
 42
0.005038
  0
VERTEX
  8
0
 10
150.111979
 20
466.028250
 42
0.006362
  0
VERTEX
  8
0
 10
151.012160
 20
465.562886
 42
0.004985
  0
VERTEX
  8
0
 10
152.000000
 20
465.080288
 42
0.001053
  0
VERTEX
  8
0
 10
153.688401
 20
464.280547
 42
0.260205
  0
VERTEX
  8
0
 10
153.849775
 20
464.291678
 42
0.508695
  0
VERTEX
  8
0
 10
153.855370
 20
464.399890
 42
0.001461
  0
VERTEX
  8
0
 10
152.558870
 20
465.444834
 42
0.047554
  0
VERTEX
  8
0
 10
151.248584
 20
466.304069
 42
0.038854
  0
VERTEX
  8
0
 10
149.709106
 20
466.968987
 42
0.186537
  0
VERTEX
  8
0
 10
149.132133
 20
466.946594
 42
0.551243
  0
SEQEND
  0
POLYLINE
  8
0
 66
1
 70
1
  0
VERTEX
  8
0
 10
316.591192
 20
464.147552
 42
0.156082
  0
VERTEX
  8
0
 10
316.281874
 20
462.904627
 42
0.114585
  0
VERTEX
  8
0
 10
316.696077
 20
461.536263
 42
0.101245
  0
VERTEX
  8
0
 10
317.737041
 20
460.358710
 42
0.097635
  0
VERTEX
  8
0
 10
319.169790
 20
459.665850
 42
-0.054751
  0
VERTEX
  8
0
 10
319.924858
 20
459.377175
 42
-0.103525
  0
VERTEX
  8
0
 10
320.429062
 20
458.968713
 42
-0.147875
  0
VERTEX
  8
0
 10
320.622896
 20
458.497138
 42
-0.163929
  0
VERTEX
  8
0
 10
320.511588
 20
458.018750
 42
-0.091028
  0
VERTEX
  8
0
 10
320.107606
 20
457.571964
 42
-0.174099
  0
VERTEX
  8
0
 10
319.652714
 20
457.426566
 42
-0.126250
  0
VERTEX
  8
0
 10
319.101192
 20
457.589074
 42
-0.038772
  0
VERTEX
  8
0
 10
318.386806
 20
458.093942
 42
0.091582
  0
VERTEX
  8
0
 10
317.235486
 20
458.738049
 42
0.240551
  0
VERTEX
  8
0
 10
316.325872
 20
458.605487
 42
0.330896
  0
VERTEX
  8
0
 10
316.090816
 20
457.883724
 42
0.115795
  0
VERTEX
  8
0
 10
316.701332
 20
456.898668
 42
0.156844
  0
VERTEX
  8
0
 10
318.297655
 20
456.079246
 42
0.113441
  0
VERTEX
  8
0
 10
320.307218
 20
456.205660
 42
0.116457
  0
VERTEX
  8
0
 10
322.020571
 20
457.188048
 42
0.170902
  0
VERTEX
  8
0
 10
322.814919
 20
458.714654
 42
0.065141
  0
VERTEX
  8
0
 10
322.827138
 20
459.810284
 42
0.137841
  0
VERTEX
  8
0
 10
322.504688
 20
460.588300
 42
0.120891
  0
VERTEX
  8
0
 10
321.788283
 20
461.148133
 42
0.044230
  0
VERTEX
  8
0
 10
320.564919
 20
461.573062
 42
-0.030735
  0
VERTEX
  8
0
 10
319.582767
 20
461.884812
 42
-0.042670
  0
VERTEX
  8
0
 10
318.753445
 20
462.289619
 42
-0.049550
  0
VERTEX
  8
0
 10
318.171149
 20
462.721721
 42
-0.211411
  0
VERTEX
  8
0
 10
318.000000
 20
463.108408
 42
-0.153367
  0
VERTEX
  8
0
 10
318.191540
 20
463.718169
 42
-0.262432
  0
VERTEX
  8
0
 10
318.658646
 20
463.943105
 42
-0.092542
  0
VERTEX
  8
0
 10
319.549615
 20
463.716490
 42
-0.014444
  0
VERTEX
  8
0
 10
321.181443
 20
462.902894
 42
0.014194
  0
VERTEX
  8
0
 10
322.245271
 20
462.371828
 42
0.148309
  0
VERTEX
  8
0
 10
322.722828
 20
462.304455
 42
0.388374
  0
VERTEX
  8
0
 10
322.908195
 20
462.535761
 42
0.063157
  0
VERTEX
  8
0
 10
322.788583
 20
463.152894
 42
0.213274
  0
VERTEX
  8
0
 10
321.867282
 20
464.166263
 42
0.063475
  0
VERTEX
  8
0
 10
319.812545
 20
464.770302
 42
0.064045
  0
VERTEX
  8
0
 10
317.697339
 20
464.836369
 42
0.234283
  0
SEQEND
  0
POLYLINE
  8
0
 66
1
 70
1
  0
VERTEX
  8
0
 10
325.000000
 20
461.035184
 42
0.065369
  0
VERTEX
  8
0
 10
325.376287
 20
458.169308
 42
0.141212
  0
VERTEX
  8
0
 10
326.512817
 20
456.280466
 42
0.188510
  0
VERTEX
  8
0
 10
328.227265
 20
455.603816
 42
0.129076
  0
VERTEX
  8
0
 10
330.275823
 20
456.134482
 42
0.202925
  0
VERTEX
  8
0
 10
331.451032
 20
457.648167
 42
0.044595
  0
VERTEX
  8
0
 10
332.022327
 20
460.963681
 42
0.046936
  0
VERTEX
  8
0
 10
331.983558
 20
464.115630
 42
0.383468
  0
VERTEX
  8
0
 10
331.000000
 20
465.000000
 42
0.277684
  0
VERTEX
  8
0
 10
330.614308
 20
464.767902
 42
0.052312
  0
VERTEX
  8
0
 10
330.293750
 20
463.971875
 42
0.042582
  0
VERTEX
  8
0
 10
330.072542
 20
462.841111
 42
0.027026
  0
VERTEX
  8
0
 10
330.000000
 20
461.500000
 42
-0.025511
  0
VERTEX
  8
0
 10
329.918107
 20
459.895967
 42
-0.075863
  0
VERTEX
  8
0
 10
329.642857
 20
458.833333
 42
-0.129352
  0
VERTEX
  8
0
 10
329.169448
 20
458.226074
 42
-0.164293
  0
VERTEX
  8
0
 10
328.500000
 20
458.000000
 42
-0.164293
  0
VERTEX
  8
0
 10
327.830552
 20
458.226074
 42
-0.129352
  0
VERTEX
  8
0
 10
327.357143
 20
458.833333
 42
-0.075863
  0
VERTEX
  8
0
 10
327.081893
 20
459.895967
 42
-0.025511
  0
VERTEX
  8
0
 10
327.000000
 20
461.500000
 42
0.027026
  0
VERTEX
  8
0
 10
326.927458
 20
462.841111
 42
0.042582
  0
VERTEX
  8
0
 10
326.706250
 20
463.971875
 42
0.052312
  0
VERTEX
  8
0
 10
326.385692
 20
464.767902
 42
0.277684
  0
VERTEX
  8
0
 10
326.000000
 20
465.000000
 42
0.294715
  0
VERTEX
  8
0
 10
325.612972
 20
464.750175
 42
0.044360
  0
VERTEX
  8
0
 10
325.293750
 20
463.835335
 42
0.037979
  0
VERTEX
  8
0
 10
325.072399
 20
462.554630
 42
0.023810
  0
SEQEND
  0
POLYLINE
  8
0
 66
1
 70
1
  0
VERTEX
  8
0
 10
334.000000
 20
460.500000
 42
0.020945
  0
VERTEX
  8
0
 10
334.072283
 20
458.775243
 42
0.033738
  0
VERTEX
  8
0
 10
334.293750
 20
457.321875
 42
0.036969
  0
VERTEX
  8
0
 10
334.611488
 20
456.267028
 42
0.310520
  0
VERTEX
  8
0
 10
335.000000
 20
456.000000
 42
0.310520
  0
VERTEX
  8
0
 10
335.388512
 20
456.267028
 42
0.036969
  0
VERTEX
  8
0
 10
335.706250
 20
457.321875
 42
0.033738
  0
VERTEX
  8
0
 10
335.927717
 20
458.775243
 42
0.020945
  0
VERTEX
  8
0
 10
336.000000
 20
460.500000
 42
0.020945
  0
VERTEX
  8
0
 10
335.927717
 20
462.224757
 42
0.033738
  0
VERTEX
  8
0
 10
335.706250
 20
463.678125
 42
0.036969
  0
VERTEX
  8
0
 10
335.388512
 20
464.732972
 42
0.310520
  0
VERTEX
  8
0
 10
335.000000
 20
465.000000
 42
0.310520
  0
VERTEX
  8
0
 10
334.611488
 20
464.732972
 42
0.036969
  0
VERTEX
  8
0
 10
334.293750
 20
463.678125
 42
0.033738
  0
VERTEX
  8
0
 10
334.072283
 20
462.224757
 42
0.020945
  0
SEQEND
  0
POLYLINE
  8
0
 66
1
 70
1
  0
VERTEX
  8
0
 10
338.250000
 20
463.919901
 42
-0.098841
  0
VERTEX
  8
0
 10
338.997397
 20
463.258469
 42
-0.069138
  0
VERTEX
  8
0
 10
339.549345
 20
462.274589
 42
-0.057255
  0
VERTEX
  8
0
 10
339.888325
 20
460.994167
 42
-0.036120
  0
VERTEX
  8
0
 10
340.000000
 20
459.450310
 42
0.027422
  0
VERTEX
  8
0
 10
340.072560
 20
458.128264
 42
0.043137
  0
VERTEX
  8
0
 10
340.293750
 20
457.013529
 42
0.053257
  0
VERTEX
  8
0
 10
340.614451
 20
456.230028
 42
0.275647
  0
VERTEX
  8
0
 10
341.000000
 20
456.000000
 42
0.277684
  0
VERTEX
  8
0
 10
341.385692
 20
456.232098
 42
0.052312
  0
VERTEX
  8
0
 10
341.706250
 20
457.028125
 42
0.042582
  0
VERTEX
  8
0
 10
341.927458
 20
458.158889
 42
0.027026
  0
VERTEX
  8
0
 10
342.000000
 20
459.500000
 42
-0.027026
  0
VERTEX
  8
0
 10
342.072542
 20
460.841111
 42
-0.042582
  0
VERTEX
  8
0
 10
342.293750
 20
461.971875
 42
-0.052312
  0
VERTEX
  8
0
 10
342.614308
 20
462.767902
 42
-0.277684
  0
VERTEX
  8
0
 10
343.000000
 20
463.000000
 42
0.099038
  0
VERTEX
  8
0
 10
343.381638
 20
463.076342
 42
0.097945
  0
VERTEX
  8
0
 10
343.706250
 20
463.293750
 42
0.097945
  0
VERTEX
  8
0
 10
343.923658
 20
463.618362
 42
0.099038
  0
VERTEX
  8
0
 10
344.000000
 20
464.000000
 42
0.288976
  0
VERTEX
  8
0
 10
343.757591
 20
464.384402
 42
0.048169
  0
VERTEX
  8
0
 10
342.898438
 20
464.697317
 42
0.040110
  0
VERTEX
  8
0
 10
341.687055
 20
464.908802
 42
0.025198
  0
VERTEX
  8
0
 10
340.250000
 20
464.969591
 42
0.007488
  0
VERTEX
  8
0
 10
338.252340
 20
464.923466
 42
0.111778
  0
VERTEX
  8
0
 10
337.582003
 20
464.744644
 42
0.521014
  0
VERTEX
  8
0
 10
337.542882
 20
464.437865
 42
0.052445
  0
SEQEND
  0
POLYLINE
  8
0
 66
1
 70
1
  0
VERTEX
  8
0
 10
345.843488
 20
460.500000
 42
0.013496
  0
VERTEX
  8
0
 10
346.147272
 20
457.654513
 42
0.143476
  0
VERTEX
  8
0
 10
346.615586
 20
456.601174
 42
0.191521
  0
VERTEX
  8
0
 10
347.523360
 20
456.118172
 42
0.027636
  0
VERTEX
  8
0
 10
349.659711
 20
456.000000
 42
0.023080
  0
VERTEX
  8
0
 10
351.053578
 20
456.064374
 42
0.064178
  0
VERTEX
  8
0
 10
352.008272
 20
456.278344
 42
0.143675
  0
VERTEX
  8
0
 10
352.463379
 20
456.613007
 42
0.310683
  0
VERTEX
  8
0
 10
352.483610
 20
457.026520
 42
0.079872
  0
VERTEX
  8
0
 10
352.153521
 20
457.408248
 42
0.061323
  0
VERTEX
  8
0
 10
351.690511
 20
457.708906
 42
0.061612
  0
VERTEX
  8
0
 10
351.170994
 20
457.887062
 42
0.082717
  0
VERTEX
  8
0
 10
350.674593
 20
457.908038
 42
-0.030543
  0
VERTEX
  8
0
 10
349.112434
 20
457.811434
 42
-0.072514
  0
VERTEX
  8
0
 10
347.962790
 20
457.978231
 42
-0.119669
  0
VERTEX
  8
0
 10
347.261426
 20
458.386406
 42
-0.204150
  0
VERTEX
  8
0
 10
347.000000
 20
459.000000
 42
-0.226478
  0
VERTEX
  8
0
 10
347.182831
 20
459.382936
 42
-0.074992
  0
VERTEX
  8
0
 10
347.734375
 20
459.706250
 42
-0.057076
  0
VERTEX
  8
0
 10
348.542644
 20
459.926884
 42
-0.038131
  0
VERTEX
  8
0
 10
349.500000
 20
460.000000
 42
0.038131
  0
VERTEX
  8
0
 10
350.457356
 20
460.073116
 42
0.057076
  0
VERTEX
  8
0
 10
351.265625
 20
460.293750
 42
0.074992
  0
VERTEX
  8
0
 10
351.817169
 20
460.617064
 42
0.226478
  0
VERTEX
  8
0
 10
352.000000
 20
461.000000
 42
0.230178
  0
VERTEX
  8
0
 10
351.813779
 20
461.383082
 42
0.073461
  0
VERTEX
  8
0
 10
351.248289
 20
461.706250
 42
0.055981
  0
VERTEX
  8
0
 10
350.420991
 20
461.926934
 42
0.037227
  0
VERTEX
  8
0
 10
349.440983
 20
462.000000
 42
-0.035308
  0
VERTEX
  8
0
 10
348.499857
 20
462.066541
 42
-0.075560
  0
VERTEX
  8
0
 10
347.804066
 20
462.275694
 42
-0.145661
  0
VERTEX
  8
0
 10
347.461268
 20
462.583784
 42
-0.282947
  0
VERTEX
  8
0
 10
347.462011
 20
462.938533
 42
-0.139541
  0
VERTEX
  8
0
 10
347.826070
 20
463.270904
 42
-0.061306
  0
VERTEX
  8
0
 10
348.446814
 20
463.490609
 42
-0.053920
  0
VERTEX
  8
0
 10
349.208024
 20
463.574668
 42
-0.048162
  0
VERTEX
  8
0
 10
350.000000
 20
463.500000
 42
0.048162
  0
VERTEX
  8
0
 10
350.791976
 20
463.425332
 42
0.053920
  0
VERTEX
  8
0
 10
351.553186
 20
463.509391
 42
0.061306
  0
VERTEX
  8
0
 10
352.173930
 20
463.729096
 42
0.139541
  0
VERTEX
  8
0
 10
352.537989
 20
464.061467
 42
0.394692
  0
VERTEX
  8
0
 10
352.465614
 20
464.421705
 42
0.084806
  0
VERTEX
  8
0
 10
351.836980
 20
464.726516
 42
0.047743
  0
VERTEX
  8
0
 10
350.738000
 20
464.934290
 42
0.022865
  0
VERTEX
  8
0
 10
349.301811
 20
465.000000
 42
0.000000
  0
VERTEX
  8
0
 10
345.485588
 20
465.000000
 42
0.000000
  0
SEQEND
  0
POLYLINE
  8
0
 66
1
 70
1
  0
VERTEX
  8
0
 10
107.000000
 20
458.500000
 42
0.012139
  0
VERTEX
  8
0
 10
107.068556
 20
455.676660
 42
0.136524
  0
VERTEX
  8
0
 10
107.417858
 20
454.622339
 42
0.212499
  0
VERTEX
  8
0
 10
108.202997
 20
454.129294
 42
0.035506
  0
VERTEX
  8
0
 10
110.021439
 20
454.000000
 42
0.044334
  0
VERTEX
  8
0
 10
111.499483
 20
454.131315
 42
0.087028
  0
VERTEX
  8
0
 10
112.604882
 20
454.535870
 42
0.094663
  0
VERTEX
  8
0
 10
113.447269
 20
455.264658
 42
0.060394
  0
VERTEX
  8
0
 10
114.124320
 20
456.373507
 42
0.104408
  0
VERTEX
  8
0
 10
114.672833
 20
458.832583
 42
0.143969
  0
VERTEX
  8
0
 10
114.062815
 20
460.998181
 42
0.145861
  0
VERTEX
  8
0
 10
112.386644
 20
462.469998
 42
0.108142
  0
VERTEX
  8
0
 10
109.964816
 20
463.000000
 42
0.037348
  0
VERTEX
  8
0
 10
108.191940
 20
462.867386
 42
0.212855
  0
VERTEX
  8
0
 10
107.414712
 20
462.370550
 42
0.134267
  0
VERTEX
  8
0
 10
107.068434
 20
461.310136
 42
0.012174
  0
SEQEND
  0
POLYLINE
  8
0
 66
1
 70
1
  0
VERTEX
  8
0
 10
112.836910
 20
458.608344
 42
-0.125577
  0
VERTEX
  8
0
 10
112.762556
 20
457.362127
 42
-0.100419
  0
VERTEX
  8
0
 10
112.104169
 20
456.184002
 42
-0.097978
  0
VERTEX
  8
0
 10
111.021330
 20
455.333694
 42
-0.112962
  0
VERTEX
  8
0
 10
109.750000
 20
455.015313
 42
-0.303471
  0
VERTEX
  8
0
 10
109.459531
 20
455.201028
 42
-0.043064
  0
VERTEX
  8
0
 10
109.220313
 20
455.907287
 42
-0.037112
  0
VERTEX
  8
0
 10
109.054246
 20
456.896546
 42
-0.023036
  0
VERTEX
  8
0
 10
109.000000
 20
458.073324
 42
-0.025158
  0
VERTEX
  8
0
 10
109.077004
 20
459.602765
 42
-0.116785
  0
VERTEX
  8
0
 10
109.364185
 20
460.432712
 42
-0.201689
  0
VERTEX
  8
0
 10
109.898599
 20
460.803934
 42
-0.100166
  0
VERTEX
  8
0
 10
110.738516
 20
460.811841
 42
-0.089636
  0
VERTEX
  8
0
 10
111.430062
 20
460.544374
 42
-0.065590
  0
VERTEX
  8
0
 10
112.072058
 20
460.026455
 42
-0.064355
  0
VERTEX
  8
0
 10
112.569448
 20
459.347754
 42
-0.078574
  0
SEQEND
  0
POLYLINE
  8
0
 66
1
 70
1
  0
VERTEX
  8
0
 10
116.000000
 20
458.500000
 42
0.020945
  0
VERTEX
  8
0
 10
116.072283
 20
456.775243
 42
0.033738
  0
VERTEX
  8
0
 10
116.293750
 20
455.321875
 42
0.036969
  0
VERTEX
  8
0
 10
116.611488
 20
454.267028
 42
0.310520
  0
VERTEX
  8
0
 10
117.000000
 20
454.000000
 42
0.310520
  0
VERTEX
  8
0
 10
117.388512
 20
454.267028
 42
0.036969
  0
VERTEX
  8
0
 10
117.706250
 20
455.321875
 42
0.033738
  0
VERTEX
  8
0
 10
117.927717
 20
456.775243
 42
0.020945
  0
VERTEX
  8
0
 10
118.000000
 20
458.500000
 42
0.020945
  0
VERTEX
  8
0
 10
117.927717
 20
460.224757
 42
0.033738
  0
VERTEX
  8
0
 10
117.706250
 20
461.678125
 42
0.036969
  0
VERTEX
  8
0
 10
117.388512
 20
462.732972
 42
0.310520
  0
VERTEX
  8
0
 10
117.000000
 20
463.000000
 42
0.310520
  0
VERTEX
  8
0
 10
116.611488
 20
462.732972
 42
0.036969
  0
VERTEX
  8
0
 10
116.293750
 20
461.678125
 42
0.033738
  0
VERTEX
  8
0
 10
116.072283
 20
460.224757
 42
0.020945
  0
SEQEND
  0
POLYLINE
  8
0
 66
1
 70
1
  0
VERTEX
  8
0
 10
120.000000
 20
458.500000
 42
0.021832
  0
VERTEX
  8
0
 10
120.075883
 20
456.762966
 42
0.035969
  0
VERTEX
  8
0
 10
120.308834
 20
455.312306
 42
0.041380
  0
VERTEX
  8
0
 10
120.645456
 20
454.275180
 42
0.302294
  0
VERTEX
  8
0
 10
121.059017
 20
454.000000
 42
0.080793
  0
VERTEX
  8
0
 10
121.426791
 20
454.059818
 42
0.159140
  0
VERTEX
  8
0
 10
121.662119
 20
454.234338
 42
0.183592
  0
VERTEX
  8
0
 10
121.729510
 20
454.494014
 42
0.111548
  0
VERTEX
  8
0
 10
121.625000
 20
454.797746
 42
-0.121846
  0
VERTEX
  8
0
 10
121.495652
 20
455.200052
 42
-0.055940
  0
VERTEX
  8
0
 10
121.519588
 20
455.754001
 42
-0.050679
  0
VERTEX
  8
0
 10
121.678899
 20
456.362118
 42
-0.049061
  0
VERTEX
  8
0
 10
121.958496
 20
456.932845
 42
-0.078316
  0
VERTEX
  8
0
 10
122.421286
 20
457.471390
 42
-0.279317
  0
VERTEX
  8
0
 10
122.851438
 20
457.540739
 42
-0.151285
  0
VERTEX
  8
0
 10
123.314060
 20
457.162640
 42
-0.023481
  0
VERTEX
  8
0
 10
123.927697
 20
456.135100
 42
0.055688
  0
VERTEX
  8
0
 10
125.181360
 20
454.313041
 42
0.397355
  0
VERTEX
  8
0
 10
126.152220
 20
454.215211
 42
0.204970
  0
VERTEX
  8
0
 10
126.837469
 20
455.439023
 42
0.026530
  0
VERTEX
  8
0
 10
127.000000
 20
458.500000
 42
0.019083
  0
VERTEX
  8
0
 10
126.934145
 20
460.224883
 42
0.030916
  0
VERTEX
  8
0
 10
126.732116
 20
461.678125
 42
0.032106
  0
VERTEX
  8
0
 10
126.443396
 20
462.745657
 42
0.321008
  0
VERTEX
  8
0
 10
126.088056
 20
463.000000
 42
0.274818
  0
VERTEX
  8
0
 10
125.759694
 20
462.804776
 42
0.069393
  0
VERTEX
  8
0
 10
125.531955
 20
462.198715
 42
0.051173
  0
VERTEX
  8
0
 10
125.426925
 20
461.317479
 42
0.031436
  0
VERTEX
  8
0
 10
125.475547
 20
460.272221
 42
0.000000
  0
VERTEX
  8
0
 10
125.774981
 20
457.544442
 42
0.000000
  0
VERTEX
  8
0
 10
123.599926
 20
460.272221
 42
0.014836
  0
VERTEX
  8
0
 10
122.714882
 20
461.317017
 42
0.020342
  0
VERTEX
  8
0
 10
121.854515
 20
462.198715
 42
0.017561
  0
VERTEX
  8
0
 10
121.102887
 20
462.860403
 42
0.173389
  0
VERTEX
  8
0
 10
120.712435
 20
463.000000
 42
0.344832
  0
VERTEX
  8
0
 10
120.432576
 20
462.780943
 42
0.021385
  0
VERTEX
  8
0
 10
120.209278
 20
461.678125
 42
0.024380
  0
VERTEX
  8
0
 10
120.051351
 20
460.225129
 42
0.014880
  0
SEQEND
  0
POLYLINE
  8
0
 66
1
 70
1
  0
VERTEX
  8
0
 10
129.000000
 20
458.500000
 42
0.020945
  0
VERTEX
  8
0
 10
129.072283
 20
456.775243
 42
0.033738
  0
VERTEX
  8
0
 10
129.293750
 20
455.321875
 42
0.036969
  0
VERTEX
  8
0
 10
129.611488
 20
454.267028
 42
0.310520
  0
VERTEX
  8
0
 10
130.000000
 20
454.000000
 42
0.310520
  0
VERTEX
  8
0
 10
130.388512
 20
454.267028
 42
0.036969
  0
VERTEX
  8
0
 10
130.706250
 20
455.321875
 42
0.033738
  0
VERTEX
  8
0
 10
130.927717
 20
456.775243
 42
0.020945
  0
VERTEX
  8
0
 10
131.000000
 20
458.500000
 42
0.020945
  0
VERTEX
  8
0
 10
130.927717
 20
460.224757
 42
0.033738
  0
VERTEX
  8
0
 10
130.706250
 20
461.678125
 42
0.036969
  0
VERTEX
  8
0
 10
130.388512
 20
462.732972
 42
0.310520
  0
VERTEX
  8
0
 10
130.000000
 20
463.000000
 42
0.310520
  0
VERTEX
  8
0
 10
129.611488
 20
462.732972
 42
0.036969
  0
VERTEX
  8
0
 10
129.293750
 20
461.678125
 42
0.033738
  0
VERTEX
  8
0
 10
129.072283
 20
460.224757
 42
0.020945
  0
SEQEND
  0
POLYLINE
  8
0
 66
1
 70
1
  0
VERTEX
  8
0
 10
133.000000
 20
458.500000
 42
0.018965
  0
VERTEX
  8
0
 10
133.065449
 20
456.775110
 42
0.030736
  0
VERTEX
  8
0
 10
133.266249
 20
455.321875
 42
0.031800
  0
VERTEX
  8
0
 10
133.553138
 20
454.253486
 42
0.321674
  0
VERTEX
  8
0
 10
133.906380
 20
454.000000
 42
0.243840
  0
VERTEX
  8
0
 10
134.210205
 20
454.157535
 42
0.106581
  0
VERTEX
  8
0
 10
134.392877
 20
454.587500
 42
0.070464
  0
VERTEX
  8
0
 10
134.424365
 20
455.233678
 42
0.040966
  0
VERTEX
  8
0
 10
134.289749
 20
456.000000
 42
-0.039524
  0
VERTEX
  8
0
 10
134.152844
 20
456.766389
 42
-0.068231
  0
VERTEX
  8
0
 10
134.177722
 20
457.412500
 42
-0.103445
  0
VERTEX
  8
0
 10
134.350201
 20
457.843215
 42
-0.251018
  0
VERTEX
  8
0
 10
134.642822
 20
458.000000
 42
-0.152014
  0
VERTEX
  8
0
 10
135.062670
 20
457.869335
 42
-0.037929
  0
VERTEX
  8
0
 10
135.628456
 20
457.412500
 42
-0.035253
  0
VERTEX
  8
0
 10
136.225418
 20
456.765558
 42
-0.029137
  0
VERTEX
  8
0
 10
136.767927
 20
456.000000
 42
0.057883
  0
VERTEX
  8
0
 10
138.132013
 20
454.291897
 42
0.376301
  0
VERTEX
  8
0
 10
139.143607
 20
454.229654
 42
0.203594
  0
VERTEX
  8
0
 10
139.834232
 20
455.462221
 42
0.027264
  0
VERTEX
  8
0
 10
140.000000
 20
458.500000
 42
0.020945
  0
VERTEX
  8
0
 10
139.927717
 20
460.224757
 42
0.033738
  0
VERTEX
  8
0
 10
139.706250
 20
461.678125
 42
0.036969
  0
VERTEX
  8
0
 10
139.388512
 20
462.732972
 42
0.310520
  0
VERTEX
  8
0
 10
139.000000
 20
463.000000
 42
0.239965
  0
VERTEX
  8
0
 10
138.614462
 20
462.803663
 42
0.067969
  0
VERTEX
  8
0
 10
138.285933
 20
462.192187
 42
0.052408
  0
VERTEX
  8
0
 10
138.056524
 20
461.303286
 42
0.034558
  0
VERTEX
  8
0
 10
137.973391
 20
460.250000
 42
0.000000
  0
VERTEX
  8
0
 10
137.946781
 20
457.500000
 42
0.000000
  0
VERTEX
  8
0
 10
136.241774
 20
460.250000
 42
0.025350
  0
VERTEX
  8
0
 10
134.628191
 20
462.580021
 42
0.367699
  0
VERTEX
  8
0
 10
133.718333
 20
462.773674
 42
0.257422
  0
VERTEX
  8
0
 10
133.113376
 20
461.833780
 42
0.016999
  0
SEQEND
  0
POLYLINE
  8
0
 66
1
 70
1
  0
VERTEX
  8
0
 10
143.050187
 20
461.560472
 42
0.084021
  0
VERTEX
  8
0
 10
142.614534
 20
460.808467
 42
0.038760
  0
VERTEX
  8
0
 10
142.301092
 20
459.718229
 42
0.036965
  0
VERTEX
  8
0
 10
142.142582
 20
458.492178
 42
0.042235
  0
VERTEX
  8
0
 10
142.177742
 20
457.310472
 42
0.047114
  0
VERTEX
  8
0
 10
142.503015
 20
455.771735
 42
0.154825
  0
VERTEX
  8
0
 10
143.090466
 20
454.930670
 42
0.120061
  0
VERTEX
  8
0
 10
144.154399
 20
454.462022
 42
0.023344
  0
VERTEX
  8
0
 10
146.250000
 20
454.189635
 42
0.015936
  0
VERTEX
  8
0
 10
148.473696
 20
454.076781
 42
0.140733
  0
VERTEX
  8
0
 10
149.414146
 20
454.327757
 42
0.216483
  0
VERTEX
  8
0
 10
149.870905
 20
454.989716
 42
0.044430
  0
VERTEX
  8
0
 10
150.000000
 20
456.439635
 42
0.042708
  0
VERTEX
  8
0
 10
149.895532
 20
457.660438
 42
0.123727
  0
VERTEX
  8
0
 10
149.554715
 20
458.429954
 42
0.151860
  0
VERTEX
  8
0
 10
148.941024
 20
458.855454
 42
0.076355
  0
VERTEX
  8
0
 10
148.000000
 20
459.000000
 42
0.048028
  0
VERTEX
  8
0
 10
147.234582
 20
458.926307
 42
0.068025
  0
VERTEX
  8
0
 10
146.587500
 20
458.706250
 42
0.088204
  0
VERTEX
  8
0
 10
146.151477
 20
458.381882
 42
0.191087
  0
VERTEX
  8
0
 10
146.000000
 20
458.000000
 42
0.119248
  0
VERTEX
  8
0
 10
146.092278
 20
457.618586
 42
0.100665
  0
VERTEX
  8
0
 10
146.352500
 20
457.293750
 42
0.092192
  0
VERTEX
  8
0
 10
146.741680
 20
457.075612
 42
0.081935
  0
VERTEX
  8
0
 10
147.200000
 20
457.000000
 42
-0.055646
  0
VERTEX
  8
0
 10
147.713736
 20
456.942647
 42
-0.328701
  0
VERTEX
  8
0
 10
147.880426
 20
456.750000
 42
-0.193675
  0
VERTEX
  8
0
 10
147.780278
 20
456.431309
 42
-0.024582
  0
VERTEX
  8
0
 10
147.287132
 20
455.887132
 42
-0.151410
  0
VERTEX
  8
0
 10
146.128165
 20
455.276581
 42
-0.226067
  0
VERTEX
  8
0
 10
145.040498
 20
455.566313
 42
-0.149544
  0
VERTEX
  8
0
 10
144.259536
 20
456.787635
 42
-0.068112
  0
VERTEX
  8
0
 10
144.000000
 20
458.684017
 42
-0.034231
  0
VERTEX
  8
0
 10
144.099179
 20
460.130996
 42
-0.216756
  0
VERTEX
  8
0
 10
144.483829
 20
460.739402
 42
-0.174909
  0
VERTEX
  8
0
 10
145.253796
 20
460.922772
 42
-0.021223
  0
VERTEX
  8
0
 10
147.000000
 20
460.650000
 42
0.045322
  0
VERTEX
  8
0
 10
148.951873
 20
460.440716
 42
0.229932
  0
VERTEX
  8
0
 10
149.915983
 20
460.889635
 42
0.427108
  0
VERTEX
  8
0
 10
149.824798
 20
461.619469
 42
0.068302
  0
VERTEX
  8
0
 10
148.418213
 20
462.393011
 42
0.043149
  0
VERTEX
  8
0
 10
146.689216
 20
462.890499
 42
0.087166
  0
VERTEX
  8
0
 10
145.276649
 20
462.918792
 42
0.102665
  0
VERTEX
  8
0
 10
144.091320
 20
462.474688
 42
0.078908
  0
SEQEND
  0
POLYLINE
  8
0
 66
1
 70
1
  0
VERTEX
  8
0
 10
231.000000
 20
460.000000
 42
0.105053
  0
VERTEX
  8
0
 10
231.081062
 20
459.618444
 42
0.099167
  0
VERTEX
  8
0
 10
231.311086
 20
459.293750
 42
0.096420
  0
VERTEX
  8
0
 10
231.654762
 20
459.076123
 42
0.093332
  0
VERTEX
  8
0
 10
232.059017
 20
459.000000
 42
0.108972
  0
VERTEX
  8
0
 10
232.413961
 20
459.078288
 42
0.182303
  0
VERTEX
  8
0
 10
232.625400
 20
459.293750
 42
0.161196
  0
VERTEX
  8
0
 10
232.656512
 20
459.617900
 42
0.082592
  0
VERTEX
  8
0
 10
232.500000
 20
460.000000
 42
0.029505
  0
VERTEX
  8
0
 10
232.231006
 20
460.382774
 42
0.035638
  0
VERTEX
  8
0
 10
231.933975
 20
460.706250
 42
0.038439
  0
VERTEX
  8
0
 10
231.651710
 20
460.934461
 42
0.151918
  0
VERTEX
  8
0
 10
231.440983
 20
461.000000
 42
0.210953
  0
VERTEX
  8
0
 10
231.272352
 20
460.925540
 42
0.081139
  0
VERTEX
  8
0
 10
231.129539
 20
460.706250
 42
0.061769
  0
VERTEX
  8
0
 10
231.032345
 20
460.382849
 42
0.042167
  0
SEQEND
  0
POLYLINE
  8
0
 66
1
 70
1
  0
VERTEX
  8
0
 10
160.250000
 20
459.283746
 42
0.023547
  0
VERTEX
  8
0
 10
161.502218
 20
459.153981
 42
0.014044
  0
VERTEX
  8
0
 10
163.000000
 20
459.111902
 42
0.014044
  0
VERTEX
  8
0
 10
164.497782
 20
459.153981
 42
0.023547
  0
VERTEX
  8
0
 10
165.750000
 20
459.283746
 42
0.124239
  0
VERTEX
  8
0
 10
166.112409
 20
459.435926
 42
0.664672
  0
VERTEX
  8
0
 10
166.076562
 20
459.577962
 42
0.031260
  0
VERTEX
  8
0
 10
164.970620
 20
459.675363
 42
0.006336
  0
VERTEX
  8
0
 10
163.000000
 20
459.700336
 42
0.006336
  0
VERTEX
  8
0
 10
161.029380
 20
459.675363
 42
0.031260
  0
VERTEX
  8
0
 10
159.923438
 20
459.577962
 42
0.664672
  0
VERTEX
  8
0
 10
159.887591
 20
459.435926
 42
0.124239
  0
SEQEND
  0
POLYLINE
  8
0
 66
1
 70
1
  0
VERTEX
  8
0
 10
259.812500
 20
459.316886
 42
0.051402
  0
VERTEX
  8
0
 10
260.359369
 20
459.160852
 42
0.054150
  0
VERTEX
  8
0
 10
260.916927
 20
459.123424
 42
0.060344
  0
VERTEX
  8
0
 10
261.402231
 20
459.202593
 42
0.126455
  0
VERTEX
  8
0
 10
261.729167
 20
459.395833
 42
0.296942
  0
VERTEX
  8
0
 10
261.775380
 20
459.614691
 42
0.208169
  0
VERTEX
  8
0
 10
261.592839
 20
459.799335
 42
0.077125
  0
VERTEX
  8
0
 10
261.112848
 20
459.910055
 42
0.028489
  0
VERTEX
  8
0
 10
260.416667
 20
459.921053
 42
0.018894
  0
VERTEX
  8
0
 10
259.670344
 20
459.862007
 42
0.168741
  0
VERTEX
  8
0
 10
259.378580
 20
459.720685
 42
0.470617
  0
VERTEX
  8
0
 10
259.395823
 20
459.538436
 42
0.054073
  0
SEQEND
  0
POLYLINE
  8
0
 66
1
 70
1
  0
VERTEX
  8
0
 10
252.249877
 20
456.066050
 42
0.011265
  0
VERTEX
  8
0
 10
250.643457
 20
454.846259
 42
0.012892
  0
VERTEX
  8
0
 10
249.165853
 20
453.607358
 42
0.012075
  0
VERTEX
  8
0
 10
247.970058
 20
452.498524
 42
0.068769
  0
VERTEX
  8
0
 10
247.438588
 20
451.816050
 42
0.252926
  0
VERTEX
  8
0
 10
247.431642
 20
451.575452
 42
0.413898
  0
VERTEX
  8
0
 10
247.609374
 20
451.516685
 42
0.052440
  0
VERTEX
  8
0
 10
248.203479
 20
451.897746
 42
0.012985
  0
VERTEX
  8
0
 10
249.088750
 20
452.645005
 42
-0.017494
  0
VERTEX
  8
0
 10
250.261224
 20
453.616730
 42
-0.008534
  0
VERTEX
  8
0
 10
251.819820
 20
454.777159
 42
-0.008454
  0
VERTEX
  8
0
 10
253.483830
 20
455.930331
 42
-0.012107
  0
VERTEX
  8
0
 10
255.000000
 20
456.891267
 42
0.013031
  0
VERTEX
  8
0
 10
256.270433
 20
457.699752
 42
0.031809
  0
VERTEX
  8
0
 10
257.148761
 20
458.376378
 42
0.080584
  0
VERTEX
  8
0
 10
257.506533
 20
458.809885
 42
0.578071
  0
VERTEX
  8
0
 10
257.400038
 20
458.996262
 42
0.117496
  0
VERTEX
  8
0
 10
256.759873
 20
458.846020
 42
0.013211
  0
VERTEX
  8
0
 10
255.433444
 20
458.137054
 42
0.015446
  0
VERTEX
  8
0
 10
253.881307
 20
457.189336
 42
0.011964
  0
SEQEND
  0
POLYLINE
  8
0
 66
1
 70
1
  0
VERTEX
  8
0
 10
301.000000
 20
449.500000
 42
0.019818
  0
VERTEX
  8
0
 10
300.381410
 20
448.691490
 42
0.206329
  0
VERTEX
  8
0
 10
300.297539
 20
448.291157
 42
0.313266
  0
VERTEX
  8
0
 10
300.539364
 20
448.059835
 42
0.039029
  0
VERTEX
  8
0
 10
301.304736
 20
448.000000
 42
-0.129800
  0
VERTEX
  8
0
 10
301.998168
 20
447.816901
 42
-0.172337
  0
VERTEX
  8
0
 10
302.421725
 20
447.327264
 42
-0.098306
  0
VERTEX
  8
0
 10
302.579824
 20
446.437550
 42
-0.026448
  0
VERTEX
  8
0
 10
302.474689
 20
445.000000
 42
0.029764
  0
VERTEX
  8
0
 10
302.390683
 20
443.736284
 42
0.068747
  0
VERTEX
  8
0
 10
302.514169
 20
442.794770
 42
0.113008
  0
VERTEX
  8
0
 10
302.825827
 20
442.214323
 42
0.216538
  0
VERTEX
  8
0
 10
303.297508
 20
442.000000
 42
0.264407
  0
VERTEX
  8
0
 10
303.805035
 20
442.288561
 42
0.069037
  0
VERTEX
  8
0
 10
304.183195
 20
443.185557
 42
0.045629
  0
VERTEX
  8
0
 10
304.424954
 20
444.594575
 42
0.019685
  0
VERTEX
  8
0
 10
304.500000
 20
446.500000
 42
0.031517
  0
VERTEX
  8
0
 10
304.314753
 20
449.435932
 42
0.186142
  0
VERTEX
  8
0
 10
303.597245
 20
450.767946
 42
0.334082
  0
VERTEX
  8
0
 10
302.496663
 20
450.838235
 42
0.074387
  0
SEQEND
  0
POLYLINE
  8
0
 66
1
 70
1
  0
VERTEX
  8
0
 10
307.666667
 20
450.333333
 42
0.082111
  0
VERTEX
  8
0
 10
307.035959
 20
449.452755
 42
0.226189
  0
VERTEX
  8
0
 10
307.026435
 20
448.708654
 42
0.358511
  0
VERTEX
  8
0
 10
307.534316
 20
448.463176
 42
0.114111
  0
VERTEX
  8
0
 10
308.342009
 20
448.868879
 42
-0.103035
  0
VERTEX
  8
0
 10
309.698284
 20
449.587739
 42
-0.490433
  0
VERTEX
  8
0
 10
310.304148
 20
449.146090
 42
-0.136538
  0
VERTEX
  8
0
 10
309.913874
 20
447.567899
 42
-0.034458
  0
VERTEX
  8
0
 10
308.444324
 20
445.338118
 42
0.000000
  0
VERTEX
  8
0
 10
305.898217
 20
442.000000
 42
0.000000
  0
VERTEX
  8
0
 10
309.699109
 20
442.031803
 42
0.007428
  0
VERTEX
  8
0
 10
311.850379
 20
442.081772
 42
0.125369
  0
VERTEX
  8
0
 10
312.526412
 20
442.281682
 42
0.471336
  0
VERTEX
  8
0
 10
312.582034
 20
442.642541
 42
0.048134
  0
VERTEX
  8
0
 10
311.855053
 20
443.315229
 42
-0.041513
  0
VERTEX
  8
0
 10
311.031247
 20
444.057546
 42
-0.164155
  0
VERTEX
  8
0
 10
310.751439
 20
444.669272
 42
-0.151250
  0
VERTEX
  8
0
 10
310.888312
 20
445.356351
 42
-0.033640
  0
VERTEX
  8
0
 10
311.536369
 20
446.380625
 42
0.050726
  0
VERTEX
  8
0
 10
312.003824
 20
447.178429
 42
0.047136
  0
VERTEX
  8
0
 10
312.314916
 20
448.073675
 42
0.050438
  0
VERTEX
  8
0
 10
312.434899
 20
448.928524
 42
0.101613
  0
VERTEX
  8
0
 10
312.324328
 20
449.597199
 42
0.171659
  0
VERTEX
  8
0
 10
311.579162
 20
450.470464
 42
0.092166
  0
VERTEX
  8
0
 10
310.227737
 20
450.949372
 42
0.089408
  0
VERTEX
  8
0
 10
308.755000
 20
450.917569
 42
0.147421
  0
SEQEND
  0
POLYLINE
  8
0
 66
1
 70
1
  0
VERTEX
  8
0
 10
319.703315
 20
448.468575
 42
-0.047838
  0
VERTEX
  8
0
 10
318.867002
 20
447.524147
 42
-0.043879
  0
VERTEX
  8
0
 10
317.843284
 20
446.725144
 42
-0.046705
  0
VERTEX
  8
0
 10
316.794924
 20
446.177107
 42
-0.097392
  0
VERTEX
  8
0
 10
315.894298
 20
446.000000
 42
0.049111
  0
VERTEX
  8
0
 10
315.166756
 20
445.928367
 42
0.106878
  0
VERTEX
  8
0
 10
314.654636
 20
445.706250
 42
0.183378
  0
VERTEX
  8
0
 10
314.436943
 20
445.378210
 42
0.196663
  0
VERTEX
  8
0
 10
314.500000
 20
445.000000
 42
0.161112
  0
VERTEX
  8
0
 10
314.961364
 20
444.613175
 42
0.035024
  0
VERTEX
  8
0
 10
315.964612
 20
444.293750
 42
0.033102
  0
VERTEX
  8
0
 10
317.232768
 20
444.073393
 42
0.026472
  0
VERTEX
  8
0
 10
318.618034
 20
444.000000
 42
-0.023501
  0
VERTEX
  8
0
 10
319.999067
 20
443.935054
 42
-0.060073
  0
VERTEX
  8
0
 10
320.976172
 20
443.722717
 42
-0.127618
  0
VERTEX
  8
0
 10
321.465082
 20
443.396884
 42
-0.332127
  0
VERTEX
  8
0
 10
321.500000
 20
443.000000
 42
0.146489
  0
VERTEX
  8
0
 10
321.397987
 20
442.620597
 42
0.191582
  0
VERTEX
  8
0
 10
321.538811
 20
442.293750
 42
0.134005
  0
VERTEX
  8
0
 10
321.925364
 20
442.072951
 42
0.063222
  0
VERTEX
  8
0
 10
322.500000
 20
442.000000
 42
0.063222
  0
VERTEX
  8
0
 10
323.074636
 20
442.072951
 42
0.134005
  0
VERTEX
  8
0
 10
323.461189
 20
442.293750
 42
0.191582
  0
VERTEX
  8
0
 10
323.602013
 20
442.620597
 42
0.146489
  0
VERTEX
  8
0
 10
323.500000
 20
443.000000
 42
-0.103804
  0
VERTEX
  8
0
 10
323.362313
 20
443.381086
 42
-0.179349
  0
VERTEX
  8
0
 10
323.433350
 20
443.706250
 42
-0.165378
  0
VERTEX
  8
0
 10
323.706922
 20
443.924327
 42
-0.086517
  0
VERTEX
  8
0
 10
324.140983
 20
444.000000
 42
0.047194
  0
VERTEX
  8
0
 10
324.717794
 20
444.054566
 42
0.346165
  0
VERTEX
  8
0
 10
324.887705
 20
444.250000
 42
0.191730
  0
VERTEX
  8
0
 10
324.775162
 20
444.578868
 42
0.019206
  0
VERTEX
  8
0
 10
324.200000
 20
445.200000
 42
-0.075503
  0
VERTEX
  8
0
 10
323.739764
 20
445.825061
 42
-0.038434
  0
VERTEX
  8
0
 10
323.352500
 20
446.723125
 42
-0.037078
  0
VERTEX
  8
0
 10
323.088418
 20
447.731340
 42
-0.045545
  0
VERTEX
  8
0
 10
323.000000
 20
448.700000
 42
0.054064
  0
VERTEX
  8
0
 10
322.816654
 20
450.390674
 42
0.372080
  0
VERTEX
  8
0
 10
322.198869
 20
450.852885
 42
0.197019
  0
VERTEX
  8
0
 10
321.231877
 20
450.374827
 42
0.023366
  0
SEQEND
  0
POLYLINE
  8
0
 66
1
 70
1
  0
VERTEX
  8
0
 10
321.500000
 20
446.000000
 42
-0.082592
  0
VERTEX
  8
0
 10
321.656512
 20
445.617900
 42
-0.161196
  0
VERTEX
  8
0
 10
321.625400
 20
445.293750
 42
-0.182303
  0
VERTEX
  8
0
 10
321.413961
 20
445.078288
 42
-0.108972
  0
VERTEX
  8
0
 10
321.059017
 20
445.000000
 42
-0.093332
  0
VERTEX
  8
0
 10
320.654762
 20
445.076123
 42
-0.096420
  0
VERTEX
  8
0
 10
320.311086
 20
445.293750
 42
-0.099167
  0
VERTEX
  8
0
 10
320.081062
 20
445.618444
 42
-0.105053
  0
VERTEX
  8
0
 10
320.000000
 20
446.000000
 42
-0.042167
  0
VERTEX
  8
0
 10
320.032345
 20
446.382849
 42
-0.061769
  0
VERTEX
  8
0
 10
320.129539
 20
446.706250
 42
-0.081139
  0
VERTEX
  8
0
 10
320.272352
 20
446.925540
 42
-0.210953
  0
VERTEX
  8
0
 10
320.440983
 20
447.000000
 42
-0.151918
  0
VERTEX
  8
0
 10
320.651710
 20
446.934461
 42
-0.038439
  0
VERTEX
  8
0
 10
320.933975
 20
446.706250
 42
-0.035638
  0
VERTEX
  8
0
 10
321.231006
 20
446.382774
 42
-0.029505
  0
SEQEND
  0
POLYLINE
  8
0
 66
1
 70
1
  0
VERTEX
  8
0
 10
341.000000
 20
449.500000
 42
0.024942
  0
VERTEX
  8
0
 10
340.482290
 20
448.808783
 42
0.128583
  0
VERTEX
  8
0
 10
340.325424
 20
448.361364
 42
0.300026
  0
VERTEX
  8
0
 10
340.467821
 20
448.101643
 42
0.122183
  0
VERTEX
  8
0
 10
340.877555
 20
448.000000
 42
-0.237042
  0
VERTEX
  8
0
 10
341.307871
 20
447.783849
 42
-0.070564
  0
VERTEX
  8
0
 10
341.670282
 20
447.118750
 42
-0.053973
  0
VERTEX
  8
0
 10
341.918088
 20
446.148997
 42
-0.035600
  0
VERTEX
  8
0
 10
342.000000
 20
445.000000
 42
0.031626
  0
VERTEX
  8
0
 10
342.072766
 20
443.850749
 42
0.048861
  0
VERTEX
  8
0
 10
342.293750
 20
442.881250
 42
0.062710
  0
VERTEX
  8
0
 10
342.615738
 20
442.209557
 42
0.254951
  0
VERTEX
  8
0
 10
343.000000
 20
442.000000
 42
0.310520
  0
VERTEX
  8
0
 10
343.388512
 20
442.267028
 42
0.036969
  0
VERTEX
  8
0
 10
343.706250
 20
443.321875
 42
0.033738
  0
VERTEX
  8
0
 10
343.927717
 20
444.775243
 42
0.020945
  0
VERTEX
  8
0
 10
344.000000
 20
446.500000
 42
0.021992
  0
VERTEX
  8
0
 10
343.868611
 20
449.485709
 42
0.176149
  0
VERTEX
  8
0
 10
343.295700
 20
450.713218
 42
0.367839
  0
VERTEX
  8
0
 10
342.378126
 20
450.787189
 42
0.063475
  0
SEQEND
  0
POLYLINE
  8
0
 66
1
 70
1
  0
VERTEX
  8
0
 10
347.000000
 20
449.377555
 42
0.037094
  0
VERTEX
  8
0
 10
347.058351
 20
448.592114
 42
0.285615
  0
VERTEX
  8
0
 10
347.286976
 20
448.323268
 42
0.228612
  0
VERTEX
  8
0
 10
347.676516
 20
448.378099
 42
0.025852
  0
VERTEX
  8
0
 10
348.410972
 20
448.926114
 42
-0.132125
  0
VERTEX
  8
0
 10
349.761973
 20
449.545705
 42
-0.463559
  0
VERTEX
  8
0
 10
350.399040
 20
449.008155
 42
-0.131178
  0
VERTEX
  8
0
 10
349.934708
 20
447.256284
 42
-0.044917
  0
VERTEX
  8
0
 10
348.417793
 20
445.084672
 42
0.000000
  0
VERTEX
  8
0
 10
345.822213
 20
442.000000
 42
0.000000
  0
VERTEX
  8
0
 10
349.661106
 20
442.031803
 42
0.007392
  0
VERTEX
  8
0
 10
351.832087
 20
442.081891
 42
0.123486
  0
VERTEX
  8
0
 10
352.518493
 20
442.281932
 42
0.472141
  0
VERTEX
  8
0
 10
352.576672
 20
442.644139
 42
0.049390
  0
VERTEX
  8
0
 10
351.855053
 20
443.315229
 42
-0.041513
  0
VERTEX
  8
0
 10
351.031247
 20
444.057546
 42
-0.164155
  0
VERTEX
  8
0
 10
350.751439
 20
444.669272
 42
-0.151250
  0
VERTEX
  8
0
 10
350.888312
 20
445.356351
 42
-0.033640
  0
VERTEX
  8
0
 10
351.536369
 20
446.380625
 42
0.092338
  0
VERTEX
  8
0
 10
352.361116
 20
448.100176
 42
0.176163
  0
VERTEX
  8
0
 10
352.231646
 20
449.607531
 42
0.184585
  0
VERTEX
  8
0
 10
351.177393
 20
450.632482
 42
0.101912
  0
VERTEX
  8
0
 10
349.393011
 20
451.000000
 42
0.050352
  0
VERTEX
  8
0
 10
348.369676
 20
450.896685
 42
0.098963
  0
VERTEX
  8
0
 10
347.618735
 20
450.580502
 42
0.127119
  0
VERTEX
  8
0
 10
347.164176
 20
450.064433
 42
0.117849
  0
SEQEND
  0
POLYLINE
  8
0
 66
1
 70
1
  0
VERTEX
  8
0
 10
358.410644
 20
448.500000
 42
-0.055092
  0
VERTEX
  8
0
 10
358.022088
 20
447.454981
 42
-0.080962
  0
VERTEX
  8
0
 10
357.447766
 20
446.663337
 42
-0.093480
  0
VERTEX
  8
0
 10
356.722417
 20
446.172211
 42
-0.102549
  0
VERTEX
  8
0
 10
355.891592
 20
446.000000
 42
0.057100
  0
VERTEX
  8
0
 10
355.168079
 20
445.917104
 42
0.076426
  0
VERTEX
  8
0
 10
354.555655
 20
445.671990
 42
0.095453
  0
VERTEX
  8
0
 10
354.145161
 20
445.309338
 42
0.165710
  0
VERTEX
  8
0
 10
354.000000
 20
444.883369
 42
0.197084
  0
VERTEX
  8
0
 10
354.158905
 20
444.495889
 42
0.126801
  0
VERTEX
  8
0
 10
354.581069
 20
444.242728
 42
0.086500
  0
VERTEX
  8
0
 10
355.226495
 20
444.167944
 42
0.049681
  0
VERTEX
  8
0
 10
356.002357
 20
444.290365
 42
-0.067866
  0
VERTEX
  8
0
 10
356.869834
 20
444.395190
 42
-0.079703
  0
VERTEX
  8
0
 10
357.684627
 20
444.251683
 42
-0.085834
  0
VERTEX
  8
0
 10
358.366219
 20
443.875195
 42
-0.096469
  0
VERTEX
  8
0
 10
358.849606
 20
443.304255
 42
0.176556
  0
VERTEX
  8
0
 10
360.045900
 20
442.273757
 42
0.166378
  0
VERTEX
  8
0
 10
361.658990
 20
442.222387
 42
0.147466
  0
VERTEX
  8
0
 10
363.108461
 20
443.194406
 42
0.137328
  0
VERTEX
  8
0
 10
363.829108
 20
444.833148
 42
0.055095
  0
VERTEX
  8
0
 10
363.863497
 20
445.932317
 42
0.117653
  0
VERTEX
  8
0
 10
363.603445
 20
446.735750
 42
0.125423
  0
VERTEX
  8
0
 10
363.022946
 20
447.303154
 42
0.067269
  0
VERTEX
  8
0
 10
362.090356
 20
447.686622
 42
-0.042969
  0
VERTEX
  8
0
 10
361.335785
 20
447.954955
 42
-0.075656
  0
VERTEX
  8
0
 10
360.782907
 20
448.316057
 42
-0.116828
  0
VERTEX
  8
0
 10
360.510902
 20
448.706404
 42
-0.236668
  0
VERTEX
  8
0
 10
360.543272
 20
449.070016
 42
-0.154682
  0
VERTEX
  8
0
 10
360.863813
 20
449.345692
 42
-0.075943
  0
VERTEX
  8
0
 10
361.390477
 20
449.481163
 42
-0.063993
  0
VERTEX
  8
0
 10
362.033176
 20
449.463392
 42
-0.052787
  0
VERTEX
  8
0
 10
362.696070
 20
449.286387
 42
0.027269
  0
VERTEX
  8
0
 10
363.399565
 20
449.059576
 42
0.201774
  0
VERTEX
  8
0
 10
363.740897
 20
449.107970
 42
0.351806
  0
VERTEX
  8
0
 10
363.830176
 20
449.348668
 42
0.058114
  0
VERTEX
  8
0
 10
363.605028
 20
449.830061
 42
0.162011
  0
VERTEX
  8
0
 10
362.376038
 20
450.856831
 42
0.157645
  0
VERTEX
  8
0
 10
360.761690
 20
450.957120
 42
0.142418
  0
VERTEX
  8
0
 10
359.272530
 20
450.077369
 42
0.127777
  0
SEQEND
  0
POLYLINE
  8
0
 66
1
 70
1
  0
VERTEX
  8
0
 10
362.000000
 20
444.440983
 42
-0.066118
  0
VERTEX
  8
0
 10
361.926733
 20
443.889346
 42
-0.138808
  0
VERTEX
  8
0
 10
361.706250
 20
443.521475
 42
-0.191142
  0
VERTEX
  8
0
 10
361.379648
 20
443.392057
 42
-0.139169
  0
VERTEX
  8
0
 10
361.000000
 20
443.500000
 42
-0.060810
  0
VERTEX
  8
0
 10
360.617485
 20
443.806203
 42
-0.051032
  0
VERTEX
  8
0
 10
360.293750
 20
444.212900
 42
-0.053229
  0
VERTEX
  8
0
 10
360.073302
 20
444.653442
 42
-0.089642
  0
VERTEX
  8
0
 10
360.000000
 20
445.059017
 42
-0.105429
  0
VERTEX
  8
0
 10
360.076556
 20
445.418051
 42
-0.099231
  0
VERTEX
  8
0
 10
360.293750
 20
445.723586
 42
-0.096318
  0
VERTEX
  8
0
 10
360.618268
 20
445.928382
 42
-0.092995
  0
VERTEX
  8
0
 10
361.000000
 20
446.000000
 42
-0.153634
  0
VERTEX
  8
0
 10
361.381379
 20
445.879982
 42
-0.097988
  0
VERTEX
  8
0
 10
361.706250
 20
445.542039
 42
-0.080552
  0
VERTEX
  8
0
 10
361.925455
 20
445.037096
 42
-0.062283
  0
SEQEND
  0
POLYLINE
  8
0
 66
1
 70
1
  0
VERTEX
  8
0
 10
103.200000
 20
448.800000
 42
0.054922
  0
VERTEX
  8
0
 10
102.358737
 20
447.750411
 42
0.120375
  0
VERTEX
  8
0
 10
102.030764
 20
446.781322
 42
0.380775
  0
VERTEX
  8
0
 10
102.329409
 20
446.380971
 42
0.191234
  0
VERTEX
  8
0
 10
103.000000
 20
446.500000
 42
-0.297719
  0
VERTEX
  8
0
 10
103.391769
 20
446.490145
 42
-0.145541
  0
VERTEX
  8
0
 10
103.718784
 20
446.083987
 42
-0.069343
  0
VERTEX
  8
0
 10
103.933656
 20
445.243706
 42
-0.027979
  0
VERTEX
  8
0
 10
104.000000
 20
444.059017
 42
0.031003
  0
VERTEX
  8
0
 10
104.072735
 20
442.887118
 42
0.048032
  0
VERTEX
  8
0
 10
104.293750
 20
441.898586
 42
0.061379
  0
VERTEX
  8
0
 10
104.615572
 20
441.212425
 42
0.257909
  0
VERTEX
  8
0
 10
105.000000
 20
441.000000
 42
0.310520
  0
VERTEX
  8
0
 10
105.388512
 20
441.267028
 42
0.036969
  0
VERTEX
  8
0
 10
105.706250
 20
442.321875
 42
0.033738
  0
VERTEX
  8
0
 10
105.927717
 20
443.775243
 42
0.020945
  0
VERTEX
  8
0
 10
106.000000
 20
445.500000
 42
0.018607
  0
VERTEX
  8
0
 10
105.889884
 20
448.457987
 42
0.158609
  0
VERTEX
  8
0
 10
105.392924
 20
449.670364
 42
0.359506
  0
VERTEX
  8
0
 10
104.545960
 20
449.821814
 42
0.068132
  0
SEQEND
  0
POLYLINE
  8
0
 66
1
 70
1
  0
VERTEX
  8
0
 10
109.666667
 20
449.333333
 42
0.183735
  0
VERTEX
  8
0
 10
108.992139
 20
447.830877
 42
0.034131
  0
VERTEX
  8
0
 10
109.021943
 20
444.749743
 42
0.032439
  0
VERTEX
  8
0
 10
109.454774
 20
441.738572
 42
0.254482
  0
VERTEX
  8
0
 10
110.340684
 20
440.699509
 42
0.201371
  0
VERTEX
  8
0
 10
112.298962
 20
440.760273
 42
0.163843
  0
VERTEX
  8
0
 10
113.842908
 20
442.208000
 42
0.120749
  0
VERTEX
  8
0
 10
114.491238
 20
444.721722
 42
0.094127
  0
VERTEX
  8
0
 10
113.996698
 20
447.508684
 42
0.077164
  0
VERTEX
  8
0
 10
113.158830
 20
448.981109
 42
0.125812
  0
VERTEX
  8
0
 10
112.020228
 20
449.845102
 42
0.156857
  0
VERTEX
  8
0
 10
110.789436
 20
449.953239
 42
0.141395
  0
SEQEND
  0
POLYLINE
  8
0
 66
1
 70
1
  0
VERTEX
  8
0
 10
113.000000
 20
445.000000
 42
-0.043449
  0
VERTEX
  8
0
 10
112.933749
 20
444.239047
 42
-0.044677
  0
VERTEX
  8
0
 10
112.737031
 20
443.508337
 42
-0.048801
  0
VERTEX
  8
0
 10
112.448408
 20
442.910537
 42
-0.118018
  0
VERTEX
  8
0
 10
112.104785
 20
442.564761
 42
-0.320876
  0
VERTEX
  8
0
 10
111.314125
 20
442.618147
 42
-0.131937
  0
VERTEX
  8
0
 10
110.655121
 20
443.541190
 42
-0.086726
  0
VERTEX
  8
0
 10
110.375323
 20
445.039244
 42
-0.094791
  0
VERTEX
  8
0
 10
110.636170
 20
446.494256
 42
-0.144412
  0
VERTEX
  8
0
 10
111.296871
 20
447.357532
 42
-0.307809
  0
VERTEX
  8
0
 10
112.098243
 20
447.384386
 42
-0.178820
  0
VERTEX
  8
0
 10
112.773561
 20
446.501895
 42
-0.074961
  0
SEQEND
  0
POLYLINE
  8
0
 66
1
 70
1
  0
VERTEX
  8
0
 10
131.750000
 20
448.607954
 42
0.037909
  0
VERTEX
  8
0
 10
130.472226
 20
447.475709
 42
0.167898
  0
VERTEX
  8
0
 10
130.053072
 20
446.578947
 42
0.445120
  0
VERTEX
  8
0
 10
130.425281
 20
446.165563
 42
0.091906
  0
VERTEX
  8
0
 10
131.514903
 20
446.367345
 42
-0.079595
  0
VERTEX
  8
0
 10
132.223364
 20
446.516537
 42
-0.282596
  0
VERTEX
  8
0
 10
132.613031
 20
446.302581
 42
-0.151684
  0
VERTEX
  8
0
 10
132.744938
 20
445.703617
 42
-0.023774
  0
VERTEX
  8
0
 10
132.584074
 20
444.490601
 42
0.038038
  0
VERTEX
  8
0
 10
132.482110
 20
443.507492
 42
0.046505
  0
VERTEX
  8
0
 10
132.542706
 20
442.585602
 42
0.053277
  0
VERTEX
  8
0
 10
132.742471
 20
441.849597
 42
0.162851
  0
VERTEX
  8
0
 10
133.069171
 20
441.457250
 42
0.436580
  0
VERTEX
  8
0
 10
133.431009
 20
441.557275
 42
0.062150
  0
VERTEX
  8
0
 10
133.730503
 20
442.368466
 42
0.038783
  0
VERTEX
  8
0
 10
133.935340
 20
443.705575
 42
0.018623
  0
VERTEX
  8
0
 10
134.000000
 20
445.440983
 42
0.005142
  0
VERTEX
  8
0
 10
133.982045
 20
447.186928
 42
0.008650
  0
VERTEX
  8
0
 10
133.926562
 20
448.651447
 42
0.003006
  0
VERTEX
  8
0
 10
133.850998
 20
449.885088
 42
0.431704
  0
VERTEX
  8
0
 10
133.750000
 20
449.968197
 42
0.113738
  0
VERTEX
  8
0
 10
133.588929
 20
449.908846
 42
0.004430
  0
VERTEX
  8
0
 10
133.059375
 20
449.555506
 42
0.007683
  0
VERTEX
  8
0
 10
132.438648
 20
449.119238
 42
0.005328
  0
SEQEND
  0
POLYLINE
  8
0
 66
1
 70
1
  0
VERTEX
  8
0
 10
137.000000
 20
449.000000
 42
0.157984
  0
VERTEX
  8
0
 10
137.123597
 20
448.618592
 42
0.097154
  0
VERTEX
  8
0
 10
137.472053
 20
448.293750
 42
0.079060
  0
VERTEX
  8
0
 10
137.992458
 20
448.074430
 42
0.060338
  0
VERTEX
  8
0
 10
138.606989
 20
448.000000
 42
-0.073116
  0
VERTEX
  8
0
 10
139.300194
 20
447.898087
 42
-0.205299
  0
VERTEX
  8
0
 10
139.668469
 20
447.589831
 42
-0.168917
  0
VERTEX
  8
0
 10
139.740046
 20
447.059831
 42
-0.047561
  0
VERTEX
  8
0
 10
139.493535
 20
446.250000
 42
0.014162
  0
VERTEX
  8
0
 10
138.612720
 20
443.925537
 42
0.045185
  0
VERTEX
  8
0
 10
138.212881
 20
442.316646
 42
0.092985
  0
VERTEX
  8
0
 10
138.243910
 20
441.352194
 42
0.351825
  0
VERTEX
  8
0
 10
138.682480
 20
441.000000
 42
0.228027
  0
VERTEX
  8
0
 10
139.120696
 20
441.210811
 42
0.028007
  0
VERTEX
  8
0
 10
139.753957
 20
442.101562
 42
0.028630
  0
VERTEX
  8
0
 10
140.423575
 20
443.313491
 42
0.019884
  0
VERTEX
  8
0
 10
141.044124
 20
444.750000
 42
-0.001048
  0
VERTEX
  8
0
 10
141.622558
 20
446.240873
 42
-0.001320
  0
VERTEX
  8
0
 10
142.164673
 20
447.618750
 42
-0.001049
  0
VERTEX
  8
0
 10
142.624961
 20
448.772576
 42
-0.010522
  0
VERTEX
  8
0
 10
142.828345
 20
449.250000
 42
0.383406
  0
VERTEX
  8
0
 10
142.736701
 20
449.537606
 42
0.065937
  0
VERTEX
  8
0
 10
142.161556
 20
449.779688
 42
0.043640
  0
VERTEX
  8
0
 10
141.242167
 20
449.946503
 42
0.023070
  0
VERTEX
  8
0
 10
140.083333
 20
450.000000
 42
0.030753
  0
VERTEX
  8
0
 10
138.902103
 20
449.927278
 42
0.047698
  0
VERTEX
  8
0
 10
137.905729
 20
449.706250
 42
0.060839
  0
VERTEX
  8
0
 10
137.213589
 20
449.384496
 42
0.259105
  0
SEQEND
  0
POLYLINE
  8
0
 66
1
 70
1
  0
VERTEX
  8
0
 10
148.850489
 20
447.571205
 42
-0.054529
  0
VERTEX
  8
0
 10
148.265726
 20
446.587832
 42
-0.054703
  0
VERTEX
  8
0
 10
147.482755
 20
445.755291
 42
-0.060028
  0
VERTEX
  8
0
 10
146.629540
 20
445.187885
 42
-0.117271
  0
VERTEX
  8
0
 10
145.839485
 20
445.000000
 42
0.052396
  0
VERTEX
  8
0
 10
145.135692
 20
444.926045
 42
0.072262
  0
VERTEX
  8
0
 10
144.540349
 20
444.706250
 42
0.092195
  0
VERTEX
  8
0
 10
144.140417
 20
444.381641
 42
0.178128
  0
VERTEX
  8
0
 10
144.000000
 20
444.000000
 42
0.196601
  0
VERTEX
  8
0
 10
144.156245
 20
443.617992
 42
0.086348
  0
VERTEX
  8
0
 10
144.608482
 20
443.293750
 42
0.066260
  0
VERTEX
  8
0
 10
145.278588
 20
443.073591
 42
0.046310
  0
VERTEX
  8
0
 10
146.071429
 20
443.000000
 42
-0.059002
  0
VERTEX
  8
0
 10
146.971227
 20
442.893450
 42
-0.039005
  0
VERTEX
  8
0
 10
147.962519
 20
442.571856
 42
-0.039030
  0
VERTEX
  8
0
 10
148.890833
 20
442.100657
 42
-0.059490
  0
VERTEX
  8
0
 10
149.600367
 20
441.542490
 42
0.063880
  0
VERTEX
  8
0
 10
150.267291
 20
441.027221
 42
0.058630
  0
VERTEX
  8
0
 10
151.061858
 20
440.678945
 42
0.062476
  0
VERTEX
  8
0
 10
151.858335
 20
440.541252
 42
0.103569
  0
VERTEX
  8
0
 10
152.528939
 20
440.649478
 42
0.205484
  0
VERTEX
  8
0
 10
153.594397
 20
441.686208
 42
0.097335
  0
VERTEX
  8
0
 10
153.981891
 20
443.600927
 42
0.111980
  0
VERTEX
  8
0
 10
153.597404
 20
445.341469
 42
0.290359
  0
VERTEX
  8
0
 10
152.559017
 20
446.000000
 42
-0.070569
  0
VERTEX
  8
0
 10
151.954774
 20
446.085709
 42
-0.052758
  0
VERTEX
  8
0
 10
151.331177
 20
446.340023
 42
-0.053352
  0
VERTEX
  8
0
 10
150.782784
 20
446.714595
 42
-0.078000
  0
VERTEX
  8
0
 10
150.402645
 20
447.157524
 42
-0.107130
  0
VERTEX
  8
0
 10
150.235994
 20
447.628446
 42
-0.345000
  0
VERTEX
  8
0
 10
150.395174
 20
447.895362
 42
-0.134548
  0
VERTEX
  8
0
 10
150.912768
 20
447.947889
 42
-0.022360
  0
VERTEX
  8
0
 10
151.900733
 20
447.736210
 42
0.030480
  0
VERTEX
  8
0
 10
152.846931
 20
447.549487
 42
0.112483
  0
VERTEX
  8
0
 10
153.449863
 20
447.603975
 42
0.238858
  0
VERTEX
  8
0
 10
153.724826
 20
447.877667
 42
0.161425
  0
VERTEX
  8
0
 10
153.724238
 20
448.328686
 42
0.169630
  0
VERTEX
  8
0
 10
152.830062
 20
449.486897
 42
0.184933
  0
VERTEX
  8
0
 10
151.444656
 20
449.784428
 42
0.145725
  0
VERTEX
  8
0
 10
149.953772
 20
449.075980
 42
0.102925
  0
SEQEND
  0
POLYLINE
  8
0
 66
1
 70
1
  0
VERTEX
  8
0
 10
152.075000
 20
443.725000
 42
-0.175736
  0
VERTEX
  8
0
 10
151.786965
 20
443.130242
 42
-0.239194
  0
VERTEX
  8
0
 10
151.227257
 20
442.955686
 42
-0.167686
  0
VERTEX
  8
0
 10
150.586752
 20
443.305209
 42
-0.104687
  0
VERTEX
  8
0
 10
150.150000
 20
444.050000
 42
-0.089632
  0
VERTEX
  8
0
 10
150.088424
 20
444.477775
 42
-0.189618
  0
VERTEX
  8
0
 10
150.220000
 20
444.780000
 42
-0.189618
  0
VERTEX
  8
0
 10
150.522225
 20
444.911576
 42
-0.089632
  0
VERTEX
  8
0
 10
150.950000
 20
444.850000
 42
-0.053161
  0
VERTEX
  8
0
 10
151.403407
 20
444.643170
 42
-0.062883
  0
VERTEX
  8
0
 10
151.775469
 20
444.354531
 42
-0.073742
  0
VERTEX
  8
0
 10
152.014704
 20
444.031991
 42
-0.149613
  0
SEQEND
  0
POLYLINE
  8
0
 66
1
 70
1
  0
VERTEX
  8
0
 10
329.000000
 20
448.181462
 42
0.085350
  0
VERTEX
  8
0
 10
329.078317
 20
447.726004
 42
0.053412
  0
VERTEX
  8
0
 10
329.312886
 20
447.237042
 42
0.051759
  0
VERTEX
  8
0
 10
329.657699
 20
446.790405
 42
0.064176
  0
VERTEX
  8
0
 10
330.065143
 20
446.459740
 42
-0.172019
  0
VERTEX
  8
0
 10
330.397462
 20
446.045851
 42
-0.147656
  0
VERTEX
  8
0
 10
330.421370
 20
445.485219
 42
-0.088133
  0
VERTEX
  8
0
 10
330.095425
 20
444.767678
 42
-0.033354
  0
VERTEX
  8
0
 10
329.410155
 20
443.900723
 42
0.008217
  0
VERTEX
  8
0
 10
328.384059
 20
442.728751
 42
0.168682
  0
VERTEX
  8
0
 10
328.217339
 20
442.296961
 42
0.388944
  0
VERTEX
  8
0
 10
328.423492
 20
442.055958
 42
0.030334
  0
VERTEX
  8
0
 10
329.345012
 20
442.000000
 42
0.070822
  0
VERTEX
  8
0
 10
329.977495
 20
442.090039
 42
0.086350
  0
VERTEX
  8
0
 10
330.513847
 20
442.352500
 42
0.100256
  0
VERTEX
  8
0
 10
330.872430
 20
442.742393
 42
0.136780
  0
VERTEX
  8
0
 10
331.000000
 20
443.200000
 42
-0.051663
  0
VERTEX
  8
0
 10
331.056215
 20
443.742599
 42
-0.354955
  0
VERTEX
  8
0
 10
331.250000
 20
443.900000
 42
-0.180052
  0
VERTEX
  8
0
 10
331.578624
 20
443.777696
 42
-0.018208
  0
VERTEX
  8
0
 10
332.200000
 20
443.200000
 42
0.048178
  0
VERTEX
  8
0
 10
333.407289
 20
442.205371
 42
0.205158
  0
VERTEX
  8
0
 10
334.305397
 20
442.034384
 42
0.464930
  0
VERTEX
  8
0
 10
334.564150
 20
442.526786
 42
0.076689
  0
VERTEX
  8
0
 10
333.932609
 20
443.581201
 42
-0.050496
  0
VERTEX
  8
0
 10
333.340464
 20
444.462120
 42
-0.115094
  0
VERTEX
  8
0
 10
333.134359
 20
445.231524
 42
-0.107478
  0
VERTEX
  8
0
 10
333.284030
 20
446.046702
 42
-0.040655
  0
VERTEX
  8
0
 10
333.818638
 20
447.081201
 42
0.034213
  0
VERTEX
  8
0
 10
334.211364
 20
447.817756
 42
0.073250
  0
VERTEX
  8
0
 10
334.386041
 20
448.436353
 42
0.142122
  0
VERTEX
  8
0
 10
334.324204
 20
448.836348
 42
0.291635
  0
VERTEX
  8
0
 10
334.067491
 20
449.000000
 42
0.092497
  0
VERTEX
  8
0
 10
333.656517
 20
448.923316
 42
0.053026
  0
VERTEX
  8
0
 10
333.206574
 20
448.691986
 42
0.050502
  0
VERTEX
  8
0
 10
332.788305
 20
448.352528
 42
0.058703
  0
VERTEX
  8
0
 10
332.469989
 20
447.951442
 42
-0.110253
  0
VERTEX
  8
0
 10
332.092663
 20
447.564792
 42
-0.160707
  0
VERTEX
  8
0
 10
331.636060
 20
447.443671
 42
-0.115588
  0
VERTEX
  8
0
 10
331.081807
 20
447.608797
 42
-0.043282
  0
VERTEX
  8
0
 10
330.410972
 20
448.073886
 42
0.028771
  0
VERTEX
  8
0
 10
329.787155
 20
448.533706
 42
0.126056
  0
VERTEX
  8
0
 10
329.356994
 20
448.679551
 42
0.282987
  0
VERTEX
  8
0
 10
329.102308
 20
448.548425
 42
0.136790
  0
SEQEND
  0
POLYLINE
  8
0
 66
1
 70
1
  0
VERTEX
  8
0
 10
120.053890
 20
445.435066
 42
-0.049467
  0
VERTEX
  8
0
 10
120.578664
 20
444.657825
 42
-0.124390
  0
VERTEX
  8
0
 10
120.744889
 20
444.000000
 42
-0.124390
  0
VERTEX
  8
0
 10
120.578664
 20
443.342175
 42
-0.049467
  0
VERTEX
  8
0
 10
120.053890
 20
442.564934
 42
0.054726
  0
VERTEX
  8
0
 10
119.559785
 20
441.816304
 42
0.367888
  0
VERTEX
  8
0
 10
119.654068
 20
441.415439
 42
0.153925
  0
VERTEX
  8
0
 10
120.249149
 20
441.212073
 42
0.013069
  0
VERTEX
  8
0
 10
121.885879
 20
441.215818
 42
0.018061
  0
VERTEX
  8
0
 10
123.505140
 20
441.320476
 42
0.150975
  0
VERTEX
  8
0
 10
124.173072
 20
441.603148
 42
0.284135
  0
VERTEX
  8
0
 10
124.339409
 20
442.110032
 42
0.063787
  0
VERTEX
  8
0
 10
124.001237
 20
442.997689
 42
-0.055154
  0
VERTEX
  8
0
 10
123.692180
 20
443.768777
 42
-0.076435
  0
VERTEX
  8
0
 10
123.604318
 20
444.507185
 42
-0.087188
  0
VERTEX
  8
0
 10
123.742655
 20
445.162402
 42
-0.101190
  0
VERTEX
  8
0
 10
124.093302
 20
445.693302
 42
0.197603
  0
VERTEX
  8
0
 10
124.272152
 20
446.122026
 42
0.282335
  0
VERTEX
  8
0
 10
124.063994
 20
446.465145
 42
0.091791
  0
VERTEX
  8
0
 10
123.318484
 20
446.689302
 42
0.020148
  0
VERTEX
  8
0
 10
121.977944
 20
446.781564
 42
0.012600
  0
VERTEX
  8
0
 10
120.287645
 20
446.787016
 42
0.148230
  0
VERTEX
  8
0
 10
119.669520
 20
446.584718
 42
0.371480
  0
VERTEX
  8
0
 10
119.567152
 20
446.181842
 42
0.057611
  0
SEQEND
  0
POLYLINE
  8
0
 66
1
 70
1
  0
VERTEX
  8
0
 10
157.872445
 20
443.250000
 42
0.001576
  0
VERTEX
  8
0
 10
156.992360
 20
442.120493
 42
0.377591
  0
VERTEX
  8
0
 10
157.000000
 20
442.000000
 42
0.377591
  0
VERTEX
  8
0
 10
157.120493
 20
441.992360
 42
0.001576
  0
VERTEX
  8
0
 10
158.250000
 20
442.872445
 42
0.017685
  0
VERTEX
  8
0
 10
159.306759
 20
443.763320
 42
0.065617
  0
VERTEX
  8
0
 10
159.869516
 20
444.426111
 42
0.241985
  0
VERTEX
  8
0
 10
159.906950
 20
444.806605
 42
0.307699
  0
VERTEX
  8
0
 10
159.622445
 20
445.000000
 42
0.184603
  0
VERTEX
  8
0
 10
159.410139
 20
444.918850
 42
0.013803
  0
VERTEX
  8
0
 10
158.952641
 20
444.485937
 42
0.017649
  0
VERTEX
  8
0
 10
158.425681
 20
443.920402
 42
0.012436
  0
SEQEND
  0
POLYLINE
  8
0
 66
1
 70
1
  0
VERTEX
  8
0
 10
101.921902
 20
440.704576
 42
0.036981
  0
VERTEX
  8
0
 10
103.087495
 20
439.584226
 42
0.023371
  0
VERTEX
  8
0
 10
104.595472
 20
438.449834
 42
0.023439
  0
VERTEX
  8
0
 10
106.190950
 20
437.468685
 42
0.039395
  0
VERTEX
  8
0
 10
107.622447
 20
436.819562
 42
-0.037188
  0
VERTEX
  8
0
 10
109.354845
 20
436.043183
 42
-0.105107
  0
VERTEX
  8
0
 10
110.359106
 20
435.188507
 42
-0.102967
  0
VERTEX
  8
0
 10
110.940442
 20
433.988225
 42
-0.034844
  0
VERTEX
  8
0
 10
111.282442
 20
432.066995
 42
0.000539
  0
VERTEX
  8
0
 10
111.558904
 20
429.507195
 42
0.632274
  0
VERTEX
  8
0
 10
111.636620
 20
429.480184
 42
0.185986
  0
VERTEX
  8
0
 10
111.708366
 20
429.645299
 42
0.000352
  0
VERTEX
  8
0
 10
111.831897
 20
432.625000
 42
0.017249
  0
VERTEX
  8
0
 10
111.847145
 20
435.070290
 42
0.123677
  0
VERTEX
  8
0
 10
111.529675
 20
436.198228
 42
0.173052
  0
VERTEX
  8
0
 10
110.764418
 20
436.852828
 42
0.041903
  0
VERTEX
  8
0
 10
109.139622
 20
437.322076
 42
-0.050920
  0
VERTEX
  8
0
 10
107.804042
 20
437.733972
 42
-0.022071
  0
VERTEX
  8
0
 10
106.123779
 20
438.535365
 42
-0.021567
  0
VERTEX
  8
0
 10
104.397102
 20
439.552388
 42
-0.026768
  0
VERTEX
  8
0
 10
102.889622
 20
440.649084
 42
0.000000
  0
VERTEX
  8
0
 10
99.500000
 20
443.404018
 42
0.000000
  0
SEQEND
  0
POLYLINE
  8
0
 66
1
 70
1
  0
VERTEX
  8
0
 10
153.872445
 20
439.250000
 42
0.001576
  0
VERTEX
  8
0
 10
152.992360
 20
438.120493
 42
0.377591
  0
VERTEX
  8
0
 10
153.000000
 20
438.000000
 42
0.377591
  0
VERTEX
  8
0
 10
153.120493
 20
437.992360
 42
0.001576
  0
VERTEX
  8
0
 10
154.250000
 20
438.872445
 42
0.012436
  0
VERTEX
  8
0
 10
154.920402
 20
439.425681
 42
0.017649
  0
VERTEX
  8
0
 10
155.485938
 20
439.952641
 42
0.013803
  0
VERTEX
  8
0
 10
155.918850
 20
440.410139
 42
0.184603
  0
VERTEX
  8
0
 10
156.000000
 20
440.622445
 42
0.307699
  0
VERTEX
  8
0
 10
155.806605
 20
440.906950
 42
0.241985
  0
VERTEX
  8
0
 10
155.426111
 20
440.869516
 42
0.065617
  0
VERTEX
  8
0
 10
154.763320
 20
440.306759
 42
0.017685
  0
SEQEND
  0
POLYLINE
  8
0
 66
1
 70
1
  0
VERTEX
  8
0
 10
146.750000
 20
436.337719
 42
0.057986
  0
VERTEX
  8
0
 10
147.320008
 20
436.181385
 42
0.037979
  0
VERTEX
  8
0
 10
148.000000
 20
436.129660
 42
0.037979
  0
VERTEX
  8
0
 10
148.679992
 20
436.181385
 42
0.057986
  0
VERTEX
  8
0
 10
149.250000
 20
436.337719
 42
0.174857
  0
VERTEX
  8
0
 10
149.459382
 20
436.525001
 42
0.447206
  0
VERTEX
  8
0
 10
149.398438
 20
436.693942
 42
0.078554
  0
VERTEX
  8
0
 10
148.891440
 20
436.810911
 42
0.017491
  0
VERTEX
  8
0
 10
148.000000
 20
436.842105
 42
0.017491
  0
VERTEX
  8
0
 10
147.108560
 20
436.810911
 42
0.078554
  0
VERTEX
  8
0
 10
146.601562
 20
436.693942
 42
0.447206
  0
VERTEX
  8
0
 10
146.540618
 20
436.525001
 42
0.174857
  0
SEQEND
  0
POLYLINE
  8
0
 66
1
 70
1
  0
VERTEX
  8
0
 10
384.201244
 20
423.250000
 42
0.000000
  0
VERTEX
  8
0
 10
384.000000
 20
415.000000
 42
0.000000
  0
VERTEX
  8
0
 10
391.500000
 20
415.000000
 42
0.000000
  0
VERTEX
  8
0
 10
399.000000
 20
415.000000
 42
0.000000
  0
VERTEX
  8
0
 10
398.798756
 20
423.250000
 42
0.000000
  0
VERTEX
  8
0
 10
398.597512
 20
431.500000
 42
0.000000
  0
VERTEX
  8
0
 10
398.256692
 20
423.750000
 42
0.000000
  0
VERTEX
  8
0
 10
397.915871
 20
416.000000
 42
0.000000
  0
VERTEX
  8
0
 10
391.500000
 20
416.000000
 42
0.000000
  0
VERTEX
  8
0
 10
385.084129
 20
416.000000
 42
0.000000
  0
VERTEX
  8
0
 10
384.743308
 20
423.750000
 42
0.000000
  0
VERTEX
  8
0
 10
384.402488
 20
431.500000
 42
0.000000
  0
SEQEND
  0
POLYLINE
  8
0
 66
1
 70
1
  0
VERTEX
  8
0
 10
275.750000
 20
424.337719
 42
0.057986
  0
VERTEX
  8
0
 10
276.320008
 20
424.181385
 42
0.037979
  0
VERTEX
  8
0
 10
277.000000
 20
424.129660
 42
0.037979
  0
VERTEX
  8
0
 10
277.679992
 20
424.181385
 42
0.057986
  0
VERTEX
  8
0
 10
278.250000
 20
424.337719
 42
0.174857
  0
VERTEX
  8
0
 10
278.459382
 20
424.525001
 42
0.447206
  0
VERTEX
  8
0
 10
278.398438
 20
424.693942
 42
0.078554
  0
VERTEX
  8
0
 10
277.891440
 20
424.810911
 42
0.017491
  0
VERTEX
  8
0
 10
277.000000
 20
424.842105
 42
0.017491
  0
VERTEX
  8
0
 10
276.108560
 20
424.810911
 42
0.078554
  0
VERTEX
  8
0
 10
275.601562
 20
424.693942
 42
0.447206
  0
VERTEX
  8
0
 10
275.540618
 20
424.525001
 42
0.174857
  0
SEQEND
  0
POLYLINE
  8
0
 66
1
 70
1
  0
VERTEX
  8
0
 10
282.083333
 20
422.676162
 42
0.018570
  0
VERTEX
  8
0
 10
282.378752
 20
422.463671
 42
0.000866
  0
VERTEX
  8
0
 10
283.405729
 20
421.783927
 42
0.001432
  0
VERTEX
  8
0
 10
284.628890
 20
420.982393
 42
0.001028
  0
VERTEX
  8
0
 10
286.000000
 20
420.093519
 42
0.000000
  0
VERTEX
  8
0
 10
289.500000
 20
417.834714
 42
0.000000
  0
VERTEX
  8
0
 10
286.500000
 20
420.412390
 42
0.013858
  0
VERTEX
  8
0
 10
285.284150
 20
421.399852
 42
0.017862
  0
VERTEX
  8
0
 10
284.111979
 20
422.234332
 42
0.015792
  0
VERTEX
  8
0
 10
283.101589
 20
422.855719
 42
0.129307
  0
VERTEX
  8
0
 10
282.583333
 20
422.995033
 42
0.032808
  0
VERTEX
  8
0
 10
282.257575
 20
422.975407
 42
0.110937
  0
VERTEX
  8
0
 10
282.058333
 20
422.903413
 42
0.300778
  0
VERTEX
  8
0
 10
282.011092
 20
422.797269
 42
0.188307
  0
SEQEND
  0
POLYLINE
  8
0
 66
1
 70
1
  0
VERTEX
  8
0
 10
56.507079
 20
409.011454
 42
0.101616
  0
VERTEX
  8
0
 10
56.384826
 20
408.677616
 42
0.307184
  0
VERTEX
  8
0
 10
56.484411
 20
408.470173
 42
0.179719
  0
VERTEX
  8
0
 10
56.791942
 20
408.416902
 42
0.045603
  0
VERTEX
  8
0
 10
57.287848
 20
408.556963
 42
-0.183267
  0
VERTEX
  8
0
 10
58.841170
 20
408.563016
 42
-0.177660
  0
VERTEX
  8
0
 10
60.032622
 20
407.538378
 42
-0.139499
  0
VERTEX
  8
0
 10
60.454643
 20
405.749444
 42
-0.109061
  0
VERTEX
  8
0
 10
59.933939
 20
403.813922
 42
0.012229
  0
VERTEX
  8
0
 10
59.519166
 20
402.967434
 42
0.042044
  0
VERTEX
  8
0
 10
59.311216
 20
402.392605
 42
0.278409
  0
VERTEX
  8
0
 10
59.359549
 20
402.224516
 42
0.393177
  0
VERTEX
  8
0
 10
59.505944
 20
402.224732
 42
-0.305661
  0
VERTEX
  8
0
 10
60.058255
 20
402.312401
 42
-0.020447
  0
VERTEX
  8
0
 10
61.555249
 20
401.539215
 42
-0.023867
  0
VERTEX
  8
0
 10
63.377218
 20
400.383264
 42
-0.015092
  0
VERTEX
  8
0
 10
65.391399
 20
398.873346
 42
0.000000
  0
VERTEX
  8
0
 10
70.500000
 20
394.797228
 42
0.000000
  0
VERTEX
  8
0
 10
65.601548
 20
399.253905
 42
-0.015774
  0
VERTEX
  8
0
 10
63.589340
 20
401.204126
 42
-0.034253
  0
VERTEX
  8
0
 10
62.201947
 20
402.847905
 42
-0.043773
  0
VERTEX
  8
0
 10
61.412587
 20
404.149812
 42
-0.258308
  0
VERTEX
  8
0
 10
61.449509
 20
404.918304
 42
0.148573
  0
VERTEX
  8
0
 10
61.610063
 20
405.525295
 42
0.068448
  0
VERTEX
  8
0
 10
61.467895
 20
406.338451
 42
0.058350
  0
VERTEX
  8
0
 10
61.064153
 20
407.227370
 42
0.048202
  0
VERTEX
  8
0
 10
60.442974
 20
408.063013
 42
0.030479
  0
VERTEX
  8
0
 10
59.103038
 20
409.373514
 42
0.119791
  0
VERTEX
  8
0
 10
58.082804
 20
409.898075
 42
0.203262
  0
VERTEX
  8
0
 10
57.245678
 20
409.759030
 42
0.113374
  0
SEQEND
  0
POLYLINE
  8
0
 66
1
 70
1
  0
VERTEX
  8
0
 10
47.163677
 20
400.665736
 42
0.005832
  0
VERTEX
  8
0
 10
43.984598
 20
397.370668
 42
0.069749
  0
VERTEX
  8
0
 10
42.964320
 20
395.931041
 42
0.226517
  0
VERTEX
  8
0
 10
42.932654
 20
394.934339
 42
0.127668
  0
VERTEX
  8
0
 10
43.697837
 20
393.963964
 42
0.001463
  0
VERTEX
  8
0
 10
44.790643
 20
393.139755
 42
0.182792
  0
VERTEX
  8
0
 10
44.953222
 20
393.092710
 42
0.616310
  0
VERTEX
  8
0
 10
44.983348
 20
393.166793
 42
0.002549
  0
VERTEX
  8
0
 10
44.240781
 20
394.007448
 42
-0.190580
  0
VERTEX
  8
0
 10
43.879483
 20
394.991187
 42
-0.128112
  0
VERTEX
  8
0
 10
44.213712
 20
396.155681
 42
-0.052524
  0
VERTEX
  8
0
 10
45.450378
 20
397.819117
 42
-0.008727
  0
VERTEX
  8
0
 10
48.206620
 20
400.709219
 42
0.004492
  0
VERTEX
  8
0
 10
50.175434
 20
402.738947
 42
0.008052
  0
VERTEX
  8
0
 10
51.749944
 20
404.445833
 42
0.003653
  0
VERTEX
  8
0
 10
52.995195
 20
405.860853
 42
0.642789
  0
VERTEX
  8
0
 10
52.931680
 20
406.000000
 42
0.186067
  0
VERTEX
  8
0
 10
52.606321
 20
405.874581
 42
0.002625
  0
VERTEX
  8
0
 10
51.031079
 20
404.433060
 42
0.006890
  0
VERTEX
  8
0
 10
49.218954
 20
402.710274
 42
0.004435
  0
SEQEND
  0
POLYLINE
  8
0
 66
1
 70
1
  0
VERTEX
  8
0
 10
65.500000
 20
403.000000
 42
0.012769
  0
VERTEX
  8
0
 10
66.229731
 20
402.233916
 42
0.017642
  0
VERTEX
  8
0
 10
66.925170
 20
401.587500
 42
0.014322
  0
VERTEX
  8
0
 10
67.525997
 20
401.096686
 42
0.165568
  0
VERTEX
  8
0
 10
67.809975
 20
401.000000
 42
0.549874
  0
VERTEX
  8
0
 10
67.889734
 20
401.125730
 42
0.034935
  0
VERTEX
  8
0
 10
67.631420
 20
401.587500
 42
0.025990
  0
VERTEX
  8
0
 10
67.159597
 20
402.232121
 42
0.012939
  0
VERTEX
  8
0
 10
66.500000
 20
403.000000
 42
0.012769
  0
VERTEX
  8
0
 10
65.770269
 20
403.766084
 42
0.017642
  0
VERTEX
  8
0
 10
65.074830
 20
404.412500
 42
0.014322
  0
VERTEX
  8
0
 10
64.474003
 20
404.903314
 42
0.165568
  0
VERTEX
  8
0
 10
64.190025
 20
405.000000
 42
0.549874
  0
VERTEX
  8
0
 10
64.110266
 20
404.874270
 42
0.034935
  0
VERTEX
  8
0
 10
64.368580
 20
404.412500
 42
0.025990
  0
VERTEX
  8
0
 10
64.840403
 20
403.767879
 42
0.012939
  0
SEQEND
  0
POLYLINE
  8
0
 66
1
 70
1
  0
VERTEX
  8
0
 10
55.561295
 20
398.063978
 42
-0.021900
  0
VERTEX
  8
0
 10
54.284067
 20
396.842670
 42
-0.016117
  0
VERTEX
  8
0
 10
52.770027
 20
395.600702
 42
-0.016351
  0
VERTEX
  8
0
 10
51.258959
 20
394.517213
 42
-0.034601
  0
VERTEX
  8
0
 10
50.009120
 20
393.801280
 42
0.000000
  0
VERTEX
  8
0
 10
47.269831
 20
392.474603
 42
0.000000
  0
VERTEX
  8
0
 10
49.884916
 20
390.533869
 42
0.004045
  0
VERTEX
  8
0
 10
51.246740
 20
389.540202
 42
0.106647
  0
VERTEX
  8
0
 10
51.658805
 20
389.361216
 42
0.678855
  0
VERTEX
  8
0
 10
51.740729
 20
389.487552
 42
0.015149
  0
VERTEX
  8
0
 10
51.138580
 20
390.283283
 42
-0.127546
  0
VERTEX
  8
0
 10
50.642480
 20
391.381292
 42
-0.173479
  0
VERTEX
  8
0
 10
50.827976
 20
392.443454
 42
-0.069072
  0
VERTEX
  8
0
 10
51.891320
 20
393.829628
 42
-0.008659
  0
VERTEX
  8
0
 10
54.638580
 20
396.447010
 42
0.005835
  0
VERTEX
  8
0
 10
56.463677
 20
398.166262
 42
0.010639
  0
VERTEX
  8
0
 10
57.906603
 20
399.618139
 42
0.006221
  0
VERTEX
  8
0
 10
59.002414
 20
400.797746
 42
0.625739
  0
VERTEX
  8
0
 10
58.937091
 20
400.960295
 42
0.187096
  0
VERTEX
  8
0
 10
58.599165
 20
400.855948
 42
0.009923
  0
VERTEX
  8
0
 10
57.713251
 20
400.125880
 42
0.014483
  0
VERTEX
  8
0
 10
56.679909
 20
399.186007
 42
0.009946
  0
SEQEND
  0
POLYLINE
  8
0
 66
1
 70
1
  0
VERTEX
  8
0
 10
72.210157
 20
397.927174
 42
-0.018575
  0
VERTEX
  8
0
 10
74.231661
 20
395.918969
 42
-0.130579
  0
VERTEX
  8
0
 10
74.881317
 20
394.706439
 42
-0.456346
  0
VERTEX
  8
0
 10
74.483191
 20
394.153530
 42
-0.086786
  0
VERTEX
  8
0
 10
73.074818
 20
394.270184
 42
0.038633
  0
VERTEX
  8
0
 10
72.293467
 20
394.411197
 42
0.128731
  0
VERTEX
  8
0
 10
71.782490
 20
394.331496
 42
0.242039
  0
VERTEX
  8
0
 10
71.557050
 20
394.055586
 42
0.145139
  0
VERTEX
  8
0
 10
71.590858
 20
393.623824
 42
-0.288162
  0
VERTEX
  8
0
 10
71.265616
 20
391.974631
 42
-0.006989
  0
VERTEX
  8
0
 10
65.616031
 20
386.146163
 42
-0.006638
  0
VERTEX
  8
0
 10
59.794434
 20
380.458885
 42
-0.340857
  0
VERTEX
  8
0
 10
58.315019
 20
380.305307
 42
0.213017
  0
VERTEX
  8
0
 10
57.979944
 20
380.350415
 42
0.177797
  0
VERTEX
  8
0
 10
57.688965
 20
380.134734
 42
0.099780
  0
VERTEX
  8
0
 10
57.491864
 20
379.644274
 42
0.045836
  0
VERTEX
  8
0
 10
57.428571
 20
378.955304
 42
0.540015
  0
VERTEX
  8
0
 10
57.966668
 20
378.602371
 42
0.058942
  0
VERTEX
  8
0
 10
59.514826
 20
379.504340
 42
0.024665
  0
VERTEX
  8
0
 10
62.183861
 20
381.727916
 42
0.005635
  0
VERTEX
  8
0
 10
66.464286
 20
385.757253
 42
-0.000701
  0
VERTEX
  8
0
 10
69.956223
 20
389.109950
 42
-0.001108
  0
VERTEX
  8
0
 10
72.961056
 20
391.974137
 42
-0.000243
  0
VERTEX
  8
0
 10
75.607296
 20
394.482903
 42
-0.049042
  0
VERTEX
  8
0
 10
75.892501
 20
394.704364
 42
0.333230
  0
VERTEX
  8
0
 10
75.965483
 20
394.895217
 42
0.044481
  0
VERTEX
  8
0
 10
75.800884
 20
395.323423
 42
0.037121
  0
VERTEX
  8
0
 10
75.482490
 20
395.866724
 42
0.022110
  0
VERTEX
  8
0
 10
75.029445
 20
396.464522
 42
-0.598072
  0
VERTEX
  8
0
 10
75.392076
 20
397.358705
 42
-0.015617
  0
VERTEX
  8
0
 10
80.785459
 20
397.770948
 42
-0.008704
  0
VERTEX
  8
0
 10
90.837587
 20
398.048925
 42
-0.000890
  0
VERTEX
  8
0
 10
114.636944
 20
398.250220
 42
0.000000
  0
VERTEX
  8
0
 10
155.500000
 20
398.523066
 42
0.000000
  0
VERTEX
  8
0
 10
113.450000
 20
398.761533
 42
-0.001657
  0
VERTEX
  8
0
 10
97.258147
 20
398.907005
 42
-0.002666
  0
VERTEX
  8
0
 10
83.461421
 20
399.150263
 42
-0.000477
  0
VERTEX
  8
0
 10
71.292084
 20
399.441361
 42
-0.157160
  0
VERTEX
  8
0
 10
70.410157
 20
399.750000
 42
0.826351
  0
VERTEX
  8
0
 10
70.377547
 20
399.720652
 42
0.059041
  0
VERTEX
  8
0
 10
70.530596
 20
399.523920
 42
0.008817
  0
VERTEX
  8
0
 10
71.199640
 20
398.869873
 42
0.002869
  0
SEQEND
  0
POLYLINE
  8
0
 66
1
 70
1
  0
VERTEX
  8
0
 10
361.000000
 20
398.250000
 42
0.394591
  0
VERTEX
  8
0
 10
361.283233
 20
397.946986
 42
0.002990
  0
VERTEX
  8
0
 10
364.965625
 20
397.720312
 42
0.008667
  0
VERTEX
  8
0
 10
369.323563
 20
397.553914
 42
0.005208
  0
VERTEX
  8
0
 10
374.500000
 20
397.500000
 42
0.005208
  0
VERTEX
  8
0
 10
379.676437
 20
397.553914
 42
0.008667
  0
VERTEX
  8
0
 10
384.034375
 20
397.720312
 42
0.002990
  0
VERTEX
  8
0
 10
387.716767
 20
397.946986
 42
0.394591
  0
VERTEX
  8
0
 10
388.000000
 20
398.250000
 42
0.394591
  0
VERTEX
  8
0
 10
387.716767
 20
398.553014
 42
0.002990
  0
VERTEX
  8
0
 10
384.034375
 20
398.779688
 42
0.008667
  0
VERTEX
  8
0
 10
379.676437
 20
398.946086
 42
0.005208
  0
VERTEX
  8
0
 10
374.500000
 20
399.000000
 42
0.005208
  0
VERTEX
  8
0
 10
369.323563
 20
398.946086
 42
0.008667
  0
VERTEX
  8
0
 10
364.965625
 20
398.779688
 42
0.002990
  0
VERTEX
  8
0
 10
361.283233
 20
398.553014
 42
0.394591
  0
SEQEND
  0
POLYLINE
  8
0
 66
1
 70
1
  0
VERTEX
  8
0
 10
46.443296
 20
389.777494
 42
-0.138972
  0
VERTEX
  8
0
 10
47.360186
 20
387.142283
 42
-0.007899
  0
VERTEX
  8
0
 10
47.732908
 20
378.452061
 42
-0.006012
  0
VERTEX
  8
0
 10
47.952326
 20
363.866545
 42
-0.000755
  0
VERTEX
  8
0
 10
48.000000
 20
332.277494
 42
0.000000
  0
VERTEX
  8
0
 10
48.000000
 20
277.000000
 42
0.000000
  0
VERTEX
  8
0
 10
56.500000
 20
277.000000
 42
0.000000
  0
VERTEX
  8
0
 10
65.000000
 20
277.000000
 42
0.000000
  0
VERTEX
  8
0
 10
65.000000
 20
274.000000
 42
0.000000
  0
VERTEX
  8
0
 10
65.000000
 20
271.000000
 42
0.000000
  0
VERTEX
  8
0
 10
97.000000
 20
271.000000
 42
0.002196
  0
VERTEX
  8
0
 10
109.270401
 20
271.053898
 42
0.003662
  0
VERTEX
  8
0
 10
119.600152
 20
271.220312
 42
0.000540
  0
VERTEX
  8
0
 10
128.701514
 20
271.443456
 42
0.406536
  0
VERTEX
  8
0
 10
129.000518
 20
271.750000
 42
0.409378
  0
VERTEX
  8
0
 10
128.702046
 20
272.053869
 42
0.000557
  0
VERTEX
  8
0
 10
119.747606
 20
272.198169
 42
0.003721
  0
VERTEX
  8
0
 10
109.579345
 20
272.275005
 42
0.002231
  0
VERTEX
  8
0
 10
97.500518
 20
272.222489
 42
0.000000
  0
VERTEX
  8
0
 10
66.000000
 20
271.944979
 42
0.000000
  0
VERTEX
  8
0
 10
65.796455
 20
283.222489
 42
0.000335
  0
VERTEX
  8
0
 10
65.662184
 20
290.395385
 42
0.039336
  0
VERTEX
  8
0
 10
65.571198
 20
291.320669
 42
0.895194
  0
VERTEX
  8
0
 10
65.471726
 20
291.314078
 42
0.000879
  0
VERTEX
  8
0
 10
65.256012
 20
286.250000
 42
0.000000
  0
VERTEX
  8
0
 10
64.919115
 20
278.000000
 42
0.000000
  0
VERTEX
  8
0
 10
56.959558
 20
278.000000
 42
0.000000
  0
VERTEX
  8
0
 10
49.000000
 20
278.000000
 42
0.000000
  0
VERTEX
  8
0
 10
49.000000
 20
331.622445
 42
-0.000574
  0
VERTEX
  8
0
 10
49.038090
 20
364.795991
 42
-0.007534
  0
VERTEX
  8
0
 10
49.251504
 20
377.085409
 42
-0.015467
  0
VERTEX
  8
0
 10
49.654365
 20
383.434916
 42
-0.598442
  0
VERTEX
  8
0
 10
50.695140
 20
383.872445
 42
0.482861
  0
VERTEX
  8
0
 10
50.935503
 20
383.925967
 42
0.224086
  0
VERTEX
  8
0
 10
50.939648
 20
384.298468
 42
0.032503
  0
VERTEX
  8
0
 10
50.288068
 20
385.506224
 42
0.009837
  0
VERTEX
  8
0
 10
49.147099
 20
387.250000
 42
0.006826
  0
VERTEX
  8
0
 10
47.867315
 20
389.070510
 42
0.010539
  0
VERTEX
  8
0
 10
46.707183
 20
390.604688
 42
0.005192
  0
VERTEX
  8
0
 10
45.695709
 20
391.858277
 42
0.224014
  0
VERTEX
  8
0
 10
45.395255
 20
392.000000
 42
0.504024
  0
VERTEX
  8
0
 10
45.293967
 20
391.863125
 42
0.036012
  0
VERTEX
  8
0
 10
45.493294
 20
391.347139
 42
0.028131
  0
VERTEX
  8
0
 10
45.881873
 20
390.630549
 42
0.014472
  0
SEQEND
  0
POLYLINE
  8
0
 66
1
 70
1
  0
VERTEX
  8
0
 10
54.000000
 20
385.000000
 42
0.010317
  0
VERTEX
  8
0
 10
54.854795
 20
383.850506
 42
0.015225
  0
VERTEX
  8
0
 10
55.655558
 20
382.881250
 42
0.010395
  0
VERTEX
  8
0
 10
56.351422
 20
382.121789
 42
0.204866
  0
VERTEX
  8
0
 10
56.636188
 20
382.000000
 42
0.545562
  0
VERTEX
  8
0
 10
56.729478
 20
382.144926
 42
0.018097
  0
VERTEX
  8
0
 10
56.361808
 20
382.881250
 42
0.019468
  0
VERTEX
  8
0
 10
55.784158
 20
383.848790
 42
0.010404
  0
VERTEX
  8
0
 10
55.000000
 20
385.000000
 42
0.010317
  0
VERTEX
  8
0
 10
54.145205
 20
386.149494
 42
0.015225
  0
VERTEX
  8
0
 10
53.344442
 20
387.118750
 42
0.010395
  0
VERTEX
  8
0
 10
52.648578
 20
387.878211
 42
0.204866
  0
VERTEX
  8
0
 10
52.363812
 20
388.000000
 42
0.545562
  0
VERTEX
  8
0
 10
52.270522
 20
387.855074
 42
0.018097
  0
VERTEX
  8
0
 10
52.638192
 20
387.118750
 42
0.019468
  0
VERTEX
  8
0
 10
53.215842
 20
386.151210
 42
0.010404
  0
SEQEND
  0
POLYLINE
  8
0
 66
1
 70
1
  0
VERTEX
  8
0
 10
144.789188
 20
385.258586
 42
0.008711
  0
VERTEX
  8
0
 10
147.612159
 20
385.148060
 42
0.005503
  0
VERTEX
  8
0
 10
150.908478
 20
385.112769
 42
0.005525
  0
VERTEX
  8
0
 10
154.149843
 20
385.149556
 42
0.010124
  0
VERTEX
  8
0
 10
156.789188
 20
385.262181
 42
0.088327
  0
VERTEX
  8
0
 10
157.319858
 20
385.391534
 42
0.788092
  0
VERTEX
  8
0
 10
157.297449
 20
385.515128
 42
0.011688
  0
VERTEX
  8
0
 10
154.807799
 20
385.597762
 42
0.002526
  0
VERTEX
  8
0
 10
150.500000
 20
385.618236
 42
0.002432
  0
VERTEX
  8
0
 10
146.200814
 20
385.596037
 42
0.013217
  0
VERTEX
  8
0
 10
143.872449
 20
385.511106
 42
0.865990
  0
VERTEX
  8
0
 10
143.862628
 20
385.389364
 42
0.041857
  0
SEQEND
  0
POLYLINE
  8
0
 66
1
 70
1
  0
VERTEX
  8
0
 10
135.000000
 20
383.093620
 42
0.243840
  0
VERTEX
  8
0
 10
135.157535
 20
382.789795
 42
0.106581
  0
VERTEX
  8
0
 10
135.587500
 20
382.607123
 42
0.070464
  0
VERTEX
  8
0
 10
136.233678
 20
382.575635
 42
0.040966
  0
VERTEX
  8
0
 10
137.000000
 20
382.710251
 42
0.016817
  0
VERTEX
  8
0
 10
137.766387
 20
382.938458
 42
0.025621
  0
VERTEX
  8
0
 10
138.412500
 20
383.192243
 42
0.023188
  0
VERTEX
  8
0
 10
138.897136
 20
383.439563
 42
0.269386
  0
VERTEX
  8
0
 10
139.000000
 20
383.616631
 42
0.326917
  0
VERTEX
  8
0
 10
138.890445
 20
383.766282
 42
0.029396
  0
VERTEX
  8
0
 10
138.412500
 20
383.887385
 42
0.029316
  0
VERTEX
  8
0
 10
137.766644
 20
383.972329
 42
0.018041
  0
VERTEX
  8
0
 10
137.000000
 20
384.000000
 42
0.043375
  0
VERTEX
  8
0
 10
136.234359
 20
383.933456
 42
0.063112
  0
VERTEX
  8
0
 10
135.587500
 20
383.733751
 42
0.082769
  0
VERTEX
  8
0
 10
135.149557
 20
383.440102
 42
0.206609
  0
SEQEND
  0
POLYLINE
  8
0
 66
1
 70
1
  0
VERTEX
  8
0
 10
256.826147
 20
376.002349
 42
0.000000
  0
VERTEX
  8
0
 10
257.152294
 20
368.000000
 42
0.000000
  0
VERTEX
  8
0
 10
263.076147
 20
368.000000
 42
0.000000
  0
VERTEX
  8
0
 10
269.000000
 20
368.000000
 42
0.000000
  0
VERTEX
  8
0
 10
269.000000
 20
376.000000
 42
0.000000
  0
VERTEX
  8
0
 10
269.000000
 20
384.000000
 42
0.000000
  0
VERTEX
  8
0
 10
262.750000
 20
384.002349
 42
0.000000
  0
VERTEX
  8
0
 10
256.500000
 20
384.004698
 42
0.000000
  0
SEQEND
  0
POLYLINE
  8
0
 66
1
 70
1
  0
VERTEX
  8
0
 10
267.373592
 20
377.749711
 42
-0.004830
  0
VERTEX
  8
0
 10
267.152930
 20
372.151413
 42
-0.125656
  0
VERTEX
  8
0
 10
266.711287
 20
370.718917
 42
-0.253715
  0
VERTEX
  8
0
 10
265.689350
 20
370.127273
 42
-0.025024
  0
VERTEX
  8
0
 10
262.750000
 20
370.192502
 42
0.000000
  0
VERTEX
  8
0
 10
258.500000
 20
370.500000
 42
0.000000
  0
VERTEX
  8
0
 10
258.200096
 20
376.250000
 42
0.000000
  0
VERTEX
  8
0
 10
257.900192
 20
382.000000
 42
0.000000
  0
VERTEX
  8
0
 10
262.700096
 20
381.999711
 42
0.000000
  0
VERTEX
  8
0
 10
267.500000
 20
381.999423
 42
0.000000
  0
SEQEND
  0
POLYLINE
  8
0
 66
1
 70
1
  0
VERTEX
  8
0
 10
82.250000
 20
382.337719
 42
0.200140
  0
VERTEX
  8
0
 10
81.241689
 20
381.343047
 42
0.137008
  0
VERTEX
  8
0
 10
81.038898
 20
379.726901
 42
0.127134
  0
VERTEX
  8
0
 10
81.706585
 20
378.149461
 42
0.166951
  0
VERTEX
  8
0
 10
83.000000
 20
377.289749
 42
-0.041867
  0
VERTEX
  8
0
 10
83.765364
 20
377.019474
 42
-0.053026
  0
VERTEX
  8
0
 10
84.412500
 20
376.641087
 42
-0.062969
  0
VERTEX
  8
0
 10
84.856807
 20
376.218096
 42
-0.172737
  0
VERTEX
  8
0
 10
85.000000
 20
375.815981
 42
-0.242691
  0
VERTEX
  8
0
 10
84.839822
 20
375.505415
 42
-0.115953
  0
VERTEX
  8
0
 10
84.412500
 20
375.330975
 42
-0.074337
  0
VERTEX
  8
0
 10
83.766432
 20
375.325616
 42
-0.041831
  0
VERTEX
  8
0
 10
83.000000
 20
375.500000
 42
0.042282
  0
VERTEX
  8
0
 10
82.233589
 20
375.673653
 42
0.075065
  0
VERTEX
  8
0
 10
81.587500
 20
375.666193
 42
0.116912
  0
VERTEX
  8
0
 10
81.160341
 20
375.488525
 42
0.240446
  0
VERTEX
  8
0
 10
81.000000
 20
375.174376
 42
0.230616
  0
VERTEX
  8
0
 10
81.472863
 20
374.203686
 42
0.109707
  0
VERTEX
  8
0
 10
82.758077
 20
373.589751
 42
0.095073
  0
VERTEX
  8
0
 10
84.347157
 20
373.530093
 42
0.135997
  0
VERTEX
  8
0
 10
85.626748
 20
374.105192
 42
0.161193
  0
VERTEX
  8
0
 10
86.693429
 20
375.812506
 42
0.066084
  0
VERTEX
  8
0
 10
86.988320
 20
378.562617
 42
0.068367
  0
VERTEX
  8
0
 10
86.563588
 20
381.166720
 42
0.230505
  0
VERTEX
  8
0
 10
85.418213
 20
382.393011
 42
0.007375
  0
VERTEX
  8
0
 10
84.799893
 20
382.619878
 42
0.010965
  0
VERTEX
  8
0
 10
84.251663
 20
382.798506
 42
0.006287
  0
VERTEX
  8
0
 10
83.790034
 20
382.931488
 42
0.178541
  0
VERTEX
  8
0
 10
83.668213
 20
382.921053
 42
-0.011529
  0
VERTEX
  8
0
 10
83.552577
 20
382.870001
 42
-0.000619
  0
VERTEX
  8
0
 10
83.182225
 20
382.717133
 42
-0.000968
  0
VERTEX
  8
0
 10
82.741074
 20
382.536678
 42
-0.000706
  0
SEQEND
  0
POLYLINE
  8
0
 66
1
 70
1
  0
VERTEX
  8
0
 10
85.000000
 20
379.500000
 42
-0.064853
  0
VERTEX
  8
0
 10
84.925306
 20
378.926543
 42
-0.082425
  0
VERTEX
  8
0
 10
84.706250
 20
378.440625
 42
-0.098894
  0
VERTEX
  8
0
 10
84.381354
 20
378.115568
 42
-0.148195
  0
VERTEX
  8
0
 10
84.000000
 20
378.000000
 42
-0.148195
  0
VERTEX
  8
0
 10
83.618646
 20
378.115568
 42
-0.098894
  0
VERTEX
  8
0
 10
83.293750
 20
378.440625
 42
-0.082425
  0
VERTEX
  8
0
 10
83.074694
 20
378.926543
 42
-0.064853
  0
VERTEX
  8
0
 10
83.000000
 20
379.500000
 42
-0.064853
  0
VERTEX
  8
0
 10
83.074694
 20
380.073457
 42
-0.082425
  0
VERTEX
  8
0
 10
83.293750
 20
380.559375
 42
-0.098894
  0
VERTEX
  8
0
 10
83.618646
 20
380.884432
 42
-0.148195
  0
VERTEX
  8
0
 10
84.000000
 20
381.000000
 42
-0.148195
  0
VERTEX
  8
0
 10
84.381354
 20
380.884432
 42
-0.098894
  0
VERTEX
  8
0
 10
84.706250
 20
380.559375
 42
-0.082425
  0
VERTEX
  8
0
 10
84.925306
 20
380.073457
 42
-0.064853
  0
SEQEND
  0
POLYLINE
  8
0
 66
1
 70
1
  0
VERTEX
  8
0
 10
88.923489
 20
382.750000
 42
0.030387
  0
VERTEX
  8
0
 10
88.576567
 20
381.308895
 42
0.054918
  0
VERTEX
  8
0
 10
88.496897
 20
380.099055
 42
0.083978
  0
VERTEX
  8
0
 10
88.672315
 20
379.282188
 42
0.307064
  0
VERTEX
  8
0
 10
89.088484
 20
379.000000
 42
0.205712
  0
VERTEX
  8
0
 10
89.436906
 20
379.149683
 42
0.083100
  0
VERTEX
  8
0
 10
89.732242
 20
379.587500
 42
0.063391
  0
VERTEX
  8
0
 10
89.933065
 20
380.234371
 42
0.043629
  0
VERTEX
  8
0
 10
90.000000
 20
381.000000
 42
0.047414
  0
VERTEX
  8
0
 10
89.897825
 20
382.075060
 42
0.090741
  0
VERTEX
  8
0
 10
89.584959
 20
382.880508
 42
0.318610
  0
VERTEX
  8
0
 10
89.229553
 20
383.031790
 42
0.271208
  0
SEQEND
  0
POLYLINE
  8
0
 66
1
 70
1
  0
VERTEX
  8
0
 10
103.000000
 20
377.940983
 42
0.014995
  0
VERTEX
  8
0
 10
103.062207
 20
375.867237
 42
0.040398
  0
VERTEX
  8
0
 10
103.268876
 20
374.408386
 42
0.077973
  0
VERTEX
  8
0
 10
103.588375
 20
373.601709
 42
0.420328
  0
VERTEX
  8
0
 10
104.000000
 20
373.500000
 42
0.179846
  0
VERTEX
  8
0
 10
104.388891
 20
373.999702
 42
0.027581
  0
VERTEX
  8
0
 10
104.706250
 20
375.241025
 42
0.027868
  0
VERTEX
  8
0
 10
104.926887
 20
376.813184
 42
0.020930
  0
VERTEX
  8
0
 10
105.000000
 20
378.559017
 42
0.021227
  0
VERTEX
  8
0
 10
104.927706
 20
380.261135
 42
0.034160
  0
VERTEX
  8
0
 10
104.706250
 20
381.695461
 42
0.037703
  0
VERTEX
  8
0
 10
104.388352
 20
382.734720
 42
0.308946
  0
VERTEX
  8
0
 10
104.000000
 20
383.000000
 42
0.323693
  0
VERTEX
  8
0
 10
103.610035
 20
382.717994
 42
0.030871
  0
VERTEX
  8
0
 10
103.293750
 20
381.513914
 42
0.030190
  0
VERTEX
  8
0
 10
103.072197
 20
379.880175
 42
0.018609
  0
SEQEND
  0
POLYLINE
  8
0
 66
1
 70
1
  0
VERTEX
  8
0
 10
166.727696
 20
380.278268
 42
0.020120
  0
VERTEX
  8
0
 10
168.234338
 20
380.152063
 42
0.010546
  0
VERTEX
  8
0
 10
170.115370
 20
380.110215
 42
0.010474
  0
VERTEX
  8
0
 10
172.048239
 20
380.148479
 42
0.015806
  0
VERTEX
  8
0
 10
173.727696
 20
380.270202
 42
0.062969
  0
VERTEX
  8
0
 10
174.351289
 20
380.416037
 42
0.785070
  0
VERTEX
  8
0
 10
174.335636
 20
380.550546
 42
0.026082
  0
VERTEX
  8
0
 10
173.006031
 20
380.645979
 42
0.004587
  0
VERTEX
  8
0
 10
170.500000
 20
380.671860
 42
0.004873
  0
VERTEX
  8
0
 10
167.985512
 20
380.650253
 42
0.021409
  0
VERTEX
  8
0
 10
166.504386
 20
380.559569
 42
0.613017
  0
VERTEX
  8
0
 10
166.451620
 20
380.422293
 42
0.180442
  0
SEQEND
  0
POLYLINE
  8
0
 66
1
 70
1
  0
VERTEX
  8
0
 10
96.037166
 20
378.069446
 42
0.051869
  0
VERTEX
  8
0
 10
95.624194
 20
377.058320
 42
0.109468
  0
VERTEX
  8
0
 10
95.568569
 20
376.217229
 42
0.108469
  0
VERTEX
  8
0
 10
95.873607
 20
375.426374
 42
0.050338
  0
VERTEX
  8
0
 10
96.573411
 20
374.569446
 42
0.039389
  0
VERTEX
  8
0
 10
97.913119
 20
373.425687
 42
0.154944
  0
VERTEX
  8
0
 10
98.930927
 20
373.087855
 42
0.172775
  0
VERTEX
  8
0
 10
99.889584
 20
373.415293
 42
0.051737
  0
VERTEX
  8
0
 10
101.009638
 20
374.511613
 42
0.025997
  0
VERTEX
  8
0
 10
101.629697
 20
375.343128
 42
0.343280
  0
VERTEX
  8
0
 10
101.603661
 20
375.701161
 42
0.226033
  0
VERTEX
  8
0
 10
101.199471
 20
375.868373
 42
0.014263
  0
VERTEX
  8
0
 10
99.882083
 20
375.761613
 42
-0.043850
  0
VERTEX
  8
0
 10
98.844378
 20
375.739046
 42
-0.103750
  0
VERTEX
  8
0
 10
98.103412
 20
375.946239
 42
-0.146822
  0
VERTEX
  8
0
 10
97.662417
 20
376.374699
 42
-0.127751
  0
VERTEX
  8
0
 10
97.500000
 20
377.000000
 42
-0.124062
  0
VERTEX
  8
0
 10
97.658307
 20
377.628196
 42
-0.155529
  0
VERTEX
  8
0
 10
98.087989
 20
378.043583
 42
-0.107967
  0
VERTEX
  8
0
 10
98.817760
 20
378.225886
 42
-0.042335
  0
VERTEX
  8
0
 10
99.859311
 20
378.168623
 42
0.028963
  0
VERTEX
  8
0
 10
100.832547
 20
378.088998
 42
0.110745
  0
VERTEX
  8
0
 10
101.425603
 20
378.207284
 42
0.263122
  0
VERTEX
  8
0
 10
101.641896
 20
378.498544
 42
0.171078
  0
VERTEX
  8
0
 10
101.550294
 20
378.918623
 42
0.176222
  0
VERTEX
  8
0
 10
100.437270
 20
379.797454
 42
0.118633
  0
VERTEX
  8
0
 10
98.807350
 20
379.933599
 42
0.107485
  0
VERTEX
  8
0
 10
97.163593
 20
379.301761
 42
0.125218
  0
SEQEND
  0
POLYLINE
  8
0
 66
1
 70
1
  0
VERTEX
  8
0
 10
106.361626
 20
378.500000
 42
0.097864
  0
VERTEX
  8
0
 10
106.074631
 20
376.841023
 42
0.128459
  0
VERTEX
  8
0
 10
106.496792
 20
375.369184
 42
0.138447
  0
VERTEX
  8
0
 10
107.550721
 20
374.365859
 42
0.122015
  0
VERTEX
  8
0
 10
109.027632
 20
374.000000
 42
-0.045829
  0
VERTEX
  8
0
 10
109.806919
 20
373.928421
 42
-0.110504
  0
VERTEX
  8
0
 10
110.336480
 20
373.702461
 42
-0.194571
  0
VERTEX
  8
0
 10
110.551266
 20
373.362171
 42
-0.185141
  0
VERTEX
  8
0
 10
110.474860
 20
372.959323
 42
-0.147960
  0
VERTEX
  8
0
 10
110.078090
 20
372.608910
 42
-0.071200
  0
VERTEX
  8
0
 10
109.421053
 20
372.414639
 42
-0.061078
  0
VERTEX
  8
0
 10
108.619050
 20
372.395930
 42
-0.052210
  0
VERTEX
  8
0
 10
107.790614
 20
372.566457
 42
0.023277
  0
VERTEX
  8
0
 10
106.906721
 20
372.802336
 42
0.135994
  0
VERTEX
  8
0
 10
106.430747
 20
372.775611
 42
0.356100
  0
VERTEX
  8
0
 10
106.281871
 20
372.538245
 42
0.107804
  0
VERTEX
  8
0
 10
106.433788
 20
372.107134
 42
0.190437
  0
VERTEX
  8
0
 10
107.277281
 20
371.477994
 42
0.028273
  0
VERTEX
  8
0
 10
109.393710
 20
371.031409
 42
0.025914
  0
VERTEX
  8
0
 10
111.499415
 20
370.820963
 42
0.370152
  0
VERTEX
  8
0
 10
112.050817
 20
371.250000
 42
0.017157
  0
VERTEX
  8
0
 10
112.082744
 20
371.440305
 42
0.000210
  0
VERTEX
  8
0
 10
112.246041
 20
372.675000
 42
0.000625
  0
VERTEX
  8
0
 10
112.432491
 20
374.103088
 42
0.000409
  0
VERTEX
  8
0
 10
112.644050
 20
375.750000
 42
0.010819
  0
VERTEX
  8
0
 10
112.936098
 20
378.513130
 42
0.158723
  0
VERTEX
  8
0
 10
112.714806
 20
379.453357
 42
0.234288
  0
VERTEX
  8
0
 10
112.012372
 20
379.898212
 42
0.026075
  0
VERTEX
  8
0
 10
110.061848
 20
380.000000
 42
0.039915
  0
VERTEX
  8
0
 10
108.761790
 20
379.896050
 42
0.056450
  0
VERTEX
  8
0
 10
107.644274
 20
379.583931
 42
0.068526
  0
VERTEX
  8
0
 10
106.811094
 20
379.104697
 42
0.137246
  0
SEQEND
  0
POLYLINE
  8
0
 66
1
 70
1
  0
VERTEX
  8
0
 10
110.216667
 20
375.816667
 42
-0.103621
  0
VERTEX
  8
0
 10
109.205275
 20
375.155634
 42
-0.297810
  0
VERTEX
  8
0
 10
108.422432
 20
375.319633
 42
-0.219336
  0
VERTEX
  8
0
 10
108.091174
 20
376.217175
 42
-0.072159
  0
VERTEX
  8
0
 10
108.409244
 20
377.624089
 42
-0.040341
  0
VERTEX
  8
0
 10
108.787781
 20
378.413665
 42
-0.190670
  0
VERTEX
  8
0
 10
109.174991
 20
378.718105
 42
-0.218633
  0
VERTEX
  8
0
 10
109.629413
 20
378.653597
 42
-0.053524
  0
VERTEX
  8
0
 10
110.232783
 20
378.167217
 42
-0.053474
  0
VERTEX
  8
0
 10
110.739052
 20
377.539301
 42
-0.145657
  0
VERTEX
  8
0
 10
110.896548
 20
376.996548
 42
-0.143917
  0
VERTEX
  8
0
 10
110.732364
 20
376.451783
 42
-0.051746
  0
SEQEND
  0
POLYLINE
  8
0
 66
1
 70
1
  0
VERTEX
  8
0
 10
114.000000
 20
374.000000
 42
0.099038
  0
VERTEX
  8
0
 10
114.076342
 20
373.618362
 42
0.097945
  0
VERTEX
  8
0
 10
114.293750
 20
373.293750
 42
0.097945
  0
VERTEX
  8
0
 10
114.618362
 20
373.076342
 42
0.099038
  0
VERTEX
  8
0
 10
115.000000
 20
373.000000
 42
0.099038
  0
VERTEX
  8
0
 10
115.381638
 20
373.076342
 42
0.097945
  0
VERTEX
  8
0
 10
115.706250
 20
373.293750
 42
0.097945
  0
VERTEX
  8
0
 10
115.923658
 20
373.618362
 42
0.099038
  0
VERTEX
  8
0
 10
116.000000
 20
374.000000
 42
0.099038
  0
VERTEX
  8
0
 10
115.923658
 20
374.381638
 42
0.097945
  0
VERTEX
  8
0
 10
115.706250
 20
374.706250
 42
0.097945
  0
VERTEX
  8
0
 10
115.381638
 20
374.923658
 42
0.099038
  0
VERTEX
  8
0
 10
115.000000
 20
375.000000
 42
0.099038
  0
VERTEX
  8
0
 10
114.618362
 20
374.923658
 42
0.097945
  0
VERTEX
  8
0
 10
114.293750
 20
374.706250
 42
0.097945
  0
VERTEX
  8
0
 10
114.076342
 20
374.381638
 42
0.099038
  0
SEQEND
  0
POLYLINE
  8
0
 66
1
 70
1
  0
VERTEX
  8
0
 10
236.038110
 20
370.365749
 42
0.012557
  0
VERTEX
  8
0
 10
234.420868
 20
369.455525
 42
0.032317
  0
VERTEX
  8
0
 10
233.316331
 20
368.696037
 42
0.096356
  0
VERTEX
  8
0
 10
232.909663
 20
368.224537
 42
0.576865
  0
VERTEX
  8
0
 10
233.038110
 20
368.003738
 42
0.111984
  0
VERTEX
  8
0
 10
234.624729
 20
368.367870
 42
0.016012
  0
VERTEX
  8
0
 10
237.601098
 20
369.919878
 42
0.011147
  0
VERTEX
  8
0
 10
240.544012
 20
371.663881
 42
0.258949
  0
VERTEX
  8
0
 10
241.000000
 20
372.485302
 42
0.047796
  0
VERTEX
  8
0
 10
240.982017
 20
372.672991
 42
0.097893
  0
VERTEX
  8
0
 10
240.926562
 20
372.809371
 42
0.165148
  0
VERTEX
  8
0
 10
240.844619
 20
372.873242
 42
0.209893
  0
VERTEX
  8
0
 10
240.750000
 20
372.865749
 42
-0.001238
  0
VERTEX
  8
0
 10
240.559614
 20
372.764117
 42
-0.000014
  0
VERTEX
  8
0
 10
239.262757
 20
372.075995
 42
-0.000043
  0
VERTEX
  8
0
 10
237.766267
 20
371.282161
 42
-0.000028
  0
SEQEND
  0
POLYLINE
  8
0
 66
1
 70
1
  0
VERTEX
  8
0
 10
79.750682
 20
358.228582
 42
0.106262
  0
VERTEX
  8
0
 10
79.036327
 20
357.907096
 42
0.059123
  0
VERTEX
  8
0
 10
78.336471
 20
357.251543
 42
0.055010
  0
VERTEX
  8
0
 10
77.755650
 20
356.384173
 42
0.058627
  0
VERTEX
  8
0
 10
77.392835
 20
355.429043
 42
0.088575
  0
VERTEX
  8
0
 10
77.181393
 20
352.379082
 42
0.173066
  0
VERTEX
  8
0
 10
78.228339
 20
350.212908
 42
0.171289
  0
VERTEX
  8
0
 10
80.420254
 20
349.184845
 42
0.086510
  0
VERTEX
  8
0
 10
83.502236
 20
349.411205
 42
0.129991
  0
VERTEX
  8
0
 10
85.264420
 20
350.384066
 42
0.176751
  0
VERTEX
  8
0
 10
86.060606
 20
351.999425
 42
0.238275
  0
VERTEX
  8
0
 10
85.532778
 20
353.402674
 42
0.187966
  0
VERTEX
  8
0
 10
84.000000
 20
354.000000
 42
0.084076
  0
VERTEX
  8
0
 10
82.690207
 20
353.778189
 42
0.237114
  0
VERTEX
  8
0
 10
82.062354
 20
353.130248
 42
0.271686
  0
VERTEX
  8
0
 10
82.249444
 20
352.318564
 42
0.098931
  0
VERTEX
  8
0
 10
83.250000
 20
351.609575
 42
-0.152261
  0
VERTEX
  8
0
 10
83.458990
 20
351.425739
 42
-0.500218
  0
VERTEX
  8
0
 10
83.401438
 20
351.281857
 42
-0.073151
  0
VERTEX
  8
0
 10
82.900520
 20
351.223179
 42
-0.015051
  0
VERTEX
  8
0
 10
82.010216
 20
351.276241
 42
-0.058422
  0
VERTEX
  8
0
 10
80.957342
 20
351.496629
 42
-0.078445
  0
VERTEX
  8
0
 10
80.093911
 20
351.945725
 42
-0.088053
  0
VERTEX
  8
0
 10
79.482827
 20
352.590014
 42
-0.099030
  0
VERTEX
  8
0
 10
79.161823
 20
353.380173
 42
-0.136177
  0
VERTEX
  8
0
 10
79.289001
 20
354.923474
 42
-0.167242
  0
VERTEX
  8
0
 10
80.197916
 20
356.037556
 42
-0.130237
  0
VERTEX
  8
0
 10
81.813484
 20
356.530304
 42
-0.070850
  0
VERTEX
  8
0
 10
83.890845
 20
356.312548
 42
0.023567
  0
VERTEX
  8
0
 10
84.885613
 20
356.112162
 42
0.096453
  0
VERTEX
  8
0
 10
85.498072
 20
356.137076
 42
0.284578
  0
VERTEX
  8
0
 10
85.725088
 20
356.365033
 42
0.198135
  0
VERTEX
  8
0
 10
85.664737
 20
356.733450
 42
0.132776
  0
VERTEX
  8
0
 10
84.775421
 20
357.567288
 42
0.060470
  0
VERTEX
  8
0
 10
83.277035
 20
358.145723
 42
0.055440
  0
VERTEX
  8
0
 10
81.497960
 20
358.390729
 42
0.059380
  0
SEQEND
  0
POLYLINE
  8
0
 66
1
 70
1
  0
VERTEX
  8
0
 10
88.750000
 20
358.228451
 42
0.131596
  0
VERTEX
  8
0
 10
87.910601
 20
357.799065
 42
0.122300
  0
VERTEX
  8
0
 10
87.370017
 20
356.996694
 42
0.069326
  0
VERTEX
  8
0
 10
87.080626
 20
355.645970
 42
0.018159
  0
VERTEX
  8
0
 10
87.000000
 20
353.426676
 42
0.021296
  0
VERTEX
  8
0
 10
87.072296
 20
351.730047
 42
0.034264
  0
VERTEX
  8
0
 10
87.293750
 20
350.300336
 42
0.037883
  0
VERTEX
  8
0
 10
87.611687
 20
349.264851
 42
0.308559
  0
VERTEX
  8
0
 10
88.000000
 20
349.000000
 42
0.191087
  0
VERTEX
  8
0
 10
88.381882
 20
349.151477
 42
0.088204
  0
VERTEX
  8
0
 10
88.706250
 20
349.587500
 42
0.068025
  0
VERTEX
  8
0
 10
88.926307
 20
350.234582
 42
0.048028
  0
VERTEX
  8
0
 10
89.000000
 20
351.000000
 42
-0.081942
  0
VERTEX
  8
0
 10
89.239841
 20
352.453652
 42
-0.342551
  0
VERTEX
  8
0
 10
89.931974
 20
352.910797
 42
-0.190658
  0
VERTEX
  8
0
 10
90.965093
 20
352.407751
 42
-0.037264
  0
VERTEX
  8
0
 10
92.268716
 20
350.750000
 42
0.036356
  0
VERTEX
  8
0
 10
92.902871
 20
349.940560
 42
0.060354
  0
VERTEX
  8
0
 10
93.557877
 20
349.374151
 42
0.086932
  0
VERTEX
  8
0
 10
94.131756
 20
349.118561
 42
0.258911
  0
VERTEX
  8
0
 10
94.533189
 20
349.225834
 42
0.182292
  0
VERTEX
  8
0
 10
94.721288
 20
349.622954
 42
0.081333
  0
VERTEX
  8
0
 10
94.673998
 20
350.208566
 42
0.064716
  0
VERTEX
  8
0
 10
94.409552
 20
350.886070
 42
0.047870
  0
VERTEX
  8
0
 10
93.956803
 20
351.552049
 42
-0.027241
  0
VERTEX
  8
0
 10
93.299232
 20
352.438459
 42
-0.147331
  0
VERTEX
  8
0
 10
93.129074
 20
353.006122
 42
-0.199894
  0
VERTEX
  8
0
 10
93.325307
 20
353.475595
 42
-0.056741
  0
VERTEX
  8
0
 10
93.960019
 20
353.975291
 42
0.255863
  0
VERTEX
  8
0
 10
94.817739
 20
355.486464
 42
0.229253
  0
VERTEX
  8
0
 10
94.050895
 20
357.134753
 42
0.124860
  0
VERTEX
  8
0
 10
91.632289
 20
358.262157
 42
0.100059
  0
SEQEND
  0
POLYLINE
  8
0
 66
1
 70
1
  0
VERTEX
  8
0
 10
92.500000
 20
356.000000
 42
-0.202618
  0
VERTEX
  8
0
 10
92.558599
 20
355.621877
 42
-0.181468
  0
VERTEX
  8
0
 10
92.331650
 20
355.293750
 42
-0.104212
  0
VERTEX
  8
0
 10
91.804599
 20
355.071541
 42
-0.047867
  0
VERTEX
  8
0
 10
91.059017
 20
355.000000
 42
-0.046600
  0
VERTEX
  8
0
 10
90.270941
 20
355.073608
 42
-0.066561
  0
VERTEX
  8
0
 10
89.604836
 20
355.293750
 42
-0.086673
  0
VERTEX
  8
0
 10
89.155423
 20
355.618015
 42
-0.195654
  0
VERTEX
  8
0
 10
89.000000
 20
356.000000
 42
-0.142666
  0
VERTEX
  8
0
 10
89.111069
 20
356.381340
 42
-0.099650
  0
VERTEX
  8
0
 10
89.423289
 20
356.706250
 42
-0.084330
  0
VERTEX
  8
0
 10
89.890182
 20
356.925146
 42
-0.067639
  0
VERTEX
  8
0
 10
90.440983
 20
357.000000
 42
-0.061875
  0
VERTEX
  8
0
 10
91.038022
 20
356.925833
 42
-0.051278
  0
VERTEX
  8
0
 10
91.640225
 20
356.706250
 42
-0.053305
  0
VERTEX
  8
0
 10
92.157656
 20
356.382836
 42
-0.088250
  0
SEQEND
  0
POLYLINE
  8
0
 66
1
 70
1
  0
VERTEX
  8
0
 10
99.750000
 20
358.219284
 42
0.048882
  0
VERTEX
  8
0
 10
98.188936
 20
357.861929
 42
0.183653
  0
VERTEX
  8
0
 10
97.424922
 20
357.236501
 42
0.116224
  0
VERTEX
  8
0
 10
97.077533
 20
356.072987
 42
0.014684
  0
VERTEX
  8
0
 10
97.000000
 20
353.433578
 42
0.000000
  0
VERTEX
  8
0
 10
97.000000
 20
349.000000
 42
0.000000
  0
VERTEX
  8
0
 10
101.440983
 20
349.000000
 42
0.020930
  0
VERTEX
  8
0
 10
103.186816
 20
349.073113
 42
0.027868
  0
VERTEX
  8
0
 10
104.758975
 20
349.293750
 42
0.027581
  0
VERTEX
  8
0
 10
106.000298
 20
349.611109
 42
0.179846
  0
VERTEX
  8
0
 10
106.500000
 20
350.000000
 42
-0.177519
  0
VERTEX
  8
0
 10
107.470105
 20
350.762030
 42
-0.091939
  0
VERTEX
  8
0
 10
109.018751
 20
350.966237
 42
-0.094735
  0
VERTEX
  8
0
 10
110.498632
 20
350.602263
 42
-0.202113
  0
VERTEX
  8
0
 10
111.279762
 20
349.750000
 42
0.078237
  0
VERTEX
  8
0
 10
111.509930
 20
349.327857
 42
0.132027
  0
VERTEX
  8
0
 10
111.828106
 20
349.084505
 42
0.158800
  0
VERTEX
  8
0
 10
112.182310
 20
349.057740
 42
0.128430
  0
VERTEX
  8
0
 10
112.519567
 20
349.239805
 42
0.296731
  0
VERTEX
  8
0
 10
112.857525
 20
350.600671
 42
0.026801
  0
VERTEX
  8
0
 10
111.468645
 20
354.007733
 42
0.027273
  0
VERTEX
  8
0
 10
109.713242
 20
357.257941
 42
0.260958
  0
VERTEX
  8
0
 10
108.388267
 20
358.000000
 42
0.206695
  0
VERTEX
  8
0
 10
107.808437
 20
357.749606
 42
0.046093
  0
VERTEX
  8
0
 10
107.129024
 20
356.880269
 42
0.040539
  0
VERTEX
  8
0
 10
106.471263
 20
355.647760
 42
0.029532
  0
VERTEX
  8
0
 10
105.938225
 20
354.188151
 42
-0.019637
  0
VERTEX
  8
0
 10
105.188000
 20
352.000479
 42
-0.126557
  0
VERTEX
  8
0
 10
104.513466
 20
351.058445
 42
-0.169737
  0
VERTEX
  8
0
 10
103.567242
 20
350.700832
 42
-0.042727
  0
VERTEX
  8
0
 10
101.898084
 20
350.801650
 42
-0.046769
  0
VERTEX
  8
0
 10
99.910048
 20
351.286467
 42
-0.215834
  0
VERTEX
  8
0
 10
99.070689
 20
352.080753
 42
-0.441366
  0
VERTEX
  8
0
 10
99.393572
 20
352.760475
 42
-0.074142
  0
VERTEX
  8
0
 10
101.000000
 20
353.000000
 42
0.048028
  0
VERTEX
  8
0
 10
101.765418
 20
353.073693
 42
0.068025
  0
VERTEX
  8
0
 10
102.412500
 20
353.293750
 42
0.088204
  0
VERTEX
  8
0
 10
102.848523
 20
353.618118
 42
0.191087
  0
VERTEX
  8
0
 10
103.000000
 20
354.000000
 42
0.238636
  0
VERTEX
  8
0
 10
102.805941
 20
354.383445
 42
0.069881
  0
VERTEX
  8
0
 10
102.206875
 20
354.706250
 42
0.053511
  0
VERTEX
  8
0
 10
101.334119
 20
354.927044
 42
0.035231
  0
VERTEX
  8
0
 10
100.300000
 20
355.000000
 42
-0.081834
  0
VERTEX
  8
0
 10
98.747785
 20
355.255760
 42
-0.517280
  0
VERTEX
  8
0
 10
98.556132
 20
355.899320
 42
-0.156517
  0
VERTEX
  8
0
 10
99.711311
 20
356.681115
 42
-0.037740
  0
VERTEX
  8
0
 10
102.000000
 20
357.166559
 42
0.024427
  0
VERTEX
  8
0
 10
102.896275
 20
357.331886
 42
0.073763
  0
VERTEX
  8
0
 10
103.471875
 20
357.560797
 42
0.245001
  0
VERTEX
  8
0
 10
103.626294
 20
357.804661
 42
0.299475
  0
VERTEX
  8
0
 10
103.500000
 20
358.036942
 42
0.087842
  0
VERTEX
  8
0
 10
102.936679
 20
358.220879
 42
0.022951
  0
VERTEX
  8
0
 10
101.985938
 20
358.310975
 42
0.022596
  0
VERTEX
  8
0
 10
100.876158
 20
358.314750
 42
0.021396
  0
SEQEND
  0
POLYLINE
  8
0
 66
1
 70
1
  0
VERTEX
  8
0
 10
109.500000
 20
354.000000
 42
-0.082592
  0
VERTEX
  8
0
 10
109.656512
 20
353.617900
 42
-0.161196
  0
VERTEX
  8
0
 10
109.625400
 20
353.293750
 42
-0.182303
  0
VERTEX
  8
0
 10
109.413961
 20
353.078288
 42
-0.108972
  0
VERTEX
  8
0
 10
109.059017
 20
353.000000
 42
-0.093332
  0
VERTEX
  8
0
 10
108.654762
 20
353.076123
 42
-0.096420
  0
VERTEX
  8
0
 10
108.311086
 20
353.293750
 42
-0.099167
  0
VERTEX
  8
0
 10
108.081062
 20
353.618444
 42
-0.105053
  0
VERTEX
  8
0
 10
108.000000
 20
354.000000
 42
-0.042167
  0
VERTEX
  8
0
 10
108.032345
 20
354.382849
 42
-0.061769
  0
VERTEX
  8
0
 10
108.129539
 20
354.706250
 42
-0.081139
  0
VERTEX
  8
0
 10
108.272352
 20
354.925540
 42
-0.210953
  0
VERTEX
  8
0
 10
108.440983
 20
355.000000
 42
-0.151918
  0
VERTEX
  8
0
 10
108.651710
 20
354.934461
 42
-0.038439
  0
VERTEX
  8
0
 10
108.933975
 20
354.706250
 42
-0.035638
  0
VERTEX
  8
0
 10
109.231006
 20
354.382774
 42
-0.029505
  0
SEQEND
  0
POLYLINE
  8
0
 66
1
 70
1
  0
VERTEX
  8
0
 10
113.479756
 20
357.967245
 42
0.145713
  0
VERTEX
  8
0
 10
113.380480
 20
357.600245
 42
0.191561
  0
VERTEX
  8
0
 10
113.515528
 20
357.284128
 42
0.134503
  0
VERTEX
  8
0
 10
113.887513
 20
357.070592
 42
0.063514
  0
VERTEX
  8
0
 10
114.440983
 20
357.000000
 42
-0.163946
  0
VERTEX
  8
0
 10
115.163928
 20
356.756405
 42
-0.138157
  0
VERTEX
  8
0
 10
115.652561
 20
356.108570
 42
-0.073248
  0
VERTEX
  8
0
 10
115.923715
 20
354.926063
 42
-0.019796
  0
VERTEX
  8
0
 10
116.000000
 20
353.000000
 42
0.023598
  0
VERTEX
  8
0
 10
116.072390
 20
351.467056
 42
0.037669
  0
VERTEX
  8
0
 10
116.293750
 20
350.175000
 42
0.043820
  0
VERTEX
  8
0
 10
116.612873
 20
349.251055
 42
0.295869
  0
VERTEX
  8
0
 10
117.000000
 20
349.000000
 42
0.295869
  0
VERTEX
  8
0
 10
117.387127
 20
349.251055
 42
0.043820
  0
VERTEX
  8
0
 10
117.706250
 20
350.175000
 42
0.037669
  0
VERTEX
  8
0
 10
117.927610
 20
351.467056
 42
0.023598
  0
VERTEX
  8
0
 10
118.000000
 20
353.000000
 42
-0.019039
  0
VERTEX
  8
0
 10
118.075790
 20
354.989706
 42
-0.079830
  0
VERTEX
  8
0
 10
118.354167
 20
356.150000
 42
-0.153014
  0
VERTEX
  8
0
 10
118.873164
 20
356.768100
 42
-0.143131
  0
VERTEX
  8
0
 10
119.666667
 20
357.000000
 42
0.055565
  0
VERTEX
  8
0
 10
120.732146
 20
357.118773
 42
0.688419
  0
VERTEX
  8
0
 10
120.772413
 20
357.398554
 42
0.070295
  0
VERTEX
  8
0
 10
119.675710
 20
357.820848
 42
0.009803
  0
VERTEX
  8
0
 10
117.288773
 20
358.323605
 42
0.030364
  0
VERTEX
  8
0
 10
116.015507
 20
358.486547
 42
0.039985
  0
VERTEX
  8
0
 10
114.845244
 20
358.470915
 42
0.044872
  0
VERTEX
  8
0
 10
113.922275
 20
358.300129
 42
0.188322
  0
SEQEND
  0
POLYLINE
  8
0
 66
1
 70
1
  0
VERTEX
  8
0
 10
266.761659
 20
354.292739
 42
0.028254
  0
VERTEX
  8
0
 10
267.754739
 20
354.159391
 42
0.020511
  0
VERTEX
  8
0
 10
268.869594
 20
354.119272
 42
0.020826
  0
VERTEX
  8
0
 10
269.934218
 20
354.169017
 42
0.041951
  0
VERTEX
  8
0
 10
270.761659
 20
354.312920
 42
0.285845
  0
VERTEX
  8
0
 10
270.916221
 20
354.476221
 42
0.417468
  0
VERTEX
  8
0
 10
270.814362
 20
354.628390
 42
0.038992
  0
VERTEX
  8
0
 10
269.938425
 20
354.726931
 42
0.009782
  0
VERTEX
  8
0
 10
268.500000
 20
354.747817
 42
0.008901
  0
VERTEX
  8
0
 10
267.071102
 20
354.715166
 42
0.053901
  0
VERTEX
  8
0
 10
266.339362
 20
354.605813
 42
0.671610
  0
VERTEX
  8
0
 10
266.319562
 20
354.456590
 42
0.082665
  0
SEQEND
  0
POLYLINE
  8
0
 66
1
 70
1
  0
VERTEX
  8
0
 10
248.812500
 20
352.316886
 42
0.051402
  0
VERTEX
  8
0
 10
249.359369
 20
352.160852
 42
0.054150
  0
VERTEX
  8
0
 10
249.916927
 20
352.123424
 42
0.060344
  0
VERTEX
  8
0
 10
250.402231
 20
352.202593
 42
0.126455
  0
VERTEX
  8
0
 10
250.729167
 20
352.395833
 42
0.296942
  0
VERTEX
  8
0
 10
250.775380
 20
352.614691
 42
0.208169
  0
VERTEX
  8
0
 10
250.592839
 20
352.799335
 42
0.077125
  0
VERTEX
  8
0
 10
250.112848
 20
352.910055
 42
0.028489
  0
VERTEX
  8
0
 10
249.416667
 20
352.921053
 42
0.018894
  0
VERTEX
  8
0
 10
248.670344
 20
352.862007
 42
0.168741
  0
VERTEX
  8
0
 10
248.378580
 20
352.720685
 42
0.470617
  0
VERTEX
  8
0
 10
248.395823
 20
352.538436
 42
0.054073
  0
SEQEND
  0
POLYLINE
  8
0
 66
1
 70
1
  0
VERTEX
  8
0
 10
261.098973
 20
350.901027
 42
-0.048792
  0
VERTEX
  8
0
 10
262.020038
 20
349.780236
 42
-0.066965
  0
VERTEX
  8
0
 10
262.594751
 20
348.610433
 42
-0.067326
  0
VERTEX
  8
0
 10
262.837973
 20
347.335282
 42
-0.049981
  0
VERTEX
  8
0
 10
262.772166
 20
345.901027
 42
0.028853
  0
VERTEX
  8
0
 10
262.657908
 20
344.606560
 42
0.083063
  0
VERTEX
  8
0
 10
262.779177
 20
343.716392
 42
0.145004
  0
VERTEX
  8
0
 10
263.125705
 20
343.197882
 42
0.175172
  0
VERTEX
  8
0
 10
263.673193
 20
343.000000
 42
0.243135
  0
VERTEX
  8
0
 10
264.269632
 20
343.308253
 42
0.089585
  0
VERTEX
  8
0
 10
264.683660
 20
344.192111
 42
0.049385
  0
VERTEX
  8
0
 10
264.928816
 20
345.704579
 42
0.015502
  0
VERTEX
  8
0
 10
265.000000
 20
348.000000
 42
0.009722
  0
VERTEX
  8
0
 10
264.937776
 20
351.199987
 42
0.126045
  0
VERTEX
  8
0
 10
264.600000
 20
352.333333
 42
0.222479
  0
VERTEX
  8
0
 10
263.819245
 20
352.858980
 42
0.038700
  0
VERTEX
  8
0
 10
262.000000
 20
353.000000
 42
0.000000
  0
VERTEX
  8
0
 10
259.000000
 20
353.000000
 42
0.000000
  0
SEQEND
  0
POLYLINE
  8
0
 66
1
 70
1
  0
VERTEX
  8
0
 10
134.995686
 20
348.500000
 42
0.387320
  0
VERTEX
  8
0
 10
135.391351
 20
348.066187
 42
0.011396
  0
VERTEX
  8
0
 10
138.071372
 20
347.879600
 42
0.015169
  0
VERTEX
  8
0
 10
141.736736
 20
347.819549
 42
0.006092
  0
VERTEX
  8
0
 10
146.748035
 20
347.950559
 42
0.001656
  0
VERTEX
  8
0
 10
154.931111
 20
348.291429
 42
0.819493
  0
VERTEX
  8
0
 10
154.976320
 20
348.584941
 42
0.078757
  0
VERTEX
  8
0
 10
153.478073
 20
348.878374
 42
0.000896
  0
VERTEX
  8
0
 10
143.247651
 20
349.230649
 42
0.009520
  0
VERTEX
  8
0
 10
139.847396
 20
349.276855
 42
0.020718
  0
VERTEX
  8
0
 10
137.241088
 20
349.154576
 42
0.018690
  0
VERTEX
  8
0
 10
135.348190
 20
348.915400
 42
0.367329
  0
SEQEND
  0
POLYLINE
  8
0
 66
1
 70
1
  0
VERTEX
  8
0
 10
80.000000
 20
339.563358
 42
0.020651
  0
VERTEX
  8
0
 10
80.072271
 20
337.814297
 42
0.033296
  0
VERTEX
  8
0
 10
80.293750
 20
336.340487
 42
0.036202
  0
VERTEX
  8
0
 10
80.611318
 20
335.268867
 42
0.312166
  0
VERTEX
  8
0
 10
81.000000
 20
335.000000
 42
0.148195
  0
VERTEX
  8
0
 10
81.381354
 20
335.115568
 42
0.098894
  0
VERTEX
  8
0
 10
81.706250
 20
335.440625
 42
0.082425
  0
VERTEX
  8
0
 10
81.925306
 20
335.926543
 42
0.064853
  0
VERTEX
  8
0
 10
82.000000
 20
336.500000
 42
-0.066987
  0
VERTEX
  8
0
 10
82.077165
 20
337.073382
 42
-0.083896
  0
VERTEX
  8
0
 10
82.302969
 20
337.559375
 42
-0.099493
  0
VERTEX
  8
0
 10
82.638074
 20
337.884389
 42
-0.143927
  0
VERTEX
  8
0
 10
83.031385
 20
338.000000
 42
-0.124130
  0
VERTEX
  8
0
 10
83.468489
 20
337.889786
 42
-0.064334
  0
VERTEX
  8
0
 10
83.928884
 20
337.559375
 42
-0.057860
  0
VERTEX
  8
0
 10
84.341530
 20
337.073647
 42
-0.055615
  0
VERTEX
  8
0
 10
84.638374
 20
336.500000
 42
0.077126
  0
VERTEX
  8
0
 10
84.966962
 20
335.926580
 42
0.064983
  0
VERTEX
  8
0
 10
85.471427
 20
335.440625
 42
0.066775
  0
VERTEX
  8
0
 10
86.067894
 20
335.111999
 42
0.092821
  0
VERTEX
  8
0
 10
86.666006
 20
335.000000
 42
0.078453
  0
VERTEX
  8
0
 10
87.188416
 20
335.082477
 42
0.172401
  0
VERTEX
  8
0
 10
87.504981
 20
335.325446
 42
0.188922
  0
VERTEX
  8
0
 10
87.580502
 20
335.695551
 42
0.095645
  0
VERTEX
  8
0
 10
87.409017
 20
336.147214
 42
-0.071659
  0
VERTEX
  8
0
 10
87.128639
 20
336.791426
 42
-0.019832
  0
VERTEX
  8
0
 10
86.878899
 20
337.868877
 42
-0.019600
  0
VERTEX
  8
0
 10
86.690424
 20
339.125192
 42
-0.019377
  0
VERTEX
  8
0
 10
86.600000
 20
340.397214
 42
0.033723
  0
VERTEX
  8
0
 10
86.426240
 20
342.135356
 42
0.153326
  0
VERTEX
  8
0
 10
85.969960
 20
343.030633
 42
0.146107
  0
VERTEX
  8
0
 10
85.070226
 20
343.528033
 42
0.029692
  0
VERTEX
  8
0
 10
83.250000
 20
343.813358
 42
0.026123
  0
VERTEX
  8
0
 10
81.198415
 20
343.903453
 42
0.231403
  0
VERTEX
  8
0
 10
80.410882
 20
343.510178
 42
0.154118
  0
VERTEX
  8
0
 10
80.061383
 20
342.543780
 42
0.010297
  0
SEQEND
  0
POLYLINE
  8
0
 66
1
 70
1
  0
VERTEX
  8
0
 10
85.000000
 20
341.000000
 42
-0.148195
  0
VERTEX
  8
0
 10
84.884432
 20
340.618646
 42
-0.098894
  0
VERTEX
  8
0
 10
84.559375
 20
340.293750
 42
-0.082425
  0
VERTEX
  8
0
 10
84.073457
 20
340.074694
 42
-0.064853
  0
VERTEX
  8
0
 10
83.500000
 20
340.000000
 42
-0.064853
  0
VERTEX
  8
0
 10
82.926543
 20
340.074694
 42
-0.082425
  0
VERTEX
  8
0
 10
82.440625
 20
340.293750
 42
-0.098894
  0
VERTEX
  8
0
 10
82.115568
 20
340.618646
 42
-0.148195
  0
VERTEX
  8
0
 10
82.000000
 20
341.000000
 42
-0.148195
  0
VERTEX
  8
0
 10
82.115568
 20
341.381354
 42
-0.098894
  0
VERTEX
  8
0
 10
82.440625
 20
341.706250
 42
-0.082425
  0
VERTEX
  8
0
 10
82.926543
 20
341.925306
 42
-0.064853
  0
VERTEX
  8
0
 10
83.500000
 20
342.000000
 42
-0.064853
  0
VERTEX
  8
0
 10
84.073457
 20
341.925306
 42
-0.082425
  0
VERTEX
  8
0
 10
84.559375
 20
341.706250
 42
-0.098894
  0
VERTEX
  8
0
 10
84.884432
 20
341.381354
 42
-0.148195
  0
SEQEND
  0
POLYLINE
  8
0
 66
1
 70
1
  0
VERTEX
  8
0
 10
90.200000
 20
342.800000
 42
0.136262
  0
VERTEX
  8
0
 10
89.177763
 20
340.991807
 42
0.090278
  0
VERTEX
  8
0
 10
89.025249
 20
338.597669
 42
0.092026
  0
VERTEX
  8
0
 10
89.722155
 20
336.344649
 42
0.150081
  0
VERTEX
  8
0
 10
91.119947
 20
334.935806
 42
0.059553
  0
VERTEX
  8
0
 10
92.338520
 20
334.459755
 42
0.112939
  0
VERTEX
  8
0
 10
93.386286
 20
334.429845
 42
0.085909
  0
VERTEX
  8
0
 10
94.529028
 20
334.870161
 42
0.024369
  0
VERTEX
  8
0
 10
96.119947
 20
335.930560
 42
-0.021134
  0
VERTEX
  8
0
 10
97.225880
 20
336.678075
 42
-0.044240
  0
VERTEX
  8
0
 10
98.153985
 20
337.142180
 42
-0.080271
  0
VERTEX
  8
0
 10
98.775225
 20
337.277889
 42
-0.430378
  0
VERTEX
  8
0
 10
99.000000
 20
337.065121
 42
0.220016
  0
VERTEX
  8
0
 10
99.563013
 20
335.847577
 42
0.089590
  0
VERTEX
  8
0
 10
101.179119
 20
334.909706
 42
0.081214
  0
VERTEX
  8
0
 10
103.190032
 20
334.533272
 42
0.129308
  0
VERTEX
  8
0
 10
104.882351
 20
334.937036
 42
0.072526
  0
VERTEX
  8
0
 10
106.338742
 20
336.012793
 42
0.100200
  0
VERTEX
  8
0
 10
107.240483
 20
337.359364
 42
0.097202
  0
VERTEX
  8
0
 10
107.563729
 20
338.982809
 42
0.064721
  0
VERTEX
  8
0
 10
107.323633
 20
340.870429
 42
0.194389
  0
VERTEX
  8
0
 10
105.702766
 20
343.048481
 42
0.143350
  0
VERTEX
  8
0
 10
102.769184
 20
343.836046
 42
0.158851
  0
VERTEX
  8
0
 10
100.081264
 20
342.892639
 42
0.229993
  0
VERTEX
  8
0
 10
98.969591
 20
340.682612
 42
-0.004590
  0
VERTEX
  8
0
 10
98.935720
 20
339.217348
 42
-0.360208
  0
VERTEX
  8
0
 10
98.792616
 20
339.055422
 42
-0.307916
  0
VERTEX
  8
0
 10
98.581613
 20
339.155239
 42
-0.003919
  0
VERTEX
  8
0
 10
97.805055
 20
340.500000
 42
0.072624
  0
VERTEX
  8
0
 10
96.109294
 20
342.681160
 42
0.118366
  0
VERTEX
  8
0
 10
94.095767
 20
343.859086
 42
0.143003
  0
VERTEX
  8
0
 10
92.041514
 20
343.878817
 42
0.128430
  0
SEQEND
  0
POLYLINE
  8
0
 66
1
 70
1
  0
VERTEX
  8
0
 10
95.429755
 20
340.322459
 42
-0.165207
  0
VERTEX
  8
0
 10
95.488268
 20
338.821036
 42
-0.105665
  0
VERTEX
  8
0
 10
94.644842
 20
337.273673
 42
-0.120081
  0
VERTEX
  8
0
 10
93.335764
 20
336.334797
 42
-0.238561
  0
VERTEX
  8
0
 10
92.095961
 20
336.440693
 42
-0.162953
  0
VERTEX
  8
0
 10
91.377747
 20
337.303572
 42
-0.071012
  0
VERTEX
  8
0
 10
91.034734
 20
338.773147
 42
-0.070362
  0
VERTEX
  8
0
 10
91.115631
 20
340.298833
 42
-0.149073
  0
VERTEX
  8
0
 10
91.666667
 20
341.333333
 42
-0.127025
  0
VERTEX
  8
0
 10
92.646346
 20
341.910904
 42
-0.136447
  0
VERTEX
  8
0
 10
93.755150
 20
341.920645
 42
-0.128978
  0
VERTEX
  8
0
 10
94.755971
 20
341.348977
 42
-0.107632
  0
SEQEND
  0
POLYLINE
  8
0
 66
1
 70
1
  0
VERTEX
  8
0
 10
104.816422
 20
339.250000
 42
-0.045313
  0
VERTEX
  8
0
 10
104.585148
 20
338.138371
 42
-0.072136
  0
VERTEX
  8
0
 10
104.172441
 20
337.261070
 42
-0.093669
  0
VERTEX
  8
0
 10
103.626209
 20
336.698343
 42
-0.154584
  0
VERTEX
  8
0
 10
103.000000
 20
336.500000
 42
-0.154584
  0
VERTEX
  8
0
 10
102.373791
 20
336.698343
 42
-0.093669
  0
VERTEX
  8
0
 10
101.827559
 20
337.261070
 42
-0.072136
  0
VERTEX
  8
0
 10
101.414852
 20
338.138371
 42
-0.045313
  0
VERTEX
  8
0
 10
101.183578
 20
339.250000
 42
-0.030541
  0
VERTEX
  8
0
 10
101.106685
 20
340.686008
 42
-0.145046
  0
VERTEX
  8
0
 10
101.343872
 20
341.464750
 42
-0.189807
  0
VERTEX
  8
0
 10
101.924270
 20
341.872056
 42
-0.059260
  0
VERTEX
  8
0
 10
103.000000
 20
342.000000
 42
-0.059260
  0
VERTEX
  8
0
 10
104.075730
 20
341.872056
 42
-0.189807
  0
VERTEX
  8
0
 10
104.656128
 20
341.464750
 42
-0.145046
  0
VERTEX
  8
0
 10
104.893315
 20
340.686008
 42
-0.030541
  0
SEQEND
  0
POLYLINE
  8
0
 66
1
 70
1
  0
VERTEX
  8
0
 10
109.000000
 20
339.500000
 42
0.038341
  0
VERTEX
  8
0
 10
109.218546
 20
336.654193
 42
0.150512
  0
VERTEX
  8
0
 10
109.978734
 20
335.088772
 42
0.566160
  0
VERTEX
  8
0
 10
110.720354
 20
335.247143
 42
0.071573
  0
VERTEX
  8
0
 10
111.099680
 20
337.250000
 42
0.000000
  0
VERTEX
  8
0
 10
111.199360
 20
339.500000
 42
0.000000
  0
VERTEX
  8
0
 10
111.849680
 20
337.190983
 42
0.061183
  0
VERTEX
  8
0
 10
112.530555
 20
335.565839
 42
0.227984
  0
VERTEX
  8
0
 10
113.418943
 20
334.953445
 42
0.266946
  0
VERTEX
  8
0
 10
114.340562
 20
335.307203
 42
0.076951
  0
VERTEX
  8
0
 10
115.140671
 20
336.676000
 42
-0.003624
  0
VERTEX
  8
0
 10
115.605162
 20
337.830148
 42
-0.278756
  0
VERTEX
  8
0
 10
115.758483
 20
337.943641
 42
-0.423873
  0
VERTEX
  8
0
 10
115.874526
 20
337.844236
 42
-0.005126
  0
VERTEX
  8
0
 10
115.929715
 20
336.750000
 42
0.054897
  0
VERTEX
  8
0
 10
116.030766
 20
336.080593
 42
0.072474
  0
VERTEX
  8
0
 10
116.273104
 20
335.514063
 42
0.090029
  0
VERTEX
  8
0
 10
116.612916
 20
335.133180
 42
0.167220
  0
VERTEX
  8
0
 10
117.000000
 20
335.000000
 42
0.310520
  0
VERTEX
  8
0
 10
117.388512
 20
335.267028
 42
0.036969
  0
VERTEX
  8
0
 10
117.706250
 20
336.321875
 42
0.033738
  0
VERTEX
  8
0
 10
117.927717
 20
337.775243
 42
0.020945
  0
VERTEX
  8
0
 10
118.000000
 20
339.500000
 42
0.044479
  0
VERTEX
  8
0
 10
117.715335
 20
342.693644
 42
0.244918
  0
VERTEX
  8
0
 10
116.691738
 20
344.017501
 42
0.367718
  0
VERTEX
  8
0
 10
115.415226
 20
343.660771
 42
0.064507
  0
VERTEX
  8
0
 10
114.206627
 20
341.250000
 42
0.000000
  0
VERTEX
  8
0
 10
113.246586
 20
338.500000
 42
0.000000
  0
VERTEX
  8
0
 10
112.514885
 20
341.250000
 42
0.067534
  0
VERTEX
  8
0
 10
111.506984
 20
343.668137
 42
0.394485
  0
VERTEX
  8
0
 10
110.301752
 20
344.027182
 42
0.236734
  0
VERTEX
  8
0
 10
109.284727
 20
342.672371
 42
0.044786
  0
SEQEND
  0
POLYLINE
  8
0
 66
1
 70
1
  0
VERTEX
  8
0
 10
246.000000
 20
343.377494
 42
0.183146
  0
VERTEX
  8
0
 10
246.647194
 20
341.669883
 42
0.095522
  0
VERTEX
  8
0
 10
248.476953
 20
340.262143
 42
0.072189
  0
VERTEX
  8
0
 10
251.241024
 20
339.342532
 42
0.047870
  0
VERTEX
  8
0
 10
254.578741
 20
339.070285
 42
0.021328
  0
VERTEX
  8
0
 10
258.338988
 20
339.284591
 42
0.047146
  0
VERTEX
  8
0
 10
261.156840
 20
339.837642
 42
0.132661
  0
VERTEX
  8
0
 10
262.354067
 20
340.574648
 42
0.474583
  0
VERTEX
  8
0
 10
262.252722
 20
341.343809
 42
0.090008
  0
VERTEX
  8
0
 10
261.779488
 20
341.529563
 42
0.095356
  0
VERTEX
  8
0
 10
261.281080
 20
341.531743
 42
0.099753
  0
VERTEX
  8
0
 10
260.835150
 20
341.351244
 42
0.108868
  0
VERTEX
  8
0
 10
260.510081
 20
341.016312
 42
-0.192387
  0
VERTEX
  8
0
 10
259.973599
 20
340.619297
 42
-0.022381
  0
VERTEX
  8
0
 10
258.484843
 20
340.298542
 42
-0.024296
  0
VERTEX
  8
0
 10
256.605773
 20
340.074117
 42
-0.017574
  0
VERTEX
  8
0
 10
254.497687
 20
340.000000
 42
-0.015975
  0
VERTEX
  8
0
 10
251.607767
 20
340.092359
 42
-0.061575
  0
VERTEX
  8
0
 10
249.846155
 20
340.425474
 42
-0.092866
  0
VERTEX
  8
0
 10
248.611262
 20
341.092242
 42
-0.069988
  0
VERTEX
  8
0
 10
247.556704
 20
342.222506
 42
0.021005
  0
VERTEX
  8
0
 10
246.957142
 20
343.006273
 42
0.059432
  0
VERTEX
  8
0
 10
246.457282
 20
343.478568
 42
0.197836
  0
VERTEX
  8
0
 10
246.154016
 20
343.555261
 42
0.372943
  0
SEQEND
  0
POLYLINE
  8
0
 66
1
 70
1
  0
VERTEX
  8
0
 10
264.000000
 20
340.559017
 42
0.062283
  0
VERTEX
  8
0
 10
264.074545
 20
339.962904
 42
0.080552
  0
VERTEX
  8
0
 10
264.293750
 20
339.457961
 42
0.097988
  0
VERTEX
  8
0
 10
264.618621
 20
339.120018
 42
0.153634
  0
VERTEX
  8
0
 10
265.000000
 20
339.000000
 42
0.092995
  0
VERTEX
  8
0
 10
265.381732
 20
339.071618
 42
0.096318
  0
VERTEX
  8
0
 10
265.706250
 20
339.276414
 42
0.099231
  0
VERTEX
  8
0
 10
265.923444
 20
339.581949
 42
0.105429
  0
VERTEX
  8
0
 10
266.000000
 20
339.940983
 42
0.089642
  0
VERTEX
  8
0
 10
265.926698
 20
340.346558
 42
0.053229
  0
VERTEX
  8
0
 10
265.706250
 20
340.787100
 42
0.051032
  0
VERTEX
  8
0
 10
265.382515
 20
341.193797
 42
0.060810
  0
VERTEX
  8
0
 10
265.000000
 20
341.500000
 42
0.139169
  0
VERTEX
  8
0
 10
264.620352
 20
341.607943
 42
0.191142
  0
VERTEX
  8
0
 10
264.293750
 20
341.478525
 42
0.138808
  0
VERTEX
  8
0
 10
264.073267
 20
341.110654
 42
0.066118
  0
SEQEND
  0
POLYLINE
  8
0
 66
1
 70
1
  0
VERTEX
  8
0
 10
266.761659
 20
337.292739
 42
0.028254
  0
VERTEX
  8
0
 10
267.754739
 20
337.159391
 42
0.020511
  0
VERTEX
  8
0
 10
268.869594
 20
337.119272
 42
0.020826
  0
VERTEX
  8
0
 10
269.934218
 20
337.169017
 42
0.041951
  0
VERTEX
  8
0
 10
270.761659
 20
337.312920
 42
0.285845
  0
VERTEX
  8
0
 10
270.916221
 20
337.476221
 42
0.417468
  0
VERTEX
  8
0
 10
270.814362
 20
337.628390
 42
0.038992
  0
VERTEX
  8
0
 10
269.938425
 20
337.726931
 42
0.009782
  0
VERTEX
  8
0
 10
268.500000
 20
337.747817
 42
0.008901
  0
VERTEX
  8
0
 10
267.071102
 20
337.715166
 42
0.053901
  0
VERTEX
  8
0
 10
266.339362
 20
337.605813
 42
0.671610
  0
VERTEX
  8
0
 10
266.319562
 20
337.456590
 42
0.082665
  0
SEQEND
  0
POLYLINE
  8
0
 66
1
 70
1
  0
VERTEX
  8
0
 10
161.157895
 20
333.000000
 42
0.017491
  0
VERTEX
  8
0
 10
161.189089
 20
332.108560
 42
0.078554
  0
VERTEX
  8
0
 10
161.306058
 20
331.601562
 42
0.447206
  0
VERTEX
  8
0
 10
161.474999
 20
331.540618
 42
0.174857
  0
VERTEX
  8
0
 10
161.662281
 20
331.750000
 42
0.057986
  0
VERTEX
  8
0
 10
161.818615
 20
332.320008
 42
0.037979
  0
VERTEX
  8
0
 10
161.870340
 20
333.000000
 42
0.037979
  0
VERTEX
  8
0
 10
161.818615
 20
333.679992
 42
0.057986
  0
VERTEX
  8
0
 10
161.662281
 20
334.250000
 42
0.174857
  0
VERTEX
  8
0
 10
161.474999
 20
334.459382
 42
0.447206
  0
VERTEX
  8
0
 10
161.306058
 20
334.398438
 42
0.078554
  0
VERTEX
  8
0
 10
161.189089
 20
333.891440
 42
0.017491
  0
SEQEND
  0
POLYLINE
  8
0
 66
1
 70
1
  0
VERTEX
  8
0
 10
72.505548
 20
327.006131
 42
0.008723
  0
VERTEX
  8
0
 10
71.449775
 20
325.797798
 42
0.156463
  0
VERTEX
  8
0
 10
71.256227
 20
325.327293
 42
0.393541
  0
VERTEX
  8
0
 10
71.462667
 20
325.066720
 42
0.037754
  0
VERTEX
  8
0
 10
72.345012
 20
325.000000
 42
-0.124212
  0
VERTEX
  8
0
 10
73.092423
 20
324.811416
 42
-0.144075
  0
VERTEX
  8
0
 10
73.612084
 20
324.296824
 42
-0.093971
  0
VERTEX
  8
0
 10
73.910155
 20
323.387407
 42
-0.032345
  0
VERTEX
  8
0
 10
74.000000
 20
322.000000
 42
0.025201
  0
VERTEX
  8
0
 10
74.057981
 20
320.850376
 42
0.039991
  0
VERTEX
  8
0
 10
74.235055
 20
319.881250
 42
0.047857
  0
VERTEX
  8
0
 10
74.490986
 20
319.193607
 42
0.287244
  0
VERTEX
  8
0
 10
74.800187
 20
319.000000
 42
0.401276
  0
VERTEX
  8
0
 10
75.367763
 20
319.542933
 42
0.010170
  0
VERTEX
  8
0
 10
75.461152
 20
323.427913
 42
0.012855
  0
VERTEX
  8
0
 10
75.376449
 20
327.274930
 42
0.186539
  0
VERTEX
  8
0
 10
74.835270
 20
328.498064
 42
0.296645
  0
VERTEX
  8
0
 10
74.517934
 20
328.565253
 42
0.050414
  0
VERTEX
  8
0
 10
73.938807
 20
328.271915
 42
0.041048
  0
VERTEX
  8
0
 10
73.238550
 20
327.737761
 42
0.025391
  0
SEQEND
  0
POLYLINE
  8
0
 66
1
 70
1
  0
VERTEX
  8
0
 10
107.484032
 20
327.915465
 42
0.004006
  0
VERTEX
  8
0
 10
106.212268
 20
327.406976
 42
0.400780
  0
VERTEX
  8
0
 10
106.140492
 20
327.246280
 42
0.305194
  0
VERTEX
  8
0
 10
106.304187
 20
327.125398
 42
0.003225
  0
VERTEX
  8
0
 10
107.785184
 20
327.070285
 42
-0.027923
  0
VERTEX
  8
0
 10
109.006117
 20
326.964313
 42
-0.221207
  0
VERTEX
  8
0
 10
109.469069
 20
326.662446
 42
-0.235072
  0
VERTEX
  8
0
 10
109.520473
 20
326.127617
 42
-0.031374
  0
VERTEX
  8
0
 10
109.035184
 20
325.065741
 42
0.060964
  0
VERTEX
  8
0
 10
108.284915
 20
323.129194
 42
0.063026
  0
VERTEX
  8
0
 10
108.035084
 20
321.090844
 42
0.083329
  0
VERTEX
  8
0
 10
108.302117
 20
319.537118
 42
0.318762
  0
VERTEX
  8
0
 10
109.059017
 20
319.000000
 42
0.087990
  0
VERTEX
  8
0
 10
109.423444
 20
319.064632
 42
0.166843
  0
VERTEX
  8
0
 10
109.652252
 20
319.250303
 42
0.178203
  0
VERTEX
  8
0
 10
109.710065
 20
319.527303
 42
0.102008
  0
VERTEX
  8
0
 10
109.591410
 20
319.852095
 42
-0.185548
  0
VERTEX
  8
0
 10
109.490253
 20
320.387748
 42
-0.026077
  0
VERTEX
  8
0
 10
109.754114
 20
321.502536
 42
-0.026863
  0
VERTEX
  8
0
 10
110.226260
 20
322.844661
 42
-0.019877
  0
VERTEX
  8
0
 10
110.884808
 20
324.274058
 42
0.009129
  0
VERTEX
  8
0
 10
111.922642
 20
326.404978
 42
0.096425
  0
VERTEX
  8
0
 10
112.154133
 20
327.339956
 42
0.254259
  0
VERTEX
  8
0
 10
111.891201
 20
327.887742
 42
0.092648
  0
VERTEX
  8
0
 10
111.086447
 20
328.267143
 42
0.058233
  0
VERTEX
  8
0
 10
110.323906
 20
328.374169
 42
0.030115
  0
VERTEX
  8
0
 10
109.360654
 20
328.338414
 42
0.029473
  0
VERTEX
  8
0
 10
108.362265
 20
328.181141
 42
0.039314
  0
SEQEND
  0
POLYLINE
  8
0
 66
1
 70
1
  0
VERTEX
  8
0
 10
120.185376
 20
328.316178
 42
0.100288
  0
VERTEX
  8
0
 10
119.614263
 20
327.941622
 42
0.036913
  0
VERTEX
  8
0
 10
118.978073
 20
327.211312
 42
0.034775
  0
VERTEX
  8
0
 10
118.381748
 20
326.287718
 42
0.035133
  0
VERTEX
  8
0
 10
117.921477
 20
325.293470
 42
-0.042988
  0
VERTEX
  8
0
 10
117.419720
 20
324.252747
 42
-0.091849
  0
VERTEX
  8
0
 10
116.834522
 20
323.583302
 42
-0.127335
  0
VERTEX
  8
0
 10
116.183378
 20
323.295674
 42
-0.133040
  0
VERTEX
  8
0
 10
115.486102
 20
323.366960
 42
0.056520
  0
VERTEX
  8
0
 10
114.917085
 20
323.514369
 42
0.100955
  0
VERTEX
  8
0
 10
114.436542
 20
323.485183
 42
0.147680
  0
VERTEX
  8
0
 10
114.121290
 20
323.289667
 42
0.182596
  0
VERTEX
  8
0
 10
114.000000
 20
322.968615
 42
0.159363
  0
VERTEX
  8
0
 10
114.120821
 20
322.599168
 42
0.096870
  0
VERTEX
  8
0
 10
114.461607
 20
322.284531
 42
0.078588
  0
VERTEX
  8
0
 10
114.970474
 20
322.072060
 42
0.059741
  0
VERTEX
  8
0
 10
115.571429
 20
322.000000
 42
-0.077158
  0
VERTEX
  8
0
 10
116.285017
 20
321.889222
 42
-0.038236
  0
VERTEX
  8
0
 10
117.136548
 20
321.544702
 42
-0.036786
  0
VERTEX
  8
0
 10
117.983810
 20
321.043222
 42
-0.044386
  0
VERTEX
  8
0
 10
118.692806
 20
320.450051
 42
0.101017
  0
VERTEX
  8
0
 10
120.292321
 20
319.392822
 42
0.162851
  0
VERTEX
  8
0
 10
121.907066
 20
319.296098
 42
0.175174
  0
VERTEX
  8
0
 10
123.173587
 20
320.181045
 42
0.118740
  0
VERTEX
  8
0
 10
123.829108
 20
321.833148
 42
0.055172
  0
VERTEX
  8
0
 10
123.863382
 20
322.934016
 42
0.118187
  0
VERTEX
  8
0
 10
123.602144
 20
323.737388
 42
0.125528
  0
VERTEX
  8
0
 10
123.018571
 20
324.304818
 42
0.066560
  0
VERTEX
  8
0
 10
122.079108
 20
324.689564
 42
-0.040267
  0
VERTEX
  8
0
 10
121.283404
 20
324.967698
 42
-0.051663
  0
VERTEX
  8
0
 10
120.610738
 20
325.352836
 42
-0.061385
  0
VERTEX
  8
0
 10
120.147829
 20
325.780502
 42
-0.177411
  0
VERTEX
  8
0
 10
120.000000
 20
326.184019
 42
-0.265006
  0
VERTEX
  8
0
 10
120.176109
 20
326.492958
 42
-0.107497
  0
VERTEX
  8
0
 10
120.652449
 20
326.651034
 42
-0.067271
  0
VERTEX
  8
0
 10
121.374637
 20
326.630740
 42
-0.036240
  0
VERTEX
  8
0
 10
122.242158
 20
326.423142
 42
0.007877
  0
VERTEX
  8
0
 10
123.582476
 20
326.020870
 42
0.279890
  0
VERTEX
  8
0
 10
123.883258
 20
326.104110
 42
0.366552
  0
VERTEX
  8
0
 10
123.897548
 20
326.377083
 42
0.010585
  0
VERTEX
  8
0
 10
123.119713
 20
327.355754
 42
0.006516
  0
VERTEX
  8
0
 10
122.587344
 20
327.980472
 42
0.010674
  0
VERTEX
  8
0
 10
122.118493
 20
328.493812
 42
0.004531
  0
VERTEX
  8
0
 10
121.713717
 20
328.910796
 42
0.349638
  0
VERTEX
  8
0
 10
121.627555
 20
328.921053
 42
-0.037984
  0
VERTEX
  8
0
 10
121.533408
 20
328.872243
 42
-0.001306
  0
VERTEX
  8
0
 10
121.151299
 20
328.710805
 42
-0.002442
  0
VERTEX
  8
0
 10
120.698317
 20
328.523413
 42
-0.001702
  0
SEQEND
  0
POLYLINE
  8
0
 66
1
 70
1
  0
VERTEX
  8
0
 10
121.604167
 20
321.270833
 42
-0.198339
  0
VERTEX
  8
0
 10
120.941134
 20
320.995338
 42
-0.274516
  0
VERTEX
  8
0
 10
120.399603
 20
321.315272
 42
-0.160291
  0
VERTEX
  8
0
 10
120.239822
 20
322.176395
 42
-0.105175
  0
VERTEX
  8
0
 10
120.582949
 20
323.134215
 42
-0.024362
  0
VERTEX
  8
0
 10
121.012891
 20
323.759582
 42
-0.233206
  0
VERTEX
  8
0
 10
121.294341
 20
323.899578
 42
-0.286646
  0
VERTEX
  8
0
 10
121.536207
 20
323.749629
 42
-0.033951
  0
VERTEX
  8
0
 10
121.787251
 20
323.138246
 42
-0.052621
  0
VERTEX
  8
0
 10
121.903448
 20
322.610215
 42
-0.052345
  0
VERTEX
  8
0
 10
121.907167
 20
322.068604
 42
-0.057227
  0
VERTEX
  8
0
 10
121.805016
 20
321.594136
 42
-0.115259
  0
SEQEND
  0
POLYLINE
  8
0
 66
1
 70
1
  0
VERTEX
  8
0
 10
78.606989
 20
326.418213
 42
0.029383
  0
VERTEX
  8
0
 10
78.040750
 20
324.636178
 42
0.175333
  0
VERTEX
  8
0
 10
78.134858
 20
323.681188
 42
0.293819
  0
VERTEX
  8
0
 10
78.757270
 20
323.296255
 42
0.072541
  0
VERTEX
  8
0
 10
80.000000
 20
323.500000
 42
-0.042354
  0
VERTEX
  8
0
 10
80.940213
 20
323.712892
 42
-0.151561
  0
VERTEX
  8
0
 10
81.541221
 20
323.614165
 42
-0.199204
  0
VERTEX
  8
0
 10
81.883777
 20
323.218746
 42
-0.080329
  0
VERTEX
  8
0
 10
82.000000
 20
322.500000
 42
-0.081070
  0
VERTEX
  8
0
 10
81.880564
 20
321.768219
 42
-0.208119
  0
VERTEX
  8
0
 10
81.528871
 20
321.378342
 42
-0.147844
  0
VERTEX
  8
0
 10
80.901492
 20
321.294468
 42
-0.036684
  0
VERTEX
  8
0
 10
79.881687
 20
321.537551
 42
0.026232
  0
VERTEX
  8
0
 10
78.889045
 20
321.796181
 42
0.148875
  0
VERTEX
  8
0
 10
78.351479
 20
321.745962
 42
0.291746
  0
VERTEX
  8
0
 10
78.134288
 20
321.438061
 42
0.092349
  0
VERTEX
  8
0
 10
78.215020
 20
320.854939
 42
0.136813
  0
VERTEX
  8
0
 10
78.565131
 20
320.336188
 42
0.066061
  0
VERTEX
  8
0
 10
79.243891
 20
319.898013
 42
0.058052
  0
VERTEX
  8
0
 10
80.125475
 20
319.600637
 42
0.052388
  0
VERTEX
  8
0
 10
81.083333
 20
319.500000
 42
0.158219
  0
VERTEX
  8
0
 10
82.979010
 20
320.115268
 42
0.206471
  0
VERTEX
  8
0
 10
83.900116
 20
321.666283
 42
0.178040
  0
VERTEX
  8
0
 10
83.461440
 20
323.594411
 42
0.124814
  0
VERTEX
  8
0
 10
81.810684
 20
325.121056
 42
0.000000
  0
VERTEX
  8
0
 10
79.500000
 20
326.377434
 42
0.000000
  0
VERTEX
  8
0
 10
82.000000
 20
327.089037
 42
0.000000
  0
VERTEX
  8
0
 10
84.500000
 20
327.800640
 42
0.000000
  0
VERTEX
  8
0
 10
81.856989
 20
327.900320
 42
0.051182
  0
VERTEX
  8
0
 10
80.754516
 20
327.829025
 42
0.065344
  0
VERTEX
  8
0
 10
79.781901
 20
327.530975
 42
0.075899
  0
VERTEX
  8
0
 10
79.038382
 20
327.044516
 42
0.118934
  0
SEQEND
  0
POLYLINE
  8
0
 66
1
 70
1
  0
VERTEX
  8
0
 10
101.000000
 20
326.908556
 42
0.028560
  0
VERTEX
  8
0
 10
100.313735
 20
326.361890
 42
0.172412
  0
VERTEX
  8
0
 10
100.098943
 20
325.968314
 42
0.274217
  0
VERTEX
  8
0
 10
100.228916
 20
325.640210
 42
0.068328
  0
VERTEX
  8
0
 10
100.750000
 20
325.340536
 42
-0.155676
  0
VERTEX
  8
0
 10
101.230116
 20
324.940766
 42
-0.054438
  0
VERTEX
  8
0
 10
101.632812
 20
324.125553
 42
-0.047641
  0
VERTEX
  8
0
 10
101.907735
 20
323.070199
 42
-0.039928
  0
VERTEX
  8
0
 10
102.000000
 20
321.916667
 42
0.032551
  0
VERTEX
  8
0
 10
102.072814
 20
320.799395
 42
0.050076
  0
VERTEX
  8
0
 10
102.293750
 20
319.856771
 42
0.064635
  0
VERTEX
  8
0
 10
102.615970
 20
319.205409
 42
0.250638
  0
VERTEX
  8
0
 10
103.000000
 20
319.000000
 42
0.310520
  0
VERTEX
  8
0
 10
103.388512
 20
319.267028
 42
0.036969
  0
VERTEX
  8
0
 10
103.706250
 20
320.321875
 42
0.033738
  0
VERTEX
  8
0
 10
103.927717
 20
321.775243
 42
0.020945
  0
VERTEX
  8
0
 10
104.000000
 20
323.500000
 42
0.015334
  0
VERTEX
  8
0
 10
103.907441
 20
326.517425
 42
0.166617
  0
VERTEX
  8
0
 10
103.449615
 20
327.626375
 42
0.326906
  0
VERTEX
  8
0
 10
102.599290
 20
327.813984
 42
0.050241
  0
SEQEND
  0
POLYLINE
  8
0
 66
1
 70
1
  0
VERTEX
  8
0
 10
304.750000
 20
327.276604
 42
0.019375
  0
VERTEX
  8
0
 10
306.229765
 20
327.150935
 42
0.011494
  0
VERTEX
  8
0
 10
308.000000
 20
327.110234
 42
0.011494
  0
VERTEX
  8
0
 10
309.770235
 20
327.150935
 42
0.019375
  0
VERTEX
  8
0
 10
311.250000
 20
327.276604
 42
0.108536
  0
VERTEX
  8
0
 10
311.666199
 20
327.423685
 42
0.707215
  0
VERTEX
  8
0
 10
311.635938
 20
327.561450
 42
0.025693
  0
VERTEX
  8
0
 10
310.329566
 20
327.655793
 42
0.005179
  0
VERTEX
  8
0
 10
308.000000
 20
327.679926
 42
0.005179
  0
VERTEX
  8
0
 10
305.670434
 20
327.655793
 42
0.025693
  0
VERTEX
  8
0
 10
304.364062
 20
327.561450
 42
0.707215
  0
VERTEX
  8
0
 10
304.333801
 20
327.423685
 42
0.108536
  0
SEQEND
  0
POLYLINE
  8
0
 66
1
 70
1
  0
VERTEX
  8
0
 10
377.250000
 20
327.283746
 42
0.023547
  0
VERTEX
  8
0
 10
378.502218
 20
327.153981
 42
0.014044
  0
VERTEX
  8
0
 10
380.000000
 20
327.111902
 42
0.014044
  0
VERTEX
  8
0
 10
381.497782
 20
327.153981
 42
0.023547
  0
VERTEX
  8
0
 10
382.750000
 20
327.283746
 42
0.124239
  0
VERTEX
  8
0
 10
383.112409
 20
327.435926
 42
0.664672
  0
VERTEX
  8
0
 10
383.076562
 20
327.577962
 42
0.031260
  0
VERTEX
  8
0
 10
381.970620
 20
327.675363
 42
0.006336
  0
VERTEX
  8
0
 10
380.000000
 20
327.700336
 42
0.006336
  0
VERTEX
  8
0
 10
378.029380
 20
327.675363
 42
0.031260
  0
VERTEX
  8
0
 10
376.923438
 20
327.577962
 42
0.664672
  0
VERTEX
  8
0
 10
376.887591
 20
327.435926
 42
0.124239
  0
SEQEND
  0
POLYLINE
  8
0
 66
1
 70
1
  0
VERTEX
  8
0
 10
386.342810
 20
320.500000
 42
0.003921
  0
VERTEX
  8
0
 10
386.367640
 20
317.635274
 42
0.022011
  0
VERTEX
  8
0
 10
386.460299
 20
316.106202
 42
0.807686
  0
VERTEX
  8
0
 10
386.591560
 20
316.092045
 42
0.057523
  0
VERTEX
  8
0
 10
386.733497
 20
316.776433
 42
0.013671
  0
VERTEX
  8
0
 10
386.852417
 20
318.684837
 42
0.008930
  0
VERTEX
  8
0
 10
386.889991
 20
320.890462
 42
0.008983
  0
VERTEX
  8
0
 10
386.849527
 20
323.043501
 42
0.016947
  0
VERTEX
  8
0
 10
386.726893
 20
324.776433
 42
0.153636
  0
VERTEX
  8
0
 10
386.586732
 20
325.099419
 42
0.661512
  0
VERTEX
  8
0
 10
386.452910
 20
325.056202
 42
0.018464
  0
VERTEX
  8
0
 10
386.364217
 20
323.373175
 42
0.004138
  0
SEQEND
  0
POLYLINE
  8
0
 66
1
 70
1
  0
VERTEX
  8
0
 10
89.029942
 20
324.463922
 42
-0.072422
  0
VERTEX
  8
0
 10
89.482551
 20
323.722597
 42
-0.100912
  0
VERTEX
  8
0
 10
89.638367
 20
322.963290
 42
-0.084860
  0
VERTEX
  8
0
 10
89.493138
 20
322.107287
 42
-0.038525
  0
VERTEX
  8
0
 10
89.034210
 20
321.063922
 42
0.076396
  0
VERTEX
  8
0
 10
88.571628
 20
319.751633
 42
0.305483
  0
VERTEX
  8
0
 10
88.891643
 20
319.008350
 42
0.328739
  0
VERTEX
  8
0
 10
89.664465
 20
319.057832
 42
0.079683
  0
VERTEX
  8
0
 10
90.553851
 20
320.087132
 42
-0.075363
  0
VERTEX
  8
0
 10
90.927179
 20
320.526767
 42
-0.181024
  0
VERTEX
  8
0
 10
91.321227
 20
320.674265
 42
-0.150038
  0
VERTEX
  8
0
 10
91.768438
 20
320.536977
 42
-0.047458
  0
VERTEX
  8
0
 10
92.312868
 20
320.087132
 42
0.046353
  0
VERTEX
  8
0
 10
93.505637
 20
319.097153
 42
0.291308
  0
VERTEX
  8
0
 10
94.260339
 20
319.072094
 42
0.341762
  0
VERTEX
  8
0
 10
94.514820
 20
319.712157
 42
0.052846
  0
VERTEX
  8
0
 10
93.965790
 20
321.063922
 42
-0.038525
  0
VERTEX
  8
0
 10
93.506862
 20
322.107287
 42
-0.084860
  0
VERTEX
  8
0
 10
93.361633
 20
322.963290
 42
-0.100912
  0
VERTEX
  8
0
 10
93.517449
 20
323.722597
 42
-0.072422
  0
VERTEX
  8
0
 10
93.970058
 20
324.463922
 42
0.102472
  0
VERTEX
  8
0
 10
94.318820
 20
325.120164
 42
0.353518
  0
VERTEX
  8
0
 10
94.146065
 20
325.534127
 42
0.111910
  0
VERTEX
  8
0
 10
93.362865
 20
325.753369
 42
0.012514
  0
VERTEX
  8
0
 10
91.500000
 20
325.800000
 42
0.012514
  0
VERTEX
  8
0
 10
89.637135
 20
325.753369
 42
0.111910
  0
VERTEX
  8
0
 10
88.853935
 20
325.534127
 42
0.353518
  0
VERTEX
  8
0
 10
88.681180
 20
325.120164
 42
0.102472
  0
SEQEND
  0
POLYLINE
  8
0
 66
1
 70
1
  0
VERTEX
  8
0
 10
367.157895
 20
324.000000
 42
0.017491
  0
VERTEX
  8
0
 10
367.189089
 20
323.108560
 42
0.078554
  0
VERTEX
  8
0
 10
367.306058
 20
322.601562
 42
0.447206
  0
VERTEX
  8
0
 10
367.474999
 20
322.540618
 42
0.174857
  0
VERTEX
  8
0
 10
367.662281
 20
322.750000
 42
0.057986
  0
VERTEX
  8
0
 10
367.818615
 20
323.320008
 42
0.037979
  0
VERTEX
  8
0
 10
367.870340
 20
324.000000
 42
0.037979
  0
VERTEX
  8
0
 10
367.818615
 20
324.679992
 42
0.057986
  0
VERTEX
  8
0
 10
367.662281
 20
325.250000
 42
0.174857
  0
VERTEX
  8
0
 10
367.474999
 20
325.459382
 42
0.447206
  0
VERTEX
  8
0
 10
367.306058
 20
325.398438
 42
0.078554
  0
VERTEX
  8
0
 10
367.189089
 20
324.891440
 42
0.017491
  0
SEQEND
  0
POLYLINE
  8
0
 66
1
 70
1
  0
VERTEX
  8
0
 10
164.812500
 20
316.316886
 42
0.051402
  0
VERTEX
  8
0
 10
165.359369
 20
316.160852
 42
0.054150
  0
VERTEX
  8
0
 10
165.916927
 20
316.123424
 42
0.060344
  0
VERTEX
  8
0
 10
166.402231
 20
316.202593
 42
0.126455
  0
VERTEX
  8
0
 10
166.729167
 20
316.395833
 42
0.296942
  0
VERTEX
  8
0
 10
166.775380
 20
316.614691
 42
0.208169
  0
VERTEX
  8
0
 10
166.592839
 20
316.799335
 42
0.077125
  0
VERTEX
  8
0
 10
166.112848
 20
316.910055
 42
0.028489
  0
VERTEX
  8
0
 10
165.416667
 20
316.921053
 42
0.018894
  0
VERTEX
  8
0
 10
164.670344
 20
316.862007
 42
0.168741
  0
VERTEX
  8
0
 10
164.378580
 20
316.720685
 42
0.470617
  0
VERTEX
  8
0
 10
164.395823
 20
316.538436
 42
0.054073
  0
SEQEND
  0
POLYLINE
  8
0
 66
1
 70
1
  0
VERTEX
  8
0
 10
170.263750
 20
316.282419
 42
0.022548
  0
VERTEX
  8
0
 10
171.485188
 20
316.153707
 42
0.015659
  0
VERTEX
  8
0
 10
172.872547
 20
316.114038
 42
0.015827
  0
VERTEX
  8
0
 10
174.209518
 20
316.160023
 42
0.031163
  0
VERTEX
  8
0
 10
175.263750
 20
316.296069
 42
0.248898
  0
VERTEX
  8
0
 10
175.455688
 20
316.450815
 42
0.490820
  0
VERTEX
  8
0
 10
175.374351
 20
316.596853
 42
0.030832
  0
VERTEX
  8
0
 10
174.297080
 20
316.692368
 42
0.007380
  0
VERTEX
  8
0
 10
172.500000
 20
316.713986
 42
0.006817
  0
VERTEX
  8
0
 10
170.711719
 20
316.684722
 42
0.040183
  0
VERTEX
  8
0
 10
169.780601
 20
316.581582
 42
0.720633
  0
VERTEX
  8
0
 10
169.761725
 20
316.438612
 42
0.075924
  0
SEQEND
  0
POLYLINE
  8
0
 66
1
 70
1
  0
VERTEX
  8
0
 10
320.750000
 20
315.337719
 42
0.057986
  0
VERTEX
  8
0
 10
321.320008
 20
315.181385
 42
0.037979
  0
VERTEX
  8
0
 10
322.000000
 20
315.129660
 42
0.037979
  0
VERTEX
  8
0
 10
322.679992
 20
315.181385
 42
0.057986
  0
VERTEX
  8
0
 10
323.250000
 20
315.337719
 42
0.174857
  0
VERTEX
  8
0
 10
323.459382
 20
315.525001
 42
0.447206
  0
VERTEX
  8
0
 10
323.398438
 20
315.693942
 42
0.078554
  0
VERTEX
  8
0
 10
322.891440
 20
315.810911
 42
0.017491
  0
VERTEX
  8
0
 10
322.000000
 20
315.842105
 42
0.017491
  0
VERTEX
  8
0
 10
321.108560
 20
315.810911
 42
0.078554
  0
VERTEX
  8
0
 10
320.601562
 20
315.693942
 42
0.447206
  0
VERTEX
  8
0
 10
320.540618
 20
315.525001
 42
0.174857
  0
SEQEND
  0
POLYLINE
  8
0
 66
1
 70
1
  0
VERTEX
  8
0
 10
328.761659
 20
315.292739
 42
0.028254
  0
VERTEX
  8
0
 10
329.754739
 20
315.159391
 42
0.020511
  0
VERTEX
  8
0
 10
330.869594
 20
315.119272
 42
0.020826
  0
VERTEX
  8
0
 10
331.934218
 20
315.169017
 42
0.041951
  0
VERTEX
  8
0
 10
332.761659
 20
315.312920
 42
0.285845
  0
VERTEX
  8
0
 10
332.916221
 20
315.476221
 42
0.417468
  0
VERTEX
  8
0
 10
332.814362
 20
315.628390
 42
0.038992
  0
VERTEX
  8
0
 10
331.938425
 20
315.726931
 42
0.009782
  0
VERTEX
  8
0
 10
330.500000
 20
315.747817
 42
0.008901
  0
VERTEX
  8
0
 10
329.071102
 20
315.715166
 42
0.053901
  0
VERTEX
  8
0
 10
328.339362
 20
315.605813
 42
0.671610
  0
VERTEX
  8
0
 10
328.319562
 20
315.456590
 42
0.082665
  0
SEQEND
  0
POLYLINE
  8
0
 66
1
 70
1
  0
VERTEX
  8
0
 10
346.750000
 20
315.262758
 42
0.010990
  0
VERTEX
  8
0
 10
349.140095
 20
315.148271
 42
0.006471
  0
VERTEX
  8
0
 10
352.000000
 20
315.111256
 42
0.006471
  0
VERTEX
  8
0
 10
354.859905
 20
315.148271
 42
0.010990
  0
VERTEX
  8
0
 10
357.250000
 20
315.262758
 42
0.067956
  0
VERTEX
  8
0
 10
357.890618
 20
315.396322
 42
0.813012
  0
VERTEX
  8
0
 10
357.873437
 20
315.522148
 42
0.014551
  0
VERTEX
  8
0
 10
355.764623
 20
315.608117
 42
0.002911
  0
VERTEX
  8
0
 10
352.000000
 20
315.630035
 42
0.002911
  0
VERTEX
  8
0
 10
348.235377
 20
315.608117
 42
0.014551
  0
VERTEX
  8
0
 10
346.126563
 20
315.522148
 42
0.813012
  0
VERTEX
  8
0
 10
346.109382
 20
315.396322
 42
0.067956
  0
SEQEND
  0
POLYLINE
  8
0
 66
1
 70
1
  0
VERTEX
  8
0
 10
338.812500
 20
314.316886
 42
0.051402
  0
VERTEX
  8
0
 10
339.359369
 20
314.160852
 42
0.054150
  0
VERTEX
  8
0
 10
339.916927
 20
314.123424
 42
0.060344
  0
VERTEX
  8
0
 10
340.402231
 20
314.202593
 42
0.126455
  0
VERTEX
  8
0
 10
340.729167
 20
314.395833
 42
0.296942
  0
VERTEX
  8
0
 10
340.775380
 20
314.614691
 42
0.208169
  0
VERTEX
  8
0
 10
340.592839
 20
314.799335
 42
0.077125
  0
VERTEX
  8
0
 10
340.112848
 20
314.910055
 42
0.028489
  0
VERTEX
  8
0
 10
339.416667
 20
314.921053
 42
0.018894
  0
VERTEX
  8
0
 10
338.670344
 20
314.862007
 42
0.168741
  0
VERTEX
  8
0
 10
338.378580
 20
314.720685
 42
0.470617
  0
VERTEX
  8
0
 10
338.395823
 20
314.538436
 42
0.054073
  0
SEQEND
  0
POLYLINE
  8
0
 66
1
 70
1
  0
VERTEX
  8
0
 10
135.750000
 20
313.337719
 42
0.057986
  0
VERTEX
  8
0
 10
136.320008
 20
313.181385
 42
0.037979
  0
VERTEX
  8
0
 10
137.000000
 20
313.129660
 42
0.037979
  0
VERTEX
  8
0
 10
137.679992
 20
313.181385
 42
0.057986
  0
VERTEX
  8
0
 10
138.250000
 20
313.337719
 42
0.174857
  0
VERTEX
  8
0
 10
138.459382
 20
313.525001
 42
0.447206
  0
VERTEX
  8
0
 10
138.398438
 20
313.693942
 42
0.078554
  0
VERTEX
  8
0
 10
137.891440
 20
313.810911
 42
0.017491
  0
VERTEX
  8
0
 10
137.000000
 20
313.842105
 42
0.017491
  0
VERTEX
  8
0
 10
136.108560
 20
313.810911
 42
0.078554
  0
VERTEX
  8
0
 10
135.601562
 20
313.693942
 42
0.447206
  0
VERTEX
  8
0
 10
135.540618
 20
313.525001
 42
0.174857
  0
SEQEND
  0
POLYLINE
  8
0
 66
1
 70
1
  0
VERTEX
  8
0
 10
303.767909
 20
313.275269
 42
0.018638
  0
VERTEX
  8
0
 10
305.218327
 20
313.150328
 42
0.012590
  0
VERTEX
  8
0
 10
306.878422
 20
313.111345
 42
0.012695
  0
VERTEX
  8
0
 10
308.487453
 20
313.154945
 42
0.024559
  0
VERTEX
  8
0
 10
309.767909
 20
313.285474
 42
0.212532
  0
VERTEX
  8
0
 10
310.000181
 20
313.434198
 42
0.556092
  0
VERTEX
  8
0
 10
309.934948
 20
313.575472
 42
0.025342
  0
VERTEX
  8
0
 10
308.655786
 20
313.668409
 42
0.005888
  0
VERTEX
  8
0
 10
306.500000
 20
313.690131
 42
0.005499
  0
VERTEX
  8
0
 10
304.352754
 20
313.662864
 42
0.031761
  0
VERTEX
  8
0
 10
303.222448
 20
313.564056
 42
0.756877
  0
VERTEX
  8
0
 10
303.205163
 20
313.425738
 42
0.069146
  0
SEQEND
  0
POLYLINE
  8
0
 66
1
 70
1
  0
VERTEX
  8
0
 10
313.750000
 20
313.337719
 42
0.057986
  0
VERTEX
  8
0
 10
314.320008
 20
313.181385
 42
0.037979
  0
VERTEX
  8
0
 10
315.000000
 20
313.129660
 42
0.037979
  0
VERTEX
  8
0
 10
315.679992
 20
313.181385
 42
0.057986
  0
VERTEX
  8
0
 10
316.250000
 20
313.337719
 42
0.174857
  0
VERTEX
  8
0
 10
316.459382
 20
313.525001
 42
0.447206
  0
VERTEX
  8
0
 10
316.398438
 20
313.693942
 42
0.078554
  0
VERTEX
  8
0
 10
315.891440
 20
313.810911
 42
0.017491
  0
VERTEX
  8
0
 10
315.000000
 20
313.842105
 42
0.017491
  0
VERTEX
  8
0
 10
314.108560
 20
313.810911
 42
0.078554
  0
VERTEX
  8
0
 10
313.601562
 20
313.693942
 42
0.447206
  0
VERTEX
  8
0
 10
313.540618
 20
313.525001
 42
0.174857
  0
SEQEND
  0
POLYLINE
  8
0
 66
1
 70
1
  0
VERTEX
  8
0
 10
373.776433
 20
313.266503
 42
0.013671
  0
VERTEX
  8
0
 10
375.684837
 20
313.147583
 42
0.008930
  0
VERTEX
  8
0
 10
377.890462
 20
313.110009
 42
0.008983
  0
VERTEX
  8
0
 10
380.043501
 20
313.150473
 42
0.016947
  0
VERTEX
  8
0
 10
381.776433
 20
313.273107
 42
0.153636
  0
VERTEX
  8
0
 10
382.099419
 20
313.413268
 42
0.661512
  0
VERTEX
  8
0
 10
382.056202
 20
313.547090
 42
0.018464
  0
VERTEX
  8
0
 10
380.373175
 20
313.635783
 42
0.004138
  0
VERTEX
  8
0
 10
377.500000
 20
313.657190
 42
0.003921
  0
VERTEX
  8
0
 10
374.635274
 20
313.632360
 42
0.022011
  0
VERTEX
  8
0
 10
373.106202
 20
313.539701
 42
0.807686
  0
VERTEX
  8
0
 10
373.092045
 20
313.408440
 42
0.057523
  0
SEQEND
  0
POLYLINE
  8
0
 66
1
 70
1
  0
VERTEX
  8
0
 10
268.000000
 20
311.569551
 42
-0.144996
  0
VERTEX
  8
0
 10
267.830996
 20
310.999012
 42
-0.083085
  0
VERTEX
  8
0
 10
267.342063
 20
310.465428
 42
-0.070837
  0
VERTEX
  8
0
 10
266.616651
 20
310.048339
 42
-0.059736
  0
VERTEX
  8
0
 10
265.760216
 20
309.819551
 42
0.133327
  0
VERTEX
  8
0
 10
264.226875
 20
309.158932
 42
0.141197
  0
VERTEX
  8
0
 10
263.278538
 20
307.825951
 42
0.136794
  0
VERTEX
  8
0
 10
263.168429
 20
306.158128
 42
0.122291
  0
VERTEX
  8
0
 10
263.923774
 20
304.591846
 42
0.106465
  0
VERTEX
  8
0
 10
264.524540
 20
304.119844
 42
0.056240
  0
VERTEX
  8
0
 10
265.421966
 20
303.800929
 42
0.051834
  0
VERTEX
  8
0
 10
266.464945
 20
303.669331
 42
0.052754
  0
VERTEX
  8
0
 10
267.506350
 20
303.756463
 42
0.062327
  0
VERTEX
  8
0
 10
268.859787
 20
304.195050
 42
0.166223
  0
VERTEX
  8
0
 10
269.580592
 20
304.890228
 42
0.102615
  0
VERTEX
  8
0
 10
269.918586
 20
306.113648
 42
0.016259
  0
VERTEX
  8
0
 10
270.000000
 20
308.616577
 42
0.021509
  0
VERTEX
  8
0
 10
269.927695
 20
310.296614
 42
0.034582
  0
VERTEX
  8
0
 10
269.706250
 20
311.712370
 42
0.038436
  0
VERTEX
  8
0
 10
269.388195
 20
312.736459
 42
0.307374
  0
VERTEX
  8
0
 10
269.000000
 20
313.000000
 42
0.141670
  0
VERTEX
  8
0
 10
268.618661
 20
312.889739
 42
0.099768
  0
VERTEX
  8
0
 10
268.293750
 20
312.579806
 42
0.084673
  0
VERTEX
  8
0
 10
268.074884
 20
312.116309
 42
0.068161
  0
SEQEND
  0
POLYLINE
  8
0
 66
1
 70
1
  0
VERTEX
  8
0
 10
267.500000
 20
306.000000
 42
-0.074012
  0
VERTEX
  8
0
 10
267.119849
 20
305.549884
 42
-0.156529
  0
VERTEX
  8
0
 10
266.705698
 20
305.369302
 42
-0.153020
  0
VERTEX
  8
0
 10
266.257119
 20
305.461657
 42
-0.069780
  0
VERTEX
  8
0
 10
265.774265
 20
305.825735
 42
-0.088981
  0
VERTEX
  8
0
 10
265.446886
 20
306.296240
 42
-0.076381
  0
VERTEX
  8
0
 10
265.281199
 20
306.876926
 42
-0.077007
  0
VERTEX
  8
0
 10
265.298118
 20
307.476023
 42
-0.093176
  0
VERTEX
  8
0
 10
265.500000
 20
308.000000
 42
-0.074012
  0
VERTEX
  8
0
 10
265.880151
 20
308.450116
 42
-0.156529
  0
VERTEX
  8
0
 10
266.294302
 20
308.630698
 42
-0.153020
  0
VERTEX
  8
0
 10
266.742881
 20
308.538343
 42
-0.069780
  0
VERTEX
  8
0
 10
267.225735
 20
308.174265
 42
-0.088981
  0
VERTEX
  8
0
 10
267.553114
 20
307.703760
 42
-0.076381
  0
VERTEX
  8
0
 10
267.718801
 20
307.123074
 42
-0.077007
  0
VERTEX
  8
0
 10
267.701882
 20
306.523977
 42
-0.093176
  0
SEQEND
  0
POLYLINE
  8
0
 66
1
 70
1
  0
VERTEX
  8
0
 10
144.789188
 20
311.258586
 42
0.008711
  0
VERTEX
  8
0
 10
147.612159
 20
311.148060
 42
0.005503
  0
VERTEX
  8
0
 10
150.908478
 20
311.112769
 42
0.005525
  0
VERTEX
  8
0
 10
154.149843
 20
311.149556
 42
0.010124
  0
VERTEX
  8
0
 10
156.789188
 20
311.262181
 42
0.088327
  0
VERTEX
  8
0
 10
157.319858
 20
311.391534
 42
0.788092
  0
VERTEX
  8
0
 10
157.297449
 20
311.515128
 42
0.011688
  0
VERTEX
  8
0
 10
154.807799
 20
311.597762
 42
0.002526
  0
VERTEX
  8
0
 10
150.500000
 20
311.618236
 42
0.002432
  0
VERTEX
  8
0
 10
146.200814
 20
311.596037
 42
0.013217
  0
VERTEX
  8
0
 10
143.872449
 20
311.511106
 42
0.865990
  0
VERTEX
  8
0
 10
143.862628
 20
311.389364
 42
0.041857
  0
SEQEND
  0
POLYLINE
  8
0
 66
1
 70
1
  0
VERTEX
  8
0
 10
233.000000
 20
309.065100
 42
0.059205
  0
VERTEX
  8
0
 10
233.062729
 20
308.537199
 42
0.010641
  0
VERTEX
  8
0
 10
233.315694
 20
307.577891
 42
0.011350
  0
VERTEX
  8
0
 10
233.663269
 20
306.461423
 42
0.010046
  0
VERTEX
  8
0
 10
234.074704
 20
305.315100
 42
0.010861
  0
VERTEX
  8
0
 10
234.772979
 20
303.598860
 42
0.195222
  0
VERTEX
  8
0
 10
235.188408
 20
303.190293
 42
0.316938
  0
VERTEX
  8
0
 10
235.650170
 20
303.294701
 42
0.025280
  0
VERTEX
  8
0
 10
236.485967
 20
304.319774
 42
-0.013887
  0
VERTEX
  8
0
 10
237.358066
 20
305.440551
 42
-0.224083
  0
VERTEX
  8
0
 10
237.779794
 20
305.639548
 42
-0.252168
  0
VERTEX
  8
0
 10
238.171273
 20
305.428703
 42
-0.017388
  0
VERTEX
  8
0
 10
238.848040
 20
304.319774
 42
0.053556
  0
VERTEX
  8
0
 10
239.471402
 20
303.446956
 42
0.374417
  0
VERTEX
  8
0
 10
239.950392
 20
303.385757
 42
0.136490
  0
VERTEX
  8
0
 10
240.454237
 20
303.971881
 42
0.009251
  0
VERTEX
  8
0
 10
241.360545
 20
306.000000
 42
0.049801
  0
VERTEX
  8
0
 10
242.076999
 20
308.297967
 42
0.169927
  0
VERTEX
  8
0
 10
241.870835
 20
309.828065
 42
0.449823
  0
VERTEX
  8
0
 10
241.041767
 20
310.044015
 42
0.104259
  0
VERTEX
  8
0
 10
239.899659
 20
308.871885
 42
-0.016807
  0
VERTEX
  8
0
 10
239.470639
 20
308.242453
 42
-0.203219
  0
VERTEX
  8
0
 10
239.224575
 20
308.095643
 42
-0.405599
  0
VERTEX
  8
0
 10
239.063325
 20
308.214126
 42
-0.038573
  0
VERTEX
  8
0
 10
239.015313
 20
308.750000
 42
0.112140
  0
VERTEX
  8
0
 10
238.900837
 20
309.226876
 42
0.098871
  0
VERTEX
  8
0
 10
238.588352
 20
309.632812
 42
0.093140
  0
VERTEX
  8
0
 10
238.125447
 20
309.905223
 42
0.086757
  0
VERTEX
  8
0
 10
237.583333
 20
310.000000
 42
0.080074
  0
VERTEX
  8
0
 10
237.004061
 20
309.906632
 42
0.064399
  0
VERTEX
  8
0
 10
236.434649
 20
309.632812
 42
0.065245
  0
VERTEX
  8
0
 10
235.960859
 20
309.227909
 42
0.087674
  0
VERTEX
  8
0
 10
235.662281
 20
308.750000
 42
-0.009076
  0
VERTEX
  8
0
 10
235.382013
 20
308.090194
 42
-0.295955
  0
VERTEX
  8
0
 10
235.242982
 20
308.000000
 42
-0.382689
  0
VERTEX
  8
0
 10
235.135242
 20
308.096611
 42
-0.011437
  0
VERTEX
  8
0
 10
235.078947
 20
308.750000
 42
0.162782
  0
VERTEX
  8
0
 10
234.747645
 20
309.565689
 42
0.179861
  0
VERTEX
  8
0
 10
234.005532
 20
309.977237
 42
0.228251
  0
VERTEX
  8
0
 10
233.304172
 20
309.761516
 42
0.208858
  0
SEQEND
  0
POLYLINE
  8
0
 66
1
 70
1
  0
VERTEX
  8
0
 10
367.272364
 20
301.000000
 42
0.008087
  0
VERTEX
  8
0
 10
367.298431
 20
299.388510
 42
0.039503
  0
VERTEX
  8
0
 10
367.399666
 20
298.482812
 42
0.611425
  0
VERTEX
  8
0
 10
367.546986
 20
298.439977
 42
0.142433
  0
VERTEX
  8
0
 10
367.705733
 20
298.750000
 42
0.029693
  0
VERTEX
  8
0
 10
367.840649
 20
299.774707
 42
0.017887
  0
VERTEX
  8
0
 10
367.884498
 20
301.000000
 42
0.017887
  0
VERTEX
  8
0
 10
367.840649
 20
302.225293
 42
0.029693
  0
VERTEX
  8
0
 10
367.705733
 20
303.250000
 42
0.142433
  0
VERTEX
  8
0
 10
367.546986
 20
303.560023
 42
0.611425
  0
VERTEX
  8
0
 10
367.399666
 20
303.517188
 42
0.039503
  0
VERTEX
  8
0
 10
367.298431
 20
302.611490
 42
0.008087
  0
SEQEND
  0
POLYLINE
  8
0
 66
1
 70
1
  0
VERTEX
  8
0
 10
230.767909
 20
301.275269
 42
0.018638
  0
VERTEX
  8
0
 10
232.218327
 20
301.150328
 42
0.012590
  0
VERTEX
  8
0
 10
233.878422
 20
301.111345
 42
0.012695
  0
VERTEX
  8
0
 10
235.487453
 20
301.154945
 42
0.024559
  0
VERTEX
  8
0
 10
236.767909
 20
301.285474
 42
0.212532
  0
VERTEX
  8
0
 10
237.000181
 20
301.434198
 42
0.556092
  0
VERTEX
  8
0
 10
236.934948
 20
301.575472
 42
0.025342
  0
VERTEX
  8
0
 10
235.655786
 20
301.668409
 42
0.005888
  0
VERTEX
  8
0
 10
233.500000
 20
301.690131
 42
0.005499
  0
VERTEX
  8
0
 10
231.352754
 20
301.662864
 42
0.031761
  0
VERTEX
  8
0
 10
230.222448
 20
301.564056
 42
0.756877
  0
VERTEX
  8
0
 10
230.205163
 20
301.425738
 42
0.069146
  0
SEQEND
  0
POLYLINE
  8
0
 66
1
 70
1
  0
VERTEX
  8
0
 10
246.000000
 20
301.032821
 42
0.016607
  0
VERTEX
  8
0
 10
249.157262
 20
300.837920
 42
0.007125
  0
VERTEX
  8
0
 10
253.381250
 20
300.777972
 42
0.007041
  0
VERTEX
  8
0
 10
257.887067
 20
300.841682
 42
0.009222
  0
VERTEX
  8
0
 10
262.000000
 20
301.033746
 42
0.003058
  0
VERTEX
  8
0
 10
266.915498
 20
301.384443
 42
0.917402
  0
VERTEX
  8
0
 10
266.916875
 20
301.541654
 42
0.023150
  0
VERTEX
  8
0
 10
264.856098
 20
301.641829
 42
0.000584
  0
VERTEX
  8
0
 10
255.500000
 20
301.652220
 42
0.002223
  0
VERTEX
  8
0
 10
248.706898
 20
301.621623
 42
0.014040
  0
VERTEX
  8
0
 10
245.248729
 20
301.493512
 42
0.754221
  0
VERTEX
  8
0
 10
245.201196
 20
301.274050
 42
0.099535
  0
SEQEND
  0
POLYLINE
  8
0
 66
1
 70
1
  0
VERTEX
  8
0
 10
96.179521
 20
297.250685
 42
-0.001238
  0
VERTEX
  8
0
 10
114.015419
 20
297.038117
 42
-0.013098
  0
VERTEX
  8
0
 10
121.286784
 20
296.742821
 42
-0.027200
  0
VERTEX
  8
0
 10
125.195131
 20
296.266917
 42
-0.292727
  0
VERTEX
  8
0
 10
126.313519
 20
295.235228
 42
0.012692
  0
VERTEX
  8
0
 10
126.548539
 20
294.422642
 42
0.545648
  0
VERTEX
  8
0
 10
126.692962
 20
294.383467
 42
0.192547
  0
VERTEX
  8
0
 10
126.812401
 20
294.626831
 42
0.006075
  0
VERTEX
  8
0
 10
126.883999
 20
295.750000
 42
0.000000
  0
VERTEX
  8
0
 10
127.000000
 20
298.000000
 42
0.000000
  0
VERTEX
  8
0
 10
96.750000
 20
297.765457
 42
0.000000
  0
VERTEX
  8
0
 10
66.500000
 20
297.530915
 42
0.000000
  0
SEQEND
  0
POLYLINE
  8
0
 66
1
 70
1
  0
VERTEX
  8
0
 10
245.812500
 20
297.316886
 42
0.051402
  0
VERTEX
  8
0
 10
246.359369
 20
297.160852
 42
0.054150
  0
VERTEX
  8
0
 10
246.916927
 20
297.123424
 42
0.060344
  0
VERTEX
  8
0
 10
247.402231
 20
297.202593
 42
0.126455
  0
VERTEX
  8
0
 10
247.729167
 20
297.395833
 42
0.296942
  0
VERTEX
  8
0
 10
247.775380
 20
297.614691
 42
0.208169
  0
VERTEX
  8
0
 10
247.592839
 20
297.799335
 42
0.077125
  0
VERTEX
  8
0
 10
247.112848
 20
297.910055
 42
0.028489
  0
VERTEX
  8
0
 10
246.416667
 20
297.921053
 42
0.018894
  0
VERTEX
  8
0
 10
245.670344
 20
297.862007
 42
0.168741
  0
VERTEX
  8
0
 10
245.378580
 20
297.720685
 42
0.470617
  0
VERTEX
  8
0
 10
245.395823
 20
297.538436
 42
0.054073
  0
SEQEND
  0
POLYLINE
  8
0
 66
1
 70
1
  0
VERTEX
  8
0
 10
70.336206
 20
284.000000
 42
0.004360
  0
VERTEX
  8
0
 10
70.359651
 20
281.311593
 42
0.021699
  0
VERTEX
  8
0
 10
70.451433
 20
279.804688
 42
0.741699
  0
VERTEX
  8
0
 10
70.585580
 20
279.778855
 42
0.095407
  0
VERTEX
  8
0
 10
70.728468
 20
280.250000
 42
0.016375
  0
VERTEX
  8
0
 10
70.850713
 20
281.957332
 42
0.009683
  0
VERTEX
  8
0
 10
70.890277
 20
284.000000
 42
0.009683
  0
VERTEX
  8
0
 10
70.850713
 20
286.042668
 42
0.016375
  0
VERTEX
  8
0
 10
70.728468
 20
287.750000
 42
0.095407
  0
VERTEX
  8
0
 10
70.585580
 20
288.221145
 42
0.741699
  0
VERTEX
  8
0
 10
70.451433
 20
288.195312
 42
0.021699
  0
VERTEX
  8
0
 10
70.359651
 20
286.688407
 42
0.004360
  0
SEQEND
  0
POLYLINE
  8
0
 66
1
 70
1
  0
VERTEX
  8
0
 10
311.212258
 20
290.237419
 42
0.208548
  0
VERTEX
  8
0
 10
310.724700
 20
289.798496
 42
0.045101
  0
VERTEX
  8
0
 10
310.341491
 20
288.702995
 42
0.038121
  0
VERTEX
  8
0
 10
310.084049
 20
287.204624
 42
0.023491
  0
VERTEX
  8
0
 10
310.000000
 20
285.416667
 42
0.012736
  0
VERTEX
  8
0
 10
310.069450
 20
282.690566
 42
0.132391
  0
VERTEX
  8
0
 10
310.412880
 20
281.633717
 42
0.211433
  0
VERTEX
  8
0
 10
311.177923
 20
281.136170
 42
0.039995
  0
VERTEX
  8
0
 10
312.877555
 20
281.000000
 42
0.071821
  0
VERTEX
  8
0
 10
315.211772
 20
281.337029
 42
0.156734
  0
VERTEX
  8
0
 10
316.689998
 20
282.343415
 42
0.145550
  0
VERTEX
  8
0
 10
317.370807
 20
284.082889
 42
0.059002
  0
VERTEX
  8
0
 10
317.283725
 20
286.652381
 42
0.096034
  0
VERTEX
  8
0
 10
316.573937
 20
288.638517
 42
0.126342
  0
VERTEX
  8
0
 10
315.217555
 20
289.993108
 42
0.124050
  0
VERTEX
  8
0
 10
313.355702
 20
290.541712
 42
0.090611
  0
SEQEND
  0
POLYLINE
  8
0
 66
1
 70
1
  0
VERTEX
  8
0
 10
315.000000
 20
288.000000
 42
-0.148195
  0
VERTEX
  8
0
 10
314.884432
 20
287.618646
 42
-0.098894
  0
VERTEX
  8
0
 10
314.559375
 20
287.293750
 42
-0.082425
  0
VERTEX
  8
0
 10
314.073457
 20
287.074694
 42
-0.064853
  0
VERTEX
  8
0
 10
313.500000
 20
287.000000
 42
-0.064853
  0
VERTEX
  8
0
 10
312.926543
 20
287.074694
 42
-0.082425
  0
VERTEX
  8
0
 10
312.440625
 20
287.293750
 42
-0.098894
  0
VERTEX
  8
0
 10
312.115568
 20
287.618646
 42
-0.148195
  0
VERTEX
  8
0
 10
312.000000
 20
288.000000
 42
-0.148195
  0
VERTEX
  8
0
 10
312.115568
 20
288.381354
 42
-0.098894
  0
VERTEX
  8
0
 10
312.440625
 20
288.706250
 42
-0.082425
  0
VERTEX
  8
0
 10
312.926543
 20
288.925306
 42
-0.064853
  0
VERTEX
  8
0
 10
313.500000
 20
289.000000
 42
-0.064853
  0
VERTEX
  8
0
 10
314.073457
 20
288.925306
 42
-0.082425
  0
VERTEX
  8
0
 10
314.559375
 20
288.706250
 42
-0.098894
  0
VERTEX
  8
0
 10
314.884432
 20
288.381354
 42
-0.148195
  0
SEQEND
  0
POLYLINE
  8
0
 66
1
 70
1
  0
VERTEX
  8
0
 10
315.500000
 20
284.000000
 42
-0.088250
  0
VERTEX
  8
0
 10
315.157656
 20
283.617164
 42
-0.053305
  0
VERTEX
  8
0
 10
314.640225
 20
283.293750
 42
-0.051278
  0
VERTEX
  8
0
 10
314.038022
 20
283.074167
 42
-0.061875
  0
VERTEX
  8
0
 10
313.440983
 20
283.000000
 42
-0.067639
  0
VERTEX
  8
0
 10
312.890182
 20
283.074854
 42
-0.084330
  0
VERTEX
  8
0
 10
312.423289
 20
283.293750
 42
-0.099650
  0
VERTEX
  8
0
 10
312.111069
 20
283.618660
 42
-0.142666
  0
VERTEX
  8
0
 10
312.000000
 20
284.000000
 42
-0.195654
  0
VERTEX
  8
0
 10
312.155423
 20
284.381985
 42
-0.086673
  0
VERTEX
  8
0
 10
312.604836
 20
284.706250
 42
-0.066561
  0
VERTEX
  8
0
 10
313.270941
 20
284.926392
 42
-0.046600
  0
VERTEX
  8
0
 10
314.059017
 20
285.000000
 42
-0.047867
  0
VERTEX
  8
0
 10
314.804599
 20
284.928459
 42
-0.104212
  0
VERTEX
  8
0
 10
315.331650
 20
284.706250
 42
-0.181468
  0
VERTEX
  8
0
 10
315.558599
 20
284.378123
 42
-0.202618
  0
SEQEND
  0
POLYLINE
  8
0
 66
1
 70
1
  0
VERTEX
  8
0
 10
319.494309
 20
290.160976
 42
0.161125
  0
VERTEX
  8
0
 10
319.299299
 20
289.773136
 42
0.011089
  0
VERTEX
  8
0
 10
319.145203
 20
288.538953
 42
0.014905
  0
VERTEX
  8
0
 10
319.035976
 20
287.029314
 42
0.010605
  0
VERTEX
  8
0
 10
319.000000
 20
285.333333
 42
0.013114
  0
VERTEX
  8
0
 10
319.073060
 20
282.548228
 42
0.158037
  0
VERTEX
  8
0
 10
319.451923
 20
281.559524
 42
0.201983
  0
VERTEX
  8
0
 10
320.300958
 20
281.103624
 42
0.023548
  0
VERTEX
  8
0
 10
322.500000
 20
281.000000
 42
0.027026
  0
VERTEX
  8
0
 10
323.841111
 20
281.072542
 42
0.042582
  0
VERTEX
  8
0
 10
324.971875
 20
281.293750
 42
0.052312
  0
VERTEX
  8
0
 10
325.767902
 20
281.614308
 42
0.277684
  0
VERTEX
  8
0
 10
326.000000
 20
282.000000
 42
0.226478
  0
VERTEX
  8
0
 10
325.817169
 20
282.382936
 42
0.074992
  0
VERTEX
  8
0
 10
325.265625
 20
282.706250
 42
0.057076
  0
VERTEX
  8
0
 10
324.457356
 20
282.926884
 42
0.038131
  0
VERTEX
  8
0
 10
323.500000
 20
283.000000
 42
-0.038131
  0
VERTEX
  8
0
 10
322.542644
 20
283.073116
 42
-0.057076
  0
VERTEX
  8
0
 10
321.734375
 20
283.293750
 42
-0.074992
  0
VERTEX
  8
0
 10
321.182831
 20
283.617064
 42
-0.226478
  0
VERTEX
  8
0
 10
321.000000
 20
284.000000
 42
-0.226478
  0
VERTEX
  8
0
 10
321.182831
 20
284.382936
 42
-0.074992
  0
VERTEX
  8
0
 10
321.734375
 20
284.706250
 42
-0.057076
  0
VERTEX
  8
0
 10
322.542644
 20
284.926884
 42
-0.038131
  0
VERTEX
  8
0
 10
323.500000
 20
285.000000
 42
0.038131
  0
VERTEX
  8
0
 10
324.457356
 20
285.073116
 42
0.057076
  0
VERTEX
  8
0
 10
325.265625
 20
285.293750
 42
0.074992
  0
VERTEX
  8
0
 10
325.817169
 20
285.617064
 42
0.226478
  0
VERTEX
  8
0
 10
326.000000
 20
286.000000
 42
0.226478
  0
VERTEX
  8
0
 10
325.817169
 20
286.382936
 42
0.074992
  0
VERTEX
  8
0
 10
325.265625
 20
286.706250
 42
0.057076
  0
VERTEX
  8
0
 10
324.457356
 20
286.926884
 42
0.038131
  0
VERTEX
  8
0
 10
323.500000
 20
287.000000
 42
-0.057135
  0
VERTEX
  8
0
 10
321.577230
 20
287.220435
 42
-0.380769
  0
VERTEX
  8
0
 10
321.066057
 20
287.944283
 42
-0.292409
  0
VERTEX
  8
0
 10
321.719982
 20
288.750084
 42
-0.049284
  0
VERTEX
  8
0
 10
323.750000
 20
289.207498
 42
0.002078
  0
VERTEX
  8
0
 10
325.637795
 20
289.449102
 42
0.531495
  0
VERTEX
  8
0
 10
325.701142
 20
289.576224
 42
0.224332
  0
VERTEX
  8
0
 10
325.511153
 20
289.710342
 42
0.001217
  0
VERTEX
  8
0
 10
323.244309
 20
290.101563
 42
0.016057
  0
VERTEX
  8
0
 10
321.961266
 20
290.277603
 42
0.022104
  0
VERTEX
  8
0
 10
320.799774
 20
290.347426
 42
0.019640
  0
VERTEX
  8
0
 10
319.858451
 20
290.325365
 42
0.182665
  0
SEQEND
  0
POLYLINE
  8
0
 66
1
 70
1
  0
VERTEX
  8
0
 10
337.494309
 20
290.160976
 42
0.195314
  0
VERTEX
  8
0
 10
336.945449
 20
288.861447
 42
0.017252
  0
VERTEX
  8
0
 10
337.020494
 20
285.226916
 42
0.014558
  0
VERTEX
  8
0
 10
337.326736
 20
281.600956
 42
0.381384
  0
VERTEX
  8
0
 10
338.000000
 20
281.000000
 42
0.191087
  0
VERTEX
  8
0
 10
338.381882
 20
281.151477
 42
0.088204
  0
VERTEX
  8
0
 10
338.706250
 20
281.587500
 42
0.068025
  0
VERTEX
  8
0
 10
338.926307
 20
282.234582
 42
0.048028
  0
VERTEX
  8
0
 10
339.000000
 20
283.000000
 42
-0.048465
  0
VERTEX
  8
0
 10
339.145664
 20
284.499253
 42
-0.382159
  0
VERTEX
  8
0
 10
339.657990
 20
284.886324
 42
-0.185839
  0
VERTEX
  8
0
 10
340.493462
 20
284.482202
 42
-0.017880
  0
VERTEX
  8
0
 10
342.003628
 20
282.750000
 42
0.035625
  0
VERTEX
  8
0
 10
342.758441
 20
281.943796
 42
0.056955
  0
VERTEX
  8
0
 10
343.517993
 20
281.386146
 42
0.078483
  0
VERTEX
  8
0
 10
344.168248
 20
281.139256
 42
0.252637
  0
VERTEX
  8
0
 10
344.597254
 20
281.266667
 42
0.145522
  0
VERTEX
  8
0
 10
344.803620
 20
281.646066
 42
0.099498
  0
VERTEX
  8
0
 10
344.808959
 20
282.139818
 42
0.083511
  0
VERTEX
  8
0
 10
344.611618
 20
282.673524
 42
0.066246
  0
VERTEX
  8
0
 10
344.237500
 20
283.162500
 42
-0.112082
  0
VERTEX
  8
0
 10
343.842723
 20
283.789161
 42
-0.047186
  0
VERTEX
  8
0
 10
343.600183
 20
284.760760
 42
-0.043532
  0
VERTEX
  8
0
 10
343.528510
 20
285.891231
 42
-0.043453
  0
VERTEX
  8
0
 10
343.653550
 20
287.017748
 42
0.034816
  0
VERTEX
  8
0
 10
343.853089
 20
288.570684
 42
0.186023
  0
VERTEX
  8
0
 10
343.597412
 20
289.369808
 42
0.163004
  0
VERTEX
  8
0
 10
342.847303
 20
289.850745
 42
0.025315
  0
VERTEX
  8
0
 10
341.093692
 20
290.199557
 42
0.016602
  0
VERTEX
  8
0
 10
339.868385
 20
290.338022
 42
0.022515
  0
VERTEX
  8
0
 10
338.755530
 20
290.376211
 42
0.020387
  0
VERTEX
  8
0
 10
337.853898
 20
290.329748
 42
0.175041
  0
SEQEND
  0
POLYLINE
  8
0
 66
1
 70
1
  0
VERTEX
  8
0
 10
342.000000
 20
288.000000
 42
-0.148195
  0
VERTEX
  8
0
 10
341.884432
 20
287.618646
 42
-0.098894
  0
VERTEX
  8
0
 10
341.559375
 20
287.293750
 42
-0.082425
  0
VERTEX
  8
0
 10
341.073457
 20
287.074694
 42
-0.064853
  0
VERTEX
  8
0
 10
340.500000
 20
287.000000
 42
-0.064853
  0
VERTEX
  8
0
 10
339.926543
 20
287.074694
 42
-0.082425
  0
VERTEX
  8
0
 10
339.440625
 20
287.293750
 42
-0.098894
  0
VERTEX
  8
0
 10
339.115568
 20
287.618646
 42
-0.148195
  0
VERTEX
  8
0
 10
339.000000
 20
288.000000
 42
-0.148195
  0
VERTEX
  8
0
 10
339.115568
 20
288.381354
 42
-0.098894
  0
VERTEX
  8
0
 10
339.440625
 20
288.706250
 42
-0.082425
  0
VERTEX
  8
0
 10
339.926543
 20
288.925306
 42
-0.064853
  0
VERTEX
  8
0
 10
340.500000
 20
289.000000
 42
-0.064853
  0
VERTEX
  8
0
 10
341.073457
 20
288.925306
 42
-0.082425
  0
VERTEX
  8
0
 10
341.559375
 20
288.706250
 42
-0.098894
  0
VERTEX
  8
0
 10
341.884432
 20
288.381354
 42
-0.148195
  0
SEQEND
  0
POLYLINE
  8
0
 66
1
 70
1
  0
VERTEX
  8
0
 10
347.750000
 20
289.919901
 42
0.165730
  0
VERTEX
  8
0
 10
346.575647
 20
288.567121
 42
0.078992
  0
VERTEX
  8
0
 10
346.046656
 20
286.295383
 42
0.076996
  0
VERTEX
  8
0
 10
346.244468
 20
283.904961
 42
0.138156
  0
VERTEX
  8
0
 10
347.200000
 20
282.200000
 42
0.124289
  0
VERTEX
  8
0
 10
348.883457
 20
281.195256
 42
0.103631
  0
VERTEX
  8
0
 10
350.964812
 20
281.019478
 42
0.115764
  0
VERTEX
  8
0
 10
352.766656
 20
281.682869
 42
0.185004
  0
VERTEX
  8
0
 10
353.710251
 20
283.000000
 42
-0.032630
  0
VERTEX
  8
0
 10
354.216175
 20
284.521497
 42
-0.317975
  0
VERTEX
  8
0
 10
354.756658
 20
284.867025
 42
-0.198581
  0
VERTEX
  8
0
 10
355.476599
 20
284.528987
 42
-0.014775
  0
VERTEX
  8
0
 10
356.920989
 20
282.849246
 42
0.046201
  0
VERTEX
  8
0
 10
357.905531
 20
281.839972
 42
0.095666
  0
VERTEX
  8
0
 10
358.860284
 20
281.299997
 42
0.096013
  0
VERTEX
  8
0
 10
359.945111
 20
281.155382
 42
0.046782
  0
VERTEX
  8
0
 10
361.331282
 20
281.368298
 42
0.049323
  0
VERTEX
  8
0
 10
362.732303
 20
281.870949
 42
0.139005
  0
VERTEX
  8
0
 10
363.507781
 20
282.550103
 42
0.115484
  0
VERTEX
  8
0
 10
363.892292
 20
283.618945
 42
0.028853
  0
VERTEX
  8
0
 10
364.000000
 20
285.483868
 42
0.035158
  0
VERTEX
  8
0
 10
363.884934
 20
287.118253
 42
0.069191
  0
VERTEX
  8
0
 10
363.527236
 20
288.368132
 42
0.084552
  0
VERTEX
  8
0
 10
362.904999
 20
289.306364
 42
0.081454
  0
VERTEX
  8
0
 10
362.000000
 20
290.000000
 42
0.122467
  0
VERTEX
  8
0
 10
360.138070
 20
290.470822
 42
0.099650
  0
VERTEX
  8
0
 10
358.113660
 20
290.071636
 42
0.111102
  0
VERTEX
  8
0
 10
356.565222
 20
288.978701
 42
0.185813
  0
VERTEX
  8
0
 10
356.000000
 20
287.510271
 42
-0.235071
  0
VERTEX
  8
0
 10
355.802311
 20
287.113018
 42
-0.267732
  0
VERTEX
  8
0
 10
355.385335
 20
287.061010
 42
-0.079059
  0
VERTEX
  8
0
 10
354.641978
 20
287.523850
 42
-0.017680
  0
VERTEX
  8
0
 10
353.545455
 20
288.545455
 42
0.020071
  0
VERTEX
  8
0
 10
351.725445
 20
290.224933
 42
0.118619
  0
VERTEX
  8
0
 10
350.577029
 20
290.806834
 42
0.151656
  0
VERTEX
  8
0
 10
349.431513
 20
290.728633
 42
0.039579
  0
SEQEND
  0
POLYLINE
  8
0
 66
1
 70
1
  0
VERTEX
  8
0
 10
352.497160
 20
287.008949
 42
-0.067734
  0
VERTEX
  8
0
 10
352.779132
 20
285.386440
 42
-0.129948
  0
VERTEX
  8
0
 10
352.490752
 20
284.106705
 42
-0.158264
  0
VERTEX
  8
0
 10
351.666037
 20
283.296081
 42
-0.116234
  0
VERTEX
  8
0
 10
350.409598
 20
283.000000
 42
-0.167733
  0
VERTEX
  8
0
 10
349.267161
 20
283.394344
 42
-0.120316
  0
VERTEX
  8
0
 10
348.425281
 20
284.464502
 42
-0.103017
  0
VERTEX
  8
0
 10
348.088807
 20
285.956692
 42
-0.096013
  0
VERTEX
  8
0
 10
348.361626
 20
287.500000
 42
-0.145480
  0
VERTEX
  8
0
 10
349.220409
 20
288.617238
 42
-0.188359
  0
VERTEX
  8
0
 10
350.460800
 20
288.939475
 42
-0.169400
  0
VERTEX
  8
0
 10
351.692022
 20
288.338946
 42
-0.119071
  0
SEQEND
  0
POLYLINE
  8
0
 66
1
 70
1
  0
VERTEX
  8
0
 10
361.816422
 20
285.741449
 42
-0.030761
  0
VERTEX
  8
0
 10
361.892153
 20
284.324906
 42
-0.140934
  0
VERTEX
  8
0
 10
361.660539
 20
283.543385
 42
-0.189068
  0
VERTEX
  8
0
 10
361.095002
 20
283.131968
 42
-0.063889
  0
VERTEX
  8
0
 10
360.066422
 20
283.000000
 42
-0.076037
  0
VERTEX
  8
0
 10
359.041033
 20
283.156841
 42
-0.170445
  0
VERTEX
  8
0
 10
358.418093
 20
283.621817
 42
-0.119524
  0
VERTEX
  8
0
 10
358.091051
 20
284.506681
 42
-0.029035
  0
VERTEX
  8
0
 10
358.000000
 20
286.073324
 42
-0.025155
  0
VERTEX
  8
0
 10
358.077166
 20
287.606190
 42
-0.117421
  0
VERTEX
  8
0
 10
358.365358
 20
288.435725
 42
-0.201779
  0
VERTEX
  8
0
 10
358.902618
 20
288.806801
 42
-0.098731
  0
VERTEX
  8
0
 10
359.750000
 20
288.814774
 42
-0.117082
  0
VERTEX
  8
0
 10
360.483518
 20
288.486746
 42
-0.081487
  0
VERTEX
  8
0
 10
361.107449
 20
287.823094
 42
-0.069105
  0
VERTEX
  8
0
 10
361.566982
 20
286.881310
 42
-0.050305
  0
SEQEND
  0
POLYLINE
  8
0
 66
1
 70
1
  0
VERTEX
  8
0
 10
366.666667
 20
290.333333
 42
0.187005
  0
VERTEX
  8
0
 10
366.044806
 20
288.924418
 42
0.019954
  0
VERTEX
  8
0
 10
366.022877
 20
285.279749
 42
0.018570
  0
VERTEX
  8
0
 10
366.281917
 20
281.638544
 42
0.231261
  0
VERTEX
  8
0
 10
367.000000
 20
280.500000
 42
0.276828
  0
VERTEX
  8
0
 10
367.396646
 20
280.494667
 42
0.142380
  0
VERTEX
  8
0
 10
367.751652
 20
280.867245
 42
0.074300
  0
VERTEX
  8
0
 10
368.013815
 20
281.632461
 42
0.033337
  0
VERTEX
  8
0
 10
368.136182
 20
282.690983
 42
-0.002297
  0
VERTEX
  8
0
 10
368.223418
 20
284.334244
 42
-0.186389
  0
VERTEX
  8
0
 10
368.327392
 20
284.563258
 42
-0.592371
  0
VERTEX
  8
0
 10
368.448274
 20
284.526721
 42
-0.004355
  0
VERTEX
  8
0
 10
368.705733
 20
283.250000
 42
0.038964
  0
VERTEX
  8
0
 10
368.942392
 20
282.388746
 42
0.052367
  0
VERTEX
  8
0
 10
369.294585
 20
281.660937
 42
0.063620
  0
VERTEX
  8
0
 10
369.701526
 20
281.160173
 42
0.192664
  0
VERTEX
  8
0
 10
370.101775
 20
281.000000
 42
0.172052
  0
VERTEX
  8
0
 10
370.533972
 20
281.153257
 42
0.049192
  0
VERTEX
  8
0
 10
371.047328
 20
281.660937
 42
0.043284
  0
VERTEX
  8
0
 10
371.551859
 20
282.388780
 42
0.034373
  0
VERTEX
  8
0
 10
371.968838
 20
283.250000
 42
0.000000
  0
VERTEX
  8
0
 10
372.873227
 20
285.500000
 42
0.000000
  0
VERTEX
  8
0
 10
372.936614
 20
283.250000
 42
0.071491
  0
VERTEX
  8
0
 10
373.283593
 20
281.239543
 42
0.574485
  0
VERTEX
  8
0
 10
374.014009
 20
281.080605
 42
0.147553
  0
VERTEX
  8
0
 10
374.778254
 20
282.666075
 42
0.039064
  0
VERTEX
  8
0
 10
375.000000
 20
285.500000
 42
0.016423
  0
VERTEX
  8
0
 10
374.927780
 20
287.698096
 42
0.065718
  0
VERTEX
  8
0
 10
374.664876
 20
289.015773
 42
0.131955
  0
VERTEX
  8
0
 10
374.185597
 20
289.730700
 42
0.181408
  0
VERTEX
  8
0
 10
373.467776
 20
290.000000
 42
0.125156
  0
VERTEX
  8
0
 10
372.818063
 20
289.834781
 42
0.064269
  0
VERTEX
  8
0
 10
372.133002
 20
289.339063
 42
0.057694
  0
VERTEX
  8
0
 10
371.518360
 20
288.610483
 42
0.055158
  0
VERTEX
  8
0
 10
371.075498
 20
287.750000
 42
-0.007116
  0
VERTEX
  8
0
 10
370.485216
 20
286.269288
 42
-0.389131
  0
VERTEX
  8
0
 10
370.234230
 20
286.152651
 42
-0.253113
  0
VERTEX
  8
0
 10
369.999186
 20
286.396116
 42
-0.004309
  0
VERTEX
  8
0
 10
369.499314
 20
288.250000
 42
0.031413
  0
VERTEX
  8
0
 10
368.935596
 20
289.965082
 42
0.139977
  0
VERTEX
  8
0
 10
368.293652
 20
290.794764
 42
0.253202
  0
VERTEX
  8
0
 10
367.545695
 20
290.898763
 42
0.107303
  0
SEQEND
  0
POLYLINE
  8
0
 66
1
 70
1
  0
VERTEX
  8
0
 10
128.309869
 20
284.500000
 42
0.005499
  0
VERTEX
  8
0
 10
128.337136
 20
282.352754
 42
0.031761
  0
VERTEX
  8
0
 10
128.435944
 20
281.222448
 42
0.756877
  0
VERTEX
  8
0
 10
128.574262
 20
281.205163
 42
0.069146
  0
VERTEX
  8
0
 10
128.724731
 20
281.767909
 42
0.018638
  0
VERTEX
  8
0
 10
128.849672
 20
283.218327
 42
0.012590
  0
VERTEX
  8
0
 10
128.888655
 20
284.878422
 42
0.012695
  0
VERTEX
  8
0
 10
128.845055
 20
286.487453
 42
0.024559
  0
VERTEX
  8
0
 10
128.714526
 20
287.767909
 42
0.212532
  0
VERTEX
  8
0
 10
128.565802
 20
288.000181
 42
0.556092
  0
VERTEX
  8
0
 10
128.424528
 20
287.934948
 42
0.025342
  0
VERTEX
  8
0
 10
128.331591
 20
286.655786
 42
0.005888
  0
SEQEND
  0
POLYLINE
  8
0
 66
1
 70
1
  0
VERTEX
  8
0
 10
327.888889
 20
289.063358
 42
0.012706
  0
VERTEX
  8
0
 10
327.846048
 20
288.520135
 42
0.004259
  0
VERTEX
  8
0
 10
327.810417
 20
287.724862
 42
0.004235
  0
VERTEX
  8
0
 10
327.785926
 20
286.843690
 42
0.004829
  0
VERTEX
  8
0
 10
327.777778
 20
286.000000
 42
0.013552
  0
VERTEX
  8
0
 10
327.856065
 20
283.112161
 42
0.106722
  0
VERTEX
  8
0
 10
328.207519
 20
281.826497
 42
0.203760
  0
VERTEX
  8
0
 10
328.961927
 20
281.204750
 42
0.071943
  0
VERTEX
  8
0
 10
330.377555
 20
281.000000
 42
0.097506
  0
VERTEX
  8
0
 10
332.420743
 20
281.402269
 42
0.130439
  0
VERTEX
  8
0
 10
333.920376
 20
282.538059
 42
0.120033
  0
VERTEX
  8
0
 10
334.738991
 20
284.350420
 42
0.075014
  0
VERTEX
  8
0
 10
334.822258
 20
286.689528
 42
0.045551
  0
VERTEX
  8
0
 10
334.512037
 20
288.180010
 42
0.139908
  0
VERTEX
  8
0
 10
333.957425
 20
289.037230
 42
0.123954
  0
VERTEX
  8
0
 10
332.988805
 20
289.531548
 42
0.032288
  0
VERTEX
  8
0
 10
331.250000
 20
289.813358
 42
0.031047
  0
VERTEX
  8
0
 10
329.996878
 20
289.856039
 42
0.047915
  0
VERTEX
  8
0
 10
328.922049
 20
289.722306
 42
0.061023
  0
VERTEX
  8
0
 10
328.157013
 20
289.450447
 42
0.256235
  0
SEQEND
  0
POLYLINE
  8
0
 66
1
 70
1
  0
VERTEX
  8
0
 10
332.816422
 20
285.741449
 42
-0.030761
  0
VERTEX
  8
0
 10
332.892153
 20
284.324906
 42
-0.140934
  0
VERTEX
  8
0
 10
332.660539
 20
283.543385
 42
-0.189068
  0
VERTEX
  8
0
 10
332.095002
 20
283.131968
 42
-0.063889
  0
VERTEX
  8
0
 10
331.066422
 20
283.000000
 42
-0.076037
  0
VERTEX
  8
0
 10
330.041033
 20
283.156841
 42
-0.170445
  0
VERTEX
  8
0
 10
329.418093
 20
283.621817
 42
-0.119524
  0
VERTEX
  8
0
 10
329.091051
 20
284.506681
 42
-0.029035
  0
VERTEX
  8
0
 10
329.000000
 20
286.073324
 42
-0.025155
  0
VERTEX
  8
0
 10
329.077166
 20
287.606190
 42
-0.117421
  0
VERTEX
  8
0
 10
329.365358
 20
288.435725
 42
-0.201779
  0
VERTEX
  8
0
 10
329.902618
 20
288.806801
 42
-0.098731
  0
VERTEX
  8
0
 10
330.750000
 20
288.814774
 42
-0.117082
  0
VERTEX
  8
0
 10
331.483518
 20
288.486746
 42
-0.081487
  0
VERTEX
  8
0
 10
332.107449
 20
287.823094
 42
-0.069105
  0
VERTEX
  8
0
 10
332.566982
 20
286.881310
 42
-0.050305
  0
SEQEND
  0
POLYLINE
  8
0
 66
1
 70
1
  0
VERTEX
  8
0
 10
236.000000
 20
285.321654
 42
-0.011204
  0
VERTEX
  8
0
 10
237.445738
 20
284.656925
 42
-0.010433
  0
VERTEX
  8
0
 10
238.895450
 20
283.912784
 42
-0.010473
  0
VERTEX
  8
0
 10
240.155901
 20
283.197709
 42
-0.034416
  0
VERTEX
  8
0
 10
240.941958
 20
282.653228
 42
0.006002
  0
VERTEX
  8
0
 10
241.717844
 20
282.047827
 42
0.243979
  0
VERTEX
  8
0
 10
241.922629
 20
282.012256
 42
0.472811
  0
VERTEX
  8
0
 10
241.976189
 20
282.146025
 42
0.009870
  0
VERTEX
  8
0
 10
241.569881
 20
282.852034
 42
0.124181
  0
VERTEX
  8
0
 10
240.453654
 20
283.960147
 42
0.019631
  0
VERTEX
  8
0
 10
237.713793
 20
285.440606
 42
0.019800
  0
VERTEX
  8
0
 10
234.865063
 20
286.700981
 42
0.120800
  0
VERTEX
  8
0
 10
233.282119
 20
286.918426
 42
0.667369
  0
VERTEX
  8
0
 10
233.239625
 20
286.775973
 42
0.038151
  0
VERTEX
  8
0
 10
233.757872
 20
286.415725
 42
0.021188
  0
VERTEX
  8
0
 10
234.709334
 20
285.909677
 42
0.009472
  0
SEQEND
  0
POLYLINE
  8
0
 66
1
 70
1
  0
VERTEX
  8
0
 10
109.812500
 20
278.316886
 42
0.051402
  0
VERTEX
  8
0
 10
110.359369
 20
278.160852
 42
0.054150
  0
VERTEX
  8
0
 10
110.916927
 20
278.123424
 42
0.060344
  0
VERTEX
  8
0
 10
111.402231
 20
278.202593
 42
0.126455
  0
VERTEX
  8
0
 10
111.729167
 20
278.395833
 42
0.296942
  0
VERTEX
  8
0
 10
111.775380
 20
278.614691
 42
0.208169
  0
VERTEX
  8
0
 10
111.592839
 20
278.799335
 42
0.077125
  0
VERTEX
  8
0
 10
111.112848
 20
278.910055
 42
0.028489
  0
VERTEX
  8
0
 10
110.416667
 20
278.921053
 42
0.018894
  0
VERTEX
  8
0
 10
109.670344
 20
278.862007
 42
0.168741
  0
VERTEX
  8
0
 10
109.378580
 20
278.720685
 42
0.470617
  0
VERTEX
  8
0
 10
109.395823
 20
278.538436
 42
0.054073
  0
SEQEND
  0
POLYLINE
  8
0
 66
1
 70
1
  0
VERTEX
  8
0
 10
75.000000
 20
276.954310
 42
0.045015
  0
VERTEX
  8
0
 10
74.462681
 20
276.515436
 42
0.593089
  0
VERTEX
  8
0
 10
74.517610
 20
276.320537
 42
0.103987
  0
VERTEX
  8
0
 10
75.055884
 20
276.310733
 42
0.007762
  0
VERTEX
  8
0
 10
76.500000
 20
276.610300
 42
0.008705
  0
VERTEX
  8
0
 10
78.891417
 20
277.189115
 42
0.092061
  0
VERTEX
  8
0
 10
79.796599
 20
277.613585
 42
0.677836
  0
VERTEX
  8
0
 10
79.725614
 20
277.900320
 42
0.036193
  0
VERTEX
  8
0
 10
78.416667
 20
277.984687
 42
0.043125
  0
VERTEX
  8
0
 10
77.573318
 20
277.905021
 42
0.028137
  0
VERTEX
  8
0
 10
76.622396
 20
277.675698
 42
0.028277
  0
VERTEX
  8
0
 10
75.713434
 20
277.344478
 42
0.047271
  0
SEQEND
  0
POLYLINE
  8
0
 66
1
 70
1
  0
VERTEX
  8
0
 10
88.812500
 20
277.316886
 42
0.051402
  0
VERTEX
  8
0
 10
89.359369
 20
277.160852
 42
0.054150
  0
VERTEX
  8
0
 10
89.916927
 20
277.123424
 42
0.060344
  0
VERTEX
  8
0
 10
90.402231
 20
277.202593
 42
0.126455
  0
VERTEX
  8
0
 10
90.729167
 20
277.395833
 42
0.296942
  0
VERTEX
  8
0
 10
90.775380
 20
277.614691
 42
0.208169
  0
VERTEX
  8
0
 10
90.592839
 20
277.799335
 42
0.077125
  0
VERTEX
  8
0
 10
90.112848
 20
277.910055
 42
0.028489
  0
VERTEX
  8
0
 10
89.416667
 20
277.921053
 42
0.018894
  0
VERTEX
  8
0
 10
88.670344
 20
277.862007
 42
0.168741
  0
VERTEX
  8
0
 10
88.378580
 20
277.720685
 42
0.470617
  0
VERTEX
  8
0
 10
88.395823
 20
277.538436
 42
0.054073
  0
SEQEND
  0
POLYLINE
  8
0
 66
1
 70
1
  0
VERTEX
  8
0
 10
101.000000
 20
276.954310
 42
0.045015
  0
VERTEX
  8
0
 10
100.462681
 20
276.515436
 42
0.593089
  0
VERTEX
  8
0
 10
100.517610
 20
276.320537
 42
0.103987
  0
VERTEX
  8
0
 10
101.055884
 20
276.310733
 42
0.007762
  0
VERTEX
  8
0
 10
102.500000
 20
276.610300
 42
0.008705
  0
VERTEX
  8
0
 10
104.891417
 20
277.189115
 42
0.092061
  0
VERTEX
  8
0
 10
105.796599
 20
277.613585
 42
0.677836
  0
VERTEX
  8
0
 10
105.725614
 20
277.900320
 42
0.036193
  0
VERTEX
  8
0
 10
104.416667
 20
277.984687
 42
0.043125
  0
VERTEX
  8
0
 10
103.573318
 20
277.905021
 42
0.028137
  0
VERTEX
  8
0
 10
102.622396
 20
277.675698
 42
0.028277
  0
VERTEX
  8
0
 10
101.713434
 20
277.344478
 42
0.047271
  0
SEQEND
  0
POLYLINE
  8
0
 66
1
 70
1
  0
VERTEX
  8
0
 10
114.812500
 20
277.316886
 42
0.051402
  0
VERTEX
  8
0
 10
115.359369
 20
277.160852
 42
0.054150
  0
VERTEX
  8
0
 10
115.916927
 20
277.123424
 42
0.060344
  0
VERTEX
  8
0
 10
116.402231
 20
277.202593
 42
0.126455
  0
VERTEX
  8
0
 10
116.729167
 20
277.395833
 42
0.296942
  0
VERTEX
  8
0
 10
116.775380
 20
277.614691
 42
0.208169
  0
VERTEX
  8
0
 10
116.592839
 20
277.799335
 42
0.077125
  0
VERTEX
  8
0
 10
116.112848
 20
277.910055
 42
0.028489
  0
VERTEX
  8
0
 10
115.416667
 20
277.921053
 42
0.018894
  0
VERTEX
  8
0
 10
114.670344
 20
277.862007
 42
0.168741
  0
VERTEX
  8
0
 10
114.378580
 20
277.720685
 42
0.470617
  0
VERTEX
  8
0
 10
114.395823
 20
277.538436
 42
0.054073
  0
SEQEND
  0
POLYLINE
  8
0
 66
1
 70
1
  0
VERTEX
  8
0
 10
127.997704
 20
277.250000
 42
0.392614
  0
VERTEX
  8
0
 10
128.267754
 20
276.957308
 42
0.006284
  0
VERTEX
  8
0
 10
130.713944
 20
276.798580
 42
0.012660
  0
VERTEX
  8
0
 10
133.700198
 20
276.718198
 42
0.007596
  0
VERTEX
  8
0
 10
137.247704
 20
276.766442
 42
0.000888
  0
VERTEX
  8
0
 10
148.872532
 20
277.121866
 42
0.049409
  0
VERTEX
  8
0
 10
151.027097
 20
277.405912
 42
0.882434
  0
VERTEX
  8
0
 10
150.999445
 20
277.668119
 42
0.001642
  0
VERTEX
  8
0
 10
141.750000
 20
277.819752
 42
0.005112
  0
VERTEX
  8
0
 10
136.477505
 20
277.834957
 42
0.008517
  0
VERTEX
  8
0
 10
132.038388
 20
277.726740
 42
0.002889
  0
VERTEX
  8
0
 10
128.282519
 20
277.549394
 42
0.397899
  0
SEQEND
  0
POLYLINE
  8
0
 66
1
 70
1
  0
VERTEX
  8
0
 10
324.000000
 20
275.500000
 42
0.024942
  0
VERTEX
  8
0
 10
323.482290
 20
274.808783
 42
0.128583
  0
VERTEX
  8
0
 10
323.325424
 20
274.361364
 42
0.300026
  0
VERTEX
  8
0
 10
323.467821
 20
274.101643
 42
0.122183
  0
VERTEX
  8
0
 10
323.877555
 20
274.000000
 42
-0.237042
  0
VERTEX
  8
0
 10
324.307871
 20
273.783849
 42
-0.070564
  0
VERTEX
  8
0
 10
324.670282
 20
273.118750
 42
-0.053973
  0
VERTEX
  8
0
 10
324.918088
 20
272.148997
 42
-0.035600
  0
VERTEX
  8
0
 10
325.000000
 20
271.000000
 42
0.031626
  0
VERTEX
  8
0
 10
325.072766
 20
269.850749
 42
0.048861
  0
VERTEX
  8
0
 10
325.293750
 20
268.881250
 42
0.062710
  0
VERTEX
  8
0
 10
325.615738
 20
268.209557
 42
0.254951
  0
VERTEX
  8
0
 10
326.000000
 20
268.000000
 42
0.310520
  0
VERTEX
  8
0
 10
326.388512
 20
268.267028
 42
0.036969
  0
VERTEX
  8
0
 10
326.706250
 20
269.321875
 42
0.033738
  0
VERTEX
  8
0
 10
326.927717
 20
270.775243
 42
0.020945
  0
VERTEX
  8
0
 10
327.000000
 20
272.500000
 42
0.021992
  0
VERTEX
  8
0
 10
326.868611
 20
275.485709
 42
0.176149
  0
VERTEX
  8
0
 10
326.295700
 20
276.713218
 42
0.367839
  0
VERTEX
  8
0
 10
325.378126
 20
276.787189
 42
0.063475
  0
SEQEND
  0
POLYLINE
  8
0
 66
1
 70
1
  0
VERTEX
  8
0
 10
331.000000
 20
275.500000
 42
0.024942
  0
VERTEX
  8
0
 10
330.482290
 20
274.808783
 42
0.128583
  0
VERTEX
  8
0
 10
330.325424
 20
274.361364
 42
0.300026
  0
VERTEX
  8
0
 10
330.467821
 20
274.101643
 42
0.122183
  0
VERTEX
  8
0
 10
330.877555
 20
274.000000
 42
-0.237042
  0
VERTEX
  8
0
 10
331.307871
 20
273.783849
 42
-0.070564
  0
VERTEX
  8
0
 10
331.670282
 20
273.118750
 42
-0.053973
  0
VERTEX
  8
0
 10
331.918088
 20
272.148997
 42
-0.035600
  0
VERTEX
  8
0
 10
332.000000
 20
271.000000
 42
0.031626
  0
VERTEX
  8
0
 10
332.072766
 20
269.850749
 42
0.048861
  0
VERTEX
  8
0
 10
332.293750
 20
268.881250
 42
0.062710
  0
VERTEX
  8
0
 10
332.615738
 20
268.209557
 42
0.254951
  0
VERTEX
  8
0
 10
333.000000
 20
268.000000
 42
0.310520
  0
VERTEX
  8
0
 10
333.388512
 20
268.267028
 42
0.036969
  0
VERTEX
  8
0
 10
333.706250
 20
269.321875
 42
0.033738
  0
VERTEX
  8
0
 10
333.927717
 20
270.775243
 42
0.020945
  0
VERTEX
  8
0
 10
334.000000
 20
272.500000
 42
0.021992
  0
VERTEX
  8
0
 10
333.868611
 20
275.485709
 42
0.176149
  0
VERTEX
  8
0
 10
333.295700
 20
276.713218
 42
0.367839
  0
VERTEX
  8
0
 10
332.378126
 20
276.787189
 42
0.063475
  0
SEQEND
  0
POLYLINE
  8
0
 66
1
 70
1
  0
VERTEX
  8
0
 10
352.441130
 20
275.531803
 42
0.007128
  0
VERTEX
  8
0
 10
351.279323
 20
274.626734
 42
0.194392
  0
VERTEX
  8
0
 10
351.093120
 20
274.294418
 42
0.423232
  0
VERTEX
  8
0
 10
351.257574
 20
274.088541
 42
0.019471
  0
VERTEX
  8
0
 10
352.250000
 20
274.031803
 42
-0.110677
  0
VERTEX
  8
0
 10
353.055793
 20
273.835784
 42
-0.148123
  0
VERTEX
  8
0
 10
353.601516
 20
273.324127
 42
-0.098935
  0
VERTEX
  8
0
 10
353.908447
 20
272.417017
 42
-0.032271
  0
VERTEX
  8
0
 10
354.000000
 20
271.000000
 42
0.033118
  0
VERTEX
  8
0
 10
354.076200
 20
269.850842
 42
0.050815
  0
VERTEX
  8
0
 10
354.307285
 20
268.881250
 42
0.065787
  0
VERTEX
  8
0
 10
354.644492
 20
268.212274
 42
0.248036
  0
VERTEX
  8
0
 10
355.046077
 20
268.000000
 42
0.309609
  0
VERTEX
  8
0
 10
355.452234
 20
268.278164
 42
0.047794
  0
VERTEX
  8
0
 10
355.731250
 20
269.269777
 42
0.037694
  0
VERTEX
  8
0
 10
355.880423
 20
270.707091
 42
0.019948
  0
VERTEX
  8
0
 10
355.859215
 20
272.500000
 42
0.011763
  0
VERTEX
  8
0
 10
355.616215
 20
275.723460
 42
0.188809
  0
VERTEX
  8
0
 10
355.128610
 20
276.678661
 42
0.324061
  0
VERTEX
  8
0
 10
354.287487
 20
276.762048
 42
0.029912
  0
SEQEND
  0
POLYLINE
  8
0
 66
1
 70
1
  0
VERTEX
  8
0
 10
359.000000
 20
275.500000
 42
0.020633
  0
VERTEX
  8
0
 10
358.381629
 20
274.689039
 42
0.217533
  0
VERTEX
  8
0
 10
358.308142
 20
274.289310
 42
0.304492
  0
VERTEX
  8
0
 10
358.565314
 20
274.057736
 42
0.035496
  0
VERTEX
  8
0
 10
359.377555
 20
274.000000
 42
-0.129555
  0
VERTEX
  8
0
 10
360.104100
 20
273.808532
 42
-0.140841
  0
VERTEX
  8
0
 10
360.614796
 20
273.287735
 42
-0.091631
  0
VERTEX
  8
0
 10
360.910346
 20
272.374564
 42
-0.032577
  0
VERTEX
  8
0
 10
361.000000
 20
271.000000
 42
0.031888
  0
VERTEX
  8
0
 10
361.073368
 20
269.850765
 42
0.049206
  0
VERTEX
  8
0
 10
361.296122
 20
268.881250
 42
0.063260
  0
VERTEX
  8
0
 10
361.620779
 20
268.210056
 42
0.253724
  0
VERTEX
  8
0
 10
362.008076
 20
268.000000
 42
0.318421
  0
VERTEX
  8
0
 10
362.389228
 20
268.270122
 42
0.038427
  0
VERTEX
  8
0
 10
362.670030
 20
269.321875
 42
0.034391
  0
VERTEX
  8
0
 10
362.838380
 20
270.775130
 42
0.021098
  0
VERTEX
  8
0
 10
362.845942
 20
272.500000
 42
0.034579
  0
VERTEX
  8
0
 10
362.530818
 20
275.435584
 42
0.185142
  0
VERTEX
  8
0
 10
361.714933
 20
276.789905
 42
0.316447
  0
VERTEX
  8
0
 10
360.534985
 20
276.848360
 42
0.078817
  0
SEQEND
  0
POLYLINE
  8
0
 66
1
 70
1
  0
VERTEX
  8
0
 10
70.812500
 20
275.316886
 42
0.051402
  0
VERTEX
  8
0
 10
71.359369
 20
275.160852
 42
0.054150
  0
VERTEX
  8
0
 10
71.916927
 20
275.123424
 42
0.060344
  0
VERTEX
  8
0
 10
72.402231
 20
275.202593
 42
0.126455
  0
VERTEX
  8
0
 10
72.729167
 20
275.395833
 42
0.296942
  0
VERTEX
  8
0
 10
72.775380
 20
275.614691
 42
0.208169
  0
VERTEX
  8
0
 10
72.592839
 20
275.799335
 42
0.077125
  0
VERTEX
  8
0
 10
72.112848
 20
275.910055
 42
0.028489
  0
VERTEX
  8
0
 10
71.416667
 20
275.921053
 42
0.018894
  0
VERTEX
  8
0
 10
70.670344
 20
275.862007
 42
0.168741
  0
VERTEX
  8
0
 10
70.378580
 20
275.720685
 42
0.470617
  0
VERTEX
  8
0
 10
70.395823
 20
275.538436
 42
0.054073
  0
SEQEND
  0
POLYLINE
  8
0
 66
1
 70
1
  0
VERTEX
  8
0
 10
95.750000
 20
275.337719
 42
0.057986
  0
VERTEX
  8
0
 10
96.320008
 20
275.181385
 42
0.037979
  0
VERTEX
  8
0
 10
97.000000
 20
275.129660
 42
0.037979
  0
VERTEX
  8
0
 10
97.679992
 20
275.181385
 42
0.057986
  0
VERTEX
  8
0
 10
98.250000
 20
275.337719
 42
0.174857
  0
VERTEX
  8
0
 10
98.459382
 20
275.525001
 42
0.447206
  0
VERTEX
  8
0
 10
98.398438
 20
275.693942
 42
0.078554
  0
VERTEX
  8
0
 10
97.891440
 20
275.810911
 42
0.017491
  0
VERTEX
  8
0
 10
97.000000
 20
275.842105
 42
0.017491
  0
VERTEX
  8
0
 10
96.108560
 20
275.810911
 42
0.078554
  0
VERTEX
  8
0
 10
95.601562
 20
275.693942
 42
0.447206
  0
VERTEX
  8
0
 10
95.540618
 20
275.525001
 42
0.174857
  0
SEQEND
  0
POLYLINE
  8
0
 66
1
 70
1
  0
VERTEX
  8
0
 10
341.085270
 20
273.397256
 42
-0.079504
  0
VERTEX
  8
0
 10
341.485589
 20
272.720322
 42
-0.089786
  0
VERTEX
  8
0
 10
341.632726
 20
271.980370
 42
-0.079400
  0
VERTEX
  8
0
 10
341.516605
 20
271.163881
 42
-0.047951
  0
VERTEX
  8
0
 10
341.139218
 20
270.260131
 42
0.053872
  0
VERTEX
  8
0
 10
340.722208
 20
269.227353
 42
0.303831
  0
VERTEX
  8
0
 10
340.896568
 20
268.690107
 42
0.147687
  0
VERTEX
  8
0
 10
341.629386
 20
268.402676
 42
0.013050
  0
VERTEX
  8
0
 10
343.636961
 20
268.293283
 42
0.006981
  0
VERTEX
  8
0
 10
345.850744
 20
268.261454
 42
0.187366
  0
VERTEX
  8
0
 10
346.389480
 20
268.470424
 42
0.388690
  0
VERTEX
  8
0
 10
346.426587
 20
268.886732
 42
0.020759
  0
VERTEX
  8
0
 10
345.501994
 20
269.997797
 42
-0.034738
  0
VERTEX
  8
0
 10
344.850846
 20
270.826279
 42
-0.092830
  0
VERTEX
  8
0
 10
344.551592
 20
271.511913
 42
-0.152587
  0
VERTEX
  8
0
 10
344.592981
 20
272.052399
 42
-0.160855
  0
VERTEX
  8
0
 10
344.934857
 20
272.459740
 42
0.091185
  0
VERTEX
  8
0
 10
345.862574
 20
273.299105
 42
0.356329
  0
VERTEX
  8
0
 10
345.840215
 20
274.017424
 42
0.178796
  0
VERTEX
  8
0
 10
344.910493
 20
274.526810
 42
0.036859
  0
VERTEX
  8
0
 10
343.015876
 20
274.666667
 42
0.016696
  0
VERTEX
  8
0
 10
341.534991
 20
274.617203
 42
0.129432
  0
VERTEX
  8
0
 10
340.884462
 20
274.398580
 42
0.339197
  0
VERTEX
  8
0
 10
340.747880
 20
274.006388
 42
0.093724
  0
SEQEND
  0
POLYLINE
  8
0
 66
1
 70
1
  0
VERTEX
  8
0
 10
157.812500
 20
266.316886
 42
0.051402
  0
VERTEX
  8
0
 10
158.359369
 20
266.160852
 42
0.054150
  0
VERTEX
  8
0
 10
158.916927
 20
266.123424
 42
0.060344
  0
VERTEX
  8
0
 10
159.402231
 20
266.202593
 42
0.126455
  0
VERTEX
  8
0
 10
159.729167
 20
266.395833
 42
0.296942
  0
VERTEX
  8
0
 10
159.775380
 20
266.614691
 42
0.208169
  0
VERTEX
  8
0
 10
159.592839
 20
266.799335
 42
0.077125
  0
VERTEX
  8
0
 10
159.112848
 20
266.910055
 42
0.028489
  0
VERTEX
  8
0
 10
158.416667
 20
266.921053
 42
0.018894
  0
VERTEX
  8
0
 10
157.670344
 20
266.862007
 42
0.168741
  0
VERTEX
  8
0
 10
157.378580
 20
266.720685
 42
0.470617
  0
VERTEX
  8
0
 10
157.395823
 20
266.538436
 42
0.054073
  0
SEQEND
  0
POLYLINE
  8
0
 66
1
 70
1
  0
VERTEX
  8
0
 10
193.750000
 20
266.294267
 42
0.029693
  0
VERTEX
  8
0
 10
194.774707
 20
266.159351
 42
0.017887
  0
VERTEX
  8
0
 10
196.000000
 20
266.115502
 42
0.017887
  0
VERTEX
  8
0
 10
197.225293
 20
266.159351
 42
0.029693
  0
VERTEX
  8
0
 10
198.250000
 20
266.294267
 42
0.142433
  0
VERTEX
  8
0
 10
198.560023
 20
266.453014
 42
0.611425
  0
VERTEX
  8
0
 10
198.517188
 20
266.600334
 42
0.039503
  0
VERTEX
  8
0
 10
197.611490
 20
266.701569
 42
0.008087
  0
VERTEX
  8
0
 10
196.000000
 20
266.727636
 42
0.008087
  0
VERTEX
  8
0
 10
194.388510
 20
266.701569
 42
0.039503
  0
VERTEX
  8
0
 10
193.482812
 20
266.600334
 42
0.611425
  0
VERTEX
  8
0
 10
193.439977
 20
266.453014
 42
0.142433
  0
SEQEND
  0
POLYLINE
  8
0
 66
1
 70
1
  0
VERTEX
  8
0
 10
332.807349
 20
261.252539
 42
0.003981
  0
VERTEX
  8
0
 10
338.367548
 20
261.154515
 42
0.002429
  0
VERTEX
  8
0
 10
344.934130
 20
261.122944
 42
0.002434
  0
VERTEX
  8
0
 10
351.442328
 20
261.154944
 42
0.004313
  0
VERTEX
  8
0
 10
356.807349
 20
261.253728
 42
0.033354
  0
VERTEX
  8
0
 10
358.022625
 20
261.367959
 42
0.911073
  0
VERTEX
  8
0
 10
358.015284
 20
261.476700
 42
0.005306
  0
VERTEX
  8
0
 10
353.111224
 20
261.550159
 42
0.001104
  0
VERTEX
  8
0
 10
344.500000
 20
261.568746
 42
0.001082
  0
VERTEX
  8
0
 10
335.897826
 20
261.549708
 42
0.005665
  0
VERTEX
  8
0
 10
331.165284
 20
261.475369
 42
0.931919
  0
VERTEX
  8
0
 10
331.160600
 20
261.367549
 42
0.022072
  0
SEQEND
  0
POLYLINE
  8
0
 66
1
 70
1
  0
VERTEX
  8
0
 10
276.000000
 20
247.606989
 42
0.225200
  0
VERTEX
  8
0
 10
276.088769
 20
247.419896
 42
0.029412
  0
VERTEX
  8
0
 10
276.455882
 20
247.154486
 42
0.029555
  0
VERTEX
  8
0
 10
276.957462
 20
246.875192
 42
0.020646
  0
VERTEX
  8
0
 10
277.551938
 20
246.618443
 42
0.036408
  0
VERTEX
  8
0
 10
278.131719
 20
246.443138
 42
0.155351
  0
VERTEX
  8
0
 10
278.487528
 20
246.474315
 42
0.329480
  0
VERTEX
  8
0
 10
278.606889
 20
246.674071
 42
0.114400
  0
VERTEX
  8
0
 10
278.492921
 20
247.011454
 42
0.115814
  0
VERTEX
  8
0
 10
277.901891
 20
247.603931
 42
0.080554
  0
VERTEX
  8
0
 10
277.026239
 20
247.969265
 42
0.115534
  0
VERTEX
  8
0
 10
276.291154
 20
247.972535
 42
0.349578
  0
SEQEND
  0
POLYLINE
  8
0
 66
1
 70
1
  0
VERTEX
  8
0
 10
185.812500
 20
244.316886
 42
0.051402
  0
VERTEX
  8
0
 10
186.359369
 20
244.160852
 42
0.054150
  0
VERTEX
  8
0
 10
186.916927
 20
244.123424
 42
0.060344
  0
VERTEX
  8
0
 10
187.402231
 20
244.202593
 42
0.126455
  0
VERTEX
  8
0
 10
187.729167
 20
244.395833
 42
0.296942
  0
VERTEX
  8
0
 10
187.775380
 20
244.614691
 42
0.208169
  0
VERTEX
  8
0
 10
187.592839
 20
244.799335
 42
0.077125
  0
VERTEX
  8
0
 10
187.112848
 20
244.910055
 42
0.028489
  0
VERTEX
  8
0
 10
186.416667
 20
244.921053
 42
0.018894
  0
VERTEX
  8
0
 10
185.670344
 20
244.862007
 42
0.168741
  0
VERTEX
  8
0
 10
185.378580
 20
244.720685
 42
0.470617
  0
VERTEX
  8
0
 10
185.395823
 20
244.538436
 42
0.054073
  0
SEQEND
  0
POLYLINE
  8
0
 66
1
 70
1
  0
VERTEX
  8
0
 10
176.860784
 20
241.010587
 42
0.000000
  0
VERTEX
  8
0
 10
174.500000
 20
239.021173
 42
0.000000
  0
VERTEX
  8
0
 10
177.750000
 20
240.583828
 42
0.012683
  0
VERTEX
  8
0
 10
179.813589
 20
241.641290
 42
0.074658
  0
VERTEX
  8
0
 10
180.780565
 20
242.373271
 42
0.452642
  0
VERTEX
  8
0
 10
180.748942
 20
242.786960
 42
0.162510
  0
VERTEX
  8
0
 10
180.110784
 20
243.000000
 42
0.118109
  0
VERTEX
  8
0
 10
179.627518
 20
242.884229
 42
0.019760
  0
VERTEX
  8
0
 10
178.789295
 20
242.415610
 42
0.020695
  0
VERTEX
  8
0
 10
177.829832
 20
241.772260
 42
0.017046
  0
SEQEND
  0
POLYLINE
  8
0
 66
1
 70
1
  0
VERTEX
  8
0
 10
212.521342
 20
240.067244
 42
0.065571
  0
VERTEX
  8
0
 10
212.227353
 20
238.417746
 42
0.128162
  0
VERTEX
  8
0
 10
212.503171
 20
237.120579
 42
0.159331
  0
VERTEX
  8
0
 10
213.314962
 20
236.300713
 42
0.119144
  0
VERTEX
  8
0
 10
214.559017
 20
236.000000
 42
-0.072426
  0
VERTEX
  8
0
 10
215.109663
 20
235.919818
 42
-0.087308
  0
VERTEX
  8
0
 10
215.576711
 20
235.686455
 42
-0.100468
  0
VERTEX
  8
0
 10
215.888941
 20
235.339653
 42
-0.133974
  0
VERTEX
  8
0
 10
216.000000
 20
234.932612
 42
-0.217664
  0
VERTEX
  8
0
 10
215.827818
 20
234.555830
 42
-0.136569
  0
VERTEX
  8
0
 10
215.382229
 20
234.344936
 42
-0.080387
  0
VERTEX
  8
0
 10
214.669181
 20
234.337688
 42
-0.035800
  0
VERTEX
  8
0
 10
213.750000
 20
234.545007
 42
0.010611
  0
VERTEX
  8
0
 10
212.603864
 20
234.864906
 42
0.175546
  0
VERTEX
  8
0
 10
212.215349
 20
234.827263
 42
0.470190
  0
VERTEX
  8
0
 10
212.158129
 20
234.600930
 42
0.031872
  0
VERTEX
  8
0
 10
212.643780
 20
234.018614
 42
0.081843
  0
VERTEX
  8
0
 10
213.218131
 20
233.583238
 42
0.052449
  0
VERTEX
  8
0
 10
213.996840
 20
233.271762
 42
0.051193
  0
VERTEX
  8
0
 10
214.848949
 20
233.122507
 42
0.065432
  0
VERTEX
  8
0
 10
215.643780
 20
233.169915
 42
0.112395
  0
VERTEX
  8
0
 10
216.539617
 20
233.563651
 42
0.133027
  0
VERTEX
  8
0
 10
217.111169
 20
234.287538
 42
0.079932
  0
VERTEX
  8
0
 10
217.414814
 20
235.505553
 42
0.021201
  0
VERTEX
  8
0
 10
217.500000
 20
237.513695
 42
0.019434
  0
VERTEX
  8
0
 10
217.416562
 20
239.659588
 42
0.097570
  0
VERTEX
  8
0
 10
217.094944
 20
240.811587
 42
0.160617
  0
VERTEX
  8
0
 10
216.447388
 20
241.459286
 42
0.081552
  0
VERTEX
  8
0
 10
215.335890
 20
241.808296
 42
0.066311
  0
VERTEX
  8
0
 10
214.338607
 20
241.817349
 42
0.108074
  0
VERTEX
  8
0
 10
213.543672
 20
241.537345
 42
0.109195
  0
VERTEX
  8
0
 10
212.943627
 20
240.953746
 42
0.068716
  0
SEQEND
  0
POLYLINE
  8
0
 66
1
 70
1
  0
VERTEX
  8
0
 10
216.000000
 20
238.440983
 42
-0.066118
  0
VERTEX
  8
0
 10
215.926733
 20
237.889346
 42
-0.138808
  0
VERTEX
  8
0
 10
215.706250
 20
237.521475
 42
-0.191142
  0
VERTEX
  8
0
 10
215.379648
 20
237.392057
 42
-0.139169
  0
VERTEX
  8
0
 10
215.000000
 20
237.500000
 42
-0.060810
  0
VERTEX
  8
0
 10
214.617485
 20
237.806203
 42
-0.051032
  0
VERTEX
  8
0
 10
214.293750
 20
238.212900
 42
-0.053229
  0
VERTEX
  8
0
 10
214.073302
 20
238.653442
 42
-0.089642
  0
VERTEX
  8
0
 10
214.000000
 20
239.059017
 42
-0.105429
  0
VERTEX
  8
0
 10
214.076556
 20
239.418051
 42
-0.099231
  0
VERTEX
  8
0
 10
214.293750
 20
239.723586
 42
-0.096318
  0
VERTEX
  8
0
 10
214.618268
 20
239.928382
 42
-0.092995
  0
VERTEX
  8
0
 10
215.000000
 20
240.000000
 42
-0.153634
  0
VERTEX
  8
0
 10
215.381379
 20
239.879982
 42
-0.097988
  0
VERTEX
  8
0
 10
215.706250
 20
239.542039
 42
-0.080552
  0
VERTEX
  8
0
 10
215.925455
 20
239.037096
 42
-0.062283
  0
SEQEND
  0
POLYLINE
  8
0
 66
1
 70
1
  0
VERTEX
  8
0
 10
220.269735
 20
240.069278
 42
0.041525
  0
VERTEX
  8
0
 10
220.382269
 20
239.363830
 42
0.084141
  0
VERTEX
  8
0
 10
220.605221
 20
238.849566
 42
0.148049
  0
VERTEX
  8
0
 10
220.895416
 20
238.605204
 42
0.244579
  0
VERTEX
  8
0
 10
221.207586
 20
238.628295
 42
0.173998
  0
VERTEX
  8
0
 10
221.806712
 20
239.380383
 42
0.093076
  0
VERTEX
  8
0
 10
221.977564
 20
240.571130
 42
0.108995
  0
VERTEX
  8
0
 10
221.700541
 20
241.611481
 42
0.280374
  0
VERTEX
  8
0
 10
221.062149
 20
242.000000
 42
0.204321
  0
VERTEX
  8
0
 10
220.715454
 20
241.852154
 42
0.094063
  0
VERTEX
  8
0
 10
220.442514
 20
241.432850
 42
0.069751
  0
VERTEX
  8
0
 10
220.282937
 20
240.808379
 42
0.046557
  0
SEQEND
  0
POLYLINE
  8
0
 66
1
 70
1
  0
VERTEX
  8
0
 10
234.000000
 20
237.500000
 42
0.018816
  0
VERTEX
  8
0
 10
234.064934
 20
235.775100
 42
0.030508
  0
VERTEX
  8
0
 10
234.264171
 20
234.321875
 42
0.031410
  0
VERTEX
  8
0
 10
234.548732
 20
233.252387
 42
0.322520
  0
VERTEX
  8
0
 10
234.899306
 20
233.000000
 42
0.303903
  0
VERTEX
  8
0
 10
235.269959
 20
233.248208
 42
0.029566
  0
VERTEX
  8
0
 10
235.639574
 20
234.321875
 42
0.029602
  0
VERTEX
  8
0
 10
235.954301
 20
235.775319
 42
0.018675
  0
VERTEX
  8
0
 10
236.156512
 20
237.500000
 42
0.016198
  0
VERTEX
  8
0
 10
236.253636
 20
239.566122
 42
0.053007
  0
VERTEX
  8
0
 10
236.129058
 20
240.926328
 42
0.100932
  0
VERTEX
  8
0
 10
235.797022
 20
241.715118
 42
0.247682
  0
VERTEX
  8
0
 10
235.257206
 20
242.000000
 42
0.249665
  0
VERTEX
  8
0
 10
234.714793
 20
241.711152
 42
0.080098
  0
VERTEX
  8
0
 10
234.319845
 20
240.855158
 42
0.049143
  0
VERTEX
  8
0
 10
234.074601
 20
239.461804
 42
0.019007
  0
SEQEND
  0
POLYLINE
  8
0
 66
1
 70
1
  0
VERTEX
  8
0
 10
284.500000
 20
241.000000
 42
0.029505
  0
VERTEX
  8
0
 10
284.768994
 20
240.617226
 42
0.035638
  0
VERTEX
  8
0
 10
285.066025
 20
240.293750
 42
0.038439
  0
VERTEX
  8
0
 10
285.348290
 20
240.065539
 42
0.151918
  0
VERTEX
  8
0
 10
285.559017
 20
240.000000
 42
0.210953
  0
VERTEX
  8
0
 10
285.727648
 20
240.074460
 42
0.081139
  0
VERTEX
  8
0
 10
285.870461
 20
240.293750
 42
0.061769
  0
VERTEX
  8
0
 10
285.967655
 20
240.617151
 42
0.042167
  0
VERTEX
  8
0
 10
286.000000
 20
241.000000
 42
0.105053
  0
VERTEX
  8
0
 10
285.918938
 20
241.381556
 42
0.099167
  0
VERTEX
  8
0
 10
285.688914
 20
241.706250
 42
0.096420
  0
VERTEX
  8
0
 10
285.345238
 20
241.923877
 42
0.093332
  0
VERTEX
  8
0
 10
284.940983
 20
242.000000
 42
0.108972
  0
VERTEX
  8
0
 10
284.586039
 20
241.921712
 42
0.182303
  0
VERTEX
  8
0
 10
284.374600
 20
241.706250
 42
0.161196
  0
VERTEX
  8
0
 10
284.343488
 20
241.382100
 42
0.082592
  0
SEQEND
  0
POLYLINE
  8
0
 66
1
 70
1
  0
VERTEX
  8
0
 10
171.981001
 20
237.477108
 42
0.008807
  0
VERTEX
  8
0
 10
171.292701
 20
236.617386
 42
0.270710
  0
VERTEX
  8
0
 10
171.258808
 20
236.355597
 42
0.389672
  0
VERTEX
  8
0
 10
171.458284
 20
236.264678
 42
0.012731
  0
VERTEX
  8
0
 10
172.358556
 20
236.584097
 42
0.044200
  0
VERTEX
  8
0
 10
172.986565
 20
236.891147
 42
0.051260
  0
VERTEX
  8
0
 10
173.517826
 20
237.291272
 42
0.058677
  0
VERTEX
  8
0
 10
173.882557
 20
237.719384
 42
0.148172
  0
VERTEX
  8
0
 10
174.000000
 20
238.106989
 42
0.097466
  0
VERTEX
  8
0
 10
173.870501
 20
238.765008
 42
0.389178
  0
VERTEX
  8
0
 10
173.530548
 20
238.925000
 42
0.127361
  0
VERTEX
  8
0
 10
172.946872
 20
238.562498
 42
0.017238
  0
SEQEND
  0
POLYLINE
  8
0
 66
1
 70
1
  0
VERTEX
  8
0
 10
227.466542
 20
238.234687
 42
0.077417
  0
VERTEX
  8
0
 10
227.083008
 20
237.860899
 42
0.057187
  0
VERTEX
  8
0
 10
226.783210
 20
237.348627
 42
0.057266
  0
VERTEX
  8
0
 10
226.607615
 20
236.782644
 42
0.078289
  0
VERTEX
  8
0
 10
226.591542
 20
236.250000
 42
0.000778
  0
VERTEX
  8
0
 10
226.661348
 20
235.706118
 42
0.000576
  0
VERTEX
  8
0
 10
226.740172
 20
235.104865
 42
0.000582
  0
VERTEX
  8
0
 10
226.815931
 20
234.537186
 42
0.001310
  0
VERTEX
  8
0
 10
226.875000
 20
234.106989
 42
0.201359
  0
VERTEX
  8
0
 10
227.443753
 20
233.150536
 42
0.131257
  0
VERTEX
  8
0
 10
228.655463
 20
232.672322
 42
0.102729
  0
VERTEX
  8
0
 10
230.205631
 20
232.812007
 42
0.090298
  0
VERTEX
  8
0
 10
231.652801
 20
233.555724
 42
0.007024
  0
VERTEX
  8
0
 10
232.808046
 20
234.468848
 42
0.362968
  0
VERTEX
  8
0
 10
232.858656
 20
234.729859
 42
0.292479
  0
VERTEX
  8
0
 10
232.598983
 20
234.870665
 42
0.005579
  0
VERTEX
  8
0
 10
231.000000
 20
234.737040
 42
-0.040809
  0
VERTEX
  8
0
 10
229.902043
 20
234.722808
 42
-0.100127
  0
VERTEX
  8
0
 10
229.127160
 20
234.935761
 42
-0.145825
  0
VERTEX
  8
0
 10
228.669205
 20
235.368760
 42
-0.131701
  0
VERTEX
  8
0
 10
228.500000
 20
236.000000
 42
-0.124062
  0
VERTEX
  8
0
 10
228.658307
 20
236.628196
 42
-0.155529
  0
VERTEX
  8
0
 10
229.087989
 20
237.043583
 42
-0.107967
  0
VERTEX
  8
0
 10
229.817760
 20
237.225886
 42
-0.042335
  0
VERTEX
  8
0
 10
230.859311
 20
237.168623
 42
0.028963
  0
VERTEX
  8
0
 10
231.832547
 20
237.088998
 42
0.110745
  0
VERTEX
  8
0
 10
232.425603
 20
237.207284
 42
0.263122
  0
VERTEX
  8
0
 10
232.641896
 20
237.498544
 42
0.171078
  0
VERTEX
  8
0
 10
232.550294
 20
237.918623
 42
0.160992
  0
VERTEX
  8
0
 10
231.696346
 20
238.634947
 42
0.079327
  0
VERTEX
  8
0
 10
230.297902
 20
238.948273
 42
0.073632
  0
VERTEX
  8
0
 10
228.752830
 20
238.816770
 42
0.096826
  0
SEQEND
  0
POLYLINE
  8
0
 66
1
 70
1
  0
VERTEX
  8
0
 10
237.746090
 20
237.750000
 42
0.094054
  0
VERTEX
  8
0
 10
237.515248
 20
236.075664
 42
0.105955
  0
VERTEX
  8
0
 10
237.934884
 20
234.508758
 42
0.121956
  0
VERTEX
  8
0
 10
238.893935
 20
233.405327
 42
0.154352
  0
VERTEX
  8
0
 10
240.175648
 20
233.000000
 42
-0.048603
  0
VERTEX
  8
0
 10
240.878349
 20
232.931532
 42
-0.105794
  0
VERTEX
  8
0
 10
241.373840
 20
232.719079
 42
-0.182628
  0
VERTEX
  8
0
 10
241.585577
 20
232.405332
 42
-0.199058
  0
VERTEX
  8
0
 10
241.526992
 20
232.043674
 42
-0.126981
  0
VERTEX
  8
0
 10
241.190464
 20
231.720854
 42
-0.081026
  0
VERTEX
  8
0
 10
240.678351
 20
231.533742
 42
-0.072258
  0
VERTEX
  8
0
 10
240.073335
 20
231.506898
 42
-0.066719
  0
VERTEX
  8
0
 10
239.467975
 20
231.650663
 42
0.071269
  0
VERTEX
  8
0
 10
238.906662
 20
231.778608
 42
0.119489
  0
VERTEX
  8
0
 10
238.431218
 20
231.703814
 42
0.152633
  0
VERTEX
  8
0
 10
238.117670
 20
231.441421
 42
0.143742
  0
VERTEX
  8
0
 10
238.000000
 20
231.040566
 42
0.218459
  0
VERTEX
  8
0
 10
238.203663
 20
230.596676
 42
0.102452
  0
VERTEX
  8
0
 10
238.768484
 20
230.283487
 42
0.068221
  0
VERTEX
  8
0
 10
239.645625
 20
230.136653
 42
0.036063
  0
VERTEX
  8
0
 10
240.750000
 20
230.183578
 42
0.051861
  0
VERTEX
  8
0
 10
242.279500
 20
230.522696
 42
0.166250
  0
VERTEX
  8
0
 10
243.098337
 20
231.146867
 42
0.112209
  0
VERTEX
  8
0
 10
243.543478
 20
232.306496
 42
0.017705
  0
VERTEX
  8
0
 10
243.807498
 20
234.750000
 42
0.012116
  0
VERTEX
  8
0
 10
243.936471
 20
237.435052
 42
0.147079
  0
VERTEX
  8
0
 10
243.666068
 20
238.418604
 42
0.223880
  0
VERTEX
  8
0
 10
242.940935
 20
238.883330
 42
0.032372
  0
VERTEX
  8
0
 10
241.140831
 20
239.000000
 42
0.039347
  0
VERTEX
  8
0
 10
239.971620
 20
238.907848
 42
0.048915
  0
VERTEX
  8
0
 10
238.916783
 20
238.632812
 42
0.056871
  0
VERTEX
  8
0
 10
238.116874
 20
238.230071
 42
0.168103
  0
SEQEND
  0
POLYLINE
  8
0
 66
1
 70
1
  0
VERTEX
  8
0
 10
241.500000
 20
235.000000
 42
-0.074012
  0
VERTEX
  8
0
 10
241.119849
 20
234.549884
 42
-0.156529
  0
VERTEX
  8
0
 10
240.705698
 20
234.369302
 42
-0.153020
  0
VERTEX
  8
0
 10
240.257119
 20
234.461657
 42
-0.069780
  0
VERTEX
  8
0
 10
239.774265
 20
234.825735
 42
-0.088981
  0
VERTEX
  8
0
 10
239.446886
 20
235.296240
 42
-0.076381
  0
VERTEX
  8
0
 10
239.281199
 20
235.876926
 42
-0.077007
  0
VERTEX
  8
0
 10
239.298118
 20
236.476023
 42
-0.093176
  0
VERTEX
  8
0
 10
239.500000
 20
237.000000
 42
-0.074012
  0
VERTEX
  8
0
 10
239.880151
 20
237.450116
 42
-0.156529
  0
VERTEX
  8
0
 10
240.294302
 20
237.630698
 42
-0.153020
  0
VERTEX
  8
0
 10
240.742881
 20
237.538343
 42
-0.069780
  0
VERTEX
  8
0
 10
241.225735
 20
237.174265
 42
-0.088981
  0
VERTEX
  8
0
 10
241.553114
 20
236.703760
 42
-0.076381
  0
VERTEX
  8
0
 10
241.718801
 20
236.123074
 42
-0.077007
  0
VERTEX
  8
0
 10
241.701882
 20
235.523977
 42
-0.093176
  0
SEQEND
  0
POLYLINE
  8
0
 66
1
 70
1
  0
VERTEX
  8
0
 10
344.250000
 20
238.337719
 42
0.200140
  0
VERTEX
  8
0
 10
343.241689
 20
237.343047
 42
0.137008
  0
VERTEX
  8
0
 10
343.038898
 20
235.726901
 42
0.127134
  0
VERTEX
  8
0
 10
343.706585
 20
234.149461
 42
0.166951
  0
VERTEX
  8
0
 10
345.000000
 20
233.289749
 42
-0.041867
  0
VERTEX
  8
0
 10
345.765364
 20
233.019474
 42
-0.053026
  0
VERTEX
  8
0
 10
346.412500
 20
232.641087
 42
-0.062969
  0
VERTEX
  8
0
 10
346.856807
 20
232.218096
 42
-0.172737
  0
VERTEX
  8
0
 10
347.000000
 20
231.815981
 42
-0.242691
  0
VERTEX
  8
0
 10
346.839822
 20
231.505415
 42
-0.115953
  0
VERTEX
  8
0
 10
346.412500
 20
231.330975
 42
-0.074337
  0
VERTEX
  8
0
 10
345.766432
 20
231.325616
 42
-0.041831
  0
VERTEX
  8
0
 10
345.000000
 20
231.500000
 42
0.087767
  0
VERTEX
  8
0
 10
343.637946
 20
231.681184
 42
0.346719
  0
VERTEX
  8
0
 10
343.039426
 20
231.166389
 42
0.279187
  0
VERTEX
  8
0
 10
343.349032
 20
230.322280
 42
0.077236
  0
VERTEX
  8
0
 10
344.626748
 20
229.589736
 42
0.248418
  0
VERTEX
  8
0
 10
346.921140
 20
229.867722
 42
0.149712
  0
VERTEX
  8
0
 10
348.656085
 20
232.075560
 42
0.123165
  0
VERTEX
  8
0
 10
349.049133
 20
235.236312
 42
0.167547
  0
VERTEX
  8
0
 10
347.800000
 20
237.800000
 42
0.032008
  0
VERTEX
  8
0
 10
346.928205
 20
238.566791
 42
0.127454
  0
VERTEX
  8
0
 10
346.278688
 20
238.844370
 42
0.111947
  0
VERTEX
  8
0
 10
345.530053
 20
238.789895
 42
0.021985
  0
SEQEND
  0
POLYLINE
  8
0
 66
1
 70
1
  0
VERTEX
  8
0
 10
347.000000
 20
235.500000
 42
-0.064853
  0
VERTEX
  8
0
 10
346.925306
 20
234.926543
 42
-0.082425
  0
VERTEX
  8
0
 10
346.706250
 20
234.440625
 42
-0.098894
  0
VERTEX
  8
0
 10
346.381354
 20
234.115568
 42
-0.148195
  0
VERTEX
  8
0
 10
346.000000
 20
234.000000
 42
-0.148195
  0
VERTEX
  8
0
 10
345.618646
 20
234.115568
 42
-0.098894
  0
VERTEX
  8
0
 10
345.293750
 20
234.440625
 42
-0.082425
  0
VERTEX
  8
0
 10
345.074694
 20
234.926543
 42
-0.064853
  0
VERTEX
  8
0
 10
345.000000
 20
235.500000
 42
-0.064853
  0
VERTEX
  8
0
 10
345.074694
 20
236.073457
 42
-0.082425
  0
VERTEX
  8
0
 10
345.293750
 20
236.559375
 42
-0.098894
  0
VERTEX
  8
0
 10
345.618646
 20
236.884432
 42
-0.148195
  0
VERTEX
  8
0
 10
346.000000
 20
237.000000
 42
-0.148195
  0
VERTEX
  8
0
 10
346.381354
 20
236.884432
 42
-0.098894
  0
VERTEX
  8
0
 10
346.706250
 20
236.559375
 42
-0.082425
  0
VERTEX
  8
0
 10
346.925306
 20
236.073457
 42
-0.064853
  0
SEQEND
  0
POLYLINE
  8
0
 66
1
 70
1
  0
VERTEX
  8
0
 10
350.274953
 20
237.000000
 42
0.037158
  0
VERTEX
  8
0
 10
350.390276
 20
236.234197
 42
0.053734
  0
VERTEX
  8
0
 10
350.612592
 20
235.587500
 42
0.068155
  0
VERTEX
  8
0
 10
350.900104
 20
235.143433
 42
0.218405
  0
VERTEX
  8
0
 10
351.212804
 20
235.000000
 42
0.229038
  0
VERTEX
  8
0
 10
351.514329
 20
235.145768
 42
0.073935
  0
VERTEX
  8
0
 10
351.768761
 20
235.587500
 42
0.056318
  0
VERTEX
  8
0
 10
351.942471
 20
236.234087
 42
0.037503
  0
VERTEX
  8
0
 10
352.000000
 20
237.000000
 42
0.044935
  0
VERTEX
  8
0
 10
351.931059
 20
237.765567
 42
0.064806
  0
VERTEX
  8
0
 10
351.724506
 20
238.412500
 42
0.084737
  0
VERTEX
  8
0
 10
351.420523
 20
238.849711
 42
0.201195
  0
VERTEX
  8
0
 10
351.062149
 20
239.000000
 42
0.210357
  0
VERTEX
  8
0
 10
350.715684
 20
238.847489
 42
0.091879
  0
VERTEX
  8
0
 10
350.444047
 20
238.412500
 42
0.067802
  0
VERTEX
  8
0
 10
350.286055
 20
237.765705
 42
0.044872
  0
SEQEND
  0
POLYLINE
  8
0
 66
1
 70
1
  0
VERTEX
  8
0
 10
364.683706
 20
238.250000
 42
0.135001
  0
VERTEX
  8
0
 10
364.351424
 20
236.983262
 42
0.017690
  0
VERTEX
  8
0
 10
364.484102
 20
234.175626
 42
0.016556
  0
VERTEX
  8
0
 10
364.809153
 20
231.378860
 42
0.160504
  0
VERTEX
  8
0
 10
365.339609
 20
230.327058
 42
0.555489
  0
VERTEX
  8
0
 10
365.594074
 20
230.386290
 42
0.041181
  0
VERTEX
  8
0
 10
365.806010
 20
231.231490
 42
0.027532
  0
VERTEX
  8
0
 10
365.953493
 20
232.587697
 42
0.013319
  0
VERTEX
  8
0
 10
366.000000
 20
234.333333
 42
0.009570
  0
VERTEX
  8
0
 10
365.944554
 20
237.229922
 42
0.071606
  0
VERTEX
  8
0
 10
365.697489
 20
238.578098
 42
0.443574
  0
VERTEX
  8
0
 10
365.258875
 20
238.769561
 42
0.156888
  0
SEQEND
  0
POLYLINE
  8
0
 66
1
 70
1
  0
VERTEX
  8
0
 10
357.666667
 20
235.333333
 42
0.203576
  0
VERTEX
  8
0
 10
356.904251
 20
233.445001
 42
0.139690
  0
VERTEX
  8
0
 10
357.586029
 20
231.205430
 42
0.140065
  0
VERTEX
  8
0
 10
359.343960
 20
229.665521
 42
0.204655
  0
VERTEX
  8
0
 10
361.373252
 20
229.589736
 42
0.080327
  0
VERTEX
  8
0
 10
362.582434
 20
230.292894
 42
0.239326
  0
VERTEX
  8
0
 10
362.956551
 20
231.144437
 42
0.326724
  0
VERTEX
  8
0
 10
362.466033
 20
231.741869
 42
0.104915
  0
VERTEX
  8
0
 10
361.250000
 20
231.793837
 42
-0.077164
  0
VERTEX
  8
0
 10
360.555007
 20
231.785266
 42
-0.115959
  0
VERTEX
  8
0
 10
359.992694
 20
232.005036
 42
-0.130415
  0
VERTEX
  8
0
 10
359.630443
 20
232.428228
 42
-0.112622
  0
VERTEX
  8
0
 10
359.500000
 20
233.000000
 42
-0.112622
  0
VERTEX
  8
0
 10
359.630443
 20
233.571772
 42
-0.130415
  0
VERTEX
  8
0
 10
359.992694
 20
233.994964
 42
-0.115959
  0
VERTEX
  8
0
 10
360.555007
 20
234.214734
 42
-0.077164
  0
VERTEX
  8
0
 10
361.250000
 20
234.206163
 42
0.056917
  0
VERTEX
  8
0
 10
361.919590
 20
234.170881
 42
0.086169
  0
VERTEX
  8
0
 10
362.485937
 20
234.305268
 42
0.115289
  0
VERTEX
  8
0
 10
362.861993
 20
234.582031
 42
0.178556
  0
VERTEX
  8
0
 10
363.000000
 20
234.956163
 42
0.331012
  0
VERTEX
  8
0
 10
362.480685
 20
235.654648
 42
0.055445
  0
VERTEX
  8
0
 10
360.734250
 20
235.974934
 42
0.052996
  0
VERTEX
  8
0
 10
358.815400
 20
235.907188
 42
0.162461
  0
SEQEND
  0
POLYLINE
  8
0
 66
1
 70
1
  0
VERTEX
  8
0
 10
368.361626
 20
234.500000
 42
0.097864
  0
VERTEX
  8
0
 10
368.074631
 20
232.841023
 42
0.128459
  0
VERTEX
  8
0
 10
368.496792
 20
231.369184
 42
0.138447
  0
VERTEX
  8
0
 10
369.550721
 20
230.365859
 42
0.122015
  0
VERTEX
  8
0
 10
371.027632
 20
230.000000
 42
-0.042233
  0
VERTEX
  8
0
 10
371.789905
 20
229.935499
 42
-0.091693
  0
VERTEX
  8
0
 10
372.339475
 20
229.733827
 42
-0.169416
  0
VERTEX
  8
0
 10
372.590411
 20
229.436252
 42
-0.233749
  0
VERTEX
  8
0
 10
372.558021
 20
229.093880
 42
-0.162969
  0
VERTEX
  8
0
 10
372.188920
 20
228.786680
 42
-0.061468
  0
VERTEX
  8
0
 10
371.529370
 20
228.619503
 42
-0.052514
  0
VERTEX
  8
0
 10
370.708733
 20
228.602652
 42
-0.042871
  0
VERTEX
  8
0
 10
369.842632
 20
228.751404
 42
0.023353
  0
VERTEX
  8
0
 10
368.886570
 20
228.954262
 42
0.139278
  0
VERTEX
  8
0
 10
368.385113
 20
228.896647
 42
0.342811
  0
VERTEX
  8
0
 10
368.232000
 20
228.628682
 42
0.103411
  0
VERTEX
  8
0
 10
368.402645
 20
228.157524
 42
0.118277
  0
VERTEX
  8
0
 10
368.850211
 20
227.713201
 42
0.048739
  0
VERTEX
  8
0
 10
369.624927
 20
227.340023
 42
0.044611
  0
VERTEX
  8
0
 10
370.572195
 20
227.085659
 42
0.043320
  0
VERTEX
  8
0
 10
371.559017
 20
227.000000
 42
0.062420
  0
VERTEX
  8
0
 10
372.920538
 20
227.170636
 42
0.209074
  0
VERTEX
  8
0
 10
373.614390
 20
227.710880
 42
0.111917
  0
VERTEX
  8
0
 10
373.931880
 20
228.839967
 42
0.012802
  0
VERTEX
  8
0
 10
374.000000
 20
231.500000
 42
0.012648
  0
VERTEX
  8
0
 10
373.931941
 20
234.190099
 42
0.115972
  0
VERTEX
  8
0
 10
373.609368
 20
235.305579
 42
0.210922
  0
VERTEX
  8
0
 10
372.899566
 20
235.836970
 42
0.056782
  0
VERTEX
  8
0
 10
371.468615
 20
236.000000
 42
0.055002
  0
VERTEX
  8
0
 10
370.457712
 20
235.888458
 42
0.057561
  0
VERTEX
  8
0
 10
369.511741
 20
235.559375
 42
0.064130
  0
VERTEX
  8
0
 10
368.767801
 20
235.074238
 42
0.125259
  0
SEQEND
  0
POLYLINE
  8
0
 66
1
 70
1
  0
VERTEX
  8
0
 10
372.000000
 20
233.000000
 42
-0.048028
  0
VERTEX
  8
0
 10
371.926307
 20
232.234582
 42
-0.068025
  0
VERTEX
  8
0
 10
371.706250
 20
231.587500
 42
-0.088204
  0
VERTEX
  8
0
 10
371.381882
 20
231.151477
 42
-0.191087
  0
VERTEX
  8
0
 10
371.000000
 20
231.000000
 42
-0.191087
  0
VERTEX
  8
0
 10
370.618118
 20
231.151477
 42
-0.088204
  0
VERTEX
  8
0
 10
370.293750
 20
231.587500
 42
-0.068025
  0
VERTEX
  8
0
 10
370.073693
 20
232.234582
 42
-0.048028
  0
VERTEX
  8
0
 10
370.000000
 20
233.000000
 42
-0.048028
  0
VERTEX
  8
0
 10
370.073693
 20
233.765418
 42
-0.068025
  0
VERTEX
  8
0
 10
370.293750
 20
234.412500
 42
-0.088204
  0
VERTEX
  8
0
 10
370.618118
 20
234.848523
 42
-0.191087
  0
VERTEX
  8
0
 10
371.000000
 20
235.000000
 42
-0.191087
  0
VERTEX
  8
0
 10
371.381882
 20
234.848523
 42
-0.088204
  0
VERTEX
  8
0
 10
371.706250
 20
234.412500
 42
-0.068025
  0
VERTEX
  8
0
 10
371.926307
 20
233.765418
 42
-0.048028
  0
SEQEND
  0
POLYLINE
  8
0
 66
1
 70
1
  0
VERTEX
  8
0
 10
376.500000
 20
230.000000
 42
0.029505
  0
VERTEX
  8
0
 10
376.768994
 20
229.617226
 42
0.035638
  0
VERTEX
  8
0
 10
377.066025
 20
229.293750
 42
0.038439
  0
VERTEX
  8
0
 10
377.348290
 20
229.065539
 42
0.151918
  0
VERTEX
  8
0
 10
377.559017
 20
229.000000
 42
0.210953
  0
VERTEX
  8
0
 10
377.727648
 20
229.074460
 42
0.081139
  0
VERTEX
  8
0
 10
377.870461
 20
229.293750
 42
0.061769
  0
VERTEX
  8
0
 10
377.967655
 20
229.617151
 42
0.042167
  0
VERTEX
  8
0
 10
378.000000
 20
230.000000
 42
0.105053
  0
VERTEX
  8
0
 10
377.918938
 20
230.381556
 42
0.099167
  0
VERTEX
  8
0
 10
377.688914
 20
230.706250
 42
0.096420
  0
VERTEX
  8
0
 10
377.345238
 20
230.923877
 42
0.093332
  0
VERTEX
  8
0
 10
376.940983
 20
231.000000
 42
0.108972
  0
VERTEX
  8
0
 10
376.586039
 20
230.921712
 42
0.182303
  0
VERTEX
  8
0
 10
376.374600
 20
230.706250
 42
0.161196
  0
VERTEX
  8
0
 10
376.343488
 20
230.382100
 42
0.082592
  0
SEQEND
  0
POLYLINE
  8
0
 66
1
 70
1
  0
VERTEX
  8
0
 10
319.564293
 20
220.706872
 42
0.036269
  0
VERTEX
  8
0
 10
319.866277
 20
220.059266
 42
0.070189
  0
VERTEX
  8
0
 10
320.210949
 20
219.604915
 42
0.120343
  0
VERTEX
  8
0
 10
320.538684
 20
219.407510
 42
0.278911
  0
VERTEX
  8
0
 10
320.806872
 20
219.473539
 42
0.207420
  0
VERTEX
  8
0
 10
320.927901
 20
219.779789
 42
0.082976
  0
VERTEX
  8
0
 10
320.837219
 20
220.231185
 42
0.063152
  0
VERTEX
  8
0
 10
320.558688
 20
220.753423
 42
0.043285
  0
VERTEX
  8
0
 10
320.124088
 20
221.266667
 42
0.011214
  0
VERTEX
  8
0
 10
319.463552
 20
221.893514
 42
0.400052
  0
VERTEX
  8
0
 10
319.270328
 20
221.888819
 42
0.286372
  0
VERTEX
  8
0
 10
319.218210
 20
221.663782
 42
0.008399
  0
SEQEND
  0
POLYLINE
  8
0
 66
1
 70
1
  0
VERTEX
  8
0
 10
321.500000
 20
218.000000
 42
0.025890
  0
VERTEX
  8
0
 10
321.275275
 20
217.139896
 42
0.033766
  0
VERTEX
  8
0
 10
321.164780
 20
216.334178
 42
0.035860
  0
VERTEX
  8
0
 10
321.166688
 20
215.677875
 42
0.179595
  0
VERTEX
  8
0
 10
321.317388
 20
215.349279
 42
0.359517
  0
VERTEX
  8
0
 10
321.561009
 20
215.326030
 42
0.088737
  0
VERTEX
  8
0
 10
321.871030
 20
215.627928
 42
0.052153
  0
VERTEX
  8
0
 10
322.202482
 20
216.210259
 42
0.026483
  0
VERTEX
  8
0
 10
322.500000
 20
217.000000
 42
0.025890
  0
VERTEX
  8
0
 10
322.724725
 20
217.860104
 42
0.033766
  0
VERTEX
  8
0
 10
322.835220
 20
218.665822
 42
0.035860
  0
VERTEX
  8
0
 10
322.833312
 20
219.322125
 42
0.179595
  0
VERTEX
  8
0
 10
322.682612
 20
219.650721
 42
0.359517
  0
VERTEX
  8
0
 10
322.438991
 20
219.673970
 42
0.088737
  0
VERTEX
  8
0
 10
322.128970
 20
219.372072
 42
0.052153
  0
VERTEX
  8
0
 10
321.797518
 20
218.789741
 42
0.026483
  0
SEQEND
  0
POLYLINE
  8
0
 66
1
 70
1
  0
VERTEX
  8
0
 10
271.269032
 20
201.307009
 42
0.037336
  0
VERTEX
  8
0
 10
272.036634
 20
201.167106
 42
0.029507
  0
VERTEX
  8
0
 10
272.880008
 20
201.127736
 42
0.030339
  0
VERTEX
  8
0
 10
273.671085
 20
201.185595
 42
0.062780
  0
VERTEX
  8
0
 10
274.269032
 20
201.344063
 42
0.313180
  0
VERTEX
  8
0
 10
274.386009
 20
201.522870
 42
0.333666
  0
VERTEX
  8
0
 10
274.257153
 20
201.684921
 42
0.052471
  0
VERTEX
  8
0
 10
273.580113
 20
201.787295
 42
0.014395
  0
VERTEX
  8
0
 10
272.500000
 20
201.805051
 42
0.012823
  0
VERTEX
  8
0
 10
271.431793
 20
201.764444
 42
0.080377
  0
VERTEX
  8
0
 10
270.900903
 20
201.643467
 42
0.597527
  0
VERTEX
  8
0
 10
270.883358
 20
201.483340
 42
0.087174
  0
SEQEND
  0
POLYLINE
  8
0
 66
1
 70
1
  0
VERTEX
  8
0
 10
251.750000
 20
199.337719
 42
0.057986
  0
VERTEX
  8
0
 10
252.320008
 20
199.181385
 42
0.037979
  0
VERTEX
  8
0
 10
253.000000
 20
199.129660
 42
0.037979
  0
VERTEX
  8
0
 10
253.679992
 20
199.181385
 42
0.057986
  0
VERTEX
  8
0
 10
254.250000
 20
199.337719
 42
0.174857
  0
VERTEX
  8
0
 10
254.459382
 20
199.525001
 42
0.447206
  0
VERTEX
  8
0
 10
254.398438
 20
199.693942
 42
0.078554
  0
VERTEX
  8
0
 10
253.891440
 20
199.810911
 42
0.017491
  0
VERTEX
  8
0
 10
253.000000
 20
199.842105
 42
0.017491
  0
VERTEX
  8
0
 10
252.108560
 20
199.810911
 42
0.078554
  0
VERTEX
  8
0
 10
251.601562
 20
199.693942
 42
0.447206
  0
VERTEX
  8
0
 10
251.540618
 20
199.525001
 42
0.174857
  0
SEQEND
  0
POLYLINE
  8
0
 66
1
 70
1
  0
VERTEX
  8
0
 10
264.250000
 20
199.255432
 42
0.005996
  0
VERTEX
  8
0
 10
268.233329
 20
199.151523
 42
0.003522
  0
VERTEX
  8
0
 10
273.000000
 20
199.117947
 42
0.003522
  0
VERTEX
  8
0
 10
277.766671
 20
199.151523
 42
0.005996
  0
VERTEX
  8
0
 10
281.750000
 20
199.255432
 42
0.038501
  0
VERTEX
  8
0
 10
282.797878
 20
199.376512
 42
0.891106
  0
VERTEX
  8
0
 10
282.789062
 20
199.490823
 42
0.007935
  0
VERTEX
  8
0
 10
279.275186
 20
199.568856
 42
0.001583
  0
VERTEX
  8
0
 10
273.000000
 20
199.588730
 42
0.001583
  0
VERTEX
  8
0
 10
266.724814
 20
199.568856
 42
0.007935
  0
VERTEX
  8
0
 10
263.210938
 20
199.490823
 42
0.891106
  0
VERTEX
  8
0
 10
263.202122
 20
199.376512
 42
0.038501
  0
SEQEND
  0
POLYLINE
  8
0
 66
1
 70
1
  0
VERTEX
  8
0
 10
233.404988
 20
189.750000
 42
0.000000
  0
VERTEX
  8
0
 10
231.500000
 20
187.500000
 42
0.000000
  0
VERTEX
  8
0
 10
233.750000
 20
189.404988
 42
0.008332
  0
VERTEX
  8
0
 10
234.612165
 20
190.159969
 42
0.012381
  0
VERTEX
  8
0
 10
235.339063
 20
190.851732
 42
0.007508
  0
VERTEX
  8
0
 10
235.918017
 20
191.448340
 42
0.191119
  0
VERTEX
  8
0
 10
236.000000
 20
191.654988
 42
0.372044
  0
VERTEX
  8
0
 10
235.789444
 20
191.898791
 42
0.197337
  0
VERTEX
  8
0
 10
235.373826
 20
191.795506
 42
0.048385
  0
VERTEX
  8
0
 10
234.598996
 20
191.102181
 42
0.010402
  0
SEQEND
  0
POLYLINE
  8
0
 66
1
 70
1
  0
VERTEX
  8
0
 10
271.638374
 20
181.500000
 42
0.055937
  0
VERTEX
  8
0
 10
271.488865
 20
180.925634
 42
0.100118
  0
VERTEX
  8
0
 10
271.516384
 20
180.440625
 42
0.147206
  0
VERTEX
  8
0
 10
271.710807
 20
180.122486
 42
0.184534
  0
VERTEX
  8
0
 10
272.031385
 20
180.000000
 42
0.152681
  0
VERTEX
  8
0
 10
272.400789
 20
180.115494
 42
0.098158
  0
VERTEX
  8
0
 10
272.715469
 20
180.440625
 42
0.080880
  0
VERTEX
  8
0
 10
272.927770
 20
180.926468
 42
0.062722
  0
VERTEX
  8
0
 10
273.000000
 20
181.500000
 42
0.024748
  0
VERTEX
  8
0
 10
272.971531
 20
182.074824
 42
0.039339
  0
VERTEX
  8
0
 10
272.884553
 20
182.559375
 42
0.046727
  0
VERTEX
  8
0
 10
272.758929
 20
182.903916
 42
0.289661
  0
VERTEX
  8
0
 10
272.606989
 20
183.000000
 42
0.222225
  0
VERTEX
  8
0
 10
272.420671
 20
182.912889
 42
0.030693
  0
VERTEX
  8
0
 10
272.160341
 20
182.559375
 42
0.030395
  0
VERTEX
  8
0
 10
271.887494
 20
182.074558
 42
0.021360
  0
SEQEND
  0
POLYLINE
  8
0
 66
1
 70
1
  0
VERTEX
  8
0
 10
296.010569
 20
178.512735
 42
0.119495
  0
VERTEX
  8
0
 10
295.316701
 20
177.093973
 42
0.133156
  0
VERTEX
  8
0
 10
295.389275
 20
175.575403
 42
0.151472
  0
VERTEX
  8
0
 10
296.191520
 20
174.435275
 42
0.165735
  0
VERTEX
  8
0
 10
297.468615
 20
174.000000
 42
-0.067950
  0
VERTEX
  8
0
 10
298.053961
 20
173.920083
 42
-0.084534
  0
VERTEX
  8
0
 10
298.550156
 20
173.686455
 42
-0.099721
  0
VERTEX
  8
0
 10
298.881960
 20
173.339650
 42
-0.142072
  0
VERTEX
  8
0
 10
299.000000
 20
172.932612
 42
-0.206760
  0
VERTEX
  8
0
 10
298.841894
 20
172.566615
 42
-0.136392
  0
VERTEX
  8
0
 10
298.430242
 20
172.350135
 42
-0.086344
  0
VERTEX
  8
0
 10
297.789261
 20
172.323992
 42
-0.043987
  0
VERTEX
  8
0
 10
297.000000
 20
172.500000
 42
0.087767
  0
VERTEX
  8
0
 10
295.637946
 20
172.681184
 42
0.346719
  0
VERTEX
  8
0
 10
295.039426
 20
172.166389
 42
0.279187
  0
VERTEX
  8
0
 10
295.349032
 20
171.322280
 42
0.077236
  0
VERTEX
  8
0
 10
296.626748
 20
170.589736
 42
0.248418
  0
VERTEX
  8
0
 10
298.921140
 20
170.867722
 42
0.149712
  0
VERTEX
  8
0
 10
300.656085
 20
173.075560
 42
0.123165
  0
VERTEX
  8
0
 10
301.049133
 20
176.236312
 42
0.167547
  0
VERTEX
  8
0
 10
299.800000
 20
178.800000
 42
0.046591
  0
VERTEX
  8
0
 10
298.722253
 20
179.693650
 42
0.170327
  0
VERTEX
  8
0
 10
297.877510
 20
179.919957
 42
0.161304
  0
VERTEX
  8
0
 10
297.047501
 20
179.573415
 42
0.040699
  0
SEQEND
  0
POLYLINE
  8
0
 66
1
 70
1
  0
VERTEX
  8
0
 10
299.000000
 20
176.500000
 42
-0.064853
  0
VERTEX
  8
0
 10
298.925306
 20
175.926543
 42
-0.082425
  0
VERTEX
  8
0
 10
298.706250
 20
175.440625
 42
-0.098894
  0
VERTEX
  8
0
 10
298.381354
 20
175.115568
 42
-0.148195
  0
VERTEX
  8
0
 10
298.000000
 20
175.000000
 42
-0.148195
  0
VERTEX
  8
0
 10
297.618646
 20
175.115568
 42
-0.098894
  0
VERTEX
  8
0
 10
297.293750
 20
175.440625
 42
-0.082425
  0
VERTEX
  8
0
 10
297.074694
 20
175.926543
 42
-0.064853
  0
VERTEX
  8
0
 10
297.000000
 20
176.500000
 42
-0.064853
  0
VERTEX
  8
0
 10
297.074694
 20
177.073457
 42
-0.082425
  0
VERTEX
  8
0
 10
297.293750
 20
177.559375
 42
-0.098894
  0
VERTEX
  8
0
 10
297.618646
 20
177.884432
 42
-0.148195
  0
VERTEX
  8
0
 10
298.000000
 20
178.000000
 42
-0.148195
  0
VERTEX
  8
0
 10
298.381354
 20
177.884432
 42
-0.098894
  0
VERTEX
  8
0
 10
298.706250
 20
177.559375
 42
-0.082425
  0
VERTEX
  8
0
 10
298.925306
 20
177.073457
 42
-0.064853
  0
SEQEND
  0
POLYLINE
  8
0
 66
1
 70
1
  0
VERTEX
  8
0
 10
302.923489
 20
179.750000
 42
0.030387
  0
VERTEX
  8
0
 10
302.576567
 20
178.308895
 42
0.054918
  0
VERTEX
  8
0
 10
302.496897
 20
177.099055
 42
0.083978
  0
VERTEX
  8
0
 10
302.672315
 20
176.282188
 42
0.307064
  0
VERTEX
  8
0
 10
303.088484
 20
176.000000
 42
0.205712
  0
VERTEX
  8
0
 10
303.436906
 20
176.149683
 42
0.083100
  0
VERTEX
  8
0
 10
303.732242
 20
176.587500
 42
0.063391
  0
VERTEX
  8
0
 10
303.933065
 20
177.234371
 42
0.043629
  0
VERTEX
  8
0
 10
304.000000
 20
178.000000
 42
0.047414
  0
VERTEX
  8
0
 10
303.897825
 20
179.075060
 42
0.090741
  0
VERTEX
  8
0
 10
303.584959
 20
179.880508
 42
0.318610
  0
VERTEX
  8
0
 10
303.229553
 20
180.031790
 42
0.271208
  0
SEQEND
  0
POLYLINE
  8
0
 66
1
 70
1
  0
VERTEX
  8
0
 10
316.900000
 20
178.166667
 42
0.000540
  0
VERTEX
  8
0
 10
316.854524
 20
177.157702
 42
0.000283
  0
VERTEX
  8
0
 10
316.800000
 20
175.902083
 42
0.000281
  0
VERTEX
  8
0
 10
316.745559
 20
174.614860
 42
0.000432
  0
VERTEX
  8
0
 10
316.700000
 20
173.500000
 42
0.034649
  0
VERTEX
  8
0
 10
316.728027
 20
172.543430
 42
0.054307
  0
VERTEX
  8
0
 10
316.897051
 20
171.738855
 42
0.072802
  0
VERTEX
  8
0
 10
317.169303
 20
171.190622
 42
0.250358
  0
VERTEX
  8
0
 10
317.511239
 20
171.015252
 42
0.327483
  0
VERTEX
  8
0
 10
317.847609
 20
171.270797
 42
0.036461
  0
VERTEX
  8
0
 10
318.066084
 20
172.269981
 42
0.033198
  0
VERTEX
  8
0
 10
318.170479
 20
173.640848
 42
0.020211
  0
VERTEX
  8
0
 10
318.120461
 20
175.265252
 42
0.011388
  0
VERTEX
  8
0
 10
317.838547
 20
178.256329
 42
0.070473
  0
VERTEX
  8
0
 10
317.446503
 20
179.745258
 42
0.729786
  0
VERTEX
  8
0
 10
317.108608
 20
179.715359
 42
0.043914
  0
SEQEND
  0
POLYLINE
  8
0
 66
1
 70
1
  0
VERTEX
  8
0
 10
309.666667
 20
176.333333
 42
0.203576
  0
VERTEX
  8
0
 10
308.904251
 20
174.445001
 42
0.139690
  0
VERTEX
  8
0
 10
309.586029
 20
172.205430
 42
0.140065
  0
VERTEX
  8
0
 10
311.343960
 20
170.665521
 42
0.204655
  0
VERTEX
  8
0
 10
313.373252
 20
170.589736
 42
0.080327
  0
VERTEX
  8
0
 10
314.582434
 20
171.292894
 42
0.239326
  0
VERTEX
  8
0
 10
314.956551
 20
172.144437
 42
0.326724
  0
VERTEX
  8
0
 10
314.466033
 20
172.741869
 42
0.104915
  0
VERTEX
  8
0
 10
313.250000
 20
172.793837
 42
-0.077164
  0
VERTEX
  8
0
 10
312.555007
 20
172.785266
 42
-0.115959
  0
VERTEX
  8
0
 10
311.992694
 20
173.005036
 42
-0.130415
  0
VERTEX
  8
0
 10
311.630443
 20
173.428228
 42
-0.112622
  0
VERTEX
  8
0
 10
311.500000
 20
174.000000
 42
-0.112622
  0
VERTEX
  8
0
 10
311.630443
 20
174.571772
 42
-0.130415
  0
VERTEX
  8
0
 10
311.992694
 20
174.994964
 42
-0.115959
  0
VERTEX
  8
0
 10
312.555007
 20
175.214734
 42
-0.077164
  0
VERTEX
  8
0
 10
313.250000
 20
175.206163
 42
0.056917
  0
VERTEX
  8
0
 10
313.919590
 20
175.170881
 42
0.086169
  0
VERTEX
  8
0
 10
314.485937
 20
175.305268
 42
0.115289
  0
VERTEX
  8
0
 10
314.861993
 20
175.582031
 42
0.178556
  0
VERTEX
  8
0
 10
315.000000
 20
175.956163
 42
0.331012
  0
VERTEX
  8
0
 10
314.480685
 20
176.654648
 42
0.055445
  0
VERTEX
  8
0
 10
312.734250
 20
176.974934
 42
0.052996
  0
VERTEX
  8
0
 10
310.815400
 20
176.907188
 42
0.162461
  0
SEQEND
  0
POLYLINE
  8
0
 66
1
 70
1
  0
VERTEX
  8
0
 10
320.666667
 20
176.333333
 42
0.112380
  0
VERTEX
  8
0
 10
320.409196
 20
175.924097
 42
0.029781
  0
VERTEX
  8
0
 10
320.195833
 20
175.177083
 42
0.028659
  0
VERTEX
  8
0
 10
320.049067
 20
174.275476
 42
0.026022
  0
VERTEX
  8
0
 10
320.000000
 20
173.333333
 42
0.053608
  0
VERTEX
  8
0
 10
320.125038
 20
172.170465
 42
0.155554
  0
VERTEX
  8
0
 10
320.524180
 20
171.477952
 42
0.142997
  0
VERTEX
  8
0
 10
321.275615
 20
171.110106
 42
0.042817
  0
VERTEX
  8
0
 10
322.559017
 20
171.000000
 42
-0.034002
  0
VERTEX
  8
0
 10
323.555082
 20
170.932184
 42
-0.090659
  0
VERTEX
  8
0
 10
324.229286
 20
170.711166
 42
-0.185794
  0
VERTEX
  8
0
 10
324.519309
 20
170.370859
 42
-0.226763
  0
VERTEX
  8
0
 10
324.474860
 20
169.959323
 42
-0.147960
  0
VERTEX
  8
0
 10
324.078090
 20
169.608910
 42
-0.071200
  0
VERTEX
  8
0
 10
323.421053
 20
169.414639
 42
-0.061078
  0
VERTEX
  8
0
 10
322.619050
 20
169.395930
 42
-0.052210
  0
VERTEX
  8
0
 10
321.790614
 20
169.566457
 42
0.023277
  0
VERTEX
  8
0
 10
320.906721
 20
169.802336
 42
0.135994
  0
VERTEX
  8
0
 10
320.430747
 20
169.775611
 42
0.356100
  0
VERTEX
  8
0
 10
320.281871
 20
169.538245
 42
0.107804
  0
VERTEX
  8
0
 10
320.433788
 20
169.107134
 42
0.122013
  0
VERTEX
  8
0
 10
320.868428
 20
168.681953
 42
0.047814
  0
VERTEX
  8
0
 10
321.634075
 20
168.325221
 42
0.043656
  0
VERTEX
  8
0
 10
322.574486
 20
168.081880
 42
0.041511
  0
VERTEX
  8
0
 10
323.559017
 20
168.000000
 42
0.062420
  0
VERTEX
  8
0
 10
324.920538
 20
168.170636
 42
0.209074
  0
VERTEX
  8
0
 10
325.614390
 20
168.710880
 42
0.111917
  0
VERTEX
  8
0
 10
325.931880
 20
169.839967
 42
0.012802
  0
VERTEX
  8
0
 10
326.000000
 20
172.500000
 42
0.013018
  0
VERTEX
  8
0
 10
325.931735
 20
175.121486
 42
0.106976
  0
VERTEX
  8
0
 10
325.620370
 20
176.267857
 42
0.205968
  0
VERTEX
  8
0
 10
324.946556
 20
176.819678
 42
0.070098
  0
VERTEX
  8
0
 10
323.666667
 20
177.000000
 42
0.026022
  0
VERTEX
  8
0
 10
322.724524
 20
176.950933
 42
0.028659
  0
VERTEX
  8
0
 10
321.822917
 20
176.804167
 42
0.029781
  0
VERTEX
  8
0
 10
321.075903
 20
176.590804
 42
0.112380
  0
SEQEND
  0
POLYLINE
  8
0
 66
1
 70
1
  0
VERTEX
  8
0
 10
324.324110
 20
174.597766
 42
-0.083866
  0
VERTEX
  8
0
 10
324.528228
 20
173.585970
 42
-0.139064
  0
VERTEX
  8
0
 10
324.318827
 20
172.747118
 42
-0.153921
  0
VERTEX
  8
0
 10
323.723232
 20
172.198496
 42
-0.110173
  0
VERTEX
  8
0
 10
322.833333
 20
172.000000
 42
-0.219986
  0
VERTEX
  8
0
 10
322.514420
 20
172.147449
 42
-0.077620
  0
VERTEX
  8
0
 10
322.244792
 20
172.587500
 42
-0.059018
  0
VERTEX
  8
0
 10
322.061007
 20
173.234190
 42
-0.039769
  0
VERTEX
  8
0
 10
322.000000
 20
174.000000
 42
-0.080670
  0
VERTEX
  8
0
 10
322.217788
 20
175.341089
 42
-0.254562
  0
VERTEX
  8
0
 10
322.861742
 20
175.941332
 42
-0.281425
  0
VERTEX
  8
0
 10
323.655601
 20
175.698443
 42
-0.089945
  0
SEQEND
  0
POLYLINE
  8
0
 66
1
 70
1
  0
VERTEX
  8
0
 10
335.157895
 20
162.000000
 42
0.017491
  0
VERTEX
  8
0
 10
335.189089
 20
161.108560
 42
0.078554
  0
VERTEX
  8
0
 10
335.306058
 20
160.601562
 42
0.447206
  0
VERTEX
  8
0
 10
335.474999
 20
160.540618
 42
0.174857
  0
VERTEX
  8
0
 10
335.662281
 20
160.750000
 42
0.057986
  0
VERTEX
  8
0
 10
335.818615
 20
161.320008
 42
0.037979
  0
VERTEX
  8
0
 10
335.870340
 20
162.000000
 42
0.037979
  0
VERTEX
  8
0
 10
335.818615
 20
162.679992
 42
0.057986
  0
VERTEX
  8
0
 10
335.662281
 20
163.250000
 42
0.174857
  0
VERTEX
  8
0
 10
335.474999
 20
163.459382
 42
0.447206
  0
VERTEX
  8
0
 10
335.306058
 20
163.398438
 42
0.078554
  0
VERTEX
  8
0
 10
335.189089
 20
162.891440
 42
0.017491
  0
SEQEND
  0
POLYLINE
  8
0
 66
1
 70
1
  0
VERTEX
  8
0
 10
215.653057
 20
159.250000
 42
0.517225
  0
VERTEX
  8
0
 10
215.769330
 20
158.974751
 42
0.029616
  0
VERTEX
  8
0
 10
216.839230
 20
158.805136
 42
0.025311
  0
VERTEX
  8
0
 10
218.398213
 20
158.731187
 42
0.013184
  0
VERTEX
  8
0
 10
220.344040
 20
158.788761
 42
0.002307
  0
VERTEX
  8
0
 10
226.159131
 20
159.141353
 42
0.086739
  0
VERTEX
  8
0
 10
227.434854
 20
159.451135
 42
0.797403
  0
VERTEX
  8
0
 10
227.381959
 20
159.731033
 42
0.004339
  0
VERTEX
  8
0
 10
222.809017
 20
159.863818
 42
0.010596
  0
VERTEX
  8
0
 10
220.211367
 20
159.861631
 42
0.015885
  0
VERTEX
  8
0
 10
217.946923
 20
159.739684
 42
0.010774
  0
VERTEX
  8
0
 10
216.105964
 20
159.541734
 42
0.225500
  0
SEQEND
  0
POLYLINE
  8
0
 66
1
 70
1
  0
VERTEX
  8
0
 10
218.727696
 20
143.278268
 42
0.020120
  0
VERTEX
  8
0
 10
220.234338
 20
143.152063
 42
0.010546
  0
VERTEX
  8
0
 10
222.115370
 20
143.110215
 42
0.010474
  0
VERTEX
  8
0
 10
224.048239
 20
143.148479
 42
0.015806
  0
VERTEX
  8
0
 10
225.727696
 20
143.270202
 42
0.062969
  0
VERTEX
  8
0
 10
226.351289
 20
143.416037
 42
0.785070
  0
VERTEX
  8
0
 10
226.335636
 20
143.550546
 42
0.026082
  0
VERTEX
  8
0
 10
225.006031
 20
143.645979
 42
0.004587
  0
VERTEX
  8
0
 10
222.500000
 20
143.671860
 42
0.004873
  0
VERTEX
  8
0
 10
219.985512
 20
143.650253
 42
0.021409
  0
VERTEX
  8
0
 10
218.504386
 20
143.559569
 42
0.613017
  0
VERTEX
  8
0
 10
218.451620
 20
143.422293
 42
0.180442
  0
SEQEND
  0
POLYLINE
  8
0
 66
1
 70
1
  0
VERTEX
  8
0
 10
393.000000
 20
140.826807
 42
0.256148
  0
VERTEX
  8
0
 10
393.174221
 20
140.509042
 42
0.062173
  0
VERTEX
  8
0
 10
393.734375
 20
140.242875
 42
0.048525
  0
VERTEX
  8
0
 10
394.542277
 20
140.060153
 42
0.031373
  0
VERTEX
  8
0
 10
395.500000
 20
140.000000
 42
-0.093656
  0
VERTEX
  8
0
 10
396.948613
 20
139.726255
 42
-0.227396
  0
VERTEX
  8
0
 10
397.671875
 20
138.950000
 42
-0.071364
  0
VERTEX
  8
0
 10
397.953338
 20
137.210294
 42
-0.004478
  0
VERTEX
  8
0
 10
398.000000
 20
132.000000
 42
-0.004478
  0
VERTEX
  8
0
 10
397.953338
 20
126.789706
 42
-0.071364
  0
VERTEX
  8
0
 10
397.671875
 20
125.050000
 42
-0.227396
  0
VERTEX
  8
0
 10
396.948613
 20
124.273745
 42
-0.093656
  0
VERTEX
  8
0
 10
395.500000
 20
124.000000
 42
0.031373
  0
VERTEX
  8
0
 10
394.542277
 20
123.939847
 42
0.048525
  0
VERTEX
  8
0
 10
393.734375
 20
123.757125
 42
0.062173
  0
VERTEX
  8
0
 10
393.174221
 20
123.490958
 42
0.256148
  0
VERTEX
  8
0
 10
393.000000
 20
123.173193
 42
0.314934
  0
VERTEX
  8
0
 10
393.202007
 20
122.884290
 42
0.055623
  0
VERTEX
  8
0
 10
393.881250
 20
122.718600
 42
0.042928
  0
VERTEX
  8
0
 10
394.850015
 20
122.677574
 42
0.025568
  0
VERTEX
  8
0
 10
396.000000
 20
122.786692
 42
0.000000
  0
VERTEX
  8
0
 10
399.000000
 20
123.226999
 42
0.000000
  0
VERTEX
  8
0
 10
399.000000
 20
132.000000
 42
0.000000
  0
VERTEX
  8
0
 10
399.000000
 20
140.773001
 42
0.000000
  0
VERTEX
  8
0
 10
396.000000
 20
141.213308
 42
0.025568
  0
VERTEX
  8
0
 10
394.850015
 20
141.322426
 42
0.042928
  0
VERTEX
  8
0
 10
393.881250
 20
141.281400
 42
0.055623
  0
VERTEX
  8
0
 10
393.202007
 20
141.115710
 42
0.314934
  0
SEQEND
  0
POLYLINE
  8
0
 66
1
 70
1
  0
VERTEX
  8
0
 10
231.750000
 20
140.251794
 42
0.002921
  0
VERTEX
  8
0
 10
239.147513
 20
140.157845
 42
0.001714
  0
VERTEX
  8
0
 10
248.000000
 20
140.127493
 42
0.001714
  0
VERTEX
  8
0
 10
256.852487
 20
140.157845
 42
0.002921
  0
VERTEX
  8
0
 10
264.250000
 20
140.251794
 42
0.018998
  0
VERTEX
  8
0
 10
266.183617
 20
140.361224
 42
0.945007
  0
VERTEX
  8
0
 10
266.179688
 20
140.464613
 42
0.003865
  0
VERTEX
  8
0
 10
259.654405
 20
140.535168
 42
0.000771
  0
VERTEX
  8
0
 10
248.000000
 20
140.553131
 42
0.000771
  0
VERTEX
  8
0
 10
236.345595
 20
140.535168
 42
0.003865
  0
VERTEX
  8
0
 10
229.820312
 20
140.464613
 42
0.945007
  0
VERTEX
  8
0
 10
229.816383
 20
140.361224
 42
0.018998
  0
SEQEND
  0
POLYLINE
  8
0
 66
1
 70
1
  0
VERTEX
  8
0
 10
375.222506
 20
137.443296
 42
0.026292
  0
VERTEX
  8
0
 10
374.371716
 20
136.778092
 42
0.031994
  0
VERTEX
  8
0
 10
373.652861
 20
136.066781
 42
0.033625
  0
VERTEX
  8
0
 10
373.141558
 20
135.407268
 42
0.149156
  0
VERTEX
  8
0
 10
373.000000
 20
134.943296
 42
0.411523
  0
VERTEX
  8
0
 10
373.176876
 20
134.764786
 42
0.124453
  0
VERTEX
  8
0
 10
373.587500
 20
134.864593
 42
0.052632
  0
VERTEX
  8
0
 10
374.231181
 20
135.296728
 42
0.022252
  0
VERTEX
  8
0
 10
375.000000
 20
136.000000
 42
-0.067706
  0
VERTEX
  8
0
 10
376.257284
 20
136.956177
 42
-0.063468
  0
VERTEX
  8
0
 10
377.751619
 20
137.567329
 42
-0.047111
  0
VERTEX
  8
0
 10
379.715895
 20
137.899063
 42
-0.018290
  0
VERTEX
  8
0
 10
382.474320
 20
138.000000
 42
-0.013313
  0
VERTEX
  8
0
 10
385.739529
 20
137.913046
 42
-0.086297
  0
VERTEX
  8
0
 10
387.337820
 20
137.546538
 42
-0.129673
  0
VERTEX
  8
0
 10
388.410515
 20
136.721739
 42
-0.045068
  0
VERTEX
  8
0
 10
389.467243
 20
135.063345
 42
-0.038037
  0
VERTEX
  8
0
 10
390.000743
 20
133.805752
 42
-0.035834
  0
VERTEX
  8
0
 10
390.350310
 20
132.456663
 42
-0.037911
  0
VERTEX
  8
0
 10
390.482517
 20
131.215460
 42
-0.093277
  0
VERTEX
  8
0
 10
390.340923
 20
130.313345
 42
-0.053276
  0
VERTEX
  8
0
 10
389.443822
 20
128.447417
 42
-0.047717
  0
VERTEX
  8
0
 10
388.143602
 20
126.736947
 42
-0.051601
  0
VERTEX
  8
0
 10
386.818134
 20
125.568887
 42
-0.301906
  0
VERTEX
  8
0
 10
385.935451
 20
125.539893
 42
0.115717
  0
VERTEX
  8
0
 10
385.587257
 20
125.656506
 42
0.100461
  0
VERTEX
  8
0
 10
385.203818
 20
125.615129
 42
0.093305
  0
VERTEX
  8
0
 10
384.843865
 20
125.421367
 42
0.084535
  0
VERTEX
  8
0
 10
384.564335
 20
125.104097
 42
0.181055
  0
VERTEX
  8
0
 10
384.500814
 20
124.783067
 42
0.240127
  0
VERTEX
  8
0
 10
384.674507
 20
124.546937
 42
0.120288
  0
VERTEX
  8
0
 10
385.110573
 20
124.446753
 42
0.043885
  0
VERTEX
  8
0
 10
385.745237
 20
124.511274
 42
-0.017366
  0
VERTEX
  8
0
 10
386.609403
 20
124.645681
 42
-0.007079
  0
VERTEX
  8
0
 10
387.792351
 20
124.770840
 42
-0.006994
  0
VERTEX
  8
0
 10
389.068609
 20
124.869645
 42
-0.008865
  0
VERTEX
  8
0
 10
390.250000
 20
124.923489
 42
0.038781
  0
VERTEX
  8
0
 10
391.508168
 20
125.056515
 42
0.101849
  0
VERTEX
  8
0
 10
392.344931
 20
125.396429
 42
0.141274
  0
VERTEX
  8
0
 10
392.819310
 20
125.958208
 42
0.107741
  0
VERTEX
  8
0
 10
392.984687
 20
126.750000
 42
0.012258
  0
VERTEX
  8
0
 10
392.952752
 20
127.709671
 42
0.316514
  0
VERTEX
  8
0
 10
392.799661
 20
127.902565
 42
0.321396
  0
VERTEX
  8
0
 10
392.568858
 20
127.822199
 42
0.012468
  0
VERTEX
  8
0
 10
392.039060
 20
127.028960
 42
-0.063267
  0
VERTEX
  8
0
 10
391.623628
 20
126.525900
 42
-0.096837
  0
VERTEX
  8
0
 10
391.146203
 20
126.225861
 42
-0.126842
  0
VERTEX
  8
0
 10
390.685257
 20
126.172304
 42
-0.163620
  0
VERTEX
  8
0
 10
390.305945
 20
126.360721
 42
-0.172967
  0
VERTEX
  8
0
 10
390.117551
 20
126.757949
 42
-0.110341
  0
VERTEX
  8
0
 10
390.179130
 20
127.270870
 42
-0.084544
  0
VERTEX
  8
0
 10
390.487818
 20
127.825376
 42
-0.058050
  0
VERTEX
  8
0
 10
391.001572
 20
128.331761
 42
0.119468
  0
VERTEX
  8
0
 10
391.642519
 20
129.139478
 42
0.044935
  0
VERTEX
  8
0
 10
392.131628
 20
130.508377
 42
0.036682
  0
VERTEX
  8
0
 10
392.460305
 20
132.314360
 42
0.021745
  0
VERTEX
  8
0
 10
392.598640
 20
134.500000
 42
0.006457
  0
VERTEX
  8
0
 10
392.610883
 20
136.297249
 42
0.027402
  0
VERTEX
  8
0
 10
392.545462
 20
137.370313
 42
0.525601
  0
VERTEX
  8
0
 10
392.418059
 20
137.437823
 42
0.230579
  0
VERTEX
  8
0
 10
392.279089
 20
137.250000
 42
-0.042151
  0
VERTEX
  8
0
 10
392.042606
 20
136.388889
 42
-0.055546
  0
VERTEX
  8
0
 10
391.678994
 20
135.660937
 42
-0.067626
  0
VERTEX
  8
0
 10
391.251317
 20
135.162631
 42
-0.183644
  0
VERTEX
  8
0
 10
390.823460
 20
135.000000
 42
-0.157518
  0
VERTEX
  8
0
 10
390.472871
 20
135.113259
 42
-0.152002
  0
VERTEX
  8
0
 10
390.248746
 20
135.411680
 42
-0.112536
  0
VERTEX
  8
0
 10
390.194816
 20
135.865277
 42
-0.065247
  0
VERTEX
  8
0
 10
390.323815
 20
136.401464
 42
0.442105
  0
VERTEX
  8
0
 10
389.448786
 20
138.140715
 42
0.050856
  0
VERTEX
  8
0
 10
384.596912
 20
138.976094
 42
0.045608
  0
VERTEX
  8
0
 10
378.934624
 20
138.849960
 42
0.125043
  0
SEQEND
  0
POLYLINE
  8
0
 66
1
 70
1
  0
VERTEX
  8
0
 10
248.777246
 20
129.307310
 42
0.072252
  0
VERTEX
  8
0
 10
248.602513
 20
128.792585
 42
0.009203
  0
VERTEX
  8
0
 10
248.410329
 20
127.635585
 42
0.010624
  0
VERTEX
  8
0
 10
248.235663
 20
126.244995
 42
0.008659
  0
VERTEX
  8
0
 10
248.106192
 20
124.750000
 42
0.016704
  0
VERTEX
  8
0
 10
248.021175
 20
122.367334
 42
0.184856
  0
VERTEX
  8
0
 10
248.354030
 20
121.491863
 42
0.194152
  0
VERTEX
  8
0
 10
249.178220
 20
121.085207
 42
0.018708
  0
VERTEX
  8
0
 10
251.454767
 20
121.000000
 42
0.051634
  0
VERTEX
  8
0
 10
253.987122
 20
121.262211
 42
0.194709
  0
VERTEX
  8
0
 10
255.285783
 20
122.133543
 42
0.175733
  0
VERTEX
  8
0
 10
255.689470
 20
123.732397
 42
0.040899
  0
VERTEX
  8
0
 10
255.179129
 20
126.500000
 42
0.042936
  0
VERTEX
  8
0
 10
254.654631
 20
127.937224
 42
0.091148
  0
VERTEX
  8
0
 10
253.971270
 20
128.899446
 42
0.101317
  0
VERTEX
  8
0
 10
253.042503
 20
129.494133
 42
0.062445
  0
VERTEX
  8
0
 10
251.778373
 20
129.807310
 42
0.030491
  0
VERTEX
  8
0
 10
250.756782
 20
129.865766
 42
0.040343
  0
VERTEX
  8
0
 10
249.828623
 20
129.787200
 42
0.045438
  0
VERTEX
  8
0
 10
249.107187
 20
129.598445
 42
0.190393
  0
SEQEND
  0
POLYLINE
  8
0
 66
1
 70
1
  0
VERTEX
  8
0
 10
253.500000
 20
127.000000
 42
-0.088250
  0
VERTEX
  8
0
 10
253.157656
 20
126.617164
 42
-0.053305
  0
VERTEX
  8
0
 10
252.640225
 20
126.293750
 42
-0.051278
  0
VERTEX
  8
0
 10
252.038022
 20
126.074167
 42
-0.061875
  0
VERTEX
  8
0
 10
251.440983
 20
126.000000
 42
-0.067639
  0
VERTEX
  8
0
 10
250.890182
 20
126.074854
 42
-0.084330
  0
VERTEX
  8
0
 10
250.423289
 20
126.293750
 42
-0.099650
  0
VERTEX
  8
0
 10
250.111069
 20
126.618660
 42
-0.142666
  0
VERTEX
  8
0
 10
250.000000
 20
127.000000
 42
-0.195654
  0
VERTEX
  8
0
 10
250.155423
 20
127.381985
 42
-0.086673
  0
VERTEX
  8
0
 10
250.604836
 20
127.706250
 42
-0.066561
  0
VERTEX
  8
0
 10
251.270941
 20
127.926392
 42
-0.046600
  0
VERTEX
  8
0
 10
252.059017
 20
128.000000
 42
-0.047867
  0
VERTEX
  8
0
 10
252.804599
 20
127.928459
 42
-0.104212
  0
VERTEX
  8
0
 10
253.331650
 20
127.706250
 42
-0.181468
  0
VERTEX
  8
0
 10
253.558599
 20
127.378123
 42
-0.202618
  0
SEQEND
  0
POLYLINE
  8
0
 66
1
 70
1
  0
VERTEX
  8
0
 10
254.000000
 20
123.000000
 42
-0.191087
  0
VERTEX
  8
0
 10
253.848523
 20
122.618118
 42
-0.088204
  0
VERTEX
  8
0
 10
253.412500
 20
122.293750
 42
-0.068025
  0
VERTEX
  8
0
 10
252.765418
 20
122.073693
 42
-0.048028
  0
VERTEX
  8
0
 10
252.000000
 20
122.000000
 42
-0.048028
  0
VERTEX
  8
0
 10
251.234582
 20
122.073693
 42
-0.068025
  0
VERTEX
  8
0
 10
250.587500
 20
122.293750
 42
-0.088204
  0
VERTEX
  8
0
 10
250.151477
 20
122.618118
 42
-0.191087
  0
VERTEX
  8
0
 10
250.000000
 20
123.000000
 42
-0.191087
  0
VERTEX
  8
0
 10
250.151477
 20
123.381882
 42
-0.088204
  0
VERTEX
  8
0
 10
250.587500
 20
123.706250
 42
-0.068025
  0
VERTEX
  8
0
 10
251.234582
 20
123.926307
 42
-0.048028
  0
VERTEX
  8
0
 10
252.000000
 20
124.000000
 42
-0.048028
  0
VERTEX
  8
0
 10
252.765418
 20
123.926307
 42
-0.068025
  0
VERTEX
  8
0
 10
253.412500
 20
123.706250
 42
-0.088204
  0
VERTEX
  8
0
 10
253.848523
 20
123.381882
 42
-0.191087
  0
SEQEND
  0
POLYLINE
  8
0
 66
1
 70
1
  0
VERTEX
  8
0
 10
258.195209
 20
125.328208
 42
0.014791
  0
VERTEX
  8
0
 10
258.440875
 20
122.742583
 42
0.089386
  0
VERTEX
  8
0
 10
258.840829
 20
121.461481
 42
0.167246
  0
VERTEX
  8
0
 10
259.542764
 20
120.796371
 42
0.089135
  0
VERTEX
  8
0
 10
260.715500
 20
120.497869
 42
0.035317
  0
VERTEX
  8
0
 10
261.657974
 20
120.497081
 42
0.028919
  0
VERTEX
  8
0
 10
262.657518
 20
120.625309
 42
0.029835
  0
VERTEX
  8
0
 10
263.566115
 20
120.852539
 42
0.065266
  0
VERTEX
  8
0
 10
264.215500
 20
121.154348
 42
0.111702
  0
VERTEX
  8
0
 10
264.560190
 20
121.500760
 42
0.422180
  0
VERTEX
  8
0
 10
264.495381
 20
121.767284
 42
0.114887
  0
VERTEX
  8
0
 10
263.951868
 20
121.938117
 42
0.017520
  0
VERTEX
  8
0
 10
262.809017
 20
121.984687
 42
-0.068819
  0
VERTEX
  8
0
 10
261.041688
 20
122.239353
 42
-0.090389
  0
VERTEX
  8
0
 10
259.584490
 20
122.962807
 42
-0.319499
  0
VERTEX
  8
0
 10
259.364000
 20
123.648318
 42
-0.294605
  0
VERTEX
  8
0
 10
259.940983
 20
124.125000
 42
0.006465
  0
VERTEX
  8
0
 10
261.608583
 20
124.343732
 42
0.039075
  0
VERTEX
  8
0
 10
262.459264
 20
124.535267
 42
0.069728
  0
VERTEX
  8
0
 10
263.036300
 20
124.806080
 42
0.051888
  0
VERTEX
  8
0
 10
263.583333
 20
125.250000
 42
0.256082
  0
VERTEX
  8
0
 10
263.665498
 20
125.531483
 42
0.220083
  0
VERTEX
  8
0
 10
263.476562
 20
125.779687
 42
0.089022
  0
VERTEX
  8
0
 10
262.948593
 20
125.948417
 42
0.032949
  0
VERTEX
  8
0
 10
262.166667
 20
126.000000
 42
-0.044202
  0
VERTEX
  8
0
 10
261.337265
 20
126.073466
 42
-0.064016
  0
VERTEX
  8
0
 10
260.636458
 20
126.293750
 42
-0.083831
  0
VERTEX
  8
0
 10
260.162454
 20
126.617811
 42
-0.203711
  0
VERTEX
  8
0
 10
260.000000
 20
127.000000
 42
-0.230178
  0
VERTEX
  8
0
 10
260.186221
 20
127.383082
 42
-0.073461
  0
VERTEX
  8
0
 10
260.751711
 20
127.706250
 42
-0.055981
  0
VERTEX
  8
0
 10
261.579009
 20
127.926934
 42
-0.037227
  0
VERTEX
  8
0
 10
262.559017
 20
128.000000
 42
0.035659
  0
VERTEX
  8
0
 10
263.520664
 20
128.068671
 42
0.083483
  0
VERTEX
  8
0
 10
264.205217
 20
128.287316
 42
0.165100
  0
VERTEX
  8
0
 10
264.521766
 20
128.615199
 42
0.253782
  0
VERTEX
  8
0
 10
264.500000
 20
129.000000
 42
0.148113
  0
VERTEX
  8
0
 10
264.063012
 20
129.385699
 42
0.039793
  0
VERTEX
  8
0
 10
263.183505
 20
129.706250
 42
0.036681
  0
VERTEX
  8
0
 10
262.078309
 20
129.926411
 42
0.030835
  0
VERTEX
  8
0
 10
260.886192
 20
130.000000
 42
0.033884
  0
VERTEX
  8
0
 10
259.053564
 20
129.875665
 42
0.232225
  0
VERTEX
  8
0
 10
258.324505
 20
129.385570
 42
0.137842
  0
VERTEX
  8
0
 10
258.058897
 20
128.339396
 42
0.009956
  0
SEQEND
  0
POLYLINE
  8
0
 66
1
 70
1
  0
VERTEX
  8
0
 10
266.000000
 20
125.500000
 42
0.012019
  0
VERTEX
  8
0
 10
266.070062
 20
122.585728
 42
0.153777
  0
VERTEX
  8
0
 10
266.443386
 20
121.573188
 42
0.206648
  0
VERTEX
  8
0
 10
267.287423
 20
121.106774
 42
0.024324
  0
VERTEX
  8
0
 10
269.480948
 20
121.000000
 42
0.028039
  0
VERTEX
  8
0
 10
271.316914
 20
121.103040
 42
0.105465
  0
VERTEX
  8
0
 10
272.404604
 20
121.466244
 42
0.137326
  0
VERTEX
  8
0
 10
273.091863
 20
122.181531
 42
0.061720
  0
VERTEX
  8
0
 10
273.565979
 20
123.406859
 42
0.091148
  0
VERTEX
  8
0
 10
273.728760
 20
125.942418
 42
0.123526
  0
VERTEX
  8
0
 10
272.915983
 20
128.079102
 42
0.131302
  0
VERTEX
  8
0
 10
271.239664
 20
129.492162
 42
0.110263
  0
VERTEX
  8
0
 10
268.964816
 20
130.000000
 42
0.037348
  0
VERTEX
  8
0
 10
267.191940
 20
129.867386
 42
0.212855
  0
VERTEX
  8
0
 10
266.414712
 20
129.370550
 42
0.134267
  0
VERTEX
  8
0
 10
266.068434
 20
128.310136
 42
0.012174
  0
SEQEND
  0
POLYLINE
  8
0
 66
1
 70
1
  0
VERTEX
  8
0
 10
271.500000
 20
125.000000
 42
-0.054239
  0
VERTEX
  8
0
 10
271.384440
 20
123.937852
 42
-0.085284
  0
VERTEX
  8
0
 10
271.038986
 20
123.089983
 42
-0.100563
  0
VERTEX
  8
0
 10
270.482254
 20
122.501297
 42
-0.106041
  0
VERTEX
  8
0
 10
269.750000
 20
122.190371
 42
-0.100057
  0
VERTEX
  8
0
 10
268.899296
 20
122.198194
 42
-0.204036
  0
VERTEX
  8
0
 10
268.362261
 20
122.574492
 42
-0.115792
  0
VERTEX
  8
0
 10
268.075836
 20
123.420352
 42
-0.023990
  0
VERTEX
  8
0
 10
268.000000
 20
125.000000
 42
-0.023990
  0
VERTEX
  8
0
 10
268.075836
 20
126.579648
 42
-0.115792
  0
VERTEX
  8
0
 10
268.362261
 20
127.425508
 42
-0.204036
  0
VERTEX
  8
0
 10
268.899296
 20
127.801806
 42
-0.100057
  0
VERTEX
  8
0
 10
269.750000
 20
127.809629
 42
-0.106041
  0
VERTEX
  8
0
 10
270.482254
 20
127.498703
 42
-0.100563
  0
VERTEX
  8
0
 10
271.038986
 20
126.910017
 42
-0.085284
  0
VERTEX
  8
0
 10
271.384440
 20
126.062148
 42
-0.054239
  0
SEQEND
  0
POLYLINE
  8
0
 66
1
 70
1
  0
VERTEX
  8
0
 10
275.427778
 20
125.500000
 42
0.016297
  0
VERTEX
  8
0
 10
275.488814
 20
123.774955
 42
0.026590
  0
VERTEX
  8
0
 10
275.665686
 20
122.321875
 42
0.024883
  0
VERTEX
  8
0
 10
275.914048
 20
121.231964
 42
0.336111
  0
VERTEX
  8
0
 10
276.220135
 20
121.000000
 42
0.185001
  0
VERTEX
  8
0
 10
276.517856
 20
121.114062
 42
0.090147
  0
VERTEX
  8
0
 10
276.770915
 20
121.440625
 42
0.070000
  0
VERTEX
  8
0
 10
276.942436
 20
121.926009
 42
0.050018
  0
VERTEX
  8
0
 10
277.000000
 20
122.500000
 42
-0.099038
  0
VERTEX
  8
0
 10
277.114514
 20
123.072457
 42
-0.097945
  0
VERTEX
  8
0
 10
277.440625
 20
123.559375
 42
-0.097945
  0
VERTEX
  8
0
 10
277.927543
 20
123.885486
 42
-0.099038
  0
VERTEX
  8
0
 10
278.500000
 20
124.000000
 42
-0.095012
  0
VERTEX
  8
0
 10
279.072549
 20
123.890211
 42
-0.096907
  0
VERTEX
  8
0
 10
279.559375
 20
123.576711
 42
-0.098834
  0
VERTEX
  8
0
 10
279.885271
 20
123.108867
 42
-0.103216
  0
VERTEX
  8
0
 10
280.000000
 20
122.559017
 42
0.119719
  0
VERTEX
  8
0
 10
280.263472
 20
121.474412
 42
0.098045
  0
VERTEX
  8
0
 10
281.008320
 20
120.538239
 42
0.124524
  0
VERTEX
  8
0
 10
281.911911
 20
120.095622
 42
0.253509
  0
VERTEX
  8
0
 10
282.647551
 20
120.314218
 42
0.205112
  0
VERTEX
  8
0
 10
282.777973
 20
120.640009
 42
0.046399
  0
VERTEX
  8
0
 10
282.707108
 20
121.245233
 42
0.040762
  0
VERTEX
  8
0
 10
282.486169
 20
121.983547
 42
0.029796
  0
VERTEX
  8
0
 10
282.127824
 20
122.761158
 42
-0.041689
  0
VERTEX
  8
0
 10
281.721244
 20
123.701588
 42
-0.085679
  0
VERTEX
  8
0
 10
281.598724
 20
124.491944
 42
-0.104736
  0
VERTEX
  8
0
 10
281.755006
 20
125.172084
 42
-0.087933
  0
VERTEX
  8
0
 10
282.179587
 20
125.779587
 42
0.161313
  0
VERTEX
  8
0
 10
282.901617
 20
127.216887
 42
0.210428
  0
VERTEX
  8
0
 10
282.514619
 20
128.619865
 42
0.145784
  0
VERTEX
  8
0
 10
281.001602
 20
129.649027
 42
0.077099
  0
VERTEX
  8
0
 10
278.739028
 20
130.000000
 42
0.027404
  0
VERTEX
  8
0
 10
276.673405
 20
129.886703
 42
0.209704
  0
VERTEX
  8
0
 10
275.850876
 20
129.412466
 42
0.148387
  0
VERTEX
  8
0
 10
275.488949
 20
128.388492
 42
0.011976
  0
SEQEND
  0
POLYLINE
  8
0
 66
1
 70
1
  0
VERTEX
  8
0
 10
280.500000
 20
127.000000
 42
-0.088250
  0
VERTEX
  8
0
 10
280.157656
 20
126.617164
 42
-0.053305
  0
VERTEX
  8
0
 10
279.640225
 20
126.293750
 42
-0.051278
  0
VERTEX
  8
0
 10
279.038022
 20
126.074167
 42
-0.061875
  0
VERTEX
  8
0
 10
278.440983
 20
126.000000
 42
-0.067639
  0
VERTEX
  8
0
 10
277.890182
 20
126.074854
 42
-0.084330
  0
VERTEX
  8
0
 10
277.423289
 20
126.293750
 42
-0.099650
  0
VERTEX
  8
0
 10
277.111069
 20
126.618660
 42
-0.142666
  0
VERTEX
  8
0
 10
277.000000
 20
127.000000
 42
-0.195654
  0
VERTEX
  8
0
 10
277.155423
 20
127.381985
 42
-0.086673
  0
VERTEX
  8
0
 10
277.604836
 20
127.706250
 42
-0.066561
  0
VERTEX
  8
0
 10
278.270941
 20
127.926392
 42
-0.046600
  0
VERTEX
  8
0
 10
279.059017
 20
128.000000
 42
-0.047867
  0
VERTEX
  8
0
 10
279.804599
 20
127.928459
 42
-0.104212
  0
VERTEX
  8
0
 10
280.331650
 20
127.706250
 42
-0.181468
  0
VERTEX
  8
0
 10
280.558599
 20
127.378123
 42
-0.202618
  0
SEQEND
  0
POLYLINE
  8
0
 66
1
 70
1
  0
VERTEX
  8
0
 10
285.571429
 20
128.428571
 42
0.111347
  0
VERTEX
  8
0
 10
284.243028
 20
126.326677
 42
0.141968
  0
VERTEX
  8
0
 10
284.106653
 20
124.048399
 42
0.140911
  0
VERTEX
  8
0
 10
285.210845
 20
122.037919
 42
0.109079
  0
VERTEX
  8
0
 10
287.322442
 20
120.680645
 42
0.120081
  0
VERTEX
  8
0
 10
289.361767
 20
120.445162
 42
0.127601
  0
VERTEX
  8
0
 10
291.229536
 20
121.186599
 42
0.124555
  0
VERTEX
  8
0
 10
292.532537
 20
122.761353
 42
0.111309
  0
VERTEX
  8
0
 10
293.000000
 20
124.835184
 42
0.110303
  0
VERTEX
  8
0
 10
292.335181
 20
127.812128
 42
0.171868
  0
VERTEX
  8
0
 10
290.505717
 20
129.662029
 42
0.184532
  0
VERTEX
  8
0
 10
288.026227
 20
129.874756
 42
0.127186
  0
SEQEND
  0
POLYLINE
  8
0
 66
1
 70
1
  0
VERTEX
  8
0
 10
290.500000
 20
125.000000
 42
-0.122301
  0
VERTEX
  8
0
 10
290.075126
 20
123.288974
 42
-0.177020
  0
VERTEX
  8
0
 10
288.929330
 20
122.256127
 42
-0.228195
  0
VERTEX
  8
0
 10
287.612790
 20
122.342506
 42
-0.174274
  0
VERTEX
  8
0
 10
286.657212
 20
123.450908
 42
-0.095135
  0
VERTEX
  8
0
 10
286.363728
 20
125.094414
 42
-0.115534
  0
VERTEX
  8
0
 10
286.739343
 20
126.609376
 42
-0.144147
  0
VERTEX
  8
0
 10
287.660852
 20
127.580079
 42
-0.180762
  0
VERTEX
  8
0
 10
288.875827
 20
127.785397
 42
-0.121439
  0
VERTEX
  8
0
 10
289.533742
 20
127.482111
 42
-0.092576
  0
VERTEX
  8
0
 10
290.054158
 20
126.879730
 42
-0.077687
  0
VERTEX
  8
0
 10
290.387741
 20
126.026869
 42
-0.054498
  0
SEQEND
  0
POLYLINE
  8
0
 66
1
 70
1
  0
VERTEX
  8
0
 10
295.571429
 20
128.428571
 42
0.111347
  0
VERTEX
  8
0
 10
294.243028
 20
126.326677
 42
0.141968
  0
VERTEX
  8
0
 10
294.106653
 20
124.048399
 42
0.140911
  0
VERTEX
  8
0
 10
295.210845
 20
122.037919
 42
0.109079
  0
VERTEX
  8
0
 10
297.322442
 20
120.680645
 42
0.120081
  0
VERTEX
  8
0
 10
299.361767
 20
120.445162
 42
0.127601
  0
VERTEX
  8
0
 10
301.229536
 20
121.186599
 42
0.124555
  0
VERTEX
  8
0
 10
302.532537
 20
122.761353
 42
0.111309
  0
VERTEX
  8
0
 10
303.000000
 20
124.835184
 42
0.110303
  0
VERTEX
  8
0
 10
302.335181
 20
127.812128
 42
0.171868
  0
VERTEX
  8
0
 10
300.505717
 20
129.662029
 42
0.184532
  0
VERTEX
  8
0
 10
298.026227
 20
129.874756
 42
0.127186
  0
SEQEND
  0
POLYLINE
  8
0
 66
1
 70
1
  0
VERTEX
  8
0
 10
300.500000
 20
125.000000
 42
-0.120952
  0
VERTEX
  8
0
 10
300.051496
 20
123.173062
 42
-0.209908
  0
VERTEX
  8
0
 10
298.853544
 20
122.213171
 42
-0.242767
  0
VERTEX
  8
0
 10
297.480204
 20
122.512513
 42
-0.144119
  0
VERTEX
  8
0
 10
296.520890
 20
123.934181
 42
-0.069586
  0
VERTEX
  8
0
 10
296.225695
 20
125.670696
 42
-0.143817
  0
VERTEX
  8
0
 10
296.571466
 20
126.990439
 42
-0.183392
  0
VERTEX
  8
0
 10
297.493659
 20
127.715258
 42
-0.124038
  0
VERTEX
  8
0
 10
298.843237
 20
127.791673
 42
-0.117199
  0
VERTEX
  8
0
 10
299.520350
 20
127.486376
 42
-0.094852
  0
VERTEX
  8
0
 10
300.050229
 20
126.887974
 42
-0.079715
  0
VERTEX
  8
0
 10
300.386881
 20
126.036485
 42
-0.054407
  0
SEQEND
  0
POLYLINE
  8
0
 66
1
 70
1
  0
VERTEX
  8
0
 10
304.909091
 20
129.583333
 42
0.036508
  0
VERTEX
  8
0
 10
304.830027
 20
128.616775
 42
0.002647
  0
VERTEX
  8
0
 10
304.821080
 20
125.938173
 42
0.003735
  0
VERTEX
  8
0
 10
304.846039
 20
123.290230
 42
0.016971
  0
VERTEX
  8
0
 10
304.924404
 20
121.750000
 42
0.068266
  0
VERTEX
  8
0
 10
305.030676
 20
121.277194
 42
0.376020
  0
VERTEX
  8
0
 10
305.242456
 20
121.163128
 42
0.170499
  0
VERTEX
  8
0
 10
305.552063
 20
121.358544
 42
0.022283
  0
VERTEX
  8
0
 10
306.015313
 20
122.000000
 42
-0.025530
  0
VERTEX
  8
0
 10
306.611152
 20
122.813869
 42
-0.225667
  0
VERTEX
  8
0
 10
307.002552
 20
123.000000
 42
-0.224154
  0
VERTEX
  8
0
 10
307.395659
 20
122.814443
 42
-0.025194
  0
VERTEX
  8
0
 10
308.000000
 20
122.000000
 42
0.025512
  0
VERTEX
  8
0
 10
308.604548
 20
121.186357
 42
0.223821
  0
VERTEX
  8
0
 10
309.000000
 20
121.000000
 42
0.223821
  0
VERTEX
  8
0
 10
309.395452
 20
121.186357
 42
0.025512
  0
VERTEX
  8
0
 10
310.000000
 20
122.000000
 42
-0.025194
  0
VERTEX
  8
0
 10
310.604341
 20
122.814443
 42
-0.224154
  0
VERTEX
  8
0
 10
310.997448
 20
123.000000
 42
-0.225667
  0
VERTEX
  8
0
 10
311.388848
 20
122.813869
 42
-0.025530
  0
VERTEX
  8
0
 10
311.984687
 20
122.000000
 42
0.063397
  0
VERTEX
  8
0
 10
312.610975
 20
121.267702
 42
0.538120
  0
VERTEX
  8
0
 10
312.957703
 20
121.356497
 42
0.068747
  0
VERTEX
  8
0
 10
313.147638
 20
122.315840
 42
0.002688
  0
VERTEX
  8
0
 10
313.337891
 20
125.915700
 42
0.055818
  0
VERTEX
  8
0
 10
313.170431
 20
128.524730
 42
0.257486
  0
VERTEX
  8
0
 10
312.252613
 20
129.660549
 42
0.333622
  0
VERTEX
  8
0
 10
311.036122
 20
129.340986
 42
0.071405
  0
VERTEX
  8
0
 10
309.865829
 20
127.331282
 42
0.000000
  0
VERTEX
  8
0
 10
308.719352
 20
124.500000
 42
0.000000
  0
VERTEX
  8
0
 10
308.082093
 20
126.925861
 42
0.077297
  0
VERTEX
  8
0
 10
307.435866
 20
128.407923
 42
0.077183
  0
VERTEX
  8
0
 10
306.369799
 20
129.624573
 42
0.157133
  0
VERTEX
  8
0
 10
305.437402
 20
130.002933
 42
0.390733
  0
SEQEND
  0
POLYLINE
  8
0
 66
1
 70
1
  0
VERTEX
  8
0
 10
373.000000
 20
129.346117
 42
0.177649
  0
VERTEX
  8
0
 10
373.492479
 20
128.003762
 42
0.058499
  0
VERTEX
  8
0
 10
375.054488
 20
126.546643
 42
0.053224
  0
VERTEX
  8
0
 10
377.194105
 20
125.300303
 42
0.057037
  0
VERTEX
  8
0
 10
379.500000
 20
124.568883
 42
0.001010
  0
VERTEX
  8
0
 10
381.557622
 20
124.170631
 42
0.622975
  0
VERTEX
  8
0
 10
381.613700
 20
124.245064
 42
0.184635
  0
VERTEX
  8
0
 10
381.466162
 20
124.378979
 42
0.000611
  0
VERTEX
  8
0
 10
379.138166
 20
125.283671
 42
-0.030527
  0
VERTEX
  8
0
 10
377.749270
 20
125.921430
 42
-0.025347
  0
VERTEX
  8
0
 10
376.356097
 20
126.760680
 42
-0.026089
  0
VERTEX
  8
0
 10
375.156257
 20
127.663437
 42
-0.060631
  0
VERTEX
  8
0
 10
374.388166
 20
128.483829
 42
0.024205
  0
VERTEX
  8
0
 10
373.853319
 20
129.145535
 42
0.071819
  0
VERTEX
  8
0
 10
373.407774
 20
129.520229
 42
0.235623
  0
VERTEX
  8
0
 10
373.136578
 20
129.545533
 42
0.309618
  0
SEQEND
  0
POLYLINE
  8
0
 66
1
 70
1
  0
VERTEX
  8
0
 10
255.000000
 20
113.500000
 42
0.024942
  0
VERTEX
  8
0
 10
254.482290
 20
112.808783
 42
0.128583
  0
VERTEX
  8
0
 10
254.325424
 20
112.361364
 42
0.300026
  0
VERTEX
  8
0
 10
254.467821
 20
112.101643
 42
0.122183
  0
VERTEX
  8
0
 10
254.877555
 20
112.000000
 42
-0.237042
  0
VERTEX
  8
0
 10
255.307871
 20
111.783849
 42
-0.070564
  0
VERTEX
  8
0
 10
255.670282
 20
111.118750
 42
-0.053973
  0
VERTEX
  8
0
 10
255.918088
 20
110.148997
 42
-0.035600
  0
VERTEX
  8
0
 10
256.000000
 20
109.000000
 42
0.031626
  0
VERTEX
  8
0
 10
256.072766
 20
107.850749
 42
0.048861
  0
VERTEX
  8
0
 10
256.293750
 20
106.881250
 42
0.062710
  0
VERTEX
  8
0
 10
256.615738
 20
106.209557
 42
0.254951
  0
VERTEX
  8
0
 10
257.000000
 20
106.000000
 42
0.310520
  0
VERTEX
  8
0
 10
257.388512
 20
106.267028
 42
0.036969
  0
VERTEX
  8
0
 10
257.706250
 20
107.321875
 42
0.033738
  0
VERTEX
  8
0
 10
257.927717
 20
108.775243
 42
0.020945
  0
VERTEX
  8
0
 10
258.000000
 20
110.500000
 42
0.021992
  0
VERTEX
  8
0
 10
257.868611
 20
113.485709
 42
0.176149
  0
VERTEX
  8
0
 10
257.295700
 20
114.713218
 42
0.367839
  0
VERTEX
  8
0
 10
256.378126
 20
114.787189
 42
0.063475
  0
SEQEND
  0
POLYLINE
  8
0
 66
1
 70
1
  0
VERTEX
  8
0
 10
262.000000
 20
113.500000
 42
0.024942
  0
VERTEX
  8
0
 10
261.482290
 20
112.808783
 42
0.128583
  0
VERTEX
  8
0
 10
261.325424
 20
112.361364
 42
0.300026
  0
VERTEX
  8
0
 10
261.467821
 20
112.101643
 42
0.122183
  0
VERTEX
  8
0
 10
261.877555
 20
112.000000
 42
-0.237042
  0
VERTEX
  8
0
 10
262.307871
 20
111.783849
 42
-0.070564
  0
VERTEX
  8
0
 10
262.670282
 20
111.118750
 42
-0.053973
  0
VERTEX
  8
0
 10
262.918088
 20
110.148997
 42
-0.035600
  0
VERTEX
  8
0
 10
263.000000
 20
109.000000
 42
0.031626
  0
VERTEX
  8
0
 10
263.072766
 20
107.850749
 42
0.048861
  0
VERTEX
  8
0
 10
263.293750
 20
106.881250
 42
0.062710
  0
VERTEX
  8
0
 10
263.615738
 20
106.209557
 42
0.254951
  0
VERTEX
  8
0
 10
264.000000
 20
106.000000
 42
0.310520
  0
VERTEX
  8
0
 10
264.388512
 20
106.267028
 42
0.036969
  0
VERTEX
  8
0
 10
264.706250
 20
107.321875
 42
0.033738
  0
VERTEX
  8
0
 10
264.927717
 20
108.775243
 42
0.020945
  0
VERTEX
  8
0
 10
265.000000
 20
110.500000
 42
0.021992
  0
VERTEX
  8
0
 10
264.868611
 20
113.485709
 42
0.176149
  0
VERTEX
  8
0
 10
264.295700
 20
114.713218
 42
0.367839
  0
VERTEX
  8
0
 10
263.378126
 20
114.787189
 42
0.063475
  0
SEQEND
  0
POLYLINE
  8
0
 66
1
 70
1
  0
VERTEX
  8
0
 10
283.000000
 20
113.500000
 42
0.018775
  0
VERTEX
  8
0
 10
282.381941
 20
112.695663
 42
0.190516
  0
VERTEX
  8
0
 10
282.283175
 20
112.294007
 42
0.324600
  0
VERTEX
  8
0
 10
282.503958
 20
112.063175
 42
0.045007
  0
VERTEX
  8
0
 10
283.204362
 20
112.000000
 42
-0.148001
  0
VERTEX
  8
0
 10
283.834260
 20
111.809374
 42
-0.166161
  0
VERTEX
  8
0
 10
284.218037
 20
111.308446
 42
-0.091775
  0
VERTEX
  8
0
 10
284.345845
 20
110.410568
 42
-0.026027
  0
VERTEX
  8
0
 10
284.213308
 20
109.000000
 42
0.053847
  0
VERTEX
  8
0
 10
284.134020
 20
106.922081
 42
0.290885
  0
VERTEX
  8
0
 10
284.774110
 20
106.054423
 42
0.400662
  0
VERTEX
  8
0
 10
285.593284
 20
106.394121
 42
0.061533
  0
VERTEX
  8
0
 10
286.152424
 20
108.250000
 42
0.041323
  0
VERTEX
  8
0
 10
286.349091
 20
110.501694
 42
0.041523
  0
VERTEX
  8
0
 10
286.172181
 20
112.751361
 42
0.043238
  0
VERTEX
  8
0
 10
285.723825
 20
114.522797
 42
0.319357
  0
VERTEX
  8
0
 10
285.052894
 20
115.000000
 42
0.123851
  0
VERTEX
  8
0
 10
284.658921
 20
114.900892
 42
0.034545
  0
VERTEX
  8
0
 10
284.116554
 20
114.559375
 42
0.032608
  0
VERTEX
  8
0
 10
283.535960
 20
114.074094
 42
0.029175
  0
SEQEND
  0
POLYLINE
  8
0
 66
1
 70
1
  0
VERTEX
  8
0
 10
290.000000
 20
113.500000
 42
0.019818
  0
VERTEX
  8
0
 10
289.381410
 20
112.691490
 42
0.206329
  0
VERTEX
  8
0
 10
289.297539
 20
112.291157
 42
0.313266
  0
VERTEX
  8
0
 10
289.539364
 20
112.059835
 42
0.039029
  0
VERTEX
  8
0
 10
290.304736
 20
112.000000
 42
-0.129800
  0
VERTEX
  8
0
 10
290.998168
 20
111.816901
 42
-0.172337
  0
VERTEX
  8
0
 10
291.421725
 20
111.327264
 42
-0.098306
  0
VERTEX
  8
0
 10
291.579824
 20
110.437550
 42
-0.026448
  0
VERTEX
  8
0
 10
291.474689
 20
109.000000
 42
0.029764
  0
VERTEX
  8
0
 10
291.390683
 20
107.736284
 42
0.068747
  0
VERTEX
  8
0
 10
291.514169
 20
106.794770
 42
0.113008
  0
VERTEX
  8
0
 10
291.825827
 20
106.214323
 42
0.216538
  0
VERTEX
  8
0
 10
292.297508
 20
106.000000
 42
0.264407
  0
VERTEX
  8
0
 10
292.805035
 20
106.288561
 42
0.069037
  0
VERTEX
  8
0
 10
293.183195
 20
107.185557
 42
0.045629
  0
VERTEX
  8
0
 10
293.424954
 20
108.594575
 42
0.019685
  0
VERTEX
  8
0
 10
293.500000
 20
110.500000
 42
0.031517
  0
VERTEX
  8
0
 10
293.314753
 20
113.435932
 42
0.186142
  0
VERTEX
  8
0
 10
292.597245
 20
114.767946
 42
0.334082
  0
VERTEX
  8
0
 10
291.496663
 20
114.838235
 42
0.074387
  0
SEQEND
  0
POLYLINE
  8
0
 66
1
 70
1
  0
VERTEX
  8
0
 10
300.406149
 20
112.482090
 42
-0.049602
  0
VERTEX
  8
0
 10
300.043739
 20
111.473724
 42
-0.080692
  0
VERTEX
  8
0
 10
299.527308
 20
110.727195
 42
-0.103670
  0
VERTEX
  8
0
 10
298.907810
 20
110.305213
 42
-0.142030
  0
VERTEX
  8
0
 10
298.240841
 20
110.232090
 42
0.089623
  0
VERTEX
  8
0
 10
297.618327
 20
110.228484
 42
0.081851
  0
VERTEX
  8
0
 10
297.014670
 20
110.009569
 42
0.083342
  0
VERTEX
  8
0
 10
296.522204
 20
109.613334
 42
0.098356
  0
VERTEX
  8
0
 10
296.219863
 20
109.098358
 42
0.087944
  0
VERTEX
  8
0
 10
296.121253
 20
108.484819
 42
0.277308
  0
VERTEX
  8
0
 10
296.332721
 20
108.145335
 42
0.154590
  0
VERTEX
  8
0
 10
296.871736
 20
108.055068
 42
0.028746
  0
VERTEX
  8
0
 10
297.868476
 20
108.255355
 42
-0.058999
  0
VERTEX
  8
0
 10
298.816232
 20
108.386901
 42
-0.082407
  0
VERTEX
  8
0
 10
299.661350
 20
108.264020
 42
-0.092272
  0
VERTEX
  8
0
 10
300.351174
 20
107.893544
 42
-0.096224
  0
VERTEX
  8
0
 10
300.849606
 20
107.304255
 42
0.176556
  0
VERTEX
  8
0
 10
302.045900
 20
106.273757
 42
0.166378
  0
VERTEX
  8
0
 10
303.658990
 20
106.222387
 42
0.147466
  0
VERTEX
  8
0
 10
305.108461
 20
107.194406
 42
0.137328
  0
VERTEX
  8
0
 10
305.829108
 20
108.833148
 42
0.055095
  0
VERTEX
  8
0
 10
305.863497
 20
109.932317
 42
0.117653
  0
VERTEX
  8
0
 10
305.603445
 20
110.735750
 42
0.125423
  0
VERTEX
  8
0
 10
305.022946
 20
111.303154
 42
0.067269
  0
VERTEX
  8
0
 10
304.090356
 20
111.686622
 42
-0.042969
  0
VERTEX
  8
0
 10
303.335785
 20
111.954955
 42
-0.075656
  0
VERTEX
  8
0
 10
302.782907
 20
112.316057
 42
-0.116828
  0
VERTEX
  8
0
 10
302.510902
 20
112.706404
 42
-0.236668
  0
VERTEX
  8
0
 10
302.543272
 20
113.070016
 42
-0.141718
  0
VERTEX
  8
0
 10
302.852388
 20
113.349816
 42
-0.078803
  0
VERTEX
  8
0
 10
303.342289
 20
113.499654
 42
-0.067911
  0
VERTEX
  8
0
 10
303.931898
 20
113.501967
 42
-0.058747
  0
VERTEX
  8
0
 10
304.532025
 20
113.349337
 42
0.066643
  0
VERTEX
  8
0
 10
305.093585
 20
113.215885
 42
0.114223
  0
VERTEX
  8
0
 10
305.568782
 20
113.276674
 42
0.152290
  0
VERTEX
  8
0
 10
305.881585
 20
113.517917
 42
0.154099
  0
VERTEX
  8
0
 10
306.000000
 20
113.893011
 42
0.209083
  0
VERTEX
  8
0
 10
305.814921
 20
114.316260
 42
0.081846
  0
VERTEX
  8
0
 10
305.271222
 20
114.674822
 42
0.062345
  0
VERTEX
  8
0
 10
304.468851
 20
114.918772
 42
0.042683
  0
VERTEX
  8
0
 10
303.519052
 20
115.000000
 42
0.058711
  0
VERTEX
  8
0
 10
302.320808
 20
114.858814
 42
0.111850
  0
VERTEX
  8
0
 10
301.454770
 20
114.432595
 42
0.108521
  0
VERTEX
  8
0
 10
300.840523
 20
113.664372
 42
0.053144
  0
SEQEND
  0
POLYLINE
  8
0
 66
1
 70
1
  0
VERTEX
  8
0
 10
304.000000
 20
109.000000
 42
-0.099038
  0
VERTEX
  8
0
 10
303.923658
 20
108.618362
 42
-0.097945
  0
VERTEX
  8
0
 10
303.706250
 20
108.293750
 42
-0.097945
  0
VERTEX
  8
0
 10
303.381638
 20
108.076342
 42
-0.099038
  0
VERTEX
  8
0
 10
303.000000
 20
108.000000
 42
-0.099038
  0
VERTEX
  8
0
 10
302.618362
 20
108.076342
 42
-0.097945
  0
VERTEX
  8
0
 10
302.293750
 20
108.293750
 42
-0.097945
  0
VERTEX
  8
0
 10
302.076342
 20
108.618362
 42
-0.099038
  0
VERTEX
  8
0
 10
302.000000
 20
109.000000
 42
-0.099038
  0
VERTEX
  8
0
 10
302.076342
 20
109.381638
 42
-0.097945
  0
VERTEX
  8
0
 10
302.293750
 20
109.706250
 42
-0.097945
  0
VERTEX
  8
0
 10
302.618362
 20
109.923658
 42
-0.099038
  0
VERTEX
  8
0
 10
303.000000
 20
110.000000
 42
-0.099038
  0
VERTEX
  8
0
 10
303.381638
 20
109.923658
 42
-0.097945
  0
VERTEX
  8
0
 10
303.706250
 20
109.706250
 42
-0.097945
  0
VERTEX
  8
0
 10
303.923658
 20
109.381638
 42
-0.099038
  0
SEQEND
  0
POLYLINE
  8
0
 66
1
 70
1
  0
VERTEX
  8
0
 10
271.969221
 20
111.057510
 42
-0.070217
  0
VERTEX
  8
0
 10
272.239570
 20
110.319620
 42
-0.053622
  0
VERTEX
  8
0
 10
272.328818
 20
109.463304
 42
-0.053879
  0
VERTEX
  8
0
 10
272.234025
 20
108.612419
 42
-0.073031
  0
VERTEX
  8
0
 10
271.958789
 20
107.890844
 42
0.075234
  0
VERTEX
  8
0
 10
271.664242
 20
107.108361
 42
0.289279
  0
VERTEX
  8
0
 10
271.836097
 20
106.642412
 42
0.145240
  0
VERTEX
  8
0
 10
272.491726
 20
106.391281
 42
0.019337
  0
VERTEX
  8
0
 10
273.989568
 20
106.333333
 42
0.017843
  0
VERTEX
  8
0
 10
275.576571
 20
106.389986
 42
0.167922
  0
VERTEX
  8
0
 10
276.194657
 20
106.654305
 42
0.288601
  0
VERTEX
  8
0
 10
276.334559
 20
107.155866
 42
0.050413
  0
VERTEX
  8
0
 10
275.943282
 20
108.105978
 42
-0.042869
  0
VERTEX
  8
0
 10
275.600523
 20
108.903941
 42
-0.085860
  0
VERTEX
  8
0
 10
275.499150
 20
109.580516
 42
-0.116553
  0
VERTEX
  8
0
 10
275.638066
 20
110.114232
 42
-0.133416
  0
VERTEX
  8
0
 10
275.997296
 20
110.498329
 42
0.097471
  0
VERTEX
  8
0
 10
276.875543
 20
111.313066
 42
0.353535
  0
VERTEX
  8
0
 10
276.839333
 20
112.021403
 42
0.173864
  0
VERTEX
  8
0
 10
275.906204
 20
112.526089
 42
0.037895
  0
VERTEX
  8
0
 10
274.054014
 20
112.666667
 42
0.018917
  0
VERTEX
  8
0
 10
272.514562
 20
112.608401
 42
0.146454
  0
VERTEX
  8
0
 10
271.849688
 20
112.353194
 42
0.286938
  0
VERTEX
  8
0
 10
271.672731
 20
111.875246
 42
0.071906
  0
SEQEND
  0
POLYLINE
  8
0
 66
1
 70
1
  0
VERTEX
  8
0
 10
379.000000
 20
103.000000
 42
0.018122
  0
VERTEX
  8
0
 10
379.446431
 20
102.233921
 42
0.025446
  0
VERTEX
  8
0
 10
379.902822
 20
101.587500
 42
0.023718
  0
VERTEX
  8
0
 10
380.316932
 20
101.108693
 42
0.205392
  0
VERTEX
  8
0
 10
380.570368
 20
101.000000
 42
0.439016
  0
VERTEX
  8
0
 10
380.692263
 20
101.132581
 42
0.048507
  0
VERTEX
  8
0
 10
380.609072
 20
101.587500
 42
0.035050
  0
VERTEX
  8
0
 10
380.375169
 20
102.232522
 42
0.018363
  0
VERTEX
  8
0
 10
380.000000
 20
103.000000
 42
0.018122
  0
VERTEX
  8
0
 10
379.553569
 20
103.766079
 42
0.025446
  0
VERTEX
  8
0
 10
379.097178
 20
104.412500
 42
0.023718
  0
VERTEX
  8
0
 10
378.683068
 20
104.891307
 42
0.205392
  0
VERTEX
  8
0
 10
378.429632
 20
105.000000
 42
0.439016
  0
VERTEX
  8
0
 10
378.307737
 20
104.867419
 42
0.048507
  0
VERTEX
  8
0
 10
378.390928
 20
104.412500
 42
0.035050
  0
VERTEX
  8
0
 10
378.624831
 20
103.767478
 42
0.018363
  0
SEQEND
  0
POLYLINE
  8
0
 66
1
 70
1
  0
VERTEX
  8
0
 10
391.099797
 20
98.750000
 42
-0.003419
  0
VERTEX
  8
0
 10
388.187801
 20
94.231797
 42
-0.112807
  0
VERTEX
  8
0
 10
387.261492
 20
93.339328
 42
-0.330753
  0
VERTEX
  8
0
 10
386.397703
 20
93.423137
 42
-0.033491
  0
VERTEX
  8
0
 10
384.873971
 20
95.000000
 42
0.000000
  0
VERTEX
  8
0
 10
382.762660
 20
97.500000
 42
0.000000
  0
VERTEX
  8
0
 10
384.457317
 20
94.669212
 42
-0.031946
  0
VERTEX
  8
0
 10
385.067158
 20
93.485005
 42
-0.035023
  0
VERTEX
  8
0
 10
385.499933
 20
92.268034
 42
-0.037504
  0
VERTEX
  8
0
 10
385.715167
 20
91.187842
 42
-0.122638
  0
VERTEX
  8
0
 10
385.626915
 20
90.470139
 42
0.061501
  0
VERTEX
  8
0
 10
385.486909
 20
89.906718
 42
0.256161
  0
VERTEX
  8
0
 10
385.612460
 20
89.593130
 42
0.219591
  0
VERTEX
  8
0
 10
385.967458
 20
89.500169
 42
0.047586
  0
VERTEX
  8
0
 10
386.594056
 20
89.674466
 42
0.039402
  0
VERTEX
  8
0
 10
387.130092
 20
89.930216
 42
0.076128
  0
VERTEX
  8
0
 10
387.499973
 20
90.226822
 42
0.129451
  0
VERTEX
  8
0
 10
387.650742
 20
90.512595
 42
0.258913
  0
VERTEX
  8
0
 10
387.582600
 20
90.750734
 42
-0.303900
  0
VERTEX
  8
0
 10
387.507209
 20
91.131766
 42
-0.016082
  0
VERTEX
  8
0
 10
388.046558
 20
92.317515
 42
-0.020817
  0
VERTEX
  8
0
 10
388.836171
 20
93.760571
 42
-0.013173
  0
VERTEX
  8
0
 10
389.869294
 20
95.377195
 42
0.002568
  0
VERTEX
  8
0
 10
392.224484
 20
98.895841
 42
0.016770
  0
VERTEX
  8
0
 10
393.338366
 20
100.707820
 42
0.035352
  0
VERTEX
  8
0
 10
393.826620
 20
101.726450
 42
0.529251
  0
VERTEX
  8
0
 10
393.640576
 20
102.000000
 42
0.220822
  0
VERTEX
  8
0
 10
393.371816
 20
101.875219
 42
0.009482
  0
VERTEX
  8
0
 10
392.697271
 20
101.045312
 42
0.014690
  0
VERTEX
  8
0
 10
391.925068
 20
99.995403
 42
0.009778
  0
SEQEND
  0
POLYLINE
  8
0
 66
1
 70
1
  0
VERTEX
  8
0
 10
218.727696
 20
91.278268
 42
0.020120
  0
VERTEX
  8
0
 10
220.234338
 20
91.152063
 42
0.010546
  0
VERTEX
  8
0
 10
222.115370
 20
91.110215
 42
0.010474
  0
VERTEX
  8
0
 10
224.048239
 20
91.148479
 42
0.015806
  0
VERTEX
  8
0
 10
225.727696
 20
91.270202
 42
0.062969
  0
VERTEX
  8
0
 10
226.351289
 20
91.416037
 42
0.785070
  0
VERTEX
  8
0
 10
226.335636
 20
91.550546
 42
0.026082
  0
VERTEX
  8
0
 10
225.006031
 20
91.645979
 42
0.004587
  0
VERTEX
  8
0
 10
222.500000
 20
91.671860
 42
0.004873
  0
VERTEX
  8
0
 10
219.985512
 20
91.650253
 42
0.021409
  0
VERTEX
  8
0
 10
218.504386
 20
91.559569
 42
0.613017
  0
VERTEX
  8
0
 10
218.451620
 20
91.422293
 42
0.180442
  0
SEQEND
  0
POLYLINE
  8
0
 66
1
 70
1
  0
VERTEX
  8
0
 10
383.000000
 20
86.500000
 42
0.035237
  0
VERTEX
  8
0
 10
382.572050
 20
85.903434
 42
0.100348
  0
VERTEX
  8
0
 10
382.396714
 20
85.425778
 42
0.222750
  0
VERTEX
  8
0
 10
382.484197
 20
85.128897
 42
0.214681
  0
VERTEX
  8
0
 10
382.770566
 20
85.000000
 42
0.125677
  0
VERTEX
  8
0
 10
383.201557
 20
85.110070
 42
0.064053
  0
VERTEX
  8
0
 10
383.656816
 20
85.440625
 42
0.057450
  0
VERTEX
  8
0
 10
384.065988
 20
85.926337
 42
0.054778
  0
VERTEX
  8
0
 10
384.361626
 20
86.500000
 42
0.019009
  0
VERTEX
  8
0
 10
384.557685
 20
87.075405
 42
0.034664
  0
VERTEX
  8
0
 10
384.666459
 20
87.559375
 42
0.044074
  0
VERTEX
  8
0
 10
384.688496
 20
87.904913
 42
0.407084
  0
VERTEX
  8
0
 10
384.591060
 20
88.000000
 42
0.176553
  0
VERTEX
  8
0
 10
384.395857
 20
87.928855
 42
0.014236
  0
VERTEX
  8
0
 10
383.980891
 20
87.559375
 42
0.017822
  0
VERTEX
  8
0
 10
383.502080
 20
87.074599
 42
0.012711
  0
SEQEND
  0
POLYLINE
  8
0
 66
1
 70
1
  0
VERTEX
  8
0
 10
390.807831
 20
84.500000
 42
0.018896
  0
VERTEX
  8
0
 10
391.391011
 20
83.557437
 42
0.008302
  0
VERTEX
  8
0
 10
392.229971
 20
82.353125
 42
0.008203
  0
VERTEX
  8
0
 10
393.163266
 20
81.103449
 42
0.010890
  0
VERTEX
  8
0
 10
394.054949
 20
80.000000
 42
0.000000
  0
VERTEX
  8
0
 10
396.166798
 20
77.500000
 42
0.000000
  0
VERTEX
  8
0
 10
394.333399
 20
80.826884
 42
0.015625
  0
VERTEX
  8
0
 10
393.527700
 20
82.186600
 42
0.014725
  0
VERTEX
  8
0
 10
392.623281
 20
83.521099
 42
0.014867
  0
VERTEX
  8
0
 10
391.752483
 20
84.655246
 42
0.048441
  0
VERTEX
  8
0
 10
391.086280
 20
85.326884
 42
0.008880
  0
VERTEX
  8
0
 10
390.295395
 20
85.959792
 42
0.515257
  0
VERTEX
  8
0
 10
390.143511
 20
85.913736
 42
0.208840
  0
VERTEX
  8
0
 10
390.166156
 20
85.653942
 42
0.004394
  0
SEQEND
  0
POLYLINE
  8
0
 66
1
 70
1
  0
VERTEX
  8
0
 10
379.381265
 20
80.750000
 42
0.001733
  0
VERTEX
  8
0
 10
379.002964
 20
80.103061
 42
0.000545
  0
VERTEX
  8
0
 10
378.441523
 20
79.132812
 42
0.000545
  0
VERTEX
  8
0
 10
377.817409
 20
78.048813
 42
0.000604
  0
VERTEX
  8
0
 10
377.216757
 20
77.000000
 42
0.000591
  0
VERTEX
  8
0
 10
376.227227
 20
75.262545
 42
0.250506
  0
VERTEX
  8
0
 10
376.223827
 20
75.129851
 42
0.538158
  0
VERTEX
  8
0
 10
376.305796
 20
75.120126
 42
0.000795
  0
VERTEX
  8
0
 10
377.467784
 20
76.500000
 42
0.020782
  0
VERTEX
  8
0
 10
378.872189
 20
78.321789
 42
0.024578
  0
VERTEX
  8
0
 10
380.038538
 20
80.157433
 42
0.022752
  0
VERTEX
  8
0
 10
380.808348
 20
81.667695
 42
0.545229
  0
VERTEX
  8
0
 10
380.594201
 20
82.000000
 42
0.166473
  0
VERTEX
  8
0
 10
380.363363
 20
81.920953
 42
0.035166
  0
VERTEX
  8
0
 10
380.041482
 20
81.632812
 42
0.033227
  0
VERTEX
  8
0
 10
379.698263
 20
81.228557
 42
0.026229
  0
SEQEND
  0
POLYLINE
  8
0
 66
1
 70
1
  0
VERTEX
  8
0
 10
218.727696
 20
75.278268
 42
0.020120
  0
VERTEX
  8
0
 10
220.234338
 20
75.152063
 42
0.010546
  0
VERTEX
  8
0
 10
222.115370
 20
75.110215
 42
0.010474
  0
VERTEX
  8
0
 10
224.048239
 20
75.148479
 42
0.015806
  0
VERTEX
  8
0
 10
225.727696
 20
75.270202
 42
0.062969
  0
VERTEX
  8
0
 10
226.351289
 20
75.416037
 42
0.785070
  0
VERTEX
  8
0
 10
226.335636
 20
75.550546
 42
0.026082
  0
VERTEX
  8
0
 10
225.006031
 20
75.645979
 42
0.004587
  0
VERTEX
  8
0
 10
222.500000
 20
75.671860
 42
0.004873
  0
VERTEX
  8
0
 10
219.985512
 20
75.650253
 42
0.021409
  0
VERTEX
  8
0
 10
218.504386
 20
75.559569
 42
0.613017
  0
VERTEX
  8
0
 10
218.451620
 20
75.422293
 42
0.180442
  0
SEQEND
  0
POLYLINE
  8
0
 66
1
 70
1
  0
VERTEX
  8
0
 10
279.000000
 20
388.559017
 42
0.058436
  0
VERTEX
  8
0
 10
279.069690
 20
387.964752
 42
0.050430
  0
VERTEX
  8
0
 10
279.275972
 20
387.370763
 42
0.052995
  0
VERTEX
  8
0
 10
279.579710
 20
386.865102
 42
0.092869
  0
VERTEX
  8
0
 10
279.939479
 20
386.537404
 42
0.216944
  0
VERTEX
  8
0
 10
280.280754
 20
386.494068
 42
0.194874
  0
VERTEX
  8
0
 10
280.558253
 20
386.721183
 42
0.101175
  0
VERTEX
  8
0
 10
280.718780
 20
387.243215
 42
0.042988
  0
VERTEX
  8
0
 10
280.726675
 20
387.978387
 42
0.068323
  0
VERTEX
  8
0
 10
280.434366
 20
389.338994
 42
0.228441
  0
VERTEX
  8
0
 10
279.798832
 20
389.959664
 42
0.396906
  0
VERTEX
  8
0
 10
279.220446
 20
389.693507
 42
0.096256
  0
SEQEND
  0
POLYLINE
  8
0
 66
1
 70
1
  0
VERTEX
  8
0
 10
289.750000
 20
389.294267
 42
0.029693
  0
VERTEX
  8
0
 10
290.774707
 20
389.159351
 42
0.017887
  0
VERTEX
  8
0
 10
292.000000
 20
389.115502
 42
0.017887
  0
VERTEX
  8
0
 10
293.225293
 20
389.159351
 42
0.029693
  0
VERTEX
  8
0
 10
294.250000
 20
389.294267
 42
0.142433
  0
VERTEX
  8
0
 10
294.560023
 20
389.453014
 42
0.611425
  0
VERTEX
  8
0
 10
294.517188
 20
389.600334
 42
0.039503
  0
VERTEX
  8
0
 10
293.611490
 20
389.701569
 42
0.008087
  0
VERTEX
  8
0
 10
292.000000
 20
389.727636
 42
0.008087
  0
VERTEX
  8
0
 10
290.388510
 20
389.701569
 42
0.039503
  0
VERTEX
  8
0
 10
289.482812
 20
389.600334
 42
0.611425
  0
VERTEX
  8
0
 10
289.439977
 20
389.453014
 42
0.142433
  0
SEQEND
  0
POLYLINE
  8
0
 66
1
 70
1
  0
VERTEX
  8
0
 10
299.269032
 20
389.307009
 42
0.037336
  0
VERTEX
  8
0
 10
300.036634
 20
389.167106
 42
0.029507
  0
VERTEX
  8
0
 10
300.880008
 20
389.127736
 42
0.030339
  0
VERTEX
  8
0
 10
301.671085
 20
389.185595
 42
0.062780
  0
VERTEX
  8
0
 10
302.269032
 20
389.344063
 42
0.313180
  0
VERTEX
  8
0
 10
302.386009
 20
389.522870
 42
0.333666
  0
VERTEX
  8
0
 10
302.257153
 20
389.684921
 42
0.052471
  0
VERTEX
  8
0
 10
301.580113
 20
389.787295
 42
0.014395
  0
VERTEX
  8
0
 10
300.500000
 20
389.805051
 42
0.012823
  0
VERTEX
  8
0
 10
299.431793
 20
389.764444
 42
0.080377
  0
VERTEX
  8
0
 10
298.900903
 20
389.643467
 42
0.597527
  0
VERTEX
  8
0
 10
298.883358
 20
389.483340
 42
0.087174
  0
SEQEND
  0
POLYLINE
  8
0
 66
1
 70
1
  0
VERTEX
  8
0
 10
305.638374
 20
388.500000
 42
0.021360
  0
VERTEX
  8
0
 10
305.887494
 20
387.925442
 42
0.030395
  0
VERTEX
  8
0
 10
306.160341
 20
387.440625
 42
0.030693
  0
VERTEX
  8
0
 10
306.420671
 20
387.087111
 42
0.222225
  0
VERTEX
  8
0
 10
306.606989
 20
387.000000
 42
0.289661
  0
VERTEX
  8
0
 10
306.758929
 20
387.096084
 42
0.046727
  0
VERTEX
  8
0
 10
306.884553
 20
387.440625
 42
0.039339
  0
VERTEX
  8
0
 10
306.971531
 20
387.925176
 42
0.024748
  0
VERTEX
  8
0
 10
307.000000
 20
388.500000
 42
0.062722
  0
VERTEX
  8
0
 10
306.927770
 20
389.073532
 42
0.080880
  0
VERTEX
  8
0
 10
306.715469
 20
389.559375
 42
0.098158
  0
VERTEX
  8
0
 10
306.400789
 20
389.884506
 42
0.152681
  0
VERTEX
  8
0
 10
306.031385
 20
390.000000
 42
0.184534
  0
VERTEX
  8
0
 10
305.710807
 20
389.877514
 42
0.147206
  0
VERTEX
  8
0
 10
305.516384
 20
389.559375
 42
0.100118
  0
VERTEX
  8
0
 10
305.488865
 20
389.074366
 42
0.055937
  0
SEQEND
  0
POLYLINE
  8
0
 66
1
 70
1
  0
VERTEX
  8
0
 10
368.000000
 20
379.563358
 42
0.020651
  0
VERTEX
  8
0
 10
368.072271
 20
377.814297
 42
0.033296
  0
VERTEX
  8
0
 10
368.293750
 20
376.340487
 42
0.036202
  0
VERTEX
  8
0
 10
368.611318
 20
375.268867
 42
0.312166
  0
VERTEX
  8
0
 10
369.000000
 20
375.000000
 42
0.125474
  0
VERTEX
  8
0
 10
369.381374
 20
375.097236
 42
0.100779
  0
VERTEX
  8
0
 10
369.706250
 20
375.370969
 42
0.090165
  0
VERTEX
  8
0
 10
369.924602
 20
375.780430
 42
0.077671
  0
VERTEX
  8
0
 10
370.000000
 20
376.262872
 42
-0.141512
  0
VERTEX
  8
0
 10
370.160253
 20
376.817752
 42
-0.055829
  0
VERTEX
  8
0
 10
370.660937
 20
377.444744
 42
-0.049380
  0
VERTEX
  8
0
 10
371.389169
 20
378.041772
 42
-0.043678
  0
VERTEX
  8
0
 10
372.250000
 20
378.512872
 42
0.066878
  0
VERTEX
  8
0
 10
373.118061
 20
379.041500
 42
0.061247
  0
VERTEX
  8
0
 10
373.845359
 20
379.794697
 42
0.064596
  0
VERTEX
  8
0
 10
374.334276
 20
380.655474
 42
0.097190
  0
VERTEX
  8
0
 10
374.500000
 20
381.500000
 42
0.091927
  0
VERTEX
  8
0
 10
374.319158
 20
382.475302
 42
0.147433
  0
VERTEX
  8
0
 10
373.804580
 20
383.139100
 42
0.101271
  0
VERTEX
  8
0
 10
372.847040
 20
383.562984
 42
0.029703
  0
VERTEX
  8
0
 10
371.250000
 20
383.813358
 42
0.026123
  0
VERTEX
  8
0
 10
369.198415
 20
383.903453
 42
0.231403
  0
VERTEX
  8
0
 10
368.410882
 20
383.510178
 42
0.154118
  0
VERTEX
  8
0
 10
368.061383
 20
382.543780
 42
0.010297
  0
SEQEND
  0
POLYLINE
  8
0
 66
1
 70
1
  0
VERTEX
  8
0
 10
372.500000
 20
381.000000
 42
-0.060810
  0
VERTEX
  8
0
 10
372.193797
 20
380.617485
 42
-0.051032
  0
VERTEX
  8
0
 10
371.787100
 20
380.293750
 42
-0.053229
  0
VERTEX
  8
0
 10
371.346558
 20
380.073302
 42
-0.089642
  0
VERTEX
  8
0
 10
370.940983
 20
380.000000
 42
-0.105429
  0
VERTEX
  8
0
 10
370.581949
 20
380.076556
 42
-0.099231
  0
VERTEX
  8
0
 10
370.276414
 20
380.293750
 42
-0.096318
  0
VERTEX
  8
0
 10
370.071618
 20
380.618268
 42
-0.092995
  0
VERTEX
  8
0
 10
370.000000
 20
381.000000
 42
-0.153634
  0
VERTEX
  8
0
 10
370.120018
 20
381.381379
 42
-0.097988
  0
VERTEX
  8
0
 10
370.457961
 20
381.706250
 42
-0.080552
  0
VERTEX
  8
0
 10
370.962904
 20
381.925455
 42
-0.062283
  0
VERTEX
  8
0
 10
371.559017
 20
382.000000
 42
-0.066118
  0
VERTEX
  8
0
 10
372.110654
 20
381.926733
 42
-0.138808
  0
VERTEX
  8
0
 10
372.478525
 20
381.706250
 42
-0.191142
  0
VERTEX
  8
0
 10
372.607943
 20
381.379648
 42
-0.139169
  0
SEQEND
  0
POLYLINE
  8
0
 66
1
 70
1
  0
VERTEX
  8
0
 10
376.500000
 20
376.000000
 42
0.082592
  0
VERTEX
  8
0
 10
376.343488
 20
375.617900
 42
0.161196
  0
VERTEX
  8
0
 10
376.374600
 20
375.293750
 42
0.182303
  0
VERTEX
  8
0
 10
376.586039
 20
375.078288
 42
0.108972
  0
VERTEX
  8
0
 10
376.940983
 20
375.000000
 42
0.093332
  0
VERTEX
  8
0
 10
377.345238
 20
375.076123
 42
0.096420
  0
VERTEX
  8
0
 10
377.688914
 20
375.293750
 42
0.099167
  0
VERTEX
  8
0
 10
377.918938
 20
375.618444
 42
0.105053
  0
VERTEX
  8
0
 10
378.000000
 20
376.000000
 42
0.042167
  0
VERTEX
  8
0
 10
377.967655
 20
376.382849
 42
0.061769
  0
VERTEX
  8
0
 10
377.870461
 20
376.706250
 42
0.081139
  0
VERTEX
  8
0
 10
377.727648
 20
376.925540
 42
0.210953
  0
VERTEX
  8
0
 10
377.559017
 20
377.000000
 42
0.151918
  0
VERTEX
  8
0
 10
377.348290
 20
376.934461
 42
0.038439
  0
VERTEX
  8
0
 10
377.066025
 20
376.706250
 42
0.035638
  0
VERTEX
  8
0
 10
376.768994
 20
376.382774
 42
0.029505
  0
SEQEND
  0
POLYLINE
  8
0
 66
1
 70
1
  0
VERTEX
  8
0
 10
340.401981
 20
374.605161
 42
0.068792
  0
VERTEX
  8
0
 10
340.219740
 20
373.823452
 42
0.016411
  0
VERTEX
  8
0
 10
340.141029
 20
372.487603
 42
0.016564
  0
VERTEX
  8
0
 10
340.152048
 20
370.933389
 42
0.015700
  0
VERTEX
  8
0
 10
340.265262
 20
369.355161
 42
0.001651
  0
VERTEX
  8
0
 10
340.523500
 20
366.935265
 42
0.745203
  0
VERTEX
  8
0
 10
340.629396
 20
366.915959
 42
0.108070
  0
VERTEX
  8
0
 10
340.724232
 20
367.279798
 42
0.000752
  0
VERTEX
  8
0
 10
340.847210
 20
370.500000
 42
-0.009353
  0
VERTEX
  8
0
 10
340.978081
 20
372.861027
 42
-0.061101
  0
VERTEX
  8
0
 10
341.209116
 20
374.023860
 42
-0.345258
  0
VERTEX
  8
0
 10
341.563471
 20
374.259957
 42
-0.234118
  0
VERTEX
  8
0
 10
342.000000
 20
374.000000
 42
0.011213
  0
VERTEX
  8
0
 10
342.563444
 20
373.169589
 42
0.309569
  0
VERTEX
  8
0
 10
342.798096
 20
373.083458
 42
0.327416
  0
VERTEX
  8
0
 10
342.952739
 20
373.271084
 42
0.011938
  0
VERTEX
  8
0
 10
342.984687
 20
374.250000
 42
0.116724
  0
VERTEX
  8
0
 10
342.717600
 20
375.424257
 42
0.249516
  0
VERTEX
  8
0
 10
341.985546
 20
375.953208
 42
0.232441
  0
VERTEX
  8
0
 10
341.091159
 20
375.656705
 42
0.107285
  0
SEQEND
  0
POLYLINE
  8
0
 66
1
 70
1
  0
VERTEX
  8
0
 10
287.564293
 20
371.706872
 42
0.036269
  0
VERTEX
  8
0
 10
287.866277
 20
371.059266
 42
0.070189
  0
VERTEX
  8
0
 10
288.210949
 20
370.604915
 42
0.120343
  0
VERTEX
  8
0
 10
288.538684
 20
370.407510
 42
0.278911
  0
VERTEX
  8
0
 10
288.806872
 20
370.473539
 42
0.207420
  0
VERTEX
  8
0
 10
288.927901
 20
370.779789
 42
0.082976
  0
VERTEX
  8
0
 10
288.837219
 20
371.231185
 42
0.063152
  0
VERTEX
  8
0
 10
288.558688
 20
371.753423
 42
0.043285
  0
VERTEX
  8
0
 10
288.124088
 20
372.266667
 42
0.011214
  0
VERTEX
  8
0
 10
287.463552
 20
372.893514
 42
0.400052
  0
VERTEX
  8
0
 10
287.270328
 20
372.888819
 42
0.286372
  0
VERTEX
  8
0
 10
287.218210
 20
372.663782
 42
0.008399
  0
SEQEND
  0
POLYLINE
  8
0
 66
1
 70
1
  0
VERTEX
  8
0
 10
356.666667
 20
369.333333
 42
0.147809
  0
VERTEX
  8
0
 10
356.405725
 20
368.846353
 42
0.016466
  0
VERTEX
  8
0
 10
356.195833
 20
367.589583
 42
0.018893
  0
VERTEX
  8
0
 10
356.048689
 20
366.041585
 42
0.014248
  0
VERTEX
  8
0
 10
356.000000
 20
364.333333
 42
0.013290
  0
VERTEX
  8
0
 10
356.070041
 20
361.698701
 42
0.129194
  0
VERTEX
  8
0
 10
356.407770
 20
360.644818
 42
0.211027
  0
VERTEX
  8
0
 10
357.152828
 20
360.148376
 42
0.044373
  0
VERTEX
  8
0
 10
358.750000
 20
360.015313
 42
0.025470
  0
VERTEX
  8
0
 10
359.895410
 20
360.080095
 42
0.023329
  0
VERTEX
  8
0
 10
361.062811
 20
360.261402
 42
0.024026
  0
VERTEX
  8
0
 10
362.089142
 20
360.522121
 42
0.067304
  0
VERTEX
  8
0
 10
362.761698
 20
360.831560
 42
0.225259
  0
VERTEX
  8
0
 10
363.619138
 20
362.192977
 42
0.055731
  0
VERTEX
  8
0
 10
363.639687
 20
364.902847
 42
0.055438
  0
VERTEX
  8
0
 10
363.046598
 20
367.624935
 42
0.171937
  0
VERTEX
  8
0
 10
361.902571
 20
369.081376
 42
0.069801
  0
VERTEX
  8
0
 10
360.551740
 20
369.692810
 42
0.059466
  0
VERTEX
  8
0
 10
359.008114
 20
369.952822
 42
0.064334
  0
VERTEX
  8
0
 10
357.599111
 20
369.839283
 42
0.145131
  0
SEQEND
  0
POLYLINE
  8
0
 66
1
 70
1
  0
VERTEX
  8
0
 10
361.500000
 20
367.000000
 42
-0.210115
  0
VERTEX
  8
0
 10
361.553029
 20
366.621971
 42
-0.178861
  0
VERTEX
  8
0
 10
361.314314
 20
366.293750
 42
-0.100989
  0
VERTEX
  8
0
 10
360.768372
 20
366.071437
 42
-0.046386
  0
VERTEX
  8
0
 10
360.000000
 20
366.000000
 42
-0.046386
  0
VERTEX
  8
0
 10
359.231628
 20
366.071437
 42
-0.100989
  0
VERTEX
  8
0
 10
358.685686
 20
366.293750
 42
-0.178861
  0
VERTEX
  8
0
 10
358.446971
 20
366.621971
 42
-0.210115
  0
VERTEX
  8
0
 10
358.500000
 20
367.000000
 42
-0.057296
  0
VERTEX
  8
0
 10
358.801830
 20
367.382513
 42
-0.050113
  0
VERTEX
  8
0
 10
359.195564
 20
367.706250
 42
-0.052849
  0
VERTEX
  8
0
 10
359.617099
 20
367.926995
 42
-0.094481
  0
VERTEX
  8
0
 10
360.000000
 20
368.000000
 42
-0.094481
  0
VERTEX
  8
0
 10
360.382901
 20
367.926995
 42
-0.052849
  0
VERTEX
  8
0
 10
360.804436
 20
367.706250
 42
-0.050113
  0
VERTEX
  8
0
 10
361.198170
 20
367.382513
 42
-0.057296
  0
SEQEND
  0
POLYLINE
  8
0
 66
1
 70
1
  0
VERTEX
  8
0
 10
362.000000
 20
363.000000
 42
-0.191087
  0
VERTEX
  8
0
 10
361.848523
 20
362.618118
 42
-0.088204
  0
VERTEX
  8
0
 10
361.412500
 20
362.293750
 42
-0.068025
  0
VERTEX
  8
0
 10
360.765418
 20
362.073693
 42
-0.048028
  0
VERTEX
  8
0
 10
360.000000
 20
362.000000
 42
-0.048028
  0
VERTEX
  8
0
 10
359.234582
 20
362.073693
 42
-0.068025
  0
VERTEX
  8
0
 10
358.587500
 20
362.293750
 42
-0.088204
  0
VERTEX
  8
0
 10
358.151477
 20
362.618118
 42
-0.191087
  0
VERTEX
  8
0
 10
358.000000
 20
363.000000
 42
-0.191087
  0
VERTEX
  8
0
 10
358.151477
 20
363.381882
 42
-0.088204
  0
VERTEX
  8
0
 10
358.587500
 20
363.706250
 42
-0.068025
  0
VERTEX
  8
0
 10
359.234582
 20
363.926307
 42
-0.048028
  0
VERTEX
  8
0
 10
360.000000
 20
364.000000
 42
-0.048028
  0
VERTEX
  8
0
 10
360.765418
 20
363.926307
 42
-0.068025
  0
VERTEX
  8
0
 10
361.412500
 20
363.706250
 42
-0.088204
  0
VERTEX
  8
0
 10
361.848523
 20
363.381882
 42
-0.191087
  0
SEQEND
  0
POLYLINE
  8
0
 66
1
 70
1
  0
VERTEX
  8
0
 10
366.991850
 20
367.250000
 42
0.018064
  0
VERTEX
  8
0
 10
366.455764
 20
366.030294
 42
0.013095
  0
VERTEX
  8
0
 10
365.944456
 20
364.637310
 42
0.013259
  0
VERTEX
  8
0
 10
365.528219
 20
363.287359
 42
0.027985
  0
VERTEX
  8
0
 10
365.292763
 20
362.217438
 42
0.016374
  0
VERTEX
  8
0
 10
365.120486
 20
360.877980
 42
0.288073
  0
VERTEX
  8
0
 10
365.308428
 20
360.504100
 42
0.267076
  0
VERTEX
  8
0
 10
365.741176
 20
360.494544
 42
0.014590
  0
VERTEX
  8
0
 10
366.961429
 20
361.207985
 42
-0.039890
  0
VERTEX
  8
0
 10
368.083618
 20
361.790085
 42
-0.097983
  0
VERTEX
  8
0
 10
368.989543
 20
361.976964
 42
-0.099693
  0
VERTEX
  8
0
 10
369.888646
 20
361.803453
 42
-0.042245
  0
VERTEX
  8
0
 10
370.986431
 20
361.240547
 42
0.011702
  0
VERTEX
  8
0
 10
372.744181
 20
360.199179
 42
0.182445
  0
VERTEX
  8
0
 10
373.424186
 20
360.096043
 42
0.403179
  0
VERTEX
  8
0
 10
373.685406
 20
360.482904
 42
0.034978
  0
VERTEX
  8
0
 10
373.371960
 20
361.750000
 42
0.028826
  0
VERTEX
  8
0
 10
372.429928
 20
364.178276
 42
0.016479
  0
VERTEX
  8
0
 10
371.031466
 20
366.996211
 42
0.008252
  0
VERTEX
  8
0
 10
369.549090
 20
369.645605
 42
0.267139
  0
VERTEX
  8
0
 10
368.933111
 20
370.000000
 42
0.220720
  0
VERTEX
  8
0
 10
368.624248
 20
369.856673
 42
0.021794
  0
VERTEX
  8
0
 10
368.110382
 20
369.192187
 42
0.024272
  0
VERTEX
  8
0
 10
367.545575
 20
368.303497
 42
0.016848
  0
SEQEND
  0
POLYLINE
  8
0
 66
1
 70
1
  0
VERTEX
  8
0
 10
370.000000
 20
365.000000
 42
-0.099038
  0
VERTEX
  8
0
 10
369.923658
 20
364.618362
 42
-0.097945
  0
VERTEX
  8
0
 10
369.706250
 20
364.293750
 42
-0.097945
  0
VERTEX
  8
0
 10
369.381638
 20
364.076342
 42
-0.099038
  0
VERTEX
  8
0
 10
369.000000
 20
364.000000
 42
-0.099038
  0
VERTEX
  8
0
 10
368.618362
 20
364.076342
 42
-0.097945
  0
VERTEX
  8
0
 10
368.293750
 20
364.293750
 42
-0.097945
  0
VERTEX
  8
0
 10
368.076342
 20
364.618362
 42
-0.099038
  0
VERTEX
  8
0
 10
368.000000
 20
365.000000
 42
-0.099038
  0
VERTEX
  8
0
 10
368.076342
 20
365.381638
 42
-0.097945
  0
VERTEX
  8
0
 10
368.293750
 20
365.706250
 42
-0.097945
  0
VERTEX
  8
0
 10
368.618362
 20
365.923658
 42
-0.099038
  0
VERTEX
  8
0
 10
369.000000
 20
366.000000
 42
-0.099038
  0
VERTEX
  8
0
 10
369.381638
 20
365.923658
 42
-0.097945
  0
VERTEX
  8
0
 10
369.706250
 20
365.706250
 42
-0.097945
  0
VERTEX
  8
0
 10
369.923658
 20
365.381638
 42
-0.099038
  0
SEQEND
  0
POLYLINE
  8
0
 66
1
 70
1
  0
VERTEX
  8
0
 10
374.000000
 20
369.000000
 42
0.148195
  0
VERTEX
  8
0
 10
374.115568
 20
368.618646
 42
0.098894
  0
VERTEX
  8
0
 10
374.440625
 20
368.293750
 42
0.082425
  0
VERTEX
  8
0
 10
374.926543
 20
368.074694
 42
0.064853
  0
VERTEX
  8
0
 10
375.500000
 20
368.000000
 42
-0.181443
  0
VERTEX
  8
0
 10
376.190020
 20
367.741077
 42
-0.128147
  0
VERTEX
  8
0
 10
376.660714
 20
367.050000
 42
-0.067181
  0
VERTEX
  8
0
 10
376.925176
 20
365.802278
 42
-0.018678
  0
VERTEX
  8
0
 10
377.000000
 20
363.800000
 42
0.011400
  0
VERTEX
  8
0
 10
377.046905
 20
361.743098
 42
0.079253
  0
VERTEX
  8
0
 10
377.250000
 20
360.760271
 42
0.328942
  0
VERTEX
  8
0
 10
377.627868
 20
360.516329
 42
0.182763
  0
VERTEX
  8
0
 10
378.153502
 20
360.753502
 42
0.098112
  0
VERTEX
  8
0
 10
378.591154
 20
361.407429
 42
0.036377
  0
VERTEX
  8
0
 10
378.942718
 20
362.463072
 42
0.034336
  0
VERTEX
  8
0
 10
379.168416
 20
363.702582
 42
0.034987
  0
VERTEX
  8
0
 10
379.220385
 20
364.953502
 42
-0.029007
  0
VERTEX
  8
0
 10
379.254917
 20
366.120802
 42
-0.045895
  0
VERTEX
  8
0
 10
379.433314
 20
367.105091
 42
-0.058439
  0
VERTEX
  8
0
 10
379.713706
 20
367.791574
 42
-0.273070
  0
VERTEX
  8
0
 10
380.066883
 20
368.000000
 42
0.106339
  0
VERTEX
  8
0
 10
380.422905
 20
368.076584
 42
0.099381
  0
VERTEX
  8
0
 10
380.725897
 20
368.293750
 42
0.096069
  0
VERTEX
  8
0
 10
380.929012
 20
368.618254
 42
0.092188
  0
VERTEX
  8
0
 10
381.000000
 20
369.000000
 42
0.277684
  0
VERTEX
  8
0
 10
380.767902
 20
369.385692
 42
0.052312
  0
VERTEX
  8
0
 10
379.971875
 20
369.706250
 42
0.042582
  0
VERTEX
  8
0
 10
378.841111
 20
369.927458
 42
0.027026
  0
VERTEX
  8
0
 10
377.500000
 20
370.000000
 42
0.027026
  0
VERTEX
  8
0
 10
376.158889
 20
369.927458
 42
0.042582
  0
VERTEX
  8
0
 10
375.028125
 20
369.706250
 42
0.052312
  0
VERTEX
  8
0
 10
374.232098
 20
369.385692
 42
0.277684
  0
SEQEND
  0
POLYLINE
  8
0
 66
1
 70
1
  0
VERTEX
  8
0
 10
382.750000
 20
369.428267
 42
0.176916
  0
VERTEX
  8
0
 10
382.102626
 20
368.007392
 42
0.026331
  0
VERTEX
  8
0
 10
382.023794
 20
364.810796
 42
0.024713
  0
VERTEX
  8
0
 10
382.270239
 20
361.633474
 42
0.226350
  0
VERTEX
  8
0
 10
383.000000
 20
360.500000
 42
0.202618
  0
VERTEX
  8
0
 10
383.378123
 20
360.441401
 42
0.181468
  0
VERTEX
  8
0
 10
383.706250
 20
360.668350
 42
0.104212
  0
VERTEX
  8
0
 10
383.928459
 20
361.195401
 42
0.047867
  0
VERTEX
  8
0
 10
384.000000
 20
361.940983
 42
-0.067914
  0
VERTEX
  8
0
 10
384.124056
 20
362.850102
 42
-0.125559
  0
VERTEX
  8
0
 10
384.492834
 20
363.492623
 42
-0.128278
  0
VERTEX
  8
0
 10
385.117884
 20
363.871364
 42
-0.072530
  0
VERTEX
  8
0
 10
386.000000
 20
364.000000
 42
-0.072254
  0
VERTEX
  8
0
 10
386.873159
 20
363.873159
 42
-0.124864
  0
VERTEX
  8
0
 10
387.500000
 20
363.500000
 42
-0.124864
  0
VERTEX
  8
0
 10
387.873159
 20
362.873159
 42
-0.072254
  0
VERTEX
  8
0
 10
388.000000
 20
362.000000
 42
0.048028
  0
VERTEX
  8
0
 10
388.073693
 20
361.234582
 42
0.068025
  0
VERTEX
  8
0
 10
388.293750
 20
360.587500
 42
0.088204
  0
VERTEX
  8
0
 10
388.618118
 20
360.151477
 42
0.191087
  0
VERTEX
  8
0
 10
389.000000
 20
360.000000
 42
0.322437
  0
VERTEX
  8
0
 10
389.389817
 20
360.280551
 42
0.031449
  0
VERTEX
  8
0
 10
389.706250
 20
361.468750
 42
0.030530
  0
VERTEX
  8
0
 10
389.927795
 20
363.083446
 42
0.018830
  0
VERTEX
  8
0
 10
390.000000
 20
365.000000
 42
0.018830
  0
VERTEX
  8
0
 10
389.927795
 20
366.916554
 42
0.030530
  0
VERTEX
  8
0
 10
389.706250
 20
368.531250
 42
0.031449
  0
VERTEX
  8
0
 10
389.389817
 20
369.719449
 42
0.322437
  0
VERTEX
  8
0
 10
389.000000
 20
370.000000
 42
0.191087
  0
VERTEX
  8
0
 10
388.618118
 20
369.848523
 42
0.088204
  0
VERTEX
  8
0
 10
388.293750
 20
369.412500
 42
0.068025
  0
VERTEX
  8
0
 10
388.073693
 20
368.765418
 42
0.048028
  0
VERTEX
  8
0
 10
388.000000
 20
368.000000
 42
-0.187186
  0
VERTEX
  8
0
 10
387.432800
 20
366.538013
 42
-0.216627
  0
VERTEX
  8
0
 10
386.069617
 20
365.955300
 42
-0.190893
  0
VERTEX
  8
0
 10
384.594360
 20
366.578947
 42
-0.161951
  0
VERTEX
  8
0
 10
383.819551
 20
368.094934
 42
0.039115
  0
VERTEX
  8
0
 10
383.644060
 20
368.845933
 42
0.092339
  0
VERTEX
  8
0
 10
383.373556
 20
369.350761
 42
0.187696
  0
VERTEX
  8
0
 10
383.060812
 20
369.531351
 42
0.240921
  0
SEQEND
  0
POLYLINE
  8
0
 66
1
 70
1
  0
VERTEX
  8
0
 10
291.729816
 20
362.074818
 42
0.037148
  0
VERTEX
  8
0
 10
291.581201
 20
361.265084
 42
0.142047
  0
VERTEX
  8
0
 10
291.669581
 20
360.765082
 42
0.255835
  0
VERTEX
  8
0
 10
291.966441
 20
360.556399
 42
0.120121
  0
VERTEX
  8
0
 10
292.446518
 20
360.617851
 42
0.093446
  0
VERTEX
  8
0
 10
292.913005
 20
360.905630
 42
0.066798
  0
VERTEX
  8
0
 10
293.308248
 20
361.376512
 42
0.064876
  0
VERTEX
  8
0
 10
293.575458
 20
361.951062
 42
0.076587
  0
VERTEX
  8
0
 10
293.666667
 20
362.543033
 42
0.089057
  0
VERTEX
  8
0
 10
293.466879
 20
363.655817
 42
0.380030
  0
VERTEX
  8
0
 10
292.919445
 20
363.947219
 42
0.217889
  0
VERTEX
  8
0
 10
292.243053
 20
363.415447
 42
0.054976
  0
SEQEND
  0
POLYLINE
  8
0
 66
1
 70
1
  0
VERTEX
  8
0
 10
320.000000
 20
358.395495
 42
0.006016
  0
VERTEX
  8
0
 10
318.928467
 20
357.720282
 42
0.113132
  0
VERTEX
  8
0
 10
318.652984
 20
357.436849
 42
0.678616
  0
VERTEX
  8
0
 10
318.732870
 20
357.331018
 42
0.018274
  0
VERTEX
  8
0
 10
319.500000
 20
357.572359
 42
-0.026419
  0
VERTEX
  8
0
 10
322.257111
 20
358.390669
 42
-0.042483
  0
VERTEX
  8
0
 10
324.679456
 20
358.758699
 42
-0.052034
  0
VERTEX
  8
0
 10
326.536680
 20
358.687887
 42
-0.222344
  0
VERTEX
  8
0
 10
327.440595
 20
358.096119
 42
0.093599
  0
VERTEX
  8
0
 10
327.823635
 20
357.676813
 42
0.053202
  0
VERTEX
  8
0
 10
328.415763
 20
357.323795
 42
0.050561
  0
VERTEX
  8
0
 10
329.111943
 20
357.085124
 42
0.058286
  0
VERTEX
  8
0
 10
329.809017
 20
357.006161
 42
0.138961
  0
VERTEX
  8
0
 10
330.255485
 20
357.134447
 42
0.446167
  0
VERTEX
  8
0
 10
330.303146
 20
357.403193
 42
0.091413
  0
VERTEX
  8
0
 10
329.788050
 20
357.859245
 42
0.015408
  0
VERTEX
  8
0
 10
328.635693
 20
358.506161
 42
0.038000
  0
VERTEX
  8
0
 10
326.170832
 20
359.562159
 42
0.085612
  0
VERTEX
  8
0
 10
324.169967
 20
359.880941
 42
0.089744
  0
VERTEX
  8
0
 10
322.237694
 20
359.505671
 42
0.044885
  0
SEQEND
  0
POLYLINE
  8
0
 66
1
 70
1
  0
VERTEX
  8
0
 10
317.030409
 20
345.317388
 42
0.074957
  0
VERTEX
  8
0
 10
317.158322
 20
344.380578
 42
0.082048
  0
VERTEX
  8
0
 10
317.556349
 20
343.554630
 42
0.083171
  0
VERTEX
  8
0
 10
318.193329
 20
342.909131
 42
0.079856
  0
VERTEX
  8
0
 10
319.014521
 20
342.495391
 42
-0.048846
  0
VERTEX
  8
0
 10
319.744038
 20
342.182695
 42
-0.081387
  0
VERTEX
  8
0
 10
320.268799
 20
341.771225
 42
-0.118650
  0
VERTEX
  8
0
 10
320.512946
 20
341.331877
 42
-0.209118
  0
VERTEX
  8
0
 10
320.455504
 20
340.928004
 42
0.448707
  0
VERTEX
  8
0
 10
320.563269
 20
340.566852
 42
0.056314
  0
VERTEX
  8
0
 10
321.437326
 20
340.272584
 42
0.036404
  0
VERTEX
  8
0
 10
322.854481
 20
340.073647
 42
0.017470
  0
VERTEX
  8
0
 10
324.690983
 20
340.015313
 42
0.009372
  0
VERTEX
  8
0
 10
326.946308
 20
340.064777
 42
0.062220
  0
VERTEX
  8
0
 10
328.054389
 20
340.249234
 42
0.369495
  0
VERTEX
  8
0
 10
328.267366
 20
340.578822
 42
0.219131
  0
VERTEX
  8
0
 10
328.000000
 20
341.000000
 42
0.056028
  0
VERTEX
  8
0
 10
327.247729
 20
341.374395
 42
0.026225
  0
VERTEX
  8
0
 10
326.206250
 20
341.693617
 42
0.025591
  0
VERTEX
  8
0
 10
325.067134
 20
341.917192
 42
0.032608
  0
VERTEX
  8
0
 10
324.000000
 20
342.000000
 42
-0.043965
  0
VERTEX
  8
0
 10
322.012663
 20
342.199644
 42
-0.088876
  0
VERTEX
  8
0
 10
320.548197
 20
342.759719
 42
-0.087218
  0
VERTEX
  8
0
 10
319.352024
 20
343.801587
 42
-0.041121
  0
VERTEX
  8
0
 10
318.194945
 20
345.500000
 42
0.003919
  0
VERTEX
  8
0
 10
317.418387
 20
346.844761
 42
0.307916
  0
VERTEX
  8
0
 10
317.207384
 20
346.944578
 42
0.360208
  0
VERTEX
  8
0
 10
317.064280
 20
346.782652
 42
0.004590
  0
SEQEND
  0
POLYLINE
  8
0
 66
1
 70
1
  0
VERTEX
  8
0
 10
317.404508
 20
341.154508
 42
-0.099174
  0
VERTEX
  8
0
 10
317.576410
 20
340.692032
 42
-0.200180
  0
VERTEX
  8
0
 10
317.486737
 20
340.320715
 42
-0.168066
  0
VERTEX
  8
0
 10
317.138375
 20
340.079475
 42
-0.068269
  0
VERTEX
  8
0
 10
316.559017
 20
340.000000
 42
0.056198
  0
VERTEX
  8
0
 10
315.962676
 20
339.932761
 42
0.075659
  0
VERTEX
  8
0
 10
315.457961
 20
339.733751
 42
0.094904
  0
VERTEX
  8
0
 10
315.119542
 20
339.439406
 42
0.167978
  0
VERTEX
  8
0
 10
315.000000
 20
339.093620
 42
0.243840
  0
VERTEX
  8
0
 10
315.157535
 20
338.789795
 42
0.106581
  0
VERTEX
  8
0
 10
315.587500
 20
338.607123
 42
0.070464
  0
VERTEX
  8
0
 10
316.233678
 20
338.575635
 42
0.040966
  0
VERTEX
  8
0
 10
317.000000
 20
338.710251
 42
0.061580
  0
VERTEX
  8
0
 10
318.330482
 20
339.239787
 42
0.198535
  0
VERTEX
  8
0
 10
318.915159
 20
339.967209
 42
0.243060
  0
VERTEX
  8
0
 10
318.756605
 20
340.783654
 42
0.087355
  0
VERTEX
  8
0
 10
317.845492
 20
341.595492
 42
0.029004
  0
VERTEX
  8
0
 10
317.386848
 20
341.843426
 42
0.315645
  0
VERTEX
  8
0
 10
317.190983
 20
341.809017
 42
0.315645
  0
VERTEX
  8
0
 10
317.156574
 20
341.613152
 42
0.029004
  0
SEQEND
  0
POLYLINE
  8
0
 66
1
 70
1
  0
VERTEX
  8
0
 10
279.666667
 20
337.333333
 42
0.077955
  0
VERTEX
  8
0
 10
279.410903
 20
336.982401
 42
0.038133
  0
VERTEX
  8
0
 10
279.195833
 20
336.470833
 42
0.036641
  0
VERTEX
  8
0
 10
279.049145
 20
335.892744
 42
0.043841
  0
VERTEX
  8
0
 10
279.000000
 20
335.333333
 42
0.354522
  0
VERTEX
  8
0
 10
279.555176
 20
334.648753
 42
0.032509
  0
VERTEX
  8
0
 10
281.880748
 20
334.313886
 42
0.019715
  0
VERTEX
  8
0
 10
285.878112
 20
334.159544
 42
0.003640
  0
VERTEX
  8
0
 10
293.250000
 20
334.219346
 42
0.000000
  0
VERTEX
  8
0
 10
307.500000
 20
334.438692
 42
0.000000
  0
VERTEX
  8
0
 10
293.654080
 20
334.748190
 42
-0.003234
  0
VERTEX
  8
0
 10
286.032894
 20
334.967871
 42
-0.024503
  0
VERTEX
  8
0
 10
282.449422
 20
335.270606
 42
-0.066718
  0
VERTEX
  8
0
 10
280.705514
 20
335.746711
 42
-0.404480
  0
VERTEX
  8
0
 10
280.372695
 20
336.528844
 42
0.018073
  0
VERTEX
  8
0
 10
280.725812
 20
337.558879
 42
0.259188
  0
VERTEX
  8
0
 10
280.646749
 20
337.924271
 42
0.401730
  0
VERTEX
  8
0
 10
280.353411
 20
337.949707
 42
0.026981
  0
SEQEND
  0
POLYLINE
  8
0
 66
1
 70
1
  0
VERTEX
  8
0
 10
304.733333
 20
336.875912
 42
0.043285
  0
VERTEX
  8
0
 10
305.246577
 20
336.441312
 42
0.063152
  0
VERTEX
  8
0
 10
305.768815
 20
336.162781
 42
0.082976
  0
VERTEX
  8
0
 10
306.220211
 20
336.072099
 42
0.207420
  0
VERTEX
  8
0
 10
306.526461
 20
336.193128
 42
0.278911
  0
VERTEX
  8
0
 10
306.592490
 20
336.461316
 42
0.120343
  0
VERTEX
  8
0
 10
306.395085
 20
336.789051
 42
0.070189
  0
VERTEX
  8
0
 10
305.940734
 20
337.133723
 42
0.036269
  0
VERTEX
  8
0
 10
305.293128
 20
337.435707
 42
0.008399
  0
VERTEX
  8
0
 10
304.336218
 20
337.781790
 42
0.286372
  0
VERTEX
  8
0
 10
304.111181
 20
337.729672
 42
0.400052
  0
VERTEX
  8
0
 10
304.106486
 20
337.536448
 42
0.011214
  0
SEQEND
  0
POLYLINE
  8
0
 66
1
 70
1
  0
VERTEX
  8
0
 10
348.000000
 20
342.500000
 42
0.000000
  0
VERTEX
  8
0
 10
348.000000
 20
336.000000
 42
0.000000
  0
VERTEX
  8
0
 10
356.000000
 20
336.000000
 42
0.000000
  0
VERTEX
  8
0
 10
364.000000
 20
336.000000
 42
0.000000
  0
VERTEX
  8
0
 10
364.000000
 20
342.500000
 42
0.000000
  0
VERTEX
  8
0
 10
364.000000
 20
349.000000
 42
0.000000
  0
VERTEX
  8
0
 10
356.000000
 20
349.000000
 42
0.000000
  0
VERTEX
  8
0
 10
348.000000
 20
349.000000
 42
0.000000
  0
SEQEND
  0
POLYLINE
  8
0
 66
1
 70
1
  0
VERTEX
  8
0
 10
362.000000
 20
342.500000
 42
0.000000
  0
VERTEX
  8
0
 10
362.000000
 20
338.000000
 42
0.000000
  0
VERTEX
  8
0
 10
356.000000
 20
338.000000
 42
0.000000
  0
VERTEX
  8
0
 10
350.000000
 20
338.000000
 42
0.000000
  0
VERTEX
  8
0
 10
350.000000
 20
342.500000
 42
0.000000
  0
VERTEX
  8
0
 10
350.000000
 20
347.000000
 42
0.000000
  0
VERTEX
  8
0
 10
356.000000
 20
347.000000
 42
0.000000
  0
VERTEX
  8
0
 10
362.000000
 20
347.000000
 42
0.000000
  0
SEQEND
  0
POLYLINE
  8
0
 66
1
 70
1
  0
VERTEX
  8
0
 10
380.111244
 20
342.500000
 42
0.000000
  0
VERTEX
  8
0
 10
379.932422
 20
336.000000
 42
0.000000
  0
VERTEX
  8
0
 10
387.966211
 20
336.000000
 42
0.000000
  0
VERTEX
  8
0
 10
396.000000
 20
336.000000
 42
0.000000
  0
VERTEX
  8
0
 10
396.000000
 20
342.500000
 42
0.000000
  0
VERTEX
  8
0
 10
396.000000
 20
349.000000
 42
0.000000
  0
VERTEX
  8
0
 10
388.145033
 20
349.000000
 42
0.000000
  0
VERTEX
  8
0
 10
380.290067
 20
349.000000
 42
0.000000
  0
SEQEND
  0
POLYLINE
  8
0
 66
1
 70
1
  0
VERTEX
  8
0
 10
394.000000
 20
342.500000
 42
0.000000
  0
VERTEX
  8
0
 10
394.000000
 20
338.000000
 42
0.000000
  0
VERTEX
  8
0
 10
388.000000
 20
338.000000
 42
0.000000
  0
VERTEX
  8
0
 10
382.000000
 20
338.000000
 42
0.000000
  0
VERTEX
  8
0
 10
382.000000
 20
342.500000
 42
0.000000
  0
VERTEX
  8
0
 10
382.000000
 20
347.000000
 42
0.000000
  0
VERTEX
  8
0
 10
388.000000
 20
347.000000
 42
0.000000
  0
VERTEX
  8
0
 10
394.000000
 20
347.000000
 42
0.000000
  0
SEQEND
  0
POLYLINE
  8
0
 66
1
 70
1
  0
VERTEX
  8
0
 10
76.000000
 20
245.500000
 42
0.020945
  0
VERTEX
  8
0
 10
76.072283
 20
243.775243
 42
0.033738
  0
VERTEX
  8
0
 10
76.293750
 20
242.321875
 42
0.036969
  0
VERTEX
  8
0
 10
76.611488
 20
241.267028
 42
0.310520
  0
VERTEX
  8
0
 10
77.000000
 20
241.000000
 42
0.191087
  0
VERTEX
  8
0
 10
77.381882
 20
241.151477
 42
0.088204
  0
VERTEX
  8
0
 10
77.706250
 20
241.587500
 42
0.068025
  0
VERTEX
  8
0
 10
77.926307
 20
242.234582
 42
0.048028
  0
VERTEX
  8
0
 10
78.000000
 20
243.000000
 42
-0.075614
  0
VERTEX
  8
0
 10
78.137230
 20
243.902244
 42
-0.132455
  0
VERTEX
  8
0
 10
78.539173
 20
244.535924
 42
-0.121315
  0
VERTEX
  8
0
 10
79.234521
 20
244.916436
 42
-0.057838
  0
VERTEX
  8
0
 10
80.250000
 20
245.063386
 42
0.000000
  0
VERTEX
  8
0
 10
82.500000
 20
245.126773
 42
0.000000
  0
VERTEX
  8
0
 10
80.185755
 20
246.054928
 42
-0.048582
  0
VERTEX
  8
0
 10
79.348512
 20
246.489221
 42
-0.076880
  0
VERTEX
  8
0
 10
78.746780
 20
247.026698
 42
-0.107961
  0
VERTEX
  8
0
 10
78.465060
 20
247.576939
 42
-0.205752
  0
VERTEX
  8
0
 10
78.536906
 20
248.059715
 42
-0.106741
  0
VERTEX
  8
0
 10
78.894443
 20
248.431213
 42
-0.081827
  0
VERTEX
  8
0
 10
79.408346
 20
248.666015
 42
-0.077656
  0
VERTEX
  8
0
 10
79.996814
 20
248.731178
 42
-0.080597
  0
VERTEX
  8
0
 10
80.569126
 20
248.611848
 42
0.071657
  0
VERTEX
  8
0
 10
81.135828
 20
248.483134
 42
0.074475
  0
VERTEX
  8
0
 10
81.708064
 20
248.522340
 42
0.081683
  0
VERTEX
  8
0
 10
82.197939
 20
248.718052
 42
0.119091
  0
VERTEX
  8
0
 10
82.526992
 20
249.043674
 42
0.366522
  0
VERTEX
  8
0
 10
82.471542
 20
249.412917
 42
0.102202
  0
VERTEX
  8
0
 10
81.921788
 20
249.724341
 42
0.053630
  0
VERTEX
  8
0
 10
80.910539
 20
249.934130
 42
0.024354
  0
VERTEX
  8
0
 10
79.559017
 20
250.000000
 42
0.022932
  0
VERTEX
  8
0
 10
77.301026
 20
249.896384
 42
0.205293
  0
VERTEX
  8
0
 10
76.447723
 20
249.433901
 42
0.156528
  0
VERTEX
  8
0
 10
76.070400
 20
248.427264
 42
0.012023
  0
SEQEND
  0
POLYLINE
  8
0
 66
1
 70
1
  0
VERTEX
  8
0
 10
84.000000
 20
245.500000
 42
0.020945
  0
VERTEX
  8
0
 10
84.072283
 20
243.775243
 42
0.033738
  0
VERTEX
  8
0
 10
84.293750
 20
242.321875
 42
0.036969
  0
VERTEX
  8
0
 10
84.611488
 20
241.267028
 42
0.310520
  0
VERTEX
  8
0
 10
85.000000
 20
241.000000
 42
0.204270
  0
VERTEX
  8
0
 10
85.382205
 20
241.162945
 42
0.083628
  0
VERTEX
  8
0
 10
85.706250
 20
241.638705
 42
0.063841
  0
VERTEX
  8
0
 10
85.926543
 20
242.341976
 42
0.044041
  0
VERTEX
  8
0
 10
86.000000
 20
243.174314
 42
0.000000
  0
VERTEX
  8
0
 10
86.000000
 20
245.348628
 42
0.000000
  0
VERTEX
  8
0
 10
88.496057
 20
243.003704
 42
0.045280
  0
VERTEX
  8
0
 10
90.230692
 20
241.647160
 42
0.172574
  0
VERTEX
  8
0
 10
91.547650
 20
241.336845
 42
0.482960
  0
VERTEX
  8
0
 10
91.932204
 20
241.949431
 42
0.088595
  0
VERTEX
  8
0
 10
91.166294
 20
243.299628
 42
-0.051110
  0
VERTEX
  8
0
 10
90.700319
 20
243.994684
 42
-0.121722
  0
VERTEX
  8
0
 10
90.549778
 20
244.593716
 42
-0.132389
  0
VERTEX
  8
0
 10
90.700354
 20
245.161364
 42
-0.065809
  0
VERTEX
  8
0
 10
91.156576
 20
245.756576
 42
0.158516
  0
VERTEX
  8
0
 10
91.906714
 20
247.229738
 42
0.219307
  0
VERTEX
  8
0
 10
91.509357
 20
248.636923
 42
0.146049
  0
VERTEX
  8
0
 10
89.930389
 20
249.657386
 42
0.071047
  0
VERTEX
  8
0
 10
87.531385
 20
250.000000
 42
0.023412
  0
VERTEX
  8
0
 10
85.296231
 20
249.895285
 42
0.205781
  0
VERTEX
  8
0
 10
84.446188
 20
249.431428
 42
0.155560
  0
VERTEX
  8
0
 10
84.070278
 20
248.422737
 42
0.012021
  0
SEQEND
  0
POLYLINE
  8
0
 66
1
 70
1
  0
VERTEX
  8
0
 10
89.435239
 20
246.895215
 42
-0.163430
  0
VERTEX
  8
0
 10
88.670913
 20
246.260231
 42
-0.088031
  0
VERTEX
  8
0
 10
87.455883
 20
246.021990
 42
-0.106719
  0
VERTEX
  8
0
 10
86.396246
 20
246.230862
 42
-0.299377
  0
VERTEX
  8
0
 10
86.000000
 20
246.833333
 42
-0.110100
  0
VERTEX
  8
0
 10
86.198212
 20
247.722563
 42
-0.153587
  0
VERTEX
  8
0
 10
86.746150
 20
248.318542
 42
-0.139060
  0
VERTEX
  8
0
 10
87.583356
 20
248.528957
 42
-0.084271
  0
VERTEX
  8
0
 10
88.592022
 20
248.326314
 42
-0.069014
  0
VERTEX
  8
0
 10
89.084537
 20
248.054550
 42
-0.099406
  0
VERTEX
  8
0
 10
89.415770
 20
247.684877
 42
-0.123524
  0
VERTEX
  8
0
 10
89.535637
 20
247.278219
 42
-0.149708
  0
SEQEND
  0
POLYLINE
  8
0
 66
1
 70
1
  0
VERTEX
  8
0
 10
94.200000
 20
248.800000
 42
0.154143
  0
VERTEX
  8
0
 10
93.000290
 20
246.492867
 42
0.144463
  0
VERTEX
  8
0
 10
93.301228
 20
243.848126
 42
0.143380
  0
VERTEX
  8
0
 10
94.993892
 20
241.776488
 42
0.151369
  0
VERTEX
  8
0
 10
97.500000
 20
241.000000
 42
0.049362
  0
VERTEX
  8
0
 10
98.392078
 20
241.088285
 42
0.037889
  0
VERTEX
  8
0
 10
99.335625
 20
241.352500
 42
0.038897
  0
VERTEX
  8
0
 10
100.188407
 20
241.740024
 42
0.070395
  0
VERTEX
  8
0
 10
100.800000
 20
242.200000
 42
0.070395
  0
VERTEX
  8
0
 10
101.259976
 20
242.811593
 42
0.038897
  0
VERTEX
  8
0
 10
101.647500
 20
243.664375
 42
0.037889
  0
VERTEX
  8
0
 10
101.911715
 20
244.607922
 42
0.049362
  0
VERTEX
  8
0
 10
102.000000
 20
245.500000
 42
0.049362
  0
VERTEX
  8
0
 10
101.911715
 20
246.392078
 42
0.037889
  0
VERTEX
  8
0
 10
101.647500
 20
247.335625
 42
0.038897
  0
VERTEX
  8
0
 10
101.259976
 20
248.188407
 42
0.070395
  0
VERTEX
  8
0
 10
100.800000
 20
248.800000
 42
0.070395
  0
VERTEX
  8
0
 10
100.188407
 20
249.259976
 42
0.038897
  0
VERTEX
  8
0
 10
99.335625
 20
249.647500
 42
0.037889
  0
VERTEX
  8
0
 10
98.392078
 20
249.911715
 42
0.049362
  0
VERTEX
  8
0
 10
97.500000
 20
250.000000
 42
0.049362
  0
VERTEX
  8
0
 10
96.607922
 20
249.911715
 42
0.037889
  0
VERTEX
  8
0
 10
95.664375
 20
249.647500
 42
0.038897
  0
VERTEX
  8
0
 10
94.811593
 20
249.259976
 42
0.070395
  0
SEQEND
  0
POLYLINE
  8
0
 66
1
 70
1
  0
VERTEX
  8
0
 10
100.000000
 20
245.577555
 42
-0.119079
  0
VERTEX
  8
0
 10
99.656528
 20
244.155800
 42
-0.128803
  0
VERTEX
  8
0
 10
98.707356
 20
243.095767
 42
-0.148787
  0
VERTEX
  8
0
 10
97.470554
 20
242.728148
 42
-0.173262
  0
VERTEX
  8
0
 10
96.323794
 20
243.146238
 42
-0.118001
  0
VERTEX
  8
0
 10
95.389270
 20
244.393163
 42
-0.098788
  0
VERTEX
  8
0
 10
95.041651
 20
246.013717
 42
-0.113714
  0
VERTEX
  8
0
 10
95.354619
 20
247.467174
 42
-0.199423
  0
VERTEX
  8
0
 10
96.250000
 20
248.282394
 42
-0.150353
  0
VERTEX
  8
0
 10
97.428173
 20
248.337123
 42
-0.093476
  0
VERTEX
  8
0
 10
98.691045
 20
247.744959
 42
-0.092774
  0
VERTEX
  8
0
 10
99.659223
 20
246.728152
 42
-0.144975
  0
SEQEND
  0
POLYLINE
  8
0
 66
1
 70
1
  0
VERTEX
  8
0
 10
103.000000
 20
245.500000
 42
0.020945
  0
VERTEX
  8
0
 10
103.072283
 20
243.775243
 42
0.033738
  0
VERTEX
  8
0
 10
103.293750
 20
242.321875
 42
0.036969
  0
VERTEX
  8
0
 10
103.611488
 20
241.267028
 42
0.310520
  0
VERTEX
  8
0
 10
104.000000
 20
241.000000
 42
0.239965
  0
VERTEX
  8
0
 10
104.385538
 20
241.196337
 42
0.067969
  0
VERTEX
  8
0
 10
104.714067
 20
241.807813
 42
0.052408
  0
VERTEX
  8
0
 10
104.943476
 20
242.696714
 42
0.034558
  0
VERTEX
  8
0
 10
105.026609
 20
243.750000
 42
0.000000
  0
VERTEX
  8
0
 10
105.053219
 20
246.500000
 42
0.000000
  0
VERTEX
  8
0
 10
106.758226
 20
243.750000
 42
0.025967
  0
VERTEX
  8
0
 10
108.107923
 20
241.806161
 42
0.156541
  0
VERTEX
  8
0
 10
109.108475
 20
241.119603
 42
0.378981
  0
VERTEX
  8
0
 10
109.784313
 20
241.432575
 42
0.089230
  0
VERTEX
  8
0
 10
110.099193
 20
242.750000
 42
-0.003582
  0
VERTEX
  8
0
 10
110.154233
 20
243.611717
 42
-0.001423
  0
VERTEX
  8
0
 10
110.241622
 20
244.793750
 42
-0.001408
  0
VERTEX
  8
0
 10
110.343163
 20
246.068952
 42
-0.001769
  0
VERTEX
  8
0
 10
110.444764
 20
247.250000
 42
0.028954
  0
VERTEX
  8
0
 10
110.477931
 20
248.303849
 42
0.047061
  0
VERTEX
  8
0
 10
110.370382
 20
249.192187
 42
0.061787
  0
VERTEX
  8
0
 10
110.153552
 20
249.809172
 42
0.284695
  0
VERTEX
  8
0
 10
109.845571
 20
250.000000
 42
0.264906
  0
VERTEX
  8
0
 10
109.517834
 20
249.813256
 42
0.056602
  0
VERTEX
  8
0
 10
109.239080
 20
249.192187
 42
0.045247
  0
VERTEX
  8
0
 10
109.041901
 20
248.303593
 42
0.029111
  0
VERTEX
  8
0
 10
108.968320
 20
247.250000
 42
0.000000
  0
VERTEX
  8
0
 10
108.936640
 20
244.500000
 42
0.000000
  0
VERTEX
  8
0
 10
106.884913
 20
247.250000
 42
0.028092
  0
VERTEX
  8
0
 10
104.955754
 20
249.553636
 42
0.320522
  0
VERTEX
  8
0
 10
103.857218
 20
249.773025
 42
0.270532
  0
VERTEX
  8
0
 10
103.148852
 20
248.778993
 42
0.022686
  0
SEQEND
  0
POLYLINE
  8
0
 66
1
 70
1
  0
VERTEX
  8
0
 10
112.750000
 20
249.337719
 42
-0.184347
  0
VERTEX
  8
0
 10
113.238936
 20
248.883935
 42
-0.045662
  0
VERTEX
  8
0
 10
113.638018
 20
247.845186
 42
-0.039986
  0
VERTEX
  8
0
 10
113.909860
 20
246.473281
 42
-0.028929
  0
VERTEX
  8
0
 10
114.000000
 20
244.916667
 42
0.024107
  0
VERTEX
  8
0
 10
114.072411
 20
243.415693
 42
0.038411
  0
VERTEX
  8
0
 10
114.293750
 20
242.150521
 42
0.045113
  0
VERTEX
  8
0
 10
114.613109
 20
241.248118
 42
0.293108
  0
VERTEX
  8
0
 10
115.000000
 20
241.000000
 42
0.275647
  0
VERTEX
  8
0
 10
115.385549
 20
241.230028
 42
0.053257
  0
VERTEX
  8
0
 10
115.706250
 20
242.013529
 42
0.043137
  0
VERTEX
  8
0
 10
115.927440
 20
243.128264
 42
0.027422
  0
VERTEX
  8
0
 10
116.000000
 20
244.450310
 42
-0.036120
  0
VERTEX
  8
0
 10
116.111675
 20
245.994167
 42
-0.057255
  0
VERTEX
  8
0
 10
116.450655
 20
247.274589
 42
-0.069138
  0
VERTEX
  8
0
 10
117.002603
 20
248.258469
 42
-0.098841
  0
VERTEX
  8
0
 10
117.750000
 20
248.919901
 42
0.064422
  0
VERTEX
  8
0
 10
118.398472
 20
249.419121
 42
0.530032
  0
VERTEX
  8
0
 10
118.340279
 20
249.723813
 42
0.097820
  0
VERTEX
  8
0
 10
117.591218
 20
249.885268
 42
0.007353
  0
VERTEX
  8
0
 10
115.500000
 20
249.890644
 42
0.011946
  0
VERTEX
  8
0
 10
114.042304
 20
249.838106
 42
0.034639
  0
VERTEX
  8
0
 10
113.042187
 20
249.708200
 42
0.149104
  0
VERTEX
  8
0
 10
112.710459
 20
249.529361
 42
0.535829
  0
SEQEND
  0
POLYLINE
  8
0
 66
1
 70
1
  0
VERTEX
  8
0
 10
75.000000
 20
230.940983
 42
0.014995
  0
VERTEX
  8
0
 10
75.062207
 20
228.867237
 42
0.040398
  0
VERTEX
  8
0
 10
75.268876
 20
227.408386
 42
0.077973
  0
VERTEX
  8
0
 10
75.588375
 20
226.601709
 42
0.420328
  0
VERTEX
  8
0
 10
76.000000
 20
226.500000
 42
0.084691
  0
VERTEX
  8
0
 10
76.382763
 20
226.837442
 42
0.053426
  0
VERTEX
  8
0
 10
76.706250
 20
227.339345
 42
0.051862
  0
VERTEX
  8
0
 10
76.925858
 20
227.919033
 42
0.064715
  0
VERTEX
  8
0
 10
77.000000
 20
228.489466
 42
-0.150318
  0
VERTEX
  8
0
 10
77.168570
 20
229.037506
 42
-0.082011
  0
VERTEX
  8
0
 10
77.657937
 20
229.551908
 42
-0.069185
  0
VERTEX
  8
0
 10
78.383238
 20
229.956211
 42
-0.057229
  0
VERTEX
  8
0
 10
79.239784
 20
230.180449
 42
0.140571
  0
VERTEX
  8
0
 10
80.802965
 20
230.880448
 42
0.139730
  0
VERTEX
  8
0
 10
81.761901
 20
232.304020
 42
0.155133
  0
VERTEX
  8
0
 10
81.773629
 20
233.905869
 42
0.178215
  0
VERTEX
  8
0
 10
80.848393
 20
235.114860
 42
0.055968
  0
VERTEX
  8
0
 10
80.172076
 20
235.444091
 42
0.026015
  0
VERTEX
  8
0
 10
79.235153
 20
235.722859
 42
0.025382
  0
VERTEX
  8
0
 10
78.210305
 20
235.916160
 42
0.032228
  0
VERTEX
  8
0
 10
77.250000
 20
235.984687
 42
0.083386
  0
VERTEX
  8
0
 10
76.018735
 20
235.786514
 42
0.209283
  0
VERTEX
  8
0
 10
75.360431
 20
235.187135
 42
0.094648
  0
VERTEX
  8
0
 10
75.062794
 20
233.920939
 42
0.010535
  0
SEQEND
  0
POLYLINE
  8
0
 66
1
 70
1
  0
VERTEX
  8
0
 10
80.000000
 20
233.000000
 42
-0.148195
  0
VERTEX
  8
0
 10
79.884432
 20
232.618646
 42
-0.098894
  0
VERTEX
  8
0
 10
79.559375
 20
232.293750
 42
-0.082425
  0
VERTEX
  8
0
 10
79.073457
 20
232.074694
 42
-0.064853
  0
VERTEX
  8
0
 10
78.500000
 20
232.000000
 42
-0.064853
  0
VERTEX
  8
0
 10
77.926543
 20
232.074694
 42
-0.082425
  0
VERTEX
  8
0
 10
77.440625
 20
232.293750
 42
-0.098894
  0
VERTEX
  8
0
 10
77.115568
 20
232.618646
 42
-0.148195
  0
VERTEX
  8
0
 10
77.000000
 20
233.000000
 42
-0.148195
  0
VERTEX
  8
0
 10
77.115568
 20
233.381354
 42
-0.098894
  0
VERTEX
  8
0
 10
77.440625
 20
233.706250
 42
-0.082425
  0
VERTEX
  8
0
 10
77.926543
 20
233.925306
 42
-0.064853
  0
VERTEX
  8
0
 10
78.500000
 20
234.000000
 42
-0.064853
  0
VERTEX
  8
0
 10
79.073457
 20
233.925306
 42
-0.082425
  0
VERTEX
  8
0
 10
79.559375
 20
233.706250
 42
-0.098894
  0
VERTEX
  8
0
 10
79.884432
 20
233.381354
 42
-0.148195
  0
SEQEND
  0
POLYLINE
  8
0
 66
1
 70
1
  0
VERTEX
  8
0
 10
84.571429
 20
234.428571
 42
0.050830
  0
VERTEX
  8
0
 10
83.969917
 20
233.690527
 42
0.038141
  0
VERTEX
  8
0
 10
83.461607
 20
232.773214
 42
0.039005
  0
VERTEX
  8
0
 10
83.113726
 20
231.825464
 42
0.068562
  0
VERTEX
  8
0
 10
83.000000
 20
231.000000
 42
0.114528
  0
VERTEX
  8
0
 10
83.360974
 20
229.444750
 42
0.058848
  0
VERTEX
  8
0
 10
84.452546
 20
227.755482
 42
0.059917
  0
VERTEX
  8
0
 10
85.851572
 20
226.426153
 42
0.161422
  0
VERTEX
  8
0
 10
87.137170
 20
226.000000
 42
0.102149
  0
VERTEX
  8
0
 10
88.958818
 20
226.376085
 42
0.094117
  0
VERTEX
  8
0
 10
90.543438
 20
227.448281
 42
0.094362
  0
VERTEX
  8
0
 10
91.621598
 20
229.023948
 42
0.103344
  0
VERTEX
  8
0
 10
92.000000
 20
230.835184
 42
0.110303
  0
VERTEX
  8
0
 10
91.335181
 20
233.812128
 42
0.171868
  0
VERTEX
  8
0
 10
89.505717
 20
235.662029
 42
0.184532
  0
VERTEX
  8
0
 10
87.026227
 20
235.874756
 42
0.127186
  0
SEQEND
  0
POLYLINE
  8
0
 66
1
 70
1
  0
VERTEX
  8
0
 10
89.500000
 20
231.000000
 42
-0.054236
  0
VERTEX
  8
0
 10
89.384361
 20
229.937062
 42
-0.085459
  0
VERTEX
  8
0
 10
89.038622
 20
229.089303
 42
-0.100729
  0
VERTEX
  8
0
 10
88.481024
 20
228.500896
 42
-0.105702
  0
VERTEX
  8
0
 10
87.746976
 20
228.189788
 42
-0.171035
  0
VERTEX
  8
0
 10
86.457899
 20
228.382688
 42
-0.148624
  0
VERTEX
  8
0
 10
85.485001
 20
229.349808
 42
-0.120562
  0
VERTEX
  8
0
 10
85.088246
 20
230.882367
 42
-0.095227
  0
VERTEX
  8
0
 10
85.389987
 20
232.573907
 42
-0.181663
  0
VERTEX
  8
0
 10
86.392251
 20
233.703338
 42
-0.216096
  0
VERTEX
  8
0
 10
87.802645
 20
233.787963
 42
-0.172478
  0
VERTEX
  8
0
 10
89.037387
 20
232.732423
 42
-0.131217
  0
SEQEND
  0
POLYLINE
  8
0
 66
1
 70
1
  0
VERTEX
  8
0
 10
93.909091
 20
235.000000
 42
0.019536
  0
VERTEX
  8
0
 10
93.835370
 20
233.572369
 42
0.003596
  0
VERTEX
  8
0
 10
93.821297
 20
230.934620
 42
0.003752
  0
VERTEX
  8
0
 10
93.846049
 20
228.290504
 42
0.016979
  0
VERTEX
  8
0
 10
93.924404
 20
226.750000
 42
0.056288
  0
VERTEX
  8
0
 10
94.023621
 20
226.253488
 42
0.380959
  0
VERTEX
  8
0
 10
94.221980
 20
226.136429
 42
0.184045
  0
VERTEX
  8
0
 10
94.507885
 20
226.315219
 42
0.020973
  0
VERTEX
  8
0
 10
94.949330
 20
226.952254
 42
0.045296
  0
VERTEX
  8
0
 10
95.264280
 20
227.566910
 42
0.049042
  0
VERTEX
  8
0
 10
95.453336
 20
228.212247
 42
0.054724
  0
VERTEX
  8
0
 10
95.498472
 20
228.792440
 42
0.131214
  0
VERTEX
  8
0
 10
95.375000
 20
229.202254
 42
-0.297580
  0
VERTEX
  8
0
 10
95.389386
 20
229.779966
 42
-0.345426
  0
VERTEX
  8
0
 10
95.901842
 20
229.939747
 42
-0.074109
  0
VERTEX
  8
0
 10
97.188031
 20
229.218799
 42
-0.044127
  0
VERTEX
  8
0
 10
98.478659
 20
228.023581
 42
0.038167
  0
VERTEX
  8
0
 10
99.231783
 20
227.309297
 42
0.051823
  0
VERTEX
  8
0
 10
100.015509
 20
226.796846
 42
0.063106
  0
VERTEX
  8
0
 10
100.714338
 20
226.542158
 42
0.196736
  0
VERTEX
  8
0
 10
101.198790
 20
226.622859
 42
0.239879
  0
VERTEX
  8
0
 10
101.421395
 20
226.988921
 42
0.096246
  0
VERTEX
  8
0
 10
101.351370
 20
227.587781
 42
0.066497
  0
VERTEX
  8
0
 10
101.001301
 20
228.329253
 42
0.040438
  0
VERTEX
  8
0
 10
100.410155
 20
229.099277
 42
-0.028153
  0
VERTEX
  8
0
 10
99.792937
 20
229.863673
 42
-0.083688
  0
VERTEX
  8
0
 10
99.497388
 20
230.466257
 42
-0.213813
  0
VERTEX
  8
0
 10
99.546241
 20
230.833421
 42
-0.259937
  0
VERTEX
  8
0
 10
99.845012
 20
231.000000
 42
0.289633
  0
VERTEX
  8
0
 10
100.723716
 20
231.555612
 42
0.135819
  0
VERTEX
  8
0
 10
100.965090
 20
232.935794
 42
0.106643
  0
VERTEX
  8
0
 10
100.466367
 20
234.496288
 42
0.172319
  0
VERTEX
  8
0
 10
99.418213
 20
235.393011
 42
0.051574
  0
VERTEX
  8
0
 10
97.599368
 20
235.883394
 42
0.057942
  0
VERTEX
  8
0
 10
95.789821
 20
235.964040
 42
0.072728
  0
VERTEX
  8
0
 10
94.411501
 20
235.661000
 42
0.287153
  0
SEQEND
  0
POLYLINE
  8
0
 66
1
 70
1
  0
VERTEX
  8
0
 10
99.000000
 20
233.000000
 42
-0.191087
  0
VERTEX
  8
0
 10
98.848523
 20
232.618118
 42
-0.088204
  0
VERTEX
  8
0
 10
98.412500
 20
232.293750
 42
-0.068025
  0
VERTEX
  8
0
 10
97.765418
 20
232.073693
 42
-0.048028
  0
VERTEX
  8
0
 10
97.000000
 20
232.000000
 42
-0.048028
  0
VERTEX
  8
0
 10
96.234582
 20
232.073693
 42
-0.068025
  0
VERTEX
  8
0
 10
95.587500
 20
232.293750
 42
-0.088204
  0
VERTEX
  8
0
 10
95.151477
 20
232.618118
 42
-0.191087
  0
VERTEX
  8
0
 10
95.000000
 20
233.000000
 42
-0.191087
  0
VERTEX
  8
0
 10
95.151477
 20
233.381882
 42
-0.088204
  0
VERTEX
  8
0
 10
95.587500
 20
233.706250
 42
-0.068025
  0
VERTEX
  8
0
 10
96.234582
 20
233.926307
 42
-0.048028
  0
VERTEX
  8
0
 10
97.000000
 20
234.000000
 42
-0.048028
  0
VERTEX
  8
0
 10
97.765418
 20
233.926307
 42
-0.068025
  0
VERTEX
  8
0
 10
98.412500
 20
233.706250
 42
-0.088204
  0
VERTEX
  8
0
 10
98.848523
 20
233.381882
 42
-0.191087
  0
SEQEND
  0
POLYLINE
  8
0
 66
1
 70
1
  0
VERTEX
  8
0
 10
103.667241
 20
233.935308
 42
0.138420
  0
VERTEX
  8
0
 10
102.698541
 20
231.160879
 42
0.146723
  0
VERTEX
  8
0
 10
103.356205
 20
228.358876
 42
0.165102
  0
VERTEX
  8
0
 10
105.357524
 20
226.597773
 42
0.177252
  0
VERTEX
  8
0
 10
107.952012
 20
226.484769
 42
0.059718
  0
VERTEX
  8
0
 10
108.735103
 20
226.840717
 42
0.062555
  0
VERTEX
  8
0
 10
109.398404
 20
227.367155
 42
0.069718
  0
VERTEX
  8
0
 10
109.848031
 20
227.976409
 42
0.124783
  0
VERTEX
  8
0
 10
110.000000
 20
228.575862
 42
0.067273
  0
VERTEX
  8
0
 10
109.907069
 20
229.263433
 42
0.312741
  0
VERTEX
  8
0
 10
109.616067
 20
229.506509
 42
0.146182
  0
VERTEX
  8
0
 10
109.077147
 20
229.396920
 42
0.015980
  0
VERTEX
  8
0
 10
107.969487
 20
228.758474
 42
-0.026520
  0
VERTEX
  8
0
 10
106.873672
 20
228.157248
 42
-0.121669
  0
VERTEX
  8
0
 10
106.169253
 20
228.009582
 42
-0.175825
  0
VERTEX
  8
0
 10
105.619985
 20
228.231265
 42
-0.070708
  0
VERTEX
  8
0
 10
105.092055
 20
228.860698
 42
-0.073973
  0
VERTEX
  8
0
 10
104.804489
 20
229.524033
 42
-0.040375
  0
VERTEX
  8
0
 10
104.644754
 20
230.398488
 42
-0.039166
  0
VERTEX
  8
0
 10
104.624488
 20
231.333227
 42
-0.049832
  0
VERTEX
  8
0
 10
104.758619
 20
232.184959
 42
-0.065806
  0
VERTEX
  8
0
 10
105.132066
 20
233.100751
 42
-0.153116
  0
VERTEX
  8
0
 10
105.669369
 20
233.599600
 42
-0.130805
  0
VERTEX
  8
0
 10
106.457318
 20
233.746485
 42
-0.042543
  0
VERTEX
  8
0
 10
107.636051
 20
233.555209
 42
0.065806
  0
VERTEX
  8
0
 10
109.213536
 20
233.373824
 42
0.296094
  0
VERTEX
  8
0
 10
109.947223
 20
233.867922
 42
0.342248
  0
VERTEX
  8
0
 10
109.740873
 20
234.652673
 42
0.072063
  0
VERTEX
  8
0
 10
108.418213
 20
235.393011
 42
0.036327
  0
VERTEX
  8
0
 10
106.770908
 20
235.891386
 42
0.130449
  0
VERTEX
  8
0
 10
105.682449
 20
235.849709
 42
0.130163
  0
VERTEX
  8
0
 10
104.756552
 20
235.273628
 42
0.036101
  0
SEQEND
  0
POLYLINE
  8
0
 66
1
 70
1
  0
VERTEX
  8
0
 10
112.000000
 20
231.000000
 42
0.018830
  0
VERTEX
  8
0
 10
112.072205
 20
229.083446
 42
0.030530
  0
VERTEX
  8
0
 10
112.293750
 20
227.468750
 42
0.031449
  0
VERTEX
  8
0
 10
112.610183
 20
226.280551
 42
0.322437
  0
VERTEX
  8
0
 10
113.000000
 20
226.000000
 42
0.191087
  0
VERTEX
  8
0
 10
113.381882
 20
226.151477
 42
0.088204
  0
VERTEX
  8
0
 10
113.706250
 20
226.587500
 42
0.068025
  0
VERTEX
  8
0
 10
113.926307
 20
227.234582
 42
0.048028
  0
VERTEX
  8
0
 10
114.000000
 20
228.000000
 42
-0.072454
  0
VERTEX
  8
0
 10
114.128173
 20
228.879862
 42
-0.127414
  0
VERTEX
  8
0
 10
114.505480
 20
229.505362
 42
-0.125406
  0
VERTEX
  8
0
 10
115.143984
 20
229.875238
 42
-0.068994
  0
VERTEX
  8
0
 10
116.043837
 20
230.000000
 42
-0.060598
  0
VERTEX
  8
0
 10
116.804509
 20
229.907469
 42
-0.094359
  0
VERTEX
  8
0
 10
117.402975
 20
229.632812
 42
-0.126208
  0
VERTEX
  8
0
 10
117.747043
 20
229.225387
 42
-0.170608
  0
VERTEX
  8
0
 10
117.800623
 20
228.750000
 42
0.058315
  0
VERTEX
  8
0
 10
117.746161
 20
228.253376
 42
0.072112
  0
VERTEX
  8
0
 10
117.816213
 20
227.793750
 42
0.086363
  0
VERTEX
  8
0
 10
117.994720
 20
227.440168
 42
0.152795
  0
VERTEX
  8
0
 10
118.256787
 20
227.250000
 42
0.060354
  0
VERTEX
  8
0
 10
118.541216
 20
227.191180
 42
0.102317
  0
VERTEX
  8
0
 10
118.781681
 20
227.220313
 42
0.142404
  0
VERTEX
  8
0
 10
118.939923
 20
227.330298
 42
0.171785
  0
VERTEX
  8
0
 10
119.000000
 20
227.500000
 42
0.000000
  0
VERTEX
  8
0
 10
119.000000
 20
229.077083
 42
0.000000
  0
VERTEX
  8
0
 10
119.000000
 20
232.166667
 42
0.016955
  0
VERTEX
  8
0
 10
118.947481
 20
233.714949
 42
0.037084
  0
VERTEX
  8
0
 10
118.779687
 20
234.889062
 42
0.070902
  0
VERTEX
  8
0
 10
118.535599
 20
235.542186
 42
0.500745
  0
VERTEX
  8
0
 10
118.250000
 20
235.583333
 42
0.063469
  0
VERTEX
  8
0
 10
117.962696
 20
235.212098
 42
0.039129
  0
VERTEX
  8
0
 10
117.720313
 20
234.714960
 42
0.038714
  0
VERTEX
  8
0
 10
117.554990
 20
234.176778
 42
0.055218
  0
VERTEX
  8
0
 10
117.500000
 20
233.680362
 42
-0.138305
  0
VERTEX
  8
0
 10
117.368611
 20
233.214452
 42
-0.079100
  0
VERTEX
  8
0
 10
116.985938
 20
232.767076
 42
-0.068667
  0
VERTEX
  8
0
 10
116.419125
 20
232.405203
 42
-0.060281
  0
VERTEX
  8
0
 10
115.750000
 20
232.190371
 42
-0.079755
  0
VERTEX
  8
0
 10
114.965163
 20
232.165970
 42
-0.164813
  0
VERTEX
  8
0
 10
114.420376
 20
232.432352
 42
-0.143152
  0
VERTEX
  8
0
 10
114.101621
 20
233.009022
 42
-0.055201
  0
VERTEX
  8
0
 10
114.000000
 20
233.926676
 42
0.046266
  0
VERTEX
  8
0
 10
113.926412
 20
234.720244
 42
0.066214
  0
VERTEX
  8
0
 10
113.706250
 20
235.390961
 42
0.086298
  0
VERTEX
  8
0
 10
113.382011
 20
235.843630
 42
0.196745
  0
VERTEX
  8
0
 10
113.000000
 20
236.000000
 42
0.322437
  0
VERTEX
  8
0
 10
112.610183
 20
235.719449
 42
0.031449
  0
VERTEX
  8
0
 10
112.293750
 20
234.531250
 42
0.030530
  0
VERTEX
  8
0
 10
112.072205
 20
232.916554
 42
0.018830
  0
SEQEND
  0
POLYLINE
  8
0
 66
1
 70
1
  0
VERTEX
  8
0
 10
73.666667
 20
222.333333
 42
0.157696
  0
VERTEX
  8
0
 10
73.016911
 20
221.062343
 42
0.111786
  0
VERTEX
  8
0
 10
73.118289
 20
219.452219
 42
0.102940
  0
VERTEX
  8
0
 10
73.928679
 20
217.935401
 42
0.115059
  0
VERTEX
  8
0
 10
75.250000
 20
216.939568
 42
0.000000
  0
VERTEX
  8
0
 10
77.500000
 20
215.943584
 42
0.000000
  0
VERTEX
  8
0
 10
75.192895
 20
216.393105
 42
0.032989
  0
VERTEX
  8
0
 10
74.227892
 20
216.515812
 42
0.105561
  0
VERTEX
  8
0
 10
73.589968
 20
216.419518
 42
0.211412
  0
VERTEX
  8
0
 10
73.288781
 20
216.123436
 42
0.176554
  0
VERTEX
  8
0
 10
73.276229
 20
215.671314
 42
0.214221
  0
VERTEX
  8
0
 10
74.093448
 20
214.783135
 42
0.122938
  0
VERTEX
  8
0
 10
75.556840
 20
214.546566
 42
0.104649
  0
VERTEX
  8
0
 10
77.153731
 20
215.028176
 42
0.127330
  0
VERTEX
  8
0
 10
78.288268
 20
216.095223
 42
0.131290
  0
VERTEX
  8
0
 10
78.898298
 20
218.055743
 42
0.085508
  0
VERTEX
  8
0
 10
78.589125
 20
220.420092
 42
0.095926
  0
VERTEX
  8
0
 10
77.568802
 20
222.324295
 42
0.225624
  0
VERTEX
  8
0
 10
76.147615
 20
223.000000
 42
0.033031
  0
VERTEX
  8
0
 10
75.404148
 20
222.950831
 42
0.032620
  0
VERTEX
  8
0
 10
74.670445
 20
222.804167
 42
0.034425
  0
VERTEX
  8
0
 10
74.047514
 20
222.589867
 42
0.096609
  0
SEQEND
  0
POLYLINE
  8
0
 66
1
 70
1
  0
VERTEX
  8
0
 10
76.749864
 20
219.416531
 42
-0.222509
  0
VERTEX
  8
0
 10
75.958406
 20
219.129854
 42
-0.148370
  0
VERTEX
  8
0
 10
75.049532
 20
219.498109
 42
-0.146836
  0
VERTEX
  8
0
 10
74.492512
 20
220.312904
 42
-0.218805
  0
VERTEX
  8
0
 10
74.596556
 20
221.156231
 42
-0.094625
  0
VERTEX
  8
0
 10
74.940704
 20
221.531428
 42
-0.169261
  0
VERTEX
  8
0
 10
75.335356
 20
221.655459
 42
-0.136091
  0
VERTEX
  8
0
 10
75.785686
 20
221.515485
 42
-0.053431
  0
VERTEX
  8
0
 10
76.296201
 20
221.103799
 42
-0.055675
  0
VERTEX
  8
0
 10
76.659942
 20
220.648583
 42
-0.075207
  0
VERTEX
  8
0
 10
76.871032
 20
220.166597
 42
-0.094570
  0
VERTEX
  8
0
 10
76.903147
 20
219.733892
 42
-0.169316
  0
SEQEND
  0
POLYLINE
  8
0
 66
1
 70
1
  0
VERTEX
  8
0
 10
96.000000
 20
221.500000
 42
0.024942
  0
VERTEX
  8
0
 10
95.482290
 20
220.808783
 42
0.128583
  0
VERTEX
  8
0
 10
95.325424
 20
220.361364
 42
0.300026
  0
VERTEX
  8
0
 10
95.467821
 20
220.101643
 42
0.122183
  0
VERTEX
  8
0
 10
95.877555
 20
220.000000
 42
-0.237042
  0
VERTEX
  8
0
 10
96.307871
 20
219.783849
 42
-0.070564
  0
VERTEX
  8
0
 10
96.670282
 20
219.118750
 42
-0.053973
  0
VERTEX
  8
0
 10
96.918088
 20
218.148997
 42
-0.035600
  0
VERTEX
  8
0
 10
97.000000
 20
217.000000
 42
0.031626
  0
VERTEX
  8
0
 10
97.072766
 20
215.850749
 42
0.048861
  0
VERTEX
  8
0
 10
97.293750
 20
214.881250
 42
0.062710
  0
VERTEX
  8
0
 10
97.615738
 20
214.209557
 42
0.254951
  0
VERTEX
  8
0
 10
98.000000
 20
214.000000
 42
0.310520
  0
VERTEX
  8
0
 10
98.388512
 20
214.267028
 42
0.036969
  0
VERTEX
  8
0
 10
98.706250
 20
215.321875
 42
0.033738
  0
VERTEX
  8
0
 10
98.927717
 20
216.775243
 42
0.020945
  0
VERTEX
  8
0
 10
99.000000
 20
218.500000
 42
0.021992
  0
VERTEX
  8
0
 10
98.868611
 20
221.485709
 42
0.176149
  0
VERTEX
  8
0
 10
98.295700
 20
222.713218
 42
0.367839
  0
VERTEX
  8
0
 10
97.378126
 20
222.787189
 42
0.063475
  0
SEQEND
  0
POLYLINE
  8
0
 66
1
 70
1
  0
VERTEX
  8
0
 10
102.000000
 20
220.456163
 42
0.037588
  0
VERTEX
  8
0
 10
102.087944
 20
219.287961
 42
0.120931
  0
VERTEX
  8
0
 10
102.382911
 20
218.572356
 42
0.177179
  0
VERTEX
  8
0
 10
102.897438
 20
218.229034
 42
0.103952
  0
VERTEX
  8
0
 10
103.646256
 20
218.206163
 42
-0.083618
  0
VERTEX
  8
0
 10
104.311918
 20
218.212674
 42
-0.080620
  0
VERTEX
  8
0
 10
104.952165
 20
218.001953
 42
-0.084344
  0
VERTEX
  8
0
 10
105.469115
 20
217.611293
 42
-0.105531
  0
VERTEX
  8
0
 10
105.780137
 20
217.098358
 42
-0.087848
  0
VERTEX
  8
0
 10
105.878843
 20
216.484970
 42
-0.277074
  0
VERTEX
  8
0
 10
105.667700
 20
216.145393
 42
-0.154811
  0
VERTEX
  8
0
 10
105.129515
 20
216.054813
 42
-0.028843
  0
VERTEX
  8
0
 10
104.134877
 20
216.254478
 42
0.065627
  0
VERTEX
  8
0
 10
102.421458
 20
216.469278
 42
0.260186
  0
VERTEX
  8
0
 10
101.531269
 20
215.964970
 42
0.389083
  0
VERTEX
  8
0
 10
101.687441
 20
215.177767
 42
0.081555
  0
VERTEX
  8
0
 10
103.057143
 20
214.481864
 42
0.070419
  0
VERTEX
  8
0
 10
104.052172
 20
214.314413
 42
0.067719
  0
VERTEX
  8
0
 10
105.068563
 20
214.425757
 42
0.065227
  0
VERTEX
  8
0
 10
106.051173
 20
214.812101
 42
0.057734
  0
VERTEX
  8
0
 10
106.946504
 20
215.451587
 42
-0.030613
  0
VERTEX
  8
0
 10
107.701067
 20
216.054763
 42
-0.037321
  0
VERTEX
  8
0
 10
108.477076
 20
216.518390
 42
-0.040715
  0
VERTEX
  8
0
 10
109.168056
 20
216.796422
 42
-0.157000
  0
VERTEX
  8
0
 10
109.624841
 20
216.791720
 42
0.112983
  0
VERTEX
  8
0
 10
109.974307
 20
216.757807
 42
0.113560
  0
VERTEX
  8
0
 10
110.303009
 20
216.879443
 42
0.106979
  0
VERTEX
  8
0
 10
110.559788
 20
217.140533
 42
0.090787
  0
VERTEX
  8
0
 10
110.704552
 20
217.500000
 42
0.218409
  0
VERTEX
  8
0
 10
110.622335
 20
217.853858
 42
0.135389
  0
VERTEX
  8
0
 10
110.274867
 20
218.114348
 42
0.086253
  0
VERTEX
  8
0
 10
109.688625
 20
218.234453
 42
0.047214
  0
VERTEX
  8
0
 10
108.954552
 20
218.187142
 42
-0.051657
  0
VERTEX
  8
0
 10
108.206425
 20
218.145579
 42
-0.079837
  0
VERTEX
  8
0
 10
107.574150
 20
218.278400
 42
-0.109707
  0
VERTEX
  8
0
 10
107.153447
 20
218.557007
 42
-0.194219
  0
VERTEX
  8
0
 10
107.000000
 20
218.937142
 42
0.139851
  0
VERTEX
  8
0
 10
106.884373
 20
219.342450
 42
0.099967
  0
VERTEX
  8
0
 10
106.559375
 20
219.687785
 42
0.085298
  0
VERTEX
  8
0
 10
106.073309
 20
219.920351
 42
0.069132
  0
VERTEX
  8
0
 10
105.500000
 20
220.000000
 42
-0.120150
  0
VERTEX
  8
0
 10
104.408937
 20
220.266022
 42
-0.309409
  0
VERTEX
  8
0
 10
104.044273
 20
220.945832
 42
-0.219845
  0
VERTEX
  8
0
 10
104.531001
 20
221.756754
 42
-0.085659
  0
VERTEX
  8
0
 10
105.750000
 20
222.310674
 42
0.049066
  0
VERTEX
  8
0
 10
106.282394
 20
222.507227
 42
0.602595
  0
VERTEX
  8
0
 10
106.288210
 20
222.676084
 42
0.109045
  0
VERTEX
  8
0
 10
105.849555
 20
222.813383
 42
0.010989
  0
VERTEX
  8
0
 10
104.750000
 20
222.883999
 42
0.034710
  0
VERTEX
  8
0
 10
103.282511
 20
222.844022
 42
0.157952
  0
VERTEX
  8
0
 10
102.508861
 20
222.507823
 42
0.171139
  0
VERTEX
  8
0
 10
102.114183
 20
221.799817
 42
0.042413
  0
SEQEND
  0
POLYLINE
  8
0
 66
1
 70
1
  0
VERTEX
  8
0
 10
113.394042
 20
221.584473
 42
0.058637
  0
VERTEX
  8
0
 10
113.206621
 20
220.848226
 42
0.020187
  0
VERTEX
  8
0
 10
113.105758
 20
219.752130
 42
0.019741
  0
VERTEX
  8
0
 10
113.091117
 20
218.523517
 42
0.021616
  0
VERTEX
  8
0
 10
113.175426
 20
217.334473
 42
0.125054
  0
VERTEX
  8
0
 10
113.973457
 20
215.232376
 42
0.177001
  0
VERTEX
  8
0
 10
115.600296
 20
214.098303
 42
0.216524
  0
VERTEX
  8
0
 10
117.326568
 20
214.391184
 42
0.168812
  0
VERTEX
  8
0
 10
118.478658
 20
215.932756
 42
0.065571
  0
VERTEX
  8
0
 10
118.772647
 20
217.582254
 42
0.128162
  0
VERTEX
  8
0
 10
118.496829
 20
218.879421
 42
0.159331
  0
VERTEX
  8
0
 10
117.685038
 20
219.699287
 42
0.119144
  0
VERTEX
  8
0
 10
116.440983
 20
220.000000
 42
-0.072426
  0
VERTEX
  8
0
 10
115.890337
 20
220.080182
 42
-0.087308
  0
VERTEX
  8
0
 10
115.423289
 20
220.313545
 42
-0.100468
  0
VERTEX
  8
0
 10
115.111059
 20
220.660347
 42
-0.133974
  0
VERTEX
  8
0
 10
115.000000
 20
221.067388
 42
-0.210954
  0
VERTEX
  8
0
 10
115.164621
 20
221.440206
 42
-0.139999
  0
VERTEX
  8
0
 10
115.589780
 20
221.651372
 42
-0.084065
  0
VERTEX
  8
0
 10
116.265537
 20
221.661549
 42
-0.038683
  0
VERTEX
  8
0
 10
117.125229
 20
221.460254
 42
0.021768
  0
VERTEX
  8
0
 10
118.055035
 20
221.209117
 42
0.128686
  0
VERTEX
  8
0
 10
118.554692
 20
221.226959
 42
0.359143
  0
VERTEX
  8
0
 10
118.712143
 20
221.462349
 42
0.113869
  0
VERTEX
  8
0
 10
118.566212
 20
221.892866
 42
0.173851
  0
VERTEX
  8
0
 10
117.507035
 20
222.737121
 42
0.097370
  0
VERTEX
  8
0
 10
115.855113
 20
222.960777
 42
0.099446
  0
VERTEX
  8
0
 10
114.270194
 20
222.542894
 42
0.189302
  0
SEQEND
  0
POLYLINE
  8
0
 66
1
 70
1
  0
VERTEX
  8
0
 10
117.000000
 20
216.940983
 42
-0.105429
  0
VERTEX
  8
0
 10
116.923444
 20
216.581949
 42
-0.099231
  0
VERTEX
  8
0
 10
116.706250
 20
216.276414
 42
-0.096318
  0
VERTEX
  8
0
 10
116.381732
 20
216.071618
 42
-0.092995
  0
VERTEX
  8
0
 10
116.000000
 20
216.000000
 42
-0.153634
  0
VERTEX
  8
0
 10
115.618621
 20
216.120018
 42
-0.097988
  0
VERTEX
  8
0
 10
115.293750
 20
216.457961
 42
-0.080552
  0
VERTEX
  8
0
 10
115.074545
 20
216.962904
 42
-0.062283
  0
VERTEX
  8
0
 10
115.000000
 20
217.559017
 42
-0.066118
  0
VERTEX
  8
0
 10
115.073267
 20
218.110654
 42
-0.138808
  0
VERTEX
  8
0
 10
115.293750
 20
218.478525
 42
-0.191142
  0
VERTEX
  8
0
 10
115.620352
 20
218.607943
 42
-0.139169
  0
VERTEX
  8
0
 10
116.000000
 20
218.500000
 42
-0.060810
  0
VERTEX
  8
0
 10
116.382515
 20
218.193797
 42
-0.051032
  0
VERTEX
  8
0
 10
116.706250
 20
217.787100
 42
-0.053229
  0
VERTEX
  8
0
 10
116.926698
 20
217.346558
 42
-0.089642
  0
SEQEND
  0
POLYLINE
  8
0
 66
1
 70
1
  0
VERTEX
  8
0
 10
84.243813
 20
218.981201
 42
-0.046937
  0
VERTEX
  8
0
 10
84.727267
 20
218.016211
 42
-0.106015
  0
VERTEX
  8
0
 10
84.856362
 20
217.213191
 42
-0.109116
  0
VERTEX
  8
0
 10
84.643770
 20
216.442682
 42
-0.051580
  0
VERTEX
  8
0
 10
84.067391
 20
215.581201
 42
0.076689
  0
VERTEX
  8
0
 10
83.435850
 20
214.526786
 42
0.464930
  0
VERTEX
  8
0
 10
83.694603
 20
214.034384
 42
0.205158
  0
VERTEX
  8
0
 10
84.592711
 20
214.205371
 42
0.048178
  0
VERTEX
  8
0
 10
85.800000
 20
215.200000
 42
-0.018208
  0
VERTEX
  8
0
 10
86.421376
 20
215.777696
 42
-0.180052
  0
VERTEX
  8
0
 10
86.750000
 20
215.900000
 42
-0.354955
  0
VERTEX
  8
0
 10
86.943785
 20
215.742599
 42
-0.051663
  0
VERTEX
  8
0
 10
87.000000
 20
215.200000
 42
0.124902
  0
VERTEX
  8
0
 10
87.116135
 20
214.742348
 42
0.100781
  0
VERTEX
  8
0
 10
87.443114
 20
214.352500
 42
0.090354
  0
VERTEX
  8
0
 10
87.932219
 20
214.090501
 42
0.078047
  0
VERTEX
  8
0
 10
88.508474
 20
214.000000
 42
0.059254
  0
VERTEX
  8
0
 10
89.233529
 20
214.086228
 42
0.302173
  0
VERTEX
  8
0
 10
89.495838
 20
214.369407
 42
0.162368
  0
VERTEX
  8
0
 10
89.411724
 20
214.885160
 42
0.018666
  0
VERTEX
  8
0
 10
88.818638
 20
215.918799
 42
-0.038783
  0
VERTEX
  8
0
 10
88.284537
 20
216.942911
 42
-0.103442
  0
VERTEX
  8
0
 10
88.124057
 20
217.746796
 42
-0.115795
  0
VERTEX
  8
0
 10
88.306160
 20
218.491983
 42
-0.055679
  0
VERTEX
  8
0
 10
88.849616
 20
219.318799
 42
0.063215
  0
VERTEX
  8
0
 10
89.347118
 20
220.101047
 42
0.373569
  0
VERTEX
  8
0
 10
89.225623
 20
220.531931
 42
0.135013
  0
VERTEX
  8
0
 10
88.528136
 20
220.757305
 42
0.011033
  0
VERTEX
  8
0
 10
86.593429
 20
220.800000
 42
0.011337
  0
VERTEX
  8
0
 10
84.555759
 20
220.753793
 42
0.154561
  0
VERTEX
  8
0
 10
83.867636
 20
220.501015
 42
0.333035
  0
VERTEX
  8
0
 10
83.730128
 20
220.002411
 42
0.046128
  0
SEQEND
  0
POLYLINE
  8
0
 66
1
 70
1
  0
VERTEX
  8
0
 10
79.979785
 20
199.962227
 42
0.090680
  0
VERTEX
  8
0
 10
79.258472
 20
197.714540
 42
0.145636
  0
VERTEX
  8
0
 10
79.575974
 20
195.741742
 42
0.174363
  0
VERTEX
  8
0
 10
80.845930
 20
194.493609
 42
0.138380
  0
VERTEX
  8
0
 10
82.758721
 20
194.191861
 42
0.050666
  0
VERTEX
  8
0
 10
83.784605
 20
194.421048
 42
0.052615
  0
VERTEX
  8
0
 10
84.729680
 20
194.850109
 42
0.058286
  0
VERTEX
  8
0
 10
85.460226
 20
195.402879
 42
0.123377
  0
VERTEX
  8
0
 10
85.835502
 20
196.000000
 42
0.019906
  0
VERTEX
  8
0
 10
86.064451
 20
196.809044
 42
0.449053
  0
VERTEX
  8
0
 10
85.941113
 20
196.986205
 42
0.196872
  0
VERTEX
  8
0
 10
85.627064
 20
196.899197
 42
0.007754
  0
VERTEX
  8
0
 10
84.675356
 20
196.138124
 42
-0.108932
  0
VERTEX
  8
0
 10
83.195148
 20
195.380538
 42
-0.127916
  0
VERTEX
  8
0
 10
81.623204
 20
195.378032
 42
-0.154915
  0
VERTEX
  8
0
 10
80.452602
 20
196.112334
 42
-0.177626
  0
VERTEX
  8
0
 10
80.000000
 20
197.346170
 42
-0.085120
  0
VERTEX
  8
0
 10
80.108001
 20
197.975982
 42
-0.043726
  0
VERTEX
  8
0
 10
80.440625
 20
198.706921
 42
-0.041783
  0
VERTEX
  8
0
 10
80.926052
 20
199.419567
 42
-0.049186
  0
VERTEX
  8
0
 10
81.500000
 20
200.000000
 42
-0.051720
  0
VERTEX
  8
0
 10
82.340853
 20
200.562239
 42
-0.132074
  0
VERTEX
  8
0
 10
83.049820
 20
200.723310
 42
-0.119011
  0
VERTEX
  8
0
 10
83.790886
 20
200.513311
 42
-0.038024
  0
VERTEX
  8
0
 10
84.750000
 20
199.872445
 42
0.001576
  0
VERTEX
  8
0
 10
85.879507
 20
198.992360
 42
0.377591
  0
VERTEX
  8
0
 10
86.000000
 20
199.000000
 42
0.377591
  0
VERTEX
  8
0
 10
86.007640
 20
199.120493
 42
0.001576
  0
VERTEX
  8
0
 10
85.127555
 20
200.250000
 42
0.077386
  0
VERTEX
  8
0
 10
83.755191
 20
201.531737
 42
0.164625
  0
VERTEX
  8
0
 10
82.372083
 20
201.915236
 42
0.171958
  0
VERTEX
  8
0
 10
81.082430
 20
201.375400
 42
0.085806
  0
SEQEND
  0
POLYLINE
  8
0
 66
1
 70
1
  0
VERTEX
  8
0
 10
127.666667
 20
201.333333
 42
0.134946
  0
VERTEX
  8
0
 10
127.407259
 20
200.877234
 42
0.021593
  0
VERTEX
  8
0
 10
127.195833
 20
199.863822
 42
0.022555
  0
VERTEX
  8
0
 10
127.048840
 20
198.617464
 42
0.018075
  0
VERTEX
  8
0
 10
127.000000
 20
197.266911
 42
0.019629
  0
VERTEX
  8
0
 10
127.078510
 20
195.267865
 42
0.163897
  0
VERTEX
  8
0
 10
127.428952
 20
194.446815
 42
0.208066
  0
VERTEX
  8
0
 10
128.159438
 20
194.109852
 42
0.034133
  0
VERTEX
  8
0
 10
129.750000
 20
194.183578
 42
0.041449
  0
VERTEX
  8
0
 10
131.134729
 20
194.460542
 42
0.129408
  0
VERTEX
  8
0
 10
131.944339
 20
194.943256
 42
0.140880
  0
VERTEX
  8
0
 10
132.372260
 20
195.734347
 42
0.052763
  0
VERTEX
  8
0
 10
132.512693
 20
197.000000
 42
0.081042
  0
VERTEX
  8
0
 10
132.103094
 20
199.593250
 42
0.131451
  0
VERTEX
  8
0
 10
130.888056
 20
201.448647
 42
0.194577
  0
VERTEX
  8
0
 10
129.265121
 20
202.032348
 42
0.188770
  0
SEQEND
  0
POLYLINE
  8
0
 66
1
 70
1
  0
VERTEX
  8
0
 10
131.500000
 20
200.000000
 42
-0.210115
  0
VERTEX
  8
0
 10
131.553029
 20
199.621971
 42
-0.178861
  0
VERTEX
  8
0
 10
131.314314
 20
199.293750
 42
-0.100989
  0
VERTEX
  8
0
 10
130.768372
 20
199.071437
 42
-0.046386
  0
VERTEX
  8
0
 10
130.000000
 20
199.000000
 42
-0.046386
  0
VERTEX
  8
0
 10
129.231628
 20
199.071437
 42
-0.100989
  0
VERTEX
  8
0
 10
128.685686
 20
199.293750
 42
-0.178861
  0
VERTEX
  8
0
 10
128.446971
 20
199.621971
 42
-0.210115
  0
VERTEX
  8
0
 10
128.500000
 20
200.000000
 42
-0.057296
  0
VERTEX
  8
0
 10
128.801830
 20
200.382513
 42
-0.050113
  0
VERTEX
  8
0
 10
129.195564
 20
200.706250
 42
-0.052849
  0
VERTEX
  8
0
 10
129.617099
 20
200.926995
 42
-0.094481
  0
VERTEX
  8
0
 10
130.000000
 20
201.000000
 42
-0.094481
  0
VERTEX
  8
0
 10
130.382901
 20
200.926995
 42
-0.052849
  0
VERTEX
  8
0
 10
130.804436
 20
200.706250
 42
-0.050113
  0
VERTEX
  8
0
 10
131.198170
 20
200.382513
 42
-0.057296
  0
SEQEND
  0
POLYLINE
  8
0
 66
1
 70
1
  0
VERTEX
  8
0
 10
132.000000
 20
196.000000
 42
-0.191087
  0
VERTEX
  8
0
 10
131.848523
 20
195.618118
 42
-0.088204
  0
VERTEX
  8
0
 10
131.412500
 20
195.293750
 42
-0.068025
  0
VERTEX
  8
0
 10
130.765418
 20
195.073693
 42
-0.048028
  0
VERTEX
  8
0
 10
130.000000
 20
195.000000
 42
-0.048028
  0
VERTEX
  8
0
 10
129.234582
 20
195.073693
 42
-0.068025
  0
VERTEX
  8
0
 10
128.587500
 20
195.293750
 42
-0.088204
  0
VERTEX
  8
0
 10
128.151477
 20
195.618118
 42
-0.191087
  0
VERTEX
  8
0
 10
128.000000
 20
196.000000
 42
-0.191087
  0
VERTEX
  8
0
 10
128.151477
 20
196.381882
 42
-0.088204
  0
VERTEX
  8
0
 10
128.587500
 20
196.706250
 42
-0.068025
  0
VERTEX
  8
0
 10
129.234582
 20
196.926307
 42
-0.048028
  0
VERTEX
  8
0
 10
130.000000
 20
197.000000
 42
-0.048028
  0
VERTEX
  8
0
 10
130.765418
 20
196.926307
 42
-0.068025
  0
VERTEX
  8
0
 10
131.412500
 20
196.706250
 42
-0.088204
  0
VERTEX
  8
0
 10
131.848523
 20
196.381882
 42
-0.191087
  0
SEQEND
  0
POLYLINE
  8
0
 66
1
 70
1
  0
VERTEX
  8
0
 10
142.666667
 20
201.333333
 42
0.133830
  0
VERTEX
  8
0
 10
142.407375
 20
200.879756
 42
0.022027
  0
VERTEX
  8
0
 10
142.195833
 20
199.883333
 42
0.022866
  0
VERTEX
  8
0
 10
142.048852
 20
198.658442
 42
0.018427
  0
VERTEX
  8
0
 10
142.000000
 20
197.333333
 42
0.023863
  0
VERTEX
  8
0
 10
142.087871
 20
195.493238
 42
0.136151
  0
VERTEX
  8
0
 10
142.434861
 20
194.588091
 42
0.184178
  0
VERTEX
  8
0
 10
143.139400
 20
194.136692
 42
0.051429
  0
VERTEX
  8
0
 10
144.464816
 20
194.000000
 42
0.066681
  0
VERTEX
  8
0
 10
145.508976
 20
194.139874
 42
0.059706
  0
VERTEX
  8
0
 10
146.522247
 20
194.551183
 42
0.061569
  0
VERTEX
  8
0
 10
147.379652
 20
195.173517
 42
0.082326
  0
VERTEX
  8
0
 10
147.964816
 20
195.934259
 42
0.018083
  0
VERTEX
  8
0
 10
148.767562
 20
197.574093
 42
0.135273
  0
VERTEX
  8
0
 10
148.895900
 20
198.422341
 42
0.145631
  0
VERTEX
  8
0
 10
148.565542
 20
199.186641
 42
0.022050
  0
VERTEX
  8
0
 10
147.428571
 20
200.428571
 42
0.060635
  0
VERTEX
  8
0
 10
146.164681
 20
201.418171
 42
0.089082
  0
VERTEX
  8
0
 10
144.849964
 20
201.921243
 42
0.108947
  0
VERTEX
  8
0
 10
143.640975
 20
201.885837
 42
0.135593
  0
SEQEND
  0
POLYLINE
  8
0
 66
1
 70
1
  0
VERTEX
  8
0
 10
146.895041
 20
199.196118
 42
-0.059984
  0
VERTEX
  8
0
 10
147.202721
 20
198.406532
 42
-0.052174
  0
VERTEX
  8
0
 10
147.333254
 20
197.527962
 42
-0.054910
  0
VERTEX
  8
0
 10
147.277897
 20
196.696371
 42
-0.094630
  0
VERTEX
  8
0
 10
147.031149
 20
196.050401
 42
-0.182948
  0
VERTEX
  8
0
 10
145.987286
 20
195.248039
 42
-0.184041
  0
VERTEX
  8
0
 10
144.676892
 20
195.340672
 42
-0.170916
  0
VERTEX
  8
0
 10
143.692243
 20
196.301479
 42
-0.163115
  0
VERTEX
  8
0
 10
143.502894
 20
197.688144
 42
0.003124
  0
VERTEX
  8
0
 10
143.640232
 20
198.436824
 42
0.003113
  0
VERTEX
  8
0
 10
143.768378
 20
199.188080
 42
0.003048
  0
VERTEX
  8
0
 10
143.872252
 20
199.845836
 42
0.012218
  0
VERTEX
  8
0
 10
143.923489
 20
200.250000
 42
-0.245057
  0
VERTEX
  8
0
 10
144.328313
 20
200.864796
 42
-0.215408
  0
VERTEX
  8
0
 10
145.100931
 20
200.929471
 42
-0.114208
  0
VERTEX
  8
0
 10
146.082784
 20
200.302559
 42
-0.071050
  0
SEQEND
  0
POLYLINE
  8
0
 66
1
 70
1
  0
VERTEX
  8
0
 10
116.149832
 20
197.285184
 42
0.002334
  0
VERTEX
  8
0
 10
116.241584
 20
195.212158
 42
0.113425
  0
VERTEX
  8
0
 10
116.353367
 20
194.815645
 42
0.708492
  0
VERTEX
  8
0
 10
116.484140
 20
194.837108
 42
0.006242
  0
VERTEX
  8
0
 10
116.716254
 20
196.250000
 42
-0.029064
  0
VERTEX
  8
0
 10
116.939057
 20
197.303299
 42
-0.042572
  0
VERTEX
  8
0
 10
117.265198
 20
198.192187
 42
-0.050351
  0
VERTEX
  8
0
 10
117.637921
 20
198.817711
 42
-0.237524
  0
VERTEX
  8
0
 10
118.000000
 20
199.000000
 42
-0.237524
  0
VERTEX
  8
0
 10
118.362079
 20
198.817711
 42
-0.050351
  0
VERTEX
  8
0
 10
118.734802
 20
198.192187
 42
-0.042572
  0
VERTEX
  8
0
 10
119.060943
 20
197.303299
 42
-0.029064
  0
VERTEX
  8
0
 10
119.283746
 20
196.250000
 42
0.000000
  0
VERTEX
  8
0
 10
119.700336
 20
193.500000
 42
0.000000
  0
VERTEX
  8
0
 10
119.850168
 20
196.214816
 42
0.052260
  0
VERTEX
  8
0
 10
119.788614
 20
197.462591
 42
0.075373
  0
VERTEX
  8
0
 10
119.458182
 20
198.515186
 42
0.081745
  0
VERTEX
  8
0
 10
118.857319
 20
199.360823
 42
0.074765
  0
VERTEX
  8
0
 10
118.000000
 20
200.000000
 42
0.042291
  0
VERTEX
  8
0
 10
116.847510
 20
200.496618
 42
0.335535
  0
VERTEX
  8
0
 10
116.331105
 20
200.322542
 42
0.150960
  0
VERTEX
  8
0
 10
116.103125
 20
199.581742
 42
0.009614
  0
SEQEND
  0
POLYLINE
  8
0
 66
1
 70
1
  0
VERTEX
  8
0
 10
121.000000
 20
199.559017
 42
0.062283
  0
VERTEX
  8
0
 10
121.074545
 20
198.962904
 42
0.080552
  0
VERTEX
  8
0
 10
121.293750
 20
198.457961
 42
0.097988
  0
VERTEX
  8
0
 10
121.618621
 20
198.120018
 42
0.153634
  0
VERTEX
  8
0
 10
122.000000
 20
198.000000
 42
0.092995
  0
VERTEX
  8
0
 10
122.381732
 20
198.071618
 42
0.096318
  0
VERTEX
  8
0
 10
122.706250
 20
198.276414
 42
0.099231
  0
VERTEX
  8
0
 10
122.923444
 20
198.581949
 42
0.105429
  0
VERTEX
  8
0
 10
123.000000
 20
198.940983
 42
0.089642
  0
VERTEX
  8
0
 10
122.926698
 20
199.346558
 42
0.053229
  0
VERTEX
  8
0
 10
122.706250
 20
199.787100
 42
0.051032
  0
VERTEX
  8
0
 10
122.382515
 20
200.193797
 42
0.060810
  0
VERTEX
  8
0
 10
122.000000
 20
200.500000
 42
0.139169
  0
VERTEX
  8
0
 10
121.620352
 20
200.607943
 42
0.191142
  0
VERTEX
  8
0
 10
121.293750
 20
200.478525
 42
0.138808
  0
VERTEX
  8
0
 10
121.073267
 20
200.110654
 42
0.066118
  0
SEQEND
  0
POLYLINE
  8
0
 66
1
 70
1
  0
VERTEX
  8
0
 10
87.666667
 20
199.333333
 42
0.112380
  0
VERTEX
  8
0
 10
87.409196
 20
198.924097
 42
0.029781
  0
VERTEX
  8
0
 10
87.195833
 20
198.177083
 42
0.028659
  0
VERTEX
  8
0
 10
87.049067
 20
197.275476
 42
0.026022
  0
VERTEX
  8
0
 10
87.000000
 20
196.333333
 42
0.052020
  0
VERTEX
  8
0
 10
87.113126
 20
195.248939
 42
0.127798
  0
VERTEX
  8
0
 10
87.467648
 20
194.537160
 42
0.142893
  0
VERTEX
  8
0
 10
88.093668
 20
194.135369
 42
0.071808
  0
VERTEX
  8
0
 10
89.031385
 20
194.000000
 42
0.129526
  0
VERTEX
  8
0
 10
90.585038
 20
194.409346
 42
0.162965
  0
VERTEX
  8
0
 10
91.574389
 20
195.509390
 42
0.157512
  0
VERTEX
  8
0
 10
91.720740
 20
197.014637
 42
0.119867
  0
VERTEX
  8
0
 10
90.989431
 20
198.512735
 42
0.040333
  0
VERTEX
  8
0
 10
90.036646
 20
199.488766
 42
0.119238
  0
VERTEX
  8
0
 10
89.211188
 20
199.917955
 42
0.162661
  0
VERTEX
  8
0
 10
88.440106
 20
199.855842
 42
0.095923
  0
SEQEND
  0
POLYLINE
  8
0
 66
1
 70
1
  0
VERTEX
  8
0
 10
90.500000
 20
197.000000
 42
-0.085974
  0
VERTEX
  8
0
 10
90.406312
 20
196.459169
 42
-0.069410
  0
VERTEX
  8
0
 10
90.132812
 20
195.935937
 42
-0.069650
  0
VERTEX
  8
0
 10
89.727751
 20
195.509184
 42
-0.087886
  0
VERTEX
  8
0
 10
89.250000
 20
195.250000
 42
-0.162171
  0
VERTEX
  8
0
 10
88.750923
 20
195.249896
 42
-0.158614
  0
VERTEX
  8
0
 10
88.346154
 20
195.548718
 42
-0.105759
  0
VERTEX
  8
0
 10
88.084641
 20
196.151204
 42
-0.049736
  0
VERTEX
  8
0
 10
88.000000
 20
197.000000
 42
-0.049736
  0
VERTEX
  8
0
 10
88.084641
 20
197.848796
 42
-0.105759
  0
VERTEX
  8
0
 10
88.346154
 20
198.451282
 42
-0.158614
  0
VERTEX
  8
0
 10
88.750923
 20
198.750104
 42
-0.162171
  0
VERTEX
  8
0
 10
89.250000
 20
198.750000
 42
-0.087886
  0
VERTEX
  8
0
 10
89.727751
 20
198.490816
 42
-0.069650
  0
VERTEX
  8
0
 10
90.132812
 20
198.064063
 42
-0.069410
  0
VERTEX
  8
0
 10
90.406312
 20
197.540831
 42
-0.085974
  0
SEQEND
  0
POLYLINE
  8
0
 66
1
 70
1
  0
VERTEX
  8
0
 10
94.250000
 20
199.291667
 42
0.185397
  0
VERTEX
  8
0
 10
93.762678
 20
198.865909
 42
0.052417
  0
VERTEX
  8
0
 10
93.380893
 20
197.913784
 42
0.044034
  0
VERTEX
  8
0
 10
93.137078
 20
196.636394
 42
0.030539
  0
VERTEX
  8
0
 10
93.078947
 20
195.166667
 42
0.013255
  0
VERTEX
  8
0
 10
93.142925
 20
193.835817
 42
0.040599
  0
VERTEX
  8
0
 10
93.282867
 20
192.944271
 42
0.195647
  0
VERTEX
  8
0
 10
93.467779
 20
192.687036
 42
0.467240
  0
VERTEX
  8
0
 10
93.662281
 20
192.750000
 42
-0.083885
  0
VERTEX
  8
0
 10
93.955873
 20
193.227890
 42
-0.064895
  0
VERTEX
  8
0
 10
94.414854
 20
193.632812
 42
-0.064878
  0
VERTEX
  8
0
 10
94.962435
 20
193.906653
 42
-0.083731
  0
VERTEX
  8
0
 10
95.515946
 20
194.000000
 42
0.141047
  0
VERTEX
  8
0
 10
96.084499
 20
194.163641
 42
0.066535
  0
VERTEX
  8
0
 10
96.677116
 20
194.656113
 42
0.058040
  0
VERTEX
  8
0
 10
97.202824
 20
195.379252
 42
0.051376
  0
VERTEX
  8
0
 10
97.574134
 20
196.233577
 42
0.000000
  0
VERTEX
  8
0
 10
98.283044
 20
198.467153
 42
0.000000
  0
VERTEX
  8
0
 10
99.143462
 20
196.141223
 42
-0.031033
  0
VERTEX
  8
0
 10
99.431420
 20
195.184181
 42
-0.034482
  0
VERTEX
  8
0
 10
99.586350
 20
194.231914
 42
-0.036859
  0
VERTEX
  8
0
 10
99.601635
 20
193.413017
 42
-0.125288
  0
VERTEX
  8
0
 10
99.442923
 20
192.907647
 42
0.081422
  0
VERTEX
  8
0
 10
99.299901
 20
192.560783
 42
0.159869
  0
VERTEX
  8
0
 10
99.325988
 20
192.266621
 42
0.183147
  0
VERTEX
  8
0
 10
99.514622
 20
192.071223
 42
0.110631
  0
VERTEX
  8
0
 10
99.832575
 20
192.000000
 42
0.196214
  0
VERTEX
  8
0
 10
100.239885
 20
192.166240
 42
0.055631
  0
VERTEX
  8
0
 10
100.681410
 20
192.707085
 42
0.047000
  0
VERTEX
  8
0
 10
101.086273
 20
193.485591
 42
0.034945
  0
VERTEX
  8
0
 10
101.387327
 20
194.407099
 42
-0.003580
  0
VERTEX
  8
0
 10
101.660456
 20
195.463245
 42
-0.002513
  0
VERTEX
  8
0
 10
101.982421
 20
196.648465
 42
-0.002535
  0
VERTEX
  8
0
 10
102.302160
 20
197.780203
 42
-0.005300
  0
VERTEX
  8
0
 10
102.564805
 20
198.657099
 42
0.056877
  0
VERTEX
  8
0
 10
102.660855
 20
199.162022
 42
0.628773
  0
VERTEX
  8
0
 10
102.526544
 20
199.239375
 42
0.093691
  0
VERTEX
  8
0
 10
102.181986
 20
198.893764
 42
0.011696
  0
VERTEX
  8
0
 10
101.604505
 20
198.000000
 42
-0.007989
  0
VERTEX
  8
0
 10
100.738822
 20
196.638141
 42
-0.151048
  0
VERTEX
  8
0
 10
100.353018
 20
196.320527
 42
-0.485518
  0
VERTEX
  8
0
 10
100.112524
 20
196.456652
 42
-0.033179
  0
VERTEX
  8
0
 10
100.035435
 20
197.356989
 42
0.060808
  0
VERTEX
  8
0
 10
99.930403
 20
198.099374
 42
0.139529
  0
VERTEX
  8
0
 10
99.642996
 20
198.579624
 42
0.174796
  0
VERTEX
  8
0
 10
99.195548
 20
198.773116
 42
0.107527
  0
VERTEX
  8
0
 10
98.621855
 20
198.685134
 42
-0.064815
  0
VERTEX
  8
0
 10
98.029950
 20
198.542192
 42
-0.056577
  0
VERTEX
  8
0
 10
97.392433
 20
198.545714
 42
-0.059446
  0
VERTEX
  8
0
 10
96.807210
 20
198.687260
 42
-0.096402
  0
VERTEX
  8
0
 10
96.371855
 20
198.953145
 42
0.087296
  0
VERTEX
  8
0
 10
95.945758
 20
199.224060
 42
0.058561
  0
VERTEX
  8
0
 10
95.388920
 20
199.381288
 42
0.057030
  0
VERTEX
  8
0
 10
94.792882
 20
199.407693
 42
0.070562
  0
SEQEND
  0
POLYLINE
  8
0
 66
1
 70
1
  0
VERTEX
  8
0
 10
96.216667
 20
195.816667
 42
-0.103621
  0
VERTEX
  8
0
 10
95.205275
 20
195.155634
 42
-0.297810
  0
VERTEX
  8
0
 10
94.422432
 20
195.319633
 42
-0.219336
  0
VERTEX
  8
0
 10
94.091174
 20
196.217175
 42
-0.072159
  0
VERTEX
  8
0
 10
94.409244
 20
197.624089
 42
-0.040341
  0
VERTEX
  8
0
 10
94.787781
 20
198.413665
 42
-0.190670
  0
VERTEX
  8
0
 10
95.174991
 20
198.718105
 42
-0.218633
  0
VERTEX
  8
0
 10
95.629413
 20
198.653597
 42
-0.053524
  0
VERTEX
  8
0
 10
96.232783
 20
198.167217
 42
-0.053474
  0
VERTEX
  8
0
 10
96.739052
 20
197.539301
 42
-0.145657
  0
VERTEX
  8
0
 10
96.896548
 20
196.996548
 42
-0.143917
  0
VERTEX
  8
0
 10
96.732364
 20
196.451783
 42
-0.051746
  0
SEQEND
  0
POLYLINE
  8
0
 66
1
 70
1
  0
VERTEX
  8
0
 10
105.250000
 20
199.281721
 42
0.156376
  0
VERTEX
  8
0
 10
104.776359
 20
198.918167
 42
0.061657
  0
VERTEX
  8
0
 10
104.390378
 20
198.181714
 42
0.053051
  0
VERTEX
  8
0
 10
104.141165
 20
197.220113
 42
0.044324
  0
VERTEX
  8
0
 10
104.078947
 20
196.166667
 42
0.017073
  0
VERTEX
  8
0
 10
104.139370
 20
195.219996
 42
0.090986
  0
VERTEX
  8
0
 10
104.281661
 20
194.723958
 42
0.506310
  0
VERTEX
  8
0
 10
104.463525
 20
194.692253
 42
0.121623
  0
VERTEX
  8
0
 10
104.658175
 20
195.000000
 42
-0.005499
  0
VERTEX
  8
0
 10
105.649503
 20
197.866865
 42
-0.167703
  0
VERTEX
  8
0
 10
106.117514
 20
198.450097
 42
-0.489281
  0
VERTEX
  8
0
 10
106.530954
 20
198.300201
 42
-0.018981
  0
VERTEX
  8
0
 10
107.038779
 20
196.500000
 42
0.000000
  0
VERTEX
  8
0
 10
107.763370
 20
193.500000
 42
0.000000
  0
VERTEX
  8
0
 10
107.881685
 20
196.190983
 42
0.039792
  0
VERTEX
  8
0
 10
107.815964
 20
198.036166
 42
0.148632
  0
VERTEX
  8
0
 10
107.358114
 20
199.088878
 42
0.214747
  0
VERTEX
  8
0
 10
106.513541
 20
199.488942
 42
0.091182
  0
SEQEND
  0
POLYLINE
  8
0
 66
1
 70
1
  0
VERTEX
  8
0
 10
110.666667
 20
199.333333
 42
0.158383
  0
VERTEX
  8
0
 10
109.977314
 20
197.980412
 42
0.088970
  0
VERTEX
  8
0
 10
110.015289
 20
196.117978
 42
0.098431
  0
VERTEX
  8
0
 10
110.675043
 20
194.531437
 42
0.239512
  0
VERTEX
  8
0
 10
111.750000
 20
193.929715
 42
-0.011173
  0
VERTEX
  8
0
 10
112.721577
 20
193.868926
 42
-0.467319
  0
VERTEX
  8
0
 10
112.827495
 20
193.717909
 42
-0.223503
  0
VERTEX
  8
0
 10
112.652006
 20
193.510599
 42
-0.005675
  0
VERTEX
  8
0
 10
111.500000
 20
193.000000
 42
0.003751
  0
VERTEX
  8
0
 10
110.185338
 20
192.423348
 42
0.368608
  0
VERTEX
  8
0
 10
110.104278
 20
192.252774
 42
0.326773
  0
VERTEX
  8
0
 10
110.261086
 20
192.126890
 42
0.003386
  0
VERTEX
  8
0
 10
111.750000
 20
192.070285
 42
0.054201
  0
VERTEX
  8
0
 10
112.783543
 20
192.150097
 42
0.129584
  0
VERTEX
  8
0
 10
113.473192
 20
192.477382
 42
0.144521
  0
VERTEX
  8
0
 10
113.866719
 20
193.074230
 42
0.074100
  0
VERTEX
  8
0
 10
114.000000
 20
193.968615
 42
0.051069
  0
VERTEX
  8
0
 10
113.913200
 20
194.816231
 42
0.155809
  0
VERTEX
  8
0
 10
113.632608
 20
195.314080
 42
0.195231
  0
VERTEX
  8
0
 10
113.163102
 20
195.492319
 42
0.086117
  0
VERTEX
  8
0
 10
112.500000
 20
195.361626
 42
-0.089917
  0
VERTEX
  8
0
 10
111.828212
 20
195.234478
 42
-0.203610
  0
VERTEX
  8
0
 10
111.359682
 20
195.429276
 42
-0.150258
  0
VERTEX
  8
0
 10
111.083046
 20
195.964874
 42
-0.044649
  0
VERTEX
  8
0
 10
111.000000
 20
196.893011
 42
-0.045500
  0
VERTEX
  8
0
 10
111.073543
 20
197.699503
 42
-0.065407
  0
VERTEX
  8
0
 10
111.293750
 20
198.381072
 42
-0.085412
  0
VERTEX
  8
0
 10
111.617926
 20
198.841416
 42
-0.199288
  0
VERTEX
  8
0
 10
112.000000
 20
199.000000
 42
-0.099038
  0
VERTEX
  8
0
 10
112.381638
 20
198.923658
 42
-0.097945
  0
VERTEX
  8
0
 10
112.706250
 20
198.706250
 42
-0.097945
  0
VERTEX
  8
0
 10
112.923658
 20
198.381638
 42
-0.099038
  0
VERTEX
  8
0
 10
113.000000
 20
198.000000
 42
0.111474
  0
VERTEX
  8
0
 10
113.086121
 20
197.618517
 42
0.100072
  0
VERTEX
  8
0
 10
113.329718
 20
197.293750
 42
0.094595
  0
VERTEX
  8
0
 10
113.693871
 20
197.075889
 42
0.087854
  0
VERTEX
  8
0
 10
114.122445
 20
197.000000
 42
0.122183
  0
VERTEX
  8
0
 10
114.532179
 20
197.101643
 42
0.300026
  0
VERTEX
  8
0
 10
114.674576
 20
197.361364
 42
0.128583
  0
VERTEX
  8
0
 10
114.517710
 20
197.808783
 42
0.024942
  0
VERTEX
  8
0
 10
114.000000
 20
198.500000
 42
0.039885
  0
VERTEX
  8
0
 10
113.041159
 20
199.483995
 42
0.118966
  0
VERTEX
  8
0
 10
112.213419
 20
199.916819
 42
0.163139
  0
VERTEX
  8
0
 10
111.441361
 20
199.856126
 42
0.096175
  0
SEQEND
  0
POLYLINE
  8
0
 66
1
 70
1
  0
VERTEX
  8
0
 10
150.666667
 20
199.333333
 42
0.109910
  0
VERTEX
  8
0
 10
150.409362
 20
198.928755
 42
0.030580
  0
VERTEX
  8
0
 10
150.195833
 20
198.203625
 42
0.029300
  0
VERTEX
  8
0
 10
150.049087
 20
197.331241
 42
0.027024
  0
VERTEX
  8
0
 10
150.000000
 20
196.423689
 42
0.076682
  0
VERTEX
  8
0
 10
150.187646
 20
195.207352
 42
0.207386
  0
VERTEX
  8
0
 10
150.748290
 20
194.561777
 42
0.103162
  0
VERTEX
  8
0
 10
151.909750
 20
194.276167
 42
0.012661
  0
VERTEX
  8
0
 10
154.539237
 20
194.249333
 42
0.026907
  0
VERTEX
  8
0
 10
157.559559
 20
194.457817
 42
0.102496
  0
VERTEX
  8
0
 10
159.339344
 20
195.061474
 42
0.425626
  0
VERTEX
  8
0
 10
159.523575
 20
195.831908
 42
0.159920
  0
VERTEX
  8
0
 10
158.563382
 20
196.614052
 42
-0.073126
  0
VERTEX
  8
0
 10
157.368067
 20
197.286433
 42
-0.260148
  0
VERTEX
  8
0
 10
157.035417
 20
198.065848
 42
-0.370232
  0
VERTEX
  8
0
 10
157.534029
 20
198.535975
 42
-0.089756
  0
VERTEX
  8
0
 10
158.750000
 20
198.374283
 42
0.003969
  0
VERTEX
  8
0
 10
159.771269
 20
198.054679
 42
0.369295
  0
VERTEX
  8
0
 10
159.903721
 20
198.112588
 42
0.360133
  0
VERTEX
  8
0
 10
159.868834
 20
198.255005
 42
0.003906
  0
VERTEX
  8
0
 10
159.000000
 20
198.890355
 42
0.032712
  0
VERTEX
  8
0
 10
157.630411
 20
199.745574
 42
0.152635
  0
VERTEX
  8
0
 10
156.727531
 20
199.919086
 42
0.272400
  0
VERTEX
  8
0
 10
156.193028
 20
199.516983
 42
0.098803
  0
VERTEX
  8
0
 10
156.000000
 20
198.549690
 42
0.100292
  0
VERTEX
  8
0
 10
156.127617
 20
197.919862
 42
0.054217
  0
VERTEX
  8
0
 10
156.514062
 20
197.225995
 42
0.050884
  0
VERTEX
  8
0
 10
157.080635
 20
196.577617
 42
0.055942
  0
VERTEX
  8
0
 10
157.750000
 20
196.080099
 42
-0.095370
  0
VERTEX
  8
0
 10
158.474860
 20
195.447449
 42
-0.551994
  0
VERTEX
  8
0
 10
158.335550
 20
195.060641
 42
-0.116179
  0
VERTEX
  8
0
 10
157.256838
 20
195.076780
 42
-0.030041
  0
VERTEX
  8
0
 10
155.587531
 20
195.604785
 42
-0.068766
  0
VERTEX
  8
0
 10
155.031516
 20
195.911231
 42
-0.099193
  0
VERTEX
  8
0
 10
154.657272
 20
196.327726
 42
-0.123474
  0
VERTEX
  8
0
 10
154.521348
 20
196.785593
 42
-0.150227
  0
VERTEX
  8
0
 10
154.633859
 20
197.216588
 42
0.281724
  0
VERTEX
  8
0
 10
154.638807
 20
198.351310
 42
0.134759
  0
VERTEX
  8
0
 10
153.539115
 20
199.392418
 42
0.114432
  0
VERTEX
  8
0
 10
151.919484
 20
199.827204
 42
0.207866
  0
SEQEND
  0
POLYLINE
  8
0
 66
1
 70
1
  0
VERTEX
  8
0
 10
153.000000
 20
198.000000
 42
-0.105053
  0
VERTEX
  8
0
 10
152.918938
 20
197.618444
 42
-0.099167
  0
VERTEX
  8
0
 10
152.688914
 20
197.293750
 42
-0.096420
  0
VERTEX
  8
0
 10
152.345238
 20
197.076123
 42
-0.093332
  0
VERTEX
  8
0
 10
151.940983
 20
197.000000
 42
-0.108972
  0
VERTEX
  8
0
 10
151.586039
 20
197.078288
 42
-0.182303
  0
VERTEX
  8
0
 10
151.374600
 20
197.293750
 42
-0.161196
  0
VERTEX
  8
0
 10
151.343488
 20
197.617900
 42
-0.082592
  0
VERTEX
  8
0
 10
151.500000
 20
198.000000
 42
-0.029505
  0
VERTEX
  8
0
 10
151.768994
 20
198.382774
 42
-0.035638
  0
VERTEX
  8
0
 10
152.066025
 20
198.706250
 42
-0.038439
  0
VERTEX
  8
0
 10
152.348290
 20
198.934461
 42
-0.151918
  0
VERTEX
  8
0
 10
152.559017
 20
199.000000
 42
-0.210953
  0
VERTEX
  8
0
 10
152.727648
 20
198.925540
 42
-0.081139
  0
VERTEX
  8
0
 10
152.870461
 20
198.706250
 42
-0.061769
  0
VERTEX
  8
0
 10
152.967655
 20
198.382849
 42
-0.042167
  0
SEQEND
  0
POLYLINE
  8
0
 66
1
 70
1
  0
VERTEX
  8
0
 10
153.729167
 20
195.395833
 42
-0.126455
  0
VERTEX
  8
0
 10
153.402231
 20
195.202593
 42
-0.060344
  0
VERTEX
  8
0
 10
152.916927
 20
195.123424
 42
-0.054150
  0
VERTEX
  8
0
 10
152.359369
 20
195.160852
 42
-0.051402
  0
VERTEX
  8
0
 10
151.812500
 20
195.316886
 42
-0.054073
  0
VERTEX
  8
0
 10
151.395823
 20
195.538436
 42
-0.470617
  0
VERTEX
  8
0
 10
151.378580
 20
195.720685
 42
-0.168741
  0
VERTEX
  8
0
 10
151.670344
 20
195.862007
 42
-0.018894
  0
VERTEX
  8
0
 10
152.416667
 20
195.921053
 42
-0.028489
  0
VERTEX
  8
0
 10
153.112848
 20
195.910055
 42
-0.077125
  0
VERTEX
  8
0
 10
153.592839
 20
195.799335
 42
-0.208169
  0
VERTEX
  8
0
 10
153.775380
 20
195.614691
 42
-0.296942
  0
SEQEND
  0
POLYLINE
  8
0
 66
1
 70
1
  0
VERTEX
  8
0
 10
163.666667
 20
199.333333
 42
0.153524
  0
VERTEX
  8
0
 10
162.986066
 20
198.028343
 42
0.119552
  0
VERTEX
  8
0
 10
163.085612
 20
196.422643
 42
0.115800
  0
VERTEX
  8
0
 10
163.918836
 20
195.002064
 42
0.138169
  0
VERTEX
  8
0
 10
165.250000
 20
194.212851
 42
-0.004806
  0
VERTEX
  8
0
 10
166.783519
 20
193.788144
 42
-0.385872
  0
VERTEX
  8
0
 10
166.904298
 20
193.593111
 42
-0.276967
  0
VERTEX
  8
0
 10
166.726284
 20
193.391147
 42
-0.003390
  0
VERTEX
  8
0
 10
165.000000
 20
192.854915
 42
0.000000
  0
VERTEX
  8
0
 10
162.500000
 20
192.096889
 42
0.000000
  0
VERTEX
  8
0
 10
164.921649
 20
192.298444
 42
0.057256
  0
VERTEX
  8
0
 10
166.081565
 20
192.530464
 42
0.122595
  0
VERTEX
  8
0
 10
166.852051
 20
193.009008
 42
0.119785
  0
VERTEX
  8
0
 10
167.319067
 20
193.801342
 42
0.053296
  0
VERTEX
  8
0
 10
167.546706
 20
195.000000
 42
0.080013
  0
VERTEX
  8
0
 10
167.359622
 20
197.378318
 42
0.123644
  0
VERTEX
  8
0
 10
166.404819
 20
199.193557
 42
0.197506
  0
VERTEX
  8
0
 10
165.039627
 20
199.853927
 42
0.214696
  0
SEQEND
  0
POLYLINE
  8
0
 66
1
 70
1
  0
VERTEX
  8
0
 10
166.216667
 20
195.816667
 42
-0.103621
  0
VERTEX
  8
0
 10
165.205275
 20
195.155634
 42
-0.297810
  0
VERTEX
  8
0
 10
164.422432
 20
195.319633
 42
-0.219336
  0
VERTEX
  8
0
 10
164.091174
 20
196.217175
 42
-0.072159
  0
VERTEX
  8
0
 10
164.409244
 20
197.624089
 42
-0.040341
  0
VERTEX
  8
0
 10
164.787781
 20
198.413665
 42
-0.190670
  0
VERTEX
  8
0
 10
165.174991
 20
198.718105
 42
-0.218633
  0
VERTEX
  8
0
 10
165.629413
 20
198.653597
 42
-0.053524
  0
VERTEX
  8
0
 10
166.232783
 20
198.167217
 42
-0.053474
  0
VERTEX
  8
0
 10
166.739052
 20
197.539301
 42
-0.145657
  0
VERTEX
  8
0
 10
166.896548
 20
196.996548
 42
-0.143917
  0
VERTEX
  8
0
 10
166.732364
 20
196.451783
 42
-0.051746
  0
SEQEND
  0
POLYLINE
  8
0
 66
1
 70
1
  0
VERTEX
  8
0
 10
170.250000
 20
199.301633
 42
0.154162
  0
VERTEX
  8
0
 10
169.776306
 20
198.930668
 42
0.060829
  0
VERTEX
  8
0
 10
169.390378
 20
198.187563
 42
0.052561
  0
VERTEX
  8
0
 10
169.141179
 20
197.221578
 42
0.044289
  0
VERTEX
  8
0
 10
169.078947
 20
196.166667
 42
0.017073
  0
VERTEX
  8
0
 10
169.139370
 20
195.219996
 42
0.090986
  0
VERTEX
  8
0
 10
169.281661
 20
194.723958
 42
0.506310
  0
VERTEX
  8
0
 10
169.463525
 20
194.692253
 42
0.121623
  0
VERTEX
  8
0
 10
169.658175
 20
195.000000
 42
-0.004287
  0
VERTEX
  8
0
 10
170.659305
 20
197.918104
 42
-0.127550
  0
VERTEX
  8
0
 10
171.091869
 20
198.560259
 42
-0.525901
  0
VERTEX
  8
0
 10
171.467168
 20
198.466810
 42
-0.025305
  0
VERTEX
  8
0
 10
171.930353
 20
197.010081
 42
0.031591
  0
VERTEX
  8
0
 10
172.234850
 20
196.092507
 42
0.094596
  0
VERTEX
  8
0
 10
172.591158
 20
195.539308
 42
0.234504
  0
VERTEX
  8
0
 10
172.942484
 20
195.411353
 42
0.230405
  0
VERTEX
  8
0
 10
173.260672
 20
195.612759
 42
0.211675
  0
VERTEX
  8
0
 10
173.425628
 20
196.814766
 42
0.101269
  0
VERTEX
  8
0
 10
172.687370
 20
198.223664
 42
0.101489
  0
VERTEX
  8
0
 10
171.456515
 20
199.227180
 42
0.213187
  0
SEQEND
  0
POLYLINE
  8
0
 66
1
 70
1
  0
VERTEX
  8
0
 10
175.666667
 20
199.333333
 42
0.112380
  0
VERTEX
  8
0
 10
175.409196
 20
198.924097
 42
0.029781
  0
VERTEX
  8
0
 10
175.195833
 20
198.177083
 42
0.028659
  0
VERTEX
  8
0
 10
175.049067
 20
197.275476
 42
0.026022
  0
VERTEX
  8
0
 10
175.000000
 20
196.333333
 42
0.052097
  0
VERTEX
  8
0
 10
175.114725
 20
195.235240
 42
0.132332
  0
VERTEX
  8
0
 10
175.475749
 20
194.526856
 42
0.143974
  0
VERTEX
  8
0
 10
176.120686
 20
194.131135
 42
0.066187
  0
VERTEX
  8
0
 10
177.106989
 20
194.000000
 42
0.044649
  0
VERTEX
  8
0
 10
178.035126
 20
194.083046
 42
0.150258
  0
VERTEX
  8
0
 10
178.570724
 20
194.359682
 42
0.203610
  0
VERTEX
  8
0
 10
178.765522
 20
194.828212
 42
0.089917
  0
VERTEX
  8
0
 10
178.638374
 20
195.500000
 42
-0.063955
  0
VERTEX
  8
0
 10
178.498725
 20
196.073955
 42
-0.110935
  0
VERTEX
  8
0
 10
178.552352
 20
196.559375
 42
-0.151648
  0
VERTEX
  8
0
 10
178.786066
 20
196.878577
 42
-0.160814
  0
VERTEX
  8
0
 10
179.153830
 20
197.000000
 42
0.144652
  0
VERTEX
  8
0
 10
179.525786
 20
197.109908
 42
0.281709
  0
VERTEX
  8
0
 10
179.654750
 20
197.378950
 42
0.120630
  0
VERTEX
  8
0
 10
179.491924
 20
197.835917
 42
0.027590
  0
VERTEX
  8
0
 10
179.000000
 20
198.500000
 42
0.039885
  0
VERTEX
  8
0
 10
178.041159
 20
199.483995
 42
0.118966
  0
VERTEX
  8
0
 10
177.213419
 20
199.916819
 42
0.163139
  0
VERTEX
  8
0
 10
176.441361
 20
199.856126
 42
0.096175
  0
SEQEND
  0
POLYLINE
  8
0
 66
1
 70
1
  0
VERTEX
  8
0
 10
178.000000
 20
198.000000
 42
-0.099038
  0
VERTEX
  8
0
 10
177.923658
 20
197.618362
 42
-0.097945
  0
VERTEX
  8
0
 10
177.706250
 20
197.293750
 42
-0.097945
  0
VERTEX
  8
0
 10
177.381638
 20
197.076342
 42
-0.099038
  0
VERTEX
  8
0
 10
177.000000
 20
197.000000
 42
-0.099038
  0
VERTEX
  8
0
 10
176.618362
 20
197.076342
 42
-0.097945
  0
VERTEX
  8
0
 10
176.293750
 20
197.293750
 42
-0.097945
  0
VERTEX
  8
0
 10
176.076342
 20
197.618362
 42
-0.099038
  0
VERTEX
  8
0
 10
176.000000
 20
198.000000
 42
-0.099038
  0
VERTEX
  8
0
 10
176.076342
 20
198.381638
 42
-0.097945
  0
VERTEX
  8
0
 10
176.293750
 20
198.706250
 42
-0.097945
  0
VERTEX
  8
0
 10
176.618362
 20
198.923658
 42
-0.099038
  0
VERTEX
  8
0
 10
177.000000
 20
199.000000
 42
-0.099038
  0
VERTEX
  8
0
 10
177.381638
 20
198.923658
 42
-0.097945
  0
VERTEX
  8
0
 10
177.706250
 20
198.706250
 42
-0.097945
  0
VERTEX
  8
0
 10
177.923658
 20
198.381638
 42
-0.099038
  0
SEQEND
  0
POLYLINE
  8
0
 66
1
 70
1
  0
VERTEX
  8
0
 10
181.666667
 20
199.333333
 42
0.123803
  0
VERTEX
  8
0
 10
181.414250
 20
198.911326
 42
0.028978
  0
VERTEX
  8
0
 10
181.221082
 20
198.103646
 42
0.028136
  0
VERTEX
  8
0
 10
181.102062
 20
197.121194
 42
0.024395
  0
VERTEX
  8
0
 10
181.085953
 20
196.083333
 42
0.002412
  0
VERTEX
  8
0
 10
181.153508
 20
194.310363
 42
0.511146
  0
VERTEX
  8
0
 10
181.276677
 20
194.229166
 42
0.232216
  0
VERTEX
  8
0
 10
181.433345
 20
194.396584
 42
0.001416
  0
VERTEX
  8
0
 10
182.052886
 20
196.449733
 42
0.014295
  0
VERTEX
  8
0
 10
182.584384
 20
198.434553
 42
0.091806
  0
VERTEX
  8
0
 10
182.636067
 20
199.468272
 42
0.453143
  0
VERTEX
  8
0
 10
182.293319
 20
199.696138
 42
0.131040
  0
SEQEND
  0
POLYLINE
  8
0
 66
1
 70
1
  0
VERTEX
  8
0
 10
134.427103
 20
195.451870
 42
0.017149
  0
VERTEX
  8
0
 10
134.500428
 20
194.130750
 42
0.027742
  0
VERTEX
  8
0
 10
134.663261
 20
193.017280
 42
0.026683
  0
VERTEX
  8
0
 10
134.878947
 20
192.186578
 42
0.325497
  0
VERTEX
  8
0
 10
135.128680
 20
192.002943
 42
0.291822
  0
VERTEX
  8
0
 10
135.931721
 20
192.509988
 42
0.020406
  0
VERTEX
  8
0
 10
137.015784
 20
195.081758
 42
0.020711
  0
VERTEX
  8
0
 10
137.885638
 20
197.735934
 42
0.271565
  0
VERTEX
  8
0
 10
137.634602
 20
198.698731
 42
0.272881
  0
VERTEX
  8
0
 10
137.393463
 20
198.760975
 42
0.205642
  0
VERTEX
  8
0
 10
137.177072
 20
198.583898
 42
0.083867
  0
VERTEX
  8
0
 10
137.024224
 20
198.110022
 42
0.032031
  0
VERTEX
  8
0
 10
136.968197
 20
197.416667
 42
-0.010913
  0
VERTEX
  8
0
 10
136.923311
 20
196.248861
 42
-0.350203
  0
VERTEX
  8
0
 10
136.744579
 20
196.050725
 42
-0.269392
  0
VERTEX
  8
0
 10
136.462640
 20
196.157866
 42
-0.007878
  0
VERTEX
  8
0
 10
135.645299
 20
197.198927
 42
0.030079
  0
VERTEX
  8
0
 10
134.919939
 20
198.042872
 42
0.471567
  0
VERTEX
  8
0
 10
134.587983
 20
198.016056
 42
0.151767
  0
VERTEX
  8
0
 10
134.412299
 20
197.463165
 42
0.006896
  0
SEQEND
  0
POLYLINE
  8
0
 66
1
 70
1
  0
VERTEX
  8
0
 10
161.194949
 20
196.500000
 42
0.012823
  0
VERTEX
  8
0
 10
161.235556
 20
195.431793
 42
0.080377
  0
VERTEX
  8
0
 10
161.356533
 20
194.900903
 42
0.597527
  0
VERTEX
  8
0
 10
161.516660
 20
194.883358
 42
0.087174
  0
VERTEX
  8
0
 10
161.692991
 20
195.269032
 42
0.037336
  0
VERTEX
  8
0
 10
161.832894
 20
196.036634
 42
0.029507
  0
VERTEX
  8
0
 10
161.872264
 20
196.880008
 42
0.030339
  0
VERTEX
  8
0
 10
161.814405
 20
197.671085
 42
0.062780
  0
VERTEX
  8
0
 10
161.655937
 20
198.269032
 42
0.313180
  0
VERTEX
  8
0
 10
161.477130
 20
198.386009
 42
0.333666
  0
VERTEX
  8
0
 10
161.315079
 20
198.257153
 42
0.052471
  0
VERTEX
  8
0
 10
161.212705
 20
197.580113
 42
0.014395
  0
SEQEND
  0
POLYLINE
  8
0
 66
1
 70
1
  0
VERTEX
  8
0
 10
65.343974
 20
185.500000
 42
0.017171
  0
VERTEX
  8
0
 10
65.512120
 20
183.210931
 42
0.120198
  0
VERTEX
  8
0
 10
65.890039
 20
182.165603
 42
0.191456
  0
VERTEX
  8
0
 10
66.622486
 20
181.657700
 42
0.057055
  0
VERTEX
  8
0
 10
68.000000
 20
181.500000
 42
0.057055
  0
VERTEX
  8
0
 10
69.377514
 20
181.657700
 42
0.191456
  0
VERTEX
  8
0
 10
70.109961
 20
182.165603
 42
0.120198
  0
VERTEX
  8
0
 10
70.487880
 20
183.210931
 42
0.017171
  0
VERTEX
  8
0
 10
70.656026
 20
185.500000
 42
0.000000
  0
VERTEX
  8
0
 10
70.812051
 20
189.500000
 42
0.000000
  0
VERTEX
  8
0
 10
70.156026
 20
186.000000
 42
-0.032492
  0
VERTEX
  8
0
 10
69.785341
 20
184.549780
 42
-0.059294
  0
VERTEX
  8
0
 10
69.272689
 20
183.442671
 42
-0.081249
  0
VERTEX
  8
0
 10
68.663641
 20
182.740147
 42
-0.175367
  0
VERTEX
  8
0
 10
68.000000
 20
182.500000
 42
-0.175367
  0
VERTEX
  8
0
 10
67.336359
 20
182.740147
 42
-0.081249
  0
VERTEX
  8
0
 10
66.727311
 20
183.442671
 42
-0.059294
  0
VERTEX
  8
0
 10
66.214659
 20
184.549780
 42
-0.032492
  0
VERTEX
  8
0
 10
65.843974
 20
186.000000
 42
0.000000
  0
VERTEX
  8
0
 10
65.187949
 20
189.500000
 42
0.000000
  0
SEQEND
  0
POLYLINE
  8
0
 66
1
 70
1
  0
VERTEX
  8
0
 10
93.149832
 20
184.788955
 42
0.004218
  0
VERTEX
  8
0
 10
93.235772
 20
182.808052
 42
0.075361
  0
VERTEX
  8
0
 10
93.363521
 20
182.184990
 42
0.746329
  0
VERTEX
  8
0
 10
93.516230
 20
182.194803
 42
0.018499
  0
VERTEX
  8
0
 10
93.716254
 20
183.250000
 42
-0.031318
  0
VERTEX
  8
0
 10
93.943991
 20
184.303169
 42
-0.045236
  0
VERTEX
  8
0
 10
94.284710
 20
185.192187
 42
-0.054426
  0
VERTEX
  8
0
 10
94.678663
 20
185.813430
 42
-0.228062
  0
VERTEX
  8
0
 10
95.066422
 20
186.000000
 42
-0.243856
  0
VERTEX
  8
0
 10
95.434769
 20
185.808995
 42
-0.060839
  0
VERTEX
  8
0
 10
95.765765
 20
185.192187
 42
-0.048338
  0
VERTEX
  8
0
 10
96.015968
 20
184.303339
 42
-0.032088
  0
VERTEX
  8
0
 10
96.136182
 20
183.250000
 42
0.001404
  0
VERTEX
  8
0
 10
96.229057
 20
181.475430
 42
0.232186
  0
VERTEX
  8
0
 10
96.321658
 20
181.310418
 42
0.539014
  0
VERTEX
  8
0
 10
96.427832
 20
181.353518
 42
0.002166
  0
VERTEX
  8
0
 10
96.718682
 20
182.848812
 42
0.070066
  0
VERTEX
  8
0
 10
96.772862
 20
183.979639
 42
0.068210
  0
VERTEX
  8
0
 10
96.514367
 20
185.092478
 42
0.063901
  0
VERTEX
  8
0
 10
95.944683
 20
186.155209
 42
0.050309
  0
VERTEX
  8
0
 10
95.082500
 20
187.137767
 42
0.000000
  0
VERTEX
  8
0
 10
93.000000
 20
189.077910
 42
0.000000
  0
SEQEND
  0
POLYLINE
  8
0
 66
1
 70
1
  0
VERTEX
  8
0
 10
124.992198
 20
188.250000
 42
-0.258728
  0
VERTEX
  8
0
 10
124.391152
 20
187.192307
 42
-0.058874
  0
VERTEX
  8
0
 10
122.448563
 20
186.301217
 42
-0.058126
  0
VERTEX
  8
0
 10
120.312038
 20
185.876252
 42
-0.219848
  0
VERTEX
  8
0
 10
119.064814
 20
186.335186
 42
0.257893
  0
VERTEX
  8
0
 10
117.826012
 20
186.692230
 42
0.147052
  0
VERTEX
  8
0
 10
116.432686
 20
185.901508
 42
0.118676
  0
VERTEX
  8
0
 10
115.507938
 20
184.309941
 42
0.165618
  0
VERTEX
  8
0
 10
115.570245
 20
182.677541
 42
0.120134
  0
VERTEX
  8
0
 10
116.316254
 20
181.599936
 42
0.138953
  0
VERTEX
  8
0
 10
117.437296
 20
181.058399
 42
0.151202
  0
VERTEX
  8
0
 10
118.604584
 20
181.206569
 42
0.148791
  0
VERTEX
  8
0
 10
119.492921
 20
181.988546
 42
0.114400
  0
VERTEX
  8
0
 10
119.606889
 20
182.325929
 42
0.329480
  0
VERTEX
  8
0
 10
119.487528
 20
182.525685
 42
0.155351
  0
VERTEX
  8
0
 10
119.131719
 20
182.556862
 42
0.036408
  0
VERTEX
  8
0
 10
118.551938
 20
182.381557
 42
-0.081406
  0
VERTEX
  8
0
 10
117.844070
 20
182.235149
 42
-0.206274
  0
VERTEX
  8
0
 10
117.363480
 20
182.418981
 42
-0.157030
  0
VERTEX
  8
0
 10
117.083156
 20
182.948230
 42
-0.043923
  0
VERTEX
  8
0
 10
117.000000
 20
183.893011
 42
-0.065125
  0
VERTEX
  8
0
 10
117.204140
 20
185.453644
 42
-0.372313
  0
VERTEX
  8
0
 10
117.841356
 20
185.887567
 42
-0.180724
  0
VERTEX
  8
0
 10
118.850448
 20
185.371706
 42
-0.024132
  0
VERTEX
  8
0
 10
120.402724
 20
183.500000
 42
0.042925
  0
VERTEX
  8
0
 10
121.258581
 20
182.543490
 42
0.041403
  0
VERTEX
  8
0
 10
122.275006
 20
181.734375
 42
0.044386
  0
VERTEX
  8
0
 10
123.293148
 20
181.177038
 42
0.103400
  0
VERTEX
  8
0
 10
124.140073
 20
181.000000
 42
0.112499
  0
VERTEX
  8
0
 10
125.064031
 20
181.210553
 42
0.173573
  0
VERTEX
  8
0
 10
125.633755
 20
181.787655
 42
0.091089
  0
VERTEX
  8
0
 10
125.924882
 20
182.911073
 42
0.017974
  0
VERTEX
  8
0
 10
126.000000
 20
185.000000
 42
0.011735
  0
VERTEX
  8
0
 10
125.964002
 20
186.533580
 42
0.019357
  0
VERTEX
  8
0
 10
125.853125
 20
187.825000
 42
0.014069
  0
VERTEX
  8
0
 10
125.697910
 20
188.834959
 42
0.362246
  0
VERTEX
  8
0
 10
125.500000
 20
189.000000
 42
0.147539
  0
VERTEX
  8
0
 10
125.308701
 20
188.942296
 42
0.097734
  0
VERTEX
  8
0
 10
125.144583
 20
188.779687
 42
0.081701
  0
VERTEX
  8
0
 10
125.032530
 20
188.536727
 42
0.064762
  0
SEQEND
  0
POLYLINE
  8
0
 66
1
 70
1
  0
VERTEX
  8
0
 10
124.216667
 20
182.816667
 42
-0.103621
  0
VERTEX
  8
0
 10
123.205275
 20
182.155634
 42
-0.297810
  0
VERTEX
  8
0
 10
122.422432
 20
182.319633
 42
-0.219336
  0
VERTEX
  8
0
 10
122.091174
 20
183.217175
 42
-0.072159
  0
VERTEX
  8
0
 10
122.409244
 20
184.624089
 42
-0.040341
  0
VERTEX
  8
0
 10
122.787781
 20
185.413665
 42
-0.190670
  0
VERTEX
  8
0
 10
123.174991
 20
185.718105
 42
-0.218633
  0
VERTEX
  8
0
 10
123.629413
 20
185.653597
 42
-0.053524
  0
VERTEX
  8
0
 10
124.232783
 20
185.167217
 42
-0.053474
  0
VERTEX
  8
0
 10
124.739052
 20
184.539301
 42
-0.145657
  0
VERTEX
  8
0
 10
124.896548
 20
183.996548
 42
-0.143917
  0
VERTEX
  8
0
 10
124.732364
 20
183.451783
 42
-0.051746
  0
SEQEND
  0
POLYLINE
  8
0
 66
1
 70
1
  0
VERTEX
  8
0
 10
152.116001
 20
184.750000
 42
0.010557
  0
VERTEX
  8
0
 10
152.190155
 20
183.219137
 42
0.038999
  0
VERTEX
  8
0
 10
152.332266
 20
182.262500
 42
0.338770
  0
VERTEX
  8
0
 10
152.508849
 20
182.116137
 42
0.352052
  0
VERTEX
  8
0
 10
152.689326
 20
182.250000
 42
-0.065575
  0
VERTEX
  8
0
 10
152.961643
 20
182.918993
 42
-0.067892
  0
VERTEX
  8
0
 10
153.395428
 20
183.485938
 42
-0.075031
  0
VERTEX
  8
0
 10
153.918122
 20
183.868907
 42
-0.121225
  0
VERTEX
  8
0
 10
154.450879
 20
184.000000
 42
0.082037
  0
VERTEX
  8
0
 10
155.030180
 20
184.095692
 42
0.044062
  0
VERTEX
  8
0
 10
155.694721
 20
184.388864
 42
0.042346
  0
VERTEX
  8
0
 10
156.337044
 20
184.817253
 42
0.051355
  0
VERTEX
  8
0
 10
156.853762
 20
185.323794
 42
0.176132
  0
VERTEX
  8
0
 10
157.291614
 20
186.545875
 42
0.173850
  0
VERTEX
  8
0
 10
156.845658
 20
187.771716
 42
0.130821
  0
VERTEX
  8
0
 10
155.564619
 20
188.681358
 42
0.089562
  0
VERTEX
  8
0
 10
153.800000
 20
189.000000
 42
0.123224
  0
VERTEX
  8
0
 10
152.908088
 20
188.776801
 42
0.177612
  0
VERTEX
  8
0
 10
152.371554
 20
188.175834
 42
0.085766
  0
VERTEX
  8
0
 10
152.124693
 20
186.995326
 42
0.015581
  0
SEQEND
  0
POLYLINE
  8
0
 66
1
 70
1
  0
VERTEX
  8
0
 10
155.770833
 20
186.812500
 42
-0.113253
  0
VERTEX
  8
0
 10
155.122932
 20
185.749304
 42
-0.165501
  0
VERTEX
  8
0
 10
154.153639
 20
185.257027
 42
-0.244413
  0
VERTEX
  8
0
 10
153.346973
 20
185.540134
 42
-0.190724
  0
VERTEX
  8
0
 10
153.000000
 20
186.416667
 42
-0.099038
  0
VERTEX
  8
0
 10
153.120875
 20
187.020927
 42
-0.097945
  0
VERTEX
  8
0
 10
153.465104
 20
187.534896
 42
-0.097945
  0
VERTEX
  8
0
 10
153.979073
 20
187.879125
 42
-0.099038
  0
VERTEX
  8
0
 10
154.583333
 20
188.000000
 42
-0.077096
  0
VERTEX
  8
0
 10
155.158616
 20
187.910766
 42
-0.119977
  0
VERTEX
  8
0
 10
155.585286
 20
187.651172
 42
-0.144529
  0
VERTEX
  8
0
 10
155.795817
 20
187.264262
 42
-0.134046
  0
SEQEND
  0
POLYLINE
  8
0
 66
1
 70
1
  0
VERTEX
  8
0
 10
176.078947
 20
185.250000
 42
0.015419
  0
VERTEX
  8
0
 10
176.106948
 20
182.966416
 42
0.090327
  0
VERTEX
  8
0
 10
176.371586
 20
181.800849
 42
0.183775
  0
VERTEX
  8
0
 10
176.937207
 20
181.213928
 42
0.110543
  0
VERTEX
  8
0
 10
177.893011
 20
181.000000
 42
0.072710
  0
VERTEX
  8
0
 10
178.659707
 20
181.112085
 42
0.064008
  0
VERTEX
  8
0
 10
179.399034
 20
181.440625
 42
0.066864
  0
VERTEX
  8
0
 10
180.000393
 20
181.926463
 42
0.098143
  0
VERTEX
  8
0
 10
180.361626
 20
182.500000
 42
0.095740
  0
VERTEX
  8
0
 10
180.628865
 20
184.006985
 42
0.095626
  0
VERTEX
  8
0
 10
180.315585
 20
185.505716
 42
0.112809
  0
VERTEX
  8
0
 10
179.532256
 20
186.599702
 42
0.183190
  0
VERTEX
  8
0
 10
178.476345
 20
187.000000
 42
-0.086029
  0
VERTEX
  8
0
 10
177.937973
 20
187.093322
 42
-0.065110
  0
VERTEX
  8
0
 10
177.403221
 20
187.367188
 42
-0.064620
  0
VERTEX
  8
0
 10
176.952930
 20
187.772117
 42
-0.081631
  0
VERTEX
  8
0
 10
176.662281
 20
188.250000
 42
0.571698
  0
VERTEX
  8
0
 10
176.467002
 20
188.279228
 42
0.122766
  0
VERTEX
  8
0
 10
176.282867
 20
187.884375
 42
0.031921
  0
VERTEX
  8
0
 10
176.143409
 20
186.802755
 42
0.011459
  0
SEQEND
  0
POLYLINE
  8
0
 66
1
 70
1
  0
VERTEX
  8
0
 10
179.500000
 20
184.000000
 42
-0.085974
  0
VERTEX
  8
0
 10
179.406312
 20
183.459169
 42
-0.069410
  0
VERTEX
  8
0
 10
179.132812
 20
182.935937
 42
-0.069650
  0
VERTEX
  8
0
 10
178.727751
 20
182.509184
 42
-0.087886
  0
VERTEX
  8
0
 10
178.250000
 20
182.250000
 42
-0.162171
  0
VERTEX
  8
0
 10
177.750923
 20
182.249896
 42
-0.158614
  0
VERTEX
  8
0
 10
177.346154
 20
182.548718
 42
-0.105759
  0
VERTEX
  8
0
 10
177.084641
 20
183.151204
 42
-0.049736
  0
VERTEX
  8
0
 10
177.000000
 20
184.000000
 42
-0.049736
  0
VERTEX
  8
0
 10
177.084641
 20
184.848796
 42
-0.105759
  0
VERTEX
  8
0
 10
177.346154
 20
185.451282
 42
-0.158614
  0
VERTEX
  8
0
 10
177.750923
 20
185.750104
 42
-0.162171
  0
VERTEX
  8
0
 10
178.250000
 20
185.750000
 42
-0.087886
  0
VERTEX
  8
0
 10
178.727751
 20
185.490816
 42
-0.069650
  0
VERTEX
  8
0
 10
179.132812
 20
185.064063
 42
-0.069410
  0
VERTEX
  8
0
 10
179.406312
 20
184.540831
 42
-0.085974
  0
SEQEND
  0
POLYLINE
  8
0
 66
1
 70
1
  0
VERTEX
  8
0
 10
90.000000
 20
184.666667
 42
0.019262
  0
VERTEX
  8
0
 10
90.054165
 20
183.261211
 42
0.031190
  0
VERTEX
  8
0
 10
90.220313
 20
182.077062
 42
0.032573
  0
VERTEX
  8
0
 10
90.457849
 20
181.208251
 42
0.319967
  0
VERTEX
  8
0
 10
90.750000
 20
180.999927
 42
0.390370
  0
VERTEX
  8
0
 10
91.309904
 20
181.515556
 42
0.023885
  0
VERTEX
  8
0
 10
91.395087
 20
183.988983
 42
0.027130
  0
VERTEX
  8
0
 10
91.223938
 20
186.517653
 42
0.167432
  0
VERTEX
  8
0
 10
90.661021
 20
187.672312
 42
0.500320
  0
VERTEX
  8
0
 10
90.409323
 20
187.636224
 42
0.071145
  0
VERTEX
  8
0
 10
90.194175
 20
187.062075
 42
0.037157
  0
VERTEX
  8
0
 10
90.046286
 20
186.029089
 42
0.016982
  0
SEQEND
  0
POLYLINE
  8
0
 66
1
 70
1
  0
VERTEX
  8
0
 10
130.015313
 20
185.809017
 42
0.111288
  0
VERTEX
  8
0
 10
130.765994
 20
182.578149
 42
0.226698
  0
VERTEX
  8
0
 10
132.753458
 20
180.987412
 42
0.311633
  0
VERTEX
  8
0
 10
134.707838
 20
181.756878
 42
0.141019
  0
VERTEX
  8
0
 10
135.593229
 20
184.508189
 42
0.000292
  0
VERTEX
  8
0
 10
135.656586
 20
186.580306
 42
0.240362
  0
VERTEX
  8
0
 10
135.614200
 20
186.669922
 42
0.572488
  0
VERTEX
  8
0
 10
135.562046
 20
186.648930
 42
0.000366
  0
VERTEX
  8
0
 10
135.279870
 20
184.750000
 42
-0.044907
  0
VERTEX
  8
0
 10
135.026193
 20
183.697632
 42
-0.059285
  0
VERTEX
  8
0
 10
134.602132
 20
182.807813
 42
-0.072927
  0
VERTEX
  8
0
 10
134.082507
 20
182.201742
 42
-0.181051
  0
VERTEX
  8
0
 10
133.543630
 20
182.000000
 42
-0.186666
  0
VERTEX
  8
0
 10
132.525364
 20
182.393875
 42
-0.091507
  0
VERTEX
  8
0
 10
131.670636
 20
183.517928
 42
-0.089493
  0
VERTEX
  8
0
 10
131.260151
 20
184.897986
 42
-0.167586
  0
VERTEX
  8
0
 10
131.513068
 20
186.021144
 42
0.120138
  0
VERTEX
  8
0
 10
131.633061
 20
186.390088
 42
0.100700
  0
VERTEX
  8
0
 10
131.581463
 20
186.799368
 42
0.091907
  0
VERTEX
  8
0
 10
131.365219
 20
187.186475
 42
0.081301
  0
VERTEX
  8
0
 10
131.016312
 20
187.489919
 42
0.219239
  0
VERTEX
  8
0
 10
130.625943
 20
187.537752
 42
0.182992
  0
VERTEX
  8
0
 10
130.295961
 20
187.275406
 42
0.096070
  0
VERTEX
  8
0
 10
130.079096
 20
186.673018
 42
0.040182
  0
SEQEND
  0
POLYLINE
  8
0
 66
1
 70
1
  0
VERTEX
  8
0
 10
168.149832
 20
184.156380
 42
0.001498
  0
VERTEX
  8
0
 10
168.246844
 20
181.950497
 42
0.140756
  0
VERTEX
  8
0
 10
168.348350
 20
181.650853
 42
0.674475
  0
VERTEX
  8
0
 10
168.465317
 20
181.677289
 42
0.003223
  0
VERTEX
  8
0
 10
168.723838
 20
183.328590
 42
-0.032344
  0
VERTEX
  8
0
 10
168.995109
 20
184.579723
 42
-0.101149
  0
VERTEX
  8
0
 10
169.390593
 20
185.339765
 42
-0.172023
  0
VERTEX
  8
0
 10
169.917836
 20
185.662065
 42
-0.144590
  0
VERTEX
  8
0
 10
170.574006
 20
185.609975
 42
0.051331
  0
VERTEX
  8
0
 10
171.120242
 20
185.462419
 42
0.093225
  0
VERTEX
  8
0
 10
171.581114
 20
185.473781
 42
0.142462
  0
VERTEX
  8
0
 10
171.883232
 20
185.636321
 42
0.201199
  0
VERTEX
  8
0
 10
172.000000
 20
185.914753
 42
0.185953
  0
VERTEX
  8
0
 10
171.859792
 20
186.278717
 42
0.058341
  0
VERTEX
  8
0
 10
171.412500
 20
186.670102
 42
0.049186
  0
VERTEX
  8
0
 10
170.765541
 20
187.026899
 42
0.037498
  0
VERTEX
  8
0
 10
170.000000
 20
187.289749
 42
0.068146
  0
VERTEX
  8
0
 10
168.929706
 20
187.418475
 42
0.260949
  0
VERTEX
  8
0
 10
168.370237
 20
187.093000
 42
0.129779
  0
VERTEX
  8
0
 10
168.125206
 20
186.225445
 42
0.014528
  0
SEQEND
  0
POLYLINE
  8
0
 66
1
 70
1
  0
VERTEX
  8
0
 10
184.500000
 20
187.000000
 42
0.082592
  0
VERTEX
  8
0
 10
184.343488
 20
186.617900
 42
0.161196
  0
VERTEX
  8
0
 10
184.374600
 20
186.293750
 42
0.182303
  0
VERTEX
  8
0
 10
184.586039
 20
186.078288
 42
0.108972
  0
VERTEX
  8
0
 10
184.940983
 20
186.000000
 42
0.093332
  0
VERTEX
  8
0
 10
185.345238
 20
186.076123
 42
0.096420
  0
VERTEX
  8
0
 10
185.688914
 20
186.293750
 42
0.099167
  0
VERTEX
  8
0
 10
185.918938
 20
186.618444
 42
0.105053
  0
VERTEX
  8
0
 10
186.000000
 20
187.000000
 42
0.042167
  0
VERTEX
  8
0
 10
185.967655
 20
187.382849
 42
0.061769
  0
VERTEX
  8
0
 10
185.870461
 20
187.706250
 42
0.081139
  0
VERTEX
  8
0
 10
185.727648
 20
187.925540
 42
0.210953
  0
VERTEX
  8
0
 10
185.559017
 20
188.000000
 42
0.151918
  0
VERTEX
  8
0
 10
185.348290
 20
187.934461
 42
0.038439
  0
VERTEX
  8
0
 10
185.066025
 20
187.706250
 42
0.035638
  0
VERTEX
  8
0
 10
184.768994
 20
187.382774
 42
0.029505
  0
SEQEND
  0
POLYLINE
  8
0
 66
1
 70
1
  0
VERTEX
  8
0
 10
194.889967
 20
186.625758
 42
-0.035625
  0
VERTEX
  8
0
 10
193.614643
 20
186.071892
 42
-0.062320
  0
VERTEX
  8
0
 10
192.491031
 20
185.827679
 42
-0.073657
  0
VERTEX
  8
0
 10
191.479961
 20
185.885888
 42
-0.076561
  0
VERTEX
  8
0
 10
190.543591
 20
186.235543
 42
0.118315
  0
VERTEX
  8
0
 10
189.076466
 20
186.648969
 42
0.188600
  0
VERTEX
  8
0
 10
187.860698
 20
186.227528
 42
0.170038
  0
VERTEX
  8
0
 10
187.170193
 20
185.042071
 42
0.095498
  0
VERTEX
  8
0
 10
187.169915
 20
183.356220
 42
0.092222
  0
VERTEX
  8
0
 10
187.456271
 20
182.626981
 42
0.085927
  0
VERTEX
  8
0
 10
187.991253
 20
182.028620
 42
0.084194
  0
VERTEX
  8
0
 10
188.706937
 20
181.635931
 42
0.083656
  0
VERTEX
  8
0
 10
189.513695
 20
181.500000
 42
0.062344
  0
VERTEX
  8
0
 10
190.254891
 20
181.592779
 42
0.094004
  0
VERTEX
  8
0
 10
190.843085
 20
181.867188
 42
0.122860
  0
VERTEX
  8
0
 10
191.187717
 20
182.274418
 42
0.165289
  0
VERTEX
  8
0
 10
191.250000
 20
182.750000
 42
-0.077768
  0
VERTEX
  8
0
 10
191.229849
 20
183.227545
 42
-0.107250
  0
VERTEX
  8
0
 10
191.367188
 20
183.632812
 42
-0.125576
  0
VERTEX
  8
0
 10
191.638866
 20
183.901861
 42
-0.133456
  0
VERTEX
  8
0
 10
192.000000
 20
184.000000
 42
-0.148195
  0
VERTEX
  8
0
 10
192.381354
 20
183.884432
 42
-0.098894
  0
VERTEX
  8
0
 10
192.706250
 20
183.559375
 42
-0.082425
  0
VERTEX
  8
0
 10
192.925306
 20
183.073457
 42
-0.064853
  0
VERTEX
  8
0
 10
193.000000
 20
182.500000
 42
0.251399
  0
VERTEX
  8
0
 10
193.524735
 20
181.522328
 42
0.123231
  0
VERTEX
  8
0
 10
194.896337
 20
181.036537
 42
0.106944
  0
VERTEX
  8
0
 10
196.487931
 20
181.225078
 42
0.173262
  0
VERTEX
  8
0
 10
197.541119
 20
182.066531
 42
0.117600
  0
VERTEX
  8
0
 10
197.880996
 20
183.094038
 42
0.293080
  0
VERTEX
  8
0
 10
197.528171
 20
183.763771
 42
0.273486
  0
VERTEX
  8
0
 10
196.739120
 20
183.749425
 42
0.112315
  0
VERTEX
  8
0
 10
195.945627
 20
182.971040
 42
-0.026610
  0
VERTEX
  8
0
 10
195.382267
 20
182.189422
 42
-0.224426
  0
VERTEX
  8
0
 10
195.002006
 20
182.005017
 42
-0.228599
  0
VERTEX
  8
0
 10
194.622729
 20
182.183333
 42
-0.027581
  0
VERTEX
  8
0
 10
194.065983
 20
182.952254
 42
-0.088874
  0
VERTEX
  8
0
 10
193.550664
 20
184.190867
 42
-0.180359
  0
VERTEX
  8
0
 10
193.695725
 20
185.220970
 42
-0.230977
  0
VERTEX
  8
0
 10
194.424510
 20
185.741279
 42
-0.133901
  0
VERTEX
  8
0
 10
195.518392
 20
185.631316
 42
0.108374
  0
VERTEX
  8
0
 10
196.062761
 20
185.548763
 42
0.099685
  0
VERTEX
  8
0
 10
196.609847
 20
185.696715
 42
0.095498
  0
VERTEX
  8
0
 10
197.075330
 20
186.052968
 42
0.090426
  0
VERTEX
  8
0
 10
197.385856
 20
186.563142
 42
0.019426
  0
VERTEX
  8
0
 10
197.758162
 20
187.658799
 42
0.493715
  0
VERTEX
  8
0
 10
197.597625
 20
187.879674
 42
0.124521
  0
VERTEX
  8
0
 10
197.109475
 20
187.769138
 42
0.002621
  0
SEQEND
  0
POLYLINE
  8
0
 66
1
 70
1
  0
VERTEX
  8
0
 10
190.000000
 20
184.000000
 42
-0.048028
  0
VERTEX
  8
0
 10
189.926307
 20
183.234582
 42
-0.068025
  0
VERTEX
  8
0
 10
189.706250
 20
182.587500
 42
-0.088204
  0
VERTEX
  8
0
 10
189.381882
 20
182.151477
 42
-0.191087
  0
VERTEX
  8
0
 10
189.000000
 20
182.000000
 42
-0.191087
  0
VERTEX
  8
0
 10
188.618118
 20
182.151477
 42
-0.088204
  0
VERTEX
  8
0
 10
188.293750
 20
182.587500
 42
-0.068025
  0
VERTEX
  8
0
 10
188.073693
 20
183.234582
 42
-0.048028
  0
VERTEX
  8
0
 10
188.000000
 20
184.000000
 42
-0.048028
  0
VERTEX
  8
0
 10
188.073693
 20
184.765418
 42
-0.068025
  0
VERTEX
  8
0
 10
188.293750
 20
185.412500
 42
-0.088204
  0
VERTEX
  8
0
 10
188.618118
 20
185.848523
 42
-0.191087
  0
VERTEX
  8
0
 10
189.000000
 20
186.000000
 42
-0.191087
  0
VERTEX
  8
0
 10
189.381882
 20
185.848523
 42
-0.088204
  0
VERTEX
  8
0
 10
189.706250
 20
185.412500
 42
-0.068025
  0
VERTEX
  8
0
 10
189.926307
 20
184.765418
 42
-0.048028
  0
SEQEND
  0
POLYLINE
  8
0
 66
1
 70
1
  0
VERTEX
  8
0
 10
72.701236
 20
186.367903
 42
0.113530
  0
VERTEX
  8
0
 10
72.430330
 20
185.935135
 42
0.029401
  0
VERTEX
  8
0
 10
72.205988
 20
185.138280
 42
0.028358
  0
VERTEX
  8
0
 10
72.051601
 20
184.175149
 42
0.025567
  0
VERTEX
  8
0
 10
72.000000
 20
183.166667
 42
0.034536
  0
VERTEX
  8
0
 10
72.110767
 20
181.564925
 42
0.462586
  0
VERTEX
  8
0
 10
72.548605
 20
181.286648
 42
0.260796
  0
VERTEX
  8
0
 10
73.054474
 20
181.818683
 42
0.026065
  0
VERTEX
  8
0
 10
73.412408
 20
183.604160
 42
-0.086280
  0
VERTEX
  8
0
 10
73.927257
 20
185.168961
 42
-0.282317
  0
VERTEX
  8
0
 10
74.827529
 20
185.697036
 42
-0.269169
  0
VERTEX
  8
0
 10
75.744934
 20
185.139987
 42
-0.082253
  0
VERTEX
  8
0
 10
76.299670
 20
183.546916
 42
0.000348
  0
VERTEX
  8
0
 10
76.613209
 20
181.738229
 42
0.518420
  0
VERTEX
  8
0
 10
76.665182
 20
181.713640
 42
0.281926
  0
VERTEX
  8
0
 10
76.706522
 20
181.788145
 42
0.000295
  0
VERTEX
  8
0
 10
76.621813
 20
183.729080
 42
0.097846
  0
VERTEX
  8
0
 10
76.206156
 20
185.432947
 42
0.136852
  0
VERTEX
  8
0
 10
75.194063
 20
186.619152
 42
0.175416
  0
VERTEX
  8
0
 10
73.906966
 20
186.941125
 42
0.172486
  0
SEQEND
  0
POLYLINE
  8
0
 66
1
 70
1
  0
VERTEX
  8
0
 10
78.429192
 20
185.885430
 42
0.043935
  0
VERTEX
  8
0
 10
78.169682
 20
185.369142
 42
0.306707
  0
VERTEX
  8
0
 10
78.227429
 20
185.107529
 42
0.252441
  0
VERTEX
  8
0
 10
78.513944
 20
185.030143
 42
0.033927
  0
VERTEX
  8
0
 10
79.131427
 20
185.220192
 42
-0.097003
  0
VERTEX
  8
0
 10
79.760669
 20
185.330154
 42
-0.169741
  0
VERTEX
  8
0
 10
80.250808
 20
185.147525
 42
-0.141219
  0
VERTEX
  8
0
 10
80.579748
 20
184.663881
 42
-0.060448
  0
VERTEX
  8
0
 10
80.733323
 20
183.890130
 42
-0.050757
  0
VERTEX
  8
0
 10
80.714337
 20
183.166770
 42
-0.074365
  0
VERTEX
  8
0
 10
80.541048
 20
182.555226
 42
-0.098710
  0
VERTEX
  8
0
 10
80.247956
 20
182.145862
 42
-0.190415
  0
VERTEX
  8
0
 10
79.878834
 20
182.000000
 42
-0.118367
  0
VERTEX
  8
0
 10
79.548585
 20
182.079292
 42
-0.186466
  0
VERTEX
  8
0
 10
79.356344
 20
182.293750
 42
-0.153810
  0
VERTEX
  8
0
 10
79.337896
 20
182.617603
 42
-0.076460
  0
VERTEX
  8
0
 10
79.500000
 20
183.000000
 42
0.091163
  0
VERTEX
  8
0
 10
79.648810
 20
183.381683
 42
0.169814
  0
VERTEX
  8
0
 10
79.600921
 20
183.706250
 42
0.175683
  0
VERTEX
  8
0
 10
79.363665
 20
183.922916
 42
0.098379
  0
VERTEX
  8
0
 10
78.975684
 20
184.000000
 42
0.279735
  0
VERTEX
  8
0
 10
78.252480
 20
183.561039
 42
0.276113
  0
VERTEX
  8
0
 10
78.302702
 20
182.711630
 42
0.112834
  0
VERTEX
  8
0
 10
79.400073
 20
181.692961
 42
0.094764
  0
VERTEX
  8
0
 10
80.902398
 20
181.170743
 42
0.044126
  0
VERTEX
  8
0
 10
82.109376
 20
181.101407
 42
0.224403
  0
VERTEX
  8
0
 10
82.692894
 20
181.399507
 42
0.170366
  0
VERTEX
  8
0
 10
82.927122
 20
182.107483
 42
0.024105
  0
VERTEX
  8
0
 10
82.824070
 20
183.662192
 42
0.099894
  0
VERTEX
  8
0
 10
82.221520
 20
185.520717
 42
0.148533
  0
VERTEX
  8
0
 10
80.994143
 20
186.694878
 42
0.199396
  0
VERTEX
  8
0
 10
79.588285
 20
186.800097
 42
0.176370
  0
SEQEND
  0
POLYLINE
  8
0
 66
1
 70
1
  0
VERTEX
  8
0
 10
84.403504
 20
184.000000
 42
0.053659
  0
VERTEX
  8
0
 10
84.575990
 20
182.825321
 42
0.110717
  0
VERTEX
  8
0
 10
84.997174
 20
182.003395
 42
0.118198
  0
VERTEX
  8
0
 10
85.707421
 20
181.473028
 42
0.066354
  0
VERTEX
  8
0
 10
86.750000
 20
181.180449
 42
0.053835
  0
VERTEX
  8
0
 10
87.967350
 20
181.139638
 42
0.222267
  0
VERTEX
  8
0
 10
88.593204
 20
181.490930
 42
0.144262
  0
VERTEX
  8
0
 10
88.882868
 20
182.322079
 42
0.019707
  0
VERTEX
  8
0
 10
88.900320
 20
184.180449
 42
0.002478
  0
VERTEX
  8
0
 10
88.828905
 20
186.221438
 42
0.170654
  0
VERTEX
  8
0
 10
88.703698
 20
186.536758
 42
0.589168
  0
VERTEX
  8
0
 10
88.539755
 20
186.501802
 42
0.005848
  0
VERTEX
  8
0
 10
88.122737
 20
185.074139
 42
-0.059549
  0
VERTEX
  8
0
 10
87.327938
 20
183.148547
 42
-0.204264
  0
VERTEX
  8
0
 10
86.279584
 20
182.339270
 42
-0.319675
  0
VERTEX
  8
0
 10
85.325807
 20
182.703071
 42
-0.102417
  0
VERTEX
  8
0
 10
84.725648
 20
184.190714
 42
0.000608
  0
VERTEX
  8
0
 10
84.445601
 20
185.724863
 42
0.521741
  0
VERTEX
  8
0
 10
84.387187
 20
185.751458
 42
0.274833
  0
VERTEX
  8
0
 10
84.340848
 20
185.666605
 42
0.000501
  0
SEQEND
  0
POLYLINE
  8
0
 66
1
 70
1
  0
VERTEX
  8
0
 10
99.105192
 20
185.626748
 42
0.135614
  0
VERTEX
  8
0
 10
98.500063
 20
184.283047
 42
0.111279
  0
VERTEX
  8
0
 10
98.607544
 20
182.706971
 42
0.125764
  0
VERTEX
  8
0
 10
99.351153
 20
181.466304
 42
0.197674
  0
VERTEX
  8
0
 10
100.484544
 20
181.000000
 42
0.091984
  0
VERTEX
  8
0
 10
101.060773
 20
181.106912
 42
0.042726
  0
VERTEX
  8
0
 10
101.747568
 20
181.440625
 42
0.040397
  0
VERTEX
  8
0
 10
102.429773
 20
181.926066
 42
0.044747
  0
VERTEX
  8
0
 10
103.000000
 20
182.500000
 42
0.045289
  0
VERTEX
  8
0
 10
103.569081
 20
183.327894
 42
0.128626
  0
VERTEX
  8
0
 10
103.744889
 20
184.000000
 42
0.128626
  0
VERTEX
  8
0
 10
103.569081
 20
184.672106
 42
0.045289
  0
VERTEX
  8
0
 10
103.000000
 20
185.500000
 42
0.046299
  0
VERTEX
  8
0
 10
101.920115
 20
186.580193
 42
0.166637
  0
VERTEX
  8
0
 10
101.022164
 20
186.921027
 42
0.176386
  0
VERTEX
  8
0
 10
100.136701
 20
186.630882
 42
0.053110
  0
SEQEND
  0
POLYLINE
  8
0
 66
1
 70
1
  0
VERTEX
  8
0
 10
102.349337
 20
184.532025
 42
-0.143266
  0
VERTEX
  8
0
 10
102.446746
 20
183.344037
 42
-0.195237
  0
VERTEX
  8
0
 10
101.856506
 20
182.459450
 42
-0.200375
  0
VERTEX
  8
0
 10
100.831101
 20
182.250251
 42
-0.148870
  0
VERTEX
  8
0
 10
99.800000
 20
182.800000
 42
-0.156338
  0
VERTEX
  8
0
 10
99.332548
 20
183.708441
 42
-0.128355
  0
VERTEX
  8
0
 10
99.431353
 20
184.800279
 42
-0.133921
  0
VERTEX
  8
0
 10
100.042905
 20
185.671891
 42
-0.174932
  0
VERTEX
  8
0
 10
100.952028
 20
186.000000
 42
-0.143622
  0
VERTEX
  8
0
 10
101.312332
 20
185.894325
 42
-0.059939
  0
VERTEX
  8
0
 10
101.706510
 20
185.568782
 42
-0.052535
  0
VERTEX
  8
0
 10
102.072074
 20
185.093619
 42
-0.046129
  0
SEQEND
  0
POLYLINE
  8
0
 66
1
 70
1
  0
VERTEX
  8
0
 10
104.786692
 20
184.000000
 42
0.025568
  0
VERTEX
  8
0
 10
104.677574
 20
182.850015
 42
0.042928
  0
VERTEX
  8
0
 10
104.718600
 20
181.881250
 42
0.055623
  0
VERTEX
  8
0
 10
104.884290
 20
181.202007
 42
0.314934
  0
VERTEX
  8
0
 10
105.173193
 20
181.000000
 42
0.256148
  0
VERTEX
  8
0
 10
105.490958
 20
181.174221
 42
0.062173
  0
VERTEX
  8
0
 10
105.757125
 20
181.734375
 42
0.048525
  0
VERTEX
  8
0
 10
105.939847
 20
182.542277
 42
0.031373
  0
VERTEX
  8
0
 10
106.000000
 20
183.500000
 42
-0.057544
  0
VERTEX
  8
0
 10
106.221403
 20
185.417394
 42
-0.379234
  0
VERTEX
  8
0
 10
106.946675
 20
185.930717
 42
-0.286787
  0
VERTEX
  8
0
 10
107.770573
 20
185.281169
 42
-0.048601
  0
VERTEX
  8
0
 10
108.283746
 20
183.250000
 42
0.001448
  0
VERTEX
  8
0
 10
108.563194
 20
181.440710
 42
0.591928
  0
VERTEX
  8
0
 10
108.660063
 20
181.405817
 42
0.202175
  0
VERTEX
  8
0
 10
108.746481
 20
181.585343
 42
0.000897
  0
VERTEX
  8
0
 10
108.850168
 20
183.750000
 42
0.024595
  0
VERTEX
  8
0
 10
108.845008
 20
185.408615
 42
0.110057
  0
VERTEX
  8
0
 10
108.585944
 20
186.339164
 42
0.179592
  0
VERTEX
  8
0
 10
108.033595
 20
186.828170
 42
0.092576
  0
VERTEX
  8
0
 10
107.113499
 20
187.000000
 42
0.104228
  0
VERTEX
  8
0
 10
106.233356
 20
186.814513
 42
0.124562
  0
VERTEX
  8
0
 10
105.567294
 20
186.294089
 42
0.091765
  0
VERTEX
  8
0
 10
105.094505
 20
185.378513
 42
0.036997
  0
SEQEND
  0
POLYLINE
  8
0
 66
1
 70
1
  0
VERTEX
  8
0
 10
111.227809
 20
186.314948
 42
-0.045945
  0
VERTEX
  8
0
 10
112.169715
 20
185.972978
 42
-0.277817
  0
VERTEX
  8
0
 10
112.446412
 20
185.558595
 42
-0.145895
  0
VERTEX
  8
0
 10
112.287632
 20
184.918018
 42
-0.011831
  0
VERTEX
  8
0
 10
111.362799
 20
183.430949
 42
0.011155
  0
VERTEX
  8
0
 10
110.371278
 20
181.841444
 42
0.263269
  0
VERTEX
  8
0
 10
110.360789
 20
181.331496
 42
0.269914
  0
VERTEX
  8
0
 10
110.791398
 20
181.067936
 42
0.011627
  0
VERTEX
  8
0
 10
112.634990
 20
181.070285
 42
0.009297
  0
VERTEX
  8
0
 10
113.988129
 20
181.128670
 42
0.129640
  0
VERTEX
  8
0
 10
114.447606
 20
181.280710
 42
0.555077
  0
VERTEX
  8
0
 10
114.443261
 20
181.497215
 42
0.039890
  0
VERTEX
  8
0
 10
113.786622
 20
181.820525
 42
-0.056959
  0
VERTEX
  8
0
 10
113.039601
 20
182.220497
 42
-0.158241
  0
VERTEX
  8
0
 10
112.682867
 20
182.688261
 42
-0.164280
  0
VERTEX
  8
0
 10
112.675950
 20
183.264131
 42
-0.062601
  0
VERTEX
  8
0
 10
113.021310
 20
184.000239
 42
0.032941
  0
VERTEX
  8
0
 10
113.845132
 20
185.515929
 42
0.215031
  0
VERTEX
  8
0
 10
113.852229
 20
186.361590
 42
0.261128
  0
VERTEX
  8
0
 10
113.239064
 20
186.822639
 42
0.046380
  0
VERTEX
  8
0
 10
111.750000
 20
186.883999
 42
0.006263
  0
VERTEX
  8
0
 10
110.636492
 20
186.812596
 42
0.190182
  0
VERTEX
  8
0
 10
110.389652
 20
186.692615
 42
0.547500
  0
VERTEX
  8
0
 10
110.428155
 20
186.547504
 42
0.013289
  0
SEQEND
  0
POLYLINE
  8
0
 66
1
 70
1
  0
VERTEX
  8
0
 10
138.000000
 20
185.549690
 42
0.099004
  0
VERTEX
  8
0
 10
138.127052
 20
184.914328
 42
0.051831
  0
VERTEX
  8
0
 10
138.514062
 20
184.203036
 42
0.048682
  0
VERTEX
  8
0
 10
139.080584
 20
183.529282
 42
0.053612
  0
VERTEX
  8
0
 10
139.750000
 20
183.001941
 42
-0.005216
  0
VERTEX
  8
0
 10
140.743625
 20
182.364293
 42
-0.528470
  0
VERTEX
  8
0
 10
140.746066
 20
182.224759
 42
-0.221769
  0
VERTEX
  8
0
 10
140.519964
 20
182.183735
 42
-0.003011
  0
VERTEX
  8
0
 10
139.124771
 20
182.559385
 42
0.020425
  0
VERTEX
  8
0
 10
138.076545
 20
182.802814
 42
0.112641
  0
VERTEX
  8
0
 10
137.500960
 20
182.781510
 42
0.339115
  0
VERTEX
  8
0
 10
137.312294
 20
182.536182
 42
0.139713
  0
VERTEX
  8
0
 10
137.433788
 20
182.107134
 42
0.078181
  0
VERTEX
  8
0
 10
137.797646
 20
181.683484
 42
0.053360
  0
VERTEX
  8
0
 10
138.322989
 20
181.325221
 42
0.052738
  0
VERTEX
  8
0
 10
138.920640
 20
181.081982
 42
0.070401
  0
VERTEX
  8
0
 10
139.500000
 20
181.000000
 42
0.121603
  0
VERTEX
  8
0
 10
140.843880
 20
181.331746
 42
0.216521
  0
VERTEX
  8
0
 10
141.529475
 20
182.214574
 42
0.190673
  0
VERTEX
  8
0
 10
141.357447
 20
183.409536
 42
0.098060
  0
VERTEX
  8
0
 10
140.350138
 20
184.568989
 42
-0.001592
  0
VERTEX
  8
0
 10
139.086810
 20
185.555936
 42
-0.252130
  0
VERTEX
  8
0
 10
139.017585
 20
185.715009
 42
-0.487766
  0
VERTEX
  8
0
 10
139.117886
 20
185.780675
 42
-0.002467
  0
VERTEX
  8
0
 10
140.414045
 20
185.332515
 42
0.022059
  0
VERTEX
  8
0
 10
141.272274
 20
185.072932
 42
0.162746
  0
VERTEX
  8
0
 10
141.693108
 20
185.103732
 42
0.374471
  0
VERTEX
  8
0
 10
141.812870
 20
185.346396
 42
0.073989
  0
VERTEX
  8
0
 10
141.605028
 20
185.830061
 42
0.134838
  0
VERTEX
  8
0
 10
140.661959
 20
186.707148
 42
0.140596
  0
VERTEX
  8
0
 10
139.418811
 20
186.961405
 42
0.173671
  0
VERTEX
  8
0
 10
138.408321
 20
186.508294
 42
0.204105
  0
SEQEND
  0
POLYLINE
  8
0
 66
1
 70
1
  0
VERTEX
  8
0
 10
143.361626
 20
185.500000
 42
0.147077
  0
VERTEX
  8
0
 10
143.195555
 20
183.270408
 42
0.170145
  0
VERTEX
  8
0
 10
144.312491
 20
181.468004
 42
0.224355
  0
VERTEX
  8
0
 10
146.051137
 20
181.047021
 42
0.206195
  0
VERTEX
  8
0
 10
147.566212
 20
182.107134
 42
0.113869
  0
VERTEX
  8
0
 10
147.712143
 20
182.537651
 42
0.359143
  0
VERTEX
  8
0
 10
147.554692
 20
182.773041
 42
0.128686
  0
VERTEX
  8
0
 10
147.055035
 20
182.790883
 42
0.021768
  0
VERTEX
  8
0
 10
146.125229
 20
182.539746
 42
-0.038041
  0
VERTEX
  8
0
 10
145.034135
 20
182.282792
 42
-0.185950
  0
VERTEX
  8
0
 10
144.425428
 20
182.414099
 42
-0.203916
  0
VERTEX
  8
0
 10
144.095508
 20
182.908636
 42
-0.046535
  0
VERTEX
  8
0
 10
144.000000
 20
183.932612
 42
-0.081664
  0
VERTEX
  8
0
 10
144.220971
 20
185.276521
 42
-0.229034
  0
VERTEX
  8
0
 10
144.871698
 20
185.939287
 42
-0.294197
  0
VERTEX
  8
0
 10
145.652164
 20
185.758204
 42
-0.107293
  0
VERTEX
  8
0
 10
146.279762
 20
184.750000
 42
0.071563
  0
VERTEX
  8
0
 10
146.505346
 20
184.322872
 42
0.124523
  0
VERTEX
  8
0
 10
146.811558
 20
184.067956
 42
0.159614
  0
VERTEX
  8
0
 10
147.147279
 20
184.024097
 42
0.141190
  0
VERTEX
  8
0
 10
147.463231
 20
184.183469
 42
0.214803
  0
VERTEX
  8
0
 10
147.808588
 20
185.000505
 42
0.152863
  0
VERTEX
  8
0
 10
147.485183
 20
185.955146
 42
0.119645
  0
VERTEX
  8
0
 10
146.577451
 20
186.723801
 42
0.116642
  0
VERTEX
  8
0
 10
145.409598
 20
187.000000
 42
0.091671
  0
VERTEX
  8
0
 10
144.803711
 20
186.887974
 42
0.066724
  0
VERTEX
  8
0
 10
144.200655
 20
186.559375
 42
0.065174
  0
VERTEX
  8
0
 10
143.691740
 20
186.073417
 42
0.078133
  0
SEQEND
  0
POLYLINE
  8
0
 66
1
 70
1
  0
VERTEX
  8
0
 10
159.000000
 20
184.000000
 42
0.012096
  0
VERTEX
  8
0
 10
159.027830
 20
182.849825
 42
0.019939
  0
VERTEX
  8
0
 10
159.113535
 20
181.881250
 42
0.014861
  0
VERTEX
  8
0
 10
159.233661
 20
181.126560
 42
0.360284
  0
VERTEX
  8
0
 10
159.386501
 20
181.000000
 42
0.322443
  0
VERTEX
  8
0
 10
159.557592
 20
181.123137
 42
0.013551
  0
VERTEX
  8
0
 10
159.788807
 20
181.881250
 42
0.018975
  0
VERTEX
  8
0
 10
160.016637
 20
182.850008
 42
0.011827
  0
VERTEX
  8
0
 10
160.213308
 20
184.000000
 42
0.025568
  0
VERTEX
  8
0
 10
160.322426
 20
185.149985
 42
0.042928
  0
VERTEX
  8
0
 10
160.281400
 20
186.118750
 42
0.055623
  0
VERTEX
  8
0
 10
160.115710
 20
186.797993
 42
0.314934
  0
VERTEX
  8
0
 10
159.826807
 20
187.000000
 42
0.282744
  0
VERTEX
  8
0
 10
159.507607
 20
186.803812
 42
0.049958
  0
VERTEX
  8
0
 10
159.242875
 20
186.118750
 42
0.041208
  0
VERTEX
  8
0
 10
159.059941
 20
185.149578
 42
0.026053
  0
SEQEND
  0
POLYLINE
  8
0
 66
1
 70
1
  0
VERTEX
  8
0
 10
162.666667
 20
186.333333
 42
0.112380
  0
VERTEX
  8
0
 10
162.409196
 20
185.924097
 42
0.029781
  0
VERTEX
  8
0
 10
162.195833
 20
185.177083
 42
0.028659
  0
VERTEX
  8
0
 10
162.049067
 20
184.275476
 42
0.026022
  0
VERTEX
  8
0
 10
162.000000
 20
183.333333
 42
0.161541
  0
VERTEX
  8
0
 10
162.518704
 20
181.769739
 42
0.195252
  0
VERTEX
  8
0
 10
163.831816
 20
180.974538
 42
0.189533
  0
VERTEX
  8
0
 10
165.359168
 20
181.309289
 42
0.154719
  0
VERTEX
  8
0
 10
166.410264
 20
182.626748
 42
0.156858
  0
VERTEX
  8
0
 10
166.509883
 20
184.428709
 42
0.134404
  0
VERTEX
  8
0
 10
165.556853
 20
186.081081
 42
0.165633
  0
VERTEX
  8
0
 10
164.055565
 20
186.810260
 42
0.231312
  0
SEQEND
  0
POLYLINE
  8
0
 66
1
 70
1
  0
VERTEX
  8
0
 10
165.500000
 20
184.000000
 42
-0.085974
  0
VERTEX
  8
0
 10
165.406312
 20
183.459169
 42
-0.069410
  0
VERTEX
  8
0
 10
165.132812
 20
182.935937
 42
-0.069650
  0
VERTEX
  8
0
 10
164.727751
 20
182.509184
 42
-0.087886
  0
VERTEX
  8
0
 10
164.250000
 20
182.250000
 42
-0.162171
  0
VERTEX
  8
0
 10
163.750923
 20
182.249896
 42
-0.158614
  0
VERTEX
  8
0
 10
163.346154
 20
182.548718
 42
-0.105759
  0
VERTEX
  8
0
 10
163.084641
 20
183.151204
 42
-0.049736
  0
VERTEX
  8
0
 10
163.000000
 20
184.000000
 42
-0.049736
  0
VERTEX
  8
0
 10
163.084641
 20
184.848796
 42
-0.105759
  0
VERTEX
  8
0
 10
163.346154
 20
185.451282
 42
-0.158614
  0
VERTEX
  8
0
 10
163.750923
 20
185.750104
 42
-0.162171
  0
VERTEX
  8
0
 10
164.250000
 20
185.750000
 42
-0.087886
  0
VERTEX
  8
0
 10
164.727751
 20
185.490816
 42
-0.069650
  0
VERTEX
  8
0
 10
165.132812
 20
185.064063
 42
-0.069410
  0
VERTEX
  8
0
 10
165.406312
 20
184.540831
 42
-0.085974
  0
SEQEND
  0
POLYLINE
  8
0
 66
1
 70
1
  0
VERTEX
  8
0
 10
182.194949
 20
183.500000
 42
0.012823
  0
VERTEX
  8
0
 10
182.235556
 20
182.431793
 42
0.080377
  0
VERTEX
  8
0
 10
182.356533
 20
181.900903
 42
0.597527
  0
VERTEX
  8
0
 10
182.516660
 20
181.883358
 42
0.087174
  0
VERTEX
  8
0
 10
182.692991
 20
182.269032
 42
0.037336
  0
VERTEX
  8
0
 10
182.832894
 20
183.036634
 42
0.029507
  0
VERTEX
  8
0
 10
182.872264
 20
183.880008
 42
0.030339
  0
VERTEX
  8
0
 10
182.814405
 20
184.671085
 42
0.062780
  0
VERTEX
  8
0
 10
182.655937
 20
185.269032
 42
0.313180
  0
VERTEX
  8
0
 10
182.477130
 20
185.386009
 42
0.333666
  0
VERTEX
  8
0
 10
182.315079
 20
185.257153
 42
0.052471
  0
VERTEX
  8
0
 10
182.212705
 20
184.580113
 42
0.014395
  0
SEQEND
  0
POLYLINE
  8
0
 66
1
 70
1
  0
VERTEX
  8
0
 10
174.078947
 20
183.416667
 42
0.018894
  0
VERTEX
  8
0
 10
174.137993
 20
182.670344
 42
0.168741
  0
VERTEX
  8
0
 10
174.279315
 20
182.378580
 42
0.470617
  0
VERTEX
  8
0
 10
174.461564
 20
182.395823
 42
0.054073
  0
VERTEX
  8
0
 10
174.683114
 20
182.812500
 42
0.051402
  0
VERTEX
  8
0
 10
174.839148
 20
183.359369
 42
0.054150
  0
VERTEX
  8
0
 10
174.876576
 20
183.916927
 42
0.060344
  0
VERTEX
  8
0
 10
174.797407
 20
184.402231
 42
0.126455
  0
VERTEX
  8
0
 10
174.604167
 20
184.729167
 42
0.296942
  0
VERTEX
  8
0
 10
174.385309
 20
184.775380
 42
0.208169
  0
VERTEX
  8
0
 10
174.200665
 20
184.592839
 42
0.077125
  0
VERTEX
  8
0
 10
174.089945
 20
184.112848
 42
0.028489
  0
SEQEND
  0
POLYLINE
  8
0
 66
1
 70
1
  0
VERTEX
  8
0
 10
56.812500
 20
180.316886
 42
0.051402
  0
VERTEX
  8
0
 10
57.359369
 20
180.160852
 42
0.054150
  0
VERTEX
  8
0
 10
57.916927
 20
180.123424
 42
0.060344
  0
VERTEX
  8
0
 10
58.402231
 20
180.202593
 42
0.126455
  0
VERTEX
  8
0
 10
58.729167
 20
180.395833
 42
0.296942
  0
VERTEX
  8
0
 10
58.775380
 20
180.614691
 42
0.208169
  0
VERTEX
  8
0
 10
58.592839
 20
180.799335
 42
0.077125
  0
VERTEX
  8
0
 10
58.112848
 20
180.910055
 42
0.028489
  0
VERTEX
  8
0
 10
57.416667
 20
180.921053
 42
0.018894
  0
VERTEX
  8
0
 10
56.670344
 20
180.862007
 42
0.168741
  0
VERTEX
  8
0
 10
56.378580
 20
180.720685
 42
0.470617
  0
VERTEX
  8
0
 10
56.395823
 20
180.538436
 42
0.054073
  0
SEQEND
  0
POLYLINE
  8
0
 66
1
 70
1
  0
VERTEX
  8
0
 10
45.000000
 20
171.000000
 42
0.000000
  0
VERTEX
  8
0
 10
45.000000
 20
166.000000
 42
0.000000
  0
VERTEX
  8
0
 10
49.403487
 20
166.000000
 42
0.000000
  0
VERTEX
  8
0
 10
53.806973
 20
166.000000
 42
0.000000
  0
VERTEX
  8
0
 10
54.153487
 20
171.000622
 42
0.000000
  0
VERTEX
  8
0
 10
54.500000
 20
176.001243
 42
0.000000
  0
VERTEX
  8
0
 10
49.750000
 20
176.000622
 42
0.000000
  0
VERTEX
  8
0
 10
45.000000
 20
176.000000
 42
0.000000
  0
SEQEND
  0
POLYLINE
  8
0
 66
1
 70
1
  0
VERTEX
  8
0
 10
62.750000
 20
175.267795
 42
0.014123
  0
VERTEX
  8
0
 10
64.684912
 20
175.148488
 42
0.008335
  0
VERTEX
  8
0
 10
67.000000
 20
175.109894
 42
0.008335
  0
VERTEX
  8
0
 10
69.315088
 20
175.148488
 42
0.014123
  0
VERTEX
  8
0
 10
71.250000
 20
175.267795
 42
0.084525
  0
VERTEX
  8
0
 10
71.776995
 20
175.407127
 42
0.769970
  0
VERTEX
  8
0
 10
71.754687
 20
175.538141
 42
0.018707
  0
VERTEX
  8
0
 10
70.047184
 20
175.627723
 42
0.003751
  0
VERTEX
  8
0
 10
67.000000
 20
175.650586
 42
0.003751
  0
VERTEX
  8
0
 10
63.952816
 20
175.627723
 42
0.018707
  0
VERTEX
  8
0
 10
62.245312
 20
175.538141
 42
0.769970
  0
VERTEX
  8
0
 10
62.223005
 20
175.407127
 42
0.084525
  0
SEQEND
  0
POLYLINE
  8
0
 66
1
 70
1
  0
VERTEX
  8
0
 10
80.269032
 20
175.307009
 42
0.037336
  0
VERTEX
  8
0
 10
81.036634
 20
175.167106
 42
0.029507
  0
VERTEX
  8
0
 10
81.880008
 20
175.127736
 42
0.030339
  0
VERTEX
  8
0
 10
82.671085
 20
175.185595
 42
0.062780
  0
VERTEX
  8
0
 10
83.269032
 20
175.344063
 42
0.313180
  0
VERTEX
  8
0
 10
83.386009
 20
175.522870
 42
0.333666
  0
VERTEX
  8
0
 10
83.257153
 20
175.684921
 42
0.052471
  0
VERTEX
  8
0
 10
82.580113
 20
175.787295
 42
0.014395
  0
VERTEX
  8
0
 10
81.500000
 20
175.805051
 42
0.012823
  0
VERTEX
  8
0
 10
80.431793
 20
175.764444
 42
0.080377
  0
VERTEX
  8
0
 10
79.900903
 20
175.643467
 42
0.597527
  0
VERTEX
  8
0
 10
79.883358
 20
175.483340
 42
0.087174
  0
SEQEND
  0
POLYLINE
  8
0
 66
1
 70
1
  0
VERTEX
  8
0
 10
92.776433
 20
175.266503
 42
0.013671
  0
VERTEX
  8
0
 10
94.684837
 20
175.147583
 42
0.008930
  0
VERTEX
  8
0
 10
96.890462
 20
175.110009
 42
0.008983
  0
VERTEX
  8
0
 10
99.043501
 20
175.150473
 42
0.016947
  0
VERTEX
  8
0
 10
100.776433
 20
175.273107
 42
0.153636
  0
VERTEX
  8
0
 10
101.099419
 20
175.413268
 42
0.661512
  0
VERTEX
  8
0
 10
101.056202
 20
175.547090
 42
0.018464
  0
VERTEX
  8
0
 10
99.373175
 20
175.635783
 42
0.004138
  0
VERTEX
  8
0
 10
96.500000
 20
175.657190
 42
0.003921
  0
VERTEX
  8
0
 10
93.635274
 20
175.632360
 42
0.022011
  0
VERTEX
  8
0
 10
92.106202
 20
175.539701
 42
0.807686
  0
VERTEX
  8
0
 10
92.092045
 20
175.408440
 42
0.057523
  0
SEQEND
  0
POLYLINE
  8
0
 66
1
 70
1
  0
VERTEX
  8
0
 10
110.269032
 20
175.307009
 42
0.037336
  0
VERTEX
  8
0
 10
111.036634
 20
175.167106
 42
0.029507
  0
VERTEX
  8
0
 10
111.880008
 20
175.127736
 42
0.030339
  0
VERTEX
  8
0
 10
112.671085
 20
175.185595
 42
0.062780
  0
VERTEX
  8
0
 10
113.269032
 20
175.344063
 42
0.313180
  0
VERTEX
  8
0
 10
113.386009
 20
175.522870
 42
0.333666
  0
VERTEX
  8
0
 10
113.257153
 20
175.684921
 42
0.052471
  0
VERTEX
  8
0
 10
112.580113
 20
175.787295
 42
0.014395
  0
VERTEX
  8
0
 10
111.500000
 20
175.805051
 42
0.012823
  0
VERTEX
  8
0
 10
110.431793
 20
175.764444
 42
0.080377
  0
VERTEX
  8
0
 10
109.900903
 20
175.643467
 42
0.597527
  0
VERTEX
  8
0
 10
109.883358
 20
175.483340
 42
0.087174
  0
SEQEND
  0
POLYLINE
  8
0
 66
1
 70
1
  0
VERTEX
  8
0
 10
122.776433
 20
175.266503
 42
0.013671
  0
VERTEX
  8
0
 10
124.684837
 20
175.147583
 42
0.008930
  0
VERTEX
  8
0
 10
126.890462
 20
175.110009
 42
0.008983
  0
VERTEX
  8
0
 10
129.043501
 20
175.150473
 42
0.016947
  0
VERTEX
  8
0
 10
130.776433
 20
175.273107
 42
0.153636
  0
VERTEX
  8
0
 10
131.099419
 20
175.413268
 42
0.661512
  0
VERTEX
  8
0
 10
131.056202
 20
175.547090
 42
0.018464
  0
VERTEX
  8
0
 10
129.373175
 20
175.635783
 42
0.004138
  0
VERTEX
  8
0
 10
126.500000
 20
175.657190
 42
0.003921
  0
VERTEX
  8
0
 10
123.635274
 20
175.632360
 42
0.022011
  0
VERTEX
  8
0
 10
122.106202
 20
175.539701
 42
0.807686
  0
VERTEX
  8
0
 10
122.092045
 20
175.408440
 42
0.057523
  0
SEQEND
  0
POLYLINE
  8
0
 66
1
 70
1
  0
VERTEX
  8
0
 10
140.269032
 20
175.307009
 42
0.037336
  0
VERTEX
  8
0
 10
141.036634
 20
175.167106
 42
0.029507
  0
VERTEX
  8
0
 10
141.880008
 20
175.127736
 42
0.030339
  0
VERTEX
  8
0
 10
142.671085
 20
175.185595
 42
0.062780
  0
VERTEX
  8
0
 10
143.269032
 20
175.344063
 42
0.313180
  0
VERTEX
  8
0
 10
143.386009
 20
175.522870
 42
0.333666
  0
VERTEX
  8
0
 10
143.257153
 20
175.684921
 42
0.052471
  0
VERTEX
  8
0
 10
142.580113
 20
175.787295
 42
0.014395
  0
VERTEX
  8
0
 10
141.500000
 20
175.805051
 42
0.012823
  0
VERTEX
  8
0
 10
140.431793
 20
175.764444
 42
0.080377
  0
VERTEX
  8
0
 10
139.900903
 20
175.643467
 42
0.597527
  0
VERTEX
  8
0
 10
139.883358
 20
175.483340
 42
0.087174
  0
SEQEND
  0
POLYLINE
  8
0
 66
1
 70
1
  0
VERTEX
  8
0
 10
151.776433
 20
175.266503
 42
0.013671
  0
VERTEX
  8
0
 10
153.684837
 20
175.147583
 42
0.008930
  0
VERTEX
  8
0
 10
155.890462
 20
175.110009
 42
0.008983
  0
VERTEX
  8
0
 10
158.043501
 20
175.150473
 42
0.016947
  0
VERTEX
  8
0
 10
159.776433
 20
175.273107
 42
0.153636
  0
VERTEX
  8
0
 10
160.099419
 20
175.413268
 42
0.661512
  0
VERTEX
  8
0
 10
160.056202
 20
175.547090
 42
0.018464
  0
VERTEX
  8
0
 10
158.373175
 20
175.635783
 42
0.004138
  0
VERTEX
  8
0
 10
155.500000
 20
175.657190
 42
0.003921
  0
VERTEX
  8
0
 10
152.635274
 20
175.632360
 42
0.022011
  0
VERTEX
  8
0
 10
151.106202
 20
175.539701
 42
0.807686
  0
VERTEX
  8
0
 10
151.092045
 20
175.408440
 42
0.057523
  0
SEQEND
  0
POLYLINE
  8
0
 66
1
 70
1
  0
VERTEX
  8
0
 10
169.269032
 20
175.307009
 42
0.037336
  0
VERTEX
  8
0
 10
170.036634
 20
175.167106
 42
0.029507
  0
VERTEX
  8
0
 10
170.880008
 20
175.127736
 42
0.030339
  0
VERTEX
  8
0
 10
171.671085
 20
175.185595
 42
0.062780
  0
VERTEX
  8
0
 10
172.269032
 20
175.344063
 42
0.313180
  0
VERTEX
  8
0
 10
172.386009
 20
175.522870
 42
0.333666
  0
VERTEX
  8
0
 10
172.257153
 20
175.684921
 42
0.052471
  0
VERTEX
  8
0
 10
171.580113
 20
175.787295
 42
0.014395
  0
VERTEX
  8
0
 10
170.500000
 20
175.805051
 42
0.012823
  0
VERTEX
  8
0
 10
169.431793
 20
175.764444
 42
0.080377
  0
VERTEX
  8
0
 10
168.900903
 20
175.643467
 42
0.597527
  0
VERTEX
  8
0
 10
168.883358
 20
175.483340
 42
0.087174
  0
SEQEND
  0
POLYLINE
  8
0
 66
1
 70
1
  0
VERTEX
  8
0
 10
181.776433
 20
175.266503
 42
0.013671
  0
VERTEX
  8
0
 10
183.684837
 20
175.147583
 42
0.008930
  0
VERTEX
  8
0
 10
185.890462
 20
175.110009
 42
0.008983
  0
VERTEX
  8
0
 10
188.043501
 20
175.150473
 42
0.016947
  0
VERTEX
  8
0
 10
189.776433
 20
175.273107
 42
0.153636
  0
VERTEX
  8
0
 10
190.099419
 20
175.413268
 42
0.661512
  0
VERTEX
  8
0
 10
190.056202
 20
175.547090
 42
0.018464
  0
VERTEX
  8
0
 10
188.373175
 20
175.635783
 42
0.004138
  0
VERTEX
  8
0
 10
185.500000
 20
175.657190
 42
0.003921
  0
VERTEX
  8
0
 10
182.635274
 20
175.632360
 42
0.022011
  0
VERTEX
  8
0
 10
181.106202
 20
175.539701
 42
0.807686
  0
VERTEX
  8
0
 10
181.092045
 20
175.408440
 42
0.057523
  0
SEQEND
  0
POLYLINE
  8
0
 66
1
 70
1
  0
VERTEX
  8
0
 10
198.750000
 20
175.337719
 42
0.057986
  0
VERTEX
  8
0
 10
199.320008
 20
175.181385
 42
0.037979
  0
VERTEX
  8
0
 10
200.000000
 20
175.129660
 42
0.037979
  0
VERTEX
  8
0
 10
200.679992
 20
175.181385
 42
0.057986
  0
VERTEX
  8
0
 10
201.250000
 20
175.337719
 42
0.174857
  0
VERTEX
  8
0
 10
201.459382
 20
175.525001
 42
0.447206
  0
VERTEX
  8
0
 10
201.398438
 20
175.693942
 42
0.078554
  0
VERTEX
  8
0
 10
200.891440
 20
175.810911
 42
0.017491
  0
VERTEX
  8
0
 10
200.000000
 20
175.842105
 42
0.017491
  0
VERTEX
  8
0
 10
199.108560
 20
175.810911
 42
0.078554
  0
VERTEX
  8
0
 10
198.601562
 20
175.693942
 42
0.447206
  0
VERTEX
  8
0
 10
198.540618
 20
175.525001
 42
0.174857
  0
SEQEND
  0
POLYLINE
  8
0
 66
1
 70
1
  0
VERTEX
  8
0
 10
383.666667
 20
201.333333
 42
0.169247
  0
VERTEX
  8
0
 10
383.402069
 20
200.785689
 42
0.007906
  0
VERTEX
  8
0
 10
383.195833
 20
198.708333
 42
0.012318
  0
VERTEX
  8
0
 10
383.048411
 20
196.191470
 42
0.008468
  0
VERTEX
  8
0
 10
383.000000
 20
193.333333
 42
0.000000
  0
VERTEX
  8
0
 10
383.000000
 20
186.000000
 42
0.000000
  0
VERTEX
  8
0
 10
389.500000
 20
186.000000
 42
0.000000
  0
VERTEX
  8
0
 10
396.000000
 20
186.000000
 42
0.000000
  0
VERTEX
  8
0
 10
396.000000
 20
194.000000
 42
0.000000
  0
VERTEX
  8
0
 10
396.000000
 20
202.000000
 42
0.000000
  0
VERTEX
  8
0
 10
390.166667
 20
202.000000
 42
0.010625
  0
VERTEX
  8
0
 10
387.883527
 20
201.951479
 42
0.014928
  0
VERTEX
  8
0
 10
385.851042
 20
201.804167
 42
0.011119
  0
VERTEX
  8
0
 10
384.189525
 20
201.596327
 42
0.161051
  0
SEQEND
  0
POLYLINE
  8
0
 66
1
 70
1
  0
VERTEX
  8
0
 10
394.000000
 20
194.000000
 42
0.000000
  0
VERTEX
  8
0
 10
394.000000
 20
188.000000
 42
0.000000
  0
VERTEX
  8
0
 10
389.500000
 20
188.000000
 42
0.000000
  0
VERTEX
  8
0
 10
385.000000
 20
188.000000
 42
0.000000
  0
VERTEX
  8
0
 10
385.000000
 20
194.000000
 42
0.000000
  0
VERTEX
  8
0
 10
385.000000
 20
200.000000
 42
0.000000
  0
VERTEX
  8
0
 10
389.500000
 20
200.000000
 42
0.000000
  0
VERTEX
  8
0
 10
394.000000
 20
200.000000
 42
0.000000
  0
SEQEND
  0
POLYLINE
  8
0
 66
1
 70
1
  0
VERTEX
  8
0
 10
383.000000
 20
164.000000
 42
0.000000
  0
VERTEX
  8
0
 10
383.000000
 20
156.000000
 42
0.000000
  0
VERTEX
  8
0
 10
389.500000
 20
156.000000
 42
0.000000
  0
VERTEX
  8
0
 10
396.000000
 20
156.000000
 42
0.000000
  0
VERTEX
  8
0
 10
396.000000
 20
164.000000
 42
0.000000
  0
VERTEX
  8
0
 10
396.000000
 20
172.000000
 42
0.000000
  0
VERTEX
  8
0
 10
389.500000
 20
172.000000
 42
0.000000
  0
VERTEX
  8
0
 10
383.000000
 20
172.000000
 42
0.000000
  0
SEQEND
  0
POLYLINE
  8
0
 66
1
 70
1
  0
VERTEX
  8
0
 10
394.000000
 20
164.000000
 42
0.000000
  0
VERTEX
  8
0
 10
394.000000
 20
158.000000
 42
0.000000
  0
VERTEX
  8
0
 10
389.500000
 20
158.000000
 42
0.000000
  0
VERTEX
  8
0
 10
385.000000
 20
158.000000
 42
0.000000
  0
VERTEX
  8
0
 10
385.000000
 20
164.000000
 42
0.000000
  0
VERTEX
  8
0
 10
385.000000
 20
170.000000
 42
0.000000
  0
VERTEX
  8
0
 10
389.500000
 20
170.000000
 42
0.000000
  0
VERTEX
  8
0
 10
394.000000
 20
170.000000
 42
0.000000
  0
SEQEND
  0
POLYLINE
  8
0
 66
1
 70
1
  0
VERTEX
  8
0
 10
320.269032
 20
197.307009
 42
0.037336
  0
VERTEX
  8
0
 10
321.036634
 20
197.167106
 42
0.029507
  0
VERTEX
  8
0
 10
321.880008
 20
197.127736
 42
0.030339
  0
VERTEX
  8
0
 10
322.671085
 20
197.185595
 42
0.062780
  0
VERTEX
  8
0
 10
323.269032
 20
197.344063
 42
0.313180
  0
VERTEX
  8
0
 10
323.386009
 20
197.522870
 42
0.333666
  0
VERTEX
  8
0
 10
323.257153
 20
197.684921
 42
0.052471
  0
VERTEX
  8
0
 10
322.580113
 20
197.787295
 42
0.014395
  0
VERTEX
  8
0
 10
321.500000
 20
197.805051
 42
0.012823
  0
VERTEX
  8
0
 10
320.431793
 20
197.764444
 42
0.080377
  0
VERTEX
  8
0
 10
319.900903
 20
197.643467
 42
0.597527
  0
VERTEX
  8
0
 10
319.883358
 20
197.483340
 42
0.087174
  0
SEQEND
  0
ENDSEC
  0
EOF
