  0
SECTION
  2
HEADER
  9
$ACADVER
  1
AC1006
  9
$EXTMIN
 10
0.000000
 20
0.000000
 30
0.000000
  9
$EXTMAX
 10
687.000000
 20
291.000000
 30
0.000000
  0
ENDSEC
  0
SECTION
  2
ENTITIES
  0
POLYLINE
  8
0
 66
1
 70
1
  0
VERTEX
  8
0
 10
5.589279
 20
262.144457
 42
0.332306
  0
VERTEX
  8
0
 10
5.613909
 20
261.865537
 42
0.162929
  0
VERTEX
  8
0
 10
5.941332
 20
261.678915
 42
0.068119
  0
VERTEX
  8
0
 10
6.617574
 20
261.638968
 42
0.027972
  0
VERTEX
  8
0
 10
7.530262
 20
261.761034
 42
-0.038499
  0
VERTEX
  8
0
 10
8.891671
 20
261.914046
 42
-0.199893
  0
VERTEX
  8
0
 10
9.584865
 20
261.653425
 42
-0.171779
  0
VERTEX
  8
0
 10
9.949337
 20
260.947057
 42
-0.027152
  0
VERTEX
  8
0
 10
10.078947
 20
259.366577
 42
0.016777
  0
VERTEX
  8
0
 10
10.141818
 20
258.338617
 42
0.063000
  0
VERTEX
  8
0
 10
10.282867
 20
257.709245
 42
0.354953
  0
VERTEX
  8
0
 10
10.467692
 20
257.597869
 42
0.268014
  0
VERTEX
  8
0
 10
10.662281
 20
257.750000
 42
-0.261095
  0
VERTEX
  8
0
 10
11.433883
 20
258.369488
 42
-0.019811
  0
VERTEX
  8
0
 10
14.187283
 20
258.718484
 42
-0.017048
  0
VERTEX
  8
0
 10
18.391098
 20
258.938840
 42
-0.004569
  0
VERTEX
  8
0
 10
25.083333
 20
259.000000
 42
-0.004260
  0
VERTEX
  8
0
 10
31.891918
 20
258.941992
 42
-0.017979
  0
VERTEX
  8
0
 10
35.968600
 20
258.725754
 42
-0.022795
  0
VERTEX
  8
0
 10
38.530987
 20
258.378946
 42
-0.340044
  0
VERTEX
  8
0
 10
39.099680
 20
257.750000
 42
0.238503
  0
VERTEX
  8
0
 10
39.212786
 20
257.564620
 42
0.410757
  0
VERTEX
  8
0
 10
39.374354
 20
257.601562
 42
0.059277
  0
VERTEX
  8
0
 10
39.619343
 20
258.111195
 42
0.014597
  0
VERTEX
  8
0
 10
39.894765
 20
259.000000
 42
-0.088499
  0
VERTEX
  8
0
 10
40.579225
 20
260.424783
 42
-0.167818
  0
VERTEX
  8
0
 10
41.607728
 20
261.149578
 42
-0.064880
  0
VERTEX
  8
0
 10
43.535704
 20
261.444438
 42
-0.005546
  0
VERTEX
  8
0
 10
48.545085
 20
261.500000
 42
-0.007864
  0
VERTEX
  8
0
 10
52.356119
 20
261.440060
 42
-0.032356
  0
VERTEX
  8
0
 10
54.652732
 20
261.218573
 42
-0.062372
  0
VERTEX
  8
0
 10
55.941319
 20
260.840467
 42
-0.353229
  0
VERTEX
  8
0
 10
56.250000
 20
260.250000
 42
0.067321
  0
VERTEX
  8
0
 10
56.219871
 20
259.772067
 42
0.098769
  0
VERTEX
  8
0
 10
56.331219
 20
259.367188
 42
0.124615
  0
VERTEX
  8
0
 10
56.563384
 20
259.098841
 42
0.153594
  0
VERTEX
  8
0
 10
56.877555
 20
259.000000
 42
0.168320
  0
VERTEX
  8
0
 10
57.869033
 20
259.343502
 42
0.068040
  0
VERTEX
  8
0
 10
58.876749
 20
260.387118
 42
0.073819
  0
VERTEX
  8
0
 10
59.500284
 20
261.571323
 42
0.288281
  0
VERTEX
  8
0
 10
59.324657
 20
262.342009
 42
0.199287
  0
VERTEX
  8
0
 10
57.613352
 20
263.049409
 42
0.000558
  0
VERTEX
  8
0
 10
32.317151
 20
262.984662
 42
0.000468
  0
VERTEX
  8
0
 10
6.877389
 20
262.867317
 42
0.258453
  0
SEQEND
  0
POLYLINE
  8
0
 66
1
 70
1
  0
VERTEX
  8
0
 10
32.206250
 20
260.256610
 42
-0.007321
  0
VERTEX
  8
0
 10
28.926580
 20
260.149131
 42
-0.004580
  0
VERTEX
  8
0
 10
25.085078
 20
260.114720
 42
-0.004596
  0
VERTEX
  8
0
 10
21.299387
 20
260.150284
 42
-0.008346
  0
VERTEX
  8
0
 10
18.206250
 20
260.259447
 42
-0.070857
  0
VERTEX
  8
0
 10
17.565100
 20
260.385046
 42
-0.825028
  0
VERTEX
  8
0
 10
17.582461
 20
260.504977
 42
-0.009805
  0
VERTEX
  8
0
 10
20.474935
 20
260.585388
 42
-0.002097
  0
VERTEX
  8
0
 10
25.500000
 20
260.605443
 42
-0.002028
  0
VERTEX
  8
0
 10
30.516356
 20
260.584076
 42
-0.010914
  0
VERTEX
  8
0
 10
33.244961
 20
260.501803
 42
-0.884121
  0
VERTEX
  8
0
 10
33.253362
 20
260.383474
 42
-0.036599
  0
SEQEND
  0
POLYLINE
  8
0
 66
1
 70
1
  0
VERTEX
  8
0
 10
68.000000
 20
262.122445
 42
0.120594
  0
VERTEX
  8
0
 10
68.103906
 20
261.697902
 42
0.035592
  0
VERTEX
  8
0
 10
68.457200
 20
261.123229
 42
0.033464
  0
VERTEX
  8
0
 10
68.960761
 20
260.512191
 42
0.030484
  0
VERTEX
  8
0
 10
69.556424
 20
259.953172
 42
0.011331
  0
VERTEX
  8
0
 10
70.415455
 20
259.272514
 42
0.189494
  0
VERTEX
  8
0
 10
70.759025
 20
259.176371
 42
0.409962
  0
VERTEX
  8
0
 10
70.914597
 20
259.364492
 42
0.031381
  0
VERTEX
  8
0
 10
70.806424
 20
260.080727
 42
-0.411531
  0
VERTEX
  8
0
 10
71.294015
 20
260.844500
 42
-0.034876
  0
VERTEX
  8
0
 10
73.835997
 20
261.234102
 42
-0.017985
  0
VERTEX
  8
0
 10
78.496040
 20
261.450452
 42
-0.002607
  0
VERTEX
  8
0
 10
88.000000
 20
261.500000
 42
-0.002607
  0
VERTEX
  8
0
 10
97.503960
 20
261.450452
 42
-0.017985
  0
VERTEX
  8
0
 10
102.164003
 20
261.234102
 42
-0.034876
  0
VERTEX
  8
0
 10
104.705985
 20
260.844500
 42
-0.411531
  0
VERTEX
  8
0
 10
105.193576
 20
260.080727
 42
0.031438
  0
VERTEX
  8
0
 10
105.085814
 20
259.366660
 42
0.407506
  0
VERTEX
  8
0
 10
105.240908
 20
259.177589
 42
0.191339
  0
VERTEX
  8
0
 10
105.582997
 20
259.271612
 42
0.011598
  0
VERTEX
  8
0
 10
106.432565
 20
259.944034
 42
0.048888
  0
VERTEX
  8
0
 10
106.983302
 20
260.500334
 42
0.063011
  0
VERTEX
  8
0
 10
107.363037
 20
261.110322
 42
0.077016
  0
VERTEX
  8
0
 10
107.524844
 20
261.678937
 42
0.170905
  0
VERTEX
  8
0
 10
107.429973
 20
262.113307
 42
0.258643
  0
VERTEX
  8
0
 10
105.963267
 20
262.935703
 42
0.001151
  0
VERTEX
  8
0
 10
87.447748
 20
262.982614
 42
0.000985
  0
VERTEX
  8
0
 10
68.824753
 20
262.950260
 42
0.413128
  0
SEQEND
  0
POLYLINE
  8
0
 66
1
 70
1
  0
VERTEX
  8
0
 10
117.393011
 20
261.418213
 42
-0.008099
  0
VERTEX
  8
0
 10
117.625425
 20
260.781926
 42
-0.009838
  0
VERTEX
  8
0
 10
117.821697
 20
260.178225
 42
-0.008575
  0
VERTEX
  8
0
 10
117.967516
 20
259.666328
 42
-0.065182
  0
VERTEX
  8
0
 10
118.000000
 20
259.418213
 42
0.214317
  0
VERTEX
  8
0
 10
118.071869
 20
259.258244
 42
0.079848
  0
VERTEX
  8
0
 10
118.284531
 20
259.122850
 42
0.060738
  0
VERTEX
  8
0
 10
118.597761
 20
259.030653
 42
0.041257
  0
VERTEX
  8
0
 10
118.968615
 20
259.000000
 42
0.188339
  0
VERTEX
  8
0
 10
119.288264
 20
259.124833
 42
0.146226
  0
VERTEX
  8
0
 10
119.480527
 20
259.448676
 42
0.098495
  0
VERTEX
  8
0
 10
119.504752
 20
259.942490
 42
0.054823
  0
VERTEX
  8
0
 10
119.351110
 20
260.527406
 42
-0.408385
  0
VERTEX
  8
0
 10
119.697594
 20
261.326739
 42
-0.074901
  0
VERTEX
  8
0
 10
121.426380
 20
261.743991
 42
-0.023855
  0
VERTEX
  8
0
 10
125.137632
 20
261.891046
 42
-0.002640
  0
VERTEX
  8
0
 10
133.632495
 20
261.777406
 42
-0.003840
  0
VERTEX
  8
0
 10
140.971203
 20
261.584084
 42
-0.017526
  0
VERTEX
  8
0
 10
145.228928
 20
261.289554
 42
-0.023699
  0
VERTEX
  8
0
 10
147.821540
 20
260.893732
 42
-0.413775
  0
VERTEX
  8
0
 10
148.250000
 20
260.250000
 42
0.166714
  0
VERTEX
  8
0
 10
148.359402
 20
259.432245
 42
0.254478
  0
VERTEX
  8
0
 10
148.933069
 20
259.032122
 42
0.179063
  0
VERTEX
  8
0
 10
149.774351
 20
259.241312
 42
0.105170
  0
VERTEX
  8
0
 10
150.500000
 20
260.000000
 42
-0.169767
  0
VERTEX
  8
0
 10
150.989304
 20
260.396406
 42
-0.028274
  0
VERTEX
  8
0
 10
152.167588
 20
260.745499
 42
-0.028238
  0
VERTEX
  8
0
 10
153.659008
 20
261.009256
 42
-0.021681
  0
VERTEX
  8
0
 10
155.309017
 20
261.133613
 42
0.000000
  0
VERTEX
  8
0
 10
159.500000
 20
261.267226
 42
0.000000
  0
VERTEX
  8
0
 10
154.500000
 20
262.046007
 42
0.024205
  0
VERTEX
  8
0
 10
151.607508
 20
262.354099
 42
0.004292
  0
VERTEX
  8
0
 10
146.163885
 20
262.621756
 42
0.004636
  0
VERTEX
  8
0
 10
139.771964
 20
262.821715
 42
0.004161
  0
VERTEX
  8
0
 10
133.143011
 20
262.912394
 42
0.002322
  0
VERTEX
  8
0
 10
123.632842
 20
262.919173
 42
0.022668
  0
VERTEX
  8
0
 10
119.618407
 20
262.721270
 42
0.072799
  0
VERTEX
  8
0
 10
117.761471
 20
262.266989
 42
0.408700
  0
SEQEND
  0
POLYLINE
  8
0
 66
1
 70
1
  0
VERTEX
  8
0
 10
160.570027
 20
262.113307
 42
0.262915
  0
VERTEX
  8
0
 10
160.534193
 20
261.203836
 42
0.093927
  0
VERTEX
  8
0
 10
161.361689
 20
260.142269
 42
0.097507
  0
VERTEX
  8
0
 10
162.498220
 20
259.480966
 42
0.287006
  0
VERTEX
  8
0
 10
163.342009
 20
259.675343
 42
0.078717
  0
VERTEX
  8
0
 10
163.594469
 20
260.022847
 42
0.038029
  0
VERTEX
  8
0
 10
163.806715
 20
260.531715
 42
0.036499
  0
VERTEX
  8
0
 10
163.951488
 20
261.107894
 42
0.043328
  0
VERTEX
  8
0
 10
164.000000
 20
261.666667
 42
0.219347
  0
VERTEX
  8
0
 10
163.606629
 20
262.520209
 42
0.145412
  0
VERTEX
  8
0
 10
162.604554
 20
262.965652
 42
0.126874
  0
VERTEX
  8
0
 10
161.413680
 20
262.818538
 42
0.161870
  0
SEQEND
  0
POLYLINE
  8
0
 66
1
 70
1
  0
VERTEX
  8
0
 10
173.735568
 20
262.402234
 42
0.214275
  0
VERTEX
  8
0
 10
173.430132
 20
261.598661
 42
0.081237
  0
VERTEX
  8
0
 10
173.699345
 20
260.400699
 42
0.081579
  0
VERTEX
  8
0
 10
174.334562
 20
259.355200
 42
0.218907
  0
VERTEX
  8
0
 10
175.106989
 20
259.000000
 42
0.150776
  0
VERTEX
  8
0
 10
175.427077
 20
259.098769
 42
0.124917
  0
VERTEX
  8
0
 10
175.664240
 20
259.367188
 42
0.099939
  0
VERTEX
  8
0
 10
175.778880
 20
259.772116
 42
0.068625
  0
VERTEX
  8
0
 10
175.750000
 20
260.250000
 42
-0.356525
  0
VERTEX
  8
0
 10
176.064082
 20
260.842323
 42
-0.060446
  0
VERTEX
  8
0
 10
177.387477
 20
261.219350
 42
-0.031592
  0
VERTEX
  8
0
 10
179.740704
 20
261.440335
 42
-0.007618
  0
VERTEX
  8
0
 10
183.656736
 20
261.500000
 42
0.008642
  0
VERTEX
  8
0
 10
186.752853
 20
261.553519
 42
0.015662
  0
VERTEX
  8
0
 10
189.280615
 20
261.720312
 42
0.011343
  0
VERTEX
  8
0
 10
191.209089
 20
261.952642
 42
0.541099
  0
VERTEX
  8
0
 10
191.347719
 20
262.250000
 42
0.253166
  0
VERTEX
  8
0
 10
190.273564
 20
262.863827
 42
0.003652
  0
VERTEX
  8
0
 10
182.662803
 20
262.985207
 42
0.004250
  0
VERTEX
  8
0
 10
175.129096
 20
262.986286
 42
0.196741
  0
SEQEND
  0
POLYLINE
  8
0
 66
1
 70
1
  0
VERTEX
  8
0
 10
249.651338
 20
262.250000
 42
0.562370
  0
VERTEX
  8
0
 10
249.796778
 20
261.962225
 42
0.007923
  0
VERTEX
  8
0
 10
252.146821
 20
261.815353
 42
0.012886
  0
VERTEX
  8
0
 10
255.145723
 20
261.752967
 42
0.007165
  0
VERTEX
  8
0
 10
258.801962
 20
261.823540
 42
-0.006037
  0
VERTEX
  8
0
 10
264.007310
 20
261.935760
 42
-0.032523
  0
VERTEX
  8
0
 10
266.833418
 20
261.778634
 42
-0.064969
  0
VERTEX
  8
0
 10
268.548146
 20
261.340209
 42
-0.140756
  0
VERTEX
  8
0
 10
269.613641
 20
260.513700
 42
0.041806
  0
VERTEX
  8
0
 10
270.166137
 20
259.877291
 42
0.118443
  0
VERTEX
  8
0
 10
270.668130
 20
259.578758
 42
0.191656
  0
VERTEX
  8
0
 10
271.102179
 20
259.612682
 42
0.141051
  0
VERTEX
  8
0
 10
271.463016
 20
259.940159
 42
-0.165421
  0
VERTEX
  8
0
 10
271.971696
 20
260.359435
 42
-0.030010
  0
VERTEX
  8
0
 10
273.156724
 20
260.727921
 42
-0.029454
  0
VERTEX
  8
0
 10
274.656370
 20
261.004810
 42
-0.022959
  0
VERTEX
  8
0
 10
276.309017
 20
261.133613
 42
0.000000
  0
VERTEX
  8
0
 10
280.500000
 20
261.267226
 42
0.000000
  0
VERTEX
  8
0
 10
275.500000
 20
262.046007
 42
0.027580
  0
VERTEX
  8
0
 10
269.384300
 20
262.655719
 42
0.009083
  0
VERTEX
  8
0
 10
260.346513
 20
262.891264
 42
0.002870
  0
VERTEX
  8
0
 10
250.837476
 20
262.911731
 42
0.258162
  0
SEQEND
  0
POLYLINE
  8
0
 66
1
 70
1
  0
VERTEX
  8
0
 10
281.015313
 20
262.250000
 42
0.078687
  0
VERTEX
  8
0
 10
281.084617
 20
261.863584
 42
0.020930
  0
VERTEX
  8
0
 10
281.315379
 20
261.279687
 42
0.020690
  0
VERTEX
  8
0
 10
281.637281
 20
260.629313
 42
0.019985
  0
VERTEX
  8
0
 10
282.015313
 20
260.000000
 42
0.025210
  0
VERTEX
  8
0
 10
282.610943
 20
259.185322
 42
0.226004
  0
VERTEX
  8
0
 10
283.000000
 20
259.000000
 42
0.226004
  0
VERTEX
  8
0
 10
283.389057
 20
259.185322
 42
0.025210
  0
VERTEX
  8
0
 10
283.984687
 20
260.000000
 42
0.032992
  0
VERTEX
  8
0
 10
284.818638
 20
261.473764
 42
0.193910
  0
VERTEX
  8
0
 10
284.876025
 20
262.343119
 42
0.261891
  0
VERTEX
  8
0
 10
284.325100
 20
262.847548
 42
0.057336
  0
VERTEX
  8
0
 10
283.000000
 20
263.000000
 42
0.035712
  0
VERTEX
  8
0
 10
282.235087
 20
262.945297
 42
0.054684
  0
VERTEX
  8
0
 10
281.591998
 20
262.779688
 42
0.072225
  0
VERTEX
  8
0
 10
281.154273
 20
262.537420
 42
0.239822
  0
SEQEND
  0
POLYLINE
  8
0
 66
1
 70
1
  0
VERTEX
  8
0
 10
294.625000
 20
262.202254
 42
0.125253
  0
VERTEX
  8
0
 10
294.497582
 20
261.796626
 42
0.055186
  0
VERTEX
  8
0
 10
294.528774
 20
261.231135
 42
0.049795
  0
VERTEX
  8
0
 10
294.698169
 20
260.606627
 42
0.047334
  0
VERTEX
  8
0
 10
294.989768
 20
260.016556
 42
0.053833
  0
VERTEX
  8
0
 10
295.504107
 20
259.355391
 42
0.193721
  0
VERTEX
  8
0
 10
295.982732
 20
259.141997
 42
0.153024
  0
VERTEX
  8
0
 10
296.551905
 20
259.297683
 42
0.030518
  0
VERTEX
  8
0
 10
297.412774
 20
259.927609
 42
0.048258
  0
VERTEX
  8
0
 10
297.971122
 20
260.490181
 42
0.062484
  0
VERTEX
  8
0
 10
298.357223
 20
261.105497
 42
0.076506
  0
VERTEX
  8
0
 10
298.523573
 20
261.677822
 42
0.172615
  0
VERTEX
  8
0
 10
298.429973
 20
262.113307
 42
0.160879
  0
VERTEX
  8
0
 10
297.688924
 20
262.735204
 42
0.089186
  0
VERTEX
  8
0
 10
296.520201
 20
262.973666
 42
0.090339
  0
VERTEX
  8
0
 10
295.355513
 20
262.789513
 42
0.171713
  0
SEQEND
  0
POLYLINE
  8
0
 66
1
 70
1
  0
VERTEX
  8
0
 10
307.393011
 20
261.418213
 42
-0.008099
  0
VERTEX
  8
0
 10
307.625425
 20
260.781926
 42
-0.009838
  0
VERTEX
  8
0
 10
307.821697
 20
260.178225
 42
-0.008575
  0
VERTEX
  8
0
 10
307.967516
 20
259.666328
 42
-0.065182
  0
VERTEX
  8
0
 10
308.000000
 20
259.418213
 42
0.219396
  0
VERTEX
  8
0
 10
308.073776
 20
259.258173
 42
0.077854
  0
VERTEX
  8
0
 10
308.293750
 20
259.122850
 42
0.059196
  0
VERTEX
  8
0
 10
308.617099
 20
259.030621
 42
0.039921
  0
VERTEX
  8
0
 10
309.000000
 20
259.000000
 42
0.133456
  0
VERTEX
  8
0
 10
309.361134
 20
259.098139
 42
0.125576
  0
VERTEX
  8
0
 10
309.632812
 20
259.367188
 42
0.107250
  0
VERTEX
  8
0
 10
309.770151
 20
259.772455
 42
0.077768
  0
VERTEX
  8
0
 10
309.750000
 20
260.250000
 42
-0.384010
  0
VERTEX
  8
0
 10
310.111933
 20
260.859452
 42
-0.044346
  0
VERTEX
  8
0
 10
311.805140
 20
261.225613
 42
-0.025351
  0
VERTEX
  8
0
 10
314.745164
 20
261.442533
 42
-0.005739
  0
VERTEX
  8
0
 10
319.751313
 20
261.500000
 42
0.006860
  0
VERTEX
  8
0
 10
323.681901
 20
261.553929
 42
0.011401
  0
VERTEX
  8
0
 10
326.990917
 20
261.720312
 42
0.005120
  0
VERTEX
  8
0
 10
329.727469
 20
261.948740
 42
0.387584
  0
VERTEX
  8
0
 10
330.001313
 20
262.250000
 42
0.390297
  0
VERTEX
  8
0
 10
329.722142
 20
262.552096
 42
0.004018
  0
VERTEX
  8
0
 10
326.590833
 20
262.779688
 42
0.010073
  0
VERTEX
  8
0
 10
322.843636
 20
262.946078
 42
0.006058
  0
VERTEX
  8
0
 10
318.393011
 20
263.000000
 42
0.003471
  0
VERTEX
  8
0
 10
311.742044
 20
262.953825
 42
0.032245
  0
VERTEX
  8
0
 10
308.878553
 20
262.729004
 42
0.117870
  0
VERTEX
  8
0
 10
307.643534
 20
262.239332
 42
0.343942
  0
SEQEND
  0
POLYLINE
  8
0
 66
1
 70
1
  0
VERTEX
  8
0
 10
341.998228
 20
262.250000
 42
0.353658
  0
VERTEX
  8
0
 10
342.236050
 20
261.954395
 42
0.017888
  0
VERTEX
  8
0
 10
343.539684
 20
261.720312
 42
0.022064
  0
VERTEX
  8
0
 10
345.234933
 20
261.554026
 42
0.013415
  0
VERTEX
  8
0
 10
347.248228
 20
261.500000
 42
-0.011224
  0
VERTEX
  8
0
 10
350.287012
 20
261.431777
 42
-0.084936
  0
VERTEX
  8
0
 10
351.683842
 20
261.127682
 42
-0.175912
  0
VERTEX
  8
0
 10
352.423190
 20
260.463244
 42
-0.087565
  0
VERTEX
  8
0
 10
352.819551
 20
259.250000
 42
-0.053387
  0
VERTEX
  8
0
 10
352.860755
 20
258.052884
 42
-0.206043
  0
VERTEX
  8
0
 10
352.525711
 20
257.407226
 42
-0.148135
  0
VERTEX
  8
0
 10
351.736387
 20
257.081295
 42
-0.024371
  0
VERTEX
  8
0
 10
350.069551
 20
257.000000
 42
0.026922
  0
VERTEX
  8
0
 10
348.893371
 20
256.936625
 42
0.042436
  0
VERTEX
  8
0
 10
347.901681
 20
256.743350
 42
0.052063
  0
VERTEX
  8
0
 10
347.203262
 20
256.463313
 42
0.278220
  0
VERTEX
  8
0
 10
347.000000
 20
256.126299
 42
0.332537
  0
VERTEX
  8
0
 10
347.218588
 20
255.833977
 42
0.055230
  0
VERTEX
  8
0
 10
347.954687
 20
255.702832
 42
0.042066
  0
VERTEX
  8
0
 10
349.003961
 20
255.721846
 42
0.024469
  0
VERTEX
  8
0
 10
350.250000
 20
255.911608
 42
0.034946
  0
VERTEX
  8
0
 10
351.998510
 20
256.395379
 42
0.122435
  0
VERTEX
  8
0
 10
352.966862
 20
257.034593
 42
0.125089
  0
VERTEX
  8
0
 10
353.511752
 20
258.044431
 42
0.037206
  0
VERTEX
  8
0
 10
353.813358
 20
259.785308
 42
0.000000
  0
VERTEX
  8
0
 10
354.126717
 20
263.000000
 42
0.000000
  0
VERTEX
  8
0
 10
348.063358
 20
263.000000
 42
0.011612
  0
VERTEX
  8
0
 10
345.738568
 20
262.946003
 42
0.019149
  0
VERTEX
  8
0
 10
343.780591
 20
262.779688
 42
0.013789
  0
VERTEX
  8
0
 10
342.247086
 20
262.546966
 42
0.362268
  0
SEQEND
  0
POLYLINE
  8
0
 66
1
 70
1
  0
VERTEX
  8
0
 10
376.000000
 20
256.500000
 42
0.006530
  0
VERTEX
  8
0
 10
376.052345
 20
252.492299
 42
0.078342
  0
VERTEX
  8
0
 10
376.332077
 20
250.976454
 42
0.223968
  0
VERTEX
  8
0
 10
376.995676
 20
250.305000
 42
0.100872
  0
VERTEX
  8
0
 10
378.250000
 20
250.116001
 42
0.005718
  0
VERTEX
  8
0
 10
379.392295
 20
250.187999
 42
0.197309
  0
VERTEX
  8
0
 10
379.628780
 20
250.306344
 42
0.541772
  0
VERTEX
  8
0
 10
379.588300
 20
250.449367
 42
0.011590
  0
VERTEX
  8
0
 10
378.750000
 20
250.689326
 42
-0.142739
  0
VERTEX
  8
0
 10
377.888391
 20
251.204832
 42
-0.115250
  0
VERTEX
  8
0
 10
377.351689
 20
252.145314
 42
-0.059277
  0
VERTEX
  8
0
 10
377.073542
 20
253.759197
 42
-0.013064
  0
VERTEX
  8
0
 10
377.000000
 20
256.573324
 42
0.000000
  0
VERTEX
  8
0
 10
377.000000
 20
262.000000
 42
0.000000
  0
VERTEX
  8
0
 10
385.606989
 20
262.000000
 42
-0.005304
  0
VERTEX
  8
0
 10
390.323378
 20
261.949962
 42
-0.040878
  0
VERTEX
  8
0
 10
392.519176
 20
261.723150
 42
-0.140752
  0
VERTEX
  8
0
 10
393.462427
 20
261.250747
 42
-0.307483
  0
VERTEX
  8
0
 10
393.638374
 20
260.500000
 42
0.109464
  0
VERTEX
  8
0
 10
393.486177
 20
259.481582
 42
0.373656
  0
VERTEX
  8
0
 10
393.922916
 20
259.044406
 42
0.185924
  0
VERTEX
  8
0
 10
394.814989
 20
259.317364
 42
0.053422
  0
VERTEX
  8
0
 10
395.868879
 20
260.342009
 42
0.222255
  0
VERTEX
  8
0
 10
396.205788
 20
261.632749
 42
0.290210
  0
VERTEX
  8
0
 10
395.396092
 20
262.507177
 42
0.058518
  0
VERTEX
  8
0
 10
392.537783
 20
262.915834
 42
0.006277
  0
VERTEX
  8
0
 10
385.833333
 20
263.000000
 42
0.000000
  0
VERTEX
  8
0
 10
376.000000
 20
263.000000
 42
0.000000
  0
SEQEND
  0
POLYLINE
  8
0
 66
1
 70
1
  0
VERTEX
  8
0
 10
405.675343
 20
262.342009
 42
0.288111
  0
VERTEX
  8
0
 10
405.500744
 20
261.576936
 42
0.072433
  0
VERTEX
  8
0
 10
406.120191
 20
260.390778
 42
0.067129
  0
VERTEX
  8
0
 10
407.115685
 20
259.343269
 42
0.170832
  0
VERTEX
  8
0
 10
408.091060
 20
259.000000
 42
0.217659
  0
VERTEX
  8
0
 10
408.364196
 20
259.124814
 42
0.136776
  0
VERTEX
  8
0
 10
408.516866
 20
259.447708
 42
0.086929
  0
VERTEX
  8
0
 10
408.515084
 20
259.940117
 42
0.047377
  0
VERTEX
  8
0
 10
408.352373
 20
260.524113
 42
-0.432506
  0
VERTEX
  8
0
 10
408.745558
 20
261.338038
 42
-0.057566
  0
VERTEX
  8
0
 10
410.843441
 20
261.740100
 42
-0.020300
  0
VERTEX
  8
0
 10
415.183383
 20
261.886656
 42
-0.002236
  0
VERTEX
  8
0
 10
425.133758
 20
261.774113
 42
-0.003201
  0
VERTEX
  8
0
 10
433.774304
 20
261.582397
 42
-0.015057
  0
VERTEX
  8
0
 10
438.730161
 20
261.291162
 42
-0.018363
  0
VERTEX
  8
0
 10
441.797118
 20
260.904123
 42
-0.424544
  0
VERTEX
  8
0
 10
442.250000
 20
260.250000
 42
0.067321
  0
VERTEX
  8
0
 10
442.219871
 20
259.772067
 42
0.098769
  0
VERTEX
  8
0
 10
442.331219
 20
259.367188
 42
0.124615
  0
VERTEX
  8
0
 10
442.563384
 20
259.098841
 42
0.153594
  0
VERTEX
  8
0
 10
442.877555
 20
259.000000
 42
0.168320
  0
VERTEX
  8
0
 10
443.869033
 20
259.343502
 42
0.068040
  0
VERTEX
  8
0
 10
444.876749
 20
260.387118
 42
0.073819
  0
VERTEX
  8
0
 10
445.500284
 20
261.571323
 42
0.288281
  0
VERTEX
  8
0
 10
445.324657
 20
262.342009
 42
0.198090
  0
VERTEX
  8
0
 10
443.845263
 20
262.957539
 42
0.000791
  0
VERTEX
  8
0
 10
425.500000
 20
262.986570
 42
0.000791
  0
VERTEX
  8
0
 10
407.154737
 20
262.957539
 42
0.198090
  0
SEQEND
  0
POLYLINE
  8
0
 66
1
 70
1
  0
VERTEX
  8
0
 10
454.388298
 20
261.430495
 42
-0.008039
  0
VERTEX
  8
0
 10
454.622518
 20
260.789505
 42
-0.009787
  0
VERTEX
  8
0
 10
454.820312
 20
260.181833
 42
-0.008505
  0
VERTEX
  8
0
 10
454.967371
 20
259.666737
 42
-0.065365
  0
VERTEX
  8
0
 10
455.000000
 20
259.418213
 42
0.214317
  0
VERTEX
  8
0
 10
455.071869
 20
259.258244
 42
0.079848
  0
VERTEX
  8
0
 10
455.284531
 20
259.122850
 42
0.060738
  0
VERTEX
  8
0
 10
455.597761
 20
259.030653
 42
0.041257
  0
VERTEX
  8
0
 10
455.968615
 20
259.000000
 42
0.184534
  0
VERTEX
  8
0
 10
456.289193
 20
259.122486
 42
0.147206
  0
VERTEX
  8
0
 10
456.483616
 20
259.440625
 42
0.100118
  0
VERTEX
  8
0
 10
456.511135
 20
259.925634
 42
0.055937
  0
VERTEX
  8
0
 10
456.361626
 20
260.500000
 42
-0.495262
  0
VERTEX
  8
0
 10
456.906731
 20
261.382554
 42
-0.013904
  0
VERTEX
  8
0
 10
462.056310
 20
261.743600
 42
-0.009479
  0
VERTEX
  8
0
 10
471.184629
 20
261.955723
 42
-0.001069
  0
VERTEX
  8
0
 10
491.893011
 20
262.000000
 42
0.000000
  0
VERTEX
  8
0
 10
528.000000
 20
262.000000
 42
0.000000
  0
VERTEX
  8
0
 10
528.000000
 20
253.500000
 42
0.008275
  0
VERTEX
  8
0
 10
528.053947
 20
250.240760
 42
0.013722
  0
VERTEX
  8
0
 10
528.220312
 20
247.496249
 42
0.007332
  0
VERTEX
  8
0
 10
528.450131
 20
245.265235
 42
0.379443
  0
VERTEX
  8
0
 10
528.750000
 20
244.997868
 42
0.398534
  0
VERTEX
  8
0
 10
529.034682
 20
245.266092
 42
0.007027
  0
VERTEX
  8
0
 10
529.132812
 20
247.567301
 42
0.013397
  0
VERTEX
  8
0
 10
529.137814
 20
250.392073
 42
0.008011
  0
VERTEX
  8
0
 10
529.000000
 20
253.747868
 42
0.000000
  0
VERTEX
  8
0
 10
528.500000
 20
262.500000
 42
0.000000
  0
VERTEX
  8
0
 10
491.138298
 20
262.762283
 42
0.000937
  0
VERTEX
  8
0
 10
468.936915
 20
262.876529
 42
0.009874
  0
VERTEX
  8
0
 10
459.863188
 20
262.727019
 42
0.017625
  0
VERTEX
  8
0
 10
454.966767
 20
262.376473
 42
0.492490
  0
SEQEND
  0
POLYLINE
  8
0
 66
1
 70
1
  0
VERTEX
  8
0
 10
586.183380
 20
254.250000
 42
0.000000
  0
VERTEX
  8
0
 10
586.366759
 20
245.500000
 42
0.000000
  0
VERTEX
  8
0
 10
586.933380
 20
253.500000
 42
0.000000
  0
VERTEX
  8
0
 10
587.500000
 20
261.500000
 42
0.000000
  0
VERTEX
  8
0
 10
596.482468
 20
261.792323
 42
-0.006471
  0
VERTEX
  8
0
 10
601.474405
 20
261.890133
 42
-0.037611
  0
VERTEX
  8
0
 10
604.098954
 20
261.709973
 42
-0.077048
  0
VERTEX
  8
0
 10
605.711603
 20
261.215508
 42
-0.116153
  0
VERTEX
  8
0
 10
606.847220
 20
260.292323
 42
0.026924
  0
VERTEX
  8
0
 10
607.520842
 20
259.509852
 42
0.131029
  0
VERTEX
  8
0
 10
608.016604
 20
259.208888
 42
0.265738
  0
VERTEX
  8
0
 10
608.398262
 20
259.300039
 42
0.115063
  0
VERTEX
  8
0
 10
608.698085
 20
259.750000
 42
-0.198516
  0
VERTEX
  8
0
 10
609.173962
 20
260.260216
 42
-0.040969
  0
VERTEX
  8
0
 10
610.354251
 20
260.686221
 42
-0.035788
  0
VERTEX
  8
0
 10
611.948464
 20
260.997689
 42
-0.022813
  0
VERTEX
  8
0
 10
613.833333
 20
261.140798
 42
0.000000
  0
VERTEX
  8
0
 10
618.500000
 20
261.281596
 42
0.000000
  0
VERTEX
  8
0
 10
613.000000
 20
262.041901
 42
0.015969
  0
VERTEX
  8
0
 10
610.166750
 20
262.341726
 42
0.005168
  0
VERTEX
  8
0
 10
605.957813
 20
262.607918
 42
0.005147
  0
VERTEX
  8
0
 10
601.269061
 20
262.807459
 42
0.005760
  0
VERTEX
  8
0
 10
596.750000
 20
262.901103
 42
0.000000
  0
VERTEX
  8
0
 10
586.000000
 20
263.000000
 42
0.000000
  0
SEQEND
  0
POLYLINE
  8
0
 66
1
 70
1
  0
VERTEX
  8
0
 10
619.000000
 20
261.559017
 42
0.055393
  0
VERTEX
  8
0
 10
619.065770
 20
260.967172
 42
0.049543
  0
VERTEX
  8
0
 10
619.260466
 20
260.380346
 42
0.052551
  0
VERTEX
  8
0
 10
619.547032
 20
259.884873
 42
0.097268
  0
VERTEX
  8
0
 10
619.886693
 20
259.570027
 42
0.262915
  0
VERTEX
  8
0
 10
620.796164
 20
259.534193
 42
0.093927
  0
VERTEX
  8
0
 10
621.857731
 20
260.361689
 42
0.097507
  0
VERTEX
  8
0
 10
622.519034
 20
261.498220
 42
0.287006
  0
VERTEX
  8
0
 10
622.324657
 20
262.342009
 42
0.126742
  0
VERTEX
  8
0
 10
621.345909
 20
262.919767
 42
0.128809
  0
VERTEX
  8
0
 10
620.216165
 20
262.947916
 42
0.150796
  0
VERTEX
  8
0
 10
619.339635
 20
262.433598
 42
0.187354
  0
SEQEND
  0
POLYLINE
  8
0
 66
1
 70
1
  0
VERTEX
  8
0
 10
632.000000
 20
261.000000
 42
0.041949
  0
VERTEX
  8
0
 10
632.064355
 20
260.234292
 42
0.061523
  0
VERTEX
  8
0
 10
632.257782
 20
259.587500
 42
0.080835
  0
VERTEX
  8
0
 10
632.541957
 20
259.148798
 42
0.211751
  0
VERTEX
  8
0
 10
632.877555
 20
259.000000
 42
0.168320
  0
VERTEX
  8
0
 10
633.869033
 20
259.343502
 42
0.068040
  0
VERTEX
  8
0
 10
634.876749
 20
260.387118
 42
0.073819
  0
VERTEX
  8
0
 10
635.500284
 20
261.571323
 42
0.288281
  0
VERTEX
  8
0
 10
635.324657
 20
262.342009
 42
0.127820
  0
VERTEX
  8
0
 10
634.264755
 20
262.964645
 42
0.166650
  0
VERTEX
  8
0
 10
633.148938
 20
262.905018
 42
0.168409
  0
VERTEX
  8
0
 10
632.312527
 20
262.175359
 42
0.130679
  0
SEQEND
  0
POLYLINE
  8
0
 66
1
 70
1
  0
VERTEX
  8
0
 10
644.735568
 20
262.402234
 42
0.131935
  0
VERTEX
  8
0
 10
644.545171
 20
262.072034
 42
0.057779
  0
VERTEX
  8
0
 10
644.471459
 20
261.568156
 42
0.051550
  0
VERTEX
  8
0
 10
644.514361
 20
260.982947
 42
0.047590
  0
VERTEX
  8
0
 10
644.675890
 20
260.402234
 42
0.147345
  0
VERTEX
  8
0
 10
645.424989
 20
259.435020
 42
0.143406
  0
VERTEX
  8
0
 10
646.591894
 20
259.029645
 42
0.213897
  0
VERTEX
  8
0
 10
647.490439
 20
259.380187
 42
0.248638
  0
VERTEX
  8
0
 10
647.750000
 20
260.250000
 42
-0.378418
  0
VERTEX
  8
0
 10
648.101740
 20
260.855682
 42
-0.047618
  0
VERTEX
  8
0
 10
649.705403
 20
261.224363
 42
-0.026608
  0
VERTEX
  8
0
 10
652.505474
 20
261.442097
 42
-0.006100
  0
VERTEX
  8
0
 10
657.251380
 20
261.500000
 42
0.007212
  0
VERTEX
  8
0
 10
660.990254
 20
261.553932
 42
0.011982
  0
VERTEX
  8
0
 10
664.137887
 20
261.720312
 42
0.005640
  0
VERTEX
  8
0
 10
666.729477
 20
261.949096
 42
0.385939
  0
VERTEX
  8
0
 10
667.001380
 20
262.250000
 42
0.409495
  0
VERTEX
  8
0
 10
666.380613
 20
262.878548
 42
0.001865
  0
VERTEX
  8
0
 10
656.196760
 20
262.986161
 42
0.002562
  0
VERTEX
  8
0
 10
646.179733
 20
263.003316
 42
0.198026
  0
SEQEND
  0
POLYLINE
  8
0
 66
1
 70
1
  0
VERTEX
  8
0
 10
62.250000
 20
261.310674
 42
0.039571
  0
VERTEX
  8
0
 10
63.047266
 20
261.168469
 42
0.024357
  0
VERTEX
  8
0
 10
64.000000
 20
261.122029
 42
0.024357
  0
VERTEX
  8
0
 10
64.952734
 20
261.168469
 42
0.039571
  0
VERTEX
  8
0
 10
65.750000
 20
261.310674
 42
0.161593
  0
VERTEX
  8
0
 10
66.009140
 20
261.478988
 42
0.542911
  0
VERTEX
  8
0
 10
65.957813
 20
261.633659
 42
0.052887
  0
VERTEX
  8
0
 10
65.251983
 20
261.740287
 42
0.011065
  0
VERTEX
  8
0
 10
64.000000
 20
261.767997
 42
0.011065
  0
VERTEX
  8
0
 10
62.748017
 20
261.740287
 42
0.052887
  0
VERTEX
  8
0
 10
62.042188
 20
261.633659
 42
0.542911
  0
VERTEX
  8
0
 10
61.990860
 20
261.478988
 42
0.161593
  0
SEQEND
  0
POLYLINE
  8
0
 66
1
 70
1
  0
VERTEX
  8
0
 10
110.761659
 20
261.292739
 42
0.028254
  0
VERTEX
  8
0
 10
111.754739
 20
261.159391
 42
0.020511
  0
VERTEX
  8
0
 10
112.869594
 20
261.119272
 42
0.020826
  0
VERTEX
  8
0
 10
113.934218
 20
261.169017
 42
0.041951
  0
VERTEX
  8
0
 10
114.761659
 20
261.312920
 42
0.285845
  0
VERTEX
  8
0
 10
114.916221
 20
261.476221
 42
0.417468
  0
VERTEX
  8
0
 10
114.814362
 20
261.628390
 42
0.038992
  0
VERTEX
  8
0
 10
113.938425
 20
261.726931
 42
0.009782
  0
VERTEX
  8
0
 10
112.500000
 20
261.747817
 42
0.008901
  0
VERTEX
  8
0
 10
111.071102
 20
261.715166
 42
0.053901
  0
VERTEX
  8
0
 10
110.339362
 20
261.605813
 42
0.671610
  0
VERTEX
  8
0
 10
110.319562
 20
261.456590
 42
0.082665
  0
SEQEND
  0
POLYLINE
  8
0
 66
1
 70
1
  0
VERTEX
  8
0
 10
166.761659
 20
261.292739
 42
0.028254
  0
VERTEX
  8
0
 10
167.754739
 20
261.159391
 42
0.020511
  0
VERTEX
  8
0
 10
168.869594
 20
261.119272
 42
0.020826
  0
VERTEX
  8
0
 10
169.934218
 20
261.169017
 42
0.041951
  0
VERTEX
  8
0
 10
170.761659
 20
261.312920
 42
0.285845
  0
VERTEX
  8
0
 10
170.916221
 20
261.476221
 42
0.417468
  0
VERTEX
  8
0
 10
170.814362
 20
261.628390
 42
0.038992
  0
VERTEX
  8
0
 10
169.938425
 20
261.726931
 42
0.009782
  0
VERTEX
  8
0
 10
168.500000
 20
261.747817
 42
0.008901
  0
VERTEX
  8
0
 10
167.071102
 20
261.715166
 42
0.053901
  0
VERTEX
  8
0
 10
166.339362
 20
261.605813
 42
0.671610
  0
VERTEX
  8
0
 10
166.319562
 20
261.456590
 42
0.082665
  0
SEQEND
  0
POLYLINE
  8
0
 66
1
 70
1
  0
VERTEX
  8
0
 10
287.761659
 20
261.292739
 42
0.028254
  0
VERTEX
  8
0
 10
288.754739
 20
261.159391
 42
0.020511
  0
VERTEX
  8
0
 10
289.869594
 20
261.119272
 42
0.020826
  0
VERTEX
  8
0
 10
290.934218
 20
261.169017
 42
0.041951
  0
VERTEX
  8
0
 10
291.761659
 20
261.312920
 42
0.285845
  0
VERTEX
  8
0
 10
291.916221
 20
261.476221
 42
0.417468
  0
VERTEX
  8
0
 10
291.814362
 20
261.628390
 42
0.038992
  0
VERTEX
  8
0
 10
290.938425
 20
261.726931
 42
0.009782
  0
VERTEX
  8
0
 10
289.500000
 20
261.747817
 42
0.008901
  0
VERTEX
  8
0
 10
288.071102
 20
261.715166
 42
0.053901
  0
VERTEX
  8
0
 10
287.339362
 20
261.605813
 42
0.671610
  0
VERTEX
  8
0
 10
287.319562
 20
261.456590
 42
0.082665
  0
SEQEND
  0
POLYLINE
  8
0
 66
1
 70
1
  0
VERTEX
  8
0
 10
301.250000
 20
261.310674
 42
0.039571
  0
VERTEX
  8
0
 10
302.047266
 20
261.168469
 42
0.024357
  0
VERTEX
  8
0
 10
303.000000
 20
261.122029
 42
0.024357
  0
VERTEX
  8
0
 10
303.952734
 20
261.168469
 42
0.039571
  0
VERTEX
  8
0
 10
304.750000
 20
261.310674
 42
0.161593
  0
VERTEX
  8
0
 10
305.009140
 20
261.478988
 42
0.542911
  0
VERTEX
  8
0
 10
304.957812
 20
261.633659
 42
0.052887
  0
VERTEX
  8
0
 10
304.251983
 20
261.740287
 42
0.011065
  0
VERTEX
  8
0
 10
303.000000
 20
261.767997
 42
0.011065
  0
VERTEX
  8
0
 10
301.748017
 20
261.740287
 42
0.052887
  0
VERTEX
  8
0
 10
301.042188
 20
261.633659
 42
0.542911
  0
VERTEX
  8
0
 10
300.990860
 20
261.478988
 42
0.161593
  0
SEQEND
  0
POLYLINE
  8
0
 66
1
 70
1
  0
VERTEX
  8
0
 10
399.250000
 20
261.310674
 42
0.039571
  0
VERTEX
  8
0
 10
400.047266
 20
261.168469
 42
0.024357
  0
VERTEX
  8
0
 10
401.000000
 20
261.122029
 42
0.024357
  0
VERTEX
  8
0
 10
401.952734
 20
261.168469
 42
0.039571
  0
VERTEX
  8
0
 10
402.750000
 20
261.310674
 42
0.161593
  0
VERTEX
  8
0
 10
403.009140
 20
261.478988
 42
0.542911
  0
VERTEX
  8
0
 10
402.957812
 20
261.633659
 42
0.052887
  0
VERTEX
  8
0
 10
402.251983
 20
261.740287
 42
0.011065
  0
VERTEX
  8
0
 10
401.000000
 20
261.767997
 42
0.011065
  0
VERTEX
  8
0
 10
399.748017
 20
261.740287
 42
0.052887
  0
VERTEX
  8
0
 10
399.042188
 20
261.633659
 42
0.542911
  0
VERTEX
  8
0
 10
398.990860
 20
261.478988
 42
0.161593
  0
SEQEND
  0
POLYLINE
  8
0
 66
1
 70
1
  0
VERTEX
  8
0
 10
448.250000
 20
261.310674
 42
0.039571
  0
VERTEX
  8
0
 10
449.047266
 20
261.168469
 42
0.024357
  0
VERTEX
  8
0
 10
450.000000
 20
261.122029
 42
0.024357
  0
VERTEX
  8
0
 10
450.952734
 20
261.168469
 42
0.039571
  0
VERTEX
  8
0
 10
451.750000
 20
261.310674
 42
0.161593
  0
VERTEX
  8
0
 10
452.009140
 20
261.478988
 42
0.542911
  0
VERTEX
  8
0
 10
451.957812
 20
261.633659
 42
0.052887
  0
VERTEX
  8
0
 10
451.251983
 20
261.740287
 42
0.011065
  0
VERTEX
  8
0
 10
450.000000
 20
261.767997
 42
0.011065
  0
VERTEX
  8
0
 10
448.748017
 20
261.740287
 42
0.052887
  0
VERTEX
  8
0
 10
448.042188
 20
261.633659
 42
0.542911
  0
VERTEX
  8
0
 10
447.990860
 20
261.478988
 42
0.161593
  0
SEQEND
  0
POLYLINE
  8
0
 66
1
 70
1
  0
VERTEX
  8
0
 10
625.250000
 20
261.310674
 42
0.039571
  0
VERTEX
  8
0
 10
626.047266
 20
261.168469
 42
0.024357
  0
VERTEX
  8
0
 10
627.000000
 20
261.122029
 42
0.024357
  0
VERTEX
  8
0
 10
627.952734
 20
261.168469
 42
0.039571
  0
VERTEX
  8
0
 10
628.750000
 20
261.310674
 42
0.161593
  0
VERTEX
  8
0
 10
629.009140
 20
261.478988
 42
0.542911
  0
VERTEX
  8
0
 10
628.957812
 20
261.633659
 42
0.052887
  0
VERTEX
  8
0
 10
628.251983
 20
261.740287
 42
0.011065
  0
VERTEX
  8
0
 10
627.000000
 20
261.767997
 42
0.011065
  0
VERTEX
  8
0
 10
625.748017
 20
261.740287
 42
0.052887
  0
VERTEX
  8
0
 10
625.042188
 20
261.633659
 42
0.542911
  0
VERTEX
  8
0
 10
624.990860
 20
261.478988
 42
0.161593
  0
SEQEND
  0
POLYLINE
  8
0
 66
1
 70
1
  0
VERTEX
  8
0
 10
638.250000
 20
261.310674
 42
0.039571
  0
VERTEX
  8
0
 10
639.047266
 20
261.168469
 42
0.024357
  0
VERTEX
  8
0
 10
640.000000
 20
261.122029
 42
0.024357
  0
VERTEX
  8
0
 10
640.952734
 20
261.168469
 42
0.039571
  0
VERTEX
  8
0
 10
641.750000
 20
261.310674
 42
0.161593
  0
VERTEX
  8
0
 10
642.009140
 20
261.478988
 42
0.542911
  0
VERTEX
  8
0
 10
641.957812
 20
261.633659
 42
0.052887
  0
VERTEX
  8
0
 10
641.251983
 20
261.740287
 42
0.011065
  0
VERTEX
  8
0
 10
640.000000
 20
261.767997
 42
0.011065
  0
VERTEX
  8
0
 10
638.748017
 20
261.740287
 42
0.052887
  0
VERTEX
  8
0
 10
638.042188
 20
261.633659
 42
0.542911
  0
VERTEX
  8
0
 10
637.990860
 20
261.478988
 42
0.161593
  0
SEQEND
  0
POLYLINE
  8
0
 66
1
 70
1
  0
VERTEX
  8
0
 10
5.174707
 20
244.343620
 42
0.001801
  0
VERTEX
  8
0
 10
5.099447
 20
233.908354
 42
0.029969
  0
VERTEX
  8
0
 10
5.294583
 20
230.446607
 42
0.147497
  0
VERTEX
  8
0
 10
5.895924
 20
229.059675
 42
0.288794
  0
VERTEX
  8
0
 10
7.000000
 20
228.710251
 42
0.169263
  0
VERTEX
  8
0
 10
8.094532
 20
229.444887
 42
0.118015
  0
VERTEX
  8
0
 10
8.691737
 20
230.821270
 42
0.039729
  0
VERTEX
  8
0
 10
8.948983
 20
233.520386
 42
0.003901
  0
VERTEX
  8
0
 10
9.000000
 20
240.059214
 42
-0.003124
  0
VERTEX
  8
0
 10
9.042468
 20
246.856105
 42
-0.044221
  0
VERTEX
  8
0
 10
9.287291
 20
249.274739
 42
-0.189745
  0
VERTEX
  8
0
 10
9.907786
 20
250.255062
 42
-0.208370
  0
VERTEX
  8
0
 10
11.000000
 20
250.500000
 42
0.043938
  0
VERTEX
  8
0
 10
11.766004
 20
250.421261
 42
0.071728
  0
VERTEX
  8
0
 10
12.412500
 20
250.504861
 42
0.103545
  0
VERTEX
  8
0
 10
12.843853
 20
250.728423
 42
0.225267
  0
VERTEX
  8
0
 10
13.000000
 20
251.057418
 42
0.221904
  0
VERTEX
  8
0
 10
12.714933
 20
251.668108
 42
0.122950
  0
VERTEX
  8
0
 10
11.959909
 20
252.035306
 42
0.057728
  0
VERTEX
  8
0
 10
10.583436
 20
252.163217
 42
0.014197
  0
VERTEX
  8
0
 10
8.310607
 20
252.047068
 42
-0.083626
  0
VERTEX
  8
0
 10
7.139743
 20
252.149678
 42
-0.192312
  0
VERTEX
  8
0
 10
6.439506
 20
252.664814
 42
-0.101809
  0
VERTEX
  8
0
 10
6.024212
 20
253.789815
 42
-0.015374
  0
VERTEX
  8
0
 10
5.735314
 20
256.186377
 42
0.890031
  0
VERTEX
  8
0
 10
5.574275
 20
256.190728
 42
0.023991
  0
VERTEX
  8
0
 10
5.411452
 20
254.486936
 42
0.006652
  0
VERTEX
  8
0
 10
5.268136
 20
250.273303
 42
0.002471
  0
SEQEND
  0
POLYLINE
  8
0
 66
1
 70
1
  0
VERTEX
  8
0
 10
134.455882
 20
258.745626
 42
0.089960
  0
VERTEX
  8
0
 10
134.263662
 20
257.729558
 42
0.000435
  0
VERTEX
  8
0
 10
134.193108
 20
247.139135
 42
0.001991
  0
VERTEX
  8
0
 10
134.171286
 20
235.076020
 42
0.001256
  0
VERTEX
  8
0
 10
134.237267
 20
220.995626
 42
0.000000
  0
VERTEX
  8
0
 10
134.500000
 20
184.500000
 42
0.000000
  0
VERTEX
  8
0
 10
148.750000
 20
184.222543
 42
-0.002363
  0
VERTEX
  8
0
 10
157.806038
 20
184.003389
 42
-0.033927
  0
VERTEX
  8
0
 10
161.011580
 20
183.692283
 42
-0.133137
  0
VERTEX
  8
0
 10
162.447168
 20
183.035117
 42
-0.222775
  0
VERTEX
  8
0
 10
163.000000
 20
181.855912
 42
-0.049214
  0
VERTEX
  8
0
 10
162.901497
 20
180.857586
 42
-0.179325
  0
VERTEX
  8
0
 10
162.573257
 20
180.324103
 42
-0.181450
  0
VERTEX
  8
0
 10
161.979575
 20
180.136974
 42
-0.050575
  0
VERTEX
  8
0
 10
161.000000
 20
180.289749
 42
0.040966
  0
VERTEX
  8
0
 10
160.233678
 20
180.424365
 42
0.070464
  0
VERTEX
  8
0
 10
159.587500
 20
180.392877
 42
0.106581
  0
VERTEX
  8
0
 10
159.157535
 20
180.210205
 42
0.243840
  0
VERTEX
  8
0
 10
159.000000
 20
179.906380
 42
-0.371441
  0
VERTEX
  8
0
 10
158.689337
 20
179.545890
 42
-0.010495
  0
VERTEX
  8
0
 10
156.503125
 20
179.266249
 42
-0.016554
  0
VERTEX
  8
0
 10
153.758986
 20
179.065222
 42
-0.010006
  0
VERTEX
  8
0
 10
150.500000
 20
179.000000
 42
0.008275
  0
VERTEX
  8
0
 10
147.240761
 20
178.946053
 42
0.013722
  0
VERTEX
  8
0
 10
144.496255
 20
178.779687
 42
0.007332
  0
VERTEX
  8
0
 10
142.265249
 20
178.549868
 42
0.379451
  0
VERTEX
  8
0
 10
141.997890
 20
178.250000
 42
0.397339
  0
VERTEX
  8
0
 10
142.273005
 20
177.956813
 42
0.004880
  0
VERTEX
  8
0
 10
145.092562
 20
177.812870
 42
0.011118
  0
VERTEX
  8
0
 10
148.494539
 20
177.748183
 42
0.006666
  0
VERTEX
  8
0
 10
152.535908
 20
177.815089
 42
0.000000
  0
VERTEX
  8
0
 10
163.076036
 20
178.130179
 42
0.000000
  0
VERTEX
  8
0
 10
163.663018
 20
181.065089
 42
-0.043885
  0
VERTEX
  8
0
 10
164.159125
 20
182.757744
 42
-0.174024
  0
VERTEX
  8
0
 10
164.860556
 20
183.561663
 42
-0.113654
  0
VERTEX
  8
0
 10
166.097619
 20
183.920661
 42
-0.014028
  0
VERTEX
  8
0
 10
168.925000
 20
184.000000
 42
-0.020485
  0
VERTEX
  8
0
 10
170.791246
 20
183.923509
 42
-0.024607
  0
VERTEX
  8
0
 10
172.532918
 20
183.693800
 42
-0.024434
  0
VERTEX
  8
0
 10
173.954799
 20
183.362081
 42
-0.127520
  0
VERTEX
  8
0
 10
174.642382
 20
182.957618
 42
0.234116
  0
VERTEX
  8
0
 10
175.746152
 20
182.585152
 42
0.198606
  0
VERTEX
  8
0
 10
176.820542
 20
183.209769
 42
0.148557
  0
VERTEX
  8
0
 10
177.340801
 20
184.604111
 42
0.155162
  0
VERTEX
  8
0
 10
176.984438
 20
186.025179
 42
0.045463
  0
VERTEX
  8
0
 10
176.470280
 20
186.709388
 42
0.185800
  0
VERTEX
  8
0
 10
176.014726
 20
186.939698
 42
0.180785
  0
VERTEX
  8
0
 10
175.514080
 20
186.808106
 42
0.042691
  0
VERTEX
  8
0
 10
174.841641
 20
186.241641
 42
-0.117929
  0
VERTEX
  8
0
 10
174.059378
 20
185.761360
 42
-0.027904
  0
VERTEX
  8
0
 10
172.568749
 20
185.364732
 42
-0.027196
  0
VERTEX
  8
0
 10
170.758074
 20
185.091293
 42
-0.023881
  0
VERTEX
  8
0
 10
168.847717
 20
185.000000
 42
0.000000
  0
VERTEX
  8
0
 10
164.095435
 20
185.000000
 42
0.000000
  0
VERTEX
  8
0
 10
163.740397
 20
191.250000
 42
0.000000
  0
VERTEX
  8
0
 10
163.385359
 20
197.500000
 42
0.000000
  0
VERTEX
  8
0
 10
163.192680
 20
191.250000
 42
-0.010597
  0
VERTEX
  8
0
 10
163.029921
 20
188.123627
 42
-0.047856
  0
VERTEX
  8
0
 10
162.723103
 20
186.323780
 42
-0.102679
  0
VERTEX
  8
0
 10
162.230244
 20
185.351412
 42
-0.228094
  0
VERTEX
  8
0
 10
161.500000
 20
185.000000
 42
-0.370973
  0
VERTEX
  8
0
 10
160.648702
 20
185.732413
 42
-0.022283
  0
VERTEX
  8
0
 10
160.265203
 20
189.361111
 42
-0.013471
  0
VERTEX
  8
0
 10
160.047546
 20
195.798886
 42
-0.001714
  0
VERTEX
  8
0
 10
160.000000
 20
209.666667
 42
0.002268
  0
VERTEX
  8
0
 10
159.957271
 20
219.084675
 42
0.003926
  0
VERTEX
  8
0
 10
159.824768
 20
226.912268
 42
0.000877
  0
VERTEX
  8
0
 10
159.646219
 20
233.640248
 42
0.657998
  0
VERTEX
  8
0
 10
159.403467
 20
233.736800
 42
0.161525
  0
VERTEX
  8
0
 10
159.170110
 20
233.271794
 42
0.011702
  0
VERTEX
  8
0
 10
158.993701
 20
231.826147
 42
0.015424
  0
VERTEX
  8
0
 10
158.874590
 20
230.055776
 42
0.011020
  0
VERTEX
  8
0
 10
158.846206
 20
228.070133
 42
0.000000
  0
VERTEX
  8
0
 10
158.885480
 20
223.000000
 42
0.000000
  0
VERTEX
  8
0
 10
153.508870
 20
223.000000
 42
0.000000
  0
VERTEX
  8
0
 10
148.132261
 20
223.000000
 42
0.000000
  0
VERTEX
  8
0
 10
148.316131
 20
234.500711
 42
0.006112
  0
VERTEX
  8
0
 10
148.332719
 20
238.910489
 42
0.010182
  0
VERTEX
  8
0
 10
148.225676
 20
242.622880
 42
0.004106
  0
VERTEX
  8
0
 10
148.047573
 20
245.722314
 42
0.395399
  0
VERTEX
  8
0
 10
147.750000
 20
246.000711
 42
0.390142
  0
VERTEX
  8
0
 10
147.447993
 20
245.722222
 42
0.004128
  0
VERTEX
  8
0
 10
147.220313
 20
242.637435
 42
0.010213
  0
VERTEX
  8
0
 10
147.053923
 20
238.941777
 42
0.006142
  0
VERTEX
  8
0
 10
147.000000
 20
234.552260
 42
0.000000
  0
VERTEX
  8
0
 10
147.000000
 20
223.104519
 42
0.000000
  0
VERTEX
  8
0
 10
141.750000
 20
222.737242
 42
0.000000
  0
VERTEX
  8
0
 10
136.500000
 20
222.369965
 42
0.000000
  0
VERTEX
  8
0
 10
141.750000
 20
222.184982
 42
-0.011504
  0
VERTEX
  8
0
 10
144.647335
 20
222.016085
 42
-0.076306
  0
VERTEX
  8
0
 10
146.052399
 20
221.681830
 42
-0.173657
  0
VERTEX
  8
0
 10
146.743210
 20
221.063920
 42
-0.124934
  0
VERTEX
  8
0
 10
147.000000
 20
220.052260
 42
-0.127949
  0
VERTEX
  8
0
 10
146.737022
 20
219.041418
 42
-0.163036
  0
VERTEX
  8
0
 10
146.029001
 20
218.396829
 42
-0.074306
  0
VERTEX
  8
0
 10
144.603402
 20
218.006934
 42
-0.012197
  0
VERTEX
  8
0
 10
141.750000
 20
217.737242
 42
0.000000
  0
VERTEX
  8
0
 10
136.500000
 20
217.369965
 42
0.000000
  0
VERTEX
  8
0
 10
141.750000
 20
217.184982
 42
0.000000
  0
VERTEX
  8
0
 10
147.000000
 20
217.000000
 42
0.000000
  0
VERTEX
  8
0
 10
147.000000
 20
209.450096
 42
0.000000
  0
VERTEX
  8
0
 10
147.000000
 20
201.900192
 42
0.000000
  0
VERTEX
  8
0
 10
141.250000
 20
202.200096
 42
0.000000
  0
VERTEX
  8
0
 10
135.500000
 20
202.500000
 42
0.000000
  0
VERTEX
  8
0
 10
135.500000
 20
231.248950
 42
0.000917
  0
VERTEX
  8
0
 10
135.479780
 20
242.272823
 42
0.001530
  0
VERTEX
  8
0
 10
135.417343
 20
251.553204
 42
0.000094
  0
VERTEX
  8
0
 10
135.334234
 20
259.884073
 42
0.410149
  0
VERTEX
  8
0
 10
135.218615
 20
259.998950
 42
0.236046
  0
VERTEX
  8
0
 10
135.082695
 20
259.931630
 42
0.025160
  0
VERTEX
  8
0
 10
134.878491
 20
259.631219
 42
0.026763
  0
VERTEX
  8
0
 10
134.660750
 20
259.226107
 42
0.018318
  0
SEQEND
  0
POLYLINE
  8
0
 66
1
 70
1
  0
VERTEX
  8
0
 10
159.000000
 20
220.000000
 42
-0.109954
  0
VERTEX
  8
0
 10
158.769000
 20
218.962259
 42
-0.177435
  0
VERTEX
  8
0
 10
158.133719
 20
218.331877
 42
-0.084765
  0
VERTEX
  8
0
 10
156.851117
 20
217.989048
 42
-0.013534
  0
VERTEX
  8
0
 10
154.250000
 20
217.819752
 42
0.000000
  0
VERTEX
  8
0
 10
149.500000
 20
217.639504
 42
0.000000
  0
VERTEX
  8
0
 10
154.250000
 20
217.264961
 42
0.000000
  0
VERTEX
  8
0
 10
159.000000
 20
216.890418
 42
0.000000
  0
VERTEX
  8
0
 10
159.000000
 20
209.445209
 42
0.000000
  0
VERTEX
  8
0
 10
159.000000
 20
202.000000
 42
0.000000
  0
VERTEX
  8
0
 10
153.615473
 20
202.000000
 42
0.000000
  0
VERTEX
  8
0
 10
148.230946
 20
202.000000
 42
0.000000
  0
VERTEX
  8
0
 10
148.222190
 20
212.000000
 42
0.000000
  0
VERTEX
  8
0
 10
148.213434
 20
222.000000
 42
0.000000
  0
VERTEX
  8
0
 10
153.606717
 20
222.000000
 42
-0.010127
  0
VERTEX
  8
0
 10
156.676194
 20
221.937823
 42
-0.078814
  0
VERTEX
  8
0
 10
158.075840
 20
221.657292
 42
-0.189944
  0
VERTEX
  8
0
 10
158.750851
 20
221.052572
 42
-0.116739
  0
SEQEND
  0
POLYLINE
  8
0
 66
1
 70
1
  0
VERTEX
  8
0
 10
146.843488
 20
196.500000
 42
0.011849
  0
VERTEX
  8
0
 10
146.700057
 20
193.926158
 42
0.096393
  0
VERTEX
  8
0
 10
146.887373
 20
192.767062
 42
0.216172
  0
VERTEX
  8
0
 10
147.439984
 20
192.206442
 42
0.093882
  0
VERTEX
  8
0
 10
148.492794
 20
192.015313
 42
0.031261
  0
VERTEX
  8
0
 10
149.226717
 20
192.066868
 42
0.134577
  0
VERTEX
  8
0
 10
149.626163
 20
192.235834
 42
0.347799
  0
VERTEX
  8
0
 10
149.684194
 20
192.479669
 42
0.132571
  0
VERTEX
  8
0
 10
149.443901
 20
192.765313
 42
-0.141247
  0
VERTEX
  8
0
 10
149.020962
 20
193.285817
 42
-0.030864
  0
VERTEX
  8
0
 10
148.631870
 20
194.385748
 42
-0.029820
  0
VERTEX
  8
0
 10
148.326360
 20
195.760506
 42
-0.024771
  0
VERTEX
  8
0
 10
148.162575
 20
197.250000
 42
0.000000
  0
VERTEX
  8
0
 10
147.937349
 20
201.000000
 42
0.000000
  0
VERTEX
  8
0
 10
153.468674
 20
201.000000
 42
0.000000
  0
VERTEX
  8
0
 10
159.000000
 20
201.000000
 42
0.000000
  0
VERTEX
  8
0
 10
159.000000
 20
192.968265
 42
0.000000
  0
VERTEX
  8
0
 10
159.000000
 20
184.936529
 42
0.000000
  0
VERTEX
  8
0
 10
147.250000
 20
185.218265
 42
0.000000
  0
VERTEX
  8
0
 10
135.500000
 20
185.500000
 42
0.000000
  0
VERTEX
  8
0
 10
135.384296
 20
192.500000
 42
-0.005804
  0
VERTEX
  8
0
 10
135.370836
 20
195.236342
 42
-0.008291
  0
VERTEX
  8
0
 10
135.427342
 20
197.664062
 42
-0.005028
  0
VERTEX
  8
0
 10
135.528717
 20
199.693592
 42
-0.114320
  0
VERTEX
  8
0
 10
135.693313
 20
200.250000
 42
-0.221968
  0
VERTEX
  8
0
 10
136.108824
 20
200.545807
 42
-0.014194
  0
VERTEX
  8
0
 10
137.621140
 20
200.779687
 42
-0.018629
  0
VERTEX
  8
0
 10
139.505566
 20
200.945554
 42
-0.012635
  0
VERTEX
  8
0
 10
141.659711
 20
201.000000
 42
0.000000
  0
VERTEX
  8
0
 10
147.201387
 20
201.000000
 42
0.000000
  0
SEQEND
  0
POLYLINE
  8
0
 66
1
 70
1
  0
VERTEX
  8
0
 10
249.336206
 20
253.000000
 42
0.004360
  0
VERTEX
  8
0
 10
249.359651
 20
250.311593
 42
0.021699
  0
VERTEX
  8
0
 10
249.451433
 20
248.804688
 42
0.741699
  0
VERTEX
  8
0
 10
249.585580
 20
248.778855
 42
0.095407
  0
VERTEX
  8
0
 10
249.728468
 20
249.250000
 42
0.016375
  0
VERTEX
  8
0
 10
249.850713
 20
250.957332
 42
0.009683
  0
VERTEX
  8
0
 10
249.890277
 20
253.000000
 42
0.009683
  0
VERTEX
  8
0
 10
249.850713
 20
255.042668
 42
0.016375
  0
VERTEX
  8
0
 10
249.728468
 20
256.750000
 42
0.095407
  0
VERTEX
  8
0
 10
249.585580
 20
257.221145
 42
0.741699
  0
VERTEX
  8
0
 10
249.451433
 20
257.195312
 42
0.021699
  0
VERTEX
  8
0
 10
249.359651
 20
255.688407
 42
0.004360
  0
SEQEND
  0
POLYLINE
  8
0
 66
1
 70
1
  0
VERTEX
  8
0
 10
325.834562
 20
252.843988
 42
0.011799
  0
VERTEX
  8
0
 10
326.065026
 20
249.628367
 42
0.033425
  0
VERTEX
  8
0
 10
326.427586
 20
247.409536
 42
0.048811
  0
VERTEX
  8
0
 10
326.918997
 20
245.957547
 42
0.197641
  0
VERTEX
  8
0
 10
327.584562
 20
245.329177
 42
-0.267824
  0
VERTEX
  8
0
 10
328.772270
 20
243.863514
 42
-0.041416
  0
VERTEX
  8
0
 10
329.063175
 20
239.985547
 42
-0.041427
  0
VERTEX
  8
0
 10
328.710458
 20
236.108119
 42
-0.263577
  0
VERTEX
  8
0
 10
327.500000
 20
234.638374
 42
0.273686
  0
VERTEX
  8
0
 10
326.660809
 20
233.579348
 42
0.021205
  0
VERTEX
  8
0
 10
326.309290
 20
229.827127
 42
0.013316
  0
VERTEX
  8
0
 10
326.151208
 20
223.343172
 42
0.001815
  0
VERTEX
  8
0
 10
326.231017
 20
209.781385
 42
0.000000
  0
VERTEX
  8
0
 10
326.462034
 20
185.500000
 42
0.000000
  0
VERTEX
  8
0
 10
326.749352
 20
209.349953
 42
-0.001727
  0
VERTEX
  8
0
 10
326.957590
 20
222.783100
 42
-0.014222
  0
VERTEX
  8
0
 10
327.247359
 20
228.892332
 42
-0.027849
  0
VERTEX
  8
0
 10
327.680157
 20
232.164044
 42
-0.467730
  0
VERTEX
  8
0
 10
328.518335
 20
232.631338
 42
0.411884
  0
VERTEX
  8
0
 10
329.289274
 20
232.971014
 42
0.070227
  0
VERTEX
  8
0
 10
329.701095
 20
234.697582
 42
0.024013
  0
VERTEX
  8
0
 10
329.867399
 20
238.317936
 42
0.002915
  0
VERTEX
  8
0
 10
329.804140
 20
246.281385
 42
0.002640
  0
VERTEX
  8
0
 10
329.706870
 20
251.385672
 42
0.012151
  0
VERTEX
  8
0
 10
329.563051
 20
254.340469
 42
0.776247
  0
VERTEX
  8
0
 10
329.409713
 20
254.368005
 42
0.094410
  0
VERTEX
  8
0
 10
329.258450
 20
253.750000
 42
-0.011519
  0
VERTEX
  8
0
 10
328.849257
 20
248.290984
 42
-0.289983
  0
VERTEX
  8
0
 10
327.967443
 20
247.160244
 42
-0.502706
  0
VERTEX
  8
0
 10
327.134688
 20
247.714981
 42
-0.012884
  0
VERTEX
  8
0
 10
327.000000
 20
252.940983
 42
0.011781
  0
VERTEX
  8
0
 10
326.945557
 20
255.251188
 42
0.017349
  0
VERTEX
  8
0
 10
326.779688
 20
257.273936
 42
0.012734
  0
VERTEX
  8
0
 10
326.546242
 20
258.907067
 42
0.214863
  0
VERTEX
  8
0
 10
326.250000
 20
259.348805
 42
0.546722
  0
VERTEX
  8
0
 10
325.969651
 20
259.215491
 42
0.015624
  0
VERTEX
  8
0
 10
325.818590
 20
257.630586
 42
0.018143
  0
VERTEX
  8
0
 10
325.759598
 20
255.485841
 42
0.009793
  0
SEQEND
  0
POLYLINE
  8
0
 66
1
 70
1
  0
VERTEX
  8
0
 10
380.000000
 20
258.940983
 42
0.108972
  0
VERTEX
  8
0
 10
380.078288
 20
258.586039
 42
0.182303
  0
VERTEX
  8
0
 10
380.293750
 20
258.374600
 42
0.161196
  0
VERTEX
  8
0
 10
380.617900
 20
258.343488
 42
0.082592
  0
VERTEX
  8
0
 10
381.000000
 20
258.500000
 42
0.029505
  0
VERTEX
  8
0
 10
381.382774
 20
258.768994
 42
0.035638
  0
VERTEX
  8
0
 10
381.706250
 20
259.066025
 42
0.038439
  0
VERTEX
  8
0
 10
381.934461
 20
259.348290
 42
0.151918
  0
VERTEX
  8
0
 10
382.000000
 20
259.559017
 42
0.210953
  0
VERTEX
  8
0
 10
381.925540
 20
259.727648
 42
0.081139
  0
VERTEX
  8
0
 10
381.706250
 20
259.870461
 42
0.061769
  0
VERTEX
  8
0
 10
381.382849
 20
259.967655
 42
0.042167
  0
VERTEX
  8
0
 10
381.000000
 20
260.000000
 42
0.105053
  0
VERTEX
  8
0
 10
380.618444
 20
259.918938
 42
0.099167
  0
VERTEX
  8
0
 10
380.293750
 20
259.688914
 42
0.096420
  0
VERTEX
  8
0
 10
380.076123
 20
259.345238
 42
0.093332
  0
SEQEND
  0
POLYLINE
  8
0
 66
1
 70
1
  0
VERTEX
  8
0
 10
467.999653
 20
207.200434
 42
0.000000
  0
VERTEX
  8
0
 10
468.499306
 20
154.500000
 42
0.000000
  0
VERTEX
  8
0
 10
468.758754
 20
206.440899
 42
0.001375
  0
VERTEX
  8
0
 10
468.803577
 20
226.409577
 42
0.002244
  0
VERTEX
  8
0
 10
468.719003
 20
243.347273
 42
0.000286
  0
VERTEX
  8
0
 10
468.567615
 20
258.407269
 42
0.196079
  0
VERTEX
  8
0
 10
468.259101
 20
259.141333
 42
0.666045
  0
VERTEX
  8
0
 10
467.952652
 20
259.015559
 42
0.000299
  0
VERTEX
  8
0
 10
467.869759
 20
244.197002
 42
0.002281
  0
VERTEX
  8
0
 10
467.862477
 20
227.356898
 42
0.001338
  0
SEQEND
  0
POLYLINE
  8
0
 66
1
 70
1
  0
VERTEX
  8
0
 10
623.250000
 20
257.337719
 42
0.079043
  0
VERTEX
  8
0
 10
622.170501
 20
256.688748
 42
0.432465
  0
VERTEX
  8
0
 10
622.136875
 20
256.082390
 42
0.173280
  0
VERTEX
  8
0
 10
623.053946
 20
255.620360
 42
0.030895
  0
VERTEX
  8
0
 10
625.000000
 20
255.500000
 42
0.027407
  0
VERTEX
  8
0
 10
627.053023
 20
255.612619
 42
0.207456
  0
VERTEX
  8
0
 10
627.876792
 20
256.082867
 42
0.432129
  0
VERTEX
  8
0
 10
627.769169
 20
256.699441
 42
0.054000
  0
VERTEX
  8
0
 10
626.418213
 20
257.393011
 42
0.007375
  0
VERTEX
  8
0
 10
625.799893
 20
257.619878
 42
0.010965
  0
VERTEX
  8
0
 10
625.251663
 20
257.798506
 42
0.006287
  0
VERTEX
  8
0
 10
624.790034
 20
257.931488
 42
0.178541
  0
VERTEX
  8
0
 10
624.668213
 20
257.921053
 42
-0.011529
  0
VERTEX
  8
0
 10
624.552577
 20
257.870001
 42
-0.000619
  0
VERTEX
  8
0
 10
624.182225
 20
257.717133
 42
-0.000968
  0
VERTEX
  8
0
 10
623.741074
 20
257.536678
 42
-0.000706
  0
SEQEND
  0
POLYLINE
  8
0
 66
1
 70
1
  0
VERTEX
  8
0
 10
590.236963
 20
221.809017
 42
0.001964
  0
VERTEX
  8
0
 10
590.195210
 20
206.405545
 42
0.004949
  0
VERTEX
  8
0
 10
590.319894
 20
195.188342
 42
0.001513
  0
VERTEX
  8
0
 10
590.533321
 20
186.311037
 42
0.252723
  0
VERTEX
  8
0
 10
591.000000
 20
185.500000
 42
-0.109111
  0
VERTEX
  8
0
 10
591.870298
 20
184.654516
 42
-0.288344
  0
VERTEX
  8
0
 10
591.887793
 20
183.823054
 42
-0.196298
  0
VERTEX
  8
0
 10
591.054827
 20
183.199357
 42
-0.063848
  0
VERTEX
  8
0
 10
589.500000
 20
183.000000
 42
0.000000
  0
VERTEX
  8
0
 10
587.000000
 20
183.000000
 42
0.000000
  0
VERTEX
  8
0
 10
587.000000
 20
212.500000
 42
0.002382
  0
VERTEX
  8
0
 10
586.946102
 20
223.811785
 42
0.003972
  0
VERTEX
  8
0
 10
586.779688
 20
233.334601
 42
0.000635
  0
VERTEX
  8
0
 10
586.556314
 20
241.702595
 42
0.405750
  0
VERTEX
  8
0
 10
586.250000
 20
242.000768
 42
0.407880
  0
VERTEX
  8
0
 10
585.947708
 20
241.705563
 42
0.000920
  0
VERTEX
  8
0
 10
585.803749
 20
234.804210
 42
0.004784
  0
VERTEX
  8
0
 10
585.729022
 20
226.895507
 42
0.002868
  0
VERTEX
  8
0
 10
585.784040
 20
217.500768
 42
0.000000
  0
VERTEX
  8
0
 10
586.068079
 20
193.000000
 42
0.000000
  0
VERTEX
  8
0
 10
557.500000
 20
193.000000
 42
0.000000
  0
VERTEX
  8
0
 10
528.931921
 20
193.000000
 42
0.000000
  0
VERTEX
  8
0
 10
529.215960
 20
217.500768
 42
0.002868
  0
VERTEX
  8
0
 10
529.270978
 20
226.895507
 42
0.004784
  0
VERTEX
  8
0
 10
529.196251
 20
234.804210
 42
0.000920
  0
VERTEX
  8
0
 10
529.052292
 20
241.705563
 42
0.407880
  0
VERTEX
  8
0
 10
528.750000
 20
242.000768
 42
0.405750
  0
VERTEX
  8
0
 10
528.443686
 20
241.702595
 42
0.000635
  0
VERTEX
  8
0
 10
528.220312
 20
233.334601
 42
0.003972
  0
VERTEX
  8
0
 10
528.053898
 20
223.811785
 42
0.002382
  0
VERTEX
  8
0
 10
528.000000
 20
212.500000
 42
0.000000
  0
VERTEX
  8
0
 10
528.000000
 20
183.000000
 42
0.000000
  0
VERTEX
  8
0
 10
525.500000
 20
183.000000
 42
-0.046118
  0
VERTEX
  8
0
 10
523.819996
 20
183.155288
 42
-0.248926
  0
VERTEX
  8
0
 10
523.126192
 20
183.707535
 42
-0.254462
  0
VERTEX
  8
0
 10
523.203023
 20
184.580705
 42
-0.047733
  0
VERTEX
  8
0
 10
524.250000
 20
185.871429
 42
0.012879
  0
VERTEX
  8
0
 10
524.887220
 20
186.553872
 42
0.250743
  0
VERTEX
  8
0
 10
524.951957
 20
186.825419
 42
0.377047
  0
VERTEX
  8
0
 10
524.763267
 20
186.952400
 42
0.020581
  0
VERTEX
  8
0
 10
524.000000
 20
186.821429
 42
-0.250475
  0
VERTEX
  8
0
 10
523.244831
 20
187.038383
 42
-0.118704
  0
VERTEX
  8
0
 10
522.687407
 20
187.919861
 42
-0.049174
  0
VERTEX
  8
0
 10
522.268081
 20
189.716298
 42
-0.009764
  0
VERTEX
  8
0
 10
521.900358
 20
193.000000
 42
0.000631
  0
VERTEX
  8
0
 10
521.490149
 20
197.386045
 42
0.843185
  0
VERTEX
  8
0
 10
521.398947
 20
197.392919
 42
0.063980
  0
VERTEX
  8
0
 10
521.335075
 20
196.850402
 42
0.000282
  0
VERTEX
  8
0
 10
521.400358
 20
191.000000
 42
0.000000
  0
VERTEX
  8
0
 10
521.500000
 20
182.500000
 42
0.000000
  0
VERTEX
  8
0
 10
549.225304
 20
182.234225
 42
0.000000
  0
VERTEX
  8
0
 10
576.950609
 20
181.968449
 42
0.000000
  0
VERTEX
  8
0
 10
577.251870
 20
165.734225
 42
0.000000
  0
VERTEX
  8
0
 10
577.553131
 20
149.500000
 42
0.000000
  0
VERTEX
  8
0
 10
577.776565
 20
165.669144
 42
0.000000
  0
VERTEX
  8
0
 10
578.000000
 20
181.838289
 42
0.000000
  0
VERTEX
  8
0
 10
584.000000
 20
181.866986
 42
0.000000
  0
VERTEX
  8
0
 10
590.000000
 20
181.895682
 42
0.000000
  0
VERTEX
  8
0
 10
590.115154
 20
165.197841
 42
-0.001165
  0
VERTEX
  8
0
 10
590.144987
 20
158.665481
 42
-0.001656
  0
VERTEX
  8
0
 10
590.138751
 20
152.858818
 42
-0.000920
  0
VERTEX
  8
0
 10
590.108202
 20
147.952148
 42
-0.024316
  0
VERTEX
  8
0
 10
590.033778
 20
146.640689
 42
0.045395
  0
VERTEX
  8
0
 10
590.023352
 20
145.925787
 42
0.141643
  0
VERTEX
  8
0
 10
590.190139
 20
145.479382
 42
0.242663
  0
VERTEX
  8
0
 10
590.501743
 20
145.326665
 42
0.134082
  0
VERTEX
  8
0
 10
590.918623
 20
145.449706
 42
-0.489914
  0
VERTEX
  8
0
 10
591.410949
 20
145.265787
 42
-0.043531
  0
VERTEX
  8
0
 10
591.738601
 20
143.766664
 42
-0.025059
  0
VERTEX
  8
0
 10
591.942709
 20
141.157354
 42
-0.006989
  0
VERTEX
  8
0
 10
592.000000
 20
137.059017
 42
0.007767
  0
VERTEX
  8
0
 10
592.053886
 20
133.590341
 42
0.013045
  0
VERTEX
  8
0
 10
592.220312
 20
130.681733
 42
0.006697
  0
VERTEX
  8
0
 10
592.449754
 20
128.314907
 42
0.409362
  0
VERTEX
  8
0
 10
592.750000
 20
128.070285
 42
0.054511
  0
VERTEX
  8
0
 10
593.161353
 20
128.154680
 42
0.011020
  0
VERTEX
  8
0
 10
593.867188
 20
128.399057
 42
0.011508
  0
VERTEX
  8
0
 10
594.679296
 20
128.721882
 42
0.010543
  0
VERTEX
  8
0
 10
595.500000
 20
129.090811
 42
0.001582
  0
VERTEX
  8
0
 10
596.821616
 20
129.723869
 42
0.412978
  0
VERTEX
  8
0
 10
596.860186
 20
129.833729
 42
0.338881
  0
VERTEX
  8
0
 10
596.743707
 20
129.893141
 42
0.001427
  0
VERTEX
  8
0
 10
595.250000
 20
129.614145
 42
-0.153292
  0
VERTEX
  8
0
 10
593.980200
 20
129.763019
 42
-0.236285
  0
VERTEX
  8
0
 10
593.293798
 20
130.601814
 42
-0.052575
  0
VERTEX
  8
0
 10
593.039749
 20
132.768832
 42
-0.002912
  0
VERTEX
  8
0
 10
593.000000
 20
139.593620
 42
0.007676
  0
VERTEX
  8
0
 10
592.934582
 20
143.854773
 42
0.016276
  0
VERTEX
  8
0
 10
592.725976
 20
147.148405
 42
0.011736
  0
VERTEX
  8
0
 10
592.428769
 20
149.628447
 42
0.372997
  0
VERTEX
  8
0
 10
592.000000
 20
150.000000
 42
-0.389049
  0
VERTEX
  8
0
 10
591.551220
 20
150.411474
 42
-0.005960
  0
VERTEX
  8
0
 10
591.265730
 20
154.223253
 42
-0.011036
  0
VERTEX
  8
0
 10
591.062526
 20
159.204937
 42
-0.004674
  0
VERTEX
  8
0
 10
591.000000
 20
165.893011
 42
-0.003314
  0
VERTEX
  8
0
 10
591.055598
 20
174.281936
 42
-0.018444
  0
VERTEX
  8
0
 10
591.281225
 20
178.778310
 42
-0.029967
  0
VERTEX
  8
0
 10
591.676090
 20
181.446244
 42
-0.254686
  0
VERTEX
  8
0
 10
592.434545
 20
182.336509
 42
0.224882
  0
VERTEX
  8
0
 10
593.158120
 20
183.094785
 42
0.040857
  0
VERTEX
  8
0
 10
593.628819
 20
185.035766
 42
0.025443
  0
VERTEX
  8
0
 10
593.962928
 20
188.194834
 42
0.006157
  0
VERTEX
  8
0
 10
594.184545
 20
193.445608
 42
0.006654
  0
VERTEX
  8
0
 10
594.251592
 20
197.494064
 42
0.011098
  0
VERTEX
  8
0
 10
594.187023
 20
200.902008
 42
0.004863
  0
VERTEX
  8
0
 10
594.043202
 20
203.726933
 42
0.397389
  0
VERTEX
  8
0
 10
593.750000
 20
204.002110
 42
0.381713
  0
VERTEX
  8
0
 10
593.449689
 20
203.732219
 42
0.006573
  0
VERTEX
  8
0
 10
593.220312
 20
201.356870
 42
0.012966
  0
VERTEX
  8
0
 10
593.053942
 20
198.450977
 42
0.007815
  0
VERTEX
  8
0
 10
593.000000
 20
195.000000
 42
-0.009291
  0
VERTEX
  8
0
 10
592.933071
 20
191.398611
 42
-0.018029
  0
VERTEX
  8
0
 10
592.722573
 20
188.528784
 42
-0.013485
  0
VERTEX
  8
0
 10
592.423745
 20
186.348952
 42
-0.367180
  0
VERTEX
  8
0
 10
592.012631
 20
186.000000
 42
-0.402458
  0
VERTEX
  8
0
 10
591.549507
 20
186.444826
 42
-0.001247
  0
VERTEX
  8
0
 10
591.211830
 20
195.371636
 42
-0.004915
  0
VERTEX
  8
0
 10
590.927457
 20
206.527365
 42
-0.001986
  0
VERTEX
  8
0
 10
590.749594
 20
221.750000
 42
0.000000
  0
VERTEX
  8
0
 10
590.473926
 20
257.500000
 42
0.000000
  0
SEQEND
  0
POLYLINE
  8
0
 66
1
 70
1
  0
VERTEX
  8
0
 10
544.000000
 20
187.500000
 42
0.000000
  0
VERTEX
  8
0
 10
544.000000
 20
183.000000
 42
0.000000
  0
VERTEX
  8
0
 10
536.500000
 20
183.000000
 42
0.000000
  0
VERTEX
  8
0
 10
529.000000
 20
183.000000
 42
0.000000
  0
VERTEX
  8
0
 10
529.000000
 20
187.500000
 42
0.000000
  0
VERTEX
  8
0
 10
529.000000
 20
192.000000
 42
0.000000
  0
VERTEX
  8
0
 10
536.500000
 20
192.000000
 42
0.000000
  0
VERTEX
  8
0
 10
544.000000
 20
192.000000
 42
0.000000
  0
SEQEND
  0
POLYLINE
  8
0
 66
1
 70
1
  0
VERTEX
  8
0
 10
569.751260
 20
187.500000
 42
0.000000
  0
VERTEX
  8
0
 10
569.819289
 20
183.000000
 42
0.000000
  0
VERTEX
  8
0
 10
557.500000
 20
183.000000
 42
0.000000
  0
VERTEX
  8
0
 10
545.180711
 20
183.000000
 42
0.000000
  0
VERTEX
  8
0
 10
545.248740
 20
187.500000
 42
0.000000
  0
VERTEX
  8
0
 10
545.316769
 20
192.000000
 42
0.000000
  0
VERTEX
  8
0
 10
557.500000
 20
192.000000
 42
0.000000
  0
VERTEX
  8
0
 10
569.683231
 20
192.000000
 42
0.000000
  0
SEQEND
  0
POLYLINE
  8
0
 66
1
 70
1
  0
VERTEX
  8
0
 10
586.000000
 20
187.500000
 42
0.000000
  0
VERTEX
  8
0
 10
586.000000
 20
183.000000
 42
0.000000
  0
VERTEX
  8
0
 10
578.500000
 20
183.000000
 42
0.000000
  0
VERTEX
  8
0
 10
571.000000
 20
183.000000
 42
0.000000
  0
VERTEX
  8
0
 10
571.000000
 20
187.500000
 42
0.000000
  0
VERTEX
  8
0
 10
571.000000
 20
192.000000
 42
0.000000
  0
VERTEX
  8
0
 10
578.500000
 20
192.000000
 42
0.000000
  0
VERTEX
  8
0
 10
586.000000
 20
192.000000
 42
0.000000
  0
SEQEND
  0
POLYLINE
  8
0
 66
1
 70
1
  0
VERTEX
  8
0
 10
622.606989
 20
252.418213
 42
0.029106
  0
VERTEX
  8
0
 10
622.085385
 20
250.779791
 42
0.127066
  0
VERTEX
  8
0
 10
622.088171
 20
249.770736
 42
0.224239
  0
VERTEX
  8
0
 10
622.560121
 20
249.206672
 42
0.108648
  0
VERTEX
  8
0
 10
623.500000
 20
249.000000
 42
0.103052
  0
VERTEX
  8
0
 10
624.072373
 20
249.119235
 42
0.098802
  0
VERTEX
  8
0
 10
624.559375
 20
249.457961
 42
0.096950
  0
VERTEX
  8
0
 10
624.885705
 20
249.963945
 42
0.095165
  0
VERTEX
  8
0
 10
625.000000
 20
250.559017
 42
0.069806
  0
VERTEX
  8
0
 10
624.916285
 20
251.155725
 42
0.175017
  0
VERTEX
  8
0
 10
624.662721
 20
251.506955
 42
0.193826
  0
VERTEX
  8
0
 10
624.264193
 20
251.594432
 42
0.087002
  0
VERTEX
  8
0
 10
623.750000
 20
251.412313
 42
-0.009582
  0
VERTEX
  8
0
 10
623.117775
 20
251.071181
 42
-0.511239
  0
VERTEX
  8
0
 10
623.012934
 20
251.124378
 42
-0.223565
  0
VERTEX
  8
0
 10
623.065615
 20
251.304960
 42
-0.005437
  0
VERTEX
  8
0
 10
623.662868
 20
251.966163
 42
-0.137168
  0
VERTEX
  8
0
 10
624.748027
 20
252.635462
 42
-0.194138
  0
VERTEX
  8
0
 10
625.864250
 20
252.519544
 42
-0.167616
  0
VERTEX
  8
0
 10
626.704082
 20
251.621059
 42
-0.102979
  0
VERTEX
  8
0
 10
627.015313
 20
250.190983
 42
0.012477
  0
VERTEX
  8
0
 10
627.047014
 20
249.259167
 42
0.330848
  0
VERTEX
  8
0
 10
627.197960
 20
249.079222
 42
0.307845
  0
VERTEX
  8
0
 10
627.425485
 20
249.165770
 42
0.011522
  0
VERTEX
  8
0
 10
627.958110
 20
249.966462
 42
0.154898
  0
VERTEX
  8
0
 10
628.313434
 20
251.320697
 42
0.147176
  0
VERTEX
  8
0
 10
627.833796
 20
252.663737
 42
0.128385
  0
VERTEX
  8
0
 10
626.617098
 20
253.647949
 42
0.106597
  0
VERTEX
  8
0
 10
624.984544
 20
254.000000
 42
0.081329
  0
VERTEX
  8
0
 10
624.262318
 20
253.881741
 42
0.065708
  0
VERTEX
  8
0
 10
623.555779
 20
253.535350
 42
0.066494
  0
VERTEX
  8
0
 10
622.971343
 20
253.022916
 42
0.088164
  0
SEQEND
  0
POLYLINE
  8
0
 66
1
 70
1
  0
VERTEX
  8
0
 10
39.473008
 20
250.956326
 42
0.214542
  0
VERTEX
  8
0
 10
39.425420
 20
250.594852
 42
0.177225
  0
VERTEX
  8
0
 10
39.660421
 20
250.280921
 42
0.099152
  0
VERTEX
  8
0
 10
40.193244
 20
250.068264
 42
0.045552
  0
VERTEX
  8
0
 10
40.940983
 20
250.000000
 42
0.020503
  0
VERTEX
  8
0
 10
42.476999
 20
250.063011
 42
0.275668
  0
VERTEX
  8
0
 10
42.917133
 20
250.377209
 42
0.395517
  0
VERTEX
  8
0
 10
42.769457
 20
250.794126
 42
0.027681
  0
VERTEX
  8
0
 10
41.532025
 20
251.349337
 42
0.066719
  0
VERTEX
  8
0
 10
40.926665
 20
251.493102
 42
0.072258
  0
VERTEX
  8
0
 10
40.321649
 20
251.466258
 42
0.081026
  0
VERTEX
  8
0
 10
39.809536
 20
251.279146
 42
0.126981
  0
SEQEND
  0
POLYLINE
  8
0
 66
1
 70
1
  0
VERTEX
  8
0
 10
86.750000
 20
249.205543
 42
0.030519
  0
VERTEX
  8
0
 10
85.696728
 20
249.010119
 42
0.044858
  0
VERTEX
  8
0
 10
84.807812
 20
248.701537
 42
0.054236
  0
VERTEX
  8
0
 10
84.185879
 20
248.335337
 42
0.236856
  0
VERTEX
  8
0
 10
84.000000
 20
247.964962
 42
0.201390
  0
VERTEX
  8
0
 10
84.123758
 20
247.670164
 42
0.142402
  0
VERTEX
  8
0
 10
84.443956
 20
247.498151
 42
0.093149
  0
VERTEX
  8
0
 10
84.932410
 20
247.486277
 42
0.051282
  0
VERTEX
  8
0
 10
85.511341
 20
247.642725
 42
-0.046062
  0
VERTEX
  8
0
 10
86.190553
 20
247.833886
 42
-0.265879
  0
VERTEX
  8
0
 10
86.529306
 20
247.715030
 42
-0.236196
  0
VERTEX
  8
0
 10
86.623605
 20
247.345307
 42
-0.038080
  0
VERTEX
  8
0
 10
86.404352
 20
246.611341
 42
-0.045015
  0
VERTEX
  8
0
 10
86.101700
 20
245.994871
 42
-0.051806
  0
VERTEX
  8
0
 10
85.705335
 20
245.473331
 42
-0.059227
  0
VERTEX
  8
0
 10
85.279839
 20
245.115599
 42
-0.146224
  0
VERTEX
  8
0
 10
84.893011
 20
245.000000
 42
0.287784
  0
VERTEX
  8
0
 10
84.547903
 20
244.783431
 42
0.047604
  0
VERTEX
  8
0
 10
84.262322
 20
244.012610
 42
0.039845
  0
VERTEX
  8
0
 10
84.064703
 20
242.926766
 42
0.025100
  0
VERTEX
  8
0
 10
84.000000
 20
241.638672
 42
0.018408
  0
VERTEX
  8
0
 10
84.072058
 20
239.682082
 42
0.161552
  0
VERTEX
  8
0
 10
84.400394
 20
238.892226
 42
0.225964
  0
VERTEX
  8
0
 10
85.075849
 20
238.597014
 42
0.039135
  0
VERTEX
  8
0
 10
86.500000
 20
238.755249
 42
0.055109
  0
VERTEX
  8
0
 10
87.456129
 20
239.049956
 42
0.065512
  0
VERTEX
  8
0
 10
88.265625
 20
239.535118
 42
0.077060
  0
VERTEX
  8
0
 10
88.813415
 20
240.127617
 42
0.149191
  0
VERTEX
  8
0
 10
89.000000
 20
240.739022
 42
0.041094
  0
VERTEX
  8
0
 10
88.938829
 20
241.482047
 42
0.323015
  0
VERTEX
  8
0
 10
88.706965
 20
241.712175
 42
0.196557
  0
VERTEX
  8
0
 10
88.303337
 20
241.617074
 42
0.018293
  0
VERTEX
  8
0
 10
87.475834
 20
240.979944
 42
-0.047256
  0
VERTEX
  8
0
 10
86.841157
 20
240.547336
 42
-0.063445
  0
VERTEX
  8
0
 10
86.194685
 20
240.291283
 42
-0.079305
  0
VERTEX
  8
0
 10
85.634750
 20
240.239555
 42
-0.181773
  0
VERTEX
  8
0
 10
85.254794
 20
240.411872
 42
-0.189199
  0
VERTEX
  8
0
 10
85.106844
 20
240.750958
 42
-0.120964
  0
VERTEX
  8
0
 10
85.194745
 20
241.177319
 42
-0.086745
  0
VERTEX
  8
0
 10
85.517173
 20
241.631706
 42
-0.054226
  0
VERTEX
  8
0
 10
86.028960
 20
242.039060
 42
0.015515
  0
VERTEX
  8
0
 10
86.717102
 20
242.504753
 42
0.196246
  0
VERTEX
  8
0
 10
86.879329
 20
242.765093
 42
0.415687
  0
VERTEX
  8
0
 10
86.758855
 20
242.934482
 42
0.038260
  0
VERTEX
  8
0
 10
86.190983
 20
242.984687
 42
-0.073118
  0
VERTEX
  8
0
 10
85.731741
 20
243.057704
 42
-0.147201
  0
VERTEX
  8
0
 10
85.430994
 20
243.261675
 42
-0.186035
  0
VERTEX
  8
0
 10
85.333757
 20
243.560414
 42
-0.125753
  0
VERTEX
  8
0
 10
85.441979
 20
243.906120
 42
-0.154380
  0
VERTEX
  8
0
 10
85.801315
 20
244.215530
 42
-0.064046
  0
VERTEX
  8
0
 10
86.424696
 20
244.392509
 42
-0.054994
  0
VERTEX
  8
0
 10
87.194768
 20
244.422423
 42
-0.046215
  0
VERTEX
  8
0
 10
88.000996
 20
244.289489
 42
0.049856
  0
VERTEX
  8
0
 10
88.775012
 20
244.167635
 42
0.086541
  0
VERTEX
  8
0
 10
89.419485
 20
244.242817
 42
0.126681
  0
VERTEX
  8
0
 10
89.841275
 20
244.496111
 42
0.196983
  0
VERTEX
  8
0
 10
90.000000
 20
244.883369
 42
0.099570
  0
VERTEX
  8
0
 10
89.914288
 20
245.309509
 42
0.098068
  0
VERTEX
  8
0
 10
89.670282
 20
245.671990
 42
0.097819
  0
VERTEX
  8
0
 10
89.305932
 20
245.914775
 42
0.098509
  0
VERTEX
  8
0
 10
88.877555
 20
246.000000
 42
-0.129135
  0
VERTEX
  8
0
 10
88.475500
 20
246.105600
 42
-0.295780
  0
VERTEX
  8
0
 10
88.336564
 20
246.371214
 42
-0.125257
  0
VERTEX
  8
0
 10
88.499441
 20
246.828112
 42
-0.025273
  0
VERTEX
  8
0
 10
89.020056
 20
247.524166
 42
0.033572
  0
VERTEX
  8
0
 10
89.878806
 20
248.712901
 42
0.391254
  0
VERTEX
  8
0
 10
89.780981
 20
249.228787
 42
0.180989
  0
VERTEX
  8
0
 10
89.052285
 20
249.437858
 42
0.010935
  0
SEQEND
  0
POLYLINE
  8
0
 66
1
 70
1
  0
VERTEX
  8
0
 10
622.669501
 20
247.250000
 42
0.100208
  0
VERTEX
  8
0
 10
622.491116
 20
246.744480
 42
0.010135
  0
VERTEX
  8
0
 10
622.338682
 20
245.471875
 42
0.012372
  0
VERTEX
  8
0
 10
622.224242
 20
243.932392
 42
0.009552
  0
VERTEX
  8
0
 10
622.173163
 20
242.250000
 42
0.015324
  0
VERTEX
  8
0
 10
622.218017
 20
239.937974
 42
0.093888
  0
VERTEX
  8
0
 10
622.497168
 20
238.783624
 42
0.187621
  0
VERTEX
  8
0
 10
623.085752
 20
238.206727
 42
0.101456
  0
VERTEX
  8
0
 10
624.094064
 20
238.000000
 42
0.139705
  0
VERTEX
  8
0
 10
625.612746
 20
238.432782
 42
0.151198
  0
VERTEX
  8
0
 10
626.619659
 20
239.591426
 42
0.174800
  0
VERTEX
  8
0
 10
626.716417
 20
240.987008
 42
0.184410
  0
VERTEX
  8
0
 10
625.895717
 20
242.085612
 42
-0.017625
  0
VERTEX
  8
0
 10
625.268477
 20
242.514471
 42
-0.196251
  0
VERTEX
  8
0
 10
625.113686
 20
242.767934
 42
-0.407543
  0
VERTEX
  8
0
 10
625.230333
 20
242.933661
 42
-0.042840
  0
VERTEX
  8
0
 10
625.750000
 20
242.984687
 42
0.145604
  0
VERTEX
  8
0
 10
626.746735
 20
243.294571
 42
0.363547
  0
VERTEX
  8
0
 10
626.944529
 20
243.975210
 42
0.173673
  0
VERTEX
  8
0
 10
626.181412
 20
244.780545
 42
0.073665
  0
VERTEX
  8
0
 10
624.750000
 20
245.257012
 42
-0.006163
  0
VERTEX
  8
0
 10
623.235924
 20
245.542850
 42
-0.404164
  0
VERTEX
  8
0
 10
623.097909
 20
245.742994
 42
-0.248474
  0
VERTEX
  8
0
 10
623.283464
 20
245.986287
 42
-0.003569
  0
VERTEX
  8
0
 10
625.000000
 20
246.763177
 42
0.002994
  0
VERTEX
  8
0
 10
626.645809
 20
247.505778
 42
0.224526
  0
VERTEX
  8
0
 10
626.828896
 20
247.723489
 42
0.475608
  0
VERTEX
  8
0
 10
626.715181
 20
247.879323
 42
0.005899
  0
VERTEX
  8
0
 10
625.309017
 20
247.936614
 42
0.032215
  0
VERTEX
  8
0
 10
624.437415
 20
247.905672
 42
0.038668
  0
VERTEX
  8
0
 10
623.629879
 20
247.761068
 42
0.042466
  0
VERTEX
  8
0
 10
622.989046
 20
247.534837
 42
0.153071
  0
SEQEND
  0
POLYLINE
  8
0
 66
1
 70
1
  0
VERTEX
  8
0
 10
664.250000
 20
245.607954
 42
-0.176118
  0
VERTEX
  8
0
 10
665.593574
 20
243.524794
 42
-0.050529
  0
VERTEX
  8
0
 10
666.072906
 20
239.653741
 42
-0.050488
  0
VERTEX
  8
0
 10
665.777245
 20
235.902971
 42
-0.261966
  0
VERTEX
  8
0
 10
664.500000
 20
234.361626
 42
0.066484
  0
VERTEX
  8
0
 10
663.280933
 20
233.696943
 42
0.318357
  0
VERTEX
  8
0
 10
663.043842
 20
232.987254
 42
0.326650
  0
VERTEX
  8
0
 10
663.632509
 20
232.544055
 42
0.067521
  0
VERTEX
  8
0
 10
665.000000
 20
232.710251
 42
0.128086
  0
VERTEX
  8
0
 10
666.055391
 20
233.301373
 42
0.136260
  0
VERTEX
  8
0
 10
666.658366
 20
234.319721
 42
0.057967
  0
VERTEX
  8
0
 10
666.936871
 20
236.188485
 42
0.008035
  0
VERTEX
  8
0
 10
667.000000
 20
240.116631
 42
0.006121
  0
VERTEX
  8
0
 10
666.947927
 20
244.370287
 42
0.073335
  0
VERTEX
  8
0
 10
666.669436
 20
245.984043
 42
0.213737
  0
VERTEX
  8
0
 10
666.003125
 20
246.716073
 42
0.106742
  0
VERTEX
  8
0
 10
664.750000
 20
246.968197
 42
0.008836
  0
VERTEX
  8
0
 10
663.363619
 20
246.924088
 42
0.300884
  0
VERTEX
  8
0
 10
663.110989
 20
246.738336
 42
0.319153
  0
VERTEX
  8
0
 10
663.191065
 20
246.443986
 42
0.009502
  0
SEQEND
  0
POLYLINE
  8
0
 66
1
 70
1
  0
VERTEX
  8
0
 10
631.306532
 20
241.000000
 42
0.011527
  0
VERTEX
  8
0
 10
631.328684
 20
238.220339
 42
0.080591
  0
VERTEX
  8
0
 10
631.586589
 20
236.892615
 42
0.186660
  0
VERTEX
  8
0
 10
632.159613
 20
236.241594
 42
0.120569
  0
VERTEX
  8
0
 10
633.146936
 20
236.000000
 42
0.136866
  0
VERTEX
  8
0
 10
634.636201
 20
236.415443
 42
0.161144
  0
VERTEX
  8
0
 10
635.583371
 20
237.523735
 42
0.152112
  0
VERTEX
  8
0
 10
635.712961
 20
239.031803
 42
0.119700
  0
VERTEX
  8
0
 10
634.989431
 20
240.512735
 42
-0.021283
  0
VERTEX
  8
0
 10
634.381087
 20
241.312700
 42
-0.219129
  0
VERTEX
  8
0
 10
634.310181
 20
241.711024
 42
-0.301897
  0
VERTEX
  8
0
 10
634.568944
 20
241.942192
 42
-0.035700
  0
VERTEX
  8
0
 10
635.377555
 20
242.000000
 42
0.111040
  0
VERTEX
  8
0
 10
636.059270
 20
242.153285
 42
0.135436
  0
VERTEX
  8
0
 10
636.552775
 20
242.578825
 42
0.107589
  0
VERTEX
  8
0
 10
636.830940
 20
243.284193
 42
0.053247
  0
VERTEX
  8
0
 10
636.883999
 20
244.250000
 42
0.005755
  0
VERTEX
  8
0
 10
636.812044
 20
245.390245
 42
0.196793
  0
VERTEX
  8
0
 10
636.693581
 20
245.627467
 42
0.542201
  0
VERTEX
  8
0
 10
636.550405
 20
245.587125
 42
0.011703
  0
VERTEX
  8
0
 10
636.310981
 20
244.751589
 42
-0.028516
  0
VERTEX
  8
0
 10
636.002392
 20
243.797071
 42
-0.275126
  0
VERTEX
  8
0
 10
635.680214
 20
243.544890
 42
-0.213284
  0
VERTEX
  8
0
 10
635.241430
 20
243.677317
 42
-0.018006
  0
VERTEX
  8
0
 10
634.355553
 20
244.501589
 42
0.050260
  0
VERTEX
  8
0
 10
632.814970
 20
245.760095
 42
0.376090
  0
VERTEX
  8
0
 10
631.953247
 20
245.643116
 42
0.163134
  0
VERTEX
  8
0
 10
631.451991
 20
244.434009
 42
0.013625
  0
SEQEND
  0
POLYLINE
  8
0
 66
1
 70
1
  0
VERTEX
  8
0
 10
633.500000
 20
244.000000
 42
-0.082592
  0
VERTEX
  8
0
 10
633.656512
 20
243.617900
 42
-0.161196
  0
VERTEX
  8
0
 10
633.625400
 20
243.293750
 42
-0.182303
  0
VERTEX
  8
0
 10
633.413961
 20
243.078288
 42
-0.108972
  0
VERTEX
  8
0
 10
633.059017
 20
243.000000
 42
-0.093332
  0
VERTEX
  8
0
 10
632.654762
 20
243.076123
 42
-0.096420
  0
VERTEX
  8
0
 10
632.311086
 20
243.293750
 42
-0.099167
  0
VERTEX
  8
0
 10
632.081062
 20
243.618444
 42
-0.105053
  0
VERTEX
  8
0
 10
632.000000
 20
244.000000
 42
-0.042167
  0
VERTEX
  8
0
 10
632.032345
 20
244.382849
 42
-0.061769
  0
VERTEX
  8
0
 10
632.129539
 20
244.706250
 42
-0.081139
  0
VERTEX
  8
0
 10
632.272352
 20
244.925540
 42
-0.210953
  0
VERTEX
  8
0
 10
632.440983
 20
245.000000
 42
-0.151918
  0
VERTEX
  8
0
 10
632.651710
 20
244.934461
 42
-0.038439
  0
VERTEX
  8
0
 10
632.933975
 20
244.706250
 42
-0.035638
  0
VERTEX
  8
0
 10
633.231006
 20
244.382774
 42
-0.029505
  0
SEQEND
  0
POLYLINE
  8
0
 66
1
 70
1
  0
VERTEX
  8
0
 10
197.000000
 20
243.583333
 42
-0.051110
  0
VERTEX
  8
0
 10
196.941930
 20
243.016727
 42
-0.054076
  0
VERTEX
  8
0
 10
196.770214
 20
242.484896
 42
-0.060342
  0
VERTEX
  8
0
 10
196.517434
 20
242.064048
 42
-0.127317
  0
VERTEX
  8
0
 10
196.217751
 20
241.833333
 42
0.245431
  0
VERTEX
  8
0
 10
195.956900
 20
241.515099
 42
0.042475
  0
VERTEX
  8
0
 10
195.860318
 20
240.716667
 42
0.037756
  0
VERTEX
  8
0
 10
195.902064
 20
239.673466
 42
0.025588
  0
VERTEX
  8
0
 10
196.099436
 20
238.500000
 42
0.000000
  0
VERTEX
  8
0
 10
196.763370
 20
235.500000
 42
0.000000
  0
VERTEX
  8
0
 10
196.881685
 20
238.321429
 42
-0.042219
  0
VERTEX
  8
0
 10
197.032155
 20
239.506473
 42
-0.034609
  0
VERTEX
  8
0
 10
197.384888
 20
240.733705
 42
-0.035867
  0
VERTEX
  8
0
 10
197.872007
 20
241.822243
 42
-0.073362
  0
VERTEX
  8
0
 10
198.428571
 20
242.571429
 42
-0.147870
  0
VERTEX
  8
0
 10
200.350592
 20
243.601027
 42
-0.045322
  0
VERTEX
  8
0
 10
203.661262
 20
243.958613
 42
-0.045301
  0
VERTEX
  8
0
 10
206.979829
 20
243.714158
 42
-0.149144
  0
VERTEX
  8
0
 10
208.925000
 20
242.750000
 42
0.026382
  0
VERTEX
  8
0
 10
209.632400
 20
242.149887
 42
0.164145
  0
VERTEX
  8
0
 10
210.076667
 20
242.000000
 42
0.247772
  0
VERTEX
  8
0
 10
210.413944
 20
242.178067
 42
0.062037
  0
VERTEX
  8
0
 10
210.708333
 20
242.750000
 42
-0.193880
  0
VERTEX
  8
0
 10
211.162343
 20
243.252797
 42
-0.048054
  0
VERTEX
  8
0
 10
212.222862
 20
243.648715
 42
-0.040103
  0
VERTEX
  8
0
 10
213.668097
 20
243.913355
 42
-0.025241
  0
VERTEX
  8
0
 10
215.383333
 20
244.000000
 42
-0.026873
  0
VERTEX
  8
0
 10
217.094754
 20
243.907950
 42
-0.028604
  0
VERTEX
  8
0
 10
218.750573
 20
243.632812
 42
-0.029793
  0
VERTEX
  8
0
 10
220.135887
 20
243.232328
 42
-0.104197
  0
VERTEX
  8
0
 10
220.925000
 20
242.750000
 42
0.026382
  0
VERTEX
  8
0
 10
221.632400
 20
242.149887
 42
0.164145
  0
VERTEX
  8
0
 10
222.076667
 20
242.000000
 42
0.247772
  0
VERTEX
  8
0
 10
222.413944
 20
242.178067
 42
0.062037
  0
VERTEX
  8
0
 10
222.708333
 20
242.750000
 42
-0.274919
  0
VERTEX
  8
0
 10
223.874018
 20
243.697998
 42
-0.032479
  0
VERTEX
  8
0
 10
227.342587
 20
243.980458
 42
-0.034944
  0
VERTEX
  8
0
 10
230.890938
 20
243.790296
 42
-0.167027
  0
VERTEX
  8
0
 10
232.687132
 20
242.912868
 42
0.047458
  0
VERTEX
  8
0
 10
233.231562
 20
242.463023
 42
0.150038
  0
VERTEX
  8
0
 10
233.678773
 20
242.325735
 42
0.181024
  0
VERTEX
  8
0
 10
234.072821
 20
242.473233
 42
0.075363
  0
VERTEX
  8
0
 10
234.446149
 20
242.912868
 42
-0.173145
  0
VERTEX
  8
0
 10
234.973966
 20
243.334767
 42
-0.030303
  0
VERTEX
  8
0
 10
236.219610
 20
243.680655
 42
-0.029751
  0
VERTEX
  8
0
 10
237.797602
 20
243.920408
 42
-0.022828
  0
VERTEX
  8
0
 10
239.539965
 20
244.000000
 42
-0.020338
  0
VERTEX
  8
0
 10
242.525842
 20
243.878498
 42
-0.192442
  0
VERTEX
  8
0
 10
243.650410
 20
243.319123
 42
-0.124137
  0
VERTEX
  8
0
 10
244.323533
 20
242.032387
 42
-0.006642
  0
VERTEX
  8
0
 10
245.345064
 20
237.500000
 42
0.019852
  0
VERTEX
  8
0
 10
245.545705
 20
236.707937
 42
0.648203
  0
VERTEX
  8
0
 10
245.693146
 20
236.688244
 42
0.122571
  0
VERTEX
  8
0
 10
245.814951
 20
237.069245
 42
0.006286
  0
VERTEX
  8
0
 10
245.883999
 20
238.372445
 42
-0.015499
  0
VERTEX
  8
0
 10
245.993840
 20
239.909155
 42
-0.162794
  0
VERTEX
  8
0
 10
246.250350
 20
240.475759
 42
-0.336597
  0
VERTEX
  8
0
 10
246.681543
 20
240.551358
 42
-0.054282
  0
VERTEX
  8
0
 10
247.439966
 20
240.049824
 42
-0.059939
  0
VERTEX
  8
0
 10
248.022552
 20
239.434823
 42
-0.033442
  0
VERTEX
  8
0
 10
248.581448
 20
238.566204
 42
-0.032860
  0
VERTEX
  8
0
 10
249.036010
 20
237.598613
 42
-0.045339
  0
VERTEX
  8
0
 10
249.303783
 20
236.677379
 42
0.102435
  0
VERTEX
  8
0
 10
249.466724
 20
236.288106
 42
0.642009
  0
VERTEX
  8
0
 10
249.619942
 20
236.314605
 42
0.051718
  0
VERTEX
  8
0
 10
249.737920
 20
237.071019
 42
0.009268
  0
VERTEX
  8
0
 10
249.784871
 20
238.500000
 42
0.011107
  0
VERTEX
  8
0
 10
249.773341
 20
239.958539
 42
0.032388
  0
VERTEX
  8
0
 10
249.678003
 20
240.960435
 42
0.144605
  0
VERTEX
  8
0
 10
249.519796
 20
241.290605
 42
0.553977
  0
VERTEX
  8
0
 10
249.340695
 20
241.258929
 42
-0.081545
  0
VERTEX
  8
0
 10
249.021928
 20
240.735124
 42
-0.243144
  0
VERTEX
  8
0
 10
248.644442
 20
240.582446
 42
-0.146730
  0
VERTEX
  8
0
 10
248.152166
 20
240.781393
 42
-0.027494
  0
VERTEX
  8
0
 10
247.419643
 20
241.437500
 42
-0.033864
  0
VERTEX
  8
0
 10
246.876372
 20
242.059802
 42
-0.033014
  0
VERTEX
  8
0
 10
246.417020
 20
242.754855
 42
-0.034842
  0
VERTEX
  8
0
 10
246.097706
 20
243.418711
 42
-0.094953
  0
VERTEX
  8
0
 10
246.000000
 20
243.928571
 42
0.396653
  0
VERTEX
  8
0
 10
245.505163
 20
244.454197
 42
0.004155
  0
VERTEX
  8
0
 10
240.033333
 20
244.739067
 42
0.008280
  0
VERTEX
  8
0
 10
232.583095
 20
244.941347
 42
0.002646
  0
VERTEX
  8
0
 10
221.500000
 20
245.000000
 42
0.001857
  0
VERTEX
  8
0
 10
208.165616
 20
244.950478
 42
0.012583
  0
VERTEX
  8
0
 10
201.573529
 20
244.735544
 42
0.017373
  0
VERTEX
  8
0
 10
197.697718
 20
244.376001
 42
0.377417
  0
SEQEND
  0
POLYLINE
  8
0
 66
1
 70
1
  0
VERTEX
  8
0
 10
534.712612
 20
243.306537
 42
0.030953
  0
VERTEX
  8
0
 10
535.013524
 20
242.647447
 42
0.159621
  0
VERTEX
  8
0
 10
535.299333
 20
242.373591
 42
0.338798
  0
VERTEX
  8
0
 10
535.554537
 20
242.426878
 42
0.097779
  0
VERTEX
  8
0
 10
535.766854
 20
242.800562
 42
-0.293100
  0
VERTEX
  8
0
 10
536.996669
 20
243.792661
 42
-0.028341
  0
VERTEX
  8
0
 10
541.009103
 20
244.001174
 42
-0.028781
  0
VERTEX
  8
0
 10
545.036514
 20
243.749970
 42
-0.259162
  0
VERTEX
  8
0
 10
546.416667
 20
242.750000
 42
0.029131
  0
VERTEX
  8
0
 10
546.744495
 20
242.142530
 42
0.260055
  0
VERTEX
  8
0
 10
547.000000
 20
242.000000
 42
0.260055
  0
VERTEX
  8
0
 10
547.255505
 20
242.142530
 42
0.029131
  0
VERTEX
  8
0
 10
547.583333
 20
242.750000
 42
-0.252303
  0
VERTEX
  8
0
 10
548.848935
 20
243.692059
 42
-0.032379
  0
VERTEX
  8
0
 10
552.340164
 20
243.974957
 42
-0.034566
  0
VERTEX
  8
0
 10
555.896010
 20
243.786367
 42
-0.167363
  0
VERTEX
  8
0
 10
557.687132
 20
242.912868
 42
0.047458
  0
VERTEX
  8
0
 10
558.231562
 20
242.463023
 42
0.150038
  0
VERTEX
  8
0
 10
558.678773
 20
242.325735
 42
0.181024
  0
VERTEX
  8
0
 10
559.072821
 20
242.473233
 42
0.075363
  0
VERTEX
  8
0
 10
559.446149
 20
242.912868
 42
-0.169866
  0
VERTEX
  8
0
 10
559.966633
 20
243.334369
 42
-0.031613
  0
VERTEX
  8
0
 10
561.166457
 20
243.680655
 42
-0.030668
  0
VERTEX
  8
0
 10
562.685991
 20
243.920355
 42
-0.023789
  0
VERTEX
  8
0
 10
564.359017
 20
244.000000
 42
-0.023446
  0
VERTEX
  8
0
 10
566.062310
 20
243.920086
 42
-0.026883
  0
VERTEX
  8
0
 10
567.673556
 20
243.680655
 42
-0.027495
  0
VERTEX
  8
0
 10
568.998406
 20
243.333531
 42
-0.119102
  0
VERTEX
  8
0
 10
569.687132
 20
242.912868
 42
0.047458
  0
VERTEX
  8
0
 10
570.231562
 20
242.463023
 42
0.150038
  0
VERTEX
  8
0
 10
570.678773
 20
242.325735
 42
0.181024
  0
VERTEX
  8
0
 10
571.072821
 20
242.473233
 42
0.075363
  0
VERTEX
  8
0
 10
571.446149
 20
242.912868
 42
-0.231324
  0
VERTEX
  8
0
 10
572.998261
 20
243.891530
 42
-0.037118
  0
VERTEX
  8
0
 10
576.682407
 20
244.015792
 42
-0.036721
  0
VERTEX
  8
0
 10
580.321998
 20
243.599456
 42
-0.259896
  0
VERTEX
  8
0
 10
581.638374
 20
242.500000
 42
0.074860
  0
VERTEX
  8
0
 10
582.304304
 20
241.325650
 42
0.287829
  0
VERTEX
  8
0
 10
583.059349
 20
241.054308
 42
0.290105
  0
VERTEX
  8
0
 10
583.626994
 20
241.616102
 42
0.075407
  0
VERTEX
  8
0
 10
583.728249
 20
242.957492
 42
0.302035
  0
VERTEX
  8
0
 10
582.834487
 20
244.104745
 42
0.060563
  0
VERTEX
  8
0
 10
580.163360
 20
244.649933
 42
0.018347
  0
VERTEX
  8
0
 10
574.601858
 20
244.892951
 42
0.001255
  0
VERTEX
  8
0
 10
558.819490
 20
244.963467
 42
0.001340
  0
VERTEX
  8
0
 10
543.720461
 20
244.952577
 42
0.016307
  0
VERTEX
  8
0
 10
537.937684
 20
244.744233
 42
0.050134
  0
VERTEX
  8
0
 10
535.203386
 20
244.278225
 42
0.443042
  0
SEQEND
  0
POLYLINE
  8
0
 66
1
 70
1
  0
VERTEX
  8
0
 10
432.000000
 20
243.000000
 42
0.099038
  0
VERTEX
  8
0
 10
432.076342
 20
242.618362
 42
0.097945
  0
VERTEX
  8
0
 10
432.293750
 20
242.293750
 42
0.097945
  0
VERTEX
  8
0
 10
432.618362
 20
242.076342
 42
0.099038
  0
VERTEX
  8
0
 10
433.000000
 20
242.000000
 42
0.099038
  0
VERTEX
  8
0
 10
433.381638
 20
242.076342
 42
0.097945
  0
VERTEX
  8
0
 10
433.706250
 20
242.293750
 42
0.097945
  0
VERTEX
  8
0
 10
433.923658
 20
242.618362
 42
0.099038
  0
VERTEX
  8
0
 10
434.000000
 20
243.000000
 42
0.099038
  0
VERTEX
  8
0
 10
433.923658
 20
243.381638
 42
0.097945
  0
VERTEX
  8
0
 10
433.706250
 20
243.706250
 42
0.097945
  0
VERTEX
  8
0
 10
433.381638
 20
243.923658
 42
0.099038
  0
VERTEX
  8
0
 10
433.000000
 20
244.000000
 42
0.099038
  0
VERTEX
  8
0
 10
432.618362
 20
243.923658
 42
0.097945
  0
VERTEX
  8
0
 10
432.293750
 20
243.706250
 42
0.097945
  0
VERTEX
  8
0
 10
432.076342
 20
243.381638
 42
0.099038
  0
SEQEND
  0
POLYLINE
  8
0
 66
1
 70
1
  0
VERTEX
  8
0
 10
510.500000
 20
242.000000
 42
0.008731
  0
VERTEX
  8
0
 10
509.347727
 20
240.681180
 42
0.269813
  0
VERTEX
  8
0
 10
509.275398
 20
240.268645
 42
0.302737
  0
VERTEX
  8
0
 10
509.597686
 20
240.033978
 42
0.010356
  0
VERTEX
  8
0
 10
511.238024
 20
240.000000
 42
0.097089
  0
VERTEX
  8
0
 10
512.862791
 20
240.318498
 42
0.114661
  0
VERTEX
  8
0
 10
514.138953
 20
241.220858
 42
0.159685
  0
VERTEX
  8
0
 10
514.637516
 20
242.366988
 42
0.223360
  0
VERTEX
  8
0
 10
514.264432
 20
243.402234
 42
0.116941
  0
VERTEX
  8
0
 10
513.498016
 20
243.874846
 42
0.170710
  0
VERTEX
  8
0
 10
512.712097
 20
243.860373
 42
0.096763
  0
VERTEX
  8
0
 10
511.781859
 20
243.290682
 42
0.023206
  0
SEQEND
  0
POLYLINE
  8
0
 66
1
 70
1
  0
VERTEX
  8
0
 10
291.190371
 20
241.250000
 42
0.111732
  0
VERTEX
  8
0
 10
291.529561
 20
240.475517
 42
0.112742
  0
VERTEX
  8
0
 10
292.168246
 20
239.925521
 42
0.083992
  0
VERTEX
  8
0
 10
293.146958
 20
239.602490
 42
0.037820
  0
VERTEX
  8
0
 10
294.500000
 20
239.500000
 42
0.037820
  0
VERTEX
  8
0
 10
295.853042
 20
239.602490
 42
0.083992
  0
VERTEX
  8
0
 10
296.831754
 20
239.925521
 42
0.112742
  0
VERTEX
  8
0
 10
297.470439
 20
240.475517
 42
0.111732
  0
VERTEX
  8
0
 10
297.809629
 20
241.250000
 42
0.111478
  0
VERTEX
  8
0
 10
297.782104
 20
242.115635
 42
0.210682
  0
VERTEX
  8
0
 10
297.357043
 20
242.653132
 42
0.103624
  0
VERTEX
  8
0
 10
296.391783
 20
242.930570
 42
0.018344
  0
VERTEX
  8
0
 10
294.500000
 20
243.000000
 42
0.018344
  0
VERTEX
  8
0
 10
292.608217
 20
242.930570
 42
0.103624
  0
VERTEX
  8
0
 10
291.642957
 20
242.653132
 42
0.210682
  0
VERTEX
  8
0
 10
291.217896
 20
242.115635
 42
0.111478
  0
SEQEND
  0
POLYLINE
  8
0
 66
1
 70
1
  0
VERTEX
  8
0
 10
297.000000
 20
241.000000
 42
-0.099038
  0
VERTEX
  8
0
 10
296.923658
 20
240.618362
 42
-0.097945
  0
VERTEX
  8
0
 10
296.706250
 20
240.293750
 42
-0.097945
  0
VERTEX
  8
0
 10
296.381638
 20
240.076342
 42
-0.099038
  0
VERTEX
  8
0
 10
296.000000
 20
240.000000
 42
-0.099038
  0
VERTEX
  8
0
 10
295.618362
 20
240.076342
 42
-0.097945
  0
VERTEX
  8
0
 10
295.293750
 20
240.293750
 42
-0.097945
  0
VERTEX
  8
0
 10
295.076342
 20
240.618362
 42
-0.099038
  0
VERTEX
  8
0
 10
295.000000
 20
241.000000
 42
-0.099038
  0
VERTEX
  8
0
 10
295.076342
 20
241.381638
 42
-0.097945
  0
VERTEX
  8
0
 10
295.293750
 20
241.706250
 42
-0.097945
  0
VERTEX
  8
0
 10
295.618362
 20
241.923658
 42
-0.099038
  0
VERTEX
  8
0
 10
296.000000
 20
242.000000
 42
-0.099038
  0
VERTEX
  8
0
 10
296.381638
 20
241.923658
 42
-0.097945
  0
VERTEX
  8
0
 10
296.706250
 20
241.706250
 42
-0.097945
  0
VERTEX
  8
0
 10
296.923658
 20
241.381638
 42
-0.099038
  0
SEQEND
  0
POLYLINE
  8
0
 66
1
 70
1
  0
VERTEX
  8
0
 10
192.210573
 20
240.399141
 42
0.036357
  0
VERTEX
  8
0
 10
191.782662
 20
239.861158
 42
0.095760
  0
VERTEX
  8
0
 10
191.587911
 20
239.410998
 42
0.218285
  0
VERTEX
  8
0
 10
191.649322
 20
239.126309
 42
0.236389
  0
VERTEX
  8
0
 10
191.901556
 20
239.000000
 42
0.157897
  0
VERTEX
  8
0
 10
192.687482
 20
239.254536
 42
0.069007
  0
VERTEX
  8
0
 10
193.487692
 20
240.021539
 42
0.076948
  0
VERTEX
  8
0
 10
193.981063
 20
240.892915
 42
0.301864
  0
VERTEX
  8
0
 10
193.850136
 20
241.465672
 42
0.297152
  0
VERTEX
  8
0
 10
193.632938
 20
241.505656
 42
0.045304
  0
VERTEX
  8
0
 10
193.224083
 20
241.289580
 42
0.038420
  0
VERTEX
  8
0
 10
192.730077
 20
240.911277
 42
0.023968
  0
SEQEND
  0
POLYLINE
  8
0
 66
1
 70
1
  0
VERTEX
  8
0
 10
37.812500
 20
238.316886
 42
0.051402
  0
VERTEX
  8
0
 10
38.359369
 20
238.160852
 42
0.054150
  0
VERTEX
  8
0
 10
38.916927
 20
238.123424
 42
0.060344
  0
VERTEX
  8
0
 10
39.402231
 20
238.202593
 42
0.126455
  0
VERTEX
  8
0
 10
39.729167
 20
238.395833
 42
0.296942
  0
VERTEX
  8
0
 10
39.775380
 20
238.614691
 42
0.208169
  0
VERTEX
  8
0
 10
39.592839
 20
238.799335
 42
0.077125
  0
VERTEX
  8
0
 10
39.112848
 20
238.910055
 42
0.028489
  0
VERTEX
  8
0
 10
38.416667
 20
238.921053
 42
0.018894
  0
VERTEX
  8
0
 10
37.670344
 20
238.862007
 42
0.168741
  0
VERTEX
  8
0
 10
37.378580
 20
238.720685
 42
0.470617
  0
VERTEX
  8
0
 10
37.395823
 20
238.538436
 42
0.054073
  0
SEQEND
  0
POLYLINE
  8
0
 66
1
 70
1
  0
VERTEX
  8
0
 10
374.812500
 20
238.316886
 42
0.051402
  0
VERTEX
  8
0
 10
375.359369
 20
238.160852
 42
0.054150
  0
VERTEX
  8
0
 10
375.916927
 20
238.123424
 42
0.060344
  0
VERTEX
  8
0
 10
376.402231
 20
238.202593
 42
0.126455
  0
VERTEX
  8
0
 10
376.729167
 20
238.395833
 42
0.296942
  0
VERTEX
  8
0
 10
376.775380
 20
238.614691
 42
0.208169
  0
VERTEX
  8
0
 10
376.592839
 20
238.799335
 42
0.077125
  0
VERTEX
  8
0
 10
376.112848
 20
238.910055
 42
0.028489
  0
VERTEX
  8
0
 10
375.416667
 20
238.921053
 42
0.018894
  0
VERTEX
  8
0
 10
374.670344
 20
238.862007
 42
0.168741
  0
VERTEX
  8
0
 10
374.378580
 20
238.720685
 42
0.470617
  0
VERTEX
  8
0
 10
374.395823
 20
238.538436
 42
0.054073
  0
SEQEND
  0
POLYLINE
  8
0
 66
1
 70
1
  0
VERTEX
  8
0
 10
431.000000
 20
238.166667
 42
-0.127718
  0
VERTEX
  8
0
 10
430.884466
 20
237.721743
 42
-0.100747
  0
VERTEX
  8
0
 10
430.559375
 20
237.342708
 42
-0.089419
  0
VERTEX
  8
0
 10
430.073075
 20
237.087877
 42
-0.076226
  0
VERTEX
  8
0
 10
429.500000
 20
237.000000
 42
0.053158
  0
VERTEX
  8
0
 10
428.926123
 20
236.938815
 42
0.072963
  0
VERTEX
  8
0
 10
428.440625
 20
236.757125
 42
0.092791
  0
VERTEX
  8
0
 10
428.114623
 20
236.488710
 42
0.176015
  0
VERTEX
  8
0
 10
428.000000
 20
236.173193
 42
0.320183
  0
VERTEX
  8
0
 10
428.205945
 20
235.884557
 42
0.053065
  0
VERTEX
  8
0
 10
428.911010
 20
235.722968
 42
0.041560
  0
VERTEX
  8
0
 10
429.912452
 20
235.686712
 42
0.024716
  0
VERTEX
  8
0
 10
431.101312
 20
235.801562
 42
0.022586
  0
VERTEX
  8
0
 10
432.234397
 20
236.020525
 42
0.053679
  0
VERTEX
  8
0
 10
433.041541
 20
236.309051
 42
0.128012
  0
VERTEX
  8
0
 10
433.396363
 20
236.611085
 42
0.405857
  0
VERTEX
  8
0
 10
433.351312
 20
236.890002
 42
-0.020325
  0
VERTEX
  8
0
 10
432.971197
 20
237.197518
 42
-0.011120
  0
VERTEX
  8
0
 10
432.529760
 20
237.603099
 42
-0.011067
  0
VERTEX
  8
0
 10
432.098997
 20
238.035645
 42
-0.017303
  0
VERTEX
  8
0
 10
431.750000
 20
238.428300
 42
0.065030
  0
VERTEX
  8
0
 10
431.457514
 20
238.700191
 42
0.243310
  0
VERTEX
  8
0
 10
431.216779
 20
238.734533
 42
0.247161
  0
VERTEX
  8
0
 10
431.052376
 20
238.558250
 42
0.066581
  0
SEQEND
  0
POLYLINE
  8
0
 66
1
 70
1
  0
VERTEX
  8
0
 10
342.078947
 20
236.416667
 42
0.018894
  0
VERTEX
  8
0
 10
342.137993
 20
235.670344
 42
0.168741
  0
VERTEX
  8
0
 10
342.279315
 20
235.378580
 42
0.470617
  0
VERTEX
  8
0
 10
342.461564
 20
235.395823
 42
0.054073
  0
VERTEX
  8
0
 10
342.683114
 20
235.812500
 42
0.051402
  0
VERTEX
  8
0
 10
342.839148
 20
236.359369
 42
0.054150
  0
VERTEX
  8
0
 10
342.876576
 20
236.916927
 42
0.060344
  0
VERTEX
  8
0
 10
342.797407
 20
237.402231
 42
0.126455
  0
VERTEX
  8
0
 10
342.604167
 20
237.729167
 42
0.296942
  0
VERTEX
  8
0
 10
342.385309
 20
237.775380
 42
0.208169
  0
VERTEX
  8
0
 10
342.200665
 20
237.592839
 42
0.077125
  0
VERTEX
  8
0
 10
342.089945
 20
237.112848
 42
0.028489
  0
SEQEND
  0
POLYLINE
  8
0
 66
1
 70
1
  0
VERTEX
  8
0
 10
511.638374
 20
236.500000
 42
0.015549
  0
VERTEX
  8
0
 10
511.879681
 20
235.925259
 42
0.023203
  0
VERTEX
  8
0
 10
512.128913
 20
235.440625
 42
0.019892
  0
VERTEX
  8
0
 10
512.359280
 20
235.074143
 42
0.247326
  0
VERTEX
  8
0
 10
512.500000
 20
235.000000
 42
0.247326
  0
VERTEX
  8
0
 10
512.640720
 20
235.074143
 42
0.019892
  0
VERTEX
  8
0
 10
512.871087
 20
235.440625
 42
0.023203
  0
VERTEX
  8
0
 10
513.120319
 20
235.925259
 42
0.015549
  0
VERTEX
  8
0
 10
513.361626
 20
236.500000
 42
0.074756
  0
VERTEX
  8
0
 10
513.496379
 20
237.110696
 42
0.148410
  0
VERTEX
  8
0
 10
513.385989
 20
237.589205
 42
0.165571
  0
VERTEX
  8
0
 10
513.041375
 20
237.892209
 42
0.098585
  0
VERTEX
  8
0
 10
512.500000
 20
238.000000
 42
0.098585
  0
VERTEX
  8
0
 10
511.958625
 20
237.892209
 42
0.165571
  0
VERTEX
  8
0
 10
511.614011
 20
237.589205
 42
0.148410
  0
VERTEX
  8
0
 10
511.503621
 20
237.110696
 42
0.074756
  0
SEQEND
  0
POLYLINE
  8
0
 66
1
 70
1
  0
VERTEX
  8
0
 10
84.176676
 20
235.332866
 42
0.113970
  0
VERTEX
  8
0
 10
84.716967
 20
234.118188
 42
0.119874
  0
VERTEX
  8
0
 10
85.727092
 20
233.290082
 42
0.233837
  0
VERTEX
  8
0
 10
86.585594
 20
233.299807
 42
0.282162
  0
VERTEX
  8
0
 10
87.000000
 20
233.975684
 42
0.098379
  0
VERTEX
  8
0
 10
86.922916
 20
234.363665
 42
0.175683
  0
VERTEX
  8
0
 10
86.706250
 20
234.600921
 42
0.169814
  0
VERTEX
  8
0
 10
86.381683
 20
234.648810
 42
0.091163
  0
VERTEX
  8
0
 10
86.000000
 20
234.500000
 42
-0.082592
  0
VERTEX
  8
0
 10
85.617900
 20
234.343488
 42
-0.161196
  0
VERTEX
  8
0
 10
85.293750
 20
234.374600
 42
-0.182303
  0
VERTEX
  8
0
 10
85.078288
 20
234.586039
 42
-0.108972
  0
VERTEX
  8
0
 10
85.000000
 20
234.940983
 42
-0.163165
  0
VERTEX
  8
0
 10
85.246559
 20
235.676421
 42
-0.248469
  0
VERTEX
  8
0
 10
85.843656
 20
235.955167
 42
-0.134442
  0
VERTEX
  8
0
 10
86.751666
 20
235.656688
 42
-0.050174
  0
VERTEX
  8
0
 10
87.800000
 20
234.800000
 42
0.028470
  0
VERTEX
  8
0
 10
88.415653
 20
234.250731
 42
0.273085
  0
VERTEX
  8
0
 10
88.750000
 20
234.204167
 42
0.272121
  0
VERTEX
  8
0
 10
88.953202
 20
234.474466
 42
0.028321
  0
VERTEX
  8
0
 10
89.000000
 20
235.300000
 42
0.109663
  0
VERTEX
  8
0
 10
88.833644
 20
236.049366
 42
0.138394
  0
VERTEX
  8
0
 10
88.371570
 20
236.584844
 42
0.103116
  0
VERTEX
  8
0
 10
87.577889
 20
236.900289
 42
0.043226
  0
VERTEX
  8
0
 10
86.426676
 20
237.000000
 42
0.035978
  0
VERTEX
  8
0
 10
85.228845
 20
236.913698
 42
0.124089
  0
VERTEX
  8
0
 10
84.514561
 20
236.619448
 42
0.183758
  0
VERTEX
  8
0
 10
84.182292
 20
236.100664
 42
0.099767
  0
SEQEND
  0
POLYLINE
  8
0
 66
1
 70
1
  0
VERTEX
  8
0
 10
291.458881
 20
235.933469
 42
0.062174
  0
VERTEX
  8
0
 10
291.251666
 20
235.480911
 42
0.067553
  0
VERTEX
  8
0
 10
291.169645
 20
235.003941
 42
0.076232
  0
VERTEX
  8
0
 10
291.219839
 20
234.576059
 42
0.129836
  0
VERTEX
  8
0
 10
291.399864
 20
234.266802
 42
0.132256
  0
VERTEX
  8
0
 10
291.627352
 20
234.135822
 42
0.259615
  0
VERTEX
  8
0
 10
291.823710
 20
234.185665
 42
0.153621
  0
VERTEX
  8
0
 10
291.958272
 20
234.426605
 42
0.051163
  0
VERTEX
  8
0
 10
292.000000
 20
234.833333
 42
-0.119792
  0
VERTEX
  8
0
 10
292.108162
 20
235.278311
 42
-0.100687
  0
VERTEX
  8
0
 10
292.413124
 20
235.657292
 42
-0.092018
  0
VERTEX
  8
0
 10
292.869226
 20
235.911808
 42
-0.081546
  0
VERTEX
  8
0
 10
293.406380
 20
236.000000
 42
-0.313631
  0
VERTEX
  8
0
 10
294.221593
 20
235.432861
 42
-0.145949
  0
VERTEX
  8
0
 10
294.309881
 20
234.082403
 42
-0.101247
  0
VERTEX
  8
0
 10
293.600449
 20
232.520602
 42
-0.145057
  0
VERTEX
  8
0
 10
292.401458
 20
231.600560
 42
0.258827
  0
VERTEX
  8
0
 10
291.365431
 20
230.365164
 42
0.039572
  0
VERTEX
  8
0
 10
290.992518
 20
227.055720
 42
0.041022
  0
VERTEX
  8
0
 10
291.149471
 20
223.848183
 42
0.376375
  0
VERTEX
  8
0
 10
292.116631
 20
223.000000
 42
0.197013
  0
VERTEX
  8
0
 10
292.503955
 20
223.158779
 42
0.126717
  0
VERTEX
  8
0
 10
292.757209
 20
223.580679
 42
0.086529
  0
VERTEX
  8
0
 10
292.832273
 20
224.225436
 42
0.049804
  0
VERTEX
  8
0
 10
292.710251
 20
225.000000
 42
-0.059941
  0
VERTEX
  8
0
 10
292.567846
 20
226.040323
 42
-0.225967
  0
VERTEX
  8
0
 10
292.833760
 20
226.622953
 42
-0.151406
  0
VERTEX
  8
0
 10
293.553284
 20
226.925156
 42
-0.024280
  0
VERTEX
  8
0
 10
295.093620
 20
227.000000
 42
0.036496
  0
VERTEX
  8
0
 10
297.100982
 20
227.146718
 42
0.264503
  0
VERTEX
  8
0
 10
297.835197
 20
227.720182
 42
0.232114
  0
VERTEX
  8
0
 10
297.770116
 20
228.710828
 42
0.029234
  0
VERTEX
  8
0
 10
296.558801
 20
230.558870
 42
-0.063111
  0
VERTEX
  8
0
 10
296.047548
 20
231.467316
 42
-0.044263
  0
VERTEX
  8
0
 10
295.702401
 20
232.590731
 42
-0.044553
  0
VERTEX
  8
0
 10
295.562410
 20
233.746269
 42
-0.067877
  0
VERTEX
  8
0
 10
295.667209
 20
234.750000
 42
0.038371
  0
VERTEX
  8
0
 10
295.854988
 20
235.892706
 42
0.170140
  0
VERTEX
  8
0
 10
295.688438
 20
236.542573
 42
0.195419
  0
VERTEX
  8
0
 10
295.171764
 20
236.893692
 42
0.052777
  0
VERTEX
  8
0
 10
294.167425
 20
237.000000
 42
0.047331
  0
VERTEX
  8
0
 10
293.334596
 20
236.920986
 42
0.046518
  0
VERTEX
  8
0
 10
292.526417
 20
236.686706
 42
0.050427
  0
VERTEX
  8
0
 10
291.858585
 20
236.342507
 42
0.110588
  0
SEQEND
  0
POLYLINE
  8
0
 66
1
 70
1
  0
VERTEX
  8
0
 10
295.000000
 20
230.000000
 42
-0.153634
  0
VERTEX
  8
0
 10
294.879982
 20
229.618621
 42
-0.097988
  0
VERTEX
  8
0
 10
294.542039
 20
229.293750
 42
-0.080552
  0
VERTEX
  8
0
 10
294.037096
 20
229.074545
 42
-0.062283
  0
VERTEX
  8
0
 10
293.440983
 20
229.000000
 42
-0.066118
  0
VERTEX
  8
0
 10
292.889346
 20
229.073267
 42
-0.138808
  0
VERTEX
  8
0
 10
292.521475
 20
229.293750
 42
-0.191142
  0
VERTEX
  8
0
 10
292.392057
 20
229.620352
 42
-0.139169
  0
VERTEX
  8
0
 10
292.500000
 20
230.000000
 42
-0.060810
  0
VERTEX
  8
0
 10
292.806203
 20
230.382515
 42
-0.051032
  0
VERTEX
  8
0
 10
293.212900
 20
230.706250
 42
-0.053229
  0
VERTEX
  8
0
 10
293.653442
 20
230.926698
 42
-0.089642
  0
VERTEX
  8
0
 10
294.059017
 20
231.000000
 42
-0.105429
  0
VERTEX
  8
0
 10
294.418051
 20
230.923444
 42
-0.099231
  0
VERTEX
  8
0
 10
294.723586
 20
230.706250
 42
-0.096318
  0
VERTEX
  8
0
 10
294.928382
 20
230.381732
 42
-0.092995
  0
SEQEND
  0
POLYLINE
  8
0
 66
1
 70
1
  0
VERTEX
  8
0
 10
508.000000
 20
236.059017
 42
0.089642
  0
VERTEX
  8
0
 10
508.073302
 20
235.653442
 42
0.053229
  0
VERTEX
  8
0
 10
508.293750
 20
235.212900
 42
0.051032
  0
VERTEX
  8
0
 10
508.617485
 20
234.806203
 42
0.060810
  0
VERTEX
  8
0
 10
509.000000
 20
234.500000
 42
0.139169
  0
VERTEX
  8
0
 10
509.379648
 20
234.392057
 42
0.191142
  0
VERTEX
  8
0
 10
509.706250
 20
234.521475
 42
0.138808
  0
VERTEX
  8
0
 10
509.926733
 20
234.889346
 42
0.066118
  0
VERTEX
  8
0
 10
510.000000
 20
235.440983
 42
0.062283
  0
VERTEX
  8
0
 10
509.925455
 20
236.037096
 42
0.080552
  0
VERTEX
  8
0
 10
509.706250
 20
236.542039
 42
0.097988
  0
VERTEX
  8
0
 10
509.381379
 20
236.879982
 42
0.153634
  0
VERTEX
  8
0
 10
509.000000
 20
237.000000
 42
0.092995
  0
VERTEX
  8
0
 10
508.618268
 20
236.928382
 42
0.096318
  0
VERTEX
  8
0
 10
508.293750
 20
236.723586
 42
0.099231
  0
VERTEX
  8
0
 10
508.076556
 20
236.418051
 42
0.105429
  0
SEQEND
  0
POLYLINE
  8
0
 66
1
 70
1
  0
VERTEX
  8
0
 10
622.015313
 20
234.916667
 42
0.059942
  0
VERTEX
  8
0
 10
622.167097
 20
233.543254
 42
0.181151
  0
VERTEX
  8
0
 10
622.680910
 20
232.772908
 42
0.170014
  0
VERTEX
  8
0
 10
623.600327
 20
232.501196
 42
0.051625
  0
VERTEX
  8
0
 10
625.057905
 20
232.725393
 42
0.122614
  0
VERTEX
  8
0
 10
626.354621
 20
233.433436
 42
0.174954
  0
VERTEX
  8
0
 10
626.955451
 20
234.585843
 42
0.246339
  0
VERTEX
  8
0
 10
626.595336
 20
235.575870
 42
0.186848
  0
VERTEX
  8
0
 10
625.500000
 20
236.000000
 42
0.081749
  0
VERTEX
  8
0
 10
624.925930
 20
235.905509
 42
0.091120
  0
VERTEX
  8
0
 10
624.436127
 20
235.632812
 42
0.099323
  0
VERTEX
  8
0
 10
624.105752
 20
235.226808
 42
0.118755
  0
VERTEX
  8
0
 10
623.984687
 20
234.750000
 42
-0.066727
  0
VERTEX
  8
0
 10
623.918023
 20
234.295085
 42
-0.405416
  0
VERTEX
  8
0
 10
623.730859
 20
234.187500
 42
-0.167501
  0
VERTEX
  8
0
 10
623.440231
 20
234.378141
 42
-0.021149
  0
VERTEX
  8
0
 10
623.000000
 20
235.000000
 42
0.008598
  0
VERTEX
  8
0
 10
622.419084
 20
235.865871
 42
0.267923
  0
VERTEX
  8
0
 10
622.194149
 20
235.971524
 42
0.372664
  0
VERTEX
  8
0
 10
622.046567
 20
235.820214
 42
0.012454
  0
SEQEND
  0
POLYLINE
  8
0
 66
1
 70
1
  0
VERTEX
  8
0
 10
175.000000
 20
233.440983
 42
0.067432
  0
VERTEX
  8
0
 10
175.074611
 20
232.890269
 42
0.140899
  0
VERTEX
  8
0
 10
175.298542
 20
232.524436
 42
0.190788
  0
VERTEX
  8
0
 10
175.630360
 20
232.397824
 42
0.136093
  0
VERTEX
  8
0
 10
176.016312
 20
232.510081
 42
0.090427
  0
VERTEX
  8
0
 10
176.360589
 20
232.820631
 42
0.095498
  0
VERTEX
  8
0
 10
176.565079
 20
233.227140
 42
0.099685
  0
VERTEX
  8
0
 10
176.598899
 20
233.665803
 42
0.108373
  0
VERTEX
  8
0
 10
176.457295
 20
234.069098
 42
0.050477
  0
VERTEX
  8
0
 10
175.866860
 20
234.838655
 42
0.315493
  0
VERTEX
  8
0
 10
175.407182
 20
234.933879
 42
0.257010
  0
VERTEX
  8
0
 10
175.085158
 20
234.519563
 42
0.039415
  0
SEQEND
  0
POLYLINE
  8
0
 66
1
 70
1
  0
VERTEX
  8
0
 10
631.666667
 20
234.333333
 42
0.153959
  0
VERTEX
  8
0
 10
631.409384
 20
233.838993
 42
0.015720
  0
VERTEX
  8
0
 10
631.219024
 20
232.516146
 42
0.018464
  0
VERTEX
  8
0
 10
631.097361
 20
230.887397
 42
0.013716
  0
VERTEX
  8
0
 10
631.078947
 20
229.083333
 42
0.010628
  0
VERTEX
  8
0
 10
631.143615
 20
227.403532
 42
0.028386
  0
VERTEX
  8
0
 10
631.282867
 20
226.213542
 42
0.096149
  0
VERTEX
  8
0
 10
631.466466
 20
225.733006
 42
0.613587
  0
VERTEX
  8
0
 10
631.662281
 20
225.750000
 42
-0.158448
  0
VERTEX
  8
0
 10
632.422958
 20
226.657133
 42
-0.150788
  0
VERTEX
  8
0
 10
633.587911
 20
226.966267
 42
-0.178111
  0
VERTEX
  8
0
 10
634.590562
 20
226.551233
 42
-0.209436
  0
VERTEX
  8
0
 10
635.000000
 20
225.616631
 42
-0.133901
  0
VERTEX
  8
0
 10
634.844665
 20
225.046995
 42
-0.073191
  0
VERTEX
  8
0
 10
634.386952
 20
224.479311
 42
-0.064356
  0
VERTEX
  8
0
 10
633.711055
 20
223.999248
 42
-0.058383
  0
VERTEX
  8
0
 10
632.913026
 20
223.687507
 42
0.164960
  0
VERTEX
  8
0
 10
631.549667
 20
222.788902
 42
0.203631
  0
VERTEX
  8
0
 10
631.162817
 20
221.330575
 42
0.199915
  0
VERTEX
  8
0
 10
631.943541
 20
220.019521
 42
0.161141
  0
VERTEX
  8
0
 10
633.513695
 20
219.500000
 42
0.111688
  0
VERTEX
  8
0
 10
634.538410
 20
219.731789
 42
0.170982
  0
VERTEX
  8
0
 10
635.177248
 20
220.368331
 42
0.084190
  0
VERTEX
  8
0
 10
635.544193
 20
221.641899
 42
0.014459
  0
VERTEX
  8
0
 10
635.755070
 20
224.157706
 42
0.008777
  0
VERTEX
  8
0
 10
635.860380
 20
226.990824
 42
0.113094
  0
VERTEX
  8
0
 10
635.645535
 20
228.020863
 42
0.288104
  0
VERTEX
  8
0
 10
635.067051
 20
228.398973
 42
0.068527
  0
VERTEX
  8
0
 10
633.871189
 20
228.256064
 42
-0.029366
  0
VERTEX
  8
0
 10
632.876579
 20
228.057486
 42
-0.152050
  0
VERTEX
  8
0
 10
632.330055
 20
228.147614
 42
-0.271565
  0
VERTEX
  8
0
 10
632.109429
 20
228.487893
 42
-0.090910
  0
VERTEX
  8
0
 10
632.193238
 20
229.098358
 42
-0.130423
  0
VERTEX
  8
0
 10
632.557694
 20
229.658125
 42
-0.056526
  0
VERTEX
  8
0
 10
633.285891
 20
230.179471
 42
-0.050600
  0
VERTEX
  8
0
 10
634.232448
 20
230.587838
 42
-0.046995
  0
VERTEX
  8
0
 10
635.265546
 20
230.810481
 42
0.013579
  0
VERTEX
  8
0
 10
636.877100
 20
231.046629
 42
0.254912
  0
VERTEX
  8
0
 10
637.264294
 20
231.354550
 42
0.268331
  0
VERTEX
  8
0
 10
637.204146
 20
231.834955
 42
0.014810
  0
VERTEX
  8
0
 10
636.216186
 20
233.060481
 42
0.048631
  0
VERTEX
  8
0
 10
634.960118
 20
234.267561
 42
0.099205
  0
VERTEX
  8
0
 10
633.746137
 20
234.885084
 42
0.134191
  0
VERTEX
  8
0
 10
632.635049
 20
234.891767
 42
0.131914
  0
SEQEND
  0
POLYLINE
  8
0
 66
1
 70
1
  0
VERTEX
  8
0
 10
635.000000
 20
233.000000
 42
-0.148195
  0
VERTEX
  8
0
 10
634.884432
 20
232.618646
 42
-0.098894
  0
VERTEX
  8
0
 10
634.559375
 20
232.293750
 42
-0.082425
  0
VERTEX
  8
0
 10
634.073457
 20
232.074694
 42
-0.064853
  0
VERTEX
  8
0
 10
633.500000
 20
232.000000
 42
-0.064853
  0
VERTEX
  8
0
 10
632.926543
 20
232.074694
 42
-0.082425
  0
VERTEX
  8
0
 10
632.440625
 20
232.293750
 42
-0.098894
  0
VERTEX
  8
0
 10
632.115568
 20
232.618646
 42
-0.148195
  0
VERTEX
  8
0
 10
632.000000
 20
233.000000
 42
-0.148195
  0
VERTEX
  8
0
 10
632.115568
 20
233.381354
 42
-0.098894
  0
VERTEX
  8
0
 10
632.440625
 20
233.706250
 42
-0.082425
  0
VERTEX
  8
0
 10
632.926543
 20
233.925306
 42
-0.064853
  0
VERTEX
  8
0
 10
633.500000
 20
234.000000
 42
-0.064853
  0
VERTEX
  8
0
 10
634.073457
 20
233.925306
 42
-0.082425
  0
VERTEX
  8
0
 10
634.559375
 20
233.706250
 42
-0.098894
  0
VERTEX
  8
0
 10
634.884432
 20
233.381354
 42
-0.148195
  0
SEQEND
  0
POLYLINE
  8
0
 66
1
 70
1
  0
VERTEX
  8
0
 10
635.000000
 20
221.000000
 42
-0.148195
  0
VERTEX
  8
0
 10
634.884432
 20
220.618646
 42
-0.098894
  0
VERTEX
  8
0
 10
634.559375
 20
220.293750
 42
-0.082425
  0
VERTEX
  8
0
 10
634.073457
 20
220.074694
 42
-0.064853
  0
VERTEX
  8
0
 10
633.500000
 20
220.000000
 42
-0.064853
  0
VERTEX
  8
0
 10
632.926543
 20
220.074694
 42
-0.082425
  0
VERTEX
  8
0
 10
632.440625
 20
220.293750
 42
-0.098894
  0
VERTEX
  8
0
 10
632.115568
 20
220.618646
 42
-0.148195
  0
VERTEX
  8
0
 10
632.000000
 20
221.000000
 42
-0.148195
  0
VERTEX
  8
0
 10
632.115568
 20
221.381354
 42
-0.098894
  0
VERTEX
  8
0
 10
632.440625
 20
221.706250
 42
-0.082425
  0
VERTEX
  8
0
 10
632.926543
 20
221.925306
 42
-0.064853
  0
VERTEX
  8
0
 10
633.500000
 20
222.000000
 42
-0.064853
  0
VERTEX
  8
0
 10
634.073457
 20
221.925306
 42
-0.082425
  0
VERTEX
  8
0
 10
634.559375
 20
221.706250
 42
-0.098894
  0
VERTEX
  8
0
 10
634.884432
 20
221.381354
 42
-0.148195
  0
SEQEND
  0
POLYLINE
  8
0
 66
1
 70
1
  0
VERTEX
  8
0
 10
162.810207
 20
230.500000
 42
0.010324
  0
VERTEX
  8
0
 10
162.995004
 20
229.158232
 42
0.016747
  0
VERTEX
  8
0
 10
163.213521
 20
228.028125
 42
0.010728
  0
VERTEX
  8
0
 10
163.438973
 20
227.130021
 42
0.337893
  0
VERTEX
  8
0
 10
163.609406
 20
227.000000
 42
0.368991
  0
VERTEX
  8
0
 10
163.764547
 20
227.132537
 42
0.011422
  0
VERTEX
  8
0
 10
163.885263
 20
228.028125
 42
0.017314
  0
VERTEX
  8
0
 10
163.971889
 20
229.158078
 42
0.010473
  0
VERTEX
  8
0
 10
164.000000
 20
230.500000
 42
0.021529
  0
VERTEX
  8
0
 10
163.942214
 20
231.841446
 42
0.034612
  0
VERTEX
  8
0
 10
163.765235
 20
232.971875
 42
0.038489
  0
VERTEX
  8
0
 10
163.511037
 20
233.789476
 42
0.307262
  0
VERTEX
  8
0
 10
163.200801
 20
234.000000
 42
0.335283
  0
VERTEX
  8
0
 10
162.916097
 20
233.784908
 42
0.041434
  0
VERTEX
  8
0
 10
162.756394
 20
232.971875
 42
0.035585
  0
VERTEX
  8
0
 10
162.711167
 20
231.841769
 42
0.021273
  0
SEQEND
  0
POLYLINE
  8
0
 66
1
 70
1
  0
VERTEX
  8
0
 10
249.430065
 20
211.000000
 42
0.001120
  0
VERTEX
  8
0
 10
249.448946
 20
202.573090
 42
0.005617
  0
VERTEX
  8
0
 10
249.523097
 20
197.854687
 42
0.921279
  0
VERTEX
  8
0
 10
249.631744
 20
197.848711
 42
0.027484
  0
VERTEX
  8
0
 10
249.746768
 20
199.250000
 42
0.004245
  0
VERTEX
  8
0
 10
249.845507
 20
204.598995
 42
0.002492
  0
VERTEX
  8
0
 10
249.877408
 20
211.000000
 42
0.002492
  0
VERTEX
  8
0
 10
249.845507
 20
217.401005
 42
0.004245
  0
VERTEX
  8
0
 10
249.746768
 20
222.750000
 42
0.027484
  0
VERTEX
  8
0
 10
249.631744
 20
224.151289
 42
0.921279
  0
VERTEX
  8
0
 10
249.523097
 20
224.145313
 42
0.005617
  0
VERTEX
  8
0
 10
249.448946
 20
219.426910
 42
0.001120
  0
SEQEND
  0
POLYLINE
  8
0
 66
1
 70
1
  0
VERTEX
  8
0
 10
430.000000
 20
233.000000
 42
0.011213
  0
VERTEX
  8
0
 10
429.169589
 20
232.436556
 42
0.309569
  0
VERTEX
  8
0
 10
429.083458
 20
232.201904
 42
0.327416
  0
VERTEX
  8
0
 10
429.271084
 20
232.047261
 42
0.011938
  0
VERTEX
  8
0
 10
430.250000
 20
232.015313
 42
0.055234
  0
VERTEX
  8
0
 10
430.919445
 20
232.083567
 42
0.075283
  0
VERTEX
  8
0
 10
431.485937
 20
232.298248
 42
0.095191
  0
VERTEX
  8
0
 10
431.865757
 20
232.619685
 42
0.171310
  0
VERTEX
  8
0
 10
432.000000
 20
233.000000
 42
0.042895
  0
VERTEX
  8
0
 10
431.938046
 20
233.720828
 42
0.364836
  0
VERTEX
  8
0
 10
431.707705
 20
233.914708
 42
0.137048
  0
VERTEX
  8
0
 10
431.262820
 20
233.790433
 42
0.007234
  0
SEQEND
  0
POLYLINE
  8
0
 66
1
 70
1
  0
VERTEX
  8
0
 10
342.078947
 20
231.416667
 42
0.018894
  0
VERTEX
  8
0
 10
342.137993
 20
230.670344
 42
0.168741
  0
VERTEX
  8
0
 10
342.279315
 20
230.378580
 42
0.470617
  0
VERTEX
  8
0
 10
342.461564
 20
230.395823
 42
0.054073
  0
VERTEX
  8
0
 10
342.683114
 20
230.812500
 42
0.051402
  0
VERTEX
  8
0
 10
342.839148
 20
231.359369
 42
0.054150
  0
VERTEX
  8
0
 10
342.876576
 20
231.916927
 42
0.060344
  0
VERTEX
  8
0
 10
342.797407
 20
232.402231
 42
0.126455
  0
VERTEX
  8
0
 10
342.604167
 20
232.729167
 42
0.296942
  0
VERTEX
  8
0
 10
342.385309
 20
232.775380
 42
0.208169
  0
VERTEX
  8
0
 10
342.200665
 20
232.592839
 42
0.077125
  0
VERTEX
  8
0
 10
342.089945
 20
232.112848
 42
0.028489
  0
SEQEND
  0
POLYLINE
  8
0
 66
1
 70
1
  0
VERTEX
  8
0
 10
510.323425
 20
232.355118
 42
-0.072250
  0
VERTEX
  8
0
 10
511.008954
 20
232.043089
 42
-0.104450
  0
VERTEX
  8
0
 10
511.480916
 20
231.576629
 42
-0.120117
  0
VERTEX
  8
0
 10
511.683517
 20
231.011135
 42
-0.118385
  0
VERTEX
  8
0
 10
511.604810
 20
230.412535
 42
0.064984
  0
VERTEX
  8
0
 10
511.474490
 20
229.872099
 42
0.112213
  0
VERTEX
  8
0
 10
511.528064
 20
229.414932
 42
0.151937
  0
VERTEX
  8
0
 10
511.752780
 20
229.114192
 42
0.158178
  0
VERTEX
  8
0
 10
512.104709
 20
229.000000
 42
0.332169
  0
VERTEX
  8
0
 10
512.848495
 20
229.555406
 42
0.177247
  0
VERTEX
  8
0
 10
512.772478
 20
230.763076
 42
0.107167
  0
VERTEX
  8
0
 10
511.803394
 20
232.099963
 42
0.158247
  0
VERTEX
  8
0
 10
510.488516
 20
232.681099
 42
0.001225
  0
VERTEX
  8
0
 10
509.276385
 20
232.802491
 42
0.309164
  0
VERTEX
  8
0
 10
509.186287
 20
232.752998
 42
0.468022
  0
VERTEX
  8
0
 10
509.217741
 20
232.679969
 42
0.001434
  0
SEQEND
  0
POLYLINE
  8
0
 66
1
 70
1
  0
VERTEX
  8
0
 10
84.627278
 20
230.471085
 42
0.027128
  0
VERTEX
  8
0
 10
84.129173
 20
228.927611
 42
0.089222
  0
VERTEX
  8
0
 10
84.044016
 20
227.864761
 42
0.180465
  0
VERTEX
  8
0
 10
84.345698
 20
227.248296
 42
0.191957
  0
VERTEX
  8
0
 10
84.968615
 20
227.000000
 42
0.196489
  0
VERTEX
  8
0
 10
85.286292
 20
227.129853
 42
0.143917
  0
VERTEX
  8
0
 10
85.473853
 20
227.466068
 42
0.095118
  0
VERTEX
  8
0
 10
85.490947
 20
227.978912
 42
0.052564
  0
VERTEX
  8
0
 10
85.328389
 20
228.586614
 42
-0.062745
  0
VERTEX
  8
0
 10
85.145474
 20
229.330586
 42
-0.251930
  0
VERTEX
  8
0
 10
85.312506
 20
229.751426
 42
-0.182895
  0
VERTEX
  8
0
 10
85.816730
 20
229.928420
 42
-0.033794
  0
VERTEX
  8
0
 10
86.814326
 20
229.836614
 42
0.046355
  0
VERTEX
  8
0
 10
87.637721
 20
229.781623
 42
0.061269
  0
VERTEX
  8
0
 10
88.380551
 20
229.892630
 42
0.075695
  0
VERTEX
  8
0
 10
88.936747
 20
230.142233
 42
0.179540
  0
VERTEX
  8
0
 10
89.204552
 20
230.500000
 42
0.352022
  0
VERTEX
  8
0
 10
88.825981
 20
231.421826
 42
0.128319
  0
VERTEX
  8
0
 10
87.360400
 20
231.794375
 42
0.094831
  0
VERTEX
  8
0
 10
85.580917
 20
231.442145
 42
0.207889
  0
SEQEND
  0
POLYLINE
  8
0
 66
1
 70
1
  0
VERTEX
  8
0
 10
239.000000
 20
230.940983
 42
0.108972
  0
VERTEX
  8
0
 10
239.078288
 20
230.586039
 42
0.182303
  0
VERTEX
  8
0
 10
239.293750
 20
230.374600
 42
0.161196
  0
VERTEX
  8
0
 10
239.617900
 20
230.343488
 42
0.082592
  0
VERTEX
  8
0
 10
240.000000
 20
230.500000
 42
0.029505
  0
VERTEX
  8
0
 10
240.382774
 20
230.768994
 42
0.035638
  0
VERTEX
  8
0
 10
240.706250
 20
231.066025
 42
0.038439
  0
VERTEX
  8
0
 10
240.934461
 20
231.348290
 42
0.151918
  0
VERTEX
  8
0
 10
241.000000
 20
231.559017
 42
0.210953
  0
VERTEX
  8
0
 10
240.925540
 20
231.727648
 42
0.081139
  0
VERTEX
  8
0
 10
240.706250
 20
231.870461
 42
0.061769
  0
VERTEX
  8
0
 10
240.382849
 20
231.967655
 42
0.042167
  0
VERTEX
  8
0
 10
240.000000
 20
232.000000
 42
0.105053
  0
VERTEX
  8
0
 10
239.618444
 20
231.918938
 42
0.099167
  0
VERTEX
  8
0
 10
239.293750
 20
231.688914
 42
0.096420
  0
VERTEX
  8
0
 10
239.076123
 20
231.345238
 42
0.093332
  0
SEQEND
  0
POLYLINE
  8
0
 66
1
 70
1
  0
VERTEX
  8
0
 10
625.777549
 20
230.833846
 42
0.071299
  0
VERTEX
  8
0
 10
625.634415
 20
230.184007
 42
0.033302
  0
VERTEX
  8
0
 10
625.627623
 20
229.320048
 42
0.032145
  0
VERTEX
  8
0
 10
625.741756
 20
228.396715
 42
0.038785
  0
VERTEX
  8
0
 10
625.970382
 20
227.553552
 42
0.006147
  0
VERTEX
  8
0
 10
626.440222
 20
226.284616
 42
0.341365
  0
VERTEX
  8
0
 10
626.643637
 20
226.161028
 42
0.304262
  0
VERTEX
  8
0
 10
626.835479
 20
226.323495
 42
0.005403
  0
VERTEX
  8
0
 10
627.209428
 20
227.692853
 42
0.073207
  0
VERTEX
  8
0
 10
627.401839
 20
229.440996
 42
0.098112
  0
VERTEX
  8
0
 10
627.035875
 20
230.989148
 42
0.334254
  0
VERTEX
  8
0
 10
626.398657
 20
231.335539
 42
0.272563
  0
SEQEND
  0
POLYLINE
  8
0
 66
1
 70
1
  0
VERTEX
  8
0
 10
329.434664
 20
206.000000
 42
0.001019
  0
VERTEX
  8
0
 10
329.453296
 20
196.855863
 42
0.005108
  0
VERTEX
  8
0
 10
329.526474
 20
191.735937
 42
0.928081
  0
VERTEX
  8
0
 10
329.633699
 20
191.730566
 42
0.025034
  0
VERTEX
  8
0
 10
329.747209
 20
193.250000
 42
0.003861
  0
VERTEX
  8
0
 10
329.844652
 20
199.054220
 42
0.002266
  0
VERTEX
  8
0
 10
329.876134
 20
206.000000
 42
0.002266
  0
VERTEX
  8
0
 10
329.844652
 20
212.945780
 42
0.003861
  0
VERTEX
  8
0
 10
329.747209
 20
218.750000
 42
0.025034
  0
VERTEX
  8
0
 10
329.633699
 20
220.269434
 42
0.928081
  0
VERTEX
  8
0
 10
329.526474
 20
220.264062
 42
0.005108
  0
VERTEX
  8
0
 10
329.453296
 20
215.144137
 42
0.001019
  0
SEQEND
  0
POLYLINE
  8
0
 66
1
 70
1
  0
VERTEX
  8
0
 10
508.500000
 20
230.000000
 42
0.029505
  0
VERTEX
  8
0
 10
508.768994
 20
229.617226
 42
0.035638
  0
VERTEX
  8
0
 10
509.066025
 20
229.293750
 42
0.038439
  0
VERTEX
  8
0
 10
509.348290
 20
229.065539
 42
0.151918
  0
VERTEX
  8
0
 10
509.559017
 20
229.000000
 42
0.210953
  0
VERTEX
  8
0
 10
509.727648
 20
229.074460
 42
0.081139
  0
VERTEX
  8
0
 10
509.870461
 20
229.293750
 42
0.061769
  0
VERTEX
  8
0
 10
509.967655
 20
229.617151
 42
0.042167
  0
VERTEX
  8
0
 10
510.000000
 20
230.000000
 42
0.105053
  0
VERTEX
  8
0
 10
509.918938
 20
230.381556
 42
0.099167
  0
VERTEX
  8
0
 10
509.688914
 20
230.706250
 42
0.096420
  0
VERTEX
  8
0
 10
509.345238
 20
230.923877
 42
0.093332
  0
VERTEX
  8
0
 10
508.940983
 20
231.000000
 42
0.108972
  0
VERTEX
  8
0
 10
508.586039
 20
230.921712
 42
0.182303
  0
VERTEX
  8
0
 10
508.374600
 20
230.706250
 42
0.161196
  0
VERTEX
  8
0
 10
508.343488
 20
230.382100
 42
0.082592
  0
SEQEND
  0
POLYLINE
  8
0
 66
1
 70
1
  0
VERTEX
  8
0
 10
175.000000
 20
228.440983
 42
0.067432
  0
VERTEX
  8
0
 10
175.074611
 20
227.890269
 42
0.140899
  0
VERTEX
  8
0
 10
175.298542
 20
227.524436
 42
0.190788
  0
VERTEX
  8
0
 10
175.630360
 20
227.397824
 42
0.136093
  0
VERTEX
  8
0
 10
176.016312
 20
227.510081
 42
0.090427
  0
VERTEX
  8
0
 10
176.360589
 20
227.820631
 42
0.095498
  0
VERTEX
  8
0
 10
176.565079
 20
228.227140
 42
0.099685
  0
VERTEX
  8
0
 10
176.598899
 20
228.665803
 42
0.108373
  0
VERTEX
  8
0
 10
176.457295
 20
229.069098
 42
0.050477
  0
VERTEX
  8
0
 10
175.866860
 20
229.838655
 42
0.315493
  0
VERTEX
  8
0
 10
175.407182
 20
229.933879
 42
0.257010
  0
VERTEX
  8
0
 10
175.085158
 20
229.519563
 42
0.039415
  0
SEQEND
  0
POLYLINE
  8
0
 66
1
 70
1
  0
VERTEX
  8
0
 10
430.500000
 20
229.000000
 42
0.029505
  0
VERTEX
  8
0
 10
430.768994
 20
228.617226
 42
0.035638
  0
VERTEX
  8
0
 10
431.066025
 20
228.293750
 42
0.038439
  0
VERTEX
  8
0
 10
431.348290
 20
228.065539
 42
0.151918
  0
VERTEX
  8
0
 10
431.559017
 20
228.000000
 42
0.210953
  0
VERTEX
  8
0
 10
431.727648
 20
228.074460
 42
0.081139
  0
VERTEX
  8
0
 10
431.870461
 20
228.293750
 42
0.061769
  0
VERTEX
  8
0
 10
431.967655
 20
228.617151
 42
0.042167
  0
VERTEX
  8
0
 10
432.000000
 20
229.000000
 42
0.105053
  0
VERTEX
  8
0
 10
431.918938
 20
229.381556
 42
0.099167
  0
VERTEX
  8
0
 10
431.688914
 20
229.706250
 42
0.096420
  0
VERTEX
  8
0
 10
431.345238
 20
229.923877
 42
0.093332
  0
VERTEX
  8
0
 10
430.940983
 20
230.000000
 42
0.108972
  0
VERTEX
  8
0
 10
430.586039
 20
229.921712
 42
0.182303
  0
VERTEX
  8
0
 10
430.374600
 20
229.706250
 42
0.161196
  0
VERTEX
  8
0
 10
430.343488
 20
229.382100
 42
0.082592
  0
SEQEND
  0
POLYLINE
  8
0
 66
1
 70
1
  0
VERTEX
  8
0
 10
556.000000
 20
228.984687
 42
-0.026307
  0
VERTEX
  8
0
 10
556.811950
 20
228.388315
 42
-0.224851
  0
VERTEX
  8
0
 10
557.000000
 20
227.991292
 42
-0.219790
  0
VERTEX
  8
0
 10
556.813914
 20
227.588415
 42
-0.025140
  0
VERTEX
  8
0
 10
556.000000
 20
226.963067
 42
0.045162
  0
VERTEX
  8
0
 10
555.400348
 20
226.462969
 42
0.511201
  0
VERTEX
  8
0
 10
555.442095
 20
226.203819
 42
0.131981
  0
VERTEX
  8
0
 10
555.968744
 20
226.095145
 42
0.009169
  0
VERTEX
  8
0
 10
557.491449
 20
226.213067
 42
0.042094
  0
VERTEX
  8
0
 10
558.783195
 20
226.447810
 42
0.071613
  0
VERTEX
  8
0
 10
559.789488
 20
226.881454
 42
0.090128
  0
VERTEX
  8
0
 10
560.472284
 20
227.492054
 42
0.119051
  0
VERTEX
  8
0
 10
560.814774
 20
228.250000
 42
0.103840
  0
VERTEX
  8
0
 10
560.798053
 20
229.106420
 42
0.207619
  0
VERTEX
  8
0
 10
560.403413
 20
229.641048
 42
0.111396
  0
VERTEX
  8
0
 10
559.514919
 20
229.919417
 42
0.021590
  0
VERTEX
  8
0
 10
557.823324
 20
229.984687
 42
0.010642
  0
VERTEX
  8
0
 10
556.173232
 20
229.941956
 42
0.114111
  0
VERTEX
  8
0
 10
555.533091
 20
229.761748
 42
0.471129
  0
VERTEX
  8
0
 10
555.474515
 20
229.454812
 42
0.074612
  0
SEQEND
  0
POLYLINE
  8
0
 66
1
 70
1
  0
VERTEX
  8
0
 10
622.000000
 20
228.500000
 42
0.024748
  0
VERTEX
  8
0
 10
622.028469
 20
227.925176
 42
0.039339
  0
VERTEX
  8
0
 10
622.115447
 20
227.440625
 42
0.046727
  0
VERTEX
  8
0
 10
622.241071
 20
227.096084
 42
0.289661
  0
VERTEX
  8
0
 10
622.393011
 20
227.000000
 42
0.222225
  0
VERTEX
  8
0
 10
622.579329
 20
227.087111
 42
0.030693
  0
VERTEX
  8
0
 10
622.839659
 20
227.440625
 42
0.030395
  0
VERTEX
  8
0
 10
623.112506
 20
227.925442
 42
0.021360
  0
VERTEX
  8
0
 10
623.361626
 20
228.500000
 42
0.055937
  0
VERTEX
  8
0
 10
623.511135
 20
229.074366
 42
0.100118
  0
VERTEX
  8
0
 10
623.483616
 20
229.559375
 42
0.147206
  0
VERTEX
  8
0
 10
623.289193
 20
229.877514
 42
0.184534
  0
VERTEX
  8
0
 10
622.968615
 20
230.000000
 42
0.152681
  0
VERTEX
  8
0
 10
622.599211
 20
229.884506
 42
0.098158
  0
VERTEX
  8
0
 10
622.284531
 20
229.559375
 42
0.080880
  0
VERTEX
  8
0
 10
622.072230
 20
229.073532
 42
0.062722
  0
SEQEND
  0
POLYLINE
  8
0
 66
1
 70
1
  0
VERTEX
  8
0
 10
342.078947
 20
226.416667
 42
0.018894
  0
VERTEX
  8
0
 10
342.137993
 20
225.670344
 42
0.168741
  0
VERTEX
  8
0
 10
342.279315
 20
225.378580
 42
0.470617
  0
VERTEX
  8
0
 10
342.461564
 20
225.395823
 42
0.054073
  0
VERTEX
  8
0
 10
342.683114
 20
225.812500
 42
0.051402
  0
VERTEX
  8
0
 10
342.839148
 20
226.359369
 42
0.054150
  0
VERTEX
  8
0
 10
342.876576
 20
226.916927
 42
0.060344
  0
VERTEX
  8
0
 10
342.797407
 20
227.402231
 42
0.126455
  0
VERTEX
  8
0
 10
342.604167
 20
227.729167
 42
0.296942
  0
VERTEX
  8
0
 10
342.385309
 20
227.775380
 42
0.208169
  0
VERTEX
  8
0
 10
342.200665
 20
227.592839
 42
0.077125
  0
VERTEX
  8
0
 10
342.089945
 20
227.112848
 42
0.028489
  0
SEQEND
  0
POLYLINE
  8
0
 66
1
 70
1
  0
VERTEX
  8
0
 10
5.252183
 20
223.500000
 42
0.008901
  0
VERTEX
  8
0
 10
5.284834
 20
222.071102
 42
0.053901
  0
VERTEX
  8
0
 10
5.394187
 20
221.339362
 42
0.671610
  0
VERTEX
  8
0
 10
5.543410
 20
221.319562
 42
0.082665
  0
VERTEX
  8
0
 10
5.707261
 20
221.761659
 42
0.028254
  0
VERTEX
  8
0
 10
5.840609
 20
222.754739
 42
0.020511
  0
VERTEX
  8
0
 10
5.880728
 20
223.869594
 42
0.020826
  0
VERTEX
  8
0
 10
5.830983
 20
224.934218
 42
0.041951
  0
VERTEX
  8
0
 10
5.687080
 20
225.761659
 42
0.285845
  0
VERTEX
  8
0
 10
5.523779
 20
225.916221
 42
0.417468
  0
VERTEX
  8
0
 10
5.371610
 20
225.814362
 42
0.038992
  0
VERTEX
  8
0
 10
5.273069
 20
224.938425
 42
0.009782
  0
SEQEND
  0
POLYLINE
  8
0
 66
1
 70
1
  0
VERTEX
  8
0
 10
429.750000
 20
226.310674
 42
0.081181
  0
VERTEX
  8
0
 10
428.434081
 20
225.726777
 42
0.281864
  0
VERTEX
  8
0
 10
428.052860
 20
224.920569
 42
0.290346
  0
VERTEX
  8
0
 10
428.599098
 20
224.235226
 42
0.083372
  0
VERTEX
  8
0
 10
430.000000
 20
224.000000
 42
0.072314
  0
VERTEX
  8
0
 10
430.769411
 20
224.111864
 42
0.088920
  0
VERTEX
  8
0
 10
431.416667
 20
224.437500
 42
0.102140
  0
VERTEX
  8
0
 10
431.846791
 20
224.924246
 42
0.130775
  0
VERTEX
  8
0
 10
432.000000
 20
225.500000
 42
0.015718
  0
VERTEX
  8
0
 10
431.982165
 20
226.067214
 42
0.028968
  0
VERTEX
  8
0
 10
431.926562
 20
226.525300
 42
0.033560
  0
VERTEX
  8
0
 10
431.847225
 20
226.841542
 42
0.450277
  0
VERTEX
  8
0
 10
431.750000
 20
226.883999
 42
-0.036526
  0
VERTEX
  8
0
 10
431.578204
 20
226.819055
 42
-0.002306
  0
VERTEX
  8
0
 10
431.059375
 20
226.667734
 42
-0.003384
  0
VERTEX
  8
0
 10
430.438530
 20
226.494300
 42
-0.002507
  0
SEQEND
  0
POLYLINE
  8
0
 66
1
 70
1
  0
VERTEX
  8
0
 10
508.514741
 20
225.177820
 42
0.059133
  0
VERTEX
  8
0
 10
508.360712
 20
224.570233
 42
0.286853
  0
VERTEX
  8
0
 10
508.501973
 20
224.261041
 42
0.205945
  0
VERTEX
  8
0
 10
508.899842
 20
224.189740
 42
0.034394
  0
VERTEX
  8
0
 10
509.658710
 20
224.422529
 42
-0.077489
  0
VERTEX
  8
0
 10
510.365791
 20
224.574524
 42
-0.077044
  0
VERTEX
  8
0
 10
511.087055
 20
224.504551
 42
-0.081902
  0
VERTEX
  8
0
 10
511.715376
 20
224.228518
 42
-0.107412
  0
VERTEX
  8
0
 10
512.154738
 20
223.783870
 42
0.058088
  0
VERTEX
  8
0
 10
512.524291
 20
223.328236
 42
0.423194
  0
VERTEX
  8
0
 10
512.777088
 20
223.335162
 42
0.167425
  0
VERTEX
  8
0
 10
512.942754
 20
223.715333
 42
0.018048
  0
VERTEX
  8
0
 10
512.984687
 20
224.687851
 42
0.054941
  0
VERTEX
  8
0
 10
512.881084
 20
225.692384
 42
0.139063
  0
VERTEX
  8
0
 10
512.539399
 20
226.334683
 42
0.151714
  0
VERTEX
  8
0
 10
511.934228
 20
226.668766
 42
0.069730
  0
VERTEX
  8
0
 10
511.026082
 20
226.727012
 42
0.062485
  0
VERTEX
  8
0
 10
510.231237
 20
226.565893
 42
0.057046
  0
VERTEX
  8
0
 10
509.474135
 20
226.210602
 42
0.060747
  0
VERTEX
  8
0
 10
508.865984
 20
225.724738
 42
0.102598
  0
SEQEND
  0
POLYLINE
  8
0
 66
1
 70
1
  0
VERTEX
  8
0
 10
84.345077
 20
224.456872
 42
0.045168
  0
VERTEX
  8
0
 10
84.164704
 20
223.820352
 42
0.050128
  0
VERTEX
  8
0
 10
84.110032
 20
223.183873
 42
0.056457
  0
VERTEX
  8
0
 10
84.179658
 20
222.639794
 42
0.137182
  0
VERTEX
  8
0
 10
84.376461
 20
222.290205
 42
0.244957
  0
VERTEX
  8
0
 10
84.610565
 20
222.216518
 42
0.226176
  0
VERTEX
  8
0
 10
84.816836
 20
222.363894
 42
0.092703
  0
VERTEX
  8
0
 10
84.957132
 20
222.786296
 42
0.033963
  0
VERTEX
  8
0
 10
85.000000
 20
223.416667
 42
-0.071271
  0
VERTEX
  8
0
 10
85.092056
 20
224.059202
 42
-0.121696
  0
VERTEX
  8
0
 10
85.363095
 20
224.525198
 42
-0.153176
  0
VERTEX
  8
0
 10
85.769861
 20
224.746255
 42
-0.137164
  0
VERTEX
  8
0
 10
86.250000
 20
224.708333
 42
-0.088053
  0
VERTEX
  8
0
 10
86.706619
 20
224.442570
 42
-0.084265
  0
VERTEX
  8
0
 10
87.052097
 20
224.032332
 42
-0.086965
  0
VERTEX
  8
0
 10
87.235184
 20
223.543381
 42
-0.102864
  0
VERTEX
  8
0
 10
87.225223
 20
223.050670
 42
0.076776
  0
VERTEX
  8
0
 10
87.195490
 20
222.638258
 42
0.213940
  0
VERTEX
  8
0
 10
87.332191
 20
222.389689
 42
0.221937
  0
VERTEX
  8
0
 10
87.603849
 20
222.331880
 42
0.081795
  0
VERTEX
  8
0
 10
87.975223
 20
222.484687
 42
0.086478
  0
VERTEX
  8
0
 10
88.367507
 20
222.833003
 42
0.053378
  0
VERTEX
  8
0
 10
88.698972
 20
223.355277
 42
0.051577
  0
VERTEX
  8
0
 10
88.924006
 20
223.960843
 42
0.063267
  0
VERTEX
  8
0
 10
89.000000
 20
224.559017
 42
0.265468
  0
VERTEX
  8
0
 10
88.415558
 20
225.582219
 42
0.139598
  0
VERTEX
  8
0
 10
86.953121
 20
225.964162
 42
0.116103
  0
VERTEX
  8
0
 10
85.305782
 20
225.538062
 42
0.181997
  0
SEQEND
  0
POLYLINE
  8
0
 66
1
 70
1
  0
VERTEX
  8
0
 10
294.684149
 20
225.250000
 42
0.130202
  0
VERTEX
  8
0
 10
294.569653
 20
224.828976
 42
0.035157
  0
VERTEX
  8
0
 10
294.614064
 20
224.132812
 42
0.033107
  0
VERTEX
  8
0
 10
294.778841
 20
223.320693
 42
0.029036
  0
VERTEX
  8
0
 10
295.054847
 20
222.500000
 42
0.012116
  0
VERTEX
  8
0
 10
295.653701
 20
221.109665
 42
0.508794
  0
VERTEX
  8
0
 10
295.926754
 20
221.054729
 42
0.177123
  0
VERTEX
  8
0
 10
296.145324
 20
221.477230
 42
0.004086
  0
VERTEX
  8
0
 10
296.416214
 20
223.750000
 42
0.059346
  0
VERTEX
  8
0
 10
296.405239
 20
225.105999
 42
0.184665
  0
VERTEX
  8
0
 10
295.981041
 20
225.897735
 42
0.332226
  0
VERTEX
  8
0
 10
295.347315
 20
225.943578
 42
0.119826
  0
SEQEND
  0
POLYLINE
  8
0
 66
1
 70
1
  0
VERTEX
  8
0
 10
376.000000
 20
223.547717
 42
-0.084363
  0
VERTEX
  8
0
 10
375.763454
 20
222.155744
 42
-0.205024
  0
VERTEX
  8
0
 10
375.074273
 20
221.402626
 42
-0.083695
  0
VERTEX
  8
0
 10
373.581679
 20
221.008350
 42
-0.007701
  0
VERTEX
  8
0
 10
369.750000
 20
220.717142
 42
0.000922
  0
VERTEX
  8
0
 10
366.300440
 20
220.501967
 42
0.886402
  0
VERTEX
  8
0
 10
366.296361
 20
220.429405
 42
0.046246
  0
VERTEX
  8
0
 10
366.912133
 20
220.377546
 42
0.000442
  0
VERTEX
  8
0
 10
371.419746
 20
220.419425
 42
0.009568
  0
VERTEX
  8
0
 10
375.057812
 20
220.526081
 42
0.028344
  0
VERTEX
  8
0
 10
377.541054
 20
220.788075
 42
0.039171
  0
VERTEX
  8
0
 10
379.167875
 20
221.186341
 42
0.237526
  0
VERTEX
  8
0
 10
379.763496
 20
221.781250
 42
0.098135
  0
VERTEX
  8
0
 10
379.821668
 20
222.248194
 42
0.169577
  0
VERTEX
  8
0
 10
379.668222
 20
222.603516
 42
0.166323
  0
VERTEX
  8
0
 10
379.323999
 20
222.790472
 42
0.093836
  0
VERTEX
  8
0
 10
378.843750
 20
222.781250
 42
-0.121794
  0
VERTEX
  8
0
 10
378.328538
 20
222.799842
 42
-0.169526
  0
VERTEX
  8
0
 10
377.954459
 20
223.063708
 42
-0.132925
  0
VERTEX
  8
0
 10
377.768319
 20
223.563819
 42
-0.064682
  0
VERTEX
  8
0
 10
377.793837
 20
224.250000
 42
0.056917
  0
VERTEX
  8
0
 10
377.829119
 20
224.919590
 42
0.086169
  0
VERTEX
  8
0
 10
377.694732
 20
225.485938
 42
0.115289
  0
VERTEX
  8
0
 10
377.417969
 20
225.861993
 42
0.178556
  0
VERTEX
  8
0
 10
377.043837
 20
226.000000
 42
0.216585
  0
VERTEX
  8
0
 10
376.644486
 20
225.818499
 42
0.078964
  0
VERTEX
  8
0
 10
376.306627
 20
225.279642
 42
0.060047
  0
VERTEX
  8
0
 10
376.076471
 20
224.486658
 42
0.040655
  0
SEQEND
  0
POLYLINE
  8
0
 66
1
 70
1
  0
VERTEX
  8
0
 10
163.299664
 20
219.000000
 42
0.006336
  0
VERTEX
  8
0
 10
163.324637
 20
217.029380
 42
0.031260
  0
VERTEX
  8
0
 10
163.422038
 20
215.923438
 42
0.664672
  0
VERTEX
  8
0
 10
163.564074
 20
215.887591
 42
0.124239
  0
VERTEX
  8
0
 10
163.716254
 20
216.250000
 42
0.023547
  0
VERTEX
  8
0
 10
163.846019
 20
217.502218
 42
0.014044
  0
VERTEX
  8
0
 10
163.888098
 20
219.000000
 42
0.014044
  0
VERTEX
  8
0
 10
163.846019
 20
220.497782
 42
0.023547
  0
VERTEX
  8
0
 10
163.716254
 20
221.750000
 42
0.124239
  0
VERTEX
  8
0
 10
163.564074
 20
222.112409
 42
0.664672
  0
VERTEX
  8
0
 10
163.422038
 20
222.076562
 42
0.031260
  0
VERTEX
  8
0
 10
163.324637
 20
220.970620
 42
0.006336
  0
SEQEND
  0
POLYLINE
  8
0
 66
1
 70
1
  0
VERTEX
  8
0
 10
170.000000
 20
223.000000
 42
0.000000
  0
VERTEX
  8
0
 10
164.500000
 20
222.325993
 42
0.000000
  0
VERTEX
  8
0
 10
170.809017
 20
222.162997
 42
0.011176
  0
VERTEX
  8
0
 10
173.458489
 20
222.153782
 42
0.031799
  0
VERTEX
  8
0
 10
175.297091
 20
222.305722
 42
0.056227
  0
VERTEX
  8
0
 10
176.361658
 20
222.587055
 42
0.468849
  0
VERTEX
  8
0
 10
176.500000
 20
223.000000
 42
0.019925
  0
VERTEX
  8
0
 10
176.249297
 20
223.371677
 42
0.033797
  0
VERTEX
  8
0
 10
176.007412
 20
223.658370
 42
0.038582
  0
VERTEX
  8
0
 10
175.802231
 20
223.840250
 42
0.352232
  0
VERTEX
  8
0
 10
175.690983
 20
223.837003
 42
-0.140041
  0
VERTEX
  8
0
 10
175.521377
 20
223.759582
 42
-0.000982
  0
VERTEX
  8
0
 10
173.940476
 20
223.523898
 42
-0.003685
  0
VERTEX
  8
0
 10
172.122033
 20
223.270125
 42
-0.002338
  0
SEQEND
  0
POLYLINE
  8
0
 66
1
 70
1
  0
VERTEX
  8
0
 10
483.000000
 20
222.940983
 42
0.108972
  0
VERTEX
  8
0
 10
483.078288
 20
222.586039
 42
0.182303
  0
VERTEX
  8
0
 10
483.293750
 20
222.374600
 42
0.161196
  0
VERTEX
  8
0
 10
483.617900
 20
222.343488
 42
0.082592
  0
VERTEX
  8
0
 10
484.000000
 20
222.500000
 42
0.029505
  0
VERTEX
  8
0
 10
484.382774
 20
222.768994
 42
0.035638
  0
VERTEX
  8
0
 10
484.706250
 20
223.066025
 42
0.038439
  0
VERTEX
  8
0
 10
484.934461
 20
223.348290
 42
0.151918
  0
VERTEX
  8
0
 10
485.000000
 20
223.559017
 42
0.210953
  0
VERTEX
  8
0
 10
484.925540
 20
223.727648
 42
0.081139
  0
VERTEX
  8
0
 10
484.706250
 20
223.870461
 42
0.061769
  0
VERTEX
  8
0
 10
484.382849
 20
223.967655
 42
0.042167
  0
VERTEX
  8
0
 10
484.000000
 20
224.000000
 42
0.105053
  0
VERTEX
  8
0
 10
483.618444
 20
223.918938
 42
0.099167
  0
VERTEX
  8
0
 10
483.293750
 20
223.688914
 42
0.096420
  0
VERTEX
  8
0
 10
483.076123
 20
223.345238
 42
0.093332
  0
SEQEND
  0
POLYLINE
  8
0
 66
1
 70
1
  0
VERTEX
  8
0
 10
491.000000
 20
223.000000
 42
0.000000
  0
VERTEX
  8
0
 10
485.500000
 20
222.325993
 42
0.000000
  0
VERTEX
  8
0
 10
491.250000
 20
222.162997
 42
0.015421
  0
VERTEX
  8
0
 10
493.509441
 20
222.168643
 42
0.027810
  0
VERTEX
  8
0
 10
495.353249
 20
222.333072
 42
0.028338
  0
VERTEX
  8
0
 10
496.697396
 20
222.607239
 42
0.340550
  0
VERTEX
  8
0
 10
497.000000
 20
223.000000
 42
0.023722
  0
VERTEX
  8
0
 10
496.982322
 20
223.372389
 42
0.048883
  0
VERTEX
  8
0
 10
496.926562
 20
223.658370
 42
0.088225
  0
VERTEX
  8
0
 10
496.845151
 20
223.820141
 42
0.395455
  0
VERTEX
  8
0
 10
496.750000
 20
223.837003
 42
-0.107652
  0
VERTEX
  8
0
 10
496.542097
 20
223.757965
 42
-0.001066
  0
VERTEX
  8
0
 10
494.957812
 20
223.523898
 42
-0.003438
  0
VERTEX
  8
0
 10
493.126132
 20
223.270116
 42
-0.002215
  0
SEQEND
  0
POLYLINE
  8
0
 66
1
 70
1
  0
VERTEX
  8
0
 10
555.000000
 20
218.930449
 42
0.009195
  0
VERTEX
  8
0
 10
555.056276
 20
215.870515
 42
0.101748
  0
VERTEX
  8
0
 10
555.345198
 20
214.687702
 42
0.245110
  0
VERTEX
  8
0
 10
555.994219
 20
214.196686
 42
0.077157
  0
VERTEX
  8
0
 10
557.250000
 20
214.180449
 42
0.079137
  0
VERTEX
  8
0
 10
558.392711
 20
214.532710
 42
0.140425
  0
VERTEX
  8
0
 10
559.117524
 20
215.189225
 42
0.094812
  0
VERTEX
  8
0
 10
559.555113
 20
216.328510
 42
0.023864
  0
VERTEX
  8
0
 10
559.813853
 20
218.308500
 42
0.014579
  0
VERTEX
  8
0
 10
559.924445
 20
220.390550
 42
0.107613
  0
VERTEX
  8
0
 10
559.737228
 20
221.361447
 42
0.239872
  0
VERTEX
  8
0
 10
559.231801
 20
221.782909
 42
0.098486
  0
VERTEX
  8
0
 10
558.313853
 20
221.808500
 42
-0.061332
  0
VERTEX
  8
0
 10
557.619566
 20
221.776570
 42
-0.116869
  0
VERTEX
  8
0
 10
557.090209
 20
221.945691
 42
-0.160283
  0
VERTEX
  8
0
 10
556.795363
 20
222.288018
 42
-0.148719
  0
VERTEX
  8
0
 10
556.750000
 20
222.750000
 42
0.077768
  0
VERTEX
  8
0
 10
556.770151
 20
223.227545
 42
0.107250
  0
VERTEX
  8
0
 10
556.632812
 20
223.632812
 42
0.125576
  0
VERTEX
  8
0
 10
556.361134
 20
223.901861
 42
0.133456
  0
VERTEX
  8
0
 10
556.000000
 20
224.000000
 42
0.323915
  0
VERTEX
  8
0
 10
555.610008
 20
223.717737
 42
0.030770
  0
VERTEX
  8
0
 10
555.293750
 20
222.510819
 42
0.030130
  0
VERTEX
  8
0
 10
555.072196
 20
220.873682
 42
0.018570
  0
SEQEND
  0
POLYLINE
  8
0
 66
1
 70
1
  0
VERTEX
  8
0
 10
20.000000
 20
221.833333
 42
0.144833
  0
VERTEX
  8
0
 10
20.087894
 20
221.536266
 42
0.052565
  0
VERTEX
  8
0
 10
20.367188
 20
221.191146
 42
0.046639
  0
VERTEX
  8
0
 10
20.771709
 20
220.855790
 42
0.040609
  0
VERTEX
  8
0
 10
21.250000
 20
220.583333
 42
-0.029131
  0
VERTEX
  8
0
 10
21.857470
 20
220.255505
 42
-0.260055
  0
VERTEX
  8
0
 10
22.000000
 20
220.000000
 42
-0.260055
  0
VERTEX
  8
0
 10
21.857470
 20
219.744495
 42
-0.029131
  0
VERTEX
  8
0
 10
21.250000
 20
219.416667
 42
0.180408
  0
VERTEX
  8
0
 10
20.265572
 20
218.415948
 42
0.133584
  0
VERTEX
  8
0
 10
20.024435
 20
216.868838
 42
0.145089
  0
VERTEX
  8
0
 10
20.601153
 20
215.501507
 42
0.214017
  0
VERTEX
  8
0
 10
21.750000
 20
214.929715
 42
-0.011173
  0
VERTEX
  8
0
 10
22.721577
 20
214.868926
 42
-0.467319
  0
VERTEX
  8
0
 10
22.827495
 20
214.717909
 42
-0.223503
  0
VERTEX
  8
0
 10
22.652006
 20
214.510599
 42
-0.005675
  0
VERTEX
  8
0
 10
21.500000
 20
214.000000
 42
0.007086
  0
VERTEX
  8
0
 10
20.414842
 20
213.515361
 42
0.206801
  0
VERTEX
  8
0
 10
20.217153
 20
213.293900
 42
0.479221
  0
VERTEX
  8
0
 10
20.320418
 20
213.133810
 42
0.015651
  0
VERTEX
  8
0
 10
21.190983
 20
213.070285
 42
0.104722
  0
VERTEX
  8
0
 10
22.594779
 20
213.307128
 42
0.173407
  0
VERTEX
  8
0
 10
23.488661
 20
214.089896
 42
0.184263
  0
VERTEX
  8
0
 10
23.652550
 20
215.222242
 42
0.118556
  0
VERTEX
  8
0
 10
23.060567
 20
216.427022
 42
-0.046414
  0
VERTEX
  8
0
 10
22.594947
 20
217.107670
 42
-0.181715
  0
VERTEX
  8
0
 10
22.521284
 20
217.602792
 42
-0.195840
  0
VERTEX
  8
0
 10
22.792397
 20
218.000272
 42
-0.054806
  0
VERTEX
  8
0
 10
23.474477
 20
218.351832
 42
0.153132
  0
VERTEX
  8
0
 10
24.757303
 20
219.368807
 42
0.209829
  0
VERTEX
  8
0
 10
25.021965
 20
220.799477
 42
0.197567
  0
VERTEX
  8
0
 10
24.143718
 20
222.027481
 42
0.140882
  0
VERTEX
  8
0
 10
22.500000
 20
222.500000
 42
0.025195
  0
VERTEX
  8
0
 10
21.541979
 20
222.451694
 42
0.039982
  0
VERTEX
  8
0
 10
20.734375
 20
222.304167
 42
0.047842
  0
VERTEX
  8
0
 10
20.161324
 20
222.090942
 42
0.287276
  0
SEQEND
  0
POLYLINE
  8
0
 66
1
 70
1
  0
VERTEX
  8
0
 10
39.283333
 20
221.888241
 42
-0.142596
  0
VERTEX
  8
0
 10
38.689658
 20
221.564706
 42
-0.012145
  0
VERTEX
  8
0
 10
36.967604
 20
221.231017
 42
-0.015305
  0
VERTEX
  8
0
 10
34.855263
 20
220.940868
 42
-0.011251
  0
VERTEX
  8
0
 10
32.500000
 20
220.743992
 42
0.001452
  0
VERTEX
  8
0
 10
28.915742
 20
220.515006
 42
0.856528
  0
VERTEX
  8
0
 10
28.906351
 20
220.408014
 42
0.054231
  0
VERTEX
  8
0
 10
29.619788
 20
220.312241
 42
0.000543
  0
VERTEX
  8
0
 10
34.750000
 20
220.189084
 42
0.007189
  0
VERTEX
  8
0
 10
38.861185
 20
220.153985
 42
0.033006
  0
VERTEX
  8
0
 10
41.238578
 20
220.325045
 42
0.065800
  0
VERTEX
  8
0
 10
42.576642
 20
220.694254
 42
0.301180
  0
VERTEX
  8
0
 10
43.000000
 20
221.333333
 42
0.219823
  0
VERTEX
  8
0
 10
42.612338
 20
222.172486
 42
0.140173
  0
VERTEX
  8
0
 10
41.616452
 20
222.625296
 42
0.112721
  0
VERTEX
  8
0
 10
40.347442
 20
222.528298
 42
0.120953
  0
SEQEND
  0
POLYLINE
  8
0
 66
1
 70
1
  0
VERTEX
  8
0
 10
180.250000
 20
222.283746
 42
0.023547
  0
VERTEX
  8
0
 10
181.502218
 20
222.153981
 42
0.014044
  0
VERTEX
  8
0
 10
183.000000
 20
222.111902
 42
0.014044
  0
VERTEX
  8
0
 10
184.497782
 20
222.153981
 42
0.023547
  0
VERTEX
  8
0
 10
185.750000
 20
222.283746
 42
0.124239
  0
VERTEX
  8
0
 10
186.112409
 20
222.435926
 42
0.664672
  0
VERTEX
  8
0
 10
186.076562
 20
222.577962
 42
0.031260
  0
VERTEX
  8
0
 10
184.970620
 20
222.675363
 42
0.006336
  0
VERTEX
  8
0
 10
183.000000
 20
222.700336
 42
0.006336
  0
VERTEX
  8
0
 10
181.029380
 20
222.675363
 42
0.031260
  0
VERTEX
  8
0
 10
179.923438
 20
222.577962
 42
0.664672
  0
VERTEX
  8
0
 10
179.887591
 20
222.435926
 42
0.124239
  0
SEQEND
  0
POLYLINE
  8
0
 66
1
 70
1
  0
VERTEX
  8
0
 10
342.078947
 20
221.416667
 42
0.018894
  0
VERTEX
  8
0
 10
342.137993
 20
220.670344
 42
0.168741
  0
VERTEX
  8
0
 10
342.279315
 20
220.378580
 42
0.470617
  0
VERTEX
  8
0
 10
342.461564
 20
220.395823
 42
0.054073
  0
VERTEX
  8
0
 10
342.683114
 20
220.812500
 42
0.051402
  0
VERTEX
  8
0
 10
342.839148
 20
221.359369
 42
0.054150
  0
VERTEX
  8
0
 10
342.876576
 20
221.916927
 42
0.060344
  0
VERTEX
  8
0
 10
342.797407
 20
222.402231
 42
0.126455
  0
VERTEX
  8
0
 10
342.604167
 20
222.729167
 42
0.296942
  0
VERTEX
  8
0
 10
342.385309
 20
222.775380
 42
0.208169
  0
VERTEX
  8
0
 10
342.200665
 20
222.592839
 42
0.077125
  0
VERTEX
  8
0
 10
342.089945
 20
222.112848
 42
0.028489
  0
SEQEND
  0
POLYLINE
  8
0
 66
1
 70
1
  0
VERTEX
  8
0
 10
222.000000
 20
221.000000
 42
0.099038
  0
VERTEX
  8
0
 10
222.076342
 20
220.618362
 42
0.097945
  0
VERTEX
  8
0
 10
222.293750
 20
220.293750
 42
0.097945
  0
VERTEX
  8
0
 10
222.618362
 20
220.076342
 42
0.099038
  0
VERTEX
  8
0
 10
223.000000
 20
220.000000
 42
0.099038
  0
VERTEX
  8
0
 10
223.381638
 20
220.076342
 42
0.097945
  0
VERTEX
  8
0
 10
223.706250
 20
220.293750
 42
0.097945
  0
VERTEX
  8
0
 10
223.923658
 20
220.618362
 42
0.099038
  0
VERTEX
  8
0
 10
224.000000
 20
221.000000
 42
0.099038
  0
VERTEX
  8
0
 10
223.923658
 20
221.381638
 42
0.097945
  0
VERTEX
  8
0
 10
223.706250
 20
221.706250
 42
0.097945
  0
VERTEX
  8
0
 10
223.381638
 20
221.923658
 42
0.099038
  0
VERTEX
  8
0
 10
223.000000
 20
222.000000
 42
0.099038
  0
VERTEX
  8
0
 10
222.618362
 20
221.923658
 42
0.097945
  0
VERTEX
  8
0
 10
222.293750
 20
221.706250
 42
0.097945
  0
VERTEX
  8
0
 10
222.076342
 20
221.381638
 42
0.099038
  0
SEQEND
  0
POLYLINE
  8
0
 66
1
 70
1
  0
VERTEX
  8
0
 10
428.000000
 20
220.860520
 42
0.191176
  0
VERTEX
  8
0
 10
428.121513
 20
220.554332
 42
0.056414
  0
VERTEX
  8
0
 10
428.514063
 20
220.222010
 42
0.047693
  0
VERTEX
  8
0
 10
429.080094
 20
219.916831
 42
0.035904
  0
VERTEX
  8
0
 10
429.750000
 20
219.689326
 42
-0.001923
  0
VERTEX
  8
0
 10
430.926177
 20
219.377121
 42
-0.339035
  0
VERTEX
  8
0
 10
431.000000
 20
219.280763
 42
-0.392517
  0
VERTEX
  8
0
 10
430.923939
 20
219.198801
 42
-0.002113
  0
VERTEX
  8
0
 10
429.750000
 20
219.116001
 42
0.058744
  0
VERTEX
  8
0
 10
429.080768
 20
218.991771
 42
0.074140
  0
VERTEX
  8
0
 10
428.514063
 20
218.718786
 42
0.089648
  0
VERTEX
  8
0
 10
428.133207
 20
218.345224
 42
0.155292
  0
VERTEX
  8
0
 10
428.000000
 20
217.926676
 42
0.328498
  0
VERTEX
  8
0
 10
428.569900
 20
217.152849
 42
0.186424
  0
VERTEX
  8
0
 10
429.789198
 20
217.235142
 42
0.106827
  0
VERTEX
  8
0
 10
431.167284
 20
218.280277
 42
0.142728
  0
VERTEX
  8
0
 10
431.812019
 20
219.702739
 42
0.045969
  0
VERTEX
  8
0
 10
431.865579
 20
220.770040
 42
0.169203
  0
VERTEX
  8
0
 10
431.620460
 20
221.389190
 42
0.181300
  0
VERTEX
  8
0
 10
431.057127
 20
221.696864
 42
0.054147
  0
VERTEX
  8
0
 10
430.062019
 20
221.729719
 42
0.032598
  0
VERTEX
  8
0
 10
429.272264
 20
221.618135
 42
0.048386
  0
VERTEX
  8
0
 10
428.605718
 20
221.410319
 42
0.060409
  0
VERTEX
  8
0
 10
428.143186
 20
221.145738
 42
0.236922
  0
SEQEND
  0
POLYLINE
  8
0
 66
1
 70
1
  0
VERTEX
  8
0
 10
508.666667
 20
221.333333
 42
0.089554
  0
VERTEX
  8
0
 10
508.123843
 20
220.551296
 42
0.151462
  0
VERTEX
  8
0
 10
508.023293
 20
219.766919
 42
0.301830
  0
VERTEX
  8
0
 10
508.379265
 20
219.391949
 42
0.197169
  0
VERTEX
  8
0
 10
508.988546
 20
219.492921
 42
-0.114400
  0
VERTEX
  8
0
 10
509.325929
 20
219.606889
 42
-0.329480
  0
VERTEX
  8
0
 10
509.525685
 20
219.487528
 42
-0.155351
  0
VERTEX
  8
0
 10
509.556862
 20
219.131719
 42
-0.036408
  0
VERTEX
  8
0
 10
509.381557
 20
218.551938
 42
0.071299
  0
VERTEX
  8
0
 10
509.229061
 20
217.882736
 42
0.169946
  0
VERTEX
  8
0
 10
509.355948
 20
217.395938
 42
0.172625
  0
VERTEX
  8
0
 10
509.756584
 20
217.099351
 42
0.073979
  0
VERTEX
  8
0
 10
510.424396
 20
217.000000
 42
0.161751
  0
VERTEX
  8
0
 10
511.766752
 20
217.445921
 42
0.146966
  0
VERTEX
  8
0
 10
512.638349
 20
218.622682
 42
0.156799
  0
VERTEX
  8
0
 10
512.686922
 20
220.026032
 42
0.184517
  0
VERTEX
  8
0
 10
511.895717
 20
221.085612
 42
0.026210
  0
VERTEX
  8
0
 10
510.764092
 20
221.721665
 42
0.096066
  0
VERTEX
  8
0
 10
509.974911
 20
221.938472
 42
0.137456
  0
VERTEX
  8
0
 10
509.321333
 20
221.808274
 42
0.079055
  0
SEQEND
  0
POLYLINE
  8
0
 66
1
 70
1
  0
VERTEX
  8
0
 10
218.000000
 20
220.000000
 42
0.029717
  0
VERTEX
  8
0
 10
217.486955
 20
219.623449
 42
0.104714
  0
VERTEX
  8
0
 10
217.234375
 20
219.304349
 42
0.316488
  0
VERTEX
  8
0
 10
217.266010
 20
219.098015
 42
0.194421
  0
VERTEX
  8
0
 10
217.500000
 20
218.993077
 42
-0.103711
  0
VERTEX
  8
0
 10
218.037299
 20
218.859188
 42
-0.019261
  0
VERTEX
  8
0
 10
218.940625
 20
218.378043
 42
-0.019908
  0
VERTEX
  8
0
 10
219.969531
 20
217.721818
 42
-0.017009
  0
VERTEX
  8
0
 10
221.000000
 20
216.952073
 42
0.000000
  0
VERTEX
  8
0
 10
223.500000
 20
214.948619
 42
0.000000
  0
VERTEX
  8
0
 10
220.885535
 20
215.548700
 42
0.037206
  0
VERTEX
  8
0
 10
219.623531
 20
215.741032
 42
0.098594
  0
VERTEX
  8
0
 10
218.721430
 20
215.632538
 42
0.130698
  0
VERTEX
  8
0
 10
218.082376
 20
215.217341
 42
0.092335
  0
VERTEX
  8
0
 10
217.632291
 20
214.484149
 42
0.039930
  0
VERTEX
  8
0
 10
217.426277
 20
213.785092
 42
0.039826
  0
VERTEX
  8
0
 10
217.333772
 20
213.061558
 42
0.042822
  0
VERTEX
  8
0
 10
217.358246
 20
212.418486
 42
0.107902
  0
VERTEX
  8
0
 10
217.513068
 20
211.978856
 42
-0.108932
  0
VERTEX
  8
0
 10
217.640571
 20
211.614433
 42
-0.099761
  0
VERTEX
  8
0
 10
217.609040
 20
211.217675
 42
-0.095338
  0
VERTEX
  8
0
 10
217.422885
 20
210.849630
 42
-0.089954
  0
VERTEX
  8
0
 10
217.110192
 20
210.568102
 42
0.255941
  0
VERTEX
  8
0
 10
216.583953
 20
209.640630
 42
0.058995
  0
VERTEX
  8
0
 10
216.775213
 20
207.788154
 42
0.057329
  0
VERTEX
  8
0
 10
217.434815
 20
205.895030
 42
0.132504
  0
VERTEX
  8
0
 10
218.412284
 20
204.765313
 42
-0.029473
  0
VERTEX
  8
0
 10
218.856308
 20
204.425671
 42
-0.274601
  0
VERTEX
  8
0
 10
218.929779
 20
204.206097
 42
-0.311475
  0
VERTEX
  8
0
 10
218.771696
 20
204.057702
 42
-0.034426
  0
VERTEX
  8
0
 10
218.250000
 20
204.015313
 42
0.188222
  0
VERTEX
  8
0
 10
217.772603
 20
203.822228
 42
0.087513
  0
VERTEX
  8
0
 10
217.367188
 20
203.277467
 42
0.067953
  0
VERTEX
  8
0
 10
217.092180
 20
202.473283
 42
0.048489
  0
VERTEX
  8
0
 10
217.000000
 20
201.525000
 42
0.039041
  0
VERTEX
  8
0
 10
217.109053
 20
200.130490
 42
0.227757
  0
VERTEX
  8
0
 10
217.515794
 20
199.540979
 42
0.160371
  0
VERTEX
  8
0
 10
218.335011
 20
199.374121
 42
0.017751
  0
VERTEX
  8
0
 10
220.250000
 20
199.668640
 42
0.010175
  0
VERTEX
  8
0
 10
223.130018
 20
200.277828
 42
0.238481
  0
VERTEX
  8
0
 10
223.750777
 20
200.797528
 42
0.300994
  0
VERTEX
  8
0
 10
223.619940
 20
201.519931
 42
0.014871
  0
VERTEX
  8
0
 10
221.809507
 20
203.300739
 42
-0.066820
  0
VERTEX
  8
0
 10
219.902885
 20
205.611113
 42
-0.078221
  0
VERTEX
  8
0
 10
218.796150
 20
208.226026
 42
-0.129937
  0
VERTEX
  8
0
 10
218.824068
 20
210.195929
 42
-0.335099
  0
VERTEX
  8
0
 10
219.888672
 20
211.007802
 42
0.206480
  0
VERTEX
  8
0
 10
221.120823
 20
211.546382
 42
0.048297
  0
VERTEX
  8
0
 10
222.524885
 20
213.374442
 42
0.048645
  0
VERTEX
  8
0
 10
223.635919
 20
215.610023
 42
0.091255
  0
VERTEX
  8
0
 10
224.000000
 20
217.588253
 42
0.150518
  0
VERTEX
  8
0
 10
223.863729
 20
218.030672
 42
0.108554
  0
VERTEX
  8
0
 10
223.485938
 20
218.387556
 42
0.088898
  0
VERTEX
  8
0
 10
222.919023
 20
218.603120
 42
0.066404
  0
VERTEX
  8
0
 10
222.250000
 20
218.638889
 42
-0.070633
  0
VERTEX
  8
0
 10
221.599637
 20
218.679153
 42
-0.109101
  0
VERTEX
  8
0
 10
221.087500
 20
218.907986
 42
-0.137341
  0
VERTEX
  8
0
 10
220.794223
 20
219.285655
 42
-0.147224
  0
VERTEX
  8
0
 10
220.750000
 20
219.750000
 42
0.125498
  0
VERTEX
  8
0
 10
220.707157
 20
220.568489
 42
0.303361
  0
VERTEX
  8
0
 10
220.257810
 20
220.931662
 42
0.136517
  0
VERTEX
  8
0
 10
219.364575
 20
220.768478
 42
0.030430
  0
SEQEND
  0
POLYLINE
  8
0
 66
1
 70
1
  0
VERTEX
  8
0
 10
221.000000
 20
202.500000
 42
-0.064853
  0
VERTEX
  8
0
 10
220.925306
 20
201.926543
 42
-0.082425
  0
VERTEX
  8
0
 10
220.706250
 20
201.440625
 42
-0.098894
  0
VERTEX
  8
0
 10
220.381354
 20
201.115568
 42
-0.148195
  0
VERTEX
  8
0
 10
220.000000
 20
201.000000
 42
-0.148195
  0
VERTEX
  8
0
 10
219.618646
 20
201.115568
 42
-0.098894
  0
VERTEX
  8
0
 10
219.293750
 20
201.440625
 42
-0.082425
  0
VERTEX
  8
0
 10
219.074694
 20
201.926543
 42
-0.064853
  0
VERTEX
  8
0
 10
219.000000
 20
202.500000
 42
-0.064853
  0
VERTEX
  8
0
 10
219.074694
 20
203.073457
 42
-0.082425
  0
VERTEX
  8
0
 10
219.293750
 20
203.559375
 42
-0.098894
  0
VERTEX
  8
0
 10
219.618646
 20
203.884432
 42
-0.148195
  0
VERTEX
  8
0
 10
220.000000
 20
204.000000
 42
-0.148195
  0
VERTEX
  8
0
 10
220.381354
 20
203.884432
 42
-0.098894
  0
VERTEX
  8
0
 10
220.706250
 20
203.559375
 42
-0.082425
  0
VERTEX
  8
0
 10
220.925306
 20
203.073457
 42
-0.064853
  0
SEQEND
  0
POLYLINE
  8
0
 66
1
 70
1
  0
VERTEX
  8
0
 10
291.946118
 20
219.960737
 42
0.063938
  0
VERTEX
  8
0
 10
291.269232
 20
219.408587
 42
0.172654
  0
VERTEX
  8
0
 10
291.021673
 20
218.849590
 42
0.128727
  0
VERTEX
  8
0
 10
291.150192
 20
218.147632
 42
0.029416
  0
VERTEX
  8
0
 10
291.729521
 20
217.076873
 42
-0.036137
  0
VERTEX
  8
0
 10
292.197674
 20
216.183130
 42
-0.081135
  0
VERTEX
  8
0
 10
292.385356
 20
215.443035
 42
-0.120953
  0
VERTEX
  8
0
 10
292.296648
 20
214.872676
 42
-0.156815
  0
VERTEX
  8
0
 10
291.955225
 20
214.472328
 42
0.161454
  0
VERTEX
  8
0
 10
291.600002
 20
214.048081
 42
0.052081
  0
VERTEX
  8
0
 10
291.376136
 20
213.248110
 42
0.045671
  0
VERTEX
  8
0
 10
291.298285
 20
212.245795
 42
0.037507
  0
VERTEX
  8
0
 10
291.393473
 20
211.175967
 42
-0.003392
  0
VERTEX
  8
0
 10
291.568740
 20
210.068342
 42
-0.003344
  0
VERTEX
  8
0
 10
291.729837
 20
208.953138
 42
-0.003286
  0
VERTEX
  8
0
 10
291.858003
 20
207.974360
 42
-0.012802
  0
VERTEX
  8
0
 10
291.917769
 20
207.366631
 42
0.138789
  0
VERTEX
  8
0
 10
292.088565
 20
206.896170
 42
0.064972
  0
VERTEX
  8
0
 10
292.535800
 20
206.419758
 42
0.056972
  0
VERTEX
  8
0
 10
293.171004
 20
206.009564
 42
0.050993
  0
VERTEX
  8
0
 10
293.906231
 20
205.734772
 42
0.095519
  0
VERTEX
  8
0
 10
294.900400
 20
205.669742
 42
0.217306
  0
VERTEX
  8
0
 10
295.526669
 20
206.056385
 42
0.107588
  0
VERTEX
  8
0
 10
295.914386
 20
207.040255
 42
0.016491
  0
VERTEX
  8
0
 10
296.184709
 20
209.139662
 42
0.022342
  0
VERTEX
  8
0
 10
296.263317
 20
210.697954
 42
0.027466
  0
VERTEX
  8
0
 10
296.191718
 20
212.152316
 42
0.027751
  0
VERTEX
  8
0
 10
296.000899
 20
213.337777
 42
0.143552
  0
VERTEX
  8
0
 10
295.685838
 20
213.914162
 42
-0.148291
  0
VERTEX
  8
0
 10
295.424361
 20
214.403247
 42
-0.069140
  0
VERTEX
  8
0
 10
295.381941
 20
215.128017
 42
-0.057987
  0
VERTEX
  8
0
 10
295.550627
 20
215.980093
 42
-0.045058
  0
VERTEX
  8
0
 10
295.920072
 20
216.850653
 42
0.036501
  0
VERTEX
  8
0
 10
296.415322
 20
217.964355
 42
0.144866
  0
VERTEX
  8
0
 10
296.458053
 20
218.703760
 42
0.163659
  0
VERTEX
  8
0
 10
296.092111
 20
219.294716
 42
0.050170
  0
VERTEX
  8
0
 10
295.208831
 20
219.888237
 42
0.056985
  0
VERTEX
  8
0
 10
294.369726
 20
220.221004
 42
0.060445
  0
VERTEX
  8
0
 10
293.493838
 20
220.347081
 42
0.064051
  0
VERTEX
  8
0
 10
292.660522
 20
220.258661
 42
0.080904
  0
SEQEND
  0
POLYLINE
  8
0
 66
1
 70
1
  0
VERTEX
  8
0
 10
294.749864
 20
217.416531
 42
-0.222509
  0
VERTEX
  8
0
 10
293.958406
 20
217.129854
 42
-0.148370
  0
VERTEX
  8
0
 10
293.049532
 20
217.498109
 42
-0.146836
  0
VERTEX
  8
0
 10
292.492512
 20
218.312904
 42
-0.218805
  0
VERTEX
  8
0
 10
292.596556
 20
219.156231
 42
-0.094625
  0
VERTEX
  8
0
 10
292.940704
 20
219.531428
 42
-0.169261
  0
VERTEX
  8
0
 10
293.335356
 20
219.655459
 42
-0.136091
  0
VERTEX
  8
0
 10
293.785686
 20
219.515485
 42
-0.053431
  0
VERTEX
  8
0
 10
294.296201
 20
219.103799
 42
-0.055675
  0
VERTEX
  8
0
 10
294.659942
 20
218.648583
 42
-0.075207
  0
VERTEX
  8
0
 10
294.871032
 20
218.166597
 42
-0.094570
  0
VERTEX
  8
0
 10
294.903147
 20
217.733892
 42
-0.169316
  0
SEQEND
  0
POLYLINE
  8
0
 66
1
 70
1
  0
VERTEX
  8
0
 10
295.000000
 20
212.559017
 42
-0.055887
  0
VERTEX
  8
0
 10
294.933596
 20
211.966781
 42
-0.049696
  0
VERTEX
  8
0
 10
294.737031
 20
211.378799
 42
-0.052635
  0
VERTEX
  8
0
 10
294.447691
 20
210.881687
 42
-0.096533
  0
VERTEX
  8
0
 10
294.104785
 20
210.564761
 42
-0.305994
  0
VERTEX
  8
0
 10
293.370931
 20
210.594365
 42
-0.122354
  0
VERTEX
  8
0
 10
292.696107
 20
211.406879
 42
-0.101767
  0
VERTEX
  8
0
 10
292.406646
 20
212.556057
 42
-0.210351
  0
VERTEX
  8
0
 10
292.735568
 20
213.402234
 42
-0.099868
  0
VERTEX
  8
0
 10
293.520615
 20
213.923695
 42
-0.188100
  0
VERTEX
  8
0
 10
294.270167
 20
213.935230
 42
-0.197274
  0
VERTEX
  8
0
 10
294.804984
 20
213.440964
 42
-0.109240
  0
SEQEND
  0
POLYLINE
  8
0
 66
1
 70
1
  0
VERTEX
  8
0
 10
84.000706
 20
218.281385
 42
0.140276
  0
VERTEX
  8
0
 10
84.120159
 20
217.863068
 42
0.153376
  0
VERTEX
  8
0
 10
84.439801
 20
217.588588
 42
0.121404
  0
VERTEX
  8
0
 10
84.925256
 20
217.508489
 42
0.072202
  0
VERTEX
  8
0
 10
85.500000
 20
217.638374
 42
-0.077710
  0
VERTEX
  8
0
 10
86.131663
 20
217.773866
 42
-0.166138
  0
VERTEX
  8
0
 10
86.606191
 20
217.640962
 42
-0.166102
  0
VERTEX
  8
0
 10
86.900225
 20
217.245425
 42
-0.077669
  0
VERTEX
  8
0
 10
87.000000
 20
216.606989
 42
0.060338
  0
VERTEX
  8
0
 10
87.074430
 20
215.992458
 42
0.079060
  0
VERTEX
  8
0
 10
87.293750
 20
215.472053
 42
0.097154
  0
VERTEX
  8
0
 10
87.618592
 20
215.123597
 42
0.157984
  0
VERTEX
  8
0
 10
88.000000
 20
215.000000
 42
0.219602
  0
VERTEX
  8
0
 10
88.382683
 20
215.176592
 42
0.077773
  0
VERTEX
  8
0
 10
88.706250
 20
215.703300
 42
0.059134
  0
VERTEX
  8
0
 10
88.926785
 20
216.477463
 42
0.039868
  0
VERTEX
  8
0
 10
89.000000
 20
217.394213
 42
0.047095
  0
VERTEX
  8
0
 10
88.885435
 20
218.607827
 42
0.163843
  0
VERTEX
  8
0
 10
88.504086
 20
219.284748
 42
0.156814
  0
VERTEX
  8
0
 10
87.778823
 20
219.610252
 42
0.042126
  0
VERTEX
  8
0
 10
86.500706
 20
219.644213
 42
0.046443
  0
VERTEX
  8
0
 10
85.544167
 20
219.499200
 42
0.064043
  0
VERTEX
  8
0
 10
84.735373
 20
219.184394
 42
0.081355
  0
VERTEX
  8
0
 10
84.187662
 20
218.758038
 42
0.188800
  0
SEQEND
  0
POLYLINE
  8
0
 66
1
 70
1
  0
VERTEX
  8
0
 10
622.002943
 20
218.750000
 42
0.146195
  0
VERTEX
  8
0
 10
622.087172
 20
218.464002
 42
0.099664
  0
VERTEX
  8
0
 10
622.326043
 20
218.220313
 42
0.083475
  0
VERTEX
  8
0
 10
622.684030
 20
218.056068
 42
0.065992
  0
VERTEX
  8
0
 10
623.106989
 20
218.000000
 42
-0.140566
  0
VERTEX
  8
0
 10
623.486104
 20
217.891270
 42
-0.152564
  0
VERTEX
  8
0
 10
623.735568
 20
217.600685
 42
-0.121148
  0
VERTEX
  8
0
 10
623.809112
 20
217.160337
 42
-0.072822
  0
VERTEX
  8
0
 10
623.692338
 20
216.640630
 42
0.334761
  0
VERTEX
  8
0
 10
623.954047
 20
215.729352
 42
0.184003
  0
VERTEX
  8
0
 10
625.129331
 20
215.389959
 42
0.102231
  0
VERTEX
  8
0
 10
626.829061
 20
215.890823
 42
0.130040
  0
VERTEX
  8
0
 10
628.022202
 20
217.000000
 42
0.033497
  0
VERTEX
  8
0
 10
628.839610
 20
218.509670
 42
0.310360
  0
VERTEX
  8
0
 10
628.718691
 20
219.203344
 42
0.192275
  0
VERTEX
  8
0
 10
627.919503
 20
219.556823
 42
0.014493
  0
VERTEX
  8
0
 10
625.502943
 20
219.575026
 42
0.020187
  0
VERTEX
  8
0
 10
624.162401
 20
219.492048
 42
0.032338
  0
VERTEX
  8
0
 10
623.032282
 20
219.301726
 42
0.034390
  0
VERTEX
  8
0
 10
622.206796
 20
219.046149
 42
0.308753
  0
SEQEND
  0
POLYLINE
  8
0
 66
1
 70
1
  0
VERTEX
  8
0
 10
5.002547
 20
207.000000
 42
0.000000
  0
VERTEX
  8
0
 10
5.002547
 20
195.500000
 42
0.000000
  0
VERTEX
  8
0
 10
9.001274
 20
195.480748
 42
0.023258
  0
VERTEX
  8
0
 10
10.670065
 20
195.550364
 42
0.050453
  0
VERTEX
  8
0
 10
11.929039
 20
195.791212
 42
0.076018
  0
VERTEX
  8
0
 10
12.733023
 20
196.171270
 42
0.249350
  0
VERTEX
  8
0
 10
13.000000
 20
196.673330
 42
0.175910
  0
VERTEX
  8
0
 10
12.842498
 20
197.107156
 42
0.121171
  0
VERTEX
  8
0
 10
12.416861
 20
197.419529
 42
0.089343
  0
VERTEX
  8
0
 10
11.770822
 20
197.559753
 42
0.056505
  0
VERTEX
  8
0
 10
11.000000
 20
197.500000
 42
-0.193537
  0
VERTEX
  8
0
 10
9.910530
 20
197.711894
 42
-0.200127
  0
VERTEX
  8
0
 10
9.290604
 20
198.615478
 42
-0.048110
  0
VERTEX
  8
0
 10
9.043425
 20
200.850645
 42
-0.003498
  0
VERTEX
  8
0
 10
9.000000
 20
207.057418
 42
-0.003884
  0
VERTEX
  8
0
 10
9.047350
 20
213.152761
 42
-0.045774
  0
VERTEX
  8
0
 10
9.300289
 20
215.507177
 42
-0.160499
  0
VERTEX
  8
0
 10
9.909908
 20
216.579873
 42
-0.186034
  0
VERTEX
  8
0
 10
11.000000
 20
217.000000
 42
0.036624
  0
VERTEX
  8
0
 10
11.765952
 20
217.056180
 42
0.055244
  0
VERTEX
  8
0
 10
12.412500
 20
217.225968
 42
0.072410
  0
VERTEX
  8
0
 10
12.854971
 20
217.474486
 42
0.232688
  0
VERTEX
  8
0
 10
13.000000
 20
217.769252
 42
0.327729
  0
VERTEX
  8
0
 10
12.780308
 20
218.068426
 42
0.029658
  0
VERTEX
  8
0
 10
11.825374
 20
218.306881
 42
0.029459
  0
VERTEX
  8
0
 10
10.534082
 20
218.471113
 42
0.018107
  0
VERTEX
  8
0
 10
9.001274
 20
218.519252
 42
0.000000
  0
VERTEX
  8
0
 10
5.002547
 20
218.500000
 42
0.000000
  0
SEQEND
  0
POLYLINE
  8
0
 66
1
 70
1
  0
VERTEX
  8
0
 10
170.000000
 20
217.987433
 42
0.000000
  0
VERTEX
  8
0
 10
164.500000
 20
217.433618
 42
0.000000
  0
VERTEX
  8
0
 10
170.346933
 20
216.966809
 42
0.011346
  0
VERTEX
  8
0
 10
172.617885
 20
216.837274
 42
0.017112
  0
VERTEX
  8
0
 10
174.599522
 20
216.837140
 42
0.012018
  0
VERTEX
  8
0
 10
176.205603
 20
216.930700
 42
0.238507
  0
VERTEX
  8
0
 10
176.613245
 20
217.180902
 42
0.349998
  0
VERTEX
  8
0
 10
176.532656
 20
217.841983
 42
0.165174
  0
VERTEX
  8
0
 10
175.707199
 20
218.239453
 42
0.046824
  0
VERTEX
  8
0
 10
173.697231
 20
218.295301
 42
0.008639
  0
SEQEND
  0
POLYLINE
  8
0
 66
1
 70
1
  0
VERTEX
  8
0
 10
478.078947
 20
218.309017
 42
0.142803
  0
VERTEX
  8
0
 10
478.325767
 20
217.192153
 42
0.193197
  0
VERTEX
  8
0
 10
479.116397
 20
216.542380
 42
0.127782
  0
VERTEX
  8
0
 10
480.436099
 20
216.473639
 42
0.052483
  0
VERTEX
  8
0
 10
482.157647
 20
217.019439
 42
0.001426
  0
VERTEX
  8
0
 10
483.781033
 20
217.734180
 42
0.445285
  0
VERTEX
  8
0
 10
483.820353
 20
217.854705
 42
0.304223
  0
VERTEX
  8
0
 10
483.678562
 20
217.924540
 42
0.001153
  0
VERTEX
  8
0
 10
481.784886
 20
217.666720
 42
-0.039705
  0
VERTEX
  8
0
 10
480.712160
 20
217.604158
 42
-0.051229
  0
VERTEX
  8
0
 10
479.733405
 20
217.725636
 42
-0.060905
  0
VERTEX
  8
0
 10
478.981416
 20
217.998015
 42
-0.179435
  0
VERTEX
  8
0
 10
478.613834
 20
218.395341
 42
0.021016
  0
VERTEX
  8
0
 10
478.399040
 20
218.859434
 42
0.324553
  0
VERTEX
  8
0
 10
478.250794
 20
218.934299
 42
0.325908
  0
VERTEX
  8
0
 10
478.134175
 20
218.816575
 42
0.021100
  0
SEQEND
  0
POLYLINE
  8
0
 66
1
 70
1
  0
VERTEX
  8
0
 10
180.250000
 20
217.283746
 42
0.023547
  0
VERTEX
  8
0
 10
181.502218
 20
217.153981
 42
0.014044
  0
VERTEX
  8
0
 10
183.000000
 20
217.111902
 42
0.014044
  0
VERTEX
  8
0
 10
184.497782
 20
217.153981
 42
0.023547
  0
VERTEX
  8
0
 10
185.750000
 20
217.283746
 42
0.124239
  0
VERTEX
  8
0
 10
186.112409
 20
217.435926
 42
0.664672
  0
VERTEX
  8
0
 10
186.076562
 20
217.577962
 42
0.031260
  0
VERTEX
  8
0
 10
184.970620
 20
217.675363
 42
0.006336
  0
VERTEX
  8
0
 10
183.000000
 20
217.700336
 42
0.006336
  0
VERTEX
  8
0
 10
181.029380
 20
217.675363
 42
0.031260
  0
VERTEX
  8
0
 10
179.923438
 20
217.577962
 42
0.664672
  0
VERTEX
  8
0
 10
179.887591
 20
217.435926
 42
0.124239
  0
SEQEND
  0
POLYLINE
  8
0
 66
1
 70
1
  0
VERTEX
  8
0
 10
342.078947
 20
216.416667
 42
0.018894
  0
VERTEX
  8
0
 10
342.137993
 20
215.670344
 42
0.168741
  0
VERTEX
  8
0
 10
342.279315
 20
215.378580
 42
0.470617
  0
VERTEX
  8
0
 10
342.461564
 20
215.395823
 42
0.054073
  0
VERTEX
  8
0
 10
342.683114
 20
215.812500
 42
0.051402
  0
VERTEX
  8
0
 10
342.839148
 20
216.359369
 42
0.054150
  0
VERTEX
  8
0
 10
342.876576
 20
216.916927
 42
0.060344
  0
VERTEX
  8
0
 10
342.797407
 20
217.402231
 42
0.126455
  0
VERTEX
  8
0
 10
342.604167
 20
217.729167
 42
0.296942
  0
VERTEX
  8
0
 10
342.385309
 20
217.775380
 42
0.208169
  0
VERTEX
  8
0
 10
342.200665
 20
217.592839
 42
0.077125
  0
VERTEX
  8
0
 10
342.089945
 20
217.112848
 42
0.028489
  0
SEQEND
  0
POLYLINE
  8
0
 66
1
 70
1
  0
VERTEX
  8
0
 10
486.000000
 20
217.108413
 42
0.101714
  0
VERTEX
  8
0
 10
486.887735
 20
216.830824
 42
0.021117
  0
VERTEX
  8
0
 10
488.528125
 20
216.735404
 42
0.021366
  0
VERTEX
  8
0
 10
490.475788
 20
216.787711
 42
0.018733
  0
VERTEX
  8
0
 10
492.500000
 20
217.005209
 42
0.000000
  0
VERTEX
  8
0
 10
497.500000
 20
217.732774
 42
0.000000
  0
VERTEX
  8
0
 10
491.000000
 20
217.835978
 42
0.009502
  0
VERTEX
  8
0
 10
488.404093
 20
217.827863
 42
0.030602
  0
VERTEX
  8
0
 10
486.683928
 20
217.684216
 42
0.105729
  0
VERTEX
  8
0
 10
485.990430
 20
217.426995
 42
0.569231
  0
SEQEND
  0
POLYLINE
  8
0
 66
1
 70
1
  0
VERTEX
  8
0
 10
631.671629
 20
217.250000
 42
0.091650
  0
VERTEX
  8
0
 10
631.499750
 20
216.785061
 42
0.015322
  0
VERTEX
  8
0
 10
631.365792
 20
215.839063
 42
0.016342
  0
VERTEX
  8
0
 10
631.277787
 20
214.703562
 42
0.013845
  0
VERTEX
  8
0
 10
631.257349
 20
213.500000
 42
0.013432
  0
VERTEX
  8
0
 10
631.297921
 20
212.420588
 42
0.049624
  0
VERTEX
  8
0
 10
631.408875
 20
211.748437
 42
0.343240
  0
VERTEX
  8
0
 10
631.563601
 20
211.631605
 42
0.314497
  0
VERTEX
  8
0
 10
631.728070
 20
211.750000
 42
-0.143215
  0
VERTEX
  8
0
 10
632.469695
 20
212.784547
 42
-0.234768
  0
VERTEX
  8
0
 10
633.503384
 20
212.997495
 42
-0.247805
  0
VERTEX
  8
0
 10
634.255036
 20
212.305856
 42
-0.150345
  0
VERTEX
  8
0
 10
634.307844
 20
211.069197
 42
-0.065544
  0
VERTEX
  8
0
 10
634.006133
 20
210.328215
 42
-0.105937
  0
VERTEX
  8
0
 10
633.554559
 20
209.822263
 42
-0.127681
  0
VERTEX
  8
0
 10
633.000658
 20
209.602919
 42
-0.122982
  0
VERTEX
  8
0
 10
632.401464
 20
209.676185
 42
0.168470
  0
VERTEX
  8
0
 10
631.756619
 20
209.697216
 42
0.211539
  0
VERTEX
  8
0
 10
631.310857
 20
209.307720
 42
0.090134
  0
VERTEX
  8
0
 10
631.064833
 20
208.367580
 42
0.019044
  0
VERTEX
  8
0
 10
631.000000
 20
206.666006
 42
0.024937
  0
VERTEX
  8
0
 10
631.069947
 20
205.264398
 42
0.031732
  0
VERTEX
  8
0
 10
631.280241
 20
203.987052
 42
0.033117
  0
VERTEX
  8
0
 10
631.584509
 20
202.977833
 42
0.166049
  0
VERTEX
  8
0
 10
631.954011
 20
202.528423
 42
0.163320
  0
VERTEX
  8
0
 10
633.432096
 20
202.182661
 42
0.059409
  0
VERTEX
  8
0
 10
635.562833
 20
202.642753
 42
0.061013
  0
VERTEX
  8
0
 10
637.424412
 20
203.549400
 42
0.254198
  0
VERTEX
  8
0
 10
638.000000
 20
204.608408
 42
0.204237
  0
VERTEX
  8
0
 10
637.577342
 20
205.599970
 42
0.212730
  0
VERTEX
  8
0
 10
636.579148
 20
205.959506
 42
0.156327
  0
VERTEX
  8
0
 10
635.386949
 20
205.478295
 42
0.128351
  0
VERTEX
  8
0
 10
634.583450
 20
204.356872
 42
-0.107897
  0
VERTEX
  8
0
 10
634.008046
 20
203.481238
 42
-0.337376
  0
VERTEX
  8
0
 10
633.351668
 20
203.399633
 42
-0.179129
  0
VERTEX
  8
0
 10
632.745228
 20
204.135578
 42
-0.047284
  0
VERTEX
  8
0
 10
632.376370
 20
205.641387
 42
-0.115128
  0
VERTEX
  8
0
 10
632.430087
 20
206.283070
 42
-0.089219
  0
VERTEX
  8
0
 10
632.761536
 20
206.903380
 42
-0.082670
  0
VERTEX
  8
0
 10
633.317071
 20
207.407719
 42
-0.079263
  0
VERTEX
  8
0
 10
634.013935
 20
207.713895
 42
0.119337
  0
VERTEX
  8
0
 10
634.942718
 20
208.213276
 42
0.128738
  0
VERTEX
  8
0
 10
635.508736
 20
209.069993
 42
0.069058
  0
VERTEX
  8
0
 10
635.789036
 20
210.528371
 42
0.014934
  0
VERTEX
  8
0
 10
635.845964
 20
213.101452
 42
0.015213
  0
VERTEX
  8
0
 10
635.774251
 20
214.979329
 42
0.024860
  0
VERTEX
  8
0
 10
635.586252
 20
216.561052
 42
0.022114
  0
VERTEX
  8
0
 10
635.328254
 20
217.758392
 42
0.340946
  0
VERTEX
  8
0
 10
635.015121
 20
218.000000
 42
0.163426
  0
VERTEX
  8
0
 10
634.723984
 20
217.902230
 42
0.110643
  0
VERTEX
  8
0
 10
634.495935
 20
217.632812
 42
0.086972
  0
VERTEX
  8
0
 10
634.366936
 20
217.228060
 42
0.061498
  0
VERTEX
  8
0
 10
634.361111
 20
216.750000
 42
-0.078962
  0
VERTEX
  8
0
 10
634.338681
 20
216.272518
 42
-0.100004
  0
VERTEX
  8
0
 10
634.165451
 20
215.867188
 42
-0.113932
  0
VERTEX
  8
0
 10
633.870238
 20
215.597262
 42
-0.129160
  0
VERTEX
  8
0
 10
633.500000
 20
215.500000
 42
-0.129160
  0
VERTEX
  8
0
 10
633.129762
 20
215.597262
 42
-0.113932
  0
VERTEX
  8
0
 10
632.834549
 20
215.867188
 42
-0.100004
  0
VERTEX
  8
0
 10
632.661319
 20
216.272518
 42
-0.078962
  0
VERTEX
  8
0
 10
632.638889
 20
216.750000
 42
0.035029
  0
VERTEX
  8
0
 10
632.674258
 20
217.620079
 42
0.272537
  0
VERTEX
  8
0
 10
632.466523
 20
217.950282
 42
0.346298
  0
VERTEX
  8
0
 10
632.131030
 20
217.885881
 42
0.044407
  0
SEQEND
  0
POLYLINE
  8
0
 66
1
 70
1
  0
VERTEX
  8
0
 10
354.000000
 20
215.440983
 42
0.057951
  0
VERTEX
  8
0
 10
354.064821
 20
214.883585
 42
0.124582
  0
VERTEX
  8
0
 10
354.262969
 20
214.502451
 42
0.190884
  0
VERTEX
  8
0
 10
354.555980
 20
214.354993
 42
0.162044
  0
VERTEX
  8
0
 10
354.895215
 20
214.435239
 42
-0.173098
  0
VERTEX
  8
0
 10
355.284655
 20
214.518561
 42
-0.119723
  0
VERTEX
  8
0
 10
355.708592
 20
214.353968
 42
-0.090029
  0
VERTEX
  8
0
 10
356.104881
 20
213.955435
 42
-0.059217
  0
VERTEX
  8
0
 10
356.407048
 20
213.381632
 42
0.046629
  0
VERTEX
  8
0
 10
356.790177
 20
212.607555
 42
0.213968
  0
VERTEX
  8
0
 10
357.194818
 20
212.332843
 42
0.184896
  0
VERTEX
  8
0
 10
357.711066
 20
212.432565
 42
0.034075
  0
VERTEX
  8
0
 10
358.511833
 20
213.009821
 42
0.080198
  0
VERTEX
  8
0
 10
359.795568
 20
214.479351
 42
0.234180
  0
VERTEX
  8
0
 10
359.923517
 20
215.782179
 42
0.228832
  0
VERTEX
  8
0
 10
358.960776
 20
216.694843
 42
0.077350
  0
VERTEX
  8
0
 10
357.000000
 20
217.000000
 42
0.033078
  0
VERTEX
  8
0
 10
355.651762
 20
216.910708
 42
0.086968
  0
VERTEX
  8
0
 10
354.731072
 20
216.620082
 42
0.133856
  0
VERTEX
  8
0
 10
354.197044
 20
216.127161
 42
0.140737
  0
SEQEND
  0
POLYLINE
  8
0
 66
1
 70
1
  0
VERTEX
  8
0
 10
365.500000
 20
216.000000
 42
0.029505
  0
VERTEX
  8
0
 10
365.768994
 20
215.617226
 42
0.035638
  0
VERTEX
  8
0
 10
366.066025
 20
215.293750
 42
0.038439
  0
VERTEX
  8
0
 10
366.348290
 20
215.065539
 42
0.151918
  0
VERTEX
  8
0
 10
366.559017
 20
215.000000
 42
0.210953
  0
VERTEX
  8
0
 10
366.727648
 20
215.074460
 42
0.081139
  0
VERTEX
  8
0
 10
366.870461
 20
215.293750
 42
0.061769
  0
VERTEX
  8
0
 10
366.967655
 20
215.617151
 42
0.042167
  0
VERTEX
  8
0
 10
367.000000
 20
216.000000
 42
0.105053
  0
VERTEX
  8
0
 10
366.918938
 20
216.381556
 42
0.099167
  0
VERTEX
  8
0
 10
366.688914
 20
216.706250
 42
0.096420
  0
VERTEX
  8
0
 10
366.345238
 20
216.923877
 42
0.093332
  0
VERTEX
  8
0
 10
365.940983
 20
217.000000
 42
0.108972
  0
VERTEX
  8
0
 10
365.586039
 20
216.921712
 42
0.182303
  0
VERTEX
  8
0
 10
365.374600
 20
216.706250
 42
0.161196
  0
VERTEX
  8
0
 10
365.343488
 20
216.382100
 42
0.082592
  0
SEQEND
  0
POLYLINE
  8
0
 66
1
 70
1
  0
VERTEX
  8
0
 10
426.142150
 20
214.501195
 42
0.113239
  0
VERTEX
  8
0
 10
426.479995
 20
213.736158
 42
0.058600
  0
VERTEX
  8
0
 10
427.202694
 20
212.973399
 42
0.053787
  0
VERTEX
  8
0
 10
428.171641
 20
212.327688
 42
0.054814
  0
VERTEX
  8
0
 10
429.250000
 20
211.908399
 42
0.022490
  0
VERTEX
  8
0
 10
430.826297
 20
211.561957
 42
0.181780
  0
VERTEX
  8
0
 10
431.541324
 20
211.698183
 42
0.224050
  0
VERTEX
  8
0
 10
431.905561
 20
212.251610
 42
0.035330
  0
VERTEX
  8
0
 10
432.000000
 20
213.586483
 42
0.046914
  0
VERTEX
  8
0
 10
431.898215
 20
214.668891
 42
0.114427
  0
VERTEX
  8
0
 10
431.576907
 20
215.397403
 42
0.146518
  0
VERTEX
  8
0
 10
431.027873
 20
215.803275
 42
0.097987
  0
VERTEX
  8
0
 10
430.250000
 20
215.921053
 42
0.021021
  0
VERTEX
  8
0
 10
429.583427
 20
215.862835
 42
0.185333
  0
VERTEX
  8
0
 10
429.327933
 20
215.724694
 42
0.449116
  0
VERTEX
  8
0
 10
429.351958
 20
215.548620
 42
0.051902
  0
VERTEX
  8
0
 10
429.750000
 20
215.337719
 42
-0.110504
  0
VERTEX
  8
0
 10
430.583323
 20
214.763145
 42
-0.153795
  0
VERTEX
  8
0
 10
430.968243
 20
213.949411
 42
-0.231332
  0
VERTEX
  8
0
 10
430.749876
 20
213.286085
 42
-0.202217
  0
VERTEX
  8
0
 10
430.071429
 20
213.000000
 42
-0.114427
  0
VERTEX
  8
0
 10
429.604281
 20
213.108327
 42
-0.029101
  0
VERTEX
  8
0
 10
428.922337
 20
213.493288
 42
-0.028122
  0
VERTEX
  8
0
 10
428.174653
 20
214.036522
 42
-0.025216
  0
VERTEX
  8
0
 10
427.463578
 20
214.679279
 42
0.005350
  0
VERTEX
  8
0
 10
426.384839
 20
215.735176
 42
0.228338
  0
VERTEX
  8
0
 10
426.087574
 20
215.832045
 42
0.418175
  0
VERTEX
  8
0
 10
425.947074
 20
215.645173
 42
0.010717
  0
SEQEND
  0
POLYLINE
  8
0
 66
1
 70
1
  0
VERTEX
  8
0
 10
484.000000
 20
209.214384
 42
0.000000
  0
VERTEX
  8
0
 10
484.000000
 20
202.095435
 42
0.000000
  0
VERTEX
  8
0
 10
477.750000
 20
201.740397
 42
0.000000
  0
VERTEX
  8
0
 10
471.500000
 20
201.385359
 42
0.000000
  0
VERTEX
  8
0
 10
477.750000
 20
201.192680
 42
0.000000
  0
VERTEX
  8
0
 10
484.000000
 20
201.000000
 42
0.000000
  0
VERTEX
  8
0
 10
484.000000
 20
193.047717
 42
0.000000
  0
VERTEX
  8
0
 10
484.000000
 20
185.095435
 42
0.000000
  0
VERTEX
  8
0
 10
477.750000
 20
184.740397
 42
0.000000
  0
VERTEX
  8
0
 10
471.500000
 20
184.385359
 42
0.000000
  0
VERTEX
  8
0
 10
477.750000
 20
184.192680
 42
-0.007228
  0
VERTEX
  8
0
 10
481.648636
 20
184.016051
 42
-0.086985
  0
VERTEX
  8
0
 10
483.105732
 20
183.669862
 42
-0.216515
  0
VERTEX
  8
0
 10
483.775285
 20
182.932962
 42
-0.077933
  0
VERTEX
  8
0
 10
484.000000
 20
181.500000
 42
-0.072846
  0
VERTEX
  8
0
 10
483.789676
 20
180.064029
 42
-0.224968
  0
VERTEX
  8
0
 10
483.150000
 20
179.354167
 42
-0.091609
  0
VERTEX
  8
0
 10
481.761772
 20
179.055253
 42
-0.007344
  0
VERTEX
  8
0
 10
478.000000
 20
179.000000
 42
0.011735
  0
VERTEX
  8
0
 10
475.699505
 20
178.946001
 42
0.019348
  0
VERTEX
  8
0
 10
473.761965
 20
178.779687
 42
0.014054
  0
VERTEX
  8
0
 10
472.246379
 20
178.546869
 42
0.361586
  0
VERTEX
  8
0
 10
471.998178
 20
178.250000
 42
0.379303
  0
VERTEX
  8
0
 10
472.247538
 20
177.967201
 42
0.014031
  0
VERTEX
  8
0
 10
473.782063
 20
177.820957
 42
0.019270
  0
VERTEX
  8
0
 10
475.743538
 20
177.765197
 42
0.011552
  0
VERTEX
  8
0
 10
478.073538
 20
177.842620
 42
0.000000
  0
VERTEX
  8
0
 10
484.150720
 20
178.185241
 42
0.000000
  0
VERTEX
  8
0
 10
483.825360
 20
175.342620
 42
-0.060073
  0
VERTEX
  8
0
 10
483.430803
 20
173.687104
 42
-0.183663
  0
VERTEX
  8
0
 10
482.684753
 20
172.831739
 42
-0.091634
  0
VERTEX
  8
0
 10
481.212757
 20
172.364241
 42
-0.009019
  0
VERTEX
  8
0
 10
477.500000
 20
171.966494
 42
0.000000
  0
VERTEX
  8
0
 10
471.500000
 20
171.432988
 42
0.000000
  0
VERTEX
  8
0
 10
478.188647
 20
170.966494
 42
0.013567
  0
VERTEX
  8
0
 10
481.501153
 20
170.825634
 42
0.005275
  0
VERTEX
  8
0
 10
486.088339
 20
170.803546
 42
0.005217
  0
VERTEX
  8
0
 10
491.059337
 20
170.883930
 42
0.006445
  0
VERTEX
  8
0
 10
495.688647
 20
171.066854
 42
0.000000
  0
VERTEX
  8
0
 10
506.500000
 20
171.633707
 42
0.000000
  0
VERTEX
  8
0
 10
495.750000
 20
171.816854
 42
0.000000
  0
VERTEX
  8
0
 10
485.000000
 20
172.000000
 42
0.000000
  0
VERTEX
  8
0
 10
485.000000
 20
174.956190
 42
0.000000
  0
VERTEX
  8
0
 10
485.000000
 20
177.912381
 42
0.000000
  0
VERTEX
  8
0
 10
492.250000
 20
178.257493
 42
0.000000
  0
VERTEX
  8
0
 10
499.500000
 20
178.602606
 42
0.000000
  0
VERTEX
  8
0
 10
492.250000
 20
178.801303
 42
-0.005634
  0
VERTEX
  8
0
 10
487.659124
 20
178.978910
 42
-0.075296
  0
VERTEX
  8
0
 10
486.009364
 20
179.313750
 42
-0.216033
  0
VERTEX
  8
0
 10
485.262416
 20
180.046900
 42
-0.092561
  0
VERTEX
  8
0
 10
485.000000
 20
181.452283
 42
-0.084056
  0
VERTEX
  8
0
 10
485.235757
 20
182.844748
 42
-0.206146
  0
VERTEX
  8
0
 10
485.923356
 20
183.594725
 42
-0.083899
  0
VERTEX
  8
0
 10
487.413094
 20
183.982678
 42
-0.007652
  0
VERTEX
  8
0
 10
491.250000
 20
184.259603
 42
0.000000
  0
VERTEX
  8
0
 10
497.500000
 20
184.614641
 42
0.000000
  0
VERTEX
  8
0
 10
491.258407
 20
184.807320
 42
0.000000
  0
VERTEX
  8
0
 10
485.016814
 20
185.000000
 42
0.000000
  0
VERTEX
  8
0
 10
485.101962
 20
192.954711
 42
0.000000
  0
VERTEX
  8
0
 10
485.187109
 20
200.909422
 42
0.000000
  0
VERTEX
  8
0
 10
491.343555
 20
201.262031
 42
0.000000
  0
VERTEX
  8
0
 10
497.500000
 20
201.614641
 42
0.000000
  0
VERTEX
  8
0
 10
491.359381
 20
201.807320
 42
0.000000
  0
VERTEX
  8
0
 10
485.218762
 20
202.000000
 42
0.000000
  0
VERTEX
  8
0
 10
485.118892
 20
208.657156
 42
0.007028
  0
VERTEX
  8
0
 10
485.043676
 20
211.245029
 42
0.010429
  0
VERTEX
  8
0
 10
484.898690
 20
213.508441
 42
0.005896
  0
VERTEX
  8
0
 10
484.716052
 20
215.392848
 42
0.170881
  0
VERTEX
  8
0
 10
484.509511
 20
215.823823
 42
0.628316
  0
VERTEX
  8
0
 10
484.307237
 20
215.753053
 42
0.008834
  0
VERTEX
  8
0
 10
484.149669
 20
214.092473
 42
0.012510
  0
VERTEX
  8
0
 10
484.036255
 20
211.909918
 42
0.006725
  0
SEQEND
  0
POLYLINE
  8
0
 66
1
 70
1
  0
VERTEX
  8
0
 10
508.750000
 20
215.304452
 42
0.125241
  0
VERTEX
  8
0
 10
507.355846
 20
214.540171
 42
0.301937
  0
VERTEX
  8
0
 10
507.095935
 20
213.448245
 42
0.196248
  0
VERTEX
  8
0
 10
508.073895
 20
212.377964
 42
0.074422
  0
VERTEX
  8
0
 10
510.047774
 20
211.779680
 42
0.019397
  0
VERTEX
  8
0
 10
511.725356
 20
211.599596
 42
0.146958
  0
VERTEX
  8
0
 10
512.492897
 20
211.774199
 42
0.245579
  0
VERTEX
  8
0
 10
512.826763
 20
212.290898
 42
0.059932
  0
VERTEX
  8
0
 10
512.797774
 20
213.337853
 42
0.073580
  0
VERTEX
  8
0
 10
512.394410
 20
214.668647
 42
0.170972
  0
VERTEX
  8
0
 10
511.671173
 20
215.399933
 42
0.136319
  0
VERTEX
  8
0
 10
510.522486
 20
215.610494
 42
0.040674
  0
SEQEND
  0
POLYLINE
  8
0
 66
1
 70
1
  0
VERTEX
  8
0
 10
512.000000
 20
214.559017
 42
-0.151918
  0
VERTEX
  8
0
 10
511.934461
 20
214.348290
 42
-0.038439
  0
VERTEX
  8
0
 10
511.706250
 20
214.066025
 42
-0.035638
  0
VERTEX
  8
0
 10
511.382774
 20
213.768994
 42
-0.029505
  0
VERTEX
  8
0
 10
511.000000
 20
213.500000
 42
-0.082592
  0
VERTEX
  8
0
 10
510.617900
 20
213.343488
 42
-0.161196
  0
VERTEX
  8
0
 10
510.293750
 20
213.374600
 42
-0.182303
  0
VERTEX
  8
0
 10
510.078288
 20
213.586039
 42
-0.108972
  0
VERTEX
  8
0
 10
510.000000
 20
213.940983
 42
-0.093332
  0
VERTEX
  8
0
 10
510.076123
 20
214.345238
 42
-0.096420
  0
VERTEX
  8
0
 10
510.293750
 20
214.688914
 42
-0.099167
  0
VERTEX
  8
0
 10
510.618444
 20
214.918938
 42
-0.105053
  0
VERTEX
  8
0
 10
511.000000
 20
215.000000
 42
-0.042167
  0
VERTEX
  8
0
 10
511.382849
 20
214.967655
 42
-0.061769
  0
VERTEX
  8
0
 10
511.706250
 20
214.870461
 42
-0.081139
  0
VERTEX
  8
0
 10
511.925540
 20
214.727648
 42
-0.210953
  0
SEQEND
  0
POLYLINE
  8
0
 66
1
 70
1
  0
VERTEX
  8
0
 10
490.500000
 20
214.000000
 42
0.029505
  0
VERTEX
  8
0
 10
490.768994
 20
213.617226
 42
0.035638
  0
VERTEX
  8
0
 10
491.066025
 20
213.293750
 42
0.038439
  0
VERTEX
  8
0
 10
491.348290
 20
213.065539
 42
0.151918
  0
VERTEX
  8
0
 10
491.559017
 20
213.000000
 42
0.210953
  0
VERTEX
  8
0
 10
491.727648
 20
213.074460
 42
0.081139
  0
VERTEX
  8
0
 10
491.870461
 20
213.293750
 42
0.061769
  0
VERTEX
  8
0
 10
491.967655
 20
213.617151
 42
0.042167
  0
VERTEX
  8
0
 10
492.000000
 20
214.000000
 42
0.105053
  0
VERTEX
  8
0
 10
491.918938
 20
214.381556
 42
0.099167
  0
VERTEX
  8
0
 10
491.688914
 20
214.706250
 42
0.096420
  0
VERTEX
  8
0
 10
491.345238
 20
214.923877
 42
0.093332
  0
VERTEX
  8
0
 10
490.940983
 20
215.000000
 42
0.108972
  0
VERTEX
  8
0
 10
490.586039
 20
214.921712
 42
0.182303
  0
VERTEX
  8
0
 10
490.374600
 20
214.706250
 42
0.161196
  0
VERTEX
  8
0
 10
490.343488
 20
214.382100
 42
0.082592
  0
SEQEND
  0
POLYLINE
  8
0
 66
1
 70
1
  0
VERTEX
  8
0
 10
553.000000
 20
212.266009
 42
0.076618
  0
VERTEX
  8
0
 10
553.074483
 20
211.782798
 42
0.154014
  0
VERTEX
  8
0
 10
553.293750
 20
211.470076
 42
0.186368
  0
VERTEX
  8
0
 10
553.619543
 20
211.374570
 42
0.118101
  0
VERTEX
  8
0
 10
554.000000
 20
211.500000
 42
-0.060011
  0
VERTEX
  8
0
 10
554.384213
 20
211.677929
 42
-0.125591
  0
VERTEX
  8
0
 10
554.710748
 20
211.698838
 42
-0.186749
  0
VERTEX
  8
0
 10
554.926967
 20
211.564729
 42
-0.158163
  0
VERTEX
  8
0
 10
555.015313
 20
211.309017
 42
0.071072
  0
VERTEX
  8
0
 10
555.081359
 20
210.901907
 42
0.021923
  0
VERTEX
  8
0
 10
555.292991
 20
210.315912
 42
0.021441
  0
VERTEX
  8
0
 10
555.590246
 20
209.673348
 42
0.022005
  0
VERTEX
  8
0
 10
555.939097
 20
209.064302
 42
0.050531
  0
VERTEX
  8
0
 10
556.481966
 20
208.372206
 42
0.190605
  0
VERTEX
  8
0
 10
556.973918
 20
208.147786
 42
0.156052
  0
VERTEX
  8
0
 10
557.551664
 20
208.300438
 42
0.031210
  0
VERTEX
  8
0
 10
558.423785
 20
208.936747
 42
0.084658
  0
VERTEX
  8
0
 10
559.861200
 20
210.611925
 42
0.237826
  0
VERTEX
  8
0
 10
559.971082
 20
212.108969
 42
0.218511
  0
VERTEX
  8
0
 10
558.814528
 20
213.179578
 42
0.073914
  0
VERTEX
  8
0
 10
556.497057
 20
213.575026
 42
0.025763
  0
VERTEX
  8
0
 10
554.944143
 20
213.528326
 42
0.069260
  0
VERTEX
  8
0
 10
553.868122
 20
213.287847
 42
0.116789
  0
VERTEX
  8
0
 10
553.234013
 20
212.862635
 42
0.189101
  0
SEQEND
  0
POLYLINE
  8
0
 66
1
 70
1
  0
VERTEX
  8
0
 10
559.000000
 20
211.000000
 42
-0.153634
  0
VERTEX
  8
0
 10
558.879982
 20
210.618621
 42
-0.097988
  0
VERTEX
  8
0
 10
558.542039
 20
210.293750
 42
-0.080552
  0
VERTEX
  8
0
 10
558.037096
 20
210.074545
 42
-0.062283
  0
VERTEX
  8
0
 10
557.440983
 20
210.000000
 42
-0.066118
  0
VERTEX
  8
0
 10
556.889346
 20
210.073267
 42
-0.138808
  0
VERTEX
  8
0
 10
556.521475
 20
210.293750
 42
-0.191142
  0
VERTEX
  8
0
 10
556.392057
 20
210.620352
 42
-0.139169
  0
VERTEX
  8
0
 10
556.500000
 20
211.000000
 42
-0.060810
  0
VERTEX
  8
0
 10
556.806203
 20
211.382515
 42
-0.051032
  0
VERTEX
  8
0
 10
557.212900
 20
211.706250
 42
-0.053229
  0
VERTEX
  8
0
 10
557.653442
 20
211.926698
 42
-0.089642
  0
VERTEX
  8
0
 10
558.059017
 20
212.000000
 42
-0.105429
  0
VERTEX
  8
0
 10
558.418051
 20
211.923444
 42
-0.099231
  0
VERTEX
  8
0
 10
558.723586
 20
211.706250
 42
-0.096318
  0
VERTEX
  8
0
 10
558.928382
 20
211.381732
 42
-0.092995
  0
SEQEND
  0
POLYLINE
  8
0
 66
1
 70
1
  0
VERTEX
  8
0
 10
622.701236
 20
213.367903
 42
0.122866
  0
VERTEX
  8
0
 10
622.153299
 20
212.455653
 42
0.094180
  0
VERTEX
  8
0
 10
622.026812
 20
211.295321
 42
0.118172
  0
VERTEX
  8
0
 10
622.332206
 20
210.356428
 42
0.260960
  0
VERTEX
  8
0
 10
622.968615
 20
210.000000
 42
0.184534
  0
VERTEX
  8
0
 10
623.289193
 20
210.122486
 42
0.147206
  0
VERTEX
  8
0
 10
623.483616
 20
210.440625
 42
0.100118
  0
VERTEX
  8
0
 10
623.511135
 20
210.925634
 42
0.055937
  0
VERTEX
  8
0
 10
623.361626
 20
211.500000
 42
-0.079931
  0
VERTEX
  8
0
 10
623.226760
 20
212.142564
 42
-0.175918
  0
VERTEX
  8
0
 10
623.373425
 20
212.615168
 42
-0.164142
  0
VERTEX
  8
0
 10
623.799942
 20
212.904611
 42
-0.067816
  0
VERTEX
  8
0
 10
624.500000
 20
213.000000
 42
-0.067816
  0
VERTEX
  8
0
 10
625.200058
 20
212.904611
 42
-0.164142
  0
VERTEX
  8
0
 10
625.626575
 20
212.615168
 42
-0.175918
  0
VERTEX
  8
0
 10
625.773240
 20
212.142564
 42
-0.079931
  0
VERTEX
  8
0
 10
625.638374
 20
211.500000
 42
0.060703
  0
VERTEX
  8
0
 10
625.494738
 20
210.925874
 42
0.106730
  0
VERTEX
  8
0
 10
625.537923
 20
210.440625
 42
0.150349
  0
VERTEX
  8
0
 10
625.755918
 20
210.121901
 42
0.169715
  0
VERTEX
  8
0
 10
626.104709
 20
210.000000
 42
0.180044
  0
VERTEX
  8
0
 10
626.474641
 20
210.137671
 42
0.118538
  0
VERTEX
  8
0
 10
626.742229
 20
210.510689
 42
0.087628
  0
VERTEX
  8
0
 10
626.863020
 20
211.073272
 42
0.056796
  0
VERTEX
  8
0
 10
626.811841
 20
211.738516
 42
0.139342
  0
VERTEX
  8
0
 10
626.227869
 20
212.896289
 42
0.112813
  0
VERTEX
  8
0
 10
625.076618
 20
213.687395
 42
0.120433
  0
VERTEX
  8
0
 10
623.757806
 20
213.870120
 42
0.172523
  0
SEQEND
  0
POLYLINE
  8
0
 66
1
 70
1
  0
VERTEX
  8
0
 10
163.272364
 20
209.000000
 42
0.008087
  0
VERTEX
  8
0
 10
163.298431
 20
207.388510
 42
0.039503
  0
VERTEX
  8
0
 10
163.399666
 20
206.482812
 42
0.611425
  0
VERTEX
  8
0
 10
163.546986
 20
206.439977
 42
0.142433
  0
VERTEX
  8
0
 10
163.705733
 20
206.750000
 42
0.029693
  0
VERTEX
  8
0
 10
163.840649
 20
207.774707
 42
0.017887
  0
VERTEX
  8
0
 10
163.884498
 20
209.000000
 42
0.017887
  0
VERTEX
  8
0
 10
163.840649
 20
210.225293
 42
0.029693
  0
VERTEX
  8
0
 10
163.705733
 20
211.250000
 42
0.142433
  0
VERTEX
  8
0
 10
163.546986
 20
211.560023
 42
0.611425
  0
VERTEX
  8
0
 10
163.399666
 20
211.517188
 42
0.039503
  0
VERTEX
  8
0
 10
163.298431
 20
210.611490
 42
0.008087
  0
SEQEND
  0
POLYLINE
  8
0
 66
1
 70
1
  0
VERTEX
  8
0
 10
175.000000
 20
212.000000
 42
0.105053
  0
VERTEX
  8
0
 10
175.081062
 20
211.618444
 42
0.099167
  0
VERTEX
  8
0
 10
175.311086
 20
211.293750
 42
0.096420
  0
VERTEX
  8
0
 10
175.654762
 20
211.076123
 42
0.093332
  0
VERTEX
  8
0
 10
176.059017
 20
211.000000
 42
0.108972
  0
VERTEX
  8
0
 10
176.413961
 20
211.078288
 42
0.182303
  0
VERTEX
  8
0
 10
176.625400
 20
211.293750
 42
0.161196
  0
VERTEX
  8
0
 10
176.656512
 20
211.617900
 42
0.082592
  0
VERTEX
  8
0
 10
176.500000
 20
212.000000
 42
0.029505
  0
VERTEX
  8
0
 10
176.231006
 20
212.382774
 42
0.035638
  0
VERTEX
  8
0
 10
175.933975
 20
212.706250
 42
0.038439
  0
VERTEX
  8
0
 10
175.651710
 20
212.934461
 42
0.151918
  0
VERTEX
  8
0
 10
175.440983
 20
213.000000
 42
0.210953
  0
VERTEX
  8
0
 10
175.272352
 20
212.925540
 42
0.081139
  0
VERTEX
  8
0
 10
175.129539
 20
212.706250
 42
0.061769
  0
VERTEX
  8
0
 10
175.032345
 20
212.382849
 42
0.042167
  0
SEQEND
  0
POLYLINE
  8
0
 66
1
 70
1
  0
VERTEX
  8
0
 10
342.078947
 20
211.416667
 42
0.018894
  0
VERTEX
  8
0
 10
342.137993
 20
210.670344
 42
0.168741
  0
VERTEX
  8
0
 10
342.279315
 20
210.378580
 42
0.470617
  0
VERTEX
  8
0
 10
342.461564
 20
210.395823
 42
0.054073
  0
VERTEX
  8
0
 10
342.683114
 20
210.812500
 42
0.051402
  0
VERTEX
  8
0
 10
342.839148
 20
211.359369
 42
0.054150
  0
VERTEX
  8
0
 10
342.876576
 20
211.916927
 42
0.060344
  0
VERTEX
  8
0
 10
342.797407
 20
212.402231
 42
0.126455
  0
VERTEX
  8
0
 10
342.604167
 20
212.729167
 42
0.296942
  0
VERTEX
  8
0
 10
342.385309
 20
212.775380
 42
0.208169
  0
VERTEX
  8
0
 10
342.200665
 20
212.592839
 42
0.077125
  0
VERTEX
  8
0
 10
342.089945
 20
212.112848
 42
0.028489
  0
SEQEND
  0
POLYLINE
  8
0
 66
1
 70
1
  0
VERTEX
  8
0
 10
354.000000
 20
209.500000
 42
0.026506
  0
VERTEX
  8
0
 10
354.094071
 20
207.726736
 42
0.272952
  0
VERTEX
  8
0
 10
354.514056
 20
207.161382
 42
0.209333
  0
VERTEX
  8
0
 10
355.304347
 20
207.172253
 42
0.016235
  0
VERTEX
  8
0
 10
357.245962
 20
208.131635
 42
0.014277
  0
VERTEX
  8
0
 10
358.555376
 20
208.881266
 42
0.235555
  0
VERTEX
  8
0
 10
358.814967
 20
209.295667
 42
0.248262
  0
VERTEX
  8
0
 10
358.633071
 20
209.738507
 42
0.015752
  0
VERTEX
  8
0
 10
357.489091
 20
210.631635
 42
0.029578
  0
VERTEX
  8
0
 10
355.726213
 20
211.767145
 42
0.209675
  0
VERTEX
  8
0
 10
354.736965
 20
211.866133
 42
0.273858
  0
VERTEX
  8
0
 10
354.161491
 20
211.213374
 42
0.047022
  0
SEQEND
  0
POLYLINE
  8
0
 66
1
 70
1
  0
VERTEX
  8
0
 10
22.250000
 20
210.294267
 42
0.058961
  0
VERTEX
  8
0
 10
20.434168
 20
209.716479
 42
0.382379
  0
VERTEX
  8
0
 10
20.079078
 20
208.909434
 42
0.273202
  0
VERTEX
  8
0
 10
20.886311
 20
208.199350
 42
0.047053
  0
VERTEX
  8
0
 10
23.000000
 20
208.000000
 42
0.033607
  0
VERTEX
  8
0
 10
24.322075
 20
208.088963
 42
0.082504
  0
VERTEX
  8
0
 10
25.250000
 20
208.375000
 42
0.126510
  0
VERTEX
  8
0
 10
25.797909
 20
208.851045
 42
0.152103
  0
VERTEX
  8
0
 10
26.000000
 20
209.500000
 42
0.048595
  0
VERTEX
  8
0
 10
25.945025
 20
210.064319
 42
0.077294
  0
VERTEX
  8
0
 10
25.779688
 20
210.519372
 42
0.108952
  0
VERTEX
  8
0
 10
25.535554
 20
210.797816
 42
0.206235
  0
VERTEX
  8
0
 10
25.250000
 20
210.863818
 42
0.001674
  0
VERTEX
  8
0
 10
24.825344
 20
210.785241
 42
0.000325
  0
VERTEX
  8
0
 10
24.059375
 20
210.640337
 42
0.000346
  0
VERTEX
  8
0
 10
23.166412
 20
210.470168
 42
0.000320
  0
SEQEND
  0
POLYLINE
  8
0
 66
1
 70
1
  0
VERTEX
  8
0
 10
508.992467
 20
209.490923
 42
0.035062
  0
VERTEX
  8
0
 10
508.364658
 20
208.616399
 42
0.138709
  0
VERTEX
  8
0
 10
508.185456
 20
207.985791
 42
0.157979
  0
VERTEX
  8
0
 10
508.373607
 20
207.402746
 42
0.049629
  0
VERTEX
  8
0
 10
508.989086
 20
206.707618
 42
0.006568
  0
VERTEX
  8
0
 10
509.634997
 20
206.125166
 42
0.171402
  0
VERTEX
  8
0
 10
509.849177
 20
206.039336
 42
0.566032
  0
VERTEX
  8
0
 10
509.913413
 20
206.136893
 42
0.015939
  0
VERTEX
  8
0
 10
509.630393
 20
206.680902
 42
-0.086136
  0
VERTEX
  8
0
 10
509.454185
 20
207.179441
 42
-0.090436
  0
VERTEX
  8
0
 10
509.460679
 20
207.699422
 42
-0.095748
  0
VERTEX
  8
0
 10
509.646621
 20
208.159897
 42
-0.111085
  0
VERTEX
  8
0
 10
509.983688
 20
208.489919
 42
-0.136093
  0
VERTEX
  8
0
 10
510.369640
 20
208.602176
 42
-0.190788
  0
VERTEX
  8
0
 10
510.701458
 20
208.475564
 42
-0.140899
  0
VERTEX
  8
0
 10
510.925389
 20
208.109731
 42
-0.067432
  0
VERTEX
  8
0
 10
511.000000
 20
207.559017
 42
0.066829
  0
VERTEX
  8
0
 10
511.080011
 20
206.963069
 42
0.083789
  0
VERTEX
  8
0
 10
511.314181
 20
206.457961
 42
0.099454
  0
VERTEX
  8
0
 10
511.661685
 20
206.120157
 42
0.144235
  0
VERTEX
  8
0
 10
512.069551
 20
206.000000
 42
0.359114
  0
VERTEX
  8
0
 10
512.755324
 20
206.565465
 42
0.083456
  0
VERTEX
  8
0
 10
512.795843
 20
208.173888
 42
0.070643
  0
VERTEX
  8
0
 10
512.295004
 20
209.900057
 42
0.210453
  0
VERTEX
  8
0
 10
511.400085
 20
210.704977
 42
0.136077
  0
VERTEX
  8
0
 10
510.883812
 20
210.729341
 42
0.061003
  0
VERTEX
  8
0
 10
510.239133
 20
210.497522
 42
0.053933
  0
VERTEX
  8
0
 10
509.574260
 20
210.066837
 42
0.048915
  0
SEQEND
  0
POLYLINE
  8
0
 66
1
 70
1
  0
VERTEX
  8
0
 10
37.812500
 20
209.316886
 42
0.051402
  0
VERTEX
  8
0
 10
38.359369
 20
209.160852
 42
0.054150
  0
VERTEX
  8
0
 10
38.916927
 20
209.123424
 42
0.060344
  0
VERTEX
  8
0
 10
39.402231
 20
209.202593
 42
0.126455
  0
VERTEX
  8
0
 10
39.729167
 20
209.395833
 42
0.296942
  0
VERTEX
  8
0
 10
39.775380
 20
209.614691
 42
0.208169
  0
VERTEX
  8
0
 10
39.592839
 20
209.799335
 42
0.077125
  0
VERTEX
  8
0
 10
39.112848
 20
209.910055
 42
0.028489
  0
VERTEX
  8
0
 10
38.416667
 20
209.921053
 42
0.018894
  0
VERTEX
  8
0
 10
37.670344
 20
209.862007
 42
0.168741
  0
VERTEX
  8
0
 10
37.378580
 20
209.720685
 42
0.470617
  0
VERTEX
  8
0
 10
37.395823
 20
209.538436
 42
0.054073
  0
SEQEND
  0
POLYLINE
  8
0
 66
1
 70
1
  0
VERTEX
  8
0
 10
374.812500
 20
209.316886
 42
0.051402
  0
VERTEX
  8
0
 10
375.359369
 20
209.160852
 42
0.054150
  0
VERTEX
  8
0
 10
375.916927
 20
209.123424
 42
0.060344
  0
VERTEX
  8
0
 10
376.402231
 20
209.202593
 42
0.126455
  0
VERTEX
  8
0
 10
376.729167
 20
209.395833
 42
0.296942
  0
VERTEX
  8
0
 10
376.775380
 20
209.614691
 42
0.208169
  0
VERTEX
  8
0
 10
376.592839
 20
209.799335
 42
0.077125
  0
VERTEX
  8
0
 10
376.112848
 20
209.910055
 42
0.028489
  0
VERTEX
  8
0
 10
375.416667
 20
209.921053
 42
0.018894
  0
VERTEX
  8
0
 10
374.670344
 20
209.862007
 42
0.168741
  0
VERTEX
  8
0
 10
374.378580
 20
209.720685
 42
0.470617
  0
VERTEX
  8
0
 10
374.395823
 20
209.538436
 42
0.054073
  0
SEQEND
  0
POLYLINE
  8
0
 66
1
 70
1
  0
VERTEX
  8
0
 10
84.290129
 20
203.750000
 42
0.007252
  0
VERTEX
  8
0
 10
84.339417
 20
201.840777
 42
0.022450
  0
VERTEX
  8
0
 10
84.449134
 20
200.556250
 42
0.138076
  0
VERTEX
  8
0
 10
84.595382
 20
200.214652
 42
0.626504
  0
VERTEX
  8
0
 10
84.748068
 20
200.250000
 42
-0.088074
  0
VERTEX
  8
0
 10
85.262018
 20
201.466842
 42
-0.224907
  0
VERTEX
  8
0
 10
86.056529
 20
201.957262
 42
-0.310858
  0
VERTEX
  8
0
 10
86.734822
 20
201.593538
 42
-0.119516
  0
VERTEX
  8
0
 10
87.000000
 20
200.500000
 42
0.064853
  0
VERTEX
  8
0
 10
87.074694
 20
199.926543
 42
0.082425
  0
VERTEX
  8
0
 10
87.293750
 20
199.440625
 42
0.098894
  0
VERTEX
  8
0
 10
87.618646
 20
199.115568
 42
0.148195
  0
VERTEX
  8
0
 10
88.000000
 20
199.000000
 42
0.308176
  0
VERTEX
  8
0
 10
88.739790
 20
199.503820
 42
0.104548
  0
VERTEX
  8
0
 10
88.967148
 20
200.855074
 42
0.079759
  0
VERTEX
  8
0
 10
88.629559
 20
202.513435
 42
0.106751
  0
VERTEX
  8
0
 10
87.800000
 20
203.800000
 42
-0.028470
  0
VERTEX
  8
0
 10
87.250731
 20
204.415653
 42
-0.273085
  0
VERTEX
  8
0
 10
87.204167
 20
204.750000
 42
-0.272121
  0
VERTEX
  8
0
 10
87.474466
 20
204.953202
 42
-0.028321
  0
VERTEX
  8
0
 10
88.300000
 20
205.000000
 42
0.102158
  0
VERTEX
  8
0
 10
89.026253
 20
205.149950
 42
0.134990
  0
VERTEX
  8
0
 10
89.551098
 20
205.570546
 42
0.110601
  0
VERTEX
  8
0
 10
89.853901
 20
206.273855
 42
0.054423
  0
VERTEX
  8
0
 10
89.929715
 20
207.250000
 42
0.003386
  0
VERTEX
  8
0
 10
89.873110
 20
208.738914
 42
0.326773
  0
VERTEX
  8
0
 10
89.747226
 20
208.895722
 42
0.368608
  0
VERTEX
  8
0
 10
89.576652
 20
208.814662
 42
0.003751
  0
VERTEX
  8
0
 10
89.000000
 20
207.500000
 42
-0.005675
  0
VERTEX
  8
0
 10
88.489401
 20
206.347994
 42
-0.223503
  0
VERTEX
  8
0
 10
88.282091
 20
206.172505
 42
-0.467319
  0
VERTEX
  8
0
 10
88.131074
 20
206.278423
 42
-0.011173
  0
VERTEX
  8
0
 10
88.070285
 20
207.250000
 42
0.097161
  0
VERTEX
  8
0
 10
87.904642
 20
207.945356
 42
0.103638
  0
VERTEX
  8
0
 10
87.490467
 20
208.508534
 42
0.099678
  0
VERTEX
  8
0
 10
86.870017
 20
208.873276
 42
0.083380
  0
VERTEX
  8
0
 10
86.115385
 20
209.000000
 42
0.129994
  0
VERTEX
  8
0
 10
85.146155
 20
208.743680
 42
0.181743
  0
VERTEX
  8
0
 10
84.578298
 20
208.061446
 42
0.075833
  0
VERTEX
  8
0
 10
84.320095
 20
206.667996
 42
0.010788
  0
SEQEND
  0
POLYLINE
  8
0
 66
1
 70
1
  0
VERTEX
  8
0
 10
87.000000
 20
207.059017
 42
-0.089642
  0
VERTEX
  8
0
 10
86.926698
 20
206.653442
 42
-0.053229
  0
VERTEX
  8
0
 10
86.706250
 20
206.212900
 42
-0.051032
  0
VERTEX
  8
0
 10
86.382515
 20
205.806203
 42
-0.060810
  0
VERTEX
  8
0
 10
86.000000
 20
205.500000
 42
-0.139169
  0
VERTEX
  8
0
 10
85.620352
 20
205.392057
 42
-0.191142
  0
VERTEX
  8
0
 10
85.293750
 20
205.521475
 42
-0.138808
  0
VERTEX
  8
0
 10
85.073267
 20
205.889346
 42
-0.066118
  0
VERTEX
  8
0
 10
85.000000
 20
206.440983
 42
-0.062283
  0
VERTEX
  8
0
 10
85.074545
 20
207.037096
 42
-0.080552
  0
VERTEX
  8
0
 10
85.293750
 20
207.542039
 42
-0.097988
  0
VERTEX
  8
0
 10
85.618621
 20
207.879982
 42
-0.153634
  0
VERTEX
  8
0
 10
86.000000
 20
208.000000
 42
-0.092995
  0
VERTEX
  8
0
 10
86.381732
 20
207.928382
 42
-0.096318
  0
VERTEX
  8
0
 10
86.706250
 20
207.723586
 42
-0.099231
  0
VERTEX
  8
0
 10
86.923444
 20
207.418051
 42
-0.105429
  0
SEQEND
  0
POLYLINE
  8
0
 66
1
 70
1
  0
VERTEX
  8
0
 10
221.000000
 20
208.088484
 42
0.319036
  0
VERTEX
  8
0
 10
221.380019
 20
207.553530
 42
0.099013
  0
VERTEX
  8
0
 10
222.413557
 20
207.409883
 42
0.076138
  0
VERTEX
  8
0
 10
223.672674
 20
207.679921
 42
0.105931
  0
VERTEX
  8
0
 10
224.637722
 20
208.304389
 42
0.286074
  0
VERTEX
  8
0
 10
224.698305
 20
208.565325
 42
0.202700
  0
VERTEX
  8
0
 10
224.492539
 20
208.795664
 42
0.080137
  0
VERTEX
  8
0
 10
223.952173
 20
208.952087
 42
0.030470
  0
VERTEX
  8
0
 10
223.166667
 20
209.000000
 42
0.040166
  0
VERTEX
  8
0
 10
222.337059
 20
208.933248
 42
0.059481
  0
VERTEX
  8
0
 10
221.636458
 20
208.732242
 42
0.078229
  0
VERTEX
  8
0
 10
221.160022
 20
208.437269
 42
0.218452
  0
SEQEND
  0
POLYLINE
  8
0
 66
1
 70
1
  0
VERTEX
  8
0
 10
623.250000
 20
208.269359
 42
0.206438
  0
VERTEX
  8
0
 10
622.726289
 20
207.788487
 42
0.047897
  0
VERTEX
  8
0
 10
622.335730
 20
206.629904
 42
0.037780
  0
VERTEX
  8
0
 10
622.081262
 20
204.989436
 42
0.019595
  0
VERTEX
  8
0
 10
622.000000
 20
202.916667
 42
0.010665
  0
VERTEX
  8
0
 10
622.063564
 20
199.937020
 42
0.107346
  0
VERTEX
  8
0
 10
622.377119
 20
198.741667
 42
0.216056
  0
VERTEX
  8
0
 10
623.082040
 20
198.177636
 42
0.062394
  0
VERTEX
  8
0
 10
624.500000
 20
198.000000
 42
0.062177
  0
VERTEX
  8
0
 10
625.917405
 20
198.176944
 42
0.215771
  0
VERTEX
  8
0
 10
626.622267
 20
198.739301
 42
0.107738
  0
VERTEX
  8
0
 10
626.936204
 20
199.930403
 42
0.010766
  0
VERTEX
  8
0
 10
627.000000
 20
202.893011
 42
0.030351
  0
VERTEX
  8
0
 10
626.811789
 20
205.990676
 42
0.122527
  0
VERTEX
  8
0
 10
626.140662
 20
207.745901
 42
0.213179
  0
VERTEX
  8
0
 10
624.964630
 20
208.453539
 42
0.114809
  0
SEQEND
  0
POLYLINE
  8
0
 66
1
 70
1
  0
VERTEX
  8
0
 10
625.425794
 20
204.667217
 42
-0.056453
  0
VERTEX
  8
0
 10
624.724483
 20
203.317472
 42
-0.329715
  0
VERTEX
  8
0
 10
624.015240
 20
203.065122
 42
-0.301155
  0
VERTEX
  8
0
 10
623.509817
 20
203.676737
 42
-0.052554
  0
VERTEX
  8
0
 10
623.508913
 20
205.250000
 42
-0.004868
  0
VERTEX
  8
0
 10
623.755244
 20
207.398144
 42
-0.125642
  0
VERTEX
  8
0
 10
623.967347
 20
207.938755
 42
-0.417865
  0
VERTEX
  8
0
 10
624.307187
 20
207.991965
 42
-0.037289
  0
VERTEX
  8
0
 10
625.032783
 20
207.367217
 42
-0.097797
  0
VERTEX
  8
0
 10
625.380399
 20
206.848518
 42
-0.062809
  0
VERTEX
  8
0
 10
625.574252
 20
206.148070
 42
-0.059835
  0
VERTEX
  8
0
 10
625.593429
 20
205.381692
 42
-0.068079
  0
SEQEND
  0
POLYLINE
  8
0
 66
1
 70
1
  0
VERTEX
  8
0
 10
556.750000
 20
207.310674
 42
0.164249
  0
VERTEX
  8
0
 10
555.327582
 20
206.376305
 42
0.212166
  0
VERTEX
  8
0
 10
554.951499
 20
204.877653
 42
0.200436
  0
VERTEX
  8
0
 10
555.812003
 20
203.528895
 42
0.152996
  0
VERTEX
  8
0
 10
557.500000
 20
203.000000
 42
0.059658
  0
VERTEX
  8
0
 10
559.311369
 20
203.216896
 42
0.315898
  0
VERTEX
  8
0
 10
559.934799
 20
203.927000
 42
0.322348
  0
VERTEX
  8
0
 10
559.474786
 20
204.739593
 42
0.060507
  0
VERTEX
  8
0
 10
557.750000
 20
205.294267
 42
0.000000
  0
VERTEX
  8
0
 10
555.500000
 20
205.727636
 42
0.000000
  0
VERTEX
  8
0
 10
557.750000
 20
205.863818
 42
0.042203
  0
VERTEX
  8
0
 10
558.611298
 20
205.989419
 42
0.059684
  0
VERTEX
  8
0
 10
559.339062
 20
206.253747
 42
0.076309
  0
VERTEX
  8
0
 10
559.834284
 20
206.607244
 42
0.202329
  0
VERTEX
  8
0
 10
560.000000
 20
207.000000
 42
0.125973
  0
VERTEX
  8
0
 10
559.852158
 20
207.577487
 42
0.248494
  0
VERTEX
  8
0
 10
559.467551
 20
207.830803
 42
0.080152
  0
VERTEX
  8
0
 10
558.661090
 20
207.778585
 42
0.007748
  0
SEQEND
  0
POLYLINE
  8
0
 66
1
 70
1
  0
VERTEX
  8
0
 10
175.000000
 20
205.940983
 42
0.108972
  0
VERTEX
  8
0
 10
175.078288
 20
205.586039
 42
0.182303
  0
VERTEX
  8
0
 10
175.293750
 20
205.374600
 42
0.161196
  0
VERTEX
  8
0
 10
175.617900
 20
205.343488
 42
0.082592
  0
VERTEX
  8
0
 10
176.000000
 20
205.500000
 42
0.029505
  0
VERTEX
  8
0
 10
176.382774
 20
205.768994
 42
0.035638
  0
VERTEX
  8
0
 10
176.706250
 20
206.066025
 42
0.038439
  0
VERTEX
  8
0
 10
176.934461
 20
206.348290
 42
0.151918
  0
VERTEX
  8
0
 10
177.000000
 20
206.559017
 42
0.210953
  0
VERTEX
  8
0
 10
176.925540
 20
206.727648
 42
0.081139
  0
VERTEX
  8
0
 10
176.706250
 20
206.870461
 42
0.061769
  0
VERTEX
  8
0
 10
176.382849
 20
206.967655
 42
0.042167
  0
VERTEX
  8
0
 10
176.000000
 20
207.000000
 42
0.105053
  0
VERTEX
  8
0
 10
175.618444
 20
206.918938
 42
0.099167
  0
VERTEX
  8
0
 10
175.293750
 20
206.688914
 42
0.096420
  0
VERTEX
  8
0
 10
175.076123
 20
206.345238
 42
0.093332
  0
SEQEND
  0
POLYLINE
  8
0
 66
1
 70
1
  0
VERTEX
  8
0
 10
20.457695
 20
204.931549
 42
0.103708
  0
VERTEX
  8
0
 10
20.330380
 20
204.579380
 42
0.237785
  0
VERTEX
  8
0
 10
20.418479
 20
204.319361
 42
0.182817
  0
VERTEX
  8
0
 10
20.711233
 20
204.190175
 42
0.064720
  0
VERTEX
  8
0
 10
21.175670
 20
204.225223
 42
-0.135710
  0
VERTEX
  8
0
 10
21.670549
 20
204.192916
 42
-0.139547
  0
VERTEX
  8
0
 10
22.072391
 20
203.910705
 42
-0.115333
  0
VERTEX
  8
0
 10
22.316508
 20
203.407374
 42
-0.075289
  0
VERTEX
  8
0
 10
22.362905
 20
202.760762
 42
0.047533
  0
VERTEX
  8
0
 10
22.373174
 20
202.132042
 42
0.113146
  0
VERTEX
  8
0
 10
22.526665
 20
201.693475
 42
0.205057
  0
VERTEX
  8
0
 10
22.789537
 20
201.511973
 42
0.190599
  0
VERTEX
  8
0
 10
23.112905
 20
201.569779
 42
0.158992
  0
VERTEX
  8
0
 10
23.816895
 20
202.402407
 42
0.135579
  0
VERTEX
  8
0
 10
23.951692
 20
203.549075
 42
0.128268
  0
VERTEX
  8
0
 10
23.476037
 20
204.650564
 42
0.136235
  0
VERTEX
  8
0
 10
22.532025
 20
205.349337
 42
0.068451
  0
VERTEX
  8
0
 10
21.925518
 20
205.491167
 42
0.073075
  0
VERTEX
  8
0
 10
21.317151
 20
205.458979
 42
0.081311
  0
VERTEX
  8
0
 10
20.800144
 20
205.263778
 42
0.124117
  0
SEQEND
  0
POLYLINE
  8
0
 66
1
 70
1
  0
VERTEX
  8
0
 10
355.750000
 20
205.242116
 42
0.099619
  0
VERTEX
  8
0
 10
355.044718
 20
204.929535
 42
0.097280
  0
VERTEX
  8
0
 10
354.508276
 20
204.366346
 42
0.088475
  0
VERTEX
  8
0
 10
354.189901
 20
203.593221
 42
0.066948
  0
VERTEX
  8
0
 10
354.116001
 20
202.676676
 42
0.005033
  0
VERTEX
  8
0
 10
354.188861
 20
201.527336
 42
0.217756
  0
VERTEX
  8
0
 10
354.303204
 20
201.319118
 42
0.520142
  0
VERTEX
  8
0
 10
354.440617
 20
201.364576
 42
0.009112
  0
VERTEX
  8
0
 10
354.689326
 20
202.250000
 42
-0.078300
  0
VERTEX
  8
0
 10
355.176392
 20
203.364866
 42
-0.169761
  0
VERTEX
  8
0
 10
355.901848
 20
203.935262
 42
-0.247875
  0
VERTEX
  8
0
 10
356.626841
 20
203.821262
 42
-0.144673
  0
VERTEX
  8
0
 10
357.166667
 20
203.098522
 42
0.214499
  0
VERTEX
  8
0
 10
357.393980
 20
202.867250
 42
0.159301
  0
VERTEX
  8
0
 10
357.756185
 20
202.847131
 42
0.094919
  0
VERTEX
  8
0
 10
358.219290
 20
203.070681
 42
0.047169
  0
VERTEX
  8
0
 10
358.705453
 20
203.508627
 42
0.143641
  0
VERTEX
  8
0
 10
359.183174
 20
204.477889
 42
0.312882
  0
VERTEX
  8
0
 10
358.851424
 20
205.193931
 42
0.144767
  0
VERTEX
  8
0
 10
357.644864
 20
205.492941
 42
0.043525
  0
SEQEND
  0
POLYLINE
  8
0
 66
1
 70
1
  0
VERTEX
  8
0
 10
428.935698
 20
204.060903
 42
-0.054433
  0
VERTEX
  8
0
 10
429.585241
 20
203.543197
 42
-0.170168
  0
VERTEX
  8
0
 10
429.825768
 20
203.047803
 42
-0.158004
  0
VERTEX
  8
0
 10
429.712745
 20
202.485977
 42
-0.045228
  0
VERTEX
  8
0
 10
429.203008
 20
201.744610
 42
0.024959
  0
VERTEX
  8
0
 10
428.651667
 20
201.008438
 42
0.260651
  0
VERTEX
  8
0
 10
428.621516
 20
200.645808
 42
0.283297
  0
VERTEX
  8
0
 10
428.911584
 20
200.450889
 42
0.028278
  0
VERTEX
  8
0
 10
429.784891
 20
200.465734
 42
0.090687
  0
VERTEX
  8
0
 10
432.698610
 20
201.223455
 42
0.235487
  0
VERTEX
  8
0
 10
434.013404
 20
202.872981
 42
0.341717
  0
VERTEX
  8
0
 10
433.282888
 20
204.392451
 42
0.117742
  0
VERTEX
  8
0
 10
430.750000
 20
204.984687
 42
0.012367
  0
VERTEX
  8
0
 10
429.233888
 20
204.940033
 42
0.104573
  0
VERTEX
  8
0
 10
428.578313
 20
204.763833
 42
0.456215
  0
VERTEX
  8
0
 10
428.505455
 20
204.470961
 42
0.098927
  0
SEQEND
  0
POLYLINE
  8
0
 66
1
 70
1
  0
VERTEX
  8
0
 10
433.000000
 20
203.000000
 42
-0.105053
  0
VERTEX
  8
0
 10
432.918938
 20
202.618444
 42
-0.099167
  0
VERTEX
  8
0
 10
432.688914
 20
202.293750
 42
-0.096420
  0
VERTEX
  8
0
 10
432.345238
 20
202.076123
 42
-0.093332
  0
VERTEX
  8
0
 10
431.940983
 20
202.000000
 42
-0.108972
  0
VERTEX
  8
0
 10
431.586039
 20
202.078288
 42
-0.182303
  0
VERTEX
  8
0
 10
431.374600
 20
202.293750
 42
-0.161196
  0
VERTEX
  8
0
 10
431.343488
 20
202.617900
 42
-0.082592
  0
VERTEX
  8
0
 10
431.500000
 20
203.000000
 42
-0.029505
  0
VERTEX
  8
0
 10
431.768994
 20
203.382774
 42
-0.035638
  0
VERTEX
  8
0
 10
432.066025
 20
203.706250
 42
-0.038439
  0
VERTEX
  8
0
 10
432.348290
 20
203.934461
 42
-0.151918
  0
VERTEX
  8
0
 10
432.559017
 20
204.000000
 42
-0.210953
  0
VERTEX
  8
0
 10
432.727648
 20
203.925540
 42
-0.081139
  0
VERTEX
  8
0
 10
432.870461
 20
203.706250
 42
-0.061769
  0
VERTEX
  8
0
 10
432.967655
 20
203.382849
 42
-0.042167
  0
SEQEND
  0
POLYLINE
  8
0
 66
1
 70
1
  0
VERTEX
  8
0
 10
163.131314
 20
201.000000
 42
0.012227
  0
VERTEX
  8
0
 10
163.197984
 20
199.748294
 42
0.055304
  0
VERTEX
  8
0
 10
163.334588
 20
199.030889
 42
0.496450
  0
VERTEX
  8
0
 10
163.505295
 20
198.968473
 42
0.187830
  0
VERTEX
  8
0
 10
163.681918
 20
199.211538
 42
-0.217439
  0
VERTEX
  8
0
 10
164.426636
 20
200.122604
 42
-0.079110
  0
VERTEX
  8
0
 10
166.058422
 20
200.626342
 42
-0.031303
  0
VERTEX
  8
0
 10
169.130750
 20
200.869391
 42
-0.004090
  0
VERTEX
  8
0
 10
175.694122
 20
200.923077
 42
0.004352
  0
VERTEX
  8
0
 10
180.164689
 20
200.961991
 42
0.006765
  0
VERTEX
  8
0
 10
184.018161
 20
201.081250
 42
0.002548
  0
VERTEX
  8
0
 10
187.308870
 20
201.244486
 42
0.184744
  0
VERTEX
  8
0
 10
187.794872
 20
201.461538
 42
0.651152
  0
VERTEX
  8
0
 10
187.642244
 20
201.856253
 42
0.004169
  0
VERTEX
  8
0
 10
182.681329
 20
202.050424
 42
0.009030
  0
VERTEX
  8
0
 10
176.775951
 20
202.125560
 42
0.006283
  0
VERTEX
  8
0
 10
170.107893
 20
202.006170
 42
-0.017045
  0
VERTEX
  8
0
 10
167.705158
 20
202.014866
 42
-0.036762
  0
VERTEX
  8
0
 10
165.867867
 20
202.220013
 42
-0.048997
  0
VERTEX
  8
0
 10
164.561194
 20
202.599440
 42
-0.157601
  0
VERTEX
  8
0
 10
163.873206
 20
203.170917
 42
0.202641
  0
VERTEX
  8
0
 10
163.539810
 20
203.401912
 42
0.378558
  0
VERTEX
  8
0
 10
163.274618
 20
203.250874
 42
0.075213
  0
VERTEX
  8
0
 10
163.131498
 20
202.460574
 42
0.014444
  0
SEQEND
  0
POLYLINE
  8
0
 66
1
 70
1
  0
VERTEX
  8
0
 10
254.881517
 20
194.750000
 42
0.001786
  0
VERTEX
  8
0
 10
254.847950
 20
191.115641
 42
0.002460
  0
VERTEX
  8
0
 10
254.845520
 20
187.850000
 42
0.001563
  0
VERTEX
  8
0
 10
254.865555
 20
185.105593
 42
0.029686
  0
VERTEX
  8
0
 10
254.925354
 20
184.250000
 42
-0.197844
  0
VERTEX
  8
0
 10
254.794668
 20
183.761708
 42
-0.109255
  0
VERTEX
  8
0
 10
254.315025
 20
183.356894
 42
-0.076426
  0
VERTEX
  8
0
 10
253.533193
 20
183.088404
 42
-0.044589
  0
VERTEX
  8
0
 10
252.543837
 20
183.000000
 42
-0.043296
  0
VERTEX
  8
0
 10
251.333460
 20
183.105007
 42
-0.123929
  0
VERTEX
  8
0
 10
250.567980
 20
183.446553
 42
-0.151219
  0
VERTEX
  8
0
 10
250.144002
 20
184.060525
 42
-0.076195
  0
VERTEX
  8
0
 10
250.000000
 20
185.000000
 42
0.043375
  0
VERTEX
  8
0
 10
249.933456
 20
185.765641
 42
0.063112
  0
VERTEX
  8
0
 10
249.733751
 20
186.412500
 42
0.082769
  0
VERTEX
  8
0
 10
249.440102
 20
186.850443
 42
0.206609
  0
VERTEX
  8
0
 10
249.093620
 20
187.000000
 42
0.243840
  0
VERTEX
  8
0
 10
248.789795
 20
186.842465
 42
0.106581
  0
VERTEX
  8
0
 10
248.607123
 20
186.412500
 42
0.070464
  0
VERTEX
  8
0
 10
248.575635
 20
185.766322
 42
0.040966
  0
VERTEX
  8
0
 10
248.710251
 20
185.000000
 42
-0.389879
  0
VERTEX
  8
0
 10
248.086625
 20
183.824388
 42
-0.067299
  0
VERTEX
  8
0
 10
245.388244
 20
183.262851
 42
-0.016744
  0
VERTEX
  8
0
 10
239.302104
 20
183.035782
 42
-0.000952
  0
VERTEX
  8
0
 10
220.500000
 20
183.000000
 42
-0.000952
  0
VERTEX
  8
0
 10
201.697896
 20
183.035782
 42
-0.016744
  0
VERTEX
  8
0
 10
195.611756
 20
183.262851
 42
-0.067299
  0
VERTEX
  8
0
 10
192.913375
 20
183.824388
 42
-0.389879
  0
VERTEX
  8
0
 10
192.289749
 20
185.000000
 42
0.040966
  0
VERTEX
  8
0
 10
192.424365
 20
185.766322
 42
0.070464
  0
VERTEX
  8
0
 10
192.392877
 20
186.412500
 42
0.106581
  0
VERTEX
  8
0
 10
192.210205
 20
186.842465
 42
0.243840
  0
VERTEX
  8
0
 10
191.906380
 20
187.000000
 42
0.199861
  0
VERTEX
  8
0
 10
191.560063
 20
186.855810
 42
0.085210
  0
VERTEX
  8
0
 10
191.266249
 20
186.436979
 42
0.065226
  0
VERTEX
  8
0
 10
191.066649
 20
185.816984
 42
0.045329
  0
VERTEX
  8
0
 10
191.000000
 20
185.083333
 42
-0.060158
  0
VERTEX
  8
0
 10
190.906898
 20
184.312318
 42
-0.058833
  0
VERTEX
  8
0
 10
190.632812
 20
183.579421
 42
-0.064023
  0
VERTEX
  8
0
 10
190.228331
 20
182.992326
 42
-0.113283
  0
VERTEX
  8
0
 10
189.750000
 20
182.655121
 42
0.817115
  0
VERTEX
  8
0
 10
189.788931
 20
182.450296
 42
0.000652
  0
VERTEX
  8
0
 10
198.854688
 20
182.346191
 42
0.002461
  0
VERTEX
  8
0
 10
209.547035
 20
182.289998
 42
0.001394
  0
VERTEX
  8
0
 10
222.500000
 20
182.321787
 42
0.000000
  0
VERTEX
  8
0
 10
256.500000
 20
182.500000
 42
0.000000
  0
VERTEX
  8
0
 10
257.000000
 20
193.252269
 42
0.005165
  0
VERTEX
  8
0
 10
257.193556
 20
198.605989
 42
0.023870
  0
VERTEX
  8
0
 10
257.125629
 20
201.703858
 42
0.040121
  0
VERTEX
  8
0
 10
256.850333
 20
203.527176
 42
0.348838
  0
VERTEX
  8
0
 10
256.250000
 20
204.002269
 42
0.326390
  0
VERTEX
  8
0
 10
255.648967
 20
203.561470
 42
0.040067
  0
VERTEX
  8
0
 10
255.259845
 20
201.876321
 42
0.026369
  0
VERTEX
  8
0
 10
255.000102
 20
199.124709
 42
0.007146
  0
SEQEND
  0
POLYLINE
  8
0
 66
1
 70
1
  0
VERTEX
  8
0
 10
292.073886
 20
201.589028
 42
0.137887
  0
VERTEX
  8
0
 10
291.546796
 20
200.404522
 42
0.311259
  0
VERTEX
  8
0
 10
291.960887
 20
199.566367
 42
0.147078
  0
VERTEX
  8
0
 10
293.377538
 20
199.255002
 42
0.042574
  0
VERTEX
  8
0
 10
295.611828
 20
199.617423
 42
0.009839
  0
VERTEX
  8
0
 10
297.285899
 20
200.072781
 42
0.225476
  0
VERTEX
  8
0
 10
297.646785
 20
200.394960
 42
0.327859
  0
VERTEX
  8
0
 10
297.550982
 20
200.794813
 42
0.017659
  0
VERTEX
  8
0
 10
296.466687
 20
201.648017
 42
0.026344
  0
VERTEX
  8
0
 10
294.922200
 20
202.657040
 42
0.135686
  0
VERTEX
  8
0
 10
293.943045
 20
202.913637
 42
0.170189
  0
VERTEX
  8
0
 10
293.092579
 20
202.602638
 42
0.047623
  0
SEQEND
  0
POLYLINE
  8
0
 66
1
 70
1
  0
VERTEX
  8
0
 10
342.078947
 20
200.416667
 42
0.018894
  0
VERTEX
  8
0
 10
342.137993
 20
199.670344
 42
0.168741
  0
VERTEX
  8
0
 10
342.279315
 20
199.378580
 42
0.470617
  0
VERTEX
  8
0
 10
342.461564
 20
199.395823
 42
0.054073
  0
VERTEX
  8
0
 10
342.683114
 20
199.812500
 42
0.051402
  0
VERTEX
  8
0
 10
342.839148
 20
200.359369
 42
0.054150
  0
VERTEX
  8
0
 10
342.876576
 20
200.916927
 42
0.060344
  0
VERTEX
  8
0
 10
342.797407
 20
201.402231
 42
0.126455
  0
VERTEX
  8
0
 10
342.604167
 20
201.729167
 42
0.296942
  0
VERTEX
  8
0
 10
342.385309
 20
201.775380
 42
0.208169
  0
VERTEX
  8
0
 10
342.200665
 20
201.592839
 42
0.077125
  0
VERTEX
  8
0
 10
342.089945
 20
201.112848
 42
0.028489
  0
SEQEND
  0
POLYLINE
  8
0
 66
1
 70
1
  0
VERTEX
  8
0
 10
555.438728
 20
200.900860
 42
0.026478
  0
VERTEX
  8
0
 10
555.146857
 20
200.367393
 42
0.397409
  0
VERTEX
  8
0
 10
555.205751
 20
200.182811
 42
0.250323
  0
VERTEX
  8
0
 10
555.453496
 20
200.179136
 42
0.016665
  0
VERTEX
  8
0
 10
556.095492
 20
200.537450
 42
-0.009209
  0
VERTEX
  8
0
 10
556.881283
 20
200.991516
 42
-0.558848
  0
VERTEX
  8
0
 10
556.998426
 20
200.925426
 42
-0.177912
  0
VERTEX
  8
0
 10
556.920014
 20
200.684159
 42
-0.003784
  0
VERTEX
  8
0
 10
556.127555
 20
199.691958
 42
0.025133
  0
VERTEX
  8
0
 10
555.409653
 20
198.709921
 42
0.321635
  0
VERTEX
  8
0
 10
555.427467
 20
198.279631
 42
0.216696
  0
VERTEX
  8
0
 10
555.883820
 20
198.041900
 42
0.013367
  0
VERTEX
  8
0
 10
557.450879
 20
198.000000
 42
0.032362
  0
VERTEX
  8
0
 10
558.746694
 20
198.083957
 42
0.127005
  0
VERTEX
  8
0
 10
559.483925
 20
198.380177
 42
0.192012
  0
VERTEX
  8
0
 10
559.817183
 20
198.915678
 42
0.092140
  0
VERTEX
  8
0
 10
559.811841
 20
199.738516
 42
0.148539
  0
VERTEX
  8
0
 10
559.147973
 20
200.997738
 42
0.133514
  0
VERTEX
  8
0
 10
557.868588
 20
201.739200
 42
0.143827
  0
VERTEX
  8
0
 10
556.462614
 20
201.702767
 42
0.178258
  0
SEQEND
  0
POLYLINE
  8
0
 66
1
 70
1
  0
VERTEX
  8
0
 10
20.000000
 20
198.940983
 42
0.108972
  0
VERTEX
  8
0
 10
20.078288
 20
198.586039
 42
0.182303
  0
VERTEX
  8
0
 10
20.293750
 20
198.374600
 42
0.161196
  0
VERTEX
  8
0
 10
20.617900
 20
198.343488
 42
0.082592
  0
VERTEX
  8
0
 10
21.000000
 20
198.500000
 42
0.029505
  0
VERTEX
  8
0
 10
21.382774
 20
198.768994
 42
0.035638
  0
VERTEX
  8
0
 10
21.706250
 20
199.066025
 42
0.038439
  0
VERTEX
  8
0
 10
21.934461
 20
199.348290
 42
0.151918
  0
VERTEX
  8
0
 10
22.000000
 20
199.559017
 42
0.210953
  0
VERTEX
  8
0
 10
21.925540
 20
199.727648
 42
0.081139
  0
VERTEX
  8
0
 10
21.706250
 20
199.870461
 42
0.061769
  0
VERTEX
  8
0
 10
21.382849
 20
199.967655
 42
0.042167
  0
VERTEX
  8
0
 10
21.000000
 20
200.000000
 42
0.105053
  0
VERTEX
  8
0
 10
20.618444
 20
199.918938
 42
0.099167
  0
VERTEX
  8
0
 10
20.293750
 20
199.688914
 42
0.096420
  0
VERTEX
  8
0
 10
20.076123
 20
199.345238
 42
0.093332
  0
SEQEND
  0
POLYLINE
  8
0
 66
1
 70
1
  0
VERTEX
  8
0
 10
354.000000
 20
197.940983
 42
0.045552
  0
VERTEX
  8
0
 10
354.068264
 20
197.193244
 42
0.099152
  0
VERTEX
  8
0
 10
354.280921
 20
196.660421
 42
0.177225
  0
VERTEX
  8
0
 10
354.594852
 20
196.425420
 42
0.214542
  0
VERTEX
  8
0
 10
354.956326
 20
196.473008
 42
0.126981
  0
VERTEX
  8
0
 10
355.279146
 20
196.809536
 42
0.081026
  0
VERTEX
  8
0
 10
355.466258
 20
197.321649
 42
0.072258
  0
VERTEX
  8
0
 10
355.493102
 20
197.926665
 42
0.066719
  0
VERTEX
  8
0
 10
355.349337
 20
198.532025
 42
0.027681
  0
VERTEX
  8
0
 10
354.794126
 20
199.769457
 42
0.395517
  0
VERTEX
  8
0
 10
354.377209
 20
199.917133
 42
0.275668
  0
VERTEX
  8
0
 10
354.063011
 20
199.476999
 42
0.020503
  0
SEQEND
  0
POLYLINE
  8
0
 66
1
 70
1
  0
VERTEX
  8
0
 10
22.564293
 20
197.293128
 42
0.008399
  0
VERTEX
  8
0
 10
22.218210
 20
196.336218
 42
0.286372
  0
VERTEX
  8
0
 10
22.270328
 20
196.111181
 42
0.400052
  0
VERTEX
  8
0
 10
22.463552
 20
196.106486
 42
0.011214
  0
VERTEX
  8
0
 10
23.124088
 20
196.733333
 42
0.043285
  0
VERTEX
  8
0
 10
23.558688
 20
197.246577
 42
0.063152
  0
VERTEX
  8
0
 10
23.837219
 20
197.768815
 42
0.082976
  0
VERTEX
  8
0
 10
23.927901
 20
198.220211
 42
0.207420
  0
VERTEX
  8
0
 10
23.806872
 20
198.526461
 42
0.278911
  0
VERTEX
  8
0
 10
23.538684
 20
198.592490
 42
0.120343
  0
VERTEX
  8
0
 10
23.210949
 20
198.395085
 42
0.070189
  0
VERTEX
  8
0
 10
22.866277
 20
197.940734
 42
0.036269
  0
SEQEND
  0
POLYLINE
  8
0
 66
1
 70
1
  0
VERTEX
  8
0
 10
427.446149
 20
197.912868
 42
0.115698
  0
VERTEX
  8
0
 10
427.277701
 20
197.409959
 42
0.078057
  0
VERTEX
  8
0
 10
427.315939
 20
196.803488
 42
0.071769
  0
VERTEX
  8
0
 10
427.548755
 20
196.188799
 42
0.071122
  0
VERTEX
  8
0
 10
427.946378
 20
195.662868
 42
0.014610
  0
VERTEX
  8
0
 10
428.536488
 20
195.110670
 42
0.417676
  0
VERTEX
  8
0
 10
428.724953
 20
195.123562
 42
0.264908
  0
VERTEX
  8
0
 10
428.771253
 20
195.360124
 42
0.009780
  0
VERTEX
  8
0
 10
428.452257
 20
196.250000
 42
-0.052394
  0
VERTEX
  8
0
 10
428.237451
 20
197.060507
 42
-0.175223
  0
VERTEX
  8
0
 10
428.341057
 20
197.591922
 42
-0.194305
  0
VERTEX
  8
0
 10
428.748965
 20
197.900409
 42
-0.066014
  0
VERTEX
  8
0
 10
429.500000
 20
198.000000
 42
-0.067816
  0
VERTEX
  8
0
 10
430.200058
 20
197.904611
 42
-0.164142
  0
VERTEX
  8
0
 10
430.626575
 20
197.615168
 42
-0.175918
  0
VERTEX
  8
0
 10
430.773240
 20
197.142564
 42
-0.079931
  0
VERTEX
  8
0
 10
430.638374
 20
196.500000
 42
0.055937
  0
VERTEX
  8
0
 10
430.488865
 20
195.925634
 42
0.100118
  0
VERTEX
  8
0
 10
430.516384
 20
195.440625
 42
0.147206
  0
VERTEX
  8
0
 10
430.710807
 20
195.122486
 42
0.184534
  0
VERTEX
  8
0
 10
431.031385
 20
195.000000
 42
0.196096
  0
VERTEX
  8
0
 10
431.401391
 20
195.150917
 42
0.086521
  0
VERTEX
  8
0
 10
431.715469
 20
195.587500
 42
0.066420
  0
VERTEX
  8
0
 10
431.928710
 20
196.234506
 42
0.046464
  0
VERTEX
  8
0
 10
432.000000
 20
197.000000
 42
0.193805
  0
VERTEX
  8
0
 10
431.486555
 20
198.274890
 42
0.152985
  0
VERTEX
  8
0
 10
430.171082
 20
198.996023
 42
0.141453
  0
VERTEX
  8
0
 10
428.597846
 20
198.864823
 42
0.164711
  0
SEQEND
  0
POLYLINE
  8
0
 66
1
 70
1
  0
VERTEX
  8
0
 10
27.000000
 20
197.124123
 42
0.343510
  0
VERTEX
  8
0
 10
27.306549
 20
196.730574
 42
0.016202
  0
VERTEX
  8
0
 10
29.056912
 20
196.348577
 42
0.020932
  0
VERTEX
  8
0
 10
31.317857
 20
196.028554
 42
0.012842
  0
VERTEX
  8
0
 10
34.002253
 20
195.832059
 42
0.011418
  0
VERTEX
  8
0
 10
36.868995
 20
195.761663
 42
0.024165
  0
VERTEX
  8
0
 10
39.088461
 20
195.865176
 42
0.024249
  0
VERTEX
  8
0
 10
40.679112
 20
196.094876
 42
0.355378
  0
VERTEX
  8
0
 10
41.017566
 20
196.500000
 42
-0.208128
  0
VERTEX
  8
0
 10
41.122524
 20
196.732867
 42
-0.301872
  0
VERTEX
  8
0
 10
41.338405
 20
196.765625
 42
-0.100506
  0
VERTEX
  8
0
 10
41.681402
 20
196.512325
 42
-0.029712
  0
VERTEX
  8
0
 10
42.091444
 20
196.000000
 42
0.003146
  0
VERTEX
  8
0
 10
42.750826
 20
195.079964
 42
0.240128
  0
VERTEX
  8
0
 10
42.907728
 20
195.000000
 42
0.487459
  0
VERTEX
  8
0
 10
42.981131
 20
195.093866
 42
0.005278
  0
VERTEX
  8
0
 10
42.745877
 20
196.000000
 42
0.210788
  0
VERTEX
  8
0
 10
42.148615
 20
196.738480
 42
0.064308
  0
VERTEX
  8
0
 10
40.765701
 20
197.238270
 42
0.035982
  0
VERTEX
  8
0
 10
38.457643
 20
197.578666
 42
0.009108
  0
VERTEX
  8
0
 10
34.669746
 20
197.792064
 42
0.010776
  0
VERTEX
  8
0
 10
31.622116
 20
197.842384
 42
0.020459
  0
VERTEX
  8
0
 10
29.171261
 20
197.729675
 42
0.016843
  0
VERTEX
  8
0
 10
27.327354
 20
197.506305
 42
0.369727
  0
SEQEND
  0
POLYLINE
  8
0
 66
1
 70
1
  0
VERTEX
  8
0
 10
84.666667
 20
197.333333
 42
0.097261
  0
VERTEX
  8
0
 10
84.410100
 20
196.951373
 42
0.034257
  0
VERTEX
  8
0
 10
84.195833
 20
196.323958
 42
0.032464
  0
VERTEX
  8
0
 10
84.049166
 20
195.584091
 42
0.032710
  0
VERTEX
  8
0
 10
84.000000
 20
194.833333
 42
0.096642
  0
VERTEX
  8
0
 10
84.166492
 20
193.979995
 42
0.153980
  0
VERTEX
  8
0
 10
84.636364
 20
193.411765
 42
0.108912
  0
VERTEX
  8
0
 10
85.485419
 20
193.094757
 42
0.035106
  0
VERTEX
  8
0
 10
86.833333
 20
193.000000
 42
0.027630
  0
VERTEX
  8
0
 10
89.202038
 20
193.130993
 42
0.204464
  0
VERTEX
  8
0
 10
90.164990
 20
193.674519
 42
0.297657
  0
VERTEX
  8
0
 10
90.233472
 20
194.586442
 42
0.051155
  0
VERTEX
  8
0
 10
89.195608
 20
196.084515
 42
0.049369
  0
VERTEX
  8
0
 10
87.950556
 20
197.277491
 42
0.099408
  0
VERTEX
  8
0
 10
86.741365
 20
197.887496
 42
0.133633
  0
VERTEX
  8
0
 10
85.632375
 20
197.891226
 42
0.131518
  0
SEQEND
  0
POLYLINE
  8
0
 66
1
 70
1
  0
VERTEX
  8
0
 10
88.000000
 20
196.000000
 42
-0.148195
  0
VERTEX
  8
0
 10
87.884432
 20
195.618646
 42
-0.098894
  0
VERTEX
  8
0
 10
87.559375
 20
195.293750
 42
-0.082425
  0
VERTEX
  8
0
 10
87.073457
 20
195.074694
 42
-0.064853
  0
VERTEX
  8
0
 10
86.500000
 20
195.000000
 42
-0.064853
  0
VERTEX
  8
0
 10
85.926543
 20
195.074694
 42
-0.082425
  0
VERTEX
  8
0
 10
85.440625
 20
195.293750
 42
-0.098894
  0
VERTEX
  8
0
 10
85.115568
 20
195.618646
 42
-0.148195
  0
VERTEX
  8
0
 10
85.000000
 20
196.000000
 42
-0.148195
  0
VERTEX
  8
0
 10
85.115568
 20
196.381354
 42
-0.098894
  0
VERTEX
  8
0
 10
85.440625
 20
196.706250
 42
-0.082425
  0
VERTEX
  8
0
 10
85.926543
 20
196.925306
 42
-0.064853
  0
VERTEX
  8
0
 10
86.500000
 20
197.000000
 42
-0.064853
  0
VERTEX
  8
0
 10
87.073457
 20
196.925306
 42
-0.082425
  0
VERTEX
  8
0
 10
87.559375
 20
196.706250
 42
-0.098894
  0
VERTEX
  8
0
 10
87.884432
 20
196.381354
 42
-0.148195
  0
SEQEND
  0
POLYLINE
  8
0
 66
1
 70
1
  0
VERTEX
  8
0
 10
364.000000
 20
197.042064
 42
0.331314
  0
VERTEX
  8
0
 10
364.316291
 20
196.617131
 42
0.029785
  0
VERTEX
  8
0
 10
365.689451
 20
196.293419
 42
0.028179
  0
VERTEX
  8
0
 10
367.604406
 20
196.071022
 42
0.014820
  0
VERTEX
  8
0
 10
370.000000
 20
196.000000
 42
-0.010930
  0
VERTEX
  8
0
 10
372.980543
 20
195.934839
 42
-0.048392
  0
VERTEX
  8
0
 10
374.715586
 20
195.689579
 42
-0.103962
  0
VERTEX
  8
0
 10
375.657911
 20
195.240973
 42
-0.233959
  0
VERTEX
  8
0
 10
376.000000
 20
194.549904
 42
-0.228558
  0
VERTEX
  8
0
 10
375.666578
 20
193.858605
 42
-0.093442
  0
VERTEX
  8
0
 10
374.720603
 20
193.359295
 42
-0.048543
  0
VERTEX
  8
0
 10
373.040914
 20
193.014770
 42
-0.013116
  0
VERTEX
  8
0
 10
370.329004
 20
192.799904
 42
0.016160
  0
VERTEX
  8
0
 10
368.132119
 20
192.612382
 42
0.023954
  0
VERTEX
  8
0
 10
366.226483
 20
192.294347
 42
0.021011
  0
VERTEX
  8
0
 10
364.743123
 20
191.907225
 42
0.242967
  0
VERTEX
  8
0
 10
364.326502
 20
191.500000
 42
0.512341
  0
VERTEX
  8
0
 10
364.907925
 20
190.697242
 42
0.008802
  0
VERTEX
  8
0
 10
371.228953
 20
190.827403
 42
0.010925
  0
VERTEX
  8
0
 10
377.530067
 20
191.206194
 42
0.173873
  0
VERTEX
  8
0
 10
379.450000
 20
192.077892
 42
0.094950
  0
VERTEX
  8
0
 10
379.717069
 20
192.459227
 42
0.297460
  0
VERTEX
  8
0
 10
379.670535
 20
192.753910
 42
0.172091
  0
VERTEX
  8
0
 10
379.314648
 20
192.946065
 42
0.038579
  0
VERTEX
  8
0
 10
378.616667
 20
193.000000
 42
-0.068765
  0
VERTEX
  8
0
 10
377.956949
 20
193.091163
 42
-0.120998
  0
VERTEX
  8
0
 10
377.480693
 20
193.360981
 42
-0.154980
  0
VERTEX
  8
0
 10
377.254932
 20
193.767442
 42
-0.138611
  0
VERTEX
  8
0
 10
377.291667
 20
194.250000
 42
-0.089554
  0
VERTEX
  8
0
 10
377.558947
 20
194.706094
 42
-0.084770
  0
VERTEX
  8
0
 10
377.973372
 20
195.050195
 42
-0.086922
  0
VERTEX
  8
0
 10
378.468624
 20
195.231205
 42
-0.101294
  0
VERTEX
  8
0
 10
378.968750
 20
195.218750
 42
0.105190
  0
VERTEX
  8
0
 10
379.400118
 20
195.211334
 42
0.178574
  0
VERTEX
  8
0
 10
379.704941
 20
195.396484
 42
0.163400
  0
VERTEX
  8
0
 10
379.833265
 20
195.750675
 42
0.086021
  0
VERTEX
  8
0
 10
379.763496
 20
196.218750
 42
0.296177
  0
VERTEX
  8
0
 10
378.388591
 20
197.319976
 42
0.011812
  0
VERTEX
  8
0
 10
371.681633
 20
197.829366
 42
0.011426
  0
VERTEX
  8
0
 10
364.990016
 20
198.025687
 42
0.416112
  0
SEQEND
  0
POLYLINE
  8
0
 66
1
 70
1
  0
VERTEX
  8
0
 10
175.000000
 20
196.000000
 42
0.105053
  0
VERTEX
  8
0
 10
175.081062
 20
195.618444
 42
0.099167
  0
VERTEX
  8
0
 10
175.311086
 20
195.293750
 42
0.096420
  0
VERTEX
  8
0
 10
175.654762
 20
195.076123
 42
0.093332
  0
VERTEX
  8
0
 10
176.059017
 20
195.000000
 42
0.108972
  0
VERTEX
  8
0
 10
176.413961
 20
195.078288
 42
0.182303
  0
VERTEX
  8
0
 10
176.625400
 20
195.293750
 42
0.161196
  0
VERTEX
  8
0
 10
176.656512
 20
195.617900
 42
0.082592
  0
VERTEX
  8
0
 10
176.500000
 20
196.000000
 42
0.029505
  0
VERTEX
  8
0
 10
176.231006
 20
196.382774
 42
0.035638
  0
VERTEX
  8
0
 10
175.933975
 20
196.706250
 42
0.038439
  0
VERTEX
  8
0
 10
175.651710
 20
196.934461
 42
0.151918
  0
VERTEX
  8
0
 10
175.440983
 20
197.000000
 42
0.210953
  0
VERTEX
  8
0
 10
175.272352
 20
196.925540
 42
0.081139
  0
VERTEX
  8
0
 10
175.129539
 20
196.706250
 42
0.061769
  0
VERTEX
  8
0
 10
175.032345
 20
196.382849
 42
0.042167
  0
SEQEND
  0
POLYLINE
  8
0
 66
1
 70
1
  0
VERTEX
  8
0
 10
342.078947
 20
195.416667
 42
0.018894
  0
VERTEX
  8
0
 10
342.137993
 20
194.670344
 42
0.168741
  0
VERTEX
  8
0
 10
342.279315
 20
194.378580
 42
0.470617
  0
VERTEX
  8
0
 10
342.461564
 20
194.395823
 42
0.054073
  0
VERTEX
  8
0
 10
342.683114
 20
194.812500
 42
0.051402
  0
VERTEX
  8
0
 10
342.839148
 20
195.359369
 42
0.054150
  0
VERTEX
  8
0
 10
342.876576
 20
195.916927
 42
0.060344
  0
VERTEX
  8
0
 10
342.797407
 20
196.402231
 42
0.126455
  0
VERTEX
  8
0
 10
342.604167
 20
196.729167
 42
0.296942
  0
VERTEX
  8
0
 10
342.385309
 20
196.775380
 42
0.208169
  0
VERTEX
  8
0
 10
342.200665
 20
196.592839
 42
0.077125
  0
VERTEX
  8
0
 10
342.089945
 20
196.112848
 42
0.028489
  0
SEQEND
  0
POLYLINE
  8
0
 66
1
 70
1
  0
VERTEX
  8
0
 10
621.000000
 20
195.968615
 42
0.152681
  0
VERTEX
  8
0
 10
621.115494
 20
195.599211
 42
0.098158
  0
VERTEX
  8
0
 10
621.440625
 20
195.284531
 42
0.080880
  0
VERTEX
  8
0
 10
621.926468
 20
195.072230
 42
0.062722
  0
VERTEX
  8
0
 10
622.500000
 20
195.000000
 42
0.024748
  0
VERTEX
  8
0
 10
623.074824
 20
195.028469
 42
0.039339
  0
VERTEX
  8
0
 10
623.559375
 20
195.115447
 42
0.046727
  0
VERTEX
  8
0
 10
623.903916
 20
195.241071
 42
0.289661
  0
VERTEX
  8
0
 10
624.000000
 20
195.393011
 42
0.222225
  0
VERTEX
  8
0
 10
623.912889
 20
195.579329
 42
0.030693
  0
VERTEX
  8
0
 10
623.559375
 20
195.839659
 42
0.030395
  0
VERTEX
  8
0
 10
623.074558
 20
196.112506
 42
0.021360
  0
VERTEX
  8
0
 10
622.500000
 20
196.361626
 42
0.055937
  0
VERTEX
  8
0
 10
621.925634
 20
196.511135
 42
0.100118
  0
VERTEX
  8
0
 10
621.440625
 20
196.483616
 42
0.147206
  0
VERTEX
  8
0
 10
621.122486
 20
196.289193
 42
0.184534
  0
SEQEND
  0
POLYLINE
  8
0
 66
1
 70
1
  0
VERTEX
  8
0
 10
627.000000
 20
196.000000
 42
0.027275
  0
VERTEX
  8
0
 10
626.445888
 20
195.597454
 42
0.147021
  0
VERTEX
  8
0
 10
626.239151
 20
195.292684
 42
0.379910
  0
VERTEX
  8
0
 10
626.327599
 20
195.095709
 42
0.102799
  0
VERTEX
  8
0
 10
626.690983
 20
195.015313
 42
0.074131
  0
VERTEX
  8
0
 10
627.192374
 20
195.083483
 42
0.053889
  0
VERTEX
  8
0
 10
627.713662
 20
195.298248
 42
0.054031
  0
VERTEX
  8
0
 10
628.175433
 20
195.618541
 42
0.075854
  0
VERTEX
  8
0
 10
628.500000
 20
196.000000
 42
0.034464
  0
VERTEX
  8
0
 10
628.886554
 20
196.734105
 42
0.541951
  0
VERTEX
  8
0
 10
628.758161
 20
196.931144
 42
0.136158
  0
VERTEX
  8
0
 10
628.281145
 20
196.798791
 42
0.008108
  0
SEQEND
  0
POLYLINE
  8
0
 66
1
 70
1
  0
VERTEX
  8
0
 10
354.666667
 20
194.333333
 42
0.143119
  0
VERTEX
  8
0
 10
353.981813
 20
193.082959
 42
0.129538
  0
VERTEX
  8
0
 10
354.042146
 20
191.607152
 42
0.141494
  0
VERTEX
  8
0
 10
354.803958
 20
190.443416
 42
0.179402
  0
VERTEX
  8
0
 10
356.000000
 20
190.000000
 42
0.075780
  0
VERTEX
  8
0
 10
356.935258
 20
190.142566
 42
0.149477
  0
VERTEX
  8
0
 10
357.550000
 20
190.562500
 42
0.124434
  0
VERTEX
  8
0
 10
357.893532
 20
191.317234
 42
0.044917
  0
VERTEX
  8
0
 10
358.000000
 20
192.500000
 42
0.097514
  0
VERTEX
  8
0
 10
357.712433
 20
193.960474
 42
0.171432
  0
VERTEX
  8
0
 10
356.902611
 20
194.868325
 42
0.197156
  0
VERTEX
  8
0
 10
355.793947
 20
194.994729
 42
0.128095
  0
SEQEND
  0
POLYLINE
  8
0
 66
1
 70
1
  0
VERTEX
  8
0
 10
357.000000
 20
192.500000
 42
-0.064853
  0
VERTEX
  8
0
 10
356.925306
 20
191.926543
 42
-0.082425
  0
VERTEX
  8
0
 10
356.706250
 20
191.440625
 42
-0.098894
  0
VERTEX
  8
0
 10
356.381354
 20
191.115568
 42
-0.148195
  0
VERTEX
  8
0
 10
356.000000
 20
191.000000
 42
-0.148195
  0
VERTEX
  8
0
 10
355.618646
 20
191.115568
 42
-0.098894
  0
VERTEX
  8
0
 10
355.293750
 20
191.440625
 42
-0.082425
  0
VERTEX
  8
0
 10
355.074694
 20
191.926543
 42
-0.064853
  0
VERTEX
  8
0
 10
355.000000
 20
192.500000
 42
-0.064853
  0
VERTEX
  8
0
 10
355.074694
 20
193.073457
 42
-0.082425
  0
VERTEX
  8
0
 10
355.293750
 20
193.559375
 42
-0.098894
  0
VERTEX
  8
0
 10
355.618646
 20
193.884432
 42
-0.148195
  0
VERTEX
  8
0
 10
356.000000
 20
194.000000
 42
-0.148195
  0
VERTEX
  8
0
 10
356.381354
 20
193.884432
 42
-0.098894
  0
VERTEX
  8
0
 10
356.706250
 20
193.559375
 42
-0.082425
  0
VERTEX
  8
0
 10
356.925306
 20
193.073457
 42
-0.064853
  0
SEQEND
  0
POLYLINE
  8
0
 66
1
 70
1
  0
VERTEX
  8
0
 10
5.174707
 20
178.363499
 42
0.000000
  0
VERTEX
  8
0
 10
5.000000
 20
162.226999
 42
0.000000
  0
VERTEX
  8
0
 10
7.976739
 20
161.790106
 42
0.029327
  0
VERTEX
  8
0
 10
9.209794
 20
161.682446
 42
0.028901
  0
VERTEX
  8
0
 10
10.453081
 20
161.718924
 42
0.030182
  0
VERTEX
  8
0
 10
11.534938
 20
161.879624
 42
0.089665
  0
VERTEX
  8
0
 10
12.226739
 20
162.161294
 42
0.067097
  0
VERTEX
  8
0
 10
12.654128
 20
162.520917
 42
0.425058
  0
VERTEX
  8
0
 10
12.637181
 20
162.775232
 42
0.156187
  0
VERTEX
  8
0
 10
12.232912
 20
162.941667
 42
0.018469
  0
VERTEX
  8
0
 10
11.250000
 20
162.984687
 42
-0.164517
  0
VERTEX
  8
0
 10
9.979321
 20
163.424073
 42
-0.181661
  0
VERTEX
  8
0
 10
9.299246
 20
164.527443
 42
-0.045441
  0
VERTEX
  8
0
 10
9.042258
 20
167.034695
 42
-0.002830
  0
VERTEX
  8
0
 10
9.000000
 20
174.500000
 42
0.004492
  0
VERTEX
  8
0
 10
8.945313
 20
180.586589
 42
0.026710
  0
VERTEX
  8
0
 10
8.718641
 20
183.756935
 42
0.056907
  0
VERTEX
  8
0
 10
8.299186
 20
185.482376
 42
0.314447
  0
VERTEX
  8
0
 10
7.557498
 20
186.000000
 42
-0.200595
  0
VERTEX
  8
0
 10
6.901501
 20
186.274214
 42
-0.093588
  0
VERTEX
  8
0
 10
6.377532
 20
187.052909
 42
-0.057270
  0
VERTEX
  8
0
 10
5.985689
 20
188.360063
 42
-0.021754
  0
VERTEX
  8
0
 10
5.732205
 20
190.250000
 42
0.891966
  0
VERTEX
  8
0
 10
5.572348
 20
190.253878
 42
0.022870
  0
VERTEX
  8
0
 10
5.410539
 20
188.511465
 42
0.006556
  0
VERTEX
  8
0
 10
5.267951
 20
184.288938
 42
0.002454
  0
SEQEND
  0
POLYLINE
  8
0
 66
1
 70
1
  0
VERTEX
  8
0
 10
20.000000
 20
193.014307
 42
0.090508
  0
VERTEX
  8
0
 10
20.070891
 20
192.625889
 42
0.169222
  0
VERTEX
  8
0
 10
20.273452
 20
192.383594
 42
0.176207
  0
VERTEX
  8
0
 10
20.575945
 20
192.325300
 42
0.099102
  0
VERTEX
  8
0
 10
20.930902
 20
192.457295
 42
-0.100106
  0
VERTEX
  8
0
 10
21.330558
 20
192.605008
 42
-0.098189
  0
VERTEX
  8
0
 10
21.759120
 20
192.587311
 42
-0.097690
  0
VERTEX
  8
0
 10
22.150242
 20
192.407089
 42
-0.097981
  0
VERTEX
  8
0
 10
22.443145
 20
192.091994
 42
-0.155289
  0
VERTEX
  8
0
 10
22.542213
 20
191.696525
 42
-0.133026
  0
VERTEX
  8
0
 10
22.403737
 20
191.288468
 42
-0.103301
  0
VERTEX
  8
0
 10
22.035148
 20
190.928715
 42
-0.066943
  0
VERTEX
  8
0
 10
21.492640
 20
190.677470
 42
0.005266
  0
VERTEX
  8
0
 10
20.756773
 20
190.441300
 42
0.514554
  0
VERTEX
  8
0
 10
20.729077
 20
190.351534
 42
0.254197
  0
VERTEX
  8
0
 10
20.860559
 20
190.292539
 42
0.003788
  0
VERTEX
  8
0
 10
21.730397
 20
190.365483
 42
0.160828
  0
VERTEX
  8
0
 10
22.959693
 20
190.900013
 42
0.212101
  0
VERTEX
  8
0
 10
23.456264
 20
192.001015
 42
0.200553
  0
VERTEX
  8
0
 10
22.980863
 20
193.157022
 42
0.149736
  0
VERTEX
  8
0
 10
21.750000
 20
193.809629
 42
0.061717
  0
VERTEX
  8
0
 10
21.080613
 20
193.854529
 42
0.092831
  0
VERTEX
  8
0
 10
20.514063
 20
193.715024
 42
0.121529
  0
VERTEX
  8
0
 10
20.138548
 20
193.418475
 42
0.166639
  0
SEQEND
  0
POLYLINE
  8
0
 66
1
 70
1
  0
VERTEX
  8
0
 10
34.078103
 20
193.000000
 42
0.014102
  0
VERTEX
  8
0
 10
31.593442
 20
192.735875
 42
0.021128
  0
VERTEX
  8
0
 10
29.445686
 20
192.353125
 42
0.017051
  0
VERTEX
  8
0
 10
27.756694
 20
191.916982
 42
0.246094
  0
VERTEX
  8
0
 10
27.326155
 20
191.500000
 42
0.452347
  0
VERTEX
  8
0
 10
27.567401
 20
191.089026
 42
0.030607
  0
VERTEX
  8
0
 10
29.086206
 20
190.891730
 42
0.024250
  0
VERTEX
  8
0
 10
31.407569
 20
190.846472
 42
0.009018
  0
VERTEX
  8
0
 10
34.669399
 20
191.000000
 42
0.012869
  0
VERTEX
  8
0
 10
37.635699
 20
191.270100
 42
0.019538
  0
VERTEX
  8
0
 10
40.193366
 20
191.671354
 42
0.014820
  0
VERTEX
  8
0
 10
42.219825
 20
192.133720
 42
0.255070
  0
VERTEX
  8
0
 10
42.699125
 20
192.583333
 42
0.115810
  0
VERTEX
  8
0
 10
42.734644
 20
192.989328
 42
0.151431
  0
VERTEX
  8
0
 10
42.575507
 20
193.323958
 42
0.136552
  0
VERTEX
  8
0
 10
42.238529
 20
193.532833
 42
0.087368
  0
VERTEX
  8
0
 10
41.777778
 20
193.583333
 42
0.002394
  0
VERTEX
  8
0
 10
40.966960
 20
193.526553
 42
0.000228
  0
VERTEX
  8
0
 10
38.988915
 20
193.377604
 42
0.000292
  0
VERTEX
  8
0
 10
36.630776
 20
193.197567
 42
0.000230
  0
SEQEND
  0
POLYLINE
  8
0
 66
1
 70
1
  0
VERTEX
  8
0
 10
428.063995
 20
192.577110
 42
0.066145
  0
VERTEX
  8
0
 10
427.638122
 20
191.898777
 42
0.069358
  0
VERTEX
  8
0
 10
427.412714
 20
191.143518
 42
0.074969
  0
VERTEX
  8
0
 10
427.411333
 20
190.409932
 42
0.103420
  0
VERTEX
  8
0
 10
427.638952
 20
189.793805
 42
-0.061993
  0
VERTEX
  8
0
 10
427.929039
 20
189.171436
 42
-0.035540
  0
VERTEX
  8
0
 10
428.127243
 20
188.365993
 42
-0.034951
  0
VERTEX
  8
0
 10
428.212954
 20
187.514856
 42
-0.048424
  0
VERTEX
  8
0
 10
428.162183
 20
186.750000
 42
0.082257
  0
VERTEX
  8
0
 10
428.162992
 20
186.008387
 42
0.133818
  0
VERTEX
  8
0
 10
428.424560
 20
185.439987
 42
0.131501
  0
VERTEX
  8
0
 10
428.942507
 20
185.076478
 42
0.078083
  0
VERTEX
  8
0
 10
429.687142
 20
184.929715
 42
-0.007894
  0
VERTEX
  8
0
 10
430.765760
 20
184.870830
 42
-0.452314
  0
VERTEX
  8
0
 10
430.873244
 20
184.729710
 42
-0.241623
  0
VERTEX
  8
0
 10
430.719892
 20
184.537253
 42
-0.004497
  0
VERTEX
  8
0
 10
429.500000
 20
184.000000
 42
0.003621
  0
VERTEX
  8
0
 10
428.179112
 20
183.421028
 42
0.363407
  0
VERTEX
  8
0
 10
428.096700
 20
183.251856
 42
0.331966
  0
VERTEX
  8
0
 10
428.249341
 20
183.126915
 42
0.003353
  0
VERTEX
  8
0
 10
429.731284
 20
183.070285
 42
0.081683
  0
VERTEX
  8
0
 10
430.961742
 20
183.233047
 42
0.229583
  0
VERTEX
  8
0
 10
431.582876
 20
183.806913
 42
0.095851
  0
VERTEX
  8
0
 10
431.813007
 20
185.054090
 42
0.009116
  0
VERTEX
  8
0
 10
431.729303
 20
188.167327
 42
0.027281
  0
VERTEX
  8
0
 10
431.386471
 20
191.595984
 42
0.135637
  0
VERTEX
  8
0
 10
430.597797
 20
193.344005
 42
0.330407
  0
VERTEX
  8
0
 10
429.468016
 20
193.619409
 42
0.120312
  0
SEQEND
  0
POLYLINE
  8
0
 66
1
 70
1
  0
VERTEX
  8
0
 10
430.749864
 20
190.416531
 42
-0.222509
  0
VERTEX
  8
0
 10
429.958406
 20
190.129854
 42
-0.148370
  0
VERTEX
  8
0
 10
429.049532
 20
190.498109
 42
-0.146836
  0
VERTEX
  8
0
 10
428.492512
 20
191.312904
 42
-0.218805
  0
VERTEX
  8
0
 10
428.596556
 20
192.156231
 42
-0.094625
  0
VERTEX
  8
0
 10
428.940704
 20
192.531428
 42
-0.169261
  0
VERTEX
  8
0
 10
429.335356
 20
192.655459
 42
-0.136091
  0
VERTEX
  8
0
 10
429.785686
 20
192.515485
 42
-0.053431
  0
VERTEX
  8
0
 10
430.296201
 20
192.103799
 42
-0.055675
  0
VERTEX
  8
0
 10
430.659942
 20
191.648583
 42
-0.075207
  0
VERTEX
  8
0
 10
430.871032
 20
191.166597
 42
-0.094570
  0
VERTEX
  8
0
 10
430.903147
 20
190.733892
 42
-0.169316
  0
SEQEND
  0
POLYLINE
  8
0
 66
1
 70
1
  0
VERTEX
  8
0
 10
86.250000
 20
191.294267
 42
0.065573
  0
VERTEX
  8
0
 10
85.372298
 20
191.002200
 42
0.076502
  0
VERTEX
  8
0
 10
84.650188
 20
190.502962
 42
0.086225
  0
VERTEX
  8
0
 10
84.176318
 20
189.868047
 42
0.120135
  0
VERTEX
  8
0
 10
84.015313
 20
189.180449
 42
0.011866
  0
VERTEX
  8
0
 10
84.046354
 20
188.235689
 42
0.343537
  0
VERTEX
  8
0
 10
84.195947
 20
188.064572
 42
0.297629
  0
VERTEX
  8
0
 10
84.421813
 20
188.156879
 42
0.010131
  0
VERTEX
  8
0
 10
84.975828
 20
188.995129
 42
-0.051114
  0
VERTEX
  8
0
 10
85.545479
 20
189.720257
 42
-0.256368
  0
VERTEX
  8
0
 10
86.021328
 20
189.867892
 42
-0.162341
  0
VERTEX
  8
0
 10
86.556544
 20
189.559340
 42
-0.019711
  0
VERTEX
  8
0
 10
87.428712
 20
188.495129
 42
0.007772
  0
VERTEX
  8
0
 10
88.427898
 20
187.214768
 42
0.350497
  0
VERTEX
  8
0
 10
88.735293
 20
187.146562
 42
0.276769
  0
VERTEX
  8
0
 10
88.926198
 20
187.441221
 42
0.005826
  0
VERTEX
  8
0
 10
88.968197
 20
189.250000
 42
0.008488
  0
VERTEX
  8
0
 10
88.962540
 20
190.295241
 42
0.015226
  0
VERTEX
  8
0
 10
88.917220
 20
191.152184
 42
0.010436
  0
VERTEX
  8
0
 10
88.848084
 20
191.813563
 42
0.528439
  0
VERTEX
  8
0
 10
88.750000
 20
191.863818
 42
-0.065829
  0
VERTEX
  8
0
 10
88.567853
 20
191.793731
 42
-0.002963
  0
VERTEX
  8
0
 10
87.912500
 20
191.640337
 42
-0.004927
  0
VERTEX
  8
0
 10
87.130151
 20
191.470194
 42
-0.003502
  0
SEQEND
  0
POLYLINE
  8
0
 66
1
 70
1
  0
VERTEX
  8
0
 10
342.078947
 20
190.416667
 42
0.018894
  0
VERTEX
  8
0
 10
342.137993
 20
189.670344
 42
0.168741
  0
VERTEX
  8
0
 10
342.279315
 20
189.378580
 42
0.470617
  0
VERTEX
  8
0
 10
342.461564
 20
189.395823
 42
0.054073
  0
VERTEX
  8
0
 10
342.683114
 20
189.812500
 42
0.051402
  0
VERTEX
  8
0
 10
342.839148
 20
190.359369
 42
0.054150
  0
VERTEX
  8
0
 10
342.876576
 20
190.916927
 42
0.060344
  0
VERTEX
  8
0
 10
342.797407
 20
191.402231
 42
0.126455
  0
VERTEX
  8
0
 10
342.604167
 20
191.729167
 42
0.296942
  0
VERTEX
  8
0
 10
342.385309
 20
191.775380
 42
0.208169
  0
VERTEX
  8
0
 10
342.200665
 20
191.592839
 42
0.077125
  0
VERTEX
  8
0
 10
342.089945
 20
191.112848
 42
0.028489
  0
SEQEND
  0
POLYLINE
  8
0
 66
1
 70
1
  0
VERTEX
  8
0
 10
175.000000
 20
189.940983
 42
0.108972
  0
VERTEX
  8
0
 10
175.078288
 20
189.586039
 42
0.182303
  0
VERTEX
  8
0
 10
175.293750
 20
189.374600
 42
0.161196
  0
VERTEX
  8
0
 10
175.617900
 20
189.343488
 42
0.082592
  0
VERTEX
  8
0
 10
176.000000
 20
189.500000
 42
0.029505
  0
VERTEX
  8
0
 10
176.382774
 20
189.768994
 42
0.035638
  0
VERTEX
  8
0
 10
176.706250
 20
190.066025
 42
0.038439
  0
VERTEX
  8
0
 10
176.934461
 20
190.348290
 42
0.151918
  0
VERTEX
  8
0
 10
177.000000
 20
190.559017
 42
0.210953
  0
VERTEX
  8
0
 10
176.925540
 20
190.727648
 42
0.081139
  0
VERTEX
  8
0
 10
176.706250
 20
190.870461
 42
0.061769
  0
VERTEX
  8
0
 10
176.382849
 20
190.967655
 42
0.042167
  0
VERTEX
  8
0
 10
176.000000
 20
191.000000
 42
0.105053
  0
VERTEX
  8
0
 10
175.618444
 20
190.918938
 42
0.099167
  0
VERTEX
  8
0
 10
175.293750
 20
190.688914
 42
0.096420
  0
VERTEX
  8
0
 10
175.076123
 20
190.345238
 42
0.093332
  0
SEQEND
  0
POLYLINE
  8
0
 66
1
 70
1
  0
VERTEX
  8
0
 10
273.078947
 20
189.416667
 42
0.018894
  0
VERTEX
  8
0
 10
273.137993
 20
188.670344
 42
0.168741
  0
VERTEX
  8
0
 10
273.279315
 20
188.378580
 42
0.470617
  0
VERTEX
  8
0
 10
273.461564
 20
188.395823
 42
0.054073
  0
VERTEX
  8
0
 10
273.683114
 20
188.812500
 42
0.051402
  0
VERTEX
  8
0
 10
273.839148
 20
189.359369
 42
0.054150
  0
VERTEX
  8
0
 10
273.876576
 20
189.916927
 42
0.060344
  0
VERTEX
  8
0
 10
273.797407
 20
190.402231
 42
0.126455
  0
VERTEX
  8
0
 10
273.604167
 20
190.729167
 42
0.296942
  0
VERTEX
  8
0
 10
273.385309
 20
190.775380
 42
0.208169
  0
VERTEX
  8
0
 10
273.200665
 20
190.592839
 42
0.077125
  0
VERTEX
  8
0
 10
273.089945
 20
190.112848
 42
0.028489
  0
SEQEND
  0
POLYLINE
  8
0
 66
1
 70
1
  0
VERTEX
  8
0
 10
509.078947
 20
189.416667
 42
0.018894
  0
VERTEX
  8
0
 10
509.137993
 20
188.670344
 42
0.168741
  0
VERTEX
  8
0
 10
509.279315
 20
188.378580
 42
0.470617
  0
VERTEX
  8
0
 10
509.461564
 20
188.395823
 42
0.054073
  0
VERTEX
  8
0
 10
509.683114
 20
188.812500
 42
0.051402
  0
VERTEX
  8
0
 10
509.839148
 20
189.359369
 42
0.054150
  0
VERTEX
  8
0
 10
509.876576
 20
189.916927
 42
0.060344
  0
VERTEX
  8
0
 10
509.797407
 20
190.402231
 42
0.126455
  0
VERTEX
  8
0
 10
509.604167
 20
190.729167
 42
0.296942
  0
VERTEX
  8
0
 10
509.385309
 20
190.775380
 42
0.208169
  0
VERTEX
  8
0
 10
509.200665
 20
190.592839
 42
0.077125
  0
VERTEX
  8
0
 10
509.089945
 20
190.112848
 42
0.028489
  0
SEQEND
  0
POLYLINE
  8
0
 66
1
 70
1
  0
VERTEX
  8
0
 10
610.078947
 20
189.416667
 42
0.018894
  0
VERTEX
  8
0
 10
610.137993
 20
188.670344
 42
0.168741
  0
VERTEX
  8
0
 10
610.279315
 20
188.378580
 42
0.470617
  0
VERTEX
  8
0
 10
610.461564
 20
188.395823
 42
0.054073
  0
VERTEX
  8
0
 10
610.683114
 20
188.812500
 42
0.051402
  0
VERTEX
  8
0
 10
610.839148
 20
189.359369
 42
0.054150
  0
VERTEX
  8
0
 10
610.876576
 20
189.916927
 42
0.060344
  0
VERTEX
  8
0
 10
610.797407
 20
190.402231
 42
0.126455
  0
VERTEX
  8
0
 10
610.604167
 20
190.729167
 42
0.296942
  0
VERTEX
  8
0
 10
610.385309
 20
190.775380
 42
0.208169
  0
VERTEX
  8
0
 10
610.200665
 20
190.592839
 42
0.077125
  0
VERTEX
  8
0
 10
610.089945
 20
190.112848
 42
0.028489
  0
SEQEND
  0
POLYLINE
  8
0
 66
1
 70
1
  0
VERTEX
  8
0
 10
17.000000
 20
187.160515
 42
0.257050
  0
VERTEX
  8
0
 10
17.433922
 20
186.372244
 42
0.023864
  0
VERTEX
  8
0
 10
19.436563
 20
185.234461
 42
0.029840
  0
VERTEX
  8
0
 10
21.625975
 20
184.284738
 42
0.087629
  0
VERTEX
  8
0
 10
23.238183
 20
184.000000
 42
0.267558
  0
VERTEX
  8
0
 10
23.476879
 20
184.137579
 42
0.264206
  0
VERTEX
  8
0
 10
23.479220
 20
184.414577
 42
0.081749
  0
VERTEX
  8
0
 10
23.119574
 20
184.867326
 42
0.026255
  0
VERTEX
  8
0
 10
22.452158
 20
185.411324
 42
0.032355
  0
VERTEX
  8
0
 10
21.657404
 20
185.917028
 42
0.041430
  0
VERTEX
  8
0
 10
20.865472
 20
186.269910
 42
0.046728
  0
VERTEX
  8
0
 10
20.183801
 20
186.438884
 42
0.177626
  0
VERTEX
  8
0
 10
19.761028
 20
186.352307
 42
-0.118983
  0
VERTEX
  8
0
 10
19.471518
 20
186.257419
 42
-0.186689
  0
VERTEX
  8
0
 10
19.223552
 20
186.331215
 42
-0.153337
  0
VERTEX
  8
0
 10
19.056636
 20
186.571002
 42
-0.076096
  0
VERTEX
  8
0
 10
19.000000
 20
186.940983
 42
0.093332
  0
VERTEX
  8
0
 10
18.923877
 20
187.345238
 42
0.096420
  0
VERTEX
  8
0
 10
18.706250
 20
187.688914
 42
0.099167
  0
VERTEX
  8
0
 10
18.381556
 20
187.918938
 42
0.105053
  0
VERTEX
  8
0
 10
18.000000
 20
188.000000
 42
0.082567
  0
VERTEX
  8
0
 10
17.618079
 20
187.936499
 42
0.092471
  0
VERTEX
  8
0
 10
17.293750
 20
187.753401
 42
0.100624
  0
VERTEX
  8
0
 10
17.076881
 20
187.480712
 42
0.118371
  0
SEQEND
  0
POLYLINE
  8
0
 66
1
 70
1
  0
VERTEX
  8
0
 10
10.000000
 20
185.833333
 42
0.174820
  0
VERTEX
  8
0
 10
10.114688
 20
185.515341
 42
0.093122
  0
VERTEX
  8
0
 10
10.440625
 20
185.244792
 42
0.073362
  0
VERTEX
  8
0
 10
10.926139
 20
185.061690
 42
0.053595
  0
VERTEX
  8
0
 10
11.500000
 20
185.000000
 42
0.053595
  0
VERTEX
  8
0
 10
12.073861
 20
185.061690
 42
0.073362
  0
VERTEX
  8
0
 10
12.559375
 20
185.244792
 42
0.093122
  0
VERTEX
  8
0
 10
12.885312
 20
185.515341
 42
0.174820
  0
VERTEX
  8
0
 10
13.000000
 20
185.833333
 42
0.174820
  0
VERTEX
  8
0
 10
12.885312
 20
186.151326
 42
0.093122
  0
VERTEX
  8
0
 10
12.559375
 20
186.421875
 42
0.073362
  0
VERTEX
  8
0
 10
12.073861
 20
186.604977
 42
0.053595
  0
VERTEX
  8
0
 10
11.500000
 20
186.666667
 42
0.053595
  0
VERTEX
  8
0
 10
10.926139
 20
186.604977
 42
0.073362
  0
VERTEX
  8
0
 10
10.440625
 20
186.421875
 42
0.093122
  0
VERTEX
  8
0
 10
10.114688
 20
186.151326
 42
0.174820
  0
SEQEND
  0
POLYLINE
  8
0
 66
1
 70
1
  0
VERTEX
  8
0
 10
273.360155
 20
185.496165
 42
0.075723
  0
VERTEX
  8
0
 10
273.205373
 20
184.788228
 42
0.061469
  0
VERTEX
  8
0
 10
273.250995
 20
184.011799
 42
0.062791
  0
VERTEX
  8
0
 10
273.480586
 20
183.287320
 42
0.088502
  0
VERTEX
  8
0
 10
273.867217
 20
182.732783
 42
-0.146334
  0
VERTEX
  8
0
 10
274.317517
 20
181.898215
 42
-0.017666
  0
VERTEX
  8
0
 10
274.672412
 20
179.816511
 42
-0.019479
  0
VERTEX
  8
0
 10
274.918782
 20
177.219375
 42
-0.013908
  0
VERTEX
  8
0
 10
275.000000
 20
174.300000
 42
0.000000
  0
VERTEX
  8
0
 10
275.000000
 20
167.000000
 42
0.000000
  0
VERTEX
  8
0
 10
278.059017
 20
167.000000
 42
0.027080
  0
VERTEX
  8
0
 10
279.271232
 20
167.065701
 42
0.073181
  0
VERTEX
  8
0
 10
280.103233
 20
167.282044
 42
0.160077
  0
VERTEX
  8
0
 10
280.487331
 20
167.617539
 42
0.279169
  0
VERTEX
  8
0
 10
280.483610
 20
168.026520
 42
0.112333
  0
VERTEX
  8
0
 10
280.117206
 20
168.398905
 42
0.064012
  0
VERTEX
  8
0
 10
279.543636
 20
168.670272
 42
0.058944
  0
VERTEX
  8
0
 10
278.862193
 20
168.805792
 42
0.060626
  0
VERTEX
  8
0
 10
278.174593
 20
168.776520
 42
-0.212464
  0
VERTEX
  8
0
 10
277.314069
 20
169.000884
 42
-0.153602
  0
VERTEX
  8
0
 10
276.753417
 20
169.834223
 42
-0.053543
  0
VERTEX
  8
0
 10
276.421617
 20
171.653291
 42
-0.007571
  0
VERTEX
  8
0
 10
276.199562
 20
175.458311
 42
0.012442
  0
VERTEX
  8
0
 10
276.012045
 20
178.210302
 42
0.016056
  0
VERTEX
  8
0
 10
275.696183
 20
180.723486
 42
0.013849
  0
VERTEX
  8
0
 10
275.311509
 20
182.780947
 42
0.120629
  0
VERTEX
  8
0
 10
274.907824
 20
183.611065
 42
-0.053338
  0
VERTEX
  8
0
 10
274.537660
 20
184.168546
 42
-0.159963
  0
VERTEX
  8
0
 10
274.464700
 20
184.614025
 42
-0.193448
  0
VERTEX
  8
0
 10
274.671860
 20
184.961924
 42
-0.082636
  0
VERTEX
  8
0
 10
275.159008
 20
185.219669
 42
0.037435
  0
VERTEX
  8
0
 10
275.735038
 20
185.460895
 42
0.273937
  0
VERTEX
  8
0
 10
275.888632
 20
185.703384
 42
0.236553
  0
VERTEX
  8
0
 10
275.758678
 20
185.983261
 42
0.029497
  0
VERTEX
  8
0
 10
275.193683
 20
186.380297
 42
0.115723
  0
VERTEX
  8
0
 10
274.665560
 20
186.557162
 42
0.136346
  0
VERTEX
  8
0
 10
274.148187
 20
186.463930
 42
0.117210
  0
VERTEX
  8
0
 10
273.696539
 20
186.096705
 42
0.072217
  0
SEQEND
  0
POLYLINE
  8
0
 66
1
 70
1
  0
VERTEX
  8
0
 10
507.735568
 20
186.402234
 42
0.128235
  0
VERTEX
  8
0
 10
507.543964
 20
186.075459
 42
0.058636
  0
VERTEX
  8
0
 10
507.465542
 20
185.583576
 42
0.052541
  0
VERTEX
  8
0
 10
507.501969
 20
185.015364
 42
0.049391
  0
VERTEX
  8
0
 10
507.655746
 20
184.454729
 42
-0.281855
  0
VERTEX
  8
0
 10
507.535219
 20
183.803660
 42
-0.132441
  0
VERTEX
  8
0
 10
506.788717
 20
183.319952
 42
-0.051554
  0
VERTEX
  8
0
 10
505.188953
 20
182.981352
 42
-0.010845
  0
VERTEX
  8
0
 10
502.336845
 20
182.741580
 42
0.000000
  0
VERTEX
  8
0
 10
496.500000
 20
182.378169
 42
0.000000
  0
VERTEX
  8
0
 10
502.750000
 20
182.189084
 42
0.006428
  0
VERTEX
  8
0
 10
506.736468
 20
182.119761
 42
0.089913
  0
VERTEX
  8
0
 10
508.143908
 20
182.368336
 42
0.235703
  0
VERTEX
  8
0
 10
508.788478
 20
183.055143
 42
0.072810
  0
VERTEX
  8
0
 10
509.000000
 20
184.500000
 42
0.012046
  0
VERTEX
  8
0
 10
508.959601
 20
186.176658
 42
0.135435
  0
VERTEX
  8
0
 10
508.753682
 20
186.803465
 42
0.394420
  0
VERTEX
  8
0
 10
508.377887
 20
186.892556
 42
0.066800
  0
SEQEND
  0
POLYLINE
  8
0
 66
1
 70
1
  0
VERTEX
  8
0
 10
610.620294
 20
185.452886
 42
0.077128
  0
VERTEX
  8
0
 10
610.353020
 20
184.213846
 42
0.103205
  0
VERTEX
  8
0
 10
610.521204
 20
183.079385
 42
0.131978
  0
VERTEX
  8
0
 10
611.075870
 20
182.294668
 42
0.175020
  0
VERTEX
  8
0
 10
611.891898
 20
182.000000
 42
0.365560
  0
VERTEX
  8
0
 10
612.391059
 20
182.421237
 42
0.046759
  0
VERTEX
  8
0
 10
612.505251
 20
183.931405
 42
0.045963
  0
VERTEX
  8
0
 10
612.324905
 20
185.566679
 42
0.146969
  0
VERTEX
  8
0
 10
611.810576
 20
186.522757
 42
0.253364
  0
VERTEX
  8
0
 10
611.545223
 20
186.601686
 42
0.132010
  0
VERTEX
  8
0
 10
611.228488
 20
186.440926
 42
0.077901
  0
VERTEX
  8
0
 10
610.901130
 20
186.038698
 42
0.040332
  0
SEQEND
  0
POLYLINE
  8
0
 66
1
 70
1
  0
VERTEX
  8
0
 10
84.000000
 20
184.000000
 42
0.054166
  0
VERTEX
  8
0
 10
84.083130
 20
183.234880
 42
0.073876
  0
VERTEX
  8
0
 10
84.329718
 20
182.587500
 42
0.093538
  0
VERTEX
  8
0
 10
84.694154
 20
182.153024
 42
0.173281
  0
VERTEX
  8
0
 10
85.122445
 20
182.000000
 42
-0.118572
  0
VERTEX
  8
0
 10
85.536329
 20
181.900450
 42
-0.302172
  0
VERTEX
  8
0
 10
85.680486
 20
181.643826
 42
-0.130387
  0
VERTEX
  8
0
 10
85.526778
 20
181.201424
 42
-0.024760
  0
VERTEX
  8
0
 10
85.010569
 20
180.512735
 42
0.119491
  0
VERTEX
  8
0
 10
84.314051
 20
179.088580
 42
0.134759
  0
VERTEX
  8
0
 10
84.391350
 20
177.570940
 42
0.152495
  0
VERTEX
  8
0
 10
85.205716
 20
176.433720
 42
0.163095
  0
VERTEX
  8
0
 10
86.500000
 20
176.000000
 42
0.163095
  0
VERTEX
  8
0
 10
87.794284
 20
176.433720
 42
0.152495
  0
VERTEX
  8
0
 10
88.608650
 20
177.570940
 42
0.134759
  0
VERTEX
  8
0
 10
88.685949
 20
179.088580
 42
0.119491
  0
VERTEX
  8
0
 10
87.989431
 20
180.512735
 42
-0.024760
  0
VERTEX
  8
0
 10
87.473222
 20
181.201424
 42
-0.130387
  0
VERTEX
  8
0
 10
87.319514
 20
181.643826
 42
-0.302172
  0
VERTEX
  8
0
 10
87.463671
 20
181.900450
 42
-0.118572
  0
VERTEX
  8
0
 10
87.877555
 20
182.000000
 42
0.173281
  0
VERTEX
  8
0
 10
88.305846
 20
182.153024
 42
0.093538
  0
VERTEX
  8
0
 10
88.670282
 20
182.587500
 42
0.073876
  0
VERTEX
  8
0
 10
88.916870
 20
183.234880
 42
0.054166
  0
VERTEX
  8
0
 10
89.000000
 20
184.000000
 42
0.046464
  0
VERTEX
  8
0
 10
88.928710
 20
184.765494
 42
0.066420
  0
VERTEX
  8
0
 10
88.715469
 20
185.412500
 42
0.086521
  0
VERTEX
  8
0
 10
88.401391
 20
185.849083
 42
0.196096
  0
VERTEX
  8
0
 10
88.031385
 20
186.000000
 42
0.184534
  0
VERTEX
  8
0
 10
87.710807
 20
185.877514
 42
0.147206
  0
VERTEX
  8
0
 10
87.516384
 20
185.559375
 42
0.100118
  0
VERTEX
  8
0
 10
87.488865
 20
185.074366
 42
0.055937
  0
VERTEX
  8
0
 10
87.638374
 20
184.500000
 42
-0.079931
  0
VERTEX
  8
0
 10
87.773240
 20
183.857436
 42
-0.175918
  0
VERTEX
  8
0
 10
87.626575
 20
183.384832
 42
-0.164142
  0
VERTEX
  8
0
 10
87.200058
 20
183.095389
 42
-0.067816
  0
VERTEX
  8
0
 10
86.500000
 20
183.000000
 42
-0.067816
  0
VERTEX
  8
0
 10
85.799942
 20
183.095389
 42
-0.164142
  0
VERTEX
  8
0
 10
85.373425
 20
183.384832
 42
-0.175918
  0
VERTEX
  8
0
 10
85.226760
 20
183.857436
 42
-0.079931
  0
VERTEX
  8
0
 10
85.361626
 20
184.500000
 42
0.055937
  0
VERTEX
  8
0
 10
85.511135
 20
185.074366
 42
0.100118
  0
VERTEX
  8
0
 10
85.483616
 20
185.559375
 42
0.147206
  0
VERTEX
  8
0
 10
85.289193
 20
185.877514
 42
0.184534
  0
VERTEX
  8
0
 10
84.968615
 20
186.000000
 42
0.196096
  0
VERTEX
  8
0
 10
84.598609
 20
185.849083
 42
0.086521
  0
VERTEX
  8
0
 10
84.284531
 20
185.412500
 42
0.066420
  0
VERTEX
  8
0
 10
84.071290
 20
184.765494
 42
0.046464
  0
SEQEND
  0
POLYLINE
  8
0
 66
1
 70
1
  0
VERTEX
  8
0
 10
87.103799
 20
177.703799
 42
-0.113251
  0
VERTEX
  8
0
 10
86.214666
 20
177.146534
 42
-0.251496
  0
VERTEX
  8
0
 10
85.448742
 20
177.268926
 42
-0.258096
  0
VERTEX
  8
0
 10
85.141241
 20
177.967994
 42
-0.116221
  0
VERTEX
  8
0
 10
85.468963
 20
178.949781
 42
-0.092910
  0
VERTEX
  8
0
 10
85.801911
 20
179.315254
 42
-0.096292
  0
VERTEX
  8
0
 10
86.240657
 20
179.529717
 42
-0.099247
  0
VERTEX
  8
0
 10
86.716563
 20
179.560607
 42
-0.105525
  0
VERTEX
  8
0
 10
87.156231
 20
179.403444
 42
-0.094625
  0
VERTEX
  8
0
 10
87.531428
 20
179.059296
 42
-0.169261
  0
VERTEX
  8
0
 10
87.655459
 20
178.664644
 42
-0.136091
  0
VERTEX
  8
0
 10
87.515485
 20
178.214314
 42
-0.053431
  0
SEQEND
  0
POLYLINE
  8
0
 66
1
 70
1
  0
VERTEX
  8
0
 10
179.750000
 20
184.337719
 42
0.057986
  0
VERTEX
  8
0
 10
180.320008
 20
184.181385
 42
0.037979
  0
VERTEX
  8
0
 10
181.000000
 20
184.129660
 42
0.037979
  0
VERTEX
  8
0
 10
181.679992
 20
184.181385
 42
0.057986
  0
VERTEX
  8
0
 10
182.250000
 20
184.337719
 42
0.174857
  0
VERTEX
  8
0
 10
182.459382
 20
184.525001
 42
0.447206
  0
VERTEX
  8
0
 10
182.398438
 20
184.693942
 42
0.078554
  0
VERTEX
  8
0
 10
181.891440
 20
184.810911
 42
0.017491
  0
VERTEX
  8
0
 10
181.000000
 20
184.842105
 42
0.017491
  0
VERTEX
  8
0
 10
180.108560
 20
184.810911
 42
0.078554
  0
VERTEX
  8
0
 10
179.601562
 20
184.693942
 42
0.447206
  0
VERTEX
  8
0
 10
179.540618
 20
184.525001
 42
0.174857
  0
SEQEND
  0
POLYLINE
  8
0
 66
1
 70
1
  0
VERTEX
  8
0
 10
184.750000
 20
184.337719
 42
0.057986
  0
VERTEX
  8
0
 10
185.320008
 20
184.181385
 42
0.037979
  0
VERTEX
  8
0
 10
186.000000
 20
184.129660
 42
0.037979
  0
VERTEX
  8
0
 10
186.679992
 20
184.181385
 42
0.057986
  0
VERTEX
  8
0
 10
187.250000
 20
184.337719
 42
0.174857
  0
VERTEX
  8
0
 10
187.459382
 20
184.525001
 42
0.447206
  0
VERTEX
  8
0
 10
187.398438
 20
184.693942
 42
0.078554
  0
VERTEX
  8
0
 10
186.891440
 20
184.810911
 42
0.017491
  0
VERTEX
  8
0
 10
186.000000
 20
184.842105
 42
0.017491
  0
VERTEX
  8
0
 10
185.108560
 20
184.810911
 42
0.078554
  0
VERTEX
  8
0
 10
184.601562
 20
184.693942
 42
0.447206
  0
VERTEX
  8
0
 10
184.540618
 20
184.525001
 42
0.174857
  0
SEQEND
  0
POLYLINE
  8
0
 66
1
 70
1
  0
VERTEX
  8
0
 10
182.274953
 20
181.000000
 42
0.037158
  0
VERTEX
  8
0
 10
182.390276
 20
180.234197
 42
0.053734
  0
VERTEX
  8
0
 10
182.612592
 20
179.587500
 42
0.068155
  0
VERTEX
  8
0
 10
182.900104
 20
179.143433
 42
0.218405
  0
VERTEX
  8
0
 10
183.212804
 20
179.000000
 42
0.229038
  0
VERTEX
  8
0
 10
183.514329
 20
179.145768
 42
0.073935
  0
VERTEX
  8
0
 10
183.768761
 20
179.587500
 42
0.056318
  0
VERTEX
  8
0
 10
183.942471
 20
180.234087
 42
0.037503
  0
VERTEX
  8
0
 10
184.000000
 20
181.000000
 42
0.044935
  0
VERTEX
  8
0
 10
183.931059
 20
181.765567
 42
0.064806
  0
VERTEX
  8
0
 10
183.724506
 20
182.412500
 42
0.084737
  0
VERTEX
  8
0
 10
183.420523
 20
182.849711
 42
0.201195
  0
VERTEX
  8
0
 10
183.062149
 20
183.000000
 42
0.210357
  0
VERTEX
  8
0
 10
182.715684
 20
182.847489
 42
0.091879
  0
VERTEX
  8
0
 10
182.444047
 20
182.412500
 42
0.067802
  0
VERTEX
  8
0
 10
182.286055
 20
181.765705
 42
0.044872
  0
SEQEND
  0
POLYLINE
  8
0
 66
1
 70
1
  0
VERTEX
  8
0
 10
279.000000
 20
182.250000
 42
0.390307
  0
VERTEX
  8
0
 10
279.278096
 20
181.948018
 42
0.004160
  0
VERTEX
  8
0
 10
282.350074
 20
181.720313
 42
0.010252
  0
VERTEX
  8
0
 10
286.031617
 20
181.553923
 42
0.006165
  0
VERTEX
  8
0
 10
290.404508
 20
181.500000
 42
0.006175
  0
VERTEX
  8
0
 10
294.746110
 20
181.553622
 42
0.010936
  0
VERTEX
  8
0
 10
298.322782
 20
181.720313
 42
0.005595
  0
VERTEX
  8
0
 10
301.195435
 20
181.949551
 42
0.557244
  0
VERTEX
  8
0
 10
301.345492
 20
182.250000
 42
0.237635
  0
VERTEX
  8
0
 10
300.855305
 20
182.550945
 42
0.004581
  0
VERTEX
  8
0
 10
297.804213
 20
182.779687
 42
0.010008
  0
VERTEX
  8
0
 10
294.168047
 20
182.945808
 42
0.006410
  0
VERTEX
  8
0
 10
289.940983
 20
183.000000
 42
0.006427
  0
VERTEX
  8
0
 10
285.745839
 20
182.946075
 42
0.010684
  0
VERTEX
  8
0
 10
282.213914
 20
182.779687
 42
0.004510
  0
VERTEX
  8
0
 10
279.276682
 20
182.551708
 42
0.389105
  0
SEQEND
  0
POLYLINE
  8
0
 66
1
 70
1
  0
VERTEX
  8
0
 10
304.000000
 20
178.000000
 42
-0.012754
  0
VERTEX
  8
0
 10
303.932479
 20
175.353300
 42
-0.071042
  0
VERTEX
  8
0
 10
303.660910
 20
173.962667
 42
-0.158317
  0
VERTEX
  8
0
 10
303.120611
 20
173.250061
 42
-0.148545
  0
VERTEX
  8
0
 10
302.250000
 20
172.968197
 42
0.011517
  0
VERTEX
  8
0
 10
301.161439
 20
172.923317
 42
0.395521
  0
VERTEX
  8
0
 10
301.000000
 20
172.751160
 42
0.228450
  0
VERTEX
  8
0
 10
301.132120
 20
172.477084
 42
0.005777
  0
VERTEX
  8
0
 10
302.250000
 20
171.607954
 42
-0.175944
  0
VERTEX
  8
0
 10
303.515459
 20
169.647368
 42
-0.044833
  0
VERTEX
  8
0
 10
304.033701
 20
165.838792
 42
-0.043929
  0
VERTEX
  8
0
 10
303.876731
 20
162.118304
 42
-0.270139
  0
VERTEX
  8
0
 10
302.750000
 20
160.659464
 42
0.045935
  0
VERTEX
  8
0
 10
302.190166
 20
160.369949
 42
0.242257
  0
VERTEX
  8
0
 10
302.021852
 20
160.080275
 42
0.216486
  0
VERTEX
  8
0
 10
302.151858
 20
159.750368
 42
0.037362
  0
VERTEX
  8
0
 10
302.681089
 20
159.309703
 42
-0.139014
  0
VERTEX
  8
0
 10
303.163167
 20
158.707294
 42
-0.027774
  0
VERTEX
  8
0
 10
303.631031
 20
157.397597
 42
-0.027412
  0
VERTEX
  8
0
 10
304.018788
 20
155.761861
 42
-0.022566
  0
VERTEX
  8
0
 10
304.256382
 20
153.983572
 42
0.884420
  0
VERTEX
  8
0
 10
304.420560
 20
153.977853
 42
0.027230
  0
VERTEX
  8
0
 10
304.586109
 20
155.581165
 42
0.006905
  0
VERTEX
  8
0
 10
304.731374
 20
159.773801
 42
0.002513
  0
VERTEX
  8
0
 10
304.825293
 20
165.718265
 42
0.000000
  0
VERTEX
  8
0
 10
305.000000
 20
181.936529
 42
0.000000
  0
VERTEX
  8
0
 10
316.750000
 20
182.253232
 42
0.000000
  0
VERTEX
  8
0
 10
328.500000
 20
182.569935
 42
0.000000
  0
VERTEX
  8
0
 10
316.250000
 20
182.784967
 42
0.000000
  0
VERTEX
  8
0
 10
304.000000
 20
183.000000
 42
0.000000
  0
SEQEND
  0
POLYLINE
  8
0
 66
1
 70
1
  0
VERTEX
  8
0
 10
615.614052
 20
181.436618
 42
-0.069381
  0
VERTEX
  8
0
 10
615.309425
 20
180.885502
 42
-0.099723
  0
VERTEX
  8
0
 10
614.894529
 20
180.515309
 42
-0.123594
  0
VERTEX
  8
0
 10
614.437686
 20
180.382065
 42
-0.148943
  0
VERTEX
  8
0
 10
614.007063
 20
180.495635
 42
0.075377
  0
VERTEX
  8
0
 10
613.621912
 20
180.659886
 42
0.152391
  0
VERTEX
  8
0
 10
613.295825
 20
180.643627
 42
0.187121
  0
VERTEX
  8
0
 10
613.080044
 20
180.453516
 42
0.120223
  0
VERTEX
  8
0
 10
613.000000
 20
180.125430
 42
0.364242
  0
VERTEX
  8
0
 10
613.352673
 20
179.705541
 42
0.010553
  0
VERTEX
  8
0
 10
615.825045
 20
179.325636
 42
0.016094
  0
VERTEX
  8
0
 10
618.997630
 20
179.009953
 42
0.008767
  0
VERTEX
  8
0
 10
622.907580
 20
178.816413
 42
0.006962
  0
VERTEX
  8
0
 10
626.675116
 20
178.748587
 42
0.012493
  0
VERTEX
  8
0
 10
629.767746
 20
178.813259
 42
0.007445
  0
VERTEX
  8
0
 10
632.202229
 20
178.961418
 42
0.563191
  0
VERTEX
  8
0
 10
632.348563
 20
179.250000
 42
0.227387
  0
VERTEX
  8
0
 10
631.879641
 20
179.548645
 42
0.007892
  0
VERTEX
  8
0
 10
629.669029
 20
179.779687
 42
0.013330
  0
VERTEX
  8
0
 10
626.981591
 20
179.945697
 42
0.008759
  0
VERTEX
  8
0
 10
623.881966
 20
180.000000
 42
-0.008904
  0
VERTEX
  8
0
 10
620.503728
 20
180.060166
 42
-0.024762
  0
VERTEX
  8
0
 10
618.139343
 20
180.261936
 42
-0.035319
  0
VERTEX
  8
0
 10
616.667781
 20
180.568294
 42
-0.498101
  0
VERTEX
  8
0
 10
616.500000
 20
181.000000
 42
-0.239746
  0
VERTEX
  8
0
 10
617.215078
 20
181.435093
 42
-0.004779
  0
VERTEX
  8
0
 10
621.588523
 20
181.726122
 42
-0.009511
  0
VERTEX
  8
0
 10
627.082264
 20
181.934257
 42
-0.004711
  0
VERTEX
  8
0
 10
634.059017
 20
182.000000
 42
0.000000
  0
VERTEX
  8
0
 10
651.000000
 20
182.000000
 42
0.000000
  0
VERTEX
  8
0
 10
651.105963
 20
179.250000
 42
-0.008224
  0
VERTEX
  8
0
 10
651.133590
 20
177.998089
 42
-0.004830
  0
VERTEX
  8
0
 10
651.127533
 20
176.500000
 42
-0.004829
  0
VERTEX
  8
0
 10
651.092531
 20
175.001933
 42
-0.008206
  0
VERTEX
  8
0
 10
651.030596
 20
173.750000
 42
0.094660
  0
VERTEX
  8
0
 10
651.255102
 20
171.932683
 42
0.245525
  0
VERTEX
  8
0
 10
652.167360
 20
171.034542
 42
0.217932
  0
VERTEX
  8
0
 10
653.527507
 20
171.216625
 42
0.079124
  0
VERTEX
  8
0
 10
655.025940
 20
172.531256
 42
0.050998
  0
VERTEX
  8
0
 10
655.602541
 20
173.390908
 42
0.176104
  0
VERTEX
  8
0
 10
655.694844
 20
174.044598
 42
0.147249
  0
VERTEX
  8
0
 10
655.347721
 20
174.678866
 42
0.032443
  0
VERTEX
  8
0
 10
654.398385
 20
175.499452
 42
-0.008013
  0
VERTEX
  8
0
 10
653.295090
 20
176.362722
 42
-0.189869
  0
VERTEX
  8
0
 10
653.103994
 20
176.699947
 42
-0.423152
  0
VERTEX
  8
0
 10
653.266047
 20
176.908610
 42
-0.022768
  0
VERTEX
  8
0
 10
654.190983
 20
176.968197
 42
0.059649
  0
VERTEX
  8
0
 10
654.890336
 20
177.065298
 42
0.049838
  0
VERTEX
  8
0
 10
655.593265
 20
177.327249
 42
0.051955
  0
VERTEX
  8
0
 10
656.195225
 20
177.704752
 42
0.088551
  0
VERTEX
  8
0
 10
656.590136
 20
178.145843
 42
0.154543
  0
VERTEX
  8
0
 10
656.705031
 20
178.601673
 42
0.335798
  0
VERTEX
  8
0
 10
656.483636
 20
178.860461
 42
0.099030
  0
VERTEX
  8
0
 10
655.805962
 20
178.872500
 42
0.016564
  0
VERTEX
  8
0
 10
654.528354
 20
178.596472
 42
-0.016075
  0
VERTEX
  8
0
 10
652.848280
 20
178.231773
 42
-0.228312
  0
VERTEX
  8
0
 10
652.271698
 20
178.389684
 42
-0.260327
  0
VERTEX
  8
0
 10
652.080339
 20
178.921835
 42
-0.020441
  0
VERTEX
  8
0
 10
652.398253
 20
180.450629
 42
0.000000
  0
VERTEX
  8
0
 10
653.038104
 20
183.000000
 42
0.000000
  0
VERTEX
  8
0
 10
634.626041
 20
183.000000
 42
0.002501
  0
VERTEX
  8
0
 10
624.346501
 20
182.948588
 42
0.018013
  0
VERTEX
  8
0
 10
619.396974
 20
182.720626
 42
0.034711
  0
VERTEX
  8
0
 10
616.607342
 20
182.294901
 42
0.250967
  0
SEQEND
  0
POLYLINE
  8
0
 66
1
 70
1
  0
VERTEX
  8
0
 10
656.015313
 20
181.250000
 42
0.014712
  0
VERTEX
  8
0
 10
656.049593
 20
180.352367
 42
0.284489
  0
VERTEX
  8
0
 10
656.204986
 20
180.135586
 42
0.344681
  0
VERTEX
  8
0
 10
656.438376
 20
180.200008
 42
0.018258
  0
VERTEX
  8
0
 10
656.904526
 20
180.879759
 42
-0.121162
  0
VERTEX
  8
0
 10
657.476162
 20
181.428596
 42
-0.072983
  0
VERTEX
  8
0
 10
658.354203
 20
181.777461
 42
-0.058484
  0
VERTEX
  8
0
 10
659.491989
 20
181.909637
 42
-0.036152
  0
VERTEX
  8
0
 10
660.836400
 20
181.810704
 42
0.022562
  0
VERTEX
  8
0
 10
661.975696
 20
181.695688
 42
0.049937
  0
VERTEX
  8
0
 10
662.847397
 20
181.734325
 42
0.103288
  0
VERTEX
  8
0
 10
663.324127
 20
181.908309
 42
0.413568
  0
VERTEX
  8
0
 10
663.388170
 20
182.180944
 42
0.175643
  0
VERTEX
  8
0
 10
662.986230
 20
182.499046
 42
0.029295
  0
VERTEX
  8
0
 10
662.019875
 20
182.759402
 42
0.029051
  0
VERTEX
  8
0
 10
660.795641
 20
182.940065
 42
0.022111
  0
VERTEX
  8
0
 10
659.440983
 20
183.000000
 42
0.024252
  0
VERTEX
  8
0
 10
657.746862
 20
182.917779
 42
0.094101
  0
VERTEX
  8
0
 10
656.742672
 20
182.623969
 42
0.160885
  0
VERTEX
  8
0
 10
656.206288
 20
182.081188
 42
0.117837
  0
SEQEND
  0
POLYLINE
  8
0
 66
1
 70
1
  0
VERTEX
  8
0
 10
342.078947
 20
180.416667
 42
0.018894
  0
VERTEX
  8
0
 10
342.137993
 20
179.670344
 42
0.168741
  0
VERTEX
  8
0
 10
342.279315
 20
179.378580
 42
0.470617
  0
VERTEX
  8
0
 10
342.461564
 20
179.395823
 42
0.054073
  0
VERTEX
  8
0
 10
342.683114
 20
179.812500
 42
0.051402
  0
VERTEX
  8
0
 10
342.839148
 20
180.359369
 42
0.054150
  0
VERTEX
  8
0
 10
342.876576
 20
180.916927
 42
0.060344
  0
VERTEX
  8
0
 10
342.797407
 20
181.402231
 42
0.126455
  0
VERTEX
  8
0
 10
342.604167
 20
181.729167
 42
0.296942
  0
VERTEX
  8
0
 10
342.385309
 20
181.775380
 42
0.208169
  0
VERTEX
  8
0
 10
342.200665
 20
181.592839
 42
0.077125
  0
VERTEX
  8
0
 10
342.089945
 20
181.112848
 42
0.028489
  0
SEQEND
  0
POLYLINE
  8
0
 66
1
 70
1
  0
VERTEX
  8
0
 10
37.812500
 20
180.316886
 42
0.051402
  0
VERTEX
  8
0
 10
38.359369
 20
180.160852
 42
0.054150
  0
VERTEX
  8
0
 10
38.916927
 20
180.123424
 42
0.060344
  0
VERTEX
  8
0
 10
39.402231
 20
180.202593
 42
0.126455
  0
VERTEX
  8
0
 10
39.729167
 20
180.395833
 42
0.296942
  0
VERTEX
  8
0
 10
39.775380
 20
180.614691
 42
0.208169
  0
VERTEX
  8
0
 10
39.592839
 20
180.799335
 42
0.077125
  0
VERTEX
  8
0
 10
39.112848
 20
180.910055
 42
0.028489
  0
VERTEX
  8
0
 10
38.416667
 20
180.921053
 42
0.018894
  0
VERTEX
  8
0
 10
37.670344
 20
180.862007
 42
0.168741
  0
VERTEX
  8
0
 10
37.378580
 20
180.720685
 42
0.470617
  0
VERTEX
  8
0
 10
37.395823
 20
180.538436
 42
0.054073
  0
SEQEND
  0
POLYLINE
  8
0
 66
1
 70
1
  0
VERTEX
  8
0
 10
374.812500
 20
180.316886
 42
0.051402
  0
VERTEX
  8
0
 10
375.359369
 20
180.160852
 42
0.054150
  0
VERTEX
  8
0
 10
375.916927
 20
180.123424
 42
0.060344
  0
VERTEX
  8
0
 10
376.402231
 20
180.202593
 42
0.126455
  0
VERTEX
  8
0
 10
376.729167
 20
180.395833
 42
0.296942
  0
VERTEX
  8
0
 10
376.775380
 20
180.614691
 42
0.208169
  0
VERTEX
  8
0
 10
376.592839
 20
180.799335
 42
0.077125
  0
VERTEX
  8
0
 10
376.112848
 20
180.910055
 42
0.028489
  0
VERTEX
  8
0
 10
375.416667
 20
180.921053
 42
0.018894
  0
VERTEX
  8
0
 10
374.670344
 20
180.862007
 42
0.168741
  0
VERTEX
  8
0
 10
374.378580
 20
180.720685
 42
0.470617
  0
VERTEX
  8
0
 10
374.395823
 20
180.538436
 42
0.054073
  0
SEQEND
  0
POLYLINE
  8
0
 66
1
 70
1
  0
VERTEX
  8
0
 10
225.210573
 20
178.610665
 42
0.041104
  0
VERTEX
  8
0
 10
225.741760
 20
178.125141
 42
0.066039
  0
VERTEX
  8
0
 10
226.271523
 20
177.817251
 42
0.093656
  0
VERTEX
  8
0
 10
226.717642
 20
177.723183
 42
0.233338
  0
VERTEX
  8
0
 10
227.011634
 20
177.860665
 42
-0.020929
  0
VERTEX
  8
0
 10
227.271174
 20
178.158529
 42
-0.009134
  0
VERTEX
  8
0
 10
227.638828
 20
178.532508
 42
-0.009020
  0
VERTEX
  8
0
 10
228.044333
 20
178.916085
 42
-0.011896
  0
VERTEX
  8
0
 10
228.428300
 20
179.250000
 42
0.312346
  0
VERTEX
  8
0
 10
228.506871
 20
179.530284
 42
0.214198
  0
VERTEX
  8
0
 10
228.272565
 20
179.779687
 42
0.072778
  0
VERTEX
  8
0
 10
227.607540
 20
179.948988
 42
0.026001
  0
VERTEX
  8
0
 10
226.627240
 20
180.000000
 42
0.014103
  0
VERTEX
  8
0
 10
225.159676
 20
179.958598
 42
0.181776
  0
VERTEX
  8
0
 10
224.666653
 20
179.740770
 42
0.359369
  0
VERTEX
  8
0
 10
224.625844
 20
179.354076
 42
0.040840
  0
SEQEND
  0
POLYLINE
  8
0
 66
1
 70
1
  0
VERTEX
  8
0
 10
329.397394
 20
166.000000
 42
0.001979
  0
VERTEX
  8
0
 10
329.417976
 20
160.800720
 42
0.009912
  0
VERTEX
  8
0
 10
329.498771
 20
157.889062
 42
0.866510
  0
VERTEX
  8
0
 10
329.617103
 20
157.877760
 42
0.047650
  0
VERTEX
  8
0
 10
329.742507
 20
158.750000
 42
0.007490
  0
VERTEX
  8
0
 10
329.850096
 20
162.050504
 42
0.004402
  0
VERTEX
  8
0
 10
329.884865
 20
166.000000
 42
0.004402
  0
VERTEX
  8
0
 10
329.850096
 20
169.949496
 42
0.007490
  0
VERTEX
  8
0
 10
329.742507
 20
173.250000
 42
0.047650
  0
VERTEX
  8
0
 10
329.617103
 20
174.122240
 42
0.866510
  0
VERTEX
  8
0
 10
329.498771
 20
174.110938
 42
0.009912
  0
VERTEX
  8
0
 10
329.417976
 20
171.199280
 42
0.001979
  0
SEQEND
  0
POLYLINE
  8
0
 66
1
 70
1
  0
VERTEX
  8
0
 10
178.188159
 20
175.261484
 42
0.143076
  0
VERTEX
  8
0
 10
178.935840
 20
173.805748
 42
0.183129
  0
VERTEX
  8
0
 10
180.282334
 20
173.155562
 42
0.232055
  0
VERTEX
  8
0
 10
181.488972
 20
173.621394
 42
0.188778
  0
VERTEX
  8
0
 10
182.000000
 20
174.926676
 42
0.067185
  0
VERTEX
  8
0
 10
181.874542
 20
175.856143
 42
0.129990
  0
VERTEX
  8
0
 10
181.500000
 20
176.500000
 42
0.129990
  0
VERTEX
  8
0
 10
180.856143
 20
176.874542
 42
0.067185
  0
VERTEX
  8
0
 10
179.926676
 20
177.000000
 42
0.055256
  0
VERTEX
  8
0
 10
179.011599
 20
176.898563
 42
0.142094
  0
VERTEX
  8
0
 10
178.434093
 20
176.580742
 42
0.164476
  0
VERTEX
  8
0
 10
178.166030
 20
176.038825
 42
0.081073
  0
SEQEND
  0
POLYLINE
  8
0
 66
1
 70
1
  0
VERTEX
  8
0
 10
181.000000
 20
175.000000
 42
-0.099038
  0
VERTEX
  8
0
 10
180.923658
 20
174.618362
 42
-0.097945
  0
VERTEX
  8
0
 10
180.706250
 20
174.293750
 42
-0.097945
  0
VERTEX
  8
0
 10
180.381638
 20
174.076342
 42
-0.099038
  0
VERTEX
  8
0
 10
180.000000
 20
174.000000
 42
-0.099038
  0
VERTEX
  8
0
 10
179.618362
 20
174.076342
 42
-0.097945
  0
VERTEX
  8
0
 10
179.293750
 20
174.293750
 42
-0.097945
  0
VERTEX
  8
0
 10
179.076342
 20
174.618362
 42
-0.099038
  0
VERTEX
  8
0
 10
179.000000
 20
175.000000
 42
-0.099038
  0
VERTEX
  8
0
 10
179.076342
 20
175.381638
 42
-0.097945
  0
VERTEX
  8
0
 10
179.293750
 20
175.706250
 42
-0.097945
  0
VERTEX
  8
0
 10
179.618362
 20
175.923658
 42
-0.099038
  0
VERTEX
  8
0
 10
180.000000
 20
176.000000
 42
-0.099038
  0
VERTEX
  8
0
 10
180.381638
 20
175.923658
 42
-0.097945
  0
VERTEX
  8
0
 10
180.706250
 20
175.706250
 42
-0.097945
  0
VERTEX
  8
0
 10
180.923658
 20
175.381638
 42
-0.099038
  0
SEQEND
  0
POLYLINE
  8
0
 66
1
 70
1
  0
VERTEX
  8
0
 10
342.157895
 20
175.000000
 42
0.017491
  0
VERTEX
  8
0
 10
342.189089
 20
174.108560
 42
0.078554
  0
VERTEX
  8
0
 10
342.306058
 20
173.601562
 42
0.447206
  0
VERTEX
  8
0
 10
342.474999
 20
173.540618
 42
0.174857
  0
VERTEX
  8
0
 10
342.662281
 20
173.750000
 42
0.057986
  0
VERTEX
  8
0
 10
342.818615
 20
174.320008
 42
0.037979
  0
VERTEX
  8
0
 10
342.870340
 20
175.000000
 42
0.037979
  0
VERTEX
  8
0
 10
342.818615
 20
175.679992
 42
0.057986
  0
VERTEX
  8
0
 10
342.662281
 20
176.250000
 42
0.174857
  0
VERTEX
  8
0
 10
342.474999
 20
176.459382
 42
0.447206
  0
VERTEX
  8
0
 10
342.306058
 20
176.398438
 42
0.078554
  0
VERTEX
  8
0
 10
342.189089
 20
175.891440
 42
0.017491
  0
SEQEND
  0
POLYLINE
  8
0
 66
1
 70
1
  0
VERTEX
  8
0
 10
84.000000
 20
172.500000
 42
0.045527
  0
VERTEX
  8
0
 10
84.115743
 20
171.231486
 42
0.152009
  0
VERTEX
  8
0
 10
84.500000
 20
170.500000
 42
0.152009
  0
VERTEX
  8
0
 10
85.231486
 20
170.115743
 42
0.045527
  0
VERTEX
  8
0
 10
86.500000
 20
170.000000
 42
0.045527
  0
VERTEX
  8
0
 10
87.768514
 20
170.115743
 42
0.152009
  0
VERTEX
  8
0
 10
88.500000
 20
170.500000
 42
0.152009
  0
VERTEX
  8
0
 10
88.884257
 20
171.231486
 42
0.045527
  0
VERTEX
  8
0
 10
89.000000
 20
172.500000
 42
0.045527
  0
VERTEX
  8
0
 10
88.884257
 20
173.768514
 42
0.152009
  0
VERTEX
  8
0
 10
88.500000
 20
174.500000
 42
0.152009
  0
VERTEX
  8
0
 10
87.768514
 20
174.884257
 42
0.045527
  0
VERTEX
  8
0
 10
86.500000
 20
175.000000
 42
0.045527
  0
VERTEX
  8
0
 10
85.231486
 20
174.884257
 42
0.152009
  0
VERTEX
  8
0
 10
84.500000
 20
174.500000
 42
0.152009
  0
VERTEX
  8
0
 10
84.115743
 20
173.768514
 42
0.045527
  0
SEQEND
  0
POLYLINE
  8
0
 66
1
 70
1
  0
VERTEX
  8
0
 10
223.666725
 20
174.250000
 42
0.138354
  0
VERTEX
  8
0
 10
223.530074
 20
173.749905
 42
0.015076
  0
VERTEX
  8
0
 10
223.576318
 20
172.545312
 42
0.017547
  0
VERTEX
  8
0
 10
223.727992
 20
171.086671
 42
0.013309
  0
VERTEX
  8
0
 10
223.992709
 20
169.500000
 42
0.008649
  0
VERTEX
  8
0
 10
224.300188
 20
168.051920
 42
0.027256
  0
VERTEX
  8
0
 10
224.575453
 20
167.098332
 42
0.170159
  0
VERTEX
  8
0
 10
224.753300
 20
166.875050
 42
0.563390
  0
VERTEX
  8
0
 10
224.885001
 20
166.941130
 42
-0.081959
  0
VERTEX
  8
0
 10
225.024261
 20
167.502456
 42
-0.384980
  0
VERTEX
  8
0
 10
225.301290
 20
167.629198
 42
-0.138469
  0
VERTEX
  8
0
 10
225.737629
 20
167.342641
 42
-0.016741
  0
VERTEX
  8
0
 10
226.468197
 20
166.441130
 42
0.008672
  0
VERTEX
  8
0
 10
227.426593
 20
165.218677
 42
0.355635
  0
VERTEX
  8
0
 10
227.734616
 20
165.154576
 42
0.270338
  0
VERTEX
  8
0
 10
227.925730
 20
165.456352
 42
0.006198
  0
VERTEX
  8
0
 10
227.968197
 20
167.218615
 42
0.027338
  0
VERTEX
  8
0
 10
227.912737
 20
168.508633
 42
0.126426
  0
VERTEX
  8
0
 10
227.659348
 20
169.204642
 42
0.230376
  0
VERTEX
  8
0
 10
227.197038
 20
169.467678
 42
0.108128
  0
VERTEX
  8
0
 10
226.500000
 20
169.361626
 42
-0.065020
  0
VERTEX
  8
0
 10
225.926101
 20
169.223280
 42
-0.112257
  0
VERTEX
  8
0
 10
225.440625
 20
169.280284
 42
-0.151946
  0
VERTEX
  8
0
 10
225.121257
 20
169.519085
 42
-0.158089
  0
VERTEX
  8
0
 10
225.000000
 20
169.893011
 42
-0.134459
  0
VERTEX
  8
0
 10
225.115611
 20
170.315153
 42
-0.100435
  0
VERTEX
  8
0
 10
225.440625
 20
170.674822
 42
-0.087143
  0
VERTEX
  8
0
 10
225.926792
 20
170.916860
 42
-0.072144
  0
VERTEX
  8
0
 10
226.500000
 20
171.000000
 42
0.190948
  0
VERTEX
  8
0
 10
227.544274
 20
171.413895
 42
0.213192
  0
VERTEX
  8
0
 10
227.959587
 20
172.407274
 42
0.165661
  0
VERTEX
  8
0
 10
227.524904
 20
173.589133
 42
0.131655
  0
VERTEX
  8
0
 10
226.418213
 20
174.393011
 42
0.010465
  0
VERTEX
  8
0
 10
225.097094
 20
174.868500
 42
0.094399
  0
VERTEX
  8
0
 10
224.491105
 20
174.951618
 42
0.182901
  0
VERTEX
  8
0
 10
224.077384
 20
174.769963
 42
0.063475
  0
SEQEND
  0
POLYLINE
  8
0
 66
1
 70
1
  0
VERTEX
  8
0
 10
226.729167
 20
172.395833
 42
-0.126455
  0
VERTEX
  8
0
 10
226.402231
 20
172.202593
 42
-0.060344
  0
VERTEX
  8
0
 10
225.916927
 20
172.123424
 42
-0.054150
  0
VERTEX
  8
0
 10
225.359369
 20
172.160852
 42
-0.051402
  0
VERTEX
  8
0
 10
224.812500
 20
172.316886
 42
-0.054073
  0
VERTEX
  8
0
 10
224.395823
 20
172.538436
 42
-0.470617
  0
VERTEX
  8
0
 10
224.378580
 20
172.720685
 42
-0.168741
  0
VERTEX
  8
0
 10
224.670344
 20
172.862007
 42
-0.018894
  0
VERTEX
  8
0
 10
225.416667
 20
172.921053
 42
-0.028489
  0
VERTEX
  8
0
 10
226.112848
 20
172.910055
 42
-0.077125
  0
VERTEX
  8
0
 10
226.592839
 20
172.799335
 42
-0.208169
  0
VERTEX
  8
0
 10
226.775380
 20
172.614691
 42
-0.296942
  0
SEQEND
  0
POLYLINE
  8
0
 66
1
 70
1
  0
VERTEX
  8
0
 10
365.500000
 20
173.000000
 42
0.082592
  0
VERTEX
  8
0
 10
365.343488
 20
172.617900
 42
0.161196
  0
VERTEX
  8
0
 10
365.374600
 20
172.293750
 42
0.182303
  0
VERTEX
  8
0
 10
365.586039
 20
172.078288
 42
0.108972
  0
VERTEX
  8
0
 10
365.940983
 20
172.000000
 42
0.093332
  0
VERTEX
  8
0
 10
366.345238
 20
172.076123
 42
0.096420
  0
VERTEX
  8
0
 10
366.688914
 20
172.293750
 42
0.099167
  0
VERTEX
  8
0
 10
366.918938
 20
172.618444
 42
0.105053
  0
VERTEX
  8
0
 10
367.000000
 20
173.000000
 42
0.042167
  0
VERTEX
  8
0
 10
366.967655
 20
173.382849
 42
0.061769
  0
VERTEX
  8
0
 10
366.870461
 20
173.706250
 42
0.081139
  0
VERTEX
  8
0
 10
366.727648
 20
173.925540
 42
0.210953
  0
VERTEX
  8
0
 10
366.559017
 20
174.000000
 42
0.151918
  0
VERTEX
  8
0
 10
366.348290
 20
173.934461
 42
0.038439
  0
VERTEX
  8
0
 10
366.066025
 20
173.706250
 42
0.035638
  0
VERTEX
  8
0
 10
365.768994
 20
173.382774
 42
0.029505
  0
SEQEND
  0
POLYLINE
  8
0
 66
1
 70
1
  0
VERTEX
  8
0
 10
664.250000
 20
171.607954
 42
-0.092671
  0
VERTEX
  8
0
 10
665.023900
 20
170.754716
 42
-0.062427
  0
VERTEX
  8
0
 10
665.570164
 20
169.554670
 42
-0.049294
  0
VERTEX
  8
0
 10
665.895360
 20
167.982533
 42
-0.026372
  0
VERTEX
  8
0
 10
666.000000
 20
166.000000
 42
-0.026372
  0
VERTEX
  8
0
 10
665.895360
 20
164.017467
 42
-0.049294
  0
VERTEX
  8
0
 10
665.570164
 20
162.445330
 42
-0.062427
  0
VERTEX
  8
0
 10
665.023900
 20
161.245284
 42
-0.092671
  0
VERTEX
  8
0
 10
664.250000
 20
160.392046
 42
0.009502
  0
VERTEX
  8
0
 10
663.191065
 20
159.556014
 42
0.319153
  0
VERTEX
  8
0
 10
663.110989
 20
159.261664
 42
0.300884
  0
VERTEX
  8
0
 10
663.363619
 20
159.075912
 42
0.008836
  0
VERTEX
  8
0
 10
664.750000
 20
159.031803
 42
0.108281
  0
VERTEX
  8
0
 10
666.003896
 20
159.288054
 42
0.213446
  0
VERTEX
  8
0
 10
666.670779
 20
160.028898
 42
0.072253
  0
VERTEX
  8
0
 10
666.948379
 20
161.665001
 42
0.005954
  0
VERTEX
  8
0
 10
667.000000
 20
166.000000
 42
0.005954
  0
VERTEX
  8
0
 10
666.948379
 20
170.334999
 42
0.072253
  0
VERTEX
  8
0
 10
666.670779
 20
171.971102
 42
0.213446
  0
VERTEX
  8
0
 10
666.003896
 20
172.711946
 42
0.108281
  0
VERTEX
  8
0
 10
664.750000
 20
172.968197
 42
0.008836
  0
VERTEX
  8
0
 10
663.363619
 20
172.924088
 42
0.300884
  0
VERTEX
  8
0
 10
663.110989
 20
172.738336
 42
0.319153
  0
VERTEX
  8
0
 10
663.191065
 20
172.443986
 42
0.009502
  0
SEQEND
  0
POLYLINE
  8
0
 66
1
 70
1
  0
VERTEX
  8
0
 10
27.476082
 20
169.924639
 42
0.018116
  0
VERTEX
  8
0
 10
27.248613
 20
169.106250
 42
0.025809
  0
VERTEX
  8
0
 10
27.111138
 20
168.364538
 42
0.024048
  0
VERTEX
  8
0
 10
27.060971
 20
167.765690
 42
0.216043
  0
VERTEX
  8
0
 10
27.158694
 20
167.527991
 42
0.182648
  0
VERTEX
  8
0
 10
28.377186
 20
167.021585
 42
0.003460
  0
VERTEX
  8
0
 10
35.367645
 20
166.842237
 42
0.002405
  0
VERTEX
  8
0
 10
42.507139
 20
166.742846
 42
0.416884
  0
VERTEX
  8
0
 10
43.000000
 20
167.231237
 42
0.373899
  0
VERTEX
  8
0
 10
42.733825
 20
167.537421
 42
0.009584
  0
VERTEX
  8
0
 10
40.777080
 20
167.774176
 42
0.015781
  0
VERTEX
  8
0
 10
38.334054
 20
167.944688
 42
0.009531
  0
VERTEX
  8
0
 10
35.432612
 20
168.000000
 42
-0.004678
  0
VERTEX
  8
0
 10
30.739876
 20
168.043909
 42
-0.065632
  0
VERTEX
  8
0
 10
29.075463
 20
168.295102
 42
-0.263463
  0
VERTEX
  8
0
 10
28.473915
 20
168.909645
 42
-0.142663
  0
VERTEX
  8
0
 10
28.500000
 20
170.000000
 42
0.021495
  0
VERTEX
  8
0
 10
28.707631
 20
170.767068
 42
0.038538
  0
VERTEX
  8
0
 10
28.801435
 20
171.412500
 42
0.050781
  0
VERTEX
  8
0
 10
28.785851
 20
171.868146
 42
0.375014
  0
VERTEX
  8
0
 10
28.634775
 20
172.000000
 42
0.239893
  0
VERTEX
  8
0
 10
28.402513
 20
171.881759
 42
0.029964
  0
VERTEX
  8
0
 10
28.088159
 20
171.390363
 42
0.029977
  0
VERTEX
  8
0
 10
27.764795
 20
170.719692
 42
0.020503
  0
SEQEND
  0
POLYLINE
  8
0
 66
1
 70
1
  0
VERTEX
  8
0
 10
179.000000
 20
170.000000
 42
0.048028
  0
VERTEX
  8
0
 10
179.073693
 20
169.234582
 42
0.068025
  0
VERTEX
  8
0
 10
179.293750
 20
168.587500
 42
0.088204
  0
VERTEX
  8
0
 10
179.618118
 20
168.151477
 42
0.191087
  0
VERTEX
  8
0
 10
180.000000
 20
168.000000
 42
-0.099038
  0
VERTEX
  8
0
 10
180.381638
 20
167.923658
 42
-0.097945
  0
VERTEX
  8
0
 10
180.706250
 20
167.706250
 42
-0.097945
  0
VERTEX
  8
0
 10
180.923658
 20
167.381638
 42
-0.099038
  0
VERTEX
  8
0
 10
181.000000
 20
167.000000
 42
-0.153634
  0
VERTEX
  8
0
 10
180.879982
 20
166.618621
 42
-0.097988
  0
VERTEX
  8
0
 10
180.542039
 20
166.293750
 42
-0.080552
  0
VERTEX
  8
0
 10
180.037096
 20
166.074545
 42
-0.062283
  0
VERTEX
  8
0
 10
179.440983
 20
166.000000
 42
0.066118
  0
VERTEX
  8
0
 10
178.889346
 20
165.926733
 42
0.138808
  0
VERTEX
  8
0
 10
178.521475
 20
165.706250
 42
0.191142
  0
VERTEX
  8
0
 10
178.392057
 20
165.379648
 42
0.139169
  0
VERTEX
  8
0
 10
178.500000
 20
165.000000
 42
0.087086
  0
VERTEX
  8
0
 10
178.840734
 20
164.617189
 42
0.053356
  0
VERTEX
  8
0
 10
179.353043
 20
164.293750
 42
0.051476
  0
VERTEX
  8
0
 10
179.947826
 20
164.074161
 42
0.062784
  0
VERTEX
  8
0
 10
180.536098
 20
164.000000
 42
0.191161
  0
VERTEX
  8
0
 10
181.168771
 20
164.251059
 42
0.132143
  0
VERTEX
  8
0
 10
181.577661
 20
164.914240
 42
0.067812
  0
VERTEX
  8
0
 10
181.762877
 20
166.104866
 42
0.018925
  0
VERTEX
  8
0
 10
181.727081
 20
167.994819
 42
0.057307
  0
VERTEX
  8
0
 10
181.288894
 20
170.528177
 42
0.164207
  0
VERTEX
  8
0
 10
180.277199
 20
171.971780
 42
0.473288
  0
VERTEX
  8
0
 10
179.386975
 20
171.744388
 42
0.109588
  0
SEQEND
  0
POLYLINE
  8
0
 66
1
 70
1
  0
VERTEX
  8
0
 10
132.000000
 20
168.750000
 42
0.270668
  0
VERTEX
  8
0
 10
132.168760
 20
168.461092
 42
0.055558
  0
VERTEX
  8
0
 10
132.734375
 20
168.220313
 42
0.044499
  0
VERTEX
  8
0
 10
133.542129
 20
168.054455
 42
0.028402
  0
VERTEX
  8
0
 10
134.500000
 20
168.000000
 42
0.028402
  0
VERTEX
  8
0
 10
135.457871
 20
168.054455
 42
0.044499
  0
VERTEX
  8
0
 10
136.265625
 20
168.220313
 42
0.055558
  0
VERTEX
  8
0
 10
136.831240
 20
168.461092
 42
0.270668
  0
VERTEX
  8
0
 10
137.000000
 20
168.750000
 42
0.270668
  0
VERTEX
  8
0
 10
136.831240
 20
169.038908
 42
0.055558
  0
VERTEX
  8
0
 10
136.265625
 20
169.279687
 42
0.044499
  0
VERTEX
  8
0
 10
135.457871
 20
169.445545
 42
0.028402
  0
VERTEX
  8
0
 10
134.500000
 20
169.500000
 42
0.028402
  0
VERTEX
  8
0
 10
133.542129
 20
169.445545
 42
0.044499
  0
VERTEX
  8
0
 10
132.734375
 20
169.279687
 42
0.055558
  0
VERTEX
  8
0
 10
132.168760
 20
169.038908
 42
0.270668
  0
SEQEND
  0
POLYLINE
  8
0
 66
1
 70
1
  0
VERTEX
  8
0
 10
654.000000
 20
169.000000
 42
0.099038
  0
VERTEX
  8
0
 10
654.076342
 20
168.618362
 42
0.097945
  0
VERTEX
  8
0
 10
654.293750
 20
168.293750
 42
0.097945
  0
VERTEX
  8
0
 10
654.618362
 20
168.076342
 42
0.099038
  0
VERTEX
  8
0
 10
655.000000
 20
168.000000
 42
0.099038
  0
VERTEX
  8
0
 10
655.381638
 20
168.076342
 42
0.097945
  0
VERTEX
  8
0
 10
655.706250
 20
168.293750
 42
0.097945
  0
VERTEX
  8
0
 10
655.923658
 20
168.618362
 42
0.099038
  0
VERTEX
  8
0
 10
656.000000
 20
169.000000
 42
0.099038
  0
VERTEX
  8
0
 10
655.923658
 20
169.381638
 42
0.097945
  0
VERTEX
  8
0
 10
655.706250
 20
169.706250
 42
0.097945
  0
VERTEX
  8
0
 10
655.381638
 20
169.923658
 42
0.099038
  0
VERTEX
  8
0
 10
655.000000
 20
170.000000
 42
0.099038
  0
VERTEX
  8
0
 10
654.618362
 20
169.923658
 42
0.097945
  0
VERTEX
  8
0
 10
654.293750
 20
169.706250
 42
0.097945
  0
VERTEX
  8
0
 10
654.076342
 20
169.381638
 42
0.099038
  0
SEQEND
  0
POLYLINE
  8
0
 66
1
 70
1
  0
VERTEX
  8
0
 10
363.997651
 20
167.750000
 42
0.361395
  0
VERTEX
  8
0
 10
364.246038
 20
167.453129
 42
0.014050
  0
VERTEX
  8
0
 10
365.761810
 20
167.220313
 42
0.019345
  0
VERTEX
  8
0
 10
367.699469
 20
167.054000
 42
0.011735
  0
VERTEX
  8
0
 10
370.000000
 20
167.000000
 42
0.000000
  0
VERTEX
  8
0
 10
376.000000
 20
167.000000
 42
0.000000
  0
VERTEX
  8
0
 10
376.037648
 20
140.750000
 42
0.000459
  0
VERTEX
  8
0
 10
376.064713
 20
129.239062
 42
0.000326
  0
VERTEX
  8
0
 10
376.115299
 20
116.335938
 42
0.000329
  0
VERTEX
  8
0
 10
376.179706
 20
104.022454
 42
0.000701
  0
VERTEX
  8
0
 10
376.249125
 20
94.500000
 42
0.000000
  0
VERTEX
  8
0
 10
376.422954
 20
74.500000
 42
0.000000
  0
VERTEX
  8
0
 10
376.732182
 20
94.250000
 42
0.000000
  0
VERTEX
  8
0
 10
377.041411
 20
114.000000
 42
0.000000
  0
VERTEX
  8
0
 10
384.493249
 20
114.000000
 42
0.000000
  0
VERTEX
  8
0
 10
391.945087
 20
114.000000
 42
0.000000
  0
VERTEX
  8
0
 10
392.252282
 20
99.750000
 42
0.000000
  0
VERTEX
  8
0
 10
392.559476
 20
85.500000
 42
0.000000
  0
VERTEX
  8
0
 10
392.779738
 20
99.720123
 42
0.000000
  0
VERTEX
  8
0
 10
393.000000
 20
113.940246
 42
0.000000
  0
VERTEX
  8
0
 10
405.750000
 20
114.220123
 42
0.000000
  0
VERTEX
  8
0
 10
418.500000
 20
114.500000
 42
0.000000
  0
VERTEX
  8
0
 10
418.783832
 20
125.250000
 42
0.006709
  0
VERTEX
  8
0
 10
418.843910
 20
129.878870
 42
0.017305
  0
VERTEX
  8
0
 10
418.726797
 20
133.219083
 42
0.014951
  0
VERTEX
  8
0
 10
418.488951
 20
135.600289
 42
0.376786
  0
VERTEX
  8
0
 10
418.033832
 20
136.000000
 42
0.360755
  0
VERTEX
  8
0
 10
417.588202
 20
135.630369
 42
0.017625
  0
VERTEX
  8
0
 10
417.278981
 20
133.593408
 42
0.019914
  0
VERTEX
  8
0
 10
417.066205
 20
130.783759
 42
0.008941
  0
VERTEX
  8
0
 10
417.000000
 20
127.081787
 42
-0.006277
  0
VERTEX
  8
0
 10
416.955669
 20
123.550804
 42
-0.008159
  0
VERTEX
  8
0
 10
416.821697
 20
120.318650
 42
-0.006338
  0
VERTEX
  8
0
 10
416.631778
 20
117.626193
 42
-0.070946
  0
VERTEX
  8
0
 10
416.393011
 20
116.581787
 42
-0.252600
  0
VERTEX
  8
0
 10
415.373206
 20
115.706050
 42
-0.033972
  0
VERTEX
  8
0
 10
412.479125
 20
115.278192
 42
-0.017407
  0
VERTEX
  8
0
 10
407.313405
 20
115.050508
 42
-0.002309
  0
VERTEX
  8
0
 10
396.376129
 20
115.000000
 42
0.000000
  0
VERTEX
  8
0
 10
376.966235
 20
115.000000
 42
0.000000
  0
VERTEX
  8
0
 10
377.233118
 20
140.750000
 42
-0.002049
  0
VERTEX
  8
0
 10
377.421262
 20
153.759129
 42
-0.010214
  0
VERTEX
  8
0
 10
377.705871
 20
161.055449
 42
-0.009222
  0
VERTEX
  8
0
 10
378.071864
 20
165.746626
 42
-0.444142
  0
VERTEX
  8
0
 10
378.750000
 20
166.250000
 42
0.071241
  0
VERTEX
  8
0
 10
379.227786
 20
166.223621
 42
0.102187
  0
VERTEX
  8
0
 10
379.632812
 20
166.344819
 42
0.125350
  0
VERTEX
  8
0
 10
379.901393
 20
166.591946
 42
0.145406
  0
VERTEX
  8
0
 10
380.000000
 20
166.923853
 42
0.356013
  0
VERTEX
  8
0
 10
379.690762
 20
167.303113
 42
0.011940
  0
VERTEX
  8
0
 10
377.649310
 20
167.672130
 42
0.017742
  0
VERTEX
  8
0
 10
375.065645
 20
167.982279
 42
0.010814
  0
VERTEX
  8
0
 10
371.997651
 20
168.173853
 42
0.008777
  0
VERTEX
  8
0
 10
368.929443
 20
168.244985
 42
0.014640
  0
VERTEX
  8
0
 10
366.346682
 20
168.183882
 42
0.008326
  0
VERTEX
  8
0
 10
364.261502
 20
168.038551
 42
0.390077
  0
SEQEND
  0
POLYLINE
  8
0
 66
1
 70
1
  0
VERTEX
  8
0
 10
651.000000
 20
164.500000
 42
0.014917
  0
VERTEX
  8
0
 10
651.070435
 20
162.139567
 42
0.079310
  0
VERTEX
  8
0
 10
651.348764
 20
160.882819
 42
0.166756
  0
VERTEX
  8
0
 10
651.896991
 20
160.240735
 42
0.134201
  0
VERTEX
  8
0
 10
652.777759
 20
160.000000
 42
0.088144
  0
VERTEX
  8
0
 10
653.582093
 20
160.142904
 42
0.042197
  0
VERTEX
  8
0
 10
654.536335
 20
160.587500
 42
0.040091
  0
VERTEX
  8
0
 10
655.481390
 20
161.234731
 42
0.045548
  0
VERTEX
  8
0
 10
656.267972
 20
162.000000
 42
0.023797
  0
VERTEX
  8
0
 10
657.338876
 20
163.378384
 42
0.373397
  0
VERTEX
  8
0
 10
657.282845
 20
163.926876
 42
0.202397
  0
VERTEX
  8
0
 10
656.597572
 20
164.180807
 42
0.009771
  0
VERTEX
  8
0
 10
654.116395
 20
164.021617
 42
-0.036194
  0
VERTEX
  8
0
 10
652.825291
 20
164.007083
 42
-0.213350
  0
VERTEX
  8
0
 10
652.239765
 20
164.313029
 42
-0.188852
  0
VERTEX
  8
0
 10
652.036095
 20
164.981865
 42
-0.027799
  0
VERTEX
  8
0
 10
652.227723
 20
166.410926
 42
0.030576
  0
VERTEX
  8
0
 10
652.355193
 20
167.403295
 42
0.051846
  0
VERTEX
  8
0
 10
652.324255
 20
168.239460
 42
0.073244
  0
VERTEX
  8
0
 10
652.155396
 20
168.811976
 42
0.292368
  0
VERTEX
  8
0
 10
651.861328
 20
169.000000
 42
0.327067
  0
VERTEX
  8
0
 10
651.525088
 20
168.753707
 42
0.029327
  0
VERTEX
  8
0
 10
651.253015
 20
167.678125
 42
0.029276
  0
VERTEX
  8
0
 10
651.062168
 20
166.224950
 42
0.018014
  0
SEQEND
  0
POLYLINE
  8
0
 66
1
 70
1
  0
VERTEX
  8
0
 10
654.500000
 20
162.000000
 42
-0.060810
  0
VERTEX
  8
0
 10
654.193797
 20
161.617485
 42
-0.051032
  0
VERTEX
  8
0
 10
653.787100
 20
161.293750
 42
-0.053229
  0
VERTEX
  8
0
 10
653.346558
 20
161.073302
 42
-0.089642
  0
VERTEX
  8
0
 10
652.940983
 20
161.000000
 42
-0.105429
  0
VERTEX
  8
0
 10
652.581949
 20
161.076556
 42
-0.099231
  0
VERTEX
  8
0
 10
652.276414
 20
161.293750
 42
-0.096318
  0
VERTEX
  8
0
 10
652.071618
 20
161.618268
 42
-0.092995
  0
VERTEX
  8
0
 10
652.000000
 20
162.000000
 42
-0.153634
  0
VERTEX
  8
0
 10
652.120018
 20
162.381379
 42
-0.097988
  0
VERTEX
  8
0
 10
652.457961
 20
162.706250
 42
-0.080552
  0
VERTEX
  8
0
 10
652.962904
 20
162.925455
 42
-0.062283
  0
VERTEX
  8
0
 10
653.559017
 20
163.000000
 42
-0.066118
  0
VERTEX
  8
0
 10
654.110654
 20
162.926733
 42
-0.138808
  0
VERTEX
  8
0
 10
654.478525
 20
162.706250
 42
-0.191142
  0
VERTEX
  8
0
 10
654.607943
 20
162.379648
 42
-0.139169
  0
SEQEND
  0
POLYLINE
  8
0
 66
1
 70
1
  0
VERTEX
  8
0
 10
484.500000
 20
167.000000
 42
0.144916
  0
VERTEX
  8
0
 10
484.233125
 20
166.019507
 42
0.133895
  0
VERTEX
  8
0
 10
484.530286
 20
165.017438
 42
0.132261
  0
VERTEX
  8
0
 10
485.299190
 20
164.296362
 42
0.140031
  0
VERTEX
  8
0
 10
486.309017
 20
164.078947
 42
0.020128
  0
VERTEX
  8
0
 10
486.846721
 20
164.136398
 42
0.400844
  0
VERTEX
  8
0
 10
486.939531
 20
164.255579
 42
0.263902
  0
VERTEX
  8
0
 10
486.830327
 20
164.409563
 42
0.013592
  0
VERTEX
  8
0
 10
486.250000
 20
164.662281
 42
-0.104846
  0
VERTEX
  8
0
 10
485.217444
 20
165.357313
 42
-0.333927
  0
VERTEX
  8
0
 10
485.120145
 20
166.132635
 42
-0.180727
  0
VERTEX
  8
0
 10
485.975554
 20
166.843649
 42
-0.046418
  0
VERTEX
  8
0
 10
487.750000
 20
167.283746
 42
0.000000
  0
VERTEX
  8
0
 10
490.500000
 20
167.700336
 42
0.000000
  0
VERTEX
  8
0
 10
487.809017
 20
167.850168
 42
0.035444
  0
VERTEX
  8
0
 10
486.733624
 20
167.833782
 42
0.041372
  0
VERTEX
  8
0
 10
485.726963
 20
167.662237
 42
0.045874
  0
VERTEX
  8
0
 10
484.921934
 20
167.374596
 42
0.146630
  0
SEQEND
  0
POLYLINE
  8
0
 66
1
 70
1
  0
VERTEX
  8
0
 10
132.000000
 20
165.250000
 42
0.140180
  0
VERTEX
  8
0
 10
132.224997
 20
164.463241
 42
0.209947
  0
VERTEX
  8
0
 10
132.806248
 20
164.065736
 42
0.110065
  0
VERTEX
  8
0
 10
133.832438
 20
164.099929
 42
0.028471
  0
VERTEX
  8
0
 10
135.418213
 20
164.606989
 42
0.051244
  0
VERTEX
  8
0
 10
136.734075
 20
165.273428
 42
0.379606
  0
VERTEX
  8
0
 10
136.908983
 20
165.895760
 42
0.249882
  0
VERTEX
  8
0
 10
136.247132
 20
166.377759
 42
0.034941
  0
VERTEX
  8
0
 10
134.500000
 20
166.500000
 42
0.048028
  0
VERTEX
  8
0
 10
133.543227
 20
166.407883
 42
0.068025
  0
VERTEX
  8
0
 10
132.734375
 20
166.132812
 42
0.088204
  0
VERTEX
  8
0
 10
132.189346
 20
165.727353
 42
0.191087
  0
SEQEND
  0
POLYLINE
  8
0
 66
1
 70
1
  0
VERTEX
  8
0
 10
146.733333
 20
165.875912
 42
0.043285
  0
VERTEX
  8
0
 10
147.246577
 20
165.441312
 42
0.063152
  0
VERTEX
  8
0
 10
147.768815
 20
165.162781
 42
0.082976
  0
VERTEX
  8
0
 10
148.220211
 20
165.072099
 42
0.207420
  0
VERTEX
  8
0
 10
148.526461
 20
165.193128
 42
0.278911
  0
VERTEX
  8
0
 10
148.592490
 20
165.461316
 42
0.120343
  0
VERTEX
  8
0
 10
148.395085
 20
165.789051
 42
0.070189
  0
VERTEX
  8
0
 10
147.940734
 20
166.133723
 42
0.036269
  0
VERTEX
  8
0
 10
147.293128
 20
166.435707
 42
0.008399
  0
VERTEX
  8
0
 10
146.336218
 20
166.781790
 42
0.286372
  0
VERTEX
  8
0
 10
146.111181
 20
166.729672
 42
0.400052
  0
VERTEX
  8
0
 10
146.106486
 20
166.536448
 42
0.011214
  0
SEQEND
  0
POLYLINE
  8
0
 66
1
 70
1
  0
VERTEX
  8
0
 10
623.000000
 20
166.000000
 42
0.027275
  0
VERTEX
  8
0
 10
622.445888
 20
165.597454
 42
0.147021
  0
VERTEX
  8
0
 10
622.239151
 20
165.292684
 42
0.379910
  0
VERTEX
  8
0
 10
622.327599
 20
165.095709
 42
0.102799
  0
VERTEX
  8
0
 10
622.690983
 20
165.015313
 42
0.074131
  0
VERTEX
  8
0
 10
623.192374
 20
165.083483
 42
0.053889
  0
VERTEX
  8
0
 10
623.713662
 20
165.298248
 42
0.054031
  0
VERTEX
  8
0
 10
624.175433
 20
165.618541
 42
0.075854
  0
VERTEX
  8
0
 10
624.500000
 20
166.000000
 42
0.034464
  0
VERTEX
  8
0
 10
624.886554
 20
166.734105
 42
0.541951
  0
VERTEX
  8
0
 10
624.758161
 20
166.931144
 42
0.136158
  0
VERTEX
  8
0
 10
624.281145
 20
166.798791
 42
0.008108
  0
SEQEND
  0
POLYLINE
  8
0
 66
1
 70
1
  0
VERTEX
  8
0
 10
488.611101
 20
163.428929
 42
-0.096236
  0
VERTEX
  8
0
 10
488.169812
 20
162.722377
 42
-0.116235
  0
VERTEX
  8
0
 10
487.521114
 20
162.288794
 42
-0.093012
  0
VERTEX
  8
0
 10
486.629211
 20
162.133605
 42
-0.043945
  0
VERTEX
  8
0
 10
485.462678
 20
162.251886
 42
0.021478
  0
VERTEX
  8
0
 10
484.060973
 20
162.457906
 42
0.209555
  0
VERTEX
  8
0
 10
483.503570
 20
162.279263
 42
0.260795
  0
VERTEX
  8
0
 10
483.328239
 20
161.779306
 42
0.032325
  0
VERTEX
  8
0
 10
483.609896
 20
160.616085
 42
0.094259
  0
VERTEX
  8
0
 10
484.931133
 20
158.139938
 42
0.259542
  0
VERTEX
  8
0
 10
486.702823
 20
157.422420
 42
0.242357
  0
VERTEX
  8
0
 10
488.346559
 20
158.543637
 42
0.086559
  0
VERTEX
  8
0
 10
489.277841
 20
161.317221
 42
0.009559
  0
VERTEX
  8
0
 10
489.593735
 20
163.694001
 42
0.105096
  0
VERTEX
  8
0
 10
489.501681
 20
164.645893
 42
0.659869
  0
VERTEX
  8
0
 10
489.190174
 20
164.676646
 42
0.034071
  0
SEQEND
  0
POLYLINE
  8
0
 66
1
 70
1
  0
VERTEX
  8
0
 10
488.000000
 20
160.000000
 42
-0.153634
  0
VERTEX
  8
0
 10
487.879982
 20
159.618621
 42
-0.097988
  0
VERTEX
  8
0
 10
487.542039
 20
159.293750
 42
-0.080552
  0
VERTEX
  8
0
 10
487.037096
 20
159.074545
 42
-0.062283
  0
VERTEX
  8
0
 10
486.440983
 20
159.000000
 42
-0.066118
  0
VERTEX
  8
0
 10
485.889346
 20
159.073267
 42
-0.138808
  0
VERTEX
  8
0
 10
485.521475
 20
159.293750
 42
-0.191142
  0
VERTEX
  8
0
 10
485.392057
 20
159.620352
 42
-0.139169
  0
VERTEX
  8
0
 10
485.500000
 20
160.000000
 42
-0.060810
  0
VERTEX
  8
0
 10
485.806203
 20
160.382515
 42
-0.051032
  0
VERTEX
  8
0
 10
486.212900
 20
160.706250
 42
-0.053229
  0
VERTEX
  8
0
 10
486.653442
 20
160.926698
 42
-0.089642
  0
VERTEX
  8
0
 10
487.059017
 20
161.000000
 42
-0.105429
  0
VERTEX
  8
0
 10
487.418051
 20
160.923444
 42
-0.099231
  0
VERTEX
  8
0
 10
487.723586
 20
160.706250
 42
-0.096318
  0
VERTEX
  8
0
 10
487.928382
 20
160.381732
 42
-0.092995
  0
SEQEND
  0
POLYLINE
  8
0
 66
1
 70
1
  0
VERTEX
  8
0
 10
103.846513
 20
159.000622
 42
-0.015813
  0
VERTEX
  8
0
 10
103.926475
 20
156.872762
 42
-0.038722
  0
VERTEX
  8
0
 10
103.814679
 20
155.311115
 42
-0.057294
  0
VERTEX
  8
0
 10
103.542927
 20
154.303118
 42
-0.307419
  0
VERTEX
  8
0
 10
103.096513
 20
154.000000
 42
-0.264289
  0
VERTEX
  8
0
 10
102.674569
 20
154.239778
 42
-0.058484
  0
VERTEX
  8
0
 10
102.322101
 20
155.028125
 42
-0.046257
  0
VERTEX
  8
0
 10
102.079682
 20
156.159069
 42
-0.029685
  0
VERTEX
  8
0
 10
102.000000
 20
157.500000
 42
0.000000
  0
VERTEX
  8
0
 10
102.000000
 20
161.000000
 42
0.000000
  0
VERTEX
  8
0
 10
72.250000
 20
160.765700
 42
0.000000
  0
VERTEX
  8
0
 10
42.500000
 20
160.531401
 42
0.000000
  0
VERTEX
  8
0
 10
71.750000
 20
160.250596
 42
0.000000
  0
VERTEX
  8
0
 10
101.000000
 20
159.969791
 42
0.000000
  0
VERTEX
  8
0
 10
101.000000
 20
156.568229
 42
-0.034290
  0
VERTEX
  8
0
 10
100.908057
 20
155.229129
 42
-0.043182
  0
VERTEX
  8
0
 10
100.632812
 20
154.017712
 42
-0.049048
  0
VERTEX
  8
0
 10
100.231227
 20
153.088009
 42
-0.172045
  0
VERTEX
  8
0
 10
99.750000
 20
152.662281
 42
0.367332
  0
VERTEX
  8
0
 10
99.648055
 20
152.467986
 42
0.273033
  0
VERTEX
  8
0
 10
99.821875
 20
152.282867
 42
0.050023
  0
VERTEX
  8
0
 10
100.577168
 20
152.142435
 42
0.014897
  0
VERTEX
  8
0
 10
101.750000
 20
152.078947
 42
0.000000
  0
VERTEX
  8
0
 10
105.000000
 20
152.000000
 42
0.000000
  0
VERTEX
  8
0
 10
105.000000
 20
158.000000
 42
0.011735
  0
VERTEX
  8
0
 10
104.946002
 20
160.300413
 42
0.019354
  0
VERTEX
  8
0
 10
104.779687
 20
162.237683
 42
0.014064
  0
VERTEX
  8
0
 10
104.546867
 20
163.752842
 42
0.362021
  0
VERTEX
  8
0
 10
104.250000
 20
164.000622
 42
0.368104
  0
VERTEX
  8
0
 10
103.971427
 20
163.763787
 42
0.020067
  0
VERTEX
  8
0
 10
103.822101
 20
162.532128
 42
0.023400
  0
VERTEX
  8
0
 10
103.767629
 20
160.917860
 42
0.014032
  0
SEQEND
  0
POLYLINE
  8
0
 66
1
 70
1
  0
VERTEX
  8
0
 10
395.813982
 20
152.914343
 42
-0.002593
  0
VERTEX
  8
0
 10
395.980436
 20
145.715725
 42
-0.046057
  0
VERTEX
  8
0
 10
395.808626
 20
143.401831
 42
-0.240224
  0
VERTEX
  8
0
 10
395.189851
 20
142.566711
 42
-0.194637
  0
VERTEX
  8
0
 10
394.063982
 20
142.479693
 42
0.040466
  0
VERTEX
  8
0
 10
393.213122
 20
142.675727
 42
0.093640
  0
VERTEX
  8
0
 10
392.560656
 20
142.648844
 42
0.153995
  0
VERTEX
  8
0
 10
392.156826
 20
142.410329
 42
0.184994
  0
VERTEX
  8
0
 10
392.000000
 20
142.000965
 42
0.226597
  0
VERTEX
  8
0
 10
392.198212
 20
141.586056
 42
0.094643
  0
VERTEX
  8
0
 10
392.758743
 20
141.286546
 42
0.066142
  0
VERTEX
  8
0
 10
393.603420
 20
141.141623
 42
0.039483
  0
VERTEX
  8
0
 10
394.623694
 20
141.183578
 42
0.126723
  0
VERTEX
  8
0
 10
396.251316
 20
141.818854
 42
0.205505
  0
VERTEX
  8
0
 10
397.004530
 20
143.071983
 42
0.036003
  0
VERTEX
  8
0
 10
397.188534
 20
145.949349
 42
0.000913
  0
VERTEX
  8
0
 10
397.058824
 20
159.000000
 42
0.014089
  0
VERTEX
  8
0
 10
396.982217
 20
160.916964
 42
0.023052
  0
VERTEX
  8
0
 10
396.796967
 20
162.531849
 42
0.019327
  0
VERTEX
  8
0
 10
396.547927
 20
163.766996
 42
0.345452
  0
VERTEX
  8
0
 10
396.250000
 20
164.002038
 42
0.398409
  0
VERTEX
  8
0
 10
395.956080
 20
163.725159
 42
0.004418
  0
VERTEX
  8
0
 10
395.812545
 20
160.745868
 42
0.010567
  0
VERTEX
  8
0
 10
395.747498
 20
157.166468
 42
0.006336
  0
SEQEND
  0
POLYLINE
  8
0
 66
1
 70
1
  0
VERTEX
  8
0
 10
613.000000
 20
163.000000
 42
0.186414
  0
VERTEX
  8
0
 10
613.147465
 20
162.618213
 42
0.089706
  0
VERTEX
  8
0
 10
613.570164
 20
162.293750
 42
0.069539
  0
VERTEX
  8
0
 10
614.198222
 20
162.073784
 42
0.049547
  0
VERTEX
  8
0
 10
614.940983
 20
162.000000
 42
0.046881
  0
VERTEX
  8
0
 10
615.729296
 20
162.074077
 42
0.046318
  0
VERTEX
  8
0
 10
616.493350
 20
162.293750
 42
0.050262
  0
VERTEX
  8
0
 10
617.123976
 20
162.616444
 42
0.111412
  0
VERTEX
  8
0
 10
617.500000
 20
163.000000
 42
0.253782
  0
VERTEX
  8
0
 10
617.521766
 20
163.384801
 42
0.165100
  0
VERTEX
  8
0
 10
617.205217
 20
163.712684
 42
0.083483
  0
VERTEX
  8
0
 10
616.520664
 20
163.931329
 42
0.035659
  0
VERTEX
  8
0
 10
615.559017
 20
164.000000
 42
0.037227
  0
VERTEX
  8
0
 10
614.579009
 20
163.926934
 42
0.055981
  0
VERTEX
  8
0
 10
613.751711
 20
163.706250
 42
0.073461
  0
VERTEX
  8
0
 10
613.186221
 20
163.383082
 42
0.230178
  0
SEQEND
  0
POLYLINE
  8
0
 66
1
 70
1
  0
VERTEX
  8
0
 10
132.000000
 20
162.000000
 42
0.148195
  0
VERTEX
  8
0
 10
132.115568
 20
161.618646
 42
0.098894
  0
VERTEX
  8
0
 10
132.440625
 20
161.293750
 42
0.082425
  0
VERTEX
  8
0
 10
132.926543
 20
161.074694
 42
0.064853
  0
VERTEX
  8
0
 10
133.500000
 20
161.000000
 42
-0.080804
  0
VERTEX
  8
0
 10
134.609967
 20
160.819441
 42
-0.384907
  0
VERTEX
  8
0
 10
134.899310
 20
160.306296
 42
-0.148492
  0
VERTEX
  8
0
 10
134.415338
 20
159.453647
 42
-0.019764
  0
VERTEX
  8
0
 10
132.840891
 20
158.072245
 42
0.086035
  0
VERTEX
  8
0
 10
131.605517
 20
156.659422
 42
0.207559
  0
VERTEX
  8
0
 10
131.419075
 20
155.312394
 42
0.228417
  0
VERTEX
  8
0
 10
132.267346
 20
154.346980
 42
0.100529
  0
VERTEX
  8
0
 10
133.975684
 20
154.000000
 42
0.121730
  0
VERTEX
  8
0
 10
134.911278
 20
154.231205
 42
0.175458
  0
VERTEX
  8
0
 10
135.480131
 20
154.855604
 42
0.083533
  0
VERTEX
  8
0
 10
135.763370
 20
156.094139
 42
0.014537
  0
VERTEX
  8
0
 10
135.833333
 20
158.500000
 42
0.014285
  0
VERTEX
  8
0
 10
135.763682
 20
160.937442
 42
0.086595
  0
VERTEX
  8
0
 10
135.476852
 20
162.163043
 42
0.181120
  0
VERTEX
  8
0
 10
134.893346
 20
162.775727
 42
0.113339
  0
VERTEX
  8
0
 10
133.916667
 20
163.000000
 42
0.050201
  0
VERTEX
  8
0
 10
133.183242
 20
162.926177
 42
0.070178
  0
VERTEX
  8
0
 10
132.563021
 20
162.706250
 42
0.090315
  0
VERTEX
  8
0
 10
132.145793
 20
162.381750
 42
0.184457
  0
SEQEND
  0
POLYLINE
  8
0
 66
1
 70
1
  0
VERTEX
  8
0
 10
178.750000
 20
162.337719
 42
0.057986
  0
VERTEX
  8
0
 10
179.320008
 20
162.181385
 42
0.037979
  0
VERTEX
  8
0
 10
180.000000
 20
162.129660
 42
0.037979
  0
VERTEX
  8
0
 10
180.679992
 20
162.181385
 42
0.057986
  0
VERTEX
  8
0
 10
181.250000
 20
162.337719
 42
0.174857
  0
VERTEX
  8
0
 10
181.459382
 20
162.525001
 42
0.447206
  0
VERTEX
  8
0
 10
181.398438
 20
162.693942
 42
0.078554
  0
VERTEX
  8
0
 10
180.891440
 20
162.810911
 42
0.017491
  0
VERTEX
  8
0
 10
180.000000
 20
162.842105
 42
0.017491
  0
VERTEX
  8
0
 10
179.108560
 20
162.810911
 42
0.078554
  0
VERTEX
  8
0
 10
178.601562
 20
162.693942
 42
0.447206
  0
VERTEX
  8
0
 10
178.540618
 20
162.525001
 42
0.174857
  0
SEQEND
  0
POLYLINE
  8
0
 66
1
 70
1
  0
VERTEX
  8
0
 10
5.272364
 20
157.000000
 42
0.008087
  0
VERTEX
  8
0
 10
5.298431
 20
155.388510
 42
0.039503
  0
VERTEX
  8
0
 10
5.399666
 20
154.482812
 42
0.611425
  0
VERTEX
  8
0
 10
5.546986
 20
154.439977
 42
0.142433
  0
VERTEX
  8
0
 10
5.705733
 20
154.750000
 42
0.029693
  0
VERTEX
  8
0
 10
5.840649
 20
155.774707
 42
0.017887
  0
VERTEX
  8
0
 10
5.884498
 20
157.000000
 42
0.017887
  0
VERTEX
  8
0
 10
5.840649
 20
158.225293
 42
0.029693
  0
VERTEX
  8
0
 10
5.705733
 20
159.250000
 42
0.142433
  0
VERTEX
  8
0
 10
5.546986
 20
159.560023
 42
0.611425
  0
VERTEX
  8
0
 10
5.399666
 20
159.517188
 42
0.039503
  0
VERTEX
  8
0
 10
5.298431
 20
158.611490
 42
0.008087
  0
SEQEND
  0
POLYLINE
  8
0
 66
1
 70
1
  0
VERTEX
  8
0
 10
159.229022
 20
138.750000
 42
0.000000
  0
VERTEX
  8
0
 10
159.458045
 20
116.500000
 42
0.000000
  0
VERTEX
  8
0
 10
159.748910
 20
137.750000
 42
-0.002134
  0
VERTEX
  8
0
 10
159.959090
 20
149.454970
 42
-0.015233
  0
VERTEX
  8
0
 10
160.257387
 20
155.111616
 42
-0.025650
  0
VERTEX
  8
0
 10
160.690202
 20
158.311686
 42
-0.360805
  0
VERTEX
  8
0
 10
161.519888
 20
159.000000
 42
-0.359751
  0
VERTEX
  8
0
 10
162.346022
 20
158.317231
 42
-0.026848
  0
VERTEX
  8
0
 10
162.770945
 20
155.206841
 42
-0.015608
  0
VERTEX
  8
0
 10
163.052056
 20
149.686348
 42
-0.002180
  0
VERTEX
  8
0
 10
163.227096
 20
138.250000
 42
0.000000
  0
VERTEX
  8
0
 10
163.454192
 20
117.500000
 42
0.000000
  0
VERTEX
  8
0
 10
163.760807
 20
137.000000
 42
0.002888
  0
VERTEX
  8
0
 10
163.903069
 20
151.300831
 42
0.029880
  0
VERTEX
  8
0
 10
163.575904
 20
157.182146
 42
0.096657
  0
VERTEX
  8
0
 10
162.681990
 20
159.991814
 42
0.274082
  0
VERTEX
  8
0
 10
160.980948
 20
161.000000
 42
0.303968
  0
VERTEX
  8
0
 10
159.842293
 20
160.237299
 42
0.078120
  0
VERTEX
  8
0
 10
159.300863
 20
157.970904
 42
0.020877
  0
VERTEX
  8
0
 10
159.120121
 20
153.065269
 42
0.001343
  0
SEQEND
  0
POLYLINE
  8
0
 66
1
 70
1
  0
VERTEX
  8
0
 10
379.998178
 20
160.250000
 42
0.378508
  0
VERTEX
  8
0
 10
380.246760
 20
159.967293
 42
0.014359
  0
VERTEX
  8
0
 10
381.759926
 20
159.819841
 42
0.019510
  0
VERTEX
  8
0
 10
383.697079
 20
159.762857
 42
0.011697
  0
VERTEX
  8
0
 10
385.998178
 20
159.838821
 42
-0.009177
  0
VERTEX
  8
0
 10
388.299497
 20
159.926405
 42
-0.015330
  0
VERTEX
  8
0
 10
390.236965
 20
159.905147
 42
-0.009105
  0
VERTEX
  8
0
 10
391.793703
 20
159.811882
 42
-0.391534
  0
VERTEX
  8
0
 10
392.000000
 20
159.588821
 42
-0.187870
  0
VERTEX
  8
0
 10
391.627355
 20
158.632064
 42
-0.023962
  0
VERTEX
  8
0
 10
390.028013
 20
157.049708
 42
-0.021126
  0
VERTEX
  8
0
 10
388.314103
 20
155.635443
 42
-0.374422
  0
VERTEX
  8
0
 10
387.652234
 20
155.681099
 42
-0.157859
  0
VERTEX
  8
0
 10
387.495911
 20
155.987125
 42
-0.050224
  0
VERTEX
  8
0
 10
387.465471
 20
156.504511
 42
-0.044402
  0
VERTEX
  8
0
 10
387.546741
 20
157.124473
 42
-0.036846
  0
VERTEX
  8
0
 10
387.738840
 20
157.761811
 42
0.029816
  0
VERTEX
  8
0
 10
387.949270
 20
158.426056
 42
0.213328
  0
VERTEX
  8
0
 10
387.892618
 20
158.749918
 42
0.339066
  0
VERTEX
  8
0
 10
387.648854
 20
158.831637
 42
0.055867
  0
VERTEX
  8
0
 10
387.169939
 20
158.605028
 42
0.101378
  0
VERTEX
  8
0
 10
386.721630
 20
158.182637
 42
0.052015
  0
VERTEX
  8
0
 10
386.343670
 20
157.505590
 42
0.048658
  0
VERTEX
  8
0
 10
386.086759
 20
156.697949
 42
0.052734
  0
VERTEX
  8
0
 10
386.000000
 20
155.877625
 42
0.075480
  0
VERTEX
  8
0
 10
386.153639
 20
154.865672
 42
0.199361
  0
VERTEX
  8
0
 10
386.613755
 20
154.313724
 42
0.123046
  0
VERTEX
  8
0
 10
387.509218
 20
154.096994
 42
0.022335
  0
VERTEX
  8
0
 10
389.229713
 20
154.186642
 42
0.032133
  0
VERTEX
  8
0
 10
391.032479
 20
154.479356
 42
0.143701
  0
VERTEX
  8
0
 10
391.956502
 20
154.997013
 42
0.143075
  0
VERTEX
  8
0
 10
392.456446
 20
155.933252
 42
0.031757
  0
VERTEX
  8
0
 10
392.717575
 20
157.750000
 42
0.000000
  0
VERTEX
  8
0
 10
392.975726
 20
161.000000
 42
0.000000
  0
VERTEX
  8
0
 10
386.487863
 20
161.000000
 42
0.010849
  0
VERTEX
  8
0
 10
384.000272
 20
160.946016
 42
0.017917
  0
VERTEX
  8
0
 10
381.905274
 20
160.779687
 42
0.012180
  0
VERTEX
  8
0
 10
380.251242
 20
160.547583
 42
0.366330
  0
SEQEND
  0
POLYLINE
  8
0
 66
1
 70
1
  0
VERTEX
  8
0
 10
19.206250
 20
158.259447
 42
0.008346
  0
VERTEX
  8
0
 10
22.299387
 20
158.150284
 42
0.004596
  0
VERTEX
  8
0
 10
26.085078
 20
158.114720
 42
0.004580
  0
VERTEX
  8
0
 10
29.926580
 20
158.149131
 42
0.007321
  0
VERTEX
  8
0
 10
33.206250
 20
158.256610
 42
0.036599
  0
VERTEX
  8
0
 10
34.253362
 20
158.383474
 42
0.884121
  0
VERTEX
  8
0
 10
34.244961
 20
158.501803
 42
0.010914
  0
VERTEX
  8
0
 10
31.516356
 20
158.584076
 42
0.002028
  0
VERTEX
  8
0
 10
26.500000
 20
158.605443
 42
0.002097
  0
VERTEX
  8
0
 10
21.474935
 20
158.585388
 42
0.009805
  0
VERTEX
  8
0
 10
18.582461
 20
158.504977
 42
0.825028
  0
VERTEX
  8
0
 10
18.565100
 20
158.385046
 42
0.070857
  0
SEQEND
  0
POLYLINE
  8
0
 66
1
 70
1
  0
VERTEX
  8
0
 10
653.000000
 20
157.500000
 42
-0.063222
  0
VERTEX
  8
0
 10
652.927049
 20
156.925364
 42
-0.134005
  0
VERTEX
  8
0
 10
652.706250
 20
156.538811
 42
-0.191582
  0
VERTEX
  8
0
 10
652.379403
 20
156.397987
 42
-0.146489
  0
VERTEX
  8
0
 10
652.000000
 20
156.500000
 42
0.082592
  0
VERTEX
  8
0
 10
651.617900
 20
156.656512
 42
0.161196
  0
VERTEX
  8
0
 10
651.293750
 20
156.625400
 42
0.182303
  0
VERTEX
  8
0
 10
651.078288
 20
156.413961
 42
0.108972
  0
VERTEX
  8
0
 10
651.000000
 20
156.059017
 42
0.093332
  0
VERTEX
  8
0
 10
651.076123
 20
155.654762
 42
0.096420
  0
VERTEX
  8
0
 10
651.293750
 20
155.311086
 42
0.099167
  0
VERTEX
  8
0
 10
651.618444
 20
155.081062
 42
0.105053
  0
VERTEX
  8
0
 10
652.000000
 20
155.000000
 42
-0.002316
  0
VERTEX
  8
0
 10
652.433157
 20
154.997994
 42
-0.001757
  0
VERTEX
  8
0
 10
652.908152
 20
154.991924
 42
-0.001776
  0
VERTEX
  8
0
 10
653.353822
 20
154.983078
 42
-0.004146
  0
VERTEX
  8
0
 10
653.687328
 20
154.972506
 42
0.308573
  0
VERTEX
  8
0
 10
654.302484
 20
155.357003
 42
0.088033
  0
VERTEX
  8
0
 10
654.582171
 20
156.510143
 42
0.077771
  0
VERTEX
  8
0
 10
654.461634
 20
157.803970
 42
0.194680
  0
VERTEX
  8
0
 10
653.910933
 20
158.555046
 42
0.166463
  0
VERTEX
  8
0
 10
653.565847
 20
158.633547
 42
0.190336
  0
VERTEX
  8
0
 10
653.267587
 20
158.477359
 42
0.122086
  0
VERTEX
  8
0
 10
653.065843
 20
158.079466
 42
0.056632
  0
SEQEND
  0
POLYLINE
  8
0
 66
1
 70
1
  0
VERTEX
  8
0
 10
352.786692
 20
155.000000
 42
0.011827
  0
VERTEX
  8
0
 10
352.983363
 20
153.850008
 42
0.018975
  0
VERTEX
  8
0
 10
353.211193
 20
152.881250
 42
0.013551
  0
VERTEX
  8
0
 10
353.442408
 20
152.123137
 42
0.322443
  0
VERTEX
  8
0
 10
353.613499
 20
152.000000
 42
0.360284
  0
VERTEX
  8
0
 10
353.766339
 20
152.126560
 42
0.014861
  0
VERTEX
  8
0
 10
353.886465
 20
152.881250
 42
0.019939
  0
VERTEX
  8
0
 10
353.972170
 20
153.849825
 42
0.012096
  0
VERTEX
  8
0
 10
354.000000
 20
155.000000
 42
0.026053
  0
VERTEX
  8
0
 10
353.940059
 20
156.149578
 42
0.041208
  0
VERTEX
  8
0
 10
353.757125
 20
157.118750
 42
0.049958
  0
VERTEX
  8
0
 10
353.492393
 20
157.803812
 42
0.282744
  0
VERTEX
  8
0
 10
353.173193
 20
158.000000
 42
0.314934
  0
VERTEX
  8
0
 10
352.884290
 20
157.797993
 42
0.055623
  0
VERTEX
  8
0
 10
352.718600
 20
157.118750
 42
0.042928
  0
VERTEX
  8
0
 10
352.677574
 20
156.149985
 42
0.025568
  0
SEQEND
  0
POLYLINE
  8
0
 66
1
 70
1
  0
VERTEX
  8
0
 10
10.000000
 20
156.000000
 42
0.105053
  0
VERTEX
  8
0
 10
10.081062
 20
155.618444
 42
0.099167
  0
VERTEX
  8
0
 10
10.311086
 20
155.293750
 42
0.096420
  0
VERTEX
  8
0
 10
10.654762
 20
155.076123
 42
0.093332
  0
VERTEX
  8
0
 10
11.059017
 20
155.000000
 42
0.108972
  0
VERTEX
  8
0
 10
11.413961
 20
155.078288
 42
0.182303
  0
VERTEX
  8
0
 10
11.625400
 20
155.293750
 42
0.161196
  0
VERTEX
  8
0
 10
11.656512
 20
155.617900
 42
0.082592
  0
VERTEX
  8
0
 10
11.500000
 20
156.000000
 42
0.029505
  0
VERTEX
  8
0
 10
11.231006
 20
156.382774
 42
0.035638
  0
VERTEX
  8
0
 10
10.933975
 20
156.706250
 42
0.038439
  0
VERTEX
  8
0
 10
10.651710
 20
156.934461
 42
0.151918
  0
VERTEX
  8
0
 10
10.440983
 20
157.000000
 42
0.210953
  0
VERTEX
  8
0
 10
10.272352
 20
156.925540
 42
0.081139
  0
VERTEX
  8
0
 10
10.129539
 20
156.706250
 42
0.061769
  0
VERTEX
  8
0
 10
10.032345
 20
156.382849
 42
0.042167
  0
SEQEND
  0
POLYLINE
  8
0
 66
1
 70
1
  0
VERTEX
  8
0
 10
228.000000
 20
156.000000
 42
0.099038
  0
VERTEX
  8
0
 10
228.076342
 20
155.618362
 42
0.097945
  0
VERTEX
  8
0
 10
228.293750
 20
155.293750
 42
0.097945
  0
VERTEX
  8
0
 10
228.618362
 20
155.076342
 42
0.099038
  0
VERTEX
  8
0
 10
229.000000
 20
155.000000
 42
0.099038
  0
VERTEX
  8
0
 10
229.381638
 20
155.076342
 42
0.097945
  0
VERTEX
  8
0
 10
229.706250
 20
155.293750
 42
0.097945
  0
VERTEX
  8
0
 10
229.923658
 20
155.618362
 42
0.099038
  0
VERTEX
  8
0
 10
230.000000
 20
156.000000
 42
0.099038
  0
VERTEX
  8
0
 10
229.923658
 20
156.381638
 42
0.097945
  0
VERTEX
  8
0
 10
229.706250
 20
156.706250
 42
0.097945
  0
VERTEX
  8
0
 10
229.381638
 20
156.923658
 42
0.099038
  0
VERTEX
  8
0
 10
229.000000
 20
157.000000
 42
0.099038
  0
VERTEX
  8
0
 10
228.618362
 20
156.923658
 42
0.097945
  0
VERTEX
  8
0
 10
228.293750
 20
156.706250
 42
0.097945
  0
VERTEX
  8
0
 10
228.076342
 20
156.381638
 42
0.099038
  0
SEQEND
  0
POLYLINE
  8
0
 66
1
 70
1
  0
VERTEX
  8
0
 10
645.232003
 20
153.000000
 42
0.011065
  0
VERTEX
  8
0
 10
645.259713
 20
151.748017
 42
0.052887
  0
VERTEX
  8
0
 10
645.366341
 20
151.042187
 42
0.542911
  0
VERTEX
  8
0
 10
645.521012
 20
150.990860
 42
0.161593
  0
VERTEX
  8
0
 10
645.689326
 20
151.250000
 42
0.039571
  0
VERTEX
  8
0
 10
645.831531
 20
152.047266
 42
0.024357
  0
VERTEX
  8
0
 10
645.877971
 20
153.000000
 42
0.024357
  0
VERTEX
  8
0
 10
645.831531
 20
153.952734
 42
0.039571
  0
VERTEX
  8
0
 10
645.689326
 20
154.750000
 42
0.161593
  0
VERTEX
  8
0
 10
645.521012
 20
155.009140
 42
0.542911
  0
VERTEX
  8
0
 10
645.366341
 20
154.957813
 42
0.052887
  0
VERTEX
  8
0
 10
645.259713
 20
154.251983
 42
0.011065
  0
SEQEND
  0
POLYLINE
  8
0
 66
1
 70
1
  0
VERTEX
  8
0
 10
276.750000
 20
153.310674
 42
0.251697
  0
VERTEX
  8
0
 10
275.774373
 20
152.404039
 42
0.057820
  0
VERTEX
  8
0
 10
275.281773
 20
150.130561
 42
0.022159
  0
VERTEX
  8
0
 10
275.047485
 20
145.759870
 42
0.002311
  0
VERTEX
  8
0
 10
275.000000
 20
135.485693
 42
-0.004751
  0
VERTEX
  8
0
 10
274.936367
 20
128.788785
 42
-0.007548
  0
VERTEX
  8
0
 10
274.740935
 20
123.059673
 42
-0.002650
  0
VERTEX
  8
0
 10
274.474152
 20
118.169013
 42
-0.244035
  0
VERTEX
  8
0
 10
274.118077
 20
117.572975
 42
0.186593
  0
VERTEX
  8
0
 10
273.775063
 20
117.120148
 42
0.025101
  0
VERTEX
  8
0
 10
273.498751
 20
115.935490
 42
0.026175
  0
VERTEX
  8
0
 10
273.307972
 20
114.436776
 42
0.019276
  0
VERTEX
  8
0
 10
273.248181
 20
112.763958
 42
0.004283
  0
VERTEX
  8
0
 10
273.272970
 20
110.586917
 42
0.086788
  0
VERTEX
  8
0
 10
273.399233
 20
109.941168
 42
0.693998
  0
VERTEX
  8
0
 10
273.592845
 20
109.942875
 42
0.022206
  0
VERTEX
  8
0
 10
273.924730
 20
111.000000
 42
0.000000
  0
VERTEX
  8
0
 10
274.589251
 20
113.500000
 42
0.000000
  0
VERTEX
  8
0
 10
300.294626
 20
113.766882
 42
0.000000
  0
VERTEX
  8
0
 10
326.000000
 20
114.033765
 42
0.000000
  0
VERTEX
  8
0
 10
326.000000
 20
107.409894
 42
0.007372
  0
VERTEX
  8
0
 10
326.052526
 20
103.847682
 42
0.053454
  0
VERTEX
  8
0
 10
326.284889
 20
102.153389
 42
0.179895
  0
VERTEX
  8
0
 10
326.762386
 20
101.454058
 42
0.250591
  0
VERTEX
  8
0
 10
327.500000
 20
101.361626
 42
-0.207328
  0
VERTEX
  8
0
 10
328.229570
 20
101.330633
 42
-0.206815
  0
VERTEX
  8
0
 10
328.706898
 20
100.777086
 42
-0.066261
  0
VERTEX
  8
0
 10
328.944781
 20
99.402721
 42
-0.009765
  0
VERTEX
  8
0
 10
329.000000
 20
96.575604
 42
-0.015541
  0
VERTEX
  8
0
 10
328.921067
 20
94.036742
 42
-0.046359
  0
VERTEX
  8
0
 10
328.653219
 20
92.320444
 42
-0.074592
  0
VERTEX
  8
0
 10
328.190744
 20
91.215427
 42
-0.166285
  0
VERTEX
  8
0
 10
327.500000
 20
90.638374
 42
0.301810
  0
VERTEX
  8
0
 10
326.035505
 20
88.578981
 42
0.007550
  0
VERTEX
  8
0
 10
325.832314
 20
76.503684
 42
0.007194
  0
VERTEX
  8
0
 10
325.985228
 20
64.427897
 42
0.406313
  0
VERTEX
  8
0
 10
327.452283
 20
63.000000
 42
-0.239299
  0
VERTEX
  8
0
 10
328.155344
 20
62.643076
 42
-0.087667
  0
VERTEX
  8
0
 10
328.661063
 20
61.612990
 42
-0.044784
  0
VERTEX
  8
0
 10
329.018233
 20
59.775486
 42
-0.011433
  0
VERTEX
  8
0
 10
329.259603
 20
56.750000
 42
0.000000
  0
VERTEX
  8
0
 10
329.614641
 20
50.500000
 42
0.000000
  0
VERTEX
  8
0
 10
329.807320
 20
57.750000
 42
0.007600
  0
VERTEX
  8
0
 10
329.850683
 20
61.563624
 42
0.043671
  0
VERTEX
  8
0
 10
329.667016
 20
63.573780
 42
0.107876
  0
VERTEX
  8
0
 10
329.234344
 20
64.616501
 42
0.245393
  0
VERTEX
  8
0
 10
328.500000
 20
65.000000
 42
-0.309495
  0
VERTEX
  8
0
 10
327.717210
 20
65.535869
 42
-0.061816
  0
VERTEX
  8
0
 10
327.280974
 20
67.267831
 42
-0.026796
  0
VERTEX
  8
0
 10
327.052935
 20
70.534827
 42
-0.004027
  0
VERTEX
  8
0
 10
327.000000
 20
77.106989
 42
-0.003537
  0
VERTEX
  8
0
 10
327.047762
 20
83.859426
 42
-0.028810
  0
VERTEX
  8
0
 10
327.269088
 20
86.938821
 42
-0.091606
  0
VERTEX
  8
0
 10
327.724689
 20
88.351124
 42
-0.377102
  0
VERTEX
  8
0
 10
328.500000
 20
88.638374
 42
0.276541
  0
VERTEX
  8
0
 10
329.243081
 20
88.768369
 42
0.162339
  0
VERTEX
  8
0
 10
329.719057
 20
89.569413
 42
0.047278
  0
VERTEX
  8
0
 10
329.948713
 20
91.477452
 42
0.006325
  0
VERTEX
  8
0
 10
330.000000
 20
95.531385
 42
0.007705
  0
VERTEX
  8
0
 10
329.940144
 20
99.415452
 42
0.041871
  0
VERTEX
  8
0
 10
329.699790
 20
101.505231
 42
0.098717
  0
VERTEX
  8
0
 10
329.241237
 20
102.605109
 42
0.249757
  0
VERTEX
  8
0
 10
328.500000
 20
103.000000
 42
-0.222027
  0
VERTEX
  8
0
 10
327.776970
 20
103.337712
 42
-0.113455
  0
VERTEX
  8
0
 10
327.312500
 20
104.250000
 42
-0.050675
  0
VERTEX
  8
0
 10
327.064452
 20
105.964058
 42
-0.010614
  0
VERTEX
  8
0
 10
327.000000
 20
109.000000
 42
0.000000
  0
VERTEX
  8
0
 10
327.000000
 20
115.000000
 42
0.000000
  0
VERTEX
  8
0
 10
300.300000
 20
115.000000
 42
-0.001842
  0
VERTEX
  8
0
 10
286.770797
 20
115.049837
 42
-0.009915
  0
VERTEX
  8
0
 10
279.412500
 20
115.250000
 42
-0.012815
  0
VERTEX
  8
0
 10
275.025638
 20
115.569279
 42
-0.633206
  0
VERTEX
  8
0
 10
274.800000
 20
116.200000
 42
0.170179
  0
VERTEX
  8
0
 10
275.378276
 20
117.402428
 42
0.011631
  0
VERTEX
  8
0
 10
275.715406
 20
121.228705
 42
0.012163
  0
VERTEX
  8
0
 10
275.935706
 20
126.692764
 42
0.003993
  0
VERTEX
  8
0
 10
276.000000
 20
134.743837
 42
-0.003148
  0
VERTEX
  8
0
 10
276.054607
 20
143.416183
 42
-0.015009
  0
VERTEX
  8
0
 10
276.265678
 20
148.366870
 42
-0.018280
  0
VERTEX
  8
0
 10
276.601975
 20
151.434802
 42
-0.409359
  0
VERTEX
  8
0
 10
277.250000
 20
151.925354
 42
0.036427
  0
VERTEX
  8
0
 10
281.284274
 20
151.697935
 42
0.011891
  0
VERTEX
  8
0
 10
287.244421
 20
151.938197
 42
0.004220
  0
VERTEX
  8
0
 10
293.435557
 20
152.387910
 42
0.390697
  0
VERTEX
  8
0
 10
294.000000
 20
153.000000
 42
0.403056
  0
VERTEX
  8
0
 10
293.339174
 20
153.686595
 42
0.005059
  0
VERTEX
  8
0
 10
286.702925
 20
153.873300
 42
0.012196
  0
VERTEX
  8
0
 10
280.371982
 20
153.832889
 42
0.056268
  0
SEQEND
  0
POLYLINE
  8
0
 66
1
 70
1
  0
VERTEX
  8
0
 10
388.250000
 20
151.914811
 42
0.037491
  0
VERTEX
  8
0
 10
387.388890
 20
151.513312
 42
0.046405
  0
VERTEX
  8
0
 10
386.660937
 20
151.011027
 42
0.053326
  0
VERTEX
  8
0
 10
386.156403
 20
150.488121
 42
0.166763
  0
VERTEX
  8
0
 10
386.000000
 20
150.032224
 42
0.183090
  0
VERTEX
  8
0
 10
386.279695
 20
149.294010
 42
0.239222
  0
VERTEX
  8
0
 10
386.940983
 20
149.032302
 42
0.166050
  0
VERTEX
  8
0
 10
387.753698
 20
149.397068
 42
0.109019
  0
VERTEX
  8
0
 10
388.340536
 20
150.250000
 42
-0.049377
  0
VERTEX
  8
0
 10
388.638260
 20
150.816145
 42
-0.267623
  0
VERTEX
  8
0
 10
388.936588
 20
150.965812
 42
-0.198905
  0
VERTEX
  8
0
 10
389.284742
 20
150.797344
 42
-0.028774
  0
VERTEX
  8
0
 10
389.784706
 20
150.166154
 42
0.031977
  0
VERTEX
  8
0
 10
390.302951
 20
149.520420
 42
0.247859
  0
VERTEX
  8
0
 10
390.655208
 20
149.393974
 42
0.240015
  0
VERTEX
  8
0
 10
390.966203
 20
149.612451
 42
0.030225
  0
VERTEX
  8
0
 10
391.317163
 20
150.384129
 42
0.092148
  0
VERTEX
  8
0
 10
391.544903
 20
151.617237
 42
0.283974
  0
VERTEX
  8
0
 10
391.117162
 20
152.307866
 42
0.170004
  0
VERTEX
  8
0
 10
390.047630
 20
152.443456
 42
0.037682
  0
SEQEND
  0
POLYLINE
  8
0
 66
1
 70
1
  0
VERTEX
  8
0
 10
131.186892
 20
150.250000
 42
0.195656
  0
VERTEX
  8
0
 10
131.969434
 20
149.041836
 42
0.085714
  0
VERTEX
  8
0
 10
133.727816
 20
148.217045
 42
0.114026
  0
VERTEX
  8
0
 10
135.354020
 20
148.151130
 42
0.360569
  0
VERTEX
  8
0
 10
136.000000
 20
148.930449
 42
0.115677
  0
VERTEX
  8
0
 10
135.904051
 20
149.339626
 42
0.099159
  0
VERTEX
  8
0
 10
135.632812
 20
149.690318
 42
0.092076
  0
VERTEX
  8
0
 10
135.227373
 20
149.928501
 42
0.084015
  0
VERTEX
  8
0
 10
134.750000
 20
150.015313
 42
-0.066727
  0
VERTEX
  8
0
 10
134.295085
 20
150.081977
 42
-0.405416
  0
VERTEX
  8
0
 10
134.187500
 20
150.269141
 42
-0.167501
  0
VERTEX
  8
0
 10
134.378141
 20
150.559769
 42
-0.021149
  0
VERTEX
  8
0
 10
135.000000
 20
151.000000
 42
0.046767
  0
VERTEX
  8
0
 10
135.613471
 20
151.483235
 42
0.465055
  0
VERTEX
  8
0
 10
135.596114
 20
151.769907
 42
0.148589
  0
VERTEX
  8
0
 10
135.107725
 20
151.945252
 42
0.011063
  0
VERTEX
  8
0
 10
133.676676
 20
151.984687
 42
0.029319
  0
VERTEX
  8
0
 10
132.295978
 20
151.911169
 42
0.124818
  0
VERTEX
  8
0
 10
131.528841
 20
151.622267
 42
0.197560
  0
VERTEX
  8
0
 10
131.184273
 20
151.087260
 42
0.092870
  0
SEQEND
  0
POLYLINE
  8
0
 66
1
 70
1
  0
VERTEX
  8
0
 10
222.000000
 20
150.591592
 42
0.074823
  0
VERTEX
  8
0
 10
222.133038
 20
149.707557
 42
0.225048
  0
VERTEX
  8
0
 10
222.534540
 20
149.269122
 42
0.135821
  0
VERTEX
  8
0
 10
223.298503
 20
149.179614
 42
0.023141
  0
VERTEX
  8
0
 10
224.747950
 20
149.472876
 42
0.012951
  0
VERTEX
  8
0
 10
226.797690
 20
150.044144
 42
0.084596
  0
VERTEX
  8
0
 10
227.748875
 20
150.523129
 42
0.265120
  0
VERTEX
  8
0
 10
227.977438
 20
151.038828
 42
0.172758
  0
VERTEX
  8
0
 10
227.690833
 20
151.642501
 42
0.175883
  0
VERTEX
  8
0
 10
227.344392
 20
151.804412
 42
0.081132
  0
VERTEX
  8
0
 10
226.841103
 20
151.767647
 42
0.065288
  0
VERTEX
  8
0
 10
226.263620
 20
151.546830
 42
0.049317
  0
VERTEX
  8
0
 10
225.700372
 20
151.166294
 42
-0.053210
  0
VERTEX
  8
0
 10
224.997518
 20
150.699346
 42
-0.126381
  0
VERTEX
  8
0
 10
224.390620
 20
150.558107
 42
-0.131544
  0
VERTEX
  8
0
 10
223.806558
 20
150.728818
 42
-0.059934
  0
VERTEX
  8
0
 10
223.176206
 20
151.223794
 42
0.034282
  0
VERTEX
  8
0
 10
222.584316
 20
151.739643
 42
0.293386
  0
VERTEX
  8
0
 10
222.250000
 20
151.765627
 42
0.247651
  0
VERTEX
  8
0
 10
222.046464
 20
151.463000
 42
0.026641
  0
SEQEND
  0
POLYLINE
  8
0
 66
1
 70
1
  0
VERTEX
  8
0
 10
436.000000
 20
149.190983
 42
0.082262
  0
VERTEX
  8
0
 10
436.075160
 20
148.737238
 42
0.160825
  0
VERTEX
  8
0
 10
436.293750
 20
148.448037
 42
0.182543
  0
VERTEX
  8
0
 10
436.619169
 20
148.367180
 42
0.109435
  0
VERTEX
  8
0
 10
437.000000
 20
148.500000
 42
-0.079467
  0
VERTEX
  8
0
 10
437.382252
 20
148.659353
 42
-0.157566
  0
VERTEX
  8
0
 10
437.706250
 20
148.634620
 42
-0.184509
  0
VERTEX
  8
0
 10
437.921216
 20
148.432880
 42
-0.113538
  0
VERTEX
  8
0
 10
438.000000
 20
148.090402
 42
0.194004
  0
VERTEX
  8
0
 10
438.136142
 20
147.752734
 42
0.144650
  0
VERTEX
  8
0
 10
438.488813
 20
147.552212
 42
0.096133
  0
VERTEX
  8
0
 10
439.026720
 20
147.531756
 42
0.053235
  0
VERTEX
  8
0
 10
439.664045
 20
147.701324
 42
-0.026179
  0
VERTEX
  8
0
 10
440.386586
 20
147.936014
 42
-0.196415
  0
VERTEX
  8
0
 10
440.736436
 20
147.891636
 42
-0.357523
  0
VERTEX
  8
0
 10
440.829264
 20
147.652308
 42
-0.059284
  0
VERTEX
  8
0
 10
440.605028
 20
147.169939
 42
0.067825
  0
VERTEX
  8
0
 10
440.406030
 20
146.722081
 42
0.141514
  0
VERTEX
  8
0
 10
440.405452
 20
146.343670
 42
0.190665
  0
VERTEX
  8
0
 10
440.597287
 20
146.094667
 42
0.135202
  0
VERTEX
  8
0
 10
440.940983
 20
146.000000
 42
0.200605
  0
VERTEX
  8
0
 10
441.345641
 20
146.169161
 42
0.084947
  0
VERTEX
  8
0
 10
441.688914
 20
146.660937
 42
0.064991
  0
VERTEX
  8
0
 10
441.922142
 20
147.388747
 42
0.045109
  0
VERTEX
  8
0
 10
442.000000
 20
148.250000
 42
0.061446
  0
VERTEX
  8
0
 10
441.858446
 20
149.397503
 42
0.172125
  0
VERTEX
  8
0
 10
441.416667
 20
150.062500
 42
0.131429
  0
VERTEX
  8
0
 10
440.563270
 20
150.405478
 42
0.030205
  0
VERTEX
  8
0
 10
439.000000
 20
150.500000
 42
0.035826
  0
VERTEX
  8
0
 10
437.775812
 20
150.412172
 42
0.067149
  0
VERTEX
  8
0
 10
436.822949
 20
150.140915
 42
0.096994
  0
VERTEX
  8
0
 10
436.215619
 20
149.721107
 42
0.195587
  0
SEQEND
  0
POLYLINE
  8
0
 66
1
 70
1
  0
VERTEX
  8
0
 10
392.194949
 20
147.500000
 42
0.012823
  0
VERTEX
  8
0
 10
392.235556
 20
146.431793
 42
0.080377
  0
VERTEX
  8
0
 10
392.356533
 20
145.900903
 42
0.597527
  0
VERTEX
  8
0
 10
392.516660
 20
145.883358
 42
0.087174
  0
VERTEX
  8
0
 10
392.692991
 20
146.269032
 42
0.037336
  0
VERTEX
  8
0
 10
392.832894
 20
147.036634
 42
0.029507
  0
VERTEX
  8
0
 10
392.872264
 20
147.880008
 42
0.030339
  0
VERTEX
  8
0
 10
392.814405
 20
148.671085
 42
0.062780
  0
VERTEX
  8
0
 10
392.655937
 20
149.269032
 42
0.313180
  0
VERTEX
  8
0
 10
392.477130
 20
149.386009
 42
0.333666
  0
VERTEX
  8
0
 10
392.315079
 20
149.257153
 42
0.052471
  0
VERTEX
  8
0
 10
392.212705
 20
148.580113
 42
0.014395
  0
SEQEND
  0
POLYLINE
  8
0
 66
1
 70
1
  0
VERTEX
  8
0
 10
527.793935
 20
132.583022
 42
-0.002145
  0
VERTEX
  8
0
 10
527.926463
 20
122.050393
 42
-0.022995
  0
VERTEX
  8
0
 10
527.765486
 20
117.781361
 42
-0.065676
  0
VERTEX
  8
0
 10
527.291073
 20
115.607194
 42
-0.247570
  0
VERTEX
  8
0
 10
526.293935
 20
114.697787
 42
0.002242
  0
VERTEX
  8
0
 10
525.127879
 20
114.389441
 42
0.318239
  0
VERTEX
  8
0
 10
525.041797
 20
114.285478
 42
0.413793
  0
VERTEX
  8
0
 10
525.117651
 20
114.197103
 42
0.002655
  0
VERTEX
  8
0
 10
526.250000
 20
114.116001
 42
-0.254512
  0
VERTEX
  8
0
 10
527.193759
 20
113.518206
 42
-0.092737
  0
VERTEX
  8
0
 10
527.712680
 20
111.966760
 42
-0.031128
  0
VERTEX
  8
0
 10
527.951097
 20
108.819034
 42
-0.003341
  0
VERTEX
  8
0
 10
528.000000
 20
101.500000
 42
-0.003867
  0
VERTEX
  8
0
 10
527.947406
 20
94.699767
 42
-0.025996
  0
VERTEX
  8
0
 10
527.720000
 20
91.333333
 42
-0.059500
  0
VERTEX
  8
0
 10
527.285717
 20
89.545446
 42
-0.313079
  0
VERTEX
  8
0
 10
526.500000
 20
89.000000
 42
0.062722
  0
VERTEX
  8
0
 10
525.926468
 20
88.927770
 42
0.080880
  0
VERTEX
  8
0
 10
525.440625
 20
88.715469
 42
0.098158
  0
VERTEX
  8
0
 10
525.115494
 20
88.400789
 42
0.152681
  0
VERTEX
  8
0
 10
525.000000
 20
88.031385
 42
0.179504
  0
VERTEX
  8
0
 10
525.119380
 20
87.709572
 42
0.148398
  0
VERTEX
  8
0
 10
525.430047
 20
87.512325
 42
0.102309
  0
VERTEX
  8
0
 10
525.903485
 20
87.480488
 42
0.057474
  0
VERTEX
  8
0
 10
526.463988
 20
87.624555
 42
-0.355285
  0
VERTEX
  8
0
 10
527.219373
 20
87.377290
 42
-0.098010
  0
VERTEX
  8
0
 10
527.713011
 20
86.127999
 42
-0.032756
  0
VERTEX
  8
0
 10
528.025651
 20
83.431343
 42
-0.004628
  0
VERTEX
  8
0
 10
528.253091
 20
77.843170
 42
0.962519
  0
VERTEX
  8
0
 10
528.394662
 20
77.842211
 42
0.006906
  0
VERTEX
  8
0
 10
528.544654
 20
82.655494
 42
0.002209
  0
VERTEX
  8
0
 10
528.685771
 20
93.574548
 42
0.000848
  0
VERTEX
  8
0
 10
528.789103
 20
108.750000
 42
0.001704
  0
VERTEX
  8
0
 10
528.816076
 20
124.567399
 42
0.002841
  0
VERTEX
  8
0
 10
528.717736
 20
137.883176
 42
0.000325
  0
VERTEX
  8
0
 10
528.555621
 20
149.699479
 42
0.409530
  0
VERTEX
  8
0
 10
528.250000
 20
150.001236
 42
0.404936
  0
VERTEX
  8
0
 10
527.950553
 20
149.712113
 42
0.001813
  0
VERTEX
  8
0
 10
527.806656
 20
144.885146
 42
0.006728
  0
VERTEX
  8
0
 10
527.735127
 20
139.262372
 42
0.004034
  0
SEQEND
  0
POLYLINE
  8
0
 66
1
 70
1
  0
VERTEX
  8
0
 10
610.157895
 20
148.000000
 42
0.017491
  0
VERTEX
  8
0
 10
610.189089
 20
147.108560
 42
0.078554
  0
VERTEX
  8
0
 10
610.306058
 20
146.601562
 42
0.447206
  0
VERTEX
  8
0
 10
610.474999
 20
146.540618
 42
0.174857
  0
VERTEX
  8
0
 10
610.662281
 20
146.750000
 42
0.057986
  0
VERTEX
  8
0
 10
610.818615
 20
147.320008
 42
0.037979
  0
VERTEX
  8
0
 10
610.870340
 20
148.000000
 42
0.037979
  0
VERTEX
  8
0
 10
610.818615
 20
148.679992
 42
0.057986
  0
VERTEX
  8
0
 10
610.662281
 20
149.250000
 42
0.174857
  0
VERTEX
  8
0
 10
610.474999
 20
149.459382
 42
0.447206
  0
VERTEX
  8
0
 10
610.306058
 20
149.398438
 42
0.078554
  0
VERTEX
  8
0
 10
610.189089
 20
148.891440
 42
0.017491
  0
SEQEND
  0
POLYLINE
  8
0
 66
1
 70
1
  0
VERTEX
  8
0
 10
329.252183
 20
144.500000
 42
0.008901
  0
VERTEX
  8
0
 10
329.284834
 20
143.071102
 42
0.053901
  0
VERTEX
  8
0
 10
329.394187
 20
142.339362
 42
0.671610
  0
VERTEX
  8
0
 10
329.543410
 20
142.319562
 42
0.082665
  0
VERTEX
  8
0
 10
329.707261
 20
142.761659
 42
0.028254
  0
VERTEX
  8
0
 10
329.840609
 20
143.754739
 42
0.020511
  0
VERTEX
  8
0
 10
329.880728
 20
144.869594
 42
0.020826
  0
VERTEX
  8
0
 10
329.830983
 20
145.934218
 42
0.041951
  0
VERTEX
  8
0
 10
329.687080
 20
146.761659
 42
0.285845
  0
VERTEX
  8
0
 10
329.523779
 20
146.916221
 42
0.417468
  0
VERTEX
  8
0
 10
329.371610
 20
146.814362
 42
0.038992
  0
VERTEX
  8
0
 10
329.273069
 20
145.938425
 42
0.009782
  0
SEQEND
  0
POLYLINE
  8
0
 66
1
 70
1
  0
VERTEX
  8
0
 10
88.000000
 20
144.000000
 42
0.018363
  0
VERTEX
  8
0
 10
87.624831
 20
143.232522
 42
0.035050
  0
VERTEX
  8
0
 10
87.390928
 20
142.587500
 42
0.048507
  0
VERTEX
  8
0
 10
87.307737
 20
142.132581
 42
0.439016
  0
VERTEX
  8
0
 10
87.429632
 20
142.000000
 42
0.205392
  0
VERTEX
  8
0
 10
87.683068
 20
142.108693
 42
0.023718
  0
VERTEX
  8
0
 10
88.097178
 20
142.587500
 42
0.025446
  0
VERTEX
  8
0
 10
88.553569
 20
143.233921
 42
0.018122
  0
VERTEX
  8
0
 10
89.000000
 20
144.000000
 42
0.018363
  0
VERTEX
  8
0
 10
89.375169
 20
144.767478
 42
0.035050
  0
VERTEX
  8
0
 10
89.609072
 20
145.412500
 42
0.048507
  0
VERTEX
  8
0
 10
89.692263
 20
145.867419
 42
0.439016
  0
VERTEX
  8
0
 10
89.570368
 20
146.000000
 42
0.205392
  0
VERTEX
  8
0
 10
89.316932
 20
145.891307
 42
0.023718
  0
VERTEX
  8
0
 10
88.902822
 20
145.412500
 42
0.025446
  0
VERTEX
  8
0
 10
88.446431
 20
144.766079
 42
0.018122
  0
SEQEND
  0
POLYLINE
  8
0
 66
1
 70
1
  0
VERTEX
  8
0
 10
131.403328
 20
144.775000
 42
0.148580
  0
VERTEX
  8
0
 10
131.676016
 20
144.265158
 42
0.063671
  0
VERTEX
  8
0
 10
132.293607
 20
143.788324
 42
0.055130
  0
VERTEX
  8
0
 10
133.133139
 20
143.413242
 42
0.047392
  0
VERTEX
  8
0
 10
134.078328
 20
143.206530
 42
0.008654
  0
VERTEX
  8
0
 10
135.356786
 20
143.074008
 42
0.192052
  0
VERTEX
  8
0
 10
135.707708
 20
143.180067
 42
0.476930
  0
VERTEX
  8
0
 10
135.709477
 20
143.407776
 42
0.021912
  0
VERTEX
  8
0
 10
135.000000
 20
143.941217
 42
-0.010912
  0
VERTEX
  8
0
 10
134.198144
 20
144.516954
 42
-0.214861
  0
VERTEX
  8
0
 10
134.055332
 20
144.776529
 42
-0.406725
  0
VERTEX
  8
0
 10
134.193230
 20
144.942631
 42
-0.023634
  0
VERTEX
  8
0
 10
134.916667
 20
144.984687
 42
0.044716
  0
VERTEX
  8
0
 10
135.417049
 20
145.034985
 42
0.129407
  0
VERTEX
  8
0
 10
135.728453
 20
145.184236
 42
0.254567
  0
VERTEX
  8
0
 10
135.811078
 20
145.398579
 42
0.165174
  0
VERTEX
  8
0
 10
135.690833
 20
145.642501
 42
0.183952
  0
VERTEX
  8
0
 10
135.339078
 20
145.800244
 42
0.078602
  0
VERTEX
  8
0
 10
134.817909
 20
145.748397
 42
0.062768
  0
VERTEX
  8
0
 10
134.214860
 20
145.506546
 42
0.046520
  0
VERTEX
  8
0
 10
133.621412
 20
145.100763
 42
-0.039077
  0
VERTEX
  8
0
 10
132.945336
 20
144.623586
 42
-0.119638
  0
VERTEX
  8
0
 10
132.412847
 20
144.459829
 42
-0.180575
  0
VERTEX
  8
0
 10
131.996222
 20
144.587379
 42
-0.115797
  0
VERTEX
  8
0
 10
131.672246
 20
144.983262
 42
0.019270
  0
VERTEX
  8
0
 10
131.478748
 20
145.342731
 42
0.451806
  0
VERTEX
  8
0
 10
131.377825
 20
145.362115
 42
0.269242
  0
VERTEX
  8
0
 10
131.325519
 20
145.233339
 42
0.013988
  0
SEQEND
  0
POLYLINE
  8
0
 66
1
 70
1
  0
VERTEX
  8
0
 10
326.168103
 20
142.218615
 42
0.021089
  0
VERTEX
  8
0
 10
326.173940
 20
140.224758
 42
0.055694
  0
VERTEX
  8
0
 10
326.395918
 20
138.816783
 42
0.085579
  0
VERTEX
  8
0
 10
326.833622
 20
137.883131
 42
0.149924
  0
VERTEX
  8
0
 10
327.500000
 20
137.361626
 42
-0.152320
  0
VERTEX
  8
0
 10
328.160003
 20
136.840106
 42
-0.075263
  0
VERTEX
  8
0
 10
328.628932
 20
135.868144
 42
-0.052120
  0
VERTEX
  8
0
 10
328.911838
 20
134.436725
 42
-0.022749
  0
VERTEX
  8
0
 10
329.000000
 20
132.500000
 42
-0.022749
  0
VERTEX
  8
0
 10
328.911838
 20
130.563275
 42
-0.052120
  0
VERTEX
  8
0
 10
328.628932
 20
129.131856
 42
-0.075263
  0
VERTEX
  8
0
 10
328.160003
 20
128.159894
 42
-0.152320
  0
VERTEX
  8
0
 10
327.500000
 20
127.638374
 42
0.163641
  0
VERTEX
  8
0
 10
326.807653
 20
127.066007
 42
0.083682
  0
VERTEX
  8
0
 10
326.375622
 20
126.010786
 42
0.049174
  0
VERTEX
  8
0
 10
326.168696
 20
124.341888
 42
0.014803
  0
VERTEX
  8
0
 10
326.180248
 20
121.781385
 42
0.000000
  0
VERTEX
  8
0
 10
326.360496
 20
116.500000
 42
0.000000
  0
VERTEX
  8
0
 10
326.738496
 20
121.334637
 42
-0.013261
  0
VERTEX
  8
0
 10
326.990307
 20
123.734457
 42
-0.067813
  0
VERTEX
  8
0
 10
327.342491
 20
125.024614
 42
-0.175432
  0
VERTEX
  8
0
 10
327.857416
 20
125.578200
 42
-0.213311
  0
VERTEX
  8
0
 10
328.558248
 20
125.616022
 42
0.297151
  0
VERTEX
  8
0
 10
329.264139
 20
125.767417
 42
0.144848
  0
VERTEX
  8
0
 10
329.720133
 20
126.613847
 42
0.044974
  0
VERTEX
  8
0
 10
329.947370
 20
128.554462
 42
0.006669
  0
VERTEX
  8
0
 10
330.000000
 20
132.500000
 42
0.006709
  0
VERTEX
  8
0
 10
329.947209
 20
136.434367
 42
0.044671
  0
VERTEX
  8
0
 10
329.720278
 20
138.379914
 42
0.142658
  0
VERTEX
  8
0
 10
329.266736
 20
139.232676
 42
0.299774
  0
VERTEX
  8
0
 10
328.565251
 20
139.386665
 42
-0.178705
  0
VERTEX
  8
0
 10
327.881364
 20
139.377958
 42
-0.182146
  0
VERTEX
  8
0
 10
327.362528
 20
139.816109
 42
-0.082475
  0
VERTEX
  8
0
 10
326.993365
 20
140.844669
 42
-0.019188
  0
VERTEX
  8
0
 10
326.733354
 20
142.668050
 42
0.000000
  0
VERTEX
  8
0
 10
326.336206
 20
146.500000
 42
0.000000
  0
SEQEND
  0
POLYLINE
  8
0
 66
1
 70
1
  0
VERTEX
  8
0
 10
386.000000
 20
144.500000
 42
0.053595
  0
VERTEX
  8
0
 10
386.061690
 20
143.926139
 42
0.073362
  0
VERTEX
  8
0
 10
386.244792
 20
143.440625
 42
0.093122
  0
VERTEX
  8
0
 10
386.515341
 20
143.114688
 42
0.174820
  0
VERTEX
  8
0
 10
386.833333
 20
143.000000
 42
0.174820
  0
VERTEX
  8
0
 10
387.151326
 20
143.114688
 42
0.093122
  0
VERTEX
  8
0
 10
387.421875
 20
143.440625
 42
0.073362
  0
VERTEX
  8
0
 10
387.604977
 20
143.926139
 42
0.053595
  0
VERTEX
  8
0
 10
387.666667
 20
144.500000
 42
0.053595
  0
VERTEX
  8
0
 10
387.604977
 20
145.073861
 42
0.073362
  0
VERTEX
  8
0
 10
387.421875
 20
145.559375
 42
0.093122
  0
VERTEX
  8
0
 10
387.151326
 20
145.885312
 42
0.174820
  0
VERTEX
  8
0
 10
386.833333
 20
146.000000
 42
0.174820
  0
VERTEX
  8
0
 10
386.515341
 20
145.885312
 42
0.093122
  0
VERTEX
  8
0
 10
386.244792
 20
145.559375
 42
0.073362
  0
VERTEX
  8
0
 10
386.061690
 20
145.073861
 42
0.053595
  0
SEQEND
  0
POLYLINE
  8
0
 66
1
 70
1
  0
VERTEX
  8
0
 10
390.078947
 20
144.416667
 42
0.018894
  0
VERTEX
  8
0
 10
390.137993
 20
143.670344
 42
0.168741
  0
VERTEX
  8
0
 10
390.279315
 20
143.378580
 42
0.470617
  0
VERTEX
  8
0
 10
390.461564
 20
143.395823
 42
0.054073
  0
VERTEX
  8
0
 10
390.683114
 20
143.812500
 42
0.051402
  0
VERTEX
  8
0
 10
390.839148
 20
144.359369
 42
0.054150
  0
VERTEX
  8
0
 10
390.876576
 20
144.916927
 42
0.060344
  0
VERTEX
  8
0
 10
390.797407
 20
145.402231
 42
0.126455
  0
VERTEX
  8
0
 10
390.604167
 20
145.729167
 42
0.296942
  0
VERTEX
  8
0
 10
390.385309
 20
145.775380
 42
0.208169
  0
VERTEX
  8
0
 10
390.200665
 20
145.592839
 42
0.077125
  0
VERTEX
  8
0
 10
390.089945
 20
145.112848
 42
0.028489
  0
SEQEND
  0
POLYLINE
  8
0
 66
1
 70
1
  0
VERTEX
  8
0
 10
586.455220
 20
107.000000
 42
0.000618
  0
VERTEX
  8
0
 10
586.472717
 20
92.835350
 42
0.003098
  0
VERTEX
  8
0
 10
586.541445
 20
84.904688
 42
0.955641
  0
VERTEX
  8
0
 10
586.642159
 20
84.901615
 42
0.015250
  0
VERTEX
  8
0
 10
586.748750
 20
87.250000
 42
0.002341
  0
VERTEX
  8
0
 10
586.840266
 20
96.240810
 42
0.001374
  0
VERTEX
  8
0
 10
586.869831
 20
107.000000
 42
0.001374
  0
VERTEX
  8
0
 10
586.840266
 20
117.759190
 42
0.002341
  0
VERTEX
  8
0
 10
586.748750
 20
126.750000
 42
0.015250
  0
VERTEX
  8
0
 10
586.642159
 20
129.098385
 42
0.955641
  0
VERTEX
  8
0
 10
586.541445
 20
129.095313
 42
0.003098
  0
VERTEX
  8
0
 10
586.472717
 20
121.164650
 42
0.000618
  0
SEQEND
  0
POLYLINE
  8
0
 66
1
 70
1
  0
VERTEX
  8
0
 10
436.335833
 20
143.432783
 42
0.126305
  0
VERTEX
  8
0
 10
436.158632
 20
141.900430
 42
0.200390
  0
VERTEX
  8
0
 10
436.818781
 20
140.778097
 42
0.188946
  0
VERTEX
  8
0
 10
438.119854
 20
140.417913
 42
0.114031
  0
VERTEX
  8
0
 10
439.653625
 20
140.944125
 42
0.003555
  0
VERTEX
  8
0
 10
440.772066
 20
141.652663
 42
0.496159
  0
VERTEX
  8
0
 10
440.782701
 20
141.788990
 42
0.252005
  0
VERTEX
  8
0
 10
440.586352
 20
141.835748
 42
0.002356
  0
VERTEX
  8
0
 10
439.103595
 20
141.433894
 42
-0.021378
  0
VERTEX
  8
0
 10
437.765716
 20
141.125402
 42
-0.216040
  0
VERTEX
  8
0
 10
437.224227
 20
141.258870
 42
-0.264817
  0
VERTEX
  8
0
 10
437.032962
 20
141.729733
 42
-0.030977
  0
VERTEX
  8
0
 10
437.259975
 20
142.886145
 42
0.021662
  0
VERTEX
  8
0
 10
437.598188
 20
144.454011
 42
0.310922
  0
VERTEX
  8
0
 10
437.370698
 20
144.945171
 42
0.434661
  0
VERTEX
  8
0
 10
436.948541
 20
144.821078
 42
0.024615
  0
SEQEND
  0
POLYLINE
  8
0
 66
1
 70
1
  0
VERTEX
  8
0
 10
224.000000
 20
139.968615
 42
0.152681
  0
VERTEX
  8
0
 10
224.115494
 20
139.599211
 42
0.098158
  0
VERTEX
  8
0
 10
224.440625
 20
139.284531
 42
0.080880
  0
VERTEX
  8
0
 10
224.926468
 20
139.072230
 42
0.062722
  0
VERTEX
  8
0
 10
225.500000
 20
139.000000
 42
0.024748
  0
VERTEX
  8
0
 10
226.074824
 20
139.028469
 42
0.039339
  0
VERTEX
  8
0
 10
226.559375
 20
139.115447
 42
0.046727
  0
VERTEX
  8
0
 10
226.903916
 20
139.241071
 42
0.289661
  0
VERTEX
  8
0
 10
227.000000
 20
139.393011
 42
0.222225
  0
VERTEX
  8
0
 10
226.912889
 20
139.579329
 42
0.030693
  0
VERTEX
  8
0
 10
226.559375
 20
139.839659
 42
0.030395
  0
VERTEX
  8
0
 10
226.074558
 20
140.112506
 42
0.021360
  0
VERTEX
  8
0
 10
225.500000
 20
140.361626
 42
0.055937
  0
VERTEX
  8
0
 10
224.925634
 20
140.511135
 42
0.100118
  0
VERTEX
  8
0
 10
224.440625
 20
140.483616
 42
0.147206
  0
VERTEX
  8
0
 10
224.122486
 20
140.289193
 42
0.184534
  0
SEQEND
  0
POLYLINE
  8
0
 66
1
 70
1
  0
VERTEX
  8
0
 10
386.000000
 20
138.894213
 42
0.090678
  0
VERTEX
  8
0
 10
386.227783
 20
137.648538
 42
0.239551
  0
VERTEX
  8
0
 10
386.878842
 20
137.055455
 42
0.267024
  0
VERTEX
  8
0
 10
387.678519
 20
137.262443
 42
0.102906
  0
VERTEX
  8
0
 10
388.340536
 20
138.250000
 42
-0.068328
  0
VERTEX
  8
0
 10
388.640210
 20
138.771084
 42
-0.274217
  0
VERTEX
  8
0
 10
388.968314
 20
138.901057
 42
-0.172412
  0
VERTEX
  8
0
 10
389.361890
 20
138.686265
 42
-0.028560
  0
VERTEX
  8
0
 10
389.908556
 20
138.000000
 42
0.015927
  0
VERTEX
  8
0
 10
390.509478
 20
137.205247
 42
0.344410
  0
VERTEX
  8
0
 10
390.777143
 20
137.143092
 42
0.276557
  0
VERTEX
  8
0
 10
390.948846
 20
137.396253
 42
0.012260
  0
VERTEX
  8
0
 10
390.983981
 20
138.500000
 42
0.079440
  0
VERTEX
  8
0
 10
390.842776
 20
139.426495
 42
0.138126
  0
VERTEX
  8
0
 10
390.416839
 20
140.070547
 42
0.116556
  0
VERTEX
  8
0
 10
389.657129
 20
140.465975
 42
0.047588
  0
VERTEX
  8
0
 10
388.499294
 20
140.644213
 42
0.041691
  0
VERTEX
  8
0
 10
387.311954
 20
140.613696
 42
0.126119
  0
VERTEX
  8
0
 10
386.560826
 20
140.331017
 42
0.160497
  0
VERTEX
  8
0
 10
386.143182
 20
139.772015
 42
0.081022
  0
SEQEND
  0
POLYLINE
  8
0
 66
1
 70
1
  0
VERTEX
  8
0
 10
663.000000
 20
139.906380
 42
0.162267
  0
VERTEX
  8
0
 10
663.115236
 20
139.560648
 42
0.096244
  0
VERTEX
  8
0
 10
663.440625
 20
139.266249
 42
0.077596
  0
VERTEX
  8
0
 10
663.926318
 20
139.067364
 42
0.058511
  0
VERTEX
  8
0
 10
664.500000
 20
139.000000
 42
-0.211442
  0
VERTEX
  8
0
 10
665.215544
 20
138.683247
 42
-0.118311
  0
VERTEX
  8
0
 10
665.681818
 20
137.833333
 42
-0.054498
  0
VERTEX
  8
0
 10
665.933383
 20
136.247932
 42
-0.012120
  0
VERTEX
  8
0
 10
666.000000
 20
133.500000
 42
-0.010886
  0
VERTEX
  8
0
 10
665.935595
 20
130.542298
 42
-0.065807
  0
VERTEX
  8
0
 10
665.669009
 20
129.034242
 42
-0.155932
  0
VERTEX
  8
0
 10
665.129136
 20
128.271206
 42
-0.158172
  0
VERTEX
  8
0
 10
664.250000
 20
127.968197
 42
0.011517
  0
VERTEX
  8
0
 10
663.161439
 20
127.923317
 42
0.395521
  0
VERTEX
  8
0
 10
663.000000
 20
127.751160
 42
0.228450
  0
VERTEX
  8
0
 10
663.132120
 20
127.477084
 42
0.005777
  0
VERTEX
  8
0
 10
664.250000
 20
126.607954
 42
-0.094568
  0
VERTEX
  8
0
 10
665.038781
 20
125.731708
 42
-0.064300
  0
VERTEX
  8
0
 10
665.582331
 20
124.501069
 42
-0.048737
  0
VERTEX
  8
0
 10
665.899712
 20
122.851639
 42
-0.023179
  0
VERTEX
  8
0
 10
666.000000
 20
120.689448
 42
-0.021230
  0
VERTEX
  8
0
 10
665.906283
 20
118.483228
 42
-0.054430
  0
VERTEX
  8
0
 10
665.599170
 20
116.917254
 42
-0.078194
  0
VERTEX
  8
0
 10
665.057826
 20
115.820431
 42
-0.107621
  0
VERTEX
  8
0
 10
664.250000
 20
115.080099
 42
0.009556
  0
VERTEX
  8
0
 10
663.227821
 20
114.458272
 42
0.379172
  0
VERTEX
  8
0
 10
663.160399
 20
114.224080
 42
0.278133
  0
VERTEX
  8
0
 10
663.397642
 20
114.067385
 42
0.006911
  0
VERTEX
  8
0
 10
664.750000
 20
114.030409
 42
0.181560
  0
VERTEX
  8
0
 10
666.024755
 20
114.489517
 42
0.174901
  0
VERTEX
  8
0
 10
666.706929
 20
115.682068
 42
0.040958
  0
VERTEX
  8
0
 10
666.959624
 20
118.438123
 42
0.002390
  0
VERTEX
  8
0
 10
667.000000
 20
126.883369
 42
0.003025
  0
VERTEX
  8
0
 10
666.952161
 20
134.790563
 42
0.034011
  0
VERTEX
  8
0
 10
666.701041
 20
137.919119
 42
0.106891
  0
VERTEX
  8
0
 10
666.108726
 20
139.487679
 42
0.187394
  0
VERTEX
  8
0
 10
665.000000
 20
140.289749
 42
0.040966
  0
VERTEX
  8
0
 10
664.233678
 20
140.424365
 42
0.070464
  0
VERTEX
  8
0
 10
663.587500
 20
140.392877
 42
0.106581
  0
VERTEX
  8
0
 10
663.157535
 20
140.210205
 42
0.243840
  0
SEQEND
  0
POLYLINE
  8
0
 66
1
 70
1
  0
VERTEX
  8
0
 10
132.000000
 20
138.785714
 42
0.229337
  0
VERTEX
  8
0
 10
132.145709
 20
138.484748
 42
0.073811
  0
VERTEX
  8
0
 10
132.587500
 20
138.230804
 42
0.056229
  0
VERTEX
  8
0
 10
133.234084
 20
138.057418
 42
0.037431
  0
VERTEX
  8
0
 10
134.000000
 20
138.000000
 42
0.037431
  0
VERTEX
  8
0
 10
134.765916
 20
138.057418
 42
0.056229
  0
VERTEX
  8
0
 10
135.412500
 20
138.230804
 42
0.073811
  0
VERTEX
  8
0
 10
135.854291
 20
138.484748
 42
0.229337
  0
VERTEX
  8
0
 10
136.000000
 20
138.785714
 42
0.229337
  0
VERTEX
  8
0
 10
135.854291
 20
139.086681
 42
0.073811
  0
VERTEX
  8
0
 10
135.412500
 20
139.340625
 42
0.056229
  0
VERTEX
  8
0
 10
134.765916
 20
139.514011
 42
0.037431
  0
VERTEX
  8
0
 10
134.000000
 20
139.571429
 42
0.037431
  0
VERTEX
  8
0
 10
133.234084
 20
139.514011
 42
0.056229
  0
VERTEX
  8
0
 10
132.587500
 20
139.340625
 42
0.073811
  0
VERTEX
  8
0
 10
132.145709
 20
139.086681
 42
0.229337
  0
SEQEND
  0
POLYLINE
  8
0
 66
1
 70
1
  0
VERTEX
  8
0
 10
287.000000
 20
137.500000
 42
0.099038
  0
VERTEX
  8
0
 10
287.114514
 20
136.927543
 42
0.097945
  0
VERTEX
  8
0
 10
287.440625
 20
136.440625
 42
0.097945
  0
VERTEX
  8
0
 10
287.927543
 20
136.114514
 42
0.099038
  0
VERTEX
  8
0
 10
288.500000
 20
136.000000
 42
-0.072144
  0
VERTEX
  8
0
 10
289.073208
 20
135.916860
 42
-0.087143
  0
VERTEX
  8
0
 10
289.559375
 20
135.674822
 42
-0.100435
  0
VERTEX
  8
0
 10
289.884389
 20
135.315153
 42
-0.134459
  0
VERTEX
  8
0
 10
290.000000
 20
134.893011
 42
-0.158089
  0
VERTEX
  8
0
 10
289.878743
 20
134.519085
 42
-0.151946
  0
VERTEX
  8
0
 10
289.559375
 20
134.280284
 42
-0.112257
  0
VERTEX
  8
0
 10
289.073899
 20
134.223280
 42
-0.065020
  0
VERTEX
  8
0
 10
288.500000
 20
134.361626
 42
0.055937
  0
VERTEX
  8
0
 10
287.925634
 20
134.511135
 42
0.100118
  0
VERTEX
  8
0
 10
287.440625
 20
134.483616
 42
0.147206
  0
VERTEX
  8
0
 10
287.122486
 20
134.289193
 42
0.184534
  0
VERTEX
  8
0
 10
287.000000
 20
133.968615
 42
0.196096
  0
VERTEX
  8
0
 10
287.150917
 20
133.598609
 42
0.086521
  0
VERTEX
  8
0
 10
287.587500
 20
133.284531
 42
0.066420
  0
VERTEX
  8
0
 10
288.234506
 20
133.071290
 42
0.046464
  0
VERTEX
  8
0
 10
289.000000
 20
133.000000
 42
0.081208
  0
VERTEX
  8
0
 10
289.975317
 20
133.159458
 42
0.166173
  0
VERTEX
  8
0
 10
290.583333
 20
133.625000
 42
0.116834
  0
VERTEX
  8
0
 10
290.907747
 20
134.499083
 42
0.030703
  0
VERTEX
  8
0
 10
291.000000
 20
136.000000
 42
0.030703
  0
VERTEX
  8
0
 10
290.907747
 20
137.500917
 42
0.116834
  0
VERTEX
  8
0
 10
290.583333
 20
138.375000
 42
0.166173
  0
VERTEX
  8
0
 10
289.975317
 20
138.840542
 42
0.081208
  0
VERTEX
  8
0
 10
289.000000
 20
139.000000
 42
0.072314
  0
VERTEX
  8
0
 10
288.230589
 20
138.888136
 42
0.088920
  0
VERTEX
  8
0
 10
287.583333
 20
138.562500
 42
0.102140
  0
VERTEX
  8
0
 10
287.153209
 20
138.075754
 42
0.130775
  0
SEQEND
  0
POLYLINE
  8
0
 66
1
 70
1
  0
VERTEX
  8
0
 10
298.568952
 20
137.750000
 42
0.089946
  0
VERTEX
  8
0
 10
298.147130
 20
136.035716
 42
0.122623
  0
VERTEX
  8
0
 10
298.434319
 20
134.476685
 42
0.144736
  0
VERTEX
  8
0
 10
299.361063
 20
133.406457
 42
0.145577
  0
VERTEX
  8
0
 10
300.718615
 20
133.015313
 42
0.025917
  0
VERTEX
  8
0
 10
301.439099
 20
133.058896
 42
0.191848
  0
VERTEX
  8
0
 10
301.736512
 20
133.218041
 42
0.380880
  0
VERTEX
  8
0
 10
301.730118
 20
133.450876
 42
0.061750
  0
VERTEX
  8
0
 10
301.350815
 20
133.765313
 42
-0.100110
  0
VERTEX
  8
0
 10
300.879523
 20
134.220831
 42
-0.037511
  0
VERTEX
  8
0
 10
300.414397
 20
135.018561
 42
-0.035310
  0
VERTEX
  8
0
 10
300.024160
 20
135.989118
 42
-0.035856
  0
VERTEX
  8
0
 10
299.776756
 20
137.000000
 42
0.008672
  0
VERTEX
  8
0
 10
299.512560
 20
138.406434
 42
0.205856
  0
VERTEX
  8
0
 10
299.286995
 20
138.729812
 42
0.429723
  0
VERTEX
  8
0
 10
299.022154
 20
138.660481
 42
0.020590
  0
SEQEND
  0
POLYLINE
  8
0
 66
1
 70
1
  0
VERTEX
  8
0
 10
304.136182
 20
135.785184
 42
0.003808
  0
VERTEX
  8
0
 10
304.218618
 20
134.105735
 42
0.122374
  0
VERTEX
  8
0
 10
304.338983
 20
133.716903
 42
0.671495
  0
VERTEX
  8
0
 10
304.483623
 20
133.739594
 42
0.011045
  0
VERTEX
  8
0
 10
304.715752
 20
134.826455
 42
-0.046117
  0
VERTEX
  8
0
 10
304.994774
 20
135.794973
 42
-0.109268
  0
VERTEX
  8
0
 10
305.410216
 20
136.414996
 42
-0.155027
  0
VERTEX
  8
0
 10
305.946331
 20
136.677404
 42
-0.129208
  0
VERTEX
  8
0
 10
306.579570
 20
136.607840
 42
0.042964
  0
VERTEX
  8
0
 10
307.730846
 20
136.276121
 42
0.599410
  0
VERTEX
  8
0
 10
307.945316
 20
136.538383
 42
0.151090
  0
VERTEX
  8
0
 10
307.434333
 20
137.151987
 42
0.021276
  0
VERTEX
  8
0
 10
306.000000
 20
138.000000
 42
0.035532
  0
VERTEX
  8
0
 10
304.847920
 20
138.514988
 42
0.314980
  0
VERTEX
  8
0
 10
304.339037
 20
138.379091
 42
0.174851
  0
VERTEX
  8
0
 10
304.102699
 20
137.738314
 42
0.012145
  0
SEQEND
  0
POLYLINE
  8
0
 66
1
 70
1
  0
VERTEX
  8
0
 10
317.210573
 20
137.396014
 42
0.035053
  0
VERTEX
  8
0
 10
316.764779
 20
136.839809
 42
0.107504
  0
VERTEX
  8
0
 10
316.581585
 20
136.395895
 42
0.246516
  0
VERTEX
  8
0
 10
316.668754
 20
136.120160
 42
0.197824
  0
VERTEX
  8
0
 10
316.960573
 20
136.000000
 42
-0.105661
  0
VERTEX
  8
0
 10
317.357165
 20
135.915245
 42
-0.099270
  0
VERTEX
  8
0
 10
317.694668
 20
135.674822
 42
-0.096255
  0
VERTEX
  8
0
 10
317.920898
 20
135.315588
 42
-0.092788
  0
VERTEX
  8
0
 10
318.000000
 20
134.893011
 42
-0.164546
  0
VERTEX
  8
0
 10
317.874153
 20
134.520959
 42
-0.151163
  0
VERTEX
  8
0
 10
317.544118
 20
134.286139
 42
-0.109150
  0
VERTEX
  8
0
 10
317.041968
 20
134.235294
 42
-0.062551
  0
VERTEX
  8
0
 10
316.448062
 20
134.381557
 42
0.036408
  0
VERTEX
  8
0
 10
315.868281
 20
134.556862
 42
0.155351
  0
VERTEX
  8
0
 10
315.512472
 20
134.525685
 42
0.329480
  0
VERTEX
  8
0
 10
315.393111
 20
134.325929
 42
0.114400
  0
VERTEX
  8
0
 10
315.507079
 20
133.988546
 42
0.194088
  0
VERTEX
  8
0
 10
316.883026
 20
132.977265
 42
0.247311
  0
VERTEX
  8
0
 10
318.391861
 20
133.337699
 42
0.174742
  0
VERTEX
  8
0
 10
319.321257
 20
135.017219
 42
0.129517
  0
VERTEX
  8
0
 10
319.111614
 20
137.146014
 42
0.032702
  0
VERTEX
  8
0
 10
318.730390
 20
137.997063
 42
0.242999
  0
VERTEX
  8
0
 10
318.377530
 20
138.242380
 42
0.216085
  0
VERTEX
  8
0
 10
317.943318
 20
138.110500
 42
0.026149
  0
SEQEND
  0
POLYLINE
  8
0
 66
1
 70
1
  0
VERTEX
  8
0
 10
434.000000
 20
137.500000
 42
0.248307
  0
VERTEX
  8
0
 10
434.558716
 20
136.444316
 42
0.158604
  0
VERTEX
  8
0
 10
435.922734
 20
136.048142
 42
0.110443
  0
VERTEX
  8
0
 10
437.677939
 20
136.499899
 42
0.102641
  0
VERTEX
  8
0
 10
439.127555
 20
137.663720
 42
0.005653
  0
VERTEX
  8
0
 10
439.957727
 20
138.693580
 42
0.467986
  0
VERTEX
  8
0
 10
439.920543
 20
138.869526
 42
0.245559
  0
VERTEX
  8
0
 10
439.666209
 20
138.870928
 42
0.003375
  0
VERTEX
  8
0
 10
438.250000
 20
138.128536
 42
-0.025054
  0
VERTEX
  8
0
 10
437.279560
 20
137.672287
 42
-0.079353
  0
VERTEX
  8
0
 10
436.582921
 20
137.508431
 42
-0.177523
  0
VERTEX
  8
0
 10
436.172269
 20
137.625959
 42
-0.239599
  0
VERTEX
  8
0
 10
436.000000
 20
137.964816
 42
0.095561
  0
VERTEX
  8
0
 10
435.923788
 20
138.359936
 42
0.097060
  0
VERTEX
  8
0
 10
435.706250
 20
138.695915
 42
0.098720
  0
VERTEX
  8
0
 10
435.381588
 20
138.920843
 42
0.102628
  0
VERTEX
  8
0
 10
435.000000
 20
139.000000
 42
0.148195
  0
VERTEX
  8
0
 10
434.618646
 20
138.884432
 42
0.098894
  0
VERTEX
  8
0
 10
434.293750
 20
138.559375
 42
0.082425
  0
VERTEX
  8
0
 10
434.074694
 20
138.073457
 42
0.064853
  0
SEQEND
  0
POLYLINE
  8
0
 66
1
 70
1
  0
VERTEX
  8
0
 10
555.000000
 20
137.559017
 42
0.061228
  0
VERTEX
  8
0
 10
555.073322
 20
136.962503
 42
0.051131
  0
VERTEX
  8
0
 10
555.290385
 20
136.361855
 42
0.053261
  0
VERTEX
  8
0
 10
555.610076
 20
135.846658
 42
0.089092
  0
VERTEX
  8
0
 10
555.988546
 20
135.507079
 42
0.108483
  0
VERTEX
  8
0
 10
556.324373
 20
135.389246
 42
0.320242
  0
VERTEX
  8
0
 10
556.527494
 20
135.499820
 42
0.165980
  0
VERTEX
  8
0
 10
556.568899
 20
135.833434
 42
0.040253
  0
VERTEX
  8
0
 10
556.409956
 20
136.374056
 42
-0.131714
  0
VERTEX
  8
0
 10
556.337531
 20
137.064677
 42
-0.180436
  0
VERTEX
  8
0
 10
556.642312
 20
137.603891
 42
-0.106552
  0
VERTEX
  8
0
 10
557.392669
 20
138.001236
 42
-0.031472
  0
VERTEX
  8
0
 10
558.671410
 20
138.276162
 42
0.000996
  0
VERTEX
  8
0
 10
560.623673
 20
138.572902
 42
0.563055
  0
VERTEX
  8
0
 10
560.660731
 20
138.662458
 42
0.225917
  0
VERTEX
  8
0
 10
560.511097
 20
138.742874
 42
0.000673
  0
VERTEX
  8
0
 10
558.250000
 20
138.850168
 42
0.027436
  0
VERTEX
  8
0
 10
556.780411
 20
138.837253
 42
0.078790
  0
VERTEX
  8
0
 10
555.787856
 20
138.614359
 42
0.133556
  0
VERTEX
  8
0
 10
555.214734
 20
138.184341
 42
0.166914
  0
SEQEND
  0
POLYLINE
  8
0
 66
1
 70
1
  0
VERTEX
  8
0
 10
93.715493
 20
137.279460
 42
0.000000
  0
VERTEX
  8
0
 10
100.930986
 20
136.913774
 42
0.000000
  0
VERTEX
  8
0
 10
101.254595
 20
126.706887
 42
0.000000
  0
VERTEX
  8
0
 10
101.578205
 20
116.500000
 42
0.000000
  0
VERTEX
  8
0
 10
101.789103
 20
126.750000
 42
-0.008499
  0
VERTEX
  8
0
 10
101.939142
 20
130.741702
 42
-0.014886
  0
VERTEX
  8
0
 10
102.217676
 20
134.036515
 42
-0.008847
  0
VERTEX
  8
0
 10
102.565044
 20
136.656817
 42
-0.371076
  0
VERTEX
  8
0
 10
102.963788
 20
137.000000
 42
-0.364009
  0
VERTEX
  8
0
 10
103.359739
 20
136.667712
 42
-0.009419
  0
VERTEX
  8
0
 10
103.745376
 20
134.208692
 42
-0.015646
  0
VERTEX
  8
0
 10
104.070023
 20
131.140876
 42
-0.009501
  0
VERTEX
  8
0
 10
104.271109
 20
127.497676
 42
0.000000
  0
VERTEX
  8
0
 10
104.614643
 20
117.995352
 42
0.000000
  0
VERTEX
  8
0
 10
104.557321
 20
127.747676
 42
0.000000
  0
VERTEX
  8
0
 10
104.500000
 20
137.500000
 42
0.000000
  0
VERTEX
  8
0
 10
95.500000
 20
137.572573
 42
0.000304
  0
VERTEX
  8
0
 10
90.175203
 20
137.612269
 42
0.042437
  0
VERTEX
  8
0
 10
89.543299
 20
137.562895
 42
0.897508
  0
VERTEX
  8
0
 10
89.546988
 20
137.495757
 42
0.000602
  0
SEQEND
  0
POLYLINE
  8
0
 66
1
 70
1
  0
VERTEX
  8
0
 10
223.952825
 20
135.375919
 42
0.041143
  0
VERTEX
  8
0
 10
223.613573
 20
134.200922
 42
0.049765
  0
VERTEX
  8
0
 10
223.499731
 20
133.059342
 42
0.054121
  0
VERTEX
  8
0
 10
223.614269
 20
132.004812
 42
0.068876
  0
VERTEX
  8
0
 10
223.953053
 20
131.087721
 42
-0.054144
  0
VERTEX
  8
0
 10
224.254770
 20
130.339312
 42
-0.058829
  0
VERTEX
  8
0
 10
224.377854
 20
129.564343
 42
-0.066480
  0
VERTEX
  8
0
 10
224.314168
 20
128.879887
 42
-0.132552
  0
VERTEX
  8
0
 10
224.060452
 20
128.403196
 42
0.193093
  0
VERTEX
  8
0
 10
223.448713
 20
126.831521
 42
0.054498
  0
VERTEX
  8
0
 10
223.767337
 20
124.171027
 42
0.054606
  0
VERTEX
  8
0
 10
224.642511
 20
121.674617
 42
0.219623
  0
VERTEX
  8
0
 10
225.855726
 20
120.668965
 42
-0.003716
  0
VERTEX
  8
0
 10
226.846751
 20
120.397700
 42
-0.389333
  0
VERTEX
  8
0
 10
226.914978
 20
120.287322
 42
-0.337548
  0
VERTEX
  8
0
 10
226.810300
 20
120.193494
 42
-0.003383
  0
VERTEX
  8
0
 10
225.750000
 20
120.116001
 42
0.058744
  0
VERTEX
  8
0
 10
225.080768
 20
119.991771
 42
0.074140
  0
VERTEX
  8
0
 10
224.514062
 20
119.718786
 42
0.089648
  0
VERTEX
  8
0
 10
224.133207
 20
119.345224
 42
0.155292
  0
VERTEX
  8
0
 10
224.000000
 20
118.926676
 42
0.175672
  0
VERTEX
  8
0
 10
224.138533
 20
118.544550
 42
0.119171
  0
VERTEX
  8
0
 10
224.514062
 20
118.266129
 42
0.089057
  0
VERTEX
  8
0
 10
225.080442
 20
118.137624
 42
0.058286
  0
VERTEX
  8
0
 10
225.750000
 20
118.185226
 42
0.211852
  0
VERTEX
  8
0
 10
227.181914
 20
119.175287
 42
0.110748
  0
VERTEX
  8
0
 10
227.893395
 20
121.267996
 42
0.133011
  0
VERTEX
  8
0
 10
227.584089
 20
123.217519
 42
0.295415
  0
VERTEX
  8
0
 10
226.375293
 20
124.000000
 42
-0.017651
  0
VERTEX
  8
0
 10
225.370549
 20
124.035481
 42
-0.430962
  0
VERTEX
  8
0
 10
225.211267
 20
124.229902
 42
-0.197697
  0
VERTEX
  8
0
 10
225.391869
 20
124.546943
 42
-0.006704
  0
VERTEX
  8
0
 10
226.558870
 20
125.432679
 42
0.032485
  0
VERTEX
  8
0
 10
227.468323
 20
126.199891
 42
0.131404
  0
VERTEX
  8
0
 10
227.840342
 20
126.815235
 42
0.187394
  0
VERTEX
  8
0
 10
227.788285
 20
127.405065
 42
0.080066
  0
VERTEX
  8
0
 10
227.321670
 20
128.061010
 42
-0.069515
  0
VERTEX
  8
0
 10
226.814570
 20
128.743101
 42
-0.125779
  0
VERTEX
  8
0
 10
226.643339
 20
129.413010
 42
-0.101742
  0
VERTEX
  8
0
 10
226.801293
 20
130.181221
 42
-0.035506
  0
VERTEX
  8
0
 10
227.321670
 20
131.189234
 42
0.040583
  0
VERTEX
  8
0
 10
227.853786
 20
132.246146
 42
0.141015
  0
VERTEX
  8
0
 10
227.933237
 20
132.999249
 42
0.145834
  0
VERTEX
  8
0
 10
227.599820
 20
133.664337
 42
0.044480
  0
VERTEX
  8
0
 10
226.750000
 20
134.421147
 42
-0.022251
  0
VERTEX
  8
0
 10
225.325341
 20
135.580692
 42
-0.248996
  0
VERTEX
  8
0
 10
225.079486
 20
136.243764
 42
-0.409717
  0
VERTEX
  8
0
 10
225.503018
 20
136.572529
 42
-0.034553
  0
VERTEX
  8
0
 10
227.000000
 20
136.289749
 42
0.040844
  0
VERTEX
  8
0
 10
227.766327
 20
136.154940
 42
0.070277
  0
VERTEX
  8
0
 10
228.412500
 20
136.185871
 42
0.106324
  0
VERTEX
  8
0
 10
228.842523
 20
136.367686
 42
0.244435
  0
VERTEX
  8
0
 10
229.000000
 20
136.670564
 42
0.201560
  0
VERTEX
  8
0
 10
228.849850
 20
137.027903
 42
0.074682
  0
VERTEX
  8
0
 10
228.398684
 20
137.354188
 42
0.058759
  0
VERTEX
  8
0
 10
227.736565
 20
137.603154
 42
0.041797
  0
VERTEX
  8
0
 10
226.952967
 20
137.728590
 42
0.089462
  0
VERTEX
  8
0
 10
226.008126
 20
137.630674
 42
0.096122
  0
VERTEX
  8
0
 10
225.183259
 20
137.208169
 42
0.083992
  0
VERTEX
  8
0
 10
224.495316
 20
136.451988
 42
0.051864
  0
SEQEND
  0
POLYLINE
  8
0
 66
1
 70
1
  0
VERTEX
  8
0
 10
226.075000
 20
132.725000
 42
-0.175736
  0
VERTEX
  8
0
 10
225.786965
 20
132.130242
 42
-0.239194
  0
VERTEX
  8
0
 10
225.227257
 20
131.955686
 42
-0.167686
  0
VERTEX
  8
0
 10
224.586752
 20
132.305209
 42
-0.104687
  0
VERTEX
  8
0
 10
224.150000
 20
133.050000
 42
-0.089632
  0
VERTEX
  8
0
 10
224.088424
 20
133.477775
 42
-0.189618
  0
VERTEX
  8
0
 10
224.220000
 20
133.780000
 42
-0.189618
  0
VERTEX
  8
0
 10
224.522225
 20
133.911576
 42
-0.089632
  0
VERTEX
  8
0
 10
224.950000
 20
133.850000
 42
-0.053161
  0
VERTEX
  8
0
 10
225.403407
 20
133.643170
 42
-0.062883
  0
VERTEX
  8
0
 10
225.775469
 20
133.354531
 42
-0.073742
  0
VERTEX
  8
0
 10
226.014704
 20
133.031991
 42
-0.149613
  0
SEQEND
  0
POLYLINE
  8
0
 66
1
 70
1
  0
VERTEX
  8
0
 10
227.000000
 20
127.000000
 42
-0.153634
  0
VERTEX
  8
0
 10
226.879982
 20
126.618621
 42
-0.097988
  0
VERTEX
  8
0
 10
226.542039
 20
126.293750
 42
-0.080552
  0
VERTEX
  8
0
 10
226.037096
 20
126.074545
 42
-0.062283
  0
VERTEX
  8
0
 10
225.440983
 20
126.000000
 42
-0.066118
  0
VERTEX
  8
0
 10
224.889346
 20
126.073267
 42
-0.138808
  0
VERTEX
  8
0
 10
224.521475
 20
126.293750
 42
-0.191142
  0
VERTEX
  8
0
 10
224.392057
 20
126.620352
 42
-0.139169
  0
VERTEX
  8
0
 10
224.500000
 20
127.000000
 42
-0.060810
  0
VERTEX
  8
0
 10
224.806203
 20
127.382515
 42
-0.051032
  0
VERTEX
  8
0
 10
225.212900
 20
127.706250
 42
-0.053229
  0
VERTEX
  8
0
 10
225.653442
 20
127.926698
 42
-0.089642
  0
VERTEX
  8
0
 10
226.059017
 20
128.000000
 42
-0.105429
  0
VERTEX
  8
0
 10
226.418051
 20
127.923444
 42
-0.099231
  0
VERTEX
  8
0
 10
226.723586
 20
127.706250
 42
-0.096318
  0
VERTEX
  8
0
 10
226.928382
 20
127.381732
 42
-0.092995
  0
SEQEND
  0
POLYLINE
  8
0
 66
1
 70
1
  0
VERTEX
  8
0
 10
294.624273
 20
135.675182
 42
-0.012759
  0
VERTEX
  8
0
 10
294.746209
 20
134.896910
 42
-0.085894
  0
VERTEX
  8
0
 10
294.730071
 20
134.507977
 42
-0.607061
  0
VERTEX
  8
0
 10
294.614933
 20
134.476512
 42
-0.075911
  0
VERTEX
  8
0
 10
294.425678
 20
134.756231
 42
0.078082
  0
VERTEX
  8
0
 10
294.127595
 20
135.192725
 42
0.099436
  0
VERTEX
  8
0
 10
293.730949
 20
135.474441
 42
0.113904
  0
VERTEX
  8
0
 10
293.299414
 20
135.558561
 42
0.130550
  0
VERTEX
  8
0
 10
292.898278
 20
135.437132
 42
0.210470
  0
VERTEX
  8
0
 10
292.401560
 20
134.714711
 42
0.228441
  0
VERTEX
  8
0
 10
292.621179
 20
133.894831
 42
0.133846
  0
VERTEX
  8
0
 10
293.606156
 20
133.229915
 42
0.082104
  0
VERTEX
  8
0
 10
294.996868
 20
133.000000
 42
0.220343
  0
VERTEX
  8
0
 10
296.170418
 20
133.543557
 42
0.154045
  0
VERTEX
  8
0
 10
296.743629
 20
134.908450
 42
0.140534
  0
VERTEX
  8
0
 10
296.451394
 20
136.450191
 42
0.186577
  0
VERTEX
  8
0
 10
295.402345
 20
137.399100
 42
0.160124
  0
VERTEX
  8
0
 10
294.946218
 20
137.421402
 42
0.223130
  0
VERTEX
  8
0
 10
294.640285
 20
137.159633
 42
0.115892
  0
VERTEX
  8
0
 10
294.525701
 20
136.573981
 42
0.035862
  0
SEQEND
  0
POLYLINE
  8
0
 66
1
 70
1
  0
VERTEX
  8
0
 10
132.000000
 20
134.785714
 42
0.183844
  0
VERTEX
  8
0
 10
132.114141
 20
134.485777
 42
0.090503
  0
VERTEX
  8
0
 10
132.440625
 20
134.230804
 42
0.070378
  0
VERTEX
  8
0
 10
132.926023
 20
134.058014
 42
0.050408
  0
VERTEX
  8
0
 10
133.500000
 20
134.000000
 42
-0.072144
  0
VERTEX
  8
0
 10
134.073208
 20
133.916860
 42
-0.087143
  0
VERTEX
  8
0
 10
134.559375
 20
133.674822
 42
-0.100435
  0
VERTEX
  8
0
 10
134.884389
 20
133.315153
 42
-0.134459
  0
VERTEX
  8
0
 10
135.000000
 20
132.893011
 42
-0.158089
  0
VERTEX
  8
0
 10
134.878743
 20
132.519085
 42
-0.151946
  0
VERTEX
  8
0
 10
134.559375
 20
132.280284
 42
-0.112257
  0
VERTEX
  8
0
 10
134.073899
 20
132.223280
 42
-0.065020
  0
VERTEX
  8
0
 10
133.500000
 20
132.361626
 42
0.060703
  0
VERTEX
  8
0
 10
132.925874
 20
132.505262
 42
0.106730
  0
VERTEX
  8
0
 10
132.440625
 20
132.462077
 42
0.150349
  0
VERTEX
  8
0
 10
132.121901
 20
132.244082
 42
0.169715
  0
VERTEX
  8
0
 10
132.000000
 20
131.895291
 42
0.334435
  0
VERTEX
  8
0
 10
132.560755
 20
131.150698
 42
0.174344
  0
VERTEX
  8
0
 10
133.785082
 20
131.230871
 42
0.104696
  0
VERTEX
  8
0
 10
135.157245
 20
132.208900
 42
0.151136
  0
VERTEX
  8
0
 10
135.791470
 20
133.545930
 42
0.059503
  0
VERTEX
  8
0
 10
135.814217
 20
134.491475
 42
0.155675
  0
VERTEX
  8
0
 10
135.550412
 20
135.109078
 42
0.156027
  0
VERTEX
  8
0
 10
134.978144
 20
135.458901
 42
0.059852
  0
VERTEX
  8
0
 10
134.041470
 20
135.571429
 42
0.036649
  0
VERTEX
  8
0
 10
133.259637
 20
135.514045
 42
0.055274
  0
VERTEX
  8
0
 10
132.599682
 20
135.340625
 42
0.072453
  0
VERTEX
  8
0
 10
132.148058
 20
135.086785
 42
0.232585
  0
SEQEND
  0
POLYLINE
  8
0
 66
1
 70
1
  0
VERTEX
  8
0
 10
57.390935
 20
131.983293
 42
0.023151
  0
VERTEX
  8
0
 10
57.409145
 20
130.321860
 42
0.142361
  0
VERTEX
  8
0
 10
57.691639
 20
129.523453
 42
0.214716
  0
VERTEX
  8
0
 10
58.290031
 20
129.176941
 42
0.060995
  0
VERTEX
  8
0
 10
59.390935
 20
129.198918
 42
0.197735
  0
VERTEX
  8
0
 10
60.961055
 20
130.123589
 42
0.158459
  0
VERTEX
  8
0
 10
61.609424
 20
131.993119
 42
0.161897
  0
VERTEX
  8
0
 10
61.029671
 20
133.857495
 42
0.204549
  0
VERTEX
  8
0
 10
59.500000
 20
134.784375
 42
0.075915
  0
VERTEX
  8
0
 10
58.490132
 20
134.773974
 42
0.193246
  0
VERTEX
  8
0
 10
57.874269
 20
134.401766
 42
0.127002
  0
VERTEX
  8
0
 10
57.530660
 20
133.572297
 42
0.026193
  0
SEQEND
  0
POLYLINE
  8
0
 66
1
 70
1
  0
VERTEX
  8
0
 10
60.500000
 20
131.000000
 42
-0.082592
  0
VERTEX
  8
0
 10
60.656512
 20
130.617900
 42
-0.161196
  0
VERTEX
  8
0
 10
60.625400
 20
130.293750
 42
-0.182303
  0
VERTEX
  8
0
 10
60.413961
 20
130.078288
 42
-0.108972
  0
VERTEX
  8
0
 10
60.059017
 20
130.000000
 42
-0.093332
  0
VERTEX
  8
0
 10
59.654762
 20
130.076123
 42
-0.096420
  0
VERTEX
  8
0
 10
59.311086
 20
130.293750
 42
-0.099167
  0
VERTEX
  8
0
 10
59.081062
 20
130.618444
 42
-0.105053
  0
VERTEX
  8
0
 10
59.000000
 20
131.000000
 42
-0.042167
  0
VERTEX
  8
0
 10
59.032345
 20
131.382849
 42
-0.061769
  0
VERTEX
  8
0
 10
59.129539
 20
131.706250
 42
-0.081139
  0
VERTEX
  8
0
 10
59.272352
 20
131.925540
 42
-0.210953
  0
VERTEX
  8
0
 10
59.440983
 20
132.000000
 42
-0.151918
  0
VERTEX
  8
0
 10
59.651710
 20
131.934461
 42
-0.038439
  0
VERTEX
  8
0
 10
59.933975
 20
131.706250
 42
-0.035638
  0
VERTEX
  8
0
 10
60.231006
 20
131.382774
 42
-0.029505
  0
SEQEND
  0
POLYLINE
  8
0
 66
1
 70
1
  0
VERTEX
  8
0
 10
69.000000
 20
133.406380
 42
0.098536
  0
VERTEX
  8
0
 10
69.181931
 20
132.492171
 42
0.253517
  0
VERTEX
  8
0
 10
69.688523
 20
132.081378
 42
0.152827
  0
VERTEX
  8
0
 10
70.545629
 20
132.183447
 42
0.035799
  0
VERTEX
  8
0
 10
71.834535
 20
132.876575
 42
0.055202
  0
VERTEX
  8
0
 10
72.384430
 20
133.316960
 42
0.331312
  0
VERTEX
  8
0
 10
72.434346
 20
133.657879
 42
0.185328
  0
VERTEX
  8
0
 10
72.083886
 20
133.959000
 42
0.021889
  0
VERTEX
  8
0
 10
71.084535
 20
134.267643
 42
0.043627
  0
VERTEX
  8
0
 10
70.168848
 20
134.423487
 42
0.118851
  0
VERTEX
  8
0
 10
69.523649
 20
134.322532
 42
0.174563
  0
VERTEX
  8
0
 10
69.141589
 20
133.975460
 42
0.122534
  0
SEQEND
  0
POLYLINE
  8
0
 66
1
 70
1
  0
VERTEX
  8
0
 10
74.196823
 20
132.000000
 42
0.032026
  0
VERTEX
  8
0
 10
74.183006
 20
130.850563
 42
0.051203
  0
VERTEX
  8
0
 10
74.333796
 20
129.881250
 42
0.068450
  0
VERTEX
  8
0
 10
74.610668
 20
129.214015
 42
0.266230
  0
VERTEX
  8
0
 10
74.984116
 20
129.000000
 42
0.188624
  0
VERTEX
  8
0
 10
75.372012
 20
129.151731
 42
0.089004
  0
VERTEX
  8
0
 10
75.701584
 20
129.587500
 42
0.068821
  0
VERTEX
  8
0
 10
75.925088
 20
130.234620
 42
0.048821
  0
VERTEX
  8
0
 10
76.000000
 20
131.000000
 42
-0.046464
  0
VERTEX
  8
0
 10
76.071290
 20
131.765494
 42
-0.066420
  0
VERTEX
  8
0
 10
76.284531
 20
132.412500
 42
-0.086521
  0
VERTEX
  8
0
 10
76.598609
 20
132.849083
 42
-0.196096
  0
VERTEX
  8
0
 10
76.968615
 20
133.000000
 42
-0.170338
  0
VERTEX
  8
0
 10
77.292705
 20
132.886291
 42
-0.150241
  0
VERTEX
  8
0
 10
77.495018
 20
132.589088
 42
-0.106442
  0
VERTEX
  8
0
 10
77.534639
 20
132.136572
 42
-0.060487
  0
VERTEX
  8
0
 10
77.400442
 20
131.601151
 42
0.078162
  0
VERTEX
  8
0
 10
77.275690
 20
131.017004
 42
0.076891
  0
VERTEX
  8
0
 10
77.335110
 20
130.419289
 42
0.081902
  0
VERTEX
  8
0
 10
77.564485
 20
129.900093
 42
0.109884
  0
VERTEX
  8
0
 10
77.931826
 20
129.542134
 42
0.164815
  0
VERTEX
  8
0
 10
78.351528
 20
129.445243
 42
0.204404
  0
VERTEX
  8
0
 10
78.699600
 20
129.636782
 42
0.119855
  0
VERTEX
  8
0
 10
78.928099
 20
130.140440
 42
0.046869
  0
VERTEX
  8
0
 10
79.000000
 20
130.905799
 42
0.083598
  0
VERTEX
  8
0
 10
78.856730
 20
131.756706
 42
0.057620
  0
VERTEX
  8
0
 10
78.431812
 20
132.639217
 42
0.056617
  0
VERTEX
  8
0
 10
77.805527
 20
133.418528
 42
0.072459
  0
VERTEX
  8
0
 10
77.065741
 20
133.964816
 42
0.014252
  0
VERTEX
  8
0
 10
75.329195
 20
134.831457
 42
0.264654
  0
VERTEX
  8
0
 10
74.740434
 20
134.782447
 42
0.217104
  0
VERTEX
  8
0
 10
74.411323
 20
134.236791
 42
0.009777
  0
SEQEND
  0
POLYLINE
  8
0
 66
1
 70
1
  0
VERTEX
  8
0
 10
86.500000
 20
132.000000
 42
0.032931
  0
VERTEX
  8
0
 10
86.589392
 20
130.644198
 42
0.088289
  0
VERTEX
  8
0
 10
86.881401
 20
129.725645
 42
0.135908
  0
VERTEX
  8
0
 10
87.379346
 20
129.195491
 42
0.137495
  0
VERTEX
  8
0
 10
88.076807
 20
129.000000
 42
0.122528
  0
VERTEX
  8
0
 10
88.791073
 20
129.177703
 42
0.182225
  0
VERTEX
  8
0
 10
89.212650
 20
129.655835
 42
0.102136
  0
VERTEX
  8
0
 10
89.353365
 20
130.535829
 42
0.025187
  0
VERTEX
  8
0
 10
89.213308
 20
132.000000
 42
0.035057
  0
VERTEX
  8
0
 10
88.961485
 20
133.148682
 42
0.049545
  0
VERTEX
  8
0
 10
88.568494
 20
134.118750
 42
0.060764
  0
VERTEX
  8
0
 10
88.103969
 20
134.790086
 42
0.214219
  0
VERTEX
  8
0
 10
87.636501
 20
135.000000
 42
0.235082
  0
VERTEX
  8
0
 10
87.200894
 20
134.783213
 42
0.071398
  0
VERTEX
  8
0
 10
86.833847
 20
134.118750
 42
0.054544
  0
VERTEX
  8
0
 10
86.582966
 20
133.148966
 42
0.036058
  0
SEQEND
  0
POLYLINE
  8
0
 66
1
 70
1
  0
VERTEX
  8
0
 10
386.378632
 20
131.856840
 42
-0.036407
  0
VERTEX
  8
0
 10
386.546009
 20
130.520620
 42
-0.040504
  0
VERTEX
  8
0
 10
386.508159
 20
129.221776
 42
-0.044665
  0
VERTEX
  8
0
 10
386.283494
 20
128.109852
 42
-0.101367
  0
VERTEX
  8
0
 10
385.881187
 20
127.356840
 42
0.046047
  0
VERTEX
  8
0
 10
385.407584
 20
126.665608
 42
0.312715
  0
VERTEX
  8
0
 10
385.445755
 20
126.275331
 42
0.197641
  0
VERTEX
  8
0
 10
385.882144
 20
126.049865
 42
0.021663
  0
VERTEX
  8
0
 10
387.032543
 20
126.000000
 42
-0.013590
  0
VERTEX
  8
0
 10
388.426350
 20
125.962108
 42
-0.306153
  0
VERTEX
  8
0
 10
388.731375
 20
125.730927
 42
-0.260892
  0
VERTEX
  8
0
 10
388.656935
 20
125.327205
 42
-0.010705
  0
VERTEX
  8
0
 10
387.654988
 20
124.171259
 42
0.023283
  0
VERTEX
  8
0
 10
387.022627
 20
123.403522
 42
0.026205
  0
VERTEX
  8
0
 10
386.490651
 20
122.609091
 42
0.026786
  0
VERTEX
  8
0
 10
386.114529
 20
121.893797
 42
0.112257
  0
VERTEX
  8
0
 10
386.015313
 20
121.421259
 42
0.187618
  0
VERTEX
  8
0
 10
386.103189
 20
121.205974
 42
0.333444
  0
VERTEX
  8
0
 10
386.282537
 20
121.175441
 42
0.104749
  0
VERTEX
  8
0
 10
386.565448
 20
121.406008
 42
0.028418
  0
VERTEX
  8
0
 10
386.903509
 20
121.878115
 42
-0.079679
  0
VERTEX
  8
0
 10
387.322100
 20
122.351895
 42
-0.090282
  0
VERTEX
  8
0
 10
387.851367
 20
122.646603
 42
-0.099540
  0
VERTEX
  8
0
 10
388.407118
 20
122.719013
 42
-0.121774
  0
VERTEX
  8
0
 10
388.904508
 20
122.559017
 42
-0.081097
  0
VERTEX
  8
0
 10
389.291914
 20
122.222367
 42
-0.091814
  0
VERTEX
  8
0
 10
389.532237
 20
121.793158
 42
-0.100710
  0
VERTEX
  8
0
 10
389.589954
 20
121.339581
 42
-0.120427
  0
VERTEX
  8
0
 10
389.457295
 20
120.930902
 42
0.073640
  0
VERTEX
  8
0
 10
389.303977
 20
120.574801
 42
0.150044
  0
VERTEX
  8
0
 10
389.315530
 20
120.273452
 42
0.188107
  0
VERTEX
  8
0
 10
389.486049
 20
120.074282
 42
0.123339
  0
VERTEX
  8
0
 10
389.782598
 20
120.000000
 42
0.392041
  0
VERTEX
  8
0
 10
390.734457
 20
120.881878
 42
0.031462
  0
VERTEX
  8
0
 10
390.784457
 20
124.616637
 42
0.031018
  0
VERTEX
  8
0
 10
390.357079
 20
128.432619
 42
0.263571
  0
VERTEX
  8
0
 10
389.301179
 20
129.714668
 42
-0.023069
  0
VERTEX
  8
0
 10
388.474437
 20
130.076493
 42
-0.301758
  0
VERTEX
  8
0
 10
388.314449
 20
130.352075
 42
-0.238559
  0
VERTEX
  8
0
 10
388.493261
 20
130.658305
 42
-0.015931
  0
VERTEX
  8
0
 10
389.390542
 20
131.198682
 42
0.104788
  0
VERTEX
  8
0
 10
390.710656
 20
132.354221
 42
0.229934
  0
VERTEX
  8
0
 10
390.959197
 20
133.639942
 42
0.228051
  0
VERTEX
  8
0
 10
390.101922
 20
134.638348
 42
0.103587
  0
VERTEX
  8
0
 10
388.375000
 20
135.000000
 42
0.032728
  0
VERTEX
  8
0
 10
386.869235
 20
134.901334
 42
0.222063
  0
VERTEX
  8
0
 10
386.256682
 20
134.510521
 42
0.173579
  0
VERTEX
  8
0
 10
386.078591
 20
133.722006
 42
0.018950
  0
SEQEND
  0
POLYLINE
  8
0
 66
1
 70
1
  0
VERTEX
  8
0
 10
390.000000
 20
128.000000
 42
-0.099038
  0
VERTEX
  8
0
 10
389.923658
 20
127.618362
 42
-0.097945
  0
VERTEX
  8
0
 10
389.706250
 20
127.293750
 42
-0.097945
  0
VERTEX
  8
0
 10
389.381638
 20
127.076342
 42
-0.099038
  0
VERTEX
  8
0
 10
389.000000
 20
127.000000
 42
-0.099038
  0
VERTEX
  8
0
 10
388.618362
 20
127.076342
 42
-0.097945
  0
VERTEX
  8
0
 10
388.293750
 20
127.293750
 42
-0.097945
  0
VERTEX
  8
0
 10
388.076342
 20
127.618362
 42
-0.099038
  0
VERTEX
  8
0
 10
388.000000
 20
128.000000
 42
-0.099038
  0
VERTEX
  8
0
 10
388.076342
 20
128.381638
 42
-0.097945
  0
VERTEX
  8
0
 10
388.293750
 20
128.706250
 42
-0.097945
  0
VERTEX
  8
0
 10
388.618362
 20
128.923658
 42
-0.099038
  0
VERTEX
  8
0
 10
389.000000
 20
129.000000
 42
-0.099038
  0
VERTEX
  8
0
 10
389.381638
 20
128.923658
 42
-0.097945
  0
VERTEX
  8
0
 10
389.706250
 20
128.706250
 42
-0.097945
  0
VERTEX
  8
0
 10
389.923658
 20
128.381638
 42
-0.099038
  0
SEQEND
  0
POLYLINE
  8
0
 66
1
 70
1
  0
VERTEX
  8
0
 10
423.000000
 20
134.606989
 42
0.225200
  0
VERTEX
  8
0
 10
423.088769
 20
134.419896
 42
0.029412
  0
VERTEX
  8
0
 10
423.455882
 20
134.154486
 42
0.029555
  0
VERTEX
  8
0
 10
423.957462
 20
133.875192
 42
0.020646
  0
VERTEX
  8
0
 10
424.551938
 20
133.618443
 42
0.036408
  0
VERTEX
  8
0
 10
425.131719
 20
133.443138
 42
0.155351
  0
VERTEX
  8
0
 10
425.487528
 20
133.474315
 42
0.329480
  0
VERTEX
  8
0
 10
425.606889
 20
133.674071
 42
0.114400
  0
VERTEX
  8
0
 10
425.492921
 20
134.011454
 42
0.115814
  0
VERTEX
  8
0
 10
424.901891
 20
134.603931
 42
0.080554
  0
VERTEX
  8
0
 10
424.026239
 20
134.969265
 42
0.115534
  0
VERTEX
  8
0
 10
423.291154
 20
134.972535
 42
0.349578
  0
SEQEND
  0
POLYLINE
  8
0
 66
1
 70
1
  0
VERTEX
  8
0
 10
625.000000
 20
133.984687
 42
-0.025323
  0
VERTEX
  8
0
 10
625.814390
 20
133.388984
 42
-0.225884
  0
VERTEX
  8
0
 10
626.000000
 20
132.999095
 42
-0.225345
  0
VERTEX
  8
0
 10
625.814593
 20
132.608602
 42
-0.025205
  0
VERTEX
  8
0
 10
625.000000
 20
132.009884
 42
0.028969
  0
VERTEX
  8
0
 10
624.327161
 20
131.507513
 42
0.478393
  0
VERTEX
  8
0
 10
624.332268
 20
131.263239
 42
0.175225
  0
VERTEX
  8
0
 10
624.725020
 20
131.137196
 42
0.009649
  0
VERTEX
  8
0
 10
626.035714
 20
131.210257
 42
0.048007
  0
VERTEX
  8
0
 10
627.155136
 20
131.403476
 42
0.099972
  0
VERTEX
  8
0
 10
627.942711
 20
131.799724
 42
0.125140
  0
VERTEX
  8
0
 10
628.406457
 20
132.401734
 42
0.102204
  0
VERTEX
  8
0
 10
628.571429
 20
133.200373
 42
0.095860
  0
VERTEX
  8
0
 10
628.414604
 20
134.010842
 42
0.144834
  0
VERTEX
  8
0
 10
627.971300
 20
134.570458
 42
0.111572
  0
VERTEX
  8
0
 10
627.195789
 20
134.890107
 42
0.043722
  0
VERTEX
  8
0
 10
626.035714
 20
134.984687
 42
0.011155
  0
VERTEX
  8
0
 10
624.715446
 20
134.947249
 42
0.181246
  0
VERTEX
  8
0
 10
624.315083
 20
134.773592
 42
0.440984
  0
VERTEX
  8
0
 10
624.322782
 20
134.495949
 42
0.032890
  0
SEQEND
  0
POLYLINE
  8
0
 66
1
 70
1
  0
VERTEX
  8
0
 10
64.064584
 20
131.879323
 42
-0.012512
  0
VERTEX
  8
0
 10
64.557408
 20
130.900361
 42
-0.104615
  0
VERTEX
  8
0
 10
64.671162
 20
130.420762
 42
-0.474034
  0
VERTEX
  8
0
 10
64.509632
 20
130.281955
 42
-0.094818
  0
VERTEX
  8
0
 10
64.099768
 20
130.438340
 42
0.073208
  0
VERTEX
  8
0
 10
63.679048
 20
130.619908
 42
0.149447
  0
VERTEX
  8
0
 10
63.323057
 20
130.607288
 42
0.188338
  0
VERTEX
  8
0
 10
63.087844
 20
130.407375
 42
0.124140
  0
VERTEX
  8
0
 10
63.000000
 20
130.059017
 42
0.224025
  0
VERTEX
  8
0
 10
63.191255
 20
129.653580
 42
0.075993
  0
VERTEX
  8
0
 10
63.765803
 20
129.311086
 42
0.057806
  0
VERTEX
  8
0
 10
64.608699
 20
129.077468
 42
0.038742
  0
VERTEX
  8
0
 10
65.606989
 20
129.000000
 42
0.028926
  0
VERTEX
  8
0
 10
66.861708
 20
129.072648
 42
0.139263
  0
VERTEX
  8
0
 10
67.516074
 20
129.343479
 42
0.231224
  0
VERTEX
  8
0
 10
67.749196
 20
129.829584
 42
0.090021
  0
VERTEX
  8
0
 10
67.606989
 20
130.581787
 42
-0.016969
  0
VERTEX
  8
0
 10
67.374624
 20
131.254744
 42
-0.015089
  0
VERTEX
  8
0
 10
67.178303
 20
131.968650
 42
-0.015326
  0
VERTEX
  8
0
 10
67.040803
 20
132.621647
 42
-0.044250
  0
VERTEX
  8
0
 10
67.000000
 20
133.081787
 42
0.207320
  0
VERTEX
  8
0
 10
66.847915
 20
133.432812
 42
0.082505
  0
VERTEX
  8
0
 10
66.402165
 20
133.730275
 42
0.062891
  0
VERTEX
  8
0
 10
65.743936
 20
133.932598
 42
0.043175
  0
VERTEX
  8
0
 10
64.964816
 20
134.000000
 42
0.033776
  0
VERTEX
  8
0
 10
63.873641
 20
133.926204
 42
0.264495
  0
VERTEX
  8
0
 10
63.484357
 20
133.628914
 42
0.205045
  0
VERTEX
  8
0
 10
63.486026
 20
133.078693
 42
0.020973
  0
SEQEND
  0
POLYLINE
  8
0
 66
1
 70
1
  0
VERTEX
  8
0
 10
436.380002
 20
132.547887
 42
0.099677
  0
VERTEX
  8
0
 10
436.161937
 20
131.259842
 42
0.124081
  0
VERTEX
  8
0
 10
436.493995
 20
130.095834
 42
0.134788
  0
VERTEX
  8
0
 10
437.308194
 20
129.293523
 42
0.128216
  0
VERTEX
  8
0
 10
438.434017
 20
129.000000
 42
0.179855
  0
VERTEX
  8
0
 10
438.942194
 20
129.188907
 42
0.093887
  0
VERTEX
  8
0
 10
439.368402
 20
129.724930
 42
0.072033
  0
VERTEX
  8
0
 10
439.654331
 20
130.531393
 42
0.049265
  0
VERTEX
  8
0
 10
439.750000
 20
131.500000
 42
0.110185
  0
VERTEX
  8
0
 10
439.391951
 20
133.105044
 42
0.210624
  0
VERTEX
  8
0
 10
438.414872
 20
133.956232
 42
0.247333
  0
VERTEX
  8
0
 10
437.258476
 20
133.741661
 42
0.134805
  0
SEQEND
  0
POLYLINE
  8
0
 66
1
 70
1
  0
VERTEX
  8
0
 10
557.250000
 20
133.294267
 42
0.040061
  0
VERTEX
  8
0
 10
556.388798
 20
133.055591
 42
0.053412
  0
VERTEX
  8
0
 10
555.660938
 20
132.697545
 42
0.064918
  0
VERTEX
  8
0
 10
555.161034
 20
132.281975
 42
0.189109
  0
VERTEX
  8
0
 10
555.000000
 20
131.871432
 42
0.145308
  0
VERTEX
  8
0
 10
555.094182
 20
131.554196
 42
0.191548
  0
VERTEX
  8
0
 10
555.338313
 20
131.381711
 42
0.134764
  0
VERTEX
  8
0
 10
555.710613
 20
131.393379
 42
0.063669
  0
VERTEX
  8
0
 10
556.151704
 20
131.593758
 42
-0.158721
  0
VERTEX
  8
0
 10
556.693735
 20
131.725689
 42
-0.087512
  0
VERTEX
  8
0
 10
557.361157
 20
131.554814
 42
-0.072019
  0
VERTEX
  8
0
 10
558.050449
 20
131.113965
 42
-0.056718
  0
VERTEX
  8
0
 10
558.651704
 20
130.461646
 42
0.010864
  0
VERTEX
  8
0
 10
559.499214
 20
129.353945
 42
0.381259
  0
VERTEX
  8
0
 10
559.796041
 20
129.303763
 42
0.250929
  0
VERTEX
  8
0
 10
559.977765
 20
129.622572
 42
0.006593
  0
VERTEX
  8
0
 10
560.000000
 20
131.308870
 42
0.008731
  0
VERTEX
  8
0
 10
559.982142
 20
132.331522
 42
0.015656
  0
VERTEX
  8
0
 10
559.926563
 20
133.169477
 42
0.010943
  0
VERTEX
  8
0
 10
559.849224
 20
133.813994
 42
0.523243
  0
VERTEX
  8
0
 10
559.750000
 20
133.863818
 42
-0.065829
  0
VERTEX
  8
0
 10
559.567853
 20
133.793731
 42
-0.002963
  0
VERTEX
  8
0
 10
558.912500
 20
133.640337
 42
-0.004927
  0
VERTEX
  8
0
 10
558.130151
 20
133.470194
 42
-0.003502
  0
SEQEND
  0
POLYLINE
  8
0
 66
1
 70
1
  0
VERTEX
  8
0
 10
409.078947
 20
131.416667
 42
0.018894
  0
VERTEX
  8
0
 10
409.137993
 20
130.670344
 42
0.168741
  0
VERTEX
  8
0
 10
409.279315
 20
130.378580
 42
0.470617
  0
VERTEX
  8
0
 10
409.461564
 20
130.395823
 42
0.054073
  0
VERTEX
  8
0
 10
409.683114
 20
130.812500
 42
0.051402
  0
VERTEX
  8
0
 10
409.839148
 20
131.359369
 42
0.054150
  0
VERTEX
  8
0
 10
409.876576
 20
131.916927
 42
0.060344
  0
VERTEX
  8
0
 10
409.797407
 20
132.402231
 42
0.126455
  0
VERTEX
  8
0
 10
409.604167
 20
132.729167
 42
0.296942
  0
VERTEX
  8
0
 10
409.385309
 20
132.775380
 42
0.208169
  0
VERTEX
  8
0
 10
409.200665
 20
132.592839
 42
0.077125
  0
VERTEX
  8
0
 10
409.089945
 20
132.112848
 42
0.028489
  0
SEQEND
  0
POLYLINE
  8
0
 66
1
 70
1
  0
VERTEX
  8
0
 10
70.000000
 20
129.968615
 42
0.152681
  0
VERTEX
  8
0
 10
70.115494
 20
129.599211
 42
0.098158
  0
VERTEX
  8
0
 10
70.440625
 20
129.284531
 42
0.080880
  0
VERTEX
  8
0
 10
70.926468
 20
129.072230
 42
0.062722
  0
VERTEX
  8
0
 10
71.500000
 20
129.000000
 42
0.024748
  0
VERTEX
  8
0
 10
72.074824
 20
129.028469
 42
0.039339
  0
VERTEX
  8
0
 10
72.559375
 20
129.115447
 42
0.046727
  0
VERTEX
  8
0
 10
72.903916
 20
129.241071
 42
0.289661
  0
VERTEX
  8
0
 10
73.000000
 20
129.393011
 42
0.222225
  0
VERTEX
  8
0
 10
72.912889
 20
129.579329
 42
0.030693
  0
VERTEX
  8
0
 10
72.559375
 20
129.839659
 42
0.030395
  0
VERTEX
  8
0
 10
72.074558
 20
130.112506
 42
0.021360
  0
VERTEX
  8
0
 10
71.500000
 20
130.361626
 42
0.055937
  0
VERTEX
  8
0
 10
70.925634
 20
130.511135
 42
0.100118
  0
VERTEX
  8
0
 10
70.440625
 20
130.483616
 42
0.147206
  0
VERTEX
  8
0
 10
70.122486
 20
130.289193
 42
0.184534
  0
SEQEND
  0
POLYLINE
  8
0
 66
1
 70
1
  0
VERTEX
  8
0
 10
447.828073
 20
122.941004
 42
0.009330
  0
VERTEX
  8
0
 10
448.055574
 20
119.110530
 42
0.030648
  0
VERTEX
  8
0
 10
448.407135
 20
116.602354
 42
0.046819
  0
VERTEX
  8
0
 10
448.891245
 20
115.004042
 42
0.207064
  0
VERTEX
  8
0
 10
449.578073
 20
114.331667
 42
-0.285268
  0
VERTEX
  8
0
 10
450.750007
 20
112.785623
 42
-0.020396
  0
VERTEX
  8
0
 10
451.043031
 20
107.161549
 42
-0.023547
  0
VERTEX
  8
0
 10
450.840902
 20
101.520520
 42
-0.169953
  0
VERTEX
  8
0
 10
449.750000
 20
99.075000
 42
0.026382
  0
VERTEX
  8
0
 10
449.149887
 20
98.367600
 42
0.164145
  0
VERTEX
  8
0
 10
449.000000
 20
97.923333
 42
0.247772
  0
VERTEX
  8
0
 10
449.178067
 20
97.586056
 42
0.062037
  0
VERTEX
  8
0
 10
449.750000
 20
97.291667
 42
-0.261075
  0
VERTEX
  8
0
 10
450.358128
 20
96.582149
 42
-0.024276
  0
VERTEX
  8
0
 10
450.714124
 20
94.215619
 42
-0.019651
  0
VERTEX
  8
0
 10
450.937227
 20
90.590766
 42
-0.005543
  0
VERTEX
  8
0
 10
451.000000
 20
84.928988
 42
0.000000
  0
VERTEX
  8
0
 10
451.000000
 20
73.024642
 42
0.000000
  0
VERTEX
  8
0
 10
414.250000
 20
72.749615
 42
0.000000
  0
VERTEX
  8
0
 10
377.500000
 20
72.474589
 42
0.000000
  0
VERTEX
  8
0
 10
414.227441
 20
72.237294
 42
0.000000
  0
VERTEX
  8
0
 10
450.954883
 20
72.000000
 42
0.000000
  0
VERTEX
  8
0
 10
451.227441
 20
53.750000
 42
0.000000
  0
VERTEX
  8
0
 10
451.500000
 20
35.500000
 42
0.000000
  0
VERTEX
  8
0
 10
490.250000
 20
35.238257
 42
0.000000
  0
VERTEX
  8
0
 10
529.000000
 20
34.976513
 42
0.000000
  0
VERTEX
  8
0
 10
529.000000
 20
49.488257
 42
0.000000
  0
VERTEX
  8
0
 10
529.000000
 20
64.000000
 42
0.000000
  0
VERTEX
  8
0
 10
557.472543
 20
64.000000
 42
0.000000
  0
VERTEX
  8
0
 10
585.945087
 20
64.000000
 42
0.000000
  0
VERTEX
  8
0
 10
586.222543
 20
49.750000
 42
0.000000
  0
VERTEX
  8
0
 10
586.500000
 20
35.500000
 42
0.000000
  0
VERTEX
  8
0
 10
627.000000
 20
35.436898
 42
0.000817
  0
VERTEX
  8
0
 10
642.118735
 20
35.438033
 42
0.001768
  0
VERTEX
  8
0
 10
653.741395
 20
35.498992
 42
0.002408
  0
VERTEX
  8
0
 10
661.159537
 20
35.599872
 42
0.962876
  0
VERTEX
  8
0
 10
661.162197
 20
35.736894
 42
-0.011144
  0
VERTEX
  8
0
 10
658.276750
 20
35.966818
 42
-0.039511
  0
VERTEX
  8
0
 10
656.451558
 20
36.300426
 42
-0.079229
  0
VERTEX
  8
0
 10
655.464033
 20
36.738933
 42
-0.353235
  0
VERTEX
  8
0
 10
655.280795
 20
37.299996
 42
0.134839
  0
VERTEX
  8
0
 10
655.435718
 20
38.919365
 42
0.069267
  0
VERTEX
  8
0
 10
654.807221
 20
40.874699
 42
0.072736
  0
VERTEX
  8
0
 10
653.726521
 20
42.473056
 42
0.210805
  0
VERTEX
  8
0
 10
652.532224
 20
43.000000
 42
0.096887
  0
VERTEX
  8
0
 10
651.947420
 20
42.885606
 42
0.097413
  0
VERTEX
  8
0
 10
651.450091
 20
42.559375
 42
0.098435
  0
VERTEX
  8
0
 10
651.117092
 20
42.072410
 42
0.101232
  0
VERTEX
  8
0
 10
651.000000
 20
41.500000
 42
-0.120150
  0
VERTEX
  8
0
 10
650.733978
 20
40.408937
 42
-0.309409
  0
VERTEX
  8
0
 10
650.054168
 20
40.044273
 42
-0.219845
  0
VERTEX
  8
0
 10
649.243246
 20
40.531001
 42
-0.085659
  0
VERTEX
  8
0
 10
648.689326
 20
41.750000
 42
0.002180
  0
VERTEX
  8
0
 10
648.382583
 20
42.903211
 42
0.354061
  0
VERTEX
  8
0
 10
648.282707
 20
42.975405
 42
0.376975
  0
VERTEX
  8
0
 10
648.197767
 20
42.892099
 42
0.002269
  0
VERTEX
  8
0
 10
648.116001
 20
41.718615
 42
0.160405
  0
VERTEX
  8
0
 10
648.470949
 20
40.346142
 42
0.142460
  0
VERTEX
  8
0
 10
649.586629
 20
39.374295
 42
0.161801
  0
VERTEX
  8
0
 10
650.941281
 20
39.220882
 42
0.205097
  0
VERTEX
  8
0
 10
651.961761
 20
39.938129
 42
-0.264709
  0
VERTEX
  8
0
 10
652.614993
 20
40.294714
 42
-0.282199
  0
VERTEX
  8
0
 10
653.225022
 20
39.905452
 42
-0.114488
  0
VERTEX
  8
0
 10
653.510216
 20
38.657961
 42
-0.083290
  0
VERTEX
  8
0
 10
653.269359
 20
37.250000
 42
-0.281337
  0
VERTEX
  8
0
 10
651.953908
 20
36.171641
 42
-0.040875
  0
VERTEX
  8
0
 10
648.344829
 20
35.967597
 42
-0.040919
  0
VERTEX
  8
0
 10
644.729209
 20
36.356025
 42
-0.259494
  0
VERTEX
  8
0
 10
643.361626
 20
37.500000
 42
0.086209
  0
VERTEX
  8
0
 10
642.715046
 20
38.582584
 42
0.218481
  0
VERTEX
  8
0
 10
641.901472
 20
38.955905
 42
0.283780
  0
VERTEX
  8
0
 10
641.249272
 20
38.553323
 42
0.116715
  0
VERTEX
  8
0
 10
641.000000
 20
37.500000
 42
-0.252117
  0
VERTEX
  8
0
 10
640.600058
 20
36.757247
 42
-0.097363
  0
VERTEX
  8
0
 10
639.482169
 20
36.299297
 42
-0.041189
  0
VERTEX
  8
0
 10
637.357109
 20
36.059519
 42
-0.007507
  0
VERTEX
  8
0
 10
633.393011
 20
36.000000
 42
-0.006181
  0
VERTEX
  8
0
 10
629.258545
 20
36.051113
 42
-0.046397
  0
VERTEX
  8
0
 10
627.315512
 20
36.280380
 42
-0.159573
  0
VERTEX
  8
0
 10
626.497492
 20
36.756006
 42
-0.280548
  0
VERTEX
  8
0
 10
626.361626
 20
37.500000
 42
0.049166
  0
VERTEX
  8
0
 10
626.519532
 20
38.074680
 42
0.089820
  0
VERTEX
  8
0
 10
626.515044
 20
38.559375
 42
0.139550
  0
VERTEX
  8
0
 10
626.355341
 20
38.877126
 42
0.209945
  0
VERTEX
  8
0
 10
626.075604
 20
39.000000
 42
0.142471
  0
VERTEX
  8
0
 10
625.703798
 20
38.891862
 42
0.060245
  0
VERTEX
  8
0
 10
625.297997
 20
38.559375
 42
0.052856
  0
VERTEX
  8
0
 10
624.922397
 20
38.073834
 42
0.046632
  0
VERTEX
  8
0
 10
624.638374
 20
37.500000
 42
-0.258499
  0
VERTEX
  8
0
 10
623.163242
 20
36.261380
 42
-0.048173
  0
VERTEX
  8
0
 10
619.513919
 20
35.908968
 42
-0.050554
  0
VERTEX
  8
0
 10
616.008209
 20
36.264334
 42
-0.356200
  0
VERTEX
  8
0
 10
615.000000
 20
37.500000
 42
0.191152
  0
VERTEX
  8
0
 10
614.589989
 20
38.533284
 42
0.206695
  0
VERTEX
  8
0
 10
613.599509
 20
38.961014
 42
0.165856
  0
VERTEX
  8
0
 10
612.428603
 20
38.561623
 42
0.137596
  0
VERTEX
  8
0
 10
611.638374
 20
37.500000
 42
-0.251884
  0
VERTEX
  8
0
 10
610.253076
 20
36.307160
 42
-0.054400
  0
VERTEX
  8
0
 10
607.000000
 20
35.952176
 42
-0.054400
  0
VERTEX
  8
0
 10
603.746924
 20
36.307160
 42
-0.251884
  0
VERTEX
  8
0
 10
602.361626
 20
37.500000
 42
0.072610
  0
VERTEX
  8
0
 10
602.039833
 20
38.073440
 42
0.063983
  0
VERTEX
  8
0
 10
601.555128
 20
38.559375
 42
0.066863
  0
VERTEX
  8
0
 10
600.987943
 20
38.888162
 42
0.098269
  0
VERTEX
  8
0
 10
600.424396
 20
39.000000
 42
0.110721
  0
VERTEX
  8
0
 10
599.925877
 20
38.888237
 42
0.163185
  0
VERTEX
  8
0
 10
599.604836
 20
38.580277
 42
0.139599
  0
VERTEX
  8
0
 10
599.504754
 20
38.099581
 42
0.073701
  0
VERTEX
  8
0
 10
599.638374
 20
37.500000
 42
-0.250046
  0
VERTEX
  8
0
 10
599.546723
 20
36.762494
 42
-0.180255
  0
VERTEX
  8
0
 10
598.849391
 20
36.284978
 42
-0.053593
  0
VERTEX
  8
0
 10
597.159371
 20
36.052554
 42
-0.007397
  0
VERTEX
  8
0
 10
593.606989
 20
36.000000
 42
0.000000
  0
VERTEX
  8
0
 10
587.000000
 20
36.000000
 42
0.000000
  0
VERTEX
  8
0
 10
587.000000
 20
50.500000
 42
0.000000
  0
VERTEX
  8
0
 10
587.000000
 20
65.000000
 42
0.000000
  0
VERTEX
  8
0
 10
582.500000
 20
65.000000
 42
-0.016668
  0
VERTEX
  8
0
 10
580.326193
 20
65.072487
 42
-0.063857
  0
VERTEX
  8
0
 10
579.000000
 20
65.333333
 42
-0.126480
  0
VERTEX
  8
0
 10
578.272668
 20
65.803001
 42
-0.188641
  0
VERTEX
  8
0
 10
578.000000
 20
66.500000
 42
0.057609
  0
VERTEX
  8
0
 10
577.933678
 20
67.073715
 42
0.076852
  0
VERTEX
  8
0
 10
577.737678
 20
67.559375
 42
0.095748
  0
VERTEX
  8
0
 10
577.447641
 20
67.884842
 42
0.164455
  0
VERTEX
  8
0
 10
577.106989
 20
68.000000
 42
0.138750
  0
VERTEX
  8
0
 10
576.723081
 20
67.891374
 42
0.061199
  0
VERTEX
  8
0
 10
576.307216
 20
67.559375
 42
0.053891
  0
VERTEX
  8
0
 10
575.924763
 20
67.073796
 42
0.048303
  0
VERTEX
  8
0
 10
575.638374
 20
66.500000
 42
-0.254447
  0
VERTEX
  8
0
 10
574.182125
 20
65.258232
 42
-0.058082
  0
VERTEX
  8
0
 10
570.842472
 20
64.951069
 42
-0.057026
  0
VERTEX
  8
0
 10
567.361776
 20
65.435349
 42
-0.165904
  0
VERTEX
  8
0
 10
565.359508
 20
66.750000
 42
0.015959
  0
VERTEX
  8
0
 10
564.487966
 20
67.799743
 42
0.214703
  0
VERTEX
  8
0
 10
564.043105
 20
68.000000
 42
0.242044
  0
VERTEX
  8
0
 10
563.630008
 20
67.787580
 42
0.020230
  0
VERTEX
  8
0
 10
562.949575
 20
66.750000
 42
-0.192247
  0
VERTEX
  8
0
 10
561.221392
 20
65.433620
 42
-0.061333
  0
VERTEX
  8
0
 10
557.963943
 20
64.946029
 42
-0.062657
  0
VERTEX
  8
0
 10
554.789980
 20
65.261544
 42
-0.250064
  0
VERTEX
  8
0
 10
553.361626
 20
66.500000
 42
0.129611
  0
VERTEX
  8
0
 10
552.601198
 20
67.555775
 42
0.173928
  0
VERTEX
  8
0
 10
551.500000
 20
67.950782
 42
0.173928
  0
VERTEX
  8
0
 10
550.398802
 20
67.555775
 42
0.129611
  0
VERTEX
  8
0
 10
549.638374
 20
66.500000
 42
-0.260057
  0
VERTEX
  8
0
 10
548.173246
 20
65.277053
 42
-0.046710
  0
VERTEX
  8
0
 10
544.500000
 20
64.933150
 42
-0.046710
  0
VERTEX
  8
0
 10
540.826754
 20
65.277053
 42
-0.260057
  0
VERTEX
  8
0
 10
539.361626
 20
66.500000
 42
0.089094
  0
VERTEX
  8
0
 10
538.735798
 20
67.534337
 42
0.184840
  0
VERTEX
  8
0
 10
537.912948
 20
67.966281
 42
0.330422
  0
VERTEX
  8
0
 10
537.346075
 20
67.641400
 42
0.153571
  0
VERTEX
  8
0
 10
537.250000
 20
66.750000
 42
-0.277477
  0
VERTEX
  8
0
 10
537.048929
 20
66.188624
 42
-0.088443
  0
VERTEX
  8
0
 10
536.241458
 20
65.737917
 42
-0.049683
  0
VERTEX
  8
0
 10
534.827090
 20
65.401701
 42
-0.017507
  0
VERTEX
  8
0
 10
532.750000
 20
65.195209
 42
0.000000
  0
VERTEX
  8
0
 10
528.000000
 20
64.890418
 42
0.000000
  0
VERTEX
  8
0
 10
528.000000
 20
50.445209
 42
0.000000
  0
VERTEX
  8
0
 10
528.000000
 20
36.000000
 42
0.000000
  0
VERTEX
  8
0
 10
521.393011
 20
36.000000
 42
-0.007397
  0
VERTEX
  8
0
 10
517.840629
 20
36.052554
 42
-0.053593
  0
VERTEX
  8
0
 10
516.150609
 20
36.284978
 42
-0.180255
  0
VERTEX
  8
0
 10
515.453277
 20
36.762494
 42
-0.250046
  0
VERTEX
  8
0
 10
515.361626
 20
37.500000
 42
0.073701
  0
VERTEX
  8
0
 10
515.495246
 20
38.099581
 42
0.139599
  0
VERTEX
  8
0
 10
515.395164
 20
38.580277
 42
0.163185
  0
VERTEX
  8
0
 10
515.074123
 20
38.888237
 42
0.110721
  0
VERTEX
  8
0
 10
514.575604
 20
39.000000
 42
0.098269
  0
VERTEX
  8
0
 10
514.012057
 20
38.888162
 42
0.066863
  0
VERTEX
  8
0
 10
513.444872
 20
38.559375
 42
0.063983
  0
VERTEX
  8
0
 10
512.960167
 20
38.073440
 42
0.072610
  0
VERTEX
  8
0
 10
512.638374
 20
37.500000
 42
-0.257956
  0
VERTEX
  8
0
 10
511.194400
 20
36.285031
 42
-0.048683
  0
VERTEX
  8
0
 10
507.638374
 20
35.937972
 42
-0.048683
  0
VERTEX
  8
0
 10
504.082347
 20
36.285031
 42
-0.257956
  0
VERTEX
  8
0
 10
502.638374
 20
37.500000
 42
0.053965
  0
VERTEX
  8
0
 10
502.343904
 20
38.073678
 42
0.057041
  0
VERTEX
  8
0
 10
501.938103
 20
38.559375
 42
0.063761
  0
VERTEX
  8
0
 10
501.487826
 20
38.890079
 42
0.127210
  0
VERTEX
  8
0
 10
501.062770
 20
39.000000
 42
0.189827
  0
VERTEX
  8
0
 10
500.733137
 20
38.870176
 42
0.145825
  0
VERTEX
  8
0
 10
500.535522
 20
38.533526
 42
0.097868
  0
VERTEX
  8
0
 10
500.511847
 20
38.020144
 42
0.054398
  0
VERTEX
  8
0
 10
500.672141
 20
37.412004
 42
-0.069516
  0
VERTEX
  8
0
 10
500.847875
 20
36.653260
 42
-0.270499
  0
VERTEX
  8
0
 10
500.650702
 20
36.233961
 42
-0.163642
  0
VERTEX
  8
0
 10
500.074702
 20
36.069283
 42
-0.026063
  0
VERTEX
  8
0
 10
498.890756
 20
36.185745
 42
-0.049904
  0
VERTEX
  8
0
 10
497.994229
 20
36.414564
 42
-0.072278
  0
VERTEX
  8
0
 10
497.275722
 20
36.801435
 42
-0.095228
  0
VERTEX
  8
0
 10
496.838049
 20
37.278189
 42
-0.190744
  0
VERTEX
  8
0
 10
496.750000
 20
37.773741
 42
0.163994
  0
VERTEX
  8
0
 10
496.643379
 20
38.629329
 42
0.315081
  0
VERTEX
  8
0
 10
496.068290
 20
38.951958
 42
0.142846
  0
VERTEX
  8
0
 10
495.082582
 20
38.554834
 42
0.052877
  0
VERTEX
  8
0
 10
494.000000
 20
37.500000
 42
-0.166501
  0
VERTEX
  8
0
 10
492.118038
 20
36.351083
 42
-0.054584
  0
VERTEX
  8
0
 10
488.844531
 20
35.992650
 42
-0.055091
  0
VERTEX
  8
0
 10
485.705538
 20
36.339565
 42
-0.251151
  0
VERTEX
  8
0
 10
484.361626
 20
37.500000
 42
0.089515
  0
VERTEX
  8
0
 10
483.737839
 20
38.529022
 42
0.181547
  0
VERTEX
  8
0
 10
482.913682
 20
38.966605
 42
0.330512
  0
VERTEX
  8
0
 10
482.347597
 20
38.650331
 42
0.157276
  0
VERTEX
  8
0
 10
482.250000
 20
37.773741
 42
-0.190744
  0
VERTEX
  8
0
 10
482.161951
 20
37.278189
 42
-0.095228
  0
VERTEX
  8
0
 10
481.724278
 20
36.801435
 42
-0.072278
  0
VERTEX
  8
0
 10
481.005771
 20
36.414564
 42
-0.049904
  0
VERTEX
  8
0
 10
480.109244
 20
36.185745
 42
-0.026063
  0
VERTEX
  8
0
 10
478.925298
 20
36.069283
 42
-0.163642
  0
VERTEX
  8
0
 10
478.349298
 20
36.233961
 42
-0.270499
  0
VERTEX
  8
0
 10
478.152125
 20
36.653260
 42
-0.069516
  0
VERTEX
  8
0
 10
478.327859
 20
37.412004
 42
0.100783
  0
VERTEX
  8
0
 10
478.510816
 20
38.507235
 42
0.392947
  0
VERTEX
  8
0
 10
478.068290
 20
38.950832
 42
0.183886
  0
VERTEX
  8
0
 10
477.140926
 20
38.637404
 42
0.047145
  0
VERTEX
  8
0
 10
476.000000
 20
37.500000
 42
-0.105752
  0
VERTEX
  8
0
 10
475.255620
 20
36.913465
 42
-0.041317
  0
VERTEX
  8
0
 10
474.030923
 20
36.432744
 42
-0.037914
  0
VERTEX
  8
0
 10
472.551778
 20
36.108704
 42
-0.034983
  0
VERTEX
  8
0
 10
471.000000
 20
36.000000
 42
-0.034983
  0
VERTEX
  8
0
 10
469.448222
 20
36.108704
 42
-0.037914
  0
VERTEX
  8
0
 10
467.969077
 20
36.432744
 42
-0.041317
  0
VERTEX
  8
0
 10
466.744380
 20
36.913465
 42
-0.105752
  0
VERTEX
  8
0
 10
466.000000
 20
37.500000
 42
0.047992
  0
VERTEX
  8
0
 10
464.874673
 20
38.618067
 42
0.173266
  0
VERTEX
  8
0
 10
463.937544
 20
38.952864
 42
0.392045
  0
VERTEX
  8
0
 10
463.487092
 20
38.535524
 42
0.111125
  0
VERTEX
  8
0
 10
463.638374
 20
37.500000
 42
-0.235732
  0
VERTEX
  8
0
 10
463.567172
 20
36.765242
 42
-0.189566
  0
VERTEX
  8
0
 10
462.920711
 20
36.287435
 42
-0.057434
  0
VERTEX
  8
0
 10
461.340500
 20
36.053344
 42
-0.008082
  0
VERTEX
  8
0
 10
458.040566
 20
36.000000
 42
-0.005901
  0
VERTEX
  8
0
 10
453.965529
 20
36.048094
 42
-0.104217
  0
VERTEX
  8
0
 10
452.689714
 20
36.348551
 42
-0.264351
  0
VERTEX
  8
0
 10
452.169844
 20
37.084590
 42
-0.053207
  0
VERTEX
  8
0
 10
452.183578
 20
38.750000
 42
-0.042591
  0
VERTEX
  8
0
 10
452.396369
 20
39.801411
 42
-0.068835
  0
VERTEX
  8
0
 10
452.769885
 20
40.632738
 42
-0.095899
  0
VERTEX
  8
0
 10
453.242197
 20
41.138776
 42
-0.209497
  0
VERTEX
  8
0
 10
453.750000
 20
41.250000
 42
0.153571
  0
VERTEX
  8
0
 10
454.641400
 20
41.346075
 42
0.330422
  0
VERTEX
  8
0
 10
454.966281
 20
41.912948
 42
0.184840
  0
VERTEX
  8
0
 10
454.534337
 20
42.735798
 42
0.089094
  0
VERTEX
  8
0
 10
453.500000
 20
43.361626
 42
-0.258488
  0
VERTEX
  8
0
 10
452.226459
 20
44.878282
 42
-0.054100
  0
VERTEX
  8
0
 10
451.922925
 20
48.462326
 42
-0.053658
  0
VERTEX
  8
0
 10
452.404312
 20
52.121119
 42
-0.200752
  0
VERTEX
  8
0
 10
453.750000
 20
53.950310
 42
0.015907
  0
VERTEX
  8
0
 10
454.805869
 20
54.630222
 42
0.246542
  0
VERTEX
  8
0
 10
455.000000
 20
55.000000
 42
0.246542
  0
VERTEX
  8
0
 10
454.805869
 20
55.369778
 42
0.015907
  0
VERTEX
  8
0
 10
453.750000
 20
56.049690
 42
-0.104777
  0
VERTEX
  8
0
 10
452.951984
 20
56.791750
 42
-0.075704
  0
VERTEX
  8
0
 10
452.409051
 20
57.882638
 42
-0.054573
  0
VERTEX
  8
0
 10
452.096855
 20
59.409826
 42
-0.023157
  0
VERTEX
  8
0
 10
452.000000
 20
61.500000
 42
-0.023157
  0
VERTEX
  8
0
 10
452.096855
 20
63.590174
 42
-0.054573
  0
VERTEX
  8
0
 10
452.409051
 20
65.117362
 42
-0.075704
  0
VERTEX
  8
0
 10
452.951984
 20
66.208250
 42
-0.104777
  0
VERTEX
  8
0
 10
453.750000
 20
66.950310
 42
0.015907
  0
VERTEX
  8
0
 10
454.805869
 20
67.630222
 42
0.246542
  0
VERTEX
  8
0
 10
455.000000
 20
68.000000
 42
0.246542
  0
VERTEX
  8
0
 10
454.805869
 20
68.369778
 42
0.015907
  0
VERTEX
  8
0
 10
453.750000
 20
69.049690
 42
-0.104777
  0
VERTEX
  8
0
 10
452.951984
 20
69.791750
 42
-0.075704
  0
VERTEX
  8
0
 10
452.409051
 20
70.882638
 42
-0.054573
  0
VERTEX
  8
0
 10
452.096855
 20
72.409826
 42
-0.023157
  0
VERTEX
  8
0
 10
452.000000
 20
74.500000
 42
-0.022946
  0
VERTEX
  8
0
 10
452.096174
 20
76.594582
 42
-0.055193
  0
VERTEX
  8
0
 10
452.407323
 20
78.113592
 42
-0.077252
  0
VERTEX
  8
0
 10
452.950053
 20
79.191314
 42
-0.106062
  0
VERTEX
  8
0
 10
453.750000
 20
79.919901
 42
0.004477
  0
VERTEX
  8
0
 10
454.885865
 20
80.595174
 42
0.262137
  0
VERTEX
  8
0
 10
455.000000
 20
80.797915
 42
0.400998
  0
VERTEX
  8
0
 10
454.869488
 20
80.934482
 42
0.006989
  0
VERTEX
  8
0
 10
453.750000
 20
80.969591
 42
-0.178776
  0
VERTEX
  8
0
 10
452.856090
 20
81.317530
 42
-0.148068
  0
VERTEX
  8
0
 10
452.317368
 20
82.192685
 42
-0.056383
  0
VERTEX
  8
0
 10
452.059297
 20
83.958203
 42
-0.008125
  0
VERTEX
  8
0
 10
452.000000
 20
87.606989
 42
-0.007397
  0
VERTEX
  8
0
 10
452.052554
 20
91.159371
 42
-0.053593
  0
VERTEX
  8
0
 10
452.284978
 20
92.849391
 42
-0.180255
  0
VERTEX
  8
0
 10
452.762494
 20
93.546723
 42
-0.250046
  0
VERTEX
  8
0
 10
453.500000
 20
93.638374
 42
0.055937
  0
VERTEX
  8
0
 10
454.074366
 20
93.488865
 42
0.100118
  0
VERTEX
  8
0
 10
454.559375
 20
93.516384
 42
0.147206
  0
VERTEX
  8
0
 10
454.877514
 20
93.710807
 42
0.184534
  0
VERTEX
  8
0
 10
455.000000
 20
94.031385
 42
0.113676
  0
VERTEX
  8
0
 10
454.914896
 20
94.400874
 42
0.100294
  0
VERTEX
  8
0
 10
454.674405
 20
94.715469
 42
0.093932
  0
VERTEX
  8
0
 10
454.314841
 20
94.926569
 42
0.086103
  0
VERTEX
  8
0
 10
453.891592
 20
95.000000
 42
-0.215986
  0
VERTEX
  8
0
 10
453.487748
 20
95.182986
 42
-0.130519
  0
VERTEX
  8
0
 10
453.250214
 20
95.661995
 42
-0.077593
  0
VERTEX
  8
0
 10
453.214821
 20
96.432487
 42
-0.034247
  0
VERTEX
  8
0
 10
453.395262
 20
97.438715
 42
0.041915
  0
VERTEX
  8
0
 10
453.555385
 20
98.417698
 42
0.051461
  0
VERTEX
  8
0
 10
453.532715
 20
99.343271
 42
0.060101
  0
VERTEX
  8
0
 10
453.345153
 20
100.085939
 42
0.163891
  0
VERTEX
  8
0
 10
453.003670
 20
100.497732
 42
-0.182363
  0
VERTEX
  8
0
 10
452.186747
 20
101.558051
 42
-0.108544
  0
VERTEX
  8
0
 10
452.058629
 20
103.167060
 42
-0.099258
  0
VERTEX
  8
0
 10
452.627561
 20
104.803182
 42
-0.128415
  0
VERTEX
  8
0
 10
453.750000
 20
105.919901
 42
0.004477
  0
VERTEX
  8
0
 10
454.885865
 20
106.595174
 42
0.262137
  0
VERTEX
  8
0
 10
455.000000
 20
106.797915
 42
0.400998
  0
VERTEX
  8
0
 10
454.869488
 20
106.934482
 42
0.006989
  0
VERTEX
  8
0
 10
453.750000
 20
106.969591
 42
-0.127503
  0
VERTEX
  8
0
 10
452.905431
 20
107.204253
 42
-0.158514
  0
VERTEX
  8
0
 10
452.363643
 20
107.807549
 42
-0.085002
  0
VERTEX
  8
0
 10
452.077267
 20
108.939815
 42
-0.019535
  0
VERTEX
  8
0
 10
452.000000
 20
110.916667
 42
0.028378
  0
VERTEX
  8
0
 10
451.912013
 20
112.465692
 42
0.040493
  0
VERTEX
  8
0
 10
451.646028
 20
113.816495
 42
0.046737
  0
VERTEX
  8
0
 10
451.256058
 20
114.825607
 42
0.199295
  0
VERTEX
  8
0
 10
450.778326
 20
115.240558
 42
-0.239974
  0
VERTEX
  8
0
 10
450.228396
 20
115.798681
 42
-0.027618
  0
VERTEX
  8
0
 10
449.775856
 20
117.558188
 42
-0.025127
  0
VERTEX
  8
0
 10
449.409740
 20
120.043248
 42
-0.011394
  0
VERTEX
  8
0
 10
449.169026
 20
123.323891
 42
0.007804
  0
VERTEX
  8
0
 10
448.974302
 20
126.267154
 42
0.012866
  0
VERTEX
  8
0
 10
448.707060
 20
128.745833
 42
0.006473
  0
VERTEX
  8
0
 10
448.408817
 20
130.772956
 42
0.367327
  0
VERTEX
  8
0
 10
448.140700
 20
131.002349
 42
0.396942
  0
VERTEX
  8
0
 10
447.893328
 20
130.770940
 42
0.006058
  0
VERTEX
  8
0
 10
447.784577
 20
128.635298
 42
0.012418
  0
VERTEX
  8
0
 10
447.748331
 20
126.032788
 42
0.007439
  0
SEQEND
  0
POLYLINE
  8
0
 66
1
 70
1
  0
VERTEX
  8
0
 10
131.984687
 20
128.323324
 42
-0.011771
  0
VERTEX
  8
0
 10
131.952372
 20
127.311883
 42
-0.308804
  0
VERTEX
  8
0
 10
131.795128
 20
127.106962
 42
-0.326991
  0
VERTEX
  8
0
 10
131.556376
 20
127.184706
 42
-0.012550
  0
VERTEX
  8
0
 10
131.000000
 20
128.000000
 42
0.009374
  0
VERTEX
  8
0
 10
130.424902
 20
128.854332
 42
0.281424
  0
VERTEX
  8
0
 10
130.196792
 20
128.953723
 42
0.357856
  0
VERTEX
  8
0
 10
130.046769
 20
128.791302
 42
0.012268
  0
VERTEX
  8
0
 10
130.015313
 20
127.863499
 42
0.139270
  0
VERTEX
  8
0
 10
130.214875
 20
127.135076
 42
0.106543
  0
VERTEX
  8
0
 10
130.784438
 20
126.531541
 42
0.076772
  0
VERTEX
  8
0
 10
131.733472
 20
126.074485
 42
0.037480
  0
VERTEX
  8
0
 10
133.047774
 20
125.779680
 42
0.019340
  0
VERTEX
  8
0
 10
134.742345
 20
125.597574
 42
0.151758
  0
VERTEX
  8
0
 10
135.503911
 20
125.778170
 42
0.244682
  0
VERTEX
  8
0
 10
135.833877
 20
126.308228
 42
0.054930
  0
VERTEX
  8
0
 10
135.797774
 20
127.405965
 42
0.136699
  0
VERTEX
  8
0
 10
135.110944
 20
128.967648
 42
0.163598
  0
VERTEX
  8
0
 10
133.756446
 20
129.817640
 42
0.242364
  0
VERTEX
  8
0
 10
132.536428
 20
129.519775
 42
0.215071
  0
SEQEND
  0
POLYLINE
  8
0
 66
1
 70
1
  0
VERTEX
  8
0
 10
135.000000
 20
128.000000
 42
-0.099038
  0
VERTEX
  8
0
 10
134.923658
 20
127.618362
 42
-0.097945
  0
VERTEX
  8
0
 10
134.706250
 20
127.293750
 42
-0.097945
  0
VERTEX
  8
0
 10
134.381638
 20
127.076342
 42
-0.099038
  0
VERTEX
  8
0
 10
134.000000
 20
127.000000
 42
-0.099038
  0
VERTEX
  8
0
 10
133.618362
 20
127.076342
 42
-0.097945
  0
VERTEX
  8
0
 10
133.293750
 20
127.293750
 42
-0.097945
  0
VERTEX
  8
0
 10
133.076342
 20
127.618362
 42
-0.099038
  0
VERTEX
  8
0
 10
133.000000
 20
128.000000
 42
-0.099038
  0
VERTEX
  8
0
 10
133.076342
 20
128.381638
 42
-0.097945
  0
VERTEX
  8
0
 10
133.293750
 20
128.706250
 42
-0.097945
  0
VERTEX
  8
0
 10
133.618362
 20
128.923658
 42
-0.099038
  0
VERTEX
  8
0
 10
134.000000
 20
129.000000
 42
-0.099038
  0
VERTEX
  8
0
 10
134.381638
 20
128.923658
 42
-0.097945
  0
VERTEX
  8
0
 10
134.706250
 20
128.706250
 42
-0.097945
  0
VERTEX
  8
0
 10
134.923658
 20
128.381638
 42
-0.099038
  0
SEQEND
  0
POLYLINE
  8
0
 66
1
 70
1
  0
VERTEX
  8
0
 10
625.750000
 20
128.310674
 42
0.055724
  0
VERTEX
  8
0
 10
624.204422
 20
127.716629
 42
0.475361
  0
VERTEX
  8
0
 10
624.072968
 20
127.084504
 42
0.224458
  0
VERTEX
  8
0
 10
624.991454
 20
126.644503
 42
0.037738
  0
VERTEX
  8
0
 10
626.989796
 20
126.785195
 42
0.030306
  0
VERTEX
  8
0
 10
628.097413
 20
127.017018
 42
0.057806
  0
VERTEX
  8
0
 10
628.940126
 20
127.355953
 42
0.096050
  0
VERTEX
  8
0
 10
629.405347
 20
127.739443
 42
0.321283
  0
VERTEX
  8
0
 10
629.430779
 20
128.112002
 42
0.084577
  0
VERTEX
  8
0
 10
628.967672
 20
128.637548
 42
0.157738
  0
VERTEX
  8
0
 10
628.443354
 20
128.838996
 42
0.069895
  0
VERTEX
  8
0
 10
627.615045
 20
128.767886
 42
0.007602
  0
SEQEND
  0
POLYLINE
  8
0
 66
1
 70
1
  0
VERTEX
  8
0
 10
393.000000
 20
127.031385
 42
0.176385
  0
VERTEX
  8
0
 10
393.117452
 20
126.708801
 42
0.149075
  0
VERTEX
  8
0
 10
393.423515
 20
126.509818
 42
0.103695
  0
VERTEX
  8
0
 10
393.889811
 20
126.475320
 42
0.058468
  0
VERTEX
  8
0
 10
394.441752
 20
126.616022
 42
-0.213311
  0
VERTEX
  8
0
 10
395.142584
 20
126.578200
 42
-0.175432
  0
VERTEX
  8
0
 10
395.657509
 20
126.024614
 42
-0.067813
  0
VERTEX
  8
0
 10
396.009693
 20
124.734457
 42
-0.013261
  0
VERTEX
  8
0
 10
396.261504
 20
122.334637
 42
0.000000
  0
VERTEX
  8
0
 10
396.639504
 20
117.500000
 42
0.000000
  0
VERTEX
  8
0
 10
396.819752
 20
122.750000
 42
0.009921
  0
VERTEX
  8
0
 10
396.863473
 20
125.769731
 42
0.082259
  0
VERTEX
  8
0
 10
396.633004
 20
127.116281
 42
0.201286
  0
VERTEX
  8
0
 10
396.053112
 20
127.763061
 42
0.111106
  0
VERTEX
  8
0
 10
395.000000
 20
128.000000
 42
0.046464
  0
VERTEX
  8
0
 10
394.234506
 20
127.928710
 42
0.066420
  0
VERTEX
  8
0
 10
393.587500
 20
127.715469
 42
0.086521
  0
VERTEX
  8
0
 10
393.150917
 20
127.401391
 42
0.196096
  0
SEQEND
  0
POLYLINE
  8
0
 66
1
 70
1
  0
VERTEX
  8
0
 10
436.000000
 20
125.916667
 42
0.063469
  0
VERTEX
  8
0
 10
436.201974
 20
124.331938
 42
0.278043
  0
VERTEX
  8
0
 10
436.848599
 20
123.698780
 42
0.228675
  0
VERTEX
  8
0
 10
437.831533
 20
123.915622
 42
0.047436
  0
VERTEX
  8
0
 10
439.148479
 20
125.171198
 42
0.002104
  0
VERTEX
  8
0
 10
439.858272
 20
125.996589
 42
0.003375
  0
VERTEX
  8
0
 10
440.456116
 20
126.707406
 42
0.000698
  0
VERTEX
  8
0
 10
440.975781
 20
127.335589
 42
0.174165
  0
VERTEX
  8
0
 10
441.000000
 20
127.403010
 42
0.401192
  0
VERTEX
  8
0
 10
440.962305
 20
127.442427
 42
0.001471
  0
VERTEX
  8
0
 10
440.265625
 20
127.471509
 42
0.006058
  0
VERTEX
  8
0
 10
439.458614
 20
127.493029
 42
0.003636
  0
VERTEX
  8
0
 10
438.500000
 20
127.500000
 42
0.046486
  0
VERTEX
  8
0
 10
437.427886
 20
127.400107
 42
0.094974
  0
VERTEX
  8
0
 10
436.644737
 20
127.091667
 42
0.126915
  0
VERTEX
  8
0
 10
436.171830
 20
126.587833
 42
0.125977
  0
SEQEND
  0
POLYLINE
  8
0
 66
1
 70
1
  0
VERTEX
  8
0
 10
553.004484
 20
126.366631
 42
0.135444
  0
VERTEX
  8
0
 10
553.132413
 20
125.895783
 42
0.070884
  0
VERTEX
  8
0
 10
553.515380
 20
125.418381
 42
0.062218
  0
VERTEX
  8
0
 10
554.081101
 20
125.006846
 42
0.056224
  0
VERTEX
  8
0
 10
554.750000
 20
124.730085
 42
-0.008968
  0
VERTEX
  8
0
 10
555.546482
 20
124.485525
 42
-0.005119
  0
VERTEX
  8
0
 10
556.500000
 20
124.163086
 42
-0.005111
  0
VERTEX
  8
0
 10
557.453134
 20
123.818892
 42
-0.008443
  0
VERTEX
  8
0
 10
558.250000
 20
123.506465
 42
0.045841
  0
VERTEX
  8
0
 10
558.961934
 20
123.287081
 42
0.106574
  0
VERTEX
  8
0
 10
559.517487
 20
123.289885
 42
0.171529
  0
VERTEX
  8
0
 10
559.864436
 20
123.506027
 42
0.170087
  0
VERTEX
  8
0
 10
560.000000
 20
123.893011
 42
0.139570
  0
VERTEX
  8
0
 10
559.879824
 20
124.315148
 42
0.099996
  0
VERTEX
  8
0
 10
559.542039
 20
124.674822
 42
0.085394
  0
VERTEX
  8
0
 10
559.036843
 20
124.917035
 42
0.069284
  0
VERTEX
  8
0
 10
558.440983
 20
125.000000
 42
-0.067432
  0
VERTEX
  8
0
 10
557.890269
 20
125.074611
 42
-0.140899
  0
VERTEX
  8
0
 10
557.524436
 20
125.298542
 42
-0.190788
  0
VERTEX
  8
0
 10
557.397824
 20
125.630360
 42
-0.136093
  0
VERTEX
  8
0
 10
557.510081
 20
126.016312
 42
-0.090427
  0
VERTEX
  8
0
 10
557.820631
 20
126.360589
 42
-0.095498
  0
VERTEX
  8
0
 10
558.227140
 20
126.565079
 42
-0.099685
  0
VERTEX
  8
0
 10
558.665803
 20
126.598899
 42
-0.108373
  0
VERTEX
  8
0
 10
559.069098
 20
126.457295
 42
0.082817
  0
VERTEX
  8
0
 10
559.424786
 20
126.311787
 42
0.161447
  0
VERTEX
  8
0
 10
559.726548
 20
126.341173
 42
0.182138
  0
VERTEX
  8
0
 10
559.927154
 20
126.538648
 42
0.108659
  0
VERTEX
  8
0
 10
560.000000
 20
126.869894
 42
0.289754
  0
VERTEX
  8
0
 10
559.766619
 20
127.238805
 42
0.053860
  0
VERTEX
  8
0
 10
558.973192
 20
127.515064
 42
0.042989
  0
VERTEX
  8
0
 10
557.844050
 20
127.675930
 42
0.026689
  0
VERTEX
  8
0
 10
556.504484
 20
127.678911
 42
0.030603
  0
VERTEX
  8
0
 10
555.165170
 20
127.527836
 42
0.046334
  0
VERTEX
  8
0
 10
554.034459
 20
127.219628
 42
0.057594
  0
VERTEX
  8
0
 10
553.245366
 20
126.815040
 42
0.249492
  0
SEQEND
  0
POLYLINE
  8
0
 66
1
 70
1
  0
VERTEX
  8
0
 10
590.227096
 20
108.780779
 42
0.000000
  0
VERTEX
  8
0
 10
590.000000
 20
89.061558
 42
0.000000
  0
VERTEX
  8
0
 10
602.156173
 20
88.780779
 42
-0.003577
  0
VERTEX
  8
0
 10
609.295629
 20
88.564761
 42
-0.032958
  0
VERTEX
  8
0
 10
612.374685
 20
88.245579
 42
-0.095559
  0
VERTEX
  8
0
 10
613.917448
 20
87.665363
 42
-0.222465
  0
VERTEX
  8
0
 10
614.581138
 20
86.658369
 42
0.025300
  0
VERTEX
  8
0
 10
614.971095
 20
84.689383
 42
0.309160
  0
VERTEX
  8
0
 10
615.516636
 20
84.206050
 42
0.451602
  0
VERTEX
  8
0
 10
615.946285
 20
84.585200
 42
0.027912
  0
VERTEX
  8
0
 10
615.838127
 20
86.500000
 42
0.000000
  0
VERTEX
  8
0
 10
615.500000
 20
89.500000
 42
0.000000
  0
VERTEX
  8
0
 10
603.271486
 20
89.780606
 42
0.000000
  0
VERTEX
  8
0
 10
591.042971
 20
90.061213
 42
0.000000
  0
VERTEX
  8
0
 10
590.748582
 20
109.280606
 42
0.000000
  0
VERTEX
  8
0
 10
590.454192
 20
128.500000
 42
0.000000
  0
SEQEND
  0
POLYLINE
  8
0
 66
1
 70
1
  0
VERTEX
  8
0
 10
433.564293
 20
124.706872
 42
0.036269
  0
VERTEX
  8
0
 10
433.866277
 20
124.059266
 42
0.070189
  0
VERTEX
  8
0
 10
434.210949
 20
123.604915
 42
0.120343
  0
VERTEX
  8
0
 10
434.538684
 20
123.407510
 42
0.278911
  0
VERTEX
  8
0
 10
434.806872
 20
123.473539
 42
0.207420
  0
VERTEX
  8
0
 10
434.927901
 20
123.779789
 42
0.082976
  0
VERTEX
  8
0
 10
434.837219
 20
124.231185
 42
0.063152
  0
VERTEX
  8
0
 10
434.558688
 20
124.753423
 42
0.043285
  0
VERTEX
  8
0
 10
434.124088
 20
125.266667
 42
0.011214
  0
VERTEX
  8
0
 10
433.463552
 20
125.893514
 42
0.400052
  0
VERTEX
  8
0
 10
433.270328
 20
125.888819
 42
0.286372
  0
VERTEX
  8
0
 10
433.218210
 20
125.663782
 42
0.008399
  0
SEQEND
  0
POLYLINE
  8
0
 66
1
 70
1
  0
VERTEX
  8
0
 10
634.000951
 20
124.498854
 42
-0.017338
  0
VERTEX
  8
0
 10
634.615082
 20
123.704363
 42
-0.164846
  0
VERTEX
  8
0
 10
634.738845
 20
123.299436
 42
-0.339063
  0
VERTEX
  8
0
 10
634.551612
 20
123.069753
 42
-0.058334
  0
VERTEX
  8
0
 10
633.955778
 20
123.000000
 42
0.044719
  0
VERTEX
  8
0
 10
633.500739
 20
122.959220
 42
0.131809
  0
VERTEX
  8
0
 10
633.219039
 20
122.826304
 42
0.259064
  0
VERTEX
  8
0
 10
633.145721
 20
122.632013
 42
0.161189
  0
VERTEX
  8
0
 10
633.257973
 20
122.408694
 42
0.234837
  0
VERTEX
  8
0
 10
634.279727
 20
122.065459
 42
0.062885
  0
VERTEX
  8
0
 10
635.983876
 20
122.523976
 42
0.062946
  0
VERTEX
  8
0
 10
637.518627
 20
123.390864
 42
0.237021
  0
VERTEX
  8
0
 10
638.000000
 20
124.349280
 42
0.193696
  0
VERTEX
  8
0
 10
637.806499
 20
124.830037
 42
0.076570
  0
VERTEX
  8
0
 10
637.229936
 20
125.270756
 42
0.060573
  0
VERTEX
  8
0
 10
636.381871
 20
125.608313
 42
0.043837
  0
VERTEX
  8
0
 10
635.378507
 20
125.780746
 42
0.013321
  0
VERTEX
  8
0
 10
633.926954
 20
125.862022
 42
0.197182
  0
VERTEX
  8
0
 10
633.459318
 20
125.685963
 42
0.360142
  0
VERTEX
  8
0
 10
633.410631
 20
125.313533
 42
0.032850
  0
SEQEND
  0
POLYLINE
  8
0
 66
1
 70
1
  0
VERTEX
  8
0
 10
304.496750
 20
124.259935
 42
-0.031255
  0
VERTEX
  8
0
 10
305.698003
 20
124.005900
 42
-0.033488
  0
VERTEX
  8
0
 10
306.829974
 20
123.608221
 42
-0.035596
  0
VERTEX
  8
0
 10
307.745539
 20
123.136258
 42
-0.114751
  0
VERTEX
  8
0
 10
308.231437
 20
122.659767
 42
0.055173
  0
VERTEX
  8
0
 10
308.552420
 20
122.260314
 42
0.378775
  0
VERTEX
  8
0
 10
308.783980
 20
122.246519
 42
0.201813
  0
VERTEX
  8
0
 10
308.942066
 20
122.530556
 42
0.025217
  0
VERTEX
  8
0
 10
308.984687
 20
123.250000
 42
0.119993
  0
VERTEX
  8
0
 10
308.786503
 20
124.096069
 42
0.176051
  0
VERTEX
  8
0
 10
308.234498
 20
124.613757
 42
0.092176
  0
VERTEX
  8
0
 10
307.170094
 20
124.852858
 42
0.019269
  0
VERTEX
  8
0
 10
305.250000
 20
124.850168
 42
0.001034
  0
VERTEX
  8
0
 10
302.835031
 20
124.748673
 42
0.156401
  0
VERTEX
  8
0
 10
302.578802
 20
124.653874
 42
0.656252
  0
VERTEX
  8
0
 10
302.607132
 20
124.545356
 42
0.001999
  0
SEQEND
  0
POLYLINE
  8
0
 66
1
 70
1
  0
VERTEX
  8
0
 10
392.272364
 20
121.000000
 42
0.008087
  0
VERTEX
  8
0
 10
392.298431
 20
119.388510
 42
0.039503
  0
VERTEX
  8
0
 10
392.399666
 20
118.482813
 42
0.611425
  0
VERTEX
  8
0
 10
392.546986
 20
118.439977
 42
0.142433
  0
VERTEX
  8
0
 10
392.705733
 20
118.750000
 42
0.029693
  0
VERTEX
  8
0
 10
392.840649
 20
119.774707
 42
0.017887
  0
VERTEX
  8
0
 10
392.884498
 20
121.000000
 42
0.017887
  0
VERTEX
  8
0
 10
392.840649
 20
122.225293
 42
0.029693
  0
VERTEX
  8
0
 10
392.705733
 20
123.250000
 42
0.142433
  0
VERTEX
  8
0
 10
392.546986
 20
123.560023
 42
0.611425
  0
VERTEX
  8
0
 10
392.399666
 20
123.517187
 42
0.039503
  0
VERTEX
  8
0
 10
392.298431
 20
122.611490
 42
0.008087
  0
SEQEND
  0
POLYLINE
  8
0
 66
1
 70
1
  0
VERTEX
  8
0
 10
329.369965
 20
114.000000
 42
0.002911
  0
VERTEX
  8
0
 10
329.391883
 20
110.235377
 42
0.014551
  0
VERTEX
  8
0
 10
329.477852
 20
108.126562
 42
0.813012
  0
VERTEX
  8
0
 10
329.603678
 20
108.109382
 42
0.067956
  0
VERTEX
  8
0
 10
329.737242
 20
108.750000
 42
0.010990
  0
VERTEX
  8
0
 10
329.851729
 20
111.140095
 42
0.006471
  0
VERTEX
  8
0
 10
329.888744
 20
114.000000
 42
0.006471
  0
VERTEX
  8
0
 10
329.851729
 20
116.859905
 42
0.010990
  0
VERTEX
  8
0
 10
329.737242
 20
119.250000
 42
0.067956
  0
VERTEX
  8
0
 10
329.603678
 20
119.890618
 42
0.813012
  0
VERTEX
  8
0
 10
329.477852
 20
119.873438
 42
0.014551
  0
VERTEX
  8
0
 10
329.391883
 20
117.764623
 42
0.002911
  0
SEQEND
  0
POLYLINE
  8
0
 66
1
 70
1
  0
VERTEX
  8
0
 10
625.500000
 20
123.000000
 42
0.005675
  0
VERTEX
  8
0
 10
624.347994
 20
122.489401
 42
0.223503
  0
VERTEX
  8
0
 10
624.172505
 20
122.282091
 42
0.467319
  0
VERTEX
  8
0
 10
624.278423
 20
122.131074
 42
0.011173
  0
VERTEX
  8
0
 10
625.250000
 20
122.070285
 42
-0.054897
  0
VERTEX
  8
0
 10
625.919407
 20
121.969234
 42
-0.072474
  0
VERTEX
  8
0
 10
626.485937
 20
121.726896
 42
-0.090029
  0
VERTEX
  8
0
 10
626.866820
 20
121.387084
 42
-0.167220
  0
VERTEX
  8
0
 10
627.000000
 20
121.000000
 42
0.099038
  0
VERTEX
  8
0
 10
627.076342
 20
120.618362
 42
0.097945
  0
VERTEX
  8
0
 10
627.293750
 20
120.293750
 42
0.097945
  0
VERTEX
  8
0
 10
627.618362
 20
120.076342
 42
0.099038
  0
VERTEX
  8
0
 10
628.000000
 20
120.000000
 42
0.191087
  0
VERTEX
  8
0
 10
628.381882
 20
120.151477
 42
0.088204
  0
VERTEX
  8
0
 10
628.706250
 20
120.587500
 42
0.068025
  0
VERTEX
  8
0
 10
628.926307
 20
121.234582
 42
0.048028
  0
VERTEX
  8
0
 10
629.000000
 20
122.000000
 42
0.053239
  0
VERTEX
  8
0
 10
628.861276
 20
123.299162
 42
0.276689
  0
VERTEX
  8
0
 10
628.388610
 20
123.803872
 42
0.155728
  0
VERTEX
  8
0
 10
627.484834
 20
123.776139
 42
0.016553
  0
SEQEND
  0
POLYLINE
  8
0
 66
1
 70
1
  0
VERTEX
  8
0
 10
304.812500
 20
121.316886
 42
0.051402
  0
VERTEX
  8
0
 10
305.359369
 20
121.160852
 42
0.054150
  0
VERTEX
  8
0
 10
305.916927
 20
121.123424
 42
0.060344
  0
VERTEX
  8
0
 10
306.402231
 20
121.202593
 42
0.126455
  0
VERTEX
  8
0
 10
306.729167
 20
121.395833
 42
0.296942
  0
VERTEX
  8
0
 10
306.775380
 20
121.614691
 42
0.208169
  0
VERTEX
  8
0
 10
306.592839
 20
121.799335
 42
0.077125
  0
VERTEX
  8
0
 10
306.112848
 20
121.910055
 42
0.028489
  0
VERTEX
  8
0
 10
305.416667
 20
121.921053
 42
0.018894
  0
VERTEX
  8
0
 10
304.670344
 20
121.862007
 42
0.168741
  0
VERTEX
  8
0
 10
304.378580
 20
121.720685
 42
0.470617
  0
VERTEX
  8
0
 10
304.395823
 20
121.538436
 42
0.054073
  0
SEQEND
  0
POLYLINE
  8
0
 66
1
 70
1
  0
VERTEX
  8
0
 10
435.000000
 20
120.500000
 42
0.064853
  0
VERTEX
  8
0
 10
435.074694
 20
119.926543
 42
0.082425
  0
VERTEX
  8
0
 10
435.293750
 20
119.440625
 42
0.098894
  0
VERTEX
  8
0
 10
435.618646
 20
119.115568
 42
0.148195
  0
VERTEX
  8
0
 10
436.000000
 20
119.000000
 42
0.148195
  0
VERTEX
  8
0
 10
436.381354
 20
119.115568
 42
0.098894
  0
VERTEX
  8
0
 10
436.706250
 20
119.440625
 42
0.082425
  0
VERTEX
  8
0
 10
436.925306
 20
119.926543
 42
0.064853
  0
VERTEX
  8
0
 10
437.000000
 20
120.500000
 42
0.064853
  0
VERTEX
  8
0
 10
436.925306
 20
121.073457
 42
0.082425
  0
VERTEX
  8
0
 10
436.706250
 20
121.559375
 42
0.098894
  0
VERTEX
  8
0
 10
436.381354
 20
121.884432
 42
0.148195
  0
VERTEX
  8
0
 10
436.000000
 20
122.000000
 42
0.148195
  0
VERTEX
  8
0
 10
435.618646
 20
121.884432
 42
0.098894
  0
VERTEX
  8
0
 10
435.293750
 20
121.559375
 42
0.082425
  0
VERTEX
  8
0
 10
435.074694
 20
121.073457
 42
0.064853
  0
SEQEND
  0
POLYLINE
  8
0
 66
1
 70
1
  0
VERTEX
  8
0
 10
634.750000
 20
120.919901
 42
0.126573
  0
VERTEX
  8
0
 10
633.440625
 20
119.626609
 42
0.145660
  0
VERTEX
  8
0
 10
633.006639
 20
117.930420
 42
0.187119
  0
VERTEX
  8
0
 10
633.599922
 20
116.560742
 42
0.200649
  0
VERTEX
  8
0
 10
634.940983
 20
116.000000
 42
0.088011
  0
VERTEX
  8
0
 10
636.501260
 20
116.276787
 42
0.169525
  0
VERTEX
  8
0
 10
637.470848
 20
117.072137
 42
0.195415
  0
VERTEX
  8
0
 10
637.656211
 20
118.206475
 42
0.117724
  0
VERTEX
  8
0
 10
637.044352
 20
119.446559
 42
-0.037961
  0
VERTEX
  8
0
 10
636.556922
 20
120.133905
 42
-0.158315
  0
VERTEX
  8
0
 10
636.444175
 20
120.622182
 42
-0.207985
  0
VERTEX
  8
0
 10
636.650671
 20
121.002685
 42
-0.070587
  0
VERTEX
  8
0
 10
637.208262
 20
121.323807
 42
0.025030
  0
VERTEX
  8
0
 10
637.651982
 20
121.528179
 42
0.154667
  0
VERTEX
  8
0
 10
637.826802
 20
121.704113
 42
0.444984
  0
VERTEX
  8
0
 10
637.778647
 20
121.831265
 42
0.080905
  0
VERTEX
  8
0
 10
637.500000
 20
121.890644
 42
0.073385
  0
VERTEX
  8
0
 10
636.997575
 20
121.841245
 42
0.023712
  0
VERTEX
  8
0
 10
636.279688
 20
121.625510
 42
0.023069
  0
VERTEX
  8
0
 10
635.493404
 20
121.306459
 42
0.023958
  0
SEQEND
  0
POLYLINE
  8
0
 66
1
 70
1
  0
VERTEX
  8
0
 10
47.000000
 20
117.000000
 42
0.105053
  0
VERTEX
  8
0
 10
47.081062
 20
116.618444
 42
0.099167
  0
VERTEX
  8
0
 10
47.311086
 20
116.293750
 42
0.096420
  0
VERTEX
  8
0
 10
47.654762
 20
116.076123
 42
0.093332
  0
VERTEX
  8
0
 10
48.059017
 20
116.000000
 42
0.108972
  0
VERTEX
  8
0
 10
48.413961
 20
116.078288
 42
0.182303
  0
VERTEX
  8
0
 10
48.625400
 20
116.293750
 42
0.161196
  0
VERTEX
  8
0
 10
48.656512
 20
116.617900
 42
0.082592
  0
VERTEX
  8
0
 10
48.500000
 20
117.000000
 42
0.029505
  0
VERTEX
  8
0
 10
48.231006
 20
117.382774
 42
0.035638
  0
VERTEX
  8
0
 10
47.933975
 20
117.706250
 42
0.038439
  0
VERTEX
  8
0
 10
47.651710
 20
117.934461
 42
0.151918
  0
VERTEX
  8
0
 10
47.440983
 20
118.000000
 42
0.210953
  0
VERTEX
  8
0
 10
47.272352
 20
117.925540
 42
0.081139
  0
VERTEX
  8
0
 10
47.129539
 20
117.706250
 42
0.061769
  0
VERTEX
  8
0
 10
47.032345
 20
117.382849
 42
0.042167
  0
SEQEND
  0
POLYLINE
  8
0
 66
1
 70
1
  0
VERTEX
  8
0
 10
62.807231
 20
116.894344
 42
-0.198439
  0
VERTEX
  8
0
 10
62.007522
 20
116.065782
 42
-0.064031
  0
VERTEX
  8
0
 10
60.336278
 20
115.578977
 42
-0.031030
  0
VERTEX
  8
0
 10
57.423815
 20
115.305827
 42
-0.005571
  0
VERTEX
  8
0
 10
51.970717
 20
115.194954
 42
0.004994
  0
VERTEX
  8
0
 10
48.020562
 20
115.119202
 42
0.007672
  0
VERTEX
  8
0
 10
44.603226
 20
114.967012
 42
0.003278
  0
VERTEX
  8
0
 10
41.706203
 20
114.774355
 42
0.180017
  0
VERTEX
  8
0
 10
41.217276
 20
114.550609
 42
0.459068
  0
VERTEX
  8
0
 10
41.233008
 20
114.342193
 42
0.095326
  0
VERTEX
  8
0
 10
41.611741
 20
114.161741
 42
0.044208
  0
VERTEX
  8
0
 10
42.346948
 20
114.038411
 42
0.019463
  0
VERTEX
  8
0
 10
43.333333
 20
114.000000
 42
0.000000
  0
VERTEX
  8
0
 10
46.000000
 20
114.000000
 42
0.000000
  0
VERTEX
  8
0
 10
46.000000
 20
94.500000
 42
0.000000
  0
VERTEX
  8
0
 10
46.000000
 20
75.000000
 42
0.000000
  0
VERTEX
  8
0
 10
80.000000
 20
75.000000
 42
-0.002059
  0
VERTEX
  8
0
 10
94.553024
 20
74.940067
 42
-0.005199
  0
VERTEX
  8
0
 10
105.141260
 20
74.742740
 42
-0.001414
  0
VERTEX
  8
0
 10
113.553766
 20
74.474620
 42
-0.404089
  0
VERTEX
  8
0
 10
114.000000
 20
74.012631
 42
-0.402458
  0
VERTEX
  8
0
 10
113.555174
 20
73.549507
 42
-0.001247
  0
VERTEX
  8
0
 10
104.628364
 20
73.211830
 42
-0.004915
  0
VERTEX
  8
0
 10
93.472635
 20
72.927457
 42
-0.001986
  0
VERTEX
  8
0
 10
78.250000
 20
72.749594
 42
0.000000
  0
VERTEX
  8
0
 10
42.500000
 20
72.473926
 42
0.000000
  0
VERTEX
  8
0
 10
78.227441
 20
72.236963
 42
0.000000
  0
VERTEX
  8
0
 10
113.954883
 20
72.000000
 42
0.000000
  0
VERTEX
  8
0
 10
114.227441
 20
53.750000
 42
0.000000
  0
VERTEX
  8
0
 10
114.500000
 20
35.500000
 42
0.000000
  0
VERTEX
  8
0
 10
153.000000
 20
35.436618
 42
0.000858
  0
VERTEX
  8
0
 10
167.353180
 20
35.437613
 42
0.001886
  0
VERTEX
  8
0
 10
178.328895
 20
35.498596
 42
0.002767
  0
VERTEX
  8
0
 10
185.159680
 20
35.600121
 42
0.961901
  0
VERTEX
  8
0
 10
185.162197
 20
35.736614
 42
-0.008910
  0
VERTEX
  8
0
 10
181.895597
 20
35.982373
 42
-0.052806
  0
VERTEX
  8
0
 10
180.218129
 20
36.319665
 42
-0.153896
  0
VERTEX
  8
0
 10
179.485698
 20
36.830852
 42
-0.261334
  0
VERTEX
  8
0
 10
179.380812
 20
37.549996
 42
0.060214
  0
VERTEX
  8
0
 10
179.520242
 20
38.105011
 42
0.106075
  0
VERTEX
  8
0
 10
179.480032
 20
38.574061
 42
0.150098
  0
VERTEX
  8
0
 10
179.271616
 20
38.882096
 42
0.171136
  0
VERTEX
  8
0
 10
178.937230
 20
39.000000
 42
0.127210
  0
VERTEX
  8
0
 10
178.512174
 20
38.890079
 42
0.063761
  0
VERTEX
  8
0
 10
178.061897
 20
38.559375
 42
0.057041
  0
VERTEX
  8
0
 10
177.656096
 20
38.073678
 42
0.053965
  0
VERTEX
  8
0
 10
177.361626
 20
37.500000
 42
-0.257187
  0
VERTEX
  8
0
 10
175.957390
 20
36.315003
 42
-0.049406
  0
VERTEX
  8
0
 10
172.521116
 20
35.974627
 42
-0.049671
  0
VERTEX
  8
0
 10
168.960774
 20
36.329191
 42
-0.171542
  0
VERTEX
  8
0
 10
167.000000
 20
37.500000
 42
0.047992
  0
VERTEX
  8
0
 10
165.874673
 20
38.618067
 42
0.173266
  0
VERTEX
  8
0
 10
164.937544
 20
38.952864
 42
0.392045
  0
VERTEX
  8
0
 10
164.487092
 20
38.535524
 42
0.111125
  0
VERTEX
  8
0
 10
164.638374
 20
37.500000
 42
-0.089917
  0
VERTEX
  8
0
 10
164.765522
 20
36.828212
 42
-0.203610
  0
VERTEX
  8
0
 10
164.570724
 20
36.359682
 42
-0.150258
  0
VERTEX
  8
0
 10
164.035126
 20
36.083046
 42
-0.044649
  0
VERTEX
  8
0
 10
163.106989
 20
36.000000
 42
-0.065399
  0
VERTEX
  8
0
 10
162.279419
 20
36.108710
 42
-0.089602
  0
VERTEX
  8
0
 10
161.601165
 20
36.427979
 42
-0.106556
  0
VERTEX
  8
0
 10
161.158530
 20
36.912935
 42
-0.132643
  0
VERTEX
  8
0
 10
161.000000
 20
37.500000
 42
0.057609
  0
VERTEX
  8
0
 10
160.933678
 20
38.073715
 42
0.076852
  0
VERTEX
  8
0
 10
160.737678
 20
38.559375
 42
0.095748
  0
VERTEX
  8
0
 10
160.447641
 20
38.884842
 42
0.164455
  0
VERTEX
  8
0
 10
160.106989
 20
39.000000
 42
0.138750
  0
VERTEX
  8
0
 10
159.723081
 20
38.891374
 42
0.061199
  0
VERTEX
  8
0
 10
159.307216
 20
38.559375
 42
0.053891
  0
VERTEX
  8
0
 10
158.924763
 20
38.073796
 42
0.048303
  0
VERTEX
  8
0
 10
158.638374
 20
37.500000
 42
-0.147326
  0
VERTEX
  8
0
 10
158.138433
 20
36.854443
 42
-0.074263
  0
VERTEX
  8
0
 10
157.212219
 20
36.382747
 42
-0.054021
  0
VERTEX
  8
0
 10
155.881955
 20
36.092464
 42
-0.026734
  0
VERTEX
  8
0
 10
154.153830
 20
36.000000
 42
-0.032623
  0
VERTEX
  8
0
 10
152.520213
 20
36.106701
 42
-0.038212
  0
VERTEX
  8
0
 10
151.000684
 20
36.425552
 42
-0.042426
  0
VERTEX
  8
0
 10
149.758870
 20
36.904384
 42
-0.106714
  0
VERTEX
  8
0
 10
149.000000
 20
37.500000
 42
0.030499
  0
VERTEX
  8
0
 10
148.461215
 20
38.074068
 42
0.033474
  0
VERTEX
  8
0
 10
147.872234
 20
38.559375
 42
0.035603
  0
VERTEX
  8
0
 10
147.318264
 20
38.899850
 42
0.120558
  0
VERTEX
  8
0
 10
146.908940
 20
39.000000
 42
0.214030
  0
VERTEX
  8
0
 10
146.635061
 20
38.877135
 42
0.138104
  0
VERTEX
  8
0
 10
146.480416
 20
38.559375
 42
0.088276
  0
VERTEX
  8
0
 10
146.479271
 20
38.074722
 42
0.048206
  0
VERTEX
  8
0
 10
146.638374
 20
37.500000
 42
-0.109124
  0
VERTEX
  8
0
 10
146.743005
 20
36.803077
 42
-0.226435
  0
VERTEX
  8
0
 10
146.478972
 20
36.335151
 42
-0.125679
  0
VERTEX
  8
0
 10
145.782419
 20
36.071644
 42
-0.027911
  0
VERTEX
  8
0
 10
144.500000
 20
36.000000
 42
-0.027911
  0
VERTEX
  8
0
 10
143.217581
 20
36.071644
 42
-0.125679
  0
VERTEX
  8
0
 10
142.521028
 20
36.335151
 42
-0.226435
  0
VERTEX
  8
0
 10
142.256995
 20
36.803077
 42
-0.109124
  0
VERTEX
  8
0
 10
142.361626
 20
37.500000
 42
0.111125
  0
VERTEX
  8
0
 10
142.512908
 20
38.535524
 42
0.392045
  0
VERTEX
  8
0
 10
142.062456
 20
38.952864
 42
0.173266
  0
VERTEX
  8
0
 10
141.125327
 20
38.618067
 42
0.047992
  0
VERTEX
  8
0
 10
140.000000
 20
37.500000
 42
-0.166501
  0
VERTEX
  8
0
 10
138.118038
 20
36.351083
 42
-0.054584
  0
VERTEX
  8
0
 10
134.844531
 20
35.992650
 42
-0.055091
  0
VERTEX
  8
0
 10
131.705538
 20
36.339565
 42
-0.251151
  0
VERTEX
  8
0
 10
130.361626
 20
37.500000
 42
0.072610
  0
VERTEX
  8
0
 10
130.039833
 20
38.073440
 42
0.063983
  0
VERTEX
  8
0
 10
129.555128
 20
38.559375
 42
0.066863
  0
VERTEX
  8
0
 10
128.987943
 20
38.888162
 42
0.098269
  0
VERTEX
  8
0
 10
128.424396
 20
39.000000
 42
0.110721
  0
VERTEX
  8
0
 10
127.925877
 20
38.888237
 42
0.163185
  0
VERTEX
  8
0
 10
127.604836
 20
38.580277
 42
0.139599
  0
VERTEX
  8
0
 10
127.504754
 20
38.099581
 42
0.073701
  0
VERTEX
  8
0
 10
127.638374
 20
37.500000
 42
-0.252182
  0
VERTEX
  8
0
 10
127.543658
 20
36.762070
 42
-0.178840
  0
VERTEX
  8
0
 10
126.838454
 20
36.284630
 42
-0.053049
  0
VERTEX
  8
0
 10
125.131619
 20
36.052443
 42
-0.007302
  0
VERTEX
  8
0
 10
121.540566
 20
36.000000
 42
0.000000
  0
VERTEX
  8
0
 10
114.867155
 20
36.000000
 42
0.000000
  0
VERTEX
  8
0
 10
115.183578
 20
38.750000
 42
-0.042591
  0
VERTEX
  8
0
 10
115.396369
 20
39.801411
 42
-0.068835
  0
VERTEX
  8
0
 10
115.769885
 20
40.632738
 42
-0.095899
  0
VERTEX
  8
0
 10
116.242197
 20
41.138776
 42
-0.209497
  0
VERTEX
  8
0
 10
116.750000
 20
41.250000
 42
0.153571
  0
VERTEX
  8
0
 10
117.641400
 20
41.346075
 42
0.330422
  0
VERTEX
  8
0
 10
117.966281
 20
41.912948
 42
0.184840
  0
VERTEX
  8
0
 10
117.534337
 20
42.735798
 42
0.089094
  0
VERTEX
  8
0
 10
116.500000
 20
43.361626
 42
-0.258488
  0
VERTEX
  8
0
 10
115.226459
 20
44.878282
 42
-0.054100
  0
VERTEX
  8
0
 10
114.922925
 20
48.462326
 42
-0.053658
  0
VERTEX
  8
0
 10
115.404312
 20
52.121119
 42
-0.200752
  0
VERTEX
  8
0
 10
116.750000
 20
53.950310
 42
0.015907
  0
VERTEX
  8
0
 10
117.805869
 20
54.630222
 42
0.246542
  0
VERTEX
  8
0
 10
118.000000
 20
55.000000
 42
0.246542
  0
VERTEX
  8
0
 10
117.805869
 20
55.369778
 42
0.015907
  0
VERTEX
  8
0
 10
116.750000
 20
56.049690
 42
-0.200752
  0
VERTEX
  8
0
 10
115.404312
 20
57.878881
 42
-0.053658
  0
VERTEX
  8
0
 10
114.922925
 20
61.537674
 42
-0.054100
  0
VERTEX
  8
0
 10
115.226459
 20
65.121718
 42
-0.258488
  0
VERTEX
  8
0
 10
116.500000
 20
66.638374
 42
0.046632
  0
VERTEX
  8
0
 10
117.073834
 20
66.922397
 42
0.052856
  0
VERTEX
  8
0
 10
117.559375
 20
67.297997
 42
0.060245
  0
VERTEX
  8
0
 10
117.891862
 20
67.703798
 42
0.142471
  0
VERTEX
  8
0
 10
118.000000
 20
68.075604
 42
0.209945
  0
VERTEX
  8
0
 10
117.877126
 20
68.355341
 42
0.139550
  0
VERTEX
  8
0
 10
117.559375
 20
68.515044
 42
0.089820
  0
VERTEX
  8
0
 10
117.074680
 20
68.519532
 42
0.049166
  0
VERTEX
  8
0
 10
116.500000
 20
68.361626
 42
-0.467611
  0
VERTEX
  8
0
 10
115.659054
 20
68.830249
 42
-0.030649
  0
VERTEX
  8
0
 10
115.259789
 20
71.974277
 42
-0.014579
  0
VERTEX
  8
0
 10
115.045182
 20
77.952949
 42
-0.001681
  0
VERTEX
  8
0
 10
115.000000
 20
91.393011
 42
0.000000
  0
VERTEX
  8
0
 10
115.000000
 20
115.000000
 42
0.000000
  0
VERTEX
  8
0
 10
106.968615
 20
115.000000
 42
-0.008213
  0
VERTEX
  8
0
 10
102.918030
 20
115.066539
 42
-0.034786
  0
VERTEX
  8
0
 10
100.506242
 20
115.314362
 42
-0.063604
  0
VERTEX
  8
0
 10
99.053613
 20
115.762083
 42
-0.197088
  0
VERTEX
  8
0
 10
98.363830
 20
116.494256
 42
0.262062
  0
VERTEX
  8
0
 10
97.491096
 20
117.217189
 42
0.382599
  0
VERTEX
  8
0
 10
96.690808
 20
116.724725
 42
0.057552
  0
VERTEX
  8
0
 10
96.149091
 20
113.631115
 42
0.014594
  0
VERTEX
  8
0
 10
96.000000
 20
108.524316
 42
-0.009052
  0
VERTEX
  8
0
 10
95.930883
 20
104.706960
 42
-0.025986
  0
VERTEX
  8
0
 10
95.697522
 20
102.067021
 42
-0.033859
  0
VERTEX
  8
0
 10
95.325727
 20
100.303815
 42
-0.231971
  0
VERTEX
  8
0
 10
94.750000
 20
99.662281
 42
0.134342
  0
VERTEX
  8
0
 10
94.492009
 20
99.465905
 42
0.451325
  0
VERTEX
  8
0
 10
94.528125
 20
99.282867
 42
0.102704
  0
VERTEX
  8
0
 10
94.953487
 20
99.140307
 42
0.020908
  0
VERTEX
  8
0
 10
95.750000
 20
99.078947
 42
0.114725
  0
VERTEX
  8
0
 10
97.008358
 20
99.325365
 42
0.216957
  0
VERTEX
  8
0
 10
97.677632
 20
100.085873
 42
0.068461
  0
VERTEX
  8
0
 10
97.950775
 20
101.803837
 42
0.005241
  0
VERTEX
  8
0
 10
98.000000
 20
106.500000
 42
0.000000
  0
VERTEX
  8
0
 10
98.000000
 20
114.000000
 42
0.000000
  0
VERTEX
  8
0
 10
106.000000
 20
114.000000
 42
0.000000
  0
VERTEX
  8
0
 10
114.000000
 20
114.000000
 42
0.000000
  0
VERTEX
  8
0
 10
114.000000
 20
95.000000
 42
0.000000
  0
VERTEX
  8
0
 10
114.000000
 20
76.000000
 42
0.000000
  0
VERTEX
  8
0
 10
80.500000
 20
76.000000
 42
0.000000
  0
VERTEX
  8
0
 10
47.000000
 20
76.000000
 42
0.000000
  0
VERTEX
  8
0
 10
47.000000
 20
95.000000
 42
0.000000
  0
VERTEX
  8
0
 10
47.000000
 20
114.000000
 42
0.000000
  0
VERTEX
  8
0
 10
57.000000
 20
114.000000
 42
0.000000
  0
VERTEX
  8
0
 10
67.000000
 20
114.000000
 42
0.000000
  0
VERTEX
  8
0
 10
67.000000
 20
106.500000
 42
0.000000
  0
VERTEX
  8
0
 10
67.000000
 20
99.000000
 42
0.000000
  0
VERTEX
  8
0
 10
69.750000
 20
99.136182
 42
0.002047
  0
VERTEX
  8
0
 10
71.401331
 20
99.224735
 42
0.200802
  0
VERTEX
  8
0
 10
71.607621
 20
99.325405
 42
0.574721
  0
VERTEX
  8
0
 10
71.568679
 20
99.441828
 42
0.003620
  0
VERTEX
  8
0
 10
70.250000
 20
99.705733
 42
-0.128951
  0
VERTEX
  8
0
 10
68.992810
 20
100.308016
 42
-0.157851
  0
VERTEX
  8
0
 10
68.310167
 20
101.410452
 42
-0.052678
  0
VERTEX
  8
0
 10
68.007788
 20
103.619282
 42
-0.004539
  0
VERTEX
  8
0
 10
67.883999
 20
109.319551
 42
0.004878
  0
VERTEX
  8
0
 10
67.807675
 20
112.727618
 42
0.011215
  0
VERTEX
  8
0
 10
67.667734
 20
115.289181
 42
0.020960
  0
VERTEX
  8
0
 10
67.494231
 20
116.741295
 42
0.810793
  0
VERTEX
  8
0
 10
67.310674
 20
116.750000
 42
-0.068007
  0
VERTEX
  8
0
 10
67.034596
 20
116.081061
 42
-0.068913
  0
VERTEX
  8
0
 10
66.590143
 20
115.514062
 42
-0.075394
  0
VERTEX
  8
0
 10
66.051523
 20
115.131277
 42
-0.117373
  0
VERTEX
  8
0
 10
65.500000
 20
115.000000
 42
-0.119742
  0
VERTEX
  8
0
 10
64.956402
 20
115.132077
 42
-0.080515
  0
VERTEX
  8
0
 10
64.440540
 20
115.514062
 42
-0.073244
  0
VERTEX
  8
0
 10
64.030092
 20
116.081155
 42
-0.070443
  0
VERTEX
  8
0
 10
63.793780
 20
116.750000
 42
0.008990
  0
VERTEX
  8
0
 10
63.568010
 20
117.774274
 42
0.306759
  0
VERTEX
  8
0
 10
63.393528
 20
117.933777
 42
0.337035
  0
VERTEX
  8
0
 10
63.195968
 20
117.824595
 42
0.009969
  0
SEQEND
  0
POLYLINE
  8
0
 66
1
 70
1
  0
VERTEX
  8
0
 10
167.000000
 20
116.717470
 42
-0.351335
  0
VERTEX
  8
0
 10
166.215026
 20
115.738234
 42
-0.035010
  0
VERTEX
  8
0
 10
163.030044
 20
115.258985
 42
-0.015437
  0
VERTEX
  8
0
 10
156.938168
 20
114.963368
 42
-0.001518
  0
VERTEX
  8
0
 10
142.250000
 20
114.749182
 42
0.000000
  0
VERTEX
  8
0
 10
117.500000
 20
114.463425
 42
0.000000
  0
VERTEX
  8
0
 10
142.750000
 20
114.231712
 42
0.000000
  0
VERTEX
  8
0
 10
168.000000
 20
114.000000
 42
0.000000
  0
VERTEX
  8
0
 10
168.000000
 20
105.000000
 42
0.007815
  0
VERTEX
  8
0
 10
168.053942
 20
101.549018
 42
0.012966
  0
VERTEX
  8
0
 10
168.220313
 20
98.643110
 42
0.006572
  0
VERTEX
  8
0
 10
168.449689
 20
96.267738
 42
0.381687
  0
VERTEX
  8
0
 10
168.750000
 20
95.997821
 42
0.422652
  0
VERTEX
  8
0
 10
169.471608
 20
96.736156
 42
0.003033
  0
VERTEX
  8
0
 10
169.166688
 20
106.296165
 42
0.004309
  0
VERTEX
  8
0
 10
168.730682
 20
115.652156
 42
0.182618
  0
VERTEX
  8
0
 10
167.935478
 20
117.450000
 42
0.083391
  0
VERTEX
  8
0
 10
167.544724
 20
117.732936
 42
0.288808
  0
VERTEX
  8
0
 10
167.247842
 20
117.702547
 42
0.187492
  0
VERTEX
  8
0
 10
167.054575
 20
117.377029
 42
0.041301
  0
SEQEND
  0
POLYLINE
  8
0
 66
1
 70
1
  0
VERTEX
  8
0
 10
186.179647
 20
116.716462
 42
0.074688
  0
VERTEX
  8
0
 10
185.793644
 20
116.077774
 42
0.086332
  0
VERTEX
  8
0
 10
185.637048
 20
115.384947
 42
0.084779
  0
VERTEX
  8
0
 10
185.722627
 20
114.669819
 42
0.069032
  0
VERTEX
  8
0
 10
186.041890
 20
113.966462
 42
0.018602
  0
VERTEX
  8
0
 10
186.404636
 20
113.437542
 42
0.043171
  0
VERTEX
  8
0
 10
186.723253
 20
113.077648
 42
0.097591
  0
VERTEX
  8
0
 10
186.945792
 20
112.936477
 42
0.472055
  0
VERTEX
  8
0
 10
187.058997
 20
113.000000
 42
-0.001275
  0
VERTEX
  8
0
 10
187.115371
 20
113.309956
 42
-0.000143
  0
VERTEX
  8
0
 10
187.245497
 20
114.014063
 42
-0.000174
  0
VERTEX
  8
0
 10
187.400875
 20
114.851844
 42
-0.000141
  0
VERTEX
  8
0
 10
187.568036
 20
115.750000
 42
0.014544
  0
VERTEX
  8
0
 10
187.829601
 20
117.421714
 42
0.279131
  0
VERTEX
  8
0
 10
187.624463
 20
117.883199
 42
0.367577
  0
VERTEX
  8
0
 10
187.188756
 20
117.841072
 42
0.019300
  0
SEQEND
  0
POLYLINE
  8
0
 66
1
 70
1
  0
VERTEX
  8
0
 10
255.298676
 20
116.664045
 42
-0.062674
  0
VERTEX
  8
0
 10
255.483444
 20
115.912998
 42
-0.169287
  0
VERTEX
  8
0
 10
255.365597
 20
115.384399
 42
-0.175851
  0
VERTEX
  8
0
 10
254.949549
 20
115.056200
 42
-0.068571
  0
VERTEX
  8
0
 10
254.218615
 20
114.921053
 42
0.020409
  0
VERTEX
  8
0
 10
253.552987
 20
114.863186
 42
0.194003
  0
VERTEX
  8
0
 10
253.308580
 20
114.726226
 42
0.445326
  0
VERTEX
  8
0
 10
253.336983
 20
114.551497
 42
0.047085
  0
VERTEX
  8
0
 10
253.750000
 20
114.337719
 42
-0.236055
  0
VERTEX
  8
0
 10
254.331667
 20
113.679382
 42
-0.032039
  0
VERTEX
  8
0
 10
254.700812
 20
111.819848
 42
-0.024717
  0
VERTEX
  8
0
 10
254.932126
 20
109.021966
 42
-0.008266
  0
VERTEX
  8
0
 10
255.000000
 20
104.916667
 42
0.009270
  0
VERTEX
  8
0
 10
255.066807
 20
101.313747
 42
0.018653
  0
VERTEX
  8
0
 10
255.278037
 20
98.479167
 42
0.014681
  0
VERTEX
  8
0
 10
255.579768
 20
96.354097
 42
0.365140
  0
VERTEX
  8
0
 10
256.000000
 20
96.000000
 42
0.410098
  0
VERTEX
  8
0
 10
256.995709
 20
96.981795
 42
0.005485
  0
VERTEX
  8
0
 10
257.025122
 20
106.458641
 42
0.006277
  0
VERTEX
  8
0
 10
256.832840
 20
115.874159
 42
0.251152
  0
VERTEX
  8
0
 10
255.830061
 20
117.605028
 42
0.059284
  0
VERTEX
  8
0
 10
255.347692
 20
117.829264
 42
0.357523
  0
VERTEX
  8
0
 10
255.108364
 20
117.736436
 42
0.196415
  0
VERTEX
  8
0
 10
255.063986
 20
117.386586
 42
0.026179
  0
SEQEND
  0
POLYLINE
  8
0
 66
1
 70
1
  0
VERTEX
  8
0
 10
624.000000
 20
117.100936
 42
0.170431
  0
VERTEX
  8
0
 10
624.121936
 20
116.753600
 42
0.150224
  0
VERTEX
  8
0
 10
624.440625
 20
116.536815
 42
0.106399
  0
VERTEX
  8
0
 10
624.925861
 20
116.494433
 42
0.060455
  0
VERTEX
  8
0
 10
625.500000
 20
116.638374
 42
-0.077710
  0
VERTEX
  8
0
 10
626.131663
 20
116.773866
 42
-0.166138
  0
VERTEX
  8
0
 10
626.606191
 20
116.640962
 42
-0.166102
  0
VERTEX
  8
0
 10
626.900225
 20
116.245425
 42
-0.077669
  0
VERTEX
  8
0
 10
627.000000
 20
115.606989
 42
0.064979
  0
VERTEX
  8
0
 10
627.080179
 20
114.992635
 42
0.082514
  0
VERTEX
  8
0
 10
627.315289
 20
114.472053
 42
0.098934
  0
VERTEX
  8
0
 10
627.664009
 20
114.123814
 42
0.147936
  0
VERTEX
  8
0
 10
628.073324
 20
114.000000
 42
0.175759
  0
VERTEX
  8
0
 10
628.455309
 20
114.138555
 42
0.119291
  0
VERTEX
  8
0
 10
628.733382
 20
114.514062
 42
0.089103
  0
VERTEX
  8
0
 10
628.861352
 20
115.080440
 42
0.058269
  0
VERTEX
  8
0
 10
628.813108
 20
115.750000
 42
0.195868
  0
VERTEX
  8
0
 10
628.034257
 20
116.951391
 42
0.083983
  0
VERTEX
  8
0
 10
626.273644
 20
117.782861
 42
0.111727
  0
VERTEX
  8
0
 10
624.644171
 20
117.866210
 42
0.364851
  0
SEQEND
  0
POLYLINE
  8
0
 66
1
 70
1
  0
VERTEX
  8
0
 10
492.002280
 20
114.250000
 42
0.057348
  0
VERTEX
  8
0
 10
492.126289
 20
113.162666
 42
0.147962
  0
VERTEX
  8
0
 10
492.516128
 20
112.484821
 42
0.140228
  0
VERTEX
  8
0
 10
493.232376
 20
112.115166
 42
0.049492
  0
VERTEX
  8
0
 10
494.393011
 20
112.000000
 42
0.099185
  0
VERTEX
  8
0
 10
495.829250
 20
112.287739
 42
0.108884
  0
VERTEX
  8
0
 10
496.989814
 20
113.102965
 42
0.103603
  0
VERTEX
  8
0
 10
497.739692
 20
114.368109
 42
0.082330
  0
VERTEX
  8
0
 10
498.000000
 20
115.938268
 42
0.299199
  0
VERTEX
  8
0
 10
497.807670
 20
116.230905
 42
0.047182
  0
VERTEX
  8
0
 10
497.119420
 20
116.454117
 42
0.039341
  0
VERTEX
  8
0
 10
496.151159
 20
116.591238
 42
0.024391
  0
VERTEX
  8
0
 10
495.002280
 20
116.606481
 42
0.031756
  0
VERTEX
  8
0
 10
493.461567
 20
116.453455
 42
0.126505
  0
VERTEX
  8
0
 10
492.599294
 20
116.074412
 42
0.163665
  0
VERTEX
  8
0
 10
492.149434
 20
115.388542
 42
0.063847
  0
SEQEND
  0
POLYLINE
  8
0
 66
1
 70
1
  0
VERTEX
  8
0
 10
496.000000
 20
114.000000
 42
-0.148195
  0
VERTEX
  8
0
 10
495.884432
 20
113.618646
 42
-0.098894
  0
VERTEX
  8
0
 10
495.559375
 20
113.293750
 42
-0.082425
  0
VERTEX
  8
0
 10
495.073457
 20
113.074694
 42
-0.064853
  0
VERTEX
  8
0
 10
494.500000
 20
113.000000
 42
-0.064853
  0
VERTEX
  8
0
 10
493.926543
 20
113.074694
 42
-0.082425
  0
VERTEX
  8
0
 10
493.440625
 20
113.293750
 42
-0.098894
  0
VERTEX
  8
0
 10
493.115568
 20
113.618646
 42
-0.148195
  0
VERTEX
  8
0
 10
493.000000
 20
114.000000
 42
-0.148195
  0
VERTEX
  8
0
 10
493.115568
 20
114.381354
 42
-0.098894
  0
VERTEX
  8
0
 10
493.440625
 20
114.706250
 42
-0.082425
  0
VERTEX
  8
0
 10
493.926543
 20
114.925306
 42
-0.064853
  0
VERTEX
  8
0
 10
494.500000
 20
115.000000
 42
-0.064853
  0
VERTEX
  8
0
 10
495.073457
 20
114.925306
 42
-0.082425
  0
VERTEX
  8
0
 10
495.559375
 20
114.706250
 42
-0.098894
  0
VERTEX
  8
0
 10
495.884432
 20
114.381354
 42
-0.148195
  0
SEQEND
  0
POLYLINE
  8
0
 66
1
 70
1
  0
VERTEX
  8
0
 10
555.000000
 20
115.750000
 42
0.157354
  0
VERTEX
  8
0
 10
555.092309
 20
115.463948
 42
0.097280
  0
VERTEX
  8
0
 10
555.352500
 20
115.220313
 42
0.079275
  0
VERTEX
  8
0
 10
555.741115
 20
115.055835
 42
0.060614
  0
VERTEX
  8
0
 10
556.200000
 20
115.000000
 42
-0.051663
  0
VERTEX
  8
0
 10
556.742599
 20
114.943785
 42
-0.354955
  0
VERTEX
  8
0
 10
556.900000
 20
114.750000
 42
-0.180052
  0
VERTEX
  8
0
 10
556.777696
 20
114.421376
 42
-0.018208
  0
VERTEX
  8
0
 10
556.200000
 20
113.800000
 42
0.140330
  0
VERTEX
  8
0
 10
555.380284
 20
112.322633
 42
0.043884
  0
VERTEX
  8
0
 10
555.023323
 20
109.789744
 42
0.060159
  0
VERTEX
  8
0
 10
555.163603
 20
107.726189
 42
0.525809
  0
VERTEX
  8
0
 10
555.865891
 20
107.417116
 42
0.169767
  0
VERTEX
  8
0
 10
556.167171
 20
107.789003
 42
0.051916
  0
VERTEX
  8
0
 10
556.342283
 20
108.502019
 42
0.045293
  0
VERTEX
  8
0
 10
556.384053
 20
109.398402
 42
0.036247
  0
VERTEX
  8
0
 10
556.271721
 20
110.358916
 42
-0.086850
  0
VERTEX
  8
0
 10
556.243277
 20
112.179990
 42
-0.187353
  0
VERTEX
  8
0
 10
556.938554
 20
113.371934
 42
-0.226021
  0
VERTEX
  8
0
 10
558.139506
 20
113.650283
 42
-0.119541
  0
VERTEX
  8
0
 10
559.543805
 20
112.963645
 42
0.024290
  0
VERTEX
  8
0
 10
560.226392
 20
112.451010
 42
0.134943
  0
VERTEX
  8
0
 10
560.656490
 20
112.304979
 42
0.307117
  0
VERTEX
  8
0
 10
560.905570
 20
112.453236
 42
0.109928
  0
VERTEX
  8
0
 10
561.000000
 20
112.877555
 42
0.099038
  0
VERTEX
  8
0
 10
560.914310
 20
113.305923
 42
0.097945
  0
VERTEX
  8
0
 10
560.670282
 20
113.670282
 42
0.097945
  0
VERTEX
  8
0
 10
560.305923
 20
113.914310
 42
0.099038
  0
VERTEX
  8
0
 10
559.877555
 20
114.000000
 42
-0.086177
  0
VERTEX
  8
0
 10
559.435728
 20
114.076720
 42
-0.298144
  0
VERTEX
  8
0
 10
559.268897
 20
114.297350
 42
-0.162156
  0
VERTEX
  8
0
 10
559.365111
 20
114.668592
 42
-0.029414
  0
VERTEX
  8
0
 10
559.792518
 20
115.250000
 42
0.096223
  0
VERTEX
  8
0
 10
560.117728
 20
115.844064
 42
0.334844
  0
VERTEX
  8
0
 10
559.981802
 20
116.231767
 42
0.129994
  0
VERTEX
  8
0
 10
559.342856
 20
116.449791
 42
0.017576
  0
VERTEX
  8
0
 10
557.914963
 20
116.500000
 42
0.024296
  0
VERTEX
  8
0
 10
556.797879
 20
116.445685
 42
0.038685
  0
VERTEX
  8
0
 10
555.856270
 20
116.279687
 42
0.045591
  0
VERTEX
  8
0
 10
555.185279
 20
116.040104
 42
0.292088
  0
SEQEND
  0
POLYLINE
  8
0
 66
1
 70
1
  0
VERTEX
  8
0
 10
81.710511
 20
113.000996
 42
0.046215
  0
VERTEX
  8
0
 10
81.577577
 20
112.194768
 42
0.054994
  0
VERTEX
  8
0
 10
81.607491
 20
111.424696
 42
0.064046
  0
VERTEX
  8
0
 10
81.784470
 20
110.801315
 42
0.154380
  0
VERTEX
  8
0
 10
82.093880
 20
110.441979
 42
0.293546
  0
VERTEX
  8
0
 10
82.436488
 20
110.447967
 42
0.140077
  0
VERTEX
  8
0
 10
82.733827
 20
110.798181
 42
0.072514
  0
VERTEX
  8
0
 10
82.935787
 20
111.498384
 42
0.034022
  0
VERTEX
  8
0
 10
83.000000
 20
112.440983
 42
0.013228
  0
VERTEX
  8
0
 10
82.947157
 20
114.438062
 42
0.284356
  0
VERTEX
  8
0
 10
82.625086
 20
114.901836
 42
0.439388
  0
VERTEX
  8
0
 10
82.224963
 20
114.723980
 42
0.017190
  0
SEQEND
  0
POLYLINE
  8
0
 66
1
 70
1
  0
VERTEX
  8
0
 10
201.000000
 20
114.293739
 42
0.002508
  0
VERTEX
  8
0
 10
219.523698
 20
113.890088
 42
0.003970
  0
VERTEX
  8
0
 10
235.401665
 20
113.749843
 42
0.000616
  0
VERTEX
  8
0
 10
249.507253
 20
113.754636
 42
0.414186
  0
VERTEX
  8
0
 10
250.001108
 20
114.250000
 42
0.407772
  0
VERTEX
  8
0
 10
249.702650
 20
114.554211
 42
0.000625
  0
VERTEX
  8
0
 10
241.261263
 20
114.717300
 42
0.003940
  0
VERTEX
  8
0
 10
231.657692
 20
114.815159
 42
0.002362
  0
VERTEX
  8
0
 10
220.250000
 20
114.787618
 42
0.001080
  0
VERTEX
  8
0
 10
209.451892
 20
114.687212
 42
0.003548
  0
VERTEX
  8
0
 10
202.323437
 20
114.554934
 42
0.036751
  0
VERTEX
  8
0
 10
200.990606
 20
114.422390
 42
0.904963
  0
SEQEND
  0
POLYLINE
  8
0
 66
1
 70
1
  0
VERTEX
  8
0
 10
634.750000
 20
114.250740
 42
0.050585
  0
VERTEX
  8
0
 10
634.080578
 20
114.025645
 42
0.060915
  0
VERTEX
  8
0
 10
633.514063
 20
113.680537
 42
0.071907
  0
VERTEX
  8
0
 10
633.129064
 20
113.274177
 42
0.154933
  0
VERTEX
  8
0
 10
633.000000
 20
112.867659
 42
0.139139
  0
VERTEX
  8
0
 10
633.090347
 20
112.549279
 42
0.191139
  0
VERTEX
  8
0
 10
633.326592
 20
112.373358
 42
0.138828
  0
VERTEX
  8
0
 10
633.686115
 20
112.378228
 42
0.066130
  0
VERTEX
  8
0
 10
634.111803
 20
112.569098
 42
-0.108205
  0
VERTEX
  8
0
 10
634.593382
 20
112.738369
 42
-0.099661
  0
VERTEX
  8
0
 10
635.117043
 20
112.698372
 42
-0.095546
  0
VERTEX
  8
0
 10
635.602173
 20
112.454736
 42
-0.090571
  0
VERTEX
  8
0
 10
635.972640
 20
112.044270
 42
0.053071
  0
VERTEX
  8
0
 10
636.361043
 20
111.543421
 42
0.269431
  0
VERTEX
  8
0
 10
636.687356
 20
111.450021
 42
0.208195
  0
VERTEX
  8
0
 10
636.993785
 20
111.686917
 42
0.033951
  0
VERTEX
  8
0
 10
637.317163
 20
112.384129
 42
0.083658
  0
VERTEX
  8
0
 10
637.546243
 20
113.517242
 42
0.248604
  0
VERTEX
  8
0
 10
637.209100
 20
114.206752
 42
0.173080
  0
VERTEX
  8
0
 10
636.310888
 20
114.470809
 42
0.041637
  0
SEQEND
  0
POLYLINE
  8
0
 66
1
 70
1
  0
VERTEX
  8
0
 10
627.805426
 20
112.321349
 42
0.082177
  0
VERTEX
  8
0
 10
627.197463
 20
112.048609
 42
0.101671
  0
VERTEX
  8
0
 10
626.760795
 20
111.609374
 42
0.113484
  0
VERTEX
  8
0
 10
626.563030
 20
111.073951
 42
0.124189
  0
VERTEX
  8
0
 10
626.628851
 20
110.524815
 42
-0.130077
  0
VERTEX
  8
0
 10
626.689215
 20
109.966534
 42
-0.118265
  0
VERTEX
  8
0
 10
626.470382
 20
109.428717
 42
-0.101070
  0
VERTEX
  8
0
 10
625.992875
 20
108.986124
 42
-0.073381
  0
VERTEX
  8
0
 10
625.323425
 20
108.703466
 42
0.004379
  0
VERTEX
  8
0
 10
624.254681
 20
108.417125
 42
0.460293
  0
VERTEX
  8
0
 10
624.197740
 20
108.295388
 42
0.276072
  0
VERTEX
  8
0
 10
624.345294
 20
108.192958
 42
0.003157
  0
VERTEX
  8
0
 10
625.589485
 20
108.116001
 42
0.090288
  0
VERTEX
  8
0
 10
626.545829
 20
108.235809
 42
0.083022
  0
VERTEX
  8
0
 10
627.429979
 20
108.685347
 42
0.074008
  0
VERTEX
  8
0
 10
628.199382
 20
109.452277
 42
0.052983
  0
VERTEX
  8
0
 10
628.818046
 20
110.500000
 42
0.005467
  0
VERTEX
  8
0
 10
629.238911
 20
111.451123
 42
0.010208
  0
VERTEX
  8
0
 10
629.555379
 20
112.231550
 42
0.006708
  0
VERTEX
  8
0
 10
629.778533
 20
112.840208
 42
0.676255
  0
VERTEX
  8
0
 10
629.728561
 20
112.883999
 42
-0.043703
  0
VERTEX
  8
0
 10
629.569124
 20
112.819891
 42
-0.002582
  0
VERTEX
  8
0
 10
629.069359
 20
112.670870
 42
-0.003879
  0
VERTEX
  8
0
 10
628.471178
 20
112.500887
 42
-0.002849
  0
SEQEND
  0
POLYLINE
  8
0
 66
1
 70
1
  0
VERTEX
  8
0
 10
185.157895
 20
110.000000
 42
0.017491
  0
VERTEX
  8
0
 10
185.189089
 20
109.108560
 42
0.078554
  0
VERTEX
  8
0
 10
185.306058
 20
108.601562
 42
0.447206
  0
VERTEX
  8
0
 10
185.474999
 20
108.540618
 42
0.174857
  0
VERTEX
  8
0
 10
185.662281
 20
108.750000
 42
0.057986
  0
VERTEX
  8
0
 10
185.818615
 20
109.320008
 42
0.037979
  0
VERTEX
  8
0
 10
185.870340
 20
110.000000
 42
0.037979
  0
VERTEX
  8
0
 10
185.818615
 20
110.679992
 42
0.057986
  0
VERTEX
  8
0
 10
185.662281
 20
111.250000
 42
0.174857
  0
VERTEX
  8
0
 10
185.474999
 20
111.459382
 42
0.447206
  0
VERTEX
  8
0
 10
185.306058
 20
111.398438
 42
0.078554
  0
VERTEX
  8
0
 10
185.189089
 20
110.891440
 42
0.017491
  0
SEQEND
  0
POLYLINE
  8
0
 66
1
 70
1
  0
VERTEX
  8
0
 10
249.391721
 20
99.000000
 42
0.002155
  0
VERTEX
  8
0
 10
249.412586
 20
94.159367
 42
0.010790
  0
VERTEX
  8
0
 10
249.494483
 20
91.448437
 42
0.855935
  0
VERTEX
  8
0
 10
249.614416
 20
91.436022
 42
0.051624
  0
VERTEX
  8
0
 10
249.741550
 20
92.250000
 42
0.008153
  0
VERTEX
  8
0
 10
249.850608
 20
95.322899
 42
0.004793
  0
VERTEX
  8
0
 10
249.885855
 20
99.000000
 42
0.004793
  0
VERTEX
  8
0
 10
249.850608
 20
102.677101
 42
0.008153
  0
VERTEX
  8
0
 10
249.741550
 20
105.750000
 42
0.051624
  0
VERTEX
  8
0
 10
249.614416
 20
106.563978
 42
0.855935
  0
VERTEX
  8
0
 10
249.494483
 20
106.551563
 42
0.010790
  0
VERTEX
  8
0
 10
249.412586
 20
103.840633
 42
0.002155
  0
SEQEND
  0
POLYLINE
  8
0
 66
1
 70
1
  0
VERTEX
  8
0
 10
663.000000
 20
110.862487
 42
0.284380
  0
VERTEX
  8
0
 10
663.206112
 20
110.529405
 42
0.049195
  0
VERTEX
  8
0
 10
663.930208
 20
110.253355
 42
0.040765
  0
VERTEX
  8
0
 10
664.953205
 20
110.062516
 42
0.025742
  0
VERTEX
  8
0
 10
666.166667
 20
110.000000
 42
0.021736
  0
VERTEX
  8
0
 10
668.398597
 20
110.097070
 42
0.503440
  0
VERTEX
  8
0
 10
668.684869
 20
110.562867
 42
0.258437
  0
VERTEX
  8
0
 10
668.041497
 20
111.086629
 42
0.017035
  0
VERTEX
  8
0
 10
665.588304
 20
111.440850
 42
0.031330
  0
VERTEX
  8
0
 10
664.596486
 20
111.487195
 42
0.051018
  0
VERTEX
  8
0
 10
663.760314
 20
111.388157
 42
0.069131
  0
VERTEX
  8
0
 10
663.185061
 20
111.173019
 42
0.275378
  0
SEQEND
  0
POLYLINE
  8
0
 66
1
 70
1
  0
VERTEX
  8
0
 10
558.500000
 20
110.000000
 42
0.146489
  0
VERTEX
  8
0
 10
558.397987
 20
109.620597
 42
0.191582
  0
VERTEX
  8
0
 10
558.538811
 20
109.293750
 42
0.134005
  0
VERTEX
  8
0
 10
558.925364
 20
109.072951
 42
0.063222
  0
VERTEX
  8
0
 10
559.500000
 20
109.000000
 42
0.063222
  0
VERTEX
  8
0
 10
560.074636
 20
109.072951
 42
0.134005
  0
VERTEX
  8
0
 10
560.461189
 20
109.293750
 42
0.191582
  0
VERTEX
  8
0
 10
560.602013
 20
109.620597
 42
0.146489
  0
VERTEX
  8
0
 10
560.500000
 20
110.000000
 42
0.025622
  0
VERTEX
  8
0
 10
560.235369
 20
110.382847
 42
0.032351
  0
VERTEX
  8
0
 10
559.951311
 20
110.706250
 42
0.033983
  0
VERTEX
  8
0
 10
559.686704
 20
110.937141
 42
0.163822
  0
VERTEX
  8
0
 10
559.500000
 20
111.000000
 42
0.163822
  0
VERTEX
  8
0
 10
559.313296
 20
110.937141
 42
0.033983
  0
VERTEX
  8
0
 10
559.048689
 20
110.706250
 42
0.032351
  0
VERTEX
  8
0
 10
558.764631
 20
110.382847
 42
0.025622
  0
SEQEND
  0
POLYLINE
  8
0
 66
1
 70
1
  0
VERTEX
  8
0
 10
493.500000
 20
109.000000
 42
0.003751
  0
VERTEX
  8
0
 10
492.185338
 20
108.423348
 42
0.368608
  0
VERTEX
  8
0
 10
492.104278
 20
108.252774
 42
0.326773
  0
VERTEX
  8
0
 10
492.261086
 20
108.126890
 42
0.003386
  0
VERTEX
  8
0
 10
493.750000
 20
108.070285
 42
0.042539
  0
VERTEX
  8
0
 10
494.611453
 20
108.116676
 42
0.063338
  0
VERTEX
  8
0
 10
495.339063
 20
108.314396
 42
0.084397
  0
VERTEX
  8
0
 10
495.831198
 20
108.623102
 42
0.213708
  0
VERTEX
  8
0
 10
496.000000
 20
109.000000
 42
0.023697
  0
VERTEX
  8
0
 10
495.982054
 20
109.378436
 42
0.042003
  0
VERTEX
  8
0
 10
495.926562
 20
109.685604
 42
0.057039
  0
VERTEX
  8
0
 10
495.846243
 20
109.888676
 42
0.352125
  0
VERTEX
  8
0
 10
495.750000
 20
109.929715
 42
0.028259
  0
VERTEX
  8
0
 10
495.579165
 20
109.871091
 42
0.001191
  0
VERTEX
  8
0
 10
494.985938
 20
109.627618
 42
0.002049
  0
VERTEX
  8
0
 10
494.284381
 20
109.334359
 42
0.001455
  0
SEQEND
  0
POLYLINE
  8
0
 66
1
 70
1
  0
VERTEX
  8
0
 10
78.605952
 20
105.152059
 42
0.000000
  0
VERTEX
  8
0
 10
76.711904
 20
102.500000
 42
0.000000
  0
VERTEX
  8
0
 10
79.050396
 20
104.722222
 42
0.018032
  0
VERTEX
  8
0
 10
79.914808
 20
105.605105
 42
0.029656
  0
VERTEX
  8
0
 10
80.571401
 20
106.417931
 42
0.030193
  0
VERTEX
  8
0
 10
80.988732
 20
107.083864
 42
0.337379
  0
VERTEX
  8
0
 10
80.944444
 20
107.374282
 42
0.365674
  0
VERTEX
  8
0
 10
80.665011
 20
107.393187
 42
0.031591
  0
VERTEX
  8
0
 10
80.074179
 20
106.898812
 42
0.030003
  0
VERTEX
  8
0
 10
79.364144
 20
106.138014
 42
0.017685
  0
SEQEND
  0
POLYLINE
  8
0
 66
1
 70
1
  0
VERTEX
  8
0
 10
624.484687
 20
105.975223
 42
0.096758
  0
VERTEX
  8
0
 10
624.345296
 20
105.605637
 42
0.232089
  0
VERTEX
  8
0
 10
624.426408
 20
105.332191
 42
0.191458
  0
VERTEX
  8
0
 10
624.713906
 20
105.194024
 42
0.068666
  0
VERTEX
  8
0
 10
625.175670
 20
105.225223
 42
-0.126242
  0
VERTEX
  8
0
 10
625.677041
 20
105.201856
 42
-0.165623
  0
VERTEX
  8
0
 10
626.045989
 20
104.935107
 42
-0.130015
  0
VERTEX
  8
0
 10
626.232142
 20
104.437466
 42
-0.066391
  0
VERTEX
  8
0
 10
626.209831
 20
103.765970
 42
0.051490
  0
VERTEX
  8
0
 10
626.161293
 20
102.995499
 42
0.208463
  0
VERTEX
  8
0
 10
626.361752
 20
102.581589
 42
0.216645
  0
VERTEX
  8
0
 10
626.794500
 20
102.456190
 42
0.055497
  0
VERTEX
  8
0
 10
627.517301
 20
102.645013
 42
0.088475
  0
VERTEX
  8
0
 10
628.089419
 20
102.990215
 42
0.096536
  0
VERTEX
  8
0
 10
628.486476
 20
103.502947
 42
0.101244
  0
VERTEX
  8
0
 10
628.649955
 20
104.106164
 42
0.107730
  0
VERTEX
  8
0
 10
628.557471
 20
104.710830
 42
-0.008793
  0
VERTEX
  8
0
 10
628.344031
 20
105.297696
 42
-0.010414
  0
VERTEX
  8
0
 10
628.163757
 20
105.859681
 42
-0.009354
  0
VERTEX
  8
0
 10
628.030881
 20
106.338166
 42
-0.063126
  0
VERTEX
  8
0
 10
628.000000
 20
106.581787
 42
0.382319
  0
VERTEX
  8
0
 10
627.618351
 20
107.007956
 42
0.070360
  0
VERTEX
  8
0
 10
626.469052
 20
106.973032
 42
0.059635
  0
VERTEX
  8
0
 10
625.200575
 20
106.594510
 42
0.153207
  0
SEQEND
  0
POLYLINE
  8
0
 66
1
 70
1
  0
VERTEX
  8
0
 10
557.250000
 20
104.968838
 42
0.021149
  0
VERTEX
  8
0
 10
556.388173
 20
104.579331
 42
0.029981
  0
VERTEX
  8
0
 10
555.660938
 20
104.156436
 42
0.030094
  0
VERTEX
  8
0
 10
555.130154
 20
103.755584
 42
0.219371
  0
VERTEX
  8
0
 10
555.000000
 20
103.473207
 42
0.249887
  0
VERTEX
  8
0
 10
555.089566
 20
103.305184
 42
0.162115
  0
VERTEX
  8
0
 10
555.306618
 20
103.245143
 42
0.085984
  0
VERTEX
  8
0
 10
555.643221
 20
103.321513
 42
0.039752
  0
VERTEX
  8
0
 10
556.043805
 20
103.527073
 42
-0.126816
  0
VERTEX
  8
0
 10
556.550789
 20
103.684618
 42
-0.067771
  0
VERTEX
  8
0
 10
557.208749
 20
103.627673
 42
-0.060580
  0
VERTEX
  8
0
 10
557.909241
 20
103.377768
 42
-0.057320
  0
VERTEX
  8
0
 10
558.543805
 20
102.963645
 42
0.031197
  0
VERTEX
  8
0
 10
559.322875
 20
102.395197
 42
0.289841
  0
VERTEX
  8
0
 10
559.720828
 20
102.393703
 42
0.234532
  0
VERTEX
  8
0
 10
559.950716
 20
102.769003
 42
0.022218
  0
VERTEX
  8
0
 10
560.000000
 20
103.877555
 42
0.011071
  0
VERTEX
  8
0
 10
559.982075
 20
104.686999
 42
0.019137
  0
VERTEX
  8
0
 10
559.926563
 20
105.357912
 42
0.014422
  0
VERTEX
  8
0
 10
559.848899
 20
105.872945
 42
0.434810
  0
VERTEX
  8
0
 10
559.750000
 20
105.936614
 42
0.029253
  0
VERTEX
  8
0
 10
559.576062
 20
105.881509
 42
0.001013
  0
VERTEX
  8
0
 10
558.912500
 20
105.626183
 42
0.001891
  0
VERTEX
  8
0
 10
558.130205
 20
105.319942
 42
0.001320
  0
SEQEND
  0
POLYLINE
  8
0
 66
1
 70
1
  0
VERTEX
  8
0
 10
494.638374
 20
103.500000
 42
-0.077710
  0
VERTEX
  8
0
 10
494.773866
 20
102.868337
 42
-0.166138
  0
VERTEX
  8
0
 10
494.640962
 20
102.393809
 42
-0.166102
  0
VERTEX
  8
0
 10
494.245425
 20
102.099775
 42
-0.077669
  0
VERTEX
  8
0
 10
493.606989
 20
102.000000
 42
0.062562
  0
VERTEX
  8
0
 10
492.992543
 20
101.922815
 42
0.080761
  0
VERTEX
  8
0
 10
492.472053
 20
101.695915
 42
0.098097
  0
VERTEX
  8
0
 10
492.123725
 20
101.359610
 42
0.153026
  0
VERTEX
  8
0
 10
492.000000
 20
100.964816
 42
0.188457
  0
VERTEX
  8
0
 10
492.144316
 20
100.595527
 42
0.214004
  0
VERTEX
  8
0
 10
492.491503
 20
100.447075
 42
0.094032
  0
VERTEX
  8
0
 10
493.098381
 20
100.573323
 42
0.024700
  0
VERTEX
  8
0
 10
494.000000
 20
101.000000
 42
0.099314
  0
VERTEX
  8
0
 10
495.237255
 20
102.019854
 42
0.108192
  0
VERTEX
  8
0
 10
495.939311
 20
103.409181
 42
0.181565
  0
VERTEX
  8
0
 10
495.820855
 20
104.513409
 42
0.283421
  0
VERTEX
  8
0
 10
495.031385
 20
105.000000
 42
0.184534
  0
VERTEX
  8
0
 10
494.710807
 20
104.877514
 42
0.147206
  0
VERTEX
  8
0
 10
494.516384
 20
104.559375
 42
0.100118
  0
VERTEX
  8
0
 10
494.488865
 20
104.074366
 42
0.055937
  0
SEQEND
  0
POLYLINE
  8
0
 66
1
 70
1
  0
VERTEX
  8
0
 10
188.000000
 20
102.000000
 42
0.267845
  0
VERTEX
  8
0
 10
188.221545
 20
101.616101
 42
0.057513
  0
VERTEX
  8
0
 10
188.954688
 20
101.298248
 42
0.045617
  0
VERTEX
  8
0
 10
190.004802
 20
101.082078
 42
0.029148
  0
VERTEX
  8
0
 10
191.250000
 20
101.015313
 42
0.010814
  0
VERTEX
  8
0
 10
192.856389
 20
101.057632
 42
0.116665
  0
VERTEX
  8
0
 10
193.476680
 20
101.236165
 42
0.473162
  0
VERTEX
  8
0
 10
193.529794
 20
101.537668
 42
0.072010
  0
VERTEX
  8
0
 10
193.000000
 20
102.000000
 42
0.072084
  0
VERTEX
  8
0
 10
191.452169
 20
102.709520
 42
0.071596
  0
VERTEX
  8
0
 10
189.762940
 20
102.952650
 42
0.097179
  0
VERTEX
  8
0
 10
188.469611
 20
102.698883
 42
0.304766
  0
SEQEND
  0
POLYLINE
  8
0
 66
1
 70
1
  0
VERTEX
  8
0
 10
409.510081
 20
100.983688
 42
0.100481
  0
VERTEX
  8
0
 10
409.828518
 20
100.644508
 42
0.098273
  0
VERTEX
  8
0
 10
410.256447
 20
100.453033
 42
0.097598
  0
VERTEX
  8
0
 10
410.727583
 20
100.438787
 42
0.097614
  0
VERTEX
  8
0
 10
411.168867
 20
100.604365
 42
-0.147611
  0
VERTEX
  8
0
 10
411.496596
 20
100.691713
 42
-0.418924
  0
VERTEX
  8
0
 10
411.640765
 20
100.535316
 42
-0.094282
  0
VERTEX
  8
0
 10
411.521930
 20
100.042682
 42
-0.016673
  0
VERTEX
  8
0
 10
411.099768
 20
99.186419
 42
0.015807
  0
VERTEX
  8
0
 10
410.167095
 20
97.302919
 42
0.199227
  0
VERTEX
  8
0
 10
410.140018
 20
96.526713
 42
0.292415
  0
VERTEX
  8
0
 10
410.663510
 20
96.134181
 42
0.031495
  0
VERTEX
  8
0
 10
412.250000
 20
96.116001
 42
0.005755
  0
VERTEX
  8
0
 10
413.390245
 20
96.187956
 42
0.196793
  0
VERTEX
  8
0
 10
413.627467
 20
96.306419
 42
0.542201
  0
VERTEX
  8
0
 10
413.587125
 20
96.449595
 42
0.011703
  0
VERTEX
  8
0
 10
412.751589
 20
96.689019
 42
-0.028516
  0
VERTEX
  8
0
 10
411.797071
 20
96.997608
 42
-0.275126
  0
VERTEX
  8
0
 10
411.544890
 20
97.319786
 42
-0.213284
  0
VERTEX
  8
0
 10
411.677317
 20
97.758570
 42
-0.018006
  0
VERTEX
  8
0
 10
412.501589
 20
98.644447
 42
0.045722
  0
VERTEX
  8
0
 10
413.728205
 20
100.118541
 42
0.231186
  0
VERTEX
  8
0
 10
413.881819
 20
101.147124
 42
0.265397
  0
VERTEX
  8
0
 10
413.172232
 20
101.802661
 42
0.056809
  0
VERTEX
  8
0
 10
411.440983
 20
102.000000
 42
0.034977
  0
VERTEX
  8
0
 10
410.465312
 20
101.931665
 42
0.086376
  0
VERTEX
  8
0
 10
409.784891
 20
101.712076
 42
0.173612
  0
VERTEX
  8
0
 10
409.479395
 20
101.379179
 42
0.242672
  0
SEQEND
  0
POLYLINE
  8
0
 66
1
 70
1
  0
VERTEX
  8
0
 10
421.000000
 20
100.200000
 42
0.097038
  0
VERTEX
  8
0
 10
421.285933
 20
98.740575
 42
0.075775
  0
VERTEX
  8
0
 10
422.115639
 20
97.350756
 42
0.080659
  0
VERTEX
  8
0
 10
423.257658
 20
96.348393
 42
0.144487
  0
VERTEX
  8
0
 10
424.450000
 20
96.015313
 42
0.188485
  0
VERTEX
  8
0
 10
424.704949
 20
96.119272
 42
0.311277
  0
VERTEX
  8
0
 10
424.750937
 20
96.337743
 42
0.108947
  0
VERTEX
  8
0
 10
424.509314
 20
96.681178
 42
0.031286
  0
VERTEX
  8
0
 10
424.000000
 20
97.091444
 42
-0.026222
  0
VERTEX
  8
0
 10
423.286699
 20
97.654221
 42
-0.181836
  0
VERTEX
  8
0
 10
423.080602
 20
98.040019
 42
-0.278887
  0
VERTEX
  8
0
 10
423.222287
 20
98.363303
 42
-0.057648
  0
VERTEX
  8
0
 10
423.791738
 20
98.673377
 42
0.069201
  0
VERTEX
  8
0
 10
424.359918
 20
98.999930
 42
0.214391
  0
VERTEX
  8
0
 10
424.562719
 20
99.381436
 42
0.156826
  0
VERTEX
  8
0
 10
424.439185
 20
99.875713
 42
0.034187
  0
VERTEX
  8
0
 10
423.919293
 20
100.597246
 42
0.055296
  0
VERTEX
  8
0
 10
422.796250
 20
101.680993
 42
0.200722
  0
VERTEX
  8
0
 10
421.857493
 20
101.931662
 42
0.275634
  0
VERTEX
  8
0
 10
421.222849
 20
101.425594
 42
0.090176
  0
SEQEND
  0
POLYLINE
  8
0
 66
1
 70
1
  0
VERTEX
  8
0
 10
415.916667
 20
100.750000
 42
0.045536
  0
VERTEX
  8
0
 10
415.874711
 20
100.571408
 42
0.001839
  0
VERTEX
  8
0
 10
415.784508
 20
99.912500
 42
0.003211
  0
VERTEX
  8
0
 10
415.685448
 20
99.130172
 42
0.002268
  0
VERTEX
  8
0
 10
415.583786
 20
98.250000
 42
0.049985
  0
VERTEX
  8
0
 10
415.571934
 20
97.128937
 42
0.165908
  0
VERTEX
  8
0
 10
415.867223
 20
96.464376
 42
0.161001
  0
VERTEX
  8
0
 10
416.514073
 20
96.107145
 42
0.046362
  0
VERTEX
  8
0
 10
417.667119
 20
96.000000
 42
0.039625
  0
VERTEX
  8
0
 10
418.560398
 20
96.070903
 42
0.058849
  0
VERTEX
  8
0
 10
419.314716
 20
96.284531
 42
0.077396
  0
VERTEX
  8
0
 10
419.828124
 20
96.597910
 42
0.220547
  0
VERTEX
  8
0
 10
420.000000
 20
96.968615
 42
0.184534
  0
VERTEX
  8
0
 10
419.877514
 20
97.289193
 42
0.147206
  0
VERTEX
  8
0
 10
419.559375
 20
97.483616
 42
0.100118
  0
VERTEX
  8
0
 10
419.074366
 20
97.511135
 42
0.055937
  0
VERTEX
  8
0
 10
418.500000
 20
97.361626
 42
-0.065020
  0
VERTEX
  8
0
 10
417.926101
 20
97.223280
 42
-0.112257
  0
VERTEX
  8
0
 10
417.440625
 20
97.280284
 42
-0.151946
  0
VERTEX
  8
0
 10
417.121257
 20
97.519085
 42
-0.158089
  0
VERTEX
  8
0
 10
417.000000
 20
97.893011
 42
-0.089132
  0
VERTEX
  8
0
 10
417.075946
 20
98.315658
 42
-0.095054
  0
VERTEX
  8
0
 10
417.293750
 20
98.674822
 42
-0.099889
  0
VERTEX
  8
0
 10
417.618501
 20
98.915110
 42
-0.109914
  0
VERTEX
  8
0
 10
418.000000
 20
99.000000
 42
0.099038
  0
VERTEX
  8
0
 10
418.381638
 20
99.076342
 42
0.097945
  0
VERTEX
  8
0
 10
418.706250
 20
99.293750
 42
0.097945
  0
VERTEX
  8
0
 10
418.923658
 20
99.618362
 42
0.099038
  0
VERTEX
  8
0
 10
419.000000
 20
100.000000
 42
0.279167
  0
VERTEX
  8
0
 10
418.659879
 20
100.561695
 42
0.060886
  0
VERTEX
  8
0
 10
417.554902
 20
100.977902
 42
0.062843
  0
VERTEX
  8
0
 10
416.407245
 20
101.108244
 42
0.319394
  0
SEQEND
  0
POLYLINE
  8
0
 66
1
 70
1
  0
VERTEX
  8
0
 10
428.500000
 20
100.000000
 42
0.003751
  0
VERTEX
  8
0
 10
427.185338
 20
99.423348
 42
0.368608
  0
VERTEX
  8
0
 10
427.104278
 20
99.252774
 42
0.326773
  0
VERTEX
  8
0
 10
427.261086
 20
99.126890
 42
0.003386
  0
VERTEX
  8
0
 10
428.750000
 20
99.070285
 42
0.042539
  0
VERTEX
  8
0
 10
429.611453
 20
99.116676
 42
0.063338
  0
VERTEX
  8
0
 10
430.339063
 20
99.314396
 42
0.084397
  0
VERTEX
  8
0
 10
430.831198
 20
99.623102
 42
0.213708
  0
VERTEX
  8
0
 10
431.000000
 20
100.000000
 42
0.023697
  0
VERTEX
  8
0
 10
430.982054
 20
100.378436
 42
0.042003
  0
VERTEX
  8
0
 10
430.926562
 20
100.685604
 42
0.057039
  0
VERTEX
  8
0
 10
430.846243
 20
100.888676
 42
0.352125
  0
VERTEX
  8
0
 10
430.750000
 20
100.929715
 42
0.028259
  0
VERTEX
  8
0
 10
430.579165
 20
100.871091
 42
0.001191
  0
VERTEX
  8
0
 10
429.985938
 20
100.627618
 42
0.002049
  0
VERTEX
  8
0
 10
429.284381
 20
100.334359
 42
0.001455
  0
SEQEND
  0
POLYLINE
  8
0
 66
1
 70
1
  0
VERTEX
  8
0
 10
432.729117
 20
99.072144
 42
0.061993
  0
VERTEX
  8
0
 10
432.515986
 20
97.466287
 42
0.230776
  0
VERTEX
  8
0
 10
432.943299
 20
96.571397
 42
0.146688
  0
VERTEX
  8
0
 10
434.093546
 20
96.111441
 42
0.022279
  0
VERTEX
  8
0
 10
436.593343
 20
96.000000
 42
0.033235
  0
VERTEX
  8
0
 10
438.098416
 20
96.100152
 42
0.076926
  0
VERTEX
  8
0
 10
439.181872
 20
96.419273
 42
0.106005
  0
VERTEX
  8
0
 10
439.901382
 20
96.967624
 42
0.113674
  0
VERTEX
  8
0
 10
440.310674
 20
97.750000
 42
-0.001923
  0
VERTEX
  8
0
 10
440.622879
 20
98.926177
 42
-0.339035
  0
VERTEX
  8
0
 10
440.719237
 20
99.000000
 42
-0.392517
  0
VERTEX
  8
0
 10
440.801199
 20
98.923939
 42
-0.002113
  0
VERTEX
  8
0
 10
440.883999
 20
97.750000
 42
0.102581
  0
VERTEX
  8
0
 10
441.239407
 20
96.468986
 42
0.299283
  0
VERTEX
  8
0
 10
442.000949
 20
96.038886
 42
0.284385
  0
VERTEX
  8
0
 10
442.734041
 20
96.564047
 42
0.099080
  0
VERTEX
  8
0
 10
443.000000
 20
97.893011
 42
0.128078
  0
VERTEX
  8
0
 10
442.688381
 20
99.089575
 42
0.103021
  0
VERTEX
  8
0
 10
441.813831
 20
100.097108
 42
0.090126
  0
VERTEX
  8
0
 10
440.493813
 20
100.769050
 42
0.072900
  0
VERTEX
  8
0
 10
438.918213
 20
101.000000
 42
0.204550
  0
VERTEX
  8
0
 10
438.567260
 20
100.850156
 42
0.083526
  0
VERTEX
  8
0
 10
438.269725
 20
100.412500
 42
0.063754
  0
VERTEX
  8
0
 10
438.067444
 20
99.765613
 42
0.043961
  0
VERTEX
  8
0
 10
438.000000
 20
99.000000
 42
-0.051805
  0
VERTEX
  8
0
 10
437.847152
 20
97.528738
 42
-0.356126
  0
VERTEX
  8
0
 10
437.320958
 20
97.103645
 42
-0.193664
  0
VERTEX
  8
0
 10
436.464664
 20
97.452949
 42
-0.021612
  0
VERTEX
  8
0
 10
434.987650
 20
99.014239
 42
0.007563
  0
VERTEX
  8
0
 10
433.817590
 20
100.322808
 42
0.202830
  0
VERTEX
  8
0
 10
433.401544
 20
100.511536
 42
0.329213
  0
VERTEX
  8
0
 10
433.094610
 20
100.296812
 42
0.017126
  0
SEQEND
  0
POLYLINE
  8
0
 66
1
 70
1
  0
VERTEX
  8
0
 10
445.104283
 20
100.085612
 42
0.185329
  0
VERTEX
  8
0
 10
444.347213
 20
99.068419
 42
0.136995
  0
VERTEX
  8
0
 10
444.345753
 20
97.652457
 42
0.142514
  0
VERTEX
  8
0
 10
445.072201
 20
96.479168
 42
0.201363
  0
VERTEX
  8
0
 10
446.218615
 20
96.078947
 42
0.011982
  0
VERTEX
  8
0
 10
446.873211
 20
96.135049
 42
0.367180
  0
VERTEX
  8
0
 10
446.977820
 20
96.245655
 42
0.309320
  0
VERTEX
  8
0
 10
446.891230
 20
96.388093
 42
0.010270
  0
VERTEX
  8
0
 10
446.250000
 20
96.662281
 42
-0.104915
  0
VERTEX
  8
0
 10
445.317707
 20
97.290011
 42
-0.222484
  0
VERTEX
  8
0
 10
445.040943
 20
98.094608
 42
-0.250307
  0
VERTEX
  8
0
 10
445.486727
 20
98.750321
 42
-0.121389
  0
VERTEX
  8
0
 10
446.500000
 20
99.000000
 42
0.064853
  0
VERTEX
  8
0
 10
447.073457
 20
99.074694
 42
0.082425
  0
VERTEX
  8
0
 10
447.559375
 20
99.293750
 42
0.098894
  0
VERTEX
  8
0
 10
447.884432
 20
99.618646
 42
0.148195
  0
VERTEX
  8
0
 10
448.000000
 20
100.000000
 42
0.160364
  0
VERTEX
  8
0
 10
447.782508
 20
100.660680
 42
0.230244
  0
VERTEX
  8
0
 10
447.245697
 20
100.941624
 42
0.115166
  0
VERTEX
  8
0
 10
446.348020
 20
100.759875
 42
0.033859
  0
SEQEND
  0
POLYLINE
  8
0
 66
1
 70
1
  0
VERTEX
  8
0
 10
627.015313
 20
99.823324
 42
-0.096193
  0
VERTEX
  8
0
 10
626.877823
 20
99.148281
 42
-0.074740
  0
VERTEX
  8
0
 10
626.490436
 20
98.504833
 42
-0.072953
  0
VERTEX
  8
0
 10
625.919865
 20
97.990072
 42
-0.083384
  0
VERTEX
  8
0
 10
625.250000
 20
97.689326
 42
0.009556
  0
VERTEX
  8
0
 10
624.373816
 20
97.442374
 42
0.524627
  0
VERTEX
  8
0
 10
624.329337
 20
97.303830
 42
0.213559
  0
VERTEX
  8
0
 10
624.542991
 20
97.188675
 42
0.005163
  0
VERTEX
  8
0
 10
625.690983
 20
97.116001
 42
0.058892
  0
VERTEX
  8
0
 10
627.344713
 20
97.223236
 42
0.185076
  0
VERTEX
  8
0
 10
628.277875
 20
97.793327
 42
0.223802
  0
VERTEX
  8
0
 10
628.488272
 20
98.752080
 42
0.085136
  0
VERTEX
  8
0
 10
627.949330
 20
100.047746
 42
0.011902
  0
VERTEX
  8
0
 10
627.425228
 20
100.834152
 42
0.307952
  0
VERTEX
  8
0
 10
627.198058
 20
100.920092
 42
0.329861
  0
VERTEX
  8
0
 10
627.047250
 20
100.740226
 42
0.012843
  0
SEQEND
  0
POLYLINE
  8
0
 66
1
 70
1
  0
VERTEX
  8
0
 10
555.666667
 20
99.333333
 42
0.109350
  0
VERTEX
  8
0
 10
555.413947
 20
98.936933
 42
0.033456
  0
VERTEX
  8
0
 10
555.214453
 20
98.250521
 42
0.031707
  0
VERTEX
  8
0
 10
555.088258
 20
97.429772
 42
0.029905
  0
VERTEX
  8
0
 10
555.063386
 20
96.583333
 42
0.004989
  0
VERTEX
  8
0
 10
555.117319
 20
95.248889
 42
0.467495
  0
VERTEX
  8
0
 10
555.253811
 20
95.146026
 42
0.241818
  0
VERTEX
  8
0
 10
555.438578
 20
95.302707
 42
0.002880
  0
VERTEX
  8
0
 10
556.054928
 20
96.814245
 42
-0.043260
  0
VERTEX
  8
0
 10
556.480819
 20
97.657077
 42
-0.069980
  0
VERTEX
  8
0
 10
556.993843
 20
98.273526
 42
-0.100191
  0
VERTEX
  8
0
 10
557.508137
 20
98.579901
 42
-0.226542
  0
VERTEX
  8
0
 10
557.947867
 20
98.532220
 42
-0.125991
  0
VERTEX
  8
0
 10
558.273898
 20
98.193669
 42
-0.081130
  0
VERTEX
  8
0
 10
558.463773
 20
97.679887
 42
-0.072542
  0
VERTEX
  8
0
 10
558.492441
 20
97.073727
 42
-0.067311
  0
VERTEX
  8
0
 10
558.349337
 20
96.467975
 42
0.066643
  0
VERTEX
  8
0
 10
558.215885
 20
95.906415
 42
0.114223
  0
VERTEX
  8
0
 10
558.276674
 20
95.431218
 42
0.152290
  0
VERTEX
  8
0
 10
558.517917
 20
95.118415
 42
0.154099
  0
VERTEX
  8
0
 10
558.893011
 20
95.000000
 42
0.296211
  0
VERTEX
  8
0
 10
559.747991
 20
95.555225
 42
0.132403
  0
VERTEX
  8
0
 10
559.965221
 20
96.939912
 42
0.103594
  0
VERTEX
  8
0
 10
559.457508
 20
98.502739
 42
0.172641
  0
VERTEX
  8
0
 10
558.418213
 20
99.393011
 42
0.007226
  0
VERTEX
  8
0
 10
557.125878
 20
99.867616
 42
0.090039
  0
VERTEX
  8
0
 10
556.612344
 20
99.949388
 42
0.157593
  0
VERTEX
  8
0
 10
556.216593
 20
99.811929
 42
0.034635
  0
SEQEND
  0
POLYLINE
  8
0
 66
1
 70
1
  0
VERTEX
  8
0
 10
209.400000
 20
95.500000
 42
0.023727
  0
VERTEX
  8
0
 10
209.481823
 20
93.776695
 42
0.091931
  0
VERTEX
  8
0
 10
209.774356
 20
92.752590
 42
0.158619
  0
VERTEX
  8
0
 10
210.314721
 20
92.202191
 42
0.120574
  0
VERTEX
  8
0
 10
211.140983
 20
92.000000
 42
0.097130
  0
VERTEX
  8
0
 10
212.580347
 20
92.282273
 42
0.179428
  0
VERTEX
  8
0
 10
213.447228
 20
93.077610
 42
0.134328
  0
VERTEX
  8
0
 10
213.732974
 20
94.443156
 42
0.046314
  0
VERTEX
  8
0
 10
213.422186
 20
96.454011
 42
0.095808
  0
VERTEX
  8
0
 10
212.431152
 20
98.575943
 42
0.302695
  0
VERTEX
  8
0
 10
211.031133
 20
99.094893
 42
0.257489
  0
VERTEX
  8
0
 10
209.814592
 20
97.990951
 42
0.082651
  0
SEQEND
  0
POLYLINE
  8
0
 66
1
 70
1
  0
VERTEX
  8
0
 10
221.742846
 20
98.333916
 42
0.113695
  0
VERTEX
  8
0
 10
221.517046
 20
97.714326
 42
0.043038
  0
VERTEX
  8
0
 10
221.482726
 20
96.788063
 42
0.039837
  0
VERTEX
  8
0
 10
221.618803
 20
95.735932
 42
0.038787
  0
VERTEX
  8
0
 10
221.920570
 20
94.708916
 42
0.145520
  0
VERTEX
  8
0
 10
223.267204
 20
92.946057
 42
0.134222
  0
VERTEX
  8
0
 10
225.401921
 20
92.136194
 42
0.180805
  0
VERTEX
  8
0
 10
227.228037
 20
92.625875
 42
0.242349
  0
VERTEX
  8
0
 10
228.000000
 20
94.125000
 42
-0.051363
  0
VERTEX
  8
0
 10
228.073893
 20
94.842428
 42
-0.071292
  0
VERTEX
  8
0
 10
228.293750
 20
95.449219
 42
-0.091341
  0
VERTEX
  8
0
 10
228.618311
 20
95.857096
 42
-0.181063
  0
VERTEX
  8
0
 10
229.000000
 20
96.000000
 42
-0.195654
  0
VERTEX
  8
0
 10
229.381985
 20
95.844577
 42
-0.086673
  0
VERTEX
  8
0
 10
229.706250
 20
95.395164
 42
-0.066561
  0
VERTEX
  8
0
 10
229.926392
 20
94.729059
 42
-0.046600
  0
VERTEX
  8
0
 10
230.000000
 20
93.940983
 42
0.042935
  0
VERTEX
  8
0
 10
230.064536
 20
93.190807
 42
0.093288
  0
VERTEX
  8
0
 10
230.266173
 20
92.651306
 42
0.171247
  0
VERTEX
  8
0
 10
230.563729
 20
92.406779
 42
0.229469
  0
VERTEX
  8
0
 10
230.906120
 20
92.441979
 42
0.248004
  0
VERTEX
  8
0
 10
231.476110
 20
93.412517
 42
0.092071
  0
VERTEX
  8
0
 10
231.250069
 20
95.030591
 42
0.089676
  0
VERTEX
  8
0
 10
230.449771
 20
96.491020
 42
0.226410
  0
VERTEX
  8
0
 10
229.383369
 20
97.000000
 42
-0.070596
  0
VERTEX
  8
0
 10
228.854683
 20
97.075020
 42
-0.086212
  0
VERTEX
  8
0
 10
228.406365
 20
97.293750
 42
-0.100221
  0
VERTEX
  8
0
 10
228.106634
 20
97.618661
 42
-0.137184
  0
VERTEX
  8
0
 10
228.000000
 20
98.000000
 42
0.099038
  0
VERTEX
  8
0
 10
227.923658
 20
98.381638
 42
0.097945
  0
VERTEX
  8
0
 10
227.706250
 20
98.706250
 42
0.097945
  0
VERTEX
  8
0
 10
227.381638
 20
98.923658
 42
0.099038
  0
VERTEX
  8
0
 10
227.000000
 20
99.000000
 42
0.226478
  0
VERTEX
  8
0
 10
226.617064
 20
98.817169
 42
0.074992
  0
VERTEX
  8
0
 10
226.293750
 20
98.265625
 42
0.057076
  0
VERTEX
  8
0
 10
226.073116
 20
97.457356
 42
0.038131
  0
VERTEX
  8
0
 10
226.000000
 20
96.500000
 42
-0.104181
  0
VERTEX
  8
0
 10
225.607620
 20
94.637274
 42
-0.318657
  0
VERTEX
  8
0
 10
224.559288
 20
94.010864
 42
-0.260606
  0
VERTEX
  8
0
 10
223.413569
 20
94.775066
 42
-0.089772
  0
VERTEX
  8
0
 10
222.816422
 20
96.750000
 42
0.023762
  0
VERTEX
  8
0
 10
222.639903
 20
97.829583
 42
0.096822
  0
VERTEX
  8
0
 10
222.380542
 20
98.438563
 42
0.306951
  0
VERTEX
  8
0
 10
222.071842
 20
98.561676
 42
0.197183
  0
SEQEND
  0
POLYLINE
  8
0
 66
1
 70
1
  0
VERTEX
  8
0
 10
238.507079
 20
98.011454
 42
0.114400
  0
VERTEX
  8
0
 10
238.393111
 20
97.674071
 42
0.329480
  0
VERTEX
  8
0
 10
238.512472
 20
97.474315
 42
0.155351
  0
VERTEX
  8
0
 10
238.868281
 20
97.443138
 42
0.036408
  0
VERTEX
  8
0
 10
239.448062
 20
97.618443
 42
-0.131948
  0
VERTEX
  8
0
 10
240.499540
 20
97.728221
 42
-0.362936
  0
VERTEX
  8
0
 10
240.954079
 20
97.205917
 42
-0.168781
  0
VERTEX
  8
0
 10
240.615515
 20
96.165404
 42
-0.057334
  0
VERTEX
  8
0
 10
239.500000
 20
95.000000
 42
0.051039
  0
VERTEX
  8
0
 10
238.326764
 20
93.804698
 42
0.212944
  0
VERTEX
  8
0
 10
238.078793
 20
92.851370
 42
0.281199
  0
VERTEX
  8
0
 10
238.630979
 20
92.213329
 42
0.077446
  0
VERTEX
  8
0
 10
240.000000
 20
92.000000
 42
0.048028
  0
VERTEX
  8
0
 10
240.765418
 20
92.073693
 42
0.068025
  0
VERTEX
  8
0
 10
241.412500
 20
92.293750
 42
0.088204
  0
VERTEX
  8
0
 10
241.848523
 20
92.618118
 42
0.191087
  0
VERTEX
  8
0
 10
242.000000
 20
93.000000
 42
0.119248
  0
VERTEX
  8
0
 10
241.907722
 20
93.381414
 42
0.100665
  0
VERTEX
  8
0
 10
241.647500
 20
93.706250
 42
0.092192
  0
VERTEX
  8
0
 10
241.258320
 20
93.924388
 42
0.081935
  0
VERTEX
  8
0
 10
240.800000
 20
94.000000
 42
-0.051663
  0
VERTEX
  8
0
 10
240.257401
 20
94.056215
 42
-0.354955
  0
VERTEX
  8
0
 10
240.100000
 20
94.250000
 42
-0.180052
  0
VERTEX
  8
0
 10
240.222304
 20
94.578624
 42
-0.018208
  0
VERTEX
  8
0
 10
240.800000
 20
95.200000
 42
0.047088
  0
VERTEX
  8
0
 10
241.259276
 20
95.755010
 42
0.037433
  0
VERTEX
  8
0
 10
241.647500
 20
96.429375
 42
0.038655
  0
VERTEX
  8
0
 10
241.913724
 20
97.115258
 42
0.073375
  0
VERTEX
  8
0
 10
242.000000
 20
97.700000
 42
0.223898
  0
VERTEX
  8
0
 10
241.598267
 20
98.552161
 42
0.151341
  0
VERTEX
  8
0
 10
240.587669
 20
98.966786
 42
0.126654
  0
VERTEX
  8
0
 10
239.375825
 20
98.767445
 42
0.151704
  0
SEQEND
  0
POLYLINE
  8
0
 66
1
 70
1
  0
VERTEX
  8
0
 10
492.000000
 20
97.093620
 42
0.243840
  0
VERTEX
  8
0
 10
492.157535
 20
96.789795
 42
0.106581
  0
VERTEX
  8
0
 10
492.587500
 20
96.607123
 42
0.070464
  0
VERTEX
  8
0
 10
493.233678
 20
96.575635
 42
0.040966
  0
VERTEX
  8
0
 10
494.000000
 20
96.710251
 42
0.016817
  0
VERTEX
  8
0
 10
494.766387
 20
96.938458
 42
0.025621
  0
VERTEX
  8
0
 10
495.412500
 20
97.192243
 42
0.023188
  0
VERTEX
  8
0
 10
495.897136
 20
97.439563
 42
0.269386
  0
VERTEX
  8
0
 10
496.000000
 20
97.616631
 42
0.326917
  0
VERTEX
  8
0
 10
495.890445
 20
97.766282
 42
0.029396
  0
VERTEX
  8
0
 10
495.412500
 20
97.887385
 42
0.029316
  0
VERTEX
  8
0
 10
494.766644
 20
97.972329
 42
0.018041
  0
VERTEX
  8
0
 10
494.000000
 20
98.000000
 42
0.043375
  0
VERTEX
  8
0
 10
493.234359
 20
97.933456
 42
0.063112
  0
VERTEX
  8
0
 10
492.587500
 20
97.733751
 42
0.082769
  0
VERTEX
  8
0
 10
492.149557
 20
97.440102
 42
0.206609
  0
SEQEND
  0
POLYLINE
  8
0
 66
1
 70
1
  0
VERTEX
  8
0
 10
215.000000
 20
94.500000
 42
0.045884
  0
VERTEX
  8
0
 10
215.117938
 20
93.217523
 42
0.157006
  0
VERTEX
  8
0
 10
215.510699
 20
92.489740
 42
0.150900
  0
VERTEX
  8
0
 10
216.265425
 20
92.111183
 42
0.041367
  0
VERTEX
  8
0
 10
217.606989
 20
92.000000
 42
0.028926
  0
VERTEX
  8
0
 10
218.861708
 20
92.072648
 42
0.139263
  0
VERTEX
  8
0
 10
219.516074
 20
92.343479
 42
0.231224
  0
VERTEX
  8
0
 10
219.749196
 20
92.829584
 42
0.090021
  0
VERTEX
  8
0
 10
219.606989
 20
93.581787
 42
-0.016969
  0
VERTEX
  8
0
 10
219.374624
 20
94.254744
 42
-0.015089
  0
VERTEX
  8
0
 10
219.178303
 20
94.968650
 42
-0.015326
  0
VERTEX
  8
0
 10
219.040803
 20
95.621647
 42
-0.044250
  0
VERTEX
  8
0
 10
219.000000
 20
96.081787
 42
0.204550
  0
VERTEX
  8
0
 10
218.850156
 20
96.432740
 42
0.083526
  0
VERTEX
  8
0
 10
218.412500
 20
96.730275
 42
0.063754
  0
VERTEX
  8
0
 10
217.765613
 20
96.932556
 42
0.043961
  0
VERTEX
  8
0
 10
217.000000
 20
97.000000
 42
0.075780
  0
VERTEX
  8
0
 10
216.064742
 20
96.857434
 42
0.149477
  0
VERTEX
  8
0
 10
215.450000
 20
96.437500
 42
0.124434
  0
VERTEX
  8
0
 10
215.106468
 20
95.682766
 42
0.044917
  0
SEQEND
  0
POLYLINE
  8
0
 66
1
 70
1
  0
VERTEX
  8
0
 10
427.750000
 20
96.337719
 42
0.057986
  0
VERTEX
  8
0
 10
428.320008
 20
96.181385
 42
0.037979
  0
VERTEX
  8
0
 10
429.000000
 20
96.129660
 42
0.037979
  0
VERTEX
  8
0
 10
429.679992
 20
96.181385
 42
0.057986
  0
VERTEX
  8
0
 10
430.250000
 20
96.337719
 42
0.174857
  0
VERTEX
  8
0
 10
430.459382
 20
96.525001
 42
0.447206
  0
VERTEX
  8
0
 10
430.398438
 20
96.693942
 42
0.078554
  0
VERTEX
  8
0
 10
429.891440
 20
96.810911
 42
0.017491
  0
VERTEX
  8
0
 10
429.000000
 20
96.842105
 42
0.017491
  0
VERTEX
  8
0
 10
428.108560
 20
96.810911
 42
0.078554
  0
VERTEX
  8
0
 10
427.601562
 20
96.693942
 42
0.447206
  0
VERTEX
  8
0
 10
427.540618
 20
96.525001
 42
0.174857
  0
SEQEND
  0
POLYLINE
  8
0
 66
1
 70
1
  0
VERTEX
  8
0
 10
64.000000
 20
95.000000
 42
0.110888
  0
VERTEX
  8
0
 10
64.085658
 20
94.618511
 42
0.100006
  0
VERTEX
  8
0
 10
64.328010
 20
94.293750
 42
0.094768
  0
VERTEX
  8
0
 10
64.690287
 20
94.075911
 42
0.088331
  0
VERTEX
  8
0
 10
65.116631
 20
94.000000
 42
-0.197013
  0
VERTEX
  8
0
 10
65.503955
 20
93.841221
 42
-0.126717
  0
VERTEX
  8
0
 10
65.757209
 20
93.419321
 42
-0.086529
  0
VERTEX
  8
0
 10
65.832273
 20
92.774564
 42
-0.049804
  0
VERTEX
  8
0
 10
65.710251
 20
92.000000
 42
0.049316
  0
VERTEX
  8
0
 10
65.585121
 20
91.210709
 42
0.091679
  0
VERTEX
  8
0
 10
65.665121
 20
90.569762
 42
0.135361
  0
VERTEX
  8
0
 10
65.932750
 20
90.157785
 42
0.183926
  0
VERTEX
  8
0
 10
66.343620
 20
90.002280
 42
0.226686
  0
VERTEX
  8
0
 10
66.794642
 20
90.218932
 42
0.069790
  0
VERTEX
  8
0
 10
67.191592
 20
90.884471
 42
0.054177
  0
VERTEX
  8
0
 10
67.481159
 20
91.854156
 42
0.036625
  0
VERTEX
  8
0
 10
67.606481
 20
93.002280
 42
0.029601
  0
VERTEX
  8
0
 10
67.571427
 20
94.482364
 42
0.111848
  0
VERTEX
  8
0
 10
67.294307
 20
95.360656
 42
0.169173
  0
VERTEX
  8
0
 10
66.741054
 20
95.833524
 42
0.093281
  0
VERTEX
  8
0
 10
65.856481
 20
96.000000
 42
0.051897
  0
VERTEX
  8
0
 10
65.146163
 20
95.926075
 42
0.071795
  0
VERTEX
  8
0
 10
64.545341
 20
95.706250
 42
0.091789
  0
VERTEX
  8
0
 10
64.141610
 20
95.381664
 42
0.179537
  0
SEQEND
  0
POLYLINE
  8
0
 66
1
 70
1
  0
VERTEX
  8
0
 10
75.760002
 20
94.791738
 42
0.090537
  0
VERTEX
  8
0
 10
75.505442
 20
93.034833
 42
0.118519
  0
VERTEX
  8
0
 10
75.940850
 20
91.477532
 42
0.137692
  0
VERTEX
  8
0
 10
76.967929
 20
90.443927
 42
0.143274
  0
VERTEX
  8
0
 10
78.366631
 20
90.116001
 42
0.004651
  0
VERTEX
  8
0
 10
79.519938
 20
90.189477
 42
0.231107
  0
VERTEX
  8
0
 10
79.711975
 20
90.301265
 42
0.505790
  0
VERTEX
  8
0
 10
79.663534
 20
90.435156
 42
0.007876
  0
VERTEX
  8
0
 10
78.750000
 20
90.689326
 42
-0.077376
  0
VERTEX
  8
0
 10
77.593022
 20
91.192259
 42
-0.191511
  0
VERTEX
  8
0
 10
77.059347
 20
91.927511
 42
-0.259181
  0
VERTEX
  8
0
 10
77.252871
 20
92.661534
 42
-0.121610
  0
VERTEX
  8
0
 10
78.109653
 20
93.203218
 42
0.145901
  0
VERTEX
  8
0
 10
78.462017
 20
93.450283
 42
0.232159
  0
VERTEX
  8
0
 10
78.538411
 20
93.802997
 42
0.123261
  0
VERTEX
  8
0
 10
78.292402
 20
94.266193
 42
0.036156
  0
VERTEX
  8
0
 10
77.706899
 20
94.828289
 42
0.024926
  0
VERTEX
  8
0
 10
76.899457
 20
95.433091
 42
0.154157
  0
VERTEX
  8
0
 10
76.408377
 20
95.578104
 42
0.244738
  0
VERTEX
  8
0
 10
76.052137
 20
95.384039
 42
0.066968
  0
SEQEND
  0
POLYLINE
  8
0
 66
1
 70
1
  0
VERTEX
  8
0
 10
104.885773
 20
93.250000
 42
0.018821
  0
VERTEX
  8
0
 10
104.654963
 20
91.439897
 42
0.134013
  0
VERTEX
  8
0
 10
104.809377
 20
90.577866
 42
0.224098
  0
VERTEX
  8
0
 10
105.337894
 20
90.145029
 42
0.063249
  0
VERTEX
  8
0
 10
106.423193
 20
90.015313
 42
0.025410
  0
VERTEX
  8
0
 10
107.229848
 20
90.062300
 42
0.143707
  0
VERTEX
  8
0
 10
107.623365
 20
90.226109
 42
0.390759
  0
VERTEX
  8
0
 10
107.658698
 20
90.466636
 42
0.101040
  0
VERTEX
  8
0
 10
107.350815
 20
90.765313
 42
-0.101618
  0
VERTEX
  8
0
 10
106.882068
 20
91.221086
 42
-0.038320
  0
VERTEX
  8
0
 10
106.425159
 20
92.018561
 42
-0.035998
  0
VERTEX
  8
0
 10
106.046792
 20
92.989122
 42
-0.036439
  0
VERTEX
  8
0
 10
105.813396
 20
94.000000
 42
0.005356
  0
VERTEX
  8
0
 10
105.561286
 20
95.516146
 42
0.570977
  0
VERTEX
  8
0
 10
105.400874
 20
95.576104
 42
0.181180
  0
VERTEX
  8
0
 10
105.235081
 20
95.294697
 42
0.002368
  0
SEQEND
  0
POLYLINE
  8
0
 66
1
 70
1
  0
VERTEX
  8
0
 10
82.250000
 20
94.282394
 42
0.118417
  0
VERTEX
  8
0
 10
81.771796
 20
93.968661
 42
0.067186
  0
VERTEX
  8
0
 10
81.367188
 20
93.402224
 42
0.061110
  0
VERTEX
  8
0
 10
81.093165
 20
92.683012
 42
0.060563
  0
VERTEX
  8
0
 10
81.000000
 20
91.916667
 42
0.199385
  0
VERTEX
  8
0
 10
81.529850
 20
90.640780
 42
0.169351
  0
VERTEX
  8
0
 10
82.853671
 20
90.004465
 42
0.156820
  0
VERTEX
  8
0
 10
84.364990
 20
90.308565
 42
0.175448
  0
VERTEX
  8
0
 10
85.333570
 20
91.426887
 42
0.164386
  0
VERTEX
  8
0
 10
85.382384
 20
92.630040
 42
0.135437
  0
VERTEX
  8
0
 10
84.702500
 20
93.727732
 42
0.129407
  0
VERTEX
  8
0
 10
83.526637
 20
94.354370
 42
0.145295
  0
SEQEND
  0
POLYLINE
  8
0
 66
1
 70
1
  0
VERTEX
  8
0
 10
70.070285
 20
91.823324
 42
0.003519
  0
VERTEX
  8
0
 10
70.126826
 20
90.307389
 42
0.307090
  0
VERTEX
  8
0
 10
70.256234
 20
90.133660
 42
0.388559
  0
VERTEX
  8
0
 10
70.432218
 20
90.209422
 42
0.004301
  0
VERTEX
  8
0
 10
71.000000
 20
91.500000
 42
-0.005675
  0
VERTEX
  8
0
 10
71.510599
 20
92.652006
 42
-0.223503
  0
VERTEX
  8
0
 10
71.717909
 20
92.827495
 42
-0.467319
  0
VERTEX
  8
0
 10
71.868926
 20
92.721577
 42
-0.011173
  0
VERTEX
  8
0
 10
71.929715
 20
91.750000
 42
0.059078
  0
VERTEX
  8
0
 10
72.036453
 20
91.080762
 42
0.075806
  0
VERTEX
  8
0
 10
72.294643
 20
90.514062
 42
0.092381
  0
VERTEX
  8
0
 10
72.658363
 20
90.133723
 42
0.157148
  0
VERTEX
  8
0
 10
73.073324
 20
90.000000
 42
0.331008
  0
VERTEX
  8
0
 10
73.800369
 20
90.540540
 42
0.158560
  0
VERTEX
  8
0
 10
73.772919
 20
91.769697
 42
0.103439
  0
VERTEX
  8
0
 10
72.943405
 20
93.144246
 42
0.159180
  0
VERTEX
  8
0
 10
71.738516
 20
93.811841
 42
0.082625
  0
VERTEX
  8
0
 10
70.936252
 20
93.832205
 42
0.185398
  0
VERTEX
  8
0
 10
70.411789
 20
93.541502
 42
0.141125
  0
VERTEX
  8
0
 10
70.128050
 20
92.902073
 42
0.041894
  0
SEQEND
  0
POLYLINE
  8
0
 66
1
 70
1
  0
VERTEX
  8
0
 10
87.428571
 20
92.000000
 42
0.065434
  0
VERTEX
  8
0
 10
87.529060
 20
91.235418
 42
0.082833
  0
VERTEX
  8
0
 10
87.823586
 20
90.587500
 42
0.099071
  0
VERTEX
  8
0
 10
88.260489
 20
90.154110
 42
0.147012
  0
VERTEX
  8
0
 10
88.773303
 20
90.000000
 42
0.091188
  0
VERTEX
  8
0
 10
89.234179
 20
90.084757
 42
0.169837
  0
VERTEX
  8
0
 10
89.521174
 20
90.326592
 42
0.175663
  0
VERTEX
  8
0
 10
89.589279
 20
90.687829
 42
0.098351
  0
VERTEX
  8
0
 10
89.430902
 20
91.111803
 42
-0.123544
  0
VERTEX
  8
0
 10
89.274791
 20
91.602982
 42
-0.099558
  0
VERTEX
  8
0
 10
89.350436
 20
92.153424
 42
-0.089711
  0
VERTEX
  8
0
 10
89.647270
 20
92.679176
 42
-0.078477
  0
VERTEX
  8
0
 10
90.121885
 20
93.096491
 42
0.029263
  0
VERTEX
  8
0
 10
90.734871
 20
93.537000
 42
0.401292
  0
VERTEX
  8
0
 10
90.766275
 20
93.785059
 42
0.220400
  0
VERTEX
  8
0
 10
90.467932
 20
93.947897
 42
0.014560
  0
VERTEX
  8
0
 10
89.464286
 20
93.984687
 42
0.069097
  0
VERTEX
  8
0
 10
88.566823
 20
93.866943
 42
0.126742
  0
VERTEX
  8
0
 10
87.931122
 20
93.502486
 42
0.128418
  0
VERTEX
  8
0
 10
87.555848
 20
92.880184
 42
0.071927
  0
SEQEND
  0
POLYLINE
  8
0
 66
1
 70
1
  0
VERTEX
  8
0
 10
92.428571
 20
92.000000
 42
0.037431
  0
VERTEX
  8
0
 10
92.485989
 20
91.234084
 42
0.056229
  0
VERTEX
  8
0
 10
92.659375
 20
90.587500
 42
0.073811
  0
VERTEX
  8
0
 10
92.913319
 20
90.145709
 42
0.229337
  0
VERTEX
  8
0
 10
93.214286
 20
90.000000
 42
0.175075
  0
VERTEX
  8
0
 10
93.514110
 20
90.108303
 42
0.093051
  0
VERTEX
  8
0
 10
93.769196
 20
90.416146
 42
0.073277
  0
VERTEX
  8
0
 10
93.941840
 20
90.874684
 42
0.053501
  0
VERTEX
  8
0
 10
94.000000
 20
91.416667
 42
-0.080074
  0
VERTEX
  8
0
 10
94.093368
 20
91.995939
 42
-0.064399
  0
VERTEX
  8
0
 10
94.367188
 20
92.565351
 42
-0.065245
  0
VERTEX
  8
0
 10
94.772091
 20
93.039141
 42
-0.087674
  0
VERTEX
  8
0
 10
95.250000
 20
93.337719
 42
0.100887
  0
VERTEX
  8
0
 10
95.548233
 20
93.535088
 42
0.457787
  0
VERTEX
  8
0
 10
95.534821
 20
93.717133
 42
0.127798
  0
VERTEX
  8
0
 10
95.180716
 20
93.860384
 42
0.022863
  0
VERTEX
  8
0
 10
94.464286
 20
93.921053
 42
0.066961
  0
VERTEX
  8
0
 10
93.556032
 20
93.834543
 42
0.132707
  0
VERTEX
  8
0
 10
92.923167
 20
93.494900
 42
0.134641
  0
VERTEX
  8
0
 10
92.553101
 20
92.886807
 42
0.069869
  0
SEQEND
  0
POLYLINE
  8
0
 66
1
 70
1
  0
VERTEX
  8
0
 10
99.000000
 20
93.000000
 42
-0.021149
  0
VERTEX
  8
0
 10
99.621859
 20
92.559769
 42
-0.167501
  0
VERTEX
  8
0
 10
99.812500
 20
92.269141
 42
-0.405416
  0
VERTEX
  8
0
 10
99.704915
 20
92.081977
 42
-0.066727
  0
VERTEX
  8
0
 10
99.250000
 20
92.015313
 42
0.078330
  0
VERTEX
  8
0
 10
98.772489
 20
91.934037
 42
0.089546
  0
VERTEX
  8
0
 10
98.367188
 20
91.710748
 42
0.099425
  0
VERTEX
  8
0
 10
98.096112
 20
91.382594
 42
0.123684
  0
VERTEX
  8
0
 10
98.000000
 20
91.000000
 42
0.220409
  0
VERTEX
  8
0
 10
98.177320
 20
90.617289
 42
0.077451
  0
VERTEX
  8
0
 10
98.706874
 20
90.293750
 42
0.058891
  0
VERTEX
  8
0
 10
99.484960
 20
90.073203
 42
0.039660
  0
VERTEX
  8
0
 10
100.406380
 20
90.000000
 42
0.036036
  0
VERTEX
  8
0
 10
101.613909
 20
90.087143
 42
0.169429
  0
VERTEX
  8
0
 10
102.221836
 20
90.403445
 42
0.201856
  0
VERTEX
  8
0
 10
102.440826
 20
90.990551
 42
0.053660
  0
VERTEX
  8
0
 10
102.289749
 20
92.000000
 42
0.081174
  0
VERTEX
  8
0
 10
101.926754
 20
92.817735
 42
0.087563
  0
VERTEX
  8
0
 10
101.329648
 20
93.452997
 42
0.086334
  0
VERTEX
  8
0
 10
100.543456
 20
93.851788
 42
0.076238
  0
VERTEX
  8
0
 10
99.633369
 20
93.984687
 42
0.011366
  0
VERTEX
  8
0
 10
98.488221
 20
93.950427
 42
0.241159
  0
VERTEX
  8
0
 10
98.202892
 20
93.784807
 42
0.390640
  0
VERTEX
  8
0
 10
98.247562
 20
93.529528
 42
0.019754
  0
SEQEND
  0
POLYLINE
  8
0
 66
1
 70
1
  0
VERTEX
  8
0
 10
494.361626
 20
92.500000
 42
-0.075971
  0
VERTEX
  8
0
 10
494.496993
 20
91.879392
 42
-0.156610
  0
VERTEX
  8
0
 10
494.376521
 20
91.402798
 42
-0.166497
  0
VERTEX
  8
0
 10
494.009036
 20
91.104078
 42
-0.088373
  0
VERTEX
  8
0
 10
493.424778
 20
91.000000
 42
0.083171
  0
VERTEX
  8
0
 10
492.859501
 20
90.905316
 42
0.104121
  0
VERTEX
  8
0
 10
492.404291
 20
90.632812
 42
0.115971
  0
VERTEX
  8
0
 10
492.130376
 20
90.226339
 42
0.123422
  0
VERTEX
  8
0
 10
492.074646
 20
89.750000
 42
-0.028860
  0
VERTEX
  8
0
 10
492.205300
 20
87.923957
 42
-0.139788
  0
VERTEX
  8
0
 10
491.936736
 20
86.930619
 42
-0.252427
  0
VERTEX
  8
0
 10
491.294899
 20
86.550715
 42
-0.099953
  0
VERTEX
  8
0
 10
490.250000
 20
86.718616
 42
0.011274
  0
VERTEX
  8
0
 10
489.239496
 20
87.071551
 42
0.403289
  0
VERTEX
  8
0
 10
489.035840
 20
86.972368
 42
0.256824
  0
VERTEX
  8
0
 10
489.078825
 20
86.691505
 42
0.007057
  0
VERTEX
  8
0
 10
489.872445
 20
85.687231
 42
0.120167
  0
VERTEX
  8
0
 10
491.494341
 20
84.457497
 42
0.100789
  0
VERTEX
  8
0
 10
493.611130
 20
84.009312
 42
0.134316
  0
VERTEX
  8
0
 10
495.322957
 20
84.463389
 42
0.267220
  0
VERTEX
  8
0
 10
496.000000
 20
85.639757
 42
0.086802
  0
VERTEX
  8
0
 10
495.873250
 20
86.364363
 42
0.046630
  0
VERTEX
  8
0
 10
495.485937
 20
87.188065
 42
0.044568
  0
VERTEX
  8
0
 10
494.919550
 20
87.978411
 42
0.052702
  0
VERTEX
  8
0
 10
494.250000
 20
88.607954
 42
-0.005777
  0
VERTEX
  8
0
 10
493.132120
 20
89.477084
 42
-0.228450
  0
VERTEX
  8
0
 10
493.000000
 20
89.751160
 42
-0.395521
  0
VERTEX
  8
0
 10
493.161439
 20
89.923317
 42
-0.011517
  0
VERTEX
  8
0
 10
494.250000
 20
89.968197
 42
0.229099
  0
VERTEX
  8
0
 10
495.375753
 20
90.538055
 42
0.124035
  0
VERTEX
  8
0
 10
496.001185
 20
91.997108
 42
0.147924
  0
VERTEX
  8
0
 10
495.808130
 20
93.412459
 42
0.293387
  0
VERTEX
  8
0
 10
494.893011
 20
94.000000
 42
0.158089
  0
VERTEX
  8
0
 10
494.519085
 20
93.878743
 42
0.151946
  0
VERTEX
  8
0
 10
494.280284
 20
93.559375
 42
0.112257
  0
VERTEX
  8
0
 10
494.223280
 20
93.073899
 42
0.065020
  0
SEQEND
  0
POLYLINE
  8
0
 66
1
 70
1
  0
VERTEX
  8
0
 10
495.000000
 20
86.000000
 42
-0.099038
  0
VERTEX
  8
0
 10
494.923658
 20
85.618362
 42
-0.097945
  0
VERTEX
  8
0
 10
494.706250
 20
85.293750
 42
-0.097945
  0
VERTEX
  8
0
 10
494.381638
 20
85.076342
 42
-0.099038
  0
VERTEX
  8
0
 10
494.000000
 20
85.000000
 42
-0.099038
  0
VERTEX
  8
0
 10
493.618362
 20
85.076342
 42
-0.097945
  0
VERTEX
  8
0
 10
493.293750
 20
85.293750
 42
-0.097945
  0
VERTEX
  8
0
 10
493.076342
 20
85.618362
 42
-0.099038
  0
VERTEX
  8
0
 10
493.000000
 20
86.000000
 42
-0.099038
  0
VERTEX
  8
0
 10
493.076342
 20
86.381638
 42
-0.097945
  0
VERTEX
  8
0
 10
493.293750
 20
86.706250
 42
-0.097945
  0
VERTEX
  8
0
 10
493.618362
 20
86.923658
 42
-0.099038
  0
VERTEX
  8
0
 10
494.000000
 20
87.000000
 42
-0.099038
  0
VERTEX
  8
0
 10
494.381638
 20
86.923658
 42
-0.097945
  0
VERTEX
  8
0
 10
494.706250
 20
86.706250
 42
-0.097945
  0
VERTEX
  8
0
 10
494.923658
 20
86.381638
 42
-0.099038
  0
SEQEND
  0
POLYLINE
  8
0
 66
1
 70
1
  0
VERTEX
  8
0
 10
556.750000
 20
93.294267
 42
-0.064168
  0
VERTEX
  8
0
 10
558.365145
 20
92.761821
 42
-0.259516
  0
VERTEX
  8
0
 10
558.943217
 20
91.945843
 42
-0.352691
  0
VERTEX
  8
0
 10
558.493326
 20
91.243334
 42
-0.080940
  0
VERTEX
  8
0
 10
557.000000
 20
91.000000
 42
0.043375
  0
VERTEX
  8
0
 10
556.234359
 20
90.933456
 42
0.063112
  0
VERTEX
  8
0
 10
555.587500
 20
90.733751
 42
0.082769
  0
VERTEX
  8
0
 10
555.149557
 20
90.440102
 42
0.206609
  0
VERTEX
  8
0
 10
555.000000
 20
90.093620
 42
0.412597
  0
VERTEX
  8
0
 10
555.596410
 20
89.493908
 42
0.097003
  0
VERTEX
  8
0
 10
557.137023
 20
89.786813
 42
0.066420
  0
VERTEX
  8
0
 10
558.934298
 20
90.801419
 42
0.108631
  0
VERTEX
  8
0
 10
560.066851
 20
92.124913
 42
0.044841
  0
VERTEX
  8
0
 10
560.510169
 20
93.168290
 42
0.318051
  0
VERTEX
  8
0
 10
560.354693
 20
93.664370
 42
0.161735
  0
VERTEX
  8
0
 10
559.685849
 20
93.893854
 42
0.012815
  0
VERTEX
  8
0
 10
557.785184
 20
93.863818
 42
0.004853
  0
VERTEX
  8
0
 10
556.213998
 20
93.783403
 42
0.110989
  0
VERTEX
  8
0
 10
555.783520
 20
93.658723
 42
0.678226
  0
VERTEX
  8
0
 10
555.802236
 20
93.508709
 42
0.016119
  0
SEQEND
  0
POLYLINE
  8
0
 66
1
 70
1
  0
VERTEX
  8
0
 10
673.750000
 20
93.216168
 42
0.006990
  0
VERTEX
  8
0
 10
669.628196
 20
93.049651
 42
0.011579
  0
VERTEX
  8
0
 10
666.157812
 20
92.780104
 42
0.005275
  0
VERTEX
  8
0
 10
663.291862
 20
92.460022
 42
0.378980
  0
VERTEX
  8
0
 10
663.000000
 20
92.130265
 42
0.419103
  0
VERTEX
  8
0
 10
663.541629
 20
91.597588
 42
0.001448
  0
VERTEX
  8
0
 10
673.633409
 20
91.795025
 42
0.002162
  0
VERTEX
  8
0
 10
683.522599
 20
92.059949
 42
0.178084
  0
VERTEX
  8
0
 10
684.916667
 20
92.622552
 42
0.570872
  0
VERTEX
  8
0
 10
684.823567
 20
93.075521
 42
0.069493
  0
VERTEX
  8
0
 10
683.578284
 20
93.317433
 42
0.017888
  0
VERTEX
  8
0
 10
680.583134
 20
93.369366
 42
0.001990
  0
SEQEND
  0
POLYLINE
  8
0
 66
1
 70
1
  0
VERTEX
  8
0
 10
150.000000
 20
89.500000
 42
0.024563
  0
VERTEX
  8
0
 10
150.081821
 20
87.835442
 42
0.083717
  0
VERTEX
  8
0
 10
150.365358
 20
86.791792
 42
0.144941
  0
VERTEX
  8
0
 10
150.871548
 20
86.214882
 42
0.141616
  0
VERTEX
  8
0
 10
151.615010
 20
86.000000
 42
-0.048132
  0
VERTEX
  8
0
 10
152.484774
 20
85.916079
 42
-0.358926
  0
VERTEX
  8
0
 10
152.730020
 20
85.618452
 42
-0.137476
  0
VERTEX
  8
0
 10
152.569992
 20
85.047431
 42
-0.008391
  0
VERTEX
  8
0
 10
151.615010
 20
83.535183
 42
0.013906
  0
VERTEX
  8
0
 10
150.490423
 20
81.710082
 42
0.076577
  0
VERTEX
  8
0
 10
150.072097
 20
80.636532
 42
0.449580
  0
VERTEX
  8
0
 10
150.306184
 20
80.312968
 42
0.164732
  0
VERTEX
  8
0
 10
150.930902
 20
80.457295
 42
-0.108373
  0
VERTEX
  8
0
 10
151.334197
 20
80.598899
 42
-0.099685
  0
VERTEX
  8
0
 10
151.772860
 20
80.565079
 42
-0.095498
  0
VERTEX
  8
0
 10
152.179369
 20
80.360589
 42
-0.090427
  0
VERTEX
  8
0
 10
152.489919
 20
80.016312
 42
-0.136093
  0
VERTEX
  8
0
 10
152.602176
 20
79.630360
 42
-0.190788
  0
VERTEX
  8
0
 10
152.475564
 20
79.298542
 42
-0.140899
  0
VERTEX
  8
0
 10
152.109731
 20
79.074611
 42
-0.067432
  0
VERTEX
  8
0
 10
151.559017
 20
79.000000
 42
0.062283
  0
VERTEX
  8
0
 10
150.962904
 20
78.925455
 42
0.080552
  0
VERTEX
  8
0
 10
150.457961
 20
78.706250
 42
0.097988
  0
VERTEX
  8
0
 10
150.120018
 20
78.381379
 42
0.153634
  0
VERTEX
  8
0
 10
150.000000
 20
78.000000
 42
0.335725
  0
VERTEX
  8
0
 10
150.505461
 20
77.332059
 42
0.050854
  0
VERTEX
  8
0
 10
152.263655
 20
77.023790
 42
0.049512
  0
VERTEX
  8
0
 10
154.176463
 20
77.075441
 42
0.166375
  0
VERTEX
  8
0
 10
155.285714
 20
77.619048
 42
0.224108
  0
VERTEX
  8
0
 10
155.410869
 20
77.967892
 42
0.075960
  0
VERTEX
  8
0
 10
155.275034
 20
78.504133
 42
0.057782
  0
VERTEX
  8
0
 10
154.918625
 20
79.133666
 42
0.038721
  0
VERTEX
  8
0
 10
154.380053
 20
79.762804
 42
-0.072017
  0
VERTEX
  8
0
 10
153.776904
 20
80.570174
 42
-0.068362
  0
VERTEX
  8
0
 10
153.414303
 20
81.529679
 42
-0.064513
  0
VERTEX
  8
0
 10
153.311113
 20
82.601786
 42
-0.053303
  0
VERTEX
  8
0
 10
153.470732
 20
83.739409
 42
0.047720
  0
VERTEX
  8
0
 10
153.627415
 20
84.772354
 42
0.043721
  0
VERTEX
  8
0
 10
153.592759
 20
85.847709
 42
0.046520
  0
VERTEX
  8
0
 10
153.385945
 20
86.805914
 42
0.097098
  0
VERTEX
  8
0
 10
153.021984
 20
87.473511
 42
-0.066787
  0
VERTEX
  8
0
 10
152.620393
 20
88.114988
 42
-0.232073
  0
VERTEX
  8
0
 10
152.634707
 20
88.590366
 42
-0.172722
  0
VERTEX
  8
0
 10
153.043910
 20
88.965924
 42
-0.036192
  0
VERTEX
  8
0
 10
153.978925
 20
89.284238
 42
0.118503
  0
VERTEX
  8
0
 10
155.641319
 20
90.174538
 42
0.282366
  0
VERTEX
  8
0
 10
156.029815
 20
91.463217
 42
0.234543
  0
VERTEX
  8
0
 10
155.040234
 20
92.595250
 42
0.098235
  0
VERTEX
  8
0
 10
153.000000
 20
93.000000
 42
0.032088
  0
VERTEX
  8
0
 10
151.260192
 20
92.888231
 42
0.185552
  0
VERTEX
  8
0
 10
150.464286
 20
92.458333
 42
0.157079
  0
VERTEX
  8
0
 10
150.088063
 20
91.561026
 42
0.021354
  0
SEQEND
  0
POLYLINE
  8
0
 66
1
 70
1
  0
VERTEX
  8
0
 10
205.078947
 20
90.416667
 42
0.018894
  0
VERTEX
  8
0
 10
205.137993
 20
89.670344
 42
0.168741
  0
VERTEX
  8
0
 10
205.279315
 20
89.378580
 42
0.470617
  0
VERTEX
  8
0
 10
205.461564
 20
89.395823
 42
0.054073
  0
VERTEX
  8
0
 10
205.683114
 20
89.812500
 42
0.051402
  0
VERTEX
  8
0
 10
205.839148
 20
90.359369
 42
0.054150
  0
VERTEX
  8
0
 10
205.876576
 20
90.916927
 42
0.060344
  0
VERTEX
  8
0
 10
205.797407
 20
91.402231
 42
0.126455
  0
VERTEX
  8
0
 10
205.604167
 20
91.729167
 42
0.296942
  0
VERTEX
  8
0
 10
205.385309
 20
91.775380
 42
0.208169
  0
VERTEX
  8
0
 10
205.200665
 20
91.592839
 42
0.077125
  0
VERTEX
  8
0
 10
205.089945
 20
91.112848
 42
0.028489
  0
SEQEND
  0
POLYLINE
  8
0
 66
1
 70
1
  0
VERTEX
  8
0
 10
291.000000
 20
90.116577
 42
0.099659
  0
VERTEX
  8
0
 10
291.167134
 20
89.286372
 42
0.103575
  0
VERTEX
  8
0
 10
291.641562
 20
88.598432
 42
0.088741
  0
VERTEX
  8
0
 10
292.421217
 20
88.083575
 42
0.054486
  0
VERTEX
  8
0
 10
293.476498
 20
87.759742
 42
0.029068
  0
VERTEX
  8
0
 10
295.618429
 20
87.478047
 42
0.289805
  0
VERTEX
  8
0
 10
296.380477
 20
87.885993
 42
0.320730
  0
VERTEX
  8
0
 10
296.294155
 20
88.700426
 42
0.032517
  0
VERTEX
  8
0
 10
294.828802
 20
90.148479
 42
0.026067
  0
VERTEX
  8
0
 10
293.022276
 20
91.557280
 42
0.155878
  0
VERTEX
  8
0
 10
291.896481
 20
91.906685
 42
0.313023
  0
VERTEX
  8
0
 10
291.232957
 20
91.437925
 42
0.087477
  0
SEQEND
  0
POLYLINE
  8
0
 66
1
 70
1
  0
VERTEX
  8
0
 10
293.500000
 20
90.000000
 42
-0.082592
  0
VERTEX
  8
0
 10
293.656512
 20
89.617900
 42
-0.161196
  0
VERTEX
  8
0
 10
293.625400
 20
89.293750
 42
-0.182303
  0
VERTEX
  8
0
 10
293.413961
 20
89.078288
 42
-0.108972
  0
VERTEX
  8
0
 10
293.059017
 20
89.000000
 42
-0.093332
  0
VERTEX
  8
0
 10
292.654762
 20
89.076123
 42
-0.096420
  0
VERTEX
  8
0
 10
292.311086
 20
89.293750
 42
-0.099167
  0
VERTEX
  8
0
 10
292.081062
 20
89.618444
 42
-0.105053
  0
VERTEX
  8
0
 10
292.000000
 20
90.000000
 42
-0.042167
  0
VERTEX
  8
0
 10
292.032345
 20
90.382849
 42
-0.061769
  0
VERTEX
  8
0
 10
292.129539
 20
90.706250
 42
-0.081139
  0
VERTEX
  8
0
 10
292.272352
 20
90.925540
 42
-0.210953
  0
VERTEX
  8
0
 10
292.440983
 20
91.000000
 42
-0.151918
  0
VERTEX
  8
0
 10
292.651710
 20
90.934461
 42
-0.038439
  0
VERTEX
  8
0
 10
292.933975
 20
90.706250
 42
-0.035638
  0
VERTEX
  8
0
 10
293.231006
 20
90.382774
 42
-0.029505
  0
SEQEND
  0
POLYLINE
  8
0
 66
1
 70
1
  0
VERTEX
  8
0
 10
633.714060
 20
89.380727
 42
0.175534
  0
VERTEX
  8
0
 10
633.429081
 20
88.772032
 42
0.005574
  0
VERTEX
  8
0
 10
633.209755
 20
86.008311
 42
0.010190
  0
VERTEX
  8
0
 10
633.051757
 20
82.696109
 42
0.006822
  0
VERTEX
  8
0
 10
633.000000
 20
78.902884
 42
-0.004004
  0
VERTEX
  8
0
 10
632.950825
 20
72.761991
 42
-0.050331
  0
VERTEX
  8
0
 10
632.681293
 20
70.460733
 42
-0.159228
  0
VERTEX
  8
0
 10
632.010973
 20
69.324443
 42
-0.133724
  0
VERTEX
  8
0
 10
630.750000
 20
68.705733
 42
0.003620
  0
VERTEX
  8
0
 10
629.431321
 20
68.441828
 42
0.574721
  0
VERTEX
  8
0
 10
629.392379
 20
68.325405
 42
0.200802
  0
VERTEX
  8
0
 10
629.598669
 20
68.224735
 42
0.002047
  0
VERTEX
  8
0
 10
631.250000
 20
68.136182
 42
0.000000
  0
VERTEX
  8
0
 10
634.000000
 20
68.000000
 42
0.000000
  0
VERTEX
  8
0
 10
634.000000
 20
77.000000
 42
-0.009164
  0
VERTEX
  8
0
 10
634.066717
 20
80.639727
 42
-0.018502
  0
VERTEX
  8
0
 10
634.277778
 20
83.500000
 42
-0.014491
  0
VERTEX
  8
0
 10
634.579235
 20
85.644810
 42
-0.365646
  0
VERTEX
  8
0
 10
635.000000
 20
86.000000
 42
-0.395848
  0
VERTEX
  8
0
 10
635.463604
 20
85.564768
 42
-0.002835
  0
VERTEX
  8
0
 10
635.797696
 20
79.754838
 42
-0.007464
  0
VERTEX
  8
0
 10
636.071150
 20
72.335933
 42
-0.003051
  0
VERTEX
  8
0
 10
636.230649
 20
62.250000
 42
0.000000
  0
VERTEX
  8
0
 10
636.461298
 20
38.500000
 42
0.000000
  0
VERTEX
  8
0
 10
636.749524
 20
61.931125
 42
0.003134
  0
VERTEX
  8
0
 10
636.810351
 20
72.013285
 42
0.007410
  0
VERTEX
  8
0
 10
636.697270
 20
79.524190
 42
0.003839
  0
VERTEX
  8
0
 10
636.478846
 20
85.338023
 42
0.187183
  0
VERTEX
  8
0
 10
636.018875
 20
86.381125
 42
-0.059859
  0
VERTEX
  8
0
 10
635.170968
 20
87.460606
 42
-0.230112
  0
VERTEX
  8
0
 10
635.093143
 20
88.286988
 42
-0.242563
  0
VERTEX
  8
0
 10
635.690462
 20
88.828476
 42
-0.065212
  0
VERTEX
  8
0
 10
637.000000
 20
89.000000
 42
-0.315225
  0
VERTEX
  8
0
 10
638.178756
 20
88.174862
 42
-0.065484
  0
VERTEX
  8
0
 10
638.758184
 20
85.566008
 42
-0.018555
  0
VERTEX
  8
0
 10
639.040330
 20
80.001935
 42
-0.001192
  0
VERTEX
  8
0
 10
639.221938
 20
63.750000
 42
0.000565
  0
VERTEX
  8
0
 10
639.341192
 20
51.728612
 42
0.010642
  0
VERTEX
  8
0
 10
639.463203
 20
47.956401
 42
0.958116
  0
VERTEX
  8
0
 10
639.594540
 20
47.957825
 42
0.003040
  0
VERTEX
  8
0
 10
639.748954
 20
53.930090
 42
-0.005652
  0
VERTEX
  8
0
 10
640.060166
 20
63.942168
 42
-0.043984
  0
VERTEX
  8
0
 10
640.666640
 20
68.570645
 42
-0.113581
  0
VERTEX
  8
0
 10
641.831045
 20
71.016069
 42
-0.164851
  0
VERTEX
  8
0
 10
643.822621
 20
72.302318
 42
0.016469
  0
VERTEX
  8
0
 10
644.354932
 20
72.455167
 42
0.707293
  0
VERTEX
  8
0
 10
644.357145
 20
72.536989
 42
0.109904
  0
VERTEX
  8
0
 10
644.093078
 20
72.576276
 42
0.006586
  0
VERTEX
  8
0
 10
643.286808
 20
72.508060
 42
-0.137695
  0
VERTEX
  8
0
 10
642.045626
 20
72.728911
 42
-0.210885
  0
VERTEX
  8
0
 10
641.348068
 20
73.548140
 42
-0.059773
  0
VERTEX
  8
0
 10
641.014585
 20
75.487728
 42
-0.004387
  0
VERTEX
  8
0
 10
640.786808
 20
80.895708
 42
0.000000
  0
VERTEX
  8
0
 10
640.500000
 20
89.500000
 42
0.000000
  0
VERTEX
  8
0
 10
637.464060
 20
89.797393
 42
0.023563
  0
VERTEX
  8
0
 10
636.249413
 20
89.858820
 42
0.028525
  0
VERTEX
  8
0
 10
635.110172
 20
89.797672
 42
0.029193
  0
VERTEX
  8
0
 10
634.179428
 20
89.638837
 42
0.140413
  0
SEQEND
  0
POLYLINE
  8
0
 66
1
 70
1
  0
VERTEX
  8
0
 10
655.000000
 20
88.000000
 42
0.048028
  0
VERTEX
  8
0
 10
655.073693
 20
87.234582
 42
0.068025
  0
VERTEX
  8
0
 10
655.293750
 20
86.587500
 42
0.088204
  0
VERTEX
  8
0
 10
655.618118
 20
86.151477
 42
0.191087
  0
VERTEX
  8
0
 10
656.000000
 20
86.000000
 42
0.131963
  0
VERTEX
  8
0
 10
656.361161
 20
86.097009
 42
0.125825
  0
VERTEX
  8
0
 10
656.632812
 20
86.363151
 42
0.108109
  0
VERTEX
  8
0
 10
656.770080
 20
86.763995
 42
0.078682
  0
VERTEX
  8
0
 10
656.750000
 20
87.236258
 42
-0.257887
  0
VERTEX
  8
0
 10
656.921790
 20
87.781466
 42
-0.075327
  0
VERTEX
  8
0
 10
657.668240
 20
88.303624
 42
-0.051134
  0
VERTEX
  8
0
 10
658.885022
 20
88.758648
 42
-0.025369
  0
VERTEX
  8
0
 10
660.500000
 20
89.094353
 42
0.000000
  0
VERTEX
  8
0
 10
664.500000
 20
89.716189
 42
0.000000
  0
VERTEX
  8
0
 10
659.750000
 20
89.858095
 42
0.011967
  0
VERTEX
  8
0
 10
657.070999
 20
89.873992
 42
0.088954
  0
VERTEX
  8
0
 10
655.826012
 20
89.627529
 42
0.198742
  0
VERTEX
  8
0
 10
655.218880
 20
89.044384
 42
0.103663
  0
SEQEND
  0
POLYLINE
  8
0
 66
1
 70
1
  0
VERTEX
  8
0
 10
556.875000
 20
88.714286
 42
-0.000959
  0
VERTEX
  8
0
 10
556.817021
 20
88.386678
 42
-0.000541
  0
VERTEX
  8
0
 10
556.745502
 20
87.989509
 42
-0.000540
  0
VERTEX
  8
0
 10
556.672479
 20
87.588957
 42
-0.000885
  0
VERTEX
  8
0
 10
556.609687
 20
87.250000
 42
-0.047426
  0
VERTEX
  8
0
 10
556.502689
 20
86.877521
 42
-0.015601
  0
VERTEX
  8
0
 10
556.277441
 20
86.353125
 42
-0.015382
  0
VERTEX
  8
0
 10
555.989809
 20
85.783600
 42
-0.016827
  0
VERTEX
  8
0
 10
555.675670
 20
85.250000
 42
0.091556
  0
VERTEX
  8
0
 10
555.453810
 20
84.699541
 42
0.246873
  0
VERTEX
  8
0
 10
555.568182
 20
84.307037
 42
0.162370
  0
VERTEX
  8
0
 10
556.025151
 20
84.068403
 42
0.039853
  0
VERTEX
  8
0
 10
556.881966
 20
84.000000
 42
0.089517
  0
VERTEX
  8
0
 10
558.577649
 20
84.306038
 42
0.199092
  0
VERTEX
  8
0
 10
559.520149
 20
85.184352
 42
0.208892
  0
VERTEX
  8
0
 10
559.539842
 20
86.436210
 42
0.097625
  0
VERTEX
  8
0
 10
558.618324
 20
87.810247
 42
0.024618
  0
VERTEX
  8
0
 10
557.988084
 20
88.381304
 42
0.052185
  0
VERTEX
  8
0
 10
557.438664
 20
88.743367
 42
0.100136
  0
VERTEX
  8
0
 10
557.054471
 20
88.853340
 42
0.386924
  0
SEQEND
  0
POLYLINE
  8
0
 66
1
 70
1
  0
VERTEX
  8
0
 10
188.568768
 20
87.111269
 42
0.550076
  0
VERTEX
  8
0
 10
188.733535
 20
86.772108
 42
0.015453
  0
VERTEX
  8
0
 10
190.681994
 20
86.612248
 42
0.017515
  0
VERTEX
  8
0
 10
193.361696
 20
86.569552
 42
0.008685
  0
VERTEX
  8
0
 10
196.759751
 20
86.693515
 42
0.001039
  0
VERTEX
  8
0
 10
205.241009
 20
87.168205
 42
0.154221
  0
VERTEX
  8
0
 10
206.146651
 20
87.513254
 42
0.705465
  0
VERTEX
  8
0
 10
206.037587
 20
87.833733
 42
0.001354
  0
VERTEX
  8
0
 10
198.309017
 20
87.921053
 42
0.009082
  0
VERTEX
  8
0
 10
194.747015
 20
87.886951
 42
0.013804
  0
VERTEX
  8
0
 10
191.656538
 20
87.715745
 42
0.008372
  0
VERTEX
  8
0
 10
189.119822
 20
87.462017
 42
0.229083
  0
SEQEND
  0
POLYLINE
  8
0
 66
1
 70
1
  0
VERTEX
  8
0
 10
400.000000
 20
86.000000
 42
0.018041
  0
VERTEX
  8
0
 10
400.027671
 20
85.233356
 42
0.029316
  0
VERTEX
  8
0
 10
400.112615
 20
84.587500
 42
0.029396
  0
VERTEX
  8
0
 10
400.233718
 20
84.109555
 42
0.326917
  0
VERTEX
  8
0
 10
400.383369
 20
84.000000
 42
0.269386
  0
VERTEX
  8
0
 10
400.560437
 20
84.102864
 42
0.023188
  0
VERTEX
  8
0
 10
400.807757
 20
84.587500
 42
0.025621
  0
VERTEX
  8
0
 10
401.061542
 20
85.233613
 42
0.016817
  0
VERTEX
  8
0
 10
401.289749
 20
86.000000
 42
0.040966
  0
VERTEX
  8
0
 10
401.424365
 20
86.766322
 42
0.070464
  0
VERTEX
  8
0
 10
401.392877
 20
87.412500
 42
0.106581
  0
VERTEX
  8
0
 10
401.210205
 20
87.842465
 42
0.243840
  0
VERTEX
  8
0
 10
400.906380
 20
88.000000
 42
0.206609
  0
VERTEX
  8
0
 10
400.559898
 20
87.850443
 42
0.082769
  0
VERTEX
  8
0
 10
400.266249
 20
87.412500
 42
0.063112
  0
VERTEX
  8
0
 10
400.066544
 20
86.765641
 42
0.043375
  0
SEQEND
  0
POLYLINE
  8
0
 66
1
 70
1
  0
VERTEX
  8
0
 10
292.250000
 20
86.333333
 42
0.117609
  0
VERTEX
  8
0
 10
291.771602
 20
85.995651
 42
0.064123
  0
VERTEX
  8
0
 10
291.367188
 20
85.396757
 42
0.058401
  0
VERTEX
  8
0
 10
291.093053
 20
84.643879
 42
0.058197
  0
VERTEX
  8
0
 10
291.000000
 20
83.847116
 42
0.064565
  0
VERTEX
  8
0
 10
291.120833
 20
82.915264
 42
0.170460
  0
VERTEX
  8
0
 10
291.492981
 20
82.366098
 42
0.149518
  0
VERTEX
  8
0
 10
292.165412
 20
82.127695
 42
0.046272
  0
VERTEX
  8
0
 10
293.250000
 20
82.180449
 42
0.063228
  0
VERTEX
  8
0
 10
294.204745
 20
82.441978
 42
0.097475
  0
VERTEX
  8
0
 10
294.914841
 20
82.915363
 42
0.107317
  0
VERTEX
  8
0
 10
295.348235
 20
83.584640
 42
0.090455
  0
VERTEX
  8
0
 10
295.500000
 20
84.416667
 42
0.086398
  0
VERTEX
  8
0
 10
295.280181
 20
85.679298
 42
0.175060
  0
VERTEX
  8
0
 10
294.645652
 20
86.446009
 42
0.160064
  0
VERTEX
  8
0
 10
293.619974
 20
86.670430
 42
0.069732
  0
SEQEND
  0
POLYLINE
  8
0
 66
1
 70
1
  0
VERTEX
  8
0
 10
329.374067
 20
76.500000
 42
0.002694
  0
VERTEX
  8
0
 10
329.396772
 20
72.559407
 42
0.014736
  0
VERTEX
  8
0
 10
329.483275
 20
70.431038
 42
0.854790
  0
VERTEX
  8
0
 10
329.607002
 20
70.420350
 42
0.045022
  0
VERTEX
  8
0
 10
329.740078
 20
71.286513
 42
0.009604
  0
VERTEX
  8
0
 10
329.852369
 20
73.881008
 42
0.006105
  0
VERTEX
  8
0
 10
329.888160
 20
76.904699
 42
0.006131
  0
VERTEX
  8
0
 10
329.850643
 20
79.873938
 42
0.011299
  0
VERTEX
  8
0
 10
329.735976
 20
82.286513
 42
0.099936
  0
VERTEX
  8
0
 10
329.604415
 20
82.763171
 42
0.764402
  0
VERTEX
  8
0
 10
329.478685
 20
82.737288
 42
0.012902
  0
VERTEX
  8
0
 10
329.394767
 20
80.449157
 42
0.002807
  0
SEQEND
  0
POLYLINE
  8
0
 66
1
 70
1
  0
VERTEX
  8
0
 10
65.666667
 20
84.333333
 42
0.109444
  0
VERTEX
  8
0
 10
65.409393
 20
83.929625
 42
0.030728
  0
VERTEX
  8
0
 10
65.195833
 20
83.208511
 42
0.029420
  0
VERTEX
  8
0
 10
65.049091
 20
82.341507
 42
0.027217
  0
VERTEX
  8
0
 10
65.000000
 20
81.440322
 42
0.117646
  0
VERTEX
  8
0
 10
65.367458
 20
79.900229
 42
0.128199
  0
VERTEX
  8
0
 10
66.384442
 20
78.748713
 42
0.178852
  0
VERTEX
  8
0
 10
67.587726
 20
78.456300
 42
0.229310
  0
VERTEX
  8
0
 10
68.537073
 20
79.059986
 42
-0.106375
  0
VERTEX
  8
0
 10
68.846281
 20
79.381733
 42
-0.099386
  0
VERTEX
  8
0
 10
69.267911
 20
79.557611
 42
-0.096059
  0
VERTEX
  8
0
 10
69.737122
 20
79.560211
 42
-0.092156
  0
VERTEX
  8
0
 10
70.180902
 20
79.388197
 42
0.131568
  0
VERTEX
  8
0
 10
70.645759
 20
79.248494
 42
0.099345
  0
VERTEX
  8
0
 10
71.173722
 20
79.337891
 42
0.087063
  0
VERTEX
  8
0
 10
71.684569
 20
79.643735
 42
0.073390
  0
VERTEX
  8
0
 10
72.096491
 20
80.121885
 42
-0.017021
  0
VERTEX
  8
0
 10
72.525459
 20
80.750728
 42
-0.201371
  0
VERTEX
  8
0
 10
72.773467
 20
80.899621
 42
-0.406169
  0
VERTEX
  8
0
 10
72.935897
 20
80.781595
 42
-0.039658
  0
VERTEX
  8
0
 10
72.984687
 20
80.250000
 42
0.070688
  0
VERTEX
  8
0
 10
73.058544
 20
79.772288
 42
0.085414
  0
VERTEX
  8
0
 10
73.261751
 20
79.367188
 42
0.098884
  0
VERTEX
  8
0
 10
73.559523
 20
79.096216
 42
0.136127
  0
VERTEX
  8
0
 10
73.906380
 20
79.000000
 42
0.225593
  0
VERTEX
  8
0
 10
74.213011
 20
79.145766
 42
0.114111
  0
VERTEX
  8
0
 10
74.405680
 20
79.538542
 42
0.076396
  0
VERTEX
  8
0
 10
74.450982
 20
80.131052
 42
0.044928
  0
VERTEX
  8
0
 10
74.333333
 20
80.833333
 42
0.141628
  0
VERTEX
  8
0
 10
73.687297
 20
81.918053
 42
0.109239
  0
VERTEX
  8
0
 10
72.496880
 20
82.622970
 42
0.172533
  0
VERTEX
  8
0
 10
71.460849
 20
82.597394
 42
0.310546
  0
VERTEX
  8
0
 10
71.000000
 20
81.926953
 42
-0.288033
  0
VERTEX
  8
0
 10
70.847572
 20
81.684304
 42
-0.086161
  0
VERTEX
  8
0
 10
70.408134
 20
81.559307
 42
-0.057466
  0
VERTEX
  8
0
 10
69.757497
 20
81.565535
 42
-0.032862
  0
VERTEX
  8
0
 10
68.985138
 20
81.714138
 42
0.029855
  0
VERTEX
  8
0
 10
67.950093
 20
81.919738
 42
0.233716
  0
VERTEX
  8
0
 10
67.497914
 20
81.768486
 42
0.253133
  0
VERTEX
  8
0
 10
67.365409
 20
81.329203
 42
0.034334
  0
VERTEX
  8
0
 10
67.632316
 20
80.370518
 42
-0.010210
  0
VERTEX
  8
0
 10
67.959131
 20
79.383519
 42
-0.263698
  0
VERTEX
  8
0
 10
67.900911
 20
79.118593
 42
-0.400374
  0
VERTEX
  8
0
 10
67.683261
 20
79.101766
 42
-0.015367
  0
VERTEX
  8
0
 10
67.014396
 20
79.682783
 42
-0.158259
  0
VERTEX
  8
0
 10
66.337079
 20
80.891045
 42
-0.112390
  0
VERTEX
  8
0
 10
66.379054
 20
82.455081
 42
-0.170078
  0
VERTEX
  8
0
 10
67.048806
 20
83.460579
 42
-0.309291
  0
VERTEX
  8
0
 10
67.992937
 20
83.504365
 42
0.081847
  0
VERTEX
  8
0
 10
68.377772
 20
83.346067
 42
0.160356
  0
VERTEX
  8
0
 10
68.704175
 20
83.375882
 42
0.182842
  0
VERTEX
  8
0
 10
68.921043
 20
83.586502
 42
0.110022
  0
VERTEX
  8
0
 10
69.000000
 20
83.940983
 42
0.244563
  0
VERTEX
  8
0
 10
68.647804
 20
84.617965
 42
0.124185
  0
VERTEX
  8
0
 10
67.726291
 20
84.969326
 42
0.100422
  0
VERTEX
  8
0
 10
66.580418
 20
84.873992
 42
0.126219
  0
SEQEND
  0
POLYLINE
  8
0
 66
1
 70
1
  0
VERTEX
  8
0
 10
84.896250
 20
84.080693
 42
-0.162094
  0
VERTEX
  8
0
 10
84.423757
 20
83.479137
 42
-0.071048
  0
VERTEX
  8
0
 10
83.496319
 20
83.040546
 42
-0.051706
  0
VERTEX
  8
0
 10
82.161681
 20
82.774777
 42
-0.026011
  0
VERTEX
  8
0
 10
80.443564
 20
82.703898
 42
0.010046
  0
VERTEX
  8
0
 10
79.032466
 20
82.690758
 42
0.049293
  0
VERTEX
  8
0
 10
78.242842
 20
82.589204
 42
0.573665
  0
VERTEX
  8
0
 10
78.193208
 20
82.430283
 42
0.148352
  0
VERTEX
  8
0
 10
78.489516
 20
82.253754
 42
-0.057145
  0
VERTEX
  8
0
 10
79.342267
 20
81.935781
 42
-0.035265
  0
VERTEX
  8
0
 10
80.260551
 20
81.383364
 42
-0.035037
  0
VERTEX
  8
0
 10
81.102363
 20
80.699660
 42
-0.051950
  0
VERTEX
  8
0
 10
81.724784
 20
79.982538
 42
0.072425
  0
VERTEX
  8
0
 10
82.524790
 20
79.133393
 42
0.116971
  0
VERTEX
  8
0
 10
83.419914
 20
78.714493
 42
0.083277
  0
VERTEX
  8
0
 10
84.624289
 20
78.667921
 42
0.023580
  0
VERTEX
  8
0
 10
86.478217
 20
78.995087
 42
-0.014926
  0
VERTEX
  8
0
 10
88.002303
 20
79.291322
 42
-0.060708
  0
VERTEX
  8
0
 10
88.944374
 20
79.329835
 42
-0.205702
  0
VERTEX
  8
0
 10
89.331031
 20
79.125503
 42
-0.318254
  0
VERTEX
  8
0
 10
89.353753
 20
78.763367
 42
0.096086
  0
VERTEX
  8
0
 10
89.218738
 20
78.406823
 42
0.282218
  0
VERTEX
  8
0
 10
89.312020
 20
78.173088
 42
0.190249
  0
VERTEX
  8
0
 10
89.615912
 20
78.090636
 42
0.051907
  0
VERTEX
  8
0
 10
90.110804
 20
78.198596
 42
0.112932
  0
VERTEX
  8
0
 10
90.666471
 20
78.534264
 42
0.057560
  0
VERTEX
  8
0
 10
91.186837
 20
79.168002
 42
0.052857
  0
VERTEX
  8
0
 10
91.596343
 20
79.980459
 42
0.053890
  0
VERTEX
  8
0
 10
91.823108
 20
80.855470
 42
0.044106
  0
VERTEX
  8
0
 10
91.892542
 20
82.056490
 42
0.250670
  0
VERTEX
  8
0
 10
91.584208
 20
82.592983
 42
0.166081
  0
VERTEX
  8
0
 10
90.857133
 20
82.762301
 42
0.018508
  0
VERTEX
  8
0
 10
89.146682
 20
82.525842
 42
-0.027371
  0
VERTEX
  8
0
 10
87.637440
 20
82.344383
 42
-0.103613
  0
VERTEX
  8
0
 10
86.701101
 20
82.477824
 42
-0.159633
  0
VERTEX
  8
0
 10
86.120335
 20
82.932898
 42
-0.095504
  0
VERTEX
  8
0
 10
85.776260
 20
83.748700
 42
0.014306
  0
VERTEX
  8
0
 10
85.567527
 20
84.611721
 42
0.240515
  0
VERTEX
  8
0
 10
85.375834
 20
84.822513
 42
0.390398
  0
VERTEX
  8
0
 10
85.169743
 20
84.739323
 42
0.024587
  0
SEQEND
  0
POLYLINE
  8
0
 66
1
 70
1
  0
VERTEX
  8
0
 10
85.000000
 20
81.000000
 42
-0.153634
  0
VERTEX
  8
0
 10
84.879982
 20
80.618621
 42
-0.097988
  0
VERTEX
  8
0
 10
84.542039
 20
80.293750
 42
-0.080552
  0
VERTEX
  8
0
 10
84.037096
 20
80.074545
 42
-0.062283
  0
VERTEX
  8
0
 10
83.440983
 20
80.000000
 42
-0.066118
  0
VERTEX
  8
0
 10
82.889346
 20
80.073267
 42
-0.138808
  0
VERTEX
  8
0
 10
82.521475
 20
80.293750
 42
-0.191142
  0
VERTEX
  8
0
 10
82.392057
 20
80.620352
 42
-0.139169
  0
VERTEX
  8
0
 10
82.500000
 20
81.000000
 42
-0.060810
  0
VERTEX
  8
0
 10
82.806203
 20
81.382515
 42
-0.051032
  0
VERTEX
  8
0
 10
83.212900
 20
81.706250
 42
-0.053229
  0
VERTEX
  8
0
 10
83.653442
 20
81.926698
 42
-0.089642
  0
VERTEX
  8
0
 10
84.059017
 20
82.000000
 42
-0.105429
  0
VERTEX
  8
0
 10
84.418051
 20
81.923444
 42
-0.099231
  0
VERTEX
  8
0
 10
84.723586
 20
81.706250
 42
-0.096318
  0
VERTEX
  8
0
 10
84.928382
 20
81.381732
 42
-0.092995
  0
SEQEND
  0
POLYLINE
  8
0
 66
1
 70
1
  0
VERTEX
  8
0
 10
200.768883
 20
82.224210
 42
0.000000
  0
VERTEX
  8
0
 10
200.187239
 20
80.000000
 42
0.000000
  0
VERTEX
  8
0
 10
220.531471
 20
80.000000
 42
0.001483
  0
VERTEX
  8
0
 10
233.614320
 20
80.038795
 42
0.023201
  0
VERTEX
  8
0
 10
238.080961
 20
80.272726
 42
0.092937
  0
VERTEX
  8
0
 10
240.080805
 20
80.856594
 42
0.302932
  0
VERTEX
  8
0
 10
240.725047
 20
82.000000
 42
0.077251
  0
VERTEX
  8
0
 10
240.436957
 20
83.233834
 42
0.166993
  0
VERTEX
  8
0
 10
239.806271
 20
83.960933
 42
0.395299
  0
VERTEX
  8
0
 10
239.253249
 20
83.832881
 42
0.148672
  0
VERTEX
  8
0
 10
239.000000
 20
83.000000
 42
-0.397849
  0
VERTEX
  8
0
 10
238.129998
 20
82.079681
 42
-0.019525
  0
VERTEX
  8
0
 10
233.555230
 20
82.001214
 42
-0.020200
  0
VERTEX
  8
0
 10
228.933251
 20
82.289485
 42
-0.263744
  0
VERTEX
  8
0
 10
227.583333
 20
83.250000
 42
0.029131
  0
VERTEX
  8
0
 10
227.255505
 20
83.857470
 42
0.260055
  0
VERTEX
  8
0
 10
227.000000
 20
84.000000
 42
0.260055
  0
VERTEX
  8
0
 10
226.744495
 20
83.857470
 42
0.029131
  0
VERTEX
  8
0
 10
226.416667
 20
83.250000
 42
-0.185519
  0
VERTEX
  8
0
 10
225.888462
 20
82.740574
 42
-0.042230
  0
VERTEX
  8
0
 10
224.685347
 20
82.347173
 42
-0.035974
  0
VERTEX
  8
0
 10
223.059783
 20
82.085341
 42
-0.021949
  0
VERTEX
  8
0
 10
221.116667
 20
82.000000
 42
-0.024147
  0
VERTEX
  8
0
 10
219.213834
 20
82.091949
 42
-0.026869
  0
VERTEX
  8
0
 10
217.396302
 20
82.367188
 42
-0.027622
  0
VERTEX
  8
0
 10
215.889652
 20
82.766776
 42
-0.110902
  0
VERTEX
  8
0
 10
215.075000
 20
83.250000
 42
0.026382
  0
VERTEX
  8
0
 10
214.367600
 20
83.850113
 42
0.164145
  0
VERTEX
  8
0
 10
213.923333
 20
84.000000
 42
0.247772
  0
VERTEX
  8
0
 10
213.586056
 20
83.821933
 42
0.062037
  0
VERTEX
  8
0
 10
213.291667
 20
83.250000
 42
-0.286536
  0
VERTEX
  8
0
 10
211.960069
 20
82.213908
 42
-0.025225
  0
VERTEX
  8
0
 10
207.503818
 20
81.978957
 42
-0.025120
  0
VERTEX
  8
0
 10
203.050733
 20
82.192842
 42
-0.295916
  0
VERTEX
  8
0
 10
201.758597
 20
83.224210
 42
0.189774
  0
VERTEX
  8
0
 10
201.550912
 20
83.472370
 42
0.334010
  0
VERTEX
  8
0
 10
201.299540
 20
83.435446
 42
0.103430
  0
VERTEX
  8
0
 10
201.020078
 20
83.003358
 42
0.028056
  0
SEQEND
  0
POLYLINE
  8
0
 66
1
 70
1
  0
VERTEX
  8
0
 10
590.426138
 20
62.500000
 42
0.001196
  0
VERTEX
  8
0
 10
590.445495
 20
54.614994
 42
0.006287
  0
VERTEX
  8
0
 10
590.520965
 20
50.283468
 42
0.925679
  0
VERTEX
  8
0
 10
590.630311
 20
50.278308
 42
0.024017
  0
VERTEX
  8
0
 10
590.747026
 20
51.805424
 42
0.004391
  0
VERTEX
  8
0
 10
590.846427
 20
56.909773
 42
0.002688
  0
VERTEX
  8
0
 10
590.878421
 20
62.931411
 42
0.002694
  0
VERTEX
  8
0
 10
590.845919
 20
68.895030
 42
0.004790
  0
VERTEX
  8
0
 10
590.745651
 20
73.805424
 42
0.037544
  0
VERTEX
  8
0
 10
590.629782
 20
74.904363
 42
0.900894
  0
VERTEX
  8
0
 10
590.519428
 20
74.895968
 42
0.005856
  0
VERTEX
  8
0
 10
590.444951
 20
70.394005
 42
0.001223
  0
SEQEND
  0
POLYLINE
  8
0
 66
1
 70
1
  0
VERTEX
  8
0
 10
96.000000
 20
81.059017
 42
0.046600
  0
VERTEX
  8
0
 10
96.073608
 20
80.270941
 42
0.066561
  0
VERTEX
  8
0
 10
96.293750
 20
79.604836
 42
0.086673
  0
VERTEX
  8
0
 10
96.618015
 20
79.155423
 42
0.195654
  0
VERTEX
  8
0
 10
97.000000
 20
79.000000
 42
0.142666
  0
VERTEX
  8
0
 10
97.381340
 20
79.111069
 42
0.099650
  0
VERTEX
  8
0
 10
97.706250
 20
79.423289
 42
0.084330
  0
VERTEX
  8
0
 10
97.925146
 20
79.890182
 42
0.067639
  0
VERTEX
  8
0
 10
98.000000
 20
80.440983
 42
0.061875
  0
VERTEX
  8
0
 10
97.925833
 20
81.038022
 42
0.051278
  0
VERTEX
  8
0
 10
97.706250
 20
81.640225
 42
0.053305
  0
VERTEX
  8
0
 10
97.382836
 20
82.157656
 42
0.088250
  0
VERTEX
  8
0
 10
97.000000
 20
82.500000
 42
0.202618
  0
VERTEX
  8
0
 10
96.621877
 20
82.558599
 42
0.181468
  0
VERTEX
  8
0
 10
96.293750
 20
82.331650
 42
0.104212
  0
VERTEX
  8
0
 10
96.071541
 20
81.804599
 42
0.047867
  0
SEQEND
  0
POLYLINE
  8
0
 66
1
 70
1
  0
VERTEX
  8
0
 10
558.206163
 20
81.250000
 42
-0.073147
  0
VERTEX
  8
0
 10
558.221359
 20
80.502271
 42
-0.153491
  0
VERTEX
  8
0
 10
557.981333
 20
79.979346
 42
-0.155044
  0
VERTEX
  8
0
 10
557.487389
 20
79.691108
 42
-0.075089
  0
VERTEX
  8
0
 10
556.750000
 20
79.638889
 42
0.052796
  0
VERTEX
  8
0
 10
556.080354
 20
79.621276
 42
0.076697
  0
VERTEX
  8
0
 10
555.514063
 20
79.455437
 42
0.101047
  0
VERTEX
  8
0
 10
555.135501
 20
79.173940
 42
0.184552
  0
VERTEX
  8
0
 10
555.000000
 20
78.819338
 42
0.236949
  0
VERTEX
  8
0
 10
555.171454
 20
78.477857
 42
0.091124
  0
VERTEX
  8
0
 10
555.660938
 20
78.236308
 42
0.064434
  0
VERTEX
  8
0
 10
556.388166
 20
78.127902
 42
0.040113
  0
VERTEX
  8
0
 10
557.250000
 20
78.180449
 42
0.066191
  0
VERTEX
  8
0
 10
558.252720
 20
78.461491
 42
0.105816
  0
VERTEX
  8
0
 10
558.975773
 20
78.973661
 42
0.106379
  0
VERTEX
  8
0
 10
559.423405
 20
79.734704
 42
0.067436
  0
VERTEX
  8
0
 10
559.613464
 20
80.750000
 42
0.038435
  0
VERTEX
  8
0
 10
559.590669
 20
81.611709
 42
0.059044
  0
VERTEX
  8
0
 10
559.427079
 20
82.339062
 42
0.079540
  0
VERTEX
  8
0
 10
559.158335
 20
82.833426
 42
0.232594
  0
VERTEX
  8
0
 10
558.819627
 20
83.000000
 42
0.203858
  0
VERTEX
  8
0
 10
558.497151
 20
82.862820
 42
0.107719
  0
VERTEX
  8
0
 10
558.265161
 20
82.485938
 42
0.077078
  0
VERTEX
  8
0
 10
558.160234
 20
81.919973
 42
0.048993
  0
SEQEND
  0
POLYLINE
  8
0
 66
1
 70
1
  0
VERTEX
  8
0
 10
195.269032
 20
80.307009
 42
0.037336
  0
VERTEX
  8
0
 10
196.036634
 20
80.167106
 42
0.029507
  0
VERTEX
  8
0
 10
196.880008
 20
80.127736
 42
0.030339
  0
VERTEX
  8
0
 10
197.671085
 20
80.185595
 42
0.062780
  0
VERTEX
  8
0
 10
198.269032
 20
80.344063
 42
0.313180
  0
VERTEX
  8
0
 10
198.386009
 20
80.522870
 42
0.333666
  0
VERTEX
  8
0
 10
198.257153
 20
80.684921
 42
0.052471
  0
VERTEX
  8
0
 10
197.580113
 20
80.787295
 42
0.014395
  0
VERTEX
  8
0
 10
196.500000
 20
80.805051
 42
0.012823
  0
VERTEX
  8
0
 10
195.431793
 20
80.764444
 42
0.080377
  0
VERTEX
  8
0
 10
194.900903
 20
80.643467
 42
0.597527
  0
VERTEX
  8
0
 10
194.883358
 20
80.483340
 42
0.087174
  0
SEQEND
  0
POLYLINE
  8
0
 66
1
 70
1
  0
VERTEX
  8
0
 10
243.269032
 20
80.307009
 42
0.037336
  0
VERTEX
  8
0
 10
244.036634
 20
80.167106
 42
0.029507
  0
VERTEX
  8
0
 10
244.880008
 20
80.127736
 42
0.030339
  0
VERTEX
  8
0
 10
245.671085
 20
80.185595
 42
0.062780
  0
VERTEX
  8
0
 10
246.269032
 20
80.344063
 42
0.313180
  0
VERTEX
  8
0
 10
246.386009
 20
80.522870
 42
0.333666
  0
VERTEX
  8
0
 10
246.257153
 20
80.684921
 42
0.052471
  0
VERTEX
  8
0
 10
245.580113
 20
80.787295
 42
0.014395
  0
VERTEX
  8
0
 10
244.500000
 20
80.805051
 42
0.012823
  0
VERTEX
  8
0
 10
243.431793
 20
80.764444
 42
0.080377
  0
VERTEX
  8
0
 10
242.900903
 20
80.643467
 42
0.597527
  0
VERTEX
  8
0
 10
242.883358
 20
80.483340
 42
0.087174
  0
SEQEND
  0
POLYLINE
  8
0
 66
1
 70
1
  0
VERTEX
  8
0
 10
248.825669
 20
73.017574
 42
0.000000
  0
VERTEX
  8
0
 10
249.151338
 20
65.030450
 42
0.000000
  0
VERTEX
  8
0
 10
219.825669
 20
64.749524
 42
0.000000
  0
VERTEX
  8
0
 10
190.500000
 20
64.468599
 42
0.000000
  0
VERTEX
  8
0
 10
219.680449
 20
64.234300
 42
0.000000
  0
VERTEX
  8
0
 10
248.860898
 20
64.000000
 42
0.000000
  0
VERTEX
  8
0
 10
249.294267
 20
61.750000
 42
0.842849
  0
VERTEX
  8
0
 10
249.469915
 20
61.753538
 42
0.020777
  0
VERTEX
  8
0
 10
249.640337
 20
63.318750
 42
0.009556
  0
VERTEX
  8
0
 10
249.781536
 20
66.270790
 42
0.004004
  0
VERTEX
  8
0
 10
249.863818
 20
70.250000
 42
0.006541
  0
VERTEX
  8
0
 10
249.862113
 20
74.372104
 42
0.010883
  0
VERTEX
  8
0
 10
249.739684
 20
77.842877
 42
0.004676
  0
VERTEX
  8
0
 10
249.548084
 20
80.725156
 42
0.391300
  0
VERTEX
  8
0
 10
249.250000
 20
81.002349
 42
0.389996
  0
VERTEX
  8
0
 10
248.961466
 20
80.738588
 42
0.008357
  0
VERTEX
  8
0
 10
248.815978
 20
78.657790
 42
0.014668
  0
VERTEX
  8
0
 10
248.754721
 20
76.079943
 42
0.008794
  0
SEQEND
  0
POLYLINE
  8
0
 66
1
 70
1
  0
VERTEX
  8
0
 10
291.666667
 20
80.333333
 42
0.142122
  0
VERTEX
  8
0
 10
291.406450
 20
79.860438
 42
0.018755
  0
VERTEX
  8
0
 10
291.195833
 20
78.723581
 42
0.020530
  0
VERTEX
  8
0
 10
291.048757
 20
77.322956
 42
0.015894
  0
VERTEX
  8
0
 10
291.000000
 20
75.789497
 42
0.016872
  0
VERTEX
  8
0
 10
291.068367
 20
73.764000
 42
0.097008
  0
VERTEX
  8
0
 10
291.343893
 20
72.731973
 42
0.205188
  0
VERTEX
  8
0
 10
291.882675
 20
72.267247
 42
0.118889
  0
VERTEX
  8
0
 10
292.750000
 20
72.206163
 42
-0.112968
  0
VERTEX
  8
0
 10
293.613685
 20
72.155469
 42
-0.209342
  0
VERTEX
  8
0
 10
294.142736
 20
71.713159
 42
-0.101910
  0
VERTEX
  8
0
 10
294.402722
 20
70.730373
 42
-0.017900
  0
VERTEX
  8
0
 10
294.440584
 20
68.808770
 42
0.018806
  0
VERTEX
  8
0
 10
294.470371
 20
67.424405
 42
0.037264
  0
VERTEX
  8
0
 10
294.616596
 20
66.336555
 42
0.057112
  0
VERTEX
  8
0
 10
294.842434
 20
65.660072
 42
0.448992
  0
VERTEX
  8
0
 10
295.123207
 20
65.576146
 42
0.168242
  0
VERTEX
  8
0
 10
295.407470
 20
65.924907
 42
0.034134
  0
VERTEX
  8
0
 10
295.633043
 20
66.702744
 42
0.032485
  0
VERTEX
  8
0
 10
295.780944
 20
67.687540
 42
0.025467
  0
VERTEX
  8
0
 10
295.816808
 20
68.767376
 42
-0.012445
  0
VERTEX
  8
0
 10
295.825091
 20
69.923575
 42
-0.010698
  0
VERTEX
  8
0
 10
295.890057
 20
71.137917
 42
-0.010829
  0
VERTEX
  8
0
 10
295.996529
 20
72.237823
 42
-0.030272
  0
VERTEX
  8
0
 10
296.134185
 20
73.000000
 42
0.100780
  0
VERTEX
  8
0
 10
296.159407
 20
73.657782
 42
0.214715
  0
VERTEX
  8
0
 10
295.883998
 20
74.073088
 42
0.138970
  0
VERTEX
  8
0
 10
295.272859
 20
74.252837
 42
0.037029
  0
VERTEX
  8
0
 10
294.250000
 20
74.187142
 42
-0.044738
  0
VERTEX
  8
0
 10
293.388427
 20
74.145110
 42
-0.070386
  0
VERTEX
  8
0
 10
292.660937
 20
74.278400
 42
-0.098531
  0
VERTEX
  8
0
 10
292.173879
 20
74.556095
 42
-0.217378
  0
VERTEX
  8
0
 10
292.000000
 20
74.937142
 42
-0.245570
  0
VERTEX
  8
0
 10
292.213190
 20
75.345037
 42
-0.066872
  0
VERTEX
  8
0
 10
292.881250
 20
75.687785
 42
-0.051517
  0
VERTEX
  8
0
 10
293.850877
 20
75.922547
 42
-0.033663
  0
VERTEX
  8
0
 10
295.000000
 20
76.000000
 42
0.016212
  0
VERTEX
  8
0
 10
297.244362
 20
76.072792
 42
0.282668
  0
VERTEX
  8
0
 10
297.815710
 20
76.477075
 42
0.269227
  0
VERTEX
  8
0
 10
297.728694
 20
77.187035
 42
0.015041
  0
VERTEX
  8
0
 10
296.277759
 20
78.988569
 42
0.046525
  0
VERTEX
  8
0
 10
294.988614
 20
80.237899
 42
0.098558
  0
VERTEX
  8
0
 10
293.760280
 20
80.877772
 42
0.135786
  0
VERTEX
  8
0
 10
292.642901
 20
80.893244
 42
0.133108
  0
SEQEND
  0
POLYLINE
  8
0
 66
1
 70
1
  0
VERTEX
  8
0
 10
294.447214
 20
77.914590
 42
-0.099038
  0
VERTEX
  8
0
 10
294.151486
 20
77.597789
 42
-0.097945
  0
VERTEX
  8
0
 10
293.755524
 20
77.417584
 42
-0.097945
  0
VERTEX
  8
0
 10
293.320774
 20
77.401684
 42
-0.099038
  0
VERTEX
  8
0
 10
292.914590
 20
77.552786
 42
-0.099038
  0
VERTEX
  8
0
 10
292.597789
 20
77.848514
 42
-0.097945
  0
VERTEX
  8
0
 10
292.417584
 20
78.244476
 42
-0.097945
  0
VERTEX
  8
0
 10
292.401684
 20
78.679226
 42
-0.099038
  0
VERTEX
  8
0
 10
292.552786
 20
79.085410
 42
-0.099038
  0
VERTEX
  8
0
 10
292.848514
 20
79.402211
 42
-0.097945
  0
VERTEX
  8
0
 10
293.244476
 20
79.582416
 42
-0.097945
  0
VERTEX
  8
0
 10
293.679226
 20
79.598316
 42
-0.099038
  0
VERTEX
  8
0
 10
294.085410
 20
79.447214
 42
-0.099038
  0
VERTEX
  8
0
 10
294.402211
 20
79.151486
 42
-0.097945
  0
VERTEX
  8
0
 10
294.582416
 20
78.755524
 42
-0.097945
  0
VERTEX
  8
0
 10
294.598316
 20
78.320774
 42
-0.099038
  0
SEQEND
  0
POLYLINE
  8
0
 66
1
 70
1
  0
VERTEX
  8
0
 10
614.380002
 20
77.547887
 42
0.098035
  0
VERTEX
  8
0
 10
614.142989
 20
76.175078
 42
0.167016
  0
VERTEX
  8
0
 10
614.543922
 20
75.095055
 42
0.127401
  0
VERTEX
  8
0
 10
615.638376
 20
74.295520
 42
0.047187
  0
VERTEX
  8
0
 10
617.485222
 20
73.758074
 42
0.035386
  0
VERTEX
  8
0
 10
618.887399
 20
73.591646
 42
0.204114
  0
VERTEX
  8
0
 10
619.572281
 20
73.845768
 42
0.178824
  0
VERTEX
  8
0
 10
619.916088
 20
74.541630
 42
0.026253
  0
VERTEX
  8
0
 10
620.000000
 20
76.138672
 42
0.033510
  0
VERTEX
  8
0
 10
619.897863
 20
77.660923
 42
0.148656
  0
VERTEX
  8
0
 10
619.528828
 20
78.467415
 42
0.167613
  0
VERTEX
  8
0
 10
618.801954
 20
78.878176
 42
0.045589
  0
VERTEX
  8
0
 10
617.468615
 20
79.000000
 42
0.053289
  0
VERTEX
  8
0
 10
616.459054
 20
78.892097
 42
0.056693
  0
VERTEX
  8
0
 10
615.517139
 20
78.573442
 42
0.063505
  0
VERTEX
  8
0
 10
614.778654
 20
78.103917
 42
0.128506
  0
SEQEND
  0
POLYLINE
  8
0
 66
1
 70
1
  0
VERTEX
  8
0
 10
619.000000
 20
76.000000
 42
-0.191087
  0
VERTEX
  8
0
 10
618.848523
 20
75.618118
 42
-0.088204
  0
VERTEX
  8
0
 10
618.412500
 20
75.293750
 42
-0.068025
  0
VERTEX
  8
0
 10
617.765418
 20
75.073693
 42
-0.048028
  0
VERTEX
  8
0
 10
617.000000
 20
75.000000
 42
-0.048028
  0
VERTEX
  8
0
 10
616.234582
 20
75.073693
 42
-0.068025
  0
VERTEX
  8
0
 10
615.587500
 20
75.293750
 42
-0.088204
  0
VERTEX
  8
0
 10
615.151477
 20
75.618118
 42
-0.191087
  0
VERTEX
  8
0
 10
615.000000
 20
76.000000
 42
-0.191087
  0
VERTEX
  8
0
 10
615.151477
 20
76.381882
 42
-0.088204
  0
VERTEX
  8
0
 10
615.587500
 20
76.706250
 42
-0.068025
  0
VERTEX
  8
0
 10
616.234582
 20
76.926307
 42
-0.048028
  0
VERTEX
  8
0
 10
617.000000
 20
77.000000
 42
-0.048028
  0
VERTEX
  8
0
 10
617.765418
 20
76.926307
 42
-0.068025
  0
VERTEX
  8
0
 10
618.412500
 20
76.706250
 42
-0.088204
  0
VERTEX
  8
0
 10
618.848523
 20
76.381882
 42
-0.191087
  0
SEQEND
  0
POLYLINE
  8
0
 66
1
 70
1
  0
VERTEX
  8
0
 10
492.250000
 20
74.619914
 42
0.036299
  0
VERTEX
  8
0
 10
492.344177
 20
73.324396
 42
0.217555
  0
VERTEX
  8
0
 10
492.701988
 20
72.770520
 42
0.184264
  0
VERTEX
  8
0
 10
493.398792
 20
72.626108
 42
0.025313
  0
VERTEX
  8
0
 10
494.875000
 20
72.941830
 42
0.082616
  0
VERTEX
  8
0
 10
497.064555
 20
73.935879
 42
0.228944
  0
VERTEX
  8
0
 10
497.896796
 20
75.357475
 42
0.311169
  0
VERTEX
  8
0
 10
497.210033
 20
76.546324
 42
0.111361
  0
VERTEX
  8
0
 10
495.198324
 20
77.000000
 42
0.031283
  0
VERTEX
  8
0
 10
493.643009
 20
76.902595
 42
0.139409
  0
VERTEX
  8
0
 10
492.809687
 20
76.548183
 42
0.171260
  0
VERTEX
  8
0
 10
492.382099
 20
75.854528
 42
0.053346
  0
SEQEND
  0
POLYLINE
  8
0
 66
1
 70
1
  0
VERTEX
  8
0
 10
150.000000
 20
74.317099
 42
0.131974
  0
VERTEX
  8
0
 10
150.117712
 20
73.878900
 42
0.156514
  0
VERTEX
  8
0
 10
150.434241
 20
73.592524
 42
0.126091
  0
VERTEX
  8
0
 10
150.918531
 20
73.507367
 42
0.072529
  0
VERTEX
  8
0
 10
151.500000
 20
73.638374
 42
-0.056964
  0
VERTEX
  8
0
 10
152.074316
 20
73.786614
 42
-0.101587
  0
VERTEX
  8
0
 10
152.559375
 20
73.755684
 42
-0.148022
  0
VERTEX
  8
0
 10
152.877625
 20
73.556127
 42
-0.181148
  0
VERTEX
  8
0
 10
153.000000
 20
73.229434
 42
-0.109743
  0
VERTEX
  8
0
 10
152.896835
 20
72.765063
 42
-0.038776
  0
VERTEX
  8
0
 10
152.559375
 20
72.168413
 42
-0.036243
  0
VERTEX
  8
0
 10
152.073994
 20
71.549040
 42
-0.035244
  0
VERTEX
  8
0
 10
151.500000
 20
71.000000
 42
0.108115
  0
VERTEX
  8
0
 10
150.344124
 20
69.518878
 42
0.125376
  0
VERTEX
  8
0
 10
149.993476
 20
67.769639
 42
0.192158
  0
VERTEX
  8
0
 10
150.560324
 20
66.537891
 42
0.242084
  0
VERTEX
  8
0
 10
151.748482
 20
66.190079
 42
0.137687
  0
VERTEX
  8
0
 10
152.587605
 20
66.609912
 42
0.113712
  0
VERTEX
  8
0
 10
153.159923
 20
67.434408
 42
0.065860
  0
VERTEX
  8
0
 10
153.512318
 20
68.821428
 42
0.018594
  0
VERTEX
  8
0
 10
153.691114
 20
71.049117
 42
0.012958
  0
VERTEX
  8
0
 10
153.733819
 20
73.562284
 42
0.090246
  0
VERTEX
  8
0
 10
153.503959
 20
74.764431
 42
0.197264
  0
VERTEX
  8
0
 10
152.942671
 20
75.356807
 42
0.106098
  0
VERTEX
  8
0
 10
151.942632
 20
75.571429
 42
0.062716
  0
VERTEX
  8
0
 10
151.199858
 20
75.477893
 42
0.080876
  0
VERTEX
  8
0
 10
150.570648
 20
75.202969
 42
0.098155
  0
VERTEX
  8
0
 10
150.149575
 20
74.795468
 42
0.152693
  0
SEQEND
  0
POLYLINE
  8
0
 66
1
 70
1
  0
VERTEX
  8
0
 10
152.457295
 20
69.069098
 42
-0.108373
  0
VERTEX
  8
0
 10
152.598899
 20
68.665803
 42
-0.099685
  0
VERTEX
  8
0
 10
152.565079
 20
68.227140
 42
-0.095498
  0
VERTEX
  8
0
 10
152.360589
 20
67.820631
 42
-0.090427
  0
VERTEX
  8
0
 10
152.016312
 20
67.510081
 42
-0.136093
  0
VERTEX
  8
0
 10
151.630360
 20
67.397824
 42
-0.190788
  0
VERTEX
  8
0
 10
151.298542
 20
67.524436
 42
-0.140899
  0
VERTEX
  8
0
 10
151.074611
 20
67.890269
 42
-0.067432
  0
VERTEX
  8
0
 10
151.000000
 20
68.440983
 42
-0.039415
  0
VERTEX
  8
0
 10
151.085158
 20
69.519563
 42
-0.257010
  0
VERTEX
  8
0
 10
151.407182
 20
69.933879
 42
-0.315493
  0
VERTEX
  8
0
 10
151.866860
 20
69.838655
 42
-0.050477
  0
SEQEND
  0
POLYLINE
  8
0
 66
1
 70
1
  0
VERTEX
  8
0
 10
615.750000
 20
72.250740
 42
0.099620
  0
VERTEX
  8
0
 10
615.045745
 20
71.934651
 42
0.096478
  0
VERTEX
  8
0
 10
614.509188
 20
71.367826
 42
0.087882
  0
VERTEX
  8
0
 10
614.190229
 20
70.592529
 42
0.067157
  0
VERTEX
  8
0
 10
614.116001
 20
69.676676
 42
0.005033
  0
VERTEX
  8
0
 10
614.188861
 20
68.527336
 42
0.217756
  0
VERTEX
  8
0
 10
614.303204
 20
68.319118
 42
0.520142
  0
VERTEX
  8
0
 10
614.440617
 20
68.364576
 42
0.009112
  0
VERTEX
  8
0
 10
614.689326
 20
69.250000
 42
-0.076926
  0
VERTEX
  8
0
 10
615.198662
 20
70.424578
 42
-0.201394
  0
VERTEX
  8
0
 10
615.937138
 20
70.941388
 42
-0.259867
  0
VERTEX
  8
0
 10
616.679195
 20
70.715624
 42
-0.111766
  0
VERTEX
  8
0
 10
617.233146
 20
69.800562
 42
0.090069
  0
VERTEX
  8
0
 10
617.444872
 20
69.414290
 42
0.340485
  0
VERTEX
  8
0
 10
617.696044
 20
69.354581
 42
0.166274
  0
VERTEX
  8
0
 10
617.975573
 20
69.616292
 42
0.030601
  0
VERTEX
  8
0
 10
618.272806
 20
70.268537
 42
0.075017
  0
VERTEX
  8
0
 10
618.538161
 20
71.474097
 42
0.247827
  0
VERTEX
  8
0
 10
618.217791
 20
72.193497
 42
0.182409
  0
VERTEX
  8
0
 10
617.331092
 20
72.472765
 42
0.041914
  0
SEQEND
  0
POLYLINE
  8
0
 66
1
 70
1
  0
VERTEX
  8
0
 10
648.153691
 20
66.943086
 42
0.009653
  0
VERTEX
  8
0
 10
648.234580
 20
63.953506
 42
0.096385
  0
VERTEX
  8
0
 10
648.528951
 20
62.742904
 42
0.236373
  0
VERTEX
  8
0
 10
649.163883
 20
62.233789
 42
0.088698
  0
VERTEX
  8
0
 10
650.336215
 20
62.193086
 42
0.129171
  0
VERTEX
  8
0
 10
651.912590
 20
62.857979
 42
0.172460
  0
VERTEX
  8
0
 10
652.748444
 20
64.152968
 42
0.213435
  0
VERTEX
  8
0
 10
652.494761
 20
65.479555
 42
0.177461
  0
VERTEX
  8
0
 10
651.307086
 20
66.309685
 42
-0.015355
  0
VERTEX
  8
0
 10
650.307128
 20
66.607504
 42
-0.423957
  0
VERTEX
  8
0
 10
650.199946
 20
66.830155
 42
-0.222807
  0
VERTEX
  8
0
 10
650.441691
 20
67.068834
 42
-0.007451
  0
VERTEX
  8
0
 10
651.750000
 20
67.510634
 42
0.067382
  0
VERTEX
  8
0
 10
652.630270
 20
67.930786
 42
0.069787
  0
VERTEX
  8
0
 10
653.355411
 20
68.565796
 42
0.075182
  0
VERTEX
  8
0
 10
653.835002
 20
69.327138
 42
0.103379
  0
VERTEX
  8
0
 10
654.000000
 20
70.116631
 42
0.092472
  0
VERTEX
  8
0
 10
653.833347
 20
71.010029
 42
0.159492
  0
VERTEX
  8
0
 10
653.359378
 20
71.589999
 42
0.110448
  0
VERTEX
  8
0
 10
652.488095
 20
71.907362
 42
0.032338
  0
VERTEX
  8
0
 10
651.057260
 20
72.000000
 42
0.040676
  0
VERTEX
  8
0
 10
649.280067
 20
71.855182
 42
0.225449
  0
VERTEX
  8
0
 10
648.513303
 20
71.323718
 42
0.123449
  0
VERTEX
  8
0
 10
648.189546
 20
70.178711
 42
0.009414
  0
SEQEND
  0
POLYLINE
  8
0
 66
1
 70
1
  0
VERTEX
  8
0
 10
651.000000
 20
69.000000
 42
-0.099038
  0
VERTEX
  8
0
 10
650.923658
 20
68.618362
 42
-0.097945
  0
VERTEX
  8
0
 10
650.706250
 20
68.293750
 42
-0.097945
  0
VERTEX
  8
0
 10
650.381638
 20
68.076342
 42
-0.099038
  0
VERTEX
  8
0
 10
650.000000
 20
68.000000
 42
-0.099038
  0
VERTEX
  8
0
 10
649.618362
 20
68.076342
 42
-0.097945
  0
VERTEX
  8
0
 10
649.293750
 20
68.293750
 42
-0.097945
  0
VERTEX
  8
0
 10
649.076342
 20
68.618362
 42
-0.099038
  0
VERTEX
  8
0
 10
649.000000
 20
69.000000
 42
-0.099038
  0
VERTEX
  8
0
 10
649.076342
 20
69.381638
 42
-0.097945
  0
VERTEX
  8
0
 10
649.293750
 20
69.706250
 42
-0.097945
  0
VERTEX
  8
0
 10
649.618362
 20
69.923658
 42
-0.099038
  0
VERTEX
  8
0
 10
650.000000
 20
70.000000
 42
-0.099038
  0
VERTEX
  8
0
 10
650.381638
 20
69.923658
 42
-0.097945
  0
VERTEX
  8
0
 10
650.706250
 20
69.706250
 42
-0.097945
  0
VERTEX
  8
0
 10
650.923658
 20
69.381638
 42
-0.099038
  0
SEQEND
  0
POLYLINE
  8
0
 66
1
 70
1
  0
VERTEX
  8
0
 10
492.000000
 20
70.616631
 42
0.269386
  0
VERTEX
  8
0
 10
492.102864
 20
70.439563
 42
0.023188
  0
VERTEX
  8
0
 10
492.587500
 20
70.192243
 42
0.025621
  0
VERTEX
  8
0
 10
493.233613
 20
69.938458
 42
0.016817
  0
VERTEX
  8
0
 10
494.000000
 20
69.710251
 42
0.040966
  0
VERTEX
  8
0
 10
494.766322
 20
69.575635
 42
0.070464
  0
VERTEX
  8
0
 10
495.412500
 20
69.607123
 42
0.106581
  0
VERTEX
  8
0
 10
495.842465
 20
69.789795
 42
0.243840
  0
VERTEX
  8
0
 10
496.000000
 20
70.093620
 42
0.206609
  0
VERTEX
  8
0
 10
495.850443
 20
70.440102
 42
0.082769
  0
VERTEX
  8
0
 10
495.412500
 20
70.733751
 42
0.063112
  0
VERTEX
  8
0
 10
494.765641
 20
70.933456
 42
0.043375
  0
VERTEX
  8
0
 10
494.000000
 20
71.000000
 42
0.018041
  0
VERTEX
  8
0
 10
493.233356
 20
70.972329
 42
0.029316
  0
VERTEX
  8
0
 10
492.587500
 20
70.887385
 42
0.029396
  0
VERTEX
  8
0
 10
492.109555
 20
70.766282
 42
0.326917
  0
SEQEND
  0
POLYLINE
  8
0
 66
1
 70
1
  0
VERTEX
  8
0
 10
291.000000
 20
67.559017
 42
0.049465
  0
VERTEX
  8
0
 10
291.058236
 20
66.971796
 42
0.047420
  0
VERTEX
  8
0
 10
291.230804
 20
66.398678
 42
0.051141
  0
VERTEX
  8
0
 10
291.484489
 20
65.922412
 42
0.106803
  0
VERTEX
  8
0
 10
291.785714
 20
65.632436
 42
0.251349
  0
VERTEX
  8
0
 10
292.082567
 20
65.614282
 42
0.161426
  0
VERTEX
  8
0
 10
292.340625
 20
65.855415
 42
0.085489
  0
VERTEX
  8
0
 10
292.515602
 20
66.368544
 42
0.039538
  0
VERTEX
  8
0
 10
292.571429
 20
67.073419
 42
0.038900
  0
VERTEX
  8
0
 10
292.513946
 20
67.811155
 42
0.057994
  0
VERTEX
  8
0
 10
292.340625
 20
68.434067
 42
0.076248
  0
VERTEX
  8
0
 10
292.086501
 20
68.858550
 42
0.223398
  0
VERTEX
  8
0
 10
291.785714
 20
69.000000
 42
0.177669
  0
VERTEX
  8
0
 10
291.485859
 20
68.889977
 42
0.092326
  0
VERTEX
  8
0
 10
291.230804
 20
68.576711
 42
0.072414
  0
VERTEX
  8
0
 10
291.058116
 20
68.110336
 42
0.052560
  0
SEQEND
  0
POLYLINE
  8
0
 66
1
 70
1
  0
VERTEX
  8
0
 10
492.279238
 20
66.056878
 42
0.048261
  0
VERTEX
  8
0
 10
492.296937
 20
65.224538
 42
0.158362
  0
VERTEX
  8
0
 10
492.524220
 20
64.731334
 42
0.210655
  0
VERTEX
  8
0
 10
492.947766
 20
64.547439
 42
0.090442
  0
VERTEX
  8
0
 10
493.566433
 20
64.663866
 42
-0.090720
  0
VERTEX
  8
0
 10
494.165278
 20
64.776221
 42
-0.173318
  0
VERTEX
  8
0
 10
494.621140
 20
64.615628
 42
-0.154741
  0
VERTEX
  8
0
 10
494.905536
 20
64.183260
 42
-0.068800
  0
VERTEX
  8
0
 10
495.000000
 20
63.500000
 42
-0.066014
  0
VERTEX
  8
0
 10
494.900409
 20
62.748965
 42
-0.194305
  0
VERTEX
  8
0
 10
494.591922
 20
62.341057
 42
-0.175223
  0
VERTEX
  8
0
 10
494.060507
 20
62.237451
 42
-0.052394
  0
VERTEX
  8
0
 10
493.250000
 20
62.452257
 42
0.009780
  0
VERTEX
  8
0
 10
492.360124
 20
62.771253
 42
0.264908
  0
VERTEX
  8
0
 10
492.123562
 20
62.724953
 42
0.417676
  0
VERTEX
  8
0
 10
492.110670
 20
62.536488
 42
0.014610
  0
VERTEX
  8
0
 10
492.662868
 20
61.946378
 42
0.141458
  0
VERTEX
  8
0
 10
493.877726
 20
61.269537
 42
0.260450
  0
VERTEX
  8
0
 10
494.932814
 20
61.575590
 42
0.155586
  0
VERTEX
  8
0
 10
495.609732
 20
62.907550
 42
0.057878
  0
VERTEX
  8
0
 10
495.707189
 20
65.030571
 42
0.096925
  0
VERTEX
  8
0
 10
495.175038
 20
67.007094
 42
0.208873
  0
VERTEX
  8
0
 10
493.996053
 20
68.005645
 42
0.317377
  0
VERTEX
  8
0
 10
492.857946
 20
67.623755
 42
0.140214
  0
SEQEND
  0
POLYLINE
  8
0
 66
1
 70
1
  0
VERTEX
  8
0
 10
614.000000
 20
64.380815
 42
0.172514
  0
VERTEX
  8
0
 10
614.153916
 20
63.947993
 42
0.141932
  0
VERTEX
  8
0
 10
614.559362
 20
63.667336
 42
0.096115
  0
VERTEX
  8
0
 10
615.197931
 20
63.582641
 42
0.049039
  0
VERTEX
  8
0
 10
616.000000
 20
63.710251
 42
0.036138
  0
VERTEX
  8
0
 10
616.765597
 20
63.970796
 42
0.047912
  0
VERTEX
  8
0
 10
617.412500
 20
64.320861
 42
0.056699
  0
VERTEX
  8
0
 10
617.860925
 20
64.702446
 42
0.190371
  0
VERTEX
  8
0
 10
618.000000
 20
65.054482
 42
0.233277
  0
VERTEX
  8
0
 10
617.850642
 20
65.357193
 42
0.082834
  0
VERTEX
  8
0
 10
617.412500
 20
65.590214
 42
0.060688
  0
VERTEX
  8
0
 10
616.765983
 20
65.722802
 42
0.039078
  0
VERTEX
  8
0
 10
616.000000
 20
65.725047
 42
0.056981
  0
VERTEX
  8
0
 10
615.235094
 20
65.578714
 42
0.072352
  0
VERTEX
  8
0
 10
614.587500
 20
65.268033
 42
0.087899
  0
VERTEX
  8
0
 10
614.151795
 20
64.847979
 42
0.158389
  0
SEQEND
  0
POLYLINE
  8
0
 66
1
 70
1
  0
VERTEX
  8
0
 10
149.845456
 20
64.036367
 42
0.071260
  0
VERTEX
  8
0
 10
149.725294
 20
63.374037
 42
0.009461
  0
VERTEX
  8
0
 10
149.699226
 20
61.947429
 42
0.010802
  0
VERTEX
  8
0
 10
149.737126
 20
60.244567
 42
0.008878
  0
VERTEX
  8
0
 10
149.849101
 20
58.429428
 42
0.015087
  0
VERTEX
  8
0
 10
150.102434
 20
56.125926
 42
0.076210
  0
VERTEX
  8
0
 10
150.473566
 20
54.890517
 42
0.170475
  0
VERTEX
  8
0
 10
151.041115
 20
54.318714
 42
0.162060
  0
VERTEX
  8
0
 10
151.854918
 20
54.212235
 42
0.302960
  0
VERTEX
  8
0
 10
153.244067
 20
55.585269
 42
0.050853
  0
VERTEX
  8
0
 10
153.642198
 20
59.503055
 42
0.050859
  0
VERTEX
  8
0
 10
153.241360
 20
63.420198
 42
0.303183
  0
VERTEX
  8
0
 10
151.851274
 20
64.791081
 42
0.063781
  0
VERTEX
  8
0
 10
151.194290
 20
64.832067
 42
0.073831
  0
VERTEX
  8
0
 10
150.581965
 20
64.699965
 42
0.085307
  0
VERTEX
  8
0
 10
150.106738
 20
64.421471
 42
0.138058
  0
SEQEND
  0
POLYLINE
  8
0
 66
1
 70
1
  0
VERTEX
  8
0
 10
153.000000
 20
63.059017
 42
-0.089642
  0
VERTEX
  8
0
 10
152.926698
 20
62.653442
 42
-0.053229
  0
VERTEX
  8
0
 10
152.706250
 20
62.212900
 42
-0.051032
  0
VERTEX
  8
0
 10
152.382515
 20
61.806203
 42
-0.060810
  0
VERTEX
  8
0
 10
152.000000
 20
61.500000
 42
-0.139169
  0
VERTEX
  8
0
 10
151.620352
 20
61.392057
 42
-0.191142
  0
VERTEX
  8
0
 10
151.293750
 20
61.521475
 42
-0.138808
  0
VERTEX
  8
0
 10
151.073267
 20
61.889346
 42
-0.066118
  0
VERTEX
  8
0
 10
151.000000
 20
62.440983
 42
-0.062283
  0
VERTEX
  8
0
 10
151.074545
 20
63.037096
 42
-0.080552
  0
VERTEX
  8
0
 10
151.293750
 20
63.542039
 42
-0.097988
  0
VERTEX
  8
0
 10
151.618621
 20
63.879982
 42
-0.153634
  0
VERTEX
  8
0
 10
152.000000
 20
64.000000
 42
-0.092995
  0
VERTEX
  8
0
 10
152.381732
 20
63.928382
 42
-0.096318
  0
VERTEX
  8
0
 10
152.706250
 20
63.723586
 42
-0.099231
  0
VERTEX
  8
0
 10
152.923444
 20
63.418051
 42
-0.105429
  0
SEQEND
  0
POLYLINE
  8
0
 66
1
 70
1
  0
VERTEX
  8
0
 10
291.748351
 20
63.250000
 42
0.100649
  0
VERTEX
  8
0
 10
291.603428
 20
62.699321
 42
0.004215
  0
VERTEX
  8
0
 10
291.505083
 20
60.664062
 42
0.007134
  0
VERTEX
  8
0
 10
291.442959
 20
58.236348
 42
0.004996
  0
VERTEX
  8
0
 10
291.439334
 20
55.500000
 42
0.000000
  0
VERTEX
  8
0
 10
291.500000
 20
48.500000
 42
0.000000
  0
VERTEX
  8
0
 10
294.486305
 20
48.500000
 42
0.034565
  0
VERTEX
  8
0
 10
295.880496
 20
48.596495
 42
0.093743
  0
VERTEX
  8
0
 10
296.815515
 20
48.911697
 42
0.133557
  0
VERTEX
  8
0
 10
297.377191
 20
49.464710
 42
0.109532
  0
VERTEX
  8
0
 10
297.634517
 20
50.269603
 42
0.001519
  0
VERTEX
  8
0
 10
297.729474
 20
51.343414
 42
0.352277
  0
VERTEX
  8
0
 10
297.677347
 20
51.420891
 42
0.415138
  0
VERTEX
  8
0
 10
297.602645
 20
51.381445
 42
0.001627
  0
VERTEX
  8
0
 10
297.296935
 20
50.374455
 42
-0.023375
  0
VERTEX
  8
0
 10
296.995124
 20
49.516429
 42
-0.254102
  0
VERTEX
  8
0
 10
296.721540
 20
49.291479
 42
-0.277238
  0
VERTEX
  8
0
 10
296.402319
 20
49.408152
 42
-0.026813
  0
VERTEX
  8
0
 10
295.898723
 20
50.104853
 42
0.033087
  0
VERTEX
  8
0
 10
295.374308
 20
50.811522
 42
0.230810
  0
VERTEX
  8
0
 10
294.991475
 20
50.979075
 42
0.214211
  0
VERTEX
  8
0
 10
294.604369
 20
50.785754
 42
0.028575
  0
VERTEX
  8
0
 10
294.054373
 20
50.028960
 42
-0.046262
  0
VERTEX
  8
0
 10
293.648176
 20
49.509642
 42
-0.076073
  0
VERTEX
  8
0
 10
293.209381
 20
49.167182
 42
-0.110352
  0
VERTEX
  8
0
 10
292.809832
 20
49.047498
 42
-0.217491
  0
VERTEX
  8
0
 10
292.505705
 20
49.160962
 42
-0.231569
  0
VERTEX
  8
0
 10
292.141741
 20
50.222575
 42
-0.038125
  0
VERTEX
  8
0
 10
292.587226
 20
52.408478
 42
-0.037624
  0
VERTEX
  8
0
 10
293.346177
 20
54.471799
 42
-0.293821
  0
VERTEX
  8
0
 10
294.167425
 20
55.000000
 42
-0.154058
  0
VERTEX
  8
0
 10
294.469035
 20
54.904810
 42
-0.191499
  0
VERTEX
  8
0
 10
294.629194
 20
54.660863
 42
-0.129291
  0
VERTEX
  8
0
 10
294.608799
 20
54.287811
 42
-0.060524
  0
VERTEX
  8
0
 10
294.404508
 20
53.845492
 42
0.029079
  0
VERTEX
  8
0
 10
294.148024
 20
53.370860
 42
0.362308
  0
VERTEX
  8
0
 10
294.196507
 20
53.187058
 42
0.277317
  0
VERTEX
  8
0
 10
294.415345
 20
53.170249
 42
0.022303
  0
VERTEX
  8
0
 10
294.941610
 20
53.463913
 42
0.139590
  0
VERTEX
  8
0
 10
295.407692
 20
53.974527
 42
0.061063
  0
VERTEX
  8
0
 10
295.716554
 20
54.846357
 42
0.051695
  0
VERTEX
  8
0
 10
295.844158
 20
55.949110
 42
0.039428
  0
VERTEX
  8
0
 10
295.762850
 20
57.162450
 42
-0.030015
  0
VERTEX
  8
0
 10
295.663173
 20
58.322469
 42
-0.038854
  0
VERTEX
  8
0
 10
295.718631
 20
59.388753
 42
-0.043108
  0
VERTEX
  8
0
 10
295.903158
 20
60.230539
 42
-0.180747
  0
VERTEX
  8
0
 10
296.215289
 20
60.633056
 42
0.183520
  0
VERTEX
  8
0
 10
296.459284
 20
60.951219
 42
0.109939
  0
VERTEX
  8
0
 10
296.494098
 20
61.432435
 42
0.082055
  0
VERTEX
  8
0
 10
296.309115
 20
62.008876
 42
0.054669
  0
VERTEX
  8
0
 10
295.926114
 20
62.589028
 42
0.086940
  0
VERTEX
  8
0
 10
294.866522
 20
63.489924
 42
0.093842
  0
VERTEX
  8
0
 10
293.591047
 20
63.946923
 42
0.117501
  0
VERTEX
  8
0
 10
292.454414
 20
63.859208
 42
0.203202
  0
SEQEND
  0
POLYLINE
  8
0
 66
1
 70
1
  0
VERTEX
  8
0
 10
294.749864
 20
60.416531
 42
-0.222509
  0
VERTEX
  8
0
 10
293.958406
 20
60.129854
 42
-0.148370
  0
VERTEX
  8
0
 10
293.049532
 20
60.498109
 42
-0.146836
  0
VERTEX
  8
0
 10
292.492512
 20
61.312904
 42
-0.218805
  0
VERTEX
  8
0
 10
292.596556
 20
62.156231
 42
-0.094625
  0
VERTEX
  8
0
 10
292.940704
 20
62.531428
 42
-0.169261
  0
VERTEX
  8
0
 10
293.335356
 20
62.655459
 42
-0.136091
  0
VERTEX
  8
0
 10
293.785686
 20
62.515485
 42
-0.053431
  0
VERTEX
  8
0
 10
294.296201
 20
62.103799
 42
-0.055675
  0
VERTEX
  8
0
 10
294.659942
 20
61.648583
 42
-0.075207
  0
VERTEX
  8
0
 10
294.871032
 20
61.166597
 42
-0.094570
  0
VERTEX
  8
0
 10
294.903147
 20
60.733892
 42
-0.169316
  0
SEQEND
  0
POLYLINE
  8
0
 66
1
 70
1
  0
VERTEX
  8
0
 10
614.094260
 20
59.500000
 42
0.021729
  0
VERTEX
  8
0
 10
614.118315
 20
58.418752
 42
0.070651
  0
VERTEX
  8
0
 10
614.265133
 20
57.718823
 42
0.275707
  0
VERTEX
  8
0
 10
614.498965
 20
57.527821
 42
0.295378
  0
VERTEX
  8
0
 10
614.765313
 20
57.649185
 42
-0.098488
  0
VERTEX
  8
0
 10
615.220553
 20
58.123228
 42
-0.036644
  0
VERTEX
  8
0
 10
616.018561
 20
58.597283
 42
-0.034568
  0
VERTEX
  8
0
 10
616.989114
 20
59.000400
 42
-0.035215
  0
VERTEX
  8
0
 10
618.000000
 20
59.263003
 42
0.000000
  0
VERTEX
  8
0
 10
620.500000
 20
59.727636
 42
0.000000
  0
VERTEX
  8
0
 10
617.833333
 20
59.863818
 42
-0.042428
  0
VERTEX
  8
0
 10
616.775752
 20
60.008358
 42
-0.047904
  0
VERTEX
  8
0
 10
615.801837
 20
60.327184
 42
-0.053940
  0
VERTEX
  8
0
 10
615.044787
 20
60.760522
 42
-0.140823
  0
VERTEX
  8
0
 10
614.662281
 20
61.250000
 42
0.302003
  0
VERTEX
  8
0
 10
614.469571
 20
61.382033
 42
0.328904
  0
VERTEX
  8
0
 10
614.287365
 20
61.251562
 42
0.057351
  0
VERTEX
  8
0
 10
614.151423
 20
60.578445
 42
0.015875
  0
SEQEND
  0
POLYLINE
  8
0
 66
1
 70
1
  0
VERTEX
  8
0
 10
492.000000
 20
57.500000
 42
0.044917
  0
VERTEX
  8
0
 10
492.106468
 20
56.317234
 42
0.124434
  0
VERTEX
  8
0
 10
492.450000
 20
55.562500
 42
0.149477
  0
VERTEX
  8
0
 10
493.064742
 20
55.142566
 42
0.075780
  0
VERTEX
  8
0
 10
494.000000
 20
55.000000
 42
0.075780
  0
VERTEX
  8
0
 10
494.935258
 20
55.142566
 42
0.149477
  0
VERTEX
  8
0
 10
495.550000
 20
55.562500
 42
0.124434
  0
VERTEX
  8
0
 10
495.893532
 20
56.317234
 42
0.044917
  0
VERTEX
  8
0
 10
496.000000
 20
57.500000
 42
0.044917
  0
VERTEX
  8
0
 10
495.893532
 20
58.682766
 42
0.124434
  0
VERTEX
  8
0
 10
495.550000
 20
59.437500
 42
0.149477
  0
VERTEX
  8
0
 10
494.935258
 20
59.857434
 42
0.075780
  0
VERTEX
  8
0
 10
494.000000
 20
60.000000
 42
0.075780
  0
VERTEX
  8
0
 10
493.064742
 20
59.857434
 42
0.149477
  0
VERTEX
  8
0
 10
492.450000
 20
59.437500
 42
0.124434
  0
VERTEX
  8
0
 10
492.106468
 20
58.682766
 42
0.044917
  0
SEQEND
  0
POLYLINE
  8
0
 66
1
 70
1
  0
VERTEX
  8
0
 10
648.116001
 20
57.750000
 42
0.005718
  0
VERTEX
  8
0
 10
648.187999
 20
56.607705
 42
0.197309
  0
VERTEX
  8
0
 10
648.306344
 20
56.371220
 42
0.541772
  0
VERTEX
  8
0
 10
648.449367
 20
56.411700
 42
0.011590
  0
VERTEX
  8
0
 10
648.689326
 20
57.250000
 42
-0.092105
  0
VERTEX
  8
0
 10
649.211279
 20
58.360707
 42
-0.159828
  0
VERTEX
  8
0
 10
650.026274
 20
58.955964
 42
-0.294014
  0
VERTEX
  8
0
 10
650.697571
 20
58.778779
 42
-0.187353
  0
VERTEX
  8
0
 10
651.000000
 20
58.000000
 42
0.184622
  0
VERTEX
  8
0
 10
651.285256
 20
57.253791
 42
0.268478
  0
VERTEX
  8
0
 10
651.938849
 20
57.040132
 42
0.159188
  0
VERTEX
  8
0
 10
652.759550
 20
57.514802
 42
0.091327
  0
VERTEX
  8
0
 10
653.361626
 20
58.500000
 42
0.118031
  0
VERTEX
  8
0
 10
653.454620
 20
59.203458
 42
0.230808
  0
VERTEX
  8
0
 10
653.162588
 20
59.672153
 42
0.116597
  0
VERTEX
  8
0
 10
652.399799
 20
59.931524
 42
0.023909
  0
VERTEX
  8
0
 10
650.968615
 20
60.000000
 42
0.029170
  0
VERTEX
  8
0
 10
649.407526
 20
59.908850
 42
0.138678
  0
VERTEX
  8
0
 10
648.589111
 20
59.570287
 42
0.182278
  0
VERTEX
  8
0
 10
648.191706
 20
58.910842
 42
0.058383
  0
SEQEND
  0
POLYLINE
  8
0
 66
1
 70
1
  0
VERTEX
  8
0
 10
249.450240
 20
47.251732
 42
0.000000
  0
VERTEX
  8
0
 10
249.500000
 20
35.500000
 42
0.000000
  0
VERTEX
  8
0
 10
289.750000
 20
35.238656
 42
0.001772
  0
VERTEX
  8
0
 10
305.183933
 20
35.193154
 42
0.002956
  0
VERTEX
  8
0
 10
318.176855
 20
35.277726
 42
0.000352
  0
VERTEX
  8
0
 10
329.695116
 20
35.428920
 42
0.409786
  0
VERTEX
  8
0
 10
330.000997
 20
35.738656
 42
0.406363
  0
VERTEX
  8
0
 10
329.704432
 20
36.044101
 42
0.001335
  0
VERTEX
  8
0
 10
323.943585
 20
36.191139
 42
0.005769
  0
VERTEX
  8
0
 10
317.286543
 20
36.266425
 42
0.003459
  0
VERTEX
  8
0
 10
309.378621
 20
36.209902
 42
-0.001565
  0
VERTEX
  8
0
 10
296.705630
 20
36.071309
 42
-0.020010
  0
VERTEX
  8
0
 10
291.957658
 20
36.224287
 42
-0.074129
  0
VERTEX
  8
0
 10
289.845766
 20
36.697012
 42
-0.413690
  0
VERTEX
  8
0
 10
289.420658
 20
37.653835
 42
0.008508
  0
VERTEX
  8
0
 10
289.814768
 20
38.735545
 42
0.504808
  0
VERTEX
  8
0
 10
289.712877
 20
38.883651
 42
0.191159
  0
VERTEX
  8
0
 10
289.434853
 20
38.783883
 42
0.003317
  0
VERTEX
  8
0
 10
288.214294
 20
37.693933
 42
-0.116197
  0
VERTEX
  8
0
 10
285.994175
 20
36.468921
 42
-0.069165
  0
VERTEX
  8
0
 10
282.987309
 20
36.061302
 42
-0.069051
  0
VERTEX
  8
0
 10
279.977156
 20
36.489341
 42
-0.114605
  0
VERTEX
  8
0
 10
277.746752
 20
37.729186
 42
0.014424
  0
VERTEX
  8
0
 10
276.542589
 20
38.757345
 42
0.171109
  0
VERTEX
  8
0
 10
275.972362
 20
38.958373
 42
0.239641
  0
VERTEX
  8
0
 10
275.503504
 20
38.719966
 42
0.029951
  0
VERTEX
  8
0
 10
274.868321
 20
37.729186
 42
-0.209382
  0
VERTEX
  8
0
 10
273.101983
 20
36.392557
 42
-0.053345
  0
VERTEX
  8
0
 10
269.457893
 20
35.922068
 42
-0.053736
  0
VERTEX
  8
0
 10
265.874209
 20
36.229435
 42
-0.258396
  0
VERTEX
  8
0
 10
264.361626
 20
37.500000
 42
0.046632
  0
VERTEX
  8
0
 10
264.077603
 20
38.073834
 42
0.052856
  0
VERTEX
  8
0
 10
263.702003
 20
38.559375
 42
0.060245
  0
VERTEX
  8
0
 10
263.296202
 20
38.891862
 42
0.142471
  0
VERTEX
  8
0
 10
262.924396
 20
39.000000
 42
0.209945
  0
VERTEX
  8
0
 10
262.644659
 20
38.877126
 42
0.139550
  0
VERTEX
  8
0
 10
262.484956
 20
38.559375
 42
0.089820
  0
VERTEX
  8
0
 10
262.480468
 20
38.074680
 42
0.049166
  0
VERTEX
  8
0
 10
262.638374
 20
37.500000
 42
-0.249020
  0
VERTEX
  8
0
 10
262.548194
 20
36.762696
 42
-0.180933
  0
VERTEX
  8
0
 10
261.854615
 20
36.285147
 42
-0.053857
  0
VERTEX
  8
0
 10
260.172631
 20
36.052608
 42
-0.007443
  0
VERTEX
  8
0
 10
256.638724
 20
36.000000
 42
0.000000
  0
VERTEX
  8
0
 10
250.063471
 20
36.000000
 42
0.000000
  0
VERTEX
  8
0
 10
249.731975
 20
47.501732
 42
0.000000
  0
VERTEX
  8
0
 10
249.400479
 20
59.003465
 42
0.000000
  0
SEQEND
  0
POLYLINE
  8
0
 66
1
 70
1
  0
VERTEX
  8
0
 10
18.500000
 20
56.000000
 42
0.060810
  0
VERTEX
  8
0
 10
18.806203
 20
55.617485
 42
0.051032
  0
VERTEX
  8
0
 10
19.212900
 20
55.293750
 42
0.053229
  0
VERTEX
  8
0
 10
19.653442
 20
55.073302
 42
0.089642
  0
VERTEX
  8
0
 10
20.059017
 20
55.000000
 42
0.105429
  0
VERTEX
  8
0
 10
20.418051
 20
55.076556
 42
0.099231
  0
VERTEX
  8
0
 10
20.723586
 20
55.293750
 42
0.096318
  0
VERTEX
  8
0
 10
20.928382
 20
55.618268
 42
0.092995
  0
VERTEX
  8
0
 10
21.000000
 20
56.000000
 42
0.153634
  0
VERTEX
  8
0
 10
20.879982
 20
56.381379
 42
0.097988
  0
VERTEX
  8
0
 10
20.542039
 20
56.706250
 42
0.080552
  0
VERTEX
  8
0
 10
20.037096
 20
56.925455
 42
0.062283
  0
VERTEX
  8
0
 10
19.440983
 20
57.000000
 42
0.066118
  0
VERTEX
  8
0
 10
18.889346
 20
56.926733
 42
0.138808
  0
VERTEX
  8
0
 10
18.521475
 20
56.706250
 42
0.191142
  0
VERTEX
  8
0
 10
18.392057
 20
56.379648
 42
0.139169
  0
SEQEND
  0
POLYLINE
  8
0
 66
1
 70
1
  0
VERTEX
  8
0
 10
614.000000
 20
53.379334
 42
0.172953
  0
VERTEX
  8
0
 10
614.154018
 20
52.947393
 42
0.141667
  0
VERTEX
  8
0
 10
614.559746
 20
52.667252
 42
0.095934
  0
VERTEX
  8
0
 10
615.198430
 20
52.582742
 42
0.049052
  0
VERTEX
  8
0
 10
616.000000
 20
52.710251
 42
0.029412
  0
VERTEX
  8
0
 10
616.765877
 20
52.959459
 42
0.041052
  0
VERTEX
  8
0
 10
617.412500
 20
53.276171
 42
0.047092
  0
VERTEX
  8
0
 10
617.868440
 20
53.609737
 42
0.214466
  0
VERTEX
  8
0
 10
618.000000
 20
53.902346
 42
0.254400
  0
VERTEX
  8
0
 10
617.860145
 20
54.159428
 42
0.062957
  0
VERTEX
  8
0
 10
617.412500
 20
54.374885
 42
0.049016
  0
VERTEX
  8
0
 10
616.766163
 20
54.522738
 42
0.031744
  0
VERTEX
  8
0
 10
616.000000
 20
54.571429
 42
0.057680
  0
VERTEX
  8
0
 10
615.235050
 20
54.482889
 42
0.076912
  0
VERTEX
  8
0
 10
614.587500
 20
54.221251
 42
0.095788
  0
VERTEX
  8
0
 10
614.153553
 20
53.834074
 42
0.164280
  0
SEQEND
  0
POLYLINE
  8
0
 66
1
 70
1
  0
VERTEX
  8
0
 10
648.666667
 20
54.333333
 42
0.092373
  0
VERTEX
  8
0
 10
648.410337
 20
53.959600
 42
0.035461
  0
VERTEX
  8
0
 10
648.195833
 20
53.364693
 42
0.033616
  0
VERTEX
  8
0
 10
648.049182
 20
52.669695
 42
0.035203
  0
VERTEX
  8
0
 10
648.000000
 20
51.972005
 42
0.291103
  0
VERTEX
  8
0
 10
648.684259
 20
50.896316
 42
0.157768
  0
VERTEX
  8
0
 10
650.300621
 20
50.693638
 42
0.101827
  0
VERTEX
  8
0
 10
652.318453
 20
51.525840
 42
0.104990
  0
VERTEX
  8
0
 10
653.817990
 20
53.080164
 42
0.029199
  0
VERTEX
  8
0
 10
654.423863
 20
54.189559
 42
0.295500
  0
VERTEX
  8
0
 10
654.357284
 20
54.686583
 42
0.203412
  0
VERTEX
  8
0
 10
653.827448
 20
54.950173
 42
0.015074
  0
VERTEX
  8
0
 10
652.175141
 20
55.000000
 42
0.021520
  0
VERTEX
  8
0
 10
651.038299
 20
54.951047
 42
0.025433
  0
VERTEX
  8
0
 10
649.972281
 20
54.804167
 42
0.025558
  0
VERTEX
  8
0
 10
649.100021
 20
54.591742
 42
0.124489
  0
SEQEND
  0
POLYLINE
  8
0
 66
1
 70
1
  0
VERTEX
  8
0
 10
651.729167
 20
52.395833
 42
-0.126455
  0
VERTEX
  8
0
 10
651.402231
 20
52.202593
 42
-0.060344
  0
VERTEX
  8
0
 10
650.916927
 20
52.123424
 42
-0.054150
  0
VERTEX
  8
0
 10
650.359369
 20
52.160852
 42
-0.051402
  0
VERTEX
  8
0
 10
649.812500
 20
52.316886
 42
-0.054073
  0
VERTEX
  8
0
 10
649.395823
 20
52.538436
 42
-0.470617
  0
VERTEX
  8
0
 10
649.378580
 20
52.720685
 42
-0.168741
  0
VERTEX
  8
0
 10
649.670344
 20
52.862007
 42
-0.018894
  0
VERTEX
  8
0
 10
650.416667
 20
52.921053
 42
-0.028489
  0
VERTEX
  8
0
 10
651.112848
 20
52.910055
 42
-0.077125
  0
VERTEX
  8
0
 10
651.592839
 20
52.799335
 42
-0.208169
  0
VERTEX
  8
0
 10
651.775380
 20
52.614691
 42
-0.296942
  0
SEQEND
  0
POLYLINE
  8
0
 66
1
 70
1
  0
VERTEX
  8
0
 10
149.595648
 20
51.388659
 42
0.038527
  0
VERTEX
  8
0
 10
149.384321
 20
50.678912
 42
0.211384
  0
VERTEX
  8
0
 10
149.463513
 20
50.296620
 42
0.276102
  0
VERTEX
  8
0
 10
149.774352
 20
50.161106
 42
0.059757
  0
VERTEX
  8
0
 10
150.366804
 20
50.310514
 42
-0.080680
  0
VERTEX
  8
0
 10
150.975223
 20
50.437269
 42
-0.062177
  0
VERTEX
  8
0
 10
151.652078
 20
50.383134
 42
-0.062438
  0
VERTEX
  8
0
 10
152.291829
 20
50.164919
 42
-0.083182
  0
VERTEX
  8
0
 10
152.791013
 20
49.808987
 42
0.079924
  0
VERTEX
  8
0
 10
153.268116
 20
49.464119
 42
0.074391
  0
VERTEX
  8
0
 10
153.841131
 20
49.275581
 42
0.077840
  0
VERTEX
  8
0
 10
154.419549
 20
49.267485
 42
0.103417
  0
VERTEX
  8
0
 10
154.912868
 20
49.446149
 42
0.143903
  0
VERTEX
  8
0
 10
155.685352
 20
50.306948
 42
0.109845
  0
VERTEX
  8
0
 10
155.971327
 20
51.546603
 42
0.140574
  0
VERTEX
  8
0
 10
155.682283
 20
52.585312
 42
0.260694
  0
VERTEX
  8
0
 10
154.940983
 20
53.000000
 42
0.108972
  0
VERTEX
  8
0
 10
154.586039
 20
52.921712
 42
0.182303
  0
VERTEX
  8
0
 10
154.374600
 20
52.706250
 42
0.161196
  0
VERTEX
  8
0
 10
154.343488
 20
52.382100
 42
0.082592
  0
VERTEX
  8
0
 10
154.500000
 20
52.000000
 42
-0.076764
  0
VERTEX
  8
0
 10
154.661825
 20
51.617617
 42
-0.154201
  0
VERTEX
  8
0
 10
154.642737
 20
51.293750
 42
-0.186277
  0
VERTEX
  8
0
 10
154.449529
 20
51.079239
 42
-0.117858
  0
VERTEX
  8
0
 10
154.118034
 20
51.000000
 42
-0.085235
  0
VERTEX
  8
0
 10
153.689814
 20
51.073533
 42
-0.053414
  0
VERTEX
  8
0
 10
153.230237
 20
51.293750
 42
-0.051777
  0
VERTEX
  8
0
 10
152.810561
 20
51.617474
 42
-0.064269
  0
VERTEX
  8
0
 10
152.500000
 20
52.000000
 42
0.102358
  0
VERTEX
  8
0
 10
151.770316
 20
52.771453
 42
0.207053
  0
VERTEX
  8
0
 10
150.966414
 20
52.935144
 42
0.176678
  0
VERTEX
  8
0
 10
150.201218
 20
52.458374
 42
0.074495
  0
SEQEND
  0
POLYLINE
  8
0
 66
1
 70
1
  0
VERTEX
  8
0
 10
325.829004
 20
45.545229
 42
0.007725
  0
VERTEX
  8
0
 10
325.748416
 20
42.733564
 42
0.015002
  0
VERTEX
  8
0
 10
325.786152
 20
40.487323
 42
0.014031
  0
VERTEX
  8
0
 10
325.907161
 20
38.873868
 42
0.647132
  0
VERTEX
  8
0
 10
326.145131
 20
38.795229
 42
0.167329
  0
VERTEX
  8
0
 10
326.791339
 20
40.283414
 42
0.006659
  0
VERTEX
  8
0
 10
327.179769
 20
46.273613
 42
0.004568
  0
VERTEX
  8
0
 10
327.439812
 20
52.417584
 42
0.423961
  0
VERTEX
  8
0
 10
326.876397
 20
53.000000
 42
0.364207
  0
VERTEX
  8
0
 10
326.578768
 20
52.750047
 42
0.008528
  0
VERTEX
  8
0
 10
326.272390
 20
50.810161
 42
0.014851
  0
VERTEX
  8
0
 10
326.006853
 20
48.403406
 42
0.009020
  0
SEQEND
  0
POLYLINE
  8
0
 66
1
 70
1
  0
VERTEX
  8
0
 10
329.320074
 20
44.000000
 42
0.005179
  0
VERTEX
  8
0
 10
329.344207
 20
41.670434
 42
0.025693
  0
VERTEX
  8
0
 10
329.438550
 20
40.364062
 42
0.707215
  0
VERTEX
  8
0
 10
329.576315
 20
40.333801
 42
0.108536
  0
VERTEX
  8
0
 10
329.723396
 20
40.750000
 42
0.019375
  0
VERTEX
  8
0
 10
329.849065
 20
42.229765
 42
0.011494
  0
VERTEX
  8
0
 10
329.889766
 20
44.000000
 42
0.011494
  0
VERTEX
  8
0
 10
329.849065
 20
45.770235
 42
0.019375
  0
VERTEX
  8
0
 10
329.723396
 20
47.250000
 42
0.108536
  0
VERTEX
  8
0
 10
329.576315
 20
47.666199
 42
0.707215
  0
VERTEX
  8
0
 10
329.438550
 20
47.635938
 42
0.025693
  0
VERTEX
  8
0
 10
329.344207
 20
46.329566
 42
0.005179
  0
SEQEND
  0
POLYLINE
  8
0
 66
1
 70
1
  0
VERTEX
  8
0
 10
615.750000
 20
49.242116
 42
0.099619
  0
VERTEX
  8
0
 10
615.044718
 20
48.929535
 42
0.097280
  0
VERTEX
  8
0
 10
614.508276
 20
48.366346
 42
0.088475
  0
VERTEX
  8
0
 10
614.189901
 20
47.593221
 42
0.066948
  0
VERTEX
  8
0
 10
614.116001
 20
46.676676
 42
0.005033
  0
VERTEX
  8
0
 10
614.188861
 20
45.527336
 42
0.217756
  0
VERTEX
  8
0
 10
614.303204
 20
45.319118
 42
0.520142
  0
VERTEX
  8
0
 10
614.440617
 20
45.364576
 42
0.009112
  0
VERTEX
  8
0
 10
614.689326
 20
46.250000
 42
-0.078300
  0
VERTEX
  8
0
 10
615.176392
 20
47.364866
 42
-0.169761
  0
VERTEX
  8
0
 10
615.901848
 20
47.935262
 42
-0.247875
  0
VERTEX
  8
0
 10
616.626841
 20
47.821262
 42
-0.144673
  0
VERTEX
  8
0
 10
617.166667
 20
47.098522
 42
0.214499
  0
VERTEX
  8
0
 10
617.393980
 20
46.867250
 42
0.159301
  0
VERTEX
  8
0
 10
617.756185
 20
46.847131
 42
0.094919
  0
VERTEX
  8
0
 10
618.219290
 20
47.070681
 42
0.047169
  0
VERTEX
  8
0
 10
618.705453
 20
47.508627
 42
0.143641
  0
VERTEX
  8
0
 10
619.183174
 20
48.477889
 42
0.312882
  0
VERTEX
  8
0
 10
618.851424
 20
49.193931
 42
0.144767
  0
VERTEX
  8
0
 10
617.644864
 20
49.492941
 42
0.043525
  0
SEQEND
  0
POLYLINE
  8
0
 66
1
 70
1
  0
VERTEX
  8
0
 10
616.491041
 20
43.985504
 42
-0.142893
  0
VERTEX
  8
0
 10
616.041953
 20
43.580883
 42
-0.068783
  0
VERTEX
  8
0
 10
615.297942
 20
43.340795
 42
-0.058395
  0
VERTEX
  8
0
 10
614.374962
 20
43.287073
 42
-0.046881
  0
VERTEX
  8
0
 10
613.390906
 20
43.438025
 42
0.028513
  0
VERTEX
  8
0
 10
612.476473
 20
43.612841
 42
0.050897
  0
VERTEX
  8
0
 10
611.711895
 20
43.635922
 42
0.075452
  0
VERTEX
  8
0
 10
611.195785
 20
43.519347
 42
0.320425
  0
VERTEX
  8
0
 10
611.032565
 20
43.269052
 42
0.263486
  0
VERTEX
  8
0
 10
611.594129
 20
42.368509
 42
0.016087
  0
VERTEX
  8
0
 10
614.532633
 20
40.891404
 42
0.017311
  0
VERTEX
  8
0
 10
617.447446
 20
39.662501
 42
0.525441
  0
VERTEX
  8
0
 10
618.000000
 20
40.043134
 42
0.131446
  0
VERTEX
  8
0
 10
617.909152
 20
40.382738
 42
0.061078
  0
VERTEX
  8
0
 10
617.632812
 20
40.750203
 42
0.054361
  0
VERTEX
  8
0
 10
617.228124
 20
41.087889
 42
0.050370
  0
VERTEX
  8
0
 10
616.750000
 20
41.340536
 42
-0.063995
  0
VERTEX
  8
0
 10
616.221224
 20
41.638592
 42
-0.274949
  0
VERTEX
  8
0
 10
616.088369
 20
41.959000
 42
-0.178256
  0
VERTEX
  8
0
 10
616.294609
 20
42.339789
 42
-0.028640
  0
VERTEX
  8
0
 10
616.971040
 20
42.869496
 42
0.046785
  0
VERTEX
  8
0
 10
617.488880
 20
43.306183
 42
0.074923
  0
VERTEX
  8
0
 10
617.827571
 20
43.773503
 42
0.106372
  0
VERTEX
  8
0
 10
617.942424
 20
44.195668
 42
0.212902
  0
VERTEX
  8
0
 10
617.821175
 20
44.512158
 42
0.164440
  0
VERTEX
  8
0
 10
617.528567
 20
44.656925
 42
0.128316
  0
VERTEX
  8
0
 10
617.174325
 20
44.613576
 42
0.097423
  0
VERTEX
  8
0
 10
616.808393
 20
44.378387
 42
0.063021
  0
SEQEND
  0
POLYLINE
  8
0
 66
1
 70
1
  0
VERTEX
  8
0
 10
11.331871
 20
41.422459
 42
0.112725
  0
VERTEX
  8
0
 10
11.227054
 20
40.688787
 42
0.065989
  0
VERTEX
  8
0
 10
11.416775
 20
39.817423
 42
0.059927
  0
VERTEX
  8
0
 10
11.859799
 20
38.936296
 42
0.057633
  0
VERTEX
  8
0
 10
12.504123
 20
38.172459
 42
0.014888
  0
VERTEX
  8
0
 10
13.153805
 20
37.596689
 42
0.091708
  0
VERTEX
  8
0
 10
13.541579
 20
37.378521
 42
0.561570
  0
VERTEX
  8
0
 10
13.657176
 20
37.474666
 42
0.091844
  0
VERTEX
  8
0
 10
13.539669
 20
37.818250
 42
-0.359800
  0
VERTEX
  8
0
 10
13.650734
 20
38.435424
 42
-0.137539
  0
VERTEX
  8
0
 10
14.503987
 20
38.825325
 42
-0.039908
  0
VERTEX
  8
0
 10
16.521778
 20
38.977933
 42
-0.006226
  0
VERTEX
  8
0
 10
20.521040
 20
38.910985
 42
0.007348
  0
VERTEX
  8
0
 10
24.886438
 20
38.847706
 42
0.047534
  0
VERTEX
  8
0
 10
27.076036
 20
39.056782
 42
0.103531
  0
VERTEX
  8
0
 10
28.370898
 20
39.598936
 42
0.120607
  0
VERTEX
  8
0
 10
29.256506
 20
40.592735
 42
0.004296
  0
VERTEX
  8
0
 10
29.817934
 20
41.673116
 42
0.235856
  0
VERTEX
  8
0
 10
29.819585
 20
41.895875
 42
0.495078
  0
VERTEX
  8
0
 10
29.675391
 20
41.924438
 42
0.007239
  0
VERTEX
  8
0
 10
28.934268
 20
41.250000
 42
-0.131354
  0
VERTEX
  8
0
 10
27.935790
 20
40.715384
 42
-0.023987
  0
VERTEX
  8
0
 10
25.855819
 20
40.331708
 42
-0.021800
  0
VERTEX
  8
0
 10
23.098236
 20
40.080481
 42
-0.011816
  0
VERTEX
  8
0
 10
19.693011
 20
40.000000
 42
-0.005890
  0
VERTEX
  8
0
 10
15.383954
 20
40.050759
 42
-0.044594
  0
VERTEX
  8
0
 10
13.365069
 20
40.279227
 42
-0.153706
  0
VERTEX
  8
0
 10
12.509946
 20
40.754007
 42
-0.289000
  0
VERTEX
  8
0
 10
12.361626
 20
41.500000
 42
0.027673
  0
VERTEX
  8
0
 10
12.546605
 20
42.075335
 42
0.051391
  0
VERTEX
  8
0
 10
12.621272
 20
42.559375
 42
0.080216
  0
VERTEX
  8
0
 10
12.585127
 20
42.887454
 42
0.337220
  0
VERTEX
  8
0
 10
12.437230
 20
43.000000
 42
0.204478
  0
VERTEX
  8
0
 10
12.205725
 20
42.901193
 42
0.038224
  0
VERTEX
  8
0
 10
11.906281
 20
42.536597
 42
0.035384
  0
VERTEX
  8
0
 10
11.600245
 20
42.026570
 42
0.025831
  0
SEQEND
  0
POLYLINE
  8
0
 66
1
 70
1
  0
VERTEX
  8
0
 10
8.015313
 20
32.250000
 42
0.011072
  0
VERTEX
  8
0
 10
8.037035
 20
31.003940
 42
0.018300
  0
VERTEX
  8
0
 10
8.117113
 20
29.954687
 42
0.012678
  0
VERTEX
  8
0
 10
8.231961
 20
29.128479
 42
0.367104
  0
VERTEX
  8
0
 10
8.383369
 20
29.000000
 42
0.337609
  0
VERTEX
  8
0
 10
8.965527
 20
29.443652
 42
0.042433
  0
VERTEX
  8
0
 10
9.273900
 20
31.104270
 42
0.043920
  0
VERTEX
  8
0
 10
9.294015
 20
32.931514
 42
0.122602
  0
VERTEX
  8
0
 10
8.892745
 20
34.139302
 42
0.138040
  0
VERTEX
  8
0
 10
8.523467
 20
34.470909
 42
0.420841
  0
VERTEX
  8
0
 10
8.238128
 20
34.370189
 42
0.093530
  0
VERTEX
  8
0
 10
8.062798
 20
33.678535
 42
0.014259
  0
SEQEND
  0
POLYLINE
  8
0
 66
1
 70
1
  0
VERTEX
  8
0
 10
11.500000
 20
34.000000
 42
0.029505
  0
VERTEX
  8
0
 10
11.768994
 20
33.617226
 42
0.035638
  0
VERTEX
  8
0
 10
12.066025
 20
33.293750
 42
0.038439
  0
VERTEX
  8
0
 10
12.348290
 20
33.065539
 42
0.151918
  0
VERTEX
  8
0
 10
12.559017
 20
33.000000
 42
0.210953
  0
VERTEX
  8
0
 10
12.727648
 20
33.074460
 42
0.081139
  0
VERTEX
  8
0
 10
12.870461
 20
33.293750
 42
0.061769
  0
VERTEX
  8
0
 10
12.967655
 20
33.617151
 42
0.042167
  0
VERTEX
  8
0
 10
13.000000
 20
34.000000
 42
0.105053
  0
VERTEX
  8
0
 10
12.918938
 20
34.381556
 42
0.099167
  0
VERTEX
  8
0
 10
12.688914
 20
34.706250
 42
0.096420
  0
VERTEX
  8
0
 10
12.345238
 20
34.923877
 42
0.093332
  0
VERTEX
  8
0
 10
11.940983
 20
35.000000
 42
0.108972
  0
VERTEX
  8
0
 10
11.586039
 20
34.921712
 42
0.182303
  0
VERTEX
  8
0
 10
11.374600
 20
34.706250
 42
0.161196
  0
VERTEX
  8
0
 10
11.343488
 20
34.382100
 42
0.082592
  0
SEQEND
  0
POLYLINE
  8
0
 66
1
 70
1
  0
VERTEX
  8
0
 10
25.580263
 20
34.129867
 42
0.114934
  0
VERTEX
  8
0
 10
25.430674
 20
33.685490
 42
0.031125
  0
VERTEX
  8
0
 10
25.405553
 20
32.938548
 42
0.029784
  0
VERTEX
  8
0
 10
25.482937
 20
32.063069
 42
0.027023
  0
VERTEX
  8
0
 10
25.664869
 20
31.173541
 42
0.083984
  0
VERTEX
  8
0
 10
26.167378
 20
30.058340
 42
0.142515
  0
VERTEX
  8
0
 10
26.946541
 20
29.406383
 42
0.085826
  0
VERTEX
  8
0
 10
28.249385
 20
29.084256
 42
0.017791
  0
VERTEX
  8
0
 10
30.616631
 20
29.000000
 42
0.014786
  0
VERTEX
  8
0
 10
33.002487
 20
29.070568
 42
0.090812
  0
VERTEX
  8
0
 10
34.192267
 20
29.362061
 42
0.184693
  0
VERTEX
  8
0
 10
34.785813
 20
29.957109
 42
0.105100
  0
VERTEX
  8
0
 10
35.000000
 20
30.964816
 42
0.088264
  0
VERTEX
  8
0
 10
34.852172
 20
31.795709
 42
0.057686
  0
VERTEX
  8
0
 10
34.412500
 20
32.666888
 42
0.055927
  0
VERTEX
  8
0
 10
33.764902
 20
33.444588
 42
0.068430
  0
VERTEX
  8
0
 10
33.000000
 20
34.000000
 42
0.029223
  0
VERTEX
  8
0
 10
31.869104
 20
34.522721
 42
0.257123
  0
VERTEX
  8
0
 10
31.341673
 20
34.454408
 42
0.216705
  0
VERTEX
  8
0
 10
31.060340
 20
33.953614
 42
0.021260
  0
VERTEX
  8
0
 10
31.000000
 20
32.535184
 42
-0.043609
  0
VERTEX
  8
0
 10
30.894709
 20
31.330262
 42
-0.124032
  0
VERTEX
  8
0
 10
30.552776
 20
30.566898
 42
-0.150880
  0
VERTEX
  8
0
 10
29.938655
 20
30.143718
 42
-0.076112
  0
VERTEX
  8
0
 10
29.000000
 20
30.000000
 42
-0.048028
  0
VERTEX
  8
0
 10
28.234582
 20
30.073693
 42
-0.068025
  0
VERTEX
  8
0
 10
27.587500
 20
30.293750
 42
-0.088204
  0
VERTEX
  8
0
 10
27.151477
 20
30.618118
 42
-0.191087
  0
VERTEX
  8
0
 10
27.000000
 20
31.000000
 42
-0.099038
  0
VERTEX
  8
0
 10
27.076342
 20
31.381638
 42
-0.097945
  0
VERTEX
  8
0
 10
27.293750
 20
31.706250
 42
-0.097945
  0
VERTEX
  8
0
 10
27.618362
 20
31.923658
 42
-0.099038
  0
VERTEX
  8
0
 10
28.000000
 20
32.000000
 42
0.088070
  0
VERTEX
  8
0
 10
28.381817
 20
32.067779
 42
0.094674
  0
VERTEX
  8
0
 10
28.706250
 20
32.262322
 42
0.100043
  0
VERTEX
  8
0
 10
28.923280
 20
32.552340
 42
0.111208
  0
VERTEX
  8
0
 10
29.000000
 20
32.893011
 42
0.223317
  0
VERTEX
  8
0
 10
28.619857
 20
33.701693
 42
0.086440
  0
VERTEX
  8
0
 10
27.518139
 20
34.331756
 42
0.089873
  0
VERTEX
  8
0
 10
26.302029
 20
34.537730
 42
0.256870
  0
SEQEND
  0
POLYLINE
  8
0
 66
1
 70
1
  0
VERTEX
  8
0
 10
34.000000
 20
31.559017
 42
-0.151918
  0
VERTEX
  8
0
 10
33.934461
 20
31.348290
 42
-0.038439
  0
VERTEX
  8
0
 10
33.706250
 20
31.066025
 42
-0.035638
  0
VERTEX
  8
0
 10
33.382774
 20
30.768994
 42
-0.029505
  0
VERTEX
  8
0
 10
33.000000
 20
30.500000
 42
-0.082592
  0
VERTEX
  8
0
 10
32.617900
 20
30.343488
 42
-0.161196
  0
VERTEX
  8
0
 10
32.293750
 20
30.374600
 42
-0.182303
  0
VERTEX
  8
0
 10
32.078288
 20
30.586039
 42
-0.108972
  0
VERTEX
  8
0
 10
32.000000
 20
30.940983
 42
-0.093332
  0
VERTEX
  8
0
 10
32.076123
 20
31.345238
 42
-0.096420
  0
VERTEX
  8
0
 10
32.293750
 20
31.688914
 42
-0.099167
  0
VERTEX
  8
0
 10
32.618444
 20
31.918938
 42
-0.105053
  0
VERTEX
  8
0
 10
33.000000
 20
32.000000
 42
-0.042167
  0
VERTEX
  8
0
 10
33.382849
 20
31.967655
 42
-0.061769
  0
VERTEX
  8
0
 10
33.706250
 20
31.870461
 42
-0.081139
  0
VERTEX
  8
0
 10
33.925540
 20
31.727648
 42
-0.210953
  0
SEQEND
  0
POLYLINE
  8
0
 66
1
 70
1
  0
VERTEX
  8
0
 10
14.500000
 20
33.000000
 42
-0.111412
  0
VERTEX
  8
0
 10
14.123976
 20
32.616444
 42
-0.050262
  0
VERTEX
  8
0
 10
13.493350
 20
32.293750
 42
-0.046318
  0
VERTEX
  8
0
 10
12.729296
 20
32.074077
 42
-0.046881
  0
VERTEX
  8
0
 10
11.940983
 20
32.000000
 42
0.072471
  0
VERTEX
  8
0
 10
10.768045
 20
31.829095
 42
0.189869
  0
VERTEX
  8
0
 10
10.109823
 20
31.313326
 42
0.230958
  0
VERTEX
  8
0
 10
10.052541
 20
30.570086
 42
0.102446
  0
VERTEX
  8
0
 10
10.606449
 20
29.726884
 42
0.263267
  0
VERTEX
  8
0
 10
10.979858
 20
29.623320
 42
0.054073
  0
VERTEX
  8
0
 10
11.646374
 20
29.868390
 42
0.043956
  0
VERTEX
  8
0
 10
12.453239
 20
30.361131
 42
0.028490
  0
VERTEX
  8
0
 10
13.295011
 20
31.060217
 42
-0.026031
  0
VERTEX
  8
0
 10
14.953248
 20
32.451199
 42
-0.127766
  0
VERTEX
  8
0
 10
16.073564
 20
32.914030
 42
-0.308413
  0
VERTEX
  8
0
 10
16.735141
 20
32.585677
 42
-0.128649
  0
VERTEX
  8
0
 10
17.000000
 20
31.573324
 42
-0.112012
  0
VERTEX
  8
0
 10
16.868522
 20
30.993792
 42
-0.075733
  0
VERTEX
  8
0
 10
16.485937
 20
30.431396
 42
-0.070280
  0
VERTEX
  8
0
 10
15.918867
 20
29.971018
 42
-0.071619
  0
VERTEX
  8
0
 10
15.250000
 20
29.689326
 42
0.011590
  0
VERTEX
  8
0
 10
14.411700
 20
29.449367
 42
0.541772
  0
VERTEX
  8
0
 10
14.371220
 20
29.306344
 42
0.197309
  0
VERTEX
  8
0
 10
14.607705
 20
29.187999
 42
0.005718
  0
VERTEX
  8
0
 10
15.750000
 20
29.116001
 42
0.054934
  0
VERTEX
  8
0
 10
16.868069
 20
29.181200
 42
0.162996
  0
VERTEX
  8
0
 10
17.536600
 20
29.538780
 42
0.147692
  0
VERTEX
  8
0
 10
17.893863
 20
30.254059
 42
0.042516
  0
VERTEX
  8
0
 10
18.000000
 20
31.500000
 42
0.111435
  0
VERTEX
  8
0
 10
17.655154
 20
33.028080
 42
0.182485
  0
VERTEX
  8
0
 10
16.710286
 20
33.936783
 42
0.214731
  0
VERTEX
  8
0
 10
15.524371
 20
33.915260
 42
0.145013
  0
SEQEND
  0
POLYLINE
  8
0
 66
1
 70
1
  0
VERTEX
  8
0
 10
20.000000
 20
31.500000
 42
0.043691
  0
VERTEX
  8
0
 10
20.099298
 20
30.365807
 42
0.113288
  0
VERTEX
  8
0
 10
20.417105
 20
29.614681
 42
0.149605
  0
VERTEX
  8
0
 10
20.965082
 20
29.199913
 42
0.099320
  0
VERTEX
  8
0
 10
21.750000
 20
29.078947
 42
0.021021
  0
VERTEX
  8
0
 10
22.416573
 20
29.137165
 42
0.185333
  0
VERTEX
  8
0
 10
22.672067
 20
29.275306
 42
0.449116
  0
VERTEX
  8
0
 10
22.648042
 20
29.451380
 42
0.051902
  0
VERTEX
  8
0
 10
22.250000
 20
29.662281
 42
-0.104915
  0
VERTEX
  8
0
 10
21.317707
 20
30.290011
 42
-0.222484
  0
VERTEX
  8
0
 10
21.040943
 20
31.094608
 42
-0.250307
  0
VERTEX
  8
0
 10
21.486727
 20
31.750321
 42
-0.121389
  0
VERTEX
  8
0
 10
22.500000
 20
32.000000
 42
0.064853
  0
VERTEX
  8
0
 10
23.073457
 20
32.074694
 42
0.082425
  0
VERTEX
  8
0
 10
23.559375
 20
32.293750
 42
0.098894
  0
VERTEX
  8
0
 10
23.884432
 20
32.618646
 42
0.148195
  0
VERTEX
  8
0
 10
24.000000
 20
33.000000
 42
0.191087
  0
VERTEX
  8
0
 10
23.848523
 20
33.381882
 42
0.088204
  0
VERTEX
  8
0
 10
23.412500
 20
33.706250
 42
0.068025
  0
VERTEX
  8
0
 10
22.765418
 20
33.926307
 42
0.048028
  0
VERTEX
  8
0
 10
22.000000
 20
34.000000
 42
0.075780
  0
VERTEX
  8
0
 10
21.064742
 20
33.857434
 42
0.149477
  0
VERTEX
  8
0
 10
20.450000
 20
33.437500
 42
0.124434
  0
VERTEX
  8
0
 10
20.106468
 20
32.682766
 42
0.044917
  0
SEQEND
  0
POLYLINE
  8
0
 66
1
 70
1
  0
VERTEX
  8
0
 10
140.000000
 20
194.559017
 42
0.070406
  0
VERTEX
  8
0
 10
140.085489
 20
193.954911
 42
0.052739
  0
VERTEX
  8
0
 10
140.339137
 20
193.331725
 42
0.053360
  0
VERTEX
  8
0
 10
140.712731
 20
192.783928
 42
0.078175
  0
VERTEX
  8
0
 10
141.154508
 20
192.404508
 42
0.029004
  0
VERTEX
  8
0
 10
141.613152
 20
192.156574
 42
0.315645
  0
VERTEX
  8
0
 10
141.809017
 20
192.190983
 42
0.315645
  0
VERTEX
  8
0
 10
141.843426
 20
192.386848
 42
0.029004
  0
VERTEX
  8
0
 10
141.595492
 20
192.845492
 42
-0.068937
  0
VERTEX
  8
0
 10
141.400314
 20
193.287383
 42
-0.143226
  0
VERTEX
  8
0
 10
141.402650
 20
193.660863
 42
-0.190280
  0
VERTEX
  8
0
 10
141.596262
 20
193.906838
 42
-0.132745
  0
VERTEX
  8
0
 10
141.940983
 20
194.000000
 42
0.093332
  0
VERTEX
  8
0
 10
142.345238
 20
194.076123
 42
0.096420
  0
VERTEX
  8
0
 10
142.688914
 20
194.293750
 42
0.099167
  0
VERTEX
  8
0
 10
142.918938
 20
194.618444
 42
0.105053
  0
VERTEX
  8
0
 10
143.000000
 20
195.000000
 42
0.148195
  0
VERTEX
  8
0
 10
142.884432
 20
195.381354
 42
0.098894
  0
VERTEX
  8
0
 10
142.559375
 20
195.706250
 42
0.082425
  0
VERTEX
  8
0
 10
142.073457
 20
195.925306
 42
0.064853
  0
VERTEX
  8
0
 10
141.500000
 20
196.000000
 42
0.095012
  0
VERTEX
  8
0
 10
140.927451
 20
195.890211
 42
0.096907
  0
VERTEX
  8
0
 10
140.440625
 20
195.576711
 42
0.098834
  0
VERTEX
  8
0
 10
140.114729
 20
195.108867
 42
0.103216
  0
SEQEND
  0
POLYLINE
  8
0
 66
1
 70
1
  0
VERTEX
  8
0
 10
153.638374
 20
194.500000
 42
0.055937
  0
VERTEX
  8
0
 10
153.488865
 20
193.925634
 42
0.100118
  0
VERTEX
  8
0
 10
153.516384
 20
193.440625
 42
0.147206
  0
VERTEX
  8
0
 10
153.710807
 20
193.122486
 42
0.184534
  0
VERTEX
  8
0
 10
154.031385
 20
193.000000
 42
0.152681
  0
VERTEX
  8
0
 10
154.400789
 20
193.115494
 42
0.098158
  0
VERTEX
  8
0
 10
154.715469
 20
193.440625
 42
0.080880
  0
VERTEX
  8
0
 10
154.927770
 20
193.926468
 42
0.062722
  0
VERTEX
  8
0
 10
155.000000
 20
194.500000
 42
0.024748
  0
VERTEX
  8
0
 10
154.971531
 20
195.074824
 42
0.039339
  0
VERTEX
  8
0
 10
154.884553
 20
195.559375
 42
0.046727
  0
VERTEX
  8
0
 10
154.758929
 20
195.903916
 42
0.289661
  0
VERTEX
  8
0
 10
154.606989
 20
196.000000
 42
0.222225
  0
VERTEX
  8
0
 10
154.420671
 20
195.912889
 42
0.030693
  0
VERTEX
  8
0
 10
154.160341
 20
195.559375
 42
0.030395
  0
VERTEX
  8
0
 10
153.887494
 20
195.074558
 42
0.021360
  0
SEQEND
  0
ENDSEC
  0
EOF
