  0
SECTION
  2
HEADER
  9
$ACADVER
  1
AC1006
  9
$EXTMIN
 10
0.000000
 20
0.000000
 30
0.000000
  9
$EXTMAX
 10
397.000000
 20
503.000000
 30
0.000000
  0
ENDSEC
  0
SECTION
  2
ENTITIES
  0
POLYLINE
  8
0
 66
1
 70
1
  0
VERTEX
  8
0
 10
94.222895
 20
481.768572
 42
0.124660
  0
VERTEX
  8
0
 10
92.819582
 20
478.823624
 42
0.063368
  0
VERTEX
  8
0
 10
92.530440
 20
474.704375
 42
0.071471
  0
VERTEX
  8
0
 10
93.246184
 20
471.158691
 42
0.317274
  0
VERTEX
  8
0
 10
94.888385
 20
470.000000
 42
0.338593
  0
VERTEX
  8
0
 10
95.175180
 20
470.219363
 42
0.082594
  0
VERTEX
  8
0
 10
95.238655
 20
470.851512
 42
0.050154
  0
VERTEX
  8
0
 10
95.079079
 20
471.810067
 42
0.023939
  0
VERTEX
  8
0
 10
94.693898
 20
473.000000
 42
-0.036000
  0
VERTEX
  8
0
 10
94.215177
 20
474.610365
 42
-0.057117
  0
VERTEX
  8
0
 10
94.067590
 20
476.039904
 42
-0.055529
  0
VERTEX
  8
0
 10
94.246174
 20
477.494291
 42
-0.031961
  0
VERTEX
  8
0
 10
94.763372
 20
479.184057
 42
0.014409
  0
VERTEX
  8
0
 10
95.553545
 20
481.475202
 42
0.128054
  0
VERTEX
  8
0
 10
95.604937
 20
482.532456
 42
0.553136
  0
VERTEX
  8
0
 10
95.178572
 20
482.690100
 42
0.055489
  0
SEQEND
  0
POLYLINE
  8
0
 66
1
 70
1
  0
VERTEX
  8
0
 10
146.000000
 20
481.565100
 42
0.073755
  0
VERTEX
  8
0
 10
146.041794
 20
481.283312
 42
0.004956
  0
VERTEX
  8
0
 10
146.286479
 20
480.504453
 42
0.007041
  0
VERTEX
  8
0
 10
146.601699
 20
479.579315
 42
0.005212
  0
VERTEX
  8
0
 10
146.975249
 20
478.565100
 42
-0.045414
  0
VERTEX
  8
0
 10
147.332119
 20
477.288337
 42
-0.046826
  0
VERTEX
  8
0
 10
147.447709
 20
475.981299
 42
-0.046416
  0
VERTEX
  8
0
 10
147.318121
 20
474.665132
 42
-0.043130
  0
VERTEX
  8
0
 10
146.947271
 20
473.361312
 42
0.040515
  0
VERTEX
  8
0
 10
146.389456
 20
471.438376
 42
0.161164
  0
VERTEX
  8
0
 10
146.532460
 20
470.234465
 42
0.471683
  0
VERTEX
  8
0
 10
147.147463
 20
470.076439
 42
0.094508
  0
VERTEX
  8
0
 10
148.039060
 20
471.028960
 42
0.119724
  0
VERTEX
  8
0
 10
148.938014
 20
473.691577
 42
0.047880
  0
VERTEX
  8
0
 10
148.905484
 20
477.565710
 42
0.047888
  0
VERTEX
  8
0
 10
148.204320
 20
481.028449
 42
0.330087
  0
VERTEX
  8
0
 10
146.893011
 20
482.000000
 42
0.046733
  0
VERTEX
  8
0
 10
146.551220
 20
481.967984
 42
0.066699
  0
VERTEX
  8
0
 10
146.262322
 20
481.872248
 42
0.086820
  0
VERTEX
  8
0
 10
146.067431
 20
481.731221
 42
0.195222
  0
SEQEND
  0
POLYLINE
  8
0
 66
1
 70
1
  0
VERTEX
  8
0
 10
55.250000
 20
480.269359
 42
0.067646
  0
VERTEX
  8
0
 10
54.772128
 20
480.026189
 42
0.064296
  0
VERTEX
  8
0
 10
54.367188
 20
479.660717
 42
0.068987
  0
VERTEX
  8
0
 10
54.093163
 20
479.233591
 42
0.108589
  0
VERTEX
  8
0
 10
54.000000
 20
478.809678
 42
0.168952
  0
VERTEX
  8
0
 10
54.119262
 20
478.466805
 42
0.150479
  0
VERTEX
  8
0
 10
54.431218
 20
478.252195
 42
0.107084
  0
VERTEX
  8
0
 10
54.906120
 20
478.209088
 42
0.060969
  0
VERTEX
  8
0
 10
55.467975
 20
478.349337
 42
-0.109791
  0
VERTEX
  8
0
 10
56.787386
 20
478.545646
 42
-0.343781
  0
VERTEX
  8
0
 10
57.410960
 20
477.983937
 42
-0.196007
  0
VERTEX
  8
0
 10
57.165497
 20
476.842430
 42
-0.059148
  0
VERTEX
  8
0
 10
55.976419
 20
475.478659
 42
0.031529
  0
VERTEX
  8
0
 10
54.410568
 20
473.870905
 42
0.217995
  0
VERTEX
  8
0
 10
54.114104
 20
472.839471
 42
0.311603
  0
VERTEX
  8
0
 10
54.723393
 20
472.190050
 42
0.053335
  0
VERTEX
  8
0
 10
56.500000
 20
472.000000
 42
0.038131
  0
VERTEX
  8
0
 10
57.457356
 20
472.073116
 42
0.057076
  0
VERTEX
  8
0
 10
58.265625
 20
472.293750
 42
0.074992
  0
VERTEX
  8
0
 10
58.817169
 20
472.617064
 42
0.226478
  0
VERTEX
  8
0
 10
59.000000
 20
473.000000
 42
0.119248
  0
VERTEX
  8
0
 10
58.907722
 20
473.381414
 42
0.100665
  0
VERTEX
  8
0
 10
58.647500
 20
473.706250
 42
0.092192
  0
VERTEX
  8
0
 10
58.258320
 20
473.924388
 42
0.081935
  0
VERTEX
  8
0
 10
57.800000
 20
474.000000
 42
-0.051663
  0
VERTEX
  8
0
 10
57.257401
 20
474.056215
 42
-0.354955
  0
VERTEX
  8
0
 10
57.100000
 20
474.250000
 42
-0.180052
  0
VERTEX
  8
0
 10
57.222304
 20
474.578624
 42
-0.018208
  0
VERTEX
  8
0
 10
57.800000
 20
475.200000
 42
0.131996
  0
VERTEX
  8
0
 10
58.921347
 20
477.145263
 42
0.183652
  0
VERTEX
  8
0
 10
58.717022
 20
479.125722
 42
0.206418
  0
VERTEX
  8
0
 10
57.297538
 20
480.315564
 42
0.157822
  0
SEQEND
  0
POLYLINE
  8
0
 66
1
 70
1
  0
VERTEX
  8
0
 10
76.250000
 20
480.337719
 42
0.100001
  0
VERTEX
  8
0
 10
75.200770
 20
479.645989
 42
0.302794
  0
VERTEX
  8
0
 10
75.038565
 20
478.848079
 42
0.284451
  0
VERTEX
  8
0
 10
75.722044
 20
478.350736
 42
0.095821
  0
VERTEX
  8
0
 10
77.000000
 20
478.500000
 42
-0.040043
  0
VERTEX
  8
0
 10
77.766516
 20
478.677284
 42
-0.071415
  0
VERTEX
  8
0
 10
78.412500
 20
478.680293
 42
-0.111926
  0
VERTEX
  8
0
 10
78.840583
 20
478.518743
 42
-0.251888
  0
VERTEX
  8
0
 10
79.000000
 20
478.222375
 42
-0.131274
  0
VERTEX
  8
0
 10
78.875484
 20
477.756288
 42
-0.027881
  0
VERTEX
  8
0
 10
78.412500
 20
477.046312
 42
-0.027376
  0
VERTEX
  8
0
 10
77.765621
 20
476.259886
 42
-0.023042
  0
VERTEX
  8
0
 10
77.000000
 20
475.500000
 42
0.031759
  0
VERTEX
  8
0
 10
75.345084
 20
473.799237
 42
0.269817
  0
VERTEX
  8
0
 10
75.160491
 20
472.791442
 42
0.282014
  0
VERTEX
  8
0
 10
75.942555
 20
472.165304
 42
0.033802
  0
VERTEX
  8
0
 10
78.250000
 20
472.031803
 42
0.008468
  0
VERTEX
  8
0
 10
80.081673
 20
472.080759
 42
0.153254
  0
VERTEX
  8
0
 10
80.625876
 20
472.278051
 42
0.450437
  0
VERTEX
  8
0
 10
80.650545
 20
472.618068
 42
0.036490
  0
VERTEX
  8
0
 10
79.894092
 20
473.286683
 42
-0.053383
  0
VERTEX
  8
0
 10
79.190364
 20
473.952277
 42
-0.125886
  0
VERTEX
  8
0
 10
78.874472
 20
474.596132
 42
-0.131772
  0
VERTEX
  8
0
 10
78.913794
 20
475.292958
 42
-0.061162
  0
VERTEX
  8
0
 10
79.303239
 20
476.118957
 42
0.114646
  0
VERTEX
  8
0
 10
79.788977
 20
477.516739
 42
0.079120
  0
VERTEX
  8
0
 10
79.701957
 20
479.196607
 42
0.095683
  0
VERTEX
  8
0
 10
79.143519
 20
480.515774
 42
0.276826
  0
VERTEX
  8
0
 10
78.281385
 20
480.921053
 42
0.032666
  0
VERTEX
  8
0
 10
77.895687
 20
480.856431
 42
0.012082
  0
VERTEX
  8
0
 10
77.362344
 20
480.717133
 42
0.011914
  0
VERTEX
  8
0
 10
76.785866
 20
480.536617
 42
0.014060
  0
SEQEND
  0
POLYLINE
  8
0
 66
1
 70
1
  0
VERTEX
  8
0
 10
105.880287
 20
479.355754
 42
0.010585
  0
VERTEX
  8
0
 10
105.102452
 20
478.377083
 42
0.366552
  0
VERTEX
  8
0
 10
105.116742
 20
478.104110
 42
0.279890
  0
VERTEX
  8
0
 10
105.417524
 20
478.020870
 42
0.007877
  0
VERTEX
  8
0
 10
106.757842
 20
478.423142
 42
-0.067351
  0
VERTEX
  8
0
 10
108.344987
 20
478.700218
 42
-0.401292
  0
VERTEX
  8
0
 10
108.917128
 20
478.193426
 42
-0.199878
  0
VERTEX
  8
0
 10
108.569784
 20
477.116147
 42
-0.032204
  0
VERTEX
  8
0
 10
107.000000
 20
475.500000
 42
0.031458
  0
VERTEX
  8
0
 10
105.366815
 20
473.823585
 42
0.252080
  0
VERTEX
  8
0
 10
105.143984
 20
472.805966
 42
0.292177
  0
VERTEX
  8
0
 10
105.867782
 20
472.166048
 42
0.038879
  0
VERTEX
  8
0
 10
108.000000
 20
472.000000
 42
0.031626
  0
VERTEX
  8
0
 10
109.149251
 20
472.072766
 42
0.048861
  0
VERTEX
  8
0
 10
110.118750
 20
472.293750
 42
0.062710
  0
VERTEX
  8
0
 10
110.790443
 20
472.615738
 42
0.254951
  0
VERTEX
  8
0
 10
111.000000
 20
473.000000
 42
0.148982
  0
VERTEX
  8
0
 10
110.883790
 20
473.381357
 42
0.098773
  0
VERTEX
  8
0
 10
110.556886
 20
473.706250
 42
0.082154
  0
VERTEX
  8
0
 10
110.068236
 20
473.925328
 42
0.064471
  0
VERTEX
  8
0
 10
109.491526
 20
474.000000
 42
-0.059295
  0
VERTEX
  8
0
 10
108.773065
 20
474.085503
 42
-0.296420
  0
VERTEX
  8
0
 10
108.507565
 20
474.366217
 42
-0.166167
  0
VERTEX
  8
0
 10
108.583325
 20
474.873987
 42
-0.020206
  0
VERTEX
  8
0
 10
109.149347
 20
475.867534
 42
0.100538
  0
VERTEX
  8
0
 10
109.730298
 20
477.421115
 42
0.087479
  0
VERTEX
  8
0
 10
109.700596
 20
479.160738
 42
0.108540
  0
VERTEX
  8
0
 10
109.119707
 20
480.505262
 42
0.241207
  0
VERTEX
  8
0
 10
108.153830
 20
481.000000
 42
0.122004
  0
VERTEX
  8
0
 10
107.712614
 20
480.890713
 42
0.035143
  0
VERTEX
  8
0
 10
107.111039
 20
480.517003
 42
0.033095
  0
VERTEX
  8
0
 10
106.469506
 20
479.985040
 42
0.029911
  0
SEQEND
  0
POLYLINE
  8
0
 66
1
 70
1
  0
VERTEX
  8
0
 10
137.230582
 20
479.447544
 42
0.115490
  0
VERTEX
  8
0
 10
136.709467
 20
477.636976
 42
0.044463
  0
VERTEX
  8
0
 10
136.811008
 20
475.006545
 42
0.052528
  0
VERTEX
  8
0
 10
137.321740
 20
472.848700
 42
0.479054
  0
VERTEX
  8
0
 10
138.112002
 20
472.569221
 42
0.121285
  0
VERTEX
  8
0
 10
138.452994
 20
472.916801
 42
0.047999
  0
VERTEX
  8
0
 10
138.739151
 20
473.526984
 42
0.043843
  0
VERTEX
  8
0
 10
138.934319
 20
474.275806
 42
0.041857
  0
VERTEX
  8
0
 10
139.000000
 20
475.059017
 42
-0.083805
  0
VERTEX
  8
0
 10
139.244312
 20
476.506405
 42
-0.348616
  0
VERTEX
  8
0
 10
139.941540
 20
476.948868
 42
-0.266598
  0
VERTEX
  8
0
 10
140.726101
 20
476.381048
 42
-0.069396
  0
VERTEX
  8
0
 10
141.180449
 20
474.828328
 42
0.058484
  0
VERTEX
  8
0
 10
141.762297
 20
472.666634
 42
0.392436
  0
VERTEX
  8
0
 10
142.680164
 20
472.231046
 42
0.296439
  0
VERTEX
  8
0
 10
143.446584
 20
473.160459
 42
0.051515
  0
VERTEX
  8
0
 10
143.471106
 20
475.549088
 42
0.025249
  0
VERTEX
  8
0
 10
143.106451
 20
478.078840
 42
0.085445
  0
VERTEX
  8
0
 10
142.514270
 20
479.632648
 42
0.364056
  0
VERTEX
  8
0
 10
141.876192
 20
479.856865
 42
0.220316
  0
VERTEX
  8
0
 10
141.279762
 20
479.250000
 42
-0.067220
  0
VERTEX
  8
0
 10
141.032632
 20
478.772118
 42
-0.063745
  0
VERTEX
  8
0
 10
140.663773
 20
478.367188
 42
-0.068380
  0
VERTEX
  8
0
 10
140.234364
 20
478.093090
 42
-0.108313
  0
VERTEX
  8
0
 10
139.809678
 20
478.000000
 42
-0.173231
  0
VERTEX
  8
0
 10
139.467935
 20
478.122064
 42
-0.149708
  0
VERTEX
  8
0
 10
139.255805
 20
478.440625
 42
-0.105118
  0
VERTEX
  8
0
 10
139.216517
 20
478.925812
 42
-0.059505
  0
VERTEX
  8
0
 10
139.361626
 20
479.500000
 42
0.123123
  0
VERTEX
  8
0
 10
139.488642
 20
480.541156
 42
0.385503
  0
VERTEX
  8
0
 10
138.998919
 20
480.963182
 42
0.191045
  0
VERTEX
  8
0
 10
138.090082
 20
480.576625
 42
0.070341
  0
SEQEND
  0
POLYLINE
  8
0
 66
1
 70
1
  0
VERTEX
  8
0
 10
201.752712
 20
480.250000
 42
0.087142
  0
VERTEX
  8
0
 10
201.249587
 20
478.496547
 42
0.032318
  0
VERTEX
  8
0
 10
201.144049
 20
475.921993
 42
0.027476
  0
VERTEX
  8
0
 10
201.337840
 20
473.460937
 42
0.224592
  0
VERTEX
  8
0
 10
201.935036
 20
472.540150
 42
0.357181
  0
VERTEX
  8
0
 10
202.383663
 20
472.599962
 42
0.122006
  0
VERTEX
  8
0
 10
202.727694
 20
473.215980
 42
0.051054
  0
VERTEX
  8
0
 10
202.939003
 20
474.488961
 42
0.015620
  0
VERTEX
  8
0
 10
203.000000
 20
476.440983
 42
0.010589
  0
VERTEX
  8
0
 10
202.941057
 20
479.223766
 42
0.068631
  0
VERTEX
  8
0
 10
202.691341
 20
480.600720
 42
0.458227
  0
VERTEX
  8
0
 10
202.272330
 20
480.775408
 42
0.164760
  0
SEQEND
  0
POLYLINE
  8
0
 66
1
 70
1
  0
VERTEX
  8
0
 10
266.230582
 20
479.447544
 42
0.115714
  0
VERTEX
  8
0
 10
265.719778
 20
477.669843
 42
0.041874
  0
VERTEX
  8
0
 10
265.810443
 20
475.027705
 42
0.039407
  0
VERTEX
  8
0
 10
266.289810
 20
472.623091
 42
0.335626
  0
VERTEX
  8
0
 10
267.113499
 20
472.000000
 42
0.224115
  0
VERTEX
  8
0
 10
267.458618
 20
472.162873
 42
0.071452
  0
VERTEX
  8
0
 10
267.761419
 20
472.660937
 42
0.055272
  0
VERTEX
  8
0
 10
267.981008
 20
473.388409
 42
0.037445
  0
VERTEX
  8
0
 10
268.074310
 20
474.250000
 42
-0.012054
  0
VERTEX
  8
0
 10
268.132880
 20
475.274230
 42
-0.007013
  0
VERTEX
  8
0
 10
268.249995
 20
476.500000
 42
-0.007008
  0
VERTEX
  8
0
 10
268.401870
 20
477.725560
 42
-0.011746
  0
VERTEX
  8
0
 10
268.568036
 20
478.750000
 42
0.073439
  0
VERTEX
  8
0
 10
268.625064
 20
480.262885
 42
0.301643
  0
VERTEX
  8
0
 10
268.066398
 20
480.933115
 42
0.276874
  0
VERTEX
  8
0
 10
267.178002
 20
480.706074
 42
0.067645
  0
SEQEND
  0
POLYLINE
  8
0
 66
1
 70
1
  0
VERTEX
  8
0
 10
61.000000
 20
478.000000
 42
0.072254
  0
VERTEX
  8
0
 10
61.126841
 20
477.126841
 42
0.124864
  0
VERTEX
  8
0
 10
61.500000
 20
476.500000
 42
0.124864
  0
VERTEX
  8
0
 10
62.126841
 20
476.126841
 42
0.072254
  0
VERTEX
  8
0
 10
63.000000
 20
476.000000
 42
-0.048028
  0
VERTEX
  8
0
 10
63.765418
 20
475.926307
 42
-0.068025
  0
VERTEX
  8
0
 10
64.412500
 20
475.706250
 42
-0.088204
  0
VERTEX
  8
0
 10
64.848523
 20
475.381882
 42
-0.191087
  0
VERTEX
  8
0
 10
65.000000
 20
475.000000
 42
-0.206135
  0
VERTEX
  8
0
 10
64.835413
 20
474.617743
 42
-0.082944
  0
VERTEX
  8
0
 10
64.353750
 20
474.293750
 42
-0.063259
  0
VERTEX
  8
0
 10
63.642198
 20
474.073425
 42
-0.043509
  0
VERTEX
  8
0
 10
62.800000
 20
474.000000
 42
0.023345
  0
VERTEX
  8
0
 10
61.781275
 20
473.952409
 42
0.174600
  0
VERTEX
  8
0
 10
61.350302
 20
473.750000
 42
0.338738
  0
VERTEX
  8
0
 10
61.305616
 20
473.415459
 42
0.066340
  0
VERTEX
  8
0
 10
61.699337
 20
472.900663
 42
0.180061
  0
VERTEX
  8
0
 10
63.014055
 20
472.299146
 42
0.089306
  0
VERTEX
  8
0
 10
64.863805
 20
472.494742
 42
0.094904
  0
VERTEX
  8
0
 10
66.441449
 20
473.301561
 42
0.231198
  0
VERTEX
  8
0
 10
67.000000
 20
474.444943
 42
0.138182
  0
VERTEX
  8
0
 10
66.658277
 20
475.657831
 42
0.077735
  0
VERTEX
  8
0
 10
65.660112
 20
476.832348
 42
0.091424
  0
VERTEX
  8
0
 10
64.497410
 20
477.511861
 42
0.290790
  0
VERTEX
  8
0
 10
63.657991
 20
477.324657
 42
-0.101436
  0
VERTEX
  8
0
 10
63.407318
 20
477.159270
 42
-0.246187
  0
VERTEX
  8
0
 10
63.193285
 20
477.181121
 42
-0.186262
  0
VERTEX
  8
0
 10
63.046782
 20
477.387212
 42
-0.062500
  0
VERTEX
  8
0
 10
63.000000
 20
477.760009
 42
-0.140564
  0
VERTEX
  8
0
 10
63.129672
 20
478.212149
 42
-0.071903
  0
VERTEX
  8
0
 10
63.514063
 20
478.666521
 42
-0.062455
  0
VERTEX
  8
0
 10
64.080731
 20
479.054475
 42
-0.055048
  0
VERTEX
  8
0
 10
64.750000
 20
479.310674
 42
0.049066
  0
VERTEX
  8
0
 10
65.282394
 20
479.507227
 42
0.602595
  0
VERTEX
  8
0
 10
65.288210
 20
479.676084
 42
0.109045
  0
VERTEX
  8
0
 10
64.849555
 20
479.813383
 42
0.010989
  0
VERTEX
  8
0
 10
63.750000
 20
479.883999
 42
0.034601
  0
VERTEX
  8
0
 10
62.385415
 20
479.847124
 42
0.126788
  0
VERTEX
  8
0
 10
61.579250
 20
479.554293
 42
0.169202
  0
VERTEX
  8
0
 10
61.145837
 20
478.965956
 42
0.075063
  0
SEQEND
  0
POLYLINE
  8
0
 66
1
 70
1
  0
VERTEX
  8
0
 10
82.000000
 20
478.000000
 42
0.072254
  0
VERTEX
  8
0
 10
82.126841
 20
477.126841
 42
0.124864
  0
VERTEX
  8
0
 10
82.500000
 20
476.500000
 42
0.124864
  0
VERTEX
  8
0
 10
83.126841
 20
476.126841
 42
0.072254
  0
VERTEX
  8
0
 10
84.000000
 20
476.000000
 42
-0.080642
  0
VERTEX
  8
0
 10
85.495568
 20
475.757211
 42
-0.353558
  0
VERTEX
  8
0
 10
85.944567
 20
475.055542
 42
-0.262768
  0
VERTEX
  8
0
 10
85.364046
 20
474.249827
 42
-0.064925
  0
VERTEX
  8
0
 10
83.750000
 20
473.745492
 42
0.008269
  0
VERTEX
  8
0
 10
82.437676
 20
473.493484
 42
0.245429
  0
VERTEX
  8
0
 10
82.184188
 20
473.285290
 42
0.392267
  0
VERTEX
  8
0
 10
82.272589
 20
473.039913
 42
0.014170
  0
VERTEX
  8
0
 10
83.250000
 20
472.568952
 42
0.090571
  0
VERTEX
  8
0
 10
85.008175
 20
472.138640
 42
0.132562
  0
VERTEX
  8
0
 10
86.559877
 20
472.459985
 42
0.150063
  0
VERTEX
  8
0
 10
87.611956
 20
473.471405
 42
0.127483
  0
VERTEX
  8
0
 10
88.000000
 20
474.968615
 42
0.069898
  0
VERTEX
  8
0
 10
87.874653
 20
475.860875
 42
0.125268
  0
VERTEX
  8
0
 10
87.503862
 20
476.496077
 42
0.126698
  0
VERTEX
  8
0
 10
86.877988
 20
476.872206
 42
0.072395
  0
VERTEX
  8
0
 10
86.000000
 20
477.000000
 42
-0.080940
  0
VERTEX
  8
0
 10
84.506674
 20
477.243334
 42
-0.352691
  0
VERTEX
  8
0
 10
84.056783
 20
477.945843
 42
-0.259516
  0
VERTEX
  8
0
 10
84.634855
 20
478.761821
 42
-0.064168
  0
VERTEX
  8
0
 10
86.250000
 20
479.294267
 42
0.014773
  0
VERTEX
  8
0
 10
87.221490
 20
479.511330
 42
0.674817
  0
VERTEX
  8
0
 10
87.241510
 20
479.659635
 42
0.114822
  0
VERTEX
  8
0
 10
86.826388
 20
479.783099
 42
0.004641
  0
VERTEX
  8
0
 10
85.250000
 20
479.863818
 42
0.024383
  0
VERTEX
  8
0
 10
83.557998
 20
479.852180
 42
0.116792
  0
VERTEX
  8
0
 10
82.639227
 20
479.579844
 42
0.183857
  0
VERTEX
  8
0
 10
82.162495
 20
478.998030
 42
0.080876
  0
SEQEND
  0
POLYLINE
  8
0
 66
1
 70
1
  0
VERTEX
  8
0
 10
98.666667
 20
479.333333
 42
0.124971
  0
VERTEX
  8
0
 10
98.408216
 20
478.898972
 42
0.025381
  0
VERTEX
  8
0
 10
98.195833
 20
478.020989
 42
0.025302
  0
VERTEX
  8
0
 10
98.048948
 20
476.947565
 42
0.021353
  0
VERTEX
  8
0
 10
98.000000
 20
475.801949
 42
0.093139
  0
VERTEX
  8
0
 10
98.395188
 20
473.698860
 42
0.177933
  0
VERTEX
  8
0
 10
99.518357
 20
472.427694
 42
0.203352
  0
VERTEX
  8
0
 10
101.074955
 20
472.281388
 42
0.120042
  0
VERTEX
  8
0
 10
102.695866
 20
473.267294
 42
0.103631
  0
VERTEX
  8
0
 10
103.566666
 20
474.599691
 42
0.209145
  0
VERTEX
  8
0
 10
103.517472
 20
475.828978
 42
0.192831
  0
VERTEX
  8
0
 10
102.561512
 20
476.697426
 42
0.089357
  0
VERTEX
  8
0
 10
100.881966
 20
477.000000
 42
-0.047757
  0
VERTEX
  8
0
 10
100.127908
 20
477.072187
 42
-0.121131
  0
VERTEX
  8
0
 10
99.631575
 20
477.301001
 42
-0.204154
  0
VERTEX
  8
0
 10
99.443696
 20
477.649065
 42
-0.162858
  0
VERTEX
  8
0
 10
99.542134
 20
478.068174
 42
-0.109884
  0
VERTEX
  8
0
 10
99.900093
 20
478.435515
 42
-0.081902
  0
VERTEX
  8
0
 10
100.419289
 20
478.664890
 42
-0.076891
  0
VERTEX
  8
0
 10
101.017004
 20
478.724310
 42
-0.078162
  0
VERTEX
  8
0
 10
101.601151
 20
478.599558
 42
0.060487
  0
VERTEX
  8
0
 10
102.136572
 20
478.465361
 42
0.106442
  0
VERTEX
  8
0
 10
102.589088
 20
478.504982
 42
0.150241
  0
VERTEX
  8
0
 10
102.886291
 20
478.707295
 42
0.170338
  0
VERTEX
  8
0
 10
103.000000
 20
479.031385
 42
0.310213
  0
VERTEX
  8
0
 10
102.555972
 20
479.678194
 42
0.074645
  0
VERTEX
  8
0
 10
101.216648
 20
479.975699
 42
0.066628
  0
VERTEX
  8
0
 10
99.686159
 20
479.878395
 42
0.148285
  0
SEQEND
  0
POLYLINE
  8
0
 66
1
 70
1
  0
VERTEX
  8
0
 10
101.500000
 20
475.000000
 42
-0.082592
  0
VERTEX
  8
0
 10
101.656512
 20
474.617900
 42
-0.161196
  0
VERTEX
  8
0
 10
101.625400
 20
474.293750
 42
-0.182303
  0
VERTEX
  8
0
 10
101.413961
 20
474.078288
 42
-0.108972
  0
VERTEX
  8
0
 10
101.059017
 20
474.000000
 42
-0.093332
  0
VERTEX
  8
0
 10
100.654762
 20
474.076123
 42
-0.096420
  0
VERTEX
  8
0
 10
100.311086
 20
474.293750
 42
-0.099167
  0
VERTEX
  8
0
 10
100.081062
 20
474.618444
 42
-0.105053
  0
VERTEX
  8
0
 10
100.000000
 20
475.000000
 42
-0.042167
  0
VERTEX
  8
0
 10
100.032345
 20
475.382849
 42
-0.061769
  0
VERTEX
  8
0
 10
100.129539
 20
475.706250
 42
-0.081139
  0
VERTEX
  8
0
 10
100.272352
 20
475.925540
 42
-0.210953
  0
VERTEX
  8
0
 10
100.440983
 20
476.000000
 42
-0.151918
  0
VERTEX
  8
0
 10
100.651710
 20
475.934461
 42
-0.038439
  0
VERTEX
  8
0
 10
100.933975
 20
475.706250
 42
-0.035638
  0
VERTEX
  8
0
 10
101.231006
 20
475.382774
 42
-0.029505
  0
SEQEND
  0
POLYLINE
  8
0
 66
1
 70
1
  0
VERTEX
  8
0
 10
112.000000
 20
478.000000
 42
0.072254
  0
VERTEX
  8
0
 10
112.126841
 20
477.126841
 42
0.124864
  0
VERTEX
  8
0
 10
112.500000
 20
476.500000
 42
0.124864
  0
VERTEX
  8
0
 10
113.126841
 20
476.126841
 42
0.072254
  0
VERTEX
  8
0
 10
114.000000
 20
476.000000
 42
-0.080642
  0
VERTEX
  8
0
 10
115.495568
 20
475.757211
 42
-0.353558
  0
VERTEX
  8
0
 10
115.944567
 20
475.055542
 42
-0.262768
  0
VERTEX
  8
0
 10
115.364046
 20
474.249827
 42
-0.064925
  0
VERTEX
  8
0
 10
113.750000
 20
473.745492
 42
0.008269
  0
VERTEX
  8
0
 10
112.437676
 20
473.493484
 42
0.245429
  0
VERTEX
  8
0
 10
112.184188
 20
473.285290
 42
0.392267
  0
VERTEX
  8
0
 10
112.272589
 20
473.039913
 42
0.014170
  0
VERTEX
  8
0
 10
113.250000
 20
472.568952
 42
0.090571
  0
VERTEX
  8
0
 10
115.008175
 20
472.138640
 42
0.132562
  0
VERTEX
  8
0
 10
116.559877
 20
472.459985
 42
0.150063
  0
VERTEX
  8
0
 10
117.611956
 20
473.471405
 42
0.127483
  0
VERTEX
  8
0
 10
118.000000
 20
474.968615
 42
0.069898
  0
VERTEX
  8
0
 10
117.874653
 20
475.860875
 42
0.125268
  0
VERTEX
  8
0
 10
117.503862
 20
476.496077
 42
0.126698
  0
VERTEX
  8
0
 10
116.877988
 20
476.872206
 42
0.072395
  0
VERTEX
  8
0
 10
116.000000
 20
477.000000
 42
-0.080940
  0
VERTEX
  8
0
 10
114.506674
 20
477.243334
 42
-0.352691
  0
VERTEX
  8
0
 10
114.056783
 20
477.945843
 42
-0.259516
  0
VERTEX
  8
0
 10
114.634855
 20
478.761821
 42
-0.064168
  0
VERTEX
  8
0
 10
116.250000
 20
479.294267
 42
0.014773
  0
VERTEX
  8
0
 10
117.221490
 20
479.511330
 42
0.674817
  0
VERTEX
  8
0
 10
117.241510
 20
479.659635
 42
0.114822
  0
VERTEX
  8
0
 10
116.826388
 20
479.783099
 42
0.004641
  0
VERTEX
  8
0
 10
115.250000
 20
479.863818
 42
0.024383
  0
VERTEX
  8
0
 10
113.557998
 20
479.852180
 42
0.116792
  0
VERTEX
  8
0
 10
112.639227
 20
479.579844
 42
0.183857
  0
VERTEX
  8
0
 10
112.162495
 20
478.998030
 42
0.080876
  0
SEQEND
  0
POLYLINE
  8
0
 66
1
 70
1
  0
VERTEX
  8
0
 10
154.030409
 20
476.190983
 42
0.017976
  0
VERTEX
  8
0
 10
154.080820
 20
474.446565
 42
0.048049
  0
VERTEX
  8
0
 10
154.279840
 20
473.220060
 42
0.099885
  0
VERTEX
  8
0
 10
154.596808
 20
472.573810
 42
0.384779
  0
VERTEX
  8
0
 10
155.000000
 20
472.500000
 42
0.088250
  0
VERTEX
  8
0
 10
155.382836
 20
472.842344
 42
0.053305
  0
VERTEX
  8
0
 10
155.706250
 20
473.359775
 42
0.051278
  0
VERTEX
  8
0
 10
155.925833
 20
473.961978
 42
0.061875
  0
VERTEX
  8
0
 10
156.000000
 20
474.559017
 42
-0.152564
  0
VERTEX
  8
0
 10
156.335475
 20
475.632883
 42
-0.300761
  0
VERTEX
  8
0
 10
157.130482
 20
475.951250
 42
-0.188300
  0
VERTEX
  8
0
 10
158.084045
 20
475.332419
 42
-0.092041
  0
VERTEX
  8
0
 10
158.710251
 20
474.000000
 42
0.034464
  0
VERTEX
  8
0
 10
158.967966
 20
473.234334
 42
0.046292
  0
VERTEX
  8
0
 10
159.309743
 20
472.587500
 42
0.054541
  0
VERTEX
  8
0
 10
159.679304
 20
472.137524
 42
0.196012
  0
VERTEX
  8
0
 10
160.016631
 20
472.000000
 42
0.390223
  0
VERTEX
  8
0
 10
160.683701
 20
472.614126
 42
0.024510
  0
VERTEX
  8
0
 10
160.781520
 20
475.525299
 42
0.025656
  0
VERTEX
  8
0
 10
160.583413
 20
478.489985
 42
0.228664
  0
VERTEX
  8
0
 10
159.900000
 20
479.561803
 42
0.160868
  0
VERTEX
  8
0
 10
159.558923
 20
479.643311
 42
0.191006
  0
VERTEX
  8
0
 10
159.264375
 20
479.496680
 42
0.125259
  0
VERTEX
  8
0
 10
159.065200
 20
479.116158
 42
0.058314
  0
VERTEX
  8
0
 10
159.000000
 20
478.559017
 42
-0.193484
  0
VERTEX
  8
0
 10
158.560729
 20
477.466351
 42
-0.217063
  0
VERTEX
  8
0
 10
157.514116
 20
477.049761
 42
-0.148706
  0
VERTEX
  8
0
 10
156.169678
 20
477.531292
 42
-0.101397
  0
VERTEX
  8
0
 10
155.080099
 20
478.750000
 42
0.082085
  0
VERTEX
  8
0
 10
154.585929
 20
479.347269
 42
0.513423
  0
VERTEX
  8
0
 10
154.261509
 20
479.270323
 42
0.088374
  0
VERTEX
  8
0
 10
154.079339
 20
478.427927
 42
0.007407
  0
SEQEND
  0
POLYLINE
  8
0
 66
1
 70
1
  0
VERTEX
  8
0
 10
194.000000
 20
476.066422
 42
0.023207
  0
VERTEX
  8
0
 10
194.072373
 20
474.507996
 42
0.037097
  0
VERTEX
  8
0
 10
194.293750
 20
473.194512
 42
0.042822
  0
VERTEX
  8
0
 10
194.612685
 20
472.253336
 42
0.297999
  0
VERTEX
  8
0
 10
195.000000
 20
472.000000
 42
0.137184
  0
VERTEX
  8
0
 10
195.381339
 20
472.106634
 42
0.100221
  0
VERTEX
  8
0
 10
195.706250
 20
472.406365
 42
0.086212
  0
VERTEX
  8
0
 10
195.924980
 20
472.854683
 42
0.070596
  0
VERTEX
  8
0
 10
196.000000
 20
473.383369
 42
-0.133901
  0
VERTEX
  8
0
 10
196.155335
 20
473.953005
 42
-0.073191
  0
VERTEX
  8
0
 10
196.613048
 20
474.520689
 42
-0.064356
  0
VERTEX
  8
0
 10
197.288945
 20
475.000752
 42
-0.058383
  0
VERTEX
  8
0
 10
198.086974
 20
475.312493
 42
0.159799
  0
VERTEX
  8
0
 10
199.562251
 20
476.263722
 42
0.247762
  0
VERTEX
  8
0
 10
199.849964
 20
477.717077
 42
0.185223
  0
VERTEX
  8
0
 10
198.770009
 20
479.118397
 42
0.108672
  0
VERTEX
  8
0
 10
196.741449
 20
479.816422
 42
0.038125
  0
VERTEX
  8
0
 10
195.122166
 20
479.879119
 42
0.229406
  0
VERTEX
  8
0
 10
194.399088
 20
479.494809
 42
0.145541
  0
VERTEX
  8
0
 10
194.066314
 20
478.560648
 42
0.013291
  0
SEQEND
  0
POLYLINE
  8
0
 66
1
 70
1
  0
VERTEX
  8
0
 10
198.000000
 20
477.559017
 42
-0.151918
  0
VERTEX
  8
0
 10
197.934461
 20
477.348290
 42
-0.038439
  0
VERTEX
  8
0
 10
197.706250
 20
477.066025
 42
-0.035638
  0
VERTEX
  8
0
 10
197.382774
 20
476.768994
 42
-0.029505
  0
VERTEX
  8
0
 10
197.000000
 20
476.500000
 42
-0.082592
  0
VERTEX
  8
0
 10
196.617900
 20
476.343488
 42
-0.161196
  0
VERTEX
  8
0
 10
196.293750
 20
476.374600
 42
-0.182303
  0
VERTEX
  8
0
 10
196.078288
 20
476.586039
 42
-0.108972
  0
VERTEX
  8
0
 10
196.000000
 20
476.940983
 42
-0.093332
  0
VERTEX
  8
0
 10
196.076123
 20
477.345238
 42
-0.096420
  0
VERTEX
  8
0
 10
196.293750
 20
477.688914
 42
-0.099167
  0
VERTEX
  8
0
 10
196.618444
 20
477.918938
 42
-0.105053
  0
VERTEX
  8
0
 10
197.000000
 20
478.000000
 42
-0.042167
  0
VERTEX
  8
0
 10
197.382849
 20
477.967655
 42
-0.061769
  0
VERTEX
  8
0
 10
197.706250
 20
477.870461
 42
-0.081139
  0
VERTEX
  8
0
 10
197.925540
 20
477.727648
 42
-0.210953
  0
SEQEND
  0
POLYLINE
  8
0
 66
1
 70
1
  0
VERTEX
  8
0
 10
233.227969
 20
476.000000
 42
0.026316
  0
VERTEX
  8
0
 10
234.100027
 20
473.192781
 42
0.197686
  0
VERTEX
  8
0
 10
235.023573
 20
472.189734
 42
0.360679
  0
VERTEX
  8
0
 10
235.981600
 20
472.440503
 42
0.058963
  0
VERTEX
  8
0
 10
236.981163
 20
474.250000
 42
0.000000
  0
VERTEX
  8
0
 10
237.897878
 20
476.500000
 42
0.000000
  0
VERTEX
  8
0
 10
238.565570
 20
474.250000
 42
0.086898
  0
VERTEX
  8
0
 10
239.454684
 20
472.463682
 42
0.348121
  0
VERTEX
  8
0
 10
240.554188
 20
472.164585
 42
0.189203
  0
VERTEX
  8
0
 10
241.697758
 20
473.292221
 42
0.039419
  0
VERTEX
  8
0
 10
242.654478
 20
476.000000
 42
0.029853
  0
VERTEX
  8
0
 10
243.201164
 20
478.681096
 42
0.218414
  0
VERTEX
  8
0
 10
242.837580
 20
479.905675
 42
0.512539
  0
VERTEX
  8
0
 10
242.086065
 20
479.833952
 42
0.043547
  0
VERTEX
  8
0
 10
241.109298
 20
477.766423
 42
0.000000
  0
VERTEX
  8
0
 10
240.283044
 20
475.532847
 42
0.000000
  0
VERTEX
  8
0
 10
239.574134
 20
477.766423
 42
0.054043
  0
VERTEX
  8
0
 10
238.844523
 20
479.421009
 42
0.269426
  0
VERTEX
  8
0
 10
237.998499
 20
479.906700
 42
0.267170
  0
VERTEX
  8
0
 10
237.151613
 20
479.413504
 42
0.053442
  0
VERTEX
  8
0
 10
236.419647
 20
477.750000
 42
0.000000
  0
VERTEX
  8
0
 10
235.704519
 20
475.500000
 42
0.000000
  0
VERTEX
  8
0
 10
234.699445
 20
477.750000
 42
0.032175
  0
VERTEX
  8
0
 10
233.611319
 20
479.817665
 42
0.512275
  0
VERTEX
  8
0
 10
232.938619
 20
479.868346
 42
0.219816
  0
VERTEX
  8
0
 10
232.642290
 20
478.782458
 42
0.020561
  0
SEQEND
  0
POLYLINE
  8
0
 66
1
 70
1
  0
VERTEX
  8
0
 10
258.774718
 20
478.750000
 42
0.109367
  0
VERTEX
  8
0
 10
258.580351
 20
477.138876
 42
0.046624
  0
VERTEX
  8
0
 10
258.994881
 20
474.994898
 42
0.045554
  0
VERTEX
  8
0
 10
259.754763
 20
473.065652
 42
0.198233
  0
VERTEX
  8
0
 10
260.664916
 20
472.278361
 42
0.274858
  0
VERTEX
  8
0
 10
261.100231
 20
472.373294
 42
0.140179
  0
VERTEX
  8
0
 10
261.398702
 20
472.870016
 42
0.066887
  0
VERTEX
  8
0
 10
261.522076
 20
473.821483
 42
0.023308
  0
VERTEX
  8
0
 10
261.451170
 20
475.204222
 42
-0.000269
  0
VERTEX
  8
0
 10
261.322626
 20
476.521111
 42
-0.000330
  0
VERTEX
  8
0
 10
261.203948
 20
477.752178
 42
-0.000274
  0
VERTEX
  8
0
 10
261.105408
 20
478.787431
 42
-0.002360
  0
VERTEX
  8
0
 10
261.063836
 20
479.250000
 42
0.221828
  0
VERTEX
  8
0
 10
260.729868
 20
479.831269
 42
0.209946
  0
VERTEX
  8
0
 10
260.058333
 20
479.966580
 42
0.140829
  0
VERTEX
  8
0
 10
259.282954
 20
479.548144
 42
0.115050
  0
SEQEND
  0
POLYLINE
  8
0
 66
1
 70
1
  0
VERTEX
  8
0
 10
304.000000
 20
476.000000
 42
0.023598
  0
VERTEX
  8
0
 10
304.072390
 20
474.467056
 42
0.037669
  0
VERTEX
  8
0
 10
304.293750
 20
473.175000
 42
0.043820
  0
VERTEX
  8
0
 10
304.612873
 20
472.251055
 42
0.295869
  0
VERTEX
  8
0
 10
305.000000
 20
472.000000
 42
0.140362
  0
VERTEX
  8
0
 10
305.381338
 20
472.109202
 42
0.099913
  0
VERTEX
  8
0
 10
305.706250
 20
472.416146
 42
0.085122
  0
VERTEX
  8
0
 10
305.925077
 20
472.875200
 42
0.068857
  0
VERTEX
  8
0
 10
306.000000
 20
473.416667
 42
-0.080037
  0
VERTEX
  8
0
 10
306.093358
 20
473.996150
 42
-0.064268
  0
VERTEX
  8
0
 10
306.367188
 20
474.566178
 42
-0.065096
  0
VERTEX
  8
0
 10
306.772087
 20
475.040891
 42
-0.087504
  0
VERTEX
  8
0
 10
307.250000
 20
475.340536
 42
0.053056
  0
VERTEX
  8
0
 10
307.805912
 20
475.638108
 42
0.270024
  0
VERTEX
  8
0
 10
307.951349
 20
475.942412
 42
0.193169
  0
VERTEX
  8
0
 10
307.773103
 20
476.299242
 42
0.028760
  0
VERTEX
  8
0
 10
307.130023
 20
476.807036
 42
-0.052109
  0
VERTEX
  8
0
 10
306.503399
 20
477.351112
 42
-0.253048
  0
VERTEX
  8
0
 10
306.388276
 20
477.790984
 42
-0.177450
  0
VERTEX
  8
0
 10
306.689534
 20
478.239992
 42
-0.025575
  0
VERTEX
  8
0
 10
307.630023
 20
478.852758
 42
0.012248
  0
VERTEX
  8
0
 10
308.700075
 20
479.510012
 42
0.441438
  0
VERTEX
  8
0
 10
308.742459
 20
479.766027
 42
0.220736
  0
VERTEX
  8
0
 10
308.415432
 20
479.931707
 42
0.005843
  0
VERTEX
  8
0
 10
306.750000
 20
479.969591
 42
0.042151
  0
VERTEX
  8
0
 10
305.165992
 20
479.853442
 42
0.204661
  0
VERTEX
  8
0
 10
304.419974
 20
479.384484
 42
0.136644
  0
VERTEX
  8
0
 10
304.074907
 20
478.390850
 42
0.015662
  0
SEQEND
  0
POLYLINE
  8
0
 66
1
 70
1
  0
VERTEX
  8
0
 10
311.116001
 20
475.816422
 42
0.010181
  0
VERTEX
  8
0
 10
311.189653
 20
474.258147
 42
0.035741
  0
VERTEX
  8
0
 10
311.328787
 20
473.263948
 42
0.285379
  0
VERTEX
  8
0
 10
311.501321
 20
473.084757
 42
0.411402
  0
VERTEX
  8
0
 10
311.677483
 20
473.188506
 42
-0.102149
  0
VERTEX
  8
0
 10
312.010217
 20
473.857489
 42
-0.064146
  0
VERTEX
  8
0
 10
312.634980
 20
474.472514
 42
-0.060514
  0
VERTEX
  8
0
 10
313.441475
 20
474.943481
 42
-0.066670
  0
VERTEX
  8
0
 10
314.311481
 20
475.188506
 42
0.152666
  0
VERTEX
  8
0
 10
316.047755
 20
476.015206
 42
0.240525
  0
VERTEX
  8
0
 10
316.603887
 20
477.532385
 42
0.208302
  0
VERTEX
  8
0
 10
315.710184
 20
479.052576
 42
0.129222
  0
VERTEX
  8
0
 10
313.750000
 20
479.816422
 42
0.037950
  0
VERTEX
  8
0
 10
312.105929
 20
479.880073
 42
0.242413
  0
VERTEX
  8
0
 10
311.401680
 20
479.483536
 42
0.142044
  0
VERTEX
  8
0
 10
311.103911
 20
478.521366
 42
0.011200
  0
SEQEND
  0
POLYLINE
  8
0
 66
1
 70
1
  0
VERTEX
  8
0
 10
314.447214
 20
476.914590
 42
-0.099038
  0
VERTEX
  8
0
 10
314.151486
 20
476.597789
 42
-0.097945
  0
VERTEX
  8
0
 10
313.755524
 20
476.417584
 42
-0.097945
  0
VERTEX
  8
0
 10
313.320774
 20
476.401684
 42
-0.099038
  0
VERTEX
  8
0
 10
312.914590
 20
476.552786
 42
-0.099038
  0
VERTEX
  8
0
 10
312.597789
 20
476.848514
 42
-0.097945
  0
VERTEX
  8
0
 10
312.417584
 20
477.244476
 42
-0.097945
  0
VERTEX
  8
0
 10
312.401684
 20
477.679226
 42
-0.099038
  0
VERTEX
  8
0
 10
312.552786
 20
478.085410
 42
-0.099038
  0
VERTEX
  8
0
 10
312.848514
 20
478.402211
 42
-0.097945
  0
VERTEX
  8
0
 10
313.244476
 20
478.582416
 42
-0.097945
  0
VERTEX
  8
0
 10
313.679226
 20
478.598316
 42
-0.099038
  0
VERTEX
  8
0
 10
314.085410
 20
478.447214
 42
-0.099038
  0
VERTEX
  8
0
 10
314.402211
 20
478.151486
 42
-0.097945
  0
VERTEX
  8
0
 10
314.582416
 20
477.755524
 42
-0.097945
  0
VERTEX
  8
0
 10
314.598316
 20
477.320774
 42
-0.099038
  0
SEQEND
  0
POLYLINE
  8
0
 66
1
 70
1
  0
VERTEX
  8
0
 10
318.393011
 20
478.418213
 42
-0.037334
  0
VERTEX
  8
0
 10
318.626269
 20
477.641583
 42
-0.016637
  0
VERTEX
  8
0
 10
318.821697
 20
476.590725
 42
-0.016361
  0
VERTEX
  8
0
 10
318.955618
 20
475.459904
 42
-0.021293
  0
VERTEX
  8
0
 10
319.000000
 20
474.418213
 42
0.039460
  0
VERTEX
  8
0
 10
319.073191
 20
473.492250
 42
0.058656
  0
VERTEX
  8
0
 10
319.293750
 20
472.710350
 42
0.077138
  0
VERTEX
  8
0
 10
319.617261
 20
472.178026
 42
0.221190
  0
VERTEX
  8
0
 10
320.000000
 20
472.000000
 42
0.295869
  0
VERTEX
  8
0
 10
320.387127
 20
472.251055
 42
0.043820
  0
VERTEX
  8
0
 10
320.706250
 20
473.175000
 42
0.037669
  0
VERTEX
  8
0
 10
320.927610
 20
474.467056
 42
0.023598
  0
VERTEX
  8
0
 10
321.000000
 20
476.000000
 42
0.019442
  0
VERTEX
  8
0
 10
320.923945
 20
477.955252
 42
0.076211
  0
VERTEX
  8
0
 10
320.649563
 20
479.127718
 42
0.145092
  0
VERTEX
  8
0
 10
320.147221
 20
479.761545
 42
0.154318
  0
VERTEX
  8
0
 10
319.393011
 20
480.000000
 42
0.076855
  0
VERTEX
  8
0
 10
318.737605
 20
479.898658
 42
0.176865
  0
VERTEX
  8
0
 10
318.348199
 20
479.598350
 42
0.167010
  0
VERTEX
  8
0
 10
318.230887
 20
479.103551
 42
0.067159
  0
SEQEND
  0
POLYLINE
  8
0
 66
1
 70
1
  0
VERTEX
  8
0
 10
322.511989
 20
478.037773
 42
0.112925
  0
VERTEX
  8
0
 10
322.356457
 20
476.155312
 42
0.079438
  0
VERTEX
  8
0
 10
322.988783
 20
474.118430
 42
0.087030
  0
VERTEX
  8
0
 10
324.143761
 20
472.544851
 42
0.193358
  0
VERTEX
  8
0
 10
325.500000
 20
472.000000
 42
0.193358
  0
VERTEX
  8
0
 10
326.856239
 20
472.544851
 42
0.087030
  0
VERTEX
  8
0
 10
328.011217
 20
474.118430
 42
0.079438
  0
VERTEX
  8
0
 10
328.643543
 20
476.155312
 42
0.112925
  0
VERTEX
  8
0
 10
328.488011
 20
478.037773
 42
0.084981
  0
VERTEX
  8
0
 10
328.067079
 20
478.852493
 42
0.086033
  0
VERTEX
  8
0
 10
327.400601
 20
479.476769
 42
0.080950
  0
VERTEX
  8
0
 10
326.525756
 20
479.866951
 42
0.064584
  0
VERTEX
  8
0
 10
325.500000
 20
480.000000
 42
0.064584
  0
VERTEX
  8
0
 10
324.474244
 20
479.866951
 42
0.080950
  0
VERTEX
  8
0
 10
323.599399
 20
479.476769
 42
0.086033
  0
VERTEX
  8
0
 10
322.932921
 20
478.852493
 42
0.084981
  0
SEQEND
  0
POLYLINE
  8
0
 66
1
 70
1
  0
VERTEX
  8
0
 10
327.000000
 20
475.940983
 42
-0.075715
  0
VERTEX
  8
0
 10
326.887055
 20
475.199409
 42
-0.089148
  0
VERTEX
  8
0
 10
326.559375
 20
474.570164
 42
-0.100726
  0
VERTEX
  8
0
 10
326.072040
 20
474.149516
 42
-0.128528
  0
VERTEX
  8
0
 10
325.500000
 20
474.000000
 42
-0.237860
  0
VERTEX
  8
0
 10
324.596501
 20
474.455589
 42
-0.110313
  0
VERTEX
  8
0
 10
324.049944
 20
475.689495
 42
-0.096656
  0
VERTEX
  8
0
 10
324.043202
 20
477.179555
 42
-0.150422
  0
VERTEX
  8
0
 10
324.639480
 20
478.306147
 42
-0.200942
  0
VERTEX
  8
0
 10
325.423574
 20
478.627349
 42
-0.197139
  0
VERTEX
  8
0
 10
326.210711
 20
478.297246
 42
-0.124017
  0
VERTEX
  8
0
 10
326.799531
 20
477.309671
 42
-0.072845
  0
SEQEND
  0
POLYLINE
  8
0
 66
1
 70
1
  0
VERTEX
  8
0
 10
331.291574
 20
479.302668
 42
-0.136389
  0
VERTEX
  8
0
 10
332.234565
 20
478.756188
 42
-0.197609
  0
VERTEX
  8
0
 10
332.591032
 20
477.874675
 42
-0.077887
  0
VERTEX
  8
0
 10
332.340147
 20
476.333517
 42
-0.010662
  0
VERTEX
  8
0
 10
331.255784
 20
473.250000
 42
0.101306
  0
VERTEX
  8
0
 10
331.098598
 20
472.260624
 42
0.606370
  0
VERTEX
  8
0
 10
331.457404
 20
472.093346
 42
0.084768
  0
VERTEX
  8
0
 10
332.402722
 20
473.112695
 42
0.025344
  0
VERTEX
  8
0
 10
333.474320
 20
474.950340
 42
0.020183
  0
VERTEX
  8
0
 10
334.741982
 20
477.664910
 42
0.161320
  0
VERTEX
  8
0
 10
334.846332
 20
479.023768
 42
0.288584
  0
VERTEX
  8
0
 10
334.107947
 20
479.733554
 42
0.061555
  0
VERTEX
  8
0
 10
332.250000
 20
479.883999
 42
0.009565
  0
VERTEX
  8
0
 10
331.094161
 20
479.813073
 42
0.116727
  0
VERTEX
  8
0
 10
330.675296
 20
479.677596
 42
0.609729
  0
VERTEX
  8
0
 10
330.686973
 20
479.509867
 42
0.038040
  0
SEQEND
  0
POLYLINE
  8
0
 66
1
 70
1
  0
VERTEX
  8
0
 10
336.790106
 20
477.023261
 42
0.042226
  0
VERTEX
  8
0
 10
336.641693
 20
474.606271
 42
0.126643
  0
VERTEX
  8
0
 10
337.087441
 20
473.026553
 42
0.191678
  0
VERTEX
  8
0
 10
338.096420
 20
472.235252
 42
0.119007
  0
VERTEX
  8
0
 10
339.619827
 20
472.159924
 42
0.112915
  0
VERTEX
  8
0
 10
340.507130
 20
472.548076
 42
0.111128
  0
VERTEX
  8
0
 10
341.143559
 20
473.285226
 42
0.075206
  0
VERTEX
  8
0
 10
341.564905
 20
474.473609
 42
0.026966
  0
VERTEX
  8
0
 10
341.810365
 20
476.258317
 42
0.016109
  0
VERTEX
  8
0
 10
341.921169
 20
478.448709
 42
0.135101
  0
VERTEX
  8
0
 10
341.678163
 20
479.399417
 42
0.216377
  0
VERTEX
  8
0
 10
341.035837
 20
479.863618
 42
0.049943
  0
VERTEX
  8
0
 10
339.673865
 20
480.000000
 42
0.058402
  0
VERTEX
  8
0
 10
338.426780
 20
479.853837
 42
0.142942
  0
VERTEX
  8
0
 10
337.631308
 20
479.401224
 42
0.120677
  0
VERTEX
  8
0
 10
337.123828
 20
478.533784
 42
0.035870
  0
SEQEND
  0
POLYLINE
  8
0
 66
1
 70
1
  0
VERTEX
  8
0
 10
340.000000
 20
478.000000
 42
-0.042167
  0
VERTEX
  8
0
 10
339.967655
 20
477.617151
 42
-0.061769
  0
VERTEX
  8
0
 10
339.870461
 20
477.293750
 42
-0.081139
  0
VERTEX
  8
0
 10
339.727648
 20
477.074460
 42
-0.210953
  0
VERTEX
  8
0
 10
339.559017
 20
477.000000
 42
-0.151918
  0
VERTEX
  8
0
 10
339.348290
 20
477.065539
 42
-0.038439
  0
VERTEX
  8
0
 10
339.066025
 20
477.293750
 42
-0.035638
  0
VERTEX
  8
0
 10
338.768994
 20
477.617226
 42
-0.029505
  0
VERTEX
  8
0
 10
338.500000
 20
478.000000
 42
-0.082592
  0
VERTEX
  8
0
 10
338.343488
 20
478.382100
 42
-0.161196
  0
VERTEX
  8
0
 10
338.374600
 20
478.706250
 42
-0.182303
  0
VERTEX
  8
0
 10
338.586039
 20
478.921712
 42
-0.108972
  0
VERTEX
  8
0
 10
338.940983
 20
479.000000
 42
-0.093332
  0
VERTEX
  8
0
 10
339.345238
 20
478.923877
 42
-0.096420
  0
VERTEX
  8
0
 10
339.688914
 20
478.706250
 42
-0.099167
  0
VERTEX
  8
0
 10
339.918938
 20
478.381556
 42
-0.105053
  0
SEQEND
  0
POLYLINE
  8
0
 66
1
 70
1
  0
VERTEX
  8
0
 10
340.447214
 20
473.914590
 42
-0.099038
  0
VERTEX
  8
0
 10
340.151486
 20
473.597789
 42
-0.097945
  0
VERTEX
  8
0
 10
339.755524
 20
473.417584
 42
-0.097945
  0
VERTEX
  8
0
 10
339.320774
 20
473.401684
 42
-0.099038
  0
VERTEX
  8
0
 10
338.914590
 20
473.552786
 42
-0.099038
  0
VERTEX
  8
0
 10
338.597789
 20
473.848514
 42
-0.097945
  0
VERTEX
  8
0
 10
338.417584
 20
474.244476
 42
-0.097945
  0
VERTEX
  8
0
 10
338.401684
 20
474.679226
 42
-0.099038
  0
VERTEX
  8
0
 10
338.552786
 20
475.085410
 42
-0.099038
  0
VERTEX
  8
0
 10
338.848514
 20
475.402211
 42
-0.097945
  0
VERTEX
  8
0
 10
339.244476
 20
475.582416
 42
-0.097945
  0
VERTEX
  8
0
 10
339.679226
 20
475.598316
 42
-0.099038
  0
VERTEX
  8
0
 10
340.085410
 20
475.447214
 42
-0.099038
  0
VERTEX
  8
0
 10
340.402211
 20
475.151486
 42
-0.097945
  0
VERTEX
  8
0
 10
340.582416
 20
474.755524
 42
-0.097945
  0
VERTEX
  8
0
 10
340.598316
 20
474.320774
 42
-0.099038
  0
SEQEND
  0
POLYLINE
  8
0
 66
1
 70
1
  0
VERTEX
  8
0
 10
69.138321
 20
476.333333
 42
-0.057146
  0
VERTEX
  8
0
 10
69.594924
 20
475.634210
 42
-0.116622
  0
VERTEX
  8
0
 10
69.744889
 20
475.000000
 42
-0.116622
  0
VERTEX
  8
0
 10
69.594924
 20
474.365790
 42
-0.057146
  0
VERTEX
  8
0
 10
69.138321
 20
473.666667
 42
0.075443
  0
VERTEX
  8
0
 10
68.739171
 20
473.003977
 42
0.348346
  0
VERTEX
  8
0
 10
68.854150
 20
472.602433
 42
0.140685
  0
VERTEX
  8
0
 10
69.476445
 20
472.380917
 42
0.015612
  0
VERTEX
  8
0
 10
71.000000
 20
472.333333
 42
0.015612
  0
VERTEX
  8
0
 10
72.523555
 20
472.380917
 42
0.140685
  0
VERTEX
  8
0
 10
73.145850
 20
472.602433
 42
0.348346
  0
VERTEX
  8
0
 10
73.260829
 20
473.003977
 42
0.075443
  0
VERTEX
  8
0
 10
72.861679
 20
473.666667
 42
-0.057146
  0
VERTEX
  8
0
 10
72.405076
 20
474.365790
 42
-0.116622
  0
VERTEX
  8
0
 10
72.255111
 20
475.000000
 42
-0.116622
  0
VERTEX
  8
0
 10
72.405076
 20
475.634210
 42
-0.057146
  0
VERTEX
  8
0
 10
72.861679
 20
476.333333
 42
0.075443
  0
VERTEX
  8
0
 10
73.260829
 20
476.996023
 42
0.348346
  0
VERTEX
  8
0
 10
73.145850
 20
477.397567
 42
0.140685
  0
VERTEX
  8
0
 10
72.523555
 20
477.619083
 42
0.015612
  0
VERTEX
  8
0
 10
71.000000
 20
477.666667
 42
0.015612
  0
VERTEX
  8
0
 10
69.476445
 20
477.619083
 42
0.140685
  0
VERTEX
  8
0
 10
68.854150
 20
477.397567
 42
0.348346
  0
VERTEX
  8
0
 10
68.739171
 20
476.996023
 42
0.075443
  0
SEQEND
  0
POLYLINE
  8
0
 66
1
 70
1
  0
VERTEX
  8
0
 10
119.621616
 20
477.288283
 42
0.269452
  0
VERTEX
  8
0
 10
119.513510
 20
476.880254
 42
0.070308
  0
VERTEX
  8
0
 10
119.793137
 20
476.232980
 42
0.051916
  0
VERTEX
  8
0
 10
120.377209
 20
475.467717
 42
0.032129
  0
VERTEX
  8
0
 10
121.204950
 20
474.695196
 42
-0.008728
  0
VERTEX
  8
0
 10
122.262272
 20
473.797145
 42
-0.114885
  0
VERTEX
  8
0
 10
122.558676
 20
473.382354
 42
-0.579408
  0
VERTEX
  8
0
 10
122.432822
 20
473.219724
 42
-0.043151
  0
VERTEX
  8
0
 10
121.750000
 20
473.375528
 42
0.049145
  0
VERTEX
  8
0
 10
121.079700
 20
473.520061
 42
0.085866
  0
VERTEX
  8
0
 10
120.514062
 20
473.487700
 42
0.129387
  0
VERTEX
  8
0
 10
120.141601
 20
473.291035
 42
0.209915
  0
VERTEX
  8
0
 10
120.000000
 20
472.968615
 42
0.319763
  0
VERTEX
  8
0
 10
120.495921
 20
472.272453
 42
0.081274
  0
VERTEX
  8
0
 10
121.943033
 20
472.023074
 42
0.071819
  0
VERTEX
  8
0
 10
123.544962
 20
472.240544
 42
0.186855
  0
VERTEX
  8
0
 10
124.457295
 20
472.930902
 42
0.103611
  0
VERTEX
  8
0
 10
124.602420
 20
473.332096
 42
0.098908
  0
VERTEX
  8
0
 10
124.577909
 20
473.764931
 42
0.096804
  0
VERTEX
  8
0
 10
124.387421
 20
474.162562
 42
0.094647
  0
VERTEX
  8
0
 10
124.059986
 20
474.462927
 42
-0.125083
  0
VERTEX
  8
0
 10
123.730973
 20
474.803354
 42
-0.081220
  0
VERTEX
  8
0
 10
123.538534
 20
475.318688
 42
-0.072801
  0
VERTEX
  8
0
 10
123.508172
 20
475.925910
 42
-0.067860
  0
VERTEX
  8
0
 10
123.650663
 20
476.532025
 42
0.297385
  0
VERTEX
  8
0
 10
123.455865
 20
477.438378
 42
0.149969
  0
VERTEX
  8
0
 10
122.376291
 20
478.004899
 42
0.105101
  0
VERTEX
  8
0
 10
120.838908
 20
477.968164
 42
0.138902
  0
SEQEND
  0
POLYLINE
  8
0
 66
1
 70
1
  0
VERTEX
  8
0
 10
126.361626
 20
476.500000
 42
0.097366
  0
VERTEX
  8
0
 10
126.076809
 20
474.863244
 42
0.123362
  0
VERTEX
  8
0
 10
126.480956
 20
473.387546
 42
0.135776
  0
VERTEX
  8
0
 10
127.490751
 20
472.372283
 42
0.130279
  0
VERTEX
  8
0
 10
128.895291
 20
472.000000
 42
-0.083467
  0
VERTEX
  8
0
 10
129.677865
 20
471.868445
 42
-0.073607
  0
VERTEX
  8
0
 10
130.412510
 20
471.485937
 42
-0.075523
  0
VERTEX
  8
0
 10
130.988561
 20
470.918625
 42
-0.096970
  0
VERTEX
  8
0
 10
131.310674
 20
470.250000
 42
0.483558
  0
VERTEX
  8
0
 10
131.491212
 20
470.170593
 42
0.227697
  0
VERTEX
  8
0
 10
131.667734
 20
470.409375
 42
0.031619
  0
VERTEX
  8
0
 10
131.809317
 20
471.530563
 42
0.009495
  0
VERTEX
  8
0
 10
131.883999
 20
473.250000
 42
0.010862
  0
VERTEX
  8
0
 10
131.891798
 20
476.146306
 42
0.113330
  0
VERTEX
  8
0
 10
131.605593
 20
477.292345
 42
0.221501
  0
VERTEX
  8
0
 10
130.913717
 20
477.834216
 42
0.057173
  0
VERTEX
  8
0
 10
129.468615
 20
478.000000
 42
0.055002
  0
VERTEX
  8
0
 10
128.457712
 20
477.888458
 42
0.057561
  0
VERTEX
  8
0
 10
127.511741
 20
477.559375
 42
0.064130
  0
VERTEX
  8
0
 10
126.767801
 20
477.074238
 42
0.125259
  0
SEQEND
  0
POLYLINE
  8
0
 66
1
 70
1
  0
VERTEX
  8
0
 10
130.150000
 20
475.500000
 42
-0.102038
  0
VERTEX
  8
0
 10
130.069583
 20
475.110048
 42
-0.070382
  0
VERTEX
  8
0
 10
129.834219
 20
474.723802
 42
-0.066918
  0
VERTEX
  8
0
 10
129.485911
 20
474.399741
 42
-0.073624
  0
VERTEX
  8
0
 10
129.075000
 20
474.191667
 42
-0.159683
  0
VERTEX
  8
0
 10
128.666526
 20
474.189601
 42
-0.143818
  0
VERTEX
  8
0
 10
128.315781
 20
474.428177
 42
-0.107546
  0
VERTEX
  8
0
 10
128.079656
 20
474.888977
 42
-0.064908
  0
VERTEX
  8
0
 10
128.000000
 20
475.500000
 42
-0.064908
  0
VERTEX
  8
0
 10
128.079656
 20
476.111023
 42
-0.107546
  0
VERTEX
  8
0
 10
128.315781
 20
476.571823
 42
-0.143818
  0
VERTEX
  8
0
 10
128.666526
 20
476.810399
 42
-0.159683
  0
VERTEX
  8
0
 10
129.075000
 20
476.808333
 42
-0.073624
  0
VERTEX
  8
0
 10
129.485911
 20
476.600259
 42
-0.066918
  0
VERTEX
  8
0
 10
129.834219
 20
476.276198
 42
-0.070382
  0
VERTEX
  8
0
 10
130.069583
 20
475.889952
 42
-0.102038
  0
SEQEND
  0
POLYLINE
  8
0
 66
1
 70
1
  0
VERTEX
  8
0
 10
162.361626
 20
476.500000
 42
0.097771
  0
VERTEX
  8
0
 10
162.058151
 20
474.747682
 42
0.142241
  0
VERTEX
  8
0
 10
162.527793
 20
473.261246
 42
0.156921
  0
VERTEX
  8
0
 10
163.672917
 20
472.352374
 42
0.125817
  0
VERTEX
  8
0
 10
165.245529
 20
472.179863
 42
0.072113
  0
VERTEX
  8
0
 10
166.300162
 20
472.488884
 42
0.111625
  0
VERTEX
  8
0
 10
167.051833
 20
473.061898
 42
0.098707
  0
VERTEX
  8
0
 10
167.542635
 20
473.959560
 42
0.047289
  0
VERTEX
  8
0
 10
167.816422
 20
475.250000
 42
0.031119
  0
VERTEX
  8
0
 10
167.895669
 20
476.762688
 42
0.172339
  0
VERTEX
  8
0
 10
167.619733
 20
477.515805
 42
0.184891
  0
VERTEX
  8
0
 10
166.943644
 20
477.896307
 42
0.036757
  0
VERTEX
  8
0
 10
165.535038
 20
478.000000
 42
0.053630
  0
VERTEX
  8
0
 10
164.498712
 20
477.888522
 42
0.056870
  0
VERTEX
  8
0
 10
163.531253
 20
477.559375
 42
0.063636
  0
VERTEX
  8
0
 10
162.772281
 20
477.074339
 42
0.127848
  0
SEQEND
  0
POLYLINE
  8
0
 66
1
 70
1
  0
VERTEX
  8
0
 10
166.770833
 20
475.187500
 42
-0.134046
  0
VERTEX
  8
0
 10
166.795817
 20
474.735738
 42
-0.144529
  0
VERTEX
  8
0
 10
166.585286
 20
474.348828
 42
-0.119977
  0
VERTEX
  8
0
 10
166.158616
 20
474.089234
 42
-0.077096
  0
VERTEX
  8
0
 10
165.583333
 20
474.000000
 42
-0.099038
  0
VERTEX
  8
0
 10
164.979073
 20
474.120875
 42
-0.097945
  0
VERTEX
  8
0
 10
164.465104
 20
474.465104
 42
-0.097945
  0
VERTEX
  8
0
 10
164.120875
 20
474.979073
 42
-0.099038
  0
VERTEX
  8
0
 10
164.000000
 20
475.583333
 42
-0.190724
  0
VERTEX
  8
0
 10
164.346973
 20
476.459866
 42
-0.244413
  0
VERTEX
  8
0
 10
165.153639
 20
476.742973
 42
-0.165501
  0
VERTEX
  8
0
 10
166.122932
 20
476.250696
 42
-0.113253
  0
SEQEND
  0
POLYLINE
  8
0
 66
1
 70
1
  0
VERTEX
  8
0
 10
170.183578
 20
475.250000
 42
0.046929
  0
VERTEX
  8
0
 10
170.476032
 20
473.866688
 42
0.121406
  0
VERTEX
  8
0
 10
171.000000
 20
473.000000
 42
0.121406
  0
VERTEX
  8
0
 10
171.866688
 20
472.476032
 42
0.046929
  0
VERTEX
  8
0
 10
173.250000
 20
472.183578
 42
0.032648
  0
VERTEX
  8
0
 10
174.814281
 20
472.106417
 42
0.194761
  0
VERTEX
  8
0
 10
175.551595
 20
472.418750
 42
0.173213
  0
VERTEX
  8
0
 10
175.912890
 20
473.181481
 42
0.024843
  0
VERTEX
  8
0
 10
176.000000
 20
474.933578
 42
0.030926
  0
VERTEX
  8
0
 10
175.927269
 20
476.108319
 42
0.047930
  0
VERTEX
  8
0
 10
175.706250
 20
477.099238
 42
0.061214
  0
VERTEX
  8
0
 10
175.384449
 20
477.787220
 42
0.258275
  0
VERTEX
  8
0
 10
175.000000
 20
478.000000
 42
0.197505
  0
VERTEX
  8
0
 10
174.617971
 20
477.842969
 42
0.086035
  0
VERTEX
  8
0
 10
174.293750
 20
477.388021
 42
0.065972
  0
VERTEX
  8
0
 10
174.073574
 20
476.714077
 42
0.046036
  0
VERTEX
  8
0
 10
174.000000
 20
475.916667
 42
-0.052338
  0
VERTEX
  8
0
 10
173.914873
 20
475.105642
 42
-0.110801
  0
VERTEX
  8
0
 10
173.652915
 20
474.534248
 42
-0.162528
  0
VERTEX
  8
0
 10
173.248119
 20
474.258503
 42
-0.154946
  0
VERTEX
  8
0
 10
172.750000
 20
474.274295
 42
-0.110135
  0
VERTEX
  8
0
 10
172.282800
 20
474.566248
 42
-0.075877
  0
VERTEX
  8
0
 10
171.907986
 20
475.068171
 42
-0.070813
  0
VERTEX
  8
0
 10
171.679515
 20
475.696866
 42
-0.073015
  0
VERTEX
  8
0
 10
171.638889
 20
476.357629
 42
0.056241
  0
VERTEX
  8
0
 10
171.621292
 20
476.985949
 42
0.080413
  0
VERTEX
  8
0
 10
171.456356
 20
477.517553
 42
0.104340
  0
VERTEX
  8
0
 10
171.175715
 20
477.872330
 42
0.175164
  0
VERTEX
  8
0
 10
170.822467
 20
478.000000
 42
0.269209
  0
VERTEX
  8
0
 10
170.479297
 20
477.800794
 42
0.072784
  0
VERTEX
  8
0
 10
170.240727
 20
477.192187
 42
0.053103
  0
VERTEX
  8
0
 10
170.131642
 20
476.303721
 42
0.032667
  0
SEQEND
  0
POLYLINE
  8
0
 66
1
 70
1
  0
VERTEX
  8
0
 10
178.000000
 20
476.860243
 42
0.110521
  0
VERTEX
  8
0
 10
178.120301
 20
476.322647
 42
0.038874
  0
VERTEX
  8
0
 10
178.514062
 20
475.631737
 42
0.036314
  0
VERTEX
  8
0
 10
179.080340
 20
474.914484
 42
0.035196
  0
VERTEX
  8
0
 10
179.750000
 20
474.278608
 42
-0.002331
  0
VERTEX
  8
0
 10
180.910518
 20
473.313304
 42
-0.221601
  0
VERTEX
  8
0
 10
181.000000
 20
473.121320
 42
-0.500939
  0
VERTEX
  8
0
 10
180.890570
 20
473.039503
 42
-0.004461
  0
VERTEX
  8
0
 10
179.750000
 20
473.386980
 42
0.049331
  0
VERTEX
  8
0
 10
179.079725
 20
473.527084
 42
0.085743
  0
VERTEX
  8
0
 10
178.514062
 20
473.491064
 42
0.128632
  0
VERTEX
  8
0
 10
178.141427
 20
473.292055
 42
0.209073
  0
VERTEX
  8
0
 10
178.000000
 20
472.968615
 42
0.320303
  0
VERTEX
  8
0
 10
178.512087
 20
472.251248
 42
0.088340
  0
VERTEX
  8
0
 10
179.961848
 20
472.025219
 42
0.075713
  0
VERTEX
  8
0
 10
181.585214
 20
472.308391
 42
0.175104
  0
VERTEX
  8
0
 10
182.541121
 20
473.066535
 42
0.170223
  0
VERTEX
  8
0
 10
182.655438
 20
473.586625
 42
0.078281
  0
VERTEX
  8
0
 10
182.463171
 20
474.262639
 42
0.063962
  0
VERTEX
  8
0
 10
182.009204
 20
474.984977
 42
0.049594
  0
VERTEX
  8
0
 10
181.350138
 20
475.640692
 42
-0.009951
  0
VERTEX
  8
0
 10
180.700353
 20
476.192058
 42
-0.061522
  0
VERTEX
  8
0
 10
180.410665
 20
476.519456
 42
-0.651612
  0
VERTEX
  8
0
 10
180.463425
 20
476.604830
 42
-0.082966
  0
VERTEX
  8
0
 10
180.750000
 20
476.515140
 42
0.069497
  0
VERTEX
  8
0
 10
181.228223
 20
476.351286
 42
0.130653
  0
VERTEX
  8
0
 10
181.632812
 20
476.379047
 42
0.172336
  0
VERTEX
  8
0
 10
181.899062
 20
476.589838
 42
0.140875
  0
VERTEX
  8
0
 10
182.000000
 20
476.940983
 42
0.182172
  0
VERTEX
  8
0
 10
181.847664
 20
477.345219
 42
0.091010
  0
VERTEX
  8
0
 10
181.412500
 20
477.688914
 42
0.070927
  0
VERTEX
  8
0
 10
180.765275
 20
477.921770
 42
0.050979
  0
VERTEX
  8
0
 10
180.000000
 20
478.000000
 42
0.055038
  0
VERTEX
  8
0
 10
179.234922
 20
477.915528
 42
0.074650
  0
VERTEX
  8
0
 10
178.587500
 20
477.665196
 42
0.094147
  0
VERTEX
  8
0
 10
178.153176
 20
477.295104
 42
0.170972
  0
SEQEND
  0
POLYLINE
  8
0
 66
1
 70
1
  0
VERTEX
  8
0
 10
184.388540
 20
476.570137
 42
0.094050
  0
VERTEX
  8
0
 10
184.085255
 20
474.892589
 42
0.124489
  0
VERTEX
  8
0
 10
184.477390
 20
473.396833
 42
0.138615
  0
VERTEX
  8
0
 10
185.487256
 20
472.375136
 42
0.129656
  0
VERTEX
  8
0
 10
186.909598
 20
472.000000
 42
0.067292
  0
VERTEX
  8
0
 10
188.620200
 20
472.231267
 42
0.240730
  0
VERTEX
  8
0
 10
189.409645
 20
472.953890
 42
0.357047
  0
VERTEX
  8
0
 10
189.136089
 20
473.755708
 42
0.091817
  0
VERTEX
  8
0
 10
187.764831
 20
474.292323
 42
0.000000
  0
VERTEX
  8
0
 10
185.500000
 20
474.727636
 42
0.000000
  0
VERTEX
  8
0
 10
187.833333
 20
474.863818
 42
0.116177
  0
VERTEX
  8
0
 10
189.316718
 20
475.305856
 42
0.329030
  0
VERTEX
  8
0
 10
189.726365
 20
476.237848
 42
0.222599
  0
VERTEX
  8
0
 10
188.938577
 20
477.253572
 42
0.081931
  0
VERTEX
  8
0
 10
187.167201
 20
477.820137
 42
0.063906
  0
VERTEX
  8
0
 10
186.252824
 20
477.836988
 42
0.078542
  0
VERTEX
  8
0
 10
185.430122
 20
477.612861
 42
0.087722
  0
VERTEX
  8
0
 10
184.786593
 20
477.174738
 42
0.108336
  0
SEQEND
  0
POLYLINE
  8
0
 66
1
 70
1
  0
VERTEX
  8
0
 10
204.638374
 20
476.500000
 42
0.100764
  0
VERTEX
  8
0
 10
204.341090
 20
474.720780
 42
0.156609
  0
VERTEX
  8
0
 10
204.864286
 20
473.269425
 42
0.145941
  0
VERTEX
  8
0
 10
206.173352
 20
472.326392
 42
0.083806
  0
VERTEX
  8
0
 10
208.106989
 20
472.000000
 42
0.033516
  0
VERTEX
  8
0
 10
209.716668
 20
472.108023
 42
0.168965
  0
VERTEX
  8
0
 10
210.508916
 20
472.509245
 42
0.162719
  0
VERTEX
  8
0
 10
210.897690
 20
473.325216
 42
0.030516
  0
VERTEX
  8
0
 10
211.000000
 20
475.000000
 42
0.030516
  0
VERTEX
  8
0
 10
210.897690
 20
476.674784
 42
0.162719
  0
VERTEX
  8
0
 10
210.508916
 20
477.490755
 42
0.168965
  0
VERTEX
  8
0
 10
209.716668
 20
477.891977
 42
0.033516
  0
VERTEX
  8
0
 10
208.106989
 20
478.000000
 42
0.045886
  0
VERTEX
  8
0
 10
206.931597
 20
477.891905
 42
0.056246
  0
VERTEX
  8
0
 10
205.877318
 20
477.570636
 42
0.065461
  0
VERTEX
  8
0
 10
205.070802
 20
477.088394
 42
0.134491
  0
SEQEND
  0
POLYLINE
  8
0
 66
1
 70
1
  0
VERTEX
  8
0
 10
209.000000
 20
475.500000
 42
-0.099038
  0
VERTEX
  8
0
 10
208.885486
 20
474.927543
 42
-0.097945
  0
VERTEX
  8
0
 10
208.559375
 20
474.440625
 42
-0.097945
  0
VERTEX
  8
0
 10
208.072457
 20
474.114514
 42
-0.099038
  0
VERTEX
  8
0
 10
207.500000
 20
474.000000
 42
-0.103678
  0
VERTEX
  8
0
 10
206.569797
 20
474.194980
 42
-0.206496
  0
VERTEX
  8
0
 10
206.066255
 20
474.735179
 42
-0.193059
  0
VERTEX
  8
0
 10
206.095775
 20
475.503522
 42
-0.091649
  0
VERTEX
  8
0
 10
206.666667
 20
476.333333
 42
-0.091649
  0
VERTEX
  8
0
 10
207.496478
 20
476.904225
 42
-0.193059
  0
VERTEX
  8
0
 10
208.264821
 20
476.933745
 42
-0.206496
  0
VERTEX
  8
0
 10
208.805020
 20
476.430203
 42
-0.103678
  0
SEQEND
  0
POLYLINE
  8
0
 66
1
 70
1
  0
VERTEX
  8
0
 10
213.000000
 20
474.940983
 42
0.027979
  0
VERTEX
  8
0
 10
213.066344
 20
473.756294
 42
0.069343
  0
VERTEX
  8
0
 10
213.281216
 20
472.916013
 42
0.145541
  0
VERTEX
  8
0
 10
213.608231
 20
472.509855
 42
0.297719
  0
VERTEX
  8
0
 10
214.000000
 20
472.500000
 42
0.111412
  0
VERTEX
  8
0
 10
214.383556
 20
472.876024
 42
0.050262
  0
VERTEX
  8
0
 10
214.706250
 20
473.506650
 42
0.046318
  0
VERTEX
  8
0
 10
214.925923
 20
474.270704
 42
0.046881
  0
VERTEX
  8
0
 10
215.000000
 20
475.059017
 42
-0.049547
  0
VERTEX
  8
0
 10
215.073784
 20
475.801778
 42
-0.069539
  0
VERTEX
  8
0
 10
215.293750
 20
476.429836
 42
-0.089706
  0
VERTEX
  8
0
 10
215.618213
 20
476.852535
 42
-0.186414
  0
VERTEX
  8
0
 10
216.000000
 20
477.000000
 42
-0.226478
  0
VERTEX
  8
0
 10
216.382936
 20
476.817169
 42
-0.074992
  0
VERTEX
  8
0
 10
216.706250
 20
476.265625
 42
-0.057076
  0
VERTEX
  8
0
 10
216.926884
 20
475.457356
 42
-0.038131
  0
VERTEX
  8
0
 10
217.000000
 20
474.500000
 42
0.038131
  0
VERTEX
  8
0
 10
217.073116
 20
473.542644
 42
0.057076
  0
VERTEX
  8
0
 10
217.293750
 20
472.734375
 42
0.074992
  0
VERTEX
  8
0
 10
217.617064
 20
472.182831
 42
0.226478
  0
VERTEX
  8
0
 10
218.000000
 20
472.000000
 42
0.254951
  0
VERTEX
  8
0
 10
218.384262
 20
472.209557
 42
0.062710
  0
VERTEX
  8
0
 10
218.706250
 20
472.881250
 42
0.048861
  0
VERTEX
  8
0
 10
218.927234
 20
473.850749
 42
0.031626
  0
VERTEX
  8
0
 10
219.000000
 20
475.000000
 42
0.030723
  0
VERTEX
  8
0
 10
218.896154
 20
476.688463
 42
0.167168
  0
VERTEX
  8
0
 10
218.500000
 20
477.500000
 42
0.167168
  0
VERTEX
  8
0
 10
217.688463
 20
477.896154
 42
0.030723
  0
VERTEX
  8
0
 10
216.000000
 20
478.000000
 42
0.030851
  0
VERTEX
  8
0
 10
214.304450
 20
477.895281
 42
0.169540
  0
VERTEX
  8
0
 10
213.495177
 20
477.495082
 42
0.166100
  0
VERTEX
  8
0
 10
213.101678
 20
476.673070
 42
0.029326
  0
SEQEND
  0
POLYLINE
  8
0
 66
1
 70
1
  0
VERTEX
  8
0
 10
245.176484
 20
475.323516
 42
0.044848
  0
VERTEX
  8
0
 10
245.452232
 20
473.988717
 42
0.098502
  0
VERTEX
  8
0
 10
245.940549
 20
473.072608
 42
0.113644
  0
VERTEX
  8
0
 10
246.690160
 20
472.492769
 42
0.072876
  0
VERTEX
  8
0
 10
247.750000
 20
472.180449
 42
0.049645
  0
VERTEX
  8
0
 10
248.612232
 20
472.144327
 42
0.076795
  0
VERTEX
  8
0
 10
249.339804
 20
472.299882
 42
0.105749
  0
VERTEX
  8
0
 10
249.824479
 20
472.613722
 42
0.198925
  0
VERTEX
  8
0
 10
250.000000
 20
473.037438
 42
0.147038
  0
VERTEX
  8
0
 10
249.879506
 20
473.438316
 42
0.152615
  0
VERTEX
  8
0
 10
249.559375
 20
473.699285
 42
0.117789
  0
VERTEX
  8
0
 10
249.073643
 20
473.770982
 42
0.069727
  0
VERTEX
  8
0
 10
248.500000
 20
473.638374
 42
-0.055937
  0
VERTEX
  8
0
 10
247.925634
 20
473.488865
 42
-0.100118
  0
VERTEX
  8
0
 10
247.440625
 20
473.516384
 42
-0.147206
  0
VERTEX
  8
0
 10
247.122486
 20
473.710807
 42
-0.184534
  0
VERTEX
  8
0
 10
247.000000
 20
474.031385
 42
-0.202548
  0
VERTEX
  8
0
 10
247.156367
 20
474.401549
 42
-0.084252
  0
VERTEX
  8
0
 10
247.611979
 20
474.715469
 42
-0.064380
  0
VERTEX
  8
0
 10
248.285848
 20
474.928820
 42
-0.044539
  0
VERTEX
  8
0
 10
249.083333
 20
475.000000
 42
0.137671
  0
VERTEX
  8
0
 10
250.469779
 20
475.389120
 42
0.395780
  0
VERTEX
  8
0
 10
250.712750
 20
476.267625
 42
0.172809
  0
VERTEX
  8
0
 10
249.602387
 20
477.291015
 42
0.071412
  0
VERTEX
  8
0
 10
247.599365
 20
477.823516
 42
0.027199
  0
VERTEX
  8
0
 10
246.021149
 20
477.922871
 42
0.205196
  0
VERTEX
  8
0
 10
245.346861
 20
477.640732
 42
0.198261
  0
VERTEX
  8
0
 10
245.072796
 20
476.951140
 42
0.025237
  0
SEQEND
  0
POLYLINE
  8
0
 66
1
 70
1
  0
VERTEX
  8
0
 10
252.000000
 20
476.500000
 42
0.099038
  0
VERTEX
  8
0
 10
252.114514
 20
475.927543
 42
0.097945
  0
VERTEX
  8
0
 10
252.440625
 20
475.440625
 42
0.097945
  0
VERTEX
  8
0
 10
252.927543
 20
475.114514
 42
0.099038
  0
VERTEX
  8
0
 10
253.500000
 20
475.000000
 42
-0.062722
  0
VERTEX
  8
0
 10
254.073532
 20
474.927770
 42
-0.080880
  0
VERTEX
  8
0
 10
254.559375
 20
474.715469
 42
-0.098158
  0
VERTEX
  8
0
 10
254.884506
 20
474.400789
 42
-0.152681
  0
VERTEX
  8
0
 10
255.000000
 20
474.031385
 42
-0.206976
  0
VERTEX
  8
0
 10
254.863694
 20
473.716211
 42
-0.140568
  0
VERTEX
  8
0
 10
254.511187
 20
473.534876
 42
-0.090961
  0
VERTEX
  8
0
 10
253.973450
 20
473.527139
 42
-0.049884
  0
VERTEX
  8
0
 10
253.335955
 20
473.701324
 42
0.026179
  0
VERTEX
  8
0
 10
252.613414
 20
473.936014
 42
0.196415
  0
VERTEX
  8
0
 10
252.263564
 20
473.891636
 42
0.357523
  0
VERTEX
  8
0
 10
252.170736
 20
473.652308
 42
0.059284
  0
VERTEX
  8
0
 10
252.394972
 20
473.169939
 42
0.074529
  0
VERTEX
  8
0
 10
252.773810
 20
472.722312
 42
0.053146
  0
VERTEX
  8
0
 10
253.311587
 20
472.343670
 42
0.053096
  0
VERTEX
  8
0
 10
253.917780
 20
472.086532
 42
0.073906
  0
VERTEX
  8
0
 10
254.500000
 20
472.000000
 42
0.127980
  0
VERTEX
  8
0
 10
255.839490
 20
472.348565
 42
0.194195
  0
VERTEX
  8
0
 10
256.584821
 20
473.273973
 42
0.189094
  0
VERTEX
  8
0
 10
256.489059
 20
474.478105
 42
0.122175
  0
VERTEX
  8
0
 10
255.580862
 20
475.564531
 42
-0.010920
  0
VERTEX
  8
0
 10
254.529729
 20
476.368945
 42
-0.242549
  0
VERTEX
  8
0
 10
254.377717
 20
476.709488
 42
-0.308770
  0
VERTEX
  8
0
 10
254.582354
 20
476.975881
 42
-0.015934
  0
VERTEX
  8
0
 10
255.678087
 20
477.296825
 42
0.031786
  0
VERTEX
  8
0
 10
256.335452
 20
477.512206
 42
0.612186
  0
VERTEX
  8
0
 10
256.350808
 20
477.678722
 42
0.122452
  0
VERTEX
  8
0
 10
255.946816
 20
477.812782
 42
0.008639
  0
VERTEX
  8
0
 10
254.750000
 20
477.883999
 42
0.036990
  0
VERTEX
  8
0
 10
253.540605
 20
477.845541
 42
0.090377
  0
VERTEX
  8
0
 10
252.689000
 20
477.595118
 42
0.135487
  0
VERTEX
  8
0
 10
252.186045
 20
477.139920
 42
0.142417
  0
SEQEND
  0
POLYLINE
  8
0
 66
1
 70
1
  0
VERTEX
  8
0
 10
270.361626
 20
476.500000
 42
0.099886
  0
VERTEX
  8
0
 10
270.070323
 20
474.775027
 42
0.144102
  0
VERTEX
  8
0
 10
270.551181
 20
473.314458
 42
0.143736
  0
VERTEX
  8
0
 10
271.747865
 20
472.344768
 42
0.099194
  0
VERTEX
  8
0
 10
273.468615
 20
472.000000
 42
0.046258
  0
VERTEX
  8
0
 10
274.815545
 20
472.124881
 42
0.172948
  0
VERTEX
  8
0
 10
275.539051
 20
472.546281
 42
0.146144
  0
VERTEX
  8
0
 10
275.902395
 20
473.380785
 42
0.030112
  0
VERTEX
  8
0
 10
276.000000
 20
475.000000
 42
0.030112
  0
VERTEX
  8
0
 10
275.902395
 20
476.619215
 42
0.146144
  0
VERTEX
  8
0
 10
275.539051
 20
477.453719
 42
0.172948
  0
VERTEX
  8
0
 10
274.815545
 20
477.875119
 42
0.046258
  0
VERTEX
  8
0
 10
273.468615
 20
478.000000
 42
0.055002
  0
VERTEX
  8
0
 10
272.457712
 20
477.888458
 42
0.057561
  0
VERTEX
  8
0
 10
271.511741
 20
477.559375
 42
0.064130
  0
VERTEX
  8
0
 10
270.767801
 20
477.074238
 42
0.125259
  0
SEQEND
  0
POLYLINE
  8
0
 66
1
 70
1
  0
VERTEX
  8
0
 10
274.150000
 20
475.500000
 42
-0.102038
  0
VERTEX
  8
0
 10
274.069583
 20
475.110048
 42
-0.070382
  0
VERTEX
  8
0
 10
273.834219
 20
474.723802
 42
-0.066918
  0
VERTEX
  8
0
 10
273.485911
 20
474.399741
 42
-0.073624
  0
VERTEX
  8
0
 10
273.075000
 20
474.191667
 42
-0.159683
  0
VERTEX
  8
0
 10
272.666526
 20
474.189601
 42
-0.143818
  0
VERTEX
  8
0
 10
272.315781
 20
474.428177
 42
-0.107546
  0
VERTEX
  8
0
 10
272.079656
 20
474.888977
 42
-0.064908
  0
VERTEX
  8
0
 10
272.000000
 20
475.500000
 42
-0.064908
  0
VERTEX
  8
0
 10
272.079656
 20
476.111023
 42
-0.107546
  0
VERTEX
  8
0
 10
272.315781
 20
476.571823
 42
-0.143818
  0
VERTEX
  8
0
 10
272.666526
 20
476.810399
 42
-0.159683
  0
VERTEX
  8
0
 10
273.075000
 20
476.808333
 42
-0.073624
  0
VERTEX
  8
0
 10
273.485911
 20
476.600259
 42
-0.066918
  0
VERTEX
  8
0
 10
273.834219
 20
476.276198
 42
-0.070382
  0
VERTEX
  8
0
 10
274.069583
 20
475.889952
 42
-0.102038
  0
SEQEND
  0
POLYLINE
  8
0
 66
1
 70
1
  0
VERTEX
  8
0
 10
278.361626
 20
476.500000
 42
0.055611
  0
VERTEX
  8
0
 10
278.183129
 20
475.816089
 42
0.036064
  0
VERTEX
  8
0
 10
278.124190
 20
475.000000
 42
0.036064
  0
VERTEX
  8
0
 10
278.183129
 20
474.183911
 42
0.055611
  0
VERTEX
  8
0
 10
278.361626
 20
473.500000
 42
0.182021
  0
VERTEX
  8
0
 10
279.236451
 20
472.515555
 42
0.097100
  0
VERTEX
  8
0
 10
280.818495
 20
472.042427
 42
0.097302
  0
VERTEX
  8
0
 10
282.459263
 20
472.202068
 42
0.183581
  0
VERTEX
  8
0
 10
283.500000
 20
473.000000
 42
0.202618
  0
VERTEX
  8
0
 10
283.558599
 20
473.378123
 42
0.181468
  0
VERTEX
  8
0
 10
283.331650
 20
473.706250
 42
0.104212
  0
VERTEX
  8
0
 10
282.804599
 20
473.928459
 42
0.047867
  0
VERTEX
  8
0
 10
282.059017
 20
474.000000
 42
-0.067834
  0
VERTEX
  8
0
 10
281.229093
 20
474.113115
 42
-0.098262
  0
VERTEX
  8
0
 10
280.570322
 20
474.445116
 42
-0.113153
  0
VERTEX
  8
0
 10
280.150186
 20
474.961765
 42
-0.114848
  0
VERTEX
  8
0
 10
280.000000
 20
475.606989
 42
-0.077669
  0
VERTEX
  8
0
 10
280.099775
 20
476.245425
 42
-0.166102
  0
VERTEX
  8
0
 10
280.393809
 20
476.640962
 42
-0.166138
  0
VERTEX
  8
0
 10
280.868337
 20
476.773866
 42
-0.077710
  0
VERTEX
  8
0
 10
281.500000
 20
476.638374
 42
0.055937
  0
VERTEX
  8
0
 10
282.074366
 20
476.488865
 42
0.100118
  0
VERTEX
  8
0
 10
282.559375
 20
476.516384
 42
0.147206
  0
VERTEX
  8
0
 10
282.877514
 20
476.710807
 42
0.184534
  0
VERTEX
  8
0
 10
283.000000
 20
477.031385
 42
0.325490
  0
VERTEX
  8
0
 10
282.427264
 20
477.817982
 42
0.106946
  0
VERTEX
  8
0
 10
280.916691
 20
477.968044
 42
0.086969
  0
VERTEX
  8
0
 10
279.247983
 20
477.474498
 42
0.187999
  0
SEQEND
  0
POLYLINE
  8
0
 66
1
 70
1
  0
VERTEX
  8
0
 10
285.388540
 20
476.570137
 42
0.094050
  0
VERTEX
  8
0
 10
285.085255
 20
474.892589
 42
0.124489
  0
VERTEX
  8
0
 10
285.477390
 20
473.396833
 42
0.138615
  0
VERTEX
  8
0
 10
286.487256
 20
472.375136
 42
0.129656
  0
VERTEX
  8
0
 10
287.909598
 20
472.000000
 42
0.067292
  0
VERTEX
  8
0
 10
289.620200
 20
472.231267
 42
0.240730
  0
VERTEX
  8
0
 10
290.409645
 20
472.953890
 42
0.357047
  0
VERTEX
  8
0
 10
290.136089
 20
473.755708
 42
0.091817
  0
VERTEX
  8
0
 10
288.764831
 20
474.292323
 42
0.000000
  0
VERTEX
  8
0
 10
286.500000
 20
474.727636
 42
0.000000
  0
VERTEX
  8
0
 10
288.833333
 20
474.863818
 42
0.116177
  0
VERTEX
  8
0
 10
290.316718
 20
475.305856
 42
0.329030
  0
VERTEX
  8
0
 10
290.726365
 20
476.237848
 42
0.222599
  0
VERTEX
  8
0
 10
289.938577
 20
477.253572
 42
0.081931
  0
VERTEX
  8
0
 10
288.167201
 20
477.820137
 42
0.063906
  0
VERTEX
  8
0
 10
287.252824
 20
477.836988
 42
0.078542
  0
VERTEX
  8
0
 10
286.430122
 20
477.612861
 42
0.087722
  0
VERTEX
  8
0
 10
285.786593
 20
477.174738
 42
0.108336
  0
SEQEND
  0
POLYLINE
  8
0
 66
1
 70
1
  0
VERTEX
  8
0
 10
223.000000
 20
476.000000
 42
0.226478
  0
VERTEX
  8
0
 10
223.182831
 20
475.617064
 42
0.074992
  0
VERTEX
  8
0
 10
223.734375
 20
475.293750
 42
0.057076
  0
VERTEX
  8
0
 10
224.542644
 20
475.073116
 42
0.038131
  0
VERTEX
  8
0
 10
225.500000
 20
475.000000
 42
0.038131
  0
VERTEX
  8
0
 10
226.457356
 20
475.073116
 42
0.057076
  0
VERTEX
  8
0
 10
227.265625
 20
475.293750
 42
0.074992
  0
VERTEX
  8
0
 10
227.817169
 20
475.617064
 42
0.226478
  0
VERTEX
  8
0
 10
228.000000
 20
476.000000
 42
0.226478
  0
VERTEX
  8
0
 10
227.817169
 20
476.382936
 42
0.074992
  0
VERTEX
  8
0
 10
227.265625
 20
476.706250
 42
0.057076
  0
VERTEX
  8
0
 10
226.457356
 20
476.926884
 42
0.038131
  0
VERTEX
  8
0
 10
225.500000
 20
477.000000
 42
0.038131
  0
VERTEX
  8
0
 10
224.542644
 20
476.926884
 42
0.057076
  0
VERTEX
  8
0
 10
223.734375
 20
476.706250
 42
0.074992
  0
VERTEX
  8
0
 10
223.182831
 20
476.382936
 42
0.226478
  0
SEQEND
  0
POLYLINE
  8
0
 66
1
 70
1
  0
VERTEX
  8
0
 10
295.000000
 20
476.000000
 42
0.191087
  0
VERTEX
  8
0
 10
295.151477
 20
475.618118
 42
0.088204
  0
VERTEX
  8
0
 10
295.587500
 20
475.293750
 42
0.068025
  0
VERTEX
  8
0
 10
296.234582
 20
475.073693
 42
0.048028
  0
VERTEX
  8
0
 10
297.000000
 20
475.000000
 42
0.048028
  0
VERTEX
  8
0
 10
297.765418
 20
475.073693
 42
0.068025
  0
VERTEX
  8
0
 10
298.412500
 20
475.293750
 42
0.088204
  0
VERTEX
  8
0
 10
298.848523
 20
475.618118
 42
0.191087
  0
VERTEX
  8
0
 10
299.000000
 20
476.000000
 42
0.191087
  0
VERTEX
  8
0
 10
298.848523
 20
476.381882
 42
0.088204
  0
VERTEX
  8
0
 10
298.412500
 20
476.706250
 42
0.068025
  0
VERTEX
  8
0
 10
297.765418
 20
476.926307
 42
0.048028
  0
VERTEX
  8
0
 10
297.000000
 20
477.000000
 42
0.048028
  0
VERTEX
  8
0
 10
296.234582
 20
476.926307
 42
0.068025
  0
VERTEX
  8
0
 10
295.587500
 20
476.706250
 42
0.088204
  0
VERTEX
  8
0
 10
295.151477
 20
476.381882
 42
0.191087
  0
SEQEND
  0
POLYLINE
  8
0
 66
1
 70
1
  0
VERTEX
  8
0
 10
193.000000
 20
442.093620
 42
0.243840
  0
VERTEX
  8
0
 10
193.157535
 20
441.789795
 42
0.106581
  0
VERTEX
  8
0
 10
193.587500
 20
441.607123
 42
0.070464
  0
VERTEX
  8
0
 10
194.233678
 20
441.575635
 42
0.040966
  0
VERTEX
  8
0
 10
195.000000
 20
441.710251
 42
-0.104574
  0
VERTEX
  8
0
 10
196.415828
 20
441.777393
 42
-0.402513
  0
VERTEX
  8
0
 10
196.896124
 20
441.138264
 42
-0.134457
  0
VERTEX
  8
0
 10
196.335365
 20
439.767068
 42
-0.022978
  0
VERTEX
  8
0
 10
194.500000
 20
437.594501
 42
0.007721
  0
VERTEX
  8
0
 10
193.542121
 20
436.528373
 42
0.011263
  0
VERTEX
  8
0
 10
192.734375
 20
435.557619
 42
0.006933
  0
VERTEX
  8
0
 10
192.092856
 20
434.726935
 42
0.162339
  0
VERTEX
  8
0
 10
192.000000
 20
434.448478
 42
0.365190
  0
VERTEX
  8
0
 10
192.144752
 20
434.276722
 42
0.017072
  0
VERTEX
  8
0
 10
192.954688
 20
434.165816
 42
0.021463
  0
VERTEX
  8
0
 10
194.003948
 20
434.103809
 42
0.012947
  0
VERTEX
  8
0
 10
195.250000
 20
434.116001
 42
0.013336
  0
VERTEX
  8
0
 10
196.408115
 20
434.188301
 42
0.069126
  0
VERTEX
  8
0
 10
197.031250
 20
434.332266
 42
0.544712
  0
VERTEX
  8
0
 10
197.068307
 20
434.507703
 42
0.132213
  0
VERTEX
  8
0
 10
196.750000
 20
434.689326
 42
-0.052921
  0
VERTEX
  8
0
 10
195.487505
 20
435.166486
 42
-0.273087
  0
VERTEX
  8
0
 10
195.100168
 20
435.770091
 42
-0.173105
  0
VERTEX
  8
0
 10
195.369002
 20
436.622636
 42
-0.021826
  0
VERTEX
  8
0
 10
196.621281
 20
438.134014
 42
0.055548
  0
VERTEX
  8
0
 10
197.197529
 20
438.933416
 42
0.053335
  0
VERTEX
  8
0
 10
197.593029
 20
439.850824
 42
0.057722
  0
VERTEX
  8
0
 10
197.760160
 20
440.743179
 42
0.109494
  0
VERTEX
  8
0
 10
197.652666
 20
441.462755
 42
0.185592
  0
VERTEX
  8
0
 10
196.768837
 20
442.443601
 42
0.084098
  0
VERTEX
  8
0
 10
195.092148
 20
442.966988
 42
0.104293
  0
VERTEX
  8
0
 10
193.573375
 20
442.855821
 42
0.334137
  0
SEQEND
  0
POLYLINE
  8
0
 66
1
 70
1
  0
VERTEX
  8
0
 10
200.000000
 20
441.000000
 42
0.070352
  0
VERTEX
  8
0
 10
200.108083
 20
440.235643
 42
0.086062
  0
VERTEX
  8
0
 10
200.423289
 20
439.587500
 42
0.100183
  0
VERTEX
  8
0
 10
200.891481
 20
439.154167
 42
0.137622
  0
VERTEX
  8
0
 10
201.440983
 20
439.000000
 42
-0.119866
  0
VERTEX
  8
0
 10
202.719189
 20
438.689107
 42
-0.161380
  0
VERTEX
  8
0
 10
203.545650
 20
437.842928
 42
-0.198985
  0
VERTEX
  8
0
 10
203.608631
 20
436.807808
 42
-0.172983
  0
VERTEX
  8
0
 10
202.925861
 20
435.954180
 42
-0.049309
  0
VERTEX
  8
0
 10
202.357804
 20
435.676239
 42
-0.050802
  0
VERTEX
  8
0
 10
201.751950
 20
435.518320
 42
-0.056040
  0
VERTEX
  8
0
 10
201.199590
 20
435.495383
 42
-0.121369
  0
VERTEX
  8
0
 10
200.797746
 20
435.625000
 42
0.111548
  0
VERTEX
  8
0
 10
200.494014
 20
435.729510
 42
0.183592
  0
VERTEX
  8
0
 10
200.234338
 20
435.662119
 42
0.159140
  0
VERTEX
  8
0
 10
200.059818
 20
435.426791
 42
0.080793
  0
VERTEX
  8
0
 10
200.000000
 20
435.059017
 42
0.304500
  0
VERTEX
  8
0
 10
200.593372
 20
434.175020
 42
0.149303
  0
VERTEX
  8
0
 10
202.005661
 20
434.044637
 42
0.107030
  0
VERTEX
  8
0
 10
203.608527
 20
434.755834
 42
0.159485
  0
VERTEX
  8
0
 10
204.497160
 20
435.991051
 42
0.067670
  0
VERTEX
  8
0
 10
204.778305
 20
437.607566
 42
0.128444
  0
VERTEX
  8
0
 10
204.493972
 20
438.888552
 42
0.157426
  0
VERTEX
  8
0
 10
203.679184
 20
439.702034
 42
0.118629
  0
VERTEX
  8
0
 10
202.440983
 20
440.000000
 42
-0.126116
  0
VERTEX
  8
0
 10
201.386907
 20
440.270168
 42
-0.309865
  0
VERTEX
  8
0
 10
201.043784
 20
440.948980
 42
-0.212555
  0
VERTEX
  8
0
 10
201.543296
 20
441.760384
 42
-0.086336
  0
VERTEX
  8
0
 10
202.750000
 20
442.310674
 42
0.011590
  0
VERTEX
  8
0
 10
203.588300
 20
442.550633
 42
0.541772
  0
VERTEX
  8
0
 10
203.628780
 20
442.693656
 42
0.197309
  0
VERTEX
  8
0
 10
203.392295
 20
442.812001
 42
0.005718
  0
VERTEX
  8
0
 10
202.250000
 20
442.883999
 42
0.052892
  0
VERTEX
  8
0
 10
201.202334
 20
442.827186
 42
0.135122
  0
VERTEX
  8
0
 10
200.516750
 20
442.514025
 42
0.149531
  0
VERTEX
  8
0
 10
200.129471
 20
441.918817
 42
0.070109
  0
SEQEND
  0
POLYLINE
  8
0
 66
1
 70
1
  0
VERTEX
  8
0
 10
35.500000
 20
434.000000
 42
0.082592
  0
VERTEX
  8
0
 10
35.343488
 20
433.617900
 42
0.161196
  0
VERTEX
  8
0
 10
35.374600
 20
433.293750
 42
0.182303
  0
VERTEX
  8
0
 10
35.586039
 20
433.078288
 42
0.108972
  0
VERTEX
  8
0
 10
35.940983
 20
433.000000
 42
0.093332
  0
VERTEX
  8
0
 10
36.345238
 20
433.076123
 42
0.096420
  0
VERTEX
  8
0
 10
36.688914
 20
433.293750
 42
0.099167
  0
VERTEX
  8
0
 10
36.918938
 20
433.618444
 42
0.105053
  0
VERTEX
  8
0
 10
37.000000
 20
434.000000
 42
0.042167
  0
VERTEX
  8
0
 10
36.967655
 20
434.382849
 42
0.061769
  0
VERTEX
  8
0
 10
36.870461
 20
434.706250
 42
0.081139
  0
VERTEX
  8
0
 10
36.727648
 20
434.925540
 42
0.210953
  0
VERTEX
  8
0
 10
36.559017
 20
435.000000
 42
0.151918
  0
VERTEX
  8
0
 10
36.348290
 20
434.934461
 42
0.038439
  0
VERTEX
  8
0
 10
36.066025
 20
434.706250
 42
0.035638
  0
VERTEX
  8
0
 10
35.768994
 20
434.382774
 42
0.029505
  0
SEQEND
  0
POLYLINE
  8
0
 66
1
 70
1
  0
VERTEX
  8
0
 10
362.500000
 20
434.000000
 42
0.082592
  0
VERTEX
  8
0
 10
362.343488
 20
433.617900
 42
0.161196
  0
VERTEX
  8
0
 10
362.374600
 20
433.293750
 42
0.182303
  0
VERTEX
  8
0
 10
362.586039
 20
433.078288
 42
0.108972
  0
VERTEX
  8
0
 10
362.940983
 20
433.000000
 42
0.093332
  0
VERTEX
  8
0
 10
363.345238
 20
433.076123
 42
0.096420
  0
VERTEX
  8
0
 10
363.688914
 20
433.293750
 42
0.099167
  0
VERTEX
  8
0
 10
363.918938
 20
433.618444
 42
0.105053
  0
VERTEX
  8
0
 10
364.000000
 20
434.000000
 42
0.042167
  0
VERTEX
  8
0
 10
363.967655
 20
434.382849
 42
0.061769
  0
VERTEX
  8
0
 10
363.870461
 20
434.706250
 42
0.081139
  0
VERTEX
  8
0
 10
363.727648
 20
434.925540
 42
0.210953
  0
VERTEX
  8
0
 10
363.559017
 20
435.000000
 42
0.151918
  0
VERTEX
  8
0
 10
363.348290
 20
434.934461
 42
0.038439
  0
VERTEX
  8
0
 10
363.066025
 20
434.706250
 42
0.035638
  0
VERTEX
  8
0
 10
362.768994
 20
434.382774
 42
0.029505
  0
SEQEND
  0
POLYLINE
  8
0
 66
1
 70
1
  0
VERTEX
  8
0
 10
34.998637
 20
391.250000
 42
0.000000
  0
VERTEX
  8
0
 10
34.997273
 20
363.500000
 42
0.000000
  0
VERTEX
  8
0
 10
40.248637
 20
363.827581
 42
0.000000
  0
VERTEX
  8
0
 10
45.500000
 20
364.155162
 42
0.000000
  0
VERTEX
  8
0
 10
45.500000
 20
386.327581
 42
0.000000
  0
VERTEX
  8
0
 10
45.500000
 20
408.500000
 42
0.000000
  0
VERTEX
  8
0
 10
95.682689
 20
408.759211
 42
0.000000
  0
VERTEX
  8
0
 10
145.865378
 20
409.018423
 42
0.000000
  0
VERTEX
  8
0
 10
146.282857
 20
406.259211
 42
0.000000
  0
VERTEX
  8
0
 10
146.700336
 20
403.500000
 42
0.000000
  0
VERTEX
  8
0
 10
146.850168
 20
406.276733
 42
0.000000
  0
VERTEX
  8
0
 10
147.000000
 20
409.053466
 42
0.000000
  0
VERTEX
  8
0
 10
161.750000
 20
408.776733
 42
0.000000
  0
VERTEX
  8
0
 10
176.500000
 20
408.500000
 42
0.000000
  0
VERTEX
  8
0
 10
176.500000
 20
353.749897
 42
0.000000
  0
VERTEX
  8
0
 10
176.500000
 20
298.999794
 42
0.000000
  0
VERTEX
  8
0
 10
179.202283
 20
298.999897
 42
0.064749
  0
VERTEX
  8
0
 10
180.790179
 20
299.206454
 42
0.219583
  0
VERTEX
  8
0
 10
181.575325
 20
299.855755
 42
0.093116
  0
VERTEX
  8
0
 10
181.956210
 20
301.277137
 42
0.007130
  0
VERTEX
  8
0
 10
182.202283
 20
305.250000
 42
0.000000
  0
VERTEX
  8
0
 10
182.500000
 20
311.500000
 42
0.000000
  0
VERTEX
  8
0
 10
211.250000
 20
311.765335
 42
0.000000
  0
VERTEX
  8
0
 10
240.000000
 20
312.030671
 42
0.000000
  0
VERTEX
  8
0
 10
240.000000
 20
314.515335
 42
0.000000
  0
VERTEX
  8
0
 10
240.000000
 20
317.000000
 42
0.000000
  0
VERTEX
  8
0
 10
224.250000
 20
317.040464
 42
-0.000915
  0
VERTEX
  8
0
 10
217.272281
 20
317.071160
 42
-0.000617
  0
VERTEX
  8
0
 10
209.307813
 20
317.130593
 42
-0.000621
  0
VERTEX
  8
0
 10
201.603682
 20
317.207155
 42
-0.001234
  0
VERTEX
  8
0
 10
195.500000
 20
317.290464
 42
0.000000
  0
VERTEX
  8
0
 10
182.500000
 20
317.500000
 42
0.000000
  0
VERTEX
  8
0
 10
182.500000
 20
363.000000
 42
0.000000
  0
VERTEX
  8
0
 10
182.500000
 20
408.500000
 42
0.000000
  0
VERTEX
  8
0
 10
196.615726
 20
408.776638
 42
0.000000
  0
VERTEX
  8
0
 10
210.731452
 20
409.053275
 42
0.000000
  0
VERTEX
  8
0
 10
210.385255
 20
412.026638
 42
0.000000
  0
VERTEX
  8
0
 10
210.039059
 20
415.000000
 42
0.000000
  0
VERTEX
  8
0
 10
239.519529
 20
415.000000
 42
0.000000
  0
VERTEX
  8
0
 10
269.000000
 20
415.000000
 42
0.000000
  0
VERTEX
  8
0
 10
269.000000
 20
412.000000
 42
0.000000
  0
VERTEX
  8
0
 10
269.000000
 20
409.000000
 42
0.000000
  0
VERTEX
  8
0
 10
282.500000
 20
409.000000
 42
0.000000
  0
VERTEX
  8
0
 10
296.000000
 20
409.000000
 42
0.000000
  0
VERTEX
  8
0
 10
296.000000
 20
363.406380
 42
-0.000618
  0
VERTEX
  8
0
 10
295.963248
 20
333.670032
 42
-0.010218
  0
VERTEX
  8
0
 10
295.736166
 20
323.758345
 42
-0.025550
  0
VERTEX
  8
0
 10
295.256410
 20
318.692929
 42
-0.301001
  0
VERTEX
  8
0
 10
294.000000
 20
317.289749
 42
0.082332
  0
VERTEX
  8
0
 10
293.146770
 20
316.908647
 42
0.096222
  0
VERTEX
  8
0
 10
292.514648
 20
316.288023
 42
0.089464
  0
VERTEX
  8
0
 10
292.130127
 20
315.436755
 42
0.061532
  0
VERTEX
  8
0
 10
292.000000
 20
314.383369
 42
0.082498
  0
VERTEX
  8
0
 10
292.223498
 20
313.038030
 42
0.219275
  0
VERTEX
  8
0
 10
292.879361
 20
312.349307
 42
0.087204
  0
VERTEX
  8
0
 10
294.296625
 20
312.055889
 42
0.007545
  0
VERTEX
  8
0
 10
298.000000
 20
312.000000
 42
0.007344
  0
VERTEX
  8
0
 10
301.761772
 20
312.055253
 42
0.091609
  0
VERTEX
  8
0
 10
303.150000
 20
312.354167
 42
0.224968
  0
VERTEX
  8
0
 10
303.789676
 20
313.064029
 42
0.072846
  0
VERTEX
  8
0
 10
304.000000
 20
314.500000
 42
0.038131
  0
VERTEX
  8
0
 10
303.926884
 20
315.457356
 42
0.057076
  0
VERTEX
  8
0
 10
303.706250
 20
316.265625
 42
0.074992
  0
VERTEX
  8
0
 10
303.382936
 20
316.817169
 42
0.226478
  0
VERTEX
  8
0
 10
303.000000
 20
317.000000
 42
-0.406856
  0
VERTEX
  8
0
 10
302.520175
 20
317.467889
 42
-0.000863
  0
VERTEX
  8
0
 10
302.255435
 20
328.750000
 42
-0.003963
  0
VERTEX
  8
0
 10
302.058911
 20
342.979277
 42
-0.001471
  0
VERTEX
  8
0
 10
302.000000
 20
363.000000
 42
0.000000
  0
VERTEX
  8
0
 10
302.000000
 20
409.000000
 42
0.000000
  0
VERTEX
  8
0
 10
304.500000
 20
409.000000
 42
0.047675
  0
VERTEX
  8
0
 10
305.824437
 20
409.126572
 42
0.173074
  0
VERTEX
  8
0
 10
306.541667
 20
409.550000
 42
0.144586
  0
VERTEX
  8
0
 10
306.902765
 20
410.386401
 42
0.030103
  0
VERTEX
  8
0
 10
307.000000
 20
412.000000
 42
0.000000
  0
VERTEX
  8
0
 10
307.000000
 20
415.000000
 42
0.000000
  0
VERTEX
  8
0
 10
316.500000
 20
415.000000
 42
0.000000
  0
VERTEX
  8
0
 10
326.000000
 20
415.000000
 42
0.000000
  0
VERTEX
  8
0
 10
326.000000
 20
412.000000
 42
0.000000
  0
VERTEX
  8
0
 10
326.000000
 20
409.000000
 42
0.000000
  0
VERTEX
  8
0
 10
339.981478
 20
409.000000
 42
0.000000
  0
VERTEX
  8
0
 10
353.962957
 20
409.000000
 42
0.000000
  0
VERTEX
  8
0
 10
353.731478
 20
363.250000
 42
0.000000
  0
VERTEX
  8
0
 10
353.500000
 20
317.500000
 42
0.000000
  0
VERTEX
  8
0
 10
345.250000
 20
317.209558
 42
0.004678
  0
VERTEX
  8
0
 10
339.985961
 20
316.974904
 42
0.065952
  0
VERTEX
  8
0
 10
338.132600
 20
316.626881
 42
0.208822
  0
VERTEX
  8
0
 10
337.302560
 20
315.885470
 42
0.107919
  0
VERTEX
  8
0
 10
337.000000
 20
314.500000
 42
0.107919
  0
VERTEX
  8
0
 10
337.302560
 20
313.114530
 42
0.208822
  0
VERTEX
  8
0
 10
338.132600
 20
312.373119
 42
0.065952
  0
VERTEX
  8
0
 10
339.985961
 20
312.025096
 42
0.004678
  0
VERTEX
  8
0
 10
345.250000
 20
311.790442
 42
0.000000
  0
VERTEX
  8
0
 10
353.500000
 20
311.500000
 42
0.000000
  0
VERTEX
  8
0
 10
354.000000
 20
296.000000
 42
0.000000
  0
VERTEX
  8
0
 10
354.500000
 20
280.500000
 42
0.000000
  0
VERTEX
  8
0
 10
359.250000
 20
280.352422
 42
0.000000
  0
VERTEX
  8
0
 10
364.000000
 20
280.204844
 42
0.000000
  0
VERTEX
  8
0
 10
364.000000
 20
349.602422
 42
0.000000
  0
VERTEX
  8
0
 10
364.000000
 20
419.000000
 42
0.000000
  0
VERTEX
  8
0
 10
345.000000
 20
419.000000
 42
0.002320
  0
VERTEX
  8
0
 10
334.425020
 20
418.950933
 42
0.017378
  0
VERTEX
  8
0
 10
329.416667
 20
418.730263
 42
0.033617
  0
VERTEX
  8
0
 10
326.666181
 20
418.325836
 42
0.353061
  0
VERTEX
  8
0
 10
326.000000
 20
417.500000
 42
-0.280451
  0
VERTEX
  8
0
 10
325.536487
 20
416.738626
 42
-0.080293
  0
VERTEX
  8
0
 10
324.166667
 20
416.289474
 42
-0.033635
  0
VERTEX
  8
0
 10
321.560229
 20
416.055948
 42
-0.005528
  0
VERTEX
  8
0
 10
316.500000
 20
416.000000
 42
-0.005528
  0
VERTEX
  8
0
 10
311.439771
 20
416.055948
 42
-0.033635
  0
VERTEX
  8
0
 10
308.833333
 20
416.289474
 42
-0.080293
  0
VERTEX
  8
0
 10
307.463513
 20
416.738626
 42
-0.280451
  0
VERTEX
  8
0
 10
307.000000
 20
417.500000
 42
0.353061
  0
VERTEX
  8
0
 10
306.333819
 20
418.325836
 42
0.033617
  0
VERTEX
  8
0
 10
303.583333
 20
418.730263
 42
0.017378
  0
VERTEX
  8
0
 10
298.574980
 20
418.950933
 42
0.002320
  0
VERTEX
  8
0
 10
288.000000
 20
419.000000
 42
0.002320
  0
VERTEX
  8
0
 10
277.425020
 20
418.950933
 42
0.017378
  0
VERTEX
  8
0
 10
272.416667
 20
418.730263
 42
0.033617
  0
VERTEX
  8
0
 10
269.666181
 20
418.325836
 42
0.353061
  0
VERTEX
  8
0
 10
269.000000
 20
417.500000
 42
-0.380573
  0
VERTEX
  8
0
 10
268.226977
 20
416.631493
 42
-0.016397
  0
VERTEX
  8
0
 10
263.815502
 20
416.262666
 42
-0.011261
  0
VERTEX
  8
0
 10
256.132159
 20
416.046704
 42
-0.001395
  0
VERTEX
  8
0
 10
239.393011
 20
416.000000
 42
-0.001319
  0
VERTEX
  8
0
 10
222.464114
 20
416.044650
 42
-0.011587
  0
VERTEX
  8
0
 10
214.973516
 20
416.257806
 42
-0.020220
  0
VERTEX
  8
0
 10
210.874671
 20
416.636198
 42
-0.484510
  0
VERTEX
  8
0
 10
210.361626
 20
417.500000
 42
0.517516
  0
VERTEX
  8
0
 10
209.730668
 20
418.444977
 42
0.002449
  0
VERTEX
  8
0
 10
196.024786
 20
418.747373
 42
0.003865
  0
VERTEX
  8
0
 10
173.831615
 20
418.956710
 42
0.000426
  0
VERTEX
  8
0
 10
122.968615
 20
419.000000
 42
0.000000
  0
VERTEX
  8
0
 10
35.000000
 20
419.000000
 42
0.000000
  0
SEQEND
  0
POLYLINE
  8
0
 66
1
 70
1
  0
VERTEX
  8
0
 10
348.364193
 20
405.506689
 42
0.071134
  0
VERTEX
  8
0
 10
348.202853
 20
404.799741
 42
0.060571
  0
VERTEX
  8
0
 10
348.232436
 20
404.034636
 42
0.062889
  0
VERTEX
  8
0
 10
348.439231
 20
403.329453
 42
0.093908
  0
VERTEX
  8
0
 10
348.800000
 20
402.800000
 42
0.166747
  0
VERTEX
  8
0
 10
350.064085
 20
402.181650
 42
0.144478
  0
VERTEX
  8
0
 10
351.526810
 20
402.421425
 42
0.150092
  0
VERTEX
  8
0
 10
352.587197
 20
403.404159
 42
0.180854
  0
VERTEX
  8
0
 10
352.812423
 20
404.735492
 42
0.154135
  0
VERTEX
  8
0
 10
352.089035
 20
406.071954
 42
0.150407
  0
VERTEX
  8
0
 10
350.722281
 20
406.766633
 42
0.164257
  0
VERTEX
  8
0
 10
349.290763
 20
406.544505
 42
0.183220
  0
SEQEND
  0
POLYLINE
  8
0
 66
1
 70
1
  0
VERTEX
  8
0
 10
352.000000
 20
404.500000
 42
-0.099038
  0
VERTEX
  8
0
 10
351.885486
 20
403.927543
 42
-0.097945
  0
VERTEX
  8
0
 10
351.559375
 20
403.440625
 42
-0.097945
  0
VERTEX
  8
0
 10
351.072457
 20
403.114514
 42
-0.099038
  0
VERTEX
  8
0
 10
350.500000
 20
403.000000
 42
-0.099038
  0
VERTEX
  8
0
 10
349.927543
 20
403.114514
 42
-0.097945
  0
VERTEX
  8
0
 10
349.440625
 20
403.440625
 42
-0.097945
  0
VERTEX
  8
0
 10
349.114514
 20
403.927543
 42
-0.099038
  0
VERTEX
  8
0
 10
349.000000
 20
404.500000
 42
-0.099038
  0
VERTEX
  8
0
 10
349.114514
 20
405.072457
 42
-0.097945
  0
VERTEX
  8
0
 10
349.440625
 20
405.559375
 42
-0.097945
  0
VERTEX
  8
0
 10
349.927543
 20
405.885486
 42
-0.099038
  0
VERTEX
  8
0
 10
350.500000
 20
406.000000
 42
-0.099038
  0
VERTEX
  8
0
 10
351.072457
 20
405.885486
 42
-0.097945
  0
VERTEX
  8
0
 10
351.559375
 20
405.559375
 42
-0.097945
  0
VERTEX
  8
0
 10
351.885486
 20
405.072457
 42
-0.099038
  0
SEQEND
  0
POLYLINE
  8
0
 66
1
 70
1
  0
VERTEX
  8
0
 10
77.812500
 20
405.316886
 42
0.051402
  0
VERTEX
  8
0
 10
78.359369
 20
405.160852
 42
0.054150
  0
VERTEX
  8
0
 10
78.916927
 20
405.123424
 42
0.060344
  0
VERTEX
  8
0
 10
79.402231
 20
405.202593
 42
0.126455
  0
VERTEX
  8
0
 10
79.729167
 20
405.395833
 42
0.296942
  0
VERTEX
  8
0
 10
79.775380
 20
405.614691
 42
0.208169
  0
VERTEX
  8
0
 10
79.592839
 20
405.799335
 42
0.077125
  0
VERTEX
  8
0
 10
79.112848
 20
405.910055
 42
0.028489
  0
VERTEX
  8
0
 10
78.416667
 20
405.921053
 42
0.018894
  0
VERTEX
  8
0
 10
77.670344
 20
405.862007
 42
0.168741
  0
VERTEX
  8
0
 10
77.378580
 20
405.720685
 42
0.470617
  0
VERTEX
  8
0
 10
77.395823
 20
405.538436
 42
0.054073
  0
SEQEND
  0
POLYLINE
  8
0
 66
1
 70
1
  0
VERTEX
  8
0
 10
103.000000
 20
404.968615
 42
0.152681
  0
VERTEX
  8
0
 10
103.115494
 20
404.599211
 42
0.098158
  0
VERTEX
  8
0
 10
103.440625
 20
404.284531
 42
0.080880
  0
VERTEX
  8
0
 10
103.926468
 20
404.072230
 42
0.062722
  0
VERTEX
  8
0
 10
104.500000
 20
404.000000
 42
0.024748
  0
VERTEX
  8
0
 10
105.074824
 20
404.028469
 42
0.039339
  0
VERTEX
  8
0
 10
105.559375
 20
404.115447
 42
0.046727
  0
VERTEX
  8
0
 10
105.903916
 20
404.241071
 42
0.289661
  0
VERTEX
  8
0
 10
106.000000
 20
404.393011
 42
0.222225
  0
VERTEX
  8
0
 10
105.912889
 20
404.579329
 42
0.030693
  0
VERTEX
  8
0
 10
105.559375
 20
404.839659
 42
0.030395
  0
VERTEX
  8
0
 10
105.074558
 20
405.112506
 42
0.021360
  0
VERTEX
  8
0
 10
104.500000
 20
405.361626
 42
0.055937
  0
VERTEX
  8
0
 10
103.925634
 20
405.511135
 42
0.100118
  0
VERTEX
  8
0
 10
103.440625
 20
405.483616
 42
0.147206
  0
VERTEX
  8
0
 10
103.122486
 20
405.289193
 42
0.184534
  0
SEQEND
  0
POLYLINE
  8
0
 66
1
 70
1
  0
VERTEX
  8
0
 10
146.000000
 20
384.000000
 42
-0.002909
  0
VERTEX
  8
0
 10
145.944842
 20
374.520505
 42
-0.013502
  0
VERTEX
  8
0
 10
145.733351
 20
369.049796
 42
-0.014518
  0
VERTEX
  8
0
 10
145.402767
 20
365.568470
 42
-0.374930
  0
VERTEX
  8
0
 10
144.750000
 20
364.984687
 42
0.022394
  0
VERTEX
  8
0
 10
144.136756
 20
364.949676
 42
0.377018
  0
VERTEX
  8
0
 10
144.009199
 20
364.812177
 42
0.248974
  0
VERTEX
  8
0
 10
144.112149
 20
364.605011
 42
0.013909
  0
VERTEX
  8
0
 10
144.728644
 20
364.188869
 42
-0.227446
  0
VERTEX
  8
0
 10
145.354094
 20
363.185859
 42
-0.009686
  0
VERTEX
  8
0
 10
145.743588
 20
358.913692
 42
-0.011174
  0
VERTEX
  8
0
 10
146.049986
 20
352.691160
 42
-0.003129
  0
VERTEX
  8
0
 10
146.250543
 20
342.954182
 42
0.018337
  0
VERTEX
  8
0
 10
146.384630
 20
340.327557
 42
0.944563
  0
VERTEX
  8
0
 10
146.524658
 20
340.331853
 42
0.004327
  0
VERTEX
  8
0
 10
146.665904
 20
348.321127
 42
0.000839
  0
VERTEX
  8
0
 10
146.771898
 20
362.750000
 42
0.001164
  0
VERTEX
  8
0
 10
146.823435
 20
378.183887
 42
0.001942
  0
VERTEX
  8
0
 10
146.786120
 20
391.176562
 42
0.000152
  0
VERTEX
  8
0
 10
146.704085
 20
402.797413
 42
0.412059
  0
VERTEX
  8
0
 10
146.500000
 20
403.000000
 42
0.405736
  0
VERTEX
  8
0
 10
146.295860
 20
402.801701
 42
0.000680
  0
VERTEX
  8
0
 10
146.146875
 20
397.418750
 42
0.004111
  0
VERTEX
  8
0
 10
146.035932
 20
391.285520
 42
0.002466
  0
SEQEND
  0
POLYLINE
  8
0
 66
1
 70
1
  0
VERTEX
  8
0
 10
238.000000
 20
400.000000
 42
0.099038
  0
VERTEX
  8
0
 10
238.076342
 20
399.618362
 42
0.097945
  0
VERTEX
  8
0
 10
238.293750
 20
399.293750
 42
0.097945
  0
VERTEX
  8
0
 10
238.618362
 20
399.076342
 42
0.099038
  0
VERTEX
  8
0
 10
239.000000
 20
399.000000
 42
0.099038
  0
VERTEX
  8
0
 10
239.381638
 20
399.076342
 42
0.097945
  0
VERTEX
  8
0
 10
239.706250
 20
399.293750
 42
0.097945
  0
VERTEX
  8
0
 10
239.923658
 20
399.618362
 42
0.099038
  0
VERTEX
  8
0
 10
240.000000
 20
400.000000
 42
0.099038
  0
VERTEX
  8
0
 10
239.923658
 20
400.381638
 42
0.097945
  0
VERTEX
  8
0
 10
239.706250
 20
400.706250
 42
0.097945
  0
VERTEX
  8
0
 10
239.381638
 20
400.923658
 42
0.099038
  0
VERTEX
  8
0
 10
239.000000
 20
401.000000
 42
0.099038
  0
VERTEX
  8
0
 10
238.618362
 20
400.923658
 42
0.097945
  0
VERTEX
  8
0
 10
238.293750
 20
400.706250
 42
0.097945
  0
VERTEX
  8
0
 10
238.076342
 20
400.381638
 42
0.099038
  0
SEQEND
  0
POLYLINE
  8
0
 66
1
 70
1
  0
VERTEX
  8
0
 10
264.000000
 20
400.000000
 42
0.099038
  0
VERTEX
  8
0
 10
264.076342
 20
399.618362
 42
0.097945
  0
VERTEX
  8
0
 10
264.293750
 20
399.293750
 42
0.097945
  0
VERTEX
  8
0
 10
264.618362
 20
399.076342
 42
0.099038
  0
VERTEX
  8
0
 10
265.000000
 20
399.000000
 42
0.099038
  0
VERTEX
  8
0
 10
265.381638
 20
399.076342
 42
0.097945
  0
VERTEX
  8
0
 10
265.706250
 20
399.293750
 42
0.097945
  0
VERTEX
  8
0
 10
265.923658
 20
399.618362
 42
0.099038
  0
VERTEX
  8
0
 10
266.000000
 20
400.000000
 42
0.099038
  0
VERTEX
  8
0
 10
265.923658
 20
400.381638
 42
0.097945
  0
VERTEX
  8
0
 10
265.706250
 20
400.706250
 42
0.097945
  0
VERTEX
  8
0
 10
265.381638
 20
400.923658
 42
0.099038
  0
VERTEX
  8
0
 10
265.000000
 20
401.000000
 42
0.099038
  0
VERTEX
  8
0
 10
264.618362
 20
400.923658
 42
0.097945
  0
VERTEX
  8
0
 10
264.293750
 20
400.706250
 42
0.097945
  0
VERTEX
  8
0
 10
264.076342
 20
400.381638
 42
0.099038
  0
SEQEND
  0
POLYLINE
  8
0
 66
1
 70
1
  0
VERTEX
  8
0
 10
237.564761
 20
396.104785
 42
0.157124
  0
VERTEX
  8
0
 10
237.469774
 20
395.719764
 42
0.122649
  0
VERTEX
  8
0
 10
237.603542
 20
395.307713
 42
0.096370
  0
VERTEX
  8
0
 10
237.955788
 20
394.929702
 42
0.065622
  0
VERTEX
  8
0
 10
238.473719
 20
394.648459
 42
0.114361
  0
VERTEX
  8
0
 10
239.527336
 20
394.501405
 42
0.167129
  0
VERTEX
  8
0
 10
240.375239
 20
394.880315
 42
0.226760
  0
VERTEX
  8
0
 10
240.655717
 20
395.596295
 42
0.180107
  0
VERTEX
  8
0
 10
240.306147
 20
396.360520
 42
0.093620
  0
VERTEX
  8
0
 10
239.599325
 20
396.842738
 42
0.126932
  0
VERTEX
  8
0
 10
238.839525
 20
396.964961
 42
0.130395
  0
VERTEX
  8
0
 10
238.130319
 20
396.704194
 42
0.101736
  0
SEQEND
  0
POLYLINE
  8
0
 66
1
 70
1
  0
VERTEX
  8
0
 10
242.000000
 20
396.000000
 42
0.105053
  0
VERTEX
  8
0
 10
242.081062
 20
395.618444
 42
0.099167
  0
VERTEX
  8
0
 10
242.311086
 20
395.293750
 42
0.096420
  0
VERTEX
  8
0
 10
242.654762
 20
395.076123
 42
0.093332
  0
VERTEX
  8
0
 10
243.059017
 20
395.000000
 42
0.108972
  0
VERTEX
  8
0
 10
243.413961
 20
395.078288
 42
0.182303
  0
VERTEX
  8
0
 10
243.625400
 20
395.293750
 42
0.161196
  0
VERTEX
  8
0
 10
243.656512
 20
395.617900
 42
0.082592
  0
VERTEX
  8
0
 10
243.500000
 20
396.000000
 42
0.029505
  0
VERTEX
  8
0
 10
243.231006
 20
396.382774
 42
0.035638
  0
VERTEX
  8
0
 10
242.933975
 20
396.706250
 42
0.038439
  0
VERTEX
  8
0
 10
242.651710
 20
396.934461
 42
0.151918
  0
VERTEX
  8
0
 10
242.440983
 20
397.000000
 42
0.210953
  0
VERTEX
  8
0
 10
242.272352
 20
396.925540
 42
0.081139
  0
VERTEX
  8
0
 10
242.129539
 20
396.706250
 42
0.061769
  0
VERTEX
  8
0
 10
242.032345
 20
396.382849
 42
0.042167
  0
SEQEND
  0
POLYLINE
  8
0
 66
1
 70
1
  0
VERTEX
  8
0
 10
263.542705
 20
396.069098
 42
0.195483
  0
VERTEX
  8
0
 10
263.412739
 20
395.300347
 42
0.177971
  0
VERTEX
  8
0
 10
263.849183
 20
394.620737
 42
0.173509
  0
VERTEX
  8
0
 10
264.632003
 20
394.375083
 42
0.188660
  0
VERTEX
  8
0
 10
265.360520
 20
394.693853
 42
0.094258
  0
VERTEX
  8
0
 10
265.860497
 20
395.428701
 42
0.135693
  0
VERTEX
  8
0
 10
265.969472
 20
396.203471
 42
0.182678
  0
VERTEX
  8
0
 10
265.664889
 20
396.772622
 42
0.181466
  0
VERTEX
  8
0
 10
265.059017
 20
397.000000
 42
0.084470
  0
VERTEX
  8
0
 10
264.656520
 20
396.931514
 42
0.053430
  0
VERTEX
  8
0
 10
264.225445
 20
396.726548
 42
0.051896
  0
VERTEX
  8
0
 10
263.832549
 20
396.425195
 42
0.064898
  0
SEQEND
  0
POLYLINE
  8
0
 66
1
 70
1
  0
VERTEX
  8
0
 10
268.078947
 20
395.416667
 42
0.018894
  0
VERTEX
  8
0
 10
268.137993
 20
394.670344
 42
0.168741
  0
VERTEX
  8
0
 10
268.279315
 20
394.378580
 42
0.470617
  0
VERTEX
  8
0
 10
268.461564
 20
394.395823
 42
0.054073
  0
VERTEX
  8
0
 10
268.683114
 20
394.812500
 42
0.051402
  0
VERTEX
  8
0
 10
268.839148
 20
395.359369
 42
0.054150
  0
VERTEX
  8
0
 10
268.876576
 20
395.916927
 42
0.060344
  0
VERTEX
  8
0
 10
268.797407
 20
396.402231
 42
0.126455
  0
VERTEX
  8
0
 10
268.604167
 20
396.729167
 42
0.296942
  0
VERTEX
  8
0
 10
268.385309
 20
396.775380
 42
0.208169
  0
VERTEX
  8
0
 10
268.200665
 20
396.592839
 42
0.077125
  0
VERTEX
  8
0
 10
268.089945
 20
396.112848
 42
0.028489
  0
SEQEND
  0
POLYLINE
  8
0
 66
1
 70
1
  0
VERTEX
  8
0
 10
238.638374
 20
391.500000
 42
0.021360
  0
VERTEX
  8
0
 10
238.887494
 20
390.925442
 42
0.030395
  0
VERTEX
  8
0
 10
239.160341
 20
390.440625
 42
0.030693
  0
VERTEX
  8
0
 10
239.420671
 20
390.087111
 42
0.222225
  0
VERTEX
  8
0
 10
239.606989
 20
390.000000
 42
0.289661
  0
VERTEX
  8
0
 10
239.758929
 20
390.096084
 42
0.046727
  0
VERTEX
  8
0
 10
239.884553
 20
390.440625
 42
0.039339
  0
VERTEX
  8
0
 10
239.971531
 20
390.925176
 42
0.024748
  0
VERTEX
  8
0
 10
240.000000
 20
391.500000
 42
0.062722
  0
VERTEX
  8
0
 10
239.927770
 20
392.073532
 42
0.080880
  0
VERTEX
  8
0
 10
239.715469
 20
392.559375
 42
0.098158
  0
VERTEX
  8
0
 10
239.400789
 20
392.884506
 42
0.152681
  0
VERTEX
  8
0
 10
239.031385
 20
393.000000
 42
0.184534
  0
VERTEX
  8
0
 10
238.710807
 20
392.877514
 42
0.147206
  0
VERTEX
  8
0
 10
238.516384
 20
392.559375
 42
0.100118
  0
VERTEX
  8
0
 10
238.488865
 20
392.074366
 42
0.055937
  0
SEQEND
  0
POLYLINE
  8
0
 66
1
 70
1
  0
VERTEX
  8
0
 10
76.812500
 20
387.316886
 42
0.051402
  0
VERTEX
  8
0
 10
77.359369
 20
387.160852
 42
0.054150
  0
VERTEX
  8
0
 10
77.916927
 20
387.123424
 42
0.060344
  0
VERTEX
  8
0
 10
78.402231
 20
387.202593
 42
0.126455
  0
VERTEX
  8
0
 10
78.729167
 20
387.395833
 42
0.296942
  0
VERTEX
  8
0
 10
78.775380
 20
387.614691
 42
0.208169
  0
VERTEX
  8
0
 10
78.592839
 20
387.799335
 42
0.077125
  0
VERTEX
  8
0
 10
78.112848
 20
387.910055
 42
0.028489
  0
VERTEX
  8
0
 10
77.416667
 20
387.921053
 42
0.018894
  0
VERTEX
  8
0
 10
76.670344
 20
387.862007
 42
0.168741
  0
VERTEX
  8
0
 10
76.378580
 20
387.720685
 42
0.470617
  0
VERTEX
  8
0
 10
76.395823
 20
387.538436
 42
0.054073
  0
SEQEND
  0
POLYLINE
  8
0
 66
1
 70
1
  0
VERTEX
  8
0
 10
330.756754
 20
385.750000
 42
0.004800
  0
VERTEX
  8
0
 10
329.918516
 20
384.933522
 42
0.043938
  0
VERTEX
  8
0
 10
329.590592
 20
384.545088
 42
0.818200
  0
VERTEX
  8
0
 10
329.640648
 20
384.492229
 42
0.024822
  0
VERTEX
  8
0
 10
330.093541
 20
384.807747
 42
-0.036796
  0
VERTEX
  8
0
 10
330.943417
 20
385.370120
 42
-0.016745
  0
VERTEX
  8
0
 10
332.127581
 20
385.982881
 42
-0.016476
  0
VERTEX
  8
0
 10
333.424653
 20
386.548302
 42
-0.021748
  0
VERTEX
  8
0
 10
334.642550
 20
386.971794
 42
0.004017
  0
VERTEX
  8
0
 10
336.253942
 20
387.468829
 42
0.164012
  0
VERTEX
  8
0
 10
336.545635
 20
387.682560
 42
0.580131
  0
VERTEX
  8
0
 10
336.470113
 20
387.843792
 42
0.010557
  0
VERTEX
  8
0
 10
335.305764
 20
387.914047
 42
0.082343
  0
VERTEX
  8
0
 10
334.296268
 20
387.787031
 42
0.038658
  0
VERTEX
  8
0
 10
333.064370
 20
387.313814
 42
0.036943
  0
VERTEX
  8
0
 10
331.819749
 20
386.604680
 42
0.042754
  0
SEQEND
  0
POLYLINE
  8
0
 66
1
 70
1
  0
VERTEX
  8
0
 10
334.083333
 20
385.641541
 42
0.117893
  0
VERTEX
  8
0
 10
334.406135
 20
385.475231
 42
0.006122
  0
VERTEX
  8
0
 10
335.552604
 20
385.208252
 42
0.009424
  0
VERTEX
  8
0
 10
336.937313
 20
384.930870
 42
0.006685
  0
VERTEX
  8
0
 10
338.500000
 20
384.669883
 42
0.009220
  0
VERTEX
  8
0
 10
340.274010
 20
384.431317
 42
0.062994
  0
VERTEX
  8
0
 10
341.154547
 20
384.440637
 42
0.485863
  0
VERTEX
  8
0
 10
341.286238
 20
384.665478
 42
0.158433
  0
VERTEX
  8
0
 10
341.000000
 20
385.013029
 42
0.099358
  0
VERTEX
  8
0
 10
339.501773
 20
385.593303
 42
0.020210
  0
VERTEX
  8
0
 10
336.665270
 20
385.967129
 42
0.025123
  0
VERTEX
  8
0
 10
334.238123
 20
386.065201
 42
0.691982
  0
SEQEND
  0
POLYLINE
  8
0
 66
1
 70
1
  0
VERTEX
  8
0
 10
108.353704
 20
384.312962
 42
0.136759
  0
VERTEX
  8
0
 10
109.394868
 20
383.725694
 42
0.052637
  0
VERTEX
  8
0
 10
111.053930
 20
383.497720
 42
0.056450
  0
VERTEX
  8
0
 10
112.549797
 20
383.619756
 42
0.358417
  0
VERTEX
  8
0
 10
113.000000
 20
384.167119
 42
0.264744
  0
VERTEX
  8
0
 10
112.817497
 20
384.487639
 42
0.058276
  0
VERTEX
  8
0
 10
112.216667
 20
384.755341
 42
0.046131
  0
VERTEX
  8
0
 10
111.355000
 20
384.939479
 42
0.029593
  0
VERTEX
  8
0
 10
110.333333
 20
385.000000
 42
0.024335
  0
VERTEX
  8
0
 10
109.355653
 20
384.952388
 42
0.059251
  0
VERTEX
  8
0
 10
108.651817
 20
384.798183
 42
0.146285
  0
VERTEX
  8
0
 10
108.336938
 20
384.571214
 42
0.376725
  0
SEQEND
  0
POLYLINE
  8
0
 66
1
 70
1
  0
VERTEX
  8
0
 10
346.232003
 20
381.000000
 42
0.011065
  0
VERTEX
  8
0
 10
346.259713
 20
379.748017
 42
0.052887
  0
VERTEX
  8
0
 10
346.366341
 20
379.042188
 42
0.542911
  0
VERTEX
  8
0
 10
346.521012
 20
378.990860
 42
0.161593
  0
VERTEX
  8
0
 10
346.689326
 20
379.250000
 42
0.039571
  0
VERTEX
  8
0
 10
346.831531
 20
380.047266
 42
0.024357
  0
VERTEX
  8
0
 10
346.877971
 20
381.000000
 42
0.024357
  0
VERTEX
  8
0
 10
346.831531
 20
381.952734
 42
0.039571
  0
VERTEX
  8
0
 10
346.689326
 20
382.750000
 42
0.161593
  0
VERTEX
  8
0
 10
346.521012
 20
383.009140
 42
0.542911
  0
VERTEX
  8
0
 10
346.366341
 20
382.957812
 42
0.052887
  0
VERTEX
  8
0
 10
346.259713
 20
382.251983
 42
0.011065
  0
SEQEND
  0
POLYLINE
  8
0
 66
1
 70
1
  0
VERTEX
  8
0
 10
328.954163
 20
380.914354
 42
0.022446
  0
VERTEX
  8
0
 10
328.557075
 20
380.084944
 42
0.032495
  0
VERTEX
  8
0
 10
328.288802
 20
379.318408
 42
0.033872
  0
VERTEX
  8
0
 10
328.160170
 20
378.696540
 42
0.234579
  0
VERTEX
  8
0
 10
328.256539
 20
378.410128
 42
0.404981
  0
VERTEX
  8
0
 10
328.490621
 20
378.406426
 42
0.043766
  0
VERTEX
  8
0
 10
328.887330
 20
378.850122
 42
0.034614
  0
VERTEX
  8
0
 10
329.348509
 20
379.565096
 42
0.019039
  0
VERTEX
  8
0
 10
329.816121
 20
380.495774
 42
0.012202
  0
VERTEX
  8
0
 10
330.665426
 20
382.487206
 42
0.392888
  0
VERTEX
  8
0
 10
330.490312
 20
382.938688
 42
0.388664
  0
VERTEX
  8
0
 10
330.022928
 20
382.799562
 42
0.012173
  0
SEQEND
  0
POLYLINE
  8
0
 66
1
 70
1
  0
VERTEX
  8
0
 10
336.446149
 20
381.912868
 42
0.122017
  0
VERTEX
  8
0
 10
336.284596
 20
381.409812
 42
0.081025
  0
VERTEX
  8
0
 10
336.341630
 20
380.803488
 42
0.073242
  0
VERTEX
  8
0
 10
336.602762
 20
380.188786
 42
0.069452
  0
VERTEX
  8
0
 10
337.033837
 20
379.662868
 42
0.005334
  0
VERTEX
  8
0
 10
337.703852
 20
379.057403
 42
0.285821
  0
VERTEX
  8
0
 10
337.866377
 20
379.029945
 42
0.443662
  0
VERTEX
  8
0
 10
337.909938
 20
379.150694
 42
0.007094
  0
VERTEX
  8
0
 10
337.518589
 20
379.861803
 42
-0.091885
  0
VERTEX
  8
0
 10
337.307213
 20
380.470894
 42
-0.103987
  0
VERTEX
  8
0
 10
337.342073
 20
381.087735
 42
-0.101734
  0
VERTEX
  8
0
 10
337.624449
 20
381.648549
 42
-0.084441
  0
VERTEX
  8
0
 10
338.121885
 20
382.096491
 42
0.022578
  0
VERTEX
  8
0
 10
338.682951
 20
382.488428
 42
0.178934
  0
VERTEX
  8
0
 10
338.848863
 20
382.752023
 42
0.398269
  0
VERTEX
  8
0
 10
338.742976
 20
382.924583
 42
0.062466
  0
VERTEX
  8
0
 10
338.309017
 20
382.984687
 42
0.079721
  0
VERTEX
  8
0
 10
337.803672
 20
382.910249
 42
0.054241
  0
VERTEX
  8
0
 10
337.270519
 20
382.676157
 42
0.053483
  0
VERTEX
  8
0
 10
336.791435
 20
382.327606
 42
0.070464
  0
SEQEND
  0
POLYLINE
  8
0
 66
1
 70
1
  0
VERTEX
  8
0
 10
341.881162
 20
380.218582
 42
0.017150
  0
VERTEX
  8
0
 10
341.710550
 20
378.913500
 42
0.063014
  0
VERTEX
  8
0
 10
341.735621
 20
378.082665
 42
0.246244
  0
VERTEX
  8
0
 10
341.944935
 20
377.800895
 42
0.318785
  0
VERTEX
  8
0
 10
342.253246
 20
377.853246
 42
0.112154
  0
VERTEX
  8
0
 10
342.579167
 20
378.370767
 42
0.043618
  0
VERTEX
  8
0
 10
342.790931
 20
379.195048
 42
0.040388
  0
VERTEX
  8
0
 10
342.871906
 20
380.161929
 42
0.039733
  0
VERTEX
  8
0
 10
342.797245
 20
381.134665
 42
0.009743
  0
VERTEX
  8
0
 10
342.570202
 20
382.414946
 42
0.599836
  0
VERTEX
  8
0
 10
342.393760
 20
382.468599
 42
0.152988
  0
VERTEX
  8
0
 10
342.209184
 20
382.115594
 42
0.003467
  0
SEQEND
  0
POLYLINE
  8
0
 66
1
 70
1
  0
VERTEX
  8
0
 10
332.166154
 20
376.123851
 42
0.279391
  0
VERTEX
  8
0
 10
331.796952
 20
375.380412
 42
0.286632
  0
VERTEX
  8
0
 10
332.288493
 20
374.723309
 42
0.055900
  0
VERTEX
  8
0
 10
334.398245
 20
374.165298
 42
0.009008
  0
VERTEX
  8
0
 10
338.622151
 20
373.617922
 42
0.000000
  0
VERTEX
  8
0
 10
343.500000
 20
373.074955
 42
0.000000
  0
VERTEX
  8
0
 10
338.163215
 20
374.287477
 42
-0.015480
  0
VERTEX
  8
0
 10
336.168516
 20
374.806096
 42
-0.029819
  0
VERTEX
  8
0
 10
334.615438
 20
375.364134
 42
-0.038564
  0
VERTEX
  8
0
 10
333.621126
 20
375.883879
 42
-0.482976
  0
VERTEX
  8
0
 10
333.579882
 20
376.250000
 42
0.063306
  0
VERTEX
  8
0
 10
333.986652
 20
376.772766
 42
0.611249
  0
VERTEX
  8
0
 10
333.871520
 20
376.955390
 42
0.103380
  0
VERTEX
  8
0
 10
333.261278
 20
376.769942
 42
0.015982
  0
SEQEND
  0
POLYLINE
  8
0
 66
1
 70
1
  0
VERTEX
  8
0
 10
186.232073
 20
366.000000
 42
0.022704
  0
VERTEX
  8
0
 10
185.712098
 20
365.076587
 42
0.100528
  0
VERTEX
  8
0
 10
185.548374
 20
364.478178
 42
0.245609
  0
VERTEX
  8
0
 10
185.697076
 20
364.140675
 42
0.170141
  0
VERTEX
  8
0
 10
186.098515
 20
364.000000
 42
-0.156670
  0
VERTEX
  8
0
 10
186.475721
 20
363.878832
 42
-0.152081
  0
VERTEX
  8
0
 10
186.717227
 20
363.559375
 42
-0.112952
  0
VERTEX
  8
0
 10
186.776025
 20
363.073868
 42
-0.065588
  0
VERTEX
  8
0
 10
186.638374
 20
362.500000
 42
0.073193
  0
VERTEX
  8
0
 10
186.509444
 20
361.924209
 42
0.118448
  0
VERTEX
  8
0
 10
186.589821
 20
361.431283
 42
0.148000
  0
VERTEX
  8
0
 10
186.863963
 20
361.100005
 42
0.140804
  0
VERTEX
  8
0
 10
187.281385
 20
360.968197
 42
-0.193582
  0
VERTEX
  8
0
 10
187.589559
 20
360.834794
 42
-0.299877
  0
VERTEX
  8
0
 10
187.644404
 20
360.560215
 42
-0.105101
  0
VERTEX
  8
0
 10
187.349558
 20
360.124555
 42
-0.029353
  0
VERTEX
  8
0
 10
186.720610
 20
359.586463
 42
0.017284
  0
VERTEX
  8
0
 10
185.769783
 20
358.811924
 42
0.179424
  0
VERTEX
  8
0
 10
185.532963
 20
358.375926
 42
0.301083
  0
VERTEX
  8
0
 10
185.699675
 20
358.023992
 42
0.044304
  0
VERTEX
  8
0
 10
186.444163
 20
357.659800
 42
0.089124
  0
VERTEX
  8
0
 10
187.076886
 20
357.539014
 42
0.081393
  0
VERTEX
  8
0
 10
187.733698
 20
357.639340
 42
0.082987
  0
VERTEX
  8
0
 10
188.313239
 20
357.940760
 42
0.098538
  0
VERTEX
  8
0
 10
188.723553
 20
358.400029
 42
-0.070856
  0
VERTEX
  8
0
 10
189.218655
 20
359.019601
 42
-0.020061
  0
VERTEX
  8
0
 10
190.153169
 20
359.831023
 42
-0.019786
  0
VERTEX
  8
0
 10
191.294592
 20
360.672606
 42
-0.019731
  0
VERTEX
  8
0
 10
192.500000
 20
361.422149
 42
0.008904
  0
VERTEX
  8
0
 10
193.560988
 20
362.050453
 42
0.061770
  0
VERTEX
  8
0
 10
194.031250
 20
362.427516
 42
0.691688
  0
VERTEX
  8
0
 10
193.974909
 20
362.547601
 42
0.062156
  0
VERTEX
  8
0
 10
193.500000
 20
362.450200
 42
-0.006090
  0
VERTEX
  8
0
 10
189.764128
 20
361.235923
 42
-0.129925
  0
VERTEX
  8
0
 10
188.611795
 20
361.185559
 42
-0.339190
  0
VERTEX
  8
0
 10
188.110086
 20
361.778740
 42
-0.040450
  0
VERTEX
  8
0
 10
188.170312
 20
363.612530
 42
-0.058386
  0
VERTEX
  8
0
 10
188.577081
 20
365.347243
 42
-0.215380
  0
VERTEX
  8
0
 10
189.342948
 20
366.135102
 42
-0.088333
  0
VERTEX
  8
0
 10
190.890623
 20
366.447323
 42
-0.005714
  0
VERTEX
  8
0
 10
195.500000
 20
366.500000
 42
0.000000
  0
VERTEX
  8
0
 10
202.500000
 20
366.500000
 42
0.000000
  0
VERTEX
  8
0
 10
202.795002
 20
358.586829
 42
-0.009271
  0
VERTEX
  8
0
 10
202.865049
 20
354.845434
 42
-0.028550
  0
VERTEX
  8
0
 10
202.721121
 20
352.318930
 42
-0.041427
  0
VERTEX
  8
0
 10
202.386985
 20
350.643030
 42
-0.183489
  0
VERTEX
  8
0
 10
201.795002
 20
349.852142
 42
0.014135
  0
VERTEX
  8
0
 10
201.157410
 20
349.421925
 42
0.227619
  0
VERTEX
  8
0
 10
201.036019
 20
349.200425
 42
0.395034
  0
VERTEX
  8
0
 10
201.158725
 20
349.054363
 42
0.026856
  0
VERTEX
  8
0
 10
201.750000
 20
349.015313
 42
-0.297977
  0
VERTEX
  8
0
 10
202.325901
 20
348.628506
 42
-0.056013
  0
VERTEX
  8
0
 10
202.704810
 20
347.350554
 42
-0.033976
  0
VERTEX
  8
0
 10
202.934390
 20
345.241080
 42
-0.010121
  0
VERTEX
  8
0
 10
203.000000
 20
342.000000
 42
0.000000
  0
VERTEX
  8
0
 10
203.000000
 20
335.000000
 42
0.000000
  0
VERTEX
  8
0
 10
195.434705
 20
335.000000
 42
0.000000
  0
VERTEX
  8
0
 10
187.869410
 20
335.000000
 42
0.000000
  0
VERTEX
  8
0
 10
188.007872
 20
342.250000
 42
0.001683
  0
VERTEX
  8
0
 10
188.055508
 20
345.278082
 42
0.001564
  0
VERTEX
  8
0
 10
188.084168
 20
348.381144
 42
0.001558
  0
VERTEX
  8
0
 10
188.092420
 20
351.140638
 42
0.005283
  0
VERTEX
  8
0
 10
188.073167
 20
352.941130
 42
0.005486
  0
VERTEX
  8
0
 10
188.002867
 20
355.121511
 42
0.188211
  0
VERTEX
  8
0
 10
187.798579
 20
355.584840
 42
0.438731
  0
VERTEX
  8
0
 10
187.458314
 20
355.570051
 42
0.016166
  0
VERTEX
  8
0
 10
186.567321
 20
354.441130
 42
0.042563
  0
VERTEX
  8
0
 10
186.032358
 20
353.570040
 42
0.073739
  0
VERTEX
  8
0
 10
185.766932
 20
352.764942
 42
0.096719
  0
VERTEX
  8
0
 10
185.781752
 20
352.078604
 42
0.141374
  0
VERTEX
  8
0
 10
186.067321
 20
351.550000
 42
-0.161305
  0
VERTEX
  8
0
 10
186.435839
 20
350.799306
 42
-0.010107
  0
VERTEX
  8
0
 10
186.726025
 20
348.314910
 42
-0.014080
  0
VERTEX
  8
0
 10
186.932155
 20
345.284110
 42
-0.009938
  0
VERTEX
  8
0
 10
187.000000
 20
341.870969
 42
0.000000
  0
VERTEX
  8
0
 10
187.000000
 20
333.141938
 42
0.000000
  0
VERTEX
  8
0
 10
195.750000
 20
332.820969
 42
0.000000
  0
VERTEX
  8
0
 10
204.500000
 20
332.500000
 42
0.000000
  0
VERTEX
  8
0
 10
204.206375
 20
350.250000
 42
0.000000
  0
VERTEX
  8
0
 10
203.912750
 20
368.000000
 42
0.000000
  0
VERTEX
  8
0
 10
195.696922
 20
368.000000
 42
0.007246
  0
VERTEX
  8
0
 10
191.059791
 20
367.932797
 42
0.044846
  0
VERTEX
  8
0
 10
188.696330
 20
367.651135
 42
0.093392
  0
VERTEX
  8
0
 10
187.263088
 20
367.054461
 42
0.108376
  0
SEQEND
  0
POLYLINE
  8
0
 66
1
 70
1
  0
VERTEX
  8
0
 10
75.000000
 20
363.940983
 42
0.108972
  0
VERTEX
  8
0
 10
75.078288
 20
363.586039
 42
0.182303
  0
VERTEX
  8
0
 10
75.293750
 20
363.374600
 42
0.161196
  0
VERTEX
  8
0
 10
75.617900
 20
363.343488
 42
0.082592
  0
VERTEX
  8
0
 10
76.000000
 20
363.500000
 42
0.029505
  0
VERTEX
  8
0
 10
76.382774
 20
363.768994
 42
0.035638
  0
VERTEX
  8
0
 10
76.706250
 20
364.066025
 42
0.038439
  0
VERTEX
  8
0
 10
76.934461
 20
364.348290
 42
0.151918
  0
VERTEX
  8
0
 10
77.000000
 20
364.559017
 42
0.210953
  0
VERTEX
  8
0
 10
76.925540
 20
364.727648
 42
0.081139
  0
VERTEX
  8
0
 10
76.706250
 20
364.870461
 42
0.061769
  0
VERTEX
  8
0
 10
76.382849
 20
364.967655
 42
0.042167
  0
VERTEX
  8
0
 10
76.000000
 20
365.000000
 42
0.105053
  0
VERTEX
  8
0
 10
75.618444
 20
364.918938
 42
0.099167
  0
VERTEX
  8
0
 10
75.293750
 20
364.688914
 42
0.096420
  0
VERTEX
  8
0
 10
75.076123
 20
364.345238
 42
0.093332
  0
SEQEND
  0
POLYLINE
  8
0
 66
1
 70
1
  0
VERTEX
  8
0
 10
317.812500
 20
363.316886
 42
0.051402
  0
VERTEX
  8
0
 10
318.359369
 20
363.160852
 42
0.054150
  0
VERTEX
  8
0
 10
318.916927
 20
363.123424
 42
0.060344
  0
VERTEX
  8
0
 10
319.402231
 20
363.202593
 42
0.126455
  0
VERTEX
  8
0
 10
319.729167
 20
363.395833
 42
0.296942
  0
VERTEX
  8
0
 10
319.775380
 20
363.614691
 42
0.208169
  0
VERTEX
  8
0
 10
319.592839
 20
363.799335
 42
0.077125
  0
VERTEX
  8
0
 10
319.112848
 20
363.910055
 42
0.028489
  0
VERTEX
  8
0
 10
318.416667
 20
363.921053
 42
0.018894
  0
VERTEX
  8
0
 10
317.670344
 20
363.862007
 42
0.168741
  0
VERTEX
  8
0
 10
317.378580
 20
363.720685
 42
0.470617
  0
VERTEX
  8
0
 10
317.395823
 20
363.538436
 42
0.054073
  0
SEQEND
  0
POLYLINE
  8
0
 66
1
 70
1
  0
VERTEX
  8
0
 10
321.335833
 20
362.432783
 42
0.062239
  0
VERTEX
  8
0
 10
321.171613
 20
361.767743
 42
0.058096
  0
VERTEX
  8
0
 10
321.170413
 20
361.066618
 42
0.062267
  0
VERTEX
  8
0
 10
321.323813
 20
360.436283
 42
0.105970
  0
VERTEX
  8
0
 10
321.617217
 20
359.982783
 42
0.220081
  0
VERTEX
  8
0
 10
321.958666
 20
359.857314
 42
0.249147
  0
VERTEX
  8
0
 10
322.250000
 20
360.043829
 42
0.097587
  0
VERTEX
  8
0
 10
322.442885
 20
360.628964
 42
0.030976
  0
VERTEX
  8
0
 10
322.500000
 20
361.550000
 42
0.008963
  0
VERTEX
  8
0
 10
322.466225
 20
363.434077
 42
0.225236
  0
VERTEX
  8
0
 10
322.234358
 20
363.880617
 42
0.479197
  0
VERTEX
  8
0
 10
321.912795
 20
363.800238
 42
0.016429
  0
SEQEND
  0
POLYLINE
  8
0
 66
1
 70
1
  0
VERTEX
  8
0
 10
324.500000
 20
363.000000
 42
0.029505
  0
VERTEX
  8
0
 10
324.768994
 20
362.617226
 42
0.035638
  0
VERTEX
  8
0
 10
325.066025
 20
362.293750
 42
0.038439
  0
VERTEX
  8
0
 10
325.348290
 20
362.065539
 42
0.151918
  0
VERTEX
  8
0
 10
325.559017
 20
362.000000
 42
0.210953
  0
VERTEX
  8
0
 10
325.727648
 20
362.074460
 42
0.081139
  0
VERTEX
  8
0
 10
325.870461
 20
362.293750
 42
0.061769
  0
VERTEX
  8
0
 10
325.967655
 20
362.617151
 42
0.042167
  0
VERTEX
  8
0
 10
326.000000
 20
363.000000
 42
0.105053
  0
VERTEX
  8
0
 10
325.918938
 20
363.381556
 42
0.099167
  0
VERTEX
  8
0
 10
325.688914
 20
363.706250
 42
0.096420
  0
VERTEX
  8
0
 10
325.345238
 20
363.923877
 42
0.093332
  0
VERTEX
  8
0
 10
324.940983
 20
364.000000
 42
0.108972
  0
VERTEX
  8
0
 10
324.586039
 20
363.921712
 42
0.182303
  0
VERTEX
  8
0
 10
324.374600
 20
363.706250
 42
0.161196
  0
VERTEX
  8
0
 10
324.343488
 20
363.382100
 42
0.082592
  0
SEQEND
  0
POLYLINE
  8
0
 66
1
 70
1
  0
VERTEX
  8
0
 10
243.500000
 20
362.000000
 42
0.082592
  0
VERTEX
  8
0
 10
243.343488
 20
361.617900
 42
0.161196
  0
VERTEX
  8
0
 10
243.374600
 20
361.293750
 42
0.182303
  0
VERTEX
  8
0
 10
243.586039
 20
361.078288
 42
0.108972
  0
VERTEX
  8
0
 10
243.940983
 20
361.000000
 42
0.093332
  0
VERTEX
  8
0
 10
244.345238
 20
361.076123
 42
0.096420
  0
VERTEX
  8
0
 10
244.688914
 20
361.293750
 42
0.099167
  0
VERTEX
  8
0
 10
244.918938
 20
361.618444
 42
0.105053
  0
VERTEX
  8
0
 10
245.000000
 20
362.000000
 42
0.042167
  0
VERTEX
  8
0
 10
244.967655
 20
362.382849
 42
0.061769
  0
VERTEX
  8
0
 10
244.870461
 20
362.706250
 42
0.081139
  0
VERTEX
  8
0
 10
244.727648
 20
362.925540
 42
0.210953
  0
VERTEX
  8
0
 10
244.559017
 20
363.000000
 42
0.151918
  0
VERTEX
  8
0
 10
244.348290
 20
362.934461
 42
0.038439
  0
VERTEX
  8
0
 10
244.066025
 20
362.706250
 42
0.035638
  0
VERTEX
  8
0
 10
243.768994
 20
362.382774
 42
0.029505
  0
SEQEND
  0
POLYLINE
  8
0
 66
1
 70
1
  0
VERTEX
  8
0
 10
252.000000
 20
360.500000
 42
0.062722
  0
VERTEX
  8
0
 10
252.072230
 20
359.926468
 42
0.080880
  0
VERTEX
  8
0
 10
252.284531
 20
359.440625
 42
0.098158
  0
VERTEX
  8
0
 10
252.599211
 20
359.115494
 42
0.152681
  0
VERTEX
  8
0
 10
252.968615
 20
359.000000
 42
0.184534
  0
VERTEX
  8
0
 10
253.289193
 20
359.122486
 42
0.147206
  0
VERTEX
  8
0
 10
253.483616
 20
359.440625
 42
0.100118
  0
VERTEX
  8
0
 10
253.511135
 20
359.925634
 42
0.055937
  0
VERTEX
  8
0
 10
253.361626
 20
360.500000
 42
0.021360
  0
VERTEX
  8
0
 10
253.112506
 20
361.074558
 42
0.030395
  0
VERTEX
  8
0
 10
252.839659
 20
361.559375
 42
0.030693
  0
VERTEX
  8
0
 10
252.579329
 20
361.912889
 42
0.222225
  0
VERTEX
  8
0
 10
252.393011
 20
362.000000
 42
0.289661
  0
VERTEX
  8
0
 10
252.241071
 20
361.903916
 42
0.046727
  0
VERTEX
  8
0
 10
252.115447
 20
361.559375
 42
0.039339
  0
VERTEX
  8
0
 10
252.028469
 20
361.074824
 42
0.024748
  0
SEQEND
  0
POLYLINE
  8
0
 66
1
 70
1
  0
VERTEX
  8
0
 10
258.078947
 20
360.416667
 42
0.018894
  0
VERTEX
  8
0
 10
258.137993
 20
359.670344
 42
0.168741
  0
VERTEX
  8
0
 10
258.279315
 20
359.378580
 42
0.470617
  0
VERTEX
  8
0
 10
258.461564
 20
359.395823
 42
0.054073
  0
VERTEX
  8
0
 10
258.683114
 20
359.812500
 42
0.051402
  0
VERTEX
  8
0
 10
258.839148
 20
360.359369
 42
0.054150
  0
VERTEX
  8
0
 10
258.876576
 20
360.916927
 42
0.060344
  0
VERTEX
  8
0
 10
258.797407
 20
361.402231
 42
0.126455
  0
VERTEX
  8
0
 10
258.604167
 20
361.729167
 42
0.296942
  0
VERTEX
  8
0
 10
258.385309
 20
361.775380
 42
0.208169
  0
VERTEX
  8
0
 10
258.200665
 20
361.592839
 42
0.077125
  0
VERTEX
  8
0
 10
258.089945
 20
361.112848
 42
0.028489
  0
SEQEND
  0
POLYLINE
  8
0
 66
1
 70
1
  0
VERTEX
  8
0
 10
329.078947
 20
360.416667
 42
0.018894
  0
VERTEX
  8
0
 10
329.137993
 20
359.670344
 42
0.168741
  0
VERTEX
  8
0
 10
329.279315
 20
359.378580
 42
0.470617
  0
VERTEX
  8
0
 10
329.461564
 20
359.395823
 42
0.054073
  0
VERTEX
  8
0
 10
329.683114
 20
359.812500
 42
0.051402
  0
VERTEX
  8
0
 10
329.839148
 20
360.359369
 42
0.054150
  0
VERTEX
  8
0
 10
329.876576
 20
360.916927
 42
0.060344
  0
VERTEX
  8
0
 10
329.797407
 20
361.402231
 42
0.126455
  0
VERTEX
  8
0
 10
329.604167
 20
361.729167
 42
0.296942
  0
VERTEX
  8
0
 10
329.385309
 20
361.775380
 42
0.208169
  0
VERTEX
  8
0
 10
329.200665
 20
361.592839
 42
0.077125
  0
VERTEX
  8
0
 10
329.089945
 20
361.112848
 42
0.028489
  0
SEQEND
  0
POLYLINE
  8
0
 66
1
 70
1
  0
VERTEX
  8
0
 10
333.750000
 20
361.337719
 42
0.057986
  0
VERTEX
  8
0
 10
334.320008
 20
361.181385
 42
0.037979
  0
VERTEX
  8
0
 10
335.000000
 20
361.129660
 42
0.037979
  0
VERTEX
  8
0
 10
335.679992
 20
361.181385
 42
0.057986
  0
VERTEX
  8
0
 10
336.250000
 20
361.337719
 42
0.174857
  0
VERTEX
  8
0
 10
336.459382
 20
361.525001
 42
0.447206
  0
VERTEX
  8
0
 10
336.398438
 20
361.693942
 42
0.078554
  0
VERTEX
  8
0
 10
335.891440
 20
361.810911
 42
0.017491
  0
VERTEX
  8
0
 10
335.000000
 20
361.842105
 42
0.017491
  0
VERTEX
  8
0
 10
334.108560
 20
361.810911
 42
0.078554
  0
VERTEX
  8
0
 10
333.601562
 20
361.693942
 42
0.447206
  0
VERTEX
  8
0
 10
333.540618
 20
361.525001
 42
0.174857
  0
SEQEND
  0
POLYLINE
  8
0
 66
1
 70
1
  0
VERTEX
  8
0
 10
235.000000
 20
360.240547
 42
0.164658
  0
VERTEX
  8
0
 10
235.126241
 20
359.867596
 42
0.033168
  0
VERTEX
  8
0
 10
235.594129
 20
359.333143
 42
0.031759
  0
VERTEX
  8
0
 10
236.248216
 20
358.757261
 42
0.025045
  0
VERTEX
  8
0
 10
237.022568
 20
358.217979
 42
0.004611
  0
VERTEX
  8
0
 10
238.316159
 20
357.426605
 42
0.343979
  0
VERTEX
  8
0
 10
238.545135
 20
357.454865
 42
0.343979
  0
VERTEX
  8
0
 10
238.573395
 20
357.683841
 42
0.004611
  0
VERTEX
  8
0
 10
237.782021
 20
358.977432
 42
0.042928
  0
VERTEX
  8
0
 10
236.844100
 20
360.226564
 42
0.104059
  0
VERTEX
  8
0
 10
235.919080
 20
360.906081
 42
0.274613
  0
VERTEX
  8
0
 10
235.297641
 20
360.837563
 42
0.235454
  0
SEQEND
  0
POLYLINE
  8
0
 66
1
 70
1
  0
VERTEX
  8
0
 10
266.157895
 20
359.000000
 42
0.017491
  0
VERTEX
  8
0
 10
266.189089
 20
358.108560
 42
0.078554
  0
VERTEX
  8
0
 10
266.306058
 20
357.601562
 42
0.447206
  0
VERTEX
  8
0
 10
266.474999
 20
357.540618
 42
0.174857
  0
VERTEX
  8
0
 10
266.662281
 20
357.750000
 42
0.057986
  0
VERTEX
  8
0
 10
266.818615
 20
358.320008
 42
0.037979
  0
VERTEX
  8
0
 10
266.870340
 20
359.000000
 42
0.037979
  0
VERTEX
  8
0
 10
266.818615
 20
359.679992
 42
0.057986
  0
VERTEX
  8
0
 10
266.662281
 20
360.250000
 42
0.174857
  0
VERTEX
  8
0
 10
266.474999
 20
360.459382
 42
0.447206
  0
VERTEX
  8
0
 10
266.306058
 20
360.398438
 42
0.078554
  0
VERTEX
  8
0
 10
266.189089
 20
359.891440
 42
0.017491
  0
SEQEND
  0
POLYLINE
  8
0
 66
1
 70
1
  0
VERTEX
  8
0
 10
45.435703
 20
334.500000
 42
0.000987
  0
VERTEX
  8
0
 10
45.454464
 20
325.180655
 42
0.005150
  0
VERTEX
  8
0
 10
45.527812
 20
320.047027
 42
0.937222
  0
VERTEX
  8
0
 10
45.634292
 20
320.042744
 42
0.020409
  0
VERTEX
  8
0
 10
45.747807
 20
321.809027
 42
0.003639
  0
VERTEX
  8
0
 10
45.844619
 20
327.824996
 42
0.002213
  0
VERTEX
  8
0
 10
45.875816
 20
334.936500
 42
0.002218
  0
VERTEX
  8
0
 10
45.844253
 20
341.989301
 42
0.003919
  0
VERTEX
  8
0
 10
45.746768
 20
347.809027
 42
0.029954
  0
VERTEX
  8
0
 10
45.633974
 20
349.141028
 42
0.919461
  0
VERTEX
  8
0
 10
45.526650
 20
349.134527
 42
0.004847
  0
VERTEX
  8
0
 10
45.454086
 20
343.828441
 42
0.001005
  0
SEQEND
  0
POLYLINE
  8
0
 66
1
 70
1
  0
VERTEX
  8
0
 10
90.000000
 20
358.000000
 42
0.027275
  0
VERTEX
  8
0
 10
89.445888
 20
357.597454
 42
0.147021
  0
VERTEX
  8
0
 10
89.239151
 20
357.292684
 42
0.379910
  0
VERTEX
  8
0
 10
89.327599
 20
357.095709
 42
0.102799
  0
VERTEX
  8
0
 10
89.690983
 20
357.015313
 42
0.074131
  0
VERTEX
  8
0
 10
90.192374
 20
357.083483
 42
0.053889
  0
VERTEX
  8
0
 10
90.713662
 20
357.298248
 42
0.054031
  0
VERTEX
  8
0
 10
91.175433
 20
357.618541
 42
0.075854
  0
VERTEX
  8
0
 10
91.500000
 20
358.000000
 42
0.034464
  0
VERTEX
  8
0
 10
91.886554
 20
358.734105
 42
0.541951
  0
VERTEX
  8
0
 10
91.758161
 20
358.931144
 42
0.136158
  0
VERTEX
  8
0
 10
91.281145
 20
358.798791
 42
0.008108
  0
SEQEND
  0
POLYLINE
  8
0
 66
1
 70
1
  0
VERTEX
  8
0
 10
248.500000
 20
358.000000
 42
0.007086
  0
VERTEX
  8
0
 10
247.414842
 20
357.515361
 42
0.206801
  0
VERTEX
  8
0
 10
247.217153
 20
357.293900
 42
0.479221
  0
VERTEX
  8
0
 10
247.320418
 20
357.133810
 42
0.015651
  0
VERTEX
  8
0
 10
248.190983
 20
357.070285
 42
0.054957
  0
VERTEX
  8
0
 10
248.883647
 20
357.117642
 42
0.051224
  0
VERTEX
  8
0
 10
249.566787
 20
357.314396
 42
0.054947
  0
VERTEX
  8
0
 10
250.140070
 20
357.622072
 42
0.104092
  0
VERTEX
  8
0
 10
250.500000
 20
358.000000
 42
0.027810
  0
VERTEX
  8
0
 10
250.876953
 20
358.693352
 42
0.550582
  0
VERTEX
  8
0
 10
250.769967
 20
358.862409
 42
0.099104
  0
VERTEX
  8
0
 10
250.328061
 20
358.773951
 42
0.002683
  0
SEQEND
  0
POLYLINE
  8
0
 66
1
 70
1
  0
VERTEX
  8
0
 10
192.500000
 20
357.000000
 42
0.139169
  0
VERTEX
  8
0
 10
192.392057
 20
356.620352
 42
0.191142
  0
VERTEX
  8
0
 10
192.521475
 20
356.293750
 42
0.138808
  0
VERTEX
  8
0
 10
192.889346
 20
356.073267
 42
0.066118
  0
VERTEX
  8
0
 10
193.440983
 20
356.000000
 42
0.062283
  0
VERTEX
  8
0
 10
194.037096
 20
356.074545
 42
0.080552
  0
VERTEX
  8
0
 10
194.542039
 20
356.293750
 42
0.097988
  0
VERTEX
  8
0
 10
194.879982
 20
356.618621
 42
0.153634
  0
VERTEX
  8
0
 10
195.000000
 20
357.000000
 42
0.092995
  0
VERTEX
  8
0
 10
194.928382
 20
357.381732
 42
0.096318
  0
VERTEX
  8
0
 10
194.723586
 20
357.706250
 42
0.099231
  0
VERTEX
  8
0
 10
194.418051
 20
357.923444
 42
0.105429
  0
VERTEX
  8
0
 10
194.059017
 20
358.000000
 42
0.089642
  0
VERTEX
  8
0
 10
193.653442
 20
357.926698
 42
0.053229
  0
VERTEX
  8
0
 10
193.212900
 20
357.706250
 42
0.051032
  0
VERTEX
  8
0
 10
192.806203
 20
357.382515
 42
0.060810
  0
SEQEND
  0
POLYLINE
  8
0
 66
1
 70
1
  0
VERTEX
  8
0
 10
258.812500
 20
357.316886
 42
0.051402
  0
VERTEX
  8
0
 10
259.359369
 20
357.160852
 42
0.054150
  0
VERTEX
  8
0
 10
259.916927
 20
357.123424
 42
0.060344
  0
VERTEX
  8
0
 10
260.402231
 20
357.202593
 42
0.126455
  0
VERTEX
  8
0
 10
260.729167
 20
357.395833
 42
0.296942
  0
VERTEX
  8
0
 10
260.775380
 20
357.614691
 42
0.208169
  0
VERTEX
  8
0
 10
260.592839
 20
357.799335
 42
0.077125
  0
VERTEX
  8
0
 10
260.112848
 20
357.910055
 42
0.028489
  0
VERTEX
  8
0
 10
259.416667
 20
357.921053
 42
0.018894
  0
VERTEX
  8
0
 10
258.670344
 20
357.862007
 42
0.168741
  0
VERTEX
  8
0
 10
258.378580
 20
357.720685
 42
0.470617
  0
VERTEX
  8
0
 10
258.395823
 20
357.538436
 42
0.054073
  0
SEQEND
  0
POLYLINE
  8
0
 66
1
 70
1
  0
VERTEX
  8
0
 10
314.157895
 20
352.000000
 42
0.017491
  0
VERTEX
  8
0
 10
314.189089
 20
351.108560
 42
0.078554
  0
VERTEX
  8
0
 10
314.306058
 20
350.601562
 42
0.447206
  0
VERTEX
  8
0
 10
314.474999
 20
350.540618
 42
0.174857
  0
VERTEX
  8
0
 10
314.662281
 20
350.750000
 42
0.057986
  0
VERTEX
  8
0
 10
314.818615
 20
351.320008
 42
0.037979
  0
VERTEX
  8
0
 10
314.870340
 20
352.000000
 42
0.037979
  0
VERTEX
  8
0
 10
314.818615
 20
352.679992
 42
0.057986
  0
VERTEX
  8
0
 10
314.662281
 20
353.250000
 42
0.174857
  0
VERTEX
  8
0
 10
314.474999
 20
353.459382
 42
0.447206
  0
VERTEX
  8
0
 10
314.306058
 20
353.398438
 42
0.078554
  0
VERTEX
  8
0
 10
314.189089
 20
352.891440
 42
0.017491
  0
SEQEND
  0
POLYLINE
  8
0
 66
1
 70
1
  0
VERTEX
  8
0
 10
329.000000
 20
352.559017
 42
0.056553
  0
VERTEX
  8
0
 10
329.067260
 20
351.966253
 42
0.049897
  0
VERTEX
  8
0
 10
329.266355
 20
351.376706
 42
0.052741
  0
VERTEX
  8
0
 10
329.559445
 20
350.877374
 42
0.095554
  0
VERTEX
  8
0
 10
329.906741
 20
350.557637
 42
0.236417
  0
VERTEX
  8
0
 10
330.198880
 20
350.531490
 42
0.238295
  0
VERTEX
  8
0
 10
330.393387
 20
350.749762
 42
0.095442
  0
VERTEX
  8
0
 10
330.429487
 20
351.266748
 42
0.033809
  0
VERTEX
  8
0
 10
330.290110
 20
351.998620
 42
0.020231
  0
VERTEX
  8
0
 10
329.839479
 20
353.475053
 42
0.209047
  0
VERTEX
  8
0
 10
329.416075
 20
353.930595
 42
0.493596
  0
VERTEX
  8
0
 10
329.087262
 20
353.747863
 42
0.036651
  0
SEQEND
  0
POLYLINE
  8
0
 66
1
 70
1
  0
VERTEX
  8
0
 10
233.710511
 20
351.000996
 42
0.096896
  0
VERTEX
  8
0
 10
233.625546
 20
349.645245
 42
0.133368
  0
VERTEX
  8
0
 10
234.093884
 20
348.524332
 42
0.210184
  0
VERTEX
  8
0
 10
234.894385
 20
348.091666
 42
0.220098
  0
VERTEX
  8
0
 10
235.733198
 20
348.399864
 42
0.114645
  0
VERTEX
  8
0
 10
235.875292
 20
348.627973
 42
0.254329
  0
VERTEX
  8
0
 10
235.841836
 20
348.823710
 42
0.170771
  0
VERTEX
  8
0
 10
235.630301
 20
348.957849
 42
0.056774
  0
VERTEX
  8
0
 10
235.260286
 20
349.000000
 42
-0.208780
  0
VERTEX
  8
0
 10
234.894131
 20
349.159860
 42
-0.120356
  0
VERTEX
  8
0
 10
234.656082
 20
349.587500
 42
-0.082225
  0
VERTEX
  8
0
 10
234.588395
 20
350.234096
 42
-0.049039
  0
VERTEX
  8
0
 10
234.710251
 20
351.000000
 42
0.022147
  0
VERTEX
  8
0
 10
234.874917
 20
351.766954
 42
0.038944
  0
VERTEX
  8
0
 10
234.932753
 20
352.412500
 42
0.050358
  0
VERTEX
  8
0
 10
234.891970
 20
352.868874
 42
0.359666
  0
VERTEX
  8
0
 10
234.733263
 20
353.000000
 42
0.245606
  0
VERTEX
  8
0
 10
234.508137
 20
352.882317
 42
0.033645
  0
VERTEX
  8
0
 10
234.226580
 20
352.412793
 42
0.032336
  0
VERTEX
  8
0
 10
233.947146
 20
351.766799
 42
0.021962
  0
SEQEND
  0
POLYLINE
  8
0
 66
1
 70
1
  0
VERTEX
  8
0
 10
242.333333
 20
351.500000
 42
0.113529
  0
VERTEX
  8
0
 10
242.435703
 20
351.054960
 42
0.100281
  0
VERTEX
  8
0
 10
242.725000
 20
350.676042
 42
0.093977
  0
VERTEX
  8
0
 10
243.157532
 20
350.421785
 42
0.086218
  0
VERTEX
  8
0
 10
243.666667
 20
350.333333
 42
0.086218
  0
VERTEX
  8
0
 10
244.175802
 20
350.421785
 42
0.093977
  0
VERTEX
  8
0
 10
244.608333
 20
350.676042
 42
0.100281
  0
VERTEX
  8
0
 10
244.897631
 20
351.054960
 42
0.113529
  0
VERTEX
  8
0
 10
245.000000
 20
351.500000
 42
0.113529
  0
VERTEX
  8
0
 10
244.897631
 20
351.945040
 42
0.100281
  0
VERTEX
  8
0
 10
244.608333
 20
352.323958
 42
0.093977
  0
VERTEX
  8
0
 10
244.175802
 20
352.578215
 42
0.086218
  0
VERTEX
  8
0
 10
243.666667
 20
352.666667
 42
0.086218
  0
VERTEX
  8
0
 10
243.157532
 20
352.578215
 42
0.093977
  0
VERTEX
  8
0
 10
242.725000
 20
352.323958
 42
0.100281
  0
VERTEX
  8
0
 10
242.435703
 20
351.945040
 42
0.113529
  0
SEQEND
  0
POLYLINE
  8
0
 66
1
 70
1
  0
VERTEX
  8
0
 10
249.657916
 20
351.449072
 42
0.049969
  0
VERTEX
  8
0
 10
249.936870
 20
350.894793
 42
0.054875
  0
VERTEX
  8
0
 10
250.312957
 20
350.425665
 42
0.062056
  0
VERTEX
  8
0
 10
250.724440
 20
350.105357
 42
0.135188
  0
VERTEX
  8
0
 10
251.106989
 20
350.000000
 42
0.205169
  0
VERTEX
  8
0
 10
251.784570
 20
350.290255
 42
0.253867
  0
VERTEX
  8
0
 10
251.961217
 20
350.943429
 42
0.148358
  0
VERTEX
  8
0
 10
251.485745
 20
351.759275
 42
0.095829
  0
VERTEX
  8
0
 10
250.550928
 20
352.342084
 42
0.051615
  0
VERTEX
  8
0
 10
249.938818
 20
352.507063
 42
0.240886
  0
VERTEX
  8
0
 10
249.601855
 20
352.398145
 42
0.240886
  0
VERTEX
  8
0
 10
249.492937
 20
352.061182
 42
0.051615
  0
SEQEND
  0
POLYLINE
  8
0
 66
1
 70
1
  0
VERTEX
  8
0
 10
262.000000
 20
350.500000
 42
0.028402
  0
VERTEX
  8
0
 10
262.054455
 20
349.542129
 42
0.044499
  0
VERTEX
  8
0
 10
262.220312
 20
348.734375
 42
0.055558
  0
VERTEX
  8
0
 10
262.461092
 20
348.168760
 42
0.270668
  0
VERTEX
  8
0
 10
262.750000
 20
348.000000
 42
0.270668
  0
VERTEX
  8
0
 10
263.038908
 20
348.168760
 42
0.055558
  0
VERTEX
  8
0
 10
263.279688
 20
348.734375
 42
0.044499
  0
VERTEX
  8
0
 10
263.445545
 20
349.542129
 42
0.028402
  0
VERTEX
  8
0
 10
263.500000
 20
350.500000
 42
0.028402
  0
VERTEX
  8
0
 10
263.445545
 20
351.457871
 42
0.044499
  0
VERTEX
  8
0
 10
263.279688
 20
352.265625
 42
0.055558
  0
VERTEX
  8
0
 10
263.038908
 20
352.831240
 42
0.270668
  0
VERTEX
  8
0
 10
262.750000
 20
353.000000
 42
0.270668
  0
VERTEX
  8
0
 10
262.461092
 20
352.831240
 42
0.055558
  0
VERTEX
  8
0
 10
262.220312
 20
352.265625
 42
0.044499
  0
VERTEX
  8
0
 10
262.054455
 20
351.457871
 42
0.028402
  0
SEQEND
  0
POLYLINE
  8
0
 66
1
 70
1
  0
VERTEX
  8
0
 10
320.000000
 20
352.059017
 42
0.088797
  0
VERTEX
  8
0
 10
320.072509
 20
351.653950
 42
0.053277
  0
VERTEX
  8
0
 10
320.290385
 20
351.214980
 42
0.051183
  0
VERTEX
  8
0
 10
320.610411
 20
350.810572
 42
0.061454
  0
VERTEX
  8
0
 10
320.988546
 20
350.507079
 42
0.114400
  0
VERTEX
  8
0
 10
321.325929
 20
350.393111
 42
0.329480
  0
VERTEX
  8
0
 10
321.525685
 20
350.512472
 42
0.155351
  0
VERTEX
  8
0
 10
321.556862
 20
350.868281
 42
0.036408
  0
VERTEX
  8
0
 10
321.381557
 20
351.448062
 42
0.029964
  0
VERTEX
  8
0
 10
320.894727
 20
352.519970
 42
0.168622
  0
VERTEX
  8
0
 10
320.441482
 20
352.942608
 42
0.444011
  0
VERTEX
  8
0
 10
320.117673
 20
352.798253
 42
0.079093
  0
SEQEND
  0
POLYLINE
  8
0
 66
1
 70
1
  0
VERTEX
  8
0
 10
193.812500
 20
349.316886
 42
0.051402
  0
VERTEX
  8
0
 10
194.359369
 20
349.160852
 42
0.054150
  0
VERTEX
  8
0
 10
194.916927
 20
349.123424
 42
0.060344
  0
VERTEX
  8
0
 10
195.402231
 20
349.202593
 42
0.126455
  0
VERTEX
  8
0
 10
195.729167
 20
349.395833
 42
0.296942
  0
VERTEX
  8
0
 10
195.775380
 20
349.614691
 42
0.208169
  0
VERTEX
  8
0
 10
195.592839
 20
349.799335
 42
0.077125
  0
VERTEX
  8
0
 10
195.112848
 20
349.910055
 42
0.028489
  0
VERTEX
  8
0
 10
194.416667
 20
349.921053
 42
0.018894
  0
VERTEX
  8
0
 10
193.670344
 20
349.862007
 42
0.168741
  0
VERTEX
  8
0
 10
193.378580
 20
349.720685
 42
0.470617
  0
VERTEX
  8
0
 10
193.395823
 20
349.538436
 42
0.054073
  0
SEQEND
  0
POLYLINE
  8
0
 66
1
 70
1
  0
VERTEX
  8
0
 10
242.812500
 20
348.316886
 42
0.051402
  0
VERTEX
  8
0
 10
243.359369
 20
348.160852
 42
0.054150
  0
VERTEX
  8
0
 10
243.916927
 20
348.123424
 42
0.060344
  0
VERTEX
  8
0
 10
244.402231
 20
348.202593
 42
0.126455
  0
VERTEX
  8
0
 10
244.729167
 20
348.395833
 42
0.296942
  0
VERTEX
  8
0
 10
244.775380
 20
348.614691
 42
0.208169
  0
VERTEX
  8
0
 10
244.592839
 20
348.799335
 42
0.077125
  0
VERTEX
  8
0
 10
244.112848
 20
348.910055
 42
0.028489
  0
VERTEX
  8
0
 10
243.416667
 20
348.921053
 42
0.018894
  0
VERTEX
  8
0
 10
242.670344
 20
348.862007
 42
0.168741
  0
VERTEX
  8
0
 10
242.378580
 20
348.720685
 42
0.470617
  0
VERTEX
  8
0
 10
242.395823
 20
348.538436
 42
0.054073
  0
SEQEND
  0
POLYLINE
  8
0
 66
1
 70
1
  0
VERTEX
  8
0
 10
369.812500
 20
318.316886
 42
0.051402
  0
VERTEX
  8
0
 10
370.359369
 20
318.160852
 42
0.054150
  0
VERTEX
  8
0
 10
370.916927
 20
318.123424
 42
0.060344
  0
VERTEX
  8
0
 10
371.402231
 20
318.202593
 42
0.126455
  0
VERTEX
  8
0
 10
371.729167
 20
318.395833
 42
0.296942
  0
VERTEX
  8
0
 10
371.775380
 20
318.614691
 42
0.208169
  0
VERTEX
  8
0
 10
371.592839
 20
318.799335
 42
0.077125
  0
VERTEX
  8
0
 10
371.112848
 20
318.910055
 42
0.028489
  0
VERTEX
  8
0
 10
370.416667
 20
318.921053
 42
0.018894
  0
VERTEX
  8
0
 10
369.670344
 20
318.862007
 42
0.168741
  0
VERTEX
  8
0
 10
369.378580
 20
318.720685
 42
0.470617
  0
VERTEX
  8
0
 10
369.395823
 20
318.538436
 42
0.054073
  0
SEQEND
  0
POLYLINE
  8
0
 66
1
 70
1
  0
VERTEX
  8
0
 10
372.500000
 20
313.000000
 42
0.079461
  0
VERTEX
  8
0
 10
372.309570
 20
312.543219
 42
0.059169
  0
VERTEX
  8
0
 10
372.245061
 20
312.000000
 42
0.059169
  0
VERTEX
  8
0
 10
372.309570
 20
311.456781
 42
0.079461
  0
VERTEX
  8
0
 10
372.500000
 20
311.000000
 42
-0.192677
  0
VERTEX
  8
0
 10
372.617635
 20
310.326371
 42
-0.384578
  0
VERTEX
  8
0
 10
372.213226
 20
310.032308
 42
-0.117023
  0
VERTEX
  8
0
 10
371.222705
 20
310.381085
 42
-0.052591
  0
VERTEX
  8
0
 10
370.140754
 20
311.250000
 42
0.009992
  0
VERTEX
  8
0
 10
369.461353
 20
311.897980
 42
0.377046
  0
VERTEX
  8
0
 10
369.265306
 20
311.902023
 42
0.309425
  0
VERTEX
  8
0
 10
369.207170
 20
311.692067
 42
0.008433
  0
VERTEX
  8
0
 10
369.547743
 20
310.750000
 42
0.111240
  0
VERTEX
  8
0
 10
370.072699
 20
309.957990
 42
0.098020
  0
VERTEX
  8
0
 10
370.909277
 20
309.423561
 42
0.069495
  0
VERTEX
  8
0
 10
372.136555
 20
309.130632
 42
0.028240
  0
VERTEX
  8
0
 10
373.856989
 20
309.063386
 42
0.003444
  0
VERTEX
  8
0
 10
376.087144
 20
309.117556
 42
0.153668
  0
VERTEX
  8
0
 10
376.520494
 20
309.268960
 42
0.570683
  0
VERTEX
  8
0
 10
376.496110
 20
309.495035
 42
0.011191
  0
VERTEX
  8
0
 10
375.185755
 20
310.054928
 42
-0.045328
  0
VERTEX
  8
0
 10
374.345094
 20
310.484089
 42
-0.072727
  0
VERTEX
  8
0
 10
373.734403
 20
311.006672
 42
-0.103478
  0
VERTEX
  8
0
 10
373.437812
 20
311.534961
 42
-0.218093
  0
VERTEX
  8
0
 10
373.494772
 20
311.991541
 42
-0.133071
  0
VERTEX
  8
0
 10
374.319940
 20
312.764335
 42
-0.168163
  0
VERTEX
  8
0
 10
375.346515
 20
312.924573
 42
-0.125509
  0
VERTEX
  8
0
 10
376.485569
 20
312.404823
 42
-0.061000
  0
VERTEX
  8
0
 10
377.607954
 20
311.250000
 42
0.007864
  0
VERTEX
  8
0
 10
378.418112
 20
310.216900
 42
0.205716
  0
VERTEX
  8
0
 10
378.723903
 20
310.056040
 42
0.409210
  0
VERTEX
  8
0
 10
378.914873
 20
310.216354
 42
0.019065
  0
VERTEX
  8
0
 10
378.968197
 20
311.143011
 42
0.224267
  0
VERTEX
  8
0
 10
378.256883
 20
312.727831
 42
0.107437
  0
VERTEX
  8
0
 10
376.246964
 20
313.809286
 42
0.106909
  0
VERTEX
  8
0
 10
373.961894
 20
313.961620
 42
0.221200
  0
SEQEND
  0
POLYLINE
  8
0
 66
1
 70
1
  0
VERTEX
  8
0
 10
35.000000
 20
198.500000
 42
0.000000
  0
VERTEX
  8
0
 10
35.000000
 20
91.000000
 42
0.000000
  0
VERTEX
  8
0
 10
60.772974
 20
91.000000
 42
0.000000
  0
VERTEX
  8
0
 10
86.545949
 20
91.000000
 42
0.000000
  0
VERTEX
  8
0
 10
86.522974
 20
95.750000
 42
0.000000
  0
VERTEX
  8
0
 10
86.500000
 20
100.500000
 42
0.000000
  0
VERTEX
  8
0
 10
66.000000
 20
101.000000
 42
0.000000
  0
VERTEX
  8
0
 10
45.500000
 20
101.500000
 42
0.000000
  0
VERTEX
  8
0
 10
45.500000
 20
176.500000
 42
0.000000
  0
VERTEX
  8
0
 10
45.500000
 20
251.500000
 42
0.000000
  0
VERTEX
  8
0
 10
110.442640
 20
251.757360
 42
-0.001041
  0
VERTEX
  8
0
 10
138.896216
 20
251.810860
 42
-0.002792
  0
VERTEX
  8
0
 10
159.153205
 20
251.693630
 42
-0.000609
  0
VERTEX
  8
0
 10
175.247430
 20
251.491010
 42
-0.195327
  0
VERTEX
  8
0
 10
176.392640
 20
251.007360
 42
0.085808
  0
VERTEX
  8
0
 10
176.941282
 20
250.620462
 42
0.036854
  0
VERTEX
  8
0
 10
177.779713
 20
250.295912
 42
0.035075
  0
VERTEX
  8
0
 10
178.745527
 20
250.074318
 42
0.038873
  0
VERTEX
  8
0
 10
179.700000
 20
250.000000
 42
0.078382
  0
VERTEX
  8
0
 10
180.966600
 20
250.199786
 42
0.209687
  0
VERTEX
  8
0
 10
181.635000
 20
250.793478
 42
0.097373
  0
VERTEX
  8
0
 10
181.936587
 20
252.042061
 42
0.010718
  0
VERTEX
  8
0
 10
182.000000
 20
255.000000
 42
0.010718
  0
VERTEX
  8
0
 10
181.936587
 20
257.957939
 42
0.097373
  0
VERTEX
  8
0
 10
181.635000
 20
259.206522
 42
0.209687
  0
VERTEX
  8
0
 10
180.966600
 20
259.800214
 42
0.078382
  0
VERTEX
  8
0
 10
179.700000
 20
260.000000
 42
0.038873
  0
VERTEX
  8
0
 10
178.745527
 20
259.925682
 42
0.035075
  0
VERTEX
  8
0
 10
177.779713
 20
259.704088
 42
0.036854
  0
VERTEX
  8
0
 10
176.941282
 20
259.379538
 42
0.085808
  0
VERTEX
  8
0
 10
176.392640
 20
258.992640
 42
-0.195327
  0
VERTEX
  8
0
 10
175.247430
 20
258.508990
 42
-0.000609
  0
VERTEX
  8
0
 10
159.153205
 20
258.306370
 42
-0.002792
  0
VERTEX
  8
0
 10
138.896216
 20
258.189140
 42
-0.001041
  0
VERTEX
  8
0
 10
110.442640
 20
258.242640
 42
0.000000
  0
VERTEX
  8
0
 10
45.500000
 20
258.500000
 42
0.000000
  0
VERTEX
  8
0
 10
45.500000
 20
282.250427
 42
0.000000
  0
VERTEX
  8
0
 10
45.500000
 20
306.000853
 42
0.000000
  0
VERTEX
  8
0
 10
40.250000
 20
306.000427
 42
0.000000
  0
VERTEX
  8
0
 10
35.000000
 20
306.000000
 42
0.000000
  0
SEQEND
  0
POLYLINE
  8
0
 66
1
 70
1
  0
VERTEX
  8
0
 10
369.000000
 20
300.265276
 42
0.241111
  0
VERTEX
  8
0
 10
369.223269
 20
299.829193
 42
0.031364
  0
VERTEX
  8
0
 10
370.135643
 20
299.255009
 42
0.030885
  0
VERTEX
  8
0
 10
371.384992
 20
298.671037
 42
0.021103
  0
VERTEX
  8
0
 10
372.866020
 20
298.158288
 42
0.011963
  0
VERTEX
  8
0
 10
376.284566
 20
297.222579
 42
0.080931
  0
VERTEX
  8
0
 10
378.027280
 20
297.079820
 42
0.753646
  0
VERTEX
  8
0
 10
378.105938
 20
297.469129
 42
0.029405
  0
VERTEX
  8
0
 10
376.000000
 20
298.408833
 42
-0.001780
  0
VERTEX
  8
0
 10
374.531664
 20
298.969026
 42
-0.001600
  0
VERTEX
  8
0
 10
373.014062
 20
299.559800
 42
-0.001603
  0
VERTEX
  8
0
 10
371.656022
 20
300.098502
 42
-0.005051
  0
VERTEX
  8
0
 10
370.750000
 20
300.471929
 42
0.044849
  0
VERTEX
  8
0
 10
370.079219
 20
300.687841
 42
0.085032
  0
VERTEX
  8
0
 10
369.514063
 20
300.717320
 42
0.138952
  0
VERTEX
  8
0
 10
369.144366
 20
300.563762
 42
0.229134
  0
SEQEND
  0
POLYLINE
  8
0
 66
1
 70
1
  0
VERTEX
  8
0
 10
96.812500
 20
297.316886
 42
0.051402
  0
VERTEX
  8
0
 10
97.359369
 20
297.160852
 42
0.054150
  0
VERTEX
  8
0
 10
97.916927
 20
297.123424
 42
0.060344
  0
VERTEX
  8
0
 10
98.402231
 20
297.202593
 42
0.126455
  0
VERTEX
  8
0
 10
98.729167
 20
297.395833
 42
0.296942
  0
VERTEX
  8
0
 10
98.775380
 20
297.614691
 42
0.208169
  0
VERTEX
  8
0
 10
98.592839
 20
297.799335
 42
0.077125
  0
VERTEX
  8
0
 10
98.112848
 20
297.910055
 42
0.028489
  0
VERTEX
  8
0
 10
97.416667
 20
297.921053
 42
0.018894
  0
VERTEX
  8
0
 10
96.670344
 20
297.862007
 42
0.168741
  0
VERTEX
  8
0
 10
96.378580
 20
297.720685
 42
0.470617
  0
VERTEX
  8
0
 10
96.395823
 20
297.538436
 42
0.054073
  0
SEQEND
  0
POLYLINE
  8
0
 66
1
 70
1
  0
VERTEX
  8
0
 10
101.000000
 20
295.460573
 42
0.015236
  0
VERTEX
  8
0
 10
101.041802
 20
294.089119
 42
0.196783
  0
VERTEX
  8
0
 10
101.259836
 20
293.637225
 42
0.346655
  0
VERTEX
  8
0
 10
101.641998
 20
293.612245
 42
0.036518
  0
VERTEX
  8
0
 10
102.389335
 20
294.210573
 42
0.047425
  0
VERTEX
  8
0
 10
102.906972
 20
294.791443
 42
0.108962
  0
VERTEX
  8
0
 10
103.142414
 20
295.324304
 42
0.160290
  0
VERTEX
  8
0
 10
103.088527
 20
295.775418
 42
0.144421
  0
VERTEX
  8
0
 10
102.776183
 20
296.128949
 42
-0.101714
  0
VERTEX
  8
0
 10
102.468348
 20
296.423321
 42
-0.229871
  0
VERTEX
  8
0
 10
102.420375
 20
296.734158
 42
-0.169282
  0
VERTEX
  8
0
 10
102.642775
 20
297.036542
 42
-0.055746
  0
VERTEX
  8
0
 10
103.136847
 20
297.300002
 42
0.023718
  0
VERTEX
  8
0
 10
103.709835
 20
297.559972
 42
0.438953
  0
VERTEX
  8
0
 10
103.757373
 20
297.731622
 42
0.232968
  0
VERTEX
  8
0
 10
103.544200
 20
297.864069
 42
0.013273
  0
VERTEX
  8
0
 10
102.750000
 20
297.921053
 42
0.099948
  0
VERTEX
  8
0
 10
101.962045
 20
297.798617
 42
0.150925
  0
VERTEX
  8
0
 10
101.414511
 20
297.379803
 42
0.112721
  0
VERTEX
  8
0
 10
101.098215
 20
296.618437
 42
0.042336
  0
SEQEND
  0
POLYLINE
  8
0
 66
1
 70
1
  0
VERTEX
  8
0
 10
106.000000
 20
297.214286
 42
0.223398
  0
VERTEX
  8
0
 10
106.141450
 20
296.913499
 42
0.076248
  0
VERTEX
  8
0
 10
106.565933
 20
296.659375
 42
0.057994
  0
VERTEX
  8
0
 10
107.188845
 20
296.486054
 42
0.038900
  0
VERTEX
  8
0
 10
107.926581
 20
296.428571
 42
0.039538
  0
VERTEX
  8
0
 10
108.631456
 20
296.484398
 42
0.085489
  0
VERTEX
  8
0
 10
109.144585
 20
296.659375
 42
0.161426
  0
VERTEX
  8
0
 10
109.385718
 20
296.917433
 42
0.251349
  0
VERTEX
  8
0
 10
109.367564
 20
297.214286
 42
0.106803
  0
VERTEX
  8
0
 10
109.077588
 20
297.515511
 42
0.051141
  0
VERTEX
  8
0
 10
108.601322
 20
297.769196
 42
0.047420
  0
VERTEX
  8
0
 10
108.028204
 20
297.941764
 42
0.049465
  0
VERTEX
  8
0
 10
107.440983
 20
298.000000
 42
0.052560
  0
VERTEX
  8
0
 10
106.889664
 20
297.941884
 42
0.072414
  0
VERTEX
  8
0
 10
106.423289
 20
297.769196
 42
0.092326
  0
VERTEX
  8
0
 10
106.110023
 20
297.514141
 42
0.177669
  0
SEQEND
  0
POLYLINE
  8
0
 66
1
 70
1
  0
VERTEX
  8
0
 10
112.812500
 20
297.316886
 42
0.051402
  0
VERTEX
  8
0
 10
113.359369
 20
297.160852
 42
0.054150
  0
VERTEX
  8
0
 10
113.916927
 20
297.123424
 42
0.060344
  0
VERTEX
  8
0
 10
114.402231
 20
297.202593
 42
0.126455
  0
VERTEX
  8
0
 10
114.729167
 20
297.395833
 42
0.296942
  0
VERTEX
  8
0
 10
114.775380
 20
297.614691
 42
0.208169
  0
VERTEX
  8
0
 10
114.592839
 20
297.799335
 42
0.077125
  0
VERTEX
  8
0
 10
114.112848
 20
297.910055
 42
0.028489
  0
VERTEX
  8
0
 10
113.416667
 20
297.921053
 42
0.018894
  0
VERTEX
  8
0
 10
112.670344
 20
297.862007
 42
0.168741
  0
VERTEX
  8
0
 10
112.378580
 20
297.720685
 42
0.470617
  0
VERTEX
  8
0
 10
112.395823
 20
297.538436
 42
0.054073
  0
SEQEND
  0
POLYLINE
  8
0
 66
1
 70
1
  0
VERTEX
  8
0
 10
117.666667
 20
297.333333
 42
0.148359
  0
VERTEX
  8
0
 10
117.130768
 20
296.330628
 42
0.062963
  0
VERTEX
  8
0
 10
117.022319
 20
294.794849
 42
0.069717
  0
VERTEX
  8
0
 10
117.289335
 20
293.439172
 42
0.319532
  0
VERTEX
  8
0
 10
117.906380
 20
293.000000
 42
0.243840
  0
VERTEX
  8
0
 10
118.210205
 20
293.157535
 42
0.106581
  0
VERTEX
  8
0
 10
118.392877
 20
293.587500
 42
0.070464
  0
VERTEX
  8
0
 10
118.424365
 20
294.233678
 42
0.040966
  0
VERTEX
  8
0
 10
118.289749
 20
295.000000
 42
-0.048325
  0
VERTEX
  8
0
 10
118.140287
 20
295.930877
 42
-0.152876
  0
VERTEX
  8
0
 10
118.289105
 20
296.536964
 42
-0.183508
  0
VERTEX
  8
0
 10
118.732603
 20
296.883759
 42
-0.075308
  0
VERTEX
  8
0
 10
119.500000
 20
297.000000
 42
-0.076059
  0
VERTEX
  8
0
 10
120.284606
 20
296.879952
 42
-0.194053
  0
VERTEX
  8
0
 10
120.721439
 20
296.521620
 42
-0.149460
  0
VERTEX
  8
0
 10
120.853454
 20
295.882638
 42
-0.040720
  0
VERTEX
  8
0
 10
120.672581
 20
294.855950
 42
0.014405
  0
VERTEX
  8
0
 10
120.441745
 20
293.856441
 42
0.163596
  0
VERTEX
  8
0
 10
120.492068
 20
293.459667
 42
0.456411
  0
VERTEX
  8
0
 10
120.715714
 20
293.399219
 42
0.048294
  0
VERTEX
  8
0
 10
121.188732
 20
293.788732
 42
0.089367
  0
VERTEX
  8
0
 10
121.555797
 20
294.317136
 42
0.062824
  0
VERTEX
  8
0
 10
121.772585
 20
295.009616
 42
0.061337
  0
VERTEX
  8
0
 10
121.813819
 20
295.753251
 42
0.074960
  0
VERTEX
  8
0
 10
121.664167
 20
296.432783
 42
0.128396
  0
VERTEX
  8
0
 10
120.974797
 20
297.394742
 42
0.118556
  0
VERTEX
  8
0
 10
119.882946
 20
297.932425
 42
0.119877
  0
VERTEX
  8
0
 10
118.675852
 20
297.911859
 42
0.133216
  0
SEQEND
  0
POLYLINE
  8
0
 66
1
 70
1
  0
VERTEX
  8
0
 10
123.507079
 20
297.011454
 42
0.114400
  0
VERTEX
  8
0
 10
123.393111
 20
296.674071
 42
0.329480
  0
VERTEX
  8
0
 10
123.512472
 20
296.474315
 42
0.155351
  0
VERTEX
  8
0
 10
123.868281
 20
296.443138
 42
0.036408
  0
VERTEX
  8
0
 10
124.448062
 20
296.618443
 42
0.029964
  0
VERTEX
  8
0
 10
125.519970
 20
297.105273
 42
0.168622
  0
VERTEX
  8
0
 10
125.942608
 20
297.558518
 42
0.444011
  0
VERTEX
  8
0
 10
125.798253
 20
297.882327
 42
0.079093
  0
VERTEX
  8
0
 10
125.059017
 20
298.000000
 42
0.088797
  0
VERTEX
  8
0
 10
124.653950
 20
297.927491
 42
0.053277
  0
VERTEX
  8
0
 10
124.214980
 20
297.709615
 42
0.051183
  0
VERTEX
  8
0
 10
123.810572
 20
297.389589
 42
0.061454
  0
SEQEND
  0
POLYLINE
  8
0
 66
1
 70
1
  0
VERTEX
  8
0
 10
129.078947
 20
296.416667
 42
0.018894
  0
VERTEX
  8
0
 10
129.137993
 20
295.670344
 42
0.168741
  0
VERTEX
  8
0
 10
129.279315
 20
295.378580
 42
0.470617
  0
VERTEX
  8
0
 10
129.461564
 20
295.395823
 42
0.054073
  0
VERTEX
  8
0
 10
129.683114
 20
295.812500
 42
0.051402
  0
VERTEX
  8
0
 10
129.839148
 20
296.359369
 42
0.054150
  0
VERTEX
  8
0
 10
129.876576
 20
296.916927
 42
0.060344
  0
VERTEX
  8
0
 10
129.797407
 20
297.402231
 42
0.126455
  0
VERTEX
  8
0
 10
129.604167
 20
297.729167
 42
0.296942
  0
VERTEX
  8
0
 10
129.385309
 20
297.775380
 42
0.208169
  0
VERTEX
  8
0
 10
129.200665
 20
297.592839
 42
0.077125
  0
VERTEX
  8
0
 10
129.089945
 20
297.112848
 42
0.028489
  0
SEQEND
  0
POLYLINE
  8
0
 66
1
 70
1
  0
VERTEX
  8
0
 10
133.194949
 20
295.500000
 42
0.012823
  0
VERTEX
  8
0
 10
133.235556
 20
294.431793
 42
0.080377
  0
VERTEX
  8
0
 10
133.356533
 20
293.900903
 42
0.597527
  0
VERTEX
  8
0
 10
133.516660
 20
293.883358
 42
0.087174
  0
VERTEX
  8
0
 10
133.692991
 20
294.269032
 42
0.037336
  0
VERTEX
  8
0
 10
133.832894
 20
295.036634
 42
0.029507
  0
VERTEX
  8
0
 10
133.872264
 20
295.880008
 42
0.030339
  0
VERTEX
  8
0
 10
133.814405
 20
296.671085
 42
0.062780
  0
VERTEX
  8
0
 10
133.655937
 20
297.269032
 42
0.313180
  0
VERTEX
  8
0
 10
133.477130
 20
297.386009
 42
0.333666
  0
VERTEX
  8
0
 10
133.315079
 20
297.257153
 42
0.052471
  0
VERTEX
  8
0
 10
133.212705
 20
296.580113
 42
0.014395
  0
SEQEND
  0
POLYLINE
  8
0
 66
1
 70
1
  0
VERTEX
  8
0
 10
97.262243
 20
295.366900
 42
-0.056360
  0
VERTEX
  8
0
 10
97.894712
 20
295.100518
 42
-0.092617
  0
VERTEX
  8
0
 10
98.339019
 20
294.729358
 42
-0.129970
  0
VERTEX
  8
0
 10
98.528869
 20
294.317207
 42
-0.183712
  0
VERTEX
  8
0
 10
98.453226
 20
293.924318
 42
0.101241
  0
VERTEX
  8
0
 10
98.323895
 20
293.571964
 42
0.177693
  0
VERTEX
  8
0
 10
98.385339
 20
293.271518
 42
0.167471
  0
VERTEX
  8
0
 10
98.631536
 20
293.070182
 42
0.088638
  0
VERTEX
  8
0
 10
99.024316
 20
293.000000
 42
0.277595
  0
VERTEX
  8
0
 10
99.730457
 20
293.424775
 42
0.262229
  0
VERTEX
  8
0
 10
99.709154
 20
294.269222
 42
0.121080
  0
VERTEX
  8
0
 10
98.746480
 20
295.244064
 42
0.113122
  0
VERTEX
  8
0
 10
97.417134
 20
295.692582
 42
0.001377
  0
VERTEX
  8
0
 10
96.264740
 20
295.805139
 42
0.315229
  0
VERTEX
  8
0
 10
96.175709
 20
295.754620
 42
0.459321
  0
VERTEX
  8
0
 10
96.208594
 20
295.680429
 42
0.001596
  0
SEQEND
  0
POLYLINE
  8
0
 66
1
 70
1
  0
VERTEX
  8
0
 10
112.000000
 20
295.606989
 42
0.222225
  0
VERTEX
  8
0
 10
112.087111
 20
295.420671
 42
0.030693
  0
VERTEX
  8
0
 10
112.440625
 20
295.160341
 42
0.030395
  0
VERTEX
  8
0
 10
112.925442
 20
294.887494
 42
0.021360
  0
VERTEX
  8
0
 10
113.500000
 20
294.638374
 42
0.055937
  0
VERTEX
  8
0
 10
114.074366
 20
294.488865
 42
0.100118
  0
VERTEX
  8
0
 10
114.559375
 20
294.516384
 42
0.147206
  0
VERTEX
  8
0
 10
114.877514
 20
294.710807
 42
0.184534
  0
VERTEX
  8
0
 10
115.000000
 20
295.031385
 42
0.152681
  0
VERTEX
  8
0
 10
114.884506
 20
295.400789
 42
0.098158
  0
VERTEX
  8
0
 10
114.559375
 20
295.715469
 42
0.080880
  0
VERTEX
  8
0
 10
114.073532
 20
295.927770
 42
0.062722
  0
VERTEX
  8
0
 10
113.500000
 20
296.000000
 42
0.024748
  0
VERTEX
  8
0
 10
112.925176
 20
295.971531
 42
0.039339
  0
VERTEX
  8
0
 10
112.440625
 20
295.884553
 42
0.046727
  0
VERTEX
  8
0
 10
112.096084
 20
295.758929
 42
0.289661
  0
SEQEND
  0
POLYLINE
  8
0
 66
1
 70
1
  0
VERTEX
  8
0
 10
378.078947
 20
292.416667
 42
0.018894
  0
VERTEX
  8
0
 10
378.137993
 20
291.670344
 42
0.168741
  0
VERTEX
  8
0
 10
378.279315
 20
291.378580
 42
0.470617
  0
VERTEX
  8
0
 10
378.461564
 20
291.395823
 42
0.054073
  0
VERTEX
  8
0
 10
378.683114
 20
291.812500
 42
0.051402
  0
VERTEX
  8
0
 10
378.839148
 20
292.359369
 42
0.054150
  0
VERTEX
  8
0
 10
378.876576
 20
292.916927
 42
0.060344
  0
VERTEX
  8
0
 10
378.797407
 20
293.402231
 42
0.126455
  0
VERTEX
  8
0
 10
378.604167
 20
293.729167
 42
0.296942
  0
VERTEX
  8
0
 10
378.385309
 20
293.775380
 42
0.208169
  0
VERTEX
  8
0
 10
378.200665
 20
293.592839
 42
0.077125
  0
VERTEX
  8
0
 10
378.089945
 20
293.112848
 42
0.028489
  0
SEQEND
  0
POLYLINE
  8
0
 66
1
 70
1
  0
VERTEX
  8
0
 10
370.000000
 20
292.059017
 42
0.089642
  0
VERTEX
  8
0
 10
370.073302
 20
291.653442
 42
0.053229
  0
VERTEX
  8
0
 10
370.293750
 20
291.212900
 42
0.051032
  0
VERTEX
  8
0
 10
370.617485
 20
290.806203
 42
0.060810
  0
VERTEX
  8
0
 10
371.000000
 20
290.500000
 42
0.076047
  0
VERTEX
  8
0
 10
371.382417
 20
290.337517
 42
0.153273
  0
VERTEX
  8
0
 10
371.706250
 20
290.355088
 42
0.186719
  0
VERTEX
  8
0
 10
371.920636
 20
290.546011
 42
0.119067
  0
VERTEX
  8
0
 10
372.000000
 20
290.874561
 42
-0.220028
  0
VERTEX
  8
0
 10
372.189835
 20
291.285064
 42
-0.057801
  0
VERTEX
  8
0
 10
372.807813
 20
291.697954
 42
-0.047523
  0
VERTEX
  8
0
 10
373.696948
 20
292.051611
 42
-0.033325
  0
VERTEX
  8
0
 10
374.750000
 20
292.283746
 42
0.005737
  0
VERTEX
  8
0
 10
376.188426
 20
292.518563
 42
0.703743
  0
VERTEX
  8
0
 10
376.210683
 20
292.647423
 42
0.117172
  0
VERTEX
  8
0
 10
375.829710
 20
292.757833
 42
0.002217
  0
VERTEX
  8
0
 10
373.750000
 20
292.850168
 42
0.023666
  0
VERTEX
  8
0
 10
372.312752
 20
292.839546
 42
0.038321
  0
VERTEX
  8
0
 10
371.101562
 20
292.679573
 42
0.045431
  0
VERTEX
  8
0
 10
370.237714
 20
292.413561
 42
0.304214
  0
SEQEND
  0
POLYLINE
  8
0
 66
1
 70
1
  0
VERTEX
  8
0
 10
100.345077
 20
287.456872
 42
0.045168
  0
VERTEX
  8
0
 10
100.164704
 20
286.820352
 42
0.050128
  0
VERTEX
  8
0
 10
100.110032
 20
286.183873
 42
0.056457
  0
VERTEX
  8
0
 10
100.179658
 20
285.639794
 42
0.137182
  0
VERTEX
  8
0
 10
100.376461
 20
285.290205
 42
0.208648
  0
VERTEX
  8
0
 10
100.610988
 20
285.198159
 42
0.243994
  0
VERTEX
  8
0
 10
100.816836
 20
285.314935
 42
0.106677
  0
VERTEX
  8
0
 10
100.957153
 20
285.683705
 42
0.037777
  0
VERTEX
  8
0
 10
101.000000
 20
286.250000
 42
-0.072204
  0
VERTEX
  8
0
 10
101.093340
 20
286.892993
 42
-0.062877
  0
VERTEX
  8
0
 10
101.367188
 20
287.516393
 42
-0.065550
  0
VERTEX
  8
0
 10
101.772005
 20
288.026936
 42
-0.096788
  0
VERTEX
  8
0
 10
102.250000
 20
288.337719
 42
0.010270
  0
VERTEX
  8
0
 10
102.891230
 20
288.611907
 42
0.309320
  0
VERTEX
  8
0
 10
102.977820
 20
288.754345
 42
0.367180
  0
VERTEX
  8
0
 10
102.873211
 20
288.864951
 42
0.011982
  0
VERTEX
  8
0
 10
102.218615
 20
288.921053
 42
0.110280
  0
VERTEX
  8
0
 10
101.684501
 20
288.835877
 42
0.071509
  0
VERTEX
  8
0
 10
101.139692
 20
288.523515
 42
0.066477
  0
VERTEX
  8
0
 10
100.667271
 20
288.040853
 42
0.068987
  0
SEQEND
  0
POLYLINE
  8
0
 66
1
 70
1
  0
VERTEX
  8
0
 10
116.428571
 20
285.833333
 42
0.012834
  0
VERTEX
  8
0
 10
116.446615
 20
285.130462
 42
0.021123
  0
VERTEX
  8
0
 10
116.502165
 20
284.538542
 42
0.016521
  0
VERTEX
  8
0
 10
116.580216
 20
284.080696
 42
0.356244
  0
VERTEX
  8
0
 10
116.679102
 20
284.000000
 42
0.239573
  0
VERTEX
  8
0
 10
116.815794
 20
284.069483
 42
0.009665
  0
VERTEX
  8
0
 10
117.144258
 20
284.538542
 42
0.015117
  0
VERTEX
  8
0
 10
117.516650
 20
285.130750
 42
0.009928
  0
VERTEX
  8
0
 10
117.910803
 20
285.833333
 42
0.027809
  0
VERTEX
  8
0
 10
118.314791
 20
286.700912
 42
0.129720
  0
VERTEX
  8
0
 10
118.381446
 20
287.243702
 42
0.250270
  0
VERTEX
  8
0
 10
118.158770
 20
287.551509
 42
0.114004
  0
VERTEX
  8
0
 10
117.660272
 20
287.666667
 42
0.147121
  0
VERTEX
  8
0
 10
117.190563
 20
287.525401
 42
0.099055
  0
VERTEX
  8
0
 10
116.790384
 20
287.128125
 42
0.082795
  0
VERTEX
  8
0
 10
116.520610
 20
286.534202
 42
0.065380
  0
SEQEND
  0
POLYLINE
  8
0
 66
1
 70
1
  0
VERTEX
  8
0
 10
121.710251
 20
286.000000
 42
0.016817
  0
VERTEX
  8
0
 10
121.938458
 20
285.233613
 42
0.025621
  0
VERTEX
  8
0
 10
122.192243
 20
284.587500
 42
0.023188
  0
VERTEX
  8
0
 10
122.439563
 20
284.102864
 42
0.269386
  0
VERTEX
  8
0
 10
122.616631
 20
284.000000
 42
0.326917
  0
VERTEX
  8
0
 10
122.766282
 20
284.109555
 42
0.029396
  0
VERTEX
  8
0
 10
122.887385
 20
284.587500
 42
0.029316
  0
VERTEX
  8
0
 10
122.972329
 20
285.233356
 42
0.018041
  0
VERTEX
  8
0
 10
123.000000
 20
286.000000
 42
0.043375
  0
VERTEX
  8
0
 10
122.933456
 20
286.765641
 42
0.063112
  0
VERTEX
  8
0
 10
122.733751
 20
287.412500
 42
0.082769
  0
VERTEX
  8
0
 10
122.440102
 20
287.850443
 42
0.206609
  0
VERTEX
  8
0
 10
122.093620
 20
288.000000
 42
0.243840
  0
VERTEX
  8
0
 10
121.789795
 20
287.842465
 42
0.106581
  0
VERTEX
  8
0
 10
121.607123
 20
287.412500
 42
0.070464
  0
VERTEX
  8
0
 10
121.575635
 20
286.766322
 42
0.040966
  0
SEQEND
  0
POLYLINE
  8
0
 66
1
 70
1
  0
VERTEX
  8
0
 10
11.812500
 20
262.316886
 42
0.051402
  0
VERTEX
  8
0
 10
12.359369
 20
262.160852
 42
0.054150
  0
VERTEX
  8
0
 10
12.916927
 20
262.123424
 42
0.060344
  0
VERTEX
  8
0
 10
13.402231
 20
262.202593
 42
0.126455
  0
VERTEX
  8
0
 10
13.729167
 20
262.395833
 42
0.296942
  0
VERTEX
  8
0
 10
13.775380
 20
262.614691
 42
0.208169
  0
VERTEX
  8
0
 10
13.592839
 20
262.799335
 42
0.077125
  0
VERTEX
  8
0
 10
13.112848
 20
262.910055
 42
0.028489
  0
VERTEX
  8
0
 10
12.416667
 20
262.921053
 42
0.018894
  0
VERTEX
  8
0
 10
11.670344
 20
262.862007
 42
0.168741
  0
VERTEX
  8
0
 10
11.378580
 20
262.720685
 42
0.470617
  0
VERTEX
  8
0
 10
11.395823
 20
262.538436
 42
0.054073
  0
SEQEND
  0
POLYLINE
  8
0
 66
1
 70
1
  0
VERTEX
  8
0
 10
11.259963
 20
258.010216
 42
0.118002
  0
VERTEX
  8
0
 10
11.899618
 20
256.149000
 42
0.182707
  0
VERTEX
  8
0
 10
13.243761
 20
255.141061
 42
0.290457
  0
VERTEX
  8
0
 10
14.459442
 20
255.495068
 42
0.182506
  0
VERTEX
  8
0
 10
15.000000
 20
256.926676
 42
-0.067373
  0
VERTEX
  8
0
 10
15.126689
 20
257.862616
 42
-0.132428
  0
VERTEX
  8
0
 10
15.505222
 20
258.505115
 42
-0.130331
  0
VERTEX
  8
0
 10
16.160300
 20
258.876596
 42
-0.064253
  0
VERTEX
  8
0
 10
17.116631
 20
259.000000
 42
-0.047969
  0
VERTEX
  8
0
 10
18.118867
 20
258.903627
 42
-0.172073
  0
VERTEX
  8
0
 10
18.664488
 20
258.582076
 42
-0.184185
  0
VERTEX
  8
0
 10
18.864180
 20
258.005035
 42
-0.056222
  0
VERTEX
  8
0
 10
18.729816
 20
257.074818
 42
0.034793
  0
VERTEX
  8
0
 10
18.567481
 20
256.213178
 42
0.169116
  0
VERTEX
  8
0
 10
18.673598
 20
255.735044
 42
0.269508
  0
VERTEX
  8
0
 10
19.009552
 20
255.555493
 42
0.082871
  0
VERTEX
  8
0
 10
19.594871
 20
255.674779
 42
0.090318
  0
VERTEX
  8
0
 10
20.179855
 20
256.030668
 42
0.176836
  0
VERTEX
  8
0
 10
20.435031
 20
256.504451
 42
0.124129
  0
VERTEX
  8
0
 10
20.367329
 20
257.159379
 42
0.035364
  0
VERTEX
  8
0
 10
19.946502
 20
258.099961
 42
0.131869
  0
VERTEX
  8
0
 10
18.635493
 20
259.497053
 42
0.154816
  0
VERTEX
  8
0
 10
16.881718
 20
259.940674
 42
0.155123
  0
VERTEX
  8
0
 10
15.195501
 20
259.292020
 42
0.132478
  0
VERTEX
  8
0
 10
14.065628
 20
257.750000
 42
0.000000
  0
VERTEX
  8
0
 10
13.195703
 20
255.500000
 42
0.000000
  0
VERTEX
  8
0
 10
12.107814
 20
258.000000
 42
0.000000
  0
VERTEX
  8
0
 10
11.019926
 20
260.500000
 42
0.000000
  0
SEQEND
  0
POLYLINE
  8
0
 66
1
 70
1
  0
VERTEX
  8
0
 10
267.500000
 20
259.000000
 42
0.082592
  0
VERTEX
  8
0
 10
267.343488
 20
258.617900
 42
0.161196
  0
VERTEX
  8
0
 10
267.374600
 20
258.293750
 42
0.182303
  0
VERTEX
  8
0
 10
267.586039
 20
258.078288
 42
0.108972
  0
VERTEX
  8
0
 10
267.940983
 20
258.000000
 42
0.093332
  0
VERTEX
  8
0
 10
268.345238
 20
258.076123
 42
0.096420
  0
VERTEX
  8
0
 10
268.688914
 20
258.293750
 42
0.099167
  0
VERTEX
  8
0
 10
268.918938
 20
258.618444
 42
0.105053
  0
VERTEX
  8
0
 10
269.000000
 20
259.000000
 42
0.042167
  0
VERTEX
  8
0
 10
268.967655
 20
259.382849
 42
0.061769
  0
VERTEX
  8
0
 10
268.870461
 20
259.706250
 42
0.081139
  0
VERTEX
  8
0
 10
268.727648
 20
259.925540
 42
0.210953
  0
VERTEX
  8
0
 10
268.559017
 20
260.000000
 42
0.151918
  0
VERTEX
  8
0
 10
268.348290
 20
259.934461
 42
0.038439
  0
VERTEX
  8
0
 10
268.066025
 20
259.706250
 42
0.035638
  0
VERTEX
  8
0
 10
267.768994
 20
259.382774
 42
0.029505
  0
SEQEND
  0
POLYLINE
  8
0
 66
1
 70
1
  0
VERTEX
  8
0
 10
261.000000
 20
257.214286
 42
0.229337
  0
VERTEX
  8
0
 10
261.145709
 20
256.913319
 42
0.073811
  0
VERTEX
  8
0
 10
261.587500
 20
256.659375
 42
0.056229
  0
VERTEX
  8
0
 10
262.234084
 20
256.485989
 42
0.037431
  0
VERTEX
  8
0
 10
263.000000
 20
256.428571
 42
0.037431
  0
VERTEX
  8
0
 10
263.765916
 20
256.485989
 42
0.056229
  0
VERTEX
  8
0
 10
264.412500
 20
256.659375
 42
0.073811
  0
VERTEX
  8
0
 10
264.854291
 20
256.913319
 42
0.229337
  0
VERTEX
  8
0
 10
265.000000
 20
257.214286
 42
0.229337
  0
VERTEX
  8
0
 10
264.854291
 20
257.515252
 42
0.073811
  0
VERTEX
  8
0
 10
264.412500
 20
257.769196
 42
0.056229
  0
VERTEX
  8
0
 10
263.765916
 20
257.942582
 42
0.037431
  0
VERTEX
  8
0
 10
263.000000
 20
258.000000
 42
0.037431
  0
VERTEX
  8
0
 10
262.234084
 20
257.942582
 42
0.056229
  0
VERTEX
  8
0
 10
261.587500
 20
257.769196
 42
0.073811
  0
VERTEX
  8
0
 10
261.145709
 20
257.515252
 42
0.229337
  0
SEQEND
  0
POLYLINE
  8
0
 66
1
 70
1
  0
VERTEX
  8
0
 10
266.557637
 20
256.093259
 42
0.236417
  0
VERTEX
  8
0
 10
266.531490
 20
255.801120
 42
0.238295
  0
VERTEX
  8
0
 10
266.749762
 20
255.606613
 42
0.095442
  0
VERTEX
  8
0
 10
267.266748
 20
255.570513
 42
0.033809
  0
VERTEX
  8
0
 10
267.998620
 20
255.709890
 42
0.020231
  0
VERTEX
  8
0
 10
269.475053
 20
256.160521
 42
0.209047
  0
VERTEX
  8
0
 10
269.930595
 20
256.583925
 42
0.493596
  0
VERTEX
  8
0
 10
269.747863
 20
256.912738
 42
0.036651
  0
VERTEX
  8
0
 10
268.559017
 20
257.000000
 42
0.056553
  0
VERTEX
  8
0
 10
267.966253
 20
256.932740
 42
0.049897
  0
VERTEX
  8
0
 10
267.376706
 20
256.733645
 42
0.052741
  0
VERTEX
  8
0
 10
266.877374
 20
256.440555
 42
0.095554
  0
SEQEND
  0
POLYLINE
  8
0
 66
1
 70
1
  0
VERTEX
  8
0
 10
11.335833
 20
251.432783
 42
0.074960
  0
VERTEX
  8
0
 10
11.186181
 20
250.753251
 42
0.061337
  0
VERTEX
  8
0
 10
11.227415
 20
250.009616
 42
0.062824
  0
VERTEX
  8
0
 10
11.444203
 20
249.317136
 42
0.089367
  0
VERTEX
  8
0
 10
11.811268
 20
248.788732
 42
0.048294
  0
VERTEX
  8
0
 10
12.284286
 20
248.399219
 42
0.456411
  0
VERTEX
  8
0
 10
12.507932
 20
248.459667
 42
0.163596
  0
VERTEX
  8
0
 10
12.558255
 20
248.856441
 42
0.014405
  0
VERTEX
  8
0
 10
12.327419
 20
249.855950
 42
-0.140831
  0
VERTEX
  8
0
 10
12.363336
 20
251.349430
 42
-0.319885
  0
VERTEX
  8
0
 10
13.217614
 20
251.995803
 42
-0.161467
  0
VERTEX
  8
0
 10
14.758807
 20
251.533142
 42
-0.055914
  0
VERTEX
  8
0
 10
16.522019
 20
249.975669
 42
0.032747
  0
VERTEX
  8
0
 10
17.296371
 20
249.225164
 42
0.041179
  0
VERTEX
  8
0
 10
18.107947
 20
248.643346
 42
0.046212
  0
VERTEX
  8
0
 10
18.842022
 20
248.291182
 42
0.170807
  0
VERTEX
  8
0
 10
19.348333
 20
248.282778
 42
0.234541
  0
VERTEX
  8
0
 10
20.098242
 20
249.028358
 42
0.056354
  0
VERTEX
  8
0
 10
20.483456
 20
250.792789
 42
0.062491
  0
VERTEX
  8
0
 10
20.445751
 20
252.471343
 42
0.371706
  0
VERTEX
  8
0
 10
19.832881
 20
253.000000
 42
0.174902
  0
VERTEX
  8
0
 10
19.515060
 20
252.885317
 42
0.093099
  0
VERTEX
  8
0
 10
19.244659
 20
252.559375
 42
0.073334
  0
VERTEX
  8
0
 10
19.061655
 20
252.073862
 42
0.053565
  0
VERTEX
  8
0
 10
19.000000
 20
251.500000
 42
-0.057609
  0
VERTEX
  8
0
 10
18.933678
 20
250.926285
 42
-0.076852
  0
VERTEX
  8
0
 10
18.737678
 20
250.440625
 42
-0.095748
  0
VERTEX
  8
0
 10
18.447641
 20
250.115158
 42
-0.164455
  0
VERTEX
  8
0
 10
18.106989
 20
250.000000
 42
-0.138750
  0
VERTEX
  8
0
 10
17.723081
 20
250.108626
 42
-0.061199
  0
VERTEX
  8
0
 10
17.307216
 20
250.440625
 42
-0.053891
  0
VERTEX
  8
0
 10
16.924763
 20
250.926204
 42
-0.048303
  0
VERTEX
  8
0
 10
16.638374
 20
251.500000
 42
0.187873
  0
VERTEX
  8
0
 10
15.661133
 20
252.574943
 42
0.119116
  0
VERTEX
  8
0
 10
13.989885
 20
252.956464
 42
0.117925
  0
VERTEX
  8
0
 10
12.316041
 20
252.533619
 42
0.182533
  0
SEQEND
  0
POLYLINE
  8
0
 66
1
 70
1
  0
VERTEX
  8
0
 10
275.458881
 20
249.933469
 42
0.049364
  0
VERTEX
  8
0
 10
275.242038
 20
249.490157
 42
0.059701
  0
VERTEX
  8
0
 10
275.133355
 20
249.040231
 42
0.070517
  0
VERTEX
  8
0
 10
275.142323
 20
248.651151
 42
0.156651
  0
VERTEX
  8
0
 10
275.276326
 20
248.390341
 42
0.281567
  0
VERTEX
  8
0
 10
275.505460
 20
248.335123
 42
0.118528
  0
VERTEX
  8
0
 10
275.786868
 20
248.507038
 42
0.069269
  0
VERTEX
  8
0
 10
276.083816
 20
248.899181
 42
0.035865
  0
VERTEX
  8
0
 10
276.345077
 20
249.456872
 42
0.029555
  0
VERTEX
  8
0
 10
276.696703
 20
250.564815
 42
0.344086
  0
VERTEX
  8
0
 10
276.525317
 20
250.954259
 42
0.361950
  0
VERTEX
  8
0
 10
276.120758
 20
250.871774
 42
0.030391
  0
SEQEND
  0
POLYLINE
  8
0
 66
1
 70
1
  0
VERTEX
  8
0
 10
285.157895
 20
248.000000
 42
0.017491
  0
VERTEX
  8
0
 10
285.189089
 20
247.108560
 42
0.078554
  0
VERTEX
  8
0
 10
285.306058
 20
246.601562
 42
0.447206
  0
VERTEX
  8
0
 10
285.474999
 20
246.540618
 42
0.174857
  0
VERTEX
  8
0
 10
285.662281
 20
246.750000
 42
0.057986
  0
VERTEX
  8
0
 10
285.818615
 20
247.320008
 42
0.037979
  0
VERTEX
  8
0
 10
285.870340
 20
248.000000
 42
0.037979
  0
VERTEX
  8
0
 10
285.818615
 20
248.679992
 42
0.057986
  0
VERTEX
  8
0
 10
285.662281
 20
249.250000
 42
0.174857
  0
VERTEX
  8
0
 10
285.474999
 20
249.459382
 42
0.447206
  0
VERTEX
  8
0
 10
285.306058
 20
249.398438
 42
0.078554
  0
VERTEX
  8
0
 10
285.189089
 20
248.891440
 42
0.017491
  0
SEQEND
  0
POLYLINE
  8
0
 66
1
 70
1
  0
VERTEX
  8
0
 10
271.000000
 20
248.000000
 42
0.099038
  0
VERTEX
  8
0
 10
271.076342
 20
247.618362
 42
0.097945
  0
VERTEX
  8
0
 10
271.293750
 20
247.293750
 42
0.097945
  0
VERTEX
  8
0
 10
271.618362
 20
247.076342
 42
0.099038
  0
VERTEX
  8
0
 10
272.000000
 20
247.000000
 42
0.099038
  0
VERTEX
  8
0
 10
272.381638
 20
247.076342
 42
0.097945
  0
VERTEX
  8
0
 10
272.706250
 20
247.293750
 42
0.097945
  0
VERTEX
  8
0
 10
272.923658
 20
247.618362
 42
0.099038
  0
VERTEX
  8
0
 10
273.000000
 20
248.000000
 42
0.099038
  0
VERTEX
  8
0
 10
272.923658
 20
248.381638
 42
0.097945
  0
VERTEX
  8
0
 10
272.706250
 20
248.706250
 42
0.097945
  0
VERTEX
  8
0
 10
272.381638
 20
248.923658
 42
0.099038
  0
VERTEX
  8
0
 10
272.000000
 20
249.000000
 42
0.099038
  0
VERTEX
  8
0
 10
271.618362
 20
248.923658
 42
0.097945
  0
VERTEX
  8
0
 10
271.293750
 20
248.706250
 42
0.097945
  0
VERTEX
  8
0
 10
271.076342
 20
248.381638
 42
0.099038
  0
SEQEND
  0
POLYLINE
  8
0
 66
1
 70
1
  0
VERTEX
  8
0
 10
95.666667
 20
240.333333
 42
0.147571
  0
VERTEX
  8
0
 10
95.153914
 20
239.377483
 42
0.056509
  0
VERTEX
  8
0
 10
95.022271
 20
237.858431
 42
0.056832
  0
VERTEX
  8
0
 10
95.228996
 20
236.391425
 42
0.193275
  0
VERTEX
  8
0
 10
95.791135
 20
235.629086
 42
0.375963
  0
VERTEX
  8
0
 10
96.088635
 20
235.678824
 42
0.097052
  0
VERTEX
  8
0
 10
96.338430
 20
236.144434
 42
0.052655
  0
VERTEX
  8
0
 10
96.502306
 20
236.979845
 42
0.025451
  0
VERTEX
  8
0
 10
96.543314
 20
238.070069
 42
0.002734
  0
VERTEX
  8
0
 10
96.522231
 20
239.193540
 42
0.004556
  0
VERTEX
  8
0
 10
96.490683
 20
240.139333
 42
0.000835
  0
VERTEX
  8
0
 10
96.454171
 20
240.966257
 42
0.400863
  0
VERTEX
  8
0
 10
96.418846
 20
241.000000
 42
0.178697
  0
VERTEX
  8
0
 10
96.364575
 20
240.979964
 42
0.004470
  0
VERTEX
  8
0
 10
96.162619
 20
240.804167
 42
0.009063
  0
VERTEX
  8
0
 10
95.928344
 20
240.588818
 42
0.005986
  0
SEQEND
  0
POLYLINE
  8
0
 66
1
 70
1
  0
VERTEX
  8
0
 10
101.345077
 20
239.456872
 42
0.045168
  0
VERTEX
  8
0
 10
101.164704
 20
238.820352
 42
0.050128
  0
VERTEX
  8
0
 10
101.110032
 20
238.183873
 42
0.056457
  0
VERTEX
  8
0
 10
101.179658
 20
237.639794
 42
0.137182
  0
VERTEX
  8
0
 10
101.376461
 20
237.290205
 42
0.208648
  0
VERTEX
  8
0
 10
101.610988
 20
237.198159
 42
0.243994
  0
VERTEX
  8
0
 10
101.816836
 20
237.314935
 42
0.106677
  0
VERTEX
  8
0
 10
101.957153
 20
237.683705
 42
0.037777
  0
VERTEX
  8
0
 10
102.000000
 20
238.250000
 42
-0.072204
  0
VERTEX
  8
0
 10
102.093340
 20
238.892993
 42
-0.062877
  0
VERTEX
  8
0
 10
102.367188
 20
239.516393
 42
-0.065550
  0
VERTEX
  8
0
 10
102.772005
 20
240.026936
 42
-0.096788
  0
VERTEX
  8
0
 10
103.250000
 20
240.337719
 42
0.010270
  0
VERTEX
  8
0
 10
103.891230
 20
240.611907
 42
0.309320
  0
VERTEX
  8
0
 10
103.977820
 20
240.754345
 42
0.367180
  0
VERTEX
  8
0
 10
103.873211
 20
240.864951
 42
0.011982
  0
VERTEX
  8
0
 10
103.218615
 20
240.921053
 42
0.110280
  0
VERTEX
  8
0
 10
102.684501
 20
240.835877
 42
0.071509
  0
VERTEX
  8
0
 10
102.139692
 20
240.523515
 42
0.066477
  0
VERTEX
  8
0
 10
101.667271
 20
240.040853
 42
0.068987
  0
SEQEND
  0
POLYLINE
  8
0
 66
1
 70
1
  0
VERTEX
  8
0
 10
98.078947
 20
238.416667
 42
0.018894
  0
VERTEX
  8
0
 10
98.137993
 20
237.670344
 42
0.168741
  0
VERTEX
  8
0
 10
98.279315
 20
237.378580
 42
0.470617
  0
VERTEX
  8
0
 10
98.461564
 20
237.395823
 42
0.054073
  0
VERTEX
  8
0
 10
98.683114
 20
237.812500
 42
0.051402
  0
VERTEX
  8
0
 10
98.839148
 20
238.359369
 42
0.054150
  0
VERTEX
  8
0
 10
98.876576
 20
238.916927
 42
0.060344
  0
VERTEX
  8
0
 10
98.797407
 20
239.402231
 42
0.126455
  0
VERTEX
  8
0
 10
98.604167
 20
239.729167
 42
0.296942
  0
VERTEX
  8
0
 10
98.385309
 20
239.775380
 42
0.208169
  0
VERTEX
  8
0
 10
98.200665
 20
239.592839
 42
0.077125
  0
VERTEX
  8
0
 10
98.089945
 20
239.112848
 42
0.028489
  0
SEQEND
  0
POLYLINE
  8
0
 66
1
 70
1
  0
VERTEX
  8
0
 10
111.157895
 20
238.000000
 42
0.017491
  0
VERTEX
  8
0
 10
111.189089
 20
237.108560
 42
0.078554
  0
VERTEX
  8
0
 10
111.306058
 20
236.601562
 42
0.447206
  0
VERTEX
  8
0
 10
111.474999
 20
236.540618
 42
0.174857
  0
VERTEX
  8
0
 10
111.662281
 20
236.750000
 42
0.057986
  0
VERTEX
  8
0
 10
111.818615
 20
237.320008
 42
0.037979
  0
VERTEX
  8
0
 10
111.870340
 20
238.000000
 42
0.037979
  0
VERTEX
  8
0
 10
111.818615
 20
238.679992
 42
0.057986
  0
VERTEX
  8
0
 10
111.662281
 20
239.250000
 42
0.174857
  0
VERTEX
  8
0
 10
111.474999
 20
239.459382
 42
0.447206
  0
VERTEX
  8
0
 10
111.306058
 20
239.398438
 42
0.078554
  0
VERTEX
  8
0
 10
111.189089
 20
238.891440
 42
0.017491
  0
SEQEND
  0
POLYLINE
  8
0
 66
1
 70
1
  0
VERTEX
  8
0
 10
113.564293
 20
238.293128
 42
0.008399
  0
VERTEX
  8
0
 10
113.218210
 20
237.336218
 42
0.286372
  0
VERTEX
  8
0
 10
113.270328
 20
237.111181
 42
0.400052
  0
VERTEX
  8
0
 10
113.463552
 20
237.106486
 42
0.011214
  0
VERTEX
  8
0
 10
114.124088
 20
237.733333
 42
0.043285
  0
VERTEX
  8
0
 10
114.558688
 20
238.246577
 42
0.063152
  0
VERTEX
  8
0
 10
114.837219
 20
238.768815
 42
0.082976
  0
VERTEX
  8
0
 10
114.927901
 20
239.220211
 42
0.207420
  0
VERTEX
  8
0
 10
114.806872
 20
239.526461
 42
0.278911
  0
VERTEX
  8
0
 10
114.538684
 20
239.592490
 42
0.120343
  0
VERTEX
  8
0
 10
114.210949
 20
239.395085
 42
0.070189
  0
VERTEX
  8
0
 10
113.866277
 20
238.940734
 42
0.036269
  0
SEQEND
  0
POLYLINE
  8
0
 66
1
 70
1
  0
VERTEX
  8
0
 10
116.458881
 20
238.933469
 42
0.049364
  0
VERTEX
  8
0
 10
116.242038
 20
238.490157
 42
0.059701
  0
VERTEX
  8
0
 10
116.133355
 20
238.040231
 42
0.070517
  0
VERTEX
  8
0
 10
116.142323
 20
237.651151
 42
0.156651
  0
VERTEX
  8
0
 10
116.276326
 20
237.390341
 42
0.281567
  0
VERTEX
  8
0
 10
116.505460
 20
237.335123
 42
0.118528
  0
VERTEX
  8
0
 10
116.786868
 20
237.507038
 42
0.069269
  0
VERTEX
  8
0
 10
117.083816
 20
237.899181
 42
0.035865
  0
VERTEX
  8
0
 10
117.345077
 20
238.456872
 42
0.029555
  0
VERTEX
  8
0
 10
117.696703
 20
239.564815
 42
0.344086
  0
VERTEX
  8
0
 10
117.525317
 20
239.954259
 42
0.361950
  0
VERTEX
  8
0
 10
117.120758
 20
239.871774
 42
0.030391
  0
SEQEND
  0
POLYLINE
  8
0
 66
1
 70
1
  0
VERTEX
  8
0
 10
120.924314
 20
237.368555
 42
0.001399
  0
VERTEX
  8
0
 10
119.302230
 20
235.597965
 42
0.148001
  0
VERTEX
  8
0
 10
119.162663
 20
235.305302
 42
0.632083
  0
VERTEX
  8
0
 10
119.279040
 20
235.226610
 42
0.003673
  0
VERTEX
  8
0
 10
120.730690
 20
236.097043
 42
0.028353
  0
VERTEX
  8
0
 10
121.620370
 20
236.711172
 42
0.027067
  0
VERTEX
  8
0
 10
122.449443
 20
237.431002
 42
0.028116
  0
VERTEX
  8
0
 10
123.110054
 20
238.146588
 42
0.080887
  0
VERTEX
  8
0
 10
123.449305
 20
238.728488
 42
0.051557
  0
VERTEX
  8
0
 10
123.706440
 20
239.682080
 42
0.621806
  0
VERTEX
  8
0
 10
123.470414
 20
239.850068
 42
0.077909
  0
VERTEX
  8
0
 10
122.732037
 20
239.289281
 42
0.005324
  0
SEQEND
  0
POLYLINE
  8
0
 66
1
 70
1
  0
VERTEX
  8
0
 10
128.015313
 20
237.750000
 42
0.011293
  0
VERTEX
  8
0
 10
128.050422
 20
236.555791
 42
0.220444
  0
VERTEX
  8
0
 10
128.218347
 20
236.237851
 42
0.409657
  0
VERTEX
  8
0
 10
128.479509
 20
236.271114
 42
0.023197
  0
VERTEX
  8
0
 10
129.000000
 20
237.000000
 42
0.031558
  0
VERTEX
  8
0
 10
129.729028
 20
238.301377
 42
0.112355
  0
VERTEX
  8
0
 10
129.939692
 20
239.227035
 42
0.234725
  0
VERTEX
  8
0
 10
129.667076
 20
239.775753
 42
0.163584
  0
VERTEX
  8
0
 10
129.000000
 20
240.000000
 42
0.210568
  0
VERTEX
  8
0
 10
128.618823
 20
239.832025
 42
0.082215
  0
VERTEX
  8
0
 10
128.298248
 20
239.339063
 42
0.062416
  0
VERTEX
  8
0
 10
128.082804
 20
238.611405
 42
0.042523
  0
SEQEND
  0
POLYLINE
  8
0
 66
1
 70
1
  0
VERTEX
  8
0
 10
132.000000
 20
239.000000
 42
0.099038
  0
VERTEX
  8
0
 10
132.076342
 20
238.618362
 42
0.097945
  0
VERTEX
  8
0
 10
132.293750
 20
238.293750
 42
0.097945
  0
VERTEX
  8
0
 10
132.618362
 20
238.076342
 42
0.099038
  0
VERTEX
  8
0
 10
133.000000
 20
238.000000
 42
0.099038
  0
VERTEX
  8
0
 10
133.381638
 20
238.076342
 42
0.097945
  0
VERTEX
  8
0
 10
133.706250
 20
238.293750
 42
0.097945
  0
VERTEX
  8
0
 10
133.923658
 20
238.618362
 42
0.099038
  0
VERTEX
  8
0
 10
134.000000
 20
239.000000
 42
0.099038
  0
VERTEX
  8
0
 10
133.923658
 20
239.381638
 42
0.097945
  0
VERTEX
  8
0
 10
133.706250
 20
239.706250
 42
0.097945
  0
VERTEX
  8
0
 10
133.381638
 20
239.923658
 42
0.099038
  0
VERTEX
  8
0
 10
133.000000
 20
240.000000
 42
0.099038
  0
VERTEX
  8
0
 10
132.618362
 20
239.923658
 42
0.097945
  0
VERTEX
  8
0
 10
132.293750
 20
239.706250
 42
0.097945
  0
VERTEX
  8
0
 10
132.076342
 20
239.381638
 42
0.099038
  0
SEQEND
  0
POLYLINE
  8
0
 66
1
 70
1
  0
VERTEX
  8
0
 10
137.500000
 20
236.000000
 42
0.082592
  0
VERTEX
  8
0
 10
137.343488
 20
235.617900
 42
0.161196
  0
VERTEX
  8
0
 10
137.374600
 20
235.293750
 42
0.182303
  0
VERTEX
  8
0
 10
137.586039
 20
235.078288
 42
0.108972
  0
VERTEX
  8
0
 10
137.940983
 20
235.000000
 42
0.093332
  0
VERTEX
  8
0
 10
138.345238
 20
235.076123
 42
0.096420
  0
VERTEX
  8
0
 10
138.688914
 20
235.293750
 42
0.099167
  0
VERTEX
  8
0
 10
138.918938
 20
235.618444
 42
0.105053
  0
VERTEX
  8
0
 10
139.000000
 20
236.000000
 42
0.042167
  0
VERTEX
  8
0
 10
138.967655
 20
236.382849
 42
0.061769
  0
VERTEX
  8
0
 10
138.870461
 20
236.706250
 42
0.081139
  0
VERTEX
  8
0
 10
138.727648
 20
236.925540
 42
0.210953
  0
VERTEX
  8
0
 10
138.559017
 20
237.000000
 42
0.151918
  0
VERTEX
  8
0
 10
138.348290
 20
236.934461
 42
0.038439
  0
VERTEX
  8
0
 10
138.066025
 20
236.706250
 42
0.035638
  0
VERTEX
  8
0
 10
137.768994
 20
236.382774
 42
0.029505
  0
SEQEND
  0
POLYLINE
  8
0
 66
1
 70
1
  0
VERTEX
  8
0
 10
100.380002
 20
229.547887
 42
0.099351
  0
VERTEX
  8
0
 10
100.163442
 20
228.273730
 42
0.120022
  0
VERTEX
  8
0
 10
100.484623
 20
227.106866
 42
0.136729
  0
VERTEX
  8
0
 10
101.261180
 20
226.320736
 42
0.147543
  0
VERTEX
  8
0
 10
102.309017
 20
226.078947
 42
0.020128
  0
VERTEX
  8
0
 10
102.846721
 20
226.136398
 42
0.400844
  0
VERTEX
  8
0
 10
102.939531
 20
226.255579
 42
0.263902
  0
VERTEX
  8
0
 10
102.830327
 20
226.409563
 42
0.013592
  0
VERTEX
  8
0
 10
102.250000
 20
226.662281
 42
-0.082980
  0
VERTEX
  8
0
 10
101.772113
 20
226.954689
 42
-0.064791
  0
VERTEX
  8
0
 10
101.367188
 20
227.410170
 42
-0.064977
  0
VERTEX
  8
0
 10
101.093338
 20
227.952585
 42
-0.084643
  0
VERTEX
  8
0
 10
101.000000
 20
228.500000
 42
-0.084643
  0
VERTEX
  8
0
 10
101.093338
 20
229.047415
 42
-0.064977
  0
VERTEX
  8
0
 10
101.367188
 20
229.589830
 42
-0.064791
  0
VERTEX
  8
0
 10
101.772113
 20
230.045311
 42
-0.082980
  0
VERTEX
  8
0
 10
102.250000
 20
230.337719
 42
0.010270
  0
VERTEX
  8
0
 10
102.891230
 20
230.611907
 42
0.309320
  0
VERTEX
  8
0
 10
102.977820
 20
230.754345
 42
0.367180
  0
VERTEX
  8
0
 10
102.873211
 20
230.864951
 42
0.011982
  0
VERTEX
  8
0
 10
102.218615
 20
230.921053
 42
0.104521
  0
VERTEX
  8
0
 10
101.687107
 20
230.842488
 42
0.071733
  0
VERTEX
  8
0
 10
101.149951
 20
230.550251
 42
0.067806
  0
VERTEX
  8
0
 10
100.688937
 20
230.097018
 42
0.073154
  0
SEQEND
  0
POLYLINE
  8
0
 66
1
 70
1
  0
VERTEX
  8
0
 10
116.428571
 20
229.166667
 42
0.065380
  0
VERTEX
  8
0
 10
116.520610
 20
228.465798
 42
0.082795
  0
VERTEX
  8
0
 10
116.790384
 20
227.871875
 42
0.099055
  0
VERTEX
  8
0
 10
117.190563
 20
227.474599
 42
0.147121
  0
VERTEX
  8
0
 10
117.660272
 20
227.333333
 42
0.114004
  0
VERTEX
  8
0
 10
118.158770
 20
227.448491
 42
0.250270
  0
VERTEX
  8
0
 10
118.381446
 20
227.756298
 42
0.129720
  0
VERTEX
  8
0
 10
118.314791
 20
228.299088
 42
0.027809
  0
VERTEX
  8
0
 10
117.910803
 20
229.166667
 42
0.009928
  0
VERTEX
  8
0
 10
117.516650
 20
229.869250
 42
0.015117
  0
VERTEX
  8
0
 10
117.144258
 20
230.461458
 42
0.009665
  0
VERTEX
  8
0
 10
116.815794
 20
230.930517
 42
0.239573
  0
VERTEX
  8
0
 10
116.679102
 20
231.000000
 42
0.356244
  0
VERTEX
  8
0
 10
116.580216
 20
230.919304
 42
0.016521
  0
VERTEX
  8
0
 10
116.502165
 20
230.461458
 42
0.021123
  0
VERTEX
  8
0
 10
116.446615
 20
229.869538
 42
0.012834
  0
SEQEND
  0
POLYLINE
  8
0
 66
1
 70
1
  0
VERTEX
  8
0
 10
122.157895
 20
229.000000
 42
0.017491
  0
VERTEX
  8
0
 10
122.189089
 20
228.108560
 42
0.078554
  0
VERTEX
  8
0
 10
122.306058
 20
227.601562
 42
0.447206
  0
VERTEX
  8
0
 10
122.474999
 20
227.540618
 42
0.174857
  0
VERTEX
  8
0
 10
122.662281
 20
227.750000
 42
0.057986
  0
VERTEX
  8
0
 10
122.818615
 20
228.320008
 42
0.037979
  0
VERTEX
  8
0
 10
122.870340
 20
229.000000
 42
0.037979
  0
VERTEX
  8
0
 10
122.818615
 20
229.679992
 42
0.057986
  0
VERTEX
  8
0
 10
122.662281
 20
230.250000
 42
0.174857
  0
VERTEX
  8
0
 10
122.474999
 20
230.459382
 42
0.447206
  0
VERTEX
  8
0
 10
122.306058
 20
230.398438
 42
0.078554
  0
VERTEX
  8
0
 10
122.189089
 20
229.891440
 42
0.017491
  0
SEQEND
  0
POLYLINE
  8
0
 66
1
 70
1
  0
VERTEX
  8
0
 10
110.000000
 20
227.000000
 42
0.027275
  0
VERTEX
  8
0
 10
109.445888
 20
226.597454
 42
0.147021
  0
VERTEX
  8
0
 10
109.239151
 20
226.292684
 42
0.379910
  0
VERTEX
  8
0
 10
109.327599
 20
226.095709
 42
0.102799
  0
VERTEX
  8
0
 10
109.690983
 20
226.015313
 42
0.074131
  0
VERTEX
  8
0
 10
110.192374
 20
226.083483
 42
0.053889
  0
VERTEX
  8
0
 10
110.713662
 20
226.298248
 42
0.054031
  0
VERTEX
  8
0
 10
111.175433
 20
226.618541
 42
0.075854
  0
VERTEX
  8
0
 10
111.500000
 20
227.000000
 42
0.034464
  0
VERTEX
  8
0
 10
111.886554
 20
227.734105
 42
0.541951
  0
VERTEX
  8
0
 10
111.758161
 20
227.931144
 42
0.136158
  0
VERTEX
  8
0
 10
111.281145
 20
227.798791
 42
0.008108
  0
SEQEND
  0
POLYLINE
  8
0
 66
1
 70
1
  0
VERTEX
  8
0
 10
353.774771
 20
205.981660
 42
0.000000
  0
VERTEX
  8
0
 10
353.500000
 20
189.963319
 42
0.000000
  0
VERTEX
  8
0
 10
298.100725
 20
189.964268
 42
-0.000875
  0
VERTEX
  8
0
 10
276.822517
 20
190.001855
 42
-0.001438
  0
VERTEX
  8
0
 10
258.823003
 20
190.116922
 42
-0.000118
  0
VERTEX
  8
0
 10
242.689668
 20
190.270287
 42
-0.196382
  0
VERTEX
  8
0
 10
242.184058
 20
190.482609
 42
0.109601
  0
VERTEX
  8
0
 10
241.318184
 20
191.034032
 42
0.303320
  0
VERTEX
  8
0
 10
240.650027
 20
190.870338
 42
0.201502
  0
VERTEX
  8
0
 10
240.355431
 20
190.047633
 42
0.065262
  0
VERTEX
  8
0
 10
240.597144
 20
188.750000
 42
-0.038563
  0
VERTEX
  8
0
 10
240.865280
 20
187.641896
 42
-0.016605
  0
VERTEX
  8
0
 10
241.058153
 20
186.132812
 42
-0.016315
  0
VERTEX
  8
0
 10
241.158048
 20
184.504868
 42
-0.020749
  0
VERTEX
  8
0
 10
241.138733
 20
183.000000
 42
0.000000
  0
VERTEX
  8
0
 10
240.948403
 20
179.500000
 42
0.000000
  0
VERTEX
  8
0
 10
306.224202
 20
179.626040
 42
-0.001113
  0
VERTEX
  8
0
 10
333.860705
 20
179.617861
 42
-0.002546
  0
VERTEX
  8
0
 10
354.700262
 20
179.459185
 42
-0.000695
  0
VERTEX
  8
0
 10
371.609029
 20
179.220820
 42
-0.116866
  0
VERTEX
  8
0
 10
373.377174
 20
178.772795
 42
0.041755
  0
VERTEX
  8
0
 10
374.279380
 20
178.394132
 42
0.102652
  0
VERTEX
  8
0
 10
374.990506
 20
178.316074
 42
0.133964
  0
VERTEX
  8
0
 10
375.555945
 20
178.529941
 42
0.097628
  0
VERTEX
  8
0
 10
376.015371
 20
179.024870
 42
-0.611115
  0
VERTEX
  8
0
 10
377.447844
 20
178.910196
 42
-0.079777
  0
VERTEX
  8
0
 10
378.381998
 20
175.001476
 42
-0.016567
  0
VERTEX
  8
0
 10
378.829473
 20
164.415274
 42
-0.001798
  0
VERTEX
  8
0
 10
378.964340
 20
139.975160
 42
-0.001062
  0
VERTEX
  8
0
 10
378.959940
 20
118.092652
 42
-0.008303
  0
VERTEX
  8
0
 10
378.767109
 20
107.908156
 42
-0.008951
  0
VERTEX
  8
0
 10
378.440511
 20
101.802461
 42
-0.393469
  0
VERTEX
  8
0
 10
377.578657
 20
101.000000
 42
-0.063809
  0
VERTEX
  8
0
 10
376.971880
 20
101.077752
 42
-0.051687
  0
VERTEX
  8
0
 10
376.356729
 20
101.308014
 42
-0.053400
  0
VERTEX
  8
0
 10
375.825415
 20
101.647186
 42
-0.085803
  0
VERTEX
  8
0
 10
375.469989
 20
102.048558
 42
0.093142
  0
VERTEX
  8
0
 10
375.102057
 20
102.452060
 42
0.161664
  0
VERTEX
  8
0
 10
374.676663
 20
102.595478
 42
0.127029
  0
VERTEX
  8
0
 10
374.173634
 20
102.468059
 42
0.048020
  0
VERTEX
  8
0
 10
373.569089
 20
102.057338
 42
-0.170330
  0
VERTEX
  8
0
 10
372.194191
 20
101.547183
 42
-0.000759
  0
VERTEX
  8
0
 10
356.376817
 20
101.288323
 42
-0.002891
  0
VERTEX
  8
0
 10
336.081501
 20
101.104334
 42
-0.001012
  0
VERTEX
  8
0
 10
306.908116
 20
101.067585
 42
0.000089
  0
VERTEX
  8
0
 10
281.498633
 20
101.082495
 42
0.000133
  0
VERTEX
  8
0
 10
259.318322
 20
101.085641
 42
0.000053
  0
VERTEX
  8
0
 10
240.278159
 20
101.081238
 42
0.003011
  0
VERTEX
  8
0
 10
236.750000
 20
101.058805
 42
0.000000
  0
VERTEX
  8
0
 10
232.000000
 20
101.000000
 42
0.000000
  0
VERTEX
  8
0
 10
232.000000
 20
96.000000
 42
0.000000
  0
VERTEX
  8
0
 10
232.000000
 20
91.000000
 42
0.000000
  0
VERTEX
  8
0
 10
308.500000
 20
91.000000
 42
0.000000
  0
VERTEX
  8
0
 10
385.000000
 20
91.000000
 42
0.000000
  0
VERTEX
  8
0
 10
385.000000
 20
106.500000
 42
0.004810
  0
VERTEX
  8
0
 10
384.937334
 20
113.014150
 42
0.011297
  0
VERTEX
  8
0
 10
384.733871
 20
117.875000
 42
0.006216
  0
VERTEX
  8
0
 10
384.447730
 20
121.590564
 42
0.388296
  0
VERTEX
  8
0
 10
384.000000
 20
122.000000
 42
-0.393821
  0
VERTEX
  8
0
 10
383.544206
 20
122.424902
 42
-0.004385
  0
VERTEX
  8
0
 10
383.263158
 20
127.000000
 42
-0.009325
  0
VERTEX
  8
0
 10
383.061625
 20
132.936696
 42
-0.003821
  0
VERTEX
  8
0
 10
383.000000
 20
141.000000
 42
-0.003821
  0
VERTEX
  8
0
 10
383.061625
 20
149.063304
 42
-0.009325
  0
VERTEX
  8
0
 10
383.263158
 20
155.000000
 42
-0.004385
  0
VERTEX
  8
0
 10
383.544206
 20
159.575098
 42
-0.393821
  0
VERTEX
  8
0
 10
384.000000
 20
160.000000
 42
0.387409
  0
VERTEX
  8
0
 10
384.446511
 20
160.407058
 42
0.006522
  0
VERTEX
  8
0
 10
384.733403
 20
164.015715
 42
0.011603
  0
VERTEX
  8
0
 10
384.937170
 20
168.742152
 42
0.004970
  0
VERTEX
  8
0
 10
385.000000
 20
175.062858
 42
0.002431
  0
VERTEX
  8
0
 10
384.955986
 20
184.116311
 42
0.027049
  0
VERTEX
  8
0
 10
384.725733
 20
187.719887
 42
0.094260
  0
VERTEX
  8
0
 10
384.205270
 20
189.368140
 42
0.320335
  0
VERTEX
  8
0
 10
383.250000
 20
189.837817
 42
-0.035552
  0
VERTEX
  8
0
 10
382.506591
 20
189.769245
 42
-0.030382
  0
VERTEX
  8
0
 10
381.720313
 20
189.800587
 42
-0.031529
  0
VERTEX
  8
0
 10
381.006944
 20
189.918363
 42
-0.072116
  0
VERTEX
  8
0
 10
380.500000
 20
190.115363
 42
0.124317
  0
VERTEX
  8
0
 10
379.795893
 20
190.308155
 42
0.008755
  0
VERTEX
  8
0
 10
377.737500
 20
190.313067
 42
0.011951
  0
VERTEX
  8
0
 10
375.254185
 20
190.216108
 42
0.008707
  0
VERTEX
  8
0
 10
372.500000
 20
189.994366
 42
-0.010204
  0
VERTEX
  8
0
 10
369.760070
 20
189.782028
 42
-0.014555
  0
VERTEX
  8
0
 10
367.321136
 20
189.714140
 42
-0.010432
  0
VERTEX
  8
0
 10
365.315854
 20
189.758550
 42
-0.169868
  0
VERTEX
  8
0
 10
364.699613
 20
190.004348
 42
-0.205933
  0
VERTEX
  8
0
 10
364.384382
 20
190.659341
 42
-0.002948
  0
VERTEX
  8
0
 10
364.222579
 20
195.093695
 42
-0.007583
  0
VERTEX
  8
0
 10
364.142304
 20
200.302572
 42
-0.004859
  0
VERTEX
  8
0
 10
364.199613
 20
206.351826
 42
0.000000
  0
VERTEX
  8
0
 10
364.500000
 20
222.002879
 42
0.000000
  0
VERTEX
  8
0
 10
359.274771
 20
222.001439
 42
0.000000
  0
VERTEX
  8
0
 10
354.049543
 20
222.000000
 42
0.000000
  0
SEQEND
  0
POLYLINE
  8
0
 66
1
 70
1
  0
VERTEX
  8
0
 10
382.000000
 20
141.000000
 42
-0.004140
  0
VERTEX
  8
0
 10
381.935130
 20
133.166109
 42
-0.008669
  0
VERTEX
  8
0
 10
381.728577
 20
127.075285
 42
-0.004077
  0
VERTEX
  8
0
 10
381.440531
 20
122.230961
 42
-0.241983
  0
VERTEX
  8
0
 10
381.000000
 20
121.500000
 42
-0.562564
  0
VERTEX
  8
0
 10
380.533683
 20
121.737637
 42
-0.005845
  0
VERTEX
  8
0
 10
380.254747
 20
126.164408
 42
-0.009482
  0
VERTEX
  8
0
 10
380.058217
 20
132.251860
 42
-0.003327
  0
VERTEX
  8
0
 10
380.000000
 20
141.000000
 42
-0.003327
  0
VERTEX
  8
0
 10
380.058217
 20
149.748140
 42
-0.009482
  0
VERTEX
  8
0
 10
380.254747
 20
155.835592
 42
-0.005845
  0
VERTEX
  8
0
 10
380.533683
 20
160.262363
 42
-0.562564
  0
VERTEX
  8
0
 10
381.000000
 20
160.500000
 42
-0.241983
  0
VERTEX
  8
0
 10
381.440531
 20
159.769039
 42
-0.004077
  0
VERTEX
  8
0
 10
381.728577
 20
154.924715
 42
-0.008669
  0
VERTEX
  8
0
 10
381.935130
 20
148.833891
 42
-0.004140
  0
SEQEND
  0
POLYLINE
  8
0
 66
1
 70
1
  0
VERTEX
  8
0
 10
176.758539
 20
156.250000
 42
0.000000
  0
VERTEX
  8
0
 10
176.500000
 20
101.500000
 42
0.000000
  0
VERTEX
  8
0
 10
160.750000
 20
101.224607
 42
0.000000
  0
VERTEX
  8
0
 10
145.000000
 20
100.949214
 42
0.000000
  0
VERTEX
  8
0
 10
145.000000
 20
97.989942
 42
0.000000
  0
VERTEX
  8
0
 10
145.000000
 20
95.030671
 42
0.000000
  0
VERTEX
  8
0
 10
116.250000
 20
94.749384
 42
0.000000
  0
VERTEX
  8
0
 10
87.500000
 20
94.468098
 42
0.000000
  0
VERTEX
  8
0
 10
116.250000
 20
94.234049
 42
-0.001469
  0
VERTEX
  8
0
 10
132.418025
 20
94.054926
 42
-0.011557
  0
VERTEX
  8
0
 10
139.919325
 20
93.776282
 42
-0.016830
  0
VERTEX
  8
0
 10
144.234546
 20
93.369894
 42
-0.377328
  0
VERTEX
  8
0
 10
145.000000
 20
92.500000
 42
0.348517
  0
VERTEX
  8
0
 10
145.650866
 20
91.679654
 42
0.036536
  0
VERTEX
  8
0
 10
148.244169
 20
91.270874
 42
0.018349
  0
VERTEX
  8
0
 10
152.991309
 20
91.049452
 42
0.002479
  0
VERTEX
  8
0
 10
162.965017
 20
91.000000
 42
0.000000
  0
VERTEX
  8
0
 10
180.930034
 20
91.000000
 42
0.000000
  0
VERTEX
  8
0
 10
181.254119
 20
80.750000
 42
0.000000
  0
VERTEX
  8
0
 10
181.578205
 20
70.500000
 42
0.000000
  0
VERTEX
  8
0
 10
181.789103
 20
80.750000
 42
-0.003473
  0
VERTEX
  8
0
 10
181.969209
 20
87.293445
 42
-0.050337
  0
VERTEX
  8
0
 10
182.280948
 20
89.587670
 42
-0.185345
  0
VERTEX
  8
0
 10
182.980463
 20
90.605399
 42
-0.151742
  0
VERTEX
  8
0
 10
184.250000
 20
90.999378
 42
0.075672
  0
VERTEX
  8
0
 10
185.491051
 20
91.187935
 42
0.228298
  0
VERTEX
  8
0
 10
186.100227
 20
91.756281
 42
0.100644
  0
VERTEX
  8
0
 10
186.306458
 20
92.953795
 42
0.009787
  0
VERTEX
  8
0
 10
186.159761
 20
95.906345
 42
0.016966
  0
VERTEX
  8
0
 10
185.902377
 20
98.392794
 42
0.064403
  0
VERTEX
  8
0
 10
185.493036
 20
99.896961
 42
0.110490
  0
VERTEX
  8
0
 10
184.854422
 20
100.802132
 42
0.120709
  0
VERTEX
  8
0
 10
183.909761
 20
101.313347
 42
-0.302851
  0
VERTEX
  8
0
 10
182.722318
 20
102.648590
 42
-0.023633
  0
VERTEX
  8
0
 10
182.264119
 20
107.643453
 42
-0.010350
  0
VERTEX
  8
0
 10
182.038448
 20
117.235691
 42
-0.000706
  0
VERTEX
  8
0
 10
182.000000
 20
144.472122
 42
-0.001757
  0
VERTEX
  8
0
 10
182.063367
 20
162.501405
 42
-0.003871
  0
VERTEX
  8
0
 10
182.266856
 20
176.276902
 42
-0.001538
  0
VERTEX
  8
0
 10
182.548981
 20
187.299680
 42
-0.116202
  0
VERTEX
  8
0
 10
183.002704
 20
189.005053
 42
0.037319
  0
VERTEX
  8
0
 10
183.384834
 20
189.868170
 42
0.085757
  0
VERTEX
  8
0
 10
183.505409
 20
190.566002
 42
0.122593
  0
VERTEX
  8
0
 10
183.371313
 20
191.104695
 42
0.133099
  0
VERTEX
  8
0
 10
183.002704
 20
191.498329
 42
-0.223141
  0
VERTEX
  8
0
 10
182.602358
 20
192.111881
 42
-0.009927
  0
VERTEX
  8
0
 10
182.292962
 20
194.695362
 42
-0.015034
  0
VERTEX
  8
0
 10
182.072180
 20
197.877436
 42
-0.009802
  0
VERTEX
  8
0
 10
182.000000
 20
201.559017
 42
0.003450
  0
VERTEX
  8
0
 10
181.956890
 20
207.807322
 42
0.061130
  0
VERTEX
  8
0
 10
181.684025
 20
209.802666
 42
0.222222
  0
VERTEX
  8
0
 10
180.953385
 20
210.678340
 42
0.109967
  0
VERTEX
  8
0
 10
179.508539
 20
211.000000
 42
0.000000
  0
VERTEX
  8
0
 10
177.017078
 20
211.000000
 42
0.000000
  0
SEQEND
  0
POLYLINE
  8
0
 66
1
 70
1
  0
VERTEX
  8
0
 10
202.250000
 20
197.137712
 42
0.008583
  0
VERTEX
  8
0
 10
200.488772
 20
194.656915
 42
0.130691
  0
VERTEX
  8
0
 10
200.140241
 20
193.672558
 42
0.373463
  0
VERTEX
  8
0
 10
200.520998
 20
193.155201
 42
0.055430
  0
VERTEX
  8
0
 10
201.916667
 20
193.000000
 42
-0.058366
  0
VERTEX
  8
0
 10
202.679360
 20
192.910664
 42
-0.061220
  0
VERTEX
  8
0
 10
203.387758
 20
192.647665
 42
-0.068286
  0
VERTEX
  8
0
 10
203.938349
 20
192.259448
 42
-0.125287
  0
VERTEX
  8
0
 10
204.233146
 20
191.800562
 42
0.453776
  0
VERTEX
  8
0
 10
204.709026
 20
191.601007
 42
0.243533
  0
VERTEX
  8
0
 10
205.137445
 20
192.178687
 42
0.047014
  0
VERTEX
  8
0
 10
205.284212
 20
194.386099
 42
0.033791
  0
VERTEX
  8
0
 10
205.049388
 20
196.847219
 42
0.000000
  0
VERTEX
  8
0
 10
204.500000
 20
200.194439
 42
0.000000
  0
SEQEND
  0
POLYLINE
  8
0
 66
1
 70
1
  0
VERTEX
  8
0
 10
203.183333
 20
194.783333
 42
-0.034019
  0
VERTEX
  8
0
 10
202.693024
 20
194.355562
 42
-0.131573
  0
VERTEX
  8
0
 10
202.322581
 20
194.204271
 42
-0.290264
  0
VERTEX
  8
0
 10
202.093678
 20
194.311730
 42
-0.142677
  0
VERTEX
  8
0
 10
202.000000
 20
194.633333
 42
-0.054831
  0
VERTEX
  8
0
 10
202.048893
 20
195.077840
 42
-0.038674
  0
VERTEX
  8
0
 10
202.195833
 20
195.558958
 42
-0.039129
  0
VERTEX
  8
0
 10
202.411277
 20
196.002755
 42
-0.063896
  0
VERTEX
  8
0
 10
202.666667
 20
196.333333
 42
-0.075941
  0
VERTEX
  8
0
 10
202.960280
 20
196.549128
 42
-0.089268
  0
VERTEX
  8
0
 10
203.289271
 20
196.652396
 42
-0.100736
  0
VERTEX
  8
0
 10
203.601612
 20
196.629018
 42
-0.128169
  0
VERTEX
  8
0
 10
203.850000
 20
196.483333
 42
-0.212536
  0
VERTEX
  8
0
 10
203.959631
 20
196.197768
 42
-0.080535
  0
VERTEX
  8
0
 10
203.867292
 20
195.770833
 42
-0.061283
  0
VERTEX
  8
0
 10
203.598500
 20
195.274266
 42
-0.041736
  0
SEQEND
  0
POLYLINE
  8
0
 66
1
 70
1
  0
VERTEX
  8
0
 10
207.078947
 20
198.416667
 42
0.018894
  0
VERTEX
  8
0
 10
207.137993
 20
197.670344
 42
0.168741
  0
VERTEX
  8
0
 10
207.279315
 20
197.378580
 42
0.470617
  0
VERTEX
  8
0
 10
207.461564
 20
197.395823
 42
0.054073
  0
VERTEX
  8
0
 10
207.683114
 20
197.812500
 42
0.051402
  0
VERTEX
  8
0
 10
207.839148
 20
198.359369
 42
0.054150
  0
VERTEX
  8
0
 10
207.876576
 20
198.916927
 42
0.060344
  0
VERTEX
  8
0
 10
207.797407
 20
199.402231
 42
0.126455
  0
VERTEX
  8
0
 10
207.604167
 20
199.729167
 42
0.296942
  0
VERTEX
  8
0
 10
207.385309
 20
199.775380
 42
0.208169
  0
VERTEX
  8
0
 10
207.200665
 20
199.592839
 42
0.077125
  0
VERTEX
  8
0
 10
207.089945
 20
199.112848
 42
0.028489
  0
SEQEND
  0
POLYLINE
  8
0
 66
1
 70
1
  0
VERTEX
  8
0
 10
214.394042
 20
198.584473
 42
0.058637
  0
VERTEX
  8
0
 10
214.206621
 20
197.848226
 42
0.020187
  0
VERTEX
  8
0
 10
214.105758
 20
196.752130
 42
0.019741
  0
VERTEX
  8
0
 10
214.091117
 20
195.523517
 42
0.021616
  0
VERTEX
  8
0
 10
214.175426
 20
194.334473
 42
0.120940
  0
VERTEX
  8
0
 10
214.960405
 20
192.215143
 42
0.228395
  0
VERTEX
  8
0
 10
216.501461
 20
191.319905
 42
0.276426
  0
VERTEX
  8
0
 10
217.923134
 20
192.028160
 42
0.143274
  0
VERTEX
  8
0
 10
218.500000
 20
194.000000
 42
0.041923
  0
VERTEX
  8
0
 10
218.402740
 20
195.157942
 42
0.121892
  0
VERTEX
  8
0
 10
218.084804
 20
195.889085
 42
0.160796
  0
VERTEX
  8
0
 10
217.526019
 20
196.270686
 42
0.090714
  0
VERTEX
  8
0
 10
216.700980
 20
196.352941
 42
-0.062105
  0
VERTEX
  8
0
 10
216.042217
 20
196.380947
 42
-0.114572
  0
VERTEX
  8
0
 10
215.549876
 20
196.586029
 42
-0.162060
  0
VERTEX
  8
0
 10
215.301119
 20
196.929630
 42
-0.162918
  0
VERTEX
  8
0
 10
215.308609
 20
197.352941
 42
-0.117971
  0
VERTEX
  8
0
 10
215.586376
 20
197.781050
 42
-0.075228
  0
VERTEX
  8
0
 10
216.075090
 20
198.122780
 42
-0.068648
  0
VERTEX
  8
0
 10
216.692750
 20
198.329499
 42
-0.067529
  0
VERTEX
  8
0
 10
217.346867
 20
198.362905
 42
0.050879
  0
VERTEX
  8
0
 10
217.934007
 20
198.373382
 42
0.122107
  0
VERTEX
  8
0
 10
218.338141
 20
198.526665
 42
0.210645
  0
VERTEX
  8
0
 10
218.499034
 20
198.789064
 42
0.173819
  0
VERTEX
  8
0
 10
218.430221
 20
199.112905
 42
0.168108
  0
VERTEX
  8
0
 10
217.565956
 20
199.817713
 42
0.120885
  0
VERTEX
  8
0
 10
216.318229
 20
199.956047
 42
0.117290
  0
VERTEX
  8
0
 10
215.119057
 20
199.499607
 42
0.152971
  0
SEQEND
  0
POLYLINE
  8
0
 66
1
 70
1
  0
VERTEX
  8
0
 10
218.000000
 20
193.440983
 42
-0.131397
  0
VERTEX
  8
0
 10
217.748994
 20
192.502330
 42
-0.221941
  0
VERTEX
  8
0
 10
217.094833
 20
192.043762
 42
-0.194118
  0
VERTEX
  8
0
 10
216.247001
 20
192.223468
 42
-0.106623
  0
VERTEX
  8
0
 10
215.500000
 20
193.000000
 42
-0.144545
  0
VERTEX
  8
0
 10
215.228407
 20
193.994978
 42
-0.137775
  0
VERTEX
  8
0
 10
215.532901
 20
194.999006
 42
-0.173073
  0
VERTEX
  8
0
 10
216.249279
 20
195.554719
 42
-0.221150
  0
VERTEX
  8
0
 10
217.069098
 20
195.457295
 42
-0.093559
  0
VERTEX
  8
0
 10
217.425599
 20
195.131679
 42
-0.052935
  0
VERTEX
  8
0
 10
217.726548
 20
194.627680
 42
-0.050295
  0
VERTEX
  8
0
 10
217.930946
 20
194.034855
 42
-0.057944
  0
SEQEND
  0
POLYLINE
  8
0
 66
1
 70
1
  0
VERTEX
  8
0
 10
221.078947
 20
198.416667
 42
0.018894
  0
VERTEX
  8
0
 10
221.137993
 20
197.670344
 42
0.168741
  0
VERTEX
  8
0
 10
221.279315
 20
197.378580
 42
0.470617
  0
VERTEX
  8
0
 10
221.461564
 20
197.395823
 42
0.054073
  0
VERTEX
  8
0
 10
221.683114
 20
197.812500
 42
0.051402
  0
VERTEX
  8
0
 10
221.839148
 20
198.359369
 42
0.054150
  0
VERTEX
  8
0
 10
221.876576
 20
198.916927
 42
0.060344
  0
VERTEX
  8
0
 10
221.797407
 20
199.402231
 42
0.126455
  0
VERTEX
  8
0
 10
221.604167
 20
199.729167
 42
0.296942
  0
VERTEX
  8
0
 10
221.385309
 20
199.775380
 42
0.208169
  0
VERTEX
  8
0
 10
221.200665
 20
199.592839
 42
0.077125
  0
VERTEX
  8
0
 10
221.089945
 20
199.112848
 42
0.028489
  0
SEQEND
  0
POLYLINE
  8
0
 66
1
 70
1
  0
VERTEX
  8
0
 10
223.078947
 20
198.416667
 42
0.018894
  0
VERTEX
  8
0
 10
223.137993
 20
197.670344
 42
0.168741
  0
VERTEX
  8
0
 10
223.279315
 20
197.378580
 42
0.470617
  0
VERTEX
  8
0
 10
223.461564
 20
197.395823
 42
0.054073
  0
VERTEX
  8
0
 10
223.683114
 20
197.812500
 42
0.051402
  0
VERTEX
  8
0
 10
223.839148
 20
198.359369
 42
0.054150
  0
VERTEX
  8
0
 10
223.876576
 20
198.916927
 42
0.060344
  0
VERTEX
  8
0
 10
223.797407
 20
199.402231
 42
0.126455
  0
VERTEX
  8
0
 10
223.604167
 20
199.729167
 42
0.296942
  0
VERTEX
  8
0
 10
223.385309
 20
199.775380
 42
0.208169
  0
VERTEX
  8
0
 10
223.200665
 20
199.592839
 42
0.077125
  0
VERTEX
  8
0
 10
223.089945
 20
199.112848
 42
0.028489
  0
SEQEND
  0
POLYLINE
  8
0
 66
1
 70
1
  0
VERTEX
  8
0
 10
69.666667
 20
178.333333
 42
0.148395
  0
VERTEX
  8
0
 10
69.135529
 20
177.339366
 42
0.061115
  0
VERTEX
  8
0
 10
69.021403
 20
175.800748
 42
0.067216
  0
VERTEX
  8
0
 10
69.272877
 20
174.436392
 42
0.324272
  0
VERTEX
  8
0
 10
69.875000
 20
174.000000
 42
0.247457
  0
VERTEX
  8
0
 10
70.210883
 20
174.177076
 42
0.066043
  0
VERTEX
  8
0
 10
70.492969
 20
174.734375
 42
0.050979
  0
VERTEX
  8
0
 10
70.686256
 20
175.542375
 42
0.033246
  0
VERTEX
  8
0
 10
70.750000
 20
176.500000
 42
0.005829
  0
VERTEX
  8
0
 10
70.728948
 20
178.305845
 42
0.128295
  0
VERTEX
  8
0
 10
70.585253
 20
178.808371
 42
0.441138
  0
VERTEX
  8
0
 10
70.295972
 20
178.868872
 42
0.040184
  0
SEQEND
  0
POLYLINE
  8
0
 66
1
 70
1
  0
VERTEX
  8
0
 10
280.000000
 20
177.000000
 42
0.099038
  0
VERTEX
  8
0
 10
280.076342
 20
176.618362
 42
0.097945
  0
VERTEX
  8
0
 10
280.293750
 20
176.293750
 42
0.097945
  0
VERTEX
  8
0
 10
280.618362
 20
176.076342
 42
0.099038
  0
VERTEX
  8
0
 10
281.000000
 20
176.000000
 42
0.099038
  0
VERTEX
  8
0
 10
281.381638
 20
176.076342
 42
0.097945
  0
VERTEX
  8
0
 10
281.706250
 20
176.293750
 42
0.097945
  0
VERTEX
  8
0
 10
281.923658
 20
176.618362
 42
0.099038
  0
VERTEX
  8
0
 10
282.000000
 20
177.000000
 42
0.099038
  0
VERTEX
  8
0
 10
281.923658
 20
177.381638
 42
0.097945
  0
VERTEX
  8
0
 10
281.706250
 20
177.706250
 42
0.097945
  0
VERTEX
  8
0
 10
281.381638
 20
177.923658
 42
0.099038
  0
VERTEX
  8
0
 10
281.000000
 20
178.000000
 42
0.099038
  0
VERTEX
  8
0
 10
280.618362
 20
177.923658
 42
0.097945
  0
VERTEX
  8
0
 10
280.293750
 20
177.706250
 42
0.097945
  0
VERTEX
  8
0
 10
280.076342
 20
177.381638
 42
0.099038
  0
SEQEND
  0
POLYLINE
  8
0
 66
1
 70
1
  0
VERTEX
  8
0
 10
283.078947
 20
176.750000
 42
-0.054847
  0
VERTEX
  8
0
 10
282.974579
 20
176.080596
 42
-0.072185
  0
VERTEX
  8
0
 10
282.729441
 20
175.514062
 42
-0.089519
  0
VERTEX
  8
0
 10
282.387763
 20
175.133074
 42
-0.166817
  0
VERTEX
  8
0
 10
282.000000
 20
175.000000
 42
0.243813
  0
VERTEX
  8
0
 10
281.619322
 20
174.802639
 42
0.069628
  0
VERTEX
  8
0
 10
281.305248
 20
174.192187
 42
0.053072
  0
VERTEX
  8
0
 10
281.097039
 20
173.303343
 42
0.034585
  0
VERTEX
  8
0
 10
281.039142
 20
172.250000
 42
0.005204
  0
VERTEX
  8
0
 10
281.084271
 20
170.418897
 42
0.530883
  0
VERTEX
  8
0
 10
281.266807
 20
170.304545
 42
0.186301
  0
VERTEX
  8
0
 10
281.529948
 20
170.567384
 42
0.002048
  0
VERTEX
  8
0
 10
282.564278
 20
172.924591
 42
0.020628
  0
VERTEX
  8
0
 10
283.100441
 20
174.314564
 42
0.024959
  0
VERTEX
  8
0
 10
283.482694
 20
175.659110
 42
0.024793
  0
VERTEX
  8
0
 10
283.687409
 20
176.800256
 42
0.131047
  0
VERTEX
  8
0
 10
283.604084
 20
177.424591
 42
0.103072
  0
VERTEX
  8
0
 10
283.428690
 20
177.681677
 42
0.445375
  0
VERTEX
  8
0
 10
283.265772
 20
177.670036
 42
0.130841
  0
VERTEX
  8
0
 10
283.136349
 20
177.364992
 42
0.023997
  0
SEQEND
  0
POLYLINE
  8
0
 66
1
 70
1
  0
VERTEX
  8
0
 10
286.078947
 20
176.416667
 42
0.018894
  0
VERTEX
  8
0
 10
286.137993
 20
175.670344
 42
0.168741
  0
VERTEX
  8
0
 10
286.279315
 20
175.378580
 42
0.470617
  0
VERTEX
  8
0
 10
286.461564
 20
175.395823
 42
0.054073
  0
VERTEX
  8
0
 10
286.683114
 20
175.812500
 42
0.051402
  0
VERTEX
  8
0
 10
286.839148
 20
176.359369
 42
0.054150
  0
VERTEX
  8
0
 10
286.876576
 20
176.916927
 42
0.060344
  0
VERTEX
  8
0
 10
286.797407
 20
177.402231
 42
0.126455
  0
VERTEX
  8
0
 10
286.604167
 20
177.729167
 42
0.296942
  0
VERTEX
  8
0
 10
286.385309
 20
177.775380
 42
0.208169
  0
VERTEX
  8
0
 10
286.200665
 20
177.592839
 42
0.077125
  0
VERTEX
  8
0
 10
286.089945
 20
177.112848
 42
0.028489
  0
SEQEND
  0
POLYLINE
  8
0
 66
1
 70
1
  0
VERTEX
  8
0
 10
293.528939
 20
176.386082
 42
0.065605
  0
VERTEX
  8
0
 10
292.439123
 20
174.965448
 42
0.134096
  0
VERTEX
  8
0
 10
292.085137
 20
173.617188
 42
0.112349
  0
VERTEX
  8
0
 10
292.442727
 20
172.114400
 42
0.038430
  0
VERTEX
  8
0
 10
293.590095
 20
170.174834
 42
0.028123
  0
VERTEX
  8
0
 10
294.463535
 20
169.066097
 42
0.124603
  0
VERTEX
  8
0
 10
295.143698
 20
168.601380
 42
0.184918
  0
VERTEX
  8
0
 10
295.809712
 20
168.610866
 42
0.078354
  0
VERTEX
  8
0
 10
296.590095
 20
169.074772
 42
0.117971
  0
VERTEX
  8
0
 10
297.914387
 20
170.841544
 42
0.196621
  0
VERTEX
  8
0
 10
297.951161
 20
172.673424
 42
0.214073
  0
VERTEX
  8
0
 10
296.715533
 20
173.897743
 42
0.134447
  0
VERTEX
  8
0
 10
294.656250
 20
174.087171
 42
-0.177463
  0
VERTEX
  8
0
 10
294.373946
 20
174.137291
 42
-0.178610
  0
VERTEX
  8
0
 10
294.191803
 20
174.357833
 42
-0.113690
  0
VERTEX
  8
0
 10
294.149587
 20
174.738570
 42
-0.055065
  0
VERTEX
  8
0
 10
294.259994
 20
175.218750
 42
-0.114754
  0
VERTEX
  8
0
 10
294.555704
 20
175.685707
 42
-0.084473
  0
VERTEX
  8
0
 10
295.059624
 20
176.037318
 42
-0.078170
  0
VERTEX
  8
0
 10
295.691060
 20
176.222072
 42
-0.076461
  0
VERTEX
  8
0
 10
296.353744
 20
176.206163
 42
0.033249
  0
VERTEX
  8
0
 10
297.601101
 20
176.068202
 42
0.382856
  0
VERTEX
  8
0
 10
297.951650
 20
176.356111
 42
0.319311
  0
VERTEX
  8
0
 10
297.724550
 20
176.807384
 42
0.030008
  0
VERTEX
  8
0
 10
296.528939
 20
177.350522
 42
0.107774
  0
VERTEX
  8
0
 10
295.853237
 20
177.453812
 42
0.062084
  0
VERTEX
  8
0
 10
295.040876
 20
177.300073
 42
0.057683
  0
VERTEX
  8
0
 10
294.223139
 20
176.928714
 42
0.061045
  0
SEQEND
  0
POLYLINE
  8
0
 66
1
 70
1
  0
VERTEX
  8
0
 10
297.000000
 20
171.440983
 42
-0.103216
  0
VERTEX
  8
0
 10
296.885271
 20
170.891133
 42
-0.098834
  0
VERTEX
  8
0
 10
296.559375
 20
170.423289
 42
-0.096907
  0
VERTEX
  8
0
 10
296.072549
 20
170.109789
 42
-0.095012
  0
VERTEX
  8
0
 10
295.500000
 20
170.000000
 42
-0.179946
  0
VERTEX
  8
0
 10
294.597640
 20
170.335619
 42
-0.152160
  0
VERTEX
  8
0
 10
294.056720
 20
171.204890
 42
-0.132661
  0
VERTEX
  8
0
 10
294.066992
 20
172.327196
 42
-0.128822
  0
VERTEX
  8
0
 10
294.639480
 20
173.306147
 42
-0.194761
  0
VERTEX
  8
0
 10
295.376680
 20
173.618432
 42
-0.172865
  0
VERTEX
  8
0
 10
296.169706
 20
173.350022
 42
-0.128462
  0
VERTEX
  8
0
 10
296.782775
 20
172.537796
 42
-0.098073
  0
SEQEND
  0
POLYLINE
  8
0
 66
1
 70
1
  0
VERTEX
  8
0
 10
299.500000
 20
177.000000
 42
0.144545
  0
VERTEX
  8
0
 10
299.228407
 20
176.005022
 42
0.137775
  0
VERTEX
  8
0
 10
299.532901
 20
175.000994
 42
0.173073
  0
VERTEX
  8
0
 10
300.249279
 20
174.445281
 42
0.221150
  0
VERTEX
  8
0
 10
301.069098
 20
174.542705
 42
0.159216
  0
VERTEX
  8
0
 10
301.740337
 20
175.337303
 42
0.097450
  0
VERTEX
  8
0
 10
301.975841
 20
176.552855
 42
0.119333
  0
VERTEX
  8
0
 10
301.719488
 20
177.598328
 42
0.280205
  0
VERTEX
  8
0
 10
301.059017
 20
178.000000
 42
0.089642
  0
VERTEX
  8
0
 10
300.653442
 20
177.926698
 42
0.053229
  0
VERTEX
  8
0
 10
300.212900
 20
177.706250
 42
0.051032
  0
VERTEX
  8
0
 10
299.806203
 20
177.382515
 42
0.060810
  0
SEQEND
  0
POLYLINE
  8
0
 66
1
 70
1
  0
VERTEX
  8
0
 10
357.250000
 20
177.333333
 42
0.065924
  0
VERTEX
  8
0
 10
356.772073
 20
177.064642
 42
0.061293
  0
VERTEX
  8
0
 10
356.367188
 20
176.674969
 42
0.065453
  0
VERTEX
  8
0
 10
356.092777
 20
176.228788
 42
0.105557
  0
VERTEX
  8
0
 10
356.000000
 20
175.794222
 42
0.131986
  0
VERTEX
  8
0
 10
356.096872
 20
175.433635
 42
0.282543
  0
VERTEX
  8
0
 10
356.340836
 20
175.301887
 42
0.130092
  0
VERTEX
  8
0
 10
356.750679
 20
175.435119
 42
0.029931
  0
VERTEX
  8
0
 10
357.342009
 20
175.868879
 42
-0.093655
  0
VERTEX
  8
0
 10
358.478087
 20
176.498341
 42
-0.283389
  0
VERTEX
  8
0
 10
359.302589
 20
176.302589
 42
-0.283389
  0
VERTEX
  8
0
 10
359.498341
 20
175.478087
 42
-0.093655
  0
VERTEX
  8
0
 10
358.868879
 20
174.342009
 42
0.023048
  0
VERTEX
  8
0
 10
358.374737
 20
173.687439
 42
0.152929
  0
VERTEX
  8
0
 10
358.256398
 20
173.300836
 42
0.318136
  0
VERTEX
  8
0
 10
358.416856
 20
173.077254
 42
0.083263
  0
VERTEX
  8
0
 10
358.877555
 20
173.000000
 42
-0.142599
  0
VERTEX
  8
0
 10
359.305589
 20
172.875392
 42
-0.099658
  0
VERTEX
  8
0
 10
359.670282
 20
172.525115
 42
-0.084353
  0
VERTEX
  8
0
 10
359.915978
 20
172.001308
 42
-0.067674
  0
VERTEX
  8
0
 10
360.000000
 20
171.383369
 42
-0.088802
  0
VERTEX
  8
0
 10
359.874783
 20
170.683890
 42
-0.185479
  0
VERTEX
  8
0
 10
359.515068
 20
170.274638
 42
-0.140813
  0
VERTEX
  8
0
 10
358.889809
 20
170.145838
 42
-0.044816
  0
VERTEX
  8
0
 10
357.942849
 20
170.304694
 42
0.012875
  0
VERTEX
  8
0
 10
356.828288
 20
170.565697
 42
0.256881
  0
VERTEX
  8
0
 10
356.505455
 20
170.466326
 42
0.360660
  0
VERTEX
  8
0
 10
356.483465
 20
170.181397
 42
0.019369
  0
VERTEX
  8
0
 10
357.075528
 20
169.408994
 42
0.192193
  0
VERTEX
  8
0
 10
358.444449
 20
168.664137
 42
0.253627
  0
VERTEX
  8
0
 10
359.741481
 20
169.179508
 42
0.132393
  0
VERTEX
  8
0
 10
360.616176
 20
171.073997
 42
0.061547
  0
VERTEX
  8
0
 10
360.742620
 20
173.800011
 42
0.034286
  0
VERTEX
  8
0
 10
360.413273
 20
176.053330
 42
0.142433
  0
VERTEX
  8
0
 10
359.765357
 20
177.248858
 42
0.210694
  0
VERTEX
  8
0
 10
358.744338
 20
177.651794
 42
0.085475
  0
SEQEND
  0
POLYLINE
  8
0
 66
1
 70
1
  0
VERTEX
  8
0
 10
251.194949
 20
174.500000
 42
0.012823
  0
VERTEX
  8
0
 10
251.235556
 20
173.431793
 42
0.080377
  0
VERTEX
  8
0
 10
251.356533
 20
172.900903
 42
0.597527
  0
VERTEX
  8
0
 10
251.516660
 20
172.883358
 42
0.087174
  0
VERTEX
  8
0
 10
251.692991
 20
173.269032
 42
0.037336
  0
VERTEX
  8
0
 10
251.832894
 20
174.036634
 42
0.029507
  0
VERTEX
  8
0
 10
251.872264
 20
174.880008
 42
0.030339
  0
VERTEX
  8
0
 10
251.814405
 20
175.671085
 42
0.062780
  0
VERTEX
  8
0
 10
251.655937
 20
176.269032
 42
0.313180
  0
VERTEX
  8
0
 10
251.477130
 20
176.386009
 42
0.333666
  0
VERTEX
  8
0
 10
251.315079
 20
176.257153
 42
0.052471
  0
VERTEX
  8
0
 10
251.212705
 20
175.580113
 42
0.014395
  0
SEQEND
  0
POLYLINE
  8
0
 66
1
 70
1
  0
VERTEX
  8
0
 10
289.500000
 20
172.000000
 42
0.029505
  0
VERTEX
  8
0
 10
289.768994
 20
171.617226
 42
0.035638
  0
VERTEX
  8
0
 10
290.066025
 20
171.293750
 42
0.038439
  0
VERTEX
  8
0
 10
290.348290
 20
171.065539
 42
0.151918
  0
VERTEX
  8
0
 10
290.559017
 20
171.000000
 42
0.210953
  0
VERTEX
  8
0
 10
290.727648
 20
171.074460
 42
0.081139
  0
VERTEX
  8
0
 10
290.870461
 20
171.293750
 42
0.061769
  0
VERTEX
  8
0
 10
290.967655
 20
171.617151
 42
0.042167
  0
VERTEX
  8
0
 10
291.000000
 20
172.000000
 42
0.105053
  0
VERTEX
  8
0
 10
290.918938
 20
172.381556
 42
0.099167
  0
VERTEX
  8
0
 10
290.688914
 20
172.706250
 42
0.096420
  0
VERTEX
  8
0
 10
290.345238
 20
172.923877
 42
0.093332
  0
VERTEX
  8
0
 10
289.940983
 20
173.000000
 42
0.108972
  0
VERTEX
  8
0
 10
289.586039
 20
172.921712
 42
0.182303
  0
VERTEX
  8
0
 10
289.374600
 20
172.706250
 42
0.161196
  0
VERTEX
  8
0
 10
289.343488
 20
172.382100
 42
0.082592
  0
SEQEND
  0
POLYLINE
  8
0
 66
1
 70
1
  0
VERTEX
  8
0
 10
251.309869
 20
164.500000
 42
0.005499
  0
VERTEX
  8
0
 10
251.337136
 20
162.352754
 42
0.031761
  0
VERTEX
  8
0
 10
251.435944
 20
161.222448
 42
0.756877
  0
VERTEX
  8
0
 10
251.574262
 20
161.205163
 42
0.069146
  0
VERTEX
  8
0
 10
251.724731
 20
161.767909
 42
0.018638
  0
VERTEX
  8
0
 10
251.849672
 20
163.218327
 42
0.012590
  0
VERTEX
  8
0
 10
251.888655
 20
164.878422
 42
0.012695
  0
VERTEX
  8
0
 10
251.845055
 20
166.487453
 42
0.024559
  0
VERTEX
  8
0
 10
251.714526
 20
167.767909
 42
0.212532
  0
VERTEX
  8
0
 10
251.565802
 20
168.000181
 42
0.556092
  0
VERTEX
  8
0
 10
251.424528
 20
167.934948
 42
0.025342
  0
VERTEX
  8
0
 10
251.331591
 20
166.655786
 42
0.005888
  0
SEQEND
  0
POLYLINE
  8
0
 66
1
 70
1
  0
VERTEX
  8
0
 10
300.078947
 20
168.416667
 42
0.018894
  0
VERTEX
  8
0
 10
300.137993
 20
167.670344
 42
0.168741
  0
VERTEX
  8
0
 10
300.279315
 20
167.378580
 42
0.470617
  0
VERTEX
  8
0
 10
300.461564
 20
167.395823
 42
0.054073
  0
VERTEX
  8
0
 10
300.683114
 20
167.812500
 42
0.051402
  0
VERTEX
  8
0
 10
300.839148
 20
168.359369
 42
0.054150
  0
VERTEX
  8
0
 10
300.876576
 20
168.916927
 42
0.060344
  0
VERTEX
  8
0
 10
300.797407
 20
169.402231
 42
0.126455
  0
VERTEX
  8
0
 10
300.604167
 20
169.729167
 42
0.296942
  0
VERTEX
  8
0
 10
300.385309
 20
169.775380
 42
0.208169
  0
VERTEX
  8
0
 10
300.200665
 20
169.592839
 42
0.077125
  0
VERTEX
  8
0
 10
300.089945
 20
169.112848
 42
0.028489
  0
SEQEND
  0
POLYLINE
  8
0
 66
1
 70
1
  0
VERTEX
  8
0
 10
339.000000
 20
168.500000
 42
0.064908
  0
VERTEX
  8
0
 10
339.079656
 20
167.888977
 42
0.107546
  0
VERTEX
  8
0
 10
339.315781
 20
167.428177
 42
0.143818
  0
VERTEX
  8
0
 10
339.666526
 20
167.189601
 42
0.159683
  0
VERTEX
  8
0
 10
340.075000
 20
167.191667
 42
0.073624
  0
VERTEX
  8
0
 10
340.485911
 20
167.399741
 42
0.066918
  0
VERTEX
  8
0
 10
340.834219
 20
167.723802
 42
0.070382
  0
VERTEX
  8
0
 10
341.069583
 20
168.110048
 42
0.102038
  0
VERTEX
  8
0
 10
341.150000
 20
168.500000
 42
0.102038
  0
VERTEX
  8
0
 10
341.069583
 20
168.889952
 42
0.070382
  0
VERTEX
  8
0
 10
340.834219
 20
169.276198
 42
0.066918
  0
VERTEX
  8
0
 10
340.485911
 20
169.600259
 42
0.073624
  0
VERTEX
  8
0
 10
340.075000
 20
169.808333
 42
0.159683
  0
VERTEX
  8
0
 10
339.666526
 20
169.810399
 42
0.143818
  0
VERTEX
  8
0
 10
339.315781
 20
169.571823
 42
0.107546
  0
VERTEX
  8
0
 10
339.079656
 20
169.111023
 42
0.064908
  0
SEQEND
  0
POLYLINE
  8
0
 66
1
 70
1
  0
VERTEX
  8
0
 10
241.000000
 20
168.000000
 42
0.099038
  0
VERTEX
  8
0
 10
241.076342
 20
167.618362
 42
0.097945
  0
VERTEX
  8
0
 10
241.293750
 20
167.293750
 42
0.097945
  0
VERTEX
  8
0
 10
241.618362
 20
167.076342
 42
0.099038
  0
VERTEX
  8
0
 10
242.000000
 20
167.000000
 42
0.099038
  0
VERTEX
  8
0
 10
242.381638
 20
167.076342
 42
0.097945
  0
VERTEX
  8
0
 10
242.706250
 20
167.293750
 42
0.097945
  0
VERTEX
  8
0
 10
242.923658
 20
167.618362
 42
0.099038
  0
VERTEX
  8
0
 10
243.000000
 20
168.000000
 42
0.099038
  0
VERTEX
  8
0
 10
242.923658
 20
168.381638
 42
0.097945
  0
VERTEX
  8
0
 10
242.706250
 20
168.706250
 42
0.097945
  0
VERTEX
  8
0
 10
242.381638
 20
168.923658
 42
0.099038
  0
VERTEX
  8
0
 10
242.000000
 20
169.000000
 42
0.099038
  0
VERTEX
  8
0
 10
241.618362
 20
168.923658
 42
0.097945
  0
VERTEX
  8
0
 10
241.293750
 20
168.706250
 42
0.097945
  0
VERTEX
  8
0
 10
241.076342
 20
168.381638
 42
0.099038
  0
SEQEND
  0
POLYLINE
  8
0
 66
1
 70
1
  0
VERTEX
  8
0
 10
251.078947
 20
156.416667
 42
0.018894
  0
VERTEX
  8
0
 10
251.137993
 20
155.670344
 42
0.168741
  0
VERTEX
  8
0
 10
251.279315
 20
155.378580
 42
0.470617
  0
VERTEX
  8
0
 10
251.461564
 20
155.395823
 42
0.054073
  0
VERTEX
  8
0
 10
251.683114
 20
155.812500
 42
0.051402
  0
VERTEX
  8
0
 10
251.839148
 20
156.359369
 42
0.054150
  0
VERTEX
  8
0
 10
251.876576
 20
156.916927
 42
0.060344
  0
VERTEX
  8
0
 10
251.797407
 20
157.402231
 42
0.126455
  0
VERTEX
  8
0
 10
251.604167
 20
157.729167
 42
0.296942
  0
VERTEX
  8
0
 10
251.385309
 20
157.775380
 42
0.208169
  0
VERTEX
  8
0
 10
251.200665
 20
157.592839
 42
0.077125
  0
VERTEX
  8
0
 10
251.089945
 20
157.112848
 42
0.028489
  0
SEQEND
  0
POLYLINE
  8
0
 66
1
 70
1
  0
VERTEX
  8
0
 10
230.262243
 20
156.308317
 42
-0.056469
  0
VERTEX
  8
0
 10
230.894831
 20
156.064426
 42
-0.095139
  0
VERTEX
  8
0
 10
231.339019
 20
155.712149
 42
-0.135220
  0
VERTEX
  8
0
 10
231.528012
 20
155.312541
 42
-0.183658
  0
VERTEX
  8
0
 10
231.453226
 20
154.924318
 42
0.091518
  0
VERTEX
  8
0
 10
231.315971
 20
154.571537
 42
0.170132
  0
VERTEX
  8
0
 10
231.360860
 20
154.271518
 42
0.175397
  0
VERTEX
  8
0
 10
231.581129
 20
154.071208
 42
0.097991
  0
VERTEX
  8
0
 10
231.940983
 20
154.000000
 42
0.140337
  0
VERTEX
  8
0
 10
232.344827
 20
154.115626
 42
0.099915
  0
VERTEX
  8
0
 10
232.688914
 20
154.440625
 42
0.085131
  0
VERTEX
  8
0
 10
232.920655
 20
154.926682
 42
0.068870
  0
VERTEX
  8
0
 10
233.000000
 20
155.500000
 42
0.130876
  0
VERTEX
  8
0
 10
232.838332
 20
156.107057
 42
0.125349
  0
VERTEX
  8
0
 10
232.394334
 20
156.564997
 42
0.097187
  0
VERTEX
  8
0
 10
231.681016
 20
156.831613
 42
0.053911
  0
VERTEX
  8
0
 10
230.750000
 20
156.883999
 42
0.005439
  0
VERTEX
  8
0
 10
229.591971
 20
156.811658
 42
0.201311
  0
VERTEX
  8
0
 10
229.361137
 20
156.694234
 42
0.538380
  0
VERTEX
  8
0
 10
229.402668
 20
156.552401
 42
0.010757
  0
SEQEND
  0
POLYLINE
  8
0
 66
1
 70
1
  0
VERTEX
  8
0
 10
348.863473
 20
153.332854
 42
0.025782
  0
VERTEX
  8
0
 10
348.750907
 20
152.004051
 42
0.013222
  0
VERTEX
  8
0
 10
348.740012
 20
150.331663
 42
0.013104
  0
VERTEX
  8
0
 10
348.819739
 20
148.604759
 42
0.019233
  0
VERTEX
  8
0
 10
348.987814
 20
147.094084
 42
0.000000
  0
VERTEX
  8
0
 10
349.500000
 20
143.688168
 42
0.000000
  0
VERTEX
  8
0
 10
351.164857
 20
147.199465
 42
0.017268
  0
VERTEX
  8
0
 10
352.102516
 20
149.367396
 42
0.098722
  0
VERTEX
  8
0
 10
352.322045
 20
150.595557
 42
0.114111
  0
VERTEX
  8
0
 10
352.035909
 20
151.729555
 42
0.026549
  0
VERTEX
  8
0
 10
351.040517
 20
153.438235
 42
0.000000
  0
VERTEX
  8
0
 10
349.251320
 20
156.165709
 42
0.000000
  0
SEQEND
  0
POLYLINE
  8
0
 66
1
 70
1
  0
VERTEX
  8
0
 10
229.078947
 20
153.416667
 42
0.018894
  0
VERTEX
  8
0
 10
229.137993
 20
152.670344
 42
0.168741
  0
VERTEX
  8
0
 10
229.279315
 20
152.378580
 42
0.470617
  0
VERTEX
  8
0
 10
229.461564
 20
152.395823
 42
0.054073
  0
VERTEX
  8
0
 10
229.683114
 20
152.812500
 42
0.051402
  0
VERTEX
  8
0
 10
229.839148
 20
153.359369
 42
0.054150
  0
VERTEX
  8
0
 10
229.876576
 20
153.916927
 42
0.060344
  0
VERTEX
  8
0
 10
229.797407
 20
154.402231
 42
0.126455
  0
VERTEX
  8
0
 10
229.604167
 20
154.729167
 42
0.296942
  0
VERTEX
  8
0
 10
229.385309
 20
154.775380
 42
0.208169
  0
VERTEX
  8
0
 10
229.200665
 20
154.592839
 42
0.077125
  0
VERTEX
  8
0
 10
229.089945
 20
154.112848
 42
0.028489
  0
SEQEND
  0
POLYLINE
  8
0
 66
1
 70
1
  0
VERTEX
  8
0
 10
223.405668
 20
152.668213
 42
-0.006157
  0
VERTEX
  8
0
 10
223.633257
 20
151.936173
 42
-0.007715
  0
VERTEX
  8
0
 10
223.825415
 20
151.251663
 42
-0.006359
  0
VERTEX
  8
0
 10
223.970019
 20
150.674600
 42
-0.058269
  0
VERTEX
  8
0
 10
224.000000
 20
150.418213
 42
0.335166
  0
VERTEX
  8
0
 10
224.316521
 20
149.999071
 42
0.182357
  0
VERTEX
  8
0
 10
224.994569
 20
150.055854
 42
0.094878
  0
VERTEX
  8
0
 10
225.833033
 20
150.671683
 42
0.095718
  0
VERTEX
  8
0
 10
226.381557
 20
151.551938
 42
0.032323
  0
VERTEX
  8
0
 10
226.577314
 20
152.180792
 42
0.192836
  0
VERTEX
  8
0
 10
226.529029
 20
152.514171
 42
0.340629
  0
VERTEX
  8
0
 10
226.300184
 20
152.608069
 42
0.071706
  0
VERTEX
  8
0
 10
225.876742
 20
152.423822
 42
-0.126626
  0
VERTEX
  8
0
 10
225.381704
 20
152.269786
 42
-0.093554
  0
VERTEX
  8
0
 10
224.811003
 20
152.348356
 42
-0.083450
  0
VERTEX
  8
0
 10
224.252026
 20
152.646431
 42
-0.073890
  0
VERTEX
  8
0
 10
223.793864
 20
153.121885
 42
0.008350
  0
VERTEX
  8
0
 10
223.287686
 20
153.807348
 42
0.477224
  0
VERTEX
  8
0
 10
223.149735
 20
153.811144
 42
0.255179
  0
VERTEX
  8
0
 10
223.109005
 20
153.618238
 42
0.005533
  0
SEQEND
  0
POLYLINE
  8
0
 66
1
 70
1
  0
VERTEX
  8
0
 10
251.157895
 20
151.000000
 42
0.017491
  0
VERTEX
  8
0
 10
251.189089
 20
150.108560
 42
0.078554
  0
VERTEX
  8
0
 10
251.306058
 20
149.601562
 42
0.447206
  0
VERTEX
  8
0
 10
251.474999
 20
149.540618
 42
0.174857
  0
VERTEX
  8
0
 10
251.662281
 20
149.750000
 42
0.057986
  0
VERTEX
  8
0
 10
251.818615
 20
150.320008
 42
0.037979
  0
VERTEX
  8
0
 10
251.870340
 20
151.000000
 42
0.037979
  0
VERTEX
  8
0
 10
251.818615
 20
151.679992
 42
0.057986
  0
VERTEX
  8
0
 10
251.662281
 20
152.250000
 42
0.174857
  0
VERTEX
  8
0
 10
251.474999
 20
152.459382
 42
0.447206
  0
VERTEX
  8
0
 10
251.306058
 20
152.398438
 42
0.078554
  0
VERTEX
  8
0
 10
251.189089
 20
151.891440
 42
0.017491
  0
SEQEND
  0
POLYLINE
  8
0
 66
1
 70
1
  0
VERTEX
  8
0
 10
300.000000
 20
149.940983
 42
0.108972
  0
VERTEX
  8
0
 10
300.078288
 20
149.586039
 42
0.182303
  0
VERTEX
  8
0
 10
300.293750
 20
149.374600
 42
0.161196
  0
VERTEX
  8
0
 10
300.617900
 20
149.343488
 42
0.082592
  0
VERTEX
  8
0
 10
301.000000
 20
149.500000
 42
0.029505
  0
VERTEX
  8
0
 10
301.382774
 20
149.768994
 42
0.035638
  0
VERTEX
  8
0
 10
301.706250
 20
150.066025
 42
0.038439
  0
VERTEX
  8
0
 10
301.934461
 20
150.348290
 42
0.151918
  0
VERTEX
  8
0
 10
302.000000
 20
150.559017
 42
0.210953
  0
VERTEX
  8
0
 10
301.925540
 20
150.727648
 42
0.081139
  0
VERTEX
  8
0
 10
301.706250
 20
150.870461
 42
0.061769
  0
VERTEX
  8
0
 10
301.382849
 20
150.967655
 42
0.042167
  0
VERTEX
  8
0
 10
301.000000
 20
151.000000
 42
0.105053
  0
VERTEX
  8
0
 10
300.618444
 20
150.918938
 42
0.099167
  0
VERTEX
  8
0
 10
300.293750
 20
150.688914
 42
0.096420
  0
VERTEX
  8
0
 10
300.076123
 20
150.345238
 42
0.093332
  0
SEQEND
  0
POLYLINE
  8
0
 66
1
 70
1
  0
VERTEX
  8
0
 10
329.500000
 20
150.000000
 42
0.029505
  0
VERTEX
  8
0
 10
329.768994
 20
149.617226
 42
0.035638
  0
VERTEX
  8
0
 10
330.066025
 20
149.293750
 42
0.038439
  0
VERTEX
  8
0
 10
330.348290
 20
149.065539
 42
0.151918
  0
VERTEX
  8
0
 10
330.559017
 20
149.000000
 42
0.210953
  0
VERTEX
  8
0
 10
330.727648
 20
149.074460
 42
0.081139
  0
VERTEX
  8
0
 10
330.870461
 20
149.293750
 42
0.061769
  0
VERTEX
  8
0
 10
330.967655
 20
149.617151
 42
0.042167
  0
VERTEX
  8
0
 10
331.000000
 20
150.000000
 42
0.105053
  0
VERTEX
  8
0
 10
330.918938
 20
150.381556
 42
0.099167
  0
VERTEX
  8
0
 10
330.688914
 20
150.706250
 42
0.096420
  0
VERTEX
  8
0
 10
330.345238
 20
150.923877
 42
0.093332
  0
VERTEX
  8
0
 10
329.940983
 20
151.000000
 42
0.108972
  0
VERTEX
  8
0
 10
329.586039
 20
150.921712
 42
0.182303
  0
VERTEX
  8
0
 10
329.374600
 20
150.706250
 42
0.161196
  0
VERTEX
  8
0
 10
329.343488
 20
150.382100
 42
0.082592
  0
SEQEND
  0
POLYLINE
  8
0
 66
1
 70
1
  0
VERTEX
  8
0
 10
251.157895
 20
145.000000
 42
0.017491
  0
VERTEX
  8
0
 10
251.189089
 20
144.108560
 42
0.078554
  0
VERTEX
  8
0
 10
251.306058
 20
143.601562
 42
0.447206
  0
VERTEX
  8
0
 10
251.474999
 20
143.540618
 42
0.174857
  0
VERTEX
  8
0
 10
251.662281
 20
143.750000
 42
0.057986
  0
VERTEX
  8
0
 10
251.818615
 20
144.320008
 42
0.037979
  0
VERTEX
  8
0
 10
251.870340
 20
145.000000
 42
0.037979
  0
VERTEX
  8
0
 10
251.818615
 20
145.679992
 42
0.057986
  0
VERTEX
  8
0
 10
251.662281
 20
146.250000
 42
0.174857
  0
VERTEX
  8
0
 10
251.474999
 20
146.459382
 42
0.447206
  0
VERTEX
  8
0
 10
251.306058
 20
146.398438
 42
0.078554
  0
VERTEX
  8
0
 10
251.189089
 20
145.891440
 42
0.017491
  0
SEQEND
  0
POLYLINE
  8
0
 66
1
 70
1
  0
VERTEX
  8
0
 10
90.000000
 20
141.500000
 42
0.062722
  0
VERTEX
  8
0
 10
90.072230
 20
140.926468
 42
0.080880
  0
VERTEX
  8
0
 10
90.284531
 20
140.440625
 42
0.098158
  0
VERTEX
  8
0
 10
90.599211
 20
140.115494
 42
0.152681
  0
VERTEX
  8
0
 10
90.968615
 20
140.000000
 42
0.184534
  0
VERTEX
  8
0
 10
91.289193
 20
140.122486
 42
0.147206
  0
VERTEX
  8
0
 10
91.483616
 20
140.440625
 42
0.100118
  0
VERTEX
  8
0
 10
91.511135
 20
140.925634
 42
0.055937
  0
VERTEX
  8
0
 10
91.361626
 20
141.500000
 42
0.021360
  0
VERTEX
  8
0
 10
91.112506
 20
142.074558
 42
0.030395
  0
VERTEX
  8
0
 10
90.839659
 20
142.559375
 42
0.030693
  0
VERTEX
  8
0
 10
90.579329
 20
142.912889
 42
0.222225
  0
VERTEX
  8
0
 10
90.393011
 20
143.000000
 42
0.289661
  0
VERTEX
  8
0
 10
90.241071
 20
142.903916
 42
0.046727
  0
VERTEX
  8
0
 10
90.115447
 20
142.559375
 42
0.039339
  0
VERTEX
  8
0
 10
90.028469
 20
142.074824
 42
0.024748
  0
SEQEND
  0
POLYLINE
  8
0
 66
1
 70
1
  0
VERTEX
  8
0
 10
365.666667
 20
141.333333
 42
0.262947
  0
VERTEX
  8
0
 10
365.117503
 20
139.357860
 42
0.198083
  0
VERTEX
  8
0
 10
366.479328
 20
137.506517
 42
0.124263
  0
VERTEX
  8
0
 10
369.432942
 20
136.598611
 42
0.120196
  0
VERTEX
  8
0
 10
372.503963
 20
137.183759
 42
0.066128
  0
VERTEX
  8
0
 10
374.171770
 20
138.228438
 42
0.167867
  0
VERTEX
  8
0
 10
374.904637
 20
139.433189
 42
0.235934
  0
VERTEX
  8
0
 10
374.620298
 20
140.549005
 42
0.123492
  0
VERTEX
  8
0
 10
373.418213
 20
141.393011
 42
0.042772
  0
VERTEX
  8
0
 10
371.606239
 20
141.915848
 42
0.106888
  0
VERTEX
  8
0
 10
370.236294
 20
141.891812
 42
0.142275
  0
VERTEX
  8
0
 10
369.238863
 20
141.329739
 42
0.103167
  0
VERTEX
  8
0
 10
368.547743
 20
140.250000
 42
0.008433
  0
VERTEX
  8
0
 10
368.207170
 20
139.307933
 42
0.309425
  0
VERTEX
  8
0
 10
368.265306
 20
139.097977
 42
0.377046
  0
VERTEX
  8
0
 10
368.461353
 20
139.102020
 42
0.009992
  0
VERTEX
  8
0
 10
369.140754
 20
139.750000
 42
-0.077572
  0
VERTEX
  8
0
 10
370.431139
 20
140.684685
 42
-0.134995
  0
VERTEX
  8
0
 10
371.716800
 20
140.950228
 42
-0.201104
  0
VERTEX
  8
0
 10
372.629387
 20
140.496265
 42
-0.179976
  0
VERTEX
  8
0
 10
373.000000
 20
139.500000
 42
-0.165952
  0
VERTEX
  8
0
 10
372.770723
 20
138.828232
 42
-0.129453
  0
VERTEX
  8
0
 10
372.155435
 20
138.355119
 42
-0.074979
  0
VERTEX
  8
0
 10
371.074832
 20
138.081089
 42
-0.024674
  0
VERTEX
  8
0
 10
369.432612
 20
138.000000
 42
-0.015243
  0
VERTEX
  8
0
 10
367.422424
 20
138.061298
 42
-0.135206
  0
VERTEX
  8
0
 10
366.591514
 20
138.345674
 42
-0.261274
  0
VERTEX
  8
0
 10
366.305285
 20
138.921736
 42
-0.064427
  0
VERTEX
  8
0
 10
366.500000
 20
140.000000
 42
0.019751
  0
VERTEX
  8
0
 10
366.863701
 20
141.325307
 42
0.199312
  0
VERTEX
  8
0
 10
366.771530
 20
141.878392
 42
0.428204
  0
VERTEX
  8
0
 10
366.408800
 20
141.953068
 42
0.044848
  0
SEQEND
  0
POLYLINE
  8
0
 66
1
 70
1
  0
VERTEX
  8
0
 10
243.263750
 20
140.282419
 42
0.022548
  0
VERTEX
  8
0
 10
244.485188
 20
140.153707
 42
0.015659
  0
VERTEX
  8
0
 10
245.872547
 20
140.114038
 42
0.015827
  0
VERTEX
  8
0
 10
247.209518
 20
140.160023
 42
0.031163
  0
VERTEX
  8
0
 10
248.263750
 20
140.296069
 42
0.248898
  0
VERTEX
  8
0
 10
248.455688
 20
140.450815
 42
0.490820
  0
VERTEX
  8
0
 10
248.374351
 20
140.596853
 42
0.030832
  0
VERTEX
  8
0
 10
247.297080
 20
140.692368
 42
0.007380
  0
VERTEX
  8
0
 10
245.500000
 20
140.713986
 42
0.006817
  0
VERTEX
  8
0
 10
243.711719
 20
140.684722
 42
0.040183
  0
VERTEX
  8
0
 10
242.780601
 20
140.581582
 42
0.720633
  0
VERTEX
  8
0
 10
242.761725
 20
140.438612
 42
0.075924
  0
SEQEND
  0
POLYLINE
  8
0
 66
1
 70
1
  0
VERTEX
  8
0
 10
250.998178
 20
140.250000
 42
0.377786
  0
VERTEX
  8
0
 10
251.248992
 20
139.964027
 42
0.013270
  0
VERTEX
  8
0
 10
252.833364
 20
139.802112
 42
0.018716
  0
VERTEX
  8
0
 10
254.851236
 20
139.725648
 42
0.011240
  0
VERTEX
  8
0
 10
257.248178
 20
139.778466
 42
0.001377
  0
VERTEX
  8
0
 10
265.041563
 20
140.147111
 42
0.072595
  0
VERTEX
  8
0
 10
266.508159
 20
140.436714
 42
0.831357
  0
VERTEX
  8
0
 10
266.466534
 20
140.700957
 42
0.002529
  0
VERTEX
  8
0
 10
260.250000
 20
140.839963
 42
0.007602
  0
VERTEX
  8
0
 10
256.703126
 20
140.847397
 42
0.012644
  0
VERTEX
  8
0
 10
253.716652
 20
140.732677
 42
0.006263
  0
VERTEX
  8
0
 10
251.269512
 20
140.545823
 42
0.387757
  0
SEQEND
  0
POLYLINE
  8
0
 66
1
 70
1
  0
VERTEX
  8
0
 10
270.187792
 20
140.478874
 42
0.198598
  0
VERTEX
  8
0
 10
271.437324
 20
139.960417
 42
0.000168
  0
VERTEX
  8
0
 10
304.981668
 20
139.931175
 42
0.000168
  0
VERTEX
  8
0
 10
338.526751
 20
139.924511
 42
0.198877
  0
VERTEX
  8
0
 10
339.774978
 20
140.441644
 42
0.661863
  0
VERTEX
  8
0
 10
339.682757
 20
140.669919
 42
0.000365
  0
VERTEX
  8
0
 10
329.790150
 20
140.835983
 42
0.002532
  0
VERTEX
  8
0
 10
318.510680
 20
140.959960
 42
0.001482
  0
VERTEX
  8
0
 10
305.000000
 20
141.000000
 42
0.001383
  0
VERTEX
  8
0
 10
291.486799
 20
140.962625
 42
0.002359
  0
VERTEX
  8
0
 10
280.198914
 20
140.846919
 42
0.000317
  0
VERTEX
  8
0
 10
270.274073
 20
140.692053
 42
0.662323
  0
SEQEND
  0
POLYLINE
  8
0
 66
1
 70
1
  0
VERTEX
  8
0
 10
251.407091
 20
119.000000
 42
0.001698
  0
VERTEX
  8
0
 10
251.427180
 20
113.083444
 42
0.008506
  0
VERTEX
  8
0
 10
251.506054
 20
109.770313
 42
0.883896
  0
VERTEX
  8
0
 10
251.621592
 20
109.760783
 42
0.041169
  0
VERTEX
  8
0
 10
251.743988
 20
110.750000
 42
0.006428
  0
VERTEX
  8
0
 10
251.849018
 20
114.505720
 42
0.003776
  0
VERTEX
  8
0
 10
251.882958
 20
119.000000
 42
0.003776
  0
VERTEX
  8
0
 10
251.849018
 20
123.494280
 42
0.006428
  0
VERTEX
  8
0
 10
251.743988
 20
127.250000
 42
0.041169
  0
VERTEX
  8
0
 10
251.621592
 20
128.239217
 42
0.883896
  0
VERTEX
  8
0
 10
251.506054
 20
128.229687
 42
0.008506
  0
VERTEX
  8
0
 10
251.427180
 20
124.916556
 42
0.001698
  0
SEQEND
  0
POLYLINE
  8
0
 66
1
 70
1
  0
VERTEX
  8
0
 10
206.473397
 20
103.415281
 42
0.000000
  0
VERTEX
  8
0
 10
202.500000
 20
101.010247
 42
0.000000
  0
VERTEX
  8
0
 10
210.500000
 20
101.020436
 42
0.004050
  0
VERTEX
  8
0
 10
216.135918
 20
101.073270
 42
0.236270
  0
VERTEX
  8
0
 10
217.023191
 20
101.536892
 42
0.442973
  0
VERTEX
  8
0
 10
216.872028
 20
102.250560
 42
0.007533
  0
VERTEX
  8
0
 10
212.973397
 20
104.446748
 42
0.046685
  0
VERTEX
  8
0
 10
211.425221
 20
105.109802
 42
0.117719
  0
VERTEX
  8
0
 10
210.210618
 20
105.203493
 42
0.081817
  0
VERTEX
  8
0
 10
208.824784
 20
104.743251
 42
0.015097
  0
SEQEND
  0
POLYLINE
  8
0
 66
1
 70
1
  0
VERTEX
  8
0
 10
215.000000
 20
97.000000
 42
0.027275
  0
VERTEX
  8
0
 10
214.445888
 20
96.597454
 42
0.147021
  0
VERTEX
  8
0
 10
214.239151
 20
96.292684
 42
0.379910
  0
VERTEX
  8
0
 10
214.327599
 20
96.095709
 42
0.102799
  0
VERTEX
  8
0
 10
214.690983
 20
96.015313
 42
0.074131
  0
VERTEX
  8
0
 10
215.192374
 20
96.083483
 42
0.053889
  0
VERTEX
  8
0
 10
215.713662
 20
96.298248
 42
0.054031
  0
VERTEX
  8
0
 10
216.175433
 20
96.618541
 42
0.075854
  0
VERTEX
  8
0
 10
216.500000
 20
97.000000
 42
0.034464
  0
VERTEX
  8
0
 10
216.886554
 20
97.734105
 42
0.541951
  0
VERTEX
  8
0
 10
216.758161
 20
97.931144
 42
0.136158
  0
VERTEX
  8
0
 10
216.281145
 20
97.798791
 42
0.008108
  0
SEQEND
  0
POLYLINE
  8
0
 66
1
 70
1
  0
VERTEX
  8
0
 10
201.812500
 20
94.316886
 42
0.051402
  0
VERTEX
  8
0
 10
202.359369
 20
94.160852
 42
0.054150
  0
VERTEX
  8
0
 10
202.916927
 20
94.123424
 42
0.060344
  0
VERTEX
  8
0
 10
203.402231
 20
94.202593
 42
0.126455
  0
VERTEX
  8
0
 10
203.729167
 20
94.395833
 42
0.296942
  0
VERTEX
  8
0
 10
203.775380
 20
94.614691
 42
0.208169
  0
VERTEX
  8
0
 10
203.592839
 20
94.799335
 42
0.077125
  0
VERTEX
  8
0
 10
203.112848
 20
94.910055
 42
0.028489
  0
VERTEX
  8
0
 10
202.416667
 20
94.921053
 42
0.018894
  0
VERTEX
  8
0
 10
201.670344
 20
94.862007
 42
0.168741
  0
VERTEX
  8
0
 10
201.378580
 20
94.720685
 42
0.470617
  0
VERTEX
  8
0
 10
201.395823
 20
94.538436
 42
0.054073
  0
SEQEND
  0
POLYLINE
  8
0
 66
1
 70
1
  0
VERTEX
  8
0
 10
181.194949
 20
67.500000
 42
0.012823
  0
VERTEX
  8
0
 10
181.235556
 20
66.431793
 42
0.080377
  0
VERTEX
  8
0
 10
181.356533
 20
65.900903
 42
0.597527
  0
VERTEX
  8
0
 10
181.516660
 20
65.883358
 42
0.087174
  0
VERTEX
  8
0
 10
181.692991
 20
66.269032
 42
0.037336
  0
VERTEX
  8
0
 10
181.832894
 20
67.036634
 42
0.029507
  0
VERTEX
  8
0
 10
181.872264
 20
67.880008
 42
0.030339
  0
VERTEX
  8
0
 10
181.814405
 20
68.671085
 42
0.062780
  0
VERTEX
  8
0
 10
181.655937
 20
69.269032
 42
0.313180
  0
VERTEX
  8
0
 10
181.477130
 20
69.386009
 42
0.333666
  0
VERTEX
  8
0
 10
181.315079
 20
69.257153
 42
0.052471
  0
VERTEX
  8
0
 10
181.212705
 20
68.580113
 42
0.014395
  0
SEQEND
  0
POLYLINE
  8
0
 66
1
 70
1
  0
VERTEX
  8
0
 10
158.488459
 20
28.615219
 42
0.129278
  0
VERTEX
  8
0
 10
157.211818
 20
27.043896
 42
0.199586
  0
VERTEX
  8
0
 10
157.158030
 20
25.318755
 42
0.188052
  0
VERTEX
  8
0
 10
158.358127
 20
23.990061
 42
0.116636
  0
VERTEX
  8
0
 10
160.430362
 20
23.500000
 42
0.040317
  0
VERTEX
  8
0
 10
161.572007
 20
23.592205
 42
0.049778
  0
VERTEX
  8
0
 10
162.602981
 20
23.867188
 42
0.057926
  0
VERTEX
  8
0
 10
163.384807
 20
24.270099
 42
0.165865
  0
VERTEX
  8
0
 10
163.750000
 20
24.750000
 42
0.169600
  0
VERTEX
  8
0
 10
163.742781
 20
25.256476
 42
0.163500
  0
VERTEX
  8
0
 10
163.422219
 20
25.657469
 42
0.101828
  0
VERTEX
  8
0
 10
162.770788
 20
25.909625
 42
0.043258
  0
VERTEX
  8
0
 10
161.833333
 20
25.984687
 42
0.011254
  0
VERTEX
  8
0
 10
160.604349
 20
25.948951
 42
0.207108
  0
VERTEX
  8
0
 10
160.262534
 20
25.779591
 42
0.421534
  0
VERTEX
  8
0
 10
160.287948
 20
25.514353
 42
0.025924
  0
VERTEX
  8
0
 10
161.000000
 20
25.000000
 42
-0.011213
  0
VERTEX
  8
0
 10
161.830411
 20
24.436556
 42
-0.309569
  0
VERTEX
  8
0
 10
161.916542
 20
24.201904
 42
-0.327416
  0
VERTEX
  8
0
 10
161.728916
 20
24.047261
 42
-0.011938
  0
VERTEX
  8
0
 10
160.750000
 20
24.015313
 42
-0.096392
  0
VERTEX
  8
0
 10
160.010408
 20
24.152526
 42
-0.125842
  0
VERTEX
  8
0
 10
159.454888
 20
24.554169
 42
-0.110776
  0
VERTEX
  8
0
 10
159.114284
 20
25.218469
 42
-0.063365
  0
VERTEX
  8
0
 10
159.000000
 20
26.116631
 42
-0.047795
  0
VERTEX
  8
0
 10
159.097375
 20
27.132969
 42
-0.178606
  0
VERTEX
  8
0
 10
159.424450
 20
27.673064
 42
-0.183395
  0
VERTEX
  8
0
 10
160.017416
 20
27.863029
 42
-0.050807
  0
VERTEX
  8
0
 10
161.000000
 20
27.710251
 42
0.068634
  0
VERTEX
  8
0
 10
162.344369
 20
27.549888
 42
0.308814
  0
VERTEX
  8
0
 10
162.956490
 20
27.984466
 42
0.329583
  0
VERTEX
  8
0
 10
162.755285
 20
28.677991
 42
0.071441
  0
VERTEX
  8
0
 10
161.597199
 20
29.324328
 42
0.096908
  0
VERTEX
  8
0
 10
160.935870
 20
29.440026
 42
0.051106
  0
VERTEX
  8
0
 10
160.105351
 20
29.338078
 42
0.048159
  0
VERTEX
  8
0
 10
159.245026
 20
29.052490
 42
0.053707
  0
SEQEND
  0
POLYLINE
  8
0
 66
1
 70
1
  0
VERTEX
  8
0
 10
193.000000
 20
29.116631
 42
-0.181596
  0
VERTEX
  8
0
 10
192.858742
 20
28.740524
 42
-0.059916
  0
VERTEX
  8
0
 10
192.412500
 20
28.339118
 42
-0.050447
  0
VERTEX
  8
0
 10
191.765484
 20
27.975456
 42
-0.038887
  0
VERTEX
  8
0
 10
191.000000
 20
27.710251
 42
0.156827
  0
VERTEX
  8
0
 10
189.407626
 20
26.696547
 42
0.202329
  0
VERTEX
  8
0
 10
188.911023
 20
25.053484
 42
0.208122
  0
VERTEX
  8
0
 10
189.743626
 20
23.586209
 42
0.162475
  0
VERTEX
  8
0
 10
191.500000
 20
23.000000
 42
0.050766
  0
VERTEX
  8
0
 10
192.862220
 20
23.138668
 42
0.189121
  0
VERTEX
  8
0
 10
193.571429
 20
23.600000
 42
0.134430
  0
VERTEX
  8
0
 10
193.915691
 20
24.534425
 42
0.021436
  0
VERTEX
  8
0
 10
194.000000
 20
26.500000
 42
0.013419
  0
VERTEX
  8
0
 10
193.963981
 20
27.841824
 42
0.022059
  0
VERTEX
  8
0
 10
193.853125
 20
28.971875
 42
0.017877
  0
VERTEX
  8
0
 10
193.697071
 20
29.841060
 42
0.353005
  0
VERTEX
  8
0
 10
193.500000
 20
30.000000
 42
0.171997
  0
VERTEX
  8
0
 10
193.309224
 20
29.932374
 42
0.093880
  0
VERTEX
  8
0
 10
193.146875
 20
29.740510
 42
0.074306
  0
VERTEX
  8
0
 10
193.037045
 20
29.454563
 42
0.054648
  0
SEQEND
  0
POLYLINE
  8
0
 66
1
 70
1
  0
VERTEX
  8
0
 10
192.103799
 20
24.703799
 42
-0.113251
  0
VERTEX
  8
0
 10
191.214666
 20
24.146534
 42
-0.251496
  0
VERTEX
  8
0
 10
190.448742
 20
24.268926
 42
-0.258096
  0
VERTEX
  8
0
 10
190.141241
 20
24.967994
 42
-0.116221
  0
VERTEX
  8
0
 10
190.468963
 20
25.949781
 42
-0.092910
  0
VERTEX
  8
0
 10
190.801911
 20
26.315254
 42
-0.096292
  0
VERTEX
  8
0
 10
191.240657
 20
26.529717
 42
-0.099247
  0
VERTEX
  8
0
 10
191.716563
 20
26.560607
 42
-0.105525
  0
VERTEX
  8
0
 10
192.156231
 20
26.403444
 42
-0.094625
  0
VERTEX
  8
0
 10
192.531428
 20
26.059296
 42
-0.169261
  0
VERTEX
  8
0
 10
192.655459
 20
25.664644
 42
-0.136091
  0
VERTEX
  8
0
 10
192.515485
 20
25.214314
 42
-0.053431
  0
SEQEND
  0
POLYLINE
  8
0
 66
1
 70
1
  0
VERTEX
  8
0
 10
198.000000
 20
26.428571
 42
0.007718
  0
VERTEX
  8
0
 10
198.033185
 20
24.278964
 42
0.159037
  0
VERTEX
  8
0
 10
198.250000
 20
23.678112
 42
0.412297
  0
VERTEX
  8
0
 10
198.658021
 20
23.626039
 42
0.032564
  0
VERTEX
  8
0
 10
199.563758
 20
24.420901
 42
0.049186
  0
VERTEX
  8
0
 10
200.115835
 20
25.093771
 42
0.059573
  0
VERTEX
  8
0
 10
200.485222
 20
25.821308
 42
0.070398
  0
VERTEX
  8
0
 10
200.628282
 20
26.491725
 42
0.157085
  0
VERTEX
  8
0
 10
200.504741
 20
26.992329
 42
-0.081784
  0
VERTEX
  8
0
 10
200.346289
 20
27.377400
 42
-0.160283
  0
VERTEX
  8
0
 10
200.375992
 20
27.703997
 42
-0.182888
  0
VERTEX
  8
0
 10
200.586542
 20
27.920985
 42
-0.110112
  0
VERTEX
  8
0
 10
200.940983
 20
28.000000
 42
0.093332
  0
VERTEX
  8
0
 10
201.345238
 20
28.076123
 42
0.096420
  0
VERTEX
  8
0
 10
201.688914
 20
28.293750
 42
0.099167
  0
VERTEX
  8
0
 10
201.918938
 20
28.618444
 42
0.105053
  0
VERTEX
  8
0
 10
202.000000
 20
29.000000
 42
0.191087
  0
VERTEX
  8
0
 10
201.848523
 20
29.381882
 42
0.088204
  0
VERTEX
  8
0
 10
201.412500
 20
29.706250
 42
0.068025
  0
VERTEX
  8
0
 10
200.765418
 20
29.926307
 42
0.048028
  0
VERTEX
  8
0
 10
200.000000
 20
30.000000
 42
0.088742
  0
VERTEX
  8
0
 10
198.994397
 20
29.820105
 42
0.178425
  0
VERTEX
  8
0
 10
198.390000
 20
29.303571
 42
0.106387
  0
VERTEX
  8
0
 10
198.080993
 20
28.299341
 42
0.021637
  0
SEQEND
  0
POLYLINE
  8
0
 66
1
 70
1
  0
VERTEX
  8
0
 10
203.666667
 20
29.333333
 42
0.172027
  0
VERTEX
  8
0
 10
203.082481
 20
28.107362
 42
0.039155
  0
VERTEX
  8
0
 10
203.022468
 20
25.771630
 42
0.037970
  0
VERTEX
  8
0
 10
203.307761
 20
23.563463
 42
0.355540
  0
VERTEX
  8
0
 10
204.000000
 20
23.000000
 42
0.277684
  0
VERTEX
  8
0
 10
204.385692
 20
23.232098
 42
0.052312
  0
VERTEX
  8
0
 10
204.706250
 20
24.028125
 42
0.042582
  0
VERTEX
  8
0
 10
204.927458
 20
25.158889
 42
0.027026
  0
VERTEX
  8
0
 10
205.000000
 20
26.500000
 42
0.007540
  0
VERTEX
  8
0
 10
204.964349
 20
28.864161
 42
0.102781
  0
VERTEX
  8
0
 10
204.764938
 20
29.697037
 42
0.421361
  0
VERTEX
  8
0
 10
204.363682
 20
29.835997
 42
0.080477
  0
SEQEND
  0
POLYLINE
  8
0
 66
1
 70
1
  0
VERTEX
  8
0
 10
225.908388
 20
29.750000
 42
0.056991
  0
VERTEX
  8
0
 10
225.561291
 20
28.315464
 42
0.013308
  0
VERTEX
  8
0
 10
225.321353
 20
25.847656
 42
0.005842
  0
VERTEX
  8
0
 10
225.170374
 20
23.275274
 42
0.428030
  0
VERTEX
  8
0
 10
225.433020
 20
23.000000
 42
0.173278
  0
VERTEX
  8
0
 10
226.472596
 20
23.371424
 42
0.026095
  0
VERTEX
  8
0
 10
228.135002
 20
24.884711
 42
0.026205
  0
VERTEX
  8
0
 10
229.630802
 20
26.563764
 42
0.170459
  0
VERTEX
  8
0
 10
230.000000
 20
27.615252
 42
0.221397
  0
VERTEX
  8
0
 10
229.559176
 20
28.562007
 42
0.054650
  0
VERTEX
  8
0
 10
228.097698
 20
29.540711
 42
0.061098
  0
VERTEX
  8
0
 10
226.580610
 20
30.109742
 42
0.381074
  0
SEQEND
  0
POLYLINE
  8
0
 66
1
 70
1
  0
VERTEX
  8
0
 10
229.000000
 20
27.559017
 42
-0.151918
  0
VERTEX
  8
0
 10
228.934461
 20
27.348290
 42
-0.038439
  0
VERTEX
  8
0
 10
228.706250
 20
27.066025
 42
-0.035638
  0
VERTEX
  8
0
 10
228.382774
 20
26.768994
 42
-0.029505
  0
VERTEX
  8
0
 10
228.000000
 20
26.500000
 42
-0.082592
  0
VERTEX
  8
0
 10
227.617900
 20
26.343488
 42
-0.161196
  0
VERTEX
  8
0
 10
227.293750
 20
26.374600
 42
-0.182303
  0
VERTEX
  8
0
 10
227.078288
 20
26.586039
 42
-0.108972
  0
VERTEX
  8
0
 10
227.000000
 20
26.940983
 42
-0.093332
  0
VERTEX
  8
0
 10
227.076123
 20
27.345238
 42
-0.096420
  0
VERTEX
  8
0
 10
227.293750
 20
27.688914
 42
-0.099167
  0
VERTEX
  8
0
 10
227.618444
 20
27.918938
 42
-0.105053
  0
VERTEX
  8
0
 10
228.000000
 20
28.000000
 42
-0.042167
  0
VERTEX
  8
0
 10
228.382849
 20
27.967655
 42
-0.061769
  0
VERTEX
  8
0
 10
228.706250
 20
27.870461
 42
-0.081139
  0
VERTEX
  8
0
 10
228.925540
 20
27.727648
 42
-0.210953
  0
SEQEND
  0
POLYLINE
  8
0
 66
1
 70
1
  0
VERTEX
  8
0
 10
232.252183
 20
26.500000
 42
0.008901
  0
VERTEX
  8
0
 10
232.284834
 20
25.071102
 42
0.053901
  0
VERTEX
  8
0
 10
232.394187
 20
24.339362
 42
0.671610
  0
VERTEX
  8
0
 10
232.543410
 20
24.319562
 42
0.082665
  0
VERTEX
  8
0
 10
232.707261
 20
24.761659
 42
0.028254
  0
VERTEX
  8
0
 10
232.840609
 20
25.754739
 42
0.020511
  0
VERTEX
  8
0
 10
232.880728
 20
26.869594
 42
0.020826
  0
VERTEX
  8
0
 10
232.830983
 20
27.934218
 42
0.041951
  0
VERTEX
  8
0
 10
232.687080
 20
28.761659
 42
0.285845
  0
VERTEX
  8
0
 10
232.523779
 20
28.916221
 42
0.417468
  0
VERTEX
  8
0
 10
232.371610
 20
28.814362
 42
0.038992
  0
VERTEX
  8
0
 10
232.273069
 20
27.938425
 42
0.009782
  0
SEQEND
  0
POLYLINE
  8
0
 66
1
 70
1
  0
VERTEX
  8
0
 10
165.000000
 20
25.308870
 42
0.006077
  0
VERTEX
  8
0
 10
165.021234
 20
23.561777
 42
0.275202
  0
VERTEX
  8
0
 10
165.206066
 20
23.267891
 42
0.354449
  0
VERTEX
  8
0
 10
165.507968
 20
23.331921
 42
0.008245
  0
VERTEX
  8
0
 10
166.468197
 20
24.558870
 42
0.023362
  0
VERTEX
  8
0
 10
167.602457
 20
26.213812
 42
0.137071
  0
VERTEX
  8
0
 10
167.892534
 20
27.216218
 42
0.301552
  0
VERTEX
  8
0
 10
167.520345
 20
27.788637
 42
0.102486
  0
VERTEX
  8
0
 10
166.500000
 20
28.000000
 42
0.144851
  0
VERTEX
  8
0
 10
165.867622
 20
27.812873
 42
0.122329
  0
VERTEX
  8
0
 10
165.389347
 20
27.301478
 42
0.086296
  0
VERTEX
  8
0
 10
165.094562
 20
26.458309
 42
0.041065
  0
SEQEND
  0
POLYLINE
  8
0
 66
1
 70
1
  0
VERTEX
  8
0
 10
169.701236
 20
27.367903
 42
0.096430
  0
VERTEX
  8
0
 10
169.431410
 20
26.967628
 42
0.034471
  0
VERTEX
  8
0
 10
169.205988
 20
26.313683
 42
0.032663
  0
VERTEX
  8
0
 10
169.051720
 20
25.543706
 42
0.033120
  0
VERTEX
  8
0
 10
169.000000
 20
24.763782
 42
0.071261
  0
VERTEX
  8
0
 10
169.125661
 20
23.886570
 42
0.169862
  0
VERTEX
  8
0
 10
169.503621
 20
23.358350
 42
0.143478
  0
VERTEX
  8
0
 10
170.179999
 20
23.128035
 42
0.046099
  0
VERTEX
  8
0
 10
171.250000
 20
23.180449
 42
0.063115
  0
VERTEX
  8
0
 10
172.219584
 20
23.445807
 42
0.101460
  0
VERTEX
  8
0
 10
172.926592
 20
23.924769
 42
0.109883
  0
VERTEX
  8
0
 10
173.352022
 20
24.612091
 42
0.084037
  0
VERTEX
  8
0
 10
173.500000
 20
25.486305
 42
0.145573
  0
VERTEX
  8
0
 10
173.121237
 20
26.759678
 42
0.133961
  0
VERTEX
  8
0
 10
172.098071
 20
27.668407
 42
0.142866
  0
VERTEX
  8
0
 10
170.808153
 20
27.897919
 42
0.171058
  0
SEQEND
  0
POLYLINE
  8
0
 66
1
 70
1
  0
VERTEX
  8
0
 10
172.103799
 20
24.703799
 42
-0.113251
  0
VERTEX
  8
0
 10
171.214666
 20
24.146534
 42
-0.251496
  0
VERTEX
  8
0
 10
170.448742
 20
24.268926
 42
-0.258096
  0
VERTEX
  8
0
 10
170.141241
 20
24.967994
 42
-0.116221
  0
VERTEX
  8
0
 10
170.468963
 20
25.949781
 42
-0.092910
  0
VERTEX
  8
0
 10
170.801911
 20
26.315254
 42
-0.096292
  0
VERTEX
  8
0
 10
171.240657
 20
26.529717
 42
-0.099247
  0
VERTEX
  8
0
 10
171.716563
 20
26.560607
 42
-0.105525
  0
VERTEX
  8
0
 10
172.156231
 20
26.403444
 42
-0.094625
  0
VERTEX
  8
0
 10
172.531428
 20
26.059296
 42
-0.169261
  0
VERTEX
  8
0
 10
172.655459
 20
25.664644
 42
-0.136091
  0
VERTEX
  8
0
 10
172.515485
 20
25.214314
 42
-0.053431
  0
SEQEND
  0
POLYLINE
  8
0
 66
1
 70
1
  0
VERTEX
  8
0
 10
175.180449
 20
25.750000
 42
0.072404
  0
VERTEX
  8
0
 10
175.489335
 20
24.698169
 42
0.111520
  0
VERTEX
  8
0
 10
176.062647
 20
23.947622
 42
0.098515
  0
VERTEX
  8
0
 10
176.960485
 20
23.457168
 42
0.047288
  0
VERTEX
  8
0
 10
178.250000
 20
23.183578
 42
0.031046
  0
VERTEX
  8
0
 10
179.758446
 20
23.104332
 42
0.170664
  0
VERTEX
  8
0
 10
180.512941
 20
23.377743
 42
0.185524
  0
VERTEX
  8
0
 10
180.894952
 20
24.047748
 42
0.037847
  0
VERTEX
  8
0
 10
181.000000
 20
25.433578
 42
0.037116
  0
VERTEX
  8
0
 10
180.926940
 20
26.416428
 42
0.055846
  0
VERTEX
  8
0
 10
180.706250
 20
27.246113
 42
0.073270
  0
VERTEX
  8
0
 10
180.383101
 20
27.813358
 42
0.230636
  0
VERTEX
  8
0
 10
180.000000
 20
28.000000
 42
0.191087
  0
VERTEX
  8
0
 10
179.618118
 20
27.848523
 42
0.088204
  0
VERTEX
  8
0
 10
179.293750
 20
27.412500
 42
0.068025
  0
VERTEX
  8
0
 10
179.073693
 20
26.765418
 42
0.048028
  0
VERTEX
  8
0
 10
179.000000
 20
26.000000
 42
-0.048028
  0
VERTEX
  8
0
 10
178.926307
 20
25.234582
 42
-0.068025
  0
VERTEX
  8
0
 10
178.706250
 20
24.587500
 42
-0.088204
  0
VERTEX
  8
0
 10
178.381882
 20
24.151477
 42
-0.191087
  0
VERTEX
  8
0
 10
178.000000
 20
24.000000
 42
-0.191087
  0
VERTEX
  8
0
 10
177.618118
 20
24.151477
 42
-0.088204
  0
VERTEX
  8
0
 10
177.293750
 20
24.587500
 42
-0.068025
  0
VERTEX
  8
0
 10
177.073693
 20
25.234582
 42
-0.048028
  0
VERTEX
  8
0
 10
177.000000
 20
26.000000
 42
0.051508
  0
VERTEX
  8
0
 10
176.920958
 20
26.765249
 42
0.071429
  0
VERTEX
  8
0
 10
176.685819
 20
27.412500
 42
0.091463
  0
VERTEX
  8
0
 10
176.338678
 20
27.847534
 42
0.180647
  0
VERTEX
  8
0
 10
175.930449
 20
28.000000
 42
0.216622
  0
VERTEX
  8
0
 10
175.547443
 20
27.825895
 42
0.099259
  0
VERTEX
  8
0
 10
175.268947
 20
27.339063
 42
0.070854
  0
VERTEX
  8
0
 10
175.136354
 20
26.611565
 42
0.045002
  0
SEQEND
  0
POLYLINE
  8
0
 66
1
 70
1
  0
VERTEX
  8
0
 10
182.000000
 20
25.500000
 42
0.059663
  0
VERTEX
  8
0
 10
182.216904
 20
23.688722
 42
0.316011
  0
VERTEX
  8
0
 10
182.927004
 20
23.065580
 42
0.321294
  0
VERTEX
  8
0
 10
183.741855
 20
23.525283
 42
0.060365
  0
VERTEX
  8
0
 10
184.303500
 20
25.250000
 42
0.000000
  0
VERTEX
  8
0
 10
184.746101
 20
27.500000
 42
0.000000
  0
VERTEX
  8
0
 10
185.489682
 20
25.250000
 42
0.063335
  0
VERTEX
  8
0
 10
186.144252
 20
23.879863
 42
0.128410
  0
VERTEX
  8
0
 10
187.017782
 20
23.077125
 42
0.323531
  0
VERTEX
  8
0
 10
187.680228
 20
23.169152
 42
0.204520
  0
VERTEX
  8
0
 10
188.000000
 20
23.918213
 42
0.076373
  0
VERTEX
  8
0
 10
187.745877
 20
25.572205
 42
0.105090
  0
VERTEX
  8
0
 10
187.008235
 20
26.877686
 42
0.113064
  0
VERTEX
  8
0
 10
185.851464
 20
27.706839
 42
0.099509
  0
VERTEX
  8
0
 10
184.393011
 20
28.000000
 42
0.050326
  0
VERTEX
  8
0
 10
183.197014
 20
27.879314
 42
0.152702
  0
VERTEX
  8
0
 10
182.489301
 20
27.488823
 42
0.146716
  0
VERTEX
  8
0
 10
182.113620
 20
26.753224
 42
0.045238
  0
SEQEND
  0
POLYLINE
  8
0
 66
1
 70
1
  0
VERTEX
  8
0
 10
206.408363
 20
26.621794
 42
0.098255
  0
VERTEX
  8
0
 10
206.161332
 20
25.187233
 42
0.155954
  0
VERTEX
  8
0
 10
206.567385
 20
24.019951
 42
0.147675
  0
VERTEX
  8
0
 10
207.598547
 20
23.262759
 42
0.085244
  0
VERTEX
  8
0
 10
209.128568
 20
23.000000
 42
0.062686
  0
VERTEX
  8
0
 10
210.075335
 20
23.119167
 42
0.170036
  0
VERTEX
  8
0
 10
210.630625
 20
23.488772
 42
0.151488
  0
VERTEX
  8
0
 10
210.871757
 20
24.157676
 42
0.046787
  0
VERTEX
  8
0
 10
210.819551
 20
25.239784
 42
0.132294
  0
VERTEX
  8
0
 10
210.143473
 20
26.817814
 42
0.150970
  0
VERTEX
  8
0
 10
208.794881
 20
27.746957
 42
0.187147
  0
VERTEX
  8
0
 10
207.368979
 20
27.652132
 42
0.194387
  0
SEQEND
  0
POLYLINE
  8
0
 66
1
 70
1
  0
VERTEX
  8
0
 10
209.749864
 20
24.416531
 42
-0.222509
  0
VERTEX
  8
0
 10
208.958406
 20
24.129854
 42
-0.148370
  0
VERTEX
  8
0
 10
208.049532
 20
24.498109
 42
-0.146836
  0
VERTEX
  8
0
 10
207.492512
 20
25.312904
 42
-0.218805
  0
VERTEX
  8
0
 10
207.596556
 20
26.156231
 42
-0.094625
  0
VERTEX
  8
0
 10
207.940704
 20
26.531428
 42
-0.169261
  0
VERTEX
  8
0
 10
208.335356
 20
26.655459
 42
-0.136091
  0
VERTEX
  8
0
 10
208.785686
 20
26.515485
 42
-0.053431
  0
VERTEX
  8
0
 10
209.296201
 20
26.103799
 42
-0.055675
  0
VERTEX
  8
0
 10
209.659942
 20
25.648583
 42
-0.075207
  0
VERTEX
  8
0
 10
209.871032
 20
25.166597
 42
-0.094570
  0
VERTEX
  8
0
 10
209.903147
 20
24.733892
 42
-0.169316
  0
SEQEND
  0
POLYLINE
  8
0
 66
1
 70
1
  0
VERTEX
  8
0
 10
212.603744
 20
26.409758
 42
0.082324
  0
VERTEX
  8
0
 10
212.313739
 20
24.994603
 42
0.164056
  0
VERTEX
  8
0
 10
212.634107
 20
23.910608
 42
0.161680
  0
VERTEX
  8
0
 10
213.550423
 20
23.231737
 42
0.079428
  0
VERTEX
  8
0
 10
215.000000
 20
23.000000
 42
0.044123
  0
VERTEX
  8
0
 10
215.761615
 20
23.067341
 42
0.045016
  0
VERTEX
  8
0
 10
216.494303
 20
23.267241
 42
0.049116
  0
VERTEX
  8
0
 10
217.094748
 20
23.560609
 42
0.116674
  0
VERTEX
  8
0
 10
217.444227
 20
23.909758
 42
0.162609
  0
VERTEX
  8
0
 10
217.736438
 20
25.151162
 42
0.112323
  0
VERTEX
  8
0
 10
217.285663
 20
26.534899
 42
0.109751
  0
VERTEX
  8
0
 10
216.268277
 20
27.611211
 42
0.149834
  0
VERTEX
  8
0
 10
215.000000
 20
28.000000
 42
0.081077
  0
VERTEX
  8
0
 10
214.271622
 20
27.881109
 42
0.065669
  0
VERTEX
  8
0
 10
213.559366
 20
27.532866
 42
0.066516
  0
VERTEX
  8
0
 10
212.970490
 20
27.017696
 42
0.088433
  0
SEQEND
  0
POLYLINE
  8
0
 66
1
 70
1
  0
VERTEX
  8
0
 10
215.604167
 20
24.270833
 42
-0.198339
  0
VERTEX
  8
0
 10
214.941134
 20
23.995338
 42
-0.274516
  0
VERTEX
  8
0
 10
214.399603
 20
24.315272
 42
-0.160291
  0
VERTEX
  8
0
 10
214.239822
 20
25.176395
 42
-0.105175
  0
VERTEX
  8
0
 10
214.582949
 20
26.134215
 42
-0.024362
  0
VERTEX
  8
0
 10
215.012891
 20
26.759582
 42
-0.233206
  0
VERTEX
  8
0
 10
215.294341
 20
26.899578
 42
-0.286646
  0
VERTEX
  8
0
 10
215.536207
 20
26.749629
 42
-0.033951
  0
VERTEX
  8
0
 10
215.787251
 20
26.138246
 42
-0.052621
  0
VERTEX
  8
0
 10
215.903448
 20
25.610215
 42
-0.052345
  0
VERTEX
  8
0
 10
215.907167
 20
25.068604
 42
-0.057227
  0
VERTEX
  8
0
 10
215.805016
 20
24.594136
 42
-0.115259
  0
SEQEND
  0
POLYLINE
  8
0
 66
1
 70
1
  0
VERTEX
  8
0
 10
219.031803
 20
25.250000
 42
0.006145
  0
VERTEX
  8
0
 10
219.074305
 20
23.468698
 42
0.266048
  0
VERTEX
  8
0
 10
219.265865
 20
23.160556
 42
0.359985
  0
VERTEX
  8
0
 10
219.575217
 20
23.222150
 42
0.008904
  0
VERTEX
  8
0
 10
220.531803
 20
24.441130
 42
0.027442
  0
VERTEX
  8
0
 10
221.639768
 20
26.086318
 42
0.137546
  0
VERTEX
  8
0
 10
221.927277
 20
27.148088
 42
0.286860
  0
VERTEX
  8
0
 10
221.532855
 20
27.766632
 42
0.111566
  0
VERTEX
  8
0
 10
220.500000
 20
28.000000
 42
0.145204
  0
VERTEX
  8
0
 10
219.863085
 20
27.811050
 42
0.126574
  0
VERTEX
  8
0
 10
219.391603
 20
27.296967
 42
0.086943
  0
VERTEX
  8
0
 10
219.110388
 20
26.439601
 42
0.038784
  0
SEQEND
  0
POLYLINE
  8
0
 66
1
 70
1
  0
VERTEX
  8
0
 10
234.380002
 20
26.547887
 42
0.105983
  0
VERTEX
  8
0
 10
234.154205
 20
25.105001
 42
0.170286
  0
VERTEX
  8
0
 10
234.626517
 20
23.966615
 42
0.142999
  0
VERTEX
  8
0
 10
235.792794
 20
23.241729
 42
0.068114
  0
VERTEX
  8
0
 10
237.559017
 20
23.000000
 42
0.048088
  0
VERTEX
  8
0
 10
238.787459
 20
23.118420
 42
0.152449
  0
VERTEX
  8
0
 10
239.505902
 20
23.506044
 42
0.149127
  0
VERTEX
  8
0
 10
239.885437
 20
24.239747
 42
0.045359
  0
VERTEX
  8
0
 10
240.000000
 20
25.500000
 42
0.045625
  0
VERTEX
  8
0
 10
239.883620
 20
26.772741
 42
0.153505
  0
VERTEX
  8
0
 10
239.496862
 20
27.503100
 42
0.151722
  0
VERTEX
  8
0
 10
238.758506
 20
27.885633
 42
0.044245
  0
VERTEX
  8
0
 10
237.468615
 20
28.000000
 42
0.053289
  0
VERTEX
  8
0
 10
236.459054
 20
27.892097
 42
0.056693
  0
VERTEX
  8
0
 10
235.517139
 20
27.573442
 42
0.063505
  0
VERTEX
  8
0
 10
234.778654
 20
27.103917
 42
0.128506
  0
SEQEND
  0
POLYLINE
  8
0
 66
1
 70
1
  0
VERTEX
  8
0
 10
237.604167
 20
24.270833
 42
-0.198339
  0
VERTEX
  8
0
 10
236.941134
 20
23.995338
 42
-0.274516
  0
VERTEX
  8
0
 10
236.399603
 20
24.315272
 42
-0.160291
  0
VERTEX
  8
0
 10
236.239822
 20
25.176395
 42
-0.105175
  0
VERTEX
  8
0
 10
236.582949
 20
26.134215
 42
-0.024362
  0
VERTEX
  8
0
 10
237.012891
 20
26.759582
 42
-0.233206
  0
VERTEX
  8
0
 10
237.294341
 20
26.899578
 42
-0.286646
  0
VERTEX
  8
0
 10
237.536207
 20
26.749629
 42
-0.033951
  0
VERTEX
  8
0
 10
237.787251
 20
26.138246
 42
-0.052621
  0
VERTEX
  8
0
 10
237.903448
 20
25.610215
 42
-0.052345
  0
VERTEX
  8
0
 10
237.907167
 20
25.068604
 42
-0.057227
  0
VERTEX
  8
0
 10
237.805016
 20
24.594136
 42
-0.115259
  0
SEQEND
  0
POLYLINE
  8
0
 66
1
 70
1
  0
VERTEX
  8
0
 10
241.666667
 20
27.333333
 42
0.148331
  0
VERTEX
  8
0
 10
241.127182
 20
26.324052
 42
0.064381
  0
VERTEX
  8
0
 10
241.023060
 20
24.790371
 42
0.071629
  0
VERTEX
  8
0
 10
241.301919
 20
23.441151
 42
0.315914
  0
VERTEX
  8
0
 10
241.930449
 20
23.000000
 42
0.196603
  0
VERTEX
  8
0
 10
242.318953
 20
23.158904
 42
0.061670
  0
VERTEX
  8
0
 10
242.717593
 20
23.660937
 42
0.050906
  0
VERTEX
  8
0
 10
243.065725
 20
24.388685
 42
0.037577
  0
VERTEX
  8
0
 10
243.303500
 20
25.250000
 42
0.000000
  0
VERTEX
  8
0
 10
243.746101
 20
27.500000
 42
0.000000
  0
VERTEX
  8
0
 10
244.489682
 20
25.250000
 42
0.063335
  0
VERTEX
  8
0
 10
245.144252
 20
23.879863
 42
0.128410
  0
VERTEX
  8
0
 10
246.017782
 20
23.077125
 42
0.323531
  0
VERTEX
  8
0
 10
246.680228
 20
23.169152
 42
0.204520
  0
VERTEX
  8
0
 10
247.000000
 20
23.918213
 42
0.117054
  0
VERTEX
  8
0
 10
246.491474
 20
26.060635
 42
0.134592
  0
VERTEX
  8
0
 10
245.087740
 20
27.617660
 42
0.161772
  0
VERTEX
  8
0
 10
243.288760
 20
28.074688
 42
0.180270
  0
SEQEND
  0
ENDSEC
  0
EOF
