  0
SECTION
  2
HEADER
  9
$ACADVER
  1
AC1006
  9
$EXTMIN
 10
0.000000
 20
0.000000
 30
0.000000
  9
$EXTMAX
 10
842.000000
 20
569.000000
 30
0.000000
  0
ENDSEC
  0
SECTION
  2
ENTITIES
  0
POLYLINE
  8
0
 66
1
 70
1
  0
VERTEX
  8
0
 10
141.250000
 20
558.310674
 42
-0.042954
  0
VERTEX
  8
0
 10
141.919656
 20
558.072686
 42
-0.053930
  0
VERTEX
  8
0
 10
142.485938
 20
557.737018
 42
-0.063987
  0
VERTEX
  8
0
 10
142.874169
 20
557.360086
 42
-0.169692
  0
VERTEX
  8
0
 10
143.000000
 20
557.000000
 42
-0.169692
  0
VERTEX
  8
0
 10
142.874169
 20
556.639914
 42
-0.063987
  0
VERTEX
  8
0
 10
142.485938
 20
556.262982
 42
-0.053930
  0
VERTEX
  8
0
 10
141.919656
 20
555.927314
 42
-0.042954
  0
VERTEX
  8
0
 10
141.250000
 20
555.689326
 42
0.011590
  0
VERTEX
  8
0
 10
140.411700
 20
555.449367
 42
0.541772
  0
VERTEX
  8
0
 10
140.371220
 20
555.306344
 42
0.197309
  0
VERTEX
  8
0
 10
140.607705
 20
555.187999
 42
0.005718
  0
VERTEX
  8
0
 10
141.750000
 20
555.116001
 42
0.052892
  0
VERTEX
  8
0
 10
142.797666
 20
555.172814
 42
0.135122
  0
VERTEX
  8
0
 10
143.483250
 20
555.485975
 42
0.149531
  0
VERTEX
  8
0
 10
143.870529
 20
556.081183
 42
0.070109
  0
VERTEX
  8
0
 10
144.000000
 20
557.000000
 42
0.070109
  0
VERTEX
  8
0
 10
143.870529
 20
557.918817
 42
0.149531
  0
VERTEX
  8
0
 10
143.483250
 20
558.514025
 42
0.135122
  0
VERTEX
  8
0
 10
142.797666
 20
558.827186
 42
0.052892
  0
VERTEX
  8
0
 10
141.750000
 20
558.883999
 42
0.005718
  0
VERTEX
  8
0
 10
140.607705
 20
558.812001
 42
0.197309
  0
VERTEX
  8
0
 10
140.371220
 20
558.693656
 42
0.541772
  0
VERTEX
  8
0
 10
140.411700
 20
558.550633
 42
0.011590
  0
SEQEND
  0
POLYLINE
  8
0
 66
1
 70
1
  0
VERTEX
  8
0
 10
146.116001
 20
555.319551
 42
0.011639
  0
VERTEX
  8
0
 10
146.189529
 20
553.950072
 42
0.048371
  0
VERTEX
  8
0
 10
146.332266
 20
553.136056
 42
0.443513
  0
VERTEX
  8
0
 10
146.508581
 20
553.047456
 42
0.240996
  0
VERTEX
  8
0
 10
146.689326
 20
553.250000
 42
-0.081312
  0
VERTEX
  8
0
 10
147.241961
 20
554.494593
 42
-0.247215
  0
VERTEX
  8
0
 10
148.026326
 20
554.929165
 42
-0.210953
  0
VERTEX
  8
0
 10
148.931873
 20
554.552080
 42
-0.062632
  0
VERTEX
  8
0
 10
149.842498
 20
553.316956
 42
0.053175
  0
VERTEX
  8
0
 10
150.288093
 20
552.688092
 42
0.547280
  0
VERTEX
  8
0
 10
150.546790
 20
552.728093
 42
0.108517
  0
VERTEX
  8
0
 10
150.671900
 20
553.346264
 42
0.008174
  0
VERTEX
  8
0
 10
150.615365
 20
555.066956
 42
0.028200
  0
VERTEX
  8
0
 10
150.429273
 20
556.823036
 42
0.101739
  0
VERTEX
  8
0
 10
150.029951
 20
557.868861
 42
0.140861
  0
VERTEX
  8
0
 10
149.332591
 20
558.484694
 42
0.075331
  0
VERTEX
  8
0
 10
148.223176
 20
558.819551
 42
0.061003
  0
VERTEX
  8
0
 10
147.006589
 20
558.844984
 42
0.236232
  0
VERTEX
  8
0
 10
146.387848
 20
558.452818
 42
0.128945
  0
VERTEX
  8
0
 10
146.114476
 20
557.521288
 42
0.014835
  0
SEQEND
  0
POLYLINE
  8
0
 66
1
 70
1
  0
VERTEX
  8
0
 10
150.000000
 20
557.000000
 42
-0.148195
  0
VERTEX
  8
0
 10
149.884432
 20
556.618646
 42
-0.098894
  0
VERTEX
  8
0
 10
149.559375
 20
556.293750
 42
-0.082425
  0
VERTEX
  8
0
 10
149.073457
 20
556.074694
 42
-0.064853
  0
VERTEX
  8
0
 10
148.500000
 20
556.000000
 42
-0.064853
  0
VERTEX
  8
0
 10
147.926543
 20
556.074694
 42
-0.082425
  0
VERTEX
  8
0
 10
147.440625
 20
556.293750
 42
-0.098894
  0
VERTEX
  8
0
 10
147.115568
 20
556.618646
 42
-0.148195
  0
VERTEX
  8
0
 10
147.000000
 20
557.000000
 42
-0.148195
  0
VERTEX
  8
0
 10
147.115568
 20
557.381354
 42
-0.098894
  0
VERTEX
  8
0
 10
147.440625
 20
557.706250
 42
-0.082425
  0
VERTEX
  8
0
 10
147.926543
 20
557.925306
 42
-0.064853
  0
VERTEX
  8
0
 10
148.500000
 20
558.000000
 42
-0.064853
  0
VERTEX
  8
0
 10
149.073457
 20
557.925306
 42
-0.082425
  0
VERTEX
  8
0
 10
149.559375
 20
557.706250
 42
-0.098894
  0
VERTEX
  8
0
 10
149.884432
 20
557.381354
 42
-0.148195
  0
SEQEND
  0
POLYLINE
  8
0
 66
1
 70
1
  0
VERTEX
  8
0
 10
153.232003
 20
555.500000
 42
0.010016
  0
VERTEX
  8
0
 10
153.260811
 20
554.062099
 42
0.040136
  0
VERTEX
  8
0
 10
153.366341
 20
553.189062
 42
0.421517
  0
VERTEX
  8
0
 10
153.522680
 20
553.088315
 42
0.279395
  0
VERTEX
  8
0
 10
153.689326
 20
553.250000
 42
-0.068007
  0
VERTEX
  8
0
 10
153.965404
 20
553.918939
 42
-0.068913
  0
VERTEX
  8
0
 10
154.409857
 20
554.485937
 42
-0.075394
  0
VERTEX
  8
0
 10
154.948477
 20
554.868723
 42
-0.117373
  0
VERTEX
  8
0
 10
155.500000
 20
555.000000
 42
-0.117373
  0
VERTEX
  8
0
 10
156.051523
 20
554.868723
 42
-0.075394
  0
VERTEX
  8
0
 10
156.590143
 20
554.485937
 42
-0.068913
  0
VERTEX
  8
0
 10
157.034596
 20
553.918939
 42
-0.068007
  0
VERTEX
  8
0
 10
157.310674
 20
553.250000
 42
0.279395
  0
VERTEX
  8
0
 10
157.477320
 20
553.088315
 42
0.421517
  0
VERTEX
  8
0
 10
157.633659
 20
553.189062
 42
0.040136
  0
VERTEX
  8
0
 10
157.739189
 20
554.062099
 42
0.010016
  0
VERTEX
  8
0
 10
157.767997
 20
555.500000
 42
0.010016
  0
VERTEX
  8
0
 10
157.739189
 20
556.937901
 42
0.040136
  0
VERTEX
  8
0
 10
157.633659
 20
557.810938
 42
0.421517
  0
VERTEX
  8
0
 10
157.477320
 20
557.911685
 42
0.279395
  0
VERTEX
  8
0
 10
157.310674
 20
557.750000
 42
-0.068007
  0
VERTEX
  8
0
 10
157.034596
 20
557.081061
 42
-0.068913
  0
VERTEX
  8
0
 10
156.590143
 20
556.514063
 42
-0.075394
  0
VERTEX
  8
0
 10
156.051523
 20
556.131277
 42
-0.117373
  0
VERTEX
  8
0
 10
155.500000
 20
556.000000
 42
-0.117373
  0
VERTEX
  8
0
 10
154.948477
 20
556.131277
 42
-0.075394
  0
VERTEX
  8
0
 10
154.409857
 20
556.514063
 42
-0.068913
  0
VERTEX
  8
0
 10
153.965404
 20
557.081061
 42
-0.068007
  0
VERTEX
  8
0
 10
153.689326
 20
557.750000
 42
0.279395
  0
VERTEX
  8
0
 10
153.522680
 20
557.911685
 42
0.421517
  0
VERTEX
  8
0
 10
153.366341
 20
557.810938
 42
0.040136
  0
VERTEX
  8
0
 10
153.260811
 20
556.937901
 42
0.010016
  0
SEQEND
  0
POLYLINE
  8
0
 66
1
 70
1
  0
VERTEX
  8
0
 10
163.812500
 20
558.316886
 42
0.051402
  0
VERTEX
  8
0
 10
164.359369
 20
558.160852
 42
0.054150
  0
VERTEX
  8
0
 10
164.916927
 20
558.123424
 42
0.060344
  0
VERTEX
  8
0
 10
165.402231
 20
558.202593
 42
0.126455
  0
VERTEX
  8
0
 10
165.729167
 20
558.395833
 42
0.296942
  0
VERTEX
  8
0
 10
165.775380
 20
558.614691
 42
0.208169
  0
VERTEX
  8
0
 10
165.592839
 20
558.799335
 42
0.077125
  0
VERTEX
  8
0
 10
165.112848
 20
558.910055
 42
0.028489
  0
VERTEX
  8
0
 10
164.416667
 20
558.921053
 42
0.018894
  0
VERTEX
  8
0
 10
163.670344
 20
558.862007
 42
0.168741
  0
VERTEX
  8
0
 10
163.378580
 20
558.720685
 42
0.470617
  0
VERTEX
  8
0
 10
163.395823
 20
558.538436
 42
0.054073
  0
SEQEND
  0
POLYLINE
  8
0
 66
1
 70
1
  0
VERTEX
  8
0
 10
168.000000
 20
558.606989
 42
0.222225
  0
VERTEX
  8
0
 10
168.087111
 20
558.420671
 42
0.030693
  0
VERTEX
  8
0
 10
168.440625
 20
558.160341
 42
0.030395
  0
VERTEX
  8
0
 10
168.925442
 20
557.887494
 42
0.021360
  0
VERTEX
  8
0
 10
169.500000
 20
557.638374
 42
0.055937
  0
VERTEX
  8
0
 10
170.074366
 20
557.488865
 42
0.100118
  0
VERTEX
  8
0
 10
170.559375
 20
557.516384
 42
0.147206
  0
VERTEX
  8
0
 10
170.877514
 20
557.710807
 42
0.184534
  0
VERTEX
  8
0
 10
171.000000
 20
558.031385
 42
0.152681
  0
VERTEX
  8
0
 10
170.884506
 20
558.400789
 42
0.098158
  0
VERTEX
  8
0
 10
170.559375
 20
558.715469
 42
0.080880
  0
VERTEX
  8
0
 10
170.073532
 20
558.927770
 42
0.062722
  0
VERTEX
  8
0
 10
169.500000
 20
559.000000
 42
0.024748
  0
VERTEX
  8
0
 10
168.925176
 20
558.971531
 42
0.039339
  0
VERTEX
  8
0
 10
168.440625
 20
558.884553
 42
0.046727
  0
VERTEX
  8
0
 10
168.096084
 20
558.758929
 42
0.289661
  0
SEQEND
  0
POLYLINE
  8
0
 66
1
 70
1
  0
VERTEX
  8
0
 10
176.000000
 20
557.500000
 42
0.116238
  0
VERTEX
  8
0
 10
176.134550
 20
556.929049
 42
0.101436
  0
VERTEX
  8
0
 10
176.514062
 20
556.445123
 42
0.094034
  0
VERTEX
  8
0
 10
177.081711
 20
556.123084
 42
0.084520
  0
VERTEX
  8
0
 10
177.750000
 20
556.015313
 42
0.015246
  0
VERTEX
  8
0
 10
178.635609
 20
556.050082
 42
0.278496
  0
VERTEX
  8
0
 10
178.857048
 20
556.205828
 42
0.348700
  0
VERTEX
  8
0
 10
178.795767
 20
556.439555
 42
0.019656
  0
VERTEX
  8
0
 10
178.136847
 20
556.894262
 42
-0.022213
  0
VERTEX
  8
0
 10
177.426195
 20
557.390051
 42
-0.233412
  0
VERTEX
  8
0
 10
177.273695
 20
557.698930
 42
-0.275386
  0
VERTEX
  8
0
 10
177.436975
 20
557.972905
 42
-0.029355
  0
VERTEX
  8
0
 10
178.136847
 20
558.300002
 42
0.023718
  0
VERTEX
  8
0
 10
178.709835
 20
558.559972
 42
0.438953
  0
VERTEX
  8
0
 10
178.757373
 20
558.731622
 42
0.232968
  0
VERTEX
  8
0
 10
178.544200
 20
558.864069
 42
0.013273
  0
VERTEX
  8
0
 10
177.750000
 20
558.921053
 42
0.084943
  0
VERTEX
  8
0
 10
177.081752
 20
558.837493
 42
0.097345
  0
VERTEX
  8
0
 10
176.514062
 20
558.536184
 42
0.105533
  0
VERTEX
  8
0
 10
176.134948
 20
558.065902
 42
0.117584
  0
SEQEND
  0
POLYLINE
  8
0
 66
1
 70
1
  0
VERTEX
  8
0
 10
181.000000
 20
558.606989
 42
0.222225
  0
VERTEX
  8
0
 10
181.087111
 20
558.420671
 42
0.030693
  0
VERTEX
  8
0
 10
181.440625
 20
558.160341
 42
0.030395
  0
VERTEX
  8
0
 10
181.925442
 20
557.887494
 42
0.021360
  0
VERTEX
  8
0
 10
182.500000
 20
557.638374
 42
0.055937
  0
VERTEX
  8
0
 10
183.074366
 20
557.488865
 42
0.100118
  0
VERTEX
  8
0
 10
183.559375
 20
557.516384
 42
0.147206
  0
VERTEX
  8
0
 10
183.877514
 20
557.710807
 42
0.184534
  0
VERTEX
  8
0
 10
184.000000
 20
558.031385
 42
0.152681
  0
VERTEX
  8
0
 10
183.884506
 20
558.400789
 42
0.098158
  0
VERTEX
  8
0
 10
183.559375
 20
558.715469
 42
0.080880
  0
VERTEX
  8
0
 10
183.073532
 20
558.927770
 42
0.062722
  0
VERTEX
  8
0
 10
182.500000
 20
559.000000
 42
0.024748
  0
VERTEX
  8
0
 10
181.925176
 20
558.971531
 42
0.039339
  0
VERTEX
  8
0
 10
181.440625
 20
558.884553
 42
0.046727
  0
VERTEX
  8
0
 10
181.096084
 20
558.758929
 42
0.289661
  0
SEQEND
  0
POLYLINE
  8
0
 66
1
 70
1
  0
VERTEX
  8
0
 10
187.250000
 20
558.310674
 42
-0.042954
  0
VERTEX
  8
0
 10
187.919656
 20
558.072686
 42
-0.053930
  0
VERTEX
  8
0
 10
188.485938
 20
557.737018
 42
-0.063987
  0
VERTEX
  8
0
 10
188.874169
 20
557.360086
 42
-0.169692
  0
VERTEX
  8
0
 10
189.000000
 20
557.000000
 42
-0.169692
  0
VERTEX
  8
0
 10
188.874169
 20
556.639914
 42
-0.063987
  0
VERTEX
  8
0
 10
188.485938
 20
556.262982
 42
-0.053930
  0
VERTEX
  8
0
 10
187.919656
 20
555.927314
 42
-0.042954
  0
VERTEX
  8
0
 10
187.250000
 20
555.689326
 42
0.011590
  0
VERTEX
  8
0
 10
186.411700
 20
555.449367
 42
0.541772
  0
VERTEX
  8
0
 10
186.371220
 20
555.306344
 42
0.197309
  0
VERTEX
  8
0
 10
186.607705
 20
555.187999
 42
0.005718
  0
VERTEX
  8
0
 10
187.750000
 20
555.116001
 42
0.052892
  0
VERTEX
  8
0
 10
188.797666
 20
555.172814
 42
0.135122
  0
VERTEX
  8
0
 10
189.483250
 20
555.485975
 42
0.149531
  0
VERTEX
  8
0
 10
189.870529
 20
556.081183
 42
0.070109
  0
VERTEX
  8
0
 10
190.000000
 20
557.000000
 42
0.070109
  0
VERTEX
  8
0
 10
189.870529
 20
557.918817
 42
0.149531
  0
VERTEX
  8
0
 10
189.483250
 20
558.514025
 42
0.135122
  0
VERTEX
  8
0
 10
188.797666
 20
558.827186
 42
0.052892
  0
VERTEX
  8
0
 10
187.750000
 20
558.883999
 42
0.005718
  0
VERTEX
  8
0
 10
186.607705
 20
558.812001
 42
0.197309
  0
VERTEX
  8
0
 10
186.371220
 20
558.693656
 42
0.541772
  0
VERTEX
  8
0
 10
186.411700
 20
558.550633
 42
0.011590
  0
SEQEND
  0
POLYLINE
  8
0
 66
1
 70
1
  0
VERTEX
  8
0
 10
192.116001
 20
555.319551
 42
0.011639
  0
VERTEX
  8
0
 10
192.189529
 20
553.950072
 42
0.048371
  0
VERTEX
  8
0
 10
192.332266
 20
553.136056
 42
0.443513
  0
VERTEX
  8
0
 10
192.508581
 20
553.047456
 42
0.240996
  0
VERTEX
  8
0
 10
192.689326
 20
553.250000
 42
-0.081312
  0
VERTEX
  8
0
 10
193.241961
 20
554.494593
 42
-0.247215
  0
VERTEX
  8
0
 10
194.026326
 20
554.929165
 42
-0.210953
  0
VERTEX
  8
0
 10
194.931873
 20
554.552080
 42
-0.062632
  0
VERTEX
  8
0
 10
195.842498
 20
553.316956
 42
0.053175
  0
VERTEX
  8
0
 10
196.288093
 20
552.688092
 42
0.547280
  0
VERTEX
  8
0
 10
196.546790
 20
552.728093
 42
0.108517
  0
VERTEX
  8
0
 10
196.671900
 20
553.346264
 42
0.008174
  0
VERTEX
  8
0
 10
196.615365
 20
555.066956
 42
0.028200
  0
VERTEX
  8
0
 10
196.429273
 20
556.823036
 42
0.101739
  0
VERTEX
  8
0
 10
196.029951
 20
557.868861
 42
0.140861
  0
VERTEX
  8
0
 10
195.332591
 20
558.484694
 42
0.075331
  0
VERTEX
  8
0
 10
194.223176
 20
558.819551
 42
0.061003
  0
VERTEX
  8
0
 10
193.006589
 20
558.844984
 42
0.236232
  0
VERTEX
  8
0
 10
192.387848
 20
558.452818
 42
0.128945
  0
VERTEX
  8
0
 10
192.114476
 20
557.521288
 42
0.014835
  0
SEQEND
  0
POLYLINE
  8
0
 66
1
 70
1
  0
VERTEX
  8
0
 10
196.000000
 20
557.000000
 42
-0.148195
  0
VERTEX
  8
0
 10
195.884432
 20
556.618646
 42
-0.098894
  0
VERTEX
  8
0
 10
195.559375
 20
556.293750
 42
-0.082425
  0
VERTEX
  8
0
 10
195.073457
 20
556.074694
 42
-0.064853
  0
VERTEX
  8
0
 10
194.500000
 20
556.000000
 42
-0.064853
  0
VERTEX
  8
0
 10
193.926543
 20
556.074694
 42
-0.082425
  0
VERTEX
  8
0
 10
193.440625
 20
556.293750
 42
-0.098894
  0
VERTEX
  8
0
 10
193.115568
 20
556.618646
 42
-0.148195
  0
VERTEX
  8
0
 10
193.000000
 20
557.000000
 42
-0.148195
  0
VERTEX
  8
0
 10
193.115568
 20
557.381354
 42
-0.098894
  0
VERTEX
  8
0
 10
193.440625
 20
557.706250
 42
-0.082425
  0
VERTEX
  8
0
 10
193.926543
 20
557.925306
 42
-0.064853
  0
VERTEX
  8
0
 10
194.500000
 20
558.000000
 42
-0.064853
  0
VERTEX
  8
0
 10
195.073457
 20
557.925306
 42
-0.082425
  0
VERTEX
  8
0
 10
195.559375
 20
557.706250
 42
-0.098894
  0
VERTEX
  8
0
 10
195.884432
 20
557.381354
 42
-0.148195
  0
SEQEND
  0
POLYLINE
  8
0
 66
1
 70
1
  0
VERTEX
  8
0
 10
199.232003
 20
555.500000
 42
0.010016
  0
VERTEX
  8
0
 10
199.260811
 20
554.062099
 42
0.040136
  0
VERTEX
  8
0
 10
199.366341
 20
553.189062
 42
0.421517
  0
VERTEX
  8
0
 10
199.522680
 20
553.088315
 42
0.279395
  0
VERTEX
  8
0
 10
199.689326
 20
553.250000
 42
-0.068007
  0
VERTEX
  8
0
 10
199.965404
 20
553.918939
 42
-0.068913
  0
VERTEX
  8
0
 10
200.409857
 20
554.485937
 42
-0.075394
  0
VERTEX
  8
0
 10
200.948477
 20
554.868723
 42
-0.117373
  0
VERTEX
  8
0
 10
201.500000
 20
555.000000
 42
-0.117373
  0
VERTEX
  8
0
 10
202.051523
 20
554.868723
 42
-0.075394
  0
VERTEX
  8
0
 10
202.590143
 20
554.485937
 42
-0.068913
  0
VERTEX
  8
0
 10
203.034596
 20
553.918939
 42
-0.068007
  0
VERTEX
  8
0
 10
203.310674
 20
553.250000
 42
0.279395
  0
VERTEX
  8
0
 10
203.477320
 20
553.088315
 42
0.421517
  0
VERTEX
  8
0
 10
203.633659
 20
553.189062
 42
0.040136
  0
VERTEX
  8
0
 10
203.739189
 20
554.062099
 42
0.010016
  0
VERTEX
  8
0
 10
203.767997
 20
555.500000
 42
0.010016
  0
VERTEX
  8
0
 10
203.739189
 20
556.937901
 42
0.040136
  0
VERTEX
  8
0
 10
203.633659
 20
557.810938
 42
0.421517
  0
VERTEX
  8
0
 10
203.477320
 20
557.911685
 42
0.279395
  0
VERTEX
  8
0
 10
203.310674
 20
557.750000
 42
-0.068007
  0
VERTEX
  8
0
 10
203.034596
 20
557.081061
 42
-0.068913
  0
VERTEX
  8
0
 10
202.590143
 20
556.514063
 42
-0.075394
  0
VERTEX
  8
0
 10
202.051523
 20
556.131277
 42
-0.117373
  0
VERTEX
  8
0
 10
201.500000
 20
556.000000
 42
-0.117373
  0
VERTEX
  8
0
 10
200.948477
 20
556.131277
 42
-0.075394
  0
VERTEX
  8
0
 10
200.409857
 20
556.514063
 42
-0.068913
  0
VERTEX
  8
0
 10
199.965404
 20
557.081061
 42
-0.068007
  0
VERTEX
  8
0
 10
199.689326
 20
557.750000
 42
0.279395
  0
VERTEX
  8
0
 10
199.522680
 20
557.911685
 42
0.421517
  0
VERTEX
  8
0
 10
199.366341
 20
557.810938
 42
0.040136
  0
VERTEX
  8
0
 10
199.260811
 20
556.937901
 42
0.010016
  0
SEQEND
  0
POLYLINE
  8
0
 66
1
 70
1
  0
VERTEX
  8
0
 10
209.812500
 20
558.316886
 42
0.051402
  0
VERTEX
  8
0
 10
210.359369
 20
558.160852
 42
0.054150
  0
VERTEX
  8
0
 10
210.916927
 20
558.123424
 42
0.060344
  0
VERTEX
  8
0
 10
211.402231
 20
558.202593
 42
0.126455
  0
VERTEX
  8
0
 10
211.729167
 20
558.395833
 42
0.296942
  0
VERTEX
  8
0
 10
211.775380
 20
558.614691
 42
0.208169
  0
VERTEX
  8
0
 10
211.592839
 20
558.799335
 42
0.077125
  0
VERTEX
  8
0
 10
211.112848
 20
558.910055
 42
0.028489
  0
VERTEX
  8
0
 10
210.416667
 20
558.921053
 42
0.018894
  0
VERTEX
  8
0
 10
209.670344
 20
558.862007
 42
0.168741
  0
VERTEX
  8
0
 10
209.378580
 20
558.720685
 42
0.470617
  0
VERTEX
  8
0
 10
209.395823
 20
558.538436
 42
0.054073
  0
SEQEND
  0
POLYLINE
  8
0
 66
1
 70
1
  0
VERTEX
  8
0
 10
214.000000
 20
558.606989
 42
0.222225
  0
VERTEX
  8
0
 10
214.087111
 20
558.420671
 42
0.030693
  0
VERTEX
  8
0
 10
214.440625
 20
558.160341
 42
0.030395
  0
VERTEX
  8
0
 10
214.925442
 20
557.887494
 42
0.021360
  0
VERTEX
  8
0
 10
215.500000
 20
557.638374
 42
0.055937
  0
VERTEX
  8
0
 10
216.074366
 20
557.488865
 42
0.100118
  0
VERTEX
  8
0
 10
216.559375
 20
557.516384
 42
0.147206
  0
VERTEX
  8
0
 10
216.877514
 20
557.710807
 42
0.184534
  0
VERTEX
  8
0
 10
217.000000
 20
558.031385
 42
0.152681
  0
VERTEX
  8
0
 10
216.884506
 20
558.400789
 42
0.098158
  0
VERTEX
  8
0
 10
216.559375
 20
558.715469
 42
0.080880
  0
VERTEX
  8
0
 10
216.073532
 20
558.927770
 42
0.062722
  0
VERTEX
  8
0
 10
215.500000
 20
559.000000
 42
0.024748
  0
VERTEX
  8
0
 10
214.925176
 20
558.971531
 42
0.039339
  0
VERTEX
  8
0
 10
214.440625
 20
558.884553
 42
0.046727
  0
VERTEX
  8
0
 10
214.096084
 20
558.758929
 42
0.289661
  0
SEQEND
  0
POLYLINE
  8
0
 66
1
 70
1
  0
VERTEX
  8
0
 10
222.000000
 20
557.500000
 42
0.116238
  0
VERTEX
  8
0
 10
222.134550
 20
556.929049
 42
0.101436
  0
VERTEX
  8
0
 10
222.514062
 20
556.445123
 42
0.094034
  0
VERTEX
  8
0
 10
223.081711
 20
556.123084
 42
0.084520
  0
VERTEX
  8
0
 10
223.750000
 20
556.015313
 42
0.015246
  0
VERTEX
  8
0
 10
224.635609
 20
556.050082
 42
0.278496
  0
VERTEX
  8
0
 10
224.857048
 20
556.205828
 42
0.348700
  0
VERTEX
  8
0
 10
224.795767
 20
556.439555
 42
0.019656
  0
VERTEX
  8
0
 10
224.136847
 20
556.894262
 42
-0.022213
  0
VERTEX
  8
0
 10
223.426195
 20
557.390051
 42
-0.233412
  0
VERTEX
  8
0
 10
223.273695
 20
557.698930
 42
-0.275386
  0
VERTEX
  8
0
 10
223.436975
 20
557.972905
 42
-0.029355
  0
VERTEX
  8
0
 10
224.136847
 20
558.300002
 42
0.023718
  0
VERTEX
  8
0
 10
224.709835
 20
558.559972
 42
0.438953
  0
VERTEX
  8
0
 10
224.757373
 20
558.731622
 42
0.232968
  0
VERTEX
  8
0
 10
224.544200
 20
558.864069
 42
0.013273
  0
VERTEX
  8
0
 10
223.750000
 20
558.921053
 42
0.084943
  0
VERTEX
  8
0
 10
223.081752
 20
558.837493
 42
0.097345
  0
VERTEX
  8
0
 10
222.514062
 20
558.536184
 42
0.105533
  0
VERTEX
  8
0
 10
222.134948
 20
558.065902
 42
0.117584
  0
SEQEND
  0
POLYLINE
  8
0
 66
1
 70
1
  0
VERTEX
  8
0
 10
227.000000
 20
558.606989
 42
0.222225
  0
VERTEX
  8
0
 10
227.087111
 20
558.420671
 42
0.030693
  0
VERTEX
  8
0
 10
227.440625
 20
558.160341
 42
0.030395
  0
VERTEX
  8
0
 10
227.925442
 20
557.887494
 42
0.021360
  0
VERTEX
  8
0
 10
228.500000
 20
557.638374
 42
0.055937
  0
VERTEX
  8
0
 10
229.074366
 20
557.488865
 42
0.100118
  0
VERTEX
  8
0
 10
229.559375
 20
557.516384
 42
0.147206
  0
VERTEX
  8
0
 10
229.877514
 20
557.710807
 42
0.184534
  0
VERTEX
  8
0
 10
230.000000
 20
558.031385
 42
0.152681
  0
VERTEX
  8
0
 10
229.884506
 20
558.400789
 42
0.098158
  0
VERTEX
  8
0
 10
229.559375
 20
558.715469
 42
0.080880
  0
VERTEX
  8
0
 10
229.073532
 20
558.927770
 42
0.062722
  0
VERTEX
  8
0
 10
228.500000
 20
559.000000
 42
0.024748
  0
VERTEX
  8
0
 10
227.925176
 20
558.971531
 42
0.039339
  0
VERTEX
  8
0
 10
227.440625
 20
558.884553
 42
0.046727
  0
VERTEX
  8
0
 10
227.096084
 20
558.758929
 42
0.289661
  0
SEQEND
  0
POLYLINE
  8
0
 66
1
 70
1
  0
VERTEX
  8
0
 10
164.500000
 20
553.000000
 42
0.007086
  0
VERTEX
  8
0
 10
163.414842
 20
552.515361
 42
0.206801
  0
VERTEX
  8
0
 10
163.217153
 20
552.293900
 42
0.479221
  0
VERTEX
  8
0
 10
163.320418
 20
552.133810
 42
0.015651
  0
VERTEX
  8
0
 10
164.190983
 20
552.070285
 42
0.054957
  0
VERTEX
  8
0
 10
164.883647
 20
552.117642
 42
0.051224
  0
VERTEX
  8
0
 10
165.566787
 20
552.314396
 42
0.054947
  0
VERTEX
  8
0
 10
166.140070
 20
552.622072
 42
0.104092
  0
VERTEX
  8
0
 10
166.500000
 20
553.000000
 42
0.027810
  0
VERTEX
  8
0
 10
166.876953
 20
553.693352
 42
0.550582
  0
VERTEX
  8
0
 10
166.769967
 20
553.862409
 42
0.099104
  0
VERTEX
  8
0
 10
166.328061
 20
553.773951
 42
0.002683
  0
SEQEND
  0
POLYLINE
  8
0
 66
1
 70
1
  0
VERTEX
  8
0
 10
182.000000
 20
553.000000
 42
0.011213
  0
VERTEX
  8
0
 10
181.169589
 20
552.436556
 42
0.309569
  0
VERTEX
  8
0
 10
181.083458
 20
552.201904
 42
0.327416
  0
VERTEX
  8
0
 10
181.271084
 20
552.047261
 42
0.011938
  0
VERTEX
  8
0
 10
182.250000
 20
552.015313
 42
0.055234
  0
VERTEX
  8
0
 10
182.919445
 20
552.083567
 42
0.075283
  0
VERTEX
  8
0
 10
183.485938
 20
552.298248
 42
0.095191
  0
VERTEX
  8
0
 10
183.865757
 20
552.619685
 42
0.171310
  0
VERTEX
  8
0
 10
184.000000
 20
553.000000
 42
0.042895
  0
VERTEX
  8
0
 10
183.938046
 20
553.720828
 42
0.364836
  0
VERTEX
  8
0
 10
183.707705
 20
553.914708
 42
0.137048
  0
VERTEX
  8
0
 10
183.262820
 20
553.790433
 42
0.007234
  0
SEQEND
  0
POLYLINE
  8
0
 66
1
 70
1
  0
VERTEX
  8
0
 10
210.500000
 20
553.000000
 42
0.007086
  0
VERTEX
  8
0
 10
209.414842
 20
552.515361
 42
0.206801
  0
VERTEX
  8
0
 10
209.217153
 20
552.293900
 42
0.479221
  0
VERTEX
  8
0
 10
209.320418
 20
552.133810
 42
0.015651
  0
VERTEX
  8
0
 10
210.190983
 20
552.070285
 42
0.054957
  0
VERTEX
  8
0
 10
210.883647
 20
552.117642
 42
0.051224
  0
VERTEX
  8
0
 10
211.566787
 20
552.314396
 42
0.054947
  0
VERTEX
  8
0
 10
212.140070
 20
552.622072
 42
0.104092
  0
VERTEX
  8
0
 10
212.500000
 20
553.000000
 42
0.027810
  0
VERTEX
  8
0
 10
212.876953
 20
553.693352
 42
0.550582
  0
VERTEX
  8
0
 10
212.769967
 20
553.862409
 42
0.099104
  0
VERTEX
  8
0
 10
212.328061
 20
553.773951
 42
0.002683
  0
SEQEND
  0
POLYLINE
  8
0
 66
1
 70
1
  0
VERTEX
  8
0
 10
228.000000
 20
553.000000
 42
0.011213
  0
VERTEX
  8
0
 10
227.169589
 20
552.436556
 42
0.309569
  0
VERTEX
  8
0
 10
227.083458
 20
552.201904
 42
0.327416
  0
VERTEX
  8
0
 10
227.271084
 20
552.047261
 42
0.011938
  0
VERTEX
  8
0
 10
228.250000
 20
552.015313
 42
0.055234
  0
VERTEX
  8
0
 10
228.919445
 20
552.083567
 42
0.075283
  0
VERTEX
  8
0
 10
229.485938
 20
552.298248
 42
0.095191
  0
VERTEX
  8
0
 10
229.865757
 20
552.619685
 42
0.171310
  0
VERTEX
  8
0
 10
230.000000
 20
553.000000
 42
0.042895
  0
VERTEX
  8
0
 10
229.938046
 20
553.720828
 42
0.364836
  0
VERTEX
  8
0
 10
229.707705
 20
553.914708
 42
0.137048
  0
VERTEX
  8
0
 10
229.262820
 20
553.790433
 42
0.007234
  0
SEQEND
  0
POLYLINE
  8
0
 66
1
 70
1
  0
VERTEX
  8
0
 10
140.750000
 20
552.337719
 42
0.057986
  0
VERTEX
  8
0
 10
141.320008
 20
552.181385
 42
0.037979
  0
VERTEX
  8
0
 10
142.000000
 20
552.129660
 42
0.037979
  0
VERTEX
  8
0
 10
142.679992
 20
552.181385
 42
0.057986
  0
VERTEX
  8
0
 10
143.250000
 20
552.337719
 42
0.174857
  0
VERTEX
  8
0
 10
143.459382
 20
552.525001
 42
0.447206
  0
VERTEX
  8
0
 10
143.398438
 20
552.693942
 42
0.078554
  0
VERTEX
  8
0
 10
142.891440
 20
552.810911
 42
0.017491
  0
VERTEX
  8
0
 10
142.000000
 20
552.842105
 42
0.017491
  0
VERTEX
  8
0
 10
141.108560
 20
552.810911
 42
0.078554
  0
VERTEX
  8
0
 10
140.601562
 20
552.693942
 42
0.447206
  0
VERTEX
  8
0
 10
140.540618
 20
552.525001
 42
0.174857
  0
SEQEND
  0
POLYLINE
  8
0
 66
1
 70
1
  0
VERTEX
  8
0
 10
176.812500
 20
552.316886
 42
0.051402
  0
VERTEX
  8
0
 10
177.359369
 20
552.160852
 42
0.054150
  0
VERTEX
  8
0
 10
177.916927
 20
552.123424
 42
0.060344
  0
VERTEX
  8
0
 10
178.402231
 20
552.202593
 42
0.126455
  0
VERTEX
  8
0
 10
178.729167
 20
552.395833
 42
0.296942
  0
VERTEX
  8
0
 10
178.775380
 20
552.614691
 42
0.208169
  0
VERTEX
  8
0
 10
178.592839
 20
552.799335
 42
0.077125
  0
VERTEX
  8
0
 10
178.112848
 20
552.910055
 42
0.028489
  0
VERTEX
  8
0
 10
177.416667
 20
552.921053
 42
0.018894
  0
VERTEX
  8
0
 10
176.670344
 20
552.862007
 42
0.168741
  0
VERTEX
  8
0
 10
176.378580
 20
552.720685
 42
0.470617
  0
VERTEX
  8
0
 10
176.395823
 20
552.538436
 42
0.054073
  0
SEQEND
  0
POLYLINE
  8
0
 66
1
 70
1
  0
VERTEX
  8
0
 10
186.750000
 20
552.337719
 42
0.057986
  0
VERTEX
  8
0
 10
187.320008
 20
552.181385
 42
0.037979
  0
VERTEX
  8
0
 10
188.000000
 20
552.129660
 42
0.037979
  0
VERTEX
  8
0
 10
188.679992
 20
552.181385
 42
0.057986
  0
VERTEX
  8
0
 10
189.250000
 20
552.337719
 42
0.174857
  0
VERTEX
  8
0
 10
189.459382
 20
552.525001
 42
0.447206
  0
VERTEX
  8
0
 10
189.398438
 20
552.693942
 42
0.078554
  0
VERTEX
  8
0
 10
188.891440
 20
552.810911
 42
0.017491
  0
VERTEX
  8
0
 10
188.000000
 20
552.842105
 42
0.017491
  0
VERTEX
  8
0
 10
187.108560
 20
552.810911
 42
0.078554
  0
VERTEX
  8
0
 10
186.601562
 20
552.693942
 42
0.447206
  0
VERTEX
  8
0
 10
186.540618
 20
552.525001
 42
0.174857
  0
SEQEND
  0
POLYLINE
  8
0
 66
1
 70
1
  0
VERTEX
  8
0
 10
222.812500
 20
552.316886
 42
0.051402
  0
VERTEX
  8
0
 10
223.359369
 20
552.160852
 42
0.054150
  0
VERTEX
  8
0
 10
223.916927
 20
552.123424
 42
0.060344
  0
VERTEX
  8
0
 10
224.402231
 20
552.202593
 42
0.126455
  0
VERTEX
  8
0
 10
224.729167
 20
552.395833
 42
0.296942
  0
VERTEX
  8
0
 10
224.775380
 20
552.614691
 42
0.208169
  0
VERTEX
  8
0
 10
224.592839
 20
552.799335
 42
0.077125
  0
VERTEX
  8
0
 10
224.112848
 20
552.910055
 42
0.028489
  0
VERTEX
  8
0
 10
223.416667
 20
552.921053
 42
0.018894
  0
VERTEX
  8
0
 10
222.670344
 20
552.862007
 42
0.168741
  0
VERTEX
  8
0
 10
222.378580
 20
552.720685
 42
0.470617
  0
VERTEX
  8
0
 10
222.395823
 20
552.538436
 42
0.054073
  0
SEQEND
  0
POLYLINE
  8
0
 66
1
 70
1
  0
VERTEX
  8
0
 10
138.793369
 20
547.051308
 42
0.000000
  0
VERTEX
  8
0
 10
132.086738
 20
546.500000
 42
0.000000
  0
VERTEX
  8
0
 10
123.793369
 20
534.426921
 42
0.000484
  0
VERTEX
  8
0
 10
113.029319
 20
518.724632
 42
0.001558
  0
VERTEX
  8
0
 10
105.912611
 20
508.251541
 42
0.002252
  0
VERTEX
  8
0
 10
100.486046
 20
500.133316
 42
0.002762
  0
VERTEX
  8
0
 10
95.493631
 20
492.500000
 42
0.000000
  0
VERTEX
  8
0
 10
89.031928
 20
482.500000
 42
0.000000
  0
VERTEX
  8
0
 10
89.015964
 20
464.750000
 42
0.000000
  0
VERTEX
  8
0
 10
89.000000
 20
447.000000
 42
0.000000
  0
VERTEX
  8
0
 10
59.500000
 20
447.000000
 42
0.000000
  0
VERTEX
  8
0
 10
30.000000
 20
447.000000
 42
0.000000
  0
VERTEX
  8
0
 10
30.000000
 20
421.000000
 42
-0.002705
  0
VERTEX
  8
0
 10
29.939619
 20
409.837325
 42
-0.006906
  0
VERTEX
  8
0
 10
29.740385
 20
401.750000
 42
-0.002504
  0
VERTEX
  8
0
 10
29.466217
 20
395.444155
 42
-0.400090
  0
VERTEX
  8
0
 10
29.000000
 20
395.000000
 42
0.395564
  0
VERTEX
  8
0
 10
28.541465
 20
394.569950
 42
0.003837
  0
VERTEX
  8
0
 10
28.262195
 20
389.625000
 42
0.008675
  0
VERTEX
  8
0
 10
28.061287
 20
383.227364
 42
0.003511
  0
VERTEX
  8
0
 10
28.000000
 20
374.500000
 42
0.003511
  0
VERTEX
  8
0
 10
28.061287
 20
365.772636
 42
0.008675
  0
VERTEX
  8
0
 10
28.262195
 20
359.375000
 42
0.003837
  0
VERTEX
  8
0
 10
28.541465
 20
354.430050
 42
0.395564
  0
VERTEX
  8
0
 10
29.000000
 20
354.000000
 42
-0.389247
  0
VERTEX
  8
0
 10
29.449058
 20
353.587986
 42
-0.005893
  0
VERTEX
  8
0
 10
29.734375
 20
349.750000
 42
-0.010966
  0
VERTEX
  8
0
 10
29.937511
 20
344.735423
 42
-0.004639
  0
VERTEX
  8
0
 10
30.000000
 20
338.000000
 42
-0.004639
  0
VERTEX
  8
0
 10
29.937511
 20
331.264577
 42
-0.010966
  0
VERTEX
  8
0
 10
29.734375
 20
326.250000
 42
-0.005893
  0
VERTEX
  8
0
 10
29.449058
 20
322.412014
 42
-0.389247
  0
VERTEX
  8
0
 10
29.000000
 20
322.000000
 42
0.395564
  0
VERTEX
  8
0
 10
28.541465
 20
321.569950
 42
0.003837
  0
VERTEX
  8
0
 10
28.262195
 20
316.625000
 42
0.008675
  0
VERTEX
  8
0
 10
28.061287
 20
310.227364
 42
0.003511
  0
VERTEX
  8
0
 10
28.000000
 20
301.500000
 42
0.003578
  0
VERTEX
  8
0
 10
28.061670
 20
292.882390
 42
0.008422
  0
VERTEX
  8
0
 10
28.262009
 20
286.454320
 42
0.003502
  0
VERTEX
  8
0
 10
28.539273
 20
281.418683
 42
0.396166
  0
VERTEX
  8
0
 10
28.984759
 20
281.000000
 42
-0.412408
  0
VERTEX
  8
0
 10
29.462580
 20
280.525118
 42
-0.000102
  0
VERTEX
  8
0
 10
29.660656
 20
247.315001
 42
-0.001361
  0
VERTEX
  8
0
 10
29.784568
 20
206.512136
 42
-0.000505
  0
VERTEX
  8
0
 10
29.744627
 20
149.073465
 42
0.000484
  0
VERTEX
  8
0
 10
29.707363
 20
98.439679
 42
0.000802
  0
VERTEX
  8
0
 10
29.785835
 20
55.700313
 42
0.000037
  0
VERTEX
  8
0
 10
29.921293
 20
17.137127
 42
0.197981
  0
VERTEX
  8
0
 10
30.200712
 20
16.465954
 42
0.198670
  0
VERTEX
  8
0
 10
31.304134
 20
16.008298
 42
0.000006
  0
VERTEX
  8
0
 10
186.307387
 20
15.865424
 42
0.000281
  0
VERTEX
  8
0
 10
374.742824
 20
15.799819
 42
0.000104
  0
VERTEX
  8
0
 10
639.750000
 20
15.911590
 42
0.000000
  0
VERTEX
  8
0
 10
780.000000
 20
16.000000
 42
0.000000
  0
VERTEX
  8
0
 10
780.000000
 20
231.368584
 42
0.000000
  0
VERTEX
  8
0
 10
780.000000
 20
446.737168
 42
0.000000
  0
VERTEX
  8
0
 10
755.750000
 20
447.293651
 42
0.005527
  0
VERTEX
  8
0
 10
730.283596
 20
447.596475
 42
0.000346
  0
VERTEX
  8
0
 10
655.057187
 20
447.607480
 42
0.000496
  0
VERTEX
  8
0
 10
581.222543
 20
447.494002
 42
0.002703
  0
VERTEX
  8
0
 10
541.250000
 20
447.176792
 42
0.000000
  0
VERTEX
  8
0
 10
528.000000
 20
447.000000
 42
0.000000
  0
VERTEX
  8
0
 10
528.000002
 20
430.250000
 42
0.000000
  0
VERTEX
  8
0
 10
528.000004
 20
413.500000
 42
0.000000
  0
VERTEX
  8
0
 10
407.500018
 20
413.500000
 42
0.000000
  0
VERTEX
  8
0
 10
287.000031
 20
413.500000
 42
0.000000
  0
VERTEX
  8
0
 10
287.000016
 20
447.912104
 42
0.000000
  0
VERTEX
  8
0
 10
287.000000
 20
482.324207
 42
0.000000
  0
VERTEX
  8
0
 10
279.833333
 20
491.858818
 42
-0.005890
  0
VERTEX
  8
0
 10
277.087259
 20
495.603255
 42
-0.008671
  0
VERTEX
  8
0
 10
274.771875
 20
498.961233
 42
-0.004739
  0
VERTEX
  8
0
 10
272.905149
 20
501.830222
 42
-0.142798
  0
VERTEX
  8
0
 10
272.666667
 20
502.648224
 42
0.157361
  0
VERTEX
  8
0
 10
272.396225
 20
503.486248
 42
0.002894
  0
VERTEX
  8
0
 10
269.619292
 20
507.293980
 42
0.006835
  0
VERTEX
  8
0
 10
266.268445
 20
511.705727
 42
0.004478
  0
VERTEX
  8
0
 10
262.292626
 20
516.701510
 42
-0.001581
  0
VERTEX
  8
0
 10
257.837647
 20
522.233303
 42
-0.001231
  0
VERTEX
  8
0
 10
253.027617
 20
528.275211
 42
-0.001244
  0
VERTEX
  8
0
 10
248.572318
 20
533.928742
 42
-0.003021
  0
VERTEX
  8
0
 10
245.319973
 20
538.128995
 42
0.000000
  0
VERTEX
  8
0
 10
238.721360
 20
546.757990
 42
0.000000
  0
VERTEX
  8
0
 10
225.110680
 20
547.339052
 42
0.009526
  0
VERTEX
  8
0
 10
208.546865
 20
547.730277
 42
0.001974
  0
VERTEX
  8
0
 10
179.411825
 20
547.748200
 42
0.001479
  0
VERTEX
  8
0
 10
150.001182
 20
547.563133
 42
0.018194
  0
SEQEND
  0
POLYLINE
  8
0
 66
1
 70
1
  0
VERTEX
  8
0
 10
136.000000
 20
545.712408
 42
-0.194499
  0
VERTEX
  8
0
 10
135.922281
 20
545.520174
 42
-0.001046
  0
VERTEX
  8
0
 10
134.496830
 20
544.051589
 42
-0.004331
  0
VERTEX
  8
0
 10
132.844487
 20
542.385479
 42
-0.002710
  0
VERTEX
  8
0
 10
130.882825
 20
540.462408
 42
0.000000
  0
VERTEX
  8
0
 10
125.765651
 20
535.500000
 42
0.000000
  0
VERTEX
  8
0
 10
129.132825
 20
540.732033
 42
-0.020466
  0
VERTEX
  8
0
 10
130.583498
 20
542.795443
 42
-0.029732
  0
VERTEX
  8
0
 10
132.039184
 20
544.478309
 42
-0.031670
  0
VERTEX
  8
0
 10
133.349567
 20
545.662585
 42
-0.166849
  0
VERTEX
  8
0
 10
134.250000
 20
545.982033
 42
-0.015449
  0
VERTEX
  8
0
 10
134.920882
 20
545.968191
 42
-0.025341
  0
VERTEX
  8
0
 10
135.485938
 20
545.910242
 42
-0.022922
  0
VERTEX
  8
0
 10
135.912572
 20
545.824334
 42
-0.344273
  0
SEQEND
  0
POLYLINE
  8
0
 66
1
 70
1
  0
VERTEX
  8
0
 10
144.820335
 20
542.156460
 42
-0.083268
  0
VERTEX
  8
0
 10
144.634446
 20
539.529214
 42
-0.090454
  0
VERTEX
  8
0
 10
143.596992
 20
537.188526
 42
-0.102294
  0
VERTEX
  8
0
 10
141.931482
 20
535.575814
 42
-0.142303
  0
VERTEX
  8
0
 10
139.949258
 20
535.000000
 42
0.164295
  0
VERTEX
  8
0
 10
139.069150
 20
534.702783
 42
0.033494
  0
VERTEX
  8
0
 10
137.813534
 20
533.605243
 42
0.031271
  0
VERTEX
  8
0
 10
136.435715
 20
532.043741
 42
0.022491
  0
VERTEX
  8
0
 10
135.092820
 20
530.144648
 42
-0.012907
  0
VERTEX
  8
0
 10
131.976442
 20
525.553385
 42
-0.072882
  0
VERTEX
  8
0
 10
129.925896
 20
523.428726
 42
-0.169595
  0
VERTEX
  8
0
 10
128.199386
 20
522.853420
 42
-0.157791
  0
VERTEX
  8
0
 10
126.430139
 20
523.454191
 42
-0.226678
  0
VERTEX
  8
0
 10
125.789471
 20
524.671024
 42
-0.161618
  0
VERTEX
  8
0
 10
126.224272
 20
526.173685
 42
-0.039224
  0
VERTEX
  8
0
 10
128.280023
 20
528.713084
 42
-0.002873
  0
VERTEX
  8
0
 10
134.499943
 20
535.196155
 42
0.000000
  0
VERTEX
  8
0
 10
144.499885
 20
545.500000
 42
0.000000
  0
VERTEX
  8
0
 10
133.999943
 20
535.302947
 42
-0.003464
  0
VERTEX
  8
0
 10
127.703298
 20
529.272133
 42
-0.034216
  0
VERTEX
  8
0
 10
124.873309
 20
526.943547
 42
-0.103854
  0
VERTEX
  8
0
 10
123.098583
 20
526.165576
 42
-0.215030
  0
VERTEX
  8
0
 10
121.651353
 20
526.485322
 42
-0.219386
  0
VERTEX
  8
0
 10
121.031135
 20
527.626546
 42
-0.163967
  0
VERTEX
  8
0
 10
121.402864
 20
529.028673
 42
-0.042301
  0
VERTEX
  8
0
 10
123.239237
 20
531.352550
 42
-0.003443
  0
VERTEX
  8
0
 10
128.591202
 20
536.981422
 42
-0.004723
  0
VERTEX
  8
0
 10
133.984929
 20
542.471805
 42
-0.041207
  0
VERTEX
  8
0
 10
136.591150
 20
544.677998
 42
-0.094143
  0
VERTEX
  8
0
 10
138.614242
 20
545.611628
 42
-0.082294
  0
VERTEX
  8
0
 10
140.939850
 20
545.799047
 42
-0.026007
  0
VERTEX
  8
0
 10
142.995498
 20
545.518155
 42
-0.142447
  0
VERTEX
  8
0
 10
143.983952
 20
545.015064
 42
-0.151098
  0
VERTEX
  8
0
 10
144.517688
 20
544.076538
 42
-0.030420
  0
SEQEND
  0
POLYLINE
  8
0
 66
1
 70
1
  0
VERTEX
  8
0
 10
177.000000
 20
544.000000
 42
-0.250083
  0
VERTEX
  8
0
 10
176.402252
 20
542.879642
 42
-0.116079
  0
VERTEX
  8
0
 10
174.812500
 20
542.282258
 42
-0.029960
  0
VERTEX
  8
0
 10
171.302909
 20
542.041753
 42
-0.002130
  0
VERTEX
  8
0
 10
161.500000
 20
542.000000
 42
-0.002130
  0
VERTEX
  8
0
 10
151.697091
 20
542.041753
 42
-0.029960
  0
VERTEX
  8
0
 10
148.187500
 20
542.282258
 42
-0.116079
  0
VERTEX
  8
0
 10
146.597748
 20
542.879642
 42
-0.250083
  0
VERTEX
  8
0
 10
146.000000
 20
544.000000
 42
-0.250083
  0
VERTEX
  8
0
 10
146.597748
 20
545.120358
 42
-0.116079
  0
VERTEX
  8
0
 10
148.187500
 20
545.717742
 42
-0.029960
  0
VERTEX
  8
0
 10
151.697091
 20
545.958247
 42
-0.002130
  0
VERTEX
  8
0
 10
161.500000
 20
546.000000
 42
-0.002130
  0
VERTEX
  8
0
 10
171.302909
 20
545.958247
 42
-0.029960
  0
VERTEX
  8
0
 10
174.812500
 20
545.717742
 42
-0.116079
  0
VERTEX
  8
0
 10
176.402252
 20
545.120358
 42
-0.250083
  0
SEQEND
  0
POLYLINE
  8
0
 66
1
 70
1
  0
VERTEX
  8
0
 10
184.000000
 20
545.687091
 42
-0.187632
  0
VERTEX
  8
0
 10
183.922013
 20
545.486588
 42
-0.003317
  0
VERTEX
  8
0
 10
183.118750
 20
544.621808
 42
-0.007831
  0
VERTEX
  8
0
 10
182.149798
 20
543.624204
 42
-0.005081
  0
VERTEX
  8
0
 10
181.000000
 20
542.500000
 42
0.000000
  0
VERTEX
  8
0
 10
178.000000
 20
539.625818
 42
0.000000
  0
VERTEX
  8
0
 10
178.000000
 20
542.812909
 42
-0.026602
  0
VERTEX
  8
0
 10
178.097280
 20
544.640028
 42
-0.163634
  0
VERTEX
  8
0
 10
178.485324
 20
545.484409
 42
-0.174494
  0
VERTEX
  8
0
 10
179.290099
 20
545.893327
 42
-0.031162
  0
VERTEX
  8
0
 10
181.000000
 20
546.000000
 42
-0.009786
  0
VERTEX
  8
0
 10
182.150236
 20
545.977485
 42
-0.016197
  0
VERTEX
  8
0
 10
183.118750
 20
545.908083
 42
-0.010070
  0
VERTEX
  8
0
 10
183.892246
 20
545.811623
 42
-0.372580
  0
SEQEND
  0
POLYLINE
  8
0
 66
1
 70
1
  0
VERTEX
  8
0
 10
191.000000
 20
545.284349
 42
-0.199999
  0
VERTEX
  8
0
 10
190.325062
 20
543.664490
 42
-0.009741
  0
VERTEX
  8
0
 10
186.024973
 20
539.563240
 42
-0.010379
  0
VERTEX
  8
0
 10
181.584100
 20
535.656528
 42
-0.176999
  0
VERTEX
  8
0
 10
179.787592
 20
535.000000
 42
-0.229407
  0
VERTEX
  8
0
 10
178.458194
 20
535.643829
 42
-0.236388
  0
VERTEX
  8
0
 10
178.161808
 20
537.072720
 42
-0.096023
  0
VERTEX
  8
0
 10
179.277030
 20
539.374419
 42
-0.032724
  0
VERTEX
  8
0
 10
181.702948
 20
542.207837
 42
-0.023700
  0
VERTEX
  8
0
 10
183.529085
 20
543.908755
 42
-0.043625
  0
VERTEX
  8
0
 10
185.186141
 20
545.080088
 42
-0.054218
  0
VERTEX
  8
0
 10
186.728509
 20
545.768502
 42
-0.078026
  0
VERTEX
  8
0
 10
188.202948
 20
546.000000
 42
-0.024159
  0
VERTEX
  8
0
 10
189.274852
 20
545.948177
 42
-0.038486
  0
VERTEX
  8
0
 10
190.178366
 20
545.789778
 42
-0.045244
  0
VERTEX
  8
0
 10
190.822646
 20
545.561211
 42
-0.292829
  0
SEQEND
  0
POLYLINE
  8
0
 66
1
 70
1
  0
VERTEX
  8
0
 10
223.000000
 20
544.000000
 42
-0.250083
  0
VERTEX
  8
0
 10
222.402252
 20
542.879642
 42
-0.116079
  0
VERTEX
  8
0
 10
220.812500
 20
542.282258
 42
-0.029960
  0
VERTEX
  8
0
 10
217.302909
 20
542.041753
 42
-0.002130
  0
VERTEX
  8
0
 10
207.500000
 20
542.000000
 42
-0.002130
  0
VERTEX
  8
0
 10
197.697091
 20
542.041753
 42
-0.029960
  0
VERTEX
  8
0
 10
194.187500
 20
542.282258
 42
-0.116079
  0
VERTEX
  8
0
 10
192.597748
 20
542.879642
 42
-0.250083
  0
VERTEX
  8
0
 10
192.000000
 20
544.000000
 42
-0.250083
  0
VERTEX
  8
0
 10
192.597748
 20
545.120358
 42
-0.116079
  0
VERTEX
  8
0
 10
194.187500
 20
545.717742
 42
-0.029960
  0
VERTEX
  8
0
 10
197.697091
 20
545.958247
 42
-0.002130
  0
VERTEX
  8
0
 10
207.500000
 20
546.000000
 42
-0.002130
  0
VERTEX
  8
0
 10
217.302909
 20
545.958247
 42
-0.029960
  0
VERTEX
  8
0
 10
220.812500
 20
545.717742
 42
-0.116079
  0
VERTEX
  8
0
 10
222.402252
 20
545.120358
 42
-0.250083
  0
SEQEND
  0
POLYLINE
  8
0
 66
1
 70
1
  0
VERTEX
  8
0
 10
228.452948
 20
541.938255
 42
0.000000
  0
VERTEX
  8
0
 10
224.500000
 20
537.876510
 42
0.000000
  0
VERTEX
  8
0
 10
224.175426
 20
540.522727
 42
-0.043754
  0
VERTEX
  8
0
 10
224.080317
 20
543.271009
 42
-0.159963
  0
VERTEX
  8
0
 10
224.702746
 20
544.875298
 42
-0.170945
  0
VERTEX
  8
0
 10
226.123528
 20
545.736333
 42
-0.051601
  0
VERTEX
  8
0
 10
228.671563
 20
546.000000
 42
0.000000
  0
VERTEX
  8
0
 10
232.405896
 20
546.000000
 42
0.000000
  0
SEQEND
  0
POLYLINE
  8
0
 66
1
 70
1
  0
VERTEX
  8
0
 10
239.000000
 20
545.284349
 42
-0.173001
  0
VERTEX
  8
0
 10
238.840411
 20
544.836915
 42
-0.005802
  0
VERTEX
  8
0
 10
237.615730
 20
543.373518
 42
-0.010375
  0
VERTEX
  8
0
 10
236.093342
 20
541.669553
 42
-0.006974
  0
VERTEX
  8
0
 10
234.287592
 20
539.784349
 42
-0.016630
  0
VERTEX
  8
0
 10
231.937541
 20
537.552005
 42
-0.039678
  0
VERTEX
  8
0
 10
230.018414
 20
536.101699
 42
-0.054481
  0
VERTEX
  8
0
 10
228.347280
 20
535.275865
 42
-0.087755
  0
VERTEX
  8
0
 10
226.787592
 20
535.000000
 42
-0.024242
  0
VERTEX
  8
0
 10
225.719317
 20
535.051825
 42
-0.038607
  0
VERTEX
  8
0
 10
224.818855
 20
535.210222
 42
-0.045454
  0
VERTEX
  8
0
 10
224.177014
 20
535.438816
 42
-0.292380
  0
VERTEX
  8
0
 10
224.000000
 20
535.715651
 42
-0.173001
  0
VERTEX
  8
0
 10
224.159589
 20
536.163085
 42
-0.005802
  0
VERTEX
  8
0
 10
225.384270
 20
537.626482
 42
-0.010375
  0
VERTEX
  8
0
 10
226.906658
 20
539.330447
 42
-0.006974
  0
VERTEX
  8
0
 10
228.712408
 20
541.215651
 42
-0.016630
  0
VERTEX
  8
0
 10
231.062459
 20
543.447995
 42
-0.039678
  0
VERTEX
  8
0
 10
232.981586
 20
544.898301
 42
-0.054481
  0
VERTEX
  8
0
 10
234.652720
 20
545.724135
 42
-0.087755
  0
VERTEX
  8
0
 10
236.212408
 20
546.000000
 42
-0.024242
  0
VERTEX
  8
0
 10
237.280683
 20
545.948175
 42
-0.038607
  0
VERTEX
  8
0
 10
238.181145
 20
545.789778
 42
-0.045454
  0
VERTEX
  8
0
 10
238.822986
 20
545.561184
 42
-0.292380
  0
SEQEND
  0
POLYLINE
  8
0
 66
1
 70
1
  0
VERTEX
  8
0
 10
242.000000
 20
540.573722
 42
-0.143353
  0
VERTEX
  8
0
 10
241.811712
 20
539.930491
 42
-0.019837
  0
VERTEX
  8
0
 10
241.006469
 20
538.776399
 42
-0.021398
  0
VERTEX
  8
0
 10
239.912910
 20
537.455875
 42
-0.016645
  0
VERTEX
  8
0
 10
238.617768
 20
536.114145
 42
-0.013773
  0
VERTEX
  8
0
 10
236.607975
 20
534.270774
 42
-0.092847
  0
VERTEX
  8
0
 10
235.446352
 20
533.590896
 42
-0.160928
  0
VERTEX
  8
0
 10
234.419088
 20
533.564957
 42
-0.066189
  0
VERTEX
  8
0
 10
233.135048
 20
534.147734
 42
-0.064207
  0
VERTEX
  8
0
 10
232.024921
 20
535.057421
 42
-0.285320
  0
VERTEX
  8
0
 10
231.864532
 20
535.847816
 42
-0.099658
  0
VERTEX
  8
0
 10
232.524932
 20
536.914572
 42
-0.005760
  0
VERTEX
  8
0
 10
235.198253
 20
539.702005
 42
-0.012943
  0
VERTEX
  8
0
 10
237.332205
 20
541.766629
 42
-0.055512
  0
VERTEX
  8
0
 10
238.757478
 20
542.810390
 42
-0.113952
  0
VERTEX
  8
0
 10
239.813247
 20
543.130345
 42
-0.192334
  0
VERTEX
  8
0
 10
240.680973
 20
542.849805
 42
-0.047099
  0
VERTEX
  8
0
 10
241.185666
 20
542.343642
 42
-0.041171
  0
VERTEX
  8
0
 10
241.612536
 20
541.729644
 42
-0.043312
  0
VERTEX
  8
0
 10
241.905445
 20
541.105283
 42
-0.088248
  0
SEQEND
  0
POLYLINE
  8
0
 66
1
 70
1
  0
VERTEX
  8
0
 10
190.605958
 20
536.415527
 42
-0.157574
  0
VERTEX
  8
0
 10
190.132965
 20
535.829403
 42
-0.065005
  0
VERTEX
  8
0
 10
189.203558
 20
535.381129
 42
-0.050385
  0
VERTEX
  8
0
 10
187.911344
 20
535.093666
 42
-0.029561
  0
VERTEX
  8
0
 10
186.328437
 20
535.000000
 42
0.000000
  0
VERTEX
  8
0
 10
182.594104
 20
535.000000
 42
0.000000
  0
VERTEX
  8
0
 10
186.547052
 20
539.061745
 42
0.000000
  0
VERTEX
  8
0
 10
190.500000
 20
543.123490
 42
0.000000
  0
VERTEX
  8
0
 10
190.824574
 20
540.477273
 42
-0.023350
  0
VERTEX
  8
0
 10
190.908902
 20
539.360298
 42
-0.020611
  0
VERTEX
  8
0
 10
190.894242
 20
538.192570
 42
-0.021124
  0
VERTEX
  8
0
 10
190.792943
 20
537.140760
 42
-0.057100
  0
SEQEND
  0
POLYLINE
  8
0
 66
1
 70
1
  0
VERTEX
  8
0
 10
176.393011
 20
537.418213
 42
-0.008099
  0
VERTEX
  8
0
 10
176.625425
 20
536.781926
 42
-0.009838
  0
VERTEX
  8
0
 10
176.821697
 20
536.178225
 42
-0.008575
  0
VERTEX
  8
0
 10
176.967516
 20
535.666328
 42
-0.065182
  0
VERTEX
  8
0
 10
177.000000
 20
535.418213
 42
-0.405502
  0
VERTEX
  8
0
 10
176.834313
 20
535.247507
 42
-0.000715
  0
VERTEX
  8
0
 10
172.446875
 20
535.122850
 42
-0.004215
  0
VERTEX
  8
0
 10
167.443448
 20
535.030055
 42
-0.002528
  0
VERTEX
  8
0
 10
161.500000
 20
535.000000
 42
-0.002130
  0
VERTEX
  8
0
 10
151.697091
 20
535.041753
 42
-0.029960
  0
VERTEX
  8
0
 10
148.187500
 20
535.282258
 42
-0.116079
  0
VERTEX
  8
0
 10
146.597748
 20
535.879642
 42
-0.250083
  0
VERTEX
  8
0
 10
146.000000
 20
537.000000
 42
-0.244228
  0
VERTEX
  8
0
 10
146.580240
 20
538.117051
 42
-0.120363
  0
VERTEX
  8
0
 10
148.111626
 20
538.716427
 42
-0.031141
  0
VERTEX
  8
0
 10
151.495230
 20
538.957853
 42
-0.002242
  0
VERTEX
  8
0
 10
160.893011
 20
539.000000
 42
-0.003253
  0
VERTEX
  8
0
 10
169.136415
 20
538.946369
 42
-0.022175
  0
VERTEX
  8
0
 10
173.196295
 20
538.713258
 42
-0.045916
  0
VERTEX
  8
0
 10
175.471903
 20
538.267429
 42
-0.233921
  0
SEQEND
  0
POLYLINE
  8
0
 66
1
 70
1
  0
VERTEX
  8
0
 10
221.800000
 20
537.800000
 42
-0.030136
  0
VERTEX
  8
0
 10
222.259244
 20
537.281790
 42
-0.031128
  0
VERTEX
  8
0
 10
222.647500
 20
536.717500
 42
-0.032763
  0
VERTEX
  8
0
 10
222.919239
 20
536.188996
 42
-0.102712
  0
VERTEX
  8
0
 10
223.000000
 20
535.800000
 42
-0.396193
  0
VERTEX
  8
0
 10
222.695791
 20
535.476347
 42
-0.002587
  0
VERTEX
  8
0
 10
218.446875
 20
535.235000
 42
-0.008054
  0
VERTEX
  8
0
 10
213.443340
 20
535.057506
 42
-0.004838
  0
VERTEX
  8
0
 10
207.500000
 20
535.000000
 42
-0.002130
  0
VERTEX
  8
0
 10
197.697091
 20
535.041753
 42
-0.029960
  0
VERTEX
  8
0
 10
194.187500
 20
535.282258
 42
-0.116079
  0
VERTEX
  8
0
 10
192.597748
 20
535.879642
 42
-0.250083
  0
VERTEX
  8
0
 10
192.000000
 20
537.000000
 42
-0.238257
  0
VERTEX
  8
0
 10
192.562695
 20
538.113827
 42
-0.124704
  0
VERTEX
  8
0
 10
194.037500
 20
538.715035
 42
-0.032387
  0
VERTEX
  8
0
 10
197.297989
 20
538.957434
 42
-0.002364
  0
VERTEX
  8
0
 10
206.300000
 20
539.000000
 42
-0.005146
  0
VERTEX
  8
0
 10
212.820844
 20
538.932882
 42
-0.014171
  0
VERTEX
  8
0
 10
217.412791
 20
538.708042
 42
-0.014283
  0
VERTEX
  8
0
 10
220.664020
 20
538.362674
 42
-0.164203
  0
SEQEND
  0
POLYLINE
  8
0
 66
1
 70
1
  0
VERTEX
  8
0
 10
246.527790
 20
534.959899
 42
0.000000
  0
VERTEX
  8
0
 10
249.327581
 20
530.919799
 42
0.000000
  0
VERTEX
  8
0
 10
245.488269
 20
526.987986
 42
-0.006397
  0
VERTEX
  8
0
 10
242.959911
 20
524.464128
 42
-0.108162
  0
VERTEX
  8
0
 10
241.964746
 20
523.845428
 42
-0.276738
  0
VERTEX
  8
0
 10
241.184952
 20
524.002868
 42
-0.055206
  0
VERTEX
  8
0
 10
240.206689
 20
525.115297
 42
-0.074364
  0
VERTEX
  8
0
 10
239.555200
 20
526.421833
 42
-0.173154
  0
VERTEX
  8
0
 10
239.586265
 20
527.500008
 42
-0.084582
  0
VERTEX
  8
0
 10
240.366341
 20
528.799969
 42
-0.009861
  0
VERTEX
  8
0
 10
242.632211
 20
531.337211
 42
0.000000
  0
VERTEX
  8
0
 10
246.500000
 20
535.500000
 42
0.000000
  0
VERTEX
  8
0
 10
242.461100
 20
531.753186
 42
-0.008464
  0
VERTEX
  8
0
 10
239.932529
 20
529.485893
 42
-0.093549
  0
VERTEX
  8
0
 10
238.763403
 20
528.804820
 42
-0.213118
  0
VERTEX
  8
0
 10
237.831583
 20
528.878607
 42
-0.071729
  0
VERTEX
  8
0
 10
236.714286
 20
529.714286
 42
-0.068292
  0
VERTEX
  8
0
 10
235.872613
 20
530.823694
 42
-0.218454
  0
VERTEX
  8
0
 10
235.797933
 20
531.726809
 42
-0.097970
  0
VERTEX
  8
0
 10
236.467405
 20
532.836187
 42
-0.008804
  0
VERTEX
  8
0
 10
238.706134
 20
535.211100
 42
-0.008322
  0
VERTEX
  8
0
 10
240.171701
 20
536.662834
 42
-0.012169
  0
VERTEX
  8
0
 10
241.513274
 20
537.887011
 42
-0.007663
  0
VERTEX
  8
0
 10
242.664250
 20
538.856488
 42
-0.172864
  0
VERTEX
  8
0
 10
243.066947
 20
539.000000
 42
-0.208174
  0
VERTEX
  8
0
 10
243.441931
 20
538.836804
 42
-0.010375
  0
VERTEX
  8
0
 10
244.356253
 20
537.813220
 42
-0.015266
  0
VERTEX
  8
0
 10
245.407032
 20
536.507946
 42
-0.010314
  0
SEQEND
  0
POLYLINE
  8
0
 66
1
 70
1
  0
VERTEX
  8
0
 10
145.000000
 20
536.000000
 42
-0.105053
  0
VERTEX
  8
0
 10
144.918938
 20
535.618444
 42
-0.099167
  0
VERTEX
  8
0
 10
144.688914
 20
535.293750
 42
-0.096420
  0
VERTEX
  8
0
 10
144.345238
 20
535.076123
 42
-0.093332
  0
VERTEX
  8
0
 10
143.940983
 20
535.000000
 42
-0.108972
  0
VERTEX
  8
0
 10
143.586039
 20
535.078288
 42
-0.182303
  0
VERTEX
  8
0
 10
143.374600
 20
535.293750
 42
-0.161196
  0
VERTEX
  8
0
 10
143.343488
 20
535.617900
 42
-0.082592
  0
VERTEX
  8
0
 10
143.500000
 20
536.000000
 42
-0.029505
  0
VERTEX
  8
0
 10
143.768994
 20
536.382774
 42
-0.035638
  0
VERTEX
  8
0
 10
144.066025
 20
536.706250
 42
-0.038439
  0
VERTEX
  8
0
 10
144.348290
 20
536.934461
 42
-0.151918
  0
VERTEX
  8
0
 10
144.559017
 20
537.000000
 42
-0.210953
  0
VERTEX
  8
0
 10
144.727648
 20
536.925540
 42
-0.081139
  0
VERTEX
  8
0
 10
144.870461
 20
536.706250
 42
-0.061769
  0
VERTEX
  8
0
 10
144.967655
 20
536.382849
 42
-0.042167
  0
SEQEND
  0
POLYLINE
  8
0
 66
1
 70
1
  0
VERTEX
  8
0
 10
237.227911
 20
527.661980
 42
0.000000
  0
VERTEX
  8
0
 10
241.401093
 20
521.977227
 42
0.000000
  0
VERTEX
  8
0
 10
245.679581
 20
526.176246
 42
-0.017067
  0
VERTEX
  8
0
 10
247.375151
 20
527.730352
 42
-0.027739
  0
VERTEX
  8
0
 10
248.927197
 20
528.915869
 42
-0.026734
  0
VERTEX
  8
0
 10
250.199865
 20
529.684607
 42
-0.330093
  0
VERTEX
  8
0
 10
250.727205
 20
529.606128
 42
-0.304125
  0
VERTEX
  8
0
 10
250.815373
 20
529.159554
 42
-0.062500
  0
VERTEX
  8
0
 10
250.394952
 20
528.425930
 42
-0.046498
  0
VERTEX
  8
0
 10
249.602879
 20
527.555238
 42
-0.027681
  0
VERTEX
  8
0
 10
248.516068
 20
526.668496
 42
0.006023
  0
VERTEX
  8
0
 10
247.208168
 20
525.692535
 42
0.004068
  0
VERTEX
  8
0
 10
245.739176
 20
524.549496
 42
0.004098
  0
VERTEX
  8
0
 10
244.336832
 20
523.421066
 42
0.008143
  0
VERTEX
  8
0
 10
243.247880
 20
522.500000
 42
0.000000
  0
VERTEX
  8
0
 10
240.959964
 20
520.500000
 42
0.000000
  0
VERTEX
  8
0
 10
250.569395
 20
508.500000
 42
0.002262
  0
VERTEX
  8
0
 10
254.390561
 20
503.772224
 42
0.002974
  0
VERTEX
  8
0
 10
257.922725
 20
499.494431
 42
0.002168
  0
VERTEX
  8
0
 10
260.918522
 20
495.941297
 42
0.028371
  0
VERTEX
  8
0
 10
262.107915
 20
494.693807
 42
-0.028870
  0
VERTEX
  8
0
 10
263.169851
 20
493.577771
 42
-0.004704
  0
VERTEX
  8
0
 10
265.080525
 20
491.278852
 42
-0.005171
  0
VERTEX
  8
0
 10
267.278421
 20
488.525498
 42
-0.004534
  0
VERTEX
  8
0
 10
269.518502
 20
485.604785
 42
0.000000
  0
VERTEX
  8
0
 10
275.000000
 20
478.321956
 42
0.000000
  0
VERTEX
  8
0
 10
275.000000
 20
439.660978
 42
0.000000
  0
VERTEX
  8
0
 10
275.000000
 20
401.000000
 42
0.000000
  0
VERTEX
  8
0
 10
283.462201
 20
401.000000
 42
0.000000
  0
VERTEX
  8
0
 10
291.924402
 20
401.000000
 42
0.000000
  0
VERTEX
  8
0
 10
291.919472
 20
333.000000
 42
0.000000
  0
VERTEX
  8
0
 10
291.914542
 20
265.000000
 42
0.000000
  0
VERTEX
  8
0
 10
270.207271
 20
265.070285
 42
-0.003093
  0
VERTEX
  8
0
 10
261.755574
 20
265.149927
 42
-0.004554
  0
VERTEX
  8
0
 10
254.334057
 20
265.333393
 42
-0.002195
  0
VERTEX
  8
0
 10
248.037072
 20
265.574141
 42
-0.083269
  0
VERTEX
  8
0
 10
246.653349
 20
265.867274
 42
-0.161700
  0
VERTEX
  8
0
 10
244.307714
 20
267.825149
 42
-0.009264
  0
VERTEX
  8
0
 10
239.442862
 20
276.013079
 42
-0.006437
  0
VERTEX
  8
0
 10
234.727432
 20
284.548894
 42
-0.396243
  0
VERTEX
  8
0
 10
235.141096
 20
286.087202
 42
0.288571
  0
VERTEX
  8
0
 10
235.663535
 20
287.154137
 42
0.109038
  0
VERTEX
  8
0
 10
235.111797
 20
288.798368
 42
0.084284
  0
VERTEX
  8
0
 10
233.734951
 20
290.403011
 42
0.109865
  0
VERTEX
  8
0
 10
232.018579
 20
291.284890
 42
0.174339
  0
VERTEX
  8
0
 10
230.195787
 20
291.121440
 42
0.162643
  0
VERTEX
  8
0
 10
228.831217
 20
289.831989
 42
0.130217
  0
VERTEX
  8
0
 10
228.330302
 20
287.714157
 42
0.100538
  0
VERTEX
  8
0
 10
228.866699
 20
285.393218
 42
0.050784
  0
VERTEX
  8
0
 10
229.371877
 20
284.529053
 42
0.067945
  0
VERTEX
  8
0
 10
230.000852
 20
283.875414
 42
0.085081
  0
VERTEX
  8
0
 10
230.650848
 20
283.521003
 42
0.175738
  0
VERTEX
  8
0
 10
231.221637
 20
283.531556
 42
-0.231508
  0
VERTEX
  8
0
 10
232.296702
 20
283.436063
 42
-0.101788
  0
VERTEX
  8
0
 10
233.372591
 20
282.440840
 42
-0.028058
  0
VERTEX
  8
0
 10
234.951038
 20
279.952840
 42
-0.002011
  0
VERTEX
  8
0
 10
238.910104
 20
272.794953
 42
0.000000
  0
VERTEX
  8
0
 10
243.131430
 20
265.089906
 42
0.000000
  0
VERTEX
  8
0
 10
142.565715
 20
265.029030
 42
0.000000
  0
VERTEX
  8
0
 10
42.000000
 20
264.968154
 42
0.000000
  0
VERTEX
  8
0
 10
42.000000
 20
272.984077
 42
-0.010589
  0
VERTEX
  8
0
 10
42.067890
 20
276.189279
 42
-0.020442
  0
VERTEX
  8
0
 10
42.281188
 20
278.746019
 42
-0.016975
  0
VERTEX
  8
0
 10
42.586058
 20
280.658779
 42
-0.359031
  0
VERTEX
  8
0
 10
43.000000
 20
281.000000
 42
0.395564
  0
VERTEX
  8
0
 10
43.458535
 20
281.430050
 42
0.003837
  0
VERTEX
  8
0
 10
43.737805
 20
286.375000
 42
0.008675
  0
VERTEX
  8
0
 10
43.938713
 20
292.772636
 42
0.003511
  0
VERTEX
  8
0
 10
44.000000
 20
301.500000
 42
0.003511
  0
VERTEX
  8
0
 10
43.938713
 20
310.227364
 42
0.008675
  0
VERTEX
  8
0
 10
43.737805
 20
316.625000
 42
0.003837
  0
VERTEX
  8
0
 10
43.458535
 20
321.569950
 42
0.395564
  0
VERTEX
  8
0
 10
43.000000
 20
322.000000
 42
-0.389247
  0
VERTEX
  8
0
 10
42.550942
 20
322.412014
 42
-0.005893
  0
VERTEX
  8
0
 10
42.265625
 20
326.250000
 42
-0.010966
  0
VERTEX
  8
0
 10
42.062489
 20
331.264577
 42
-0.004639
  0
VERTEX
  8
0
 10
42.000000
 20
338.000000
 42
-0.004639
  0
VERTEX
  8
0
 10
42.062489
 20
344.735423
 42
-0.010966
  0
VERTEX
  8
0
 10
42.265625
 20
349.750000
 42
-0.005893
  0
VERTEX
  8
0
 10
42.550942
 20
353.587986
 42
-0.389247
  0
VERTEX
  8
0
 10
43.000000
 20
354.000000
 42
0.395564
  0
VERTEX
  8
0
 10
43.458535
 20
354.430050
 42
0.003837
  0
VERTEX
  8
0
 10
43.737805
 20
359.375000
 42
0.008675
  0
VERTEX
  8
0
 10
43.938713
 20
365.772636
 42
0.003511
  0
VERTEX
  8
0
 10
44.000000
 20
374.500000
 42
0.003511
  0
VERTEX
  8
0
 10
43.938713
 20
383.227364
 42
0.008675
  0
VERTEX
  8
0
 10
43.737805
 20
389.625000
 42
0.003837
  0
VERTEX
  8
0
 10
43.458535
 20
394.569950
 42
0.395564
  0
VERTEX
  8
0
 10
43.000000
 20
395.000000
 42
-0.395015
  0
VERTEX
  8
0
 10
42.542341
 20
395.428413
 42
-0.004008
  0
VERTEX
  8
0
 10
42.262500
 20
400.250000
 42
-0.008881
  0
VERTEX
  8
0
 10
42.061394
 20
406.493996
 42
-0.003609
  0
VERTEX
  8
0
 10
42.000000
 20
415.000000
 42
0.000000
  0
VERTEX
  8
0
 10
42.000000
 20
435.000000
 42
0.000000
  0
VERTEX
  8
0
 10
72.000000
 20
435.000000
 42
0.000000
  0
VERTEX
  8
0
 10
102.000000
 20
435.000000
 42
0.000000
  0
VERTEX
  8
0
 10
102.002536
 20
457.250000
 42
0.000000
  0
VERTEX
  8
0
 10
102.005071
 20
479.500000
 42
0.000000
  0
VERTEX
  8
0
 10
106.924060
 20
486.891307
 42
0.008991
  0
VERTEX
  8
0
 10
109.386974
 20
490.740393
 42
0.036427
  0
VERTEX
  8
0
 10
110.667963
 20
493.210472
 42
0.063833
  0
VERTEX
  8
0
 10
111.177550
 20
494.995348
 42
0.129195
  0
VERTEX
  8
0
 10
111.023521
 20
496.438134
 42
-0.160327
  0
VERTEX
  8
0
 10
110.949823
 20
498.061309
 42
-0.046247
  0
VERTEX
  8
0
 10
111.858051
 20
500.438081
 42
-0.025587
  0
VERTEX
  8
0
 10
113.844046
 20
504.000305
 42
-0.005286
  0
VERTEX
  8
0
 10
117.722476
 20
510.046827
 42
-0.000324
  0
VERTEX
  8
0
 10
120.621786
 20
514.457210
 42
-0.000520
  0
VERTEX
  8
0
 10
123.101844
 20
518.215983
 42
-0.000083
  0
VERTEX
  8
0
 10
125.304221
 20
521.545157
 42
-0.032029
  0
VERTEX
  8
0
 10
125.477351
 20
521.773539
 42
-0.240795
  0
VERTEX
  8
0
 10
125.657635
 20
521.846703
 42
-0.025004
  0
VERTEX
  8
0
 10
126.125116
 20
521.782220
 42
-0.026690
  0
VERTEX
  8
0
 10
126.706281
 20
521.639730
 42
-0.018153
  0
VERTEX
  8
0
 10
127.350553
 20
521.418975
 42
-0.297311
  0
VERTEX
  8
0
 10
127.882387
 20
520.684026
 42
-0.118057
  0
VERTEX
  8
0
 10
127.640486
 20
519.402680
 42
-0.039689
  0
VERTEX
  8
0
 10
126.409161
 20
517.153845
 42
-0.005729
  0
VERTEX
  8
0
 10
123.488547
 20
512.808252
 42
0.011083
  0
VERTEX
  8
0
 10
121.428978
 20
509.671779
 42
0.016961
  0
VERTEX
  8
0
 10
119.798778
 20
506.857000
 42
0.011597
  0
VERTEX
  8
0
 10
118.608838
 20
504.501865
 42
0.254869
  0
VERTEX
  8
0
 10
118.649374
 20
503.758307
 42
-0.039050
  0
VERTEX
  8
0
 10
118.845791
 20
503.376858
 42
-0.305607
  0
VERTEX
  8
0
 10
118.808919
 20
503.190885
 42
-0.303929
  0
VERTEX
  8
0
 10
118.622238
 20
503.154641
 42
-0.038826
  0
VERTEX
  8
0
 10
118.239919
 20
503.351722
 42
0.371153
  0
VERTEX
  8
0
 10
117.063532
 20
503.165239
 42
0.027161
  0
VERTEX
  8
0
 10
114.926722
 20
500.345558
 42
0.032705
  0
VERTEX
  8
0
 10
113.040823
 20
497.117921
 42
0.100152
  0
VERTEX
  8
0
 10
112.383338
 20
494.683338
 42
0.405614
  0
VERTEX
  8
0
 10
112.802923
 20
494.191755
 42
0.255309
  0
VERTEX
  8
0
 10
113.553374
 20
494.514682
 42
0.018816
  0
VERTEX
  8
0
 10
115.593322
 20
497.331004
 42
0.000903
  0
VERTEX
  8
0
 10
122.031418
 20
507.000000
 42
-0.003115
  0
VERTEX
  8
0
 10
125.287240
 20
511.843136
 42
-0.004614
  0
VERTEX
  8
0
 10
128.206537
 20
516.043939
 42
-0.002152
  0
VERTEX
  8
0
 10
130.736120
 20
519.580837
 42
-0.088261
  0
VERTEX
  8
0
 10
131.411001
 20
520.234687
 42
0.029673
  0
VERTEX
  8
0
 10
131.854895
 20
520.574127
 42
0.276297
  0
VERTEX
  8
0
 10
131.927570
 20
520.793803
 42
0.309956
  0
VERTEX
  8
0
 10
131.768118
 20
520.942351
 42
0.034186
  0
VERTEX
  8
0
 10
131.243560
 20
520.984687
 42
-0.504609
  0
VERTEX
  8
0
 10
130.982962
 20
521.346681
 42
-0.030482
  0
VERTEX
  8
0
 10
131.550668
 20
522.803236
 42
-0.025626
  0
VERTEX
  8
0
 10
132.606870
 20
524.813156
 42
-0.012757
  0
VERTEX
  8
0
 10
134.136649
 20
527.250000
 42
0.000000
  0
VERTEX
  8
0
 10
138.286179
 20
533.500000
 42
0.000000
  0
VERTEX
  8
0
 10
185.670454
 20
533.423366
 42
0.000000
  0
VERTEX
  8
0
 10
233.054728
 20
533.346732
 42
0.000000
  0
SEQEND
  0
POLYLINE
  8
0
 66
1
 70
1
  0
VERTEX
  8
0
 10
256.400303
 20
521.512310
 42
0.016526
  0
VERTEX
  8
0
 10
257.967828
 20
519.470225
 42
0.026495
  0
VERTEX
  8
0
 10
259.449878
 20
517.849401
 42
0.024563
  0
VERTEX
  8
0
 10
260.710635
 20
516.725661
 42
0.318250
  0
VERTEX
  8
0
 10
261.304812
 20
516.688384
 42
-0.036721
  0
VERTEX
  8
0
 10
261.660167
 20
516.873460
 42
-0.265087
  0
VERTEX
  8
0
 10
261.844745
 20
516.852794
 42
-0.338240
  0
VERTEX
  8
0
 10
261.890983
 20
516.697121
 42
-0.047530
  0
VERTEX
  8
0
 10
261.732721
 20
516.376550
 42
0.194423
  0
VERTEX
  8
0
 10
261.643178
 20
515.853409
 42
0.045954
  0
VERTEX
  8
0
 10
261.915727
 20
514.991833
 42
0.040632
  0
VERTEX
  8
0
 10
262.438214
 20
513.986857
 42
0.030425
  0
VERTEX
  8
0
 10
263.164989
 20
512.972042
 42
0.008249
  0
VERTEX
  8
0
 10
263.899281
 20
512.098173
 42
0.038875
  0
VERTEX
  8
0
 10
264.365785
 20
511.638737
 42
0.584926
  0
VERTEX
  8
0
 10
264.470221
 20
511.677864
 42
0.161235
  0
VERTEX
  8
0
 10
264.432268
 20
511.904508
 42
-0.023246
  0
VERTEX
  8
0
 10
264.147453
 20
512.510833
 42
-0.243510
  0
VERTEX
  8
0
 10
264.170049
 20
512.775832
 42
-0.368845
  0
VERTEX
  8
0
 10
264.373822
 20
512.839153
 42
-0.037050
  0
VERTEX
  8
0
 10
264.861803
 20
512.585410
 42
-0.068881
  0
VERTEX
  8
0
 10
265.271022
 20
512.246897
 42
-0.085138
  0
VERTEX
  8
0
 10
265.538603
 20
511.831509
 42
-0.099918
  0
VERTEX
  8
0
 10
265.626266
 20
511.406111
 42
-0.140317
  0
VERTEX
  8
0
 10
265.521672
 20
511.035066
 42
0.193843
  0
VERTEX
  8
0
 10
265.444430
 20
510.586798
 42
0.053151
  0
VERTEX
  8
0
 10
265.673300
 20
509.892678
 42
0.045441
  0
VERTEX
  8
0
 10
266.124960
 20
509.095585
 42
0.034042
  0
VERTEX
  8
0
 10
266.755360
 20
508.307034
 42
0.007923
  0
VERTEX
  8
0
 10
267.393886
 20
507.632935
 42
0.088403
  0
VERTEX
  8
0
 10
267.693762
 20
507.418715
 42
0.712347
  0
VERTEX
  8
0
 10
267.763599
 20
507.489760
 42
0.028183
  0
VERTEX
  8
0
 10
267.500000
 20
507.952870
 42
-0.005546
  0
VERTEX
  8
0
 10
266.927513
 20
508.860510
 42
-0.485751
  0
VERTEX
  8
0
 10
266.975998
 20
508.992214
 42
-0.245769
  0
VERTEX
  8
0
 10
267.178456
 20
508.957815
 42
-0.003447
  0
VERTEX
  8
0
 10
268.190559
 20
508.176887
 42
-0.059164
  0
VERTEX
  8
0
 10
268.799081
 20
507.572171
 42
-0.062753
  0
VERTEX
  8
0
 10
269.235076
 20
506.853003
 42
-0.070278
  0
VERTEX
  8
0
 10
269.441504
 20
506.133326
 42
-0.127031
  0
VERTEX
  8
0
 10
269.372385
 20
505.528038
 42
0.094010
  0
VERTEX
  8
0
 10
269.270469
 20
504.964567
 42
0.080651
  0
VERTEX
  8
0
 10
269.372256
 20
504.369761
 42
0.080296
  0
VERTEX
  8
0
 10
269.657740
 20
503.835416
 42
0.091829
  0
VERTEX
  8
0
 10
270.086335
 20
503.446642
 42
0.027040
  0
VERTEX
  8
0
 10
270.625349
 20
503.152523
 42
0.380711
  0
VERTEX
  8
0
 10
270.820370
 20
503.209045
 42
0.259092
  0
VERTEX
  8
0
 10
270.833839
 20
503.457632
 42
0.018201
  0
VERTEX
  8
0
 10
270.494183
 20
504.095492
 42
-0.016184
  0
VERTEX
  8
0
 10
270.221268
 20
504.603071
 42
-0.132411
  0
VERTEX
  8
0
 10
270.170066
 20
504.858705
 42
-0.551891
  0
VERTEX
  8
0
 10
270.269733
 20
504.912714
 42
-0.056648
  0
VERTEX
  8
0
 10
270.535286
 20
504.721056
 42
-0.096031
  0
VERTEX
  8
0
 10
271.309781
 20
503.682958
 42
-0.115544
  0
VERTEX
  8
0
 10
271.574211
 20
502.497329
 42
-0.217141
  0
VERTEX
  8
0
 10
271.229404
 20
501.761619
 42
-0.274415
  0
VERTEX
  8
0
 10
270.502505
 20
501.637412
 42
0.087910
  0
VERTEX
  8
0
 10
269.953647
 20
501.743560
 42
0.079533
  0
VERTEX
  8
0
 10
269.381088
 20
501.661084
 42
0.081197
  0
VERTEX
  8
0
 10
268.873181
 20
501.407013
 42
0.098151
  0
VERTEX
  8
0
 10
268.510732
 20
501.017365
 42
-0.495161
  0
VERTEX
  8
0
 10
267.916150
 20
500.959099
 42
-0.008383
  0
VERTEX
  8
0
 10
265.380915
 20
503.779653
 42
-0.013381
  0
VERTEX
  8
0
 10
262.246757
 20
507.587561
 42
-0.006529
  0
VERTEX
  8
0
 10
258.444564
 20
512.601285
 42
-0.005486
  0
VERTEX
  8
0
 10
254.888540
 20
517.532141
 42
-0.008812
  0
VERTEX
  8
0
 10
251.977688
 20
521.821782
 42
-0.003306
  0
VERTEX
  8
0
 10
249.597730
 20
525.518814
 42
-0.287265
  0
VERTEX
  8
0
 10
249.593999
 20
526.152094
 42
-0.232883
  0
VERTEX
  8
0
 10
250.668764
 20
526.825338
 42
-0.176895
  0
VERTEX
  8
0
 10
252.036008
 20
526.478897
 42
-0.070985
  0
VERTEX
  8
0
 10
253.870581
 20
524.803554
 42
-0.016845
  0
SEQEND
  0
POLYLINE
  8
0
 66
1
 70
1
  0
VERTEX
  8
0
 10
122.297214
 20
525.369453
 42
-0.340872
  0
VERTEX
  8
0
 10
122.365495
 20
524.840413
 42
-0.003034
  0
VERTEX
  8
0
 10
120.182835
 20
521.155449
 42
-0.008663
  0
VERTEX
  8
0
 10
117.509395
 20
516.873599
 42
-0.005291
  0
VERTEX
  8
0
 10
114.213880
 20
511.909358
 42
-0.003709
  0
VERTEX
  8
0
 10
109.357877
 20
504.872676
 42
-0.027502
  0
VERTEX
  8
0
 10
106.842065
 20
501.673946
 42
-0.073350
  0
VERTEX
  8
0
 10
105.242398
 20
500.318581
 42
-0.348217
  0
VERTEX
  8
0
 10
104.130017
 20
500.445602
 42
-0.257977
  0
VERTEX
  8
0
 10
103.769058
 20
501.691555
 42
-0.063190
  0
VERTEX
  8
0
 10
104.526238
 20
503.771213
 42
-0.027487
  0
VERTEX
  8
0
 10
106.539880
 20
507.205260
 42
-0.004019
  0
VERTEX
  8
0
 10
111.058671
 20
513.905697
 42
-0.005513
  0
VERTEX
  8
0
 10
116.143315
 20
521.143598
 42
-0.038030
  0
VERTEX
  8
0
 10
118.937168
 20
524.464255
 42
-0.108899
  0
VERTEX
  8
0
 10
120.812988
 20
525.688882
 42
-0.294831
  0
SEQEND
  0
POLYLINE
  8
0
 66
1
 70
1
  0
VERTEX
  8
0
 10
250.163829
 20
518.000000
 42
-0.000069
  0
VERTEX
  8
0
 10
251.579689
 20
516.139171
 42
-0.000019
  0
VERTEX
  8
0
 10
253.816995
 20
513.197662
 42
-0.000019
  0
VERTEX
  8
0
 10
256.354777
 20
509.860578
 42
-0.000020
  0
VERTEX
  8
0
 10
258.859443
 20
506.566510
 42
-0.008413
  0
VERTEX
  8
0
 10
261.135005
 20
503.466601
 42
-0.013256
  0
VERTEX
  8
0
 10
262.971156
 20
500.723633
 42
-0.007226
  0
VERTEX
  8
0
 10
264.392171
 20
498.400338
 42
-0.278927
  0
VERTEX
  8
0
 10
264.386597
 20
497.816510
 42
-0.184358
  0
VERTEX
  8
0
 10
263.476374
 20
497.120812
 42
-0.176676
  0
VERTEX
  8
0
 10
262.314610
 20
497.192658
 42
-0.101678
  0
VERTEX
  8
0
 10
260.958125
 20
498.149165
 42
-0.040944
  0
VERTEX
  8
0
 10
259.539591
 20
499.931852
 42
0.025650
  0
VERTEX
  8
0
 10
258.729337
 20
501.016535
 42
0.040059
  0
VERTEX
  8
0
 10
257.915832
 20
501.850566
 42
0.047528
  0
VERTEX
  8
0
 10
257.205992
 20
502.360330
 42
0.277132
  0
VERTEX
  8
0
 10
256.764815
 20
502.354648
 42
-0.062942
  0
VERTEX
  8
0
 10
256.468950
 20
502.219724
 42
-0.205250
  0
VERTEX
  8
0
 10
256.259353
 20
502.241334
 42
-0.252949
  0
VERTEX
  8
0
 10
256.158795
 20
502.399024
 42
-0.088325
  0
VERTEX
  8
0
 10
256.187675
 20
502.675670
 42
0.173011
  0
VERTEX
  8
0
 10
256.101543
 20
504.053798
 42
0.055147
  0
VERTEX
  8
0
 10
255.073437
 20
505.869449
 42
0.058266
  0
VERTEX
  8
0
 10
253.765966
 20
507.296166
 42
0.327553
  0
VERTEX
  8
0
 10
252.795318
 20
507.373500
 42
-0.032430
  0
VERTEX
  8
0
 10
252.400261
 20
507.163422
 42
-0.219948
  0
VERTEX
  8
0
 10
252.184668
 20
507.165384
 42
-0.378810
  0
VERTEX
  8
0
 10
252.121915
 20
507.311977
 42
-0.058527
  0
VERTEX
  8
0
 10
252.267279
 20
507.623450
 42
0.194423
  0
VERTEX
  8
0
 10
252.356822
 20
508.146591
 42
0.045954
  0
VERTEX
  8
0
 10
252.084273
 20
509.008167
 42
0.040632
  0
VERTEX
  8
0
 10
251.561786
 20
510.013143
 42
0.030425
  0
VERTEX
  8
0
 10
250.835011
 20
511.027958
 42
0.008249
  0
VERTEX
  8
0
 10
250.100719
 20
511.901827
 42
0.038875
  0
VERTEX
  8
0
 10
249.634215
 20
512.361263
 42
0.584926
  0
VERTEX
  8
0
 10
249.529779
 20
512.322136
 42
0.161235
  0
VERTEX
  8
0
 10
249.567732
 20
512.095492
 42
-0.023246
  0
VERTEX
  8
0
 10
249.852547
 20
511.489167
 42
-0.243510
  0
VERTEX
  8
0
 10
249.829951
 20
511.224168
 42
-0.368845
  0
VERTEX
  8
0
 10
249.626178
 20
511.160847
 42
-0.037050
  0
VERTEX
  8
0
 10
249.138197
 20
511.414590
 42
-0.068881
  0
VERTEX
  8
0
 10
248.728978
 20
511.753103
 42
-0.085138
  0
VERTEX
  8
0
 10
248.461397
 20
512.168491
 42
-0.099918
  0
VERTEX
  8
0
 10
248.373734
 20
512.593889
 42
-0.140317
  0
VERTEX
  8
0
 10
248.478328
 20
512.964934
 42
0.193843
  0
VERTEX
  8
0
 10
248.555570
 20
513.413202
 42
0.053151
  0
VERTEX
  8
0
 10
248.326700
 20
514.107322
 42
0.045441
  0
VERTEX
  8
0
 10
247.875040
 20
514.904415
 42
0.034042
  0
VERTEX
  8
0
 10
247.244640
 20
515.692966
 42
0.007923
  0
VERTEX
  8
0
 10
246.606114
 20
516.367065
 42
0.088403
  0
VERTEX
  8
0
 10
246.306238
 20
516.581285
 42
0.712347
  0
VERTEX
  8
0
 10
246.236401
 20
516.510240
 42
0.028183
  0
VERTEX
  8
0
 10
246.500000
 20
516.047130
 42
-0.005546
  0
VERTEX
  8
0
 10
247.072487
 20
515.139490
 42
-0.485751
  0
VERTEX
  8
0
 10
247.024002
 20
515.007786
 42
-0.245769
  0
VERTEX
  8
0
 10
246.821544
 20
515.042185
 42
-0.003447
  0
VERTEX
  8
0
 10
245.809441
 20
515.823113
 42
-0.067113
  0
VERTEX
  8
0
 10
245.190421
 20
516.458056
 42
-0.071053
  0
VERTEX
  8
0
 10
244.775861
 20
517.222692
 42
-0.076849
  0
VERTEX
  8
0
 10
244.613700
 20
518.016350
 42
-0.104012
  0
VERTEX
  8
0
 10
244.729380
 20
518.737158
 42
0.030656
  0
VERTEX
  8
0
 10
244.934527
 20
519.388523
 42
0.186568
  0
VERTEX
  8
0
 10
244.891256
 20
519.732679
 42
0.347361
  0
VERTEX
  8
0
 10
244.664036
 20
519.830946
 42
0.073410
  0
VERTEX
  8
0
 10
244.239037
 20
519.647733
 42
-0.105516
  0
VERTEX
  8
0
 10
243.763612
 20
519.477779
 42
-0.099246
  0
VERTEX
  8
0
 10
243.249009
 20
519.511160
 42
-0.096295
  0
VERTEX
  8
0
 10
242.774596
 20
519.743035
 42
-0.092918
  0
VERTEX
  8
0
 10
242.414590
 20
520.138197
 42
-0.027620
  0
VERTEX
  8
0
 10
242.158708
 20
520.608429
 42
-0.309012
  0
VERTEX
  8
0
 10
242.190180
 20
520.808164
 42
-0.323892
  0
VERTEX
  8
0
 10
242.383813
 20
520.845132
 42
-0.028948
  0
VERTEX
  8
0
 10
242.845492
 20
520.595492
 42
0.060320
  0
VERTEX
  8
0
 10
243.287821
 20
520.390979
 42
0.128926
  0
VERTEX
  8
0
 10
243.660863
 20
520.370011
 42
0.191470
  0
VERTEX
  8
0
 10
243.904759
 20
520.529335
 42
0.154662
  0
VERTEX
  8
0
 10
244.000000
 20
520.829872
 42
-0.362283
  0
VERTEX
  8
0
 10
244.664976
 20
521.627175
 42
-0.153923
  0
VERTEX
  8
0
 10
246.147711
 20
521.440931
 42
-0.073655
  0
VERTEX
  8
0
 10
248.225503
 20
520.087194
 42
-0.048974
  0
SEQEND
  0
POLYLINE
  8
0
 66
1
 70
1
  0
VERTEX
  8
0
 10
273.000000
 20
499.190618
 42
-0.191248
  0
VERTEX
  8
0
 10
272.611470
 20
498.211996
 42
-0.006867
  0
VERTEX
  8
0
 10
269.752358
 20
495.261082
 42
-0.006844
  0
VERTEX
  8
0
 10
266.812650
 20
492.388930
 42
-0.192342
  0
VERTEX
  8
0
 10
265.839017
 20
492.000000
 42
-0.164269
  0
VERTEX
  8
0
 10
265.476867
 20
492.122280
 42
-0.040352
  0
VERTEX
  8
0
 10
265.002772
 20
492.548197
 42
-0.037009
  0
VERTEX
  8
0
 10
264.510404
 20
493.151823
 42
-0.029721
  0
VERTEX
  8
0
 10
264.071606
 20
493.866203
 42
-0.097394
  0
VERTEX
  8
0
 10
263.742409
 20
494.940977
 42
-0.159637
  0
VERTEX
  8
0
 10
263.942308
 20
495.862748
 42
-0.088569
  0
VERTEX
  8
0
 10
264.788185
 20
496.853186
 42
-0.017220
  0
VERTEX
  8
0
 10
266.662458
 20
498.286454
 42
-0.043527
  0
VERTEX
  8
0
 10
268.927008
 20
499.617587
 42
-0.075820
  0
VERTEX
  8
0
 10
271.008316
 20
500.245623
 42
-0.136674
  0
VERTEX
  8
0
 10
272.424315
 20
500.060566
 42
-0.300913
  0
SEQEND
  0
POLYLINE
  8
0
 66
1
 70
1
  0
VERTEX
  8
0
 10
104.000000
 20
498.108851
 42
-0.182955
  0
VERTEX
  8
0
 10
103.837292
 20
497.679068
 42
-0.004180
  0
VERTEX
  8
0
 10
102.350557
 20
496.025008
 42
-0.008803
  0
VERTEX
  8
0
 10
100.536810
 20
494.109579
 42
-0.005782
  0
VERTEX
  8
0
 10
98.384874
 20
491.965840
 42
0.000000
  0
VERTEX
  8
0
 10
92.769749
 20
486.500000
 42
0.000000
  0
VERTEX
  8
0
 10
97.114505
 20
493.130498
 42
-0.013995
  0
VERTEX
  8
0
 10
98.949839
 20
495.767351
 42
-0.026128
  0
VERTEX
  8
0
 10
100.601933
 20
497.776062
 42
-0.026245
  0
VERTEX
  8
0
 10
101.985247
 20
499.138476
 42
-0.279914
  0
VERTEX
  8
0
 10
102.729631
 20
499.273509
 42
-0.043318
  0
VERTEX
  8
0
 10
103.215686
 20
499.036922
 42
-0.050654
  0
VERTEX
  8
0
 10
103.626829
 20
498.730302
 42
-0.058052
  0
VERTEX
  8
0
 10
103.909386
 20
498.403430
 42
-0.150326
  0
SEQEND
  0
POLYLINE
  8
0
 66
1
 70
1
  0
VERTEX
  8
0
 10
109.452624
 20
494.262865
 42
-0.235517
  0
VERTEX
  8
0
 10
109.240755
 20
492.067192
 42
-0.007785
  0
VERTEX
  8
0
 10
104.326674
 20
484.473777
 42
-0.015380
  0
VERTEX
  8
0
 10
99.043679
 20
477.084565
 42
-0.036772
  0
VERTEX
  8
0
 10
94.576346
 20
472.041792
 42
0.000000
  0
VERTEX
  8
0
 10
90.000000
 20
467.583584
 42
0.000000
  0
VERTEX
  8
0
 10
90.000000
 20
471.023901
 42
-0.093263
  0
VERTEX
  8
0
 10
90.427100
 20
473.293743
 42
-0.063832
  0
VERTEX
  8
0
 10
91.686483
 20
475.601947
 42
-0.031206
  0
VERTEX
  8
0
 10
94.274344
 20
478.741619
 42
-0.005027
  0
VERTEX
  8
0
 10
99.750000
 20
484.482043
 42
0.000000
  0
VERTEX
  8
0
 10
109.500000
 20
494.499867
 42
0.000000
  0
VERTEX
  8
0
 10
99.750000
 20
485.019684
 42
0.000000
  0
VERTEX
  8
0
 10
90.000000
 20
475.539501
 42
0.000000
  0
VERTEX
  8
0
 10
90.000000
 20
478.997627
 42
-0.079619
  0
VERTEX
  8
0
 10
90.347064
 20
481.163329
 42
-0.070943
  0
VERTEX
  8
0
 10
91.358623
 20
483.207831
 42
-0.038205
  0
VERTEX
  8
0
 10
93.431669
 20
485.784651
 42
-0.007152
  0
VERTEX
  8
0
 10
97.644964
 20
490.145819
 42
-0.005544
  0
VERTEX
  8
0
 10
102.005626
 20
494.436005
 42
-0.040532
  0
VERTEX
  8
0
 10
104.272839
 20
496.288781
 42
-0.103639
  0
VERTEX
  8
0
 10
105.809109
 20
496.933930
 42
-0.189544
  0
VERTEX
  8
0
 10
107.125654
 20
496.689455
 42
-0.033379
  0
VERTEX
  8
0
 10
107.864433
 20
496.156460
 42
-0.028668
  0
VERTEX
  8
0
 10
108.566438
 20
495.503742
 42
-0.029701
  0
VERTEX
  8
0
 10
109.135642
 20
494.834857
 42
-0.069930
  0
SEQEND
  0
POLYLINE
  8
0
 66
1
 70
1
  0
VERTEX
  8
0
 10
277.370770
 20
493.900859
 42
0.000000
  0
VERTEX
  8
0
 10
280.241541
 20
489.844421
 42
0.000000
  0
VERTEX
  8
0
 10
276.924604
 20
486.422211
 42
-0.009368
  0
VERTEX
  8
0
 10
275.605277
 20
485.111082
 42
-0.013489
  0
VERTEX
  8
0
 10
274.385841
 20
484.005274
 42
-0.009199
  0
VERTEX
  8
0
 10
273.339862
 20
483.139886
 42
-0.169804
  0
VERTEX
  8
0
 10
272.939834
 20
483.000000
 42
-0.207706
  0
VERTEX
  8
0
 10
272.561519
 20
483.164242
 42
-0.010559
  0
VERTEX
  8
0
 10
271.646534
 20
484.185632
 42
-0.015415
  0
VERTEX
  8
0
 10
270.595126
 20
485.489658
 42
-0.010430
  0
VERTEX
  8
0
 10
269.474916
 20
487.036196
 42
0.000000
  0
VERTEX
  8
0
 10
266.677831
 20
491.072391
 42
0.000000
  0
VERTEX
  8
0
 10
270.035082
 20
494.536196
 42
-0.007977
  0
VERTEX
  8
0
 10
271.361689
 20
495.861920
 42
-0.011840
  0
VERTEX
  8
0
 10
272.568829
 20
496.976236
 42
-0.007057
  0
VERTEX
  8
0
 10
273.605254
 20
497.862830
 42
-0.185086
  0
VERTEX
  8
0
 10
273.946167
 20
497.978649
 42
-0.203879
  0
VERTEX
  8
0
 10
274.268201
 20
497.826735
 42
-0.007305
  0
VERTEX
  8
0
 10
275.180600
 20
496.771990
 42
-0.012409
  0
VERTEX
  8
0
 10
276.230541
 20
495.456858
 42
-0.008260
  0
SEQEND
  0
POLYLINE
  8
0
 66
1
 70
1
  0
VERTEX
  8
0
 10
280.349253
 20
481.845621
 42
-0.014650
  0
VERTEX
  8
0
 10
278.445551
 20
480.007023
 42
-0.061627
  0
VERTEX
  8
0
 10
277.150641
 20
479.091136
 42
-0.123747
  0
VERTEX
  8
0
 10
276.165293
 20
478.843451
 42
-0.174939
  0
VERTEX
  8
0
 10
275.321856
 20
479.147846
 42
-0.102627
  0
VERTEX
  8
0
 10
274.318738
 20
480.404849
 42
-0.188786
  0
VERTEX
  8
0
 10
274.195334
 20
481.688819
 42
-0.103169
  0
VERTEX
  8
0
 10
275.027974
 20
483.276629
 42
-0.020302
  0
VERTEX
  8
0
 10
277.184528
 20
485.690385
 42
-0.010785
  0
VERTEX
  8
0
 10
279.184468
 20
487.666670
 42
-0.112102
  0
VERTEX
  8
0
 10
280.172953
 20
488.251976
 42
-0.211313
  0
VERTEX
  8
0
 10
281.039567
 20
488.160504
 42
-0.053527
  0
VERTEX
  8
0
 10
282.211924
 20
487.308211
 42
-0.059918
  0
VERTEX
  8
0
 10
283.167293
 20
486.209085
 42
-0.235322
  0
VERTEX
  8
0
 10
283.283471
 20
485.344743
 42
-0.103653
  0
VERTEX
  8
0
 10
282.652381
 20
484.280353
 42
-0.007934
  0
SEQEND
  0
POLYLINE
  8
0
 66
1
 70
1
  0
VERTEX
  8
0
 10
285.786947
 20
481.420472
 42
-0.151229
  0
VERTEX
  8
0
 10
285.616354
 20
480.307155
 42
-0.037956
  0
VERTEX
  8
0
 10
284.680012
 20
478.702114
 42
-0.031075
  0
VERTEX
  8
0
 10
283.156803
 20
476.764049
 42
-0.016185
  0
VERTEX
  8
0
 10
281.036947
 20
474.536392
 42
0.000000
  0
VERTEX
  8
0
 10
276.000000
 20
469.575184
 42
0.000000
  0
VERTEX
  8
0
 10
276.000000
 20
472.995429
 42
-0.054554
  0
VERTEX
  8
0
 10
276.202281
 20
474.843871
 42
-0.064319
  0
VERTEX
  8
0
 10
276.799558
 20
476.498278
 42
-0.052157
  0
VERTEX
  8
0
 10
277.911310
 20
478.198358
 42
-0.022538
  0
VERTEX
  8
0
 10
279.714502
 20
480.219670
 42
-0.022277
  0
VERTEX
  8
0
 10
282.347614
 20
482.686252
 42
-0.128953
  0
VERTEX
  8
0
 10
284.047297
 20
483.510897
 42
-0.301428
  0
VERTEX
  8
0
 10
285.149042
 20
483.057625
 42
-0.112172
  0
SEQEND
  0
POLYLINE
  8
0
 66
1
 70
1
  0
VERTEX
  8
0
 10
281.075486
 20
466.599296
 42
0.000000
  0
VERTEX
  8
0
 10
276.000000
 20
461.523810
 42
0.000000
  0
VERTEX
  8
0
 10
276.000000
 20
464.977556
 42
-0.060561
  0
VERTEX
  8
0
 10
276.239608
 20
466.948552
 42
-0.069715
  0
VERTEX
  8
0
 10
276.943844
 20
468.705849
 42
-0.049032
  0
VERTEX
  8
0
 10
278.317484
 20
470.636724
 42
-0.015041
  0
VERTEX
  8
0
 10
280.750000
 20
473.266740
 42
0.000000
  0
VERTEX
  8
0
 10
285.500000
 20
478.102178
 42
0.000000
  0
VERTEX
  8
0
 10
285.825486
 20
474.888480
 42
-0.067581
  0
VERTEX
  8
0
 10
285.760517
 20
472.979469
 42
-0.088072
  0
VERTEX
  8
0
 10
285.170847
 20
471.336920
 42
-0.054366
  0
VERTEX
  8
0
 10
283.813767
 20
469.471666
 42
-0.011948
  0
SEQEND
  0
POLYLINE
  8
0
 66
1
 70
1
  0
VERTEX
  8
0
 10
95.575558
 20
465.097297
 42
0.000000
  0
VERTEX
  8
0
 10
90.000000
 20
459.521739
 42
0.000000
  0
VERTEX
  8
0
 10
90.000000
 20
462.979424
 42
-0.063842
  0
VERTEX
  8
0
 10
90.258137
 20
464.992874
 42
-0.071008
  0
VERTEX
  8
0
 10
91.014888
 20
466.798850
 42
-0.047074
  0
VERTEX
  8
0
 10
92.511953
 20
468.840702
 42
-0.012801
  0
VERTEX
  8
0
 10
95.250000
 20
471.766073
 42
0.000000
  0
VERTEX
  8
0
 10
100.500000
 20
477.095037
 42
0.000000
  0
VERTEX
  8
0
 10
100.825558
 20
473.883946
 42
-0.071966
  0
VERTEX
  8
0
 10
100.742812
 20
471.944719
 42
-0.088291
  0
VERTEX
  8
0
 10
100.100952
 20
470.252074
 42
-0.051438
  0
VERTEX
  8
0
 10
98.624495
 20
468.274670
 42
-0.010313
  0
SEQEND
  0
POLYLINE
  8
0
 66
1
 70
1
  0
VERTEX
  8
0
 10
281.075486
 20
458.599296
 42
0.000000
  0
VERTEX
  8
0
 10
276.000000
 20
453.523810
 42
0.000000
  0
VERTEX
  8
0
 10
276.000000
 20
456.977556
 42
-0.060561
  0
VERTEX
  8
0
 10
276.239608
 20
458.948552
 42
-0.069715
  0
VERTEX
  8
0
 10
276.943844
 20
460.705849
 42
-0.049032
  0
VERTEX
  8
0
 10
278.317484
 20
462.636724
 42
-0.015041
  0
VERTEX
  8
0
 10
280.750000
 20
465.266740
 42
0.000000
  0
VERTEX
  8
0
 10
285.500000
 20
470.102178
 42
0.000000
  0
VERTEX
  8
0
 10
285.825486
 20
466.888480
 42
-0.067581
  0
VERTEX
  8
0
 10
285.760517
 20
464.979469
 42
-0.088072
  0
VERTEX
  8
0
 10
285.170847
 20
463.336920
 42
-0.054366
  0
VERTEX
  8
0
 10
283.813767
 20
461.471666
 42
-0.011948
  0
SEQEND
  0
POLYLINE
  8
0
 66
1
 70
1
  0
VERTEX
  8
0
 10
95.575558
 20
457.097297
 42
0.000000
  0
VERTEX
  8
0
 10
90.000000
 20
451.521739
 42
0.000000
  0
VERTEX
  8
0
 10
90.000000
 20
454.979424
 42
-0.063842
  0
VERTEX
  8
0
 10
90.258137
 20
456.992874
 42
-0.071008
  0
VERTEX
  8
0
 10
91.014888
 20
458.798850
 42
-0.047074
  0
VERTEX
  8
0
 10
92.511953
 20
460.840702
 42
-0.012801
  0
VERTEX
  8
0
 10
95.250000
 20
463.766073
 42
0.000000
  0
VERTEX
  8
0
 10
100.500000
 20
469.095037
 42
0.000000
  0
VERTEX
  8
0
 10
100.825558
 20
465.883946
 42
-0.071966
  0
VERTEX
  8
0
 10
100.742812
 20
463.944719
 42
-0.088291
  0
VERTEX
  8
0
 10
100.100952
 20
462.252074
 42
-0.051438
  0
VERTEX
  8
0
 10
98.624495
 20
460.274670
 42
-0.010313
  0
SEQEND
  0
POLYLINE
  8
0
 66
1
 70
1
  0
VERTEX
  8
0
 10
281.075486
 20
450.599296
 42
0.000000
  0
VERTEX
  8
0
 10
276.000000
 20
445.523810
 42
0.000000
  0
VERTEX
  8
0
 10
276.000000
 20
448.977556
 42
-0.060561
  0
VERTEX
  8
0
 10
276.239608
 20
450.948552
 42
-0.069715
  0
VERTEX
  8
0
 10
276.943844
 20
452.705849
 42
-0.049032
  0
VERTEX
  8
0
 10
278.317484
 20
454.636724
 42
-0.015041
  0
VERTEX
  8
0
 10
280.750000
 20
457.266740
 42
0.000000
  0
VERTEX
  8
0
 10
285.500000
 20
462.102178
 42
0.000000
  0
VERTEX
  8
0
 10
285.825486
 20
458.888480
 42
-0.067581
  0
VERTEX
  8
0
 10
285.760517
 20
456.979469
 42
-0.088072
  0
VERTEX
  8
0
 10
285.170847
 20
455.336920
 42
-0.054366
  0
VERTEX
  8
0
 10
283.813767
 20
453.471666
 42
-0.011948
  0
SEQEND
  0
POLYLINE
  8
0
 66
1
 70
1
  0
VERTEX
  8
0
 10
91.844737
 20
445.344089
 42
-0.005300
  0
VERTEX
  8
0
 10
86.460712
 20
440.051008
 42
-0.033820
  0
VERTEX
  8
0
 10
83.529689
 20
437.588920
 42
-0.069399
  0
VERTEX
  8
0
 10
81.323757
 20
436.405280
 42
-0.088706
  0
VERTEX
  8
0
 10
79.057342
 20
436.000000
 42
0.000000
  0
VERTEX
  8
0
 10
75.575184
 20
436.000000
 42
0.000000
  0
VERTEX
  8
0
 10
80.500000
 20
441.000000
 42
-0.017584
  0
VERTEX
  8
0
 10
82.704795
 20
443.086375
 42
-0.029124
  0
VERTEX
  8
0
 10
84.720869
 20
444.665364
 42
-0.034101
  0
VERTEX
  8
0
 10
86.451930
 20
445.698325
 42
-0.118001
  0
VERTEX
  8
0
 10
87.712408
 20
446.000000
 42
0.054653
  0
VERTEX
  8
0
 10
88.799484
 20
446.119179
 42
0.138802
  0
VERTEX
  8
0
 10
89.492220
 20
446.492455
 42
0.142441
  0
VERTEX
  8
0
 10
89.875888
 20
447.166072
 42
0.058758
  0
VERTEX
  8
0
 10
90.000000
 20
448.218555
 42
-0.124143
  0
VERTEX
  8
0
 10
90.310366
 20
449.449325
 42
-0.028437
  0
VERTEX
  8
0
 10
91.442101
 20
451.291495
 42
-0.025837
  0
VERTEX
  8
0
 10
93.111929
 20
453.445602
 42
-0.016713
  0
VERTEX
  8
0
 10
95.250000
 20
455.766073
 42
0.000000
  0
VERTEX
  8
0
 10
100.500000
 20
461.095037
 42
0.000000
  0
VERTEX
  8
0
 10
100.824987
 20
457.891607
 42
-0.101465
  0
VERTEX
  8
0
 10
100.608984
 20
455.763085
 42
-0.079621
  0
VERTEX
  8
0
 10
99.571995
 20
453.681988
 42
-0.035692
  0
VERTEX
  8
0
 10
97.224054
 20
450.851823
 42
-0.004856
  0
SEQEND
  0
POLYLINE
  8
0
 66
1
 70
1
  0
VERTEX
  8
0
 10
281.075486
 20
442.599296
 42
0.000000
  0
VERTEX
  8
0
 10
276.000000
 20
437.523810
 42
0.000000
  0
VERTEX
  8
0
 10
276.000000
 20
440.977556
 42
-0.060561
  0
VERTEX
  8
0
 10
276.239608
 20
442.948552
 42
-0.069715
  0
VERTEX
  8
0
 10
276.943844
 20
444.705849
 42
-0.049032
  0
VERTEX
  8
0
 10
278.317484
 20
446.636724
 42
-0.015041
  0
VERTEX
  8
0
 10
280.750000
 20
449.266740
 42
0.000000
  0
VERTEX
  8
0
 10
285.500000
 20
454.102178
 42
0.000000
  0
VERTEX
  8
0
 10
285.825486
 20
450.888480
 42
-0.067581
  0
VERTEX
  8
0
 10
285.760517
 20
448.979469
 42
-0.088072
  0
VERTEX
  8
0
 10
285.170847
 20
447.336920
 42
-0.054366
  0
VERTEX
  8
0
 10
283.813767
 20
445.471666
 42
-0.011948
  0
SEQEND
  0
POLYLINE
  8
0
 66
1
 70
1
  0
VERTEX
  8
0
 10
95.858226
 20
441.356442
 42
-0.012383
  0
VERTEX
  8
0
 10
92.912920
 20
438.518233
 42
-0.048898
  0
VERTEX
  8
0
 10
90.902825
 20
437.007837
 42
-0.074838
  0
VERTEX
  8
0
 10
89.110979
 20
436.255985
 42
-0.062051
  0
VERTEX
  8
0
 10
87.056238
 20
436.000000
 42
0.000000
  0
VERTEX
  8
0
 10
83.544156
 20
436.000000
 42
0.000000
  0
VERTEX
  8
0
 10
92.022078
 20
444.535164
 42
0.000000
  0
VERTEX
  8
0
 10
100.500000
 20
453.070329
 42
0.000000
  0
VERTEX
  8
0
 10
100.824065
 20
449.891607
 42
-0.071250
  0
VERTEX
  8
0
 10
100.746676
 20
447.989447
 42
-0.086216
  0
VERTEX
  8
0
 10
100.126699
 20
446.316660
 42
-0.051887
  0
VERTEX
  8
0
 10
98.711576
 20
444.378303
 42
-0.011212
  0
SEQEND
  0
POLYLINE
  8
0
 66
1
 70
1
  0
VERTEX
  8
0
 10
36.000000
 20
445.674314
 42
-0.184988
  0
VERTEX
  8
0
 10
35.922055
 20
445.470848
 42
-0.005011
  0
VERTEX
  8
0
 10
35.265625
 20
444.754389
 42
-0.009762
  0
VERTEX
  8
0
 10
34.458057
 20
443.923635
 42
-0.006459
  0
VERTEX
  8
0
 10
33.500000
 20
443.000000
 42
0.000000
  0
VERTEX
  8
0
 10
31.000000
 20
440.651372
 42
0.000000
  0
VERTEX
  8
0
 10
31.000000
 20
443.325686
 42
-0.039030
  0
VERTEX
  8
0
 10
31.108496
 20
444.713465
 42
-0.150031
  0
VERTEX
  8
0
 10
31.483705
 20
445.482569
 42
-0.160006
  0
VERTEX
  8
0
 10
32.209354
 20
445.880645
 42
-0.046140
  0
VERTEX
  8
0
 10
33.500000
 20
446.000000
 42
-0.012232
  0
VERTEX
  8
0
 10
34.458476
 20
445.976548
 42
-0.020157
  0
VERTEX
  8
0
 10
35.265625
 20
445.904330
 42
-0.015163
  0
VERTEX
  8
0
 10
35.893676
 20
445.803060
 42
-0.359543
  0
SEQEND
  0
POLYLINE
  8
0
 66
1
 70
1
  0
VERTEX
  8
0
 10
37.971112
 20
439.457910
 42
0.000000
  0
VERTEX
  8
0
 10
31.500000
 20
432.915820
 42
0.000000
  0
VERTEX
  8
0
 10
31.189604
 20
435.918189
 42
-0.136001
  0
VERTEX
  8
0
 10
31.758632
 20
439.287120
 42
-0.082191
  0
VERTEX
  8
0
 10
34.064989
 20
442.646170
 42
-0.080684
  0
VERTEX
  8
0
 10
37.383848
 20
445.138319
 42
-0.121356
  0
VERTEX
  8
0
 10
40.881790
 20
446.000000
 42
0.000000
  0
VERTEX
  8
0
 10
44.442223
 20
446.000000
 42
0.000000
  0
SEQEND
  0
POLYLINE
  8
0
 66
1
 70
1
  0
VERTEX
  8
0
 10
41.960054
 20
435.494352
 42
0.000000
  0
VERTEX
  8
0
 10
31.500000
 20
424.988704
 42
0.000000
  0
VERTEX
  8
0
 10
31.175354
 20
428.145689
 42
-0.088941
  0
VERTEX
  8
0
 10
31.325767
 20
430.148997
 42
-0.083631
  0
VERTEX
  8
0
 10
32.160916
 20
432.023001
 42
-0.042084
  0
VERTEX
  8
0
 10
34.054809
 20
434.412426
 42
-0.006928
  0
VERTEX
  8
0
 10
38.150327
 20
438.651337
 42
-0.007563
  0
VERTEX
  8
0
 10
42.302812
 20
442.707150
 42
-0.040113
  0
VERTEX
  8
0
 10
44.774735
 20
444.699215
 42
-0.073420
  0
VERTEX
  8
0
 10
46.771237
 20
445.667466
 42
-0.076392
  0
VERTEX
  8
0
 10
48.935026
 20
446.000000
 42
0.000000
  0
VERTEX
  8
0
 10
52.420108
 20
446.000000
 42
0.000000
  0
SEQEND
  0
POLYLINE
  8
0
 66
1
 70
1
  0
VERTEX
  8
0
 10
55.500000
 20
441.000000
 42
-0.013881
  0
VERTEX
  8
0
 10
52.775541
 20
438.383369
 42
-0.050502
  0
VERTEX
  8
0
 10
50.848439
 20
436.958915
 42
-0.074139
  0
VERTEX
  8
0
 10
49.095308
 20
436.243178
 42
-0.059972
  0
VERTEX
  8
0
 10
47.075184
 20
436.000000
 42
0.000000
  0
VERTEX
  8
0
 10
43.575184
 20
436.000000
 42
0.000000
  0
VERTEX
  8
0
 10
48.500000
 20
441.000000
 42
-0.013881
  0
VERTEX
  8
0
 10
51.224459
 20
443.616631
 42
-0.050502
  0
VERTEX
  8
0
 10
53.151561
 20
445.041085
 42
-0.074139
  0
VERTEX
  8
0
 10
54.904692
 20
445.756822
 42
-0.059972
  0
VERTEX
  8
0
 10
56.924816
 20
446.000000
 42
0.000000
  0
VERTEX
  8
0
 10
60.424816
 20
446.000000
 42
0.000000
  0
SEQEND
  0
POLYLINE
  8
0
 66
1
 70
1
  0
VERTEX
  8
0
 10
63.500000
 20
441.000000
 42
-0.013881
  0
VERTEX
  8
0
 10
60.775541
 20
438.383369
 42
-0.050502
  0
VERTEX
  8
0
 10
58.848439
 20
436.958915
 42
-0.074139
  0
VERTEX
  8
0
 10
57.095308
 20
436.243178
 42
-0.059972
  0
VERTEX
  8
0
 10
55.075184
 20
436.000000
 42
0.000000
  0
VERTEX
  8
0
 10
51.575184
 20
436.000000
 42
0.000000
  0
VERTEX
  8
0
 10
56.500000
 20
441.000000
 42
-0.013881
  0
VERTEX
  8
0
 10
59.224459
 20
443.616631
 42
-0.050502
  0
VERTEX
  8
0
 10
61.151561
 20
445.041085
 42
-0.074139
  0
VERTEX
  8
0
 10
62.904692
 20
445.756822
 42
-0.059972
  0
VERTEX
  8
0
 10
64.924816
 20
446.000000
 42
0.000000
  0
VERTEX
  8
0
 10
68.424816
 20
446.000000
 42
0.000000
  0
SEQEND
  0
POLYLINE
  8
0
 66
1
 70
1
  0
VERTEX
  8
0
 10
71.500000
 20
441.000000
 42
-0.013881
  0
VERTEX
  8
0
 10
68.775541
 20
438.383369
 42
-0.050502
  0
VERTEX
  8
0
 10
66.848439
 20
436.958915
 42
-0.074139
  0
VERTEX
  8
0
 10
65.095308
 20
436.243178
 42
-0.059972
  0
VERTEX
  8
0
 10
63.075184
 20
436.000000
 42
0.000000
  0
VERTEX
  8
0
 10
59.575184
 20
436.000000
 42
0.000000
  0
VERTEX
  8
0
 10
64.500000
 20
441.000000
 42
-0.013881
  0
VERTEX
  8
0
 10
67.224459
 20
443.616631
 42
-0.050502
  0
VERTEX
  8
0
 10
69.151561
 20
445.041085
 42
-0.074139
  0
VERTEX
  8
0
 10
70.904692
 20
445.756822
 42
-0.059972
  0
VERTEX
  8
0
 10
72.924816
 20
446.000000
 42
0.000000
  0
VERTEX
  8
0
 10
76.424816
 20
446.000000
 42
0.000000
  0
SEQEND
  0
POLYLINE
  8
0
 66
1
 70
1
  0
VERTEX
  8
0
 10
79.500000
 20
441.000000
 42
-0.013881
  0
VERTEX
  8
0
 10
76.775541
 20
438.383369
 42
-0.050502
  0
VERTEX
  8
0
 10
74.848439
 20
436.958915
 42
-0.074139
  0
VERTEX
  8
0
 10
73.095308
 20
436.243178
 42
-0.059972
  0
VERTEX
  8
0
 10
71.075184
 20
436.000000
 42
0.000000
  0
VERTEX
  8
0
 10
67.575184
 20
436.000000
 42
0.000000
  0
VERTEX
  8
0
 10
72.500000
 20
441.000000
 42
-0.013881
  0
VERTEX
  8
0
 10
75.224459
 20
443.616631
 42
-0.050502
  0
VERTEX
  8
0
 10
77.151561
 20
445.041085
 42
-0.074139
  0
VERTEX
  8
0
 10
78.904692
 20
445.756822
 42
-0.059972
  0
VERTEX
  8
0
 10
80.924816
 20
446.000000
 42
0.000000
  0
VERTEX
  8
0
 10
84.424816
 20
446.000000
 42
0.000000
  0
SEQEND
  0
POLYLINE
  8
0
 66
1
 70
1
  0
VERTEX
  8
0
 10
281.075486
 20
434.599296
 42
0.000000
  0
VERTEX
  8
0
 10
276.000000
 20
429.523810
 42
0.000000
  0
VERTEX
  8
0
 10
276.000000
 20
432.977556
 42
-0.060561
  0
VERTEX
  8
0
 10
276.239608
 20
434.948552
 42
-0.069715
  0
VERTEX
  8
0
 10
276.943844
 20
436.705849
 42
-0.049032
  0
VERTEX
  8
0
 10
278.317484
 20
438.636724
 42
-0.015041
  0
VERTEX
  8
0
 10
280.750000
 20
441.266740
 42
0.000000
  0
VERTEX
  8
0
 10
285.500000
 20
446.102178
 42
0.000000
  0
VERTEX
  8
0
 10
285.825486
 20
442.888480
 42
-0.067581
  0
VERTEX
  8
0
 10
285.760517
 20
440.979469
 42
-0.088072
  0
VERTEX
  8
0
 10
285.170847
 20
439.336920
 42
-0.054366
  0
VERTEX
  8
0
 10
283.813767
 20
437.471666
 42
-0.011948
  0
SEQEND
  0
POLYLINE
  8
0
 66
1
 70
1
  0
VERTEX
  8
0
 10
532.000000
 20
445.622445
 42
-0.172217
  0
VERTEX
  8
0
 10
531.925448
 20
445.412416
 42
-0.016008
  0
VERTEX
  8
0
 10
531.559375
 20
444.990110
 42
-0.019119
  0
VERTEX
  8
0
 10
531.074554
 20
444.504355
 42
-0.013852
  0
VERTEX
  8
0
 10
530.500000
 20
444.000000
 42
-0.020633
  0
VERTEX
  8
0
 10
529.689039
 20
443.381629
 42
-0.217533
  0
VERTEX
  8
0
 10
529.289310
 20
443.308142
 42
-0.304492
  0
VERTEX
  8
0
 10
529.057736
 20
443.565314
 42
-0.035496
  0
VERTEX
  8
0
 10
529.000000
 20
444.377555
 42
-0.091307
  0
VERTEX
  8
0
 10
529.114059
 20
444.996941
 42
-0.095788
  0
VERTEX
  8
0
 10
529.440625
 20
445.523407
 42
-0.099536
  0
VERTEX
  8
0
 10
529.927707
 20
445.875699
 42
-0.107348
  0
VERTEX
  8
0
 10
530.500000
 20
446.000000
 42
-0.023761
  0
VERTEX
  8
0
 10
531.074850
 20
445.972666
 42
-0.037907
  0
VERTEX
  8
0
 10
531.559375
 20
445.889093
 42
-0.044235
  0
VERTEX
  8
0
 10
531.905570
 20
445.768578
 42
-0.294983
  0
SEQEND
  0
POLYLINE
  8
0
 66
1
 70
1
  0
VERTEX
  8
0
 10
534.965840
 20
440.452481
 42
0.000000
  0
VERTEX
  8
0
 10
529.500000
 20
434.904963
 42
0.000000
  0
VERTEX
  8
0
 10
529.178481
 20
438.061901
 42
-0.107296
  0
VERTEX
  8
0
 10
529.521503
 20
441.104175
 42
-0.111681
  0
VERTEX
  8
0
 10
531.095753
 20
443.680559
 42
-0.107483
  0
VERTEX
  8
0
 10
533.683665
 20
445.397320
 42
-0.093163
  0
VERTEX
  8
0
 10
536.890154
 20
446.000000
 42
0.000000
  0
VERTEX
  8
0
 10
540.431680
 20
446.000000
 42
0.000000
  0
SEQEND
  0
POLYLINE
  8
0
 66
1
 70
1
  0
VERTEX
  8
0
 10
538.980250
 20
436.467183
 42
0.000000
  0
VERTEX
  8
0
 10
529.500000
 20
426.934367
 42
0.000000
  0
VERTEX
  8
0
 10
529.175601
 20
430.115212
 42
-0.079640
  0
VERTEX
  8
0
 10
529.288277
 20
432.079071
 42
-0.086044
  0
VERTEX
  8
0
 10
530.012983
 20
433.852584
 42
-0.046783
  0
VERTEX
  8
0
 10
531.666628
 20
436.013974
 42
-0.008588
  0
VERTEX
  8
0
 10
535.146713
 20
439.648029
 42
-0.009434
  0
VERTEX
  8
0
 10
538.697900
 20
443.098367
 42
-0.044345
  0
VERTEX
  8
0
 10
540.937305
 20
444.848961
 42
-0.075041
  0
VERTEX
  8
0
 10
542.831510
 20
445.706388
 42
-0.068924
  0
VERTEX
  8
0
 10
544.951361
 20
446.000000
 42
0.000000
  0
VERTEX
  8
0
 10
548.460499
 20
446.000000
 42
0.000000
  0
SEQEND
  0
POLYLINE
  8
0
 66
1
 70
1
  0
VERTEX
  8
0
 10
554.000000
 20
444.866588
 42
-0.146449
  0
VERTEX
  8
0
 10
553.807778
 20
444.224389
 42
-0.015482
  0
VERTEX
  8
0
 10
552.898438
 20
442.930566
 42
-0.018085
  0
VERTEX
  8
0
 10
551.686196
 20
441.430733
 42
-0.013573
  0
VERTEX
  8
0
 10
550.250000
 20
439.867476
 42
-0.021453
  0
VERTEX
  8
0
 10
548.216879
 20
437.944011
 42
-0.055728
  0
VERTEX
  8
0
 10
546.559528
 20
436.801740
 42
-0.070008
  0
VERTEX
  8
0
 10
544.931413
 20
436.203144
 42
-0.053119
  0
VERTEX
  8
0
 10
543.037592
 20
436.000888
 42
0.000000
  0
VERTEX
  8
0
 10
539.575184
 20
436.000000
 42
0.000000
  0
VERTEX
  8
0
 10
544.500000
 20
441.000000
 42
-0.034863
  0
VERTEX
  8
0
 10
547.869716
 20
443.975055
 42
-0.066860
  0
VERTEX
  8
0
 10
550.993443
 20
445.763814
 42
-0.144865
  0
VERTEX
  8
0
 10
553.086502
 20
445.971297
 42
-0.359902
  0
SEQEND
  0
POLYLINE
  8
0
 66
1
 70
1
  0
VERTEX
  8
0
 10
586.000000
 20
444.500000
 42
-0.335330
  0
VERTEX
  8
0
 10
585.390965
 20
443.694001
 42
-0.045065
  0
VERTEX
  8
0
 10
583.166667
 20
443.274194
 42
-0.021161
  0
VERTEX
  8
0
 10
579.041936
 20
443.050585
 42
-0.002961
  0
VERTEX
  8
0
 10
570.500000
 20
443.000000
 42
-0.002961
  0
VERTEX
  8
0
 10
561.958064
 20
443.050585
 42
-0.021161
  0
VERTEX
  8
0
 10
557.833333
 20
443.274194
 42
-0.045065
  0
VERTEX
  8
0
 10
555.609035
 20
443.694001
 42
-0.335330
  0
VERTEX
  8
0
 10
555.000000
 20
444.500000
 42
-0.335330
  0
VERTEX
  8
0
 10
555.609035
 20
445.305999
 42
-0.045065
  0
VERTEX
  8
0
 10
557.833333
 20
445.725806
 42
-0.021161
  0
VERTEX
  8
0
 10
561.958064
 20
445.949415
 42
-0.002961
  0
VERTEX
  8
0
 10
570.500000
 20
446.000000
 42
-0.002961
  0
VERTEX
  8
0
 10
579.041936
 20
445.949415
 42
-0.021161
  0
VERTEX
  8
0
 10
583.166667
 20
445.725806
 42
-0.045065
  0
VERTEX
  8
0
 10
585.390965
 20
445.305999
 42
-0.335330
  0
SEQEND
  0
POLYLINE
  8
0
 66
1
 70
1
  0
VERTEX
  8
0
 10
593.500000
 20
443.210551
 42
0.009148
  0
VERTEX
  8
0
 10
592.245308
 20
441.992984
 42
0.007624
  0
VERTEX
  8
0
 10
590.956059
 20
440.655051
 42
0.007710
  0
VERTEX
  8
0
 10
589.813455
 20
439.394104
 42
0.020686
  0
VERTEX
  8
0
 10
589.052541
 20
438.452024
 42
0.656939
  0
VERTEX
  8
0
 10
589.130052
 20
438.318028
 42
0.139271
  0
VERTEX
  8
0
 10
589.493680
 20
438.468719
 42
0.017551
  0
VERTEX
  8
0
 10
590.759250
 20
439.544967
 42
0.005439
  0
VERTEX
  8
0
 10
592.586890
 20
441.250000
 42
-0.014955
  0
VERTEX
  8
0
 10
595.269254
 20
443.658600
 42
-0.046940
  0
VERTEX
  8
0
 10
597.254770
 20
445.040283
 42
-0.066608
  0
VERTEX
  8
0
 10
599.041255
 20
445.756161
 42
-0.062106
  0
VERTEX
  8
0
 10
600.996757
 20
446.000000
 42
0.000000
  0
VERTEX
  8
0
 10
604.424816
 20
446.000000
 42
0.000000
  0
VERTEX
  8
0
 10
599.462408
 20
440.956952
 42
-0.011940
  0
VERTEX
  8
0
 10
596.581752
 20
438.166021
 42
-0.058622
  0
VERTEX
  8
0
 10
594.752840
 20
436.836477
 42
-0.092306
  0
VERTEX
  8
0
 10
593.082490
 20
436.269204
 42
-0.056770
  0
VERTEX
  8
0
 10
591.000000
 20
436.206952
 42
-0.027232
  0
VERTEX
  8
0
 10
588.840539
 20
436.506827
 42
-0.186914
  0
VERTEX
  8
0
 10
587.949486
 20
437.067954
 42
-0.141012
  0
VERTEX
  8
0
 10
587.535974
 20
438.169686
 42
-0.013429
  0
VERTEX
  8
0
 10
587.384934
 20
441.070123
 42
0.000000
  0
VERTEX
  8
0
 10
587.269867
 20
445.640247
 42
0.000000
  0
VERTEX
  8
0
 10
591.884934
 20
445.828651
 42
0.000000
  0
VERTEX
  8
0
 10
596.500000
 20
446.017055
 42
0.000000
  0
SEQEND
  0
POLYLINE
  8
0
 66
1
 70
1
  0
VERTEX
  8
0
 10
612.615066
 20
440.929877
 42
0.000000
  0
VERTEX
  8
0
 10
612.730133
 20
436.359753
 42
0.000000
  0
VERTEX
  8
0
 10
608.136343
 20
436.121960
 42
0.000000
  0
VERTEX
  8
0
 10
603.542553
 20
435.884167
 42
0.000000
  0
VERTEX
  8
0
 10
605.916636
 20
438.411263
 42
-0.033541
  0
VERTEX
  8
0
 10
606.906568
 20
439.332651
 42
-0.045813
  0
VERTEX
  8
0
 10
607.917821
 20
440.011108
 42
-0.054136
  0
VERTEX
  8
0
 10
608.807802
 20
440.378192
 42
-0.202973
  0
VERTEX
  8
0
 10
609.395360
 20
440.308854
 42
0.018908
  0
VERTEX
  8
0
 10
609.792688
 20
440.101919
 42
0.244128
  0
VERTEX
  8
0
 10
609.954559
 20
440.107836
 42
0.444455
  0
VERTEX
  8
0
 10
609.979570
 20
440.220262
 42
0.029806
  0
VERTEX
  8
0
 10
609.747818
 20
440.508523
 42
-0.200992
  0
VERTEX
  8
0
 10
609.582576
 20
440.975580
 42
-0.066298
  0
VERTEX
  8
0
 10
609.722227
 20
441.705465
 42
-0.053617
  0
VERTEX
  8
0
 10
610.113247
 20
442.561265
 42
-0.038853
  0
VERTEX
  8
0
 10
610.716954
 20
443.418848
 42
0.552571
  0
VERTEX
  8
0
 10
610.676613
 20
443.541161
 42
0.235537
  0
VERTEX
  8
0
 10
610.462861
 20
443.493349
 42
0.014999
  0
VERTEX
  8
0
 10
609.257876
 20
442.451971
 42
0.004181
  0
VERTEX
  8
0
 10
607.434786
 20
440.750000
 42
-0.014935
  0
VERTEX
  8
0
 10
604.743575
 20
438.343781
 42
-0.046693
  0
VERTEX
  8
0
 10
602.750134
 20
436.961298
 42
-0.066233
  0
VERTEX
  8
0
 10
600.958868
 20
436.244243
 42
-0.062205
  0
VERTEX
  8
0
 10
599.003243
 20
436.000000
 42
0.000000
  0
VERTEX
  8
0
 10
595.575184
 20
436.000000
 42
0.000000
  0
VERTEX
  8
0
 10
600.537592
 20
441.043048
 42
-0.011940
  0
VERTEX
  8
0
 10
603.418248
 20
443.833979
 42
-0.058622
  0
VERTEX
  8
0
 10
605.247160
 20
445.163523
 42
-0.092306
  0
VERTEX
  8
0
 10
606.917510
 20
445.730796
 42
-0.056770
  0
VERTEX
  8
0
 10
609.000000
 20
445.793048
 42
-0.027232
  0
VERTEX
  8
0
 10
611.159461
 20
445.493173
 42
-0.186914
  0
VERTEX
  8
0
 10
612.050514
 20
444.932046
 42
-0.141012
  0
VERTEX
  8
0
 10
612.464026
 20
443.830314
 42
-0.013429
  0
SEQEND
  0
POLYLINE
  8
0
 66
1
 70
1
  0
VERTEX
  8
0
 10
645.000000
 20
444.500000
 42
-0.335330
  0
VERTEX
  8
0
 10
644.390965
 20
443.694001
 42
-0.045065
  0
VERTEX
  8
0
 10
642.166667
 20
443.274194
 42
-0.021161
  0
VERTEX
  8
0
 10
638.041936
 20
443.050585
 42
-0.002961
  0
VERTEX
  8
0
 10
629.500000
 20
443.000000
 42
-0.002961
  0
VERTEX
  8
0
 10
620.958064
 20
443.050585
 42
-0.021161
  0
VERTEX
  8
0
 10
616.833333
 20
443.274194
 42
-0.045065
  0
VERTEX
  8
0
 10
614.609035
 20
443.694001
 42
-0.335330
  0
VERTEX
  8
0
 10
614.000000
 20
444.500000
 42
-0.335330
  0
VERTEX
  8
0
 10
614.609035
 20
445.305999
 42
-0.045065
  0
VERTEX
  8
0
 10
616.833333
 20
445.725806
 42
-0.021161
  0
VERTEX
  8
0
 10
620.958064
 20
445.949415
 42
-0.002961
  0
VERTEX
  8
0
 10
629.500000
 20
446.000000
 42
-0.002961
  0
VERTEX
  8
0
 10
638.041936
 20
445.949415
 42
-0.021161
  0
VERTEX
  8
0
 10
642.166667
 20
445.725806
 42
-0.045065
  0
VERTEX
  8
0
 10
644.390965
 20
445.305999
 42
-0.335330
  0
SEQEND
  0
POLYLINE
  8
0
 66
1
 70
1
  0
VERTEX
  8
0
 10
652.000000
 20
445.687091
 42
-0.187632
  0
VERTEX
  8
0
 10
651.922013
 20
445.486588
 42
-0.003317
  0
VERTEX
  8
0
 10
651.118750
 20
444.621808
 42
-0.007831
  0
VERTEX
  8
0
 10
650.149798
 20
443.624204
 42
-0.005081
  0
VERTEX
  8
0
 10
649.000000
 20
442.500000
 42
0.000000
  0
VERTEX
  8
0
 10
646.000000
 20
439.625818
 42
0.000000
  0
VERTEX
  8
0
 10
646.000000
 20
442.812909
 42
-0.026602
  0
VERTEX
  8
0
 10
646.097280
 20
444.640028
 42
-0.163634
  0
VERTEX
  8
0
 10
646.485324
 20
445.484409
 42
-0.174494
  0
VERTEX
  8
0
 10
647.290099
 20
445.893327
 42
-0.031162
  0
VERTEX
  8
0
 10
649.000000
 20
446.000000
 42
-0.009786
  0
VERTEX
  8
0
 10
650.150236
 20
445.977485
 42
-0.016197
  0
VERTEX
  8
0
 10
651.118750
 20
445.908083
 42
-0.010070
  0
VERTEX
  8
0
 10
651.892246
 20
445.811623
 42
-0.372580
  0
SEQEND
  0
POLYLINE
  8
0
 66
1
 70
1
  0
VERTEX
  8
0
 10
655.500000
 20
441.000000
 42
-0.034349
  0
VERTEX
  8
0
 10
652.049264
 20
437.947099
 42
-0.072964
  0
VERTEX
  8
0
 10
648.944014
 20
436.210305
 42
-0.167304
  0
VERTEX
  8
0
 10
646.911025
 20
436.143695
 42
-0.329174
  0
VERTEX
  8
0
 10
646.000000
 20
437.377555
 42
-0.134358
  0
VERTEX
  8
0
 10
646.331374
 20
438.588469
 42
-0.071749
  0
VERTEX
  8
0
 10
647.311370
 20
439.806595
 42
-0.080376
  0
VERTEX
  8
0
 10
648.473085
 20
440.583840
 42
-0.274238
  0
VERTEX
  8
0
 10
649.342009
 20
440.491324
 42
0.019439
  0
VERTEX
  8
0
 10
649.577139
 20
440.329593
 42
0.380854
  0
VERTEX
  8
0
 10
649.657153
 20
440.342847
 42
0.324360
  0
VERTEX
  8
0
 10
649.661738
 20
440.431680
 42
0.017482
  0
VERTEX
  8
0
 10
649.490854
 20
440.675813
 42
-0.340945
  0
VERTEX
  8
0
 10
649.507151
 20
442.091885
 42
-0.069654
  0
VERTEX
  8
0
 10
651.441262
 20
443.941360
 42
-0.059782
  0
VERTEX
  8
0
 10
654.232076
 20
445.482431
 42
-0.096574
  0
VERTEX
  8
0
 10
656.886722
 20
446.000000
 42
0.000000
  0
VERTEX
  8
0
 10
660.424816
 20
446.000000
 42
0.000000
  0
SEQEND
  0
POLYLINE
  8
0
 66
1
 70
1
  0
VERTEX
  8
0
 10
663.500000
 20
441.000000
 42
-0.013881
  0
VERTEX
  8
0
 10
660.775541
 20
438.383369
 42
-0.050502
  0
VERTEX
  8
0
 10
658.848439
 20
436.958915
 42
-0.074139
  0
VERTEX
  8
0
 10
657.095308
 20
436.243178
 42
-0.059972
  0
VERTEX
  8
0
 10
655.075184
 20
436.000000
 42
0.000000
  0
VERTEX
  8
0
 10
651.575184
 20
436.000000
 42
0.000000
  0
VERTEX
  8
0
 10
656.500000
 20
441.000000
 42
-0.013881
  0
VERTEX
  8
0
 10
659.224459
 20
443.616631
 42
-0.050502
  0
VERTEX
  8
0
 10
661.151561
 20
445.041085
 42
-0.074139
  0
VERTEX
  8
0
 10
662.904692
 20
445.756822
 42
-0.059972
  0
VERTEX
  8
0
 10
664.924816
 20
446.000000
 42
0.000000
  0
VERTEX
  8
0
 10
668.424816
 20
446.000000
 42
0.000000
  0
SEQEND
  0
POLYLINE
  8
0
 66
1
 70
1
  0
VERTEX
  8
0
 10
700.000000
 20
444.500000
 42
-0.335330
  0
VERTEX
  8
0
 10
699.390965
 20
443.694001
 42
-0.045065
  0
VERTEX
  8
0
 10
697.166667
 20
443.274194
 42
-0.021161
  0
VERTEX
  8
0
 10
693.041936
 20
443.050585
 42
-0.002961
  0
VERTEX
  8
0
 10
684.500000
 20
443.000000
 42
-0.002961
  0
VERTEX
  8
0
 10
675.958064
 20
443.050585
 42
-0.021161
  0
VERTEX
  8
0
 10
671.833333
 20
443.274194
 42
-0.045065
  0
VERTEX
  8
0
 10
669.609035
 20
443.694001
 42
-0.335330
  0
VERTEX
  8
0
 10
669.000000
 20
444.500000
 42
-0.335330
  0
VERTEX
  8
0
 10
669.609035
 20
445.305999
 42
-0.045065
  0
VERTEX
  8
0
 10
671.833333
 20
445.725806
 42
-0.021161
  0
VERTEX
  8
0
 10
675.958064
 20
445.949415
 42
-0.002961
  0
VERTEX
  8
0
 10
684.500000
 20
446.000000
 42
-0.002961
  0
VERTEX
  8
0
 10
693.041936
 20
445.949415
 42
-0.021161
  0
VERTEX
  8
0
 10
697.166667
 20
445.725806
 42
-0.045065
  0
VERTEX
  8
0
 10
699.390965
 20
445.305999
 42
-0.335330
  0
SEQEND
  0
POLYLINE
  8
0
 66
1
 70
1
  0
VERTEX
  8
0
 10
708.000000
 20
445.696167
 42
-0.189406
  0
VERTEX
  8
0
 10
707.922202
 20
445.498161
 42
-0.002347
  0
VERTEX
  8
0
 10
706.971875
 20
444.485087
 42
-0.006534
  0
VERTEX
  8
0
 10
705.841534
 20
443.322216
 42
-0.004184
  0
VERTEX
  8
0
 10
704.500000
 20
442.000000
 42
0.000000
  0
VERTEX
  8
0
 10
701.000000
 20
438.607666
 42
0.000000
  0
VERTEX
  8
0
 10
701.000000
 20
442.303833
 42
-0.019141
  0
VERTEX
  8
0
 10
701.087370
 20
444.585302
 42
-0.172066
  0
VERTEX
  8
0
 10
701.486732
 20
445.485988
 42
-0.182984
  0
VERTEX
  8
0
 10
702.351887
 20
445.904641
 42
-0.022185
  0
VERTEX
  8
0
 10
704.500000
 20
446.000000
 42
-0.008142
  0
VERTEX
  8
0
 10
705.841983
 20
445.978147
 42
-0.013507
  0
VERTEX
  8
0
 10
706.971875
 20
445.910749
 42
-0.007113
  0
VERTEX
  8
0
 10
707.891704
 20
445.817698
 42
-0.380905
  0
SEQEND
  0
POLYLINE
  8
0
 66
1
 70
1
  0
VERTEX
  8
0
 10
713.534066
 20
443.035558
 42
-0.028015
  0
VERTEX
  8
0
 10
712.366255
 20
441.945885
 42
-0.039669
  0
VERTEX
  8
0
 10
711.205998
 20
441.125446
 42
-0.045083
  0
VERTEX
  8
0
 10
710.204777
 20
440.646624
 42
-0.221967
  0
VERTEX
  8
0
 10
709.596975
 20
440.695883
 42
0.019046
  0
VERTEX
  8
0
 10
709.202589
 20
440.901020
 42
0.249141
  0
VERTEX
  8
0
 10
709.043190
 20
440.893555
 42
0.439216
  0
VERTEX
  8
0
 10
709.019326
 20
440.780465
 42
0.029261
  0
VERTEX
  8
0
 10
709.252182
 20
440.491477
 42
-0.316386
  0
VERTEX
  8
0
 10
709.406260
 20
439.254353
 42
-0.097484
  0
VERTEX
  8
0
 10
708.152499
 20
437.714322
 42
-0.074860
  0
VERTEX
  8
0
 10
706.042628
 20
436.438930
 42
-0.098889
  0
VERTEX
  8
0
 10
703.845012
 20
436.000000
 42
-0.023628
  0
VERTEX
  8
0
 10
702.754702
 20
436.051553
 42
-0.037713
  0
VERTEX
  8
0
 10
701.835722
 20
436.209194
 42
-0.043897
  0
VERTEX
  8
0
 10
701.178664
 20
436.436466
 42
-0.295705
  0
VERTEX
  8
0
 10
701.000000
 20
436.712148
 42
-0.169628
  0
VERTEX
  8
0
 10
701.153617
 20
437.151925
 42
-0.006877
  0
VERTEX
  8
0
 10
702.236161
 20
438.474660
 42
-0.011363
  0
VERTEX
  8
0
 10
703.595774
 20
440.017519
 42
-0.007738
  0
VERTEX
  8
0
 10
705.208208
 20
441.712148
 42
-0.017943
  0
VERTEX
  8
0
 10
707.504815
 20
443.890112
 42
-0.053600
  0
VERTEX
  8
0
 10
709.270045
 20
445.139455
 42
-0.071670
  0
VERTEX
  8
0
 10
710.949227
 20
445.782484
 42
-0.055712
  0
VERTEX
  8
0
 10
712.895299
 20
446.000000
 42
0.000000
  0
VERTEX
  8
0
 10
716.374182
 20
446.000000
 42
0.000000
  0
SEQEND
  0
POLYLINE
  8
0
 66
1
 70
1
  0
VERTEX
  8
0
 10
721.000000
 20
444.297607
 42
-0.115368
  0
VERTEX
  8
0
 10
720.797033
 20
443.429665
 42
-0.027339
  0
VERTEX
  8
0
 10
720.061126
 20
442.126620
 42
-0.026702
  0
VERTEX
  8
0
 10
719.027250
 20
440.685025
 42
-0.023561
  0
VERTEX
  8
0
 10
717.803833
 20
439.297607
 42
-0.027945
  0
VERTEX
  8
0
 10
716.075910
 20
437.703490
 42
-0.058222
  0
VERTEX
  8
0
 10
714.538587
 20
436.711699
 42
-0.066380
  0
VERTEX
  8
0
 10
712.951860
 20
436.178690
 42
-0.047914
  0
VERTEX
  8
0
 10
711.091425
 20
436.000000
 42
0.000000
  0
VERTEX
  8
0
 10
707.575184
 20
436.000000
 42
0.000000
  0
VERTEX
  8
0
 10
712.500000
 20
441.000000
 42
-0.025598
  0
VERTEX
  8
0
 10
715.931566
 20
444.144602
 42
-0.080303
  0
VERTEX
  8
0
 10
718.620577
 20
445.721374
 42
-0.225532
  0
VERTEX
  8
0
 10
720.241380
 20
445.601928
 42
-0.269663
  0
SEQEND
  0
POLYLINE
  8
0
 66
1
 70
1
  0
VERTEX
  8
0
 10
753.000000
 20
444.500000
 42
-0.335330
  0
VERTEX
  8
0
 10
752.390965
 20
443.694001
 42
-0.045065
  0
VERTEX
  8
0
 10
750.166667
 20
443.274194
 42
-0.021161
  0
VERTEX
  8
0
 10
746.041936
 20
443.050585
 42
-0.002961
  0
VERTEX
  8
0
 10
737.500000
 20
443.000000
 42
-0.002961
  0
VERTEX
  8
0
 10
728.958064
 20
443.050585
 42
-0.021161
  0
VERTEX
  8
0
 10
724.833333
 20
443.274194
 42
-0.045065
  0
VERTEX
  8
0
 10
722.609035
 20
443.694001
 42
-0.335330
  0
VERTEX
  8
0
 10
722.000000
 20
444.500000
 42
-0.335330
  0
VERTEX
  8
0
 10
722.609035
 20
445.305999
 42
-0.045065
  0
VERTEX
  8
0
 10
724.833333
 20
445.725806
 42
-0.021161
  0
VERTEX
  8
0
 10
728.958064
 20
445.949415
 42
-0.002961
  0
VERTEX
  8
0
 10
737.500000
 20
446.000000
 42
-0.002961
  0
VERTEX
  8
0
 10
746.041936
 20
445.949415
 42
-0.021161
  0
VERTEX
  8
0
 10
750.166667
 20
445.725806
 42
-0.045065
  0
VERTEX
  8
0
 10
752.390965
 20
445.305999
 42
-0.335330
  0
SEQEND
  0
POLYLINE
  8
0
 66
1
 70
1
  0
VERTEX
  8
0
 10
756.000000
 20
445.559017
 42
-0.151918
  0
VERTEX
  8
0
 10
755.934461
 20
445.348290
 42
-0.038439
  0
VERTEX
  8
0
 10
755.706250
 20
445.066025
 42
-0.035638
  0
VERTEX
  8
0
 10
755.382774
 20
444.768994
 42
-0.029505
  0
VERTEX
  8
0
 10
755.000000
 20
444.500000
 42
-0.082592
  0
VERTEX
  8
0
 10
754.617900
 20
444.343488
 42
-0.161196
  0
VERTEX
  8
0
 10
754.293750
 20
444.374600
 42
-0.182303
  0
VERTEX
  8
0
 10
754.078288
 20
444.586039
 42
-0.108972
  0
VERTEX
  8
0
 10
754.000000
 20
444.940983
 42
-0.093332
  0
VERTEX
  8
0
 10
754.076123
 20
445.345238
 42
-0.096420
  0
VERTEX
  8
0
 10
754.293750
 20
445.688914
 42
-0.099167
  0
VERTEX
  8
0
 10
754.618444
 20
445.918938
 42
-0.105053
  0
VERTEX
  8
0
 10
755.000000
 20
446.000000
 42
-0.042167
  0
VERTEX
  8
0
 10
755.382849
 20
445.967655
 42
-0.061769
  0
VERTEX
  8
0
 10
755.706250
 20
445.870461
 42
-0.081139
  0
VERTEX
  8
0
 10
755.925540
 20
445.727648
 42
-0.210953
  0
SEQEND
  0
POLYLINE
  8
0
 66
1
 70
1
  0
VERTEX
  8
0
 10
759.462408
 20
440.948911
 42
0.000000
  0
VERTEX
  8
0
 10
754.500000
 20
435.897822
 42
0.000000
  0
VERTEX
  8
0
 10
754.179665
 20
439.042451
 42
-0.090571
  0
VERTEX
  8
0
 10
754.406432
 20
441.902161
 42
-0.127140
  0
VERTEX
  8
0
 10
755.656887
 20
444.123558
 42
-0.122195
  0
VERTEX
  8
0
 10
757.871983
 20
445.518444
 42
-0.079869
  0
VERTEX
  8
0
 10
760.867396
 20
446.000000
 42
0.000000
  0
VERTEX
  8
0
 10
764.424816
 20
446.000000
 42
0.000000
  0
SEQEND
  0
POLYLINE
  8
0
 66
1
 70
1
  0
VERTEX
  8
0
 10
767.500000
 20
441.000000
 42
-0.013881
  0
VERTEX
  8
0
 10
764.775541
 20
438.383369
 42
-0.050502
  0
VERTEX
  8
0
 10
762.848439
 20
436.958915
 42
-0.074139
  0
VERTEX
  8
0
 10
761.095308
 20
436.243178
 42
-0.059972
  0
VERTEX
  8
0
 10
759.075184
 20
436.000000
 42
0.000000
  0
VERTEX
  8
0
 10
755.575184
 20
436.000000
 42
0.000000
  0
VERTEX
  8
0
 10
760.500000
 20
441.000000
 42
-0.013881
  0
VERTEX
  8
0
 10
763.224459
 20
443.616631
 42
-0.050502
  0
VERTEX
  8
0
 10
765.151561
 20
445.041085
 42
-0.074139
  0
VERTEX
  8
0
 10
766.904692
 20
445.756822
 42
-0.059972
  0
VERTEX
  8
0
 10
768.924816
 20
446.000000
 42
0.000000
  0
VERTEX
  8
0
 10
772.424816
 20
446.000000
 42
0.000000
  0
SEQEND
  0
POLYLINE
  8
0
 66
1
 70
1
  0
VERTEX
  8
0
 10
779.000000
 20
445.215840
 42
-0.177484
  0
VERTEX
  8
0
 10
778.820144
 20
444.725118
 42
-0.005439
  0
VERTEX
  8
0
 10
777.384375
 20
443.066471
 42
-0.010085
  0
VERTEX
  8
0
 10
775.607623
 20
441.138269
 42
-0.006734
  0
VERTEX
  8
0
 10
773.500000
 20
439.000000
 42
-0.010526
  0
VERTEX
  8
0
 10
771.388565
 20
437.000819
 42
-0.020767
  0
VERTEX
  8
0
 10
769.615625
 20
435.521029
 42
-0.023807
  0
VERTEX
  8
0
 10
768.307487
 20
434.613772
 42
-0.589137
  0
VERTEX
  8
0
 10
768.000000
 20
434.784160
 42
0.173832
  0
VERTEX
  8
0
 10
767.833680
 20
435.248097
 42
0.093390
  0
VERTEX
  8
0
 10
767.361295
 20
435.642847
 42
0.073692
  0
VERTEX
  8
0
 10
766.657503
 20
435.909968
 42
0.053960
  0
VERTEX
  8
0
 10
765.825686
 20
436.000000
 42
0.000000
  0
VERTEX
  8
0
 10
763.651372
 20
436.000000
 42
0.000000
  0
VERTEX
  8
0
 10
765.971046
 20
438.469180
 42
-0.034333
  0
VERTEX
  8
0
 10
766.940153
 20
439.368327
 42
-0.046618
  0
VERTEX
  8
0
 10
767.933804
 20
440.028121
 42
-0.055247
  0
VERTEX
  8
0
 10
768.810764
 20
440.381048
 42
-0.200161
  0
VERTEX
  8
0
 10
769.395360
 20
440.308854
 42
0.019007
  0
VERTEX
  8
0
 10
769.792511
 20
440.102112
 42
0.250278
  0
VERTEX
  8
0
 10
769.952513
 20
440.109882
 42
0.438466
  0
VERTEX
  8
0
 10
769.976255
 20
440.223871
 42
0.029028
  0
VERTEX
  8
0
 10
769.740854
 20
440.515488
 42
-0.342298
  0
VERTEX
  8
0
 10
769.635072
 20
441.876268
 42
-0.070828
  0
VERTEX
  8
0
 10
771.334681
 20
443.800727
 42
-0.061320
  0
VERTEX
  8
0
 10
773.834603
 20
445.450975
 42
-0.115755
  0
VERTEX
  8
0
 10
776.174314
 20
446.000000
 42
-0.026237
  0
VERTEX
  8
0
 10
777.257087
 20
445.943144
 42
-0.041468
  0
VERTEX
  8
0
 10
778.169955
 20
445.769653
 42
-0.050406
  0
VERTEX
  8
0
 10
778.814708
 20
445.518519
 42
-0.281783
  0
SEQEND
  0
POLYLINE
  8
0
 66
1
 70
1
  0
VERTEX
  8
0
 10
100.868412
 20
440.677665
 42
0.000000
  0
VERTEX
  8
0
 10
100.644670
 20
436.355330
 42
0.000000
  0
VERTEX
  8
0
 10
96.072335
 20
436.124066
 42
0.000000
  0
VERTEX
  8
0
 10
91.500000
 20
435.892803
 42
0.000000
  0
VERTEX
  8
0
 10
95.958208
 20
440.446401
 42
-0.003543
  0
VERTEX
  8
0
 10
97.691506
 20
442.191874
 42
-0.005586
  0
VERTEX
  8
0
 10
99.206066
 20
443.662380
 42
-0.001735
  0
VERTEX
  8
0
 10
100.531305
 20
444.911903
 42
-0.190384
  0
VERTEX
  8
0
 10
100.754285
 20
445.000000
 42
-0.399676
  0
VERTEX
  8
0
 10
100.883415
 20
444.877156
 42
-0.005873
  0
VERTEX
  8
0
 10
100.927180
 20
443.730314
 42
-0.012218
  0
VERTEX
  8
0
 10
100.929920
 20
442.335038
 42
-0.007312
  0
SEQEND
  0
POLYLINE
  8
0
 66
1
 70
1
  0
VERTEX
  8
0
 10
667.605958
 20
437.415527
 42
-0.157574
  0
VERTEX
  8
0
 10
667.132965
 20
436.829403
 42
-0.065005
  0
VERTEX
  8
0
 10
666.203558
 20
436.381129
 42
-0.050385
  0
VERTEX
  8
0
 10
664.911344
 20
436.093666
 42
-0.029561
  0
VERTEX
  8
0
 10
663.328437
 20
436.000000
 42
0.000000
  0
VERTEX
  8
0
 10
659.594104
 20
436.000000
 42
0.000000
  0
VERTEX
  8
0
 10
663.547052
 20
440.061745
 42
0.000000
  0
VERTEX
  8
0
 10
667.500000
 20
444.123490
 42
0.000000
  0
VERTEX
  8
0
 10
667.824574
 20
441.477273
 42
-0.023350
  0
VERTEX
  8
0
 10
667.908902
 20
440.360298
 42
-0.020611
  0
VERTEX
  8
0
 10
667.894242
 20
439.192570
 42
-0.021124
  0
VERTEX
  8
0
 10
667.792943
 20
438.140760
 42
-0.057100
  0
SEQEND
  0
POLYLINE
  8
0
 66
1
 70
1
  0
VERTEX
  8
0
 10
773.575558
 20
431.097297
 42
0.000000
  0
VERTEX
  8
0
 10
768.000000
 20
425.521739
 42
0.000000
  0
VERTEX
  8
0
 10
768.000000
 20
428.979424
 42
-0.063842
  0
VERTEX
  8
0
 10
768.258137
 20
430.992874
 42
-0.071008
  0
VERTEX
  8
0
 10
769.014888
 20
432.798850
 42
-0.047074
  0
VERTEX
  8
0
 10
770.511953
 20
434.840702
 42
-0.012801
  0
VERTEX
  8
0
 10
773.250000
 20
437.766073
 42
0.000000
  0
VERTEX
  8
0
 10
778.500000
 20
443.095037
 42
0.000000
  0
VERTEX
  8
0
 10
778.825558
 20
439.883946
 42
-0.071966
  0
VERTEX
  8
0
 10
778.742812
 20
437.944719
 42
-0.088291
  0
VERTEX
  8
0
 10
778.100952
 20
436.252074
 42
-0.051438
  0
VERTEX
  8
0
 10
776.624495
 20
434.274670
 42
-0.010313
  0
SEQEND
  0
POLYLINE
  8
0
 66
1
 70
1
  0
VERTEX
  8
0
 10
554.000000
 20
439.000000
 42
-0.031162
  0
VERTEX
  8
0
 10
553.893327
 20
437.290099
 42
-0.174494
  0
VERTEX
  8
0
 10
553.484409
 20
436.485324
 42
-0.163634
  0
VERTEX
  8
0
 10
552.640028
 20
436.097280
 42
-0.026602
  0
VERTEX
  8
0
 10
550.812909
 20
436.000000
 42
0.000000
  0
VERTEX
  8
0
 10
547.625818
 20
436.000000
 42
0.000000
  0
VERTEX
  8
0
 10
550.500000
 20
439.000000
 42
-0.005081
  0
VERTEX
  8
0
 10
551.624204
 20
440.149798
 42
-0.007831
  0
VERTEX
  8
0
 10
552.621808
 20
441.118750
 42
-0.003317
  0
VERTEX
  8
0
 10
553.486588
 20
441.922013
 42
-0.187632
  0
VERTEX
  8
0
 10
553.687091
 20
442.000000
 42
-0.372580
  0
VERTEX
  8
0
 10
553.811623
 20
441.892246
 42
-0.010070
  0
VERTEX
  8
0
 10
553.908083
 20
441.118750
 42
-0.016197
  0
VERTEX
  8
0
 10
553.977485
 20
440.150236
 42
-0.009786
  0
SEQEND
  0
POLYLINE
  8
0
 66
1
 70
1
  0
VERTEX
  8
0
 10
721.000000
 20
438.500000
 42
-0.046140
  0
VERTEX
  8
0
 10
720.880645
 20
437.209354
 42
-0.160006
  0
VERTEX
  8
0
 10
720.482569
 20
436.483705
 42
-0.150031
  0
VERTEX
  8
0
 10
719.713465
 20
436.108496
 42
-0.039030
  0
VERTEX
  8
0
 10
718.325686
 20
436.000000
 42
0.000000
  0
VERTEX
  8
0
 10
715.651372
 20
436.000000
 42
0.000000
  0
VERTEX
  8
0
 10
718.000000
 20
438.500000
 42
-0.006459
  0
VERTEX
  8
0
 10
718.923635
 20
439.458057
 42
-0.009762
  0
VERTEX
  8
0
 10
719.754389
 20
440.265625
 42
-0.005011
  0
VERTEX
  8
0
 10
720.470848
 20
440.922055
 42
-0.184988
  0
VERTEX
  8
0
 10
720.674314
 20
441.000000
 42
-0.359543
  0
VERTEX
  8
0
 10
720.803060
 20
440.893676
 42
-0.015163
  0
VERTEX
  8
0
 10
720.904330
 20
440.265625
 42
-0.020157
  0
VERTEX
  8
0
 10
720.976548
 20
439.458476
 42
-0.012232
  0
SEQEND
  0
POLYLINE
  8
0
 66
1
 70
1
  0
VERTEX
  8
0
 10
584.015313
 20
437.750000
 42
0.066727
  0
VERTEX
  8
0
 10
584.081977
 20
437.295085
 42
0.405416
  0
VERTEX
  8
0
 10
584.269141
 20
437.187500
 42
0.167501
  0
VERTEX
  8
0
 10
584.559769
 20
437.378141
 42
0.021149
  0
VERTEX
  8
0
 10
585.000000
 20
438.000000
 42
-0.011213
  0
VERTEX
  8
0
 10
585.563444
 20
438.830411
 42
-0.309569
  0
VERTEX
  8
0
 10
585.798096
 20
438.916542
 42
-0.327416
  0
VERTEX
  8
0
 10
585.952739
 20
438.728916
 42
-0.011938
  0
VERTEX
  8
0
 10
585.984687
 20
437.750000
 42
-0.296006
  0
VERTEX
  8
0
 10
585.371814
 20
436.787122
 42
-0.079128
  0
VERTEX
  8
0
 10
583.535469
 20
436.277979
 42
-0.025672
  0
VERTEX
  8
0
 10
579.743782
 20
436.045622
 42
-0.002468
  0
VERTEX
  8
0
 10
570.500000
 20
436.000000
 42
-0.002961
  0
VERTEX
  8
0
 10
561.958064
 20
436.050585
 42
-0.021161
  0
VERTEX
  8
0
 10
557.833333
 20
436.274194
 42
-0.045065
  0
VERTEX
  8
0
 10
555.609035
 20
436.694001
 42
-0.335330
  0
VERTEX
  8
0
 10
555.000000
 20
437.500000
 42
-0.328801
  0
VERTEX
  8
0
 10
555.589566
 20
438.299614
 42
-0.049302
  0
VERTEX
  8
0
 10
557.666667
 20
438.724138
 42
-0.022561
  0
VERTEX
  8
0
 10
561.538754
 20
438.948842
 42
-0.003213
  0
VERTEX
  8
0
 10
569.500000
 20
439.000000
 42
-0.003994
  0
VERTEX
  8
0
 10
576.637219
 20
438.942984
 42
-0.017484
  0
VERTEX
  8
0
 10
580.850267
 20
438.728184
 42
-0.022308
  0
VERTEX
  8
0
 10
583.477566
 20
438.383326
 42
-0.360339
  0
SEQEND
  0
POLYLINE
  8
0
 66
1
 70
1
  0
VERTEX
  8
0
 10
615.984687
 20
437.750000
 42
-0.360339
  0
VERTEX
  8
0
 10
616.522434
 20
438.383326
 42
-0.022308
  0
VERTEX
  8
0
 10
619.149733
 20
438.728184
 42
-0.017484
  0
VERTEX
  8
0
 10
623.362781
 20
438.942984
 42
-0.003994
  0
VERTEX
  8
0
 10
630.500000
 20
439.000000
 42
-0.003213
  0
VERTEX
  8
0
 10
638.461246
 20
438.948842
 42
-0.022561
  0
VERTEX
  8
0
 10
642.333333
 20
438.724138
 42
-0.049302
  0
VERTEX
  8
0
 10
644.410434
 20
438.299614
 42
-0.328801
  0
VERTEX
  8
0
 10
645.000000
 20
437.500000
 42
-0.335330
  0
VERTEX
  8
0
 10
644.390965
 20
436.694001
 42
-0.045065
  0
VERTEX
  8
0
 10
642.166667
 20
436.274194
 42
-0.021161
  0
VERTEX
  8
0
 10
638.041936
 20
436.050585
 42
-0.002961
  0
VERTEX
  8
0
 10
629.500000
 20
436.000000
 42
-0.002468
  0
VERTEX
  8
0
 10
620.256218
 20
436.045622
 42
-0.025672
  0
VERTEX
  8
0
 10
616.464531
 20
436.277979
 42
-0.079128
  0
VERTEX
  8
0
 10
614.628186
 20
436.787122
 42
-0.296006
  0
VERTEX
  8
0
 10
614.015313
 20
437.750000
 42
-0.011938
  0
VERTEX
  8
0
 10
614.047261
 20
438.728916
 42
-0.327416
  0
VERTEX
  8
0
 10
614.201904
 20
438.916542
 42
-0.309569
  0
VERTEX
  8
0
 10
614.436556
 20
438.830411
 42
-0.011213
  0
VERTEX
  8
0
 10
615.000000
 20
438.000000
 42
0.021149
  0
VERTEX
  8
0
 10
615.440231
 20
437.378141
 42
0.167501
  0
VERTEX
  8
0
 10
615.730859
 20
437.187500
 42
0.405416
  0
VERTEX
  8
0
 10
615.918023
 20
437.295085
 42
0.066727
  0
SEQEND
  0
POLYLINE
  8
0
 66
1
 70
1
  0
VERTEX
  8
0
 10
698.642857
 20
437.500000
 42
-0.463144
  0
VERTEX
  8
0
 10
698.580205
 20
436.738246
 42
-0.129485
  0
VERTEX
  8
0
 10
697.297619
 20
436.250000
 42
-0.024336
  0
VERTEX
  8
0
 10
693.656940
 20
436.040303
 42
-0.002218
  0
VERTEX
  8
0
 10
684.571429
 20
436.000000
 42
-0.002944
  0
VERTEX
  8
0
 10
675.988011
 20
436.050547
 42
-0.021067
  0
VERTEX
  8
0
 10
671.845238
 20
436.274083
 42
-0.044781
  0
VERTEX
  8
0
 10
669.610366
 20
436.693558
 42
-0.335767
  0
VERTEX
  8
0
 10
669.000000
 20
437.500000
 42
-0.325753
  0
VERTEX
  8
0
 10
669.580721
 20
438.296767
 42
-0.051282
  0
VERTEX
  8
0
 10
671.595238
 20
438.723350
 42
-0.023219
  0
VERTEX
  8
0
 10
675.359016
 20
438.948570
 42
-0.003334
  0
VERTEX
  8
0
 10
683.071429
 20
439.000000
 42
-0.004321
  0
VERTEX
  8
0
 10
690.364934
 20
438.936966
 42
-0.019690
  0
VERTEX
  8
0
 10
694.600919
 20
438.696701
 42
-0.032404
  0
VERTEX
  8
0
 10
697.260049
 20
438.265338
 42
-0.140870
  0
SEQEND
  0
POLYLINE
  8
0
 66
1
 70
1
  0
VERTEX
  8
0
 10
751.015313
 20
437.750000
 42
0.066727
  0
VERTEX
  8
0
 10
751.081977
 20
437.295085
 42
0.405416
  0
VERTEX
  8
0
 10
751.269141
 20
437.187500
 42
0.167501
  0
VERTEX
  8
0
 10
751.559769
 20
437.378141
 42
0.021149
  0
VERTEX
  8
0
 10
752.000000
 20
438.000000
 42
-0.011213
  0
VERTEX
  8
0
 10
752.563444
 20
438.830411
 42
-0.309569
  0
VERTEX
  8
0
 10
752.798096
 20
438.916542
 42
-0.327416
  0
VERTEX
  8
0
 10
752.952739
 20
438.728916
 42
-0.011938
  0
VERTEX
  8
0
 10
752.984687
 20
437.750000
 42
-0.296006
  0
VERTEX
  8
0
 10
752.371814
 20
436.787122
 42
-0.079128
  0
VERTEX
  8
0
 10
750.535469
 20
436.277979
 42
-0.025672
  0
VERTEX
  8
0
 10
746.743782
 20
436.045622
 42
-0.002468
  0
VERTEX
  8
0
 10
737.500000
 20
436.000000
 42
-0.002961
  0
VERTEX
  8
0
 10
728.958064
 20
436.050585
 42
-0.021161
  0
VERTEX
  8
0
 10
724.833333
 20
436.274194
 42
-0.045065
  0
VERTEX
  8
0
 10
722.609035
 20
436.694001
 42
-0.335330
  0
VERTEX
  8
0
 10
722.000000
 20
437.500000
 42
-0.328801
  0
VERTEX
  8
0
 10
722.589566
 20
438.299614
 42
-0.049302
  0
VERTEX
  8
0
 10
724.666667
 20
438.724138
 42
-0.022561
  0
VERTEX
  8
0
 10
728.538754
 20
438.948842
 42
-0.003213
  0
VERTEX
  8
0
 10
736.500000
 20
439.000000
 42
-0.003994
  0
VERTEX
  8
0
 10
743.637219
 20
438.942984
 42
-0.017484
  0
VERTEX
  8
0
 10
747.850267
 20
438.728184
 42
-0.022308
  0
VERTEX
  8
0
 10
750.477566
 20
438.383326
 42
-0.360339
  0
SEQEND
  0
POLYLINE
  8
0
 66
1
 70
1
  0
VERTEX
  8
0
 10
281.075486
 20
426.599296
 42
0.000000
  0
VERTEX
  8
0
 10
276.000000
 20
421.523810
 42
0.000000
  0
VERTEX
  8
0
 10
276.000000
 20
424.977556
 42
-0.060561
  0
VERTEX
  8
0
 10
276.239608
 20
426.948552
 42
-0.069715
  0
VERTEX
  8
0
 10
276.943844
 20
428.705849
 42
-0.049032
  0
VERTEX
  8
0
 10
278.317484
 20
430.636724
 42
-0.015041
  0
VERTEX
  8
0
 10
280.750000
 20
433.266740
 42
0.000000
  0
VERTEX
  8
0
 10
285.500000
 20
438.102178
 42
0.000000
  0
VERTEX
  8
0
 10
285.825486
 20
434.888480
 42
-0.067581
  0
VERTEX
  8
0
 10
285.760517
 20
432.979469
 42
-0.088072
  0
VERTEX
  8
0
 10
285.170847
 20
431.336920
 42
-0.054366
  0
VERTEX
  8
0
 10
283.813767
 20
429.471666
 42
-0.011948
  0
SEQEND
  0
POLYLINE
  8
0
 66
1
 70
1
  0
VERTEX
  8
0
 10
535.410758
 20
424.908608
 42
-0.019974
  0
VERTEX
  8
0
 10
533.907372
 20
423.487256
 42
-0.030148
  0
VERTEX
  8
0
 10
532.480971
 20
422.386751
 42
-0.030206
  0
VERTEX
  8
0
 10
531.280260
 20
421.672768
 42
-0.263251
  0
VERTEX
  8
0
 10
530.682986
 20
421.695925
 42
0.049105
  0
VERTEX
  8
0
 10
530.343376
 20
421.862262
 42
0.345579
  0
VERTEX
  8
0
 10
530.179437
 20
421.810082
 42
0.257270
  0
VERTEX
  8
0
 10
530.160523
 20
421.608524
 42
0.035896
  0
VERTEX
  8
0
 10
530.361803
 20
421.223607
 42
-0.092519
  0
VERTEX
  8
0
 10
530.540551
 20
420.761469
 42
-0.096172
  0
VERTEX
  8
0
 10
530.537029
 20
420.272527
 42
-0.099320
  0
VERTEX
  8
0
 10
530.352714
 20
419.832848
 42
-0.105964
  0
VERTEX
  8
0
 10
530.016312
 20
419.510081
 42
-0.303653
  0
VERTEX
  8
0
 10
529.611417
 20
419.524678
 42
-0.145642
  0
VERTEX
  8
0
 10
529.279636
 20
419.955810
 42
-0.066689
  0
VERTEX
  8
0
 10
529.065195
 20
420.857563
 42
-0.025077
  0
VERTEX
  8
0
 10
529.000000
 20
422.156634
 42
-0.066896
  0
VERTEX
  8
0
 10
529.249798
 20
424.015352
 42
-0.065756
  0
VERTEX
  8
0
 10
529.981787
 20
425.753900
 42
-0.046304
  0
VERTEX
  8
0
 10
531.373726
 20
427.693892
 42
-0.015394
  0
VERTEX
  8
0
 10
533.750000
 20
430.266740
 42
0.000000
  0
VERTEX
  8
0
 10
538.500000
 20
435.102178
 42
0.000000
  0
VERTEX
  8
0
 10
538.823264
 20
431.918281
 42
-0.057704
  0
VERTEX
  8
0
 10
538.798077
 20
430.131582
 42
-0.081097
  0
VERTEX
  8
0
 10
538.341108
 20
428.607018
 42
-0.060668
  0
VERTEX
  8
0
 10
537.306872
 20
427.008433
 42
-0.019519
  0
SEQEND
  0
POLYLINE
  8
0
 66
1
 70
1
  0
VERTEX
  8
0
 10
766.702114
 20
319.808925
 42
0.000000
  0
VERTEX
  8
0
 10
766.702128
 20
205.117851
 42
0.000000
  0
VERTEX
  8
0
 10
574.992041
 20
205.095597
 42
-0.000267
  0
VERTEX
  8
0
 10
477.931201
 20
205.136102
 42
-0.001303
  0
VERTEX
  8
0
 10
423.018217
 20
205.331465
 42
-0.000241
  0
VERTEX
  8
0
 10
383.721533
 20
205.592638
 42
-0.169937
  0
VERTEX
  8
0
 10
381.782897
 20
206.286672
 42
-0.084912
  0
VERTEX
  8
0
 10
379.235321
 20
209.185846
 42
-0.009906
  0
VERTEX
  8
0
 10
374.845897
 20
216.648174
 42
-0.004653
  0
VERTEX
  8
0
 10
370.453609
 20
224.638950
 42
-0.396663
  0
VERTEX
  8
0
 10
370.782506
 20
225.865582
 42
0.314577
  0
VERTEX
  8
0
 10
371.318603
 20
227.106939
 42
0.104466
  0
VERTEX
  8
0
 10
370.484623
 20
229.025450
 42
0.081769
  0
VERTEX
  8
0
 10
368.714954
 20
230.809286
 42
0.130736
  0
VERTEX
  8
0
 10
366.722939
 20
231.573249
 42
0.048412
  0
VERTEX
  8
0
 10
365.436807
 20
231.585426
 42
0.129478
  0
VERTEX
  8
0
 10
364.581073
 20
231.278088
 42
0.131159
  0
VERTEX
  8
0
 10
363.994330
 20
230.592188
 42
0.050269
  0
VERTEX
  8
0
 10
363.564705
 20
229.401782
 42
0.086779
  0
VERTEX
  8
0
 10
363.406565
 20
227.232784
 42
0.085396
  0
VERTEX
  8
0
 10
363.991356
 20
225.125705
 42
0.114773
  0
VERTEX
  8
0
 10
365.071613
 20
223.761195
 42
0.265756
  0
VERTEX
  8
0
 10
366.318628
 20
223.568775
 42
-0.305335
  0
VERTEX
  8
0
 10
367.099357
 20
223.389032
 42
-0.025469
  0
VERTEX
  8
0
 10
368.508190
 20
221.719457
 42
-0.024126
  0
VERTEX
  8
0
 10
370.239825
 20
219.197704
 42
-0.010501
  0
VERTEX
  8
0
 10
372.303374
 20
215.695770
 42
-0.003163
  0
VERTEX
  8
0
 10
374.103341
 20
212.440962
 42
-0.004823
  0
VERTEX
  8
0
 10
375.620366
 20
209.591244
 42
-0.001865
  0
VERTEX
  8
0
 10
376.887394
 20
207.132407
 42
-0.118571
  0
VERTEX
  8
0
 10
377.000000
 20
206.664234
 42
-0.406921
  0
VERTEX
  8
0
 10
376.735151
 20
206.392690
 42
-0.000516
  0
VERTEX
  8
0
 10
368.481250
 20
206.195119
 42
-0.003579
  0
VERTEX
  8
0
 10
359.120021
 20
206.047734
 42
-0.002146
  0
VERTEX
  8
0
 10
348.000000
 20
206.000000
 42
-0.002146
  0
VERTEX
  8
0
 10
336.879979
 20
206.047734
 42
-0.003579
  0
VERTEX
  8
0
 10
327.518750
 20
206.195119
 42
-0.000516
  0
VERTEX
  8
0
 10
319.264849
 20
206.392690
 42
-0.406921
  0
VERTEX
  8
0
 10
319.000000
 20
206.664234
 42
-0.118571
  0
VERTEX
  8
0
 10
319.112606
 20
207.132407
 42
-0.001865
  0
VERTEX
  8
0
 10
320.379634
 20
209.591244
 42
-0.004823
  0
VERTEX
  8
0
 10
321.896659
 20
212.440962
 42
-0.003163
  0
VERTEX
  8
0
 10
323.696626
 20
215.695770
 42
-0.010501
  0
VERTEX
  8
0
 10
325.760175
 20
219.197704
 42
-0.024126
  0
VERTEX
  8
0
 10
327.491810
 20
221.719457
 42
-0.025469
  0
VERTEX
  8
0
 10
328.900643
 20
223.389032
 42
-0.305335
  0
VERTEX
  8
0
 10
329.681372
 20
223.568775
 42
0.265756
  0
VERTEX
  8
0
 10
330.928387
 20
223.761195
 42
0.114773
  0
VERTEX
  8
0
 10
332.008644
 20
225.125705
 42
0.085396
  0
VERTEX
  8
0
 10
332.593435
 20
227.232784
 42
0.086779
  0
VERTEX
  8
0
 10
332.435295
 20
229.401782
 42
0.050302
  0
VERTEX
  8
0
 10
332.002255
 20
230.601401
 42
0.133783
  0
VERTEX
  8
0
 10
331.411667
 20
231.284447
 42
0.129494
  0
VERTEX
  8
0
 10
330.542974
 20
231.586197
 42
0.045778
  0
VERTEX
  8
0
 10
329.215111
 20
231.566644
 42
0.126196
  0
VERTEX
  8
0
 10
327.274543
 20
230.842226
 42
0.095454
  0
VERTEX
  8
0
 10
325.681854
 20
229.206668
 42
0.124242
  0
VERTEX
  8
0
 10
325.060370
 20
227.418953
 42
0.277728
  0
VERTEX
  8
0
 10
325.668433
 20
226.174329
 42
-0.388687
  0
VERTEX
  8
0
 10
326.103333
 20
224.504720
 42
-0.007937
  0
VERTEX
  8
0
 10
321.567987
 20
216.251695
 42
-0.011830
  0
VERTEX
  8
0
 10
316.828341
 20
208.380870
 42
-0.142978
  0
VERTEX
  8
0
 10
314.202947
 20
206.073163
 42
-0.065859
  0
VERTEX
  8
0
 10
312.884184
 20
205.657216
 42
-0.014627
  0
VERTEX
  8
0
 10
310.538225
 20
205.315242
 42
-0.014952
  0
VERTEX
  8
0
 10
307.783296
 20
205.078843
 42
-0.013925
  0
VERTEX
  8
0
 10
304.952947
 20
205.000000
 42
0.000000
  0
VERTEX
  8
0
 10
298.000000
 20
205.000000
 42
0.000000
  0
VERTEX
  8
0
 10
298.000000
 20
303.000000
 42
0.000000
  0
VERTEX
  8
0
 10
298.000000
 20
401.000000
 42
0.000000
  0
VERTEX
  8
0
 10
309.069271
 20
401.000000
 42
0.000000
  0
VERTEX
  8
0
 10
320.138542
 20
401.000000
 42
0.000000
  0
VERTEX
  8
0
 10
334.048247
 20
392.936929
 42
-0.003746
  0
VERTEX
  8
0
 10
339.374030
 20
389.796183
 42
-0.006091
  0
VERTEX
  8
0
 10
343.843366
 20
387.040599
 42
-0.001600
  0
VERTEX
  8
0
 10
347.672450
 20
384.597697
 42
-0.293128
  0
VERTEX
  8
0
 10
347.860555
 20
384.186929
 42
0.041063
  0
VERTEX
  8
0
 10
347.790106
 20
382.989541
 42
0.318972
  0
VERTEX
  8
0
 10
348.106425
 20
382.565446
 42
0.249644
  0
VERTEX
  8
0
 10
348.698198
 20
382.671227
 42
0.029816
  0
VERTEX
  8
0
 10
349.726969
 20
383.584112
 42
0.020577
  0
VERTEX
  8
0
 10
350.645926
 20
384.581988
 42
0.153362
  0
VERTEX
  8
0
 10
350.893120
 20
385.168703
 42
0.230465
  0
VERTEX
  8
0
 10
350.708661
 20
385.660814
 42
0.051348
  0
VERTEX
  8
0
 10
349.976969
 20
386.224647
 42
0.005380
  0
VERTEX
  8
0
 10
348.963500
 20
386.836539
 42
0.000284
  0
VERTEX
  8
0
 10
345.702610
 20
388.755270
 42
0.000447
  0
VERTEX
  8
0
 10
341.821232
 20
391.031469
 42
0.000325
  0
VERTEX
  8
0
 10
337.500000
 20
393.556655
 42
0.000000
  0
VERTEX
  8
0
 10
326.500000
 20
399.975098
 42
0.000000
  0
VERTEX
  8
0
 10
355.218600
 20
399.987549
 42
0.000000
  0
VERTEX
  8
0
 10
383.937199
 20
400.000000
 42
0.000000
  0
VERTEX
  8
0
 10
380.328095
 20
393.750000
 42
-0.002525
  0
VERTEX
  8
0
 10
378.625042
 20
390.834864
 42
-0.001293
  0
VERTEX
  8
0
 10
376.461035
 20
387.194820
 42
-0.001285
  0
VERTEX
  8
0
 10
374.212739
 20
383.457011
 42
-0.001935
  0
VERTEX
  8
0
 10
372.231739
 20
380.211090
 42
0.009361
  0
VERTEX
  8
0
 10
370.556478
 20
377.372161
 42
0.014963
  0
VERTEX
  8
0
 10
369.245220
 20
374.880695
 42
0.008795
  0
VERTEX
  8
0
 10
368.273596
 20
372.800402
 42
0.310640
  0
VERTEX
  8
0
 10
368.366113
 20
372.300554
 42
0.408868
  0
VERTEX
  8
0
 10
369.732210
 20
372.288065
 42
0.042016
  0
VERTEX
  8
0
 10
372.077032
 20
374.963165
 42
0.028246
  0
VERTEX
  8
0
 10
375.162122
 20
379.679845
 42
0.009326
  0
VERTEX
  8
0
 10
379.162867
 20
386.932167
 42
-0.005631
  0
VERTEX
  8
0
 10
381.614056
 20
391.454248
 42
-0.007685
  0
VERTEX
  8
0
 10
383.930719
 20
395.469137
 42
-0.005309
  0
VERTEX
  8
0
 10
385.951200
 20
398.769535
 42
-0.083893
  0
VERTEX
  8
0
 10
386.823963
 20
399.750000
 42
-0.137140
  0
VERTEX
  8
0
 10
388.222984
 20
400.347236
 42
-0.014833
  0
VERTEX
  8
0
 10
391.752766
 20
400.705784
 42
-0.013402
  0
VERTEX
  8
0
 10
396.831730
 20
400.933287
 42
-0.004490
  0
VERTEX
  8
0
 10
404.260401
 20
401.000000
 42
0.000000
  0
VERTEX
  8
0
 10
420.138542
 20
401.000000
 42
0.000000
  0
VERTEX
  8
0
 10
434.019973
 20
392.953318
 42
-0.004306
  0
VERTEX
  8
0
 10
441.194875
 20
388.711261
 42
-0.022859
  0
VERTEX
  8
0
 10
444.988062
 20
386.180997
 42
-0.040476
  0
VERTEX
  8
0
 10
447.018464
 20
384.418479
 42
-0.288699
  0
VERTEX
  8
0
 10
447.281137
 20
383.203318
 42
0.030000
  0
VERTEX
  8
0
 10
447.028004
 20
382.352709
 42
0.537450
  0
VERTEX
  8
0
 10
447.191524
 20
382.179647
 42
0.131822
  0
VERTEX
  8
0
 10
447.639099
 20
382.387467
 42
0.006087
  0
VERTEX
  8
0
 10
448.924018
 20
383.489679
 42
0.020579
  0
VERTEX
  8
0
 10
450.026110
 20
384.542075
 42
0.113483
  0
VERTEX
  8
0
 10
450.446333
 20
385.241039
 42
0.228265
  0
VERTEX
  8
0
 10
450.371810
 20
385.795817
 42
0.109273
  0
VERTEX
  8
0
 10
449.843583
 20
386.308785
 42
0.005293
  0
VERTEX
  8
0
 10
448.907154
 20
386.873264
 42
0.000238
  0
VERTEX
  8
0
 10
445.663427
 20
388.779985
 42
0.000400
  0
VERTEX
  8
0
 10
441.811721
 20
391.037481
 42
0.000286
  0
VERTEX
  8
0
 10
437.500000
 20
393.556655
 42
0.000000
  0
VERTEX
  8
0
 10
426.500000
 20
399.975098
 42
0.000000
  0
VERTEX
  8
0
 10
455.218600
 20
399.987549
 42
0.000000
  0
VERTEX
  8
0
 10
483.937199
 20
400.000000
 42
0.000000
  0
VERTEX
  8
0
 10
480.328095
 20
393.750000
 42
-0.002525
  0
VERTEX
  8
0
 10
478.625042
 20
390.834864
 42
-0.001293
  0
VERTEX
  8
0
 10
476.461035
 20
387.194820
 42
-0.001285
  0
VERTEX
  8
0
 10
474.212739
 20
383.457011
 42
-0.001935
  0
VERTEX
  8
0
 10
472.231739
 20
380.211090
 42
0.010670
  0
VERTEX
  8
0
 10
469.684325
 20
375.868244
 42
0.051455
  0
VERTEX
  8
0
 10
468.553916
 20
373.241086
 42
0.325006
  0
VERTEX
  8
0
 10
468.840904
 20
372.389250
 42
0.301392
  0
VERTEX
  8
0
 10
469.772703
 20
372.359523
 42
0.115152
  0
VERTEX
  8
0
 10
470.318333
 20
372.902399
 42
0.001966
  0
VERTEX
  8
0
 10
472.554838
 20
376.512040
 42
0.004903
  0
VERTEX
  8
0
 10
475.111204
 20
380.767397
 42
0.003229
  0
VERTEX
  8
0
 10
477.971876
 20
385.709658
 42
-0.004629
  0
VERTEX
  8
0
 10
480.879245
 20
390.700324
 42
-0.006440
  0
VERTEX
  8
0
 10
483.580652
 20
395.110025
 42
-0.004122
  0
VERTEX
  8
0
 10
485.920885
 20
398.755003
 42
-0.079113
  0
VERTEX
  8
0
 10
486.823772
 20
399.750000
 42
-0.150038
  0
VERTEX
  8
0
 10
488.425948
 20
400.386481
 42
-0.008662
  0
VERTEX
  8
0
 10
493.760115
 20
400.722795
 42
-0.009021
  0
VERTEX
  8
0
 10
501.625734
 20
400.939947
 42
-0.002390
  0
VERTEX
  8
0
 10
514.191130
 20
401.000000
 42
0.000000
  0
VERTEX
  8
0
 10
540.000000
 20
401.000000
 42
0.000000
  0
VERTEX
  8
0
 10
539.999994
 20
417.750000
 42
0.000000
  0
VERTEX
  8
0
 10
539.999988
 20
434.500000
 42
0.000000
  0
VERTEX
  8
0
 10
653.351044
 20
434.500000
 42
0.000000
  0
VERTEX
  8
0
 10
766.702101
 20
434.500000
 42
0.000000
  0
SEQEND
  0
POLYLINE
  8
0
 66
1
 70
1
  0
VERTEX
  8
0
 10
775.876681
 20
425.372767
 42
-0.056628
  0
VERTEX
  8
0
 10
773.384390
 20
423.324647
 42
-0.077098
  0
VERTEX
  8
0
 10
770.732826
 20
422.137810
 42
-0.137396
  0
VERTEX
  8
0
 10
768.805557
 20
422.149602
 42
-0.334610
  0
VERTEX
  8
0
 10
768.000000
 20
423.218555
 42
-0.159154
  0
VERTEX
  8
0
 10
768.234795
 20
423.937505
 42
-0.011134
  0
VERTEX
  8
0
 10
769.542187
 20
425.644542
 42
-0.014895
  0
VERTEX
  8
0
 10
771.238864
 20
427.635987
 42
-0.010626
  0
VERTEX
  8
0
 10
773.250000
 20
429.766073
 42
0.000000
  0
VERTEX
  8
0
 10
778.500000
 20
435.095037
 42
0.000000
  0
VERTEX
  8
0
 10
778.822848
 20
431.920286
 42
-0.054170
  0
VERTEX
  8
0
 10
778.810904
 20
430.186956
 42
-0.077078
  0
VERTEX
  8
0
 10
778.402271
 20
428.704550
 42
-0.062558
  0
VERTEX
  8
0
 10
777.486808
 20
427.203928
 42
-0.024266
  0
SEQEND
  0
POLYLINE
  8
0
 66
1
 70
1
  0
VERTEX
  8
0
 10
36.075486
 20
421.599296
 42
0.000000
  0
VERTEX
  8
0
 10
31.000000
 20
416.523810
 42
0.000000
  0
VERTEX
  8
0
 10
31.000000
 20
419.977556
 42
-0.060561
  0
VERTEX
  8
0
 10
31.239608
 20
421.948552
 42
-0.069715
  0
VERTEX
  8
0
 10
31.943844
 20
423.705849
 42
-0.049032
  0
VERTEX
  8
0
 10
33.317484
 20
425.636724
 42
-0.015041
  0
VERTEX
  8
0
 10
35.750000
 20
428.266740
 42
0.000000
  0
VERTEX
  8
0
 10
40.500000
 20
433.102178
 42
0.000000
  0
VERTEX
  8
0
 10
40.825486
 20
429.888480
 42
-0.067581
  0
VERTEX
  8
0
 10
40.760517
 20
427.979469
 42
-0.088072
  0
VERTEX
  8
0
 10
40.170847
 20
426.336920
 42
-0.054366
  0
VERTEX
  8
0
 10
38.813767
 20
424.471666
 42
-0.011948
  0
SEQEND
  0
POLYLINE
  8
0
 66
1
 70
1
  0
VERTEX
  8
0
 10
281.075486
 20
418.599296
 42
0.000000
  0
VERTEX
  8
0
 10
276.000000
 20
413.523810
 42
0.000000
  0
VERTEX
  8
0
 10
276.000000
 20
416.977556
 42
-0.060561
  0
VERTEX
  8
0
 10
276.239608
 20
418.948552
 42
-0.069715
  0
VERTEX
  8
0
 10
276.943844
 20
420.705849
 42
-0.049032
  0
VERTEX
  8
0
 10
278.317484
 20
422.636724
 42
-0.015041
  0
VERTEX
  8
0
 10
280.750000
 20
425.266740
 42
0.000000
  0
VERTEX
  8
0
 10
285.500000
 20
430.102178
 42
0.000000
  0
VERTEX
  8
0
 10
285.825486
 20
426.888480
 42
-0.067581
  0
VERTEX
  8
0
 10
285.760517
 20
424.979469
 42
-0.088072
  0
VERTEX
  8
0
 10
285.170847
 20
423.336920
 42
-0.054366
  0
VERTEX
  8
0
 10
283.813767
 20
421.471666
 42
-0.011948
  0
SEQEND
  0
POLYLINE
  8
0
 66
1
 70
1
  0
VERTEX
  8
0
 10
529.844737
 20
411.344089
 42
-0.005300
  0
VERTEX
  8
0
 10
524.460712
 20
406.051008
 42
-0.033820
  0
VERTEX
  8
0
 10
521.529689
 20
403.588920
 42
-0.069399
  0
VERTEX
  8
0
 10
519.323757
 20
402.405280
 42
-0.088706
  0
VERTEX
  8
0
 10
517.057342
 20
402.000000
 42
0.000000
  0
VERTEX
  8
0
 10
513.575184
 20
402.000000
 42
0.000000
  0
VERTEX
  8
0
 10
518.500000
 20
407.000000
 42
-0.015568
  0
VERTEX
  8
0
 10
520.963524
 20
409.350100
 42
-0.038900
  0
VERTEX
  8
0
 10
522.937491
 20
410.859911
 42
-0.054415
  0
VERTEX
  8
0
 10
524.635484
 20
411.714889
 42
-0.089674
  0
VERTEX
  8
0
 10
526.212408
 20
412.000000
 42
0.035880
  0
VERTEX
  8
0
 10
527.710302
 20
412.107628
 42
0.158525
  0
VERTEX
  8
0
 10
528.493377
 20
412.493548
 42
0.162713
  0
VERTEX
  8
0
 10
528.888199
 20
413.259637
 42
0.038336
  0
VERTEX
  8
0
 10
529.000000
 20
414.715651
 42
-0.091573
  0
VERTEX
  8
0
 10
529.279726
 20
416.230173
 42
-0.049097
  0
VERTEX
  8
0
 10
530.132426
 20
417.936670
 42
-0.036838
  0
VERTEX
  8
0
 10
531.587507
 20
419.910924
 42
-0.016925
  0
VERTEX
  8
0
 10
533.750000
 20
422.266740
 42
0.000000
  0
VERTEX
  8
0
 10
538.500000
 20
427.102178
 42
0.000000
  0
VERTEX
  8
0
 10
538.824987
 20
423.895178
 42
-0.101278
  0
VERTEX
  8
0
 10
538.609322
 20
421.764512
 42
-0.079745
  0
VERTEX
  8
0
 10
537.573328
 20
419.683423
 42
-0.035730
  0
VERTEX
  8
0
 10
535.226411
 20
416.854149
 42
-0.004852
  0
SEQEND
  0
POLYLINE
  8
0
 66
1
 70
1
  0
VERTEX
  8
0
 10
779.000000
 20
424.500000
 42
-0.046140
  0
VERTEX
  8
0
 10
778.880645
 20
423.209354
 42
-0.160006
  0
VERTEX
  8
0
 10
778.482569
 20
422.483705
 42
-0.150031
  0
VERTEX
  8
0
 10
777.713465
 20
422.108496
 42
-0.039030
  0
VERTEX
  8
0
 10
776.325686
 20
422.000000
 42
0.000000
  0
VERTEX
  8
0
 10
773.651372
 20
422.000000
 42
0.000000
  0
VERTEX
  8
0
 10
776.000000
 20
424.500000
 42
-0.006459
  0
VERTEX
  8
0
 10
776.923635
 20
425.458057
 42
-0.009762
  0
VERTEX
  8
0
 10
777.754389
 20
426.265625
 42
-0.005011
  0
VERTEX
  8
0
 10
778.470848
 20
426.922055
 42
-0.184988
  0
VERTEX
  8
0
 10
778.674314
 20
427.000000
 42
-0.359543
  0
VERTEX
  8
0
 10
778.803060
 20
426.893676
 42
-0.015163
  0
VERTEX
  8
0
 10
778.904330
 20
426.265625
 42
-0.020157
  0
VERTEX
  8
0
 10
778.976548
 20
425.458476
 42
-0.012232
  0
SEQEND
  0
POLYLINE
  8
0
 66
1
 70
1
  0
VERTEX
  8
0
 10
36.075486
 20
413.599296
 42
0.000000
  0
VERTEX
  8
0
 10
31.000000
 20
408.523810
 42
0.000000
  0
VERTEX
  8
0
 10
31.000000
 20
411.977556
 42
-0.060561
  0
VERTEX
  8
0
 10
31.239608
 20
413.948552
 42
-0.069715
  0
VERTEX
  8
0
 10
31.943844
 20
415.705849
 42
-0.049032
  0
VERTEX
  8
0
 10
33.317484
 20
417.636724
 42
-0.015041
  0
VERTEX
  8
0
 10
35.750000
 20
420.266740
 42
0.000000
  0
VERTEX
  8
0
 10
40.500000
 20
425.102178
 42
0.000000
  0
VERTEX
  8
0
 10
40.825486
 20
421.888480
 42
-0.067581
  0
VERTEX
  8
0
 10
40.760517
 20
419.979469
 42
-0.088072
  0
VERTEX
  8
0
 10
40.170847
 20
418.336920
 42
-0.054366
  0
VERTEX
  8
0
 10
38.813767
 20
416.471666
 42
-0.011948
  0
SEQEND
  0
POLYLINE
  8
0
 66
1
 70
1
  0
VERTEX
  8
0
 10
281.075486
 20
410.599296
 42
0.000000
  0
VERTEX
  8
0
 10
276.000000
 20
405.523810
 42
0.000000
  0
VERTEX
  8
0
 10
276.000000
 20
408.977556
 42
-0.060561
  0
VERTEX
  8
0
 10
276.239608
 20
410.948552
 42
-0.069715
  0
VERTEX
  8
0
 10
276.943844
 20
412.705849
 42
-0.049032
  0
VERTEX
  8
0
 10
278.317484
 20
414.636724
 42
-0.015041
  0
VERTEX
  8
0
 10
280.750000
 20
417.266740
 42
0.000000
  0
VERTEX
  8
0
 10
285.500000
 20
422.102178
 42
0.000000
  0
VERTEX
  8
0
 10
285.825486
 20
418.888480
 42
-0.067581
  0
VERTEX
  8
0
 10
285.760517
 20
416.979469
 42
-0.088072
  0
VERTEX
  8
0
 10
285.170847
 20
415.336920
 42
-0.054366
  0
VERTEX
  8
0
 10
283.813767
 20
413.471666
 42
-0.011948
  0
SEQEND
  0
POLYLINE
  8
0
 66
1
 70
1
  0
VERTEX
  8
0
 10
770.000000
 20
420.000000
 42
0.021149
  0
VERTEX
  8
0
 10
769.378141
 20
419.559769
 42
0.167501
  0
VERTEX
  8
0
 10
769.187500
 20
419.269141
 42
0.405416
  0
VERTEX
  8
0
 10
769.295085
 20
419.081977
 42
0.066727
  0
VERTEX
  8
0
 10
769.750000
 20
419.015313
 42
-0.362418
  0
VERTEX
  8
0
 10
770.385845
 20
418.471391
 42
-0.021181
  0
VERTEX
  8
0
 10
770.728911
 20
415.750258
 42
-0.016930
  0
VERTEX
  8
0
 10
770.943247
 20
411.397391
 42
-0.003836
  0
VERTEX
  8
0
 10
771.000000
 20
404.000000
 42
-0.003082
  0
VERTEX
  8
0
 10
770.949138
 20
395.748421
 42
-0.021839
  0
VERTEX
  8
0
 10
770.725000
 20
391.750000
 42
-0.047120
  0
VERTEX
  8
0
 10
770.302850
 20
389.599499
 42
-0.332163
  0
VERTEX
  8
0
 10
769.500000
 20
389.000000
 42
-0.338315
  0
VERTEX
  8
0
 10
768.690936
 20
389.618193
 42
-0.043130
  0
VERTEX
  8
0
 10
768.273438
 20
391.916667
 42
-0.020523
  0
VERTEX
  8
0
 10
768.050326
 20
396.167683
 42
-0.002849
  0
VERTEX
  8
0
 10
768.000000
 20
405.000000
 42
-0.002372
  0
VERTEX
  8
0
 10
768.045343
 20
414.558140
 42
-0.024895
  0
VERTEX
  8
0
 10
768.277104
 20
418.464049
 42
-0.076256
  0
VERTEX
  8
0
 10
768.783932
 20
420.359616
 42
-0.300065
  0
VERTEX
  8
0
 10
769.750000
 20
420.984687
 42
-0.011938
  0
VERTEX
  8
0
 10
770.728916
 20
420.952739
 42
-0.327416
  0
VERTEX
  8
0
 10
770.916542
 20
420.798096
 42
-0.309569
  0
VERTEX
  8
0
 10
770.830411
 20
420.563444
 42
-0.011213
  0
SEQEND
  0
POLYLINE
  8
0
 66
1
 70
1
  0
VERTEX
  8
0
 10
779.000000
 20
405.000000
 42
-0.002045
  0
VERTEX
  8
0
 10
778.958547
 20
394.863351
 42
-0.029052
  0
VERTEX
  8
0
 10
778.718750
 20
391.250000
 42
-0.112672
  0
VERTEX
  8
0
 10
778.123087
 20
389.611831
 42
-0.254715
  0
VERTEX
  8
0
 10
777.000000
 20
389.000000
 42
-0.254715
  0
VERTEX
  8
0
 10
775.876913
 20
389.611831
 42
-0.112672
  0
VERTEX
  8
0
 10
775.281250
 20
391.250000
 42
-0.029052
  0
VERTEX
  8
0
 10
775.041453
 20
394.863351
 42
-0.002045
  0
VERTEX
  8
0
 10
775.000000
 20
405.000000
 42
-0.002045
  0
VERTEX
  8
0
 10
775.041453
 20
415.136649
 42
-0.029052
  0
VERTEX
  8
0
 10
775.281250
 20
418.750000
 42
-0.112672
  0
VERTEX
  8
0
 10
775.876913
 20
420.388169
 42
-0.254715
  0
VERTEX
  8
0
 10
777.000000
 20
421.000000
 42
-0.254715
  0
VERTEX
  8
0
 10
778.123087
 20
420.388169
 42
-0.112672
  0
VERTEX
  8
0
 10
778.718750
 20
418.750000
 42
-0.029052
  0
VERTEX
  8
0
 10
778.958547
 20
415.136649
 42
-0.002045
  0
SEQEND
  0
POLYLINE
  8
0
 66
1
 70
1
  0
VERTEX
  8
0
 10
533.858226
 20
407.356442
 42
-0.012383
  0
VERTEX
  8
0
 10
530.912920
 20
404.518233
 42
-0.048898
  0
VERTEX
  8
0
 10
528.902825
 20
403.007837
 42
-0.074838
  0
VERTEX
  8
0
 10
527.110979
 20
402.255985
 42
-0.062051
  0
VERTEX
  8
0
 10
525.056238
 20
402.000000
 42
0.000000
  0
VERTEX
  8
0
 10
521.544156
 20
402.000000
 42
0.000000
  0
VERTEX
  8
0
 10
530.022078
 20
410.535164
 42
0.000000
  0
VERTEX
  8
0
 10
538.500000
 20
419.070329
 42
0.000000
  0
VERTEX
  8
0
 10
538.824065
 20
415.891607
 42
-0.071250
  0
VERTEX
  8
0
 10
538.746676
 20
413.989447
 42
-0.086216
  0
VERTEX
  8
0
 10
538.126699
 20
412.316660
 42
-0.051887
  0
VERTEX
  8
0
 10
536.711576
 20
410.378303
 42
-0.011212
  0
SEQEND
  0
POLYLINE
  8
0
 66
1
 70
1
  0
VERTEX
  8
0
 10
36.075486
 20
405.599296
 42
0.000000
  0
VERTEX
  8
0
 10
31.000000
 20
400.523810
 42
0.000000
  0
VERTEX
  8
0
 10
31.000000
 20
403.977556
 42
-0.060561
  0
VERTEX
  8
0
 10
31.239608
 20
405.948552
 42
-0.069715
  0
VERTEX
  8
0
 10
31.943844
 20
407.705849
 42
-0.049032
  0
VERTEX
  8
0
 10
33.317484
 20
409.636724
 42
-0.015041
  0
VERTEX
  8
0
 10
35.750000
 20
412.266740
 42
0.000000
  0
VERTEX
  8
0
 10
40.500000
 20
417.102178
 42
0.000000
  0
VERTEX
  8
0
 10
40.825486
 20
413.888480
 42
-0.067581
  0
VERTEX
  8
0
 10
40.760517
 20
411.979469
 42
-0.088072
  0
VERTEX
  8
0
 10
40.170847
 20
410.336920
 42
-0.054366
  0
VERTEX
  8
0
 10
38.813767
 20
408.471666
 42
-0.011948
  0
SEQEND
  0
POLYLINE
  8
0
 66
1
 70
1
  0
VERTEX
  8
0
 10
288.295741
 20
412.000000
 42
-0.192545
  0
VERTEX
  8
0
 10
289.040013
 20
411.702353
 42
-0.342460
  0
VERTEX
  8
0
 10
289.133403
 20
411.084609
 42
-0.061165
  0
VERTEX
  8
0
 10
288.190665
 20
409.797083
 42
-0.005907
  0
VERTEX
  8
0
 10
285.500000
 20
407.000000
 42
-0.034703
  0
VERTEX
  8
0
 10
282.103146
 20
403.999059
 42
-0.068891
  0
VERTEX
  8
0
 10
278.985510
 20
402.227860
 42
-0.152355
  0
VERTEX
  8
0
 10
276.913517
 20
402.068625
 42
-0.349554
  0
VERTEX
  8
0
 10
276.000000
 20
403.215651
 42
-0.187590
  0
VERTEX
  8
0
 10
276.688861
 20
404.987118
 42
-0.011054
  0
VERTEX
  8
0
 10
280.753497
 20
409.230825
 42
-0.009804
  0
VERTEX
  8
0
 10
284.943286
 20
413.254959
 42
-0.544574
  0
VERTEX
  8
0
 10
285.823828
 20
413.028515
 42
0.153045
  0
VERTEX
  8
0
 10
286.108611
 20
412.634199
 42
0.061901
  0
VERTEX
  8
0
 10
286.691374
 20
412.302126
 42
0.053450
  0
VERTEX
  8
0
 10
287.455811
 20
412.076093
 42
0.045205
  0
SEQEND
  0
POLYLINE
  8
0
 66
1
 70
1
  0
VERTEX
  8
0
 10
293.500000
 20
407.000000
 42
-0.013881
  0
VERTEX
  8
0
 10
290.775541
 20
404.383369
 42
-0.050502
  0
VERTEX
  8
0
 10
288.848439
 20
402.958915
 42
-0.074139
  0
VERTEX
  8
0
 10
287.095308
 20
402.243178
 42
-0.059972
  0
VERTEX
  8
0
 10
285.075184
 20
402.000000
 42
0.000000
  0
VERTEX
  8
0
 10
281.575184
 20
402.000000
 42
0.000000
  0
VERTEX
  8
0
 10
286.500000
 20
407.000000
 42
-0.013881
  0
VERTEX
  8
0
 10
289.224459
 20
409.616631
 42
-0.050502
  0
VERTEX
  8
0
 10
291.151561
 20
411.041085
 42
-0.074139
  0
VERTEX
  8
0
 10
292.904692
 20
411.756822
 42
-0.059972
  0
VERTEX
  8
0
 10
294.924816
 20
412.000000
 42
0.000000
  0
VERTEX
  8
0
 10
298.424816
 20
412.000000
 42
0.000000
  0
SEQEND
  0
POLYLINE
  8
0
 66
1
 70
1
  0
VERTEX
  8
0
 10
299.971112
 20
405.460774
 42
-0.008531
  0
VERTEX
  8
0
 10
297.022711
 20
402.581293
 42
-0.030534
  0
VERTEX
  8
0
 10
295.001261
 20
400.894268
 42
-0.062219
  0
VERTEX
  8
0
 10
293.714826
 20
400.174459
 42
-0.467611
  0
VERTEX
  8
0
 10
293.176676
 20
400.460774
 42
0.095814
  0
VERTEX
  8
0
 10
292.929417
 20
401.048723
 42
0.079299
  0
VERTEX
  8
0
 10
292.466847
 20
401.547852
 42
0.078156
  0
VERTEX
  8
0
 10
291.864804
 20
401.883926
 42
0.088515
  0
VERTEX
  8
0
 10
291.214268
 20
402.000000
 42
-0.460173
  0
VERTEX
  8
0
 10
290.892139
 20
402.376116
 42
-0.107171
  0
VERTEX
  8
0
 10
291.234242
 20
403.263775
 42
-0.038471
  0
VERTEX
  8
0
 10
292.416496
 20
404.792491
 42
-0.010658
  0
VERTEX
  8
0
 10
294.500000
 20
407.000000
 42
-0.013866
  0
VERTEX
  8
0
 10
297.227106
 20
409.619329
 42
-0.050630
  0
VERTEX
  8
0
 10
299.153728
 20
411.042843
 42
-0.074314
  0
VERTEX
  8
0
 10
300.907838
 20
411.757337
 42
-0.059683
  0
VERTEX
  8
0
 10
302.933520
 20
412.000000
 42
0.000000
  0
VERTEX
  8
0
 10
306.442223
 20
412.000000
 42
0.000000
  0
SEQEND
  0
POLYLINE
  8
0
 66
1
 70
1
  0
VERTEX
  8
0
 10
309.500000
 20
407.000000
 42
-0.013881
  0
VERTEX
  8
0
 10
306.775541
 20
404.383369
 42
-0.050502
  0
VERTEX
  8
0
 10
304.848439
 20
402.958915
 42
-0.074139
  0
VERTEX
  8
0
 10
303.095308
 20
402.243178
 42
-0.059972
  0
VERTEX
  8
0
 10
301.075184
 20
402.000000
 42
0.000000
  0
VERTEX
  8
0
 10
297.575184
 20
402.000000
 42
0.000000
  0
VERTEX
  8
0
 10
302.500000
 20
407.000000
 42
-0.013881
  0
VERTEX
  8
0
 10
305.224459
 20
409.616631
 42
-0.050502
  0
VERTEX
  8
0
 10
307.151561
 20
411.041085
 42
-0.074139
  0
VERTEX
  8
0
 10
308.904692
 20
411.756822
 42
-0.059972
  0
VERTEX
  8
0
 10
310.924816
 20
412.000000
 42
0.000000
  0
VERTEX
  8
0
 10
314.424816
 20
412.000000
 42
0.000000
  0
SEQEND
  0
POLYLINE
  8
0
 66
1
 70
1
  0
VERTEX
  8
0
 10
321.000000
 20
411.287852
 42
-0.169628
  0
VERTEX
  8
0
 10
320.846383
 20
410.848075
 42
-0.006877
  0
VERTEX
  8
0
 10
319.763839
 20
409.525340
 42
-0.011363
  0
VERTEX
  8
0
 10
318.404226
 20
407.982481
 42
-0.007738
  0
VERTEX
  8
0
 10
316.791792
 20
406.287852
 42
-0.017900
  0
VERTEX
  8
0
 10
314.488775
 20
404.103429
 42
-0.053994
  0
VERTEX
  8
0
 10
312.724150
 20
402.856134
 42
-0.072110
  0
VERTEX
  8
0
 10
311.041585
 20
402.216191
 42
-0.054923
  0
VERTEX
  8
0
 10
309.079384
 20
402.000000
 42
0.000000
  0
VERTEX
  8
0
 10
305.575184
 20
402.000000
 42
0.000000
  0
VERTEX
  8
0
 10
310.500000
 20
407.000000
 42
-0.015568
  0
VERTEX
  8
0
 10
312.963524
 20
409.350100
 42
-0.038900
  0
VERTEX
  8
0
 10
314.937491
 20
410.859911
 42
-0.054415
  0
VERTEX
  8
0
 10
316.635484
 20
411.714889
 42
-0.089674
  0
VERTEX
  8
0
 10
318.212408
 20
412.000000
 42
-0.024122
  0
VERTEX
  8
0
 10
319.280689
 20
411.948432
 42
-0.038432
  0
VERTEX
  8
0
 10
320.181145
 20
411.790806
 42
-0.045150
  0
VERTEX
  8
0
 10
320.823363
 20
411.563370
 42
-0.293029
  0
SEQEND
  0
POLYLINE
  8
0
 66
1
 70
1
  0
VERTEX
  8
0
 10
323.716254
 20
404.250000
 42
-0.124239
  0
VERTEX
  8
0
 10
323.564074
 20
403.887591
 42
-0.664672
  0
VERTEX
  8
0
 10
323.422038
 20
403.923438
 42
-0.031260
  0
VERTEX
  8
0
 10
323.324637
 20
405.029380
 42
-0.006336
  0
VERTEX
  8
0
 10
323.299664
 20
407.000000
 42
-0.006336
  0
VERTEX
  8
0
 10
323.324637
 20
408.970620
 42
-0.031260
  0
VERTEX
  8
0
 10
323.422038
 20
410.076562
 42
-0.664672
  0
VERTEX
  8
0
 10
323.564074
 20
410.112409
 42
-0.124239
  0
VERTEX
  8
0
 10
323.716254
 20
409.750000
 42
-0.023547
  0
VERTEX
  8
0
 10
323.846019
 20
408.497782
 42
-0.014044
  0
VERTEX
  8
0
 10
323.888098
 20
407.000000
 42
-0.014044
  0
VERTEX
  8
0
 10
323.846019
 20
405.502218
 42
-0.023547
  0
SEQEND
  0
POLYLINE
  8
0
 66
1
 70
1
  0
VERTEX
  8
0
 10
385.000000
 20
407.000000
 42
0.000000
  0
VERTEX
  8
0
 10
385.000000
 20
402.000000
 42
0.000000
  0
VERTEX
  8
0
 10
355.000000
 20
402.000000
 42
0.000000
  0
VERTEX
  8
0
 10
325.000000
 20
402.000000
 42
0.000000
  0
VERTEX
  8
0
 10
325.000000
 20
407.000000
 42
0.000000
  0
VERTEX
  8
0
 10
325.000000
 20
412.000000
 42
0.000000
  0
VERTEX
  8
0
 10
355.000000
 20
412.000000
 42
0.000000
  0
VERTEX
  8
0
 10
385.000000
 20
412.000000
 42
0.000000
  0
SEQEND
  0
POLYLINE
  8
0
 66
1
 70
1
  0
VERTEX
  8
0
 10
394.000000
 20
411.687091
 42
-0.187632
  0
VERTEX
  8
0
 10
393.922013
 20
411.486588
 42
-0.003317
  0
VERTEX
  8
0
 10
393.118750
 20
410.621808
 42
-0.007831
  0
VERTEX
  8
0
 10
392.149798
 20
409.624204
 42
-0.005081
  0
VERTEX
  8
0
 10
391.000000
 20
408.500000
 42
0.000000
  0
VERTEX
  8
0
 10
388.000000
 20
405.625818
 42
0.000000
  0
VERTEX
  8
0
 10
388.000000
 20
408.812909
 42
-0.026602
  0
VERTEX
  8
0
 10
388.097280
 20
410.640028
 42
-0.163634
  0
VERTEX
  8
0
 10
388.485324
 20
411.484409
 42
-0.174494
  0
VERTEX
  8
0
 10
389.290099
 20
411.893327
 42
-0.031162
  0
VERTEX
  8
0
 10
391.000000
 20
412.000000
 42
-0.009786
  0
VERTEX
  8
0
 10
392.150236
 20
411.977485
 42
-0.016197
  0
VERTEX
  8
0
 10
393.118750
 20
411.908083
 42
-0.010070
  0
VERTEX
  8
0
 10
393.892246
 20
411.811623
 42
-0.372580
  0
SEQEND
  0
POLYLINE
  8
0
 66
1
 70
1
  0
VERTEX
  8
0
 10
397.500000
 20
407.000000
 42
-0.017584
  0
VERTEX
  8
0
 10
395.295205
 20
404.913625
 42
-0.029124
  0
VERTEX
  8
0
 10
393.279131
 20
403.334636
 42
-0.034101
  0
VERTEX
  8
0
 10
391.548070
 20
402.301675
 42
-0.118001
  0
VERTEX
  8
0
 10
390.287592
 20
402.000000
 42
-0.127094
  0
VERTEX
  8
0
 10
388.644781
 20
402.424438
 42
-0.333971
  0
VERTEX
  8
0
 10
388.177168
 20
403.470191
 42
-0.117894
  0
VERTEX
  8
0
 10
389.080019
 20
405.297682
 42
-0.019984
  0
VERTEX
  8
0
 10
391.702948
 20
408.207837
 42
-0.022019
  0
VERTEX
  8
0
 10
393.715595
 20
410.095143
 42
-0.056354
  0
VERTEX
  8
0
 10
395.365898
 20
411.216078
 42
-0.069800
  0
VERTEX
  8
0
 10
396.999730
 20
411.802655
 42
-0.051373
  0
VERTEX
  8
0
 10
398.915356
 20
412.000000
 42
0.000000
  0
VERTEX
  8
0
 10
402.424816
 20
412.000000
 42
0.000000
  0
SEQEND
  0
POLYLINE
  8
0
 66
1
 70
1
  0
VERTEX
  8
0
 10
405.500000
 20
407.000000
 42
-0.013881
  0
VERTEX
  8
0
 10
402.775541
 20
404.383369
 42
-0.050502
  0
VERTEX
  8
0
 10
400.848439
 20
402.958915
 42
-0.074139
  0
VERTEX
  8
0
 10
399.095308
 20
402.243178
 42
-0.059972
  0
VERTEX
  8
0
 10
397.075184
 20
402.000000
 42
0.000000
  0
VERTEX
  8
0
 10
393.575184
 20
402.000000
 42
0.000000
  0
VERTEX
  8
0
 10
398.500000
 20
407.000000
 42
-0.013881
  0
VERTEX
  8
0
 10
401.224459
 20
409.616631
 42
-0.050502
  0
VERTEX
  8
0
 10
403.151561
 20
411.041085
 42
-0.074139
  0
VERTEX
  8
0
 10
404.904692
 20
411.756822
 42
-0.059972
  0
VERTEX
  8
0
 10
406.924816
 20
412.000000
 42
0.000000
  0
VERTEX
  8
0
 10
410.424816
 20
412.000000
 42
0.000000
  0
SEQEND
  0
POLYLINE
  8
0
 66
1
 70
1
  0
VERTEX
  8
0
 10
413.500000
 20
407.000000
 42
-0.013881
  0
VERTEX
  8
0
 10
410.775541
 20
404.383369
 42
-0.050502
  0
VERTEX
  8
0
 10
408.848439
 20
402.958915
 42
-0.074139
  0
VERTEX
  8
0
 10
407.095308
 20
402.243178
 42
-0.059972
  0
VERTEX
  8
0
 10
405.075184
 20
402.000000
 42
0.000000
  0
VERTEX
  8
0
 10
401.575184
 20
402.000000
 42
0.000000
  0
VERTEX
  8
0
 10
406.500000
 20
407.000000
 42
-0.013881
  0
VERTEX
  8
0
 10
409.224459
 20
409.616631
 42
-0.050502
  0
VERTEX
  8
0
 10
411.151561
 20
411.041085
 42
-0.074139
  0
VERTEX
  8
0
 10
412.904692
 20
411.756822
 42
-0.059972
  0
VERTEX
  8
0
 10
414.924816
 20
412.000000
 42
0.000000
  0
VERTEX
  8
0
 10
418.424816
 20
412.000000
 42
0.000000
  0
SEQEND
  0
POLYLINE
  8
0
 66
1
 70
1
  0
VERTEX
  8
0
 10
421.000000
 20
409.314451
 42
-0.109210
  0
VERTEX
  8
0
 10
420.389512
 20
406.552781
 42
-0.097283
  0
VERTEX
  8
0
 10
418.657448
 20
404.172573
 42
-0.093898
  0
VERTEX
  8
0
 10
416.092446
 20
402.562575
 42
-0.093591
  0
VERTEX
  8
0
 10
413.113278
 20
402.000000
 42
0.000000
  0
VERTEX
  8
0
 10
409.575184
 20
402.000000
 42
0.000000
  0
VERTEX
  8
0
 10
414.500000
 20
407.000000
 42
-0.007455
  0
VERTEX
  8
0
 10
416.444216
 20
408.915903
 42
-0.011041
  0
VERTEX
  8
0
 10
418.209507
 20
410.531250
 42
-0.006431
  0
VERTEX
  8
0
 10
419.725485
 20
411.824114
 42
-0.175074
  0
VERTEX
  8
0
 10
420.212408
 20
412.000000
 42
-0.273953
  0
VERTEX
  8
0
 10
420.515971
 20
411.820181
 42
-0.054041
  0
VERTEX
  8
0
 10
420.768645
 20
411.211120
 42
-0.043599
  0
VERTEX
  8
0
 10
420.942840
 20
410.343449
 42
-0.027753
  0
SEQEND
  0
POLYLINE
  8
0
 66
1
 70
1
  0
VERTEX
  8
0
 10
423.716254
 20
404.250000
 42
-0.124239
  0
VERTEX
  8
0
 10
423.564074
 20
403.887591
 42
-0.664672
  0
VERTEX
  8
0
 10
423.422038
 20
403.923438
 42
-0.031260
  0
VERTEX
  8
0
 10
423.324637
 20
405.029380
 42
-0.006336
  0
VERTEX
  8
0
 10
423.299664
 20
407.000000
 42
-0.006336
  0
VERTEX
  8
0
 10
423.324637
 20
408.970620
 42
-0.031260
  0
VERTEX
  8
0
 10
423.422038
 20
410.076562
 42
-0.664672
  0
VERTEX
  8
0
 10
423.564074
 20
410.112409
 42
-0.124239
  0
VERTEX
  8
0
 10
423.716254
 20
409.750000
 42
-0.023547
  0
VERTEX
  8
0
 10
423.846019
 20
408.497782
 42
-0.014044
  0
VERTEX
  8
0
 10
423.888098
 20
407.000000
 42
-0.014044
  0
VERTEX
  8
0
 10
423.846019
 20
405.502218
 42
-0.023547
  0
SEQEND
  0
POLYLINE
  8
0
 66
1
 70
1
  0
VERTEX
  8
0
 10
484.000000
 20
407.000000
 42
0.000000
  0
VERTEX
  8
0
 10
484.000000
 20
402.000000
 42
0.000000
  0
VERTEX
  8
0
 10
454.500000
 20
402.000000
 42
0.000000
  0
VERTEX
  8
0
 10
425.000000
 20
402.000000
 42
0.000000
  0
VERTEX
  8
0
 10
425.000000
 20
407.000000
 42
0.000000
  0
VERTEX
  8
0
 10
425.000000
 20
412.000000
 42
0.000000
  0
VERTEX
  8
0
 10
454.500000
 20
412.000000
 42
0.000000
  0
VERTEX
  8
0
 10
484.000000
 20
412.000000
 42
0.000000
  0
SEQEND
  0
POLYLINE
  8
0
 66
1
 70
1
  0
VERTEX
  8
0
 10
485.716254
 20
404.250000
 42
-0.124239
  0
VERTEX
  8
0
 10
485.564074
 20
403.887591
 42
-0.664672
  0
VERTEX
  8
0
 10
485.422038
 20
403.923438
 42
-0.031260
  0
VERTEX
  8
0
 10
485.324637
 20
405.029380
 42
-0.006336
  0
VERTEX
  8
0
 10
485.299664
 20
407.000000
 42
-0.006336
  0
VERTEX
  8
0
 10
485.324637
 20
408.970620
 42
-0.031260
  0
VERTEX
  8
0
 10
485.422038
 20
410.076562
 42
-0.664672
  0
VERTEX
  8
0
 10
485.564074
 20
410.112409
 42
-0.124239
  0
VERTEX
  8
0
 10
485.716254
 20
409.750000
 42
-0.023547
  0
VERTEX
  8
0
 10
485.846019
 20
408.497782
 42
-0.014044
  0
VERTEX
  8
0
 10
485.888098
 20
407.000000
 42
-0.014044
  0
VERTEX
  8
0
 10
485.846019
 20
405.502218
 42
-0.023547
  0
SEQEND
  0
POLYLINE
  8
0
 66
1
 70
1
  0
VERTEX
  8
0
 10
490.000000
 20
411.559017
 42
-0.151918
  0
VERTEX
  8
0
 10
489.934461
 20
411.348290
 42
-0.038439
  0
VERTEX
  8
0
 10
489.706250
 20
411.066025
 42
-0.035638
  0
VERTEX
  8
0
 10
489.382774
 20
410.768994
 42
-0.029505
  0
VERTEX
  8
0
 10
489.000000
 20
410.500000
 42
-0.082592
  0
VERTEX
  8
0
 10
488.617900
 20
410.343488
 42
-0.161196
  0
VERTEX
  8
0
 10
488.293750
 20
410.374600
 42
-0.182303
  0
VERTEX
  8
0
 10
488.078288
 20
410.586039
 42
-0.108972
  0
VERTEX
  8
0
 10
488.000000
 20
410.940983
 42
-0.093332
  0
VERTEX
  8
0
 10
488.076123
 20
411.345238
 42
-0.096420
  0
VERTEX
  8
0
 10
488.293750
 20
411.688914
 42
-0.099167
  0
VERTEX
  8
0
 10
488.618444
 20
411.918938
 42
-0.105053
  0
VERTEX
  8
0
 10
489.000000
 20
412.000000
 42
-0.042167
  0
VERTEX
  8
0
 10
489.382849
 20
411.967655
 42
-0.061769
  0
VERTEX
  8
0
 10
489.706250
 20
411.870461
 42
-0.081139
  0
VERTEX
  8
0
 10
489.925540
 20
411.727648
 42
-0.210953
  0
SEQEND
  0
POLYLINE
  8
0
 66
1
 70
1
  0
VERTEX
  8
0
 10
493.462408
 20
406.948911
 42
0.000000
  0
VERTEX
  8
0
 10
488.500000
 20
401.897822
 42
0.000000
  0
VERTEX
  8
0
 10
488.179665
 20
405.042451
 42
-0.090571
  0
VERTEX
  8
0
 10
488.406432
 20
407.902161
 42
-0.127140
  0
VERTEX
  8
0
 10
489.656887
 20
410.123558
 42
-0.122195
  0
VERTEX
  8
0
 10
491.871983
 20
411.518444
 42
-0.079869
  0
VERTEX
  8
0
 10
494.867396
 20
412.000000
 42
0.000000
  0
VERTEX
  8
0
 10
498.424816
 20
412.000000
 42
0.000000
  0
SEQEND
  0
POLYLINE
  8
0
 66
1
 70
1
  0
VERTEX
  8
0
 10
501.500000
 20
407.000000
 42
-0.013881
  0
VERTEX
  8
0
 10
498.775541
 20
404.383369
 42
-0.050502
  0
VERTEX
  8
0
 10
496.848439
 20
402.958915
 42
-0.074139
  0
VERTEX
  8
0
 10
495.095308
 20
402.243178
 42
-0.059972
  0
VERTEX
  8
0
 10
493.075184
 20
402.000000
 42
0.000000
  0
VERTEX
  8
0
 10
489.575184
 20
402.000000
 42
0.000000
  0
VERTEX
  8
0
 10
494.500000
 20
407.000000
 42
-0.013881
  0
VERTEX
  8
0
 10
497.224459
 20
409.616631
 42
-0.050502
  0
VERTEX
  8
0
 10
499.151561
 20
411.041085
 42
-0.074139
  0
VERTEX
  8
0
 10
500.904692
 20
411.756822
 42
-0.059972
  0
VERTEX
  8
0
 10
502.924816
 20
412.000000
 42
0.000000
  0
VERTEX
  8
0
 10
506.424816
 20
412.000000
 42
0.000000
  0
SEQEND
  0
POLYLINE
  8
0
 66
1
 70
1
  0
VERTEX
  8
0
 10
509.500000
 20
407.000000
 42
-0.013881
  0
VERTEX
  8
0
 10
506.775541
 20
404.383369
 42
-0.050502
  0
VERTEX
  8
0
 10
504.848439
 20
402.958915
 42
-0.074139
  0
VERTEX
  8
0
 10
503.095308
 20
402.243178
 42
-0.059972
  0
VERTEX
  8
0
 10
501.075184
 20
402.000000
 42
0.000000
  0
VERTEX
  8
0
 10
497.575184
 20
402.000000
 42
0.000000
  0
VERTEX
  8
0
 10
502.500000
 20
407.000000
 42
-0.013881
  0
VERTEX
  8
0
 10
505.224459
 20
409.616631
 42
-0.050502
  0
VERTEX
  8
0
 10
507.151561
 20
411.041085
 42
-0.074139
  0
VERTEX
  8
0
 10
508.904692
 20
411.756822
 42
-0.059972
  0
VERTEX
  8
0
 10
510.924816
 20
412.000000
 42
0.000000
  0
VERTEX
  8
0
 10
514.424816
 20
412.000000
 42
0.000000
  0
SEQEND
  0
POLYLINE
  8
0
 66
1
 70
1
  0
VERTEX
  8
0
 10
517.500000
 20
407.000000
 42
-0.013881
  0
VERTEX
  8
0
 10
514.775541
 20
404.383369
 42
-0.050502
  0
VERTEX
  8
0
 10
512.848439
 20
402.958915
 42
-0.074139
  0
VERTEX
  8
0
 10
511.095308
 20
402.243178
 42
-0.059972
  0
VERTEX
  8
0
 10
509.075184
 20
402.000000
 42
0.000000
  0
VERTEX
  8
0
 10
505.575184
 20
402.000000
 42
0.000000
  0
VERTEX
  8
0
 10
510.500000
 20
407.000000
 42
-0.013881
  0
VERTEX
  8
0
 10
513.224459
 20
409.616631
 42
-0.050502
  0
VERTEX
  8
0
 10
515.151561
 20
411.041085
 42
-0.074139
  0
VERTEX
  8
0
 10
516.904692
 20
411.756822
 42
-0.059972
  0
VERTEX
  8
0
 10
518.924816
 20
412.000000
 42
0.000000
  0
VERTEX
  8
0
 10
522.424816
 20
412.000000
 42
0.000000
  0
SEQEND
  0
POLYLINE
  8
0
 66
1
 70
1
  0
VERTEX
  8
0
 10
538.868412
 20
406.677665
 42
0.000000
  0
VERTEX
  8
0
 10
538.644670
 20
402.355330
 42
0.000000
  0
VERTEX
  8
0
 10
534.072335
 20
402.124066
 42
0.000000
  0
VERTEX
  8
0
 10
529.500000
 20
401.892803
 42
0.000000
  0
VERTEX
  8
0
 10
533.958208
 20
406.446401
 42
-0.003543
  0
VERTEX
  8
0
 10
535.691506
 20
408.191874
 42
-0.005586
  0
VERTEX
  8
0
 10
537.206066
 20
409.662380
 42
-0.001735
  0
VERTEX
  8
0
 10
538.531305
 20
410.911903
 42
-0.190384
  0
VERTEX
  8
0
 10
538.754285
 20
411.000000
 42
-0.399676
  0
VERTEX
  8
0
 10
538.883415
 20
410.877156
 42
-0.005873
  0
VERTEX
  8
0
 10
538.927180
 20
409.730314
 42
-0.012218
  0
VERTEX
  8
0
 10
538.929920
 20
408.335038
 42
-0.007312
  0
SEQEND
  0
POLYLINE
  8
0
 66
1
 70
1
  0
VERTEX
  8
0
 10
37.370316
 20
398.867191
 42
-0.015879
  0
VERTEX
  8
0
 10
35.829409
 20
397.386283
 42
-0.020624
  0
VERTEX
  8
0
 10
34.322357
 20
396.135987
 42
-0.018781
  0
VERTEX
  8
0
 10
33.009660
 20
395.211174
 42
-0.145052
  0
VERTEX
  8
0
 10
32.297052
 20
395.000000
 42
-0.339416
  0
VERTEX
  8
0
 10
31.146741
 20
395.882539
 42
-0.155899
  0
VERTEX
  8
0
 10
31.241722
 20
397.886054
 42
-0.070476
  0
VERTEX
  8
0
 10
32.888770
 20
400.919679
 42
-0.034605
  0
VERTEX
  8
0
 10
35.750000
 20
404.266740
 42
0.000000
  0
VERTEX
  8
0
 10
40.500000
 20
409.102178
 42
0.000000
  0
VERTEX
  8
0
 10
40.823264
 20
405.918281
 42
-0.058057
  0
VERTEX
  8
0
 10
40.796765
 20
404.127815
 42
-0.081327
  0
VERTEX
  8
0
 10
40.335475
 20
402.599198
 42
-0.060429
  0
VERTEX
  8
0
 10
39.291006
 20
400.991311
 42
-0.019177
  0
SEQEND
  0
POLYLINE
  8
0
 66
1
 70
1
  0
VERTEX
  8
0
 10
321.000000
 20
405.500000
 42
-0.022185
  0
VERTEX
  8
0
 10
320.904641
 20
403.351887
 42
-0.182984
  0
VERTEX
  8
0
 10
320.485988
 20
402.486732
 42
-0.172066
  0
VERTEX
  8
0
 10
319.585302
 20
402.087370
 42
-0.019141
  0
VERTEX
  8
0
 10
317.303833
 20
402.000000
 42
0.000000
  0
VERTEX
  8
0
 10
313.607666
 20
402.000000
 42
0.000000
  0
VERTEX
  8
0
 10
317.000000
 20
405.500000
 42
-0.004184
  0
VERTEX
  8
0
 10
318.322216
 20
406.841534
 42
-0.006534
  0
VERTEX
  8
0
 10
319.485087
 20
407.971875
 42
-0.002347
  0
VERTEX
  8
0
 10
320.498161
 20
408.922202
 42
-0.189406
  0
VERTEX
  8
0
 10
320.696167
 20
409.000000
 42
-0.380905
  0
VERTEX
  8
0
 10
320.817698
 20
408.891704
 42
-0.007113
  0
VERTEX
  8
0
 10
320.910749
 20
407.971875
 42
-0.013507
  0
VERTEX
  8
0
 10
320.978147
 20
406.841983
 42
-0.008142
  0
SEQEND
  0
POLYLINE
  8
0
 66
1
 70
1
  0
VERTEX
  8
0
 10
421.000000
 20
403.500000
 42
-0.107348
  0
VERTEX
  8
0
 10
420.875699
 20
402.927707
 42
-0.099536
  0
VERTEX
  8
0
 10
420.523407
 20
402.440625
 42
-0.095788
  0
VERTEX
  8
0
 10
419.996941
 20
402.114059
 42
-0.091307
  0
VERTEX
  8
0
 10
419.377555
 20
402.000000
 42
-0.035496
  0
VERTEX
  8
0
 10
418.565314
 20
402.057736
 42
-0.304492
  0
VERTEX
  8
0
 10
418.308142
 20
402.289310
 42
-0.217533
  0
VERTEX
  8
0
 10
418.381629
 20
402.689039
 42
-0.020633
  0
VERTEX
  8
0
 10
419.000000
 20
403.500000
 42
-0.013852
  0
VERTEX
  8
0
 10
419.504355
 20
404.074554
 42
-0.019119
  0
VERTEX
  8
0
 10
419.990110
 20
404.559375
 42
-0.016008
  0
VERTEX
  8
0
 10
420.412416
 20
404.925448
 42
-0.172217
  0
VERTEX
  8
0
 10
420.622445
 20
405.000000
 42
-0.294983
  0
VERTEX
  8
0
 10
420.768578
 20
404.905570
 42
-0.044235
  0
VERTEX
  8
0
 10
420.889093
 20
404.559375
 42
-0.037907
  0
VERTEX
  8
0
 10
420.972666
 20
404.074850
 42
-0.023761
  0
SEQEND
  0
POLYLINE
  8
0
 66
1
 70
1
  0
VERTEX
  8
0
 10
41.000000
 20
398.000000
 42
-0.031162
  0
VERTEX
  8
0
 10
40.893327
 20
396.290099
 42
-0.174494
  0
VERTEX
  8
0
 10
40.484409
 20
395.485324
 42
-0.163634
  0
VERTEX
  8
0
 10
39.640028
 20
395.097280
 42
-0.026602
  0
VERTEX
  8
0
 10
37.812909
 20
395.000000
 42
0.000000
  0
VERTEX
  8
0
 10
34.625818
 20
395.000000
 42
0.000000
  0
VERTEX
  8
0
 10
37.500000
 20
398.000000
 42
-0.005081
  0
VERTEX
  8
0
 10
38.624204
 20
399.149798
 42
-0.007831
  0
VERTEX
  8
0
 10
39.621808
 20
400.118750
 42
-0.003317
  0
VERTEX
  8
0
 10
40.486588
 20
400.922013
 42
-0.187632
  0
VERTEX
  8
0
 10
40.687091
 20
401.000000
 42
-0.372580
  0
VERTEX
  8
0
 10
40.811623
 20
400.892246
 42
-0.010070
  0
VERTEX
  8
0
 10
40.908083
 20
400.118750
 42
-0.016197
  0
VERTEX
  8
0
 10
40.977485
 20
399.150236
 42
-0.009786
  0
SEQEND
  0
POLYLINE
  8
0
 66
1
 70
1
  0
VERTEX
  8
0
 10
295.074385
 20
392.629940
 42
0.000000
  0
VERTEX
  8
0
 10
293.000000
 20
390.555556
 42
0.000000
  0
VERTEX
  8
0
 10
293.000000
 20
393.949037
 42
-0.044520
  0
VERTEX
  8
0
 10
293.128658
 20
395.391137
 42
-0.034688
  0
VERTEX
  8
0
 10
293.514063
 20
396.917625
 42
-0.035682
  0
VERTEX
  8
0
 10
294.078852
 20
398.299514
 42
-0.068313
  0
VERTEX
  8
0
 10
294.750000
 20
399.289555
 42
-0.013511
  0
VERTEX
  8
0
 10
295.893063
 20
400.494199
 42
-0.351207
  0
VERTEX
  8
0
 10
296.309455
 20
400.539810
 42
-0.223081
  0
VERTEX
  8
0
 10
296.582186
 20
400.109995
 42
-0.006864
  0
VERTEX
  8
0
 10
296.824385
 20
397.970458
 42
-0.042169
  0
VERTEX
  8
0
 10
296.847935
 20
396.368954
 42
-0.061847
  0
VERTEX
  8
0
 10
296.577869
 20
394.987958
 42
-0.064866
  0
VERTEX
  8
0
 10
295.992059
 20
393.763404
 42
-0.052458
  0
SEQEND
  0
POLYLINE
  8
0
 66
1
 70
1
  0
VERTEX
  8
0
 10
29.744860
 20
364.196806
 42
-0.042812
  0
VERTEX
  8
0
 10
29.627108
 20
363.213691
 42
-0.888327
  0
VERTEX
  8
0
 10
29.514897
 20
363.223437
 42
-0.006527
  0
VERTEX
  8
0
 10
29.439256
 20
367.323219
 42
-0.001369
  0
VERTEX
  8
0
 10
29.420187
 20
374.500000
 42
-0.001336
  0
VERTEX
  8
0
 10
29.439919
 20
381.667841
 42
-0.007053
  0
VERTEX
  8
0
 10
29.516695
 20
385.598437
 42
-0.918240
  0
VERTEX
  8
0
 10
29.627791
 20
385.604170
 42
-0.026319
  0
VERTEX
  8
0
 10
29.746468
 20
384.196806
 42
-0.004891
  0
VERTEX
  8
0
 10
29.847449
 20
379.548406
 42
-0.003005
  0
VERTEX
  8
0
 10
29.879923
 20
374.071739
 42
-0.003012
  0
VERTEX
  8
0
 10
29.846839
 20
368.652668
 42
-0.005377
  0
SEQEND
  0
POLYLINE
  8
0
 66
1
 70
1
  0
VERTEX
  8
0
 10
32.909607
 20
374.500000
 42
-0.004039
  0
VERTEX
  8
0
 10
32.831616
 20
366.679062
 42
-0.007955
  0
VERTEX
  8
0
 10
32.620551
 20
360.466313
 42
-0.002788
  0
VERTEX
  8
0
 10
32.338140
 20
355.378002
 42
-0.396452
  0
VERTEX
  8
0
 10
31.936338
 20
355.000000
 42
-0.396971
  0
VERTEX
  8
0
 10
31.534444
 20
355.378770
 42
-0.002811
  0
VERTEX
  8
0
 10
31.262004
 20
360.456452
 42
-0.007973
  0
VERTEX
  8
0
 10
31.063020
 20
366.665918
 42
-0.004022
  0
VERTEX
  8
0
 10
31.000000
 20
374.500000
 42
-0.003837
  0
VERTEX
  8
0
 10
31.062164
 20
382.600398
 42
-0.008631
  0
VERTEX
  8
0
 10
31.262478
 20
388.741109
 42
-0.003565
  0
VERTEX
  8
0
 10
31.539337
 20
393.593040
 42
-0.395553
  0
VERTEX
  8
0
 10
31.973269
 20
394.000000
 42
-0.396066
  0
VERTEX
  8
0
 10
32.407214
 20
393.592304
 42
-0.003594
  0
VERTEX
  8
0
 10
32.674592
 20
388.750595
 42
-0.008648
  0
VERTEX
  8
0
 10
32.862973
 20
382.613366
 42
-0.003821
  0
SEQEND
  0
POLYLINE
  8
0
 66
1
 70
1
  0
VERTEX
  8
0
 10
41.000000
 20
374.500000
 42
0.000000
  0
VERTEX
  8
0
 10
41.000000
 20
355.000000
 42
0.000000
  0
VERTEX
  8
0
 10
38.250000
 20
355.015313
 42
-0.011037
  0
VERTEX
  8
0
 10
36.839846
 20
355.054300
 42
-0.157541
  0
VERTEX
  8
0
 10
36.375411
 20
355.230296
 42
-0.457887
  0
VERTEX
  8
0
 10
36.364719
 20
355.517066
 42
-0.042119
  0
VERTEX
  8
0
 10
37.000000
 20
356.015313
 42
0.036609
  0
VERTEX
  8
0
 10
37.675051
 20
356.532856
 42
0.170932
  0
VERTEX
  8
0
 10
37.908550
 20
356.955305
 42
0.227518
  0
VERTEX
  8
0
 10
37.793367
 20
357.354247
 42
0.066873
  0
VERTEX
  8
0
 10
37.296341
 20
357.780377
 42
-0.221676
  0
VERTEX
  8
0
 10
36.700977
 20
358.731488
 42
-0.010525
  0
VERTEX
  8
0
 10
36.307713
 20
362.575597
 42
-0.012193
  0
VERTEX
  8
0
 10
35.997000
 20
368.067792
 42
-0.003852
  0
VERTEX
  8
0
 10
35.796341
 20
376.281613
 42
0.000000
  0
VERTEX
  8
0
 10
35.500000
 20
394.002473
 42
0.000000
  0
VERTEX
  8
0
 10
38.250000
 20
394.001236
 42
0.000000
  0
VERTEX
  8
0
 10
41.000000
 20
394.000000
 42
0.000000
  0
SEQEND
  0
POLYLINE
  8
0
 66
1
 70
1
  0
VERTEX
  8
0
 10
42.744860
 20
364.196806
 42
-0.042812
  0
VERTEX
  8
0
 10
42.627108
 20
363.213691
 42
-0.888327
  0
VERTEX
  8
0
 10
42.514897
 20
363.223437
 42
-0.006527
  0
VERTEX
  8
0
 10
42.439256
 20
367.323219
 42
-0.001369
  0
VERTEX
  8
0
 10
42.420187
 20
374.500000
 42
-0.001336
  0
VERTEX
  8
0
 10
42.439919
 20
381.667841
 42
-0.007053
  0
VERTEX
  8
0
 10
42.516695
 20
385.598437
 42
-0.918240
  0
VERTEX
  8
0
 10
42.627791
 20
385.604170
 42
-0.026319
  0
VERTEX
  8
0
 10
42.746468
 20
384.196806
 42
-0.004891
  0
VERTEX
  8
0
 10
42.847449
 20
379.548406
 42
-0.003005
  0
VERTEX
  8
0
 10
42.879923
 20
374.071739
 42
-0.003012
  0
VERTEX
  8
0
 10
42.846839
 20
368.652668
 42
-0.005377
  0
SEQEND
  0
POLYLINE
  8
0
 66
1
 70
1
  0
VERTEX
  8
0
 10
295.074385
 20
384.629940
 42
0.000000
  0
VERTEX
  8
0
 10
293.000000
 20
382.555556
 42
0.000000
  0
VERTEX
  8
0
 10
293.000000
 20
385.949037
 42
-0.044520
  0
VERTEX
  8
0
 10
293.128658
 20
387.391137
 42
-0.034688
  0
VERTEX
  8
0
 10
293.514063
 20
388.917625
 42
-0.035682
  0
VERTEX
  8
0
 10
294.078852
 20
390.299514
 42
-0.068313
  0
VERTEX
  8
0
 10
294.750000
 20
391.289555
 42
-0.013511
  0
VERTEX
  8
0
 10
295.893063
 20
392.494199
 42
-0.351207
  0
VERTEX
  8
0
 10
296.309455
 20
392.539810
 42
-0.223081
  0
VERTEX
  8
0
 10
296.582186
 20
392.109995
 42
-0.006864
  0
VERTEX
  8
0
 10
296.824385
 20
389.970458
 42
-0.042169
  0
VERTEX
  8
0
 10
296.847935
 20
388.368954
 42
-0.061847
  0
VERTEX
  8
0
 10
296.577869
 20
386.987958
 42
-0.064866
  0
VERTEX
  8
0
 10
295.992059
 20
385.763404
 42
-0.052458
  0
SEQEND
  0
POLYLINE
  8
0
 66
1
 70
1
  0
VERTEX
  8
0
 10
770.000000
 20
387.559017
 42
-0.151918
  0
VERTEX
  8
0
 10
769.934461
 20
387.348290
 42
-0.038439
  0
VERTEX
  8
0
 10
769.706250
 20
387.066025
 42
-0.035638
  0
VERTEX
  8
0
 10
769.382774
 20
386.768994
 42
-0.029505
  0
VERTEX
  8
0
 10
769.000000
 20
386.500000
 42
-0.082592
  0
VERTEX
  8
0
 10
768.617900
 20
386.343488
 42
-0.161196
  0
VERTEX
  8
0
 10
768.293750
 20
386.374600
 42
-0.182303
  0
VERTEX
  8
0
 10
768.078288
 20
386.586039
 42
-0.108972
  0
VERTEX
  8
0
 10
768.000000
 20
386.940983
 42
-0.093332
  0
VERTEX
  8
0
 10
768.076123
 20
387.345238
 42
-0.096420
  0
VERTEX
  8
0
 10
768.293750
 20
387.688914
 42
-0.099167
  0
VERTEX
  8
0
 10
768.618444
 20
387.918938
 42
-0.105053
  0
VERTEX
  8
0
 10
769.000000
 20
388.000000
 42
-0.042167
  0
VERTEX
  8
0
 10
769.382849
 20
387.967655
 42
-0.061769
  0
VERTEX
  8
0
 10
769.706250
 20
387.870461
 42
-0.081139
  0
VERTEX
  8
0
 10
769.925540
 20
387.727648
 42
-0.210953
  0
SEQEND
  0
POLYLINE
  8
0
 66
1
 70
1
  0
VERTEX
  8
0
 10
778.791859
 20
384.000000
 42
-0.060519
  0
VERTEX
  8
0
 10
778.712135
 20
381.886041
 42
-0.093053
  0
VERTEX
  8
0
 10
778.096055
 20
380.167178
 42
-0.055463
  0
VERTEX
  8
0
 10
776.652030
 20
378.229900
 42
-0.010238
  0
VERTEX
  8
0
 10
773.541859
 20
375.034160
 42
0.000000
  0
VERTEX
  8
0
 10
768.000000
 20
369.568320
 42
0.000000
  0
VERTEX
  8
0
 10
768.000000
 20
373.002715
 42
-0.065510
  0
VERTEX
  8
0
 10
768.263274
 20
375.003511
 42
-0.067122
  0
VERTEX
  8
0
 10
769.034781
 20
376.850351
 42
-0.044709
  0
VERTEX
  8
0
 10
770.542858
 20
378.966749
 42
-0.012719
  0
VERTEX
  8
0
 10
773.250000
 20
381.968101
 42
0.000000
  0
VERTEX
  8
0
 10
778.500000
 20
387.499093
 42
0.000000
  0
VERTEX
  8
0
 10
773.250000
 20
382.537139
 42
0.000000
  0
VERTEX
  8
0
 10
768.000000
 20
377.575184
 42
0.000000
  0
VERTEX
  8
0
 10
768.000000
 20
380.958851
 42
-0.073967
  0
VERTEX
  8
0
 10
768.461205
 20
384.059431
 42
-0.125145
  0
VERTEX
  8
0
 10
769.813258
 20
386.293033
 42
-0.131049
  0
VERTEX
  8
0
 10
772.016001
 20
387.545084
 42
-0.085234
  0
VERTEX
  8
0
 10
774.948887
 20
387.798508
 42
-0.025994
  0
VERTEX
  8
0
 10
777.023782
 20
387.514909
 42
-0.149030
  0
VERTEX
  8
0
 10
777.995504
 20
387.004444
 42
-0.151164
  0
VERTEX
  8
0
 10
778.509940
 20
386.042664
 42
-0.026983
  0
SEQEND
  0
POLYLINE
  8
0
 66
1
 70
1
  0
VERTEX
  8
0
 10
295.074385
 20
376.629940
 42
0.000000
  0
VERTEX
  8
0
 10
293.000000
 20
374.555556
 42
0.000000
  0
VERTEX
  8
0
 10
293.000000
 20
377.949037
 42
-0.044520
  0
VERTEX
  8
0
 10
293.128658
 20
379.391137
 42
-0.034688
  0
VERTEX
  8
0
 10
293.514063
 20
380.917625
 42
-0.035682
  0
VERTEX
  8
0
 10
294.078852
 20
382.299514
 42
-0.068313
  0
VERTEX
  8
0
 10
294.750000
 20
383.289555
 42
-0.013511
  0
VERTEX
  8
0
 10
295.893063
 20
384.494199
 42
-0.351207
  0
VERTEX
  8
0
 10
296.309455
 20
384.539810
 42
-0.223081
  0
VERTEX
  8
0
 10
296.582186
 20
384.109995
 42
-0.006864
  0
VERTEX
  8
0
 10
296.824385
 20
381.970458
 42
-0.042169
  0
VERTEX
  8
0
 10
296.847935
 20
380.368954
 42
-0.061847
  0
VERTEX
  8
0
 10
296.577869
 20
378.987958
 42
-0.064866
  0
VERTEX
  8
0
 10
295.992059
 20
377.763404
 42
-0.052458
  0
SEQEND
  0
POLYLINE
  8
0
 66
1
 70
1
  0
VERTEX
  8
0
 10
773.575558
 20
367.097297
 42
0.000000
  0
VERTEX
  8
0
 10
768.000000
 20
361.521739
 42
0.000000
  0
VERTEX
  8
0
 10
768.000000
 20
364.979424
 42
-0.063842
  0
VERTEX
  8
0
 10
768.258137
 20
366.992874
 42
-0.071008
  0
VERTEX
  8
0
 10
769.014888
 20
368.798850
 42
-0.047074
  0
VERTEX
  8
0
 10
770.511953
 20
370.840702
 42
-0.012801
  0
VERTEX
  8
0
 10
773.250000
 20
373.766073
 42
0.000000
  0
VERTEX
  8
0
 10
778.500000
 20
379.095037
 42
0.000000
  0
VERTEX
  8
0
 10
778.825558
 20
375.883946
 42
-0.071966
  0
VERTEX
  8
0
 10
778.742812
 20
373.944719
 42
-0.088291
  0
VERTEX
  8
0
 10
778.100952
 20
372.252074
 42
-0.051438
  0
VERTEX
  8
0
 10
776.624495
 20
370.274670
 42
-0.010313
  0
SEQEND
  0
POLYLINE
  8
0
 66
1
 70
1
  0
VERTEX
  8
0
 10
295.074385
 20
368.629940
 42
0.000000
  0
VERTEX
  8
0
 10
293.000000
 20
366.555556
 42
0.000000
  0
VERTEX
  8
0
 10
293.000000
 20
369.949037
 42
-0.044520
  0
VERTEX
  8
0
 10
293.128658
 20
371.391137
 42
-0.034688
  0
VERTEX
  8
0
 10
293.514063
 20
372.917625
 42
-0.035682
  0
VERTEX
  8
0
 10
294.078852
 20
374.299514
 42
-0.068313
  0
VERTEX
  8
0
 10
294.750000
 20
375.289555
 42
-0.013511
  0
VERTEX
  8
0
 10
295.893063
 20
376.494199
 42
-0.351207
  0
VERTEX
  8
0
 10
296.309455
 20
376.539810
 42
-0.223081
  0
VERTEX
  8
0
 10
296.582186
 20
376.109995
 42
-0.006864
  0
VERTEX
  8
0
 10
296.824385
 20
373.970458
 42
-0.042169
  0
VERTEX
  8
0
 10
296.847935
 20
372.368954
 42
-0.061847
  0
VERTEX
  8
0
 10
296.577869
 20
370.987958
 42
-0.064866
  0
VERTEX
  8
0
 10
295.992059
 20
369.763404
 42
-0.052458
  0
SEQEND
  0
POLYLINE
  8
0
 66
1
 70
1
  0
VERTEX
  8
0
 10
773.575558
 20
359.097297
 42
0.000000
  0
VERTEX
  8
0
 10
768.000000
 20
353.521739
 42
0.000000
  0
VERTEX
  8
0
 10
768.000000
 20
356.844888
 42
-0.069474
  0
VERTEX
  8
0
 10
768.269643
 20
358.776112
 42
-0.064746
  0
VERTEX
  8
0
 10
769.059747
 20
360.610201
 42
-0.043294
  0
VERTEX
  8
0
 10
770.580669
 20
362.728905
 42
-0.012943
  0
VERTEX
  8
0
 10
773.250000
 20
365.681673
 42
0.000000
  0
VERTEX
  8
0
 10
778.500000
 20
371.195310
 42
0.000000
  0
VERTEX
  8
0
 10
778.825558
 20
367.934083
 42
-0.069844
  0
VERTEX
  8
0
 10
778.746759
 20
365.963437
 42
-0.089399
  0
VERTEX
  8
0
 10
778.111933
 20
364.265303
 42
-0.052137
  0
VERTEX
  8
0
 10
776.641749
 20
362.291741
 42
-0.010242
  0
SEQEND
  0
POLYLINE
  8
0
 66
1
 70
1
  0
VERTEX
  8
0
 10
295.074385
 20
360.629940
 42
0.000000
  0
VERTEX
  8
0
 10
293.000000
 20
358.555556
 42
0.000000
  0
VERTEX
  8
0
 10
293.000000
 20
361.949037
 42
-0.044520
  0
VERTEX
  8
0
 10
293.128658
 20
363.391137
 42
-0.034688
  0
VERTEX
  8
0
 10
293.514063
 20
364.917625
 42
-0.035682
  0
VERTEX
  8
0
 10
294.078852
 20
366.299514
 42
-0.068313
  0
VERTEX
  8
0
 10
294.750000
 20
367.289555
 42
-0.013511
  0
VERTEX
  8
0
 10
295.893063
 20
368.494199
 42
-0.351207
  0
VERTEX
  8
0
 10
296.309455
 20
368.539810
 42
-0.223081
  0
VERTEX
  8
0
 10
296.582186
 20
368.109995
 42
-0.006864
  0
VERTEX
  8
0
 10
296.824385
 20
365.970458
 42
-0.042169
  0
VERTEX
  8
0
 10
296.847935
 20
364.368954
 42
-0.061847
  0
VERTEX
  8
0
 10
296.577869
 20
362.987958
 42
-0.064866
  0
VERTEX
  8
0
 10
295.992059
 20
361.763404
 42
-0.052458
  0
SEQEND
  0
POLYLINE
  8
0
 66
1
 70
1
  0
VERTEX
  8
0
 10
773.575558
 20
351.097297
 42
0.000000
  0
VERTEX
  8
0
 10
768.000000
 20
345.521739
 42
0.000000
  0
VERTEX
  8
0
 10
768.000000
 20
348.979424
 42
-0.063842
  0
VERTEX
  8
0
 10
768.258137
 20
350.992874
 42
-0.071008
  0
VERTEX
  8
0
 10
769.014888
 20
352.798850
 42
-0.047074
  0
VERTEX
  8
0
 10
770.511953
 20
354.840702
 42
-0.012801
  0
VERTEX
  8
0
 10
773.250000
 20
357.766073
 42
0.000000
  0
VERTEX
  8
0
 10
778.500000
 20
363.095037
 42
0.000000
  0
VERTEX
  8
0
 10
778.825558
 20
359.883946
 42
-0.071966
  0
VERTEX
  8
0
 10
778.742812
 20
357.944719
 42
-0.088291
  0
VERTEX
  8
0
 10
778.100952
 20
356.252074
 42
-0.051438
  0
VERTEX
  8
0
 10
776.624495
 20
354.274670
 42
-0.010313
  0
SEQEND
  0
POLYLINE
  8
0
 66
1
 70
1
  0
VERTEX
  8
0
 10
295.074385
 20
352.629940
 42
0.000000
  0
VERTEX
  8
0
 10
293.000000
 20
350.555556
 42
0.000000
  0
VERTEX
  8
0
 10
293.000000
 20
353.949037
 42
-0.044520
  0
VERTEX
  8
0
 10
293.128658
 20
355.391137
 42
-0.034688
  0
VERTEX
  8
0
 10
293.514063
 20
356.917625
 42
-0.035682
  0
VERTEX
  8
0
 10
294.078852
 20
358.299514
 42
-0.068313
  0
VERTEX
  8
0
 10
294.750000
 20
359.289555
 42
-0.013511
  0
VERTEX
  8
0
 10
295.893063
 20
360.494199
 42
-0.351207
  0
VERTEX
  8
0
 10
296.309455
 20
360.539810
 42
-0.223081
  0
VERTEX
  8
0
 10
296.582186
 20
360.109995
 42
-0.006864
  0
VERTEX
  8
0
 10
296.824385
 20
357.970458
 42
-0.042169
  0
VERTEX
  8
0
 10
296.847935
 20
356.368954
 42
-0.061847
  0
VERTEX
  8
0
 10
296.577869
 20
354.987958
 42
-0.064866
  0
VERTEX
  8
0
 10
295.992059
 20
353.763404
 42
-0.052458
  0
SEQEND
  0
POLYLINE
  8
0
 66
1
 70
1
  0
VERTEX
  8
0
 10
773.575558
 20
343.097297
 42
0.000000
  0
VERTEX
  8
0
 10
768.000000
 20
337.521739
 42
0.000000
  0
VERTEX
  8
0
 10
768.000000
 20
340.979424
 42
-0.063842
  0
VERTEX
  8
0
 10
768.258137
 20
342.992874
 42
-0.071008
  0
VERTEX
  8
0
 10
769.014888
 20
344.798850
 42
-0.047074
  0
VERTEX
  8
0
 10
770.511953
 20
346.840702
 42
-0.012801
  0
VERTEX
  8
0
 10
773.250000
 20
349.766073
 42
0.000000
  0
VERTEX
  8
0
 10
778.500000
 20
355.095037
 42
0.000000
  0
VERTEX
  8
0
 10
778.825558
 20
351.883946
 42
-0.071966
  0
VERTEX
  8
0
 10
778.742812
 20
349.944719
 42
-0.088291
  0
VERTEX
  8
0
 10
778.100952
 20
348.252074
 42
-0.051438
  0
VERTEX
  8
0
 10
776.624495
 20
346.274670
 42
-0.010313
  0
SEQEND
  0
POLYLINE
  8
0
 66
1
 70
1
  0
VERTEX
  8
0
 10
40.793048
 20
350.000000
 42
-0.056770
  0
VERTEX
  8
0
 10
40.730796
 20
347.917510
 42
-0.092306
  0
VERTEX
  8
0
 10
40.163523
 20
346.247160
 42
-0.058622
  0
VERTEX
  8
0
 10
38.833979
 20
344.418248
 42
-0.011940
  0
VERTEX
  8
0
 10
36.043048
 20
341.537592
 42
0.000000
  0
VERTEX
  8
0
 10
31.000000
 20
336.575184
 42
0.000000
  0
VERTEX
  8
0
 10
31.000000
 20
340.003243
 42
-0.062340
  0
VERTEX
  8
0
 10
31.244802
 20
341.959047
 42
-0.065713
  0
VERTEX
  8
0
 10
31.963503
 20
343.757000
 42
-0.046350
  0
VERTEX
  8
0
 10
33.347099
 20
345.761505
 42
-0.014907
  0
VERTEX
  8
0
 10
35.750000
 20
348.465030
 42
0.000000
  0
VERTEX
  8
0
 10
40.500000
 20
353.498758
 42
0.000000
  0
VERTEX
  8
0
 10
35.696401
 20
348.999379
 42
0.000000
  0
VERTEX
  8
0
 10
30.892803
 20
344.500000
 42
0.000000
  0
VERTEX
  8
0
 10
31.126278
 20
349.115066
 42
0.000000
  0
VERTEX
  8
0
 10
31.359753
 20
353.730133
 42
0.000000
  0
VERTEX
  8
0
 10
35.929877
 20
353.615066
 42
-0.013429
  0
VERTEX
  8
0
 10
38.830314
 20
353.464026
 42
-0.141012
  0
VERTEX
  8
0
 10
39.932046
 20
353.050514
 42
-0.186914
  0
VERTEX
  8
0
 10
40.493173
 20
352.159461
 42
-0.027232
  0
SEQEND
  0
POLYLINE
  8
0
 66
1
 70
1
  0
VERTEX
  8
0
 10
295.074385
 20
344.629940
 42
0.000000
  0
VERTEX
  8
0
 10
293.000000
 20
342.555556
 42
0.000000
  0
VERTEX
  8
0
 10
293.000000
 20
345.949037
 42
-0.044520
  0
VERTEX
  8
0
 10
293.128658
 20
347.391137
 42
-0.034688
  0
VERTEX
  8
0
 10
293.514063
 20
348.917625
 42
-0.035682
  0
VERTEX
  8
0
 10
294.078852
 20
350.299514
 42
-0.068313
  0
VERTEX
  8
0
 10
294.750000
 20
351.289555
 42
-0.013511
  0
VERTEX
  8
0
 10
295.893063
 20
352.494199
 42
-0.351207
  0
VERTEX
  8
0
 10
296.309455
 20
352.539810
 42
-0.223081
  0
VERTEX
  8
0
 10
296.582186
 20
352.109995
 42
-0.006864
  0
VERTEX
  8
0
 10
296.824385
 20
349.970458
 42
-0.042169
  0
VERTEX
  8
0
 10
296.847935
 20
348.368954
 42
-0.061847
  0
VERTEX
  8
0
 10
296.577869
 20
346.987958
 42
-0.064866
  0
VERTEX
  8
0
 10
295.992059
 20
345.763404
 42
-0.052458
  0
SEQEND
  0
POLYLINE
  8
0
 66
1
 70
1
  0
VERTEX
  8
0
 10
773.575558
 20
335.097297
 42
0.000000
  0
VERTEX
  8
0
 10
768.000000
 20
329.521739
 42
0.000000
  0
VERTEX
  8
0
 10
768.000000
 20
332.979424
 42
-0.063842
  0
VERTEX
  8
0
 10
768.258137
 20
334.992874
 42
-0.071008
  0
VERTEX
  8
0
 10
769.014888
 20
336.798850
 42
-0.047074
  0
VERTEX
  8
0
 10
770.511953
 20
338.840702
 42
-0.012801
  0
VERTEX
  8
0
 10
773.250000
 20
341.766073
 42
0.000000
  0
VERTEX
  8
0
 10
778.500000
 20
347.095037
 42
0.000000
  0
VERTEX
  8
0
 10
778.825558
 20
343.883946
 42
-0.071966
  0
VERTEX
  8
0
 10
778.742812
 20
341.944719
 42
-0.088291
  0
VERTEX
  8
0
 10
778.100952
 20
340.252074
 42
-0.051438
  0
VERTEX
  8
0
 10
776.624495
 20
338.274670
 42
-0.010313
  0
SEQEND
  0
POLYLINE
  8
0
 66
1
 70
1
  0
VERTEX
  8
0
 10
36.075486
 20
333.599296
 42
0.000000
  0
VERTEX
  8
0
 10
31.000000
 20
328.523810
 42
0.000000
  0
VERTEX
  8
0
 10
31.000000
 20
331.977556
 42
-0.060561
  0
VERTEX
  8
0
 10
31.239608
 20
333.948552
 42
-0.069715
  0
VERTEX
  8
0
 10
31.943844
 20
335.705849
 42
-0.049032
  0
VERTEX
  8
0
 10
33.317484
 20
337.636724
 42
-0.015041
  0
VERTEX
  8
0
 10
35.750000
 20
340.266740
 42
0.000000
  0
VERTEX
  8
0
 10
40.500000
 20
345.102178
 42
0.000000
  0
VERTEX
  8
0
 10
40.825486
 20
341.888480
 42
-0.067581
  0
VERTEX
  8
0
 10
40.760517
 20
339.979469
 42
-0.088072
  0
VERTEX
  8
0
 10
40.170847
 20
338.336920
 42
-0.054366
  0
VERTEX
  8
0
 10
38.813767
 20
336.471666
 42
-0.011948
  0
SEQEND
  0
POLYLINE
  8
0
 66
1
 70
1
  0
VERTEX
  8
0
 10
295.074385
 20
336.629940
 42
0.000000
  0
VERTEX
  8
0
 10
293.000000
 20
334.555556
 42
0.000000
  0
VERTEX
  8
0
 10
293.000000
 20
337.949037
 42
-0.044520
  0
VERTEX
  8
0
 10
293.128658
 20
339.391137
 42
-0.034688
  0
VERTEX
  8
0
 10
293.514063
 20
340.917625
 42
-0.035682
  0
VERTEX
  8
0
 10
294.078852
 20
342.299514
 42
-0.068313
  0
VERTEX
  8
0
 10
294.750000
 20
343.289555
 42
-0.013511
  0
VERTEX
  8
0
 10
295.893063
 20
344.494199
 42
-0.351207
  0
VERTEX
  8
0
 10
296.309455
 20
344.539810
 42
-0.223081
  0
VERTEX
  8
0
 10
296.582186
 20
344.109995
 42
-0.006864
  0
VERTEX
  8
0
 10
296.824385
 20
341.970458
 42
-0.042169
  0
VERTEX
  8
0
 10
296.847935
 20
340.368954
 42
-0.061847
  0
VERTEX
  8
0
 10
296.577869
 20
338.987958
 42
-0.064866
  0
VERTEX
  8
0
 10
295.992059
 20
337.763404
 42
-0.052458
  0
SEQEND
  0
POLYLINE
  8
0
 66
1
 70
1
  0
VERTEX
  8
0
 10
773.575558
 20
327.097297
 42
0.000000
  0
VERTEX
  8
0
 10
768.000000
 20
321.521739
 42
0.000000
  0
VERTEX
  8
0
 10
768.000000
 20
324.979424
 42
-0.063842
  0
VERTEX
  8
0
 10
768.258137
 20
326.992874
 42
-0.071008
  0
VERTEX
  8
0
 10
769.014888
 20
328.798850
 42
-0.047074
  0
VERTEX
  8
0
 10
770.511953
 20
330.840702
 42
-0.012801
  0
VERTEX
  8
0
 10
773.250000
 20
333.766073
 42
0.000000
  0
VERTEX
  8
0
 10
778.500000
 20
339.095037
 42
0.000000
  0
VERTEX
  8
0
 10
778.825558
 20
335.883946
 42
-0.071966
  0
VERTEX
  8
0
 10
778.742812
 20
333.944719
 42
-0.088291
  0
VERTEX
  8
0
 10
778.100952
 20
332.252074
 42
-0.051438
  0
VERTEX
  8
0
 10
776.624495
 20
330.274670
 42
-0.010313
  0
SEQEND
  0
POLYLINE
  8
0
 66
1
 70
1
  0
VERTEX
  8
0
 10
36.865381
 20
326.362833
 42
-0.008612
  0
VERTEX
  8
0
 10
35.167338
 20
324.691239
 42
-0.012527
  0
VERTEX
  8
0
 10
33.608773
 20
323.281582
 42
-0.008092
  0
VERTEX
  8
0
 10
32.272189
 20
322.169354
 42
-0.171104
  0
VERTEX
  8
0
 10
31.791792
 20
322.000000
 42
-0.274790
  0
VERTEX
  8
0
 10
31.486565
 20
322.181448
 42
-0.053654
  0
VERTEX
  8
0
 10
31.232589
 20
322.797722
 42
-0.043371
  0
VERTEX
  8
0
 10
31.057459
 20
323.675111
 42
-0.027589
  0
VERTEX
  8
0
 10
31.000000
 20
324.715651
 42
-0.091573
  0
VERTEX
  8
0
 10
31.279726
 20
326.230173
 42
-0.049097
  0
VERTEX
  8
0
 10
32.132426
 20
327.936670
 42
-0.036838
  0
VERTEX
  8
0
 10
33.587507
 20
329.910924
 42
-0.016925
  0
VERTEX
  8
0
 10
35.750000
 20
332.266740
 42
0.000000
  0
VERTEX
  8
0
 10
40.500000
 20
337.102178
 42
0.000000
  0
VERTEX
  8
0
 10
40.823589
 20
333.913922
 42
-0.062196
  0
VERTEX
  8
0
 10
40.781189
 20
332.077501
 42
-0.084071
  0
VERTEX
  8
0
 10
40.267473
 20
330.501303
 42
-0.057720
  0
VERTEX
  8
0
 10
39.097630
 20
328.784448
 42
-0.015648
  0
SEQEND
  0
POLYLINE
  8
0
 66
1
 70
1
  0
VERTEX
  8
0
 10
295.074385
 20
328.629940
 42
0.000000
  0
VERTEX
  8
0
 10
293.000000
 20
326.555556
 42
0.000000
  0
VERTEX
  8
0
 10
293.000000
 20
329.949037
 42
-0.044520
  0
VERTEX
  8
0
 10
293.128658
 20
331.391137
 42
-0.034688
  0
VERTEX
  8
0
 10
293.514063
 20
332.917625
 42
-0.035682
  0
VERTEX
  8
0
 10
294.078852
 20
334.299514
 42
-0.068313
  0
VERTEX
  8
0
 10
294.750000
 20
335.289555
 42
-0.013511
  0
VERTEX
  8
0
 10
295.893063
 20
336.494199
 42
-0.351207
  0
VERTEX
  8
0
 10
296.309455
 20
336.539810
 42
-0.223081
  0
VERTEX
  8
0
 10
296.582186
 20
336.109995
 42
-0.006864
  0
VERTEX
  8
0
 10
296.824385
 20
333.970458
 42
-0.042169
  0
VERTEX
  8
0
 10
296.847935
 20
332.368954
 42
-0.061847
  0
VERTEX
  8
0
 10
296.577869
 20
330.987958
 42
-0.064866
  0
VERTEX
  8
0
 10
295.992059
 20
329.763404
 42
-0.052458
  0
SEQEND
  0
POLYLINE
  8
0
 66
1
 70
1
  0
VERTEX
  8
0
 10
773.575558
 20
319.097297
 42
0.000000
  0
VERTEX
  8
0
 10
768.000000
 20
313.521739
 42
0.000000
  0
VERTEX
  8
0
 10
768.000000
 20
316.844888
 42
-0.069474
  0
VERTEX
  8
0
 10
768.269643
 20
318.776112
 42
-0.064746
  0
VERTEX
  8
0
 10
769.059747
 20
320.610201
 42
-0.043294
  0
VERTEX
  8
0
 10
770.580669
 20
322.728905
 42
-0.012943
  0
VERTEX
  8
0
 10
773.250000
 20
325.681673
 42
0.000000
  0
VERTEX
  8
0
 10
778.500000
 20
331.195310
 42
0.000000
  0
VERTEX
  8
0
 10
778.825558
 20
327.934083
 42
-0.069844
  0
VERTEX
  8
0
 10
778.746759
 20
325.963437
 42
-0.089399
  0
VERTEX
  8
0
 10
778.111933
 20
324.265303
 42
-0.052137
  0
VERTEX
  8
0
 10
776.641749
 20
322.291741
 42
-0.010242
  0
SEQEND
  0
POLYLINE
  8
0
 66
1
 70
1
  0
VERTEX
  8
0
 10
41.000000
 20
325.500000
 42
-0.022185
  0
VERTEX
  8
0
 10
40.904641
 20
323.351887
 42
-0.182984
  0
VERTEX
  8
0
 10
40.485988
 20
322.486732
 42
-0.172066
  0
VERTEX
  8
0
 10
39.585302
 20
322.087370
 42
-0.019141
  0
VERTEX
  8
0
 10
37.303833
 20
322.000000
 42
0.000000
  0
VERTEX
  8
0
 10
33.607666
 20
322.000000
 42
0.000000
  0
VERTEX
  8
0
 10
37.000000
 20
325.500000
 42
-0.004184
  0
VERTEX
  8
0
 10
38.322216
 20
326.841534
 42
-0.006534
  0
VERTEX
  8
0
 10
39.485087
 20
327.971875
 42
-0.002347
  0
VERTEX
  8
0
 10
40.498161
 20
328.922202
 42
-0.189406
  0
VERTEX
  8
0
 10
40.696167
 20
329.000000
 42
-0.380905
  0
VERTEX
  8
0
 10
40.817698
 20
328.891704
 42
-0.007113
  0
VERTEX
  8
0
 10
40.910749
 20
327.971875
 42
-0.013507
  0
VERTEX
  8
0
 10
40.978147
 20
326.841983
 42
-0.008142
  0
SEQEND
  0
POLYLINE
  8
0
 66
1
 70
1
  0
VERTEX
  8
0
 10
295.074385
 20
320.629940
 42
0.000000
  0
VERTEX
  8
0
 10
293.000000
 20
318.555556
 42
0.000000
  0
VERTEX
  8
0
 10
293.000000
 20
321.949037
 42
-0.044520
  0
VERTEX
  8
0
 10
293.128658
 20
323.391137
 42
-0.034688
  0
VERTEX
  8
0
 10
293.514063
 20
324.917625
 42
-0.035682
  0
VERTEX
  8
0
 10
294.078852
 20
326.299514
 42
-0.068313
  0
VERTEX
  8
0
 10
294.750000
 20
327.289555
 42
-0.013511
  0
VERTEX
  8
0
 10
295.893063
 20
328.494199
 42
-0.351207
  0
VERTEX
  8
0
 10
296.309455
 20
328.539810
 42
-0.223081
  0
VERTEX
  8
0
 10
296.582186
 20
328.109995
 42
-0.006864
  0
VERTEX
  8
0
 10
296.824385
 20
325.970458
 42
-0.042169
  0
VERTEX
  8
0
 10
296.847935
 20
324.368954
 42
-0.061847
  0
VERTEX
  8
0
 10
296.577869
 20
322.987958
 42
-0.064866
  0
VERTEX
  8
0
 10
295.992059
 20
321.763404
 42
-0.052458
  0
SEQEND
  0
POLYLINE
  8
0
 66
1
 70
1
  0
VERTEX
  8
0
 10
773.575558
 20
311.097297
 42
0.000000
  0
VERTEX
  8
0
 10
768.000000
 20
305.521739
 42
0.000000
  0
VERTEX
  8
0
 10
768.000000
 20
308.979424
 42
-0.063842
  0
VERTEX
  8
0
 10
768.258137
 20
310.992874
 42
-0.071008
  0
VERTEX
  8
0
 10
769.014888
 20
312.798850
 42
-0.047074
  0
VERTEX
  8
0
 10
770.511953
 20
314.840702
 42
-0.012801
  0
VERTEX
  8
0
 10
773.250000
 20
317.766073
 42
0.000000
  0
VERTEX
  8
0
 10
778.500000
 20
323.095037
 42
0.000000
  0
VERTEX
  8
0
 10
778.825558
 20
319.883946
 42
-0.071966
  0
VERTEX
  8
0
 10
778.742812
 20
317.944719
 42
-0.088291
  0
VERTEX
  8
0
 10
778.100952
 20
316.252074
 42
-0.051438
  0
VERTEX
  8
0
 10
776.624495
 20
314.274670
 42
-0.010313
  0
SEQEND
  0
POLYLINE
  8
0
 66
1
 70
1
  0
VERTEX
  8
0
 10
29.744860
 20
291.196806
 42
-0.042812
  0
VERTEX
  8
0
 10
29.627108
 20
290.213691
 42
-0.888327
  0
VERTEX
  8
0
 10
29.514897
 20
290.223437
 42
-0.006527
  0
VERTEX
  8
0
 10
29.439256
 20
294.323219
 42
-0.001369
  0
VERTEX
  8
0
 10
29.420187
 20
301.500000
 42
-0.001336
  0
VERTEX
  8
0
 10
29.439919
 20
308.667841
 42
-0.007053
  0
VERTEX
  8
0
 10
29.516695
 20
312.598437
 42
-0.918240
  0
VERTEX
  8
0
 10
29.627791
 20
312.604170
 42
-0.026319
  0
VERTEX
  8
0
 10
29.746468
 20
311.196806
 42
-0.004891
  0
VERTEX
  8
0
 10
29.847449
 20
306.548406
 42
-0.003005
  0
VERTEX
  8
0
 10
29.879923
 20
301.071739
 42
-0.003012
  0
VERTEX
  8
0
 10
29.846839
 20
295.652668
 42
-0.005377
  0
SEQEND
  0
POLYLINE
  8
0
 66
1
 70
1
  0
VERTEX
  8
0
 10
32.952381
 20
301.500000
 42
-0.003823
  0
VERTEX
  8
0
 10
32.890287
 20
293.379134
 42
-0.008682
  0
VERTEX
  8
0
 10
32.689866
 20
287.243902
 42
-0.003630
  0
VERTEX
  8
0
 10
32.412632
 20
282.409145
 42
-0.395434
  0
VERTEX
  8
0
 10
31.976190
 20
282.000000
 42
-0.395434
  0
VERTEX
  8
0
 10
31.539749
 20
282.409145
 42
-0.003630
  0
VERTEX
  8
0
 10
31.262515
 20
287.243902
 42
-0.008682
  0
VERTEX
  8
0
 10
31.062094
 20
293.379134
 42
-0.003823
  0
VERTEX
  8
0
 10
31.000000
 20
301.500000
 42
-0.003823
  0
VERTEX
  8
0
 10
31.062094
 20
309.620866
 42
-0.008682
  0
VERTEX
  8
0
 10
31.262515
 20
315.756098
 42
-0.003630
  0
VERTEX
  8
0
 10
31.539749
 20
320.590855
 42
-0.395434
  0
VERTEX
  8
0
 10
31.976190
 20
321.000000
 42
-0.395434
  0
VERTEX
  8
0
 10
32.412632
 20
320.590855
 42
-0.003630
  0
VERTEX
  8
0
 10
32.689866
 20
315.756098
 42
-0.008682
  0
VERTEX
  8
0
 10
32.890287
 20
309.620866
 42
-0.003823
  0
SEQEND
  0
POLYLINE
  8
0
 66
1
 70
1
  0
VERTEX
  8
0
 10
41.000000
 20
301.500000
 42
0.000000
  0
VERTEX
  8
0
 10
41.000000
 20
282.000000
 42
0.000000
  0
VERTEX
  8
0
 10
37.750000
 20
282.116001
 42
-0.013336
  0
VERTEX
  8
0
 10
36.591885
 20
282.188301
 42
-0.069126
  0
VERTEX
  8
0
 10
35.968750
 20
282.332266
 42
-0.544712
  0
VERTEX
  8
0
 10
35.931693
 20
282.507703
 42
-0.132213
  0
VERTEX
  8
0
 10
36.250000
 20
282.689326
 42
0.092105
  0
VERTEX
  8
0
 10
37.360707
 20
283.211279
 42
0.159828
  0
VERTEX
  8
0
 10
37.955964
 20
284.026274
 42
0.294014
  0
VERTEX
  8
0
 10
37.778779
 20
284.697571
 42
0.187353
  0
VERTEX
  8
0
 10
37.000000
 20
285.000000
 42
-0.392481
  0
VERTEX
  8
0
 10
36.546244
 20
285.421038
 42
-0.004817
  0
VERTEX
  8
0
 10
36.263889
 20
289.750000
 42
-0.009815
  0
VERTEX
  8
0
 10
36.061881
 20
295.379363
 42
-0.004060
  0
VERTEX
  8
0
 10
36.000000
 20
303.000000
 42
0.000000
  0
VERTEX
  8
0
 10
36.000000
 20
321.000000
 42
0.000000
  0
VERTEX
  8
0
 10
38.500000
 20
321.000000
 42
0.000000
  0
VERTEX
  8
0
 10
41.000000
 20
321.000000
 42
0.000000
  0
SEQEND
  0
POLYLINE
  8
0
 66
1
 70
1
  0
VERTEX
  8
0
 10
42.744860
 20
291.196806
 42
-0.042812
  0
VERTEX
  8
0
 10
42.627108
 20
290.213691
 42
-0.888327
  0
VERTEX
  8
0
 10
42.514897
 20
290.223437
 42
-0.006527
  0
VERTEX
  8
0
 10
42.439256
 20
294.323219
 42
-0.001369
  0
VERTEX
  8
0
 10
42.420187
 20
301.500000
 42
-0.001336
  0
VERTEX
  8
0
 10
42.439919
 20
308.667841
 42
-0.007053
  0
VERTEX
  8
0
 10
42.516695
 20
312.598437
 42
-0.918240
  0
VERTEX
  8
0
 10
42.627791
 20
312.604170
 42
-0.026319
  0
VERTEX
  8
0
 10
42.746468
 20
311.196806
 42
-0.004891
  0
VERTEX
  8
0
 10
42.847449
 20
306.548406
 42
-0.003005
  0
VERTEX
  8
0
 10
42.879923
 20
301.071739
 42
-0.003012
  0
VERTEX
  8
0
 10
42.846839
 20
295.652668
 42
-0.005377
  0
SEQEND
  0
POLYLINE
  8
0
 66
1
 70
1
  0
VERTEX
  8
0
 10
295.074385
 20
312.629940
 42
0.000000
  0
VERTEX
  8
0
 10
293.000000
 20
310.555556
 42
0.000000
  0
VERTEX
  8
0
 10
293.000000
 20
313.949037
 42
-0.044520
  0
VERTEX
  8
0
 10
293.128658
 20
315.391137
 42
-0.034688
  0
VERTEX
  8
0
 10
293.514063
 20
316.917625
 42
-0.035682
  0
VERTEX
  8
0
 10
294.078852
 20
318.299514
 42
-0.068313
  0
VERTEX
  8
0
 10
294.750000
 20
319.289555
 42
-0.013511
  0
VERTEX
  8
0
 10
295.893063
 20
320.494199
 42
-0.351207
  0
VERTEX
  8
0
 10
296.309455
 20
320.539810
 42
-0.223081
  0
VERTEX
  8
0
 10
296.582186
 20
320.109995
 42
-0.006864
  0
VERTEX
  8
0
 10
296.824385
 20
317.970458
 42
-0.042169
  0
VERTEX
  8
0
 10
296.847935
 20
316.368954
 42
-0.061847
  0
VERTEX
  8
0
 10
296.577869
 20
314.987958
 42
-0.064866
  0
VERTEX
  8
0
 10
295.992059
 20
313.763404
 42
-0.052458
  0
SEQEND
  0
POLYLINE
  8
0
 66
1
 70
1
  0
VERTEX
  8
0
 10
773.575558
 20
303.097297
 42
0.000000
  0
VERTEX
  8
0
 10
768.000000
 20
297.521739
 42
0.000000
  0
VERTEX
  8
0
 10
768.000000
 20
300.979424
 42
-0.063842
  0
VERTEX
  8
0
 10
768.258137
 20
302.992874
 42
-0.071008
  0
VERTEX
  8
0
 10
769.014888
 20
304.798850
 42
-0.047074
  0
VERTEX
  8
0
 10
770.511953
 20
306.840702
 42
-0.012801
  0
VERTEX
  8
0
 10
773.250000
 20
309.766073
 42
0.000000
  0
VERTEX
  8
0
 10
778.500000
 20
315.095037
 42
0.000000
  0
VERTEX
  8
0
 10
778.825558
 20
311.883946
 42
-0.071966
  0
VERTEX
  8
0
 10
778.742812
 20
309.944719
 42
-0.088291
  0
VERTEX
  8
0
 10
778.100952
 20
308.252074
 42
-0.051438
  0
VERTEX
  8
0
 10
776.624495
 20
306.274670
 42
-0.010313
  0
SEQEND
  0
POLYLINE
  8
0
 66
1
 70
1
  0
VERTEX
  8
0
 10
295.074385
 20
304.629940
 42
0.000000
  0
VERTEX
  8
0
 10
293.000000
 20
302.555556
 42
0.000000
  0
VERTEX
  8
0
 10
293.000000
 20
305.949037
 42
-0.044520
  0
VERTEX
  8
0
 10
293.128658
 20
307.391137
 42
-0.034688
  0
VERTEX
  8
0
 10
293.514063
 20
308.917625
 42
-0.035682
  0
VERTEX
  8
0
 10
294.078852
 20
310.299514
 42
-0.068313
  0
VERTEX
  8
0
 10
294.750000
 20
311.289555
 42
-0.013511
  0
VERTEX
  8
0
 10
295.893063
 20
312.494199
 42
-0.351207
  0
VERTEX
  8
0
 10
296.309455
 20
312.539810
 42
-0.223081
  0
VERTEX
  8
0
 10
296.582186
 20
312.109995
 42
-0.006864
  0
VERTEX
  8
0
 10
296.824385
 20
309.970458
 42
-0.042169
  0
VERTEX
  8
0
 10
296.847935
 20
308.368954
 42
-0.061847
  0
VERTEX
  8
0
 10
296.577869
 20
306.987958
 42
-0.064866
  0
VERTEX
  8
0
 10
295.992059
 20
305.763404
 42
-0.052458
  0
SEQEND
  0
POLYLINE
  8
0
 66
1
 70
1
  0
VERTEX
  8
0
 10
773.575558
 20
295.097297
 42
0.000000
  0
VERTEX
  8
0
 10
768.000000
 20
289.521739
 42
0.000000
  0
VERTEX
  8
0
 10
768.000000
 20
292.979424
 42
-0.063842
  0
VERTEX
  8
0
 10
768.258137
 20
294.992874
 42
-0.071008
  0
VERTEX
  8
0
 10
769.014888
 20
296.798850
 42
-0.047074
  0
VERTEX
  8
0
 10
770.511953
 20
298.840702
 42
-0.012801
  0
VERTEX
  8
0
 10
773.250000
 20
301.766073
 42
0.000000
  0
VERTEX
  8
0
 10
778.500000
 20
307.095037
 42
0.000000
  0
VERTEX
  8
0
 10
778.825558
 20
303.883946
 42
-0.071966
  0
VERTEX
  8
0
 10
778.742812
 20
301.944719
 42
-0.088291
  0
VERTEX
  8
0
 10
778.100952
 20
300.252074
 42
-0.051438
  0
VERTEX
  8
0
 10
776.624495
 20
298.274670
 42
-0.010313
  0
SEQEND
  0
POLYLINE
  8
0
 66
1
 70
1
  0
VERTEX
  8
0
 10
295.074385
 20
296.629940
 42
0.000000
  0
VERTEX
  8
0
 10
293.000000
 20
294.555556
 42
0.000000
  0
VERTEX
  8
0
 10
293.000000
 20
297.949037
 42
-0.044520
  0
VERTEX
  8
0
 10
293.128658
 20
299.391137
 42
-0.034688
  0
VERTEX
  8
0
 10
293.514063
 20
300.917625
 42
-0.035682
  0
VERTEX
  8
0
 10
294.078852
 20
302.299514
 42
-0.068313
  0
VERTEX
  8
0
 10
294.750000
 20
303.289555
 42
-0.013511
  0
VERTEX
  8
0
 10
295.893063
 20
304.494199
 42
-0.351207
  0
VERTEX
  8
0
 10
296.309455
 20
304.539810
 42
-0.223081
  0
VERTEX
  8
0
 10
296.582186
 20
304.109995
 42
-0.006864
  0
VERTEX
  8
0
 10
296.824385
 20
301.970458
 42
-0.042169
  0
VERTEX
  8
0
 10
296.847935
 20
300.368954
 42
-0.061847
  0
VERTEX
  8
0
 10
296.577869
 20
298.987958
 42
-0.064866
  0
VERTEX
  8
0
 10
295.992059
 20
297.763404
 42
-0.052458
  0
SEQEND
  0
POLYLINE
  8
0
 66
1
 70
1
  0
VERTEX
  8
0
 10
773.575558
 20
287.097297
 42
0.000000
  0
VERTEX
  8
0
 10
768.000000
 20
281.521739
 42
0.000000
  0
VERTEX
  8
0
 10
768.000000
 20
284.979424
 42
-0.063842
  0
VERTEX
  8
0
 10
768.258137
 20
286.992874
 42
-0.071008
  0
VERTEX
  8
0
 10
769.014888
 20
288.798850
 42
-0.047074
  0
VERTEX
  8
0
 10
770.511953
 20
290.840702
 42
-0.012801
  0
VERTEX
  8
0
 10
773.250000
 20
293.766073
 42
0.000000
  0
VERTEX
  8
0
 10
778.500000
 20
299.095037
 42
0.000000
  0
VERTEX
  8
0
 10
778.825558
 20
295.883946
 42
-0.071966
  0
VERTEX
  8
0
 10
778.742812
 20
293.944719
 42
-0.088291
  0
VERTEX
  8
0
 10
778.100952
 20
292.252074
 42
-0.051438
  0
VERTEX
  8
0
 10
776.624495
 20
290.274670
 42
-0.010313
  0
SEQEND
  0
POLYLINE
  8
0
 66
1
 70
1
  0
VERTEX
  8
0
 10
295.074385
 20
288.629940
 42
0.000000
  0
VERTEX
  8
0
 10
293.000000
 20
286.555556
 42
0.000000
  0
VERTEX
  8
0
 10
293.000000
 20
289.949037
 42
-0.044520
  0
VERTEX
  8
0
 10
293.128658
 20
291.391137
 42
-0.034688
  0
VERTEX
  8
0
 10
293.514063
 20
292.917625
 42
-0.035682
  0
VERTEX
  8
0
 10
294.078852
 20
294.299514
 42
-0.068313
  0
VERTEX
  8
0
 10
294.750000
 20
295.289555
 42
-0.013511
  0
VERTEX
  8
0
 10
295.893063
 20
296.494199
 42
-0.351207
  0
VERTEX
  8
0
 10
296.309455
 20
296.539810
 42
-0.223081
  0
VERTEX
  8
0
 10
296.582186
 20
296.109995
 42
-0.006864
  0
VERTEX
  8
0
 10
296.824385
 20
293.970458
 42
-0.042169
  0
VERTEX
  8
0
 10
296.847935
 20
292.368954
 42
-0.061847
  0
VERTEX
  8
0
 10
296.577869
 20
290.987958
 42
-0.064866
  0
VERTEX
  8
0
 10
295.992059
 20
289.763404
 42
-0.052458
  0
SEQEND
  0
POLYLINE
  8
0
 66
1
 70
1
  0
VERTEX
  8
0
 10
773.575558
 20
279.097297
 42
0.000000
  0
VERTEX
  8
0
 10
768.000000
 20
273.521739
 42
0.000000
  0
VERTEX
  8
0
 10
768.000000
 20
276.844888
 42
-0.069474
  0
VERTEX
  8
0
 10
768.269643
 20
278.776112
 42
-0.064746
  0
VERTEX
  8
0
 10
769.059747
 20
280.610201
 42
-0.043294
  0
VERTEX
  8
0
 10
770.580669
 20
282.728905
 42
-0.012943
  0
VERTEX
  8
0
 10
773.250000
 20
285.681673
 42
0.000000
  0
VERTEX
  8
0
 10
778.500000
 20
291.195310
 42
0.000000
  0
VERTEX
  8
0
 10
778.825558
 20
287.934083
 42
-0.069844
  0
VERTEX
  8
0
 10
778.746759
 20
285.963437
 42
-0.089399
  0
VERTEX
  8
0
 10
778.111933
 20
284.265303
 42
-0.052137
  0
VERTEX
  8
0
 10
776.641749
 20
282.291741
 42
-0.010242
  0
SEQEND
  0
POLYLINE
  8
0
 66
1
 70
1
  0
VERTEX
  8
0
 10
295.074385
 20
280.629940
 42
0.000000
  0
VERTEX
  8
0
 10
293.000000
 20
278.555556
 42
0.000000
  0
VERTEX
  8
0
 10
293.000000
 20
281.949037
 42
-0.044520
  0
VERTEX
  8
0
 10
293.128658
 20
283.391137
 42
-0.034688
  0
VERTEX
  8
0
 10
293.514063
 20
284.917625
 42
-0.035682
  0
VERTEX
  8
0
 10
294.078852
 20
286.299514
 42
-0.068313
  0
VERTEX
  8
0
 10
294.750000
 20
287.289555
 42
-0.013511
  0
VERTEX
  8
0
 10
295.893063
 20
288.494199
 42
-0.351207
  0
VERTEX
  8
0
 10
296.309455
 20
288.539810
 42
-0.223081
  0
VERTEX
  8
0
 10
296.582186
 20
288.109995
 42
-0.006864
  0
VERTEX
  8
0
 10
296.824385
 20
285.970458
 42
-0.042169
  0
VERTEX
  8
0
 10
296.847935
 20
284.368954
 42
-0.061847
  0
VERTEX
  8
0
 10
296.577869
 20
282.987958
 42
-0.064866
  0
VERTEX
  8
0
 10
295.992059
 20
281.763404
 42
-0.052458
  0
SEQEND
  0
POLYLINE
  8
0
 66
1
 70
1
  0
VERTEX
  8
0
 10
231.457295
 20
286.069098
 42
-0.090093
  0
VERTEX
  8
0
 10
231.612382
 20
285.673795
 42
-0.095385
  0
VERTEX
  8
0
 10
231.614038
 20
285.257398
 42
-0.099739
  0
VERTEX
  8
0
 10
231.463027
 20
284.884780
 42
-0.108766
  0
VERTEX
  8
0
 10
231.182979
 20
284.613087
 42
-0.158515
  0
VERTEX
  8
0
 10
230.860929
 20
284.534562
 42
-0.191218
  0
VERTEX
  8
0
 10
230.582917
 20
284.669932
 42
-0.126631
  0
VERTEX
  8
0
 10
230.394948
 20
285.024148
 42
-0.059057
  0
VERTEX
  8
0
 10
230.333333
 20
285.543989
 42
-0.019984
  0
VERTEX
  8
0
 10
230.376303
 20
286.618676
 42
-0.269722
  0
VERTEX
  8
0
 10
230.592080
 20
286.929499
 42
-0.350126
  0
VERTEX
  8
0
 10
230.913397
 20
286.852054
 42
-0.026790
  0
SEQEND
  0
POLYLINE
  8
0
 66
1
 70
1
  0
VERTEX
  8
0
 10
773.575558
 20
271.097297
 42
0.000000
  0
VERTEX
  8
0
 10
768.000000
 20
265.521739
 42
0.000000
  0
VERTEX
  8
0
 10
768.000000
 20
268.979424
 42
-0.063842
  0
VERTEX
  8
0
 10
768.258137
 20
270.992874
 42
-0.071008
  0
VERTEX
  8
0
 10
769.014888
 20
272.798850
 42
-0.047074
  0
VERTEX
  8
0
 10
770.511953
 20
274.840702
 42
-0.012801
  0
VERTEX
  8
0
 10
773.250000
 20
277.766073
 42
0.000000
  0
VERTEX
  8
0
 10
778.500000
 20
283.095037
 42
0.000000
  0
VERTEX
  8
0
 10
778.825558
 20
279.883946
 42
-0.071966
  0
VERTEX
  8
0
 10
778.742812
 20
277.944719
 42
-0.088291
  0
VERTEX
  8
0
 10
778.100952
 20
276.252074
 42
-0.051438
  0
VERTEX
  8
0
 10
776.624495
 20
274.274670
 42
-0.010313
  0
SEQEND
  0
POLYLINE
  8
0
 66
1
 70
1
  0
VERTEX
  8
0
 10
35.452948
 20
276.938255
 42
0.000000
  0
VERTEX
  8
0
 10
31.500000
 20
272.876510
 42
0.000000
  0
VERTEX
  8
0
 10
31.175426
 20
275.522727
 42
-0.043754
  0
VERTEX
  8
0
 10
31.080317
 20
278.271009
 42
-0.159963
  0
VERTEX
  8
0
 10
31.702746
 20
279.875298
 42
-0.170945
  0
VERTEX
  8
0
 10
33.123528
 20
280.736333
 42
-0.051601
  0
VERTEX
  8
0
 10
35.671563
 20
281.000000
 42
0.000000
  0
VERTEX
  8
0
 10
39.405896
 20
281.000000
 42
0.000000
  0
SEQEND
  0
POLYLINE
  8
0
 66
1
 70
1
  0
VERTEX
  8
0
 10
36.075486
 20
269.599296
 42
0.000000
  0
VERTEX
  8
0
 10
31.000000
 20
264.523810
 42
0.000000
  0
VERTEX
  8
0
 10
31.000000
 20
267.977556
 42
-0.060561
  0
VERTEX
  8
0
 10
31.239608
 20
269.948552
 42
-0.069715
  0
VERTEX
  8
0
 10
31.943844
 20
271.705849
 42
-0.049032
  0
VERTEX
  8
0
 10
33.317484
 20
273.636724
 42
-0.015041
  0
VERTEX
  8
0
 10
35.750000
 20
276.266740
 42
0.000000
  0
VERTEX
  8
0
 10
40.500000
 20
281.102178
 42
0.000000
  0
VERTEX
  8
0
 10
40.825486
 20
277.888480
 42
-0.067581
  0
VERTEX
  8
0
 10
40.760517
 20
275.979469
 42
-0.088072
  0
VERTEX
  8
0
 10
40.170847
 20
274.336920
 42
-0.054366
  0
VERTEX
  8
0
 10
38.813767
 20
272.471666
 42
-0.011948
  0
SEQEND
  0
POLYLINE
  8
0
 66
1
 70
1
  0
VERTEX
  8
0
 10
295.074385
 20
272.629940
 42
0.000000
  0
VERTEX
  8
0
 10
293.000000
 20
270.555556
 42
0.000000
  0
VERTEX
  8
0
 10
293.000000
 20
273.949037
 42
-0.044520
  0
VERTEX
  8
0
 10
293.128658
 20
275.391137
 42
-0.034688
  0
VERTEX
  8
0
 10
293.514063
 20
276.917625
 42
-0.035682
  0
VERTEX
  8
0
 10
294.078852
 20
278.299514
 42
-0.068313
  0
VERTEX
  8
0
 10
294.750000
 20
279.289555
 42
-0.013511
  0
VERTEX
  8
0
 10
295.893063
 20
280.494199
 42
-0.351207
  0
VERTEX
  8
0
 10
296.309455
 20
280.539810
 42
-0.223081
  0
VERTEX
  8
0
 10
296.582186
 20
280.109995
 42
-0.006864
  0
VERTEX
  8
0
 10
296.824385
 20
277.970458
 42
-0.042169
  0
VERTEX
  8
0
 10
296.847935
 20
276.368954
 42
-0.061847
  0
VERTEX
  8
0
 10
296.577869
 20
274.987958
 42
-0.064866
  0
VERTEX
  8
0
 10
295.992059
 20
273.763404
 42
-0.052458
  0
SEQEND
  0
POLYLINE
  8
0
 66
1
 70
1
  0
VERTEX
  8
0
 10
773.575558
 20
263.097297
 42
0.000000
  0
VERTEX
  8
0
 10
768.000000
 20
257.521739
 42
0.000000
  0
VERTEX
  8
0
 10
768.000000
 20
260.979424
 42
-0.063842
  0
VERTEX
  8
0
 10
768.258137
 20
262.992874
 42
-0.071008
  0
VERTEX
  8
0
 10
769.014888
 20
264.798850
 42
-0.047074
  0
VERTEX
  8
0
 10
770.511953
 20
266.840702
 42
-0.012801
  0
VERTEX
  8
0
 10
773.250000
 20
269.766073
 42
0.000000
  0
VERTEX
  8
0
 10
778.500000
 20
275.095037
 42
0.000000
  0
VERTEX
  8
0
 10
778.825558
 20
271.883946
 42
-0.071966
  0
VERTEX
  8
0
 10
778.742812
 20
269.944719
 42
-0.088291
  0
VERTEX
  8
0
 10
778.100952
 20
268.252074
 42
-0.051438
  0
VERTEX
  8
0
 10
776.624495
 20
266.274670
 42
-0.010313
  0
SEQEND
  0
POLYLINE
  8
0
 66
1
 70
1
  0
VERTEX
  8
0
 10
36.075486
 20
261.599296
 42
0.000000
  0
VERTEX
  8
0
 10
31.000000
 20
256.523810
 42
0.000000
  0
VERTEX
  8
0
 10
31.000000
 20
259.977556
 42
-0.060561
  0
VERTEX
  8
0
 10
31.239608
 20
261.948552
 42
-0.069715
  0
VERTEX
  8
0
 10
31.943844
 20
263.705849
 42
-0.049032
  0
VERTEX
  8
0
 10
33.317484
 20
265.636724
 42
-0.015041
  0
VERTEX
  8
0
 10
35.750000
 20
268.266740
 42
0.000000
  0
VERTEX
  8
0
 10
40.500000
 20
273.102178
 42
0.000000
  0
VERTEX
  8
0
 10
40.825486
 20
269.888480
 42
-0.067581
  0
VERTEX
  8
0
 10
40.760517
 20
267.979469
 42
-0.088072
  0
VERTEX
  8
0
 10
40.170847
 20
266.336920
 42
-0.054366
  0
VERTEX
  8
0
 10
38.813767
 20
264.471666
 42
-0.011948
  0
SEQEND
  0
POLYLINE
  8
0
 66
1
 70
1
  0
VERTEX
  8
0
 10
293.324266
 20
262.886651
 42
-0.022010
  0
VERTEX
  8
0
 10
291.288075
 20
261.023911
 42
-0.052116
  0
VERTEX
  8
0
 10
289.585669
 20
259.877164
 42
-0.064849
  0
VERTEX
  8
0
 10
287.930619
 20
259.255832
 42
-0.055059
  0
VERTEX
  8
0
 10
286.075686
 20
259.032894
 42
0.000000
  0
VERTEX
  8
0
 10
282.651372
 20
259.000000
 42
0.000000
  0
VERTEX
  8
0
 10
285.000000
 20
261.500000
 42
-0.045709
  0
VERTEX
  8
0
 10
286.156697
 20
262.525300
 42
-0.045986
  0
VERTEX
  8
0
 10
287.478193
 20
263.321022
 42
-0.048227
  0
VERTEX
  8
0
 10
288.854707
 20
263.829273
 42
-0.064420
  0
VERTEX
  8
0
 10
290.174314
 20
264.000000
 42
0.034680
  0
VERTEX
  8
0
 10
291.693016
 20
264.105465
 42
0.155907
  0
VERTEX
  8
0
 10
292.485547
 20
264.486337
 42
0.164881
  0
VERTEX
  8
0
 10
292.885557
 20
265.242345
 42
0.039981
  0
VERTEX
  8
0
 10
293.000000
 20
266.671259
 42
-0.054642
  0
VERTEX
  8
0
 10
293.127718
 20
267.836441
 42
-0.035980
  0
VERTEX
  8
0
 10
293.514063
 20
269.129778
 42
-0.036064
  0
VERTEX
  8
0
 10
294.079660
 20
270.349149
 42
-0.056497
  0
VERTEX
  8
0
 10
294.750000
 20
271.289555
 42
-0.013499
  0
VERTEX
  8
0
 10
295.893119
 20
272.494319
 42
-0.351075
  0
VERTEX
  8
0
 10
296.309445
 20
272.540043
 42
-0.223211
  0
VERTEX
  8
0
 10
296.582145
 20
272.110538
 42
-0.006868
  0
VERTEX
  8
0
 10
296.824266
 20
269.972053
 42
-0.055051
  0
VERTEX
  8
0
 10
296.803995
 20
268.127035
 42
-0.084661
  0
VERTEX
  8
0
 10
296.348552
 20
266.600236
 42
-0.062982
  0
VERTEX
  8
0
 10
295.299181
 20
265.014556
 42
-0.018861
  0
SEQEND
  0
POLYLINE
  8
0
 66
1
 70
1
  0
VERTEX
  8
0
 10
774.865381
 20
256.362833
 42
-0.018876
  0
VERTEX
  8
0
 10
771.691310
 20
253.363956
 42
-0.104515
  0
VERTEX
  8
0
 10
769.654130
 20
252.221753
 42
-0.328206
  0
VERTEX
  8
0
 10
768.499086
 20
252.619354
 42
-0.152417
  0
VERTEX
  8
0
 10
768.000000
 20
254.218555
 42
-0.124143
  0
VERTEX
  8
0
 10
768.310366
 20
255.449325
 42
-0.028437
  0
VERTEX
  8
0
 10
769.442101
 20
257.291495
 42
-0.025837
  0
VERTEX
  8
0
 10
771.111929
 20
259.445602
 42
-0.016713
  0
VERTEX
  8
0
 10
773.250000
 20
261.766073
 42
0.000000
  0
VERTEX
  8
0
 10
778.500000
 20
267.095037
 42
0.000000
  0
VERTEX
  8
0
 10
778.823589
 20
263.910352
 42
-0.062332
  0
VERTEX
  8
0
 10
778.780948
 20
262.076155
 42
-0.084012
  0
VERTEX
  8
0
 10
778.266853
 20
260.500462
 42
-0.057666
  0
VERTEX
  8
0
 10
777.096741
 20
258.783533
 42
-0.015653
  0
SEQEND
  0
POLYLINE
  8
0
 66
1
 70
1
  0
VERTEX
  8
0
 10
38.847950
 20
256.333971
 42
0.000000
  0
VERTEX
  8
0
 10
31.500000
 20
248.923694
 42
0.000000
  0
VERTEX
  8
0
 10
31.176150
 20
252.102520
 42
-0.065361
  0
VERTEX
  8
0
 10
31.229994
 20
253.958082
 42
-0.085142
  0
VERTEX
  8
0
 10
31.778805
 20
255.563368
 42
-0.055768
  0
VERTEX
  8
0
 10
33.029647
 20
257.350322
 42
-0.013923
  0
VERTEX
  8
0
 10
35.462687
 20
259.962118
 42
-0.013041
  0
VERTEX
  8
0
 10
38.077032
 20
262.481452
 42
-0.059262
  0
VERTEX
  8
0
 10
39.792033
 20
263.712098
 42
-0.094877
  0
VERTEX
  8
0
 10
41.326074
 20
264.211713
 42
-0.067952
  0
VERTEX
  8
0
 10
43.134488
 20
264.193569
 42
0.000000
  0
VERTEX
  8
0
 10
46.195901
 20
263.744249
 42
0.000000
  0
SEQEND
  0
POLYLINE
  8
0
 66
1
 70
1
  0
VERTEX
  8
0
 10
295.074385
 20
256.629940
 42
0.000000
  0
VERTEX
  8
0
 10
293.000000
 20
254.555556
 42
0.000000
  0
VERTEX
  8
0
 10
293.000000
 20
256.777778
 42
0.051449
  0
VERTEX
  8
0
 10
292.912276
 20
257.628058
 42
0.071373
  0
VERTEX
  8
0
 10
292.651292
 20
258.347222
 42
0.091414
  0
VERTEX
  8
0
 10
292.266004
 20
258.830609
 42
0.180815
  0
VERTEX
  8
0
 10
291.812909
 20
259.000000
 42
-0.466291
  0
VERTEX
  8
0
 10
291.602083
 20
259.251239
 42
-0.085811
  0
VERTEX
  8
0
 10
291.837296
 20
259.904351
 42
-0.042237
  0
VERTEX
  8
0
 10
292.517465
 20
260.895766
 42
-0.019038
  0
VERTEX
  8
0
 10
293.562909
 20
262.078641
 42
0.000000
  0
VERTEX
  8
0
 10
296.500000
 20
265.157282
 42
0.000000
  0
VERTEX
  8
0
 10
296.824385
 20
261.930803
 42
-0.043131
  0
VERTEX
  8
0
 10
296.846479
 20
260.352035
 42
-0.061742
  0
VERTEX
  8
0
 10
296.574722
 20
258.980031
 42
-0.064391
  0
VERTEX
  8
0
 10
295.988558
 20
257.758712
 42
-0.052378
  0
SEQEND
  0
POLYLINE
  8
0
 66
1
 70
1
  0
VERTEX
  8
0
 10
52.000000
 20
261.500000
 42
-0.045093
  0
VERTEX
  8
0
 10
50.729871
 20
260.371358
 42
-0.058169
  0
VERTEX
  8
0
 10
49.376733
 20
259.596331
 42
-0.057697
  0
VERTEX
  8
0
 10
47.872469
 20
259.149604
 42
-0.043380
  0
VERTEX
  8
0
 10
46.151372
 20
259.000000
 42
0.000000
  0
VERTEX
  8
0
 10
42.651372
 20
259.000000
 42
0.000000
  0
VERTEX
  8
0
 10
45.000000
 20
261.500000
 42
-0.045093
  0
VERTEX
  8
0
 10
46.270129
 20
262.628642
 42
-0.058169
  0
VERTEX
  8
0
 10
47.623267
 20
263.403669
 42
-0.057697
  0
VERTEX
  8
0
 10
49.127531
 20
263.850396
 42
-0.043380
  0
VERTEX
  8
0
 10
50.848628
 20
264.000000
 42
0.000000
  0
VERTEX
  8
0
 10
54.348628
 20
264.000000
 42
0.000000
  0
SEQEND
  0
POLYLINE
  8
0
 66
1
 70
1
  0
VERTEX
  8
0
 10
60.000000
 20
261.500000
 42
-0.045093
  0
VERTEX
  8
0
 10
58.729871
 20
260.371358
 42
-0.058169
  0
VERTEX
  8
0
 10
57.376733
 20
259.596331
 42
-0.057697
  0
VERTEX
  8
0
 10
55.872469
 20
259.149604
 42
-0.043380
  0
VERTEX
  8
0
 10
54.151372
 20
259.000000
 42
0.000000
  0
VERTEX
  8
0
 10
50.651372
 20
259.000000
 42
0.000000
  0
VERTEX
  8
0
 10
53.000000
 20
261.500000
 42
-0.045093
  0
VERTEX
  8
0
 10
54.270129
 20
262.628642
 42
-0.058169
  0
VERTEX
  8
0
 10
55.623267
 20
263.403669
 42
-0.057697
  0
VERTEX
  8
0
 10
57.127531
 20
263.850396
 42
-0.043380
  0
VERTEX
  8
0
 10
58.848628
 20
264.000000
 42
0.000000
  0
VERTEX
  8
0
 10
62.348628
 20
264.000000
 42
0.000000
  0
SEQEND
  0
POLYLINE
  8
0
 66
1
 70
1
  0
VERTEX
  8
0
 10
68.000000
 20
261.500000
 42
-0.045093
  0
VERTEX
  8
0
 10
66.729871
 20
260.371358
 42
-0.058169
  0
VERTEX
  8
0
 10
65.376733
 20
259.596331
 42
-0.057697
  0
VERTEX
  8
0
 10
63.872469
 20
259.149604
 42
-0.043380
  0
VERTEX
  8
0
 10
62.151372
 20
259.000000
 42
0.000000
  0
VERTEX
  8
0
 10
58.651372
 20
259.000000
 42
0.000000
  0
VERTEX
  8
0
 10
61.000000
 20
261.500000
 42
-0.045093
  0
VERTEX
  8
0
 10
62.270129
 20
262.628642
 42
-0.058169
  0
VERTEX
  8
0
 10
63.623267
 20
263.403669
 42
-0.057697
  0
VERTEX
  8
0
 10
65.127531
 20
263.850396
 42
-0.043380
  0
VERTEX
  8
0
 10
66.848628
 20
264.000000
 42
0.000000
  0
VERTEX
  8
0
 10
70.348628
 20
264.000000
 42
0.000000
  0
SEQEND
  0
POLYLINE
  8
0
 66
1
 70
1
  0
VERTEX
  8
0
 10
76.000000
 20
261.500000
 42
-0.045093
  0
VERTEX
  8
0
 10
74.729871
 20
260.371358
 42
-0.058169
  0
VERTEX
  8
0
 10
73.376733
 20
259.596331
 42
-0.057697
  0
VERTEX
  8
0
 10
71.872469
 20
259.149604
 42
-0.043380
  0
VERTEX
  8
0
 10
70.151372
 20
259.000000
 42
0.000000
  0
VERTEX
  8
0
 10
66.651372
 20
259.000000
 42
0.000000
  0
VERTEX
  8
0
 10
69.000000
 20
261.500000
 42
-0.045093
  0
VERTEX
  8
0
 10
70.270129
 20
262.628642
 42
-0.058169
  0
VERTEX
  8
0
 10
71.623267
 20
263.403669
 42
-0.057697
  0
VERTEX
  8
0
 10
73.127531
 20
263.850396
 42
-0.043380
  0
VERTEX
  8
0
 10
74.848628
 20
264.000000
 42
0.000000
  0
VERTEX
  8
0
 10
78.348628
 20
264.000000
 42
0.000000
  0
SEQEND
  0
POLYLINE
  8
0
 66
1
 70
1
  0
VERTEX
  8
0
 10
84.000000
 20
261.500000
 42
-0.045093
  0
VERTEX
  8
0
 10
82.729871
 20
260.371358
 42
-0.058169
  0
VERTEX
  8
0
 10
81.376733
 20
259.596331
 42
-0.057697
  0
VERTEX
  8
0
 10
79.872469
 20
259.149604
 42
-0.043380
  0
VERTEX
  8
0
 10
78.151372
 20
259.000000
 42
0.000000
  0
VERTEX
  8
0
 10
74.651372
 20
259.000000
 42
0.000000
  0
VERTEX
  8
0
 10
77.000000
 20
261.500000
 42
-0.045093
  0
VERTEX
  8
0
 10
78.270129
 20
262.628642
 42
-0.058169
  0
VERTEX
  8
0
 10
79.623267
 20
263.403669
 42
-0.057697
  0
VERTEX
  8
0
 10
81.127531
 20
263.850396
 42
-0.043380
  0
VERTEX
  8
0
 10
82.848628
 20
264.000000
 42
0.000000
  0
VERTEX
  8
0
 10
86.348628
 20
264.000000
 42
0.000000
  0
SEQEND
  0
POLYLINE
  8
0
 66
1
 70
1
  0
VERTEX
  8
0
 10
91.854960
 20
261.517277
 42
-0.045658
  0
VERTEX
  8
0
 10
90.599061
 20
260.414548
 42
-0.055312
  0
VERTEX
  8
0
 10
89.238401
 20
259.637681
 42
-0.055297
  0
VERTEX
  8
0
 10
87.740227
 20
259.177864
 42
-0.045598
  0
VERTEX
  8
0
 10
86.075686
 20
259.017277
 42
0.000000
  0
VERTEX
  8
0
 10
82.651372
 20
259.000000
 42
0.000000
  0
VERTEX
  8
0
 10
85.000000
 20
261.500000
 42
-0.045095
  0
VERTEX
  8
0
 10
86.260215
 20
262.619824
 42
-0.057081
  0
VERTEX
  8
0
 10
87.609754
 20
263.396668
 42
-0.057078
  0
VERTEX
  8
0
 10
89.100054
 20
263.848285
 42
-0.045083
  0
VERTEX
  8
0
 10
90.779274
 20
264.000000
 42
0.000000
  0
VERTEX
  8
0
 10
94.209920
 20
264.000000
 42
0.000000
  0
SEQEND
  0
POLYLINE
  8
0
 66
1
 70
1
  0
VERTEX
  8
0
 10
100.000000
 20
261.500000
 42
-0.045093
  0
VERTEX
  8
0
 10
98.729871
 20
260.371358
 42
-0.058169
  0
VERTEX
  8
0
 10
97.376733
 20
259.596331
 42
-0.057697
  0
VERTEX
  8
0
 10
95.872469
 20
259.149604
 42
-0.043380
  0
VERTEX
  8
0
 10
94.151372
 20
259.000000
 42
0.000000
  0
VERTEX
  8
0
 10
90.651372
 20
259.000000
 42
0.000000
  0
VERTEX
  8
0
 10
93.000000
 20
261.500000
 42
-0.045093
  0
VERTEX
  8
0
 10
94.270129
 20
262.628642
 42
-0.058169
  0
VERTEX
  8
0
 10
95.623267
 20
263.403669
 42
-0.057697
  0
VERTEX
  8
0
 10
97.127531
 20
263.850396
 42
-0.043380
  0
VERTEX
  8
0
 10
98.848628
 20
264.000000
 42
0.000000
  0
VERTEX
  8
0
 10
102.348628
 20
264.000000
 42
0.000000
  0
SEQEND
  0
POLYLINE
  8
0
 66
1
 70
1
  0
VERTEX
  8
0
 10
108.000000
 20
261.500000
 42
-0.045093
  0
VERTEX
  8
0
 10
106.729871
 20
260.371358
 42
-0.058169
  0
VERTEX
  8
0
 10
105.376733
 20
259.596331
 42
-0.057697
  0
VERTEX
  8
0
 10
103.872469
 20
259.149604
 42
-0.043380
  0
VERTEX
  8
0
 10
102.151372
 20
259.000000
 42
0.000000
  0
VERTEX
  8
0
 10
98.651372
 20
259.000000
 42
0.000000
  0
VERTEX
  8
0
 10
101.000000
 20
261.500000
 42
-0.045093
  0
VERTEX
  8
0
 10
102.270129
 20
262.628642
 42
-0.058169
  0
VERTEX
  8
0
 10
103.623267
 20
263.403669
 42
-0.057697
  0
VERTEX
  8
0
 10
105.127531
 20
263.850396
 42
-0.043380
  0
VERTEX
  8
0
 10
106.848628
 20
264.000000
 42
0.000000
  0
VERTEX
  8
0
 10
110.348628
 20
264.000000
 42
0.000000
  0
SEQEND
  0
POLYLINE
  8
0
 66
1
 70
1
  0
VERTEX
  8
0
 10
116.000000
 20
261.500000
 42
-0.045093
  0
VERTEX
  8
0
 10
114.729871
 20
260.371358
 42
-0.058169
  0
VERTEX
  8
0
 10
113.376733
 20
259.596331
 42
-0.057697
  0
VERTEX
  8
0
 10
111.872469
 20
259.149604
 42
-0.043380
  0
VERTEX
  8
0
 10
110.151372
 20
259.000000
 42
0.000000
  0
VERTEX
  8
0
 10
106.651372
 20
259.000000
 42
0.000000
  0
VERTEX
  8
0
 10
109.000000
 20
261.500000
 42
-0.045093
  0
VERTEX
  8
0
 10
110.270129
 20
262.628642
 42
-0.058169
  0
VERTEX
  8
0
 10
111.623267
 20
263.403669
 42
-0.057697
  0
VERTEX
  8
0
 10
113.127531
 20
263.850396
 42
-0.043380
  0
VERTEX
  8
0
 10
114.848628
 20
264.000000
 42
0.000000
  0
VERTEX
  8
0
 10
118.348628
 20
264.000000
 42
0.000000
  0
SEQEND
  0
POLYLINE
  8
0
 66
1
 70
1
  0
VERTEX
  8
0
 10
124.000000
 20
261.500000
 42
-0.045093
  0
VERTEX
  8
0
 10
122.729871
 20
260.371358
 42
-0.058169
  0
VERTEX
  8
0
 10
121.376733
 20
259.596331
 42
-0.057697
  0
VERTEX
  8
0
 10
119.872469
 20
259.149604
 42
-0.043380
  0
VERTEX
  8
0
 10
118.151372
 20
259.000000
 42
0.000000
  0
VERTEX
  8
0
 10
114.651372
 20
259.000000
 42
0.000000
  0
VERTEX
  8
0
 10
117.000000
 20
261.500000
 42
-0.045093
  0
VERTEX
  8
0
 10
118.270129
 20
262.628642
 42
-0.058169
  0
VERTEX
  8
0
 10
119.623267
 20
263.403669
 42
-0.057697
  0
VERTEX
  8
0
 10
121.127531
 20
263.850396
 42
-0.043380
  0
VERTEX
  8
0
 10
122.848628
 20
264.000000
 42
0.000000
  0
VERTEX
  8
0
 10
126.348628
 20
264.000000
 42
0.000000
  0
SEQEND
  0
POLYLINE
  8
0
 66
1
 70
1
  0
VERTEX
  8
0
 10
131.854960
 20
261.517277
 42
-0.045658
  0
VERTEX
  8
0
 10
130.599061
 20
260.414548
 42
-0.055312
  0
VERTEX
  8
0
 10
129.238401
 20
259.637681
 42
-0.055297
  0
VERTEX
  8
0
 10
127.740227
 20
259.177864
 42
-0.045598
  0
VERTEX
  8
0
 10
126.075686
 20
259.017277
 42
0.000000
  0
VERTEX
  8
0
 10
122.651372
 20
259.000000
 42
0.000000
  0
VERTEX
  8
0
 10
125.000000
 20
261.500000
 42
-0.045095
  0
VERTEX
  8
0
 10
126.260215
 20
262.619824
 42
-0.057081
  0
VERTEX
  8
0
 10
127.609754
 20
263.396668
 42
-0.057078
  0
VERTEX
  8
0
 10
129.100054
 20
263.848285
 42
-0.045083
  0
VERTEX
  8
0
 10
130.779274
 20
264.000000
 42
0.000000
  0
VERTEX
  8
0
 10
134.209920
 20
264.000000
 42
0.000000
  0
SEQEND
  0
POLYLINE
  8
0
 66
1
 70
1
  0
VERTEX
  8
0
 10
140.000000
 20
261.500000
 42
-0.045093
  0
VERTEX
  8
0
 10
138.729871
 20
260.371358
 42
-0.058169
  0
VERTEX
  8
0
 10
137.376733
 20
259.596331
 42
-0.057697
  0
VERTEX
  8
0
 10
135.872469
 20
259.149604
 42
-0.043380
  0
VERTEX
  8
0
 10
134.151372
 20
259.000000
 42
0.000000
  0
VERTEX
  8
0
 10
130.651372
 20
259.000000
 42
0.000000
  0
VERTEX
  8
0
 10
133.000000
 20
261.500000
 42
-0.045093
  0
VERTEX
  8
0
 10
134.270129
 20
262.628642
 42
-0.058169
  0
VERTEX
  8
0
 10
135.623267
 20
263.403669
 42
-0.057697
  0
VERTEX
  8
0
 10
137.127531
 20
263.850396
 42
-0.043380
  0
VERTEX
  8
0
 10
138.848628
 20
264.000000
 42
0.000000
  0
VERTEX
  8
0
 10
142.348628
 20
264.000000
 42
0.000000
  0
SEQEND
  0
POLYLINE
  8
0
 66
1
 70
1
  0
VERTEX
  8
0
 10
148.000000
 20
261.500000
 42
-0.045093
  0
VERTEX
  8
0
 10
146.729871
 20
260.371358
 42
-0.058169
  0
VERTEX
  8
0
 10
145.376733
 20
259.596331
 42
-0.057697
  0
VERTEX
  8
0
 10
143.872469
 20
259.149604
 42
-0.043380
  0
VERTEX
  8
0
 10
142.151372
 20
259.000000
 42
0.000000
  0
VERTEX
  8
0
 10
138.651372
 20
259.000000
 42
0.000000
  0
VERTEX
  8
0
 10
141.000000
 20
261.500000
 42
-0.045093
  0
VERTEX
  8
0
 10
142.270129
 20
262.628642
 42
-0.058169
  0
VERTEX
  8
0
 10
143.623267
 20
263.403669
 42
-0.057697
  0
VERTEX
  8
0
 10
145.127531
 20
263.850396
 42
-0.043380
  0
VERTEX
  8
0
 10
146.848628
 20
264.000000
 42
0.000000
  0
VERTEX
  8
0
 10
150.348628
 20
264.000000
 42
0.000000
  0
SEQEND
  0
POLYLINE
  8
0
 66
1
 70
1
  0
VERTEX
  8
0
 10
156.000000
 20
261.500000
 42
-0.045093
  0
VERTEX
  8
0
 10
154.729871
 20
260.371358
 42
-0.058169
  0
VERTEX
  8
0
 10
153.376733
 20
259.596331
 42
-0.057697
  0
VERTEX
  8
0
 10
151.872469
 20
259.149604
 42
-0.043380
  0
VERTEX
  8
0
 10
150.151372
 20
259.000000
 42
0.000000
  0
VERTEX
  8
0
 10
146.651372
 20
259.000000
 42
0.000000
  0
VERTEX
  8
0
 10
149.000000
 20
261.500000
 42
-0.045093
  0
VERTEX
  8
0
 10
150.270129
 20
262.628642
 42
-0.058169
  0
VERTEX
  8
0
 10
151.623267
 20
263.403669
 42
-0.057697
  0
VERTEX
  8
0
 10
153.127531
 20
263.850396
 42
-0.043380
  0
VERTEX
  8
0
 10
154.848628
 20
264.000000
 42
0.000000
  0
VERTEX
  8
0
 10
158.348628
 20
264.000000
 42
0.000000
  0
SEQEND
  0
POLYLINE
  8
0
 66
1
 70
1
  0
VERTEX
  8
0
 10
164.000000
 20
261.500000
 42
-0.045093
  0
VERTEX
  8
0
 10
162.729871
 20
260.371358
 42
-0.058169
  0
VERTEX
  8
0
 10
161.376733
 20
259.596331
 42
-0.057697
  0
VERTEX
  8
0
 10
159.872469
 20
259.149604
 42
-0.043380
  0
VERTEX
  8
0
 10
158.151372
 20
259.000000
 42
0.000000
  0
VERTEX
  8
0
 10
154.651372
 20
259.000000
 42
0.000000
  0
VERTEX
  8
0
 10
157.000000
 20
261.500000
 42
-0.045093
  0
VERTEX
  8
0
 10
158.270129
 20
262.628642
 42
-0.058169
  0
VERTEX
  8
0
 10
159.623267
 20
263.403669
 42
-0.057697
  0
VERTEX
  8
0
 10
161.127531
 20
263.850396
 42
-0.043380
  0
VERTEX
  8
0
 10
162.848628
 20
264.000000
 42
0.000000
  0
VERTEX
  8
0
 10
166.348628
 20
264.000000
 42
0.000000
  0
SEQEND
  0
POLYLINE
  8
0
 66
1
 70
1
  0
VERTEX
  8
0
 10
172.573001
 20
262.478529
 42
0.028438
  0
VERTEX
  8
0
 10
171.871770
 20
261.882429
 42
0.047297
  0
VERTEX
  8
0
 10
171.363769
 20
261.297201
 42
0.063446
  0
VERTEX
  8
0
 10
171.098687
 20
260.804537
 42
0.296318
  0
VERTEX
  8
0
 10
171.162465
 20
260.504202
 42
0.296012
  0
VERTEX
  8
0
 10
171.480866
 20
260.436400
 42
0.050714
  0
VERTEX
  8
0
 10
172.060527
 20
260.728750
 42
0.041217
  0
VERTEX
  8
0
 10
172.761287
 20
261.262409
 42
0.025505
  0
VERTEX
  8
0
 10
173.494452
 20
261.993869
 42
-0.065568
  0
VERTEX
  8
0
 10
174.501963
 20
262.849887
 42
-0.054199
  0
VERTEX
  8
0
 10
175.762134
 20
263.482170
 42
-0.049731
  0
VERTEX
  8
0
 10
177.235914
 20
263.870077
 42
-0.039518
  0
VERTEX
  8
0
 10
178.877210
 20
264.000000
 42
-0.005322
  0
VERTEX
  8
0
 10
181.277300
 20
263.974455
 42
-0.217921
  0
VERTEX
  8
0
 10
181.735004
 20
263.753122
 42
-0.376948
  0
VERTEX
  8
0
 10
181.723103
 20
263.352709
 42
-0.011539
  0
VERTEX
  8
0
 10
180.472222
 20
262.072327
 42
-0.084810
  0
VERTEX
  8
0
 10
179.101752
 20
261.125128
 42
-0.044851
  0
VERTEX
  8
0
 10
177.152077
 20
260.422480
 42
-0.031241
  0
VERTEX
  8
0
 10
174.416470
 20
259.885583
 42
-0.011473
  0
VERTEX
  8
0
 10
170.500000
 20
259.459392
 42
0.000000
  0
VERTEX
  8
0
 10
162.500000
 20
258.774131
 42
0.000000
  0
VERTEX
  8
0
 10
164.924314
 20
261.387065
 42
-0.041701
  0
VERTEX
  8
0
 10
166.255972
 20
262.601702
 42
-0.062547
  0
VERTEX
  8
0
 10
167.610834
 20
263.397704
 42
-0.062456
  0
VERTEX
  8
0
 10
169.121956
 20
263.834701
 42
-0.041437
  0
VERTEX
  8
0
 10
170.924314
 20
263.968197
 42
-0.005365
  0
VERTEX
  8
0
 10
173.185462
 20
263.923816
 42
-0.177947
  0
VERTEX
  8
0
 10
173.681414
 20
263.724251
 42
-0.449104
  0
VERTEX
  8
0
 10
173.678579
 20
263.378126
 42
-0.017679
  0
SEQEND
  0
POLYLINE
  8
0
 66
1
 70
1
  0
VERTEX
  8
0
 10
188.000000
 20
261.500000
 42
-0.045093
  0
VERTEX
  8
0
 10
186.729871
 20
260.371358
 42
-0.058169
  0
VERTEX
  8
0
 10
185.376733
 20
259.596331
 42
-0.057697
  0
VERTEX
  8
0
 10
183.872469
 20
259.149604
 42
-0.043380
  0
VERTEX
  8
0
 10
182.151372
 20
259.000000
 42
0.000000
  0
VERTEX
  8
0
 10
178.651372
 20
259.000000
 42
0.000000
  0
VERTEX
  8
0
 10
181.000000
 20
261.500000
 42
-0.045093
  0
VERTEX
  8
0
 10
182.270129
 20
262.628642
 42
-0.058169
  0
VERTEX
  8
0
 10
183.623267
 20
263.403669
 42
-0.057697
  0
VERTEX
  8
0
 10
185.127531
 20
263.850396
 42
-0.043380
  0
VERTEX
  8
0
 10
186.848628
 20
264.000000
 42
0.000000
  0
VERTEX
  8
0
 10
190.348628
 20
264.000000
 42
0.000000
  0
SEQEND
  0
POLYLINE
  8
0
 66
1
 70
1
  0
VERTEX
  8
0
 10
196.000000
 20
261.500000
 42
-0.045093
  0
VERTEX
  8
0
 10
194.729871
 20
260.371358
 42
-0.058169
  0
VERTEX
  8
0
 10
193.376733
 20
259.596331
 42
-0.057697
  0
VERTEX
  8
0
 10
191.872469
 20
259.149604
 42
-0.043380
  0
VERTEX
  8
0
 10
190.151372
 20
259.000000
 42
0.000000
  0
VERTEX
  8
0
 10
186.651372
 20
259.000000
 42
0.000000
  0
VERTEX
  8
0
 10
189.000000
 20
261.500000
 42
-0.045093
  0
VERTEX
  8
0
 10
190.270129
 20
262.628642
 42
-0.058169
  0
VERTEX
  8
0
 10
191.623267
 20
263.403669
 42
-0.057697
  0
VERTEX
  8
0
 10
193.127531
 20
263.850396
 42
-0.043380
  0
VERTEX
  8
0
 10
194.848628
 20
264.000000
 42
0.000000
  0
VERTEX
  8
0
 10
198.348628
 20
264.000000
 42
0.000000
  0
SEQEND
  0
POLYLINE
  8
0
 66
1
 70
1
  0
VERTEX
  8
0
 10
204.000000
 20
261.500000
 42
-0.045093
  0
VERTEX
  8
0
 10
202.729871
 20
260.371358
 42
-0.058169
  0
VERTEX
  8
0
 10
201.376733
 20
259.596331
 42
-0.057697
  0
VERTEX
  8
0
 10
199.872469
 20
259.149604
 42
-0.043380
  0
VERTEX
  8
0
 10
198.151372
 20
259.000000
 42
0.000000
  0
VERTEX
  8
0
 10
194.651372
 20
259.000000
 42
0.000000
  0
VERTEX
  8
0
 10
197.000000
 20
261.500000
 42
-0.045093
  0
VERTEX
  8
0
 10
198.270129
 20
262.628642
 42
-0.058169
  0
VERTEX
  8
0
 10
199.623267
 20
263.403669
 42
-0.057697
  0
VERTEX
  8
0
 10
201.127531
 20
263.850396
 42
-0.043380
  0
VERTEX
  8
0
 10
202.848628
 20
264.000000
 42
0.000000
  0
VERTEX
  8
0
 10
206.348628
 20
264.000000
 42
0.000000
  0
SEQEND
  0
POLYLINE
  8
0
 66
1
 70
1
  0
VERTEX
  8
0
 10
210.819551
 20
261.750000
 42
-0.080883
  0
VERTEX
  8
0
 10
210.459831
 20
260.597312
 42
-0.143164
  0
VERTEX
  8
0
 10
209.787530
 20
259.873189
 42
-0.092799
  0
VERTEX
  8
0
 10
208.606994
 20
259.438205
 42
-0.021701
  0
VERTEX
  8
0
 10
206.505269
 20
259.175045
 42
0.000000
  0
VERTEX
  8
0
 10
202.510538
 20
258.850090
 42
0.000000
  0
VERTEX
  8
0
 10
204.929583
 20
261.425045
 42
-0.056286
  0
VERTEX
  8
0
 10
207.162252
 20
263.321504
 42
-0.134957
  0
VERTEX
  8
0
 10
209.204131
 20
264.005891
 42
-0.268920
  0
VERTEX
  8
0
 10
210.463300
 20
263.365810
 42
-0.180981
  0
SEQEND
  0
POLYLINE
  8
0
 66
1
 70
1
  0
VERTEX
  8
0
 10
214.692991
 20
260.269032
 42
-0.087174
  0
VERTEX
  8
0
 10
214.516660
 20
259.883358
 42
-0.597527
  0
VERTEX
  8
0
 10
214.356533
 20
259.900903
 42
-0.080377
  0
VERTEX
  8
0
 10
214.235556
 20
260.431793
 42
-0.012823
  0
VERTEX
  8
0
 10
214.194949
 20
261.500000
 42
-0.014395
  0
VERTEX
  8
0
 10
214.212705
 20
262.580113
 42
-0.052471
  0
VERTEX
  8
0
 10
214.315079
 20
263.257153
 42
-0.333666
  0
VERTEX
  8
0
 10
214.477130
 20
263.386009
 42
-0.313180
  0
VERTEX
  8
0
 10
214.655937
 20
263.269032
 42
-0.062780
  0
VERTEX
  8
0
 10
214.814405
 20
262.671085
 42
-0.030339
  0
VERTEX
  8
0
 10
214.872264
 20
261.880008
 42
-0.029507
  0
VERTEX
  8
0
 10
214.832894
 20
261.036634
 42
-0.037336
  0
SEQEND
  0
POLYLINE
  8
0
 66
1
 70
1
  0
VERTEX
  8
0
 10
243.000000
 20
262.000000
 42
-0.224251
  0
VERTEX
  8
0
 10
242.477318
 20
260.893213
 42
-0.134742
  0
VERTEX
  8
0
 10
241.125000
 20
260.288462
 42
-0.035495
  0
VERTEX
  8
0
 10
238.134523
 20
260.043630
 42
-0.002682
  0
VERTEX
  8
0
 10
230.000000
 20
260.000000
 42
-0.002682
  0
VERTEX
  8
0
 10
221.865477
 20
260.043630
 42
-0.035495
  0
VERTEX
  8
0
 10
218.875000
 20
260.288462
 42
-0.134742
  0
VERTEX
  8
0
 10
217.522682
 20
260.893213
 42
-0.224251
  0
VERTEX
  8
0
 10
217.000000
 20
262.000000
 42
-0.224251
  0
VERTEX
  8
0
 10
217.522682
 20
263.106787
 42
-0.134742
  0
VERTEX
  8
0
 10
218.875000
 20
263.711538
 42
-0.035495
  0
VERTEX
  8
0
 10
221.865477
 20
263.956370
 42
-0.002682
  0
VERTEX
  8
0
 10
230.000000
 20
264.000000
 42
-0.002682
  0
VERTEX
  8
0
 10
238.134523
 20
263.956370
 42
-0.035495
  0
VERTEX
  8
0
 10
241.125000
 20
263.711538
 42
-0.134742
  0
VERTEX
  8
0
 10
242.477318
 20
263.106787
 42
-0.224251
  0
SEQEND
  0
POLYLINE
  8
0
 66
1
 70
1
  0
VERTEX
  8
0
 10
251.854960
 20
261.517277
 42
-0.018154
  0
VERTEX
  8
0
 10
249.864406
 20
259.565752
 42
-0.185772
  0
VERTEX
  8
0
 10
248.808321
 20
259.153901
 42
-0.359651
  0
VERTEX
  8
0
 10
248.178377
 20
259.669605
 42
-0.048611
  0
VERTEX
  8
0
 10
248.000000
 20
261.500000
 42
-0.048258
  0
VERTEX
  8
0
 10
248.129016
 20
262.833601
 42
-0.176816
  0
VERTEX
  8
0
 10
248.560496
 20
263.548709
 42
-0.142553
  0
VERTEX
  8
0
 10
249.417923
 20
263.905862
 42
-0.027879
  0
VERTEX
  8
0
 10
251.104960
 20
264.000000
 42
0.000000
  0
VERTEX
  8
0
 10
254.209920
 20
264.000000
 42
0.000000
  0
SEQEND
  0
POLYLINE
  8
0
 66
1
 70
1
  0
VERTEX
  8
0
 10
260.000000
 20
261.500000
 42
-0.045093
  0
VERTEX
  8
0
 10
258.729871
 20
260.371358
 42
-0.058169
  0
VERTEX
  8
0
 10
257.376733
 20
259.596331
 42
-0.057697
  0
VERTEX
  8
0
 10
255.872469
 20
259.149604
 42
-0.043380
  0
VERTEX
  8
0
 10
254.151372
 20
259.000000
 42
0.000000
  0
VERTEX
  8
0
 10
250.651372
 20
259.000000
 42
0.000000
  0
VERTEX
  8
0
 10
253.000000
 20
261.500000
 42
-0.045093
  0
VERTEX
  8
0
 10
254.270129
 20
262.628642
 42
-0.058169
  0
VERTEX
  8
0
 10
255.623267
 20
263.403669
 42
-0.057697
  0
VERTEX
  8
0
 10
257.127531
 20
263.850396
 42
-0.043380
  0
VERTEX
  8
0
 10
258.848628
 20
264.000000
 42
0.000000
  0
VERTEX
  8
0
 10
262.348628
 20
264.000000
 42
0.000000
  0
SEQEND
  0
POLYLINE
  8
0
 66
1
 70
1
  0
VERTEX
  8
0
 10
268.000000
 20
261.500000
 42
-0.045093
  0
VERTEX
  8
0
 10
266.729871
 20
260.371358
 42
-0.058169
  0
VERTEX
  8
0
 10
265.376733
 20
259.596331
 42
-0.057697
  0
VERTEX
  8
0
 10
263.872469
 20
259.149604
 42
-0.043380
  0
VERTEX
  8
0
 10
262.151372
 20
259.000000
 42
0.000000
  0
VERTEX
  8
0
 10
258.651372
 20
259.000000
 42
0.000000
  0
VERTEX
  8
0
 10
261.000000
 20
261.500000
 42
-0.045093
  0
VERTEX
  8
0
 10
262.270129
 20
262.628642
 42
-0.058169
  0
VERTEX
  8
0
 10
263.623267
 20
263.403669
 42
-0.057697
  0
VERTEX
  8
0
 10
265.127531
 20
263.850396
 42
-0.043380
  0
VERTEX
  8
0
 10
266.848628
 20
264.000000
 42
0.000000
  0
VERTEX
  8
0
 10
270.348628
 20
264.000000
 42
0.000000
  0
SEQEND
  0
POLYLINE
  8
0
 66
1
 70
1
  0
VERTEX
  8
0
 10
276.000000
 20
261.500000
 42
-0.045093
  0
VERTEX
  8
0
 10
274.729871
 20
260.371358
 42
-0.058169
  0
VERTEX
  8
0
 10
273.376733
 20
259.596331
 42
-0.057697
  0
VERTEX
  8
0
 10
271.872469
 20
259.149604
 42
-0.043380
  0
VERTEX
  8
0
 10
270.151372
 20
259.000000
 42
0.000000
  0
VERTEX
  8
0
 10
266.651372
 20
259.000000
 42
0.000000
  0
VERTEX
  8
0
 10
269.000000
 20
261.500000
 42
-0.045093
  0
VERTEX
  8
0
 10
270.270129
 20
262.628642
 42
-0.058169
  0
VERTEX
  8
0
 10
271.623267
 20
263.403669
 42
-0.057697
  0
VERTEX
  8
0
 10
273.127531
 20
263.850396
 42
-0.043380
  0
VERTEX
  8
0
 10
274.848628
 20
264.000000
 42
0.000000
  0
VERTEX
  8
0
 10
278.348628
 20
264.000000
 42
0.000000
  0
SEQEND
  0
POLYLINE
  8
0
 66
1
 70
1
  0
VERTEX
  8
0
 10
284.000000
 20
261.500000
 42
-0.045093
  0
VERTEX
  8
0
 10
282.729871
 20
260.371358
 42
-0.058169
  0
VERTEX
  8
0
 10
281.376733
 20
259.596331
 42
-0.057697
  0
VERTEX
  8
0
 10
279.872469
 20
259.149604
 42
-0.043380
  0
VERTEX
  8
0
 10
278.151372
 20
259.000000
 42
0.000000
  0
VERTEX
  8
0
 10
274.651372
 20
259.000000
 42
0.000000
  0
VERTEX
  8
0
 10
277.000000
 20
261.500000
 42
-0.045093
  0
VERTEX
  8
0
 10
278.270129
 20
262.628642
 42
-0.058169
  0
VERTEX
  8
0
 10
279.623267
 20
263.403669
 42
-0.057697
  0
VERTEX
  8
0
 10
281.127531
 20
263.850396
 42
-0.043380
  0
VERTEX
  8
0
 10
282.848628
 20
264.000000
 42
0.000000
  0
VERTEX
  8
0
 10
286.348628
 20
264.000000
 42
0.000000
  0
SEQEND
  0
POLYLINE
  8
0
 66
1
 70
1
  0
VERTEX
  8
0
 10
246.662281
 20
259.750000
 42
-0.174857
  0
VERTEX
  8
0
 10
246.474999
 20
259.540618
 42
-0.447206
  0
VERTEX
  8
0
 10
246.306058
 20
259.601562
 42
-0.078554
  0
VERTEX
  8
0
 10
246.189089
 20
260.108560
 42
-0.017491
  0
VERTEX
  8
0
 10
246.157895
 20
261.000000
 42
-0.017491
  0
VERTEX
  8
0
 10
246.189089
 20
261.891440
 42
-0.078554
  0
VERTEX
  8
0
 10
246.306058
 20
262.398438
 42
-0.447206
  0
VERTEX
  8
0
 10
246.474999
 20
262.459382
 42
-0.174857
  0
VERTEX
  8
0
 10
246.662281
 20
262.250000
 42
-0.057986
  0
VERTEX
  8
0
 10
246.818615
 20
261.679992
 42
-0.037979
  0
VERTEX
  8
0
 10
246.870340
 20
261.000000
 42
-0.037979
  0
VERTEX
  8
0
 10
246.818615
 20
260.320008
 42
-0.057986
  0
SEQEND
  0
POLYLINE
  8
0
 66
1
 70
1
  0
VERTEX
  8
0
 10
176.250000
 20
258.337719
 42
-0.057986
  0
VERTEX
  8
0
 10
175.679992
 20
258.181385
 42
-0.037979
  0
VERTEX
  8
0
 10
175.000000
 20
258.129660
 42
-0.037979
  0
VERTEX
  8
0
 10
174.320008
 20
258.181385
 42
-0.057986
  0
VERTEX
  8
0
 10
173.750000
 20
258.337719
 42
-0.174857
  0
VERTEX
  8
0
 10
173.540618
 20
258.525001
 42
-0.447206
  0
VERTEX
  8
0
 10
173.601562
 20
258.693942
 42
-0.078554
  0
VERTEX
  8
0
 10
174.108560
 20
258.810911
 42
-0.017491
  0
VERTEX
  8
0
 10
175.000000
 20
258.842105
 42
-0.017491
  0
VERTEX
  8
0
 10
175.891440
 20
258.810911
 42
-0.078554
  0
VERTEX
  8
0
 10
176.398438
 20
258.693942
 42
-0.447206
  0
VERTEX
  8
0
 10
176.459382
 20
258.525001
 42
-0.174857
  0
SEQEND
  0
POLYLINE
  8
0
 66
1
 70
1
  0
VERTEX
  8
0
 10
779.000000
 20
255.500000
 42
-0.022185
  0
VERTEX
  8
0
 10
778.904641
 20
253.351887
 42
-0.182984
  0
VERTEX
  8
0
 10
778.485988
 20
252.486732
 42
-0.172066
  0
VERTEX
  8
0
 10
777.585302
 20
252.087370
 42
-0.019141
  0
VERTEX
  8
0
 10
775.303833
 20
252.000000
 42
0.000000
  0
VERTEX
  8
0
 10
771.607666
 20
252.000000
 42
0.000000
  0
VERTEX
  8
0
 10
775.000000
 20
255.500000
 42
-0.004184
  0
VERTEX
  8
0
 10
776.322216
 20
256.841534
 42
-0.006534
  0
VERTEX
  8
0
 10
777.485087
 20
257.971875
 42
-0.002347
  0
VERTEX
  8
0
 10
778.498161
 20
258.922202
 42
-0.189406
  0
VERTEX
  8
0
 10
778.696167
 20
259.000000
 42
-0.380905
  0
VERTEX
  8
0
 10
778.817698
 20
258.891704
 42
-0.007113
  0
VERTEX
  8
0
 10
778.910749
 20
257.971875
 42
-0.013507
  0
VERTEX
  8
0
 10
778.978147
 20
256.841983
 42
-0.008142
  0
SEQEND
  0
POLYLINE
  8
0
 66
1
 70
1
  0
VERTEX
  8
0
 10
170.968149
 20
257.250000
 42
-0.263938
  0
VERTEX
  8
0
 10
170.067991
 20
255.809587
 42
-0.004612
  0
VERTEX
  8
0
 10
161.631794
 20
251.343162
 42
-0.004095
  0
VERTEX
  8
0
 10
153.065601
 20
246.997152
 42
-0.381462
  0
VERTEX
  8
0
 10
151.821613
 20
247.338132
 42
0.143123
  0
VERTEX
  8
0
 10
151.363352
 20
247.733667
 42
0.112738
  0
VERTEX
  8
0
 10
150.718352
 20
247.866579
 42
0.073458
  0
VERTEX
  8
0
 10
149.845581
 20
247.718594
 42
0.028236
  0
VERTEX
  8
0
 10
148.696613
 20
247.271537
 42
0.132495
  0
VERTEX
  8
0
 10
146.950691
 20
245.827682
 42
0.137186
  0
VERTEX
  8
0
 10
146.196628
 20
243.720735
 42
0.161036
  0
VERTEX
  8
0
 10
146.691608
 20
241.768483
 42
0.189049
  0
VERTEX
  8
0
 10
148.225651
 20
240.651242
 42
0.104578
  0
VERTEX
  8
0
 10
150.165681
 20
240.559256
 42
0.056385
  0
VERTEX
  8
0
 10
152.479690
 20
241.208830
 42
0.066676
  0
VERTEX
  8
0
 10
154.223192
 20
242.205880
 42
0.385489
  0
VERTEX
  8
0
 10
154.399545
 20
243.162540
 42
0.106158
  0
VERTEX
  8
0
 10
154.123087
 20
243.450456
 42
0.099352
  0
VERTEX
  8
0
 10
153.746313
 20
243.608034
 42
0.096119
  0
VERTEX
  8
0
 10
153.327180
 20
243.610724
 42
0.092347
  0
VERTEX
  8
0
 10
152.930902
 20
243.457295
 42
-0.032393
  0
VERTEX
  8
0
 10
152.573561
 20
243.267238
 42
-0.068642
  0
VERTEX
  8
0
 10
152.273452
 20
243.178668
 42
-0.132483
  0
VERTEX
  8
0
 10
152.078712
 20
243.200871
 42
-0.307650
  0
VERTEX
  8
0
 10
152.000000
 20
243.316687
 42
-0.264650
  0
VERTEX
  8
0
 10
152.205250
 20
243.677304
 42
-0.000339
  0
VERTEX
  8
0
 10
159.522039
 20
248.016019
 42
-0.003151
  0
VERTEX
  8
0
 10
166.263841
 20
251.950432
 42
-0.008051
  0
VERTEX
  8
0
 10
171.211196
 20
254.690947
 42
-0.546364
  0
VERTEX
  8
0
 10
171.498912
 20
254.529883
 42
-0.002679
  0
VERTEX
  8
0
 10
171.718491
 20
250.542161
 42
-0.007688
  0
VERTEX
  8
0
 10
171.881965
 20
245.774427
 42
-0.004441
  0
VERTEX
  8
0
 10
171.939457
 20
240.035035
 42
0.000000
  0
VERTEX
  8
0
 10
171.956523
 20
225.000000
 42
0.000000
  0
VERTEX
  8
0
 10
106.978262
 20
225.000000
 42
0.000000
  0
VERTEX
  8
0
 10
42.000000
 20
225.000000
 42
0.000000
  0
VERTEX
  8
0
 10
42.000000
 20
241.500000
 42
0.000000
  0
VERTEX
  8
0
 10
42.000000
 20
258.000000
 42
0.000000
  0
VERTEX
  8
0
 10
106.500000
 20
258.000000
 42
-0.001090
  0
VERTEX
  8
0
 10
131.230383
 20
257.946109
 42
-0.001819
  0
VERTEX
  8
0
 10
152.043769
 20
257.779688
 42
-0.000134
  0
VERTEX
  8
0
 10
170.676579
 20
257.557943
 42
-0.423109
  0
SEQEND
  0
POLYLINE
  8
0
 66
1
 70
1
  0
VERTEX
  8
0
 10
291.726244
 20
209.999826
 42
0.000000
  0
VERTEX
  8
0
 10
291.500000
 20
161.999652
 42
0.000000
  0
VERTEX
  8
0
 10
294.750000
 20
161.999826
 42
0.000000
  0
VERTEX
  8
0
 10
298.000000
 20
162.000000
 42
0.000000
  0
VERTEX
  8
0
 10
298.001143
 20
180.250000
 42
0.000000
  0
VERTEX
  8
0
 10
298.002287
 20
198.500000
 42
0.000000
  0
VERTEX
  8
0
 10
365.001143
 20
198.683133
 42
0.000000
  0
VERTEX
  8
0
 10
432.000000
 20
198.866266
 42
0.000000
  0
VERTEX
  8
0
 10
432.031803
 20
182.683133
 42
0.004225
  0
VERTEX
  8
0
 10
432.113284
 20
174.860402
 42
0.014211
  0
VERTEX
  8
0
 10
432.355274
 20
169.746612
 42
0.017913
  0
VERTEX
  8
0
 10
432.741814
 20
166.295141
 42
0.126151
  0
VERTEX
  8
0
 10
433.392046
 20
164.750000
 42
0.042699
  0
VERTEX
  8
0
 10
434.411023
 20
163.621976
 42
0.102600
  0
VERTEX
  8
0
 10
435.368572
 20
163.039744
 42
0.512808
  0
VERTEX
  8
0
 10
435.700644
 20
163.269792
 42
0.143685
  0
VERTEX
  8
0
 10
435.500000
 20
164.000000
 42
-0.572228
  0
VERTEX
  8
0
 10
435.751417
 20
164.476022
 42
-0.002709
  0
VERTEX
  8
0
 10
442.523717
 20
164.746769
 42
-0.006399
  0
VERTEX
  8
0
 10
451.510156
 20
164.942177
 42
-0.002236
  0
VERTEX
  8
0
 10
464.440983
 20
165.000000
 42
-0.002378
  0
VERTEX
  8
0
 10
475.767286
 20
164.946130
 42
-0.003989
  0
VERTEX
  8
0
 10
485.282253
 20
164.779687
 42
-0.000648
  0
VERTEX
  8
0
 10
493.627221
 20
164.556270
 42
-0.452383
  0
VERTEX
  8
0
 10
493.881579
 20
164.250000
 42
0.042430
  0
VERTEX
  8
0
 10
493.542129
 20
159.529934
 42
0.000709
  0
VERTEX
  8
0
 10
493.920666
 20
133.308383
 42
0.000242
  0
VERTEX
  8
0
 10
494.370449
 20
105.779380
 42
0.138061
  0
VERTEX
  8
0
 10
494.833104
 20
104.235803
 42
0.220455
  0
VERTEX
  8
0
 10
495.828457
 20
103.596082
 42
0.013798
  0
VERTEX
  8
0
 10
499.390786
 20
103.203830
 42
0.013451
  0
VERTEX
  8
0
 10
504.695975
 20
102.910811
 42
0.003688
  0
VERTEX
  8
0
 10
513.067791
 20
102.735803
 42
0.000000
  0
VERTEX
  8
0
 10
530.500000
 20
102.500000
 42
0.000000
  0
VERTEX
  8
0
 10
530.715218
 20
65.794028
 42
0.000000
  0
VERTEX
  8
0
 10
530.930436
 20
29.088057
 42
0.000000
  0
VERTEX
  8
0
 10
481.215218
 20
29.523303
 42
0.000000
  0
VERTEX
  8
0
 10
431.500000
 20
29.958549
 42
0.000000
  0
VERTEX
  8
0
 10
429.668481
 20
32.229275
 42
-0.036851
  0
VERTEX
  8
0
 10
426.873121
 20
36.271109
 42
-0.008919
  0
VERTEX
  8
0
 10
422.877652
 20
43.354668
 42
-0.002661
  0
VERTEX
  8
0
 10
418.782308
 20
51.025167
 42
-0.448230
  0
VERTEX
  8
0
 10
419.077367
 20
51.814608
 42
0.171227
  0
VERTEX
  8
0
 10
419.344563
 20
52.044047
 42
0.093573
  0
VERTEX
  8
0
 10
419.488473
 20
52.456759
 42
0.074228
  0
VERTEX
  8
0
 10
419.488858
 20
52.988649
 42
0.054791
  0
VERTEX
  8
0
 10
419.339038
 20
53.558864
 42
0.066318
  0
VERTEX
  8
0
 10
419.063396
 20
54.064805
 42
0.097012
  0
VERTEX
  8
0
 10
418.691979
 20
54.408109
 42
0.122863
  0
VERTEX
  8
0
 10
418.286338
 20
54.537226
 42
0.155546
  0
VERTEX
  8
0
 10
417.906670
 20
54.442319
 42
-0.143354
  0
VERTEX
  8
0
 10
417.622102
 20
54.363928
 42
-0.316303
  0
VERTEX
  8
0
 10
417.448807
 20
54.489922
 42
-0.137359
  0
VERTEX
  8
0
 10
417.429115
 20
54.838433
 42
-0.037478
  0
VERTEX
  8
0
 10
417.589014
 20
55.371370
 42
0.124851
  0
VERTEX
  8
0
 10
417.668100
 20
56.038528
 42
0.096551
  0
VERTEX
  8
0
 10
417.434937
 20
56.735274
 42
0.081723
  0
VERTEX
  8
0
 10
416.908665
 20
57.388044
 42
0.059519
  0
VERTEX
  8
0
 10
416.143301
 20
57.923308
 42
0.014999
  0
VERTEX
  8
0
 10
414.408851
 20
58.785667
 42
0.135608
  0
VERTEX
  8
0
 10
413.581006
 20
58.920821
 42
0.301143
  0
VERTEX
  8
0
 10
413.143835
 20
58.557983
 42
0.073391
  0
VERTEX
  8
0
 10
413.000000
 20
57.583333
 42
-0.079942
  0
VERTEX
  8
0
 10
412.907933
 20
57.011177
 42
-0.068404
  0
VERTEX
  8
0
 10
412.639029
 20
56.462489
 42
-0.070205
  0
VERTEX
  8
0
 10
412.240843
 20
56.019745
 42
-0.094380
  0
VERTEX
  8
0
 10
411.771164
 20
55.757055
 42
0.407533
  0
VERTEX
  8
0
 10
411.298412
 20
54.837969
 42
0.057881
  0
VERTEX
  8
0
 10
412.241868
 20
52.693826
 42
0.050825
  0
VERTEX
  8
0
 10
413.762703
 20
50.615461
 42
0.212494
  0
VERTEX
  8
0
 10
415.145498
 20
50.000000
 42
0.190897
  0
VERTEX
  8
0
 10
415.485875
 20
50.134869
 42
0.249037
  0
VERTEX
  8
0
 10
415.592086
 20
50.446841
 42
0.102461
  0
VERTEX
  8
0
 10
415.391928
 20
50.971885
 42
0.028279
  0
VERTEX
  8
0
 10
414.872445
 20
51.691958
 42
-0.012508
  0
VERTEX
  8
0
 10
414.331470
 20
52.394066
 42
-0.118096
  0
VERTEX
  8
0
 10
414.185723
 20
52.742303
 42
-0.561900
  0
VERTEX
  8
0
 10
414.302781
 20
52.842552
 42
-0.056303
  0
VERTEX
  8
0
 10
414.715936
 20
52.653994
 42
-0.116276
  0
VERTEX
  8
0
 10
415.402709
 20
51.985180
 42
-0.004848
  0
VERTEX
  8
0
 10
417.224449
 20
49.062838
 42
-0.008164
  0
VERTEX
  8
0
 10
419.308002
 20
45.518275
 42
-0.005687
  0
VERTEX
  8
0
 10
421.548071
 20
41.453781
 42
0.008398
  0
VERTEX
  8
0
 10
423.766711
 20
37.479294
 42
0.014044
  0
VERTEX
  8
0
 10
425.780769
 20
34.223694
 42
0.007698
  0
VERTEX
  8
0
 10
427.528874
 20
31.654733
 42
0.396944
  0
VERTEX
  8
0
 10
428.070680
 20
31.543683
 42
-0.111868
  0
VERTEX
  8
0
 10
428.373022
 20
31.647500
 42
-0.312668
  0
VERTEX
  8
0
 10
428.559859
 20
31.545886
 42
-0.166784
  0
VERTEX
  8
0
 10
428.601206
 20
31.243906
 42
-0.043015
  0
VERTEX
  8
0
 10
428.463136
 20
30.764531
 42
-0.302500
  0
VERTEX
  8
0
 10
427.351731
 20
29.976294
 42
-0.002253
  0
VERTEX
  8
0
 10
415.575013
 20
29.683148
 42
-0.004402
  0
VERTEX
  8
0
 10
397.733430
 20
29.476606
 42
-0.000710
  0
VERTEX
  8
0
 10
362.974591
 20
29.429638
 42
0.000000
  0
VERTEX
  8
0
 10
298.000000
 20
29.434091
 42
0.000000
  0
VERTEX
  8
0
 10
298.000000
 20
77.054387
 42
0.000000
  0
VERTEX
  8
0
 10
298.000000
 20
124.674684
 42
0.000000
  0
VERTEX
  8
0
 10
251.639053
 20
125.311350
 42
0.001585
  0
VERTEX
  8
0
 10
232.925983
 20
125.509018
 42
0.001814
  0
VERTEX
  8
0
 10
215.037037
 20
125.576380
 42
0.001635
  0
VERTEX
  8
0
 10
199.860635
 20
125.528841
 42
0.010349
  0
VERTEX
  8
0
 10
192.139053
 20
125.319538
 42
0.000000
  0
VERTEX
  8
0
 10
179.000000
 20
124.691060
 42
0.000000
  0
VERTEX
  8
0
 10
179.000000
 20
191.345530
 42
0.000000
  0
VERTEX
  8
0
 10
179.000000
 20
258.000000
 42
0.000000
  0
VERTEX
  8
0
 10
235.476244
 20
258.000000
 42
0.000000
  0
VERTEX
  8
0
 10
291.952487
 20
258.000000
 42
0.000000
  0
SEQEND
  0
POLYLINE
  8
0
 66
1
 70
1
  0
VERTEX
  8
0
 10
36.075486
 20
245.599296
 42
0.000000
  0
VERTEX
  8
0
 10
31.000000
 20
240.523810
 42
0.000000
  0
VERTEX
  8
0
 10
31.000000
 20
243.977556
 42
-0.060561
  0
VERTEX
  8
0
 10
31.239608
 20
245.948552
 42
-0.069715
  0
VERTEX
  8
0
 10
31.943844
 20
247.705849
 42
-0.049032
  0
VERTEX
  8
0
 10
33.317484
 20
249.636724
 42
-0.015041
  0
VERTEX
  8
0
 10
35.750000
 20
252.266740
 42
0.000000
  0
VERTEX
  8
0
 10
40.500000
 20
257.102178
 42
0.000000
  0
VERTEX
  8
0
 10
40.825486
 20
253.888480
 42
-0.067581
  0
VERTEX
  8
0
 10
40.760517
 20
251.979469
 42
-0.088072
  0
VERTEX
  8
0
 10
40.170847
 20
250.336920
 42
-0.054366
  0
VERTEX
  8
0
 10
38.813767
 20
248.471666
 42
-0.011948
  0
SEQEND
  0
POLYLINE
  8
0
 66
1
 70
1
  0
VERTEX
  8
0
 10
177.269032
 20
256.344063
 42
-0.062780
  0
VERTEX
  8
0
 10
176.671085
 20
256.185595
 42
-0.030339
  0
VERTEX
  8
0
 10
175.880008
 20
256.127736
 42
-0.029507
  0
VERTEX
  8
0
 10
175.036634
 20
256.167106
 42
-0.037336
  0
VERTEX
  8
0
 10
174.269032
 20
256.307009
 42
-0.087174
  0
VERTEX
  8
0
 10
173.883358
 20
256.483340
 42
-0.597527
  0
VERTEX
  8
0
 10
173.900903
 20
256.643467
 42
-0.080377
  0
VERTEX
  8
0
 10
174.431793
 20
256.764444
 42
-0.012823
  0
VERTEX
  8
0
 10
175.500000
 20
256.805051
 42
-0.014395
  0
VERTEX
  8
0
 10
176.580113
 20
256.787295
 42
-0.052471
  0
VERTEX
  8
0
 10
177.257153
 20
256.684921
 42
-0.333666
  0
VERTEX
  8
0
 10
177.386009
 20
256.522870
 42
-0.313180
  0
SEQEND
  0
POLYLINE
  8
0
 66
1
 70
1
  0
VERTEX
  8
0
 10
295.074385
 20
248.629940
 42
0.000000
  0
VERTEX
  8
0
 10
293.000000
 20
246.555556
 42
0.000000
  0
VERTEX
  8
0
 10
293.000000
 20
249.949037
 42
-0.044520
  0
VERTEX
  8
0
 10
293.128658
 20
251.391137
 42
-0.034688
  0
VERTEX
  8
0
 10
293.514063
 20
252.917625
 42
-0.035682
  0
VERTEX
  8
0
 10
294.078852
 20
254.299514
 42
-0.068313
  0
VERTEX
  8
0
 10
294.750000
 20
255.289555
 42
-0.013511
  0
VERTEX
  8
0
 10
295.893063
 20
256.494199
 42
-0.351207
  0
VERTEX
  8
0
 10
296.309455
 20
256.539810
 42
-0.223081
  0
VERTEX
  8
0
 10
296.582186
 20
256.109995
 42
-0.006864
  0
VERTEX
  8
0
 10
296.824385
 20
253.970458
 42
-0.042169
  0
VERTEX
  8
0
 10
296.847935
 20
252.368954
 42
-0.061847
  0
VERTEX
  8
0
 10
296.577869
 20
250.987958
 42
-0.064866
  0
VERTEX
  8
0
 10
295.992059
 20
249.763404
 42
-0.052458
  0
SEQEND
  0
POLYLINE
  8
0
 66
1
 70
1
  0
VERTEX
  8
0
 10
178.000000
 20
242.000000
 42
0.000000
  0
VERTEX
  8
0
 10
178.000000
 20
229.000000
 42
0.000000
  0
VERTEX
  8
0
 10
175.500000
 20
229.000000
 42
0.000000
  0
VERTEX
  8
0
 10
173.000000
 20
229.000000
 42
0.000000
  0
VERTEX
  8
0
 10
173.000000
 20
242.000000
 42
0.000000
  0
VERTEX
  8
0
 10
173.000000
 20
255.000000
 42
0.000000
  0
VERTEX
  8
0
 10
175.500000
 20
255.000000
 42
0.000000
  0
VERTEX
  8
0
 10
178.000000
 20
255.000000
 42
0.000000
  0
SEQEND
  0
POLYLINE
  8
0
 66
1
 70
1
  0
VERTEX
  8
0
 10
771.000000
 20
235.940983
 42
-0.004506
  0
VERTEX
  8
0
 10
770.941363
 20
229.434338
 42
-0.012779
  0
VERTEX
  8
0
 10
770.743659
 20
224.900639
 42
-0.010396
  0
VERTEX
  8
0
 10
770.457093
 20
221.722637
 42
-0.550742
  0
VERTEX
  8
0
 10
770.000000
 20
221.500000
 42
0.074422
  0
VERTEX
  8
0
 10
769.617505
 20
221.663978
 42
0.151112
  0
VERTEX
  8
0
 10
769.293750
 20
221.649879
 42
0.187673
  0
VERTEX
  8
0
 10
769.079653
 20
221.464174
 42
0.121914
  0
VERTEX
  8
0
 10
769.000000
 20
221.142350
 42
0.111184
  0
VERTEX
  8
0
 10
769.092448
 20
220.731748
 42
0.064692
  0
VERTEX
  8
0
 10
769.367188
 20
220.305110
 42
0.059740
  0
VERTEX
  8
0
 10
769.772034
 20
219.927857
 42
0.061896
  0
VERTEX
  8
0
 10
770.250000
 20
219.662281
 42
-0.051902
  0
VERTEX
  8
0
 10
770.648042
 20
219.451380
 42
-0.449116
  0
VERTEX
  8
0
 10
770.672067
 20
219.275306
 42
-0.185333
  0
VERTEX
  8
0
 10
770.416573
 20
219.137165
 42
-0.021021
  0
VERTEX
  8
0
 10
769.750000
 20
219.078947
 42
-0.307331
  0
VERTEX
  8
0
 10
768.784785
 20
219.672395
 42
-0.078592
  0
VERTEX
  8
0
 10
768.276110
 20
221.536892
 42
-0.025029
  0
VERTEX
  8
0
 10
768.044933
 20
225.422211
 42
-0.002346
  0
VERTEX
  8
0
 10
768.000000
 20
235.000000
 42
-0.002849
  0
VERTEX
  8
0
 10
768.050326
 20
243.832317
 42
-0.020523
  0
VERTEX
  8
0
 10
768.273438
 20
248.083333
 42
-0.043130
  0
VERTEX
  8
0
 10
768.690936
 20
250.381807
 42
-0.338315
  0
VERTEX
  8
0
 10
769.500000
 20
251.000000
 42
-0.332547
  0
VERTEX
  8
0
 10
770.303226
 20
250.399355
 42
-0.046871
  0
VERTEX
  8
0
 10
770.725098
 20
248.240164
 42
-0.021756
  0
VERTEX
  8
0
 10
770.949172
 20
244.226832
 42
-0.003067
  0
SEQEND
  0
POLYLINE
  8
0
 66
1
 70
1
  0
VERTEX
  8
0
 10
779.000000
 20
235.000000
 42
-0.002045
  0
VERTEX
  8
0
 10
778.958547
 20
224.863351
 42
-0.029052
  0
VERTEX
  8
0
 10
778.718750
 20
221.250000
 42
-0.112672
  0
VERTEX
  8
0
 10
778.123087
 20
219.611831
 42
-0.254715
  0
VERTEX
  8
0
 10
777.000000
 20
219.000000
 42
-0.254715
  0
VERTEX
  8
0
 10
775.876913
 20
219.611831
 42
-0.112672
  0
VERTEX
  8
0
 10
775.281250
 20
221.250000
 42
-0.029052
  0
VERTEX
  8
0
 10
775.041453
 20
224.863351
 42
-0.002045
  0
VERTEX
  8
0
 10
775.000000
 20
235.000000
 42
-0.002045
  0
VERTEX
  8
0
 10
775.041453
 20
245.136649
 42
-0.029052
  0
VERTEX
  8
0
 10
775.281250
 20
248.750000
 42
-0.112672
  0
VERTEX
  8
0
 10
775.876913
 20
250.388169
 42
-0.254715
  0
VERTEX
  8
0
 10
777.000000
 20
251.000000
 42
-0.254715
  0
VERTEX
  8
0
 10
778.123087
 20
250.388169
 42
-0.112672
  0
VERTEX
  8
0
 10
778.718750
 20
248.750000
 42
-0.029052
  0
VERTEX
  8
0
 10
778.958547
 20
245.136649
 42
-0.002045
  0
SEQEND
  0
POLYLINE
  8
0
 66
1
 70
1
  0
VERTEX
  8
0
 10
36.075486
 20
237.599296
 42
0.000000
  0
VERTEX
  8
0
 10
31.000000
 20
232.523810
 42
0.000000
  0
VERTEX
  8
0
 10
31.000000
 20
235.977556
 42
-0.060561
  0
VERTEX
  8
0
 10
31.239608
 20
237.948552
 42
-0.069715
  0
VERTEX
  8
0
 10
31.943844
 20
239.705849
 42
-0.049032
  0
VERTEX
  8
0
 10
33.317484
 20
241.636724
 42
-0.015041
  0
VERTEX
  8
0
 10
35.750000
 20
244.266740
 42
0.000000
  0
VERTEX
  8
0
 10
40.500000
 20
249.102178
 42
0.000000
  0
VERTEX
  8
0
 10
40.825486
 20
245.888480
 42
-0.067581
  0
VERTEX
  8
0
 10
40.760517
 20
243.979469
 42
-0.088072
  0
VERTEX
  8
0
 10
40.170847
 20
242.336920
 42
-0.054366
  0
VERTEX
  8
0
 10
38.813767
 20
240.471666
 42
-0.011948
  0
SEQEND
  0
POLYLINE
  8
0
 66
1
 70
1
  0
VERTEX
  8
0
 10
295.074385
 20
240.629940
 42
0.000000
  0
VERTEX
  8
0
 10
293.000000
 20
238.555556
 42
0.000000
  0
VERTEX
  8
0
 10
293.000000
 20
241.949037
 42
-0.044520
  0
VERTEX
  8
0
 10
293.128658
 20
243.391137
 42
-0.034688
  0
VERTEX
  8
0
 10
293.514063
 20
244.917625
 42
-0.035682
  0
VERTEX
  8
0
 10
294.078852
 20
246.299514
 42
-0.068313
  0
VERTEX
  8
0
 10
294.750000
 20
247.289555
 42
-0.013511
  0
VERTEX
  8
0
 10
295.893063
 20
248.494199
 42
-0.351207
  0
VERTEX
  8
0
 10
296.309455
 20
248.539810
 42
-0.223081
  0
VERTEX
  8
0
 10
296.582186
 20
248.109995
 42
-0.006864
  0
VERTEX
  8
0
 10
296.824385
 20
245.970458
 42
-0.042169
  0
VERTEX
  8
0
 10
296.847935
 20
244.368954
 42
-0.061847
  0
VERTEX
  8
0
 10
296.577869
 20
242.987958
 42
-0.064866
  0
VERTEX
  8
0
 10
295.992059
 20
241.763404
 42
-0.052458
  0
SEQEND
  0
POLYLINE
  8
0
 66
1
 70
1
  0
VERTEX
  8
0
 10
36.075486
 20
229.599296
 42
0.000000
  0
VERTEX
  8
0
 10
31.000000
 20
224.523810
 42
0.000000
  0
VERTEX
  8
0
 10
31.000000
 20
227.977556
 42
-0.060561
  0
VERTEX
  8
0
 10
31.239608
 20
229.948552
 42
-0.069715
  0
VERTEX
  8
0
 10
31.943844
 20
231.705849
 42
-0.049032
  0
VERTEX
  8
0
 10
33.317484
 20
233.636724
 42
-0.015041
  0
VERTEX
  8
0
 10
35.750000
 20
236.266740
 42
0.000000
  0
VERTEX
  8
0
 10
40.500000
 20
241.102178
 42
0.000000
  0
VERTEX
  8
0
 10
40.825486
 20
237.888480
 42
-0.067581
  0
VERTEX
  8
0
 10
40.760517
 20
235.979469
 42
-0.088072
  0
VERTEX
  8
0
 10
40.170847
 20
234.336920
 42
-0.054366
  0
VERTEX
  8
0
 10
38.813767
 20
232.471666
 42
-0.011948
  0
SEQEND
  0
POLYLINE
  8
0
 66
1
 70
1
  0
VERTEX
  8
0
 10
295.074385
 20
232.629940
 42
0.000000
  0
VERTEX
  8
0
 10
293.000000
 20
230.555556
 42
0.000000
  0
VERTEX
  8
0
 10
293.000000
 20
233.949037
 42
-0.044520
  0
VERTEX
  8
0
 10
293.128658
 20
235.391137
 42
-0.034688
  0
VERTEX
  8
0
 10
293.514063
 20
236.917625
 42
-0.035682
  0
VERTEX
  8
0
 10
294.078852
 20
238.299514
 42
-0.068313
  0
VERTEX
  8
0
 10
294.750000
 20
239.289555
 42
-0.013511
  0
VERTEX
  8
0
 10
295.893063
 20
240.494199
 42
-0.351207
  0
VERTEX
  8
0
 10
296.309455
 20
240.539810
 42
-0.223081
  0
VERTEX
  8
0
 10
296.582186
 20
240.109995
 42
-0.006864
  0
VERTEX
  8
0
 10
296.824385
 20
237.970458
 42
-0.042169
  0
VERTEX
  8
0
 10
296.847935
 20
236.368954
 42
-0.061847
  0
VERTEX
  8
0
 10
296.577869
 20
234.987958
 42
-0.064866
  0
VERTEX
  8
0
 10
295.992059
 20
233.763404
 42
-0.052458
  0
SEQEND
  0
POLYLINE
  8
0
 66
1
 70
1
  0
VERTEX
  8
0
 10
36.075486
 20
221.599296
 42
0.000000
  0
VERTEX
  8
0
 10
31.000000
 20
216.523810
 42
0.000000
  0
VERTEX
  8
0
 10
31.000000
 20
219.977556
 42
-0.060561
  0
VERTEX
  8
0
 10
31.239608
 20
221.948552
 42
-0.069715
  0
VERTEX
  8
0
 10
31.943844
 20
223.705849
 42
-0.049032
  0
VERTEX
  8
0
 10
33.317484
 20
225.636724
 42
-0.015041
  0
VERTEX
  8
0
 10
35.750000
 20
228.266740
 42
0.000000
  0
VERTEX
  8
0
 10
40.500000
 20
233.102178
 42
0.000000
  0
VERTEX
  8
0
 10
40.825486
 20
229.888480
 42
-0.067581
  0
VERTEX
  8
0
 10
40.760517
 20
227.979469
 42
-0.088072
  0
VERTEX
  8
0
 10
40.170847
 20
226.336920
 42
-0.054366
  0
VERTEX
  8
0
 10
38.813767
 20
224.471666
 42
-0.011948
  0
SEQEND
  0
POLYLINE
  8
0
 66
1
 70
1
  0
VERTEX
  8
0
 10
295.074385
 20
224.629940
 42
0.000000
  0
VERTEX
  8
0
 10
293.000000
 20
222.555556
 42
0.000000
  0
VERTEX
  8
0
 10
293.000000
 20
225.949037
 42
-0.044520
  0
VERTEX
  8
0
 10
293.128658
 20
227.391137
 42
-0.034688
  0
VERTEX
  8
0
 10
293.514063
 20
228.917625
 42
-0.035682
  0
VERTEX
  8
0
 10
294.078852
 20
230.299514
 42
-0.068313
  0
VERTEX
  8
0
 10
294.750000
 20
231.289555
 42
-0.013511
  0
VERTEX
  8
0
 10
295.893063
 20
232.494199
 42
-0.351207
  0
VERTEX
  8
0
 10
296.309455
 20
232.539810
 42
-0.223081
  0
VERTEX
  8
0
 10
296.582186
 20
232.109995
 42
-0.006864
  0
VERTEX
  8
0
 10
296.824385
 20
229.970458
 42
-0.042169
  0
VERTEX
  8
0
 10
296.847935
 20
228.368954
 42
-0.061847
  0
VERTEX
  8
0
 10
296.577869
 20
226.987958
 42
-0.064866
  0
VERTEX
  8
0
 10
295.992059
 20
225.763404
 42
-0.052458
  0
SEQEND
  0
POLYLINE
  8
0
 66
1
 70
1
  0
VERTEX
  8
0
 10
330.730265
 20
226.069278
 42
-0.039075
  0
VERTEX
  8
0
 10
330.620945
 20
225.361741
 42
-0.079088
  0
VERTEX
  8
0
 10
330.407608
 20
224.841638
 42
-0.140997
  0
VERTEX
  8
0
 10
330.131761
 20
224.587963
 42
-0.259868
  0
VERTEX
  8
0
 10
329.836088
 20
224.601303
 42
-0.156206
  0
VERTEX
  8
0
 10
329.591564
 20
224.887340
 42
-0.075558
  0
VERTEX
  8
0
 10
329.472764
 20
225.359336
 42
-0.063531
  0
VERTEX
  8
0
 10
329.490736
 20
225.936181
 42
-0.052140
  0
VERTEX
  8
0
 10
329.650663
 20
226.532025
 42
-0.019920
  0
VERTEX
  8
0
 10
330.192409
 20
227.791397
 42
-0.402215
  0
VERTEX
  8
0
 10
330.548299
 20
227.925310
 42
-0.302580
  0
VERTEX
  8
0
 10
330.792967
 20
227.550408
 42
-0.016440
  0
SEQEND
  0
POLYLINE
  8
0
 66
1
 70
1
  0
VERTEX
  8
0
 10
366.381557
 20
226.448062
 42
-0.036408
  0
VERTEX
  8
0
 10
366.556862
 20
225.868281
 42
-0.155351
  0
VERTEX
  8
0
 10
366.525685
 20
225.512472
 42
-0.329480
  0
VERTEX
  8
0
 10
366.325929
 20
225.393111
 42
-0.114400
  0
VERTEX
  8
0
 10
365.988546
 20
225.507079
 42
-0.061454
  0
VERTEX
  8
0
 10
365.610411
 20
225.810572
 42
-0.051183
  0
VERTEX
  8
0
 10
365.290385
 20
226.214980
 42
-0.053277
  0
VERTEX
  8
0
 10
365.072509
 20
226.653950
 42
-0.088797
  0
VERTEX
  8
0
 10
365.000000
 20
227.059017
 42
-0.079093
  0
VERTEX
  8
0
 10
365.117673
 20
227.798253
 42
-0.444011
  0
VERTEX
  8
0
 10
365.441482
 20
227.942608
 42
-0.168622
  0
VERTEX
  8
0
 10
365.894727
 20
227.519970
 42
-0.029964
  0
SEQEND
  0
POLYLINE
  8
0
 66
1
 70
1
  0
VERTEX
  8
0
 10
177.269032
 20
226.344063
 42
-0.062780
  0
VERTEX
  8
0
 10
176.671085
 20
226.185595
 42
-0.030339
  0
VERTEX
  8
0
 10
175.880008
 20
226.127736
 42
-0.029507
  0
VERTEX
  8
0
 10
175.036634
 20
226.167106
 42
-0.037336
  0
VERTEX
  8
0
 10
174.269032
 20
226.307009
 42
-0.087174
  0
VERTEX
  8
0
 10
173.883358
 20
226.483340
 42
-0.597527
  0
VERTEX
  8
0
 10
173.900903
 20
226.643467
 42
-0.080377
  0
VERTEX
  8
0
 10
174.431793
 20
226.764444
 42
-0.012823
  0
VERTEX
  8
0
 10
175.500000
 20
226.805051
 42
-0.014395
  0
VERTEX
  8
0
 10
176.580113
 20
226.787295
 42
-0.052471
  0
VERTEX
  8
0
 10
177.257153
 20
226.684921
 42
-0.333666
  0
VERTEX
  8
0
 10
177.386009
 20
226.522870
 42
-0.313180
  0
SEQEND
  0
POLYLINE
  8
0
 66
1
 70
1
  0
VERTEX
  8
0
 10
38.788292
 20
216.338941
 42
0.000000
  0
VERTEX
  8
0
 10
31.500000
 20
208.916121
 42
0.000000
  0
VERTEX
  8
0
 10
31.176150
 20
212.098734
 42
-0.065210
  0
VERTEX
  8
0
 10
31.229726
 20
213.956657
 42
-0.085213
  0
VERTEX
  8
0
 10
31.778095
 20
215.562441
 42
-0.055824
  0
VERTEX
  8
0
 10
33.028603
 20
217.349260
 42
-0.013917
  0
VERTEX
  8
0
 10
35.462687
 20
219.962118
 42
-0.013186
  0
VERTEX
  8
0
 10
38.056453
 20
222.460169
 42
-0.058067
  0
VERTEX
  8
0
 10
39.776681
 20
223.699272
 42
-0.093096
  0
VERTEX
  8
0
 10
41.305074
 20
224.210127
 42
-0.070778
  0
VERTEX
  8
0
 10
43.074830
 20
224.202325
 42
0.000000
  0
VERTEX
  8
0
 10
46.076584
 20
223.761761
 42
0.000000
  0
SEQEND
  0
POLYLINE
  8
0
 66
1
 70
1
  0
VERTEX
  8
0
 10
295.074385
 20
216.629940
 42
0.000000
  0
VERTEX
  8
0
 10
293.000000
 20
214.555556
 42
0.000000
  0
VERTEX
  8
0
 10
293.000000
 20
217.949037
 42
-0.044520
  0
VERTEX
  8
0
 10
293.128658
 20
219.391137
 42
-0.034688
  0
VERTEX
  8
0
 10
293.514063
 20
220.917625
 42
-0.035682
  0
VERTEX
  8
0
 10
294.078852
 20
222.299514
 42
-0.068313
  0
VERTEX
  8
0
 10
294.750000
 20
223.289555
 42
-0.013511
  0
VERTEX
  8
0
 10
295.893063
 20
224.494199
 42
-0.351207
  0
VERTEX
  8
0
 10
296.309455
 20
224.539810
 42
-0.223081
  0
VERTEX
  8
0
 10
296.582186
 20
224.109995
 42
-0.006864
  0
VERTEX
  8
0
 10
296.824385
 20
221.970458
 42
-0.042169
  0
VERTEX
  8
0
 10
296.847935
 20
220.368954
 42
-0.061847
  0
VERTEX
  8
0
 10
296.577869
 20
218.987958
 42
-0.064866
  0
VERTEX
  8
0
 10
295.992059
 20
217.763404
 42
-0.052458
  0
SEQEND
  0
POLYLINE
  8
0
 66
1
 70
1
  0
VERTEX
  8
0
 10
52.500000
 20
222.000000
 42
-0.065737
  0
VERTEX
  8
0
 10
51.503381
 20
221.153811
 42
-0.053162
  0
VERTEX
  8
0
 10
50.248809
 20
220.522141
 42
-0.049190
  0
VERTEX
  8
0
 10
48.790592
 20
220.131231
 42
-0.040927
  0
VERTEX
  8
0
 10
47.190025
 20
220.000000
 42
-0.006407
  0
VERTEX
  8
0
 10
44.877306
 20
220.029637
 42
-0.214078
  0
VERTEX
  8
0
 10
44.389808
 20
220.263573
 42
-0.359731
  0
VERTEX
  8
0
 10
44.385064
 20
220.696593
 42
-0.013972
  0
VERTEX
  8
0
 10
45.500000
 20
222.000000
 42
-0.065737
  0
VERTEX
  8
0
 10
46.496619
 20
222.846189
 42
-0.053162
  0
VERTEX
  8
0
 10
47.751191
 20
223.477859
 42
-0.049190
  0
VERTEX
  8
0
 10
49.209408
 20
223.868769
 42
-0.040927
  0
VERTEX
  8
0
 10
50.809975
 20
224.000000
 42
-0.006407
  0
VERTEX
  8
0
 10
53.122694
 20
223.970363
 42
-0.214078
  0
VERTEX
  8
0
 10
53.610192
 20
223.736427
 42
-0.359731
  0
VERTEX
  8
0
 10
53.614936
 20
223.303407
 42
-0.013972
  0
SEQEND
  0
POLYLINE
  8
0
 66
1
 70
1
  0
VERTEX
  8
0
 10
60.500000
 20
222.000000
 42
-0.065737
  0
VERTEX
  8
0
 10
59.503381
 20
221.153811
 42
-0.053162
  0
VERTEX
  8
0
 10
58.248809
 20
220.522141
 42
-0.049190
  0
VERTEX
  8
0
 10
56.790592
 20
220.131231
 42
-0.040927
  0
VERTEX
  8
0
 10
55.190025
 20
220.000000
 42
-0.006407
  0
VERTEX
  8
0
 10
52.877306
 20
220.029637
 42
-0.214078
  0
VERTEX
  8
0
 10
52.389808
 20
220.263573
 42
-0.359731
  0
VERTEX
  8
0
 10
52.385064
 20
220.696593
 42
-0.013972
  0
VERTEX
  8
0
 10
53.500000
 20
222.000000
 42
-0.065737
  0
VERTEX
  8
0
 10
54.496619
 20
222.846189
 42
-0.053162
  0
VERTEX
  8
0
 10
55.751191
 20
223.477859
 42
-0.049190
  0
VERTEX
  8
0
 10
57.209408
 20
223.868769
 42
-0.040927
  0
VERTEX
  8
0
 10
58.809975
 20
224.000000
 42
-0.006407
  0
VERTEX
  8
0
 10
61.122694
 20
223.970363
 42
-0.214078
  0
VERTEX
  8
0
 10
61.610192
 20
223.736427
 42
-0.359731
  0
VERTEX
  8
0
 10
61.614936
 20
223.303407
 42
-0.013972
  0
SEQEND
  0
POLYLINE
  8
0
 66
1
 70
1
  0
VERTEX
  8
0
 10
68.500000
 20
222.000000
 42
-0.065737
  0
VERTEX
  8
0
 10
67.503381
 20
221.153811
 42
-0.053162
  0
VERTEX
  8
0
 10
66.248809
 20
220.522141
 42
-0.049190
  0
VERTEX
  8
0
 10
64.790592
 20
220.131231
 42
-0.040927
  0
VERTEX
  8
0
 10
63.190025
 20
220.000000
 42
-0.006407
  0
VERTEX
  8
0
 10
60.877306
 20
220.029637
 42
-0.214078
  0
VERTEX
  8
0
 10
60.389808
 20
220.263573
 42
-0.359731
  0
VERTEX
  8
0
 10
60.385064
 20
220.696593
 42
-0.013972
  0
VERTEX
  8
0
 10
61.500000
 20
222.000000
 42
-0.065737
  0
VERTEX
  8
0
 10
62.496619
 20
222.846189
 42
-0.053162
  0
VERTEX
  8
0
 10
63.751191
 20
223.477859
 42
-0.049190
  0
VERTEX
  8
0
 10
65.209408
 20
223.868769
 42
-0.040927
  0
VERTEX
  8
0
 10
66.809975
 20
224.000000
 42
-0.006407
  0
VERTEX
  8
0
 10
69.122694
 20
223.970363
 42
-0.214078
  0
VERTEX
  8
0
 10
69.610192
 20
223.736427
 42
-0.359731
  0
VERTEX
  8
0
 10
69.614936
 20
223.303407
 42
-0.013972
  0
SEQEND
  0
POLYLINE
  8
0
 66
1
 70
1
  0
VERTEX
  8
0
 10
76.500000
 20
222.000000
 42
-0.065737
  0
VERTEX
  8
0
 10
75.503381
 20
221.153811
 42
-0.053162
  0
VERTEX
  8
0
 10
74.248809
 20
220.522141
 42
-0.049190
  0
VERTEX
  8
0
 10
72.790592
 20
220.131231
 42
-0.040927
  0
VERTEX
  8
0
 10
71.190025
 20
220.000000
 42
-0.006407
  0
VERTEX
  8
0
 10
68.877306
 20
220.029637
 42
-0.214078
  0
VERTEX
  8
0
 10
68.389808
 20
220.263573
 42
-0.359731
  0
VERTEX
  8
0
 10
68.385064
 20
220.696593
 42
-0.013972
  0
VERTEX
  8
0
 10
69.500000
 20
222.000000
 42
-0.065737
  0
VERTEX
  8
0
 10
70.496619
 20
222.846189
 42
-0.053162
  0
VERTEX
  8
0
 10
71.751191
 20
223.477859
 42
-0.049190
  0
VERTEX
  8
0
 10
73.209408
 20
223.868769
 42
-0.040927
  0
VERTEX
  8
0
 10
74.809975
 20
224.000000
 42
-0.006407
  0
VERTEX
  8
0
 10
77.122694
 20
223.970363
 42
-0.214078
  0
VERTEX
  8
0
 10
77.610192
 20
223.736427
 42
-0.359731
  0
VERTEX
  8
0
 10
77.614936
 20
223.303407
 42
-0.013972
  0
SEQEND
  0
POLYLINE
  8
0
 66
1
 70
1
  0
VERTEX
  8
0
 10
84.500000
 20
222.000000
 42
-0.065737
  0
VERTEX
  8
0
 10
83.503381
 20
221.153811
 42
-0.053162
  0
VERTEX
  8
0
 10
82.248809
 20
220.522141
 42
-0.049190
  0
VERTEX
  8
0
 10
80.790592
 20
220.131231
 42
-0.040927
  0
VERTEX
  8
0
 10
79.190025
 20
220.000000
 42
-0.006407
  0
VERTEX
  8
0
 10
76.877306
 20
220.029637
 42
-0.214078
  0
VERTEX
  8
0
 10
76.389808
 20
220.263573
 42
-0.359731
  0
VERTEX
  8
0
 10
76.385064
 20
220.696593
 42
-0.013972
  0
VERTEX
  8
0
 10
77.500000
 20
222.000000
 42
-0.065737
  0
VERTEX
  8
0
 10
78.496619
 20
222.846189
 42
-0.053162
  0
VERTEX
  8
0
 10
79.751191
 20
223.477859
 42
-0.049190
  0
VERTEX
  8
0
 10
81.209408
 20
223.868769
 42
-0.040927
  0
VERTEX
  8
0
 10
82.809975
 20
224.000000
 42
-0.006407
  0
VERTEX
  8
0
 10
85.122694
 20
223.970363
 42
-0.214078
  0
VERTEX
  8
0
 10
85.610192
 20
223.736427
 42
-0.359731
  0
VERTEX
  8
0
 10
85.614936
 20
223.303407
 42
-0.013972
  0
SEQEND
  0
POLYLINE
  8
0
 66
1
 70
1
  0
VERTEX
  8
0
 10
92.230375
 20
222.000000
 42
-0.059007
  0
VERTEX
  8
0
 10
91.162052
 20
221.217553
 42
-0.039051
  0
VERTEX
  8
0
 10
89.782110
 20
220.574289
 42
-0.038540
  0
VERTEX
  8
0
 10
88.291168
 20
220.143784
 42
-0.051059
  0
VERTEX
  8
0
 10
86.886826
 20
220.000000
 42
-0.007239
  0
VERTEX
  8
0
 10
84.785567
 20
220.030422
 42
-0.238248
  0
VERTEX
  8
0
 10
84.353074
 20
220.264861
 42
-0.335197
  0
VERTEX
  8
0
 10
84.370314
 20
220.689647
 42
-0.012037
  0
VERTEX
  8
0
 10
85.500000
 20
222.000000
 42
-0.065807
  0
VERTEX
  8
0
 10
86.500635
 20
222.849358
 42
-0.053612
  0
VERTEX
  8
0
 10
87.757728
 20
223.480445
 42
-0.049390
  0
VERTEX
  8
0
 10
89.223601
 20
223.869522
 42
-0.040207
  0
VERTEX
  8
0
 10
90.843549
 20
224.000000
 42
0.000000
  0
VERTEX
  8
0
 10
94.377123
 20
224.000000
 42
0.000000
  0
SEQEND
  0
POLYLINE
  8
0
 66
1
 70
1
  0
VERTEX
  8
0
 10
100.500000
 20
222.000000
 42
-0.065737
  0
VERTEX
  8
0
 10
99.503381
 20
221.153811
 42
-0.053162
  0
VERTEX
  8
0
 10
98.248809
 20
220.522141
 42
-0.049190
  0
VERTEX
  8
0
 10
96.790592
 20
220.131231
 42
-0.040927
  0
VERTEX
  8
0
 10
95.190025
 20
220.000000
 42
-0.006407
  0
VERTEX
  8
0
 10
92.877306
 20
220.029637
 42
-0.214078
  0
VERTEX
  8
0
 10
92.389808
 20
220.263573
 42
-0.359731
  0
VERTEX
  8
0
 10
92.385064
 20
220.696593
 42
-0.013972
  0
VERTEX
  8
0
 10
93.500000
 20
222.000000
 42
-0.065737
  0
VERTEX
  8
0
 10
94.496619
 20
222.846189
 42
-0.053162
  0
VERTEX
  8
0
 10
95.751191
 20
223.477859
 42
-0.049190
  0
VERTEX
  8
0
 10
97.209408
 20
223.868769
 42
-0.040927
  0
VERTEX
  8
0
 10
98.809975
 20
224.000000
 42
-0.006407
  0
VERTEX
  8
0
 10
101.122694
 20
223.970363
 42
-0.214078
  0
VERTEX
  8
0
 10
101.610192
 20
223.736427
 42
-0.359731
  0
VERTEX
  8
0
 10
101.614936
 20
223.303407
 42
-0.013972
  0
SEQEND
  0
POLYLINE
  8
0
 66
1
 70
1
  0
VERTEX
  8
0
 10
108.500000
 20
222.000000
 42
-0.065737
  0
VERTEX
  8
0
 10
107.503381
 20
221.153811
 42
-0.053162
  0
VERTEX
  8
0
 10
106.248809
 20
220.522141
 42
-0.049190
  0
VERTEX
  8
0
 10
104.790592
 20
220.131231
 42
-0.040927
  0
VERTEX
  8
0
 10
103.190025
 20
220.000000
 42
-0.006407
  0
VERTEX
  8
0
 10
100.877306
 20
220.029637
 42
-0.214078
  0
VERTEX
  8
0
 10
100.389808
 20
220.263573
 42
-0.359731
  0
VERTEX
  8
0
 10
100.385064
 20
220.696593
 42
-0.013972
  0
VERTEX
  8
0
 10
101.500000
 20
222.000000
 42
-0.065737
  0
VERTEX
  8
0
 10
102.496619
 20
222.846189
 42
-0.053162
  0
VERTEX
  8
0
 10
103.751191
 20
223.477859
 42
-0.049190
  0
VERTEX
  8
0
 10
105.209408
 20
223.868769
 42
-0.040927
  0
VERTEX
  8
0
 10
106.809975
 20
224.000000
 42
-0.006407
  0
VERTEX
  8
0
 10
109.122694
 20
223.970363
 42
-0.214078
  0
VERTEX
  8
0
 10
109.610192
 20
223.736427
 42
-0.359731
  0
VERTEX
  8
0
 10
109.614936
 20
223.303407
 42
-0.013972
  0
SEQEND
  0
POLYLINE
  8
0
 66
1
 70
1
  0
VERTEX
  8
0
 10
116.500000
 20
222.000000
 42
-0.065737
  0
VERTEX
  8
0
 10
115.503381
 20
221.153811
 42
-0.053162
  0
VERTEX
  8
0
 10
114.248809
 20
220.522141
 42
-0.049190
  0
VERTEX
  8
0
 10
112.790592
 20
220.131231
 42
-0.040927
  0
VERTEX
  8
0
 10
111.190025
 20
220.000000
 42
-0.006407
  0
VERTEX
  8
0
 10
108.877306
 20
220.029637
 42
-0.214078
  0
VERTEX
  8
0
 10
108.389808
 20
220.263573
 42
-0.359731
  0
VERTEX
  8
0
 10
108.385064
 20
220.696593
 42
-0.013972
  0
VERTEX
  8
0
 10
109.500000
 20
222.000000
 42
-0.065737
  0
VERTEX
  8
0
 10
110.496619
 20
222.846189
 42
-0.053162
  0
VERTEX
  8
0
 10
111.751191
 20
223.477859
 42
-0.049190
  0
VERTEX
  8
0
 10
113.209408
 20
223.868769
 42
-0.040927
  0
VERTEX
  8
0
 10
114.809975
 20
224.000000
 42
-0.006407
  0
VERTEX
  8
0
 10
117.122694
 20
223.970363
 42
-0.214078
  0
VERTEX
  8
0
 10
117.610192
 20
223.736427
 42
-0.359731
  0
VERTEX
  8
0
 10
117.614936
 20
223.303407
 42
-0.013972
  0
SEQEND
  0
POLYLINE
  8
0
 66
1
 70
1
  0
VERTEX
  8
0
 10
124.500000
 20
222.000000
 42
-0.065737
  0
VERTEX
  8
0
 10
123.503381
 20
221.153811
 42
-0.053162
  0
VERTEX
  8
0
 10
122.248809
 20
220.522141
 42
-0.049190
  0
VERTEX
  8
0
 10
120.790592
 20
220.131231
 42
-0.040927
  0
VERTEX
  8
0
 10
119.190025
 20
220.000000
 42
-0.006407
  0
VERTEX
  8
0
 10
116.877306
 20
220.029637
 42
-0.214078
  0
VERTEX
  8
0
 10
116.389808
 20
220.263573
 42
-0.359731
  0
VERTEX
  8
0
 10
116.385064
 20
220.696593
 42
-0.013972
  0
VERTEX
  8
0
 10
117.500000
 20
222.000000
 42
-0.065737
  0
VERTEX
  8
0
 10
118.496619
 20
222.846189
 42
-0.053162
  0
VERTEX
  8
0
 10
119.751191
 20
223.477859
 42
-0.049190
  0
VERTEX
  8
0
 10
121.209408
 20
223.868769
 42
-0.040927
  0
VERTEX
  8
0
 10
122.809975
 20
224.000000
 42
-0.006407
  0
VERTEX
  8
0
 10
125.122694
 20
223.970363
 42
-0.214078
  0
VERTEX
  8
0
 10
125.610192
 20
223.736427
 42
-0.359731
  0
VERTEX
  8
0
 10
125.614936
 20
223.303407
 42
-0.013972
  0
SEQEND
  0
POLYLINE
  8
0
 66
1
 70
1
  0
VERTEX
  8
0
 10
132.230375
 20
222.000000
 42
-0.059007
  0
VERTEX
  8
0
 10
131.162052
 20
221.217553
 42
-0.039051
  0
VERTEX
  8
0
 10
129.782110
 20
220.574289
 42
-0.038540
  0
VERTEX
  8
0
 10
128.291168
 20
220.143784
 42
-0.051059
  0
VERTEX
  8
0
 10
126.886826
 20
220.000000
 42
-0.007239
  0
VERTEX
  8
0
 10
124.785567
 20
220.030422
 42
-0.238248
  0
VERTEX
  8
0
 10
124.353074
 20
220.264861
 42
-0.335197
  0
VERTEX
  8
0
 10
124.370314
 20
220.689647
 42
-0.012037
  0
VERTEX
  8
0
 10
125.500000
 20
222.000000
 42
-0.065807
  0
VERTEX
  8
0
 10
126.500635
 20
222.849358
 42
-0.053612
  0
VERTEX
  8
0
 10
127.757728
 20
223.480445
 42
-0.049390
  0
VERTEX
  8
0
 10
129.223601
 20
223.869522
 42
-0.040207
  0
VERTEX
  8
0
 10
130.843549
 20
224.000000
 42
0.000000
  0
VERTEX
  8
0
 10
134.377123
 20
224.000000
 42
0.000000
  0
SEQEND
  0
POLYLINE
  8
0
 66
1
 70
1
  0
VERTEX
  8
0
 10
140.500000
 20
222.000000
 42
-0.065737
  0
VERTEX
  8
0
 10
139.503381
 20
221.153811
 42
-0.053162
  0
VERTEX
  8
0
 10
138.248809
 20
220.522141
 42
-0.049190
  0
VERTEX
  8
0
 10
136.790592
 20
220.131231
 42
-0.040927
  0
VERTEX
  8
0
 10
135.190025
 20
220.000000
 42
-0.006407
  0
VERTEX
  8
0
 10
132.877306
 20
220.029637
 42
-0.214078
  0
VERTEX
  8
0
 10
132.389808
 20
220.263573
 42
-0.359731
  0
VERTEX
  8
0
 10
132.385064
 20
220.696593
 42
-0.013972
  0
VERTEX
  8
0
 10
133.500000
 20
222.000000
 42
-0.065737
  0
VERTEX
  8
0
 10
134.496619
 20
222.846189
 42
-0.053162
  0
VERTEX
  8
0
 10
135.751191
 20
223.477859
 42
-0.049190
  0
VERTEX
  8
0
 10
137.209408
 20
223.868769
 42
-0.040927
  0
VERTEX
  8
0
 10
138.809975
 20
224.000000
 42
-0.006407
  0
VERTEX
  8
0
 10
141.122694
 20
223.970363
 42
-0.214078
  0
VERTEX
  8
0
 10
141.610192
 20
223.736427
 42
-0.359731
  0
VERTEX
  8
0
 10
141.614936
 20
223.303407
 42
-0.013972
  0
SEQEND
  0
POLYLINE
  8
0
 66
1
 70
1
  0
VERTEX
  8
0
 10
148.500000
 20
222.000000
 42
-0.065737
  0
VERTEX
  8
0
 10
147.503381
 20
221.153811
 42
-0.053162
  0
VERTEX
  8
0
 10
146.248809
 20
220.522141
 42
-0.049190
  0
VERTEX
  8
0
 10
144.790592
 20
220.131231
 42
-0.040927
  0
VERTEX
  8
0
 10
143.190025
 20
220.000000
 42
-0.006407
  0
VERTEX
  8
0
 10
140.877306
 20
220.029637
 42
-0.214078
  0
VERTEX
  8
0
 10
140.389808
 20
220.263573
 42
-0.359731
  0
VERTEX
  8
0
 10
140.385064
 20
220.696593
 42
-0.013972
  0
VERTEX
  8
0
 10
141.500000
 20
222.000000
 42
-0.065737
  0
VERTEX
  8
0
 10
142.496619
 20
222.846189
 42
-0.053162
  0
VERTEX
  8
0
 10
143.751191
 20
223.477859
 42
-0.049190
  0
VERTEX
  8
0
 10
145.209408
 20
223.868769
 42
-0.040927
  0
VERTEX
  8
0
 10
146.809975
 20
224.000000
 42
-0.006407
  0
VERTEX
  8
0
 10
149.122694
 20
223.970363
 42
-0.214078
  0
VERTEX
  8
0
 10
149.610192
 20
223.736427
 42
-0.359731
  0
VERTEX
  8
0
 10
149.614936
 20
223.303407
 42
-0.013972
  0
SEQEND
  0
POLYLINE
  8
0
 66
1
 70
1
  0
VERTEX
  8
0
 10
156.500000
 20
222.000000
 42
-0.065737
  0
VERTEX
  8
0
 10
155.503381
 20
221.153811
 42
-0.053162
  0
VERTEX
  8
0
 10
154.248809
 20
220.522141
 42
-0.049190
  0
VERTEX
  8
0
 10
152.790592
 20
220.131231
 42
-0.040927
  0
VERTEX
  8
0
 10
151.190025
 20
220.000000
 42
-0.006407
  0
VERTEX
  8
0
 10
148.877306
 20
220.029637
 42
-0.214078
  0
VERTEX
  8
0
 10
148.389808
 20
220.263573
 42
-0.359731
  0
VERTEX
  8
0
 10
148.385064
 20
220.696593
 42
-0.013972
  0
VERTEX
  8
0
 10
149.500000
 20
222.000000
 42
-0.065737
  0
VERTEX
  8
0
 10
150.496619
 20
222.846189
 42
-0.053162
  0
VERTEX
  8
0
 10
151.751191
 20
223.477859
 42
-0.049190
  0
VERTEX
  8
0
 10
153.209408
 20
223.868769
 42
-0.040927
  0
VERTEX
  8
0
 10
154.809975
 20
224.000000
 42
-0.006407
  0
VERTEX
  8
0
 10
157.122694
 20
223.970363
 42
-0.214078
  0
VERTEX
  8
0
 10
157.610192
 20
223.736427
 42
-0.359731
  0
VERTEX
  8
0
 10
157.614936
 20
223.303407
 42
-0.013972
  0
SEQEND
  0
POLYLINE
  8
0
 66
1
 70
1
  0
VERTEX
  8
0
 10
164.500000
 20
222.000000
 42
-0.065737
  0
VERTEX
  8
0
 10
163.503381
 20
221.153811
 42
-0.053162
  0
VERTEX
  8
0
 10
162.248809
 20
220.522141
 42
-0.049190
  0
VERTEX
  8
0
 10
160.790592
 20
220.131231
 42
-0.040927
  0
VERTEX
  8
0
 10
159.190025
 20
220.000000
 42
-0.006407
  0
VERTEX
  8
0
 10
156.877306
 20
220.029637
 42
-0.214078
  0
VERTEX
  8
0
 10
156.389808
 20
220.263573
 42
-0.359731
  0
VERTEX
  8
0
 10
156.385064
 20
220.696593
 42
-0.013972
  0
VERTEX
  8
0
 10
157.500000
 20
222.000000
 42
-0.065737
  0
VERTEX
  8
0
 10
158.496619
 20
222.846189
 42
-0.053162
  0
VERTEX
  8
0
 10
159.751191
 20
223.477859
 42
-0.049190
  0
VERTEX
  8
0
 10
161.209408
 20
223.868769
 42
-0.040927
  0
VERTEX
  8
0
 10
162.809975
 20
224.000000
 42
-0.006407
  0
VERTEX
  8
0
 10
165.122694
 20
223.970363
 42
-0.214078
  0
VERTEX
  8
0
 10
165.610192
 20
223.736427
 42
-0.359731
  0
VERTEX
  8
0
 10
165.614936
 20
223.303407
 42
-0.013972
  0
SEQEND
  0
POLYLINE
  8
0
 66
1
 70
1
  0
VERTEX
  8
0
 10
172.230375
 20
222.000000
 42
-0.059007
  0
VERTEX
  8
0
 10
171.162052
 20
221.217553
 42
-0.039051
  0
VERTEX
  8
0
 10
169.782110
 20
220.574289
 42
-0.038540
  0
VERTEX
  8
0
 10
168.291168
 20
220.143784
 42
-0.051059
  0
VERTEX
  8
0
 10
166.886826
 20
220.000000
 42
-0.007239
  0
VERTEX
  8
0
 10
164.785567
 20
220.030422
 42
-0.238248
  0
VERTEX
  8
0
 10
164.353074
 20
220.264861
 42
-0.335197
  0
VERTEX
  8
0
 10
164.370314
 20
220.689647
 42
-0.012037
  0
VERTEX
  8
0
 10
165.500000
 20
222.000000
 42
-0.065807
  0
VERTEX
  8
0
 10
166.500635
 20
222.849358
 42
-0.053612
  0
VERTEX
  8
0
 10
167.757728
 20
223.480445
 42
-0.049390
  0
VERTEX
  8
0
 10
169.223601
 20
223.869522
 42
-0.040207
  0
VERTEX
  8
0
 10
170.843549
 20
224.000000
 42
0.000000
  0
VERTEX
  8
0
 10
174.377123
 20
224.000000
 42
0.000000
  0
SEQEND
  0
POLYLINE
  8
0
 66
1
 70
1
  0
VERTEX
  8
0
 10
178.000000
 20
221.674314
 42
-0.080384
  0
VERTEX
  8
0
 10
177.829779
 20
220.622360
 42
-0.039984
  0
VERTEX
  8
0
 10
177.301530
 20
219.375620
 42
-0.038351
  0
VERTEX
  8
0
 10
176.532150
 20
218.141222
 42
-0.045676
  0
VERTEX
  8
0
 10
175.622230
 20
217.114829
 42
0.000000
  0
VERTEX
  8
0
 10
173.244460
 20
214.881030
 42
0.000000
  0
VERTEX
  8
0
 10
172.800682
 20
217.904681
 42
-0.042508
  0
VERTEX
  8
0
 10
172.717541
 20
219.271255
 42
-0.052770
  0
VERTEX
  8
0
 10
172.882117
 20
220.533598
 42
-0.058455
  0
VERTEX
  8
0
 10
173.280865
 20
221.619691
 42
-0.079355
  0
VERTEX
  8
0
 10
173.892738
 20
222.464166
 42
-0.062905
  0
VERTEX
  8
0
 10
175.458922
 20
223.679070
 42
-0.183027
  0
VERTEX
  8
0
 10
176.785861
 20
223.909663
 42
-0.245337
  0
VERTEX
  8
0
 10
177.675331
 20
223.203301
 42
-0.105001
  0
SEQEND
  0
POLYLINE
  8
0
 66
1
 70
1
  0
VERTEX
  8
0
 10
171.909822
 20
179.446981
 42
0.000000
  0
VERTEX
  8
0
 10
171.863827
 20
139.893962
 42
0.000000
  0
VERTEX
  8
0
 10
164.181914
 20
144.102592
 42
-0.001869
  0
VERTEX
  8
0
 10
157.099707
 20
148.017149
 42
-0.027833
  0
VERTEX
  8
0
 10
154.708990
 20
149.530455
 42
-0.104713
  0
VERTEX
  8
0
 10
153.764524
 20
150.560354
 42
-0.228848
  0
VERTEX
  8
0
 10
153.677339
 20
151.601541
 42
0.168680
  0
VERTEX
  8
0
 10
153.695504
 20
152.165607
 42
0.079339
  0
VERTEX
  8
0
 10
153.367330
 20
152.827375
 42
0.064870
  0
VERTEX
  8
0
 10
152.758904
 20
153.482741
 42
0.050435
  0
VERTEX
  8
0
 10
151.951066
 20
154.026189
 42
0.109800
  0
VERTEX
  8
0
 10
149.623366
 20
154.677101
 42
0.126087
  0
VERTEX
  8
0
 10
147.364955
 20
154.226578
 42
0.157457
  0
VERTEX
  8
0
 10
145.927099
 20
152.859691
 42
0.190797
  0
VERTEX
  8
0
 10
145.703556
 20
151.025603
 42
0.111461
  0
VERTEX
  8
0
 10
146.602929
 20
149.288679
 42
0.078157
  0
VERTEX
  8
0
 10
148.272233
 20
147.839257
 42
0.111850
  0
VERTEX
  8
0
 10
149.885009
 20
147.275575
 42
0.354443
  0
VERTEX
  8
0
 10
150.782731
 20
147.848192
 42
-0.452828
  0
VERTEX
  8
0
 10
151.790267
 20
148.272556
 42
-0.003559
  0
VERTEX
  8
0
 10
160.617236
 20
143.911499
 42
-0.006548
  0
VERTEX
  8
0
 10
169.000979
 20
139.556439
 42
-0.118900
  0
VERTEX
  8
0
 10
171.234687
 20
137.561943
 42
-0.111438
  0
VERTEX
  8
0
 10
171.523071
 20
136.846710
 42
-0.012912
  0
VERTEX
  8
0
 10
171.758058
 20
135.122883
 42
-0.015015
  0
VERTEX
  8
0
 10
171.925103
 20
133.029560
 42
-0.011735
  0
VERTEX
  8
0
 10
171.984687
 20
130.750000
 42
0.000000
  0
VERTEX
  8
0
 10
172.000000
 20
125.000000
 42
0.000000
  0
VERTEX
  8
0
 10
162.000000
 20
125.000000
 42
0.006341
  0
VERTEX
  8
0
 10
157.207470
 20
124.939223
 42
0.024654
  0
VERTEX
  8
0
 10
154.249173
 20
124.717943
 42
0.037134
  0
VERTEX
  8
0
 10
152.438818
 20
124.354371
 42
0.329328
  0
VERTEX
  8
0
 10
151.967739
 20
123.750000
 42
0.006273
  0
VERTEX
  8
0
 10
151.954582
 20
122.757638
 42
0.000017
  0
VERTEX
  8
0
 10
151.945394
 20
109.207813
 42
0.000104
  0
VERTEX
  8
0
 10
151.938725
 20
93.916147
 42
0.000065
  0
VERTEX
  8
0
 10
151.936972
 20
76.000000
 42
0.000000
  0
VERTEX
  8
0
 10
151.938466
 20
29.500000
 42
0.000000
  0
VERTEX
  8
0
 10
96.969233
 20
29.220197
 42
0.000000
  0
VERTEX
  8
0
 10
42.000000
 20
28.940394
 42
0.000000
  0
VERTEX
  8
0
 10
42.000000
 20
40.830626
 42
-0.004822
  0
VERTEX
  8
0
 10
42.047216
 20
45.726805
 42
-0.004867
  0
VERTEX
  8
0
 10
42.188849
 20
50.605906
 42
-0.004751
  0
VERTEX
  8
0
 10
42.393928
 20
54.852359
 42
-0.019617
  0
VERTEX
  8
0
 10
42.642890
 20
57.411255
 42
-0.013509
  0
VERTEX
  8
0
 10
43.071633
 20
60.014455
 42
-0.092618
  0
VERTEX
  8
0
 10
43.545142
 20
61.217543
 42
-0.192826
  0
VERTEX
  8
0
 10
44.261515
 20
61.740030
 42
-0.098059
  0
VERTEX
  8
0
 10
45.392890
 20
61.800826
 42
-0.069891
  0
VERTEX
  8
0
 10
46.301081
 20
61.538330
 42
-0.109185
  0
VERTEX
  8
0
 10
46.952046
 20
61.055246
 42
-0.111442
  0
VERTEX
  8
0
 10
47.330356
 20
60.350898
 42
-0.075017
  0
VERTEX
  8
0
 10
47.441135
 20
59.441135
 42
0.064491
  0
VERTEX
  8
0
 10
47.535060
 20
58.507082
 42
0.139998
  0
VERTEX
  8
0
 10
47.882269
 20
57.882269
 42
0.139998
  0
VERTEX
  8
0
 10
48.507082
 20
57.535060
 42
0.064491
  0
VERTEX
  8
0
 10
49.441135
 20
57.441135
 42
-0.084348
  0
VERTEX
  8
0
 10
50.441478
 20
57.300456
 42
-0.141826
  0
VERTEX
  8
0
 10
51.141065
 20
56.832263
 42
-0.105996
  0
VERTEX
  8
0
 10
51.610315
 20
55.948338
 42
-0.034890
  0
VERTEX
  8
0
 10
51.914604
 20
54.500000
 42
0.000000
  0
VERTEX
  8
0
 10
52.329207
 20
51.500000
 42
0.000000
  0
VERTEX
  8
0
 10
52.941864
 20
54.500000
 42
-0.036918
  0
VERTEX
  8
0
 10
53.338906
 20
55.905859
 42
-0.096105
  0
VERTEX
  8
0
 10
53.877696
 20
56.803323
 42
-0.126562
  0
VERTEX
  8
0
 10
54.610909
 20
57.290769
 42
-0.091226
  0
VERTEX
  8
0
 10
55.586126
 20
57.441135
 42
0.066398
  0
VERTEX
  8
0
 10
56.503165
 20
57.536514
 42
0.139908
  0
VERTEX
  8
0
 10
57.120947
 20
57.885531
 42
0.138381
  0
VERTEX
  8
0
 10
57.465592
 20
58.511151
 42
0.064361
  0
VERTEX
  8
0
 10
57.558865
 20
59.441135
 42
-0.111513
  0
VERTEX
  8
0
 10
57.772928
 20
60.533419
 42
-0.184113
  0
VERTEX
  8
0
 10
58.425800
 20
61.193670
 42
-0.081266
  0
VERTEX
  8
0
 10
59.797686
 20
61.565526
 42
-0.011253
  0
VERTEX
  8
0
 10
62.750000
 20
61.802260
 42
-0.009255
  0
VERTEX
  8
0
 10
65.841491
 20
61.922889
 42
-0.086646
  0
VERTEX
  8
0
 10
67.153192
 20
61.721465
 42
-0.215350
  0
VERTEX
  8
0
 10
67.776813
 20
61.141140
 42
-0.099609
  0
VERTEX
  8
0
 10
68.000000
 20
60.031936
 42
0.000000
  0
VERTEX
  8
0
 10
68.000000
 20
57.959352
 42
0.000000
  0
VERTEX
  8
0
 10
72.000000
 20
60.000000
 42
0.008521
  0
VERTEX
  8
0
 10
73.533066
 20
60.815330
 42
0.013194
  0
VERTEX
  8
0
 10
74.825000
 20
61.576142
 42
0.007444
  0
VERTEX
  8
0
 10
75.865196
 20
62.248003
 42
0.250666
  0
VERTEX
  8
0
 10
76.000000
 20
62.500000
 42
0.250666
  0
VERTEX
  8
0
 10
75.865196
 20
62.751997
 42
0.007444
  0
VERTEX
  8
0
 10
74.825000
 20
63.423858
 42
0.013194
  0
VERTEX
  8
0
 10
73.533066
 20
64.184670
 42
0.008521
  0
VERTEX
  8
0
 10
72.000000
 20
65.000000
 42
0.000000
  0
VERTEX
  8
0
 10
68.000000
 20
67.040648
 42
0.000000
  0
VERTEX
  8
0
 10
68.000000
 20
64.968064
 42
-0.099609
  0
VERTEX
  8
0
 10
67.776813
 20
63.858860
 42
-0.215350
  0
VERTEX
  8
0
 10
67.153192
 20
63.278535
 42
-0.086646
  0
VERTEX
  8
0
 10
65.841491
 20
63.077111
 42
-0.009255
  0
VERTEX
  8
0
 10
62.750000
 20
63.197740
 42
-0.011253
  0
VERTEX
  8
0
 10
59.797686
 20
63.434474
 42
-0.081266
  0
VERTEX
  8
0
 10
58.425800
 20
63.806330
 42
-0.184113
  0
VERTEX
  8
0
 10
57.772928
 20
64.466581
 42
-0.111513
  0
VERTEX
  8
0
 10
57.558865
 20
65.558865
 42
0.064491
  0
VERTEX
  8
0
 10
57.464940
 20
66.492918
 42
0.139998
  0
VERTEX
  8
0
 10
57.117731
 20
67.117731
 42
0.139998
  0
VERTEX
  8
0
 10
56.492918
 20
67.464940
 42
0.064491
  0
VERTEX
  8
0
 10
55.558865
 20
67.558865
 42
-0.111513
  0
VERTEX
  8
0
 10
54.466581
 20
67.772928
 42
-0.184113
  0
VERTEX
  8
0
 10
53.806330
 20
68.425800
 42
-0.081266
  0
VERTEX
  8
0
 10
53.434474
 20
69.797686
 42
-0.011253
  0
VERTEX
  8
0
 10
53.197740
 20
72.750000
 42
-0.009255
  0
VERTEX
  8
0
 10
53.077111
 20
75.841491
 42
-0.086646
  0
VERTEX
  8
0
 10
53.278535
 20
77.153192
 42
-0.215350
  0
VERTEX
  8
0
 10
53.858860
 20
77.776813
 42
-0.099609
  0
VERTEX
  8
0
 10
54.968064
 20
78.000000
 42
0.000000
  0
VERTEX
  8
0
 10
57.040648
 20
78.000000
 42
0.000000
  0
VERTEX
  8
0
 10
55.000000
 20
82.000000
 42
0.008521
  0
VERTEX
  8
0
 10
54.184670
 20
83.533066
 42
0.013194
  0
VERTEX
  8
0
 10
53.423858
 20
84.825000
 42
0.007444
  0
VERTEX
  8
0
 10
52.751997
 20
85.865196
 42
0.250666
  0
VERTEX
  8
0
 10
52.500000
 20
86.000000
 42
0.250666
  0
VERTEX
  8
0
 10
52.248003
 20
85.865196
 42
0.007444
  0
VERTEX
  8
0
 10
51.576142
 20
84.825000
 42
0.013194
  0
VERTEX
  8
0
 10
50.815330
 20
83.533066
 42
0.008521
  0
VERTEX
  8
0
 10
50.000000
 20
82.000000
 42
0.000000
  0
VERTEX
  8
0
 10
47.959352
 20
78.000000
 42
0.000000
  0
VERTEX
  8
0
 10
50.031936
 20
78.000000
 42
-0.099609
  0
VERTEX
  8
0
 10
51.141140
 20
77.776813
 42
-0.215350
  0
VERTEX
  8
0
 10
51.721465
 20
77.153192
 42
-0.086646
  0
VERTEX
  8
0
 10
51.922889
 20
75.841491
 42
-0.009255
  0
VERTEX
  8
0
 10
51.802260
 20
72.750000
 42
-0.011253
  0
VERTEX
  8
0
 10
51.565526
 20
69.797686
 42
-0.081266
  0
VERTEX
  8
0
 10
51.193670
 20
68.425800
 42
-0.184113
  0
VERTEX
  8
0
 10
50.533419
 20
67.772928
 42
-0.111513
  0
VERTEX
  8
0
 10
49.441135
 20
67.558865
 42
0.064491
  0
VERTEX
  8
0
 10
48.507082
 20
67.464940
 42
0.139998
  0
VERTEX
  8
0
 10
47.882269
 20
67.117731
 42
0.139998
  0
VERTEX
  8
0
 10
47.535060
 20
66.492918
 42
0.064491
  0
VERTEX
  8
0
 10
47.441135
 20
65.558865
 42
-0.076154
  0
VERTEX
  8
0
 10
47.325872
 20
64.629786
 42
-0.117788
  0
VERTEX
  8
0
 10
46.932923
 20
63.927190
 42
-0.110421
  0
VERTEX
  8
0
 10
46.242881
 20
63.448586
 42
-0.061421
  0
VERTEX
  8
0
 10
45.250000
 20
63.180449
 42
-0.397930
  0
VERTEX
  8
0
 10
43.611720
 20
64.341056
 42
-0.040943
  0
VERTEX
  8
0
 10
43.014847
 20
69.501425
 42
-0.006946
  0
VERTEX
  8
0
 10
42.782967
 20
81.440444
 42
-0.000115
  0
VERTEX
  8
0
 10
42.431770
 20
147.750000
 42
0.000000
  0
VERTEX
  8
0
 10
42.070855
 20
219.000000
 42
0.000000
  0
VERTEX
  8
0
 10
107.013336
 20
219.000000
 42
0.000000
  0
VERTEX
  8
0
 10
171.955817
 20
219.000000
 42
0.000000
  0
SEQEND
  0
POLYLINE
  8
0
 66
1
 70
1
  0
VERTEX
  8
0
 10
175.574735
 20
209.120190
 42
0.000000
  0
VERTEX
  8
0
 10
173.000000
 20
206.545455
 42
0.000000
  0
VERTEX
  8
0
 10
173.000000
 20
209.958276
 42
-0.046579
  0
VERTEX
  8
0
 10
173.149064
 20
211.554931
 42
-0.045698
  0
VERTEX
  8
0
 10
173.591220
 20
213.107089
 42
-0.046141
  0
VERTEX
  8
0
 10
174.302569
 20
214.539028
 42
-0.049589
  0
VERTEX
  8
0
 10
175.250000
 20
215.779185
 42
0.000000
  0
VERTEX
  8
0
 10
177.500000
 20
218.187273
 42
0.000000
  0
VERTEX
  8
0
 10
177.824735
 20
214.941099
 42
-0.045844
  0
VERTEX
  8
0
 10
177.838358
 20
213.255371
 42
-0.071447
  0
VERTEX
  8
0
 10
177.513159
 20
211.842277
 42
-0.067589
  0
VERTEX
  8
0
 10
176.786350
 20
210.523858
 42
-0.036668
  0
SEQEND
  0
POLYLINE
  8
0
 66
1
 70
1
  0
VERTEX
  8
0
 10
772.452948
 20
213.938255
 42
0.000000
  0
VERTEX
  8
0
 10
768.500000
 20
209.876510
 42
0.000000
  0
VERTEX
  8
0
 10
768.175426
 20
212.522727
 42
-0.043754
  0
VERTEX
  8
0
 10
768.080317
 20
215.271009
 42
-0.159963
  0
VERTEX
  8
0
 10
768.702746
 20
216.875298
 42
-0.170945
  0
VERTEX
  8
0
 10
770.123528
 20
217.736333
 42
-0.051601
  0
VERTEX
  8
0
 10
772.671563
 20
218.000000
 42
0.000000
  0
VERTEX
  8
0
 10
776.405896
 20
218.000000
 42
0.000000
  0
SEQEND
  0
POLYLINE
  8
0
 66
1
 70
1
  0
VERTEX
  8
0
 10
779.000000
 20
215.276905
 42
-0.103576
  0
VERTEX
  8
0
 10
778.659312
 20
213.649924
 42
-0.048033
  0
VERTEX
  8
0
 10
777.602591
 20
211.755540
 42
-0.032596
  0
VERTEX
  8
0
 10
775.740608
 20
209.405248
 42
-0.011445
  0
VERTEX
  8
0
 10
772.778888
 20
206.276905
 42
-0.009734
  0
VERTEX
  8
0
 10
769.304072
 20
202.904827
 42
-0.043644
  0
VERTEX
  8
0
 10
767.072828
 20
201.159906
 42
-0.073133
  0
VERTEX
  8
0
 10
765.191528
 20
200.296067
 42
-0.071232
  0
VERTEX
  8
0
 10
763.123901
 20
200.000000
 42
-0.006568
  0
VERTEX
  8
0
 10
760.857129
 20
200.029777
 42
-0.219041
  0
VERTEX
  8
0
 10
760.381779
 20
200.263835
 42
-0.354704
  0
VERTEX
  8
0
 10
760.381664
 20
200.694962
 42
-0.013529
  0
VERTEX
  8
0
 10
761.500000
 20
202.000000
 42
-0.055540
  0
VERTEX
  8
0
 10
762.365327
 20
202.765508
 42
-0.041195
  0
VERTEX
  8
0
 10
763.467142
 20
203.412500
 42
-0.042002
  0
VERTEX
  8
0
 10
764.624949
 20
203.854474
 42
-0.070292
  0
VERTEX
  8
0
 10
765.654988
 20
204.000000
 42
0.051735
  0
VERTEX
  8
0
 10
766.778693
 20
204.116581
 42
0.138446
  0
VERTEX
  8
0
 10
767.485404
 20
204.486209
 42
0.145324
  0
VERTEX
  8
0
 10
767.874272
 20
205.157376
 42
0.059194
  0
VERTEX
  8
0
 10
768.000000
 20
206.215651
 42
-0.165594
  0
VERTEX
  8
0
 10
768.730629
 20
208.361241
 42
-0.014410
  0
VERTEX
  8
0
 10
772.430372
 20
212.887685
 42
-0.013135
  0
VERTEX
  8
0
 10
776.395399
 20
217.227277
 42
-0.203804
  0
VERTEX
  8
0
 10
778.212408
 20
218.000000
 42
-0.275944
  0
VERTEX
  8
0
 10
778.516080
 20
217.818594
 42
-0.053119
  0
VERTEX
  8
0
 10
778.768645
 20
217.200091
 42
-0.043056
  0
VERTEX
  8
0
 10
778.942854
 20
216.320309
 42
-0.027364
  0
SEQEND
  0
POLYLINE
  8
0
 66
1
 70
1
  0
VERTEX
  8
0
 10
36.075486
 20
205.599296
 42
0.000000
  0
VERTEX
  8
0
 10
31.000000
 20
200.523810
 42
0.000000
  0
VERTEX
  8
0
 10
31.000000
 20
203.977556
 42
-0.060561
  0
VERTEX
  8
0
 10
31.239608
 20
205.948552
 42
-0.069715
  0
VERTEX
  8
0
 10
31.943844
 20
207.705849
 42
-0.049032
  0
VERTEX
  8
0
 10
33.317484
 20
209.636724
 42
-0.015041
  0
VERTEX
  8
0
 10
35.750000
 20
212.266740
 42
0.000000
  0
VERTEX
  8
0
 10
40.500000
 20
217.102178
 42
0.000000
  0
VERTEX
  8
0
 10
40.825486
 20
213.888480
 42
-0.067581
  0
VERTEX
  8
0
 10
40.760517
 20
211.979469
 42
-0.088072
  0
VERTEX
  8
0
 10
40.170847
 20
210.336920
 42
-0.054366
  0
VERTEX
  8
0
 10
38.813767
 20
208.471666
 42
-0.011948
  0
SEQEND
  0
POLYLINE
  8
0
 66
1
 70
1
  0
VERTEX
  8
0
 10
295.074385
 20
208.629940
 42
0.000000
  0
VERTEX
  8
0
 10
293.000000
 20
206.555556
 42
0.000000
  0
VERTEX
  8
0
 10
293.000000
 20
209.949037
 42
-0.044520
  0
VERTEX
  8
0
 10
293.128658
 20
211.391137
 42
-0.034688
  0
VERTEX
  8
0
 10
293.514063
 20
212.917625
 42
-0.035682
  0
VERTEX
  8
0
 10
294.078852
 20
214.299514
 42
-0.068313
  0
VERTEX
  8
0
 10
294.750000
 20
215.289555
 42
-0.013511
  0
VERTEX
  8
0
 10
295.893063
 20
216.494199
 42
-0.351207
  0
VERTEX
  8
0
 10
296.309455
 20
216.539810
 42
-0.223081
  0
VERTEX
  8
0
 10
296.582186
 20
216.109995
 42
-0.006864
  0
VERTEX
  8
0
 10
296.824385
 20
213.970458
 42
-0.042169
  0
VERTEX
  8
0
 10
296.847935
 20
212.368954
 42
-0.061847
  0
VERTEX
  8
0
 10
296.577869
 20
210.987958
 42
-0.064866
  0
VERTEX
  8
0
 10
295.992059
 20
209.763404
 42
-0.052458
  0
SEQEND
  0
POLYLINE
  8
0
 66
1
 70
1
  0
VERTEX
  8
0
 10
773.575558
 20
199.097297
 42
0.000000
  0
VERTEX
  8
0
 10
768.000000
 20
193.521739
 42
0.000000
  0
VERTEX
  8
0
 10
768.000000
 20
196.844888
 42
-0.069474
  0
VERTEX
  8
0
 10
768.269643
 20
198.776112
 42
-0.064746
  0
VERTEX
  8
0
 10
769.059747
 20
200.610201
 42
-0.043294
  0
VERTEX
  8
0
 10
770.580669
 20
202.728905
 42
-0.012943
  0
VERTEX
  8
0
 10
773.250000
 20
205.681673
 42
0.000000
  0
VERTEX
  8
0
 10
778.500000
 20
211.195310
 42
0.000000
  0
VERTEX
  8
0
 10
778.825558
 20
207.934083
 42
-0.069844
  0
VERTEX
  8
0
 10
778.746759
 20
205.963437
 42
-0.089399
  0
VERTEX
  8
0
 10
778.111933
 20
204.265303
 42
-0.052137
  0
VERTEX
  8
0
 10
776.641749
 20
202.291741
 42
-0.010242
  0
SEQEND
  0
POLYLINE
  8
0
 66
1
 70
1
  0
VERTEX
  8
0
 10
175.574735
 20
201.120190
 42
0.000000
  0
VERTEX
  8
0
 10
173.000000
 20
198.545455
 42
0.000000
  0
VERTEX
  8
0
 10
173.000000
 20
201.958276
 42
-0.046579
  0
VERTEX
  8
0
 10
173.149064
 20
203.554931
 42
-0.045698
  0
VERTEX
  8
0
 10
173.591220
 20
205.107089
 42
-0.046141
  0
VERTEX
  8
0
 10
174.302569
 20
206.539028
 42
-0.049589
  0
VERTEX
  8
0
 10
175.250000
 20
207.779185
 42
0.000000
  0
VERTEX
  8
0
 10
177.500000
 20
210.187273
 42
0.000000
  0
VERTEX
  8
0
 10
177.824735
 20
206.941099
 42
-0.045844
  0
VERTEX
  8
0
 10
177.838358
 20
205.255371
 42
-0.071447
  0
VERTEX
  8
0
 10
177.513159
 20
203.842277
 42
-0.067589
  0
VERTEX
  8
0
 10
176.786350
 20
202.523858
 42
-0.036668
  0
SEQEND
  0
POLYLINE
  8
0
 66
1
 70
1
  0
VERTEX
  8
0
 10
36.075486
 20
197.599296
 42
0.000000
  0
VERTEX
  8
0
 10
31.000000
 20
192.523810
 42
0.000000
  0
VERTEX
  8
0
 10
31.000000
 20
195.977556
 42
-0.060561
  0
VERTEX
  8
0
 10
31.239608
 20
197.948552
 42
-0.069715
  0
VERTEX
  8
0
 10
31.943844
 20
199.705849
 42
-0.049032
  0
VERTEX
  8
0
 10
33.317484
 20
201.636724
 42
-0.015041
  0
VERTEX
  8
0
 10
35.750000
 20
204.266740
 42
0.000000
  0
VERTEX
  8
0
 10
40.500000
 20
209.102178
 42
0.000000
  0
VERTEX
  8
0
 10
40.825486
 20
205.888480
 42
-0.067581
  0
VERTEX
  8
0
 10
40.760517
 20
203.979469
 42
-0.088072
  0
VERTEX
  8
0
 10
40.170847
 20
202.336920
 42
-0.054366
  0
VERTEX
  8
0
 10
38.813767
 20
200.471666
 42
-0.011948
  0
SEQEND
  0
POLYLINE
  8
0
 66
1
 70
1
  0
VERTEX
  8
0
 10
295.573345
 20
201.156364
 42
0.000000
  0
VERTEX
  8
0
 10
293.500000
 20
198.812727
 42
0.000000
  0
VERTEX
  8
0
 10
293.179665
 20
201.999904
 42
-0.044446
  0
VERTEX
  8
0
 10
293.162823
 20
203.485439
 42
-0.050828
  0
VERTEX
  8
0
 10
293.415763
 20
204.882863
 42
-0.053470
  0
VERTEX
  8
0
 10
293.928122
 20
206.138330
 42
-0.060054
  0
VERTEX
  8
0
 10
294.679665
 20
207.203894
 42
-0.010874
  0
VERTEX
  8
0
 10
295.900209
 20
208.498433
 42
-0.290772
  0
VERTEX
  8
0
 10
296.341400
 20
208.600398
 42
-0.255063
  0
VERTEX
  8
0
 10
296.660907
 20
208.245168
 42
-0.008801
  0
VERTEX
  8
0
 10
297.073345
 20
206.360354
 42
-0.049394
  0
VERTEX
  8
0
 10
297.218144
 20
204.904230
 42
-0.070376
  0
VERTEX
  8
0
 10
297.036886
 20
203.619053
 42
-0.068092
  0
VERTEX
  8
0
 10
296.499195
 20
202.403958
 42
-0.042951
  0
SEQEND
  0
POLYLINE
  8
0
 66
1
 70
1
  0
VERTEX
  8
0
 10
304.500000
 20
202.000000
 42
-0.065029
  0
VERTEX
  8
0
 10
303.596617
 20
201.230780
 42
-0.042446
  0
VERTEX
  8
0
 10
302.387383
 20
200.584794
 42
-0.042113
  0
VERTEX
  8
0
 10
301.071261
 20
200.146273
 42
-0.059432
  0
VERTEX
  8
0
 10
299.845012
 20
200.000000
 42
0.034487
  0
VERTEX
  8
0
 10
298.289044
 20
199.892550
 42
0.163305
  0
VERTEX
  8
0
 10
297.500000
 20
199.500000
 42
0.163305
  0
VERTEX
  8
0
 10
297.107450
 20
198.710956
 42
0.034487
  0
VERTEX
  8
0
 10
297.000000
 20
197.154988
 42
-0.059432
  0
VERTEX
  8
0
 10
296.853727
 20
195.928739
 42
-0.042113
  0
VERTEX
  8
0
 10
296.415206
 20
194.612617
 42
-0.042446
  0
VERTEX
  8
0
 10
295.769220
 20
193.403383
 42
-0.065029
  0
VERTEX
  8
0
 10
295.000000
 20
192.500000
 42
-0.013031
  0
VERTEX
  8
0
 10
293.693151
 20
191.377854
 42
-0.348666
  0
VERTEX
  8
0
 10
293.264150
 20
191.372503
 42
-0.224992
  0
VERTEX
  8
0
 10
293.029960
 20
191.833901
 42
-0.006767
  0
VERTEX
  8
0
 10
293.000000
 20
194.047405
 42
-0.114866
  0
VERTEX
  8
0
 10
293.810523
 20
197.528976
 42
-0.080880
  0
VERTEX
  8
0
 10
296.151546
 20
200.816002
 42
-0.081152
  0
VERTEX
  8
0
 10
299.405075
 20
203.181081
 42
-0.117187
  0
VERTEX
  8
0
 10
302.851154
 20
204.000000
 42
-0.006506
  0
VERTEX
  8
0
 10
305.135270
 20
203.970278
 42
-0.217149
  0
VERTEX
  8
0
 10
305.615193
 20
203.736265
 42
-0.356621
  0
VERTEX
  8
0
 10
305.617064
 20
203.304430
 42
-0.013695
  0
SEQEND
  0
POLYLINE
  8
0
 66
1
 70
1
  0
VERTEX
  8
0
 10
313.000000
 20
203.428571
 42
-0.197509
  0
VERTEX
  8
0
 10
312.514030
 20
202.246317
 42
-0.069509
  0
VERTEX
  8
0
 10
311.027591
 20
201.111610
 42
-0.061443
  0
VERTEX
  8
0
 10
309.012933
 20
200.282351
 42
-0.067036
  0
VERTEX
  8
0
 10
306.916441
 20
200.000000
 42
-0.007146
  0
VERTEX
  8
0
 10
304.794435
 20
200.030328
 42
-0.235724
  0
VERTEX
  8
0
 10
304.356652
 20
200.264724
 42
-0.337763
  0
VERTEX
  8
0
 10
304.371655
 20
200.690260
 42
-0.012215
  0
VERTEX
  8
0
 10
305.500000
 20
202.000000
 42
-0.115541
  0
VERTEX
  8
0
 10
307.172677
 20
203.157082
 42
-0.046756
  0
VERTEX
  8
0
 10
309.853353
 20
203.932757
 42
-0.050157
  0
VERTEX
  8
0
 10
312.289637
 20
204.147683
 42
-0.410633
  0
SEQEND
  0
POLYLINE
  8
0
 66
1
 70
1
  0
VERTEX
  8
0
 10
316.662281
 20
200.750000
 42
-0.174857
  0
VERTEX
  8
0
 10
316.474999
 20
200.540618
 42
-0.447206
  0
VERTEX
  8
0
 10
316.306058
 20
200.601562
 42
-0.078554
  0
VERTEX
  8
0
 10
316.189089
 20
201.108560
 42
-0.017491
  0
VERTEX
  8
0
 10
316.157895
 20
202.000000
 42
-0.017491
  0
VERTEX
  8
0
 10
316.189089
 20
202.891440
 42
-0.078554
  0
VERTEX
  8
0
 10
316.306058
 20
203.398438
 42
-0.447206
  0
VERTEX
  8
0
 10
316.474999
 20
203.459382
 42
-0.174857
  0
VERTEX
  8
0
 10
316.662281
 20
203.250000
 42
-0.057986
  0
VERTEX
  8
0
 10
316.818615
 20
202.679992
 42
-0.037979
  0
VERTEX
  8
0
 10
316.870340
 20
202.000000
 42
-0.037979
  0
VERTEX
  8
0
 10
316.818615
 20
201.320008
 42
-0.057986
  0
SEQEND
  0
POLYLINE
  8
0
 66
1
 70
1
  0
VERTEX
  8
0
 10
345.000000
 20
202.000000
 42
-0.229790
  0
VERTEX
  8
0
 10
344.461675
 20
200.890509
 42
-0.130799
  0
VERTEX
  8
0
 10
343.062500
 20
200.287037
 42
-0.034233
  0
VERTEX
  8
0
 10
339.968150
 20
200.043195
 42
-0.002550
  0
VERTEX
  8
0
 10
331.500000
 20
200.000000
 42
-0.002550
  0
VERTEX
  8
0
 10
323.031850
 20
200.043195
 42
-0.034233
  0
VERTEX
  8
0
 10
319.937500
 20
200.287037
 42
-0.130799
  0
VERTEX
  8
0
 10
318.538325
 20
200.890509
 42
-0.229790
  0
VERTEX
  8
0
 10
318.000000
 20
202.000000
 42
-0.229790
  0
VERTEX
  8
0
 10
318.538325
 20
203.109491
 42
-0.130799
  0
VERTEX
  8
0
 10
319.937500
 20
203.712963
 42
-0.034233
  0
VERTEX
  8
0
 10
323.031850
 20
203.956805
 42
-0.002550
  0
VERTEX
  8
0
 10
331.500000
 20
204.000000
 42
-0.002550
  0
VERTEX
  8
0
 10
339.968150
 20
203.956805
 42
-0.034233
  0
VERTEX
  8
0
 10
343.062500
 20
203.712963
 42
-0.130799
  0
VERTEX
  8
0
 10
344.461675
 20
203.109491
 42
-0.229790
  0
SEQEND
  0
POLYLINE
  8
0
 66
1
 70
1
  0
VERTEX
  8
0
 10
378.000000
 20
202.000000
 42
-0.224251
  0
VERTEX
  8
0
 10
377.477318
 20
200.893213
 42
-0.134742
  0
VERTEX
  8
0
 10
376.125000
 20
200.288462
 42
-0.035495
  0
VERTEX
  8
0
 10
373.134523
 20
200.043630
 42
-0.002682
  0
VERTEX
  8
0
 10
365.000000
 20
200.000000
 42
-0.002682
  0
VERTEX
  8
0
 10
356.865477
 20
200.043630
 42
-0.035495
  0
VERTEX
  8
0
 10
353.875000
 20
200.288462
 42
-0.134742
  0
VERTEX
  8
0
 10
352.522682
 20
200.893213
 42
-0.224251
  0
VERTEX
  8
0
 10
352.000000
 20
202.000000
 42
-0.224251
  0
VERTEX
  8
0
 10
352.522682
 20
203.106787
 42
-0.134742
  0
VERTEX
  8
0
 10
353.875000
 20
203.711538
 42
-0.035495
  0
VERTEX
  8
0
 10
356.865477
 20
203.956370
 42
-0.002682
  0
VERTEX
  8
0
 10
365.000000
 20
204.000000
 42
-0.002682
  0
VERTEX
  8
0
 10
373.134523
 20
203.956370
 42
-0.035495
  0
VERTEX
  8
0
 10
376.125000
 20
203.711538
 42
-0.134742
  0
VERTEX
  8
0
 10
377.477318
 20
203.106787
 42
-0.224251
  0
SEQEND
  0
POLYLINE
  8
0
 66
1
 70
1
  0
VERTEX
  8
0
 10
381.662281
 20
200.750000
 42
-0.174857
  0
VERTEX
  8
0
 10
381.474999
 20
200.540618
 42
-0.447206
  0
VERTEX
  8
0
 10
381.306058
 20
200.601562
 42
-0.078554
  0
VERTEX
  8
0
 10
381.189089
 20
201.108560
 42
-0.017491
  0
VERTEX
  8
0
 10
381.157895
 20
202.000000
 42
-0.017491
  0
VERTEX
  8
0
 10
381.189089
 20
202.891440
 42
-0.078554
  0
VERTEX
  8
0
 10
381.306058
 20
203.398438
 42
-0.447206
  0
VERTEX
  8
0
 10
381.474999
 20
203.459382
 42
-0.174857
  0
VERTEX
  8
0
 10
381.662281
 20
203.250000
 42
-0.057986
  0
VERTEX
  8
0
 10
381.818615
 20
202.679992
 42
-0.037979
  0
VERTEX
  8
0
 10
381.870340
 20
202.000000
 42
-0.037979
  0
VERTEX
  8
0
 10
381.818615
 20
201.320008
 42
-0.057986
  0
SEQEND
  0
POLYLINE
  8
0
 66
1
 70
1
  0
VERTEX
  8
0
 10
384.889678
 20
202.250000
 42
0.001609
  0
VERTEX
  8
0
 10
383.985605
 20
201.074767
 42
0.621148
  0
VERTEX
  8
0
 10
384.022569
 20
201.000000
 42
0.176901
  0
VERTEX
  8
0
 10
384.190949
 20
201.061498
 42
0.000873
  0
VERTEX
  8
0
 10
385.595974
 20
202.250000
 42
-0.062738
  0
VERTEX
  8
0
 10
386.623369
 20
202.920973
 42
-0.034359
  0
VERTEX
  8
0
 10
388.019439
 20
203.485938
 42
-0.033649
  0
VERTEX
  8
0
 10
389.538984
 20
203.871632
 42
-0.045356
  0
VERTEX
  8
0
 10
390.951185
 20
204.000000
 42
-0.011705
  0
VERTEX
  8
0
 10
392.778783
 20
203.957211
 42
-0.145904
  0
VERTEX
  8
0
 10
393.425927
 20
203.730779
 42
-0.368752
  0
VERTEX
  8
0
 10
393.529429
 20
203.303932
 42
-0.056071
  0
VERTEX
  8
0
 10
393.009138
 20
202.511010
 42
-0.059806
  0
VERTEX
  8
0
 10
392.459025
 20
201.989616
 42
-0.071016
  0
VERTEX
  8
0
 10
391.830535
 20
201.648439
 42
-0.083340
  0
VERTEX
  8
0
 10
391.223187
 20
201.532106
 42
-0.145139
  0
VERTEX
  8
0
 10
390.732185
 20
201.665519
 42
0.044117
  0
VERTEX
  8
0
 10
390.347321
 20
201.858793
 42
0.389914
  0
VERTEX
  8
0
 10
390.184723
 20
201.796411
 42
0.231968
  0
VERTEX
  8
0
 10
390.183563
 20
201.565143
 42
0.025686
  0
VERTEX
  8
0
 10
390.445501
 20
201.088181
 42
-0.211992
  0
VERTEX
  8
0
 10
390.517538
 20
200.560893
 42
-0.256344
  0
VERTEX
  8
0
 10
390.169635
 20
200.211948
 42
-0.077862
  0
VERTEX
  8
0
 10
389.192330
 20
200.084574
 42
-0.014088
  0
VERTEX
  8
0
 10
387.358326
 20
200.183673
 42
-0.026321
  0
VERTEX
  8
0
 10
385.572881
 20
200.425792
 42
-0.068187
  0
VERTEX
  8
0
 10
384.343974
 20
200.837925
 42
-0.101818
  0
VERTEX
  8
0
 10
383.572531
 20
201.439962
 42
-0.130202
  0
VERTEX
  8
0
 10
383.184992
 20
202.250000
 42
-0.075773
  0
VERTEX
  8
0
 10
383.158425
 20
202.987039
 42
-0.137581
  0
VERTEX
  8
0
 10
383.385231
 20
203.540897
 42
-0.143304
  0
VERTEX
  8
0
 10
383.858580
 20
203.881699
 42
-0.085039
  0
VERTEX
  8
0
 10
384.549121
 20
204.000000
 42
-0.033569
  0
VERTEX
  8
0
 10
385.444749
 20
203.939802
 42
-0.321532
  0
VERTEX
  8
0
 10
385.707565
 20
203.691798
 42
-0.200072
  0
VERTEX
  8
0
 10
385.616975
 20
203.251082
 42
-0.015322
  0
SEQEND
  0
POLYLINE
  8
0
 66
1
 70
1
  0
VERTEX
  8
0
 10
400.500000
 20
202.000000
 42
-0.065737
  0
VERTEX
  8
0
 10
399.503381
 20
201.153811
 42
-0.053162
  0
VERTEX
  8
0
 10
398.248809
 20
200.522141
 42
-0.049190
  0
VERTEX
  8
0
 10
396.790592
 20
200.131231
 42
-0.040927
  0
VERTEX
  8
0
 10
395.190025
 20
200.000000
 42
-0.006407
  0
VERTEX
  8
0
 10
392.877306
 20
200.029637
 42
-0.214078
  0
VERTEX
  8
0
 10
392.389808
 20
200.263573
 42
-0.359731
  0
VERTEX
  8
0
 10
392.385064
 20
200.696593
 42
-0.013972
  0
VERTEX
  8
0
 10
393.500000
 20
202.000000
 42
-0.065737
  0
VERTEX
  8
0
 10
394.496619
 20
202.846189
 42
-0.053162
  0
VERTEX
  8
0
 10
395.751191
 20
203.477859
 42
-0.049190
  0
VERTEX
  8
0
 10
397.209408
 20
203.868769
 42
-0.040927
  0
VERTEX
  8
0
 10
398.809975
 20
204.000000
 42
-0.006407
  0
VERTEX
  8
0
 10
401.122694
 20
203.970363
 42
-0.214078
  0
VERTEX
  8
0
 10
401.610192
 20
203.736427
 42
-0.359731
  0
VERTEX
  8
0
 10
401.614936
 20
203.303407
 42
-0.013972
  0
SEQEND
  0
POLYLINE
  8
0
 66
1
 70
1
  0
VERTEX
  8
0
 10
408.500000
 20
202.000000
 42
-0.065737
  0
VERTEX
  8
0
 10
407.503381
 20
201.153811
 42
-0.053162
  0
VERTEX
  8
0
 10
406.248809
 20
200.522141
 42
-0.049190
  0
VERTEX
  8
0
 10
404.790592
 20
200.131231
 42
-0.040927
  0
VERTEX
  8
0
 10
403.190025
 20
200.000000
 42
-0.006407
  0
VERTEX
  8
0
 10
400.877306
 20
200.029637
 42
-0.214078
  0
VERTEX
  8
0
 10
400.389808
 20
200.263573
 42
-0.359731
  0
VERTEX
  8
0
 10
400.385064
 20
200.696593
 42
-0.013972
  0
VERTEX
  8
0
 10
401.500000
 20
202.000000
 42
-0.065737
  0
VERTEX
  8
0
 10
402.496619
 20
202.846189
 42
-0.053162
  0
VERTEX
  8
0
 10
403.751191
 20
203.477859
 42
-0.049190
  0
VERTEX
  8
0
 10
405.209408
 20
203.868769
 42
-0.040927
  0
VERTEX
  8
0
 10
406.809975
 20
204.000000
 42
-0.006407
  0
VERTEX
  8
0
 10
409.122694
 20
203.970363
 42
-0.214078
  0
VERTEX
  8
0
 10
409.610192
 20
203.736427
 42
-0.359731
  0
VERTEX
  8
0
 10
409.614936
 20
203.303407
 42
-0.013972
  0
SEQEND
  0
POLYLINE
  8
0
 66
1
 70
1
  0
VERTEX
  8
0
 10
416.500000
 20
202.000000
 42
-0.128374
  0
VERTEX
  8
0
 10
414.528926
 20
200.708948
 42
-0.050551
  0
VERTEX
  8
0
 10
411.340200
 20
199.984109
 42
-0.080820
  0
VERTEX
  8
0
 10
408.916228
 20
200.078183
 42
-0.521975
  0
VERTEX
  8
0
 10
408.510081
 20
201.016312
 42
-0.092929
  0
VERTEX
  8
0
 10
408.822588
 20
201.359320
 42
-0.096298
  0
VERTEX
  8
0
 10
409.234418
 20
201.560581
 42
-0.099244
  0
VERTEX
  8
0
 10
409.681148
 20
201.589535
 42
-0.105503
  0
VERTEX
  8
0
 10
410.093875
 20
201.441982
 42
0.056384
  0
VERTEX
  8
0
 10
410.450582
 20
201.273647
 42
0.153269
  0
VERTEX
  8
0
 10
410.726758
 20
201.266988
 42
0.238610
  0
VERTEX
  8
0
 10
410.882268
 20
201.411433
 42
0.132215
  0
VERTEX
  8
0
 10
410.906356
 20
201.675670
 42
-0.082289
  0
VERTEX
  8
0
 10
410.897057
 20
202.869324
 42
-0.218205
  0
VERTEX
  8
0
 10
411.358001
 20
203.563610
 42
-0.120127
  0
VERTEX
  8
0
 10
412.431691
 20
203.914567
 42
-0.019206
  0
VERTEX
  8
0
 10
414.654988
 20
204.000000
 42
-0.006066
  0
VERTEX
  8
0
 10
417.075076
 20
203.970639
 42
-0.203080
  0
VERTEX
  8
0
 10
417.591339
 20
203.737002
 42
-0.370833
  0
VERTEX
  8
0
 10
417.606613
 20
203.299376
 42
-0.015058
  0
SEQEND
  0
POLYLINE
  8
0
 66
1
 70
1
  0
VERTEX
  8
0
 10
424.500000
 20
202.000000
 42
-0.065737
  0
VERTEX
  8
0
 10
423.503381
 20
201.153811
 42
-0.053162
  0
VERTEX
  8
0
 10
422.248809
 20
200.522141
 42
-0.049190
  0
VERTEX
  8
0
 10
420.790592
 20
200.131231
 42
-0.040927
  0
VERTEX
  8
0
 10
419.190025
 20
200.000000
 42
-0.006407
  0
VERTEX
  8
0
 10
416.877306
 20
200.029637
 42
-0.214078
  0
VERTEX
  8
0
 10
416.389808
 20
200.263573
 42
-0.359731
  0
VERTEX
  8
0
 10
416.385064
 20
200.696593
 42
-0.013972
  0
VERTEX
  8
0
 10
417.500000
 20
202.000000
 42
-0.065737
  0
VERTEX
  8
0
 10
418.496619
 20
202.846189
 42
-0.053162
  0
VERTEX
  8
0
 10
419.751191
 20
203.477859
 42
-0.049190
  0
VERTEX
  8
0
 10
421.209408
 20
203.868769
 42
-0.040927
  0
VERTEX
  8
0
 10
422.809975
 20
204.000000
 42
-0.006407
  0
VERTEX
  8
0
 10
425.122694
 20
203.970363
 42
-0.214078
  0
VERTEX
  8
0
 10
425.610192
 20
203.736427
 42
-0.359731
  0
VERTEX
  8
0
 10
425.614936
 20
203.303407
 42
-0.013972
  0
SEQEND
  0
POLYLINE
  8
0
 66
1
 70
1
  0
VERTEX
  8
0
 10
432.889678
 20
202.250000
 42
0.001609
  0
VERTEX
  8
0
 10
431.985605
 20
201.074767
 42
0.621148
  0
VERTEX
  8
0
 10
432.022569
 20
201.000000
 42
0.176901
  0
VERTEX
  8
0
 10
432.190949
 20
201.061498
 42
0.000873
  0
VERTEX
  8
0
 10
433.595974
 20
202.250000
 42
-0.064084
  0
VERTEX
  8
0
 10
434.629580
 20
202.921083
 42
-0.034265
  0
VERTEX
  8
0
 10
436.046417
 20
203.485938
 42
-0.033468
  0
VERTEX
  8
0
 10
437.595629
 20
203.871543
 42
-0.044288
  0
VERTEX
  8
0
 10
439.043026
 20
204.000000
 42
-0.009151
  0
VERTEX
  8
0
 10
440.983434
 20
203.964484
 42
-0.151343
  0
VERTEX
  8
0
 10
441.586837
 20
203.753066
 42
-0.412666
  0
VERTEX
  8
0
 10
441.646308
 20
203.361231
 42
-0.041937
  0
VERTEX
  8
0
 10
440.964286
 20
202.577240
 42
-0.123377
  0
VERTEX
  8
0
 10
439.150969
 20
201.525714
 42
-0.041627
  0
VERTEX
  8
0
 10
436.132817
 20
200.924008
 42
-0.041578
  0
VERTEX
  8
0
 10
433.061862
 20
200.830409
 42
-0.125893
  0
VERTEX
  8
0
 10
431.081093
 20
201.449882
 42
0.016644
  0
VERTEX
  8
0
 10
430.459221
 20
201.806181
 42
0.228515
  0
VERTEX
  8
0
 10
430.206329
 20
201.815717
 42
0.419946
  0
VERTEX
  8
0
 10
430.141332
 20
201.645113
 42
0.030613
  0
VERTEX
  8
0
 10
430.404508
 20
201.154508
 42
-0.246861
  0
VERTEX
  8
0
 10
430.439272
 20
200.655343
 42
-0.199841
  0
VERTEX
  8
0
 10
430.045449
 20
200.279684
 42
-0.073845
  0
VERTEX
  8
0
 10
429.063178
 20
200.060143
 42
-0.018119
  0
VERTEX
  8
0
 10
427.404029
 20
200.000000
 42
-0.005948
  0
VERTEX
  8
0
 10
424.943169
 20
200.029274
 42
-0.199117
  0
VERTEX
  8
0
 10
424.415851
 20
200.262791
 42
-0.374816
  0
VERTEX
  8
0
 10
424.396679
 20
200.702227
 42
-0.015488
  0
VERTEX
  8
0
 10
425.500000
 20
202.000000
 42
-0.065671
  0
VERTEX
  8
0
 10
426.492669
 20
202.843057
 42
-0.052717
  0
VERTEX
  8
0
 10
427.744812
 20
203.475305
 42
-0.048984
  0
VERTEX
  8
0
 10
429.195626
 20
203.868033
 42
-0.041642
  0
VERTEX
  8
0
 10
430.777432
 20
204.000000
 42
-0.009553
  0
VERTEX
  8
0
 10
432.852624
 20
203.960347
 42
-0.164887
  0
VERTEX
  8
0
 10
433.477496
 20
203.721536
 42
-0.363424
  0
VERTEX
  8
0
 10
433.562206
 20
203.260594
 42
-0.035895
  0
SEQEND
  0
POLYLINE
  8
0
 66
1
 70
1
  0
VERTEX
  8
0
 10
457.064892
 20
202.578190
 42
-0.150302
  0
VERTEX
  8
0
 10
456.177830
 20
201.997393
 42
-0.030751
  0
VERTEX
  8
0
 10
454.327173
 20
201.583842
 42
-0.025468
  0
VERTEX
  8
0
 10
451.765096
 20
201.307505
 42
-0.011811
  0
VERTEX
  8
0
 10
448.418932
 20
201.197393
 42
-0.005373
  0
VERTEX
  8
0
 10
444.294055
 20
201.203464
 42
-0.047388
  0
VERTEX
  8
0
 10
442.483521
 20
201.397794
 42
-0.239615
  0
VERTEX
  8
0
 10
441.918846
 20
201.846993
 42
-0.287871
  0
VERTEX
  8
0
 10
442.006715
 20
202.508092
 42
-0.142876
  0
VERTEX
  8
0
 10
442.935222
 20
203.135498
 42
-0.038029
  0
VERTEX
  8
0
 10
444.690686
 20
203.554664
 42
-0.028298
  0
VERTEX
  8
0
 10
447.198483
 20
203.810805
 42
-0.011301
  0
VERTEX
  8
0
 10
450.652675
 20
203.888889
 42
-0.005936
  0
VERTEX
  8
0
 10
454.605913
 20
203.841954
 42
-0.044501
  0
VERTEX
  8
0
 10
456.465974
 20
203.631458
 42
-0.200794
  0
VERTEX
  8
0
 10
457.100995
 20
203.198928
 42
-0.328411
  0
SEQEND
  0
POLYLINE
  8
0
 66
1
 70
1
  0
VERTEX
  8
0
 10
465.000000
 20
202.500000
 42
-0.102832
  0
VERTEX
  8
0
 10
464.277130
 20
201.923612
 42
-0.040522
  0
VERTEX
  8
0
 10
463.092672
 20
201.440625
 42
-0.037933
  0
VERTEX
  8
0
 10
461.686303
 20
201.110801
 42
-0.038652
  0
VERTEX
  8
0
 10
460.255111
 20
201.000000
 42
-0.010776
  0
VERTEX
  8
0
 10
458.297126
 20
201.042204
 42
-0.136807
  0
VERTEX
  8
0
 10
457.603567
 20
201.268222
 42
-0.375144
  0
VERTEX
  8
0
 10
457.485546
 20
201.701315
 42
-0.060318
  0
VERTEX
  8
0
 10
458.000000
 20
202.500000
 42
-0.102832
  0
VERTEX
  8
0
 10
458.722870
 20
203.076388
 42
-0.040522
  0
VERTEX
  8
0
 10
459.907328
 20
203.559375
 42
-0.037933
  0
VERTEX
  8
0
 10
461.313697
 20
203.889199
 42
-0.038652
  0
VERTEX
  8
0
 10
462.744889
 20
204.000000
 42
-0.010776
  0
VERTEX
  8
0
 10
464.702874
 20
203.957796
 42
-0.136807
  0
VERTEX
  8
0
 10
465.396433
 20
203.731778
 42
-0.375144
  0
VERTEX
  8
0
 10
465.514454
 20
203.298685
 42
-0.060318
  0
SEQEND
  0
POLYLINE
  8
0
 66
1
 70
1
  0
VERTEX
  8
0
 10
473.172419
 20
202.707753
 42
-0.108741
  0
VERTEX
  8
0
 10
472.511063
 20
202.192942
 42
-0.033200
  0
VERTEX
  8
0
 10
471.325996
 20
201.721763
 42
-0.031491
  0
VERTEX
  8
0
 10
469.890559
 20
201.356618
 42
-0.029731
  0
VERTEX
  8
0
 10
468.392744
 20
201.165838
 42
-0.008617
  0
VERTEX
  8
0
 10
466.259008
 20
201.059036
 42
-0.131235
  0
VERTEX
  8
0
 10
465.544864
 20
201.224891
 42
-0.410172
  0
VERTEX
  8
0
 10
465.418070
 20
201.630282
 42
-0.054395
  0
VERTEX
  8
0
 10
465.965214
 20
202.458086
 42
-0.100553
  0
VERTEX
  8
0
 10
466.703362
 20
203.052122
 42
-0.041311
  0
VERTEX
  8
0
 10
467.895101
 20
203.548458
 42
-0.038610
  0
VERTEX
  8
0
 10
469.307477
 20
203.886429
 42
-0.039444
  0
VERTEX
  8
0
 10
470.744889
 20
204.000000
 42
-0.013508
  0
VERTEX
  8
0
 10
472.523205
 20
203.951948
 42
-0.109218
  0
VERTEX
  8
0
 10
473.304746
 20
203.734302
 42
-0.343297
  0
VERTEX
  8
0
 10
473.485737
 20
203.329272
 42
-0.113377
  0
SEQEND
  0
POLYLINE
  8
0
 66
1
 70
1
  0
VERTEX
  8
0
 10
481.000000
 20
202.500000
 42
-0.102832
  0
VERTEX
  8
0
 10
480.277130
 20
201.923612
 42
-0.040522
  0
VERTEX
  8
0
 10
479.092672
 20
201.440625
 42
-0.037933
  0
VERTEX
  8
0
 10
477.686303
 20
201.110801
 42
-0.038652
  0
VERTEX
  8
0
 10
476.255111
 20
201.000000
 42
-0.010776
  0
VERTEX
  8
0
 10
474.297126
 20
201.042204
 42
-0.136807
  0
VERTEX
  8
0
 10
473.603567
 20
201.268222
 42
-0.375144
  0
VERTEX
  8
0
 10
473.485546
 20
201.701315
 42
-0.060318
  0
VERTEX
  8
0
 10
474.000000
 20
202.500000
 42
-0.102832
  0
VERTEX
  8
0
 10
474.722870
 20
203.076388
 42
-0.040522
  0
VERTEX
  8
0
 10
475.907328
 20
203.559375
 42
-0.037933
  0
VERTEX
  8
0
 10
477.313697
 20
203.889199
 42
-0.038652
  0
VERTEX
  8
0
 10
478.744889
 20
204.000000
 42
-0.010776
  0
VERTEX
  8
0
 10
480.702874
 20
203.957796
 42
-0.136807
  0
VERTEX
  8
0
 10
481.396433
 20
203.731778
 42
-0.375144
  0
VERTEX
  8
0
 10
481.514454
 20
203.298685
 42
-0.060318
  0
SEQEND
  0
POLYLINE
  8
0
 66
1
 70
1
  0
VERTEX
  8
0
 10
497.064892
 20
202.578190
 42
-0.150302
  0
VERTEX
  8
0
 10
496.177830
 20
201.997393
 42
-0.030751
  0
VERTEX
  8
0
 10
494.327173
 20
201.583842
 42
-0.025468
  0
VERTEX
  8
0
 10
491.765096
 20
201.307505
 42
-0.011811
  0
VERTEX
  8
0
 10
488.418932
 20
201.197393
 42
-0.005373
  0
VERTEX
  8
0
 10
484.294055
 20
201.203464
 42
-0.047388
  0
VERTEX
  8
0
 10
482.483521
 20
201.397794
 42
-0.239615
  0
VERTEX
  8
0
 10
481.918846
 20
201.846993
 42
-0.287871
  0
VERTEX
  8
0
 10
482.006715
 20
202.508092
 42
-0.142876
  0
VERTEX
  8
0
 10
482.935222
 20
203.135498
 42
-0.038029
  0
VERTEX
  8
0
 10
484.690686
 20
203.554664
 42
-0.028298
  0
VERTEX
  8
0
 10
487.198483
 20
203.810805
 42
-0.011301
  0
VERTEX
  8
0
 10
490.652675
 20
203.888889
 42
-0.005936
  0
VERTEX
  8
0
 10
494.605913
 20
203.841954
 42
-0.044501
  0
VERTEX
  8
0
 10
496.465974
 20
203.631458
 42
-0.200794
  0
VERTEX
  8
0
 10
497.100995
 20
203.198928
 42
-0.328411
  0
SEQEND
  0
POLYLINE
  8
0
 66
1
 70
1
  0
VERTEX
  8
0
 10
505.000000
 20
202.500000
 42
-0.102832
  0
VERTEX
  8
0
 10
504.277130
 20
201.923612
 42
-0.040522
  0
VERTEX
  8
0
 10
503.092672
 20
201.440625
 42
-0.037933
  0
VERTEX
  8
0
 10
501.686303
 20
201.110801
 42
-0.038652
  0
VERTEX
  8
0
 10
500.255111
 20
201.000000
 42
-0.010776
  0
VERTEX
  8
0
 10
498.297126
 20
201.042204
 42
-0.136807
  0
VERTEX
  8
0
 10
497.603567
 20
201.268222
 42
-0.375144
  0
VERTEX
  8
0
 10
497.485546
 20
201.701315
 42
-0.060318
  0
VERTEX
  8
0
 10
498.000000
 20
202.500000
 42
-0.102832
  0
VERTEX
  8
0
 10
498.722870
 20
203.076388
 42
-0.040522
  0
VERTEX
  8
0
 10
499.907328
 20
203.559375
 42
-0.037933
  0
VERTEX
  8
0
 10
501.313697
 20
203.889199
 42
-0.038652
  0
VERTEX
  8
0
 10
502.744889
 20
204.000000
 42
-0.010776
  0
VERTEX
  8
0
 10
504.702874
 20
203.957796
 42
-0.136807
  0
VERTEX
  8
0
 10
505.396433
 20
203.731778
 42
-0.375144
  0
VERTEX
  8
0
 10
505.514454
 20
203.298685
 42
-0.060318
  0
SEQEND
  0
POLYLINE
  8
0
 66
1
 70
1
  0
VERTEX
  8
0
 10
513.172419
 20
202.707753
 42
-0.108741
  0
VERTEX
  8
0
 10
512.511063
 20
202.192942
 42
-0.033200
  0
VERTEX
  8
0
 10
511.325996
 20
201.721763
 42
-0.031491
  0
VERTEX
  8
0
 10
509.890559
 20
201.356618
 42
-0.029731
  0
VERTEX
  8
0
 10
508.392744
 20
201.165838
 42
-0.008617
  0
VERTEX
  8
0
 10
506.259008
 20
201.059036
 42
-0.131235
  0
VERTEX
  8
0
 10
505.544864
 20
201.224891
 42
-0.410172
  0
VERTEX
  8
0
 10
505.418070
 20
201.630282
 42
-0.054395
  0
VERTEX
  8
0
 10
505.965214
 20
202.458086
 42
-0.100553
  0
VERTEX
  8
0
 10
506.703362
 20
203.052122
 42
-0.041311
  0
VERTEX
  8
0
 10
507.895101
 20
203.548458
 42
-0.038610
  0
VERTEX
  8
0
 10
509.307477
 20
203.886429
 42
-0.039444
  0
VERTEX
  8
0
 10
510.744889
 20
204.000000
 42
-0.013508
  0
VERTEX
  8
0
 10
512.523205
 20
203.951948
 42
-0.109218
  0
VERTEX
  8
0
 10
513.304746
 20
203.734302
 42
-0.343297
  0
VERTEX
  8
0
 10
513.485737
 20
203.329272
 42
-0.113377
  0
SEQEND
  0
POLYLINE
  8
0
 66
1
 70
1
  0
VERTEX
  8
0
 10
521.000000
 20
202.500000
 42
-0.102832
  0
VERTEX
  8
0
 10
520.277130
 20
201.923612
 42
-0.040522
  0
VERTEX
  8
0
 10
519.092672
 20
201.440625
 42
-0.037933
  0
VERTEX
  8
0
 10
517.686303
 20
201.110801
 42
-0.038652
  0
VERTEX
  8
0
 10
516.255111
 20
201.000000
 42
-0.010776
  0
VERTEX
  8
0
 10
514.297126
 20
201.042204
 42
-0.136807
  0
VERTEX
  8
0
 10
513.603567
 20
201.268222
 42
-0.375144
  0
VERTEX
  8
0
 10
513.485546
 20
201.701315
 42
-0.060318
  0
VERTEX
  8
0
 10
514.000000
 20
202.500000
 42
-0.102832
  0
VERTEX
  8
0
 10
514.722870
 20
203.076388
 42
-0.040522
  0
VERTEX
  8
0
 10
515.907328
 20
203.559375
 42
-0.037933
  0
VERTEX
  8
0
 10
517.313697
 20
203.889199
 42
-0.038652
  0
VERTEX
  8
0
 10
518.744889
 20
204.000000
 42
-0.010776
  0
VERTEX
  8
0
 10
520.702874
 20
203.957796
 42
-0.136807
  0
VERTEX
  8
0
 10
521.396433
 20
203.731778
 42
-0.375144
  0
VERTEX
  8
0
 10
521.514454
 20
203.298685
 42
-0.060318
  0
SEQEND
  0
POLYLINE
  8
0
 66
1
 70
1
  0
VERTEX
  8
0
 10
535.424172
 20
200.920852
 42
0.000000
  0
VERTEX
  8
0
 10
532.580612
 20
197.952816
 42
0.000000
  0
VERTEX
  8
0
 10
531.258369
 20
200.476408
 42
0.015297
  0
VERTEX
  8
0
 10
530.713485
 20
201.443216
 42
0.022154
  0
VERTEX
  8
0
 10
530.169705
 20
202.258695
 42
0.018894
  0
VERTEX
  8
0
 10
529.681613
 20
202.874530
 42
0.219114
  0
VERTEX
  8
0
 10
529.409046
 20
203.000000
 42
0.212821
  0
VERTEX
  8
0
 10
529.252849
 20
202.930362
 42
0.177869
  0
VERTEX
  8
0
 10
529.184933
 20
202.760308
 42
0.099861
  0
VERTEX
  8
0
 10
529.230432
 20
202.497064
 42
0.045873
  0
VERTEX
  8
0
 10
529.386264
 20
202.184029
 42
-0.452456
  0
VERTEX
  8
0
 10
529.285322
 20
201.853282
 42
-0.043406
  0
VERTEX
  8
0
 10
528.387303
 20
201.537603
 42
-0.032715
  0
VERTEX
  8
0
 10
527.011773
 20
201.278946
 42
-0.017188
  0
VERTEX
  8
0
 10
525.277383
 20
201.129261
 42
-0.007325
  0
VERTEX
  8
0
 10
522.648294
 20
201.031760
 42
-0.095394
  0
VERTEX
  8
0
 10
521.688377
 20
201.194356
 42
-0.402740
  0
VERTEX
  8
0
 10
521.483354
 20
201.621993
 42
-0.093786
  0
VERTEX
  8
0
 10
521.908440
 20
202.389677
 42
-0.131028
  0
VERTEX
  8
0
 10
522.900608
 20
203.094259
 42
-0.047089
  0
VERTEX
  8
0
 10
524.587608
 20
203.548137
 42
-0.031546
  0
VERTEX
  8
0
 10
527.070519
 20
203.811411
 42
-0.010642
  0
VERTEX
  8
0
 10
530.710203
 20
203.888889
 42
0.000000
  0
VERTEX
  8
0
 10
538.267731
 20
203.888889
 42
0.000000
  0
SEQEND
  0
POLYLINE
  8
0
 66
1
 70
1
  0
VERTEX
  8
0
 10
544.500000
 20
202.000000
 42
-0.065450
  0
VERTEX
  8
0
 10
543.522723
 20
201.169272
 42
-0.050972
  0
VERTEX
  8
0
 10
542.279594
 20
200.534750
 42
-0.048094
  0
VERTEX
  8
0
 10
540.856430
 20
200.134771
 42
-0.044496
  0
VERTEX
  8
0
 10
539.345012
 20
200.000000
 42
0.024178
  0
VERTEX
  8
0
 10
537.355249
 20
199.903727
 42
0.173898
  0
VERTEX
  8
0
 10
536.500000
 20
199.500000
 42
0.173898
  0
VERTEX
  8
0
 10
536.096273
 20
198.644751
 42
0.024178
  0
VERTEX
  8
0
 10
536.000000
 20
196.654988
 42
-0.044496
  0
VERTEX
  8
0
 10
535.865229
 20
195.143570
 42
-0.048094
  0
VERTEX
  8
0
 10
535.465250
 20
193.720406
 42
-0.050972
  0
VERTEX
  8
0
 10
534.830728
 20
192.477277
 42
-0.065450
  0
VERTEX
  8
0
 10
534.000000
 20
191.500000
 42
-0.013066
  0
VERTEX
  8
0
 10
532.693277
 20
190.378120
 42
-0.349103
  0
VERTEX
  8
0
 10
532.264127
 20
190.373163
 42
-0.224561
  0
VERTEX
  8
0
 10
532.029946
 20
190.835550
 42
-0.006752
  0
VERTEX
  8
0
 10
532.000000
 20
193.052850
 42
-0.124454
  0
VERTEX
  8
0
 10
532.919665
 20
196.690434
 42
-0.071632
  0
VERTEX
  8
0
 10
535.628486
 20
200.341701
 42
-0.071767
  0
VERTEX
  8
0
 10
539.249999
 20
203.073144
 42
-0.126395
  0
VERTEX
  8
0
 10
542.857935
 20
204.000000
 42
-0.006523
  0
VERTEX
  8
0
 10
545.137337
 20
203.970263
 42
-0.217661
  0
VERTEX
  8
0
 10
545.616016
 20
203.736238
 42
-0.356103
  0
VERTEX
  8
0
 10
545.617411
 20
203.304596
 42
-0.013649
  0
SEQEND
  0
POLYLINE
  8
0
 66
1
 70
1
  0
VERTEX
  8
0
 10
553.009138
 20
202.511010
 42
-0.059806
  0
VERTEX
  8
0
 10
552.459025
 20
201.989616
 42
-0.071016
  0
VERTEX
  8
0
 10
551.830535
 20
201.648439
 42
-0.083340
  0
VERTEX
  8
0
 10
551.223187
 20
201.532106
 42
-0.145139
  0
VERTEX
  8
0
 10
550.732185
 20
201.665519
 42
0.043144
  0
VERTEX
  8
0
 10
550.355314
 20
201.855697
 42
0.359857
  0
VERTEX
  8
0
 10
550.186211
 20
201.801575
 42
0.256051
  0
VERTEX
  8
0
 10
550.171496
 20
201.588198
 42
0.030284
  0
VERTEX
  8
0
 10
550.404508
 20
201.154508
 42
-0.246861
  0
VERTEX
  8
0
 10
550.439272
 20
200.655343
 42
-0.199841
  0
VERTEX
  8
0
 10
550.045449
 20
200.279684
 42
-0.073845
  0
VERTEX
  8
0
 10
549.063178
 20
200.060143
 42
-0.018119
  0
VERTEX
  8
0
 10
547.404029
 20
200.000000
 42
-0.005948
  0
VERTEX
  8
0
 10
544.943169
 20
200.029274
 42
-0.199117
  0
VERTEX
  8
0
 10
544.415851
 20
200.262791
 42
-0.374816
  0
VERTEX
  8
0
 10
544.396679
 20
200.702227
 42
-0.015488
  0
VERTEX
  8
0
 10
545.500000
 20
202.000000
 42
-0.124393
  0
VERTEX
  8
0
 10
547.691545
 20
203.460128
 42
-0.068169
  0
VERTEX
  8
0
 10
550.870403
 20
204.118012
 42
-0.150293
  0
VERTEX
  8
0
 10
552.805678
 20
203.664053
 42
-0.463096
  0
SEQEND
  0
POLYLINE
  8
0
 66
1
 70
1
  0
VERTEX
  8
0
 10
560.500000
 20
202.000000
 42
-0.065737
  0
VERTEX
  8
0
 10
559.503381
 20
201.153811
 42
-0.053162
  0
VERTEX
  8
0
 10
558.248809
 20
200.522141
 42
-0.049190
  0
VERTEX
  8
0
 10
556.790592
 20
200.131231
 42
-0.040927
  0
VERTEX
  8
0
 10
555.190025
 20
200.000000
 42
-0.006407
  0
VERTEX
  8
0
 10
552.877306
 20
200.029637
 42
-0.214078
  0
VERTEX
  8
0
 10
552.389808
 20
200.263573
 42
-0.359731
  0
VERTEX
  8
0
 10
552.385064
 20
200.696593
 42
-0.013972
  0
VERTEX
  8
0
 10
553.500000
 20
202.000000
 42
-0.065737
  0
VERTEX
  8
0
 10
554.496619
 20
202.846189
 42
-0.053162
  0
VERTEX
  8
0
 10
555.751191
 20
203.477859
 42
-0.049190
  0
VERTEX
  8
0
 10
557.209408
 20
203.868769
 42
-0.040927
  0
VERTEX
  8
0
 10
558.809975
 20
204.000000
 42
-0.006407
  0
VERTEX
  8
0
 10
561.122694
 20
203.970363
 42
-0.214078
  0
VERTEX
  8
0
 10
561.610192
 20
203.736427
 42
-0.359731
  0
VERTEX
  8
0
 10
561.614936
 20
203.303407
 42
-0.013972
  0
SEQEND
  0
POLYLINE
  8
0
 66
1
 70
1
  0
VERTEX
  8
0
 10
572.000000
 20
201.813139
 42
-0.089397
  0
VERTEX
  8
0
 10
571.861510
 20
201.044750
 42
-0.123668
  0
VERTEX
  8
0
 10
571.466098
 20
200.470146
 42
-0.113546
  0
VERTEX
  8
0
 10
570.816621
 20
200.118818
 42
-0.067537
  0
VERTEX
  8
0
 10
569.940983
 20
200.000000
 42
-0.048138
  0
VERTEX
  8
0
 10
569.192141
 20
200.072263
 42
-0.106696
  0
VERTEX
  8
0
 10
568.667589
 20
200.297134
 42
-0.184801
  0
VERTEX
  8
0
 10
568.445556
 20
200.630372
 42
-0.196428
  0
VERTEX
  8
0
 10
568.510081
 20
201.016312
 42
-0.105964
  0
VERTEX
  8
0
 10
568.832848
 20
201.352714
 42
-0.099320
  0
VERTEX
  8
0
 10
569.272527
 20
201.537029
 42
-0.096172
  0
VERTEX
  8
0
 10
569.761469
 20
201.540551
 42
-0.092519
  0
VERTEX
  8
0
 10
570.223607
 20
201.361803
 42
0.036959
  0
VERTEX
  8
0
 10
570.641845
 20
201.144229
 42
0.374427
  0
VERTEX
  8
0
 10
570.814213
 20
201.199582
 42
0.254624
  0
VERTEX
  8
0
 10
570.824224
 20
201.422518
 42
0.024955
  0
VERTEX
  8
0
 10
570.555231
 20
201.910634
 42
0.096953
  0
VERTEX
  8
0
 10
570.098268
 20
202.404234
 42
0.194618
  0
VERTEX
  8
0
 10
569.591668
 20
202.531535
 42
0.121029
  0
VERTEX
  8
0
 10
568.959681
 20
202.279750
 42
0.028895
  0
VERTEX
  8
0
 10
568.071982
 20
201.565143
 42
-0.073699
  0
VERTEX
  8
0
 10
567.171848
 20
200.964494
 42
-0.035285
  0
VERTEX
  8
0
 10
565.873463
 20
200.459761
 42
-0.034013
  0
VERTEX
  8
0
 10
564.416684
 20
200.115249
 42
-0.041079
  0
VERTEX
  8
0
 10
563.016272
 20
200.000000
 42
-0.006708
  0
VERTEX
  8
0
 10
560.808371
 20
200.029624
 42
-0.232667
  0
VERTEX
  8
0
 10
560.361544
 20
200.264542
 42
-0.341831
  0
VERTEX
  8
0
 10
560.374052
 20
200.692900
 42
-0.011904
  0
VERTEX
  8
0
 10
561.532897
 20
202.036351
 42
-0.143758
  0
VERTEX
  8
0
 10
564.010524
 20
203.554280
 42
-0.071480
  0
VERTEX
  8
0
 10
567.698387
 20
204.004179
 42
-0.083299
  0
VERTEX
  8
0
 10
570.896261
 20
203.397329
 42
-0.314011
  0
SEQEND
  0
POLYLINE
  8
0
 66
1
 70
1
  0
VERTEX
  8
0
 10
573.662281
 20
200.750000
 42
-0.174857
  0
VERTEX
  8
0
 10
573.474999
 20
200.540618
 42
-0.447206
  0
VERTEX
  8
0
 10
573.306058
 20
200.601562
 42
-0.078554
  0
VERTEX
  8
0
 10
573.189089
 20
201.108560
 42
-0.017491
  0
VERTEX
  8
0
 10
573.157895
 20
202.000000
 42
-0.017491
  0
VERTEX
  8
0
 10
573.189089
 20
202.891440
 42
-0.078554
  0
VERTEX
  8
0
 10
573.306058
 20
203.398438
 42
-0.447206
  0
VERTEX
  8
0
 10
573.474999
 20
203.459382
 42
-0.174857
  0
VERTEX
  8
0
 10
573.662281
 20
203.250000
 42
-0.057986
  0
VERTEX
  8
0
 10
573.818615
 20
202.679992
 42
-0.037979
  0
VERTEX
  8
0
 10
573.870340
 20
202.000000
 42
-0.037979
  0
VERTEX
  8
0
 10
573.818615
 20
201.320008
 42
-0.057986
  0
SEQEND
  0
POLYLINE
  8
0
 66
1
 70
1
  0
VERTEX
  8
0
 10
603.000000
 20
202.000000
 42
-0.224251
  0
VERTEX
  8
0
 10
602.477318
 20
200.893213
 42
-0.134742
  0
VERTEX
  8
0
 10
601.125000
 20
200.288462
 42
-0.035495
  0
VERTEX
  8
0
 10
598.134523
 20
200.043630
 42
-0.002682
  0
VERTEX
  8
0
 10
590.000000
 20
200.000000
 42
-0.002682
  0
VERTEX
  8
0
 10
581.865477
 20
200.043630
 42
-0.035495
  0
VERTEX
  8
0
 10
578.875000
 20
200.288462
 42
-0.134742
  0
VERTEX
  8
0
 10
577.522682
 20
200.893213
 42
-0.224251
  0
VERTEX
  8
0
 10
577.000000
 20
202.000000
 42
-0.224251
  0
VERTEX
  8
0
 10
577.522682
 20
203.106787
 42
-0.134742
  0
VERTEX
  8
0
 10
578.875000
 20
203.711538
 42
-0.035495
  0
VERTEX
  8
0
 10
581.865477
 20
203.956370
 42
-0.002682
  0
VERTEX
  8
0
 10
590.000000
 20
204.000000
 42
-0.002682
  0
VERTEX
  8
0
 10
598.134523
 20
203.956370
 42
-0.035495
  0
VERTEX
  8
0
 10
601.125000
 20
203.711538
 42
-0.134742
  0
VERTEX
  8
0
 10
602.477318
 20
203.106787
 42
-0.224251
  0
SEQEND
  0
POLYLINE
  8
0
 66
1
 70
1
  0
VERTEX
  8
0
 10
605.662281
 20
200.750000
 42
-0.174857
  0
VERTEX
  8
0
 10
605.474999
 20
200.540618
 42
-0.447206
  0
VERTEX
  8
0
 10
605.306058
 20
200.601562
 42
-0.078554
  0
VERTEX
  8
0
 10
605.189089
 20
201.108560
 42
-0.017491
  0
VERTEX
  8
0
 10
605.157895
 20
202.000000
 42
-0.017491
  0
VERTEX
  8
0
 10
605.189089
 20
202.891440
 42
-0.078554
  0
VERTEX
  8
0
 10
605.306058
 20
203.398438
 42
-0.447206
  0
VERTEX
  8
0
 10
605.474999
 20
203.459382
 42
-0.174857
  0
VERTEX
  8
0
 10
605.662281
 20
203.250000
 42
-0.057986
  0
VERTEX
  8
0
 10
605.818615
 20
202.679992
 42
-0.037979
  0
VERTEX
  8
0
 10
605.870340
 20
202.000000
 42
-0.037979
  0
VERTEX
  8
0
 10
605.818615
 20
201.320008
 42
-0.057986
  0
SEQEND
  0
POLYLINE
  8
0
 66
1
 70
1
  0
VERTEX
  8
0
 10
616.522301
 20
202.024643
 42
-0.063360
  0
VERTEX
  8
0
 10
615.492052
 20
201.141473
 42
-0.059546
  0
VERTEX
  8
0
 10
614.252326
 20
200.522335
 42
-0.053881
  0
VERTEX
  8
0
 10
612.789424
 20
200.169649
 42
-0.037736
  0
VERTEX
  8
0
 10
611.095012
 20
200.078947
 42
-0.013512
  0
VERTEX
  8
0
 10
609.791372
 20
200.142851
 42
-0.041975
  0
VERTEX
  8
0
 10
608.923222
 20
200.282867
 42
-0.207470
  0
VERTEX
  8
0
 10
608.681379
 20
200.467843
 42
-0.451375
  0
VERTEX
  8
0
 10
608.750000
 20
200.662281
 42
0.061896
  0
VERTEX
  8
0
 10
609.227966
 20
200.927857
 42
0.059740
  0
VERTEX
  8
0
 10
609.632812
 20
201.305110
 42
0.064692
  0
VERTEX
  8
0
 10
609.907552
 20
201.731748
 42
0.111184
  0
VERTEX
  8
0
 10
610.000000
 20
202.142350
 42
0.121914
  0
VERTEX
  8
0
 10
609.920347
 20
202.464174
 42
0.187673
  0
VERTEX
  8
0
 10
609.706250
 20
202.649879
 42
0.151112
  0
VERTEX
  8
0
 10
609.382495
 20
202.663978
 42
0.074422
  0
VERTEX
  8
0
 10
609.000000
 20
202.500000
 42
-0.067389
  0
VERTEX
  8
0
 10
608.617176
 20
202.329500
 42
-0.140831
  0
VERTEX
  8
0
 10
608.293750
 20
202.328011
 42
-0.190801
  0
VERTEX
  8
0
 10
608.081005
 20
202.490509
 42
-0.136193
  0
VERTEX
  8
0
 10
608.000000
 20
202.782382
 42
-0.327632
  0
VERTEX
  8
0
 10
608.265833
 20
203.144523
 42
-0.024511
  0
VERTEX
  8
0
 10
609.520829
 20
203.472129
 42
-0.026417
  0
VERTEX
  8
0
 10
611.192711
 20
203.730815
 42
-0.016329
  0
VERTEX
  8
0
 10
613.177289
 20
203.866042
 42
-0.003834
  0
VERTEX
  8
0
 10
616.665094
 20
203.962718
 42
-0.131567
  0
VERTEX
  8
0
 10
617.458830
 20
203.767141
 42
-0.452197
  0
VERTEX
  8
0
 10
617.562055
 20
203.301634
 42
-0.026112
  0
SEQEND
  0
POLYLINE
  8
0
 66
1
 70
1
  0
VERTEX
  8
0
 10
624.500000
 20
202.000000
 42
-0.065737
  0
VERTEX
  8
0
 10
623.503381
 20
201.153811
 42
-0.053162
  0
VERTEX
  8
0
 10
622.248809
 20
200.522141
 42
-0.049190
  0
VERTEX
  8
0
 10
620.790592
 20
200.131231
 42
-0.040927
  0
VERTEX
  8
0
 10
619.190025
 20
200.000000
 42
-0.006407
  0
VERTEX
  8
0
 10
616.877306
 20
200.029637
 42
-0.214078
  0
VERTEX
  8
0
 10
616.389808
 20
200.263573
 42
-0.359731
  0
VERTEX
  8
0
 10
616.385064
 20
200.696593
 42
-0.013972
  0
VERTEX
  8
0
 10
617.500000
 20
202.000000
 42
-0.065737
  0
VERTEX
  8
0
 10
618.496619
 20
202.846189
 42
-0.053162
  0
VERTEX
  8
0
 10
619.751191
 20
203.477859
 42
-0.049190
  0
VERTEX
  8
0
 10
621.209408
 20
203.868769
 42
-0.040927
  0
VERTEX
  8
0
 10
622.809975
 20
204.000000
 42
-0.006407
  0
VERTEX
  8
0
 10
625.122694
 20
203.970363
 42
-0.214078
  0
VERTEX
  8
0
 10
625.610192
 20
203.736427
 42
-0.359731
  0
VERTEX
  8
0
 10
625.614936
 20
203.303407
 42
-0.013972
  0
SEQEND
  0
POLYLINE
  8
0
 66
1
 70
1
  0
VERTEX
  8
0
 10
632.500000
 20
202.000000
 42
-0.065737
  0
VERTEX
  8
0
 10
631.503381
 20
201.153811
 42
-0.053162
  0
VERTEX
  8
0
 10
630.248809
 20
200.522141
 42
-0.049190
  0
VERTEX
  8
0
 10
628.790592
 20
200.131231
 42
-0.040927
  0
VERTEX
  8
0
 10
627.190025
 20
200.000000
 42
-0.006407
  0
VERTEX
  8
0
 10
624.877306
 20
200.029637
 42
-0.214078
  0
VERTEX
  8
0
 10
624.389808
 20
200.263573
 42
-0.359731
  0
VERTEX
  8
0
 10
624.385064
 20
200.696593
 42
-0.013972
  0
VERTEX
  8
0
 10
625.500000
 20
202.000000
 42
-0.065737
  0
VERTEX
  8
0
 10
626.496619
 20
202.846189
 42
-0.053162
  0
VERTEX
  8
0
 10
627.751191
 20
203.477859
 42
-0.049190
  0
VERTEX
  8
0
 10
629.209408
 20
203.868769
 42
-0.040927
  0
VERTEX
  8
0
 10
630.809975
 20
204.000000
 42
-0.006407
  0
VERTEX
  8
0
 10
633.122694
 20
203.970363
 42
-0.214078
  0
VERTEX
  8
0
 10
633.610192
 20
203.736427
 42
-0.359731
  0
VERTEX
  8
0
 10
633.614936
 20
203.303407
 42
-0.013972
  0
SEQEND
  0
POLYLINE
  8
0
 66
1
 70
1
  0
VERTEX
  8
0
 10
640.500000
 20
202.000000
 42
-0.065737
  0
VERTEX
  8
0
 10
639.503381
 20
201.153811
 42
-0.053162
  0
VERTEX
  8
0
 10
638.248809
 20
200.522141
 42
-0.049190
  0
VERTEX
  8
0
 10
636.790592
 20
200.131231
 42
-0.040927
  0
VERTEX
  8
0
 10
635.190025
 20
200.000000
 42
-0.006407
  0
VERTEX
  8
0
 10
632.877306
 20
200.029637
 42
-0.214078
  0
VERTEX
  8
0
 10
632.389808
 20
200.263573
 42
-0.359731
  0
VERTEX
  8
0
 10
632.385064
 20
200.696593
 42
-0.013972
  0
VERTEX
  8
0
 10
633.500000
 20
202.000000
 42
-0.065737
  0
VERTEX
  8
0
 10
634.496619
 20
202.846189
 42
-0.053162
  0
VERTEX
  8
0
 10
635.751191
 20
203.477859
 42
-0.049190
  0
VERTEX
  8
0
 10
637.209408
 20
203.868769
 42
-0.040927
  0
VERTEX
  8
0
 10
638.809975
 20
204.000000
 42
-0.006407
  0
VERTEX
  8
0
 10
641.122694
 20
203.970363
 42
-0.214078
  0
VERTEX
  8
0
 10
641.610192
 20
203.736427
 42
-0.359731
  0
VERTEX
  8
0
 10
641.614936
 20
203.303407
 42
-0.013972
  0
SEQEND
  0
POLYLINE
  8
0
 66
1
 70
1
  0
VERTEX
  8
0
 10
648.500000
 20
202.000000
 42
-0.065737
  0
VERTEX
  8
0
 10
647.503381
 20
201.153811
 42
-0.053162
  0
VERTEX
  8
0
 10
646.248809
 20
200.522141
 42
-0.049190
  0
VERTEX
  8
0
 10
644.790592
 20
200.131231
 42
-0.040927
  0
VERTEX
  8
0
 10
643.190025
 20
200.000000
 42
-0.006407
  0
VERTEX
  8
0
 10
640.877306
 20
200.029637
 42
-0.214078
  0
VERTEX
  8
0
 10
640.389808
 20
200.263573
 42
-0.359731
  0
VERTEX
  8
0
 10
640.385064
 20
200.696593
 42
-0.013972
  0
VERTEX
  8
0
 10
641.500000
 20
202.000000
 42
-0.065737
  0
VERTEX
  8
0
 10
642.496619
 20
202.846189
 42
-0.053162
  0
VERTEX
  8
0
 10
643.751191
 20
203.477859
 42
-0.049190
  0
VERTEX
  8
0
 10
645.209408
 20
203.868769
 42
-0.040927
  0
VERTEX
  8
0
 10
646.809975
 20
204.000000
 42
-0.006407
  0
VERTEX
  8
0
 10
649.122694
 20
203.970363
 42
-0.214078
  0
VERTEX
  8
0
 10
649.610192
 20
203.736427
 42
-0.359731
  0
VERTEX
  8
0
 10
649.614936
 20
203.303407
 42
-0.013972
  0
SEQEND
  0
POLYLINE
  8
0
 66
1
 70
1
  0
VERTEX
  8
0
 10
656.500000
 20
202.000000
 42
-0.065434
  0
VERTEX
  8
0
 10
655.523992
 20
201.170297
 42
-0.050827
  0
VERTEX
  8
0
 10
654.281574
 20
200.535586
 42
-0.048015
  0
VERTEX
  8
0
 10
652.860604
 20
200.134997
 42
-0.044736
  0
VERTEX
  8
0
 10
651.354800
 20
200.000000
 42
-0.007463
  0
VERTEX
  8
0
 10
649.188362
 20
200.032339
 42
-0.218192
  0
VERTEX
  8
0
 10
648.704933
 20
200.271554
 42
-0.345119
  0
VERTEX
  8
0
 10
648.697392
 20
200.714956
 42
-0.015117
  0
VERTEX
  8
0
 10
649.732028
 20
202.000000
 42
-0.067610
  0
VERTEX
  8
0
 10
650.684270
 20
202.848215
 42
-0.055540
  0
VERTEX
  8
0
 10
651.892077
 20
203.479630
 42
-0.051161
  0
VERTEX
  8
0
 10
653.308107
 20
203.869248
 42
-0.041592
  0
VERTEX
  8
0
 10
654.877228
 20
204.000000
 42
-0.006571
  0
VERTEX
  8
0
 10
657.143215
 20
203.970220
 42
-0.219127
  0
VERTEX
  8
0
 10
657.618358
 20
203.736161
 42
-0.354617
  0
VERTEX
  8
0
 10
657.618393
 20
203.305065
 42
-0.013521
  0
SEQEND
  0
POLYLINE
  8
0
 66
1
 70
1
  0
VERTEX
  8
0
 10
664.500000
 20
202.000000
 42
-0.065737
  0
VERTEX
  8
0
 10
663.503381
 20
201.153811
 42
-0.053162
  0
VERTEX
  8
0
 10
662.248809
 20
200.522141
 42
-0.049190
  0
VERTEX
  8
0
 10
660.790592
 20
200.131231
 42
-0.040927
  0
VERTEX
  8
0
 10
659.190025
 20
200.000000
 42
-0.006407
  0
VERTEX
  8
0
 10
656.877306
 20
200.029637
 42
-0.214078
  0
VERTEX
  8
0
 10
656.389808
 20
200.263573
 42
-0.359731
  0
VERTEX
  8
0
 10
656.385064
 20
200.696593
 42
-0.013972
  0
VERTEX
  8
0
 10
657.500000
 20
202.000000
 42
-0.065737
  0
VERTEX
  8
0
 10
658.496619
 20
202.846189
 42
-0.053162
  0
VERTEX
  8
0
 10
659.751191
 20
203.477859
 42
-0.049190
  0
VERTEX
  8
0
 10
661.209408
 20
203.868769
 42
-0.040927
  0
VERTEX
  8
0
 10
662.809975
 20
204.000000
 42
-0.006407
  0
VERTEX
  8
0
 10
665.122694
 20
203.970363
 42
-0.214078
  0
VERTEX
  8
0
 10
665.610192
 20
203.736427
 42
-0.359731
  0
VERTEX
  8
0
 10
665.614936
 20
203.303407
 42
-0.013972
  0
SEQEND
  0
POLYLINE
  8
0
 66
1
 70
1
  0
VERTEX
  8
0
 10
672.500000
 20
202.000000
 42
-0.065737
  0
VERTEX
  8
0
 10
671.503381
 20
201.153811
 42
-0.053162
  0
VERTEX
  8
0
 10
670.248809
 20
200.522141
 42
-0.049190
  0
VERTEX
  8
0
 10
668.790592
 20
200.131231
 42
-0.040927
  0
VERTEX
  8
0
 10
667.190025
 20
200.000000
 42
-0.006407
  0
VERTEX
  8
0
 10
664.877306
 20
200.029637
 42
-0.214078
  0
VERTEX
  8
0
 10
664.389808
 20
200.263573
 42
-0.359731
  0
VERTEX
  8
0
 10
664.385064
 20
200.696593
 42
-0.013972
  0
VERTEX
  8
0
 10
665.500000
 20
202.000000
 42
-0.065737
  0
VERTEX
  8
0
 10
666.496619
 20
202.846189
 42
-0.053162
  0
VERTEX
  8
0
 10
667.751191
 20
203.477859
 42
-0.049190
  0
VERTEX
  8
0
 10
669.209408
 20
203.868769
 42
-0.040927
  0
VERTEX
  8
0
 10
670.809975
 20
204.000000
 42
-0.006407
  0
VERTEX
  8
0
 10
673.122694
 20
203.970363
 42
-0.214078
  0
VERTEX
  8
0
 10
673.610192
 20
203.736427
 42
-0.359731
  0
VERTEX
  8
0
 10
673.614936
 20
203.303407
 42
-0.013972
  0
SEQEND
  0
POLYLINE
  8
0
 66
1
 70
1
  0
VERTEX
  8
0
 10
680.500000
 20
202.000000
 42
-0.065737
  0
VERTEX
  8
0
 10
679.503381
 20
201.153811
 42
-0.053162
  0
VERTEX
  8
0
 10
678.248809
 20
200.522141
 42
-0.049190
  0
VERTEX
  8
0
 10
676.790592
 20
200.131231
 42
-0.040927
  0
VERTEX
  8
0
 10
675.190025
 20
200.000000
 42
-0.006407
  0
VERTEX
  8
0
 10
672.877306
 20
200.029637
 42
-0.214078
  0
VERTEX
  8
0
 10
672.389808
 20
200.263573
 42
-0.359731
  0
VERTEX
  8
0
 10
672.385064
 20
200.696593
 42
-0.013972
  0
VERTEX
  8
0
 10
673.500000
 20
202.000000
 42
-0.065737
  0
VERTEX
  8
0
 10
674.496619
 20
202.846189
 42
-0.053162
  0
VERTEX
  8
0
 10
675.751191
 20
203.477859
 42
-0.049190
  0
VERTEX
  8
0
 10
677.209408
 20
203.868769
 42
-0.040927
  0
VERTEX
  8
0
 10
678.809975
 20
204.000000
 42
-0.006407
  0
VERTEX
  8
0
 10
681.122694
 20
203.970363
 42
-0.214078
  0
VERTEX
  8
0
 10
681.610192
 20
203.736427
 42
-0.359731
  0
VERTEX
  8
0
 10
681.614936
 20
203.303407
 42
-0.013972
  0
SEQEND
  0
POLYLINE
  8
0
 66
1
 70
1
  0
VERTEX
  8
0
 10
688.500000
 20
202.000000
 42
-0.065737
  0
VERTEX
  8
0
 10
687.503381
 20
201.153811
 42
-0.053162
  0
VERTEX
  8
0
 10
686.248809
 20
200.522141
 42
-0.049190
  0
VERTEX
  8
0
 10
684.790592
 20
200.131231
 42
-0.040927
  0
VERTEX
  8
0
 10
683.190025
 20
200.000000
 42
-0.006407
  0
VERTEX
  8
0
 10
680.877306
 20
200.029637
 42
-0.214078
  0
VERTEX
  8
0
 10
680.389808
 20
200.263573
 42
-0.359731
  0
VERTEX
  8
0
 10
680.385064
 20
200.696593
 42
-0.013972
  0
VERTEX
  8
0
 10
681.500000
 20
202.000000
 42
-0.065737
  0
VERTEX
  8
0
 10
682.496619
 20
202.846189
 42
-0.053162
  0
VERTEX
  8
0
 10
683.751191
 20
203.477859
 42
-0.049190
  0
VERTEX
  8
0
 10
685.209408
 20
203.868769
 42
-0.040927
  0
VERTEX
  8
0
 10
686.809975
 20
204.000000
 42
-0.006407
  0
VERTEX
  8
0
 10
689.122694
 20
203.970363
 42
-0.214078
  0
VERTEX
  8
0
 10
689.610192
 20
203.736427
 42
-0.359731
  0
VERTEX
  8
0
 10
689.614936
 20
203.303407
 42
-0.013972
  0
SEQEND
  0
POLYLINE
  8
0
 66
1
 70
1
  0
VERTEX
  8
0
 10
696.500000
 20
202.000000
 42
-0.065434
  0
VERTEX
  8
0
 10
695.523992
 20
201.170297
 42
-0.050827
  0
VERTEX
  8
0
 10
694.281574
 20
200.535586
 42
-0.048015
  0
VERTEX
  8
0
 10
692.860604
 20
200.134997
 42
-0.044736
  0
VERTEX
  8
0
 10
691.354800
 20
200.000000
 42
-0.007463
  0
VERTEX
  8
0
 10
689.188362
 20
200.032339
 42
-0.218192
  0
VERTEX
  8
0
 10
688.704933
 20
200.271554
 42
-0.345119
  0
VERTEX
  8
0
 10
688.697392
 20
200.714956
 42
-0.015117
  0
VERTEX
  8
0
 10
689.732028
 20
202.000000
 42
-0.067610
  0
VERTEX
  8
0
 10
690.684270
 20
202.848215
 42
-0.055540
  0
VERTEX
  8
0
 10
691.892077
 20
203.479630
 42
-0.051161
  0
VERTEX
  8
0
 10
693.308107
 20
203.869248
 42
-0.041592
  0
VERTEX
  8
0
 10
694.877228
 20
204.000000
 42
-0.006571
  0
VERTEX
  8
0
 10
697.143215
 20
203.970220
 42
-0.219127
  0
VERTEX
  8
0
 10
697.618358
 20
203.736161
 42
-0.354617
  0
VERTEX
  8
0
 10
697.618393
 20
203.305065
 42
-0.013521
  0
SEQEND
  0
POLYLINE
  8
0
 66
1
 70
1
  0
VERTEX
  8
0
 10
704.500000
 20
202.000000
 42
-0.065737
  0
VERTEX
  8
0
 10
703.503381
 20
201.153811
 42
-0.053162
  0
VERTEX
  8
0
 10
702.248809
 20
200.522141
 42
-0.049190
  0
VERTEX
  8
0
 10
700.790592
 20
200.131231
 42
-0.040927
  0
VERTEX
  8
0
 10
699.190025
 20
200.000000
 42
-0.006407
  0
VERTEX
  8
0
 10
696.877306
 20
200.029637
 42
-0.214078
  0
VERTEX
  8
0
 10
696.389808
 20
200.263573
 42
-0.359731
  0
VERTEX
  8
0
 10
696.385064
 20
200.696593
 42
-0.013972
  0
VERTEX
  8
0
 10
697.500000
 20
202.000000
 42
-0.065737
  0
VERTEX
  8
0
 10
698.496619
 20
202.846189
 42
-0.053162
  0
VERTEX
  8
0
 10
699.751191
 20
203.477859
 42
-0.049190
  0
VERTEX
  8
0
 10
701.209408
 20
203.868769
 42
-0.040927
  0
VERTEX
  8
0
 10
702.809975
 20
204.000000
 42
-0.006407
  0
VERTEX
  8
0
 10
705.122694
 20
203.970363
 42
-0.214078
  0
VERTEX
  8
0
 10
705.610192
 20
203.736427
 42
-0.359731
  0
VERTEX
  8
0
 10
705.614936
 20
203.303407
 42
-0.013972
  0
SEQEND
  0
POLYLINE
  8
0
 66
1
 70
1
  0
VERTEX
  8
0
 10
712.500000
 20
202.000000
 42
-0.065737
  0
VERTEX
  8
0
 10
711.503381
 20
201.153811
 42
-0.053162
  0
VERTEX
  8
0
 10
710.248809
 20
200.522141
 42
-0.049190
  0
VERTEX
  8
0
 10
708.790592
 20
200.131231
 42
-0.040927
  0
VERTEX
  8
0
 10
707.190025
 20
200.000000
 42
-0.006407
  0
VERTEX
  8
0
 10
704.877306
 20
200.029637
 42
-0.214078
  0
VERTEX
  8
0
 10
704.389808
 20
200.263573
 42
-0.359731
  0
VERTEX
  8
0
 10
704.385064
 20
200.696593
 42
-0.013972
  0
VERTEX
  8
0
 10
705.500000
 20
202.000000
 42
-0.065737
  0
VERTEX
  8
0
 10
706.496619
 20
202.846189
 42
-0.053162
  0
VERTEX
  8
0
 10
707.751191
 20
203.477859
 42
-0.049190
  0
VERTEX
  8
0
 10
709.209408
 20
203.868769
 42
-0.040927
  0
VERTEX
  8
0
 10
710.809975
 20
204.000000
 42
-0.006407
  0
VERTEX
  8
0
 10
713.122694
 20
203.970363
 42
-0.214078
  0
VERTEX
  8
0
 10
713.610192
 20
203.736427
 42
-0.359731
  0
VERTEX
  8
0
 10
713.614936
 20
203.303407
 42
-0.013972
  0
SEQEND
  0
POLYLINE
  8
0
 66
1
 70
1
  0
VERTEX
  8
0
 10
720.500000
 20
202.000000
 42
-0.065737
  0
VERTEX
  8
0
 10
719.503381
 20
201.153811
 42
-0.053162
  0
VERTEX
  8
0
 10
718.248809
 20
200.522141
 42
-0.049190
  0
VERTEX
  8
0
 10
716.790592
 20
200.131231
 42
-0.040927
  0
VERTEX
  8
0
 10
715.190025
 20
200.000000
 42
-0.006407
  0
VERTEX
  8
0
 10
712.877306
 20
200.029637
 42
-0.214078
  0
VERTEX
  8
0
 10
712.389808
 20
200.263573
 42
-0.359731
  0
VERTEX
  8
0
 10
712.385064
 20
200.696593
 42
-0.013972
  0
VERTEX
  8
0
 10
713.500000
 20
202.000000
 42
-0.065737
  0
VERTEX
  8
0
 10
714.496619
 20
202.846189
 42
-0.053162
  0
VERTEX
  8
0
 10
715.751191
 20
203.477859
 42
-0.049190
  0
VERTEX
  8
0
 10
717.209408
 20
203.868769
 42
-0.040927
  0
VERTEX
  8
0
 10
718.809975
 20
204.000000
 42
-0.006407
  0
VERTEX
  8
0
 10
721.122694
 20
203.970363
 42
-0.214078
  0
VERTEX
  8
0
 10
721.610192
 20
203.736427
 42
-0.359731
  0
VERTEX
  8
0
 10
721.614936
 20
203.303407
 42
-0.013972
  0
SEQEND
  0
POLYLINE
  8
0
 66
1
 70
1
  0
VERTEX
  8
0
 10
728.500000
 20
202.000000
 42
-0.065737
  0
VERTEX
  8
0
 10
727.503381
 20
201.153811
 42
-0.053162
  0
VERTEX
  8
0
 10
726.248809
 20
200.522141
 42
-0.049190
  0
VERTEX
  8
0
 10
724.790592
 20
200.131231
 42
-0.040927
  0
VERTEX
  8
0
 10
723.190025
 20
200.000000
 42
-0.006407
  0
VERTEX
  8
0
 10
720.877306
 20
200.029637
 42
-0.214078
  0
VERTEX
  8
0
 10
720.389808
 20
200.263573
 42
-0.359731
  0
VERTEX
  8
0
 10
720.385064
 20
200.696593
 42
-0.013972
  0
VERTEX
  8
0
 10
721.500000
 20
202.000000
 42
-0.065737
  0
VERTEX
  8
0
 10
722.496619
 20
202.846189
 42
-0.053162
  0
VERTEX
  8
0
 10
723.751191
 20
203.477859
 42
-0.049190
  0
VERTEX
  8
0
 10
725.209408
 20
203.868769
 42
-0.040927
  0
VERTEX
  8
0
 10
726.809975
 20
204.000000
 42
-0.006407
  0
VERTEX
  8
0
 10
729.122694
 20
203.970363
 42
-0.214078
  0
VERTEX
  8
0
 10
729.610192
 20
203.736427
 42
-0.359731
  0
VERTEX
  8
0
 10
729.614936
 20
203.303407
 42
-0.013972
  0
SEQEND
  0
POLYLINE
  8
0
 66
1
 70
1
  0
VERTEX
  8
0
 10
736.500000
 20
202.000000
 42
-0.065434
  0
VERTEX
  8
0
 10
735.523992
 20
201.170297
 42
-0.050827
  0
VERTEX
  8
0
 10
734.281574
 20
200.535586
 42
-0.048015
  0
VERTEX
  8
0
 10
732.860604
 20
200.134997
 42
-0.044736
  0
VERTEX
  8
0
 10
731.354800
 20
200.000000
 42
-0.007463
  0
VERTEX
  8
0
 10
729.188362
 20
200.032339
 42
-0.218192
  0
VERTEX
  8
0
 10
728.704933
 20
200.271554
 42
-0.345119
  0
VERTEX
  8
0
 10
728.697392
 20
200.714956
 42
-0.015117
  0
VERTEX
  8
0
 10
729.732028
 20
202.000000
 42
-0.067610
  0
VERTEX
  8
0
 10
730.684270
 20
202.848215
 42
-0.055540
  0
VERTEX
  8
0
 10
731.892077
 20
203.479630
 42
-0.051161
  0
VERTEX
  8
0
 10
733.308107
 20
203.869248
 42
-0.041592
  0
VERTEX
  8
0
 10
734.877228
 20
204.000000
 42
-0.006571
  0
VERTEX
  8
0
 10
737.143215
 20
203.970220
 42
-0.219127
  0
VERTEX
  8
0
 10
737.618358
 20
203.736161
 42
-0.354617
  0
VERTEX
  8
0
 10
737.618393
 20
203.305065
 42
-0.013521
  0
SEQEND
  0
POLYLINE
  8
0
 66
1
 70
1
  0
VERTEX
  8
0
 10
744.500000
 20
202.000000
 42
-0.065737
  0
VERTEX
  8
0
 10
743.503381
 20
201.153811
 42
-0.053162
  0
VERTEX
  8
0
 10
742.248809
 20
200.522141
 42
-0.049190
  0
VERTEX
  8
0
 10
740.790592
 20
200.131231
 42
-0.040927
  0
VERTEX
  8
0
 10
739.190025
 20
200.000000
 42
-0.006407
  0
VERTEX
  8
0
 10
736.877306
 20
200.029637
 42
-0.214078
  0
VERTEX
  8
0
 10
736.389808
 20
200.263573
 42
-0.359731
  0
VERTEX
  8
0
 10
736.385064
 20
200.696593
 42
-0.013972
  0
VERTEX
  8
0
 10
737.500000
 20
202.000000
 42
-0.065737
  0
VERTEX
  8
0
 10
738.496619
 20
202.846189
 42
-0.053162
  0
VERTEX
  8
0
 10
739.751191
 20
203.477859
 42
-0.049190
  0
VERTEX
  8
0
 10
741.209408
 20
203.868769
 42
-0.040927
  0
VERTEX
  8
0
 10
742.809975
 20
204.000000
 42
-0.006407
  0
VERTEX
  8
0
 10
745.122694
 20
203.970363
 42
-0.214078
  0
VERTEX
  8
0
 10
745.610192
 20
203.736427
 42
-0.359731
  0
VERTEX
  8
0
 10
745.614936
 20
203.303407
 42
-0.013972
  0
SEQEND
  0
POLYLINE
  8
0
 66
1
 70
1
  0
VERTEX
  8
0
 10
752.500000
 20
202.000000
 42
-0.065737
  0
VERTEX
  8
0
 10
751.503381
 20
201.153811
 42
-0.053162
  0
VERTEX
  8
0
 10
750.248809
 20
200.522141
 42
-0.049190
  0
VERTEX
  8
0
 10
748.790592
 20
200.131231
 42
-0.040927
  0
VERTEX
  8
0
 10
747.190025
 20
200.000000
 42
-0.006407
  0
VERTEX
  8
0
 10
744.877306
 20
200.029637
 42
-0.214078
  0
VERTEX
  8
0
 10
744.389808
 20
200.263573
 42
-0.359731
  0
VERTEX
  8
0
 10
744.385064
 20
200.696593
 42
-0.013972
  0
VERTEX
  8
0
 10
745.500000
 20
202.000000
 42
-0.065737
  0
VERTEX
  8
0
 10
746.496619
 20
202.846189
 42
-0.053162
  0
VERTEX
  8
0
 10
747.751191
 20
203.477859
 42
-0.049190
  0
VERTEX
  8
0
 10
749.209408
 20
203.868769
 42
-0.040927
  0
VERTEX
  8
0
 10
750.809975
 20
204.000000
 42
-0.006407
  0
VERTEX
  8
0
 10
753.122694
 20
203.970363
 42
-0.214078
  0
VERTEX
  8
0
 10
753.610192
 20
203.736427
 42
-0.359731
  0
VERTEX
  8
0
 10
753.614936
 20
203.303407
 42
-0.013972
  0
SEQEND
  0
POLYLINE
  8
0
 66
1
 70
1
  0
VERTEX
  8
0
 10
760.500000
 20
202.000000
 42
-0.065737
  0
VERTEX
  8
0
 10
759.503381
 20
201.153811
 42
-0.053162
  0
VERTEX
  8
0
 10
758.248809
 20
200.522141
 42
-0.049190
  0
VERTEX
  8
0
 10
756.790592
 20
200.131231
 42
-0.040927
  0
VERTEX
  8
0
 10
755.190025
 20
200.000000
 42
-0.006407
  0
VERTEX
  8
0
 10
752.877306
 20
200.029637
 42
-0.214078
  0
VERTEX
  8
0
 10
752.389808
 20
200.263573
 42
-0.359731
  0
VERTEX
  8
0
 10
752.385064
 20
200.696593
 42
-0.013972
  0
VERTEX
  8
0
 10
753.500000
 20
202.000000
 42
-0.065737
  0
VERTEX
  8
0
 10
754.496619
 20
202.846189
 42
-0.053162
  0
VERTEX
  8
0
 10
755.751191
 20
203.477859
 42
-0.049190
  0
VERTEX
  8
0
 10
757.209408
 20
203.868769
 42
-0.040927
  0
VERTEX
  8
0
 10
758.809975
 20
204.000000
 42
-0.006407
  0
VERTEX
  8
0
 10
761.122694
 20
203.970363
 42
-0.214078
  0
VERTEX
  8
0
 10
761.610192
 20
203.736427
 42
-0.359731
  0
VERTEX
  8
0
 10
761.614936
 20
203.303407
 42
-0.013972
  0
SEQEND
  0
POLYLINE
  8
0
 66
1
 70
1
  0
VERTEX
  8
0
 10
314.683114
 20
200.812500
 42
-0.054073
  0
VERTEX
  8
0
 10
314.461564
 20
200.395823
 42
-0.470617
  0
VERTEX
  8
0
 10
314.279315
 20
200.378580
 42
-0.168741
  0
VERTEX
  8
0
 10
314.137993
 20
200.670344
 42
-0.018894
  0
VERTEX
  8
0
 10
314.078947
 20
201.416667
 42
-0.028489
  0
VERTEX
  8
0
 10
314.089945
 20
202.112848
 42
-0.077125
  0
VERTEX
  8
0
 10
314.200665
 20
202.592839
 42
-0.208169
  0
VERTEX
  8
0
 10
314.385309
 20
202.775380
 42
-0.296942
  0
VERTEX
  8
0
 10
314.604167
 20
202.729167
 42
-0.126455
  0
VERTEX
  8
0
 10
314.797407
 20
202.402231
 42
-0.060344
  0
VERTEX
  8
0
 10
314.876576
 20
201.916927
 42
-0.054150
  0
VERTEX
  8
0
 10
314.839148
 20
201.359369
 42
-0.051402
  0
SEQEND
  0
POLYLINE
  8
0
 66
1
 70
1
  0
VERTEX
  8
0
 10
773.575558
 20
191.097297
 42
0.000000
  0
VERTEX
  8
0
 10
768.000000
 20
185.521739
 42
0.000000
  0
VERTEX
  8
0
 10
768.000000
 20
188.979424
 42
-0.063842
  0
VERTEX
  8
0
 10
768.258137
 20
190.992874
 42
-0.071008
  0
VERTEX
  8
0
 10
769.014888
 20
192.798850
 42
-0.047074
  0
VERTEX
  8
0
 10
770.511953
 20
194.840702
 42
-0.012801
  0
VERTEX
  8
0
 10
773.250000
 20
197.766073
 42
0.000000
  0
VERTEX
  8
0
 10
778.500000
 20
203.095037
 42
0.000000
  0
VERTEX
  8
0
 10
778.825558
 20
199.883946
 42
-0.071966
  0
VERTEX
  8
0
 10
778.742812
 20
197.944719
 42
-0.088291
  0
VERTEX
  8
0
 10
778.100952
 20
196.252074
 42
-0.051438
  0
VERTEX
  8
0
 10
776.624495
 20
194.274670
 42
-0.010313
  0
SEQEND
  0
POLYLINE
  8
0
 66
1
 70
1
  0
VERTEX
  8
0
 10
175.574735
 20
193.120190
 42
0.000000
  0
VERTEX
  8
0
 10
173.000000
 20
190.545455
 42
0.000000
  0
VERTEX
  8
0
 10
173.000000
 20
193.958276
 42
-0.046579
  0
VERTEX
  8
0
 10
173.149064
 20
195.554931
 42
-0.045698
  0
VERTEX
  8
0
 10
173.591220
 20
197.107089
 42
-0.046141
  0
VERTEX
  8
0
 10
174.302569
 20
198.539028
 42
-0.049589
  0
VERTEX
  8
0
 10
175.250000
 20
199.779185
 42
0.000000
  0
VERTEX
  8
0
 10
177.500000
 20
202.187273
 42
0.000000
  0
VERTEX
  8
0
 10
177.824735
 20
198.941099
 42
-0.045844
  0
VERTEX
  8
0
 10
177.838358
 20
197.255371
 42
-0.071447
  0
VERTEX
  8
0
 10
177.513159
 20
195.842277
 42
-0.067589
  0
VERTEX
  8
0
 10
176.786350
 20
194.523858
 42
-0.036668
  0
SEQEND
  0
POLYLINE
  8
0
 66
1
 70
1
  0
VERTEX
  8
0
 10
36.075486
 20
189.599296
 42
0.000000
  0
VERTEX
  8
0
 10
31.000000
 20
184.523810
 42
0.000000
  0
VERTEX
  8
0
 10
31.000000
 20
187.977556
 42
-0.060561
  0
VERTEX
  8
0
 10
31.239608
 20
189.948552
 42
-0.069715
  0
VERTEX
  8
0
 10
31.943844
 20
191.705849
 42
-0.049032
  0
VERTEX
  8
0
 10
33.317484
 20
193.636724
 42
-0.015041
  0
VERTEX
  8
0
 10
35.750000
 20
196.266740
 42
0.000000
  0
VERTEX
  8
0
 10
40.500000
 20
201.102178
 42
0.000000
  0
VERTEX
  8
0
 10
40.825486
 20
197.888480
 42
-0.067581
  0
VERTEX
  8
0
 10
40.760517
 20
195.979469
 42
-0.088072
  0
VERTEX
  8
0
 10
40.170847
 20
194.336920
 42
-0.054366
  0
VERTEX
  8
0
 10
38.813767
 20
192.471666
 42
-0.011948
  0
SEQEND
  0
POLYLINE
  8
0
 66
1
 70
1
  0
VERTEX
  8
0
 10
442.000000
 20
183.500000
 42
0.000000
  0
VERTEX
  8
0
 10
442.000000
 20
168.000000
 42
0.000000
  0
VERTEX
  8
0
 10
438.500000
 20
168.000000
 42
0.000000
  0
VERTEX
  8
0
 10
435.000000
 20
168.000000
 42
0.000000
  0
VERTEX
  8
0
 10
435.000000
 20
183.500000
 42
0.000000
  0
VERTEX
  8
0
 10
435.000000
 20
199.000000
 42
0.000000
  0
VERTEX
  8
0
 10
438.500000
 20
199.000000
 42
0.000000
  0
VERTEX
  8
0
 10
442.000000
 20
199.000000
 42
0.000000
  0
SEQEND
  0
POLYLINE
  8
0
 66
1
 70
1
  0
VERTEX
  8
0
 10
450.941338
 20
183.500000
 42
0.000000
  0
VERTEX
  8
0
 10
450.919996
 20
168.000000
 42
0.000000
  0
VERTEX
  8
0
 10
447.459998
 20
168.000000
 42
0.000000
  0
VERTEX
  8
0
 10
444.000000
 20
168.000000
 42
0.000000
  0
VERTEX
  8
0
 10
444.000000
 20
183.500000
 42
0.000000
  0
VERTEX
  8
0
 10
444.000000
 20
199.000000
 42
0.000000
  0
VERTEX
  8
0
 10
447.481340
 20
199.000000
 42
0.000000
  0
VERTEX
  8
0
 10
450.962681
 20
199.000000
 42
0.000000
  0
SEQEND
  0
POLYLINE
  8
0
 66
1
 70
1
  0
VERTEX
  8
0
 10
459.000000
 20
183.500000
 42
0.000000
  0
VERTEX
  8
0
 10
459.000000
 20
168.000000
 42
0.000000
  0
VERTEX
  8
0
 10
456.000000
 20
168.000000
 42
0.000000
  0
VERTEX
  8
0
 10
453.000000
 20
168.000000
 42
0.000000
  0
VERTEX
  8
0
 10
453.000000
 20
183.500000
 42
0.000000
  0
VERTEX
  8
0
 10
453.000000
 20
199.000000
 42
0.000000
  0
VERTEX
  8
0
 10
456.000000
 20
199.000000
 42
0.000000
  0
VERTEX
  8
0
 10
459.000000
 20
199.000000
 42
0.000000
  0
SEQEND
  0
POLYLINE
  8
0
 66
1
 70
1
  0
VERTEX
  8
0
 10
460.744755
 20
175.797482
 42
-0.032437
  0
VERTEX
  8
0
 10
460.621107
 20
174.630083
 42
-0.898123
  0
VERTEX
  8
0
 10
460.505604
 20
174.637385
 42
-0.009257
  0
VERTEX
  8
0
 10
460.425499
 20
177.766482
 42
-0.001734
  0
VERTEX
  8
0
 10
460.404790
 20
183.500000
 42
-0.001786
  0
VERTEX
  8
0
 10
460.424473
 20
189.242314
 42
-0.008418
  0
VERTEX
  8
0
 10
460.503029
 20
192.537385
 42
-0.852078
  0
VERTEX
  8
0
 10
460.619935
 20
192.551330
 42
-0.058571
  0
VERTEX
  8
0
 10
460.742454
 20
191.797482
 42
-0.007070
  0
VERTEX
  8
0
 10
460.848787
 20
188.250287
 42
-0.003921
  0
VERTEX
  8
0
 10
460.883365
 20
183.920193
 42
-0.003909
  0
VERTEX
  8
0
 10
460.849701
 20
179.533582
 42
-0.006295
  0
SEQEND
  0
POLYLINE
  8
0
 66
1
 70
1
  0
VERTEX
  8
0
 10
468.000000
 20
183.500000
 42
0.000000
  0
VERTEX
  8
0
 10
468.000000
 20
168.000000
 42
0.000000
  0
VERTEX
  8
0
 10
465.000000
 20
168.000000
 42
0.000000
  0
VERTEX
  8
0
 10
462.000000
 20
168.000000
 42
0.000000
  0
VERTEX
  8
0
 10
462.000000
 20
183.500000
 42
0.000000
  0
VERTEX
  8
0
 10
462.000000
 20
199.000000
 42
0.000000
  0
VERTEX
  8
0
 10
465.000000
 20
199.000000
 42
0.000000
  0
VERTEX
  8
0
 10
468.000000
 20
199.000000
 42
0.000000
  0
SEQEND
  0
POLYLINE
  8
0
 66
1
 70
1
  0
VERTEX
  8
0
 10
469.744755
 20
175.797482
 42
-0.032437
  0
VERTEX
  8
0
 10
469.621107
 20
174.630083
 42
-0.898123
  0
VERTEX
  8
0
 10
469.505604
 20
174.637385
 42
-0.009257
  0
VERTEX
  8
0
 10
469.425499
 20
177.766482
 42
-0.001734
  0
VERTEX
  8
0
 10
469.404790
 20
183.500000
 42
-0.001786
  0
VERTEX
  8
0
 10
469.424473
 20
189.242314
 42
-0.008418
  0
VERTEX
  8
0
 10
469.503029
 20
192.537385
 42
-0.852078
  0
VERTEX
  8
0
 10
469.619935
 20
192.551330
 42
-0.058571
  0
VERTEX
  8
0
 10
469.742454
 20
191.797482
 42
-0.007070
  0
VERTEX
  8
0
 10
469.848787
 20
188.250287
 42
-0.003921
  0
VERTEX
  8
0
 10
469.883365
 20
183.920193
 42
-0.003909
  0
VERTEX
  8
0
 10
469.849701
 20
179.533582
 42
-0.006295
  0
SEQEND
  0
POLYLINE
  8
0
 66
1
 70
1
  0
VERTEX
  8
0
 10
477.000000
 20
183.500000
 42
0.000000
  0
VERTEX
  8
0
 10
477.000000
 20
168.000000
 42
0.000000
  0
VERTEX
  8
0
 10
474.000000
 20
168.000000
 42
0.000000
  0
VERTEX
  8
0
 10
471.000000
 20
168.000000
 42
0.000000
  0
VERTEX
  8
0
 10
471.000000
 20
183.500000
 42
0.000000
  0
VERTEX
  8
0
 10
471.000000
 20
199.000000
 42
0.000000
  0
VERTEX
  8
0
 10
474.000000
 20
199.000000
 42
0.000000
  0
VERTEX
  8
0
 10
477.000000
 20
199.000000
 42
0.000000
  0
SEQEND
  0
POLYLINE
  8
0
 66
1
 70
1
  0
VERTEX
  8
0
 10
486.000000
 20
183.500000
 42
0.000000
  0
VERTEX
  8
0
 10
486.000000
 20
168.000000
 42
0.000000
  0
VERTEX
  8
0
 10
482.500000
 20
168.000000
 42
0.000000
  0
VERTEX
  8
0
 10
479.000000
 20
168.000000
 42
0.000000
  0
VERTEX
  8
0
 10
479.000000
 20
183.500000
 42
0.000000
  0
VERTEX
  8
0
 10
479.000000
 20
199.000000
 42
0.000000
  0
VERTEX
  8
0
 10
482.500000
 20
199.000000
 42
0.000000
  0
VERTEX
  8
0
 10
486.000000
 20
199.000000
 42
0.000000
  0
SEQEND
  0
POLYLINE
  8
0
 66
1
 70
1
  0
VERTEX
  8
0
 10
494.000000
 20
183.500000
 42
0.000000
  0
VERTEX
  8
0
 10
494.000000
 20
168.000000
 42
0.000000
  0
VERTEX
  8
0
 10
491.000000
 20
168.000000
 42
0.000000
  0
VERTEX
  8
0
 10
488.000000
 20
168.000000
 42
0.000000
  0
VERTEX
  8
0
 10
488.000000
 20
183.500000
 42
0.000000
  0
VERTEX
  8
0
 10
488.000000
 20
199.000000
 42
0.000000
  0
VERTEX
  8
0
 10
491.000000
 20
199.000000
 42
0.000000
  0
VERTEX
  8
0
 10
494.000000
 20
199.000000
 42
0.000000
  0
SEQEND
  0
POLYLINE
  8
0
 66
1
 70
1
  0
VERTEX
  8
0
 10
495.744755
 20
175.797482
 42
-0.032437
  0
VERTEX
  8
0
 10
495.621107
 20
174.630083
 42
-0.898123
  0
VERTEX
  8
0
 10
495.505604
 20
174.637385
 42
-0.009257
  0
VERTEX
  8
0
 10
495.425499
 20
177.766482
 42
-0.001734
  0
VERTEX
  8
0
 10
495.404790
 20
183.500000
 42
-0.001786
  0
VERTEX
  8
0
 10
495.424473
 20
189.242314
 42
-0.008418
  0
VERTEX
  8
0
 10
495.503029
 20
192.537385
 42
-0.852078
  0
VERTEX
  8
0
 10
495.619935
 20
192.551330
 42
-0.058571
  0
VERTEX
  8
0
 10
495.742454
 20
191.797482
 42
-0.007070
  0
VERTEX
  8
0
 10
495.848787
 20
188.250287
 42
-0.003921
  0
VERTEX
  8
0
 10
495.883365
 20
183.920193
 42
-0.003909
  0
VERTEX
  8
0
 10
495.849701
 20
179.533582
 42
-0.006295
  0
SEQEND
  0
POLYLINE
  8
0
 66
1
 70
1
  0
VERTEX
  8
0
 10
497.744755
 20
175.797482
 42
-0.032437
  0
VERTEX
  8
0
 10
497.621107
 20
174.630083
 42
-0.898123
  0
VERTEX
  8
0
 10
497.505604
 20
174.637385
 42
-0.009257
  0
VERTEX
  8
0
 10
497.425499
 20
177.766482
 42
-0.001734
  0
VERTEX
  8
0
 10
497.404790
 20
183.500000
 42
-0.001786
  0
VERTEX
  8
0
 10
497.424473
 20
189.242314
 42
-0.008418
  0
VERTEX
  8
0
 10
497.503029
 20
192.537385
 42
-0.852078
  0
VERTEX
  8
0
 10
497.619935
 20
192.551330
 42
-0.058571
  0
VERTEX
  8
0
 10
497.742454
 20
191.797482
 42
-0.007070
  0
VERTEX
  8
0
 10
497.848787
 20
188.250287
 42
-0.003921
  0
VERTEX
  8
0
 10
497.883365
 20
183.920193
 42
-0.003909
  0
VERTEX
  8
0
 10
497.849701
 20
179.533582
 42
-0.006295
  0
SEQEND
  0
POLYLINE
  8
0
 66
1
 70
1
  0
VERTEX
  8
0
 10
528.000000
 20
183.500000
 42
0.000000
  0
VERTEX
  8
0
 10
528.000000
 20
168.000000
 42
0.000000
  0
VERTEX
  8
0
 10
513.500000
 20
168.000000
 42
0.000000
  0
VERTEX
  8
0
 10
499.000000
 20
168.000000
 42
0.000000
  0
VERTEX
  8
0
 10
499.000000
 20
183.500000
 42
0.000000
  0
VERTEX
  8
0
 10
499.000000
 20
199.000000
 42
0.000000
  0
VERTEX
  8
0
 10
513.500000
 20
199.000000
 42
0.000000
  0
VERTEX
  8
0
 10
528.000000
 20
199.000000
 42
0.000000
  0
SEQEND
  0
POLYLINE
  8
0
 66
1
 70
1
  0
VERTEX
  8
0
 10
573.165587
 20
197.750000
 42
-0.070949
  0
VERTEX
  8
0
 10
574.046733
 20
196.803763
 42
-0.005131
  0
VERTEX
  8
0
 10
576.063342
 20
193.842587
 42
-0.007105
  0
VERTEX
  8
0
 10
578.390849
 20
190.238387
 42
-0.005312
  0
VERTEX
  8
0
 10
580.856716
 20
186.203488
 42
-0.003552
  0
VERTEX
  8
0
 10
584.597221
 20
179.831745
 42
-0.017065
  0
VERTEX
  8
0
 10
586.576280
 20
176.117901
 42
-0.722914
  0
VERTEX
  8
0
 10
586.351360
 20
175.897874
 42
-0.116002
  0
VERTEX
  8
0
 10
585.581761
 20
176.557298
 42
0.062416
  0
VERTEX
  8
0
 10
584.310750
 20
177.905214
 42
0.449754
  0
VERTEX
  8
0
 10
583.531076
 20
177.783217
 42
0.244989
  0
VERTEX
  8
0
 10
583.428535
 20
176.644037
 42
0.047360
  0
VERTEX
  8
0
 10
584.425353
 20
174.754270
 42
0.090805
  0
VERTEX
  8
0
 10
585.756800
 20
173.356642
 42
0.095720
  0
VERTEX
  8
0
 10
587.473813
 20
172.553183
 42
0.140225
  0
VERTEX
  8
0
 10
588.922365
 20
172.599292
 42
0.273352
  0
VERTEX
  8
0
 10
589.664590
 20
173.434242
 42
-0.094740
  0
VERTEX
  8
0
 10
589.816601
 20
173.812715
 42
-0.038007
  0
VERTEX
  8
0
 10
590.154219
 20
174.259778
 42
-0.035882
  0
VERTEX
  8
0
 10
590.601738
 20
174.699202
 42
-0.037759
  0
VERTEX
  8
0
 10
591.100288
 20
175.061981
 42
0.064784
  0
VERTEX
  8
0
 10
591.681076
 20
175.534494
 42
0.194839
  0
VERTEX
  8
0
 10
591.864032
 20
176.001218
 42
0.141663
  0
VERTEX
  8
0
 10
591.693390
 20
176.567424
 42
0.029646
  0
VERTEX
  8
0
 10
591.073822
 20
177.411050
 42
-0.060572
  0
VERTEX
  8
0
 10
590.619207
 20
178.117622
 42
-0.053022
  0
VERTEX
  8
0
 10
590.322189
 20
178.944664
 42
-0.055881
  0
VERTEX
  8
0
 10
590.217666
 20
179.761975
 42
-0.095781
  0
VERTEX
  8
0
 10
590.337197
 20
180.436338
 42
0.050435
  0
VERTEX
  8
0
 10
590.508500
 20
181.066008
 42
0.251102
  0
VERTEX
  8
0
 10
590.394675
 20
181.401388
 42
0.237738
  0
VERTEX
  8
0
 10
590.044831
 20
181.503793
 42
0.046122
  0
VERTEX
  8
0
 10
589.391602
 20
181.320030
 42
0.094863
  0
VERTEX
  8
0
 10
588.833364
 20
180.973481
 42
0.108972
  0
VERTEX
  8
0
 10
588.475082
 20
180.459745
 42
0.105631
  0
VERTEX
  8
0
 10
588.359501
 20
179.829637
 42
0.084535
  0
VERTEX
  8
0
 10
588.495382
 20
179.151438
 42
-0.511774
  0
VERTEX
  8
0
 10
588.309384
 20
178.867320
 42
-0.261193
  0
VERTEX
  8
0
 10
587.852067
 20
179.097242
 42
-0.014959
  0
VERTEX
  8
0
 10
585.829454
 20
182.294481
 42
-0.002858
  0
VERTEX
  8
0
 10
582.363350
 20
188.231617
 42
0.000000
  0
VERTEX
  8
0
 10
577.023268
 20
197.500000
 42
0.000000
  0
VERTEX
  8
0
 10
594.761634
 20
198.125189
 42
-0.006114
  0
VERTEX
  8
0
 10
605.685099
 20
198.376501
 42
-0.000721
  0
VERTEX
  8
0
 10
629.994488
 20
198.603392
 42
-0.000863
  0
VERTEX
  8
0
 10
658.898994
 20
198.781637
 42
-0.000707
  0
VERTEX
  8
0
 10
689.794071
 20
198.875189
 42
0.000000
  0
VERTEX
  8
0
 10
767.088142
 20
199.000000
 42
0.000000
  0
VERTEX
  8
0
 10
766.408224
 20
174.250000
 42
-0.001057
  0
VERTEX
  8
0
 10
766.126734
 20
164.736281
 42
-0.001726
  0
VERTEX
  8
0
 10
765.843110
 20
156.669964
 42
-0.000192
  0
VERTEX
  8
0
 10
765.562492
 20
149.475440
 42
-0.167274
  0
VERTEX
  8
0
 10
765.439209
 20
149.158389
 42
-0.357152
  0
VERTEX
  8
0
 10
765.171287
 20
149.108970
 42
-0.000972
  0
VERTEX
  8
0
 10
761.704815
 20
151.028024
 42
-0.004886
  0
VERTEX
  8
0
 10
757.761084
 20
153.272051
 42
-0.002954
  0
VERTEX
  8
0
 10
753.132343
 20
156.002812
 42
0.006617
  0
VERTEX
  8
0
 10
745.438560
 20
160.466177
 42
0.052656
  0
VERTEX
  8
0
 10
741.670510
 20
162.091501
 42
0.255933
  0
VERTEX
  8
0
 10
740.050930
 20
161.764725
 42
0.271338
  0
VERTEX
  8
0
 10
739.512555
 20
160.246029
 42
-0.000198
  0
VERTEX
  8
0
 10
739.647324
 20
159.540887
 42
-0.000226
  0
VERTEX
  8
0
 10
739.775714
 20
158.866021
 42
-0.000204
  0
VERTEX
  8
0
 10
739.884209
 20
158.293052
 42
-0.001277
  0
VERTEX
  8
0
 10
739.938802
 20
158.000000
 42
0.389266
  0
VERTEX
  8
0
 10
740.042730
 20
157.921527
 42
0.147940
  0
VERTEX
  8
0
 10
740.226133
 20
157.996799
 42
0.057308
  0
VERTEX
  8
0
 10
740.490391
 20
158.267637
 42
0.023075
  0
VERTEX
  8
0
 10
740.788008
 20
158.691230
 42
-0.346454
  0
VERTEX
  8
0
 10
741.624534
 20
158.984737
 42
-0.023131
  0
VERTEX
  8
0
 10
744.150533
 20
157.987999
 42
-0.019849
  0
VERTEX
  8
0
 10
747.831754
 20
156.155966
 42
-0.005876
  0
VERTEX
  8
0
 10
753.314998
 20
153.065594
 42
-0.001698
  0
VERTEX
  8
0
 10
757.874656
 20
150.403958
 42
-0.002561
  0
VERTEX
  8
0
 10
761.827000
 20
148.051465
 42
-0.000999
  0
VERTEX
  8
0
 10
765.205456
 20
146.007844
 42
-0.059919
  0
VERTEX
  8
0
 10
765.764492
 20
145.568841
 42
-0.194562
  0
VERTEX
  8
0
 10
766.044842
 20
144.907735
 42
-0.000184
  0
VERTEX
  8
0
 10
766.320787
 20
128.067481
 42
-0.001792
  0
VERTEX
  8
0
 10
766.555240
 20
109.209744
 42
-0.001094
  0
VERTEX
  8
0
 10
766.703528
 20
86.944477
 42
0.000000
  0
VERTEX
  8
0
 10
766.962677
 20
29.000000
 42
0.000000
  0
VERTEX
  8
0
 10
651.981339
 20
29.000000
 42
0.000000
  0
VERTEX
  8
0
 10
537.000000
 20
29.000000
 42
0.000000
  0
VERTEX
  8
0
 10
537.000000
 20
114.000000
 42
0.000000
  0
VERTEX
  8
0
 10
537.000000
 20
199.000000
 42
0.000000
  0
VERTEX
  8
0
 10
554.308870
 20
199.000000
 42
-0.003993
  0
VERTEX
  8
0
 10
562.477761
 20
198.934770
 42
-0.012556
  0
VERTEX
  8
0
 10
567.956006
 20
198.709589
 42
-0.013681
  0
VERTEX
  8
0
 10
571.735119
 20
198.355007
 42
-0.140521
  0
SEQEND
  0
POLYLINE
  8
0
 66
1
 70
1
  0
VERTEX
  8
0
 10
774.865381
 20
184.362833
 42
-0.018876
  0
VERTEX
  8
0
 10
771.691310
 20
181.363956
 42
-0.104515
  0
VERTEX
  8
0
 10
769.654130
 20
180.221753
 42
-0.328206
  0
VERTEX
  8
0
 10
768.499086
 20
180.619354
 42
-0.152417
  0
VERTEX
  8
0
 10
768.000000
 20
182.218555
 42
-0.124143
  0
VERTEX
  8
0
 10
768.310366
 20
183.449325
 42
-0.028437
  0
VERTEX
  8
0
 10
769.442101
 20
185.291495
 42
-0.025837
  0
VERTEX
  8
0
 10
771.111929
 20
187.445602
 42
-0.016713
  0
VERTEX
  8
0
 10
773.250000
 20
189.766073
 42
0.000000
  0
VERTEX
  8
0
 10
778.500000
 20
195.095037
 42
0.000000
  0
VERTEX
  8
0
 10
778.823589
 20
191.910352
 42
-0.062332
  0
VERTEX
  8
0
 10
778.780948
 20
190.076155
 42
-0.084012
  0
VERTEX
  8
0
 10
778.266853
 20
188.500462
 42
-0.057666
  0
VERTEX
  8
0
 10
777.096741
 20
186.783533
 42
-0.015653
  0
SEQEND
  0
POLYLINE
  8
0
 66
1
 70
1
  0
VERTEX
  8
0
 10
175.574735
 20
185.120190
 42
0.000000
  0
VERTEX
  8
0
 10
173.000000
 20
182.545455
 42
0.000000
  0
VERTEX
  8
0
 10
173.000000
 20
185.958276
 42
-0.046579
  0
VERTEX
  8
0
 10
173.149064
 20
187.554931
 42
-0.045698
  0
VERTEX
  8
0
 10
173.591220
 20
189.107089
 42
-0.046141
  0
VERTEX
  8
0
 10
174.302569
 20
190.539028
 42
-0.049589
  0
VERTEX
  8
0
 10
175.250000
 20
191.779185
 42
0.000000
  0
VERTEX
  8
0
 10
177.500000
 20
194.187273
 42
0.000000
  0
VERTEX
  8
0
 10
177.824735
 20
190.941099
 42
-0.045844
  0
VERTEX
  8
0
 10
177.838358
 20
189.255371
 42
-0.071447
  0
VERTEX
  8
0
 10
177.513159
 20
187.842277
 42
-0.067589
  0
VERTEX
  8
0
 10
176.786350
 20
186.523858
 42
-0.036668
  0
SEQEND
  0
POLYLINE
  8
0
 66
1
 70
1
  0
VERTEX
  8
0
 10
36.075486
 20
181.599296
 42
0.000000
  0
VERTEX
  8
0
 10
31.000000
 20
176.523810
 42
0.000000
  0
VERTEX
  8
0
 10
31.000000
 20
179.977556
 42
-0.060561
  0
VERTEX
  8
0
 10
31.239608
 20
181.948552
 42
-0.069715
  0
VERTEX
  8
0
 10
31.943844
 20
183.705849
 42
-0.049032
  0
VERTEX
  8
0
 10
33.317484
 20
185.636724
 42
-0.015041
  0
VERTEX
  8
0
 10
35.750000
 20
188.266740
 42
0.000000
  0
VERTEX
  8
0
 10
40.500000
 20
193.102178
 42
0.000000
  0
VERTEX
  8
0
 10
40.825486
 20
189.888480
 42
-0.067581
  0
VERTEX
  8
0
 10
40.760517
 20
187.979469
 42
-0.088072
  0
VERTEX
  8
0
 10
40.170847
 20
186.336920
 42
-0.054366
  0
VERTEX
  8
0
 10
38.813767
 20
184.471666
 42
-0.011948
  0
SEQEND
  0
POLYLINE
  8
0
 66
1
 70
1
  0
VERTEX
  8
0
 10
295.074385
 20
184.629940
 42
0.000000
  0
VERTEX
  8
0
 10
293.000000
 20
182.555556
 42
0.000000
  0
VERTEX
  8
0
 10
293.000000
 20
185.949037
 42
-0.044520
  0
VERTEX
  8
0
 10
293.128658
 20
187.391137
 42
-0.034688
  0
VERTEX
  8
0
 10
293.514063
 20
188.917625
 42
-0.035682
  0
VERTEX
  8
0
 10
294.078852
 20
190.299514
 42
-0.068313
  0
VERTEX
  8
0
 10
294.750000
 20
191.289555
 42
-0.013511
  0
VERTEX
  8
0
 10
295.893063
 20
192.494199
 42
-0.351207
  0
VERTEX
  8
0
 10
296.309455
 20
192.539810
 42
-0.223081
  0
VERTEX
  8
0
 10
296.582186
 20
192.109995
 42
-0.006864
  0
VERTEX
  8
0
 10
296.824385
 20
189.970458
 42
-0.042169
  0
VERTEX
  8
0
 10
296.847935
 20
188.368954
 42
-0.061847
  0
VERTEX
  8
0
 10
296.577869
 20
186.987958
 42
-0.064866
  0
VERTEX
  8
0
 10
295.992059
 20
185.763404
 42
-0.052458
  0
SEQEND
  0
POLYLINE
  8
0
 66
1
 70
1
  0
VERTEX
  8
0
 10
534.074385
 20
183.629940
 42
0.000000
  0
VERTEX
  8
0
 10
532.000000
 20
181.555556
 42
0.000000
  0
VERTEX
  8
0
 10
532.000000
 20
184.949037
 42
-0.044520
  0
VERTEX
  8
0
 10
532.128658
 20
186.391137
 42
-0.034688
  0
VERTEX
  8
0
 10
532.514063
 20
187.917625
 42
-0.035682
  0
VERTEX
  8
0
 10
533.078852
 20
189.299514
 42
-0.068313
  0
VERTEX
  8
0
 10
533.750000
 20
190.289555
 42
-0.013511
  0
VERTEX
  8
0
 10
534.893063
 20
191.494199
 42
-0.351207
  0
VERTEX
  8
0
 10
535.309455
 20
191.539810
 42
-0.223081
  0
VERTEX
  8
0
 10
535.582186
 20
191.109995
 42
-0.006864
  0
VERTEX
  8
0
 10
535.824385
 20
188.970458
 42
-0.042169
  0
VERTEX
  8
0
 10
535.847935
 20
187.368954
 42
-0.061847
  0
VERTEX
  8
0
 10
535.577869
 20
185.987958
 42
-0.064866
  0
VERTEX
  8
0
 10
534.992059
 20
184.763404
 42
-0.052458
  0
SEQEND
  0
POLYLINE
  8
0
 66
1
 70
1
  0
VERTEX
  8
0
 10
779.000000
 20
183.500000
 42
-0.022185
  0
VERTEX
  8
0
 10
778.904641
 20
181.351887
 42
-0.182984
  0
VERTEX
  8
0
 10
778.485988
 20
180.486732
 42
-0.172066
  0
VERTEX
  8
0
 10
777.585302
 20
180.087370
 42
-0.019141
  0
VERTEX
  8
0
 10
775.303833
 20
180.000000
 42
0.000000
  0
VERTEX
  8
0
 10
771.607666
 20
180.000000
 42
0.000000
  0
VERTEX
  8
0
 10
775.000000
 20
183.500000
 42
-0.004184
  0
VERTEX
  8
0
 10
776.322216
 20
184.841534
 42
-0.006534
  0
VERTEX
  8
0
 10
777.485087
 20
185.971875
 42
-0.002347
  0
VERTEX
  8
0
 10
778.498161
 20
186.922202
 42
-0.189406
  0
VERTEX
  8
0
 10
778.696167
 20
187.000000
 42
-0.380905
  0
VERTEX
  8
0
 10
778.817698
 20
186.891704
 42
-0.007113
  0
VERTEX
  8
0
 10
778.910749
 20
185.971875
 42
-0.013507
  0
VERTEX
  8
0
 10
778.978147
 20
184.841983
 42
-0.008142
  0
SEQEND
  0
POLYLINE
  8
0
 66
1
 70
1
  0
VERTEX
  8
0
 10
175.574735
 20
177.120190
 42
0.000000
  0
VERTEX
  8
0
 10
173.000000
 20
174.545455
 42
0.000000
  0
VERTEX
  8
0
 10
173.000000
 20
177.958276
 42
-0.046579
  0
VERTEX
  8
0
 10
173.149064
 20
179.554931
 42
-0.045698
  0
VERTEX
  8
0
 10
173.591220
 20
181.107089
 42
-0.046141
  0
VERTEX
  8
0
 10
174.302569
 20
182.539028
 42
-0.049589
  0
VERTEX
  8
0
 10
175.250000
 20
183.779185
 42
0.000000
  0
VERTEX
  8
0
 10
177.500000
 20
186.187273
 42
0.000000
  0
VERTEX
  8
0
 10
177.824735
 20
182.941099
 42
-0.045844
  0
VERTEX
  8
0
 10
177.838358
 20
181.255371
 42
-0.071447
  0
VERTEX
  8
0
 10
177.513159
 20
179.842277
 42
-0.067589
  0
VERTEX
  8
0
 10
176.786350
 20
178.523858
 42
-0.036668
  0
SEQEND
  0
POLYLINE
  8
0
 66
1
 70
1
  0
VERTEX
  8
0
 10
36.075486
 20
173.599296
 42
0.000000
  0
VERTEX
  8
0
 10
31.000000
 20
168.523810
 42
0.000000
  0
VERTEX
  8
0
 10
31.000000
 20
171.977556
 42
-0.060561
  0
VERTEX
  8
0
 10
31.239608
 20
173.948552
 42
-0.069715
  0
VERTEX
  8
0
 10
31.943844
 20
175.705849
 42
-0.049032
  0
VERTEX
  8
0
 10
33.317484
 20
177.636724
 42
-0.015041
  0
VERTEX
  8
0
 10
35.750000
 20
180.266740
 42
0.000000
  0
VERTEX
  8
0
 10
40.500000
 20
185.102178
 42
0.000000
  0
VERTEX
  8
0
 10
40.825486
 20
181.888480
 42
-0.067581
  0
VERTEX
  8
0
 10
40.760517
 20
179.979469
 42
-0.088072
  0
VERTEX
  8
0
 10
40.170847
 20
178.336920
 42
-0.054366
  0
VERTEX
  8
0
 10
38.813767
 20
176.471666
 42
-0.011948
  0
SEQEND
  0
POLYLINE
  8
0
 66
1
 70
1
  0
VERTEX
  8
0
 10
295.074385
 20
176.629940
 42
0.000000
  0
VERTEX
  8
0
 10
293.000000
 20
174.555556
 42
0.000000
  0
VERTEX
  8
0
 10
293.000000
 20
177.949037
 42
-0.044520
  0
VERTEX
  8
0
 10
293.128658
 20
179.391137
 42
-0.034688
  0
VERTEX
  8
0
 10
293.514063
 20
180.917625
 42
-0.035682
  0
VERTEX
  8
0
 10
294.078852
 20
182.299514
 42
-0.068313
  0
VERTEX
  8
0
 10
294.750000
 20
183.289555
 42
-0.013511
  0
VERTEX
  8
0
 10
295.893063
 20
184.494199
 42
-0.351207
  0
VERTEX
  8
0
 10
296.309455
 20
184.539810
 42
-0.223081
  0
VERTEX
  8
0
 10
296.582186
 20
184.109995
 42
-0.006864
  0
VERTEX
  8
0
 10
296.824385
 20
181.970458
 42
-0.042169
  0
VERTEX
  8
0
 10
296.847935
 20
180.368954
 42
-0.061847
  0
VERTEX
  8
0
 10
296.577869
 20
178.987958
 42
-0.064866
  0
VERTEX
  8
0
 10
295.992059
 20
177.763404
 42
-0.052458
  0
SEQEND
  0
POLYLINE
  8
0
 66
1
 70
1
  0
VERTEX
  8
0
 10
534.074385
 20
175.629940
 42
0.000000
  0
VERTEX
  8
0
 10
532.000000
 20
173.555556
 42
0.000000
  0
VERTEX
  8
0
 10
532.000000
 20
176.949037
 42
-0.044520
  0
VERTEX
  8
0
 10
532.128658
 20
178.391137
 42
-0.034688
  0
VERTEX
  8
0
 10
532.514063
 20
179.917625
 42
-0.035682
  0
VERTEX
  8
0
 10
533.078852
 20
181.299514
 42
-0.068313
  0
VERTEX
  8
0
 10
533.750000
 20
182.289555
 42
-0.013511
  0
VERTEX
  8
0
 10
534.893063
 20
183.494199
 42
-0.351207
  0
VERTEX
  8
0
 10
535.309455
 20
183.539810
 42
-0.223081
  0
VERTEX
  8
0
 10
535.582186
 20
183.109995
 42
-0.006864
  0
VERTEX
  8
0
 10
535.824385
 20
180.970458
 42
-0.042169
  0
VERTEX
  8
0
 10
535.847935
 20
179.368954
 42
-0.061847
  0
VERTEX
  8
0
 10
535.577869
 20
177.987958
 42
-0.064866
  0
VERTEX
  8
0
 10
534.992059
 20
176.763404
 42
-0.052458
  0
SEQEND
  0
POLYLINE
  8
0
 66
1
 70
1
  0
VERTEX
  8
0
 10
178.000000
 20
175.000000
 42
-0.030103
  0
VERTEX
  8
0
 10
177.902765
 20
173.386401
 42
-0.144586
  0
VERTEX
  8
0
 10
177.541667
 20
172.550000
 42
-0.173074
  0
VERTEX
  8
0
 10
176.824437
 20
172.126572
 42
-0.047675
  0
VERTEX
  8
0
 10
175.500000
 20
172.000000
 42
-0.041206
  0
VERTEX
  8
0
 10
173.667651
 20
172.151265
 42
-0.341946
  0
VERTEX
  8
0
 10
173.136877
 20
172.724332
 42
-0.195658
  0
VERTEX
  8
0
 10
173.438004
 20
173.703707
 42
-0.017367
  0
VERTEX
  8
0
 10
175.174314
 20
175.685549
 42
-0.006859
  0
VERTEX
  8
0
 10
177.057033
 20
177.635311
 42
-0.262594
  0
VERTEX
  8
0
 10
177.621114
 20
177.794818
 42
-0.335404
  0
VERTEX
  8
0
 10
177.954236
 20
177.387526
 42
-0.009583
  0
SEQEND
  0
POLYLINE
  8
0
 66
1
 70
1
  0
VERTEX
  8
0
 10
776.767909
 20
177.285474
 42
-0.024559
  0
VERTEX
  8
0
 10
775.487453
 20
177.154945
 42
-0.012695
  0
VERTEX
  8
0
 10
773.878422
 20
177.111345
 42
-0.012590
  0
VERTEX
  8
0
 10
772.218327
 20
177.150328
 42
-0.018638
  0
VERTEX
  8
0
 10
770.767909
 20
177.275269
 42
-0.069146
  0
VERTEX
  8
0
 10
770.205163
 20
177.425738
 42
-0.756877
  0
VERTEX
  8
0
 10
770.222448
 20
177.564056
 42
-0.031761
  0
VERTEX
  8
0
 10
771.352754
 20
177.662864
 42
-0.005499
  0
VERTEX
  8
0
 10
773.500000
 20
177.690131
 42
-0.005888
  0
VERTEX
  8
0
 10
775.655786
 20
177.668409
 42
-0.025342
  0
VERTEX
  8
0
 10
776.934948
 20
177.575472
 42
-0.556092
  0
VERTEX
  8
0
 10
777.000181
 20
177.434198
 42
-0.212532
  0
SEQEND
  0
POLYLINE
  8
0
 66
1
 70
1
  0
VERTEX
  8
0
 10
37.370316
 20
166.867191
 42
-0.015879
  0
VERTEX
  8
0
 10
35.829409
 20
165.386283
 42
-0.020624
  0
VERTEX
  8
0
 10
34.322357
 20
164.135987
 42
-0.018781
  0
VERTEX
  8
0
 10
33.009660
 20
163.211174
 42
-0.145052
  0
VERTEX
  8
0
 10
32.297052
 20
163.000000
 42
-0.339416
  0
VERTEX
  8
0
 10
31.146741
 20
163.882539
 42
-0.155899
  0
VERTEX
  8
0
 10
31.241722
 20
165.886054
 42
-0.070476
  0
VERTEX
  8
0
 10
32.888770
 20
168.919679
 42
-0.034605
  0
VERTEX
  8
0
 10
35.750000
 20
172.266740
 42
0.000000
  0
VERTEX
  8
0
 10
40.500000
 20
177.102178
 42
0.000000
  0
VERTEX
  8
0
 10
40.823264
 20
173.918281
 42
-0.058057
  0
VERTEX
  8
0
 10
40.796765
 20
172.127815
 42
-0.081327
  0
VERTEX
  8
0
 10
40.335475
 20
170.599198
 42
-0.060429
  0
VERTEX
  8
0
 10
39.291006
 20
168.991311
 42
-0.019177
  0
SEQEND
  0
POLYLINE
  8
0
 66
1
 70
1
  0
VERTEX
  8
0
 10
295.074385
 20
168.629940
 42
0.000000
  0
VERTEX
  8
0
 10
293.000000
 20
166.555556
 42
0.000000
  0
VERTEX
  8
0
 10
293.000000
 20
169.949037
 42
-0.044520
  0
VERTEX
  8
0
 10
293.128658
 20
171.391137
 42
-0.034688
  0
VERTEX
  8
0
 10
293.514063
 20
172.917625
 42
-0.035682
  0
VERTEX
  8
0
 10
294.078852
 20
174.299514
 42
-0.068313
  0
VERTEX
  8
0
 10
294.750000
 20
175.289555
 42
-0.013511
  0
VERTEX
  8
0
 10
295.893063
 20
176.494199
 42
-0.351207
  0
VERTEX
  8
0
 10
296.309455
 20
176.539810
 42
-0.223081
  0
VERTEX
  8
0
 10
296.582186
 20
176.109995
 42
-0.006864
  0
VERTEX
  8
0
 10
296.824385
 20
173.970458
 42
-0.042169
  0
VERTEX
  8
0
 10
296.847935
 20
172.368954
 42
-0.061847
  0
VERTEX
  8
0
 10
296.577869
 20
170.987958
 42
-0.064866
  0
VERTEX
  8
0
 10
295.992059
 20
169.763404
 42
-0.052458
  0
SEQEND
  0
POLYLINE
  8
0
 66
1
 70
1
  0
VERTEX
  8
0
 10
534.074385
 20
167.629940
 42
0.000000
  0
VERTEX
  8
0
 10
532.000000
 20
165.555556
 42
0.000000
  0
VERTEX
  8
0
 10
532.000000
 20
168.949037
 42
-0.044520
  0
VERTEX
  8
0
 10
532.128658
 20
170.391137
 42
-0.034688
  0
VERTEX
  8
0
 10
532.514063
 20
171.917625
 42
-0.035682
  0
VERTEX
  8
0
 10
533.078852
 20
173.299514
 42
-0.068313
  0
VERTEX
  8
0
 10
533.750000
 20
174.289555
 42
-0.013511
  0
VERTEX
  8
0
 10
534.893063
 20
175.494199
 42
-0.351207
  0
VERTEX
  8
0
 10
535.309455
 20
175.539810
 42
-0.223081
  0
VERTEX
  8
0
 10
535.582186
 20
175.109995
 42
-0.006864
  0
VERTEX
  8
0
 10
535.824385
 20
172.970458
 42
-0.042169
  0
VERTEX
  8
0
 10
535.847935
 20
171.368954
 42
-0.061847
  0
VERTEX
  8
0
 10
535.577869
 20
169.987958
 42
-0.064866
  0
VERTEX
  8
0
 10
534.992059
 20
168.763404
 42
-0.052458
  0
SEQEND
  0
POLYLINE
  8
0
 66
1
 70
1
  0
VERTEX
  8
0
 10
779.000000
 20
162.000000
 42
0.000000
  0
VERTEX
  8
0
 10
779.000000
 20
148.000000
 42
0.000000
  0
VERTEX
  8
0
 10
773.500000
 20
148.000000
 42
0.000000
  0
VERTEX
  8
0
 10
768.000000
 20
148.000000
 42
0.000000
  0
VERTEX
  8
0
 10
768.000000
 20
162.000000
 42
0.000000
  0
VERTEX
  8
0
 10
768.000000
 20
176.000000
 42
0.000000
  0
VERTEX
  8
0
 10
773.500000
 20
176.000000
 42
0.000000
  0
VERTEX
  8
0
 10
779.000000
 20
176.000000
 42
0.000000
  0
SEQEND
  0
POLYLINE
  8
0
 66
1
 70
1
  0
VERTEX
  8
0
 10
176.250000
 20
170.337719
 42
-0.057986
  0
VERTEX
  8
0
 10
175.679992
 20
170.181385
 42
-0.037979
  0
VERTEX
  8
0
 10
175.000000
 20
170.129660
 42
-0.037979
  0
VERTEX
  8
0
 10
174.320008
 20
170.181385
 42
-0.057986
  0
VERTEX
  8
0
 10
173.750000
 20
170.337719
 42
-0.174857
  0
VERTEX
  8
0
 10
173.540618
 20
170.525001
 42
-0.447206
  0
VERTEX
  8
0
 10
173.601562
 20
170.693942
 42
-0.078554
  0
VERTEX
  8
0
 10
174.108560
 20
170.810911
 42
-0.017491
  0
VERTEX
  8
0
 10
175.000000
 20
170.842105
 42
-0.017491
  0
VERTEX
  8
0
 10
175.891440
 20
170.810911
 42
-0.078554
  0
VERTEX
  8
0
 10
176.398438
 20
170.693942
 42
-0.447206
  0
VERTEX
  8
0
 10
176.459382
 20
170.525001
 42
-0.174857
  0
SEQEND
  0
POLYLINE
  8
0
 66
1
 70
1
  0
VERTEX
  8
0
 10
41.000000
 20
166.000000
 42
-0.031162
  0
VERTEX
  8
0
 10
40.893327
 20
164.290099
 42
-0.174494
  0
VERTEX
  8
0
 10
40.484409
 20
163.485324
 42
-0.163634
  0
VERTEX
  8
0
 10
39.640028
 20
163.097280
 42
-0.026602
  0
VERTEX
  8
0
 10
37.812909
 20
163.000000
 42
0.000000
  0
VERTEX
  8
0
 10
34.625818
 20
163.000000
 42
0.000000
  0
VERTEX
  8
0
 10
37.500000
 20
166.000000
 42
-0.005081
  0
VERTEX
  8
0
 10
38.624204
 20
167.149798
 42
-0.007831
  0
VERTEX
  8
0
 10
39.621808
 20
168.118750
 42
-0.003317
  0
VERTEX
  8
0
 10
40.486588
 20
168.922013
 42
-0.187632
  0
VERTEX
  8
0
 10
40.687091
 20
169.000000
 42
-0.372580
  0
VERTEX
  8
0
 10
40.811623
 20
168.892246
 42
-0.010070
  0
VERTEX
  8
0
 10
40.908083
 20
168.118750
 42
-0.016197
  0
VERTEX
  8
0
 10
40.977485
 20
167.150236
 42
-0.009786
  0
SEQEND
  0
POLYLINE
  8
0
 66
1
 70
1
  0
VERTEX
  8
0
 10
177.269032
 20
168.344063
 42
-0.062780
  0
VERTEX
  8
0
 10
176.671085
 20
168.185595
 42
-0.030339
  0
VERTEX
  8
0
 10
175.880008
 20
168.127736
 42
-0.029507
  0
VERTEX
  8
0
 10
175.036634
 20
168.167106
 42
-0.037336
  0
VERTEX
  8
0
 10
174.269032
 20
168.307009
 42
-0.087174
  0
VERTEX
  8
0
 10
173.883358
 20
168.483340
 42
-0.597527
  0
VERTEX
  8
0
 10
173.900903
 20
168.643467
 42
-0.080377
  0
VERTEX
  8
0
 10
174.431793
 20
168.764444
 42
-0.012823
  0
VERTEX
  8
0
 10
175.500000
 20
168.805051
 42
-0.014395
  0
VERTEX
  8
0
 10
176.580113
 20
168.787295
 42
-0.052471
  0
VERTEX
  8
0
 10
177.257153
 20
168.684921
 42
-0.333666
  0
VERTEX
  8
0
 10
177.386009
 20
168.522870
 42
-0.313180
  0
SEQEND
  0
POLYLINE
  8
0
 66
1
 70
1
  0
VERTEX
  8
0
 10
297.000000
 20
166.000000
 42
-0.030703
  0
VERTEX
  8
0
 10
296.907747
 20
164.499083
 42
-0.116834
  0
VERTEX
  8
0
 10
296.583333
 20
163.625000
 42
-0.166173
  0
VERTEX
  8
0
 10
295.975317
 20
163.159458
 42
-0.081208
  0
VERTEX
  8
0
 10
295.000000
 20
163.000000
 42
-0.116591
  0
VERTEX
  8
0
 10
293.650446
 20
163.319028
 42
-0.261744
  0
VERTEX
  8
0
 10
293.080187
 20
164.162441
 42
-0.158985
  0
VERTEX
  8
0
 10
293.393373
 20
165.483311
 42
-0.046891
  0
VERTEX
  8
0
 10
294.654988
 20
167.171259
 42
-0.011578
  0
VERTEX
  8
0
 10
296.128207
 20
168.725260
 42
-0.323678
  0
VERTEX
  8
0
 10
296.648754
 20
168.810788
 42
-0.274209
  0
VERTEX
  8
0
 10
296.956780
 20
168.332663
 42
-0.009263
  0
SEQEND
  0
POLYLINE
  8
0
 66
1
 70
1
  0
VERTEX
  8
0
 10
534.074385
 20
159.629940
 42
0.000000
  0
VERTEX
  8
0
 10
532.000000
 20
157.555556
 42
0.000000
  0
VERTEX
  8
0
 10
532.000000
 20
160.949037
 42
-0.044520
  0
VERTEX
  8
0
 10
532.128658
 20
162.391137
 42
-0.034688
  0
VERTEX
  8
0
 10
532.514063
 20
163.917625
 42
-0.035682
  0
VERTEX
  8
0
 10
533.078852
 20
165.299514
 42
-0.068313
  0
VERTEX
  8
0
 10
533.750000
 20
166.289555
 42
-0.013511
  0
VERTEX
  8
0
 10
534.893063
 20
167.494199
 42
-0.351207
  0
VERTEX
  8
0
 10
535.309455
 20
167.539810
 42
-0.223081
  0
VERTEX
  8
0
 10
535.582186
 20
167.109995
 42
-0.006864
  0
VERTEX
  8
0
 10
535.824385
 20
164.970458
 42
-0.042169
  0
VERTEX
  8
0
 10
535.847935
 20
163.368954
 42
-0.061847
  0
VERTEX
  8
0
 10
535.577869
 20
161.987958
 42
-0.064866
  0
VERTEX
  8
0
 10
534.992059
 20
160.763404
 42
-0.052458
  0
SEQEND
  0
POLYLINE
  8
0
 66
1
 70
1
  0
VERTEX
  8
0
 10
178.000000
 20
153.500000
 42
0.000000
  0
VERTEX
  8
0
 10
178.000000
 20
140.000000
 42
0.000000
  0
VERTEX
  8
0
 10
175.500000
 20
140.000000
 42
0.000000
  0
VERTEX
  8
0
 10
173.000000
 20
140.000000
 42
0.000000
  0
VERTEX
  8
0
 10
173.000000
 20
153.500000
 42
0.000000
  0
VERTEX
  8
0
 10
173.000000
 20
167.000000
 42
0.000000
  0
VERTEX
  8
0
 10
175.500000
 20
167.000000
 42
0.000000
  0
VERTEX
  8
0
 10
178.000000
 20
167.000000
 42
0.000000
  0
SEQEND
  0
POLYLINE
  8
0
 66
1
 70
1
  0
VERTEX
  8
0
 10
520.797482
 20
166.257546
 42
-0.007070
  0
VERTEX
  8
0
 10
517.250287
 20
166.151213
 42
-0.003921
  0
VERTEX
  8
0
 10
512.920193
 20
166.116635
 42
-0.003909
  0
VERTEX
  8
0
 10
508.533582
 20
166.150299
 42
-0.006295
  0
VERTEX
  8
0
 10
504.797482
 20
166.255245
 42
-0.032437
  0
VERTEX
  8
0
 10
503.630083
 20
166.378893
 42
-0.898123
  0
VERTEX
  8
0
 10
503.637385
 20
166.494396
 42
-0.009257
  0
VERTEX
  8
0
 10
506.766482
 20
166.574501
 42
-0.001734
  0
VERTEX
  8
0
 10
512.500000
 20
166.595210
 42
-0.001786
  0
VERTEX
  8
0
 10
518.242314
 20
166.575527
 42
-0.008418
  0
VERTEX
  8
0
 10
521.537385
 20
166.496971
 42
-0.852078
  0
VERTEX
  8
0
 10
521.551330
 20
166.380065
 42
-0.058571
  0
SEQEND
  0
POLYLINE
  8
0
 66
1
 70
1
  0
VERTEX
  8
0
 10
528.000000
 20
162.000000
 42
0.000000
  0
VERTEX
  8
0
 10
528.000000
 20
159.000000
 42
0.000000
  0
VERTEX
  8
0
 10
512.500000
 20
159.000000
 42
0.000000
  0
VERTEX
  8
0
 10
497.000000
 20
159.000000
 42
0.000000
  0
VERTEX
  8
0
 10
497.000000
 20
162.000000
 42
0.000000
  0
VERTEX
  8
0
 10
497.000000
 20
165.000000
 42
0.000000
  0
VERTEX
  8
0
 10
512.500000
 20
165.000000
 42
0.000000
  0
VERTEX
  8
0
 10
528.000000
 20
165.000000
 42
0.000000
  0
SEQEND
  0
POLYLINE
  8
0
 66
1
 70
1
  0
VERTEX
  8
0
 10
34.000000
 20
146.000000
 42
-0.002849
  0
VERTEX
  8
0
 10
33.949674
 20
137.167683
 42
-0.020523
  0
VERTEX
  8
0
 10
33.726562
 20
132.916667
 42
-0.043130
  0
VERTEX
  8
0
 10
33.309064
 20
130.618193
 42
-0.338315
  0
VERTEX
  8
0
 10
32.500000
 20
130.000000
 42
-0.338315
  0
VERTEX
  8
0
 10
31.690936
 20
130.618193
 42
-0.043130
  0
VERTEX
  8
0
 10
31.273438
 20
132.916667
 42
-0.020523
  0
VERTEX
  8
0
 10
31.050326
 20
137.167683
 42
-0.002849
  0
VERTEX
  8
0
 10
31.000000
 20
146.000000
 42
-0.002849
  0
VERTEX
  8
0
 10
31.050326
 20
154.832317
 42
-0.020523
  0
VERTEX
  8
0
 10
31.273438
 20
159.083333
 42
-0.043130
  0
VERTEX
  8
0
 10
31.690936
 20
161.381807
 42
-0.338315
  0
VERTEX
  8
0
 10
32.500000
 20
162.000000
 42
-0.338315
  0
VERTEX
  8
0
 10
33.309064
 20
161.381807
 42
-0.043130
  0
VERTEX
  8
0
 10
33.726562
 20
159.083333
 42
-0.020523
  0
VERTEX
  8
0
 10
33.949674
 20
154.832317
 42
-0.002849
  0
SEQEND
  0
POLYLINE
  8
0
 66
1
 70
1
  0
VERTEX
  8
0
 10
41.000000
 20
146.000000
 42
-0.002372
  0
VERTEX
  8
0
 10
40.954657
 20
136.441860
 42
-0.024895
  0
VERTEX
  8
0
 10
40.722896
 20
132.535951
 42
-0.076256
  0
VERTEX
  8
0
 10
40.216068
 20
130.640384
 42
-0.300065
  0
VERTEX
  8
0
 10
39.250000
 20
130.015313
 42
-0.011938
  0
VERTEX
  8
0
 10
38.271084
 20
130.047261
 42
-0.327416
  0
VERTEX
  8
0
 10
38.083458
 20
130.201904
 42
-0.309569
  0
VERTEX
  8
0
 10
38.169589
 20
130.436556
 42
-0.011213
  0
VERTEX
  8
0
 10
39.000000
 20
131.000000
 42
0.021149
  0
VERTEX
  8
0
 10
39.621859
 20
131.440231
 42
0.167501
  0
VERTEX
  8
0
 10
39.812500
 20
131.730859
 42
0.405416
  0
VERTEX
  8
0
 10
39.704915
 20
131.918023
 42
0.066727
  0
VERTEX
  8
0
 10
39.250000
 20
131.984687
 42
-0.362418
  0
VERTEX
  8
0
 10
38.614155
 20
132.528609
 42
-0.021181
  0
VERTEX
  8
0
 10
38.271089
 20
135.249742
 42
-0.016930
  0
VERTEX
  8
0
 10
38.056753
 20
139.602609
 42
-0.003836
  0
VERTEX
  8
0
 10
38.000000
 20
147.000000
 42
-0.003082
  0
VERTEX
  8
0
 10
38.050862
 20
155.251579
 42
-0.021839
  0
VERTEX
  8
0
 10
38.275000
 20
159.250000
 42
-0.047120
  0
VERTEX
  8
0
 10
38.697150
 20
161.400501
 42
-0.332163
  0
VERTEX
  8
0
 10
39.500000
 20
162.000000
 42
-0.338315
  0
VERTEX
  8
0
 10
40.309064
 20
161.381807
 42
-0.043130
  0
VERTEX
  8
0
 10
40.726562
 20
159.083333
 42
-0.020523
  0
VERTEX
  8
0
 10
40.949674
 20
154.832317
 42
-0.002849
  0
SEQEND
  0
POLYLINE
  8
0
 66
1
 70
1
  0
VERTEX
  8
0
 10
534.074385
 20
151.629940
 42
0.000000
  0
VERTEX
  8
0
 10
532.000000
 20
149.555556
 42
0.000000
  0
VERTEX
  8
0
 10
532.000000
 20
152.949037
 42
-0.044520
  0
VERTEX
  8
0
 10
532.128658
 20
154.391137
 42
-0.034688
  0
VERTEX
  8
0
 10
532.514063
 20
155.917625
 42
-0.035682
  0
VERTEX
  8
0
 10
533.078852
 20
157.299514
 42
-0.068313
  0
VERTEX
  8
0
 10
533.750000
 20
158.289555
 42
-0.013511
  0
VERTEX
  8
0
 10
534.893063
 20
159.494199
 42
-0.351207
  0
VERTEX
  8
0
 10
535.309455
 20
159.539810
 42
-0.223081
  0
VERTEX
  8
0
 10
535.582186
 20
159.109995
 42
-0.006864
  0
VERTEX
  8
0
 10
535.824385
 20
156.970458
 42
-0.042169
  0
VERTEX
  8
0
 10
535.847935
 20
155.368954
 42
-0.061847
  0
VERTEX
  8
0
 10
535.577869
 20
153.987958
 42
-0.064866
  0
VERTEX
  8
0
 10
534.992059
 20
152.763404
 42
-0.052458
  0
SEQEND
  0
POLYLINE
  8
0
 66
1
 70
1
  0
VERTEX
  8
0
 10
520.797482
 20
157.257546
 42
-0.007070
  0
VERTEX
  8
0
 10
517.250287
 20
157.151213
 42
-0.003921
  0
VERTEX
  8
0
 10
512.920193
 20
157.116635
 42
-0.003909
  0
VERTEX
  8
0
 10
508.533582
 20
157.150299
 42
-0.006295
  0
VERTEX
  8
0
 10
504.797482
 20
157.255245
 42
-0.032437
  0
VERTEX
  8
0
 10
503.630083
 20
157.378893
 42
-0.898123
  0
VERTEX
  8
0
 10
503.637385
 20
157.494396
 42
-0.009257
  0
VERTEX
  8
0
 10
506.766482
 20
157.574501
 42
-0.001734
  0
VERTEX
  8
0
 10
512.500000
 20
157.595210
 42
-0.001786
  0
VERTEX
  8
0
 10
518.242314
 20
157.575527
 42
-0.008418
  0
VERTEX
  8
0
 10
521.537385
 20
157.496971
 42
-0.852078
  0
VERTEX
  8
0
 10
521.551330
 20
157.380065
 42
-0.058571
  0
SEQEND
  0
POLYLINE
  8
0
 66
1
 70
1
  0
VERTEX
  8
0
 10
528.000000
 20
153.000000
 42
0.000000
  0
VERTEX
  8
0
 10
528.000000
 20
150.000000
 42
0.000000
  0
VERTEX
  8
0
 10
512.500000
 20
150.000000
 42
0.000000
  0
VERTEX
  8
0
 10
497.000000
 20
150.000000
 42
0.000000
  0
VERTEX
  8
0
 10
497.000000
 20
153.000000
 42
0.000000
  0
VERTEX
  8
0
 10
497.000000
 20
156.000000
 42
0.000000
  0
VERTEX
  8
0
 10
512.500000
 20
156.000000
 42
0.000000
  0
VERTEX
  8
0
 10
528.000000
 20
156.000000
 42
0.000000
  0
SEQEND
  0
POLYLINE
  8
0
 66
1
 70
1
  0
VERTEX
  8
0
 10
534.074385
 20
143.629940
 42
0.000000
  0
VERTEX
  8
0
 10
532.000000
 20
141.555556
 42
0.000000
  0
VERTEX
  8
0
 10
532.000000
 20
144.949037
 42
-0.044520
  0
VERTEX
  8
0
 10
532.128658
 20
146.391137
 42
-0.034688
  0
VERTEX
  8
0
 10
532.514063
 20
147.917625
 42
-0.035682
  0
VERTEX
  8
0
 10
533.078852
 20
149.299514
 42
-0.068313
  0
VERTEX
  8
0
 10
533.750000
 20
150.289555
 42
-0.013511
  0
VERTEX
  8
0
 10
534.893063
 20
151.494199
 42
-0.351207
  0
VERTEX
  8
0
 10
535.309455
 20
151.539810
 42
-0.223081
  0
VERTEX
  8
0
 10
535.582186
 20
151.109995
 42
-0.006864
  0
VERTEX
  8
0
 10
535.824385
 20
148.970458
 42
-0.042169
  0
VERTEX
  8
0
 10
535.847935
 20
147.368954
 42
-0.061847
  0
VERTEX
  8
0
 10
535.577869
 20
145.987958
 42
-0.064866
  0
VERTEX
  8
0
 10
534.992059
 20
144.763404
 42
-0.052458
  0
SEQEND
  0
POLYLINE
  8
0
 66
1
 70
1
  0
VERTEX
  8
0
 10
528.000000
 20
144.500000
 42
0.000000
  0
VERTEX
  8
0
 10
528.000000
 20
141.000000
 42
0.000000
  0
VERTEX
  8
0
 10
512.500000
 20
141.000000
 42
0.000000
  0
VERTEX
  8
0
 10
497.000000
 20
141.000000
 42
0.000000
  0
VERTEX
  8
0
 10
497.000000
 20
144.500000
 42
0.000000
  0
VERTEX
  8
0
 10
497.000000
 20
148.000000
 42
0.000000
  0
VERTEX
  8
0
 10
512.500000
 20
148.000000
 42
0.000000
  0
VERTEX
  8
0
 10
528.000000
 20
148.000000
 42
0.000000
  0
SEQEND
  0
POLYLINE
  8
0
 66
1
 70
1
  0
VERTEX
  8
0
 10
776.767909
 20
146.285474
 42
-0.024559
  0
VERTEX
  8
0
 10
775.487453
 20
146.154945
 42
-0.012695
  0
VERTEX
  8
0
 10
773.878422
 20
146.111345
 42
-0.012590
  0
VERTEX
  8
0
 10
772.218327
 20
146.150328
 42
-0.018638
  0
VERTEX
  8
0
 10
770.767909
 20
146.275269
 42
-0.069146
  0
VERTEX
  8
0
 10
770.205163
 20
146.425738
 42
-0.756877
  0
VERTEX
  8
0
 10
770.222448
 20
146.564056
 42
-0.031761
  0
VERTEX
  8
0
 10
771.352754
 20
146.662864
 42
-0.005499
  0
VERTEX
  8
0
 10
773.500000
 20
146.690131
 42
-0.005888
  0
VERTEX
  8
0
 10
775.655786
 20
146.668409
 42
-0.025342
  0
VERTEX
  8
0
 10
776.934948
 20
146.575472
 42
-0.556092
  0
VERTEX
  8
0
 10
777.000181
 20
146.434198
 42
-0.212532
  0
SEQEND
  0
POLYLINE
  8
0
 66
1
 70
1
  0
VERTEX
  8
0
 10
534.074385
 20
135.629940
 42
0.000000
  0
VERTEX
  8
0
 10
532.000000
 20
133.555556
 42
0.000000
  0
VERTEX
  8
0
 10
532.000000
 20
136.949037
 42
-0.044520
  0
VERTEX
  8
0
 10
532.128658
 20
138.391137
 42
-0.034688
  0
VERTEX
  8
0
 10
532.514063
 20
139.917625
 42
-0.035682
  0
VERTEX
  8
0
 10
533.078852
 20
141.299514
 42
-0.068313
  0
VERTEX
  8
0
 10
533.750000
 20
142.289555
 42
-0.013511
  0
VERTEX
  8
0
 10
534.893063
 20
143.494199
 42
-0.351207
  0
VERTEX
  8
0
 10
535.309455
 20
143.539810
 42
-0.223081
  0
VERTEX
  8
0
 10
535.582186
 20
143.109995
 42
-0.006864
  0
VERTEX
  8
0
 10
535.824385
 20
140.970458
 42
-0.042169
  0
VERTEX
  8
0
 10
535.847935
 20
139.368954
 42
-0.061847
  0
VERTEX
  8
0
 10
535.577869
 20
137.987958
 42
-0.064866
  0
VERTEX
  8
0
 10
534.992059
 20
136.763404
 42
-0.052458
  0
SEQEND
  0
POLYLINE
  8
0
 66
1
 70
1
  0
VERTEX
  8
0
 10
774.000000
 20
143.687091
 42
-0.187632
  0
VERTEX
  8
0
 10
773.922013
 20
143.486588
 42
-0.003317
  0
VERTEX
  8
0
 10
773.118750
 20
142.621808
 42
-0.007831
  0
VERTEX
  8
0
 10
772.149798
 20
141.624204
 42
-0.005081
  0
VERTEX
  8
0
 10
771.000000
 20
140.500000
 42
0.000000
  0
VERTEX
  8
0
 10
768.000000
 20
137.625818
 42
0.000000
  0
VERTEX
  8
0
 10
768.000000
 20
140.812909
 42
-0.026602
  0
VERTEX
  8
0
 10
768.097280
 20
142.640028
 42
-0.163634
  0
VERTEX
  8
0
 10
768.485324
 20
143.484409
 42
-0.174494
  0
VERTEX
  8
0
 10
769.290099
 20
143.893327
 42
-0.031162
  0
VERTEX
  8
0
 10
771.000000
 20
144.000000
 42
-0.009786
  0
VERTEX
  8
0
 10
772.150236
 20
143.977485
 42
-0.016197
  0
VERTEX
  8
0
 10
773.118750
 20
143.908083
 42
-0.010070
  0
VERTEX
  8
0
 10
773.892246
 20
143.811623
 42
-0.372580
  0
SEQEND
  0
POLYLINE
  8
0
 66
1
 70
1
  0
VERTEX
  8
0
 10
779.000000
 20
142.215840
 42
-0.146026
  0
VERTEX
  8
0
 10
778.704975
 20
141.227202
 42
-0.017818
  0
VERTEX
  8
0
 10
777.384375
 20
139.360221
 42
-0.019901
  0
VERTEX
  8
0
 10
775.606254
 20
137.210484
 42
-0.015197
  0
VERTEX
  8
0
 10
773.500000
 20
135.000000
 42
0.000000
  0
VERTEX
  8
0
 10
768.000000
 20
129.568320
 42
0.000000
  0
VERTEX
  8
0
 10
768.000000
 20
132.991998
 42
-0.054370
  0
VERTEX
  8
0
 10
768.201683
 20
134.841252
 42
-0.064304
  0
VERTEX
  8
0
 10
768.797300
 20
136.495015
 42
-0.052246
  0
VERTEX
  8
0
 10
769.905803
 20
138.192412
 42
-0.022648
  0
VERTEX
  8
0
 10
771.702948
 20
140.207837
 42
-0.035822
  0
VERTEX
  8
0
 10
774.482825
 20
142.674091
 42
-0.096685
  0
VERTEX
  8
0
 10
776.835906
 20
143.843746
 42
-0.231804
  0
VERTEX
  8
0
 10
778.326301
 20
143.561704
 42
-0.236309
  0
SEQEND
  0
POLYLINE
  8
0
 66
1
 70
1
  0
VERTEX
  8
0
 10
177.269032
 20
138.344063
 42
-0.062780
  0
VERTEX
  8
0
 10
176.671085
 20
138.185595
 42
-0.030339
  0
VERTEX
  8
0
 10
175.880008
 20
138.127736
 42
-0.029507
  0
VERTEX
  8
0
 10
175.036634
 20
138.167106
 42
-0.037336
  0
VERTEX
  8
0
 10
174.269032
 20
138.307009
 42
-0.087174
  0
VERTEX
  8
0
 10
173.883358
 20
138.483340
 42
-0.597527
  0
VERTEX
  8
0
 10
173.900903
 20
138.643467
 42
-0.080377
  0
VERTEX
  8
0
 10
174.431793
 20
138.764444
 42
-0.012823
  0
VERTEX
  8
0
 10
175.500000
 20
138.805051
 42
-0.014395
  0
VERTEX
  8
0
 10
176.580113
 20
138.787295
 42
-0.052471
  0
VERTEX
  8
0
 10
177.257153
 20
138.684921
 42
-0.333666
  0
VERTEX
  8
0
 10
177.386009
 20
138.522870
 42
-0.313180
  0
SEQEND
  0
POLYLINE
  8
0
 66
1
 70
1
  0
VERTEX
  8
0
 10
528.000000
 20
135.500000
 42
0.000000
  0
VERTEX
  8
0
 10
528.000000
 20
132.000000
 42
0.000000
  0
VERTEX
  8
0
 10
512.500000
 20
132.000000
 42
0.000000
  0
VERTEX
  8
0
 10
497.000000
 20
132.000000
 42
0.000000
  0
VERTEX
  8
0
 10
497.000000
 20
135.500000
 42
0.000000
  0
VERTEX
  8
0
 10
497.000000
 20
139.000000
 42
0.000000
  0
VERTEX
  8
0
 10
512.500000
 20
139.000000
 42
0.000000
  0
VERTEX
  8
0
 10
528.000000
 20
139.000000
 42
0.000000
  0
SEQEND
  0
POLYLINE
  8
0
 66
1
 70
1
  0
VERTEX
  8
0
 10
773.575558
 20
127.097297
 42
0.000000
  0
VERTEX
  8
0
 10
768.000000
 20
121.521739
 42
0.000000
  0
VERTEX
  8
0
 10
768.000000
 20
124.979424
 42
-0.063842
  0
VERTEX
  8
0
 10
768.258137
 20
126.992874
 42
-0.071008
  0
VERTEX
  8
0
 10
769.014888
 20
128.798850
 42
-0.047074
  0
VERTEX
  8
0
 10
770.511953
 20
130.840702
 42
-0.012801
  0
VERTEX
  8
0
 10
773.250000
 20
133.766073
 42
0.000000
  0
VERTEX
  8
0
 10
778.500000
 20
139.095037
 42
0.000000
  0
VERTEX
  8
0
 10
778.825558
 20
135.883946
 42
-0.071966
  0
VERTEX
  8
0
 10
778.742812
 20
133.944719
 42
-0.088291
  0
VERTEX
  8
0
 10
778.100952
 20
132.252074
 42
-0.051438
  0
VERTEX
  8
0
 10
776.624495
 20
130.274670
 42
-0.010313
  0
SEQEND
  0
POLYLINE
  8
0
 66
1
 70
1
  0
VERTEX
  8
0
 10
534.074385
 20
127.629940
 42
0.000000
  0
VERTEX
  8
0
 10
532.000000
 20
125.555556
 42
0.000000
  0
VERTEX
  8
0
 10
532.000000
 20
128.949037
 42
-0.044520
  0
VERTEX
  8
0
 10
532.128658
 20
130.391137
 42
-0.034688
  0
VERTEX
  8
0
 10
532.514063
 20
131.917625
 42
-0.035682
  0
VERTEX
  8
0
 10
533.078852
 20
133.299514
 42
-0.068313
  0
VERTEX
  8
0
 10
533.750000
 20
134.289555
 42
-0.013511
  0
VERTEX
  8
0
 10
534.893063
 20
135.494199
 42
-0.351207
  0
VERTEX
  8
0
 10
535.309455
 20
135.539810
 42
-0.223081
  0
VERTEX
  8
0
 10
535.582186
 20
135.109995
 42
-0.006864
  0
VERTEX
  8
0
 10
535.824385
 20
132.970458
 42
-0.042169
  0
VERTEX
  8
0
 10
535.847935
 20
131.368954
 42
-0.061847
  0
VERTEX
  8
0
 10
535.577869
 20
129.987958
 42
-0.064866
  0
VERTEX
  8
0
 10
534.992059
 20
128.763404
 42
-0.052458
  0
SEQEND
  0
POLYLINE
  8
0
 66
1
 70
1
  0
VERTEX
  8
0
 10
178.000000
 20
133.174314
 42
-0.098805
  0
VERTEX
  8
0
 10
177.827543
 20
132.310116
 42
-0.036434
  0
VERTEX
  8
0
 10
177.265625
 20
131.195014
 42
-0.034375
  0
VERTEX
  8
0
 10
176.456676
 20
130.033466
 42
-0.034902
  0
VERTEX
  8
0
 10
175.500000
 20
129.000000
 42
0.000000
  0
VERTEX
  8
0
 10
173.000000
 20
126.651372
 42
0.000000
  0
VERTEX
  8
0
 10
173.000000
 20
130.159019
 42
-0.024859
  0
VERTEX
  8
0
 10
173.127097
 20
132.713758
 42
-0.120544
  0
VERTEX
  8
0
 10
173.606728
 20
134.072476
 42
-0.179002
  0
VERTEX
  8
0
 10
174.548173
 20
134.769430
 42
-0.070872
  0
VERTEX
  8
0
 10
176.166667
 20
135.000000
 42
-0.085817
  0
VERTEX
  8
0
 10
176.912558
 20
134.871030
 42
-0.110668
  0
VERTEX
  8
0
 10
177.498953
 20
134.501043
 42
-0.110948
  0
VERTEX
  8
0
 10
177.870402
 20
133.917036
 42
-0.086591
  0
SEQEND
  0
POLYLINE
  8
0
 66
1
 70
1
  0
VERTEX
  8
0
 10
776.385204
 20
121.880179
 42
-0.080145
  0
VERTEX
  8
0
 10
774.149471
 20
120.191597
 42
-0.058722
  0
VERTEX
  8
0
 10
771.245617
 20
119.066612
 42
-0.077465
  0
VERTEX
  8
0
 10
768.838627
 20
118.830758
 42
-0.397631
  0
VERTEX
  8
0
 10
768.000000
 20
119.718555
 42
-0.175621
  0
VERTEX
  8
0
 10
768.164713
 20
120.173035
 42
-0.004883
  0
VERTEX
  8
0
 10
769.542187
 20
121.791417
 42
-0.009463
  0
VERTEX
  8
0
 10
771.238127
 20
123.671885
 42
-0.006290
  0
VERTEX
  8
0
 10
773.250000
 20
125.766073
 42
0.000000
  0
VERTEX
  8
0
 10
778.500000
 20
131.095037
 42
0.000000
  0
VERTEX
  8
0
 10
778.822295
 20
127.927697
 42
-0.050429
  0
VERTEX
  8
0
 10
778.823351
 20
126.263427
 42
-0.070854
  0
VERTEX
  8
0
 10
778.468484
 20
124.823359
 42
-0.063361
  0
VERTEX
  8
0
 10
777.687680
 20
123.426268
 42
-0.031960
  0
SEQEND
  0
POLYLINE
  8
0
 66
1
 70
1
  0
VERTEX
  8
0
 10
176.415347
 20
121.906460
 42
-0.127742
  0
VERTEX
  8
0
 10
174.273119
 20
120.499496
 42
-0.067815
  0
VERTEX
  8
0
 10
171.135621
 20
119.890910
 42
-0.145519
  0
VERTEX
  8
0
 10
169.195732
 20
120.350939
 42
-0.465194
  0
VERTEX
  8
0
 10
168.990862
 20
121.488990
 42
-0.063388
  0
VERTEX
  8
0
 10
169.548201
 20
122.009734
 42
-0.071293
  0
VERTEX
  8
0
 10
170.197515
 20
122.349852
 42
-0.081458
  0
VERTEX
  8
0
 10
170.835892
 20
122.464443
 42
-0.134312
  0
VERTEX
  8
0
 10
171.363307
 20
122.328664
 42
0.017839
  0
VERTEX
  8
0
 10
171.773424
 20
122.113418
 42
0.173633
  0
VERTEX
  8
0
 10
171.965380
 20
122.093419
 42
0.510377
  0
VERTEX
  8
0
 10
172.004590
 20
122.189645
 42
0.043834
  0
VERTEX
  8
0
 10
171.816709
 20
122.439633
 42
-0.290464
  0
VERTEX
  8
0
 10
171.733032
 20
122.936802
 42
-0.032728
  0
VERTEX
  8
0
 10
172.269226
 20
124.008089
 42
-0.031563
  0
VERTEX
  8
0
 10
173.146285
 20
125.310675
 42
-0.020181
  0
VERTEX
  8
0
 10
174.316709
 20
126.711428
 42
0.000000
  0
VERTEX
  8
0
 10
177.500000
 20
130.222940
 42
0.000000
  0
VERTEX
  8
0
 10
177.820335
 20
127.017930
 42
-0.043498
  0
VERTEX
  8
0
 10
177.838932
 20
125.550907
 42
-0.048533
  0
VERTEX
  8
0
 10
177.597933
 20
124.157440
 42
-0.051688
  0
VERTEX
  8
0
 10
177.114899
 20
122.917693
 42
-0.065280
  0
SEQEND
  0
POLYLINE
  8
0
 66
1
 70
1
  0
VERTEX
  8
0
 10
528.000000
 20
126.500000
 42
0.000000
  0
VERTEX
  8
0
 10
528.000000
 20
123.000000
 42
0.000000
  0
VERTEX
  8
0
 10
512.500000
 20
123.000000
 42
0.000000
  0
VERTEX
  8
0
 10
497.000000
 20
123.000000
 42
0.000000
  0
VERTEX
  8
0
 10
497.000000
 20
126.500000
 42
0.000000
  0
VERTEX
  8
0
 10
497.000000
 20
130.000000
 42
0.000000
  0
VERTEX
  8
0
 10
512.500000
 20
130.000000
 42
0.000000
  0
VERTEX
  8
0
 10
528.000000
 20
130.000000
 42
0.000000
  0
SEQEND
  0
POLYLINE
  8
0
 66
1
 70
1
  0
VERTEX
  8
0
 10
35.500000
 20
125.120060
 42
-0.004081
  0
VERTEX
  8
0
 10
32.816684
 20
122.568863
 42
-0.109727
  0
VERTEX
  8
0
 10
31.975266
 20
122.071987
 42
-0.416346
  0
VERTEX
  8
0
 10
31.485014
 20
122.323610
 42
-0.044089
  0
VERTEX
  8
0
 10
31.175426
 20
123.711656
 42
-0.048027
  0
VERTEX
  8
0
 10
31.082672
 20
126.334826
 42
-0.163889
  0
VERTEX
  8
0
 10
31.716428
 20
127.896434
 42
-0.166890
  0
VERTEX
  8
0
 10
33.156780
 20
128.739678
 42
-0.050242
  0
VERTEX
  8
0
 10
35.718615
 20
128.992877
 42
0.000000
  0
VERTEX
  8
0
 10
39.500000
 20
128.985753
 42
0.000000
  0
SEQEND
  0
POLYLINE
  8
0
 66
1
 70
1
  0
VERTEX
  8
0
 10
36.075486
 20
117.599296
 42
0.000000
  0
VERTEX
  8
0
 10
31.000000
 20
112.523810
 42
0.000000
  0
VERTEX
  8
0
 10
31.000000
 20
115.977556
 42
-0.060561
  0
VERTEX
  8
0
 10
31.239608
 20
117.948552
 42
-0.069715
  0
VERTEX
  8
0
 10
31.943844
 20
119.705849
 42
-0.049032
  0
VERTEX
  8
0
 10
33.317484
 20
121.636724
 42
-0.015041
  0
VERTEX
  8
0
 10
35.750000
 20
124.266740
 42
0.000000
  0
VERTEX
  8
0
 10
40.500000
 20
129.102178
 42
0.000000
  0
VERTEX
  8
0
 10
40.825486
 20
125.888480
 42
-0.067581
  0
VERTEX
  8
0
 10
40.760517
 20
123.979469
 42
-0.088072
  0
VERTEX
  8
0
 10
40.170847
 20
122.336920
 42
-0.054366
  0
VERTEX
  8
0
 10
38.813767
 20
120.471666
 42
-0.011948
  0
SEQEND
  0
POLYLINE
  8
0
 66
1
 70
1
  0
VERTEX
  8
0
 10
534.074385
 20
119.629940
 42
0.000000
  0
VERTEX
  8
0
 10
532.000000
 20
117.555556
 42
0.000000
  0
VERTEX
  8
0
 10
532.000000
 20
120.949037
 42
-0.044520
  0
VERTEX
  8
0
 10
532.128658
 20
122.391137
 42
-0.034688
  0
VERTEX
  8
0
 10
532.514063
 20
123.917625
 42
-0.035682
  0
VERTEX
  8
0
 10
533.078852
 20
125.299514
 42
-0.068313
  0
VERTEX
  8
0
 10
533.750000
 20
126.289555
 42
-0.013511
  0
VERTEX
  8
0
 10
534.893063
 20
127.494199
 42
-0.351207
  0
VERTEX
  8
0
 10
535.309455
 20
127.539810
 42
-0.223081
  0
VERTEX
  8
0
 10
535.582186
 20
127.109995
 42
-0.006864
  0
VERTEX
  8
0
 10
535.824385
 20
124.970458
 42
-0.042169
  0
VERTEX
  8
0
 10
535.847935
 20
123.368954
 42
-0.061847
  0
VERTEX
  8
0
 10
535.577869
 20
121.987958
 42
-0.064866
  0
VERTEX
  8
0
 10
534.992059
 20
120.763404
 42
-0.052458
  0
SEQEND
  0
POLYLINE
  8
0
 66
1
 70
1
  0
VERTEX
  8
0
 10
162.000000
 20
123.754285
 42
-0.190384
  0
VERTEX
  8
0
 10
161.911903
 20
123.531305
 42
-0.001735
  0
VERTEX
  8
0
 10
160.662380
 20
122.206066
 42
-0.005586
  0
VERTEX
  8
0
 10
159.191874
 20
120.691506
 42
-0.003543
  0
VERTEX
  8
0
 10
157.446401
 20
118.958208
 42
0.000000
  0
VERTEX
  8
0
 10
152.892803
 20
114.500000
 42
0.000000
  0
VERTEX
  8
0
 10
153.124066
 20
119.072335
 42
0.000000
  0
VERTEX
  8
0
 10
153.355330
 20
123.644670
 42
0.000000
  0
VERTEX
  8
0
 10
157.677665
 20
123.868412
 42
-0.007312
  0
VERTEX
  8
0
 10
159.335038
 20
123.929920
 42
-0.012218
  0
VERTEX
  8
0
 10
160.730314
 20
123.927180
 42
-0.005873
  0
VERTEX
  8
0
 10
161.877156
 20
123.883415
 42
-0.399676
  0
SEQEND
  0
POLYLINE
  8
0
 66
1
 70
1
  0
VERTEX
  8
0
 10
168.500000
 20
122.000000
 42
-0.065737
  0
VERTEX
  8
0
 10
167.503381
 20
121.153811
 42
-0.053162
  0
VERTEX
  8
0
 10
166.248809
 20
120.522141
 42
-0.049190
  0
VERTEX
  8
0
 10
164.790592
 20
120.131231
 42
-0.040927
  0
VERTEX
  8
0
 10
163.190025
 20
120.000000
 42
-0.006407
  0
VERTEX
  8
0
 10
160.877306
 20
120.029637
 42
-0.214078
  0
VERTEX
  8
0
 10
160.389808
 20
120.263573
 42
-0.359731
  0
VERTEX
  8
0
 10
160.385064
 20
120.696593
 42
-0.013972
  0
VERTEX
  8
0
 10
161.500000
 20
122.000000
 42
-0.065737
  0
VERTEX
  8
0
 10
162.496619
 20
122.846189
 42
-0.053162
  0
VERTEX
  8
0
 10
163.751191
 20
123.477859
 42
-0.049190
  0
VERTEX
  8
0
 10
165.209408
 20
123.868769
 42
-0.040927
  0
VERTEX
  8
0
 10
166.809975
 20
124.000000
 42
-0.006407
  0
VERTEX
  8
0
 10
169.122694
 20
123.970363
 42
-0.214078
  0
VERTEX
  8
0
 10
169.610192
 20
123.736427
 42
-0.359731
  0
VERTEX
  8
0
 10
169.614936
 20
123.303407
 42
-0.013972
  0
SEQEND
  0
POLYLINE
  8
0
 66
1
 70
1
  0
VERTEX
  8
0
 10
184.500000
 20
122.000000
 42
-0.065737
  0
VERTEX
  8
0
 10
183.503381
 20
121.153811
 42
-0.053162
  0
VERTEX
  8
0
 10
182.248809
 20
120.522141
 42
-0.049190
  0
VERTEX
  8
0
 10
180.790592
 20
120.131231
 42
-0.040927
  0
VERTEX
  8
0
 10
179.190025
 20
120.000000
 42
-0.006407
  0
VERTEX
  8
0
 10
176.877306
 20
120.029637
 42
-0.214078
  0
VERTEX
  8
0
 10
176.389808
 20
120.263573
 42
-0.359731
  0
VERTEX
  8
0
 10
176.385064
 20
120.696593
 42
-0.013972
  0
VERTEX
  8
0
 10
177.500000
 20
122.000000
 42
-0.065737
  0
VERTEX
  8
0
 10
178.496619
 20
122.846189
 42
-0.053162
  0
VERTEX
  8
0
 10
179.751191
 20
123.477859
 42
-0.049190
  0
VERTEX
  8
0
 10
181.209408
 20
123.868769
 42
-0.040927
  0
VERTEX
  8
0
 10
182.809975
 20
124.000000
 42
-0.006407
  0
VERTEX
  8
0
 10
185.122694
 20
123.970363
 42
-0.214078
  0
VERTEX
  8
0
 10
185.610192
 20
123.736427
 42
-0.359731
  0
VERTEX
  8
0
 10
185.614936
 20
123.303407
 42
-0.013972
  0
SEQEND
  0
POLYLINE
  8
0
 66
1
 70
1
  0
VERTEX
  8
0
 10
193.489919
 20
122.983688
 42
-0.092929
  0
VERTEX
  8
0
 10
193.177412
 20
122.640680
 42
-0.096298
  0
VERTEX
  8
0
 10
192.765582
 20
122.439419
 42
-0.099244
  0
VERTEX
  8
0
 10
192.318852
 20
122.410465
 42
-0.105503
  0
VERTEX
  8
0
 10
191.906125
 20
122.558018
 42
0.108200
  0
VERTEX
  8
0
 10
191.564108
 20
122.678238
 42
0.240785
  0
VERTEX
  8
0
 10
191.311893
 20
122.586137
 42
0.177582
  0
VERTEX
  8
0
 10
191.187990
 20
122.290277
 42
0.062501
  0
VERTEX
  8
0
 10
191.225223
 20
121.824330
 42
-0.229598
  0
VERTEX
  8
0
 10
191.075406
 20
121.229642
 42
-0.113814
  0
VERTEX
  8
0
 10
190.439183
 20
120.750007
 42
-0.062597
  0
VERTEX
  8
0
 10
189.270712
 20
120.395846
 42
-0.021997
  0
VERTEX
  8
0
 10
187.528428
 20
120.176425
 42
-0.004432
  0
VERTEX
  8
0
 10
184.827174
 20
119.980435
 42
-0.192183
  0
VERTEX
  8
0
 10
184.293803
 20
120.154925
 42
-0.410756
  0
VERTEX
  8
0
 10
184.255473
 20
120.555494
 42
-0.012869
  0
VERTEX
  8
0
 10
185.433416
 20
121.926425
 42
-0.125635
  0
VERTEX
  8
0
 10
187.444366
 20
123.259141
 42
-0.051251
  0
VERTEX
  8
0
 10
190.659432
 20
124.021762
 42
-0.083481
  0
VERTEX
  8
0
 10
193.079797
 20
123.934370
 42
-0.521152
  0
SEQEND
  0
POLYLINE
  8
0
 66
1
 70
1
  0
VERTEX
  8
0
 10
197.000000
 20
122.000000
 42
-0.077306
  0
VERTEX
  8
0
 10
196.852315
 20
121.050515
 42
-0.155377
  0
VERTEX
  8
0
 10
196.418127
 20
120.438325
 42
-0.122462
  0
VERTEX
  8
0
 10
195.625669
 20
120.101504
 42
-0.039568
  0
VERTEX
  8
0
 10
194.345012
 20
120.000000
 42
-0.009647
  0
VERTEX
  8
0
 10
192.627713
 20
120.033138
 42
-0.290928
  0
VERTEX
  8
0
 10
192.288091
 20
120.267893
 42
-0.281750
  0
VERTEX
  8
0
 10
192.350436
 20
120.681788
 42
-0.009200
  0
VERTEX
  8
0
 10
193.500000
 20
122.000000
 42
-0.021385
  0
VERTEX
  8
0
 10
194.254929
 20
122.765682
 42
-0.026030
  0
VERTEX
  8
0
 10
195.026517
 20
123.412500
 42
-0.026046
  0
VERTEX
  8
0
 10
195.717217
 20
123.878502
 42
-0.136196
  0
VERTEX
  8
0
 10
196.154988
 20
124.000000
 42
-0.217770
  0
VERTEX
  8
0
 10
196.478306
 20
123.852171
 42
-0.078499
  0
VERTEX
  8
0
 10
196.751778
 20
123.412500
 42
-0.059688
  0
VERTEX
  8
0
 10
196.938110
 20
122.765783
 42
-0.040344
  0
SEQEND
  0
POLYLINE
  8
0
 66
1
 70
1
  0
VERTEX
  8
0
 10
198.662281
 20
120.750000
 42
-0.174857
  0
VERTEX
  8
0
 10
198.474999
 20
120.540618
 42
-0.447206
  0
VERTEX
  8
0
 10
198.306058
 20
120.601562
 42
-0.078554
  0
VERTEX
  8
0
 10
198.189089
 20
121.108560
 42
-0.017491
  0
VERTEX
  8
0
 10
198.157895
 20
122.000000
 42
-0.017491
  0
VERTEX
  8
0
 10
198.189089
 20
122.891440
 42
-0.078554
  0
VERTEX
  8
0
 10
198.306058
 20
123.398438
 42
-0.447206
  0
VERTEX
  8
0
 10
198.474999
 20
123.459382
 42
-0.174857
  0
VERTEX
  8
0
 10
198.662281
 20
123.250000
 42
-0.057986
  0
VERTEX
  8
0
 10
198.818615
 20
122.679992
 42
-0.037979
  0
VERTEX
  8
0
 10
198.870340
 20
122.000000
 42
-0.037979
  0
VERTEX
  8
0
 10
198.818615
 20
121.320008
 42
-0.057986
  0
SEQEND
  0
POLYLINE
  8
0
 66
1
 70
1
  0
VERTEX
  8
0
 10
229.000000
 20
122.000000
 42
-0.229790
  0
VERTEX
  8
0
 10
228.461675
 20
120.890509
 42
-0.130799
  0
VERTEX
  8
0
 10
227.062500
 20
120.287037
 42
-0.034233
  0
VERTEX
  8
0
 10
223.968150
 20
120.043195
 42
-0.002550
  0
VERTEX
  8
0
 10
215.500000
 20
120.000000
 42
-0.002550
  0
VERTEX
  8
0
 10
207.031850
 20
120.043195
 42
-0.034233
  0
VERTEX
  8
0
 10
203.937500
 20
120.287037
 42
-0.130799
  0
VERTEX
  8
0
 10
202.538325
 20
120.890509
 42
-0.229790
  0
VERTEX
  8
0
 10
202.000000
 20
122.000000
 42
-0.229790
  0
VERTEX
  8
0
 10
202.538325
 20
123.109491
 42
-0.130799
  0
VERTEX
  8
0
 10
203.937500
 20
123.712963
 42
-0.034233
  0
VERTEX
  8
0
 10
207.031850
 20
123.956805
 42
-0.002550
  0
VERTEX
  8
0
 10
215.500000
 20
124.000000
 42
-0.002550
  0
VERTEX
  8
0
 10
223.968150
 20
123.956805
 42
-0.034233
  0
VERTEX
  8
0
 10
227.062500
 20
123.712963
 42
-0.130799
  0
VERTEX
  8
0
 10
228.461675
 20
123.109491
 42
-0.229790
  0
SEQEND
  0
POLYLINE
  8
0
 66
1
 70
1
  0
VERTEX
  8
0
 10
230.662281
 20
120.750000
 42
-0.174857
  0
VERTEX
  8
0
 10
230.474999
 20
120.540618
 42
-0.447206
  0
VERTEX
  8
0
 10
230.306058
 20
120.601562
 42
-0.078554
  0
VERTEX
  8
0
 10
230.189089
 20
121.108560
 42
-0.017491
  0
VERTEX
  8
0
 10
230.157895
 20
122.000000
 42
-0.017491
  0
VERTEX
  8
0
 10
230.189089
 20
122.891440
 42
-0.078554
  0
VERTEX
  8
0
 10
230.306058
 20
123.398438
 42
-0.447206
  0
VERTEX
  8
0
 10
230.474999
 20
123.459382
 42
-0.174857
  0
VERTEX
  8
0
 10
230.662281
 20
123.250000
 42
-0.057986
  0
VERTEX
  8
0
 10
230.818615
 20
122.679992
 42
-0.037979
  0
VERTEX
  8
0
 10
230.870340
 20
122.000000
 42
-0.037979
  0
VERTEX
  8
0
 10
230.818615
 20
121.320008
 42
-0.057986
  0
SEQEND
  0
POLYLINE
  8
0
 66
1
 70
1
  0
VERTEX
  8
0
 10
240.500000
 20
122.000000
 42
-0.098563
  0
VERTEX
  8
0
 10
238.724826
 20
120.681778
 42
-0.085216
  0
VERTEX
  8
0
 10
236.486103
 20
120.056821
 42
-0.120465
  0
VERTEX
  8
0
 10
234.699122
 20
120.304216
 42
-0.307544
  0
VERTEX
  8
0
 10
234.000000
 20
121.333333
 42
-0.100367
  0
VERTEX
  8
0
 10
234.262824
 20
122.629455
 42
-0.167921
  0
VERTEX
  8
0
 10
234.999091
 20
123.447442
 42
-0.102134
  0
VERTEX
  8
0
 10
236.391865
 20
123.880764
 42
-0.024522
  0
VERTEX
  8
0
 10
238.821654
 20
124.000000
 42
-0.006435
  0
VERTEX
  8
0
 10
241.126264
 20
123.970340
 42
-0.214942
  0
VERTEX
  8
0
 10
241.611610
 20
123.736381
 42
-0.358856
  0
VERTEX
  8
0
 10
241.615543
 20
123.303700
 42
-0.013893
  0
SEQEND
  0
POLYLINE
  8
0
 66
1
 70
1
  0
VERTEX
  8
0
 10
248.500000
 20
122.000000
 42
-0.065737
  0
VERTEX
  8
0
 10
247.503381
 20
121.153811
 42
-0.053162
  0
VERTEX
  8
0
 10
246.248809
 20
120.522141
 42
-0.049190
  0
VERTEX
  8
0
 10
244.790592
 20
120.131231
 42
-0.040927
  0
VERTEX
  8
0
 10
243.190025
 20
120.000000
 42
-0.006407
  0
VERTEX
  8
0
 10
240.877306
 20
120.029637
 42
-0.214078
  0
VERTEX
  8
0
 10
240.389808
 20
120.263573
 42
-0.359731
  0
VERTEX
  8
0
 10
240.385064
 20
120.696593
 42
-0.013972
  0
VERTEX
  8
0
 10
241.500000
 20
122.000000
 42
-0.065737
  0
VERTEX
  8
0
 10
242.496619
 20
122.846189
 42
-0.053162
  0
VERTEX
  8
0
 10
243.751191
 20
123.477859
 42
-0.049190
  0
VERTEX
  8
0
 10
245.209408
 20
123.868769
 42
-0.040927
  0
VERTEX
  8
0
 10
246.809975
 20
124.000000
 42
-0.006407
  0
VERTEX
  8
0
 10
249.122694
 20
123.970363
 42
-0.214078
  0
VERTEX
  8
0
 10
249.610192
 20
123.736427
 42
-0.359731
  0
VERTEX
  8
0
 10
249.614936
 20
123.303407
 42
-0.013972
  0
SEQEND
  0
POLYLINE
  8
0
 66
1
 70
1
  0
VERTEX
  8
0
 10
256.500000
 20
122.000000
 42
-0.065737
  0
VERTEX
  8
0
 10
255.503381
 20
121.153811
 42
-0.053162
  0
VERTEX
  8
0
 10
254.248809
 20
120.522141
 42
-0.049190
  0
VERTEX
  8
0
 10
252.790592
 20
120.131231
 42
-0.040927
  0
VERTEX
  8
0
 10
251.190025
 20
120.000000
 42
-0.006407
  0
VERTEX
  8
0
 10
248.877306
 20
120.029637
 42
-0.214078
  0
VERTEX
  8
0
 10
248.389808
 20
120.263573
 42
-0.359731
  0
VERTEX
  8
0
 10
248.385064
 20
120.696593
 42
-0.013972
  0
VERTEX
  8
0
 10
249.500000
 20
122.000000
 42
-0.065737
  0
VERTEX
  8
0
 10
250.496619
 20
122.846189
 42
-0.053162
  0
VERTEX
  8
0
 10
251.751191
 20
123.477859
 42
-0.049190
  0
VERTEX
  8
0
 10
253.209408
 20
123.868769
 42
-0.040927
  0
VERTEX
  8
0
 10
254.809975
 20
124.000000
 42
-0.006407
  0
VERTEX
  8
0
 10
257.122694
 20
123.970363
 42
-0.214078
  0
VERTEX
  8
0
 10
257.610192
 20
123.736427
 42
-0.359731
  0
VERTEX
  8
0
 10
257.614936
 20
123.303407
 42
-0.013972
  0
SEQEND
  0
POLYLINE
  8
0
 66
1
 70
1
  0
VERTEX
  8
0
 10
264.500000
 20
122.000000
 42
-0.065737
  0
VERTEX
  8
0
 10
263.503381
 20
121.153811
 42
-0.053162
  0
VERTEX
  8
0
 10
262.248809
 20
120.522141
 42
-0.049190
  0
VERTEX
  8
0
 10
260.790592
 20
120.131231
 42
-0.040927
  0
VERTEX
  8
0
 10
259.190025
 20
120.000000
 42
-0.006407
  0
VERTEX
  8
0
 10
256.877306
 20
120.029637
 42
-0.214078
  0
VERTEX
  8
0
 10
256.389808
 20
120.263573
 42
-0.359731
  0
VERTEX
  8
0
 10
256.385064
 20
120.696593
 42
-0.013972
  0
VERTEX
  8
0
 10
257.500000
 20
122.000000
 42
-0.065737
  0
VERTEX
  8
0
 10
258.496619
 20
122.846189
 42
-0.053162
  0
VERTEX
  8
0
 10
259.751191
 20
123.477859
 42
-0.049190
  0
VERTEX
  8
0
 10
261.209408
 20
123.868769
 42
-0.040927
  0
VERTEX
  8
0
 10
262.809975
 20
124.000000
 42
-0.006407
  0
VERTEX
  8
0
 10
265.122694
 20
123.970363
 42
-0.214078
  0
VERTEX
  8
0
 10
265.610192
 20
123.736427
 42
-0.359731
  0
VERTEX
  8
0
 10
265.614936
 20
123.303407
 42
-0.013972
  0
SEQEND
  0
POLYLINE
  8
0
 66
1
 70
1
  0
VERTEX
  8
0
 10
273.489919
 20
122.983688
 42
-0.092929
  0
VERTEX
  8
0
 10
273.177412
 20
122.640680
 42
-0.096298
  0
VERTEX
  8
0
 10
272.765582
 20
122.439419
 42
-0.099244
  0
VERTEX
  8
0
 10
272.318852
 20
122.410465
 42
-0.105503
  0
VERTEX
  8
0
 10
271.906125
 20
122.558018
 42
0.108200
  0
VERTEX
  8
0
 10
271.564108
 20
122.678238
 42
0.240785
  0
VERTEX
  8
0
 10
271.311893
 20
122.586137
 42
0.177582
  0
VERTEX
  8
0
 10
271.187990
 20
122.290277
 42
0.062501
  0
VERTEX
  8
0
 10
271.225223
 20
121.824330
 42
-0.229598
  0
VERTEX
  8
0
 10
271.075406
 20
121.229642
 42
-0.113814
  0
VERTEX
  8
0
 10
270.439183
 20
120.750007
 42
-0.062597
  0
VERTEX
  8
0
 10
269.270712
 20
120.395846
 42
-0.021997
  0
VERTEX
  8
0
 10
267.528428
 20
120.176425
 42
-0.004432
  0
VERTEX
  8
0
 10
264.827174
 20
119.980435
 42
-0.192183
  0
VERTEX
  8
0
 10
264.293803
 20
120.154925
 42
-0.410756
  0
VERTEX
  8
0
 10
264.255473
 20
120.555494
 42
-0.012869
  0
VERTEX
  8
0
 10
265.433416
 20
121.926425
 42
-0.125635
  0
VERTEX
  8
0
 10
267.444366
 20
123.259141
 42
-0.051251
  0
VERTEX
  8
0
 10
270.659432
 20
124.021762
 42
-0.083481
  0
VERTEX
  8
0
 10
273.079797
 20
123.934370
 42
-0.521152
  0
SEQEND
  0
POLYLINE
  8
0
 66
1
 70
1
  0
VERTEX
  8
0
 10
280.500000
 20
122.000000
 42
-0.065737
  0
VERTEX
  8
0
 10
279.503381
 20
121.153811
 42
-0.053162
  0
VERTEX
  8
0
 10
278.248809
 20
120.522141
 42
-0.049190
  0
VERTEX
  8
0
 10
276.790592
 20
120.131231
 42
-0.040927
  0
VERTEX
  8
0
 10
275.190025
 20
120.000000
 42
-0.006407
  0
VERTEX
  8
0
 10
272.877306
 20
120.029637
 42
-0.214078
  0
VERTEX
  8
0
 10
272.389808
 20
120.263573
 42
-0.359731
  0
VERTEX
  8
0
 10
272.385064
 20
120.696593
 42
-0.013972
  0
VERTEX
  8
0
 10
273.500000
 20
122.000000
 42
-0.065737
  0
VERTEX
  8
0
 10
274.496619
 20
122.846189
 42
-0.053162
  0
VERTEX
  8
0
 10
275.751191
 20
123.477859
 42
-0.049190
  0
VERTEX
  8
0
 10
277.209408
 20
123.868769
 42
-0.040927
  0
VERTEX
  8
0
 10
278.809975
 20
124.000000
 42
-0.006407
  0
VERTEX
  8
0
 10
281.122694
 20
123.970363
 42
-0.214078
  0
VERTEX
  8
0
 10
281.610192
 20
123.736427
 42
-0.359731
  0
VERTEX
  8
0
 10
281.614936
 20
123.303407
 42
-0.013972
  0
SEQEND
  0
POLYLINE
  8
0
 66
1
 70
1
  0
VERTEX
  8
0
 10
288.500000
 20
122.000000
 42
-0.065737
  0
VERTEX
  8
0
 10
287.503381
 20
121.153811
 42
-0.053162
  0
VERTEX
  8
0
 10
286.248809
 20
120.522141
 42
-0.049190
  0
VERTEX
  8
0
 10
284.790592
 20
120.131231
 42
-0.040927
  0
VERTEX
  8
0
 10
283.190025
 20
120.000000
 42
-0.006407
  0
VERTEX
  8
0
 10
280.877306
 20
120.029637
 42
-0.214078
  0
VERTEX
  8
0
 10
280.389808
 20
120.263573
 42
-0.359731
  0
VERTEX
  8
0
 10
280.385064
 20
120.696593
 42
-0.013972
  0
VERTEX
  8
0
 10
281.500000
 20
122.000000
 42
-0.065737
  0
VERTEX
  8
0
 10
282.496619
 20
122.846189
 42
-0.053162
  0
VERTEX
  8
0
 10
283.751191
 20
123.477859
 42
-0.049190
  0
VERTEX
  8
0
 10
285.209408
 20
123.868769
 42
-0.040927
  0
VERTEX
  8
0
 10
286.809975
 20
124.000000
 42
-0.006407
  0
VERTEX
  8
0
 10
289.122694
 20
123.970363
 42
-0.214078
  0
VERTEX
  8
0
 10
289.610192
 20
123.736427
 42
-0.359731
  0
VERTEX
  8
0
 10
289.614936
 20
123.303407
 42
-0.013972
  0
SEQEND
  0
POLYLINE
  8
0
 66
1
 70
1
  0
VERTEX
  8
0
 10
297.000000
 20
123.328741
 42
-0.172484
  0
VERTEX
  8
0
 10
296.489186
 20
121.892032
 42
-0.089825
  0
VERTEX
  8
0
 10
295.026986
 20
120.639255
 42
-0.079672
  0
VERTEX
  8
0
 10
293.021707
 20
119.860934
 42
-0.089477
  0
VERTEX
  8
0
 10
290.955402
 20
119.793238
 42
-0.010483
  0
VERTEX
  8
0
 10
289.042366
 20
120.115116
 42
-0.217997
  0
VERTEX
  8
0
 10
288.579743
 20
120.443253
 42
-0.305436
  0
VERTEX
  8
0
 10
288.613340
 20
120.934439
 42
-0.018601
  0
VERTEX
  8
0
 10
289.608844
 20
122.120272
 42
-0.120062
  0
VERTEX
  8
0
 10
291.258682
 20
123.239934
 42
-0.048840
  0
VERTEX
  8
0
 10
293.899052
 20
123.941399
 42
-0.053030
  0
VERTEX
  8
0
 10
296.289420
 20
124.075658
 42
-0.399686
  0
SEQEND
  0
POLYLINE
  8
0
 66
1
 70
1
  0
VERTEX
  8
0
 10
779.000000
 20
121.000000
 42
-0.073070
  0
VERTEX
  8
0
 10
778.868413
 20
120.104385
 42
-0.133516
  0
VERTEX
  8
0
 10
778.480627
 20
119.482020
 42
-0.126147
  0
VERTEX
  8
0
 10
777.812972
 20
119.119750
 42
-0.061622
  0
VERTEX
  8
0
 10
776.845012
 20
119.000000
 42
-0.014191
  0
VERTEX
  8
0
 10
775.491255
 20
119.038430
 42
-0.349021
  0
VERTEX
  8
0
 10
775.229349
 20
119.272045
 42
-0.222937
  0
VERTEX
  8
0
 10
775.342025
 20
119.682566
 42
-0.007247
  0
VERTEX
  8
0
 10
776.500000
 20
121.000000
 42
-0.008839
  0
VERTEX
  8
0
 10
777.218546
 20
121.766310
 42
-0.012942
  0
VERTEX
  8
0
 10
777.879642
 20
122.412500
 42
-0.008331
  0
VERTEX
  8
0
 10
778.448158
 20
122.922763
 42
-0.180624
  0
VERTEX
  8
0
 10
778.654988
 20
123.000000
 42
-0.337243
  0
VERTEX
  8
0
 10
778.790133
 20
122.897149
 42
-0.024733
  0
VERTEX
  8
0
 10
778.898653
 20
122.412500
 42
-0.026491
  0
VERTEX
  8
0
 10
778.975118
 20
121.766692
 42
-0.016222
  0
SEQEND
  0
POLYLINE
  8
0
 66
1
 70
1
  0
VERTEX
  8
0
 10
36.075486
 20
109.599296
 42
0.000000
  0
VERTEX
  8
0
 10
31.000000
 20
104.523810
 42
0.000000
  0
VERTEX
  8
0
 10
31.000000
 20
107.977556
 42
-0.060561
  0
VERTEX
  8
0
 10
31.239608
 20
109.948552
 42
-0.069715
  0
VERTEX
  8
0
 10
31.943844
 20
111.705849
 42
-0.049032
  0
VERTEX
  8
0
 10
33.317484
 20
113.636724
 42
-0.015041
  0
VERTEX
  8
0
 10
35.750000
 20
116.266740
 42
0.000000
  0
VERTEX
  8
0
 10
40.500000
 20
121.102178
 42
0.000000
  0
VERTEX
  8
0
 10
40.825486
 20
117.888480
 42
-0.067581
  0
VERTEX
  8
0
 10
40.760517
 20
115.979469
 42
-0.088072
  0
VERTEX
  8
0
 10
40.170847
 20
114.336920
 42
-0.054366
  0
VERTEX
  8
0
 10
38.813767
 20
112.471666
 42
-0.011948
  0
SEQEND
  0
POLYLINE
  8
0
 66
1
 70
1
  0
VERTEX
  8
0
 10
295.074385
 20
112.629940
 42
0.000000
  0
VERTEX
  8
0
 10
293.000000
 20
110.555556
 42
0.000000
  0
VERTEX
  8
0
 10
293.000000
 20
113.949037
 42
-0.044520
  0
VERTEX
  8
0
 10
293.128658
 20
115.391137
 42
-0.034688
  0
VERTEX
  8
0
 10
293.514063
 20
116.917625
 42
-0.035682
  0
VERTEX
  8
0
 10
294.078852
 20
118.299514
 42
-0.068313
  0
VERTEX
  8
0
 10
294.750000
 20
119.289555
 42
-0.013511
  0
VERTEX
  8
0
 10
295.893063
 20
120.494199
 42
-0.351207
  0
VERTEX
  8
0
 10
296.309455
 20
120.539810
 42
-0.223081
  0
VERTEX
  8
0
 10
296.582186
 20
120.109995
 42
-0.006864
  0
VERTEX
  8
0
 10
296.824385
 20
117.970458
 42
-0.042169
  0
VERTEX
  8
0
 10
296.847935
 20
116.368954
 42
-0.061847
  0
VERTEX
  8
0
 10
296.577869
 20
114.987958
 42
-0.064866
  0
VERTEX
  8
0
 10
295.992059
 20
113.763404
 42
-0.052458
  0
SEQEND
  0
POLYLINE
  8
0
 66
1
 70
1
  0
VERTEX
  8
0
 10
528.000000
 20
118.000000
 42
0.000000
  0
VERTEX
  8
0
 10
528.000000
 20
115.000000
 42
0.000000
  0
VERTEX
  8
0
 10
512.500000
 20
115.000000
 42
0.000000
  0
VERTEX
  8
0
 10
497.000000
 20
115.000000
 42
0.000000
  0
VERTEX
  8
0
 10
497.000000
 20
118.000000
 42
0.000000
  0
VERTEX
  8
0
 10
497.000000
 20
121.000000
 42
0.000000
  0
VERTEX
  8
0
 10
512.500000
 20
121.000000
 42
0.000000
  0
VERTEX
  8
0
 10
528.000000
 20
121.000000
 42
0.000000
  0
SEQEND
  0
POLYLINE
  8
0
 66
1
 70
1
  0
VERTEX
  8
0
 10
534.074385
 20
111.629940
 42
0.000000
  0
VERTEX
  8
0
 10
532.000000
 20
109.555556
 42
0.000000
  0
VERTEX
  8
0
 10
532.000000
 20
112.949037
 42
-0.044520
  0
VERTEX
  8
0
 10
532.128658
 20
114.391137
 42
-0.034688
  0
VERTEX
  8
0
 10
532.514063
 20
115.917625
 42
-0.035682
  0
VERTEX
  8
0
 10
533.078852
 20
117.299514
 42
-0.068313
  0
VERTEX
  8
0
 10
533.750000
 20
118.289555
 42
-0.013511
  0
VERTEX
  8
0
 10
534.893063
 20
119.494199
 42
-0.351207
  0
VERTEX
  8
0
 10
535.309455
 20
119.539810
 42
-0.223081
  0
VERTEX
  8
0
 10
535.582186
 20
119.109995
 42
-0.006864
  0
VERTEX
  8
0
 10
535.824385
 20
116.970458
 42
-0.042169
  0
VERTEX
  8
0
 10
535.847935
 20
115.368954
 42
-0.061847
  0
VERTEX
  8
0
 10
535.577869
 20
113.987958
 42
-0.064866
  0
VERTEX
  8
0
 10
534.992059
 20
112.763404
 42
-0.052458
  0
SEQEND
  0
POLYLINE
  8
0
 66
1
 70
1
  0
VERTEX
  8
0
 10
227.868962
 20
117.459415
 42
-0.321329
  0
VERTEX
  8
0
 10
227.923361
 20
117.143163
 42
-0.002484
  0
VERTEX
  8
0
 10
226.714963
 20
114.682184
 42
-0.007760
  0
VERTEX
  8
0
 10
225.242024
 20
111.831585
 42
-0.004759
  0
VERTEX
  8
0
 10
223.422336
 20
108.516168
 42
-0.010320
  0
VERTEX
  8
0
 10
221.321541
 20
104.948062
 42
-0.023171
  0
VERTEX
  8
0
 10
219.549907
 20
102.353432
 42
-0.023421
  0
VERTEX
  8
0
 10
218.104218
 20
100.609844
 42
-0.308818
  0
VERTEX
  8
0
 10
217.330739
 20
100.426578
 42
0.151160
  0
VERTEX
  8
0
 10
216.738664
 20
100.465925
 42
0.070580
  0
VERTEX
  8
0
 10
216.015836
 20
100.181721
 42
0.060272
  0
VERTEX
  8
0
 10
215.279702
 20
99.638268
 42
0.050905
  0
VERTEX
  8
0
 10
214.646314
 20
98.905430
 42
0.131628
  0
VERTEX
  8
0
 10
213.869757
 20
96.773153
 42
0.130952
  0
VERTEX
  8
0
 10
214.260905
 20
94.533640
 42
0.140937
  0
VERTEX
  8
0
 10
215.675587
 20
92.898920
 42
0.160301
  0
VERTEX
  8
0
 10
217.670337
 20
92.369333
 42
0.159176
  0
VERTEX
  8
0
 10
219.374518
 20
93.038365
 42
0.078948
  0
VERTEX
  8
0
 10
220.928699
 20
94.798174
 42
0.093232
  0
VERTEX
  8
0
 10
221.695019
 20
96.717161
 42
0.306801
  0
VERTEX
  8
0
 10
221.189050
 20
97.909358
 42
-0.392191
  0
VERTEX
  8
0
 10
220.830824
 20
99.316876
 42
-0.005036
  0
VERTEX
  8
0
 10
225.676070
 20
108.012319
 42
-0.007413
  0
VERTEX
  8
0
 10
230.606667
 20
116.364844
 42
-0.162886
  0
VERTEX
  8
0
 10
232.744556
 20
118.164719
 42
-0.086906
  0
VERTEX
  8
0
 10
234.110216
 20
118.446472
 42
-0.001255
  0
VERTEX
  8
0
 10
242.432881
 20
118.676005
 42
-0.003414
  0
VERTEX
  8
0
 10
252.111418
 20
118.852506
 42
-0.002240
  0
VERTEX
  8
0
 10
263.260997
 20
118.929715
 42
0.000000
  0
VERTEX
  8
0
 10
292.021995
 20
119.000000
 42
0.000000
  0
VERTEX
  8
0
 10
291.979080
 20
73.937494
 42
0.000000
  0
VERTEX
  8
0
 10
291.936166
 20
28.874988
 42
0.000000
  0
VERTEX
  8
0
 10
225.468418
 20
29.187494
 42
0.000000
  0
VERTEX
  8
0
 10
159.000671
 20
29.500000
 42
0.000000
  0
VERTEX
  8
0
 10
159.000335
 20
74.393775
 42
0.000000
  0
VERTEX
  8
0
 10
159.000000
 20
119.287549
 42
0.000000
  0
VERTEX
  8
0
 10
193.250000
 20
118.555486
 42
-0.000973
  0
VERTEX
  8
0
 10
206.408352
 20
118.248611
 42
-0.001597
  0
VERTEX
  8
0
 10
217.547445
 20
117.931539
 42
-0.000150
  0
VERTEX
  8
0
 10
227.510913
 20
117.613099
 42
-0.188793
  0
SEQEND
  0
POLYLINE
  8
0
 66
1
 70
1
  0
VERTEX
  8
0
 10
155.574735
 20
109.120190
 42
0.000000
  0
VERTEX
  8
0
 10
153.000000
 20
106.545455
 42
0.000000
  0
VERTEX
  8
0
 10
153.000000
 20
109.958276
 42
-0.046579
  0
VERTEX
  8
0
 10
153.149064
 20
111.554931
 42
-0.045698
  0
VERTEX
  8
0
 10
153.591220
 20
113.107089
 42
-0.046141
  0
VERTEX
  8
0
 10
154.302569
 20
114.539028
 42
-0.049589
  0
VERTEX
  8
0
 10
155.250000
 20
115.779185
 42
0.000000
  0
VERTEX
  8
0
 10
157.500000
 20
118.187273
 42
0.000000
  0
VERTEX
  8
0
 10
157.824735
 20
114.941099
 42
-0.045844
  0
VERTEX
  8
0
 10
157.838358
 20
113.255371
 42
-0.071447
  0
VERTEX
  8
0
 10
157.513159
 20
111.842277
 42
-0.067589
  0
VERTEX
  8
0
 10
156.786350
 20
110.523858
 42
-0.036668
  0
SEQEND
  0
POLYLINE
  8
0
 66
1
 70
1
  0
VERTEX
  8
0
 10
771.000000
 20
103.106989
 42
-0.003438
  0
VERTEX
  8
0
 10
770.944873
 20
95.089329
 42
-0.020732
  0
VERTEX
  8
0
 10
770.715158
 20
90.932776
 42
-0.038196
  0
VERTEX
  8
0
 10
770.295782
 20
88.533195
 42
-0.243395
  0
VERTEX
  8
0
 10
769.500000
 20
87.638374
 42
-0.418177
  0
VERTEX
  8
0
 10
768.702262
 20
88.000135
 42
-0.063212
  0
VERTEX
  8
0
 10
768.264940
 20
89.896605
 42
-0.022423
  0
VERTEX
  8
0
 10
768.046593
 20
93.823864
 42
-0.002675
  0
VERTEX
  8
0
 10
768.000000
 20
102.531385
 42
-0.002968
  0
VERTEX
  8
0
 10
768.050602
 20
111.055095
 42
-0.021202
  0
VERTEX
  8
0
 10
768.274243
 20
115.171897
 42
-0.045190
  0
VERTEX
  8
0
 10
768.694196
 20
117.391553
 42
-0.335136
  0
VERTEX
  8
0
 10
769.500000
 20
118.000000
 42
-0.331461
  0
VERTEX
  8
0
 10
770.302165
 20
117.402592
 42
-0.047576
  0
VERTEX
  8
0
 10
770.724820
 20
115.267831
 42
-0.021989
  0
VERTEX
  8
0
 10
770.949077
 20
111.296441
 42
-0.003109
  0
SEQEND
  0
POLYLINE
  8
0
 66
1
 70
1
  0
VERTEX
  8
0
 10
779.000000
 20
102.500000
 42
-0.002130
  0
VERTEX
  8
0
 10
778.958247
 20
92.697091
 42
-0.029960
  0
VERTEX
  8
0
 10
778.717742
 20
89.187500
 42
-0.116079
  0
VERTEX
  8
0
 10
778.120358
 20
87.597748
 42
-0.250083
  0
VERTEX
  8
0
 10
777.000000
 20
87.000000
 42
-0.250083
  0
VERTEX
  8
0
 10
775.879642
 20
87.597748
 42
-0.116079
  0
VERTEX
  8
0
 10
775.282258
 20
89.187500
 42
-0.029960
  0
VERTEX
  8
0
 10
775.041753
 20
92.697091
 42
-0.002130
  0
VERTEX
  8
0
 10
775.000000
 20
102.500000
 42
-0.002130
  0
VERTEX
  8
0
 10
775.041753
 20
112.302909
 42
-0.029960
  0
VERTEX
  8
0
 10
775.282258
 20
115.812500
 42
-0.116079
  0
VERTEX
  8
0
 10
775.879642
 20
117.402252
 42
-0.250083
  0
VERTEX
  8
0
 10
777.000000
 20
118.000000
 42
-0.250083
  0
VERTEX
  8
0
 10
778.120358
 20
117.402252
 42
-0.116079
  0
VERTEX
  8
0
 10
778.717742
 20
115.812500
 42
-0.029960
  0
VERTEX
  8
0
 10
778.958247
 20
112.302909
 42
-0.002130
  0
SEQEND
  0
POLYLINE
  8
0
 66
1
 70
1
  0
VERTEX
  8
0
 10
520.797482
 20
113.257546
 42
-0.007070
  0
VERTEX
  8
0
 10
517.250287
 20
113.151213
 42
-0.003921
  0
VERTEX
  8
0
 10
512.920193
 20
113.116635
 42
-0.003909
  0
VERTEX
  8
0
 10
508.533582
 20
113.150299
 42
-0.006295
  0
VERTEX
  8
0
 10
504.797482
 20
113.255245
 42
-0.032437
  0
VERTEX
  8
0
 10
503.630083
 20
113.378893
 42
-0.898123
  0
VERTEX
  8
0
 10
503.637385
 20
113.494396
 42
-0.009257
  0
VERTEX
  8
0
 10
506.766482
 20
113.574501
 42
-0.001734
  0
VERTEX
  8
0
 10
512.500000
 20
113.595210
 42
-0.001786
  0
VERTEX
  8
0
 10
518.242314
 20
113.575527
 42
-0.008418
  0
VERTEX
  8
0
 10
521.537385
 20
113.496971
 42
-0.852078
  0
VERTEX
  8
0
 10
521.551330
 20
113.380065
 42
-0.058571
  0
SEQEND
  0
POLYLINE
  8
0
 66
1
 70
1
  0
VERTEX
  8
0
 10
36.075486
 20
101.599296
 42
0.000000
  0
VERTEX
  8
0
 10
31.000000
 20
96.523810
 42
0.000000
  0
VERTEX
  8
0
 10
31.000000
 20
99.977556
 42
-0.060561
  0
VERTEX
  8
0
 10
31.239608
 20
101.948552
 42
-0.069715
  0
VERTEX
  8
0
 10
31.943844
 20
103.705849
 42
-0.049032
  0
VERTEX
  8
0
 10
33.317484
 20
105.636724
 42
-0.015041
  0
VERTEX
  8
0
 10
35.750000
 20
108.266740
 42
0.000000
  0
VERTEX
  8
0
 10
40.500000
 20
113.102178
 42
0.000000
  0
VERTEX
  8
0
 10
40.825486
 20
109.888480
 42
-0.067581
  0
VERTEX
  8
0
 10
40.760517
 20
107.979469
 42
-0.088072
  0
VERTEX
  8
0
 10
40.170847
 20
106.336920
 42
-0.054366
  0
VERTEX
  8
0
 10
38.813767
 20
104.471666
 42
-0.011948
  0
SEQEND
  0
POLYLINE
  8
0
 66
1
 70
1
  0
VERTEX
  8
0
 10
295.074385
 20
104.629940
 42
0.000000
  0
VERTEX
  8
0
 10
293.000000
 20
102.555556
 42
0.000000
  0
VERTEX
  8
0
 10
293.000000
 20
105.949037
 42
-0.044520
  0
VERTEX
  8
0
 10
293.128658
 20
107.391137
 42
-0.034688
  0
VERTEX
  8
0
 10
293.514063
 20
108.917625
 42
-0.035682
  0
VERTEX
  8
0
 10
294.078852
 20
110.299514
 42
-0.068313
  0
VERTEX
  8
0
 10
294.750000
 20
111.289555
 42
-0.013511
  0
VERTEX
  8
0
 10
295.893063
 20
112.494199
 42
-0.351207
  0
VERTEX
  8
0
 10
296.309455
 20
112.539810
 42
-0.223081
  0
VERTEX
  8
0
 10
296.582186
 20
112.109995
 42
-0.006864
  0
VERTEX
  8
0
 10
296.824385
 20
109.970458
 42
-0.042169
  0
VERTEX
  8
0
 10
296.847935
 20
108.368954
 42
-0.061847
  0
VERTEX
  8
0
 10
296.577869
 20
106.987958
 42
-0.064866
  0
VERTEX
  8
0
 10
295.992059
 20
105.763404
 42
-0.052458
  0
SEQEND
  0
POLYLINE
  8
0
 66
1
 70
1
  0
VERTEX
  8
0
 10
528.171390
 20
108.000000
 42
0.000000
  0
VERTEX
  8
0
 10
528.552852
 20
104.000000
 42
0.000000
  0
VERTEX
  8
0
 10
512.776426
 20
104.000000
 42
0.000000
  0
VERTEX
  8
0
 10
497.000000
 20
104.000000
 42
0.000000
  0
VERTEX
  8
0
 10
497.000000
 20
108.000000
 42
0.000000
  0
VERTEX
  8
0
 10
497.000000
 20
112.000000
 42
0.000000
  0
VERTEX
  8
0
 10
512.394965
 20
112.000000
 42
0.000000
  0
VERTEX
  8
0
 10
527.789929
 20
112.000000
 42
0.000000
  0
SEQEND
  0
POLYLINE
  8
0
 66
1
 70
1
  0
VERTEX
  8
0
 10
534.074385
 20
103.629940
 42
0.000000
  0
VERTEX
  8
0
 10
532.000000
 20
101.555556
 42
0.000000
  0
VERTEX
  8
0
 10
532.000000
 20
104.949037
 42
-0.044520
  0
VERTEX
  8
0
 10
532.128658
 20
106.391137
 42
-0.034688
  0
VERTEX
  8
0
 10
532.514063
 20
107.917625
 42
-0.035682
  0
VERTEX
  8
0
 10
533.078852
 20
109.299514
 42
-0.068313
  0
VERTEX
  8
0
 10
533.750000
 20
110.289555
 42
-0.013511
  0
VERTEX
  8
0
 10
534.893063
 20
111.494199
 42
-0.351207
  0
VERTEX
  8
0
 10
535.309455
 20
111.539810
 42
-0.223081
  0
VERTEX
  8
0
 10
535.582186
 20
111.109995
 42
-0.006864
  0
VERTEX
  8
0
 10
535.824385
 20
108.970458
 42
-0.042169
  0
VERTEX
  8
0
 10
535.847935
 20
107.368954
 42
-0.061847
  0
VERTEX
  8
0
 10
535.577869
 20
105.987958
 42
-0.064866
  0
VERTEX
  8
0
 10
534.992059
 20
104.763404
 42
-0.052458
  0
SEQEND
  0
POLYLINE
  8
0
 66
1
 70
1
  0
VERTEX
  8
0
 10
155.574735
 20
101.120190
 42
0.000000
  0
VERTEX
  8
0
 10
153.000000
 20
98.545455
 42
0.000000
  0
VERTEX
  8
0
 10
153.000000
 20
101.958276
 42
-0.046579
  0
VERTEX
  8
0
 10
153.149064
 20
103.554931
 42
-0.045698
  0
VERTEX
  8
0
 10
153.591220
 20
105.107089
 42
-0.046141
  0
VERTEX
  8
0
 10
154.302569
 20
106.539028
 42
-0.049589
  0
VERTEX
  8
0
 10
155.250000
 20
107.779185
 42
0.000000
  0
VERTEX
  8
0
 10
157.500000
 20
110.187273
 42
0.000000
  0
VERTEX
  8
0
 10
157.824735
 20
106.941099
 42
-0.045844
  0
VERTEX
  8
0
 10
157.838358
 20
105.255371
 42
-0.071447
  0
VERTEX
  8
0
 10
157.513159
 20
103.842277
 42
-0.067589
  0
VERTEX
  8
0
 10
156.786350
 20
102.523858
 42
-0.036668
  0
SEQEND
  0
POLYLINE
  8
0
 66
1
 70
1
  0
VERTEX
  8
0
 10
36.075486
 20
93.599296
 42
0.000000
  0
VERTEX
  8
0
 10
31.000000
 20
88.523810
 42
0.000000
  0
VERTEX
  8
0
 10
31.000000
 20
91.977556
 42
-0.060561
  0
VERTEX
  8
0
 10
31.239608
 20
93.948552
 42
-0.069715
  0
VERTEX
  8
0
 10
31.943844
 20
95.705849
 42
-0.049032
  0
VERTEX
  8
0
 10
33.317484
 20
97.636724
 42
-0.015041
  0
VERTEX
  8
0
 10
35.750000
 20
100.266740
 42
0.000000
  0
VERTEX
  8
0
 10
40.500000
 20
105.102178
 42
0.000000
  0
VERTEX
  8
0
 10
40.825486
 20
101.888480
 42
-0.067581
  0
VERTEX
  8
0
 10
40.760517
 20
99.979469
 42
-0.088072
  0
VERTEX
  8
0
 10
40.170847
 20
98.336920
 42
-0.054366
  0
VERTEX
  8
0
 10
38.813767
 20
96.471666
 42
-0.011948
  0
SEQEND
  0
POLYLINE
  8
0
 66
1
 70
1
  0
VERTEX
  8
0
 10
295.074385
 20
96.629940
 42
0.000000
  0
VERTEX
  8
0
 10
293.000000
 20
94.555556
 42
0.000000
  0
VERTEX
  8
0
 10
293.000000
 20
97.949037
 42
-0.044520
  0
VERTEX
  8
0
 10
293.128658
 20
99.391137
 42
-0.034688
  0
VERTEX
  8
0
 10
293.514063
 20
100.917625
 42
-0.035682
  0
VERTEX
  8
0
 10
294.078852
 20
102.299514
 42
-0.068313
  0
VERTEX
  8
0
 10
294.750000
 20
103.289555
 42
-0.013511
  0
VERTEX
  8
0
 10
295.893063
 20
104.494199
 42
-0.351207
  0
VERTEX
  8
0
 10
296.309455
 20
104.539810
 42
-0.223081
  0
VERTEX
  8
0
 10
296.582186
 20
104.109995
 42
-0.006864
  0
VERTEX
  8
0
 10
296.824385
 20
101.970458
 42
-0.042169
  0
VERTEX
  8
0
 10
296.847935
 20
100.368954
 42
-0.061847
  0
VERTEX
  8
0
 10
296.577869
 20
98.987958
 42
-0.064866
  0
VERTEX
  8
0
 10
295.992059
 20
97.763404
 42
-0.052458
  0
SEQEND
  0
POLYLINE
  8
0
 66
1
 70
1
  0
VERTEX
  8
0
 10
534.074385
 20
95.629940
 42
0.000000
  0
VERTEX
  8
0
 10
532.000000
 20
93.555556
 42
0.000000
  0
VERTEX
  8
0
 10
532.000000
 20
96.949037
 42
-0.044520
  0
VERTEX
  8
0
 10
532.128658
 20
98.391137
 42
-0.034688
  0
VERTEX
  8
0
 10
532.514063
 20
99.917625
 42
-0.035682
  0
VERTEX
  8
0
 10
533.078852
 20
101.299514
 42
-0.068313
  0
VERTEX
  8
0
 10
533.750000
 20
102.289555
 42
-0.013511
  0
VERTEX
  8
0
 10
534.893063
 20
103.494199
 42
-0.351207
  0
VERTEX
  8
0
 10
535.309455
 20
103.539810
 42
-0.223081
  0
VERTEX
  8
0
 10
535.582186
 20
103.109995
 42
-0.006864
  0
VERTEX
  8
0
 10
535.824385
 20
100.970458
 42
-0.042169
  0
VERTEX
  8
0
 10
535.847935
 20
99.368954
 42
-0.061847
  0
VERTEX
  8
0
 10
535.577869
 20
97.987958
 42
-0.064866
  0
VERTEX
  8
0
 10
534.992059
 20
96.763404
 42
-0.052458
  0
SEQEND
  0
POLYLINE
  8
0
 66
1
 70
1
  0
VERTEX
  8
0
 10
155.574735
 20
93.120190
 42
0.000000
  0
VERTEX
  8
0
 10
153.000000
 20
90.545455
 42
0.000000
  0
VERTEX
  8
0
 10
153.000000
 20
93.958276
 42
-0.046579
  0
VERTEX
  8
0
 10
153.149064
 20
95.554931
 42
-0.045698
  0
VERTEX
  8
0
 10
153.591220
 20
97.107089
 42
-0.046141
  0
VERTEX
  8
0
 10
154.302569
 20
98.539028
 42
-0.049589
  0
VERTEX
  8
0
 10
155.250000
 20
99.779185
 42
0.000000
  0
VERTEX
  8
0
 10
157.500000
 20
102.187273
 42
0.000000
  0
VERTEX
  8
0
 10
157.824735
 20
98.941099
 42
-0.045844
  0
VERTEX
  8
0
 10
157.838358
 20
97.255371
 42
-0.071447
  0
VERTEX
  8
0
 10
157.513159
 20
95.842277
 42
-0.067589
  0
VERTEX
  8
0
 10
156.786350
 20
94.523858
 42
-0.036668
  0
SEQEND
  0
POLYLINE
  8
0
 66
1
 70
1
  0
VERTEX
  8
0
 10
217.349337
 20
97.467975
 42
-0.019920
  0
VERTEX
  8
0
 10
216.807591
 20
96.208603
 42
-0.402215
  0
VERTEX
  8
0
 10
216.451701
 20
96.074690
 42
-0.302580
  0
VERTEX
  8
0
 10
216.207033
 20
96.449592
 42
-0.016440
  0
VERTEX
  8
0
 10
216.269735
 20
97.930722
 42
-0.039075
  0
VERTEX
  8
0
 10
216.379055
 20
98.638259
 42
-0.079088
  0
VERTEX
  8
0
 10
216.592392
 20
99.158362
 42
-0.140997
  0
VERTEX
  8
0
 10
216.868239
 20
99.412037
 42
-0.259868
  0
VERTEX
  8
0
 10
217.163912
 20
99.398697
 42
-0.156206
  0
VERTEX
  8
0
 10
217.408436
 20
99.112660
 42
-0.075558
  0
VERTEX
  8
0
 10
217.527236
 20
98.640664
 42
-0.063531
  0
VERTEX
  8
0
 10
217.509264
 20
98.063819
 42
-0.052140
  0
SEQEND
  0
POLYLINE
  8
0
 66
1
 70
1
  0
VERTEX
  8
0
 10
40.605958
 20
90.415527
 42
-0.157574
  0
VERTEX
  8
0
 10
40.132965
 20
89.829403
 42
-0.065005
  0
VERTEX
  8
0
 10
39.203558
 20
89.381129
 42
-0.050385
  0
VERTEX
  8
0
 10
37.911344
 20
89.093666
 42
-0.029561
  0
VERTEX
  8
0
 10
36.328437
 20
89.000000
 42
0.000000
  0
VERTEX
  8
0
 10
32.594104
 20
89.000000
 42
0.000000
  0
VERTEX
  8
0
 10
36.547052
 20
93.061745
 42
0.000000
  0
VERTEX
  8
0
 10
40.500000
 20
97.123490
 42
0.000000
  0
VERTEX
  8
0
 10
40.824574
 20
94.477273
 42
-0.023350
  0
VERTEX
  8
0
 10
40.908902
 20
93.360298
 42
-0.020611
  0
VERTEX
  8
0
 10
40.894242
 20
92.192570
 42
-0.021124
  0
VERTEX
  8
0
 10
40.792943
 20
91.140760
 42
-0.057100
  0
SEQEND
  0
POLYLINE
  8
0
 66
1
 70
1
  0
VERTEX
  8
0
 10
295.074385
 20
88.629940
 42
0.000000
  0
VERTEX
  8
0
 10
293.000000
 20
86.555556
 42
0.000000
  0
VERTEX
  8
0
 10
293.000000
 20
89.949037
 42
-0.044520
  0
VERTEX
  8
0
 10
293.128658
 20
91.391137
 42
-0.034688
  0
VERTEX
  8
0
 10
293.514063
 20
92.917625
 42
-0.035682
  0
VERTEX
  8
0
 10
294.078852
 20
94.299514
 42
-0.068313
  0
VERTEX
  8
0
 10
294.750000
 20
95.289555
 42
-0.013511
  0
VERTEX
  8
0
 10
295.893063
 20
96.494199
 42
-0.351207
  0
VERTEX
  8
0
 10
296.309455
 20
96.539810
 42
-0.223081
  0
VERTEX
  8
0
 10
296.582186
 20
96.109995
 42
-0.006864
  0
VERTEX
  8
0
 10
296.824385
 20
93.970458
 42
-0.042169
  0
VERTEX
  8
0
 10
296.847935
 20
92.368954
 42
-0.061847
  0
VERTEX
  8
0
 10
296.577869
 20
90.987958
 42
-0.064866
  0
VERTEX
  8
0
 10
295.992059
 20
89.763404
 42
-0.052458
  0
SEQEND
  0
POLYLINE
  8
0
 66
1
 70
1
  0
VERTEX
  8
0
 10
534.074385
 20
87.629940
 42
0.000000
  0
VERTEX
  8
0
 10
532.000000
 20
85.555556
 42
0.000000
  0
VERTEX
  8
0
 10
532.000000
 20
88.949037
 42
-0.044520
  0
VERTEX
  8
0
 10
532.128658
 20
90.391137
 42
-0.034688
  0
VERTEX
  8
0
 10
532.514063
 20
91.917625
 42
-0.035682
  0
VERTEX
  8
0
 10
533.078852
 20
93.299514
 42
-0.068313
  0
VERTEX
  8
0
 10
533.750000
 20
94.289555
 42
-0.013511
  0
VERTEX
  8
0
 10
534.893063
 20
95.494199
 42
-0.351207
  0
VERTEX
  8
0
 10
535.309455
 20
95.539810
 42
-0.223081
  0
VERTEX
  8
0
 10
535.582186
 20
95.109995
 42
-0.006864
  0
VERTEX
  8
0
 10
535.824385
 20
92.970458
 42
-0.042169
  0
VERTEX
  8
0
 10
535.847935
 20
91.368954
 42
-0.061847
  0
VERTEX
  8
0
 10
535.577869
 20
89.987958
 42
-0.064866
  0
VERTEX
  8
0
 10
534.992059
 20
88.763404
 42
-0.052458
  0
SEQEND
  0
POLYLINE
  8
0
 66
1
 70
1
  0
VERTEX
  8
0
 10
155.574735
 20
85.120190
 42
0.000000
  0
VERTEX
  8
0
 10
153.000000
 20
82.545455
 42
0.000000
  0
VERTEX
  8
0
 10
153.000000
 20
85.958276
 42
-0.046579
  0
VERTEX
  8
0
 10
153.149064
 20
87.554931
 42
-0.045698
  0
VERTEX
  8
0
 10
153.591220
 20
89.107089
 42
-0.046141
  0
VERTEX
  8
0
 10
154.302569
 20
90.539028
 42
-0.049589
  0
VERTEX
  8
0
 10
155.250000
 20
91.779185
 42
0.000000
  0
VERTEX
  8
0
 10
157.500000
 20
94.187273
 42
0.000000
  0
VERTEX
  8
0
 10
157.824735
 20
90.941099
 42
-0.045844
  0
VERTEX
  8
0
 10
157.838358
 20
89.255371
 42
-0.071447
  0
VERTEX
  8
0
 10
157.513159
 20
87.842277
 42
-0.067589
  0
VERTEX
  8
0
 10
156.786350
 20
86.523858
 42
-0.036668
  0
SEQEND
  0
POLYLINE
  8
0
 66
1
 70
1
  0
VERTEX
  8
0
 10
295.074385
 20
80.629940
 42
0.000000
  0
VERTEX
  8
0
 10
293.000000
 20
78.555556
 42
0.000000
  0
VERTEX
  8
0
 10
293.000000
 20
81.949037
 42
-0.044520
  0
VERTEX
  8
0
 10
293.128658
 20
83.391137
 42
-0.034688
  0
VERTEX
  8
0
 10
293.514063
 20
84.917625
 42
-0.035682
  0
VERTEX
  8
0
 10
294.078852
 20
86.299514
 42
-0.068313
  0
VERTEX
  8
0
 10
294.750000
 20
87.289555
 42
-0.013511
  0
VERTEX
  8
0
 10
295.893063
 20
88.494199
 42
-0.351207
  0
VERTEX
  8
0
 10
296.309455
 20
88.539810
 42
-0.223081
  0
VERTEX
  8
0
 10
296.582186
 20
88.109995
 42
-0.006864
  0
VERTEX
  8
0
 10
296.824385
 20
85.970458
 42
-0.042169
  0
VERTEX
  8
0
 10
296.847935
 20
84.368954
 42
-0.061847
  0
VERTEX
  8
0
 10
296.577869
 20
82.987958
 42
-0.064866
  0
VERTEX
  8
0
 10
295.992059
 20
81.763404
 42
-0.052458
  0
SEQEND
  0
POLYLINE
  8
0
 66
1
 70
1
  0
VERTEX
  8
0
 10
34.000000
 20
72.500000
 42
-0.002961
  0
VERTEX
  8
0
 10
33.949415
 20
63.958064
 42
-0.021161
  0
VERTEX
  8
0
 10
33.725806
 20
59.833333
 42
-0.045065
  0
VERTEX
  8
0
 10
33.305999
 20
57.609035
 42
-0.335330
  0
VERTEX
  8
0
 10
32.500000
 20
57.000000
 42
-0.335330
  0
VERTEX
  8
0
 10
31.694001
 20
57.609035
 42
-0.045065
  0
VERTEX
  8
0
 10
31.274194
 20
59.833333
 42
-0.021161
  0
VERTEX
  8
0
 10
31.050585
 20
63.958064
 42
-0.002961
  0
VERTEX
  8
0
 10
31.000000
 20
72.500000
 42
-0.002961
  0
VERTEX
  8
0
 10
31.050585
 20
81.041936
 42
-0.021161
  0
VERTEX
  8
0
 10
31.274194
 20
85.166667
 42
-0.045065
  0
VERTEX
  8
0
 10
31.694001
 20
87.390965
 42
-0.335330
  0
VERTEX
  8
0
 10
32.500000
 20
88.000000
 42
-0.335330
  0
VERTEX
  8
0
 10
33.305999
 20
87.390965
 42
-0.045065
  0
VERTEX
  8
0
 10
33.725806
 20
85.166667
 42
-0.021161
  0
VERTEX
  8
0
 10
33.949415
 20
81.041936
 42
-0.002961
  0
SEQEND
  0
POLYLINE
  8
0
 66
1
 70
1
  0
VERTEX
  8
0
 10
41.000000
 20
72.500000
 42
-0.004491
  0
VERTEX
  8
0
 10
40.938766
 20
65.683107
 42
-0.012564
  0
VERTEX
  8
0
 10
40.732919
 20
60.909054
 42
-0.008616
  0
VERTEX
  8
0
 10
40.436364
 20
57.446959
 42
-0.384449
  0
VERTEX
  8
0
 10
39.940983
 20
57.000000
 42
-0.108972
  0
VERTEX
  8
0
 10
39.586039
 20
57.078288
 42
-0.182303
  0
VERTEX
  8
0
 10
39.374600
 20
57.293750
 42
-0.161196
  0
VERTEX
  8
0
 10
39.343488
 20
57.617900
 42
-0.082592
  0
VERTEX
  8
0
 10
39.500000
 20
58.000000
 42
0.082592
  0
VERTEX
  8
0
 10
39.656512
 20
58.382100
 42
0.161196
  0
VERTEX
  8
0
 10
39.625400
 20
58.706250
 42
0.182303
  0
VERTEX
  8
0
 10
39.413961
 20
58.921712
 42
0.108972
  0
VERTEX
  8
0
 10
39.059017
 20
59.000000
 42
-0.381958
  0
VERTEX
  8
0
 10
38.566980
 20
59.440079
 42
-0.009616
  0
VERTEX
  8
0
 10
38.268259
 20
62.672986
 42
-0.013376
  0
VERTEX
  8
0
 10
38.061654
 20
67.146024
 42
-0.004852
  0
VERTEX
  8
0
 10
38.000000
 20
73.500000
 42
-0.003213
  0
VERTEX
  8
0
 10
38.051158
 20
81.461246
 42
-0.022561
  0
VERTEX
  8
0
 10
38.275862
 20
85.333333
 42
-0.049302
  0
VERTEX
  8
0
 10
38.700386
 20
87.410434
 42
-0.328801
  0
VERTEX
  8
0
 10
39.500000
 20
88.000000
 42
-0.335330
  0
VERTEX
  8
0
 10
40.305999
 20
87.390965
 42
-0.045065
  0
VERTEX
  8
0
 10
40.725806
 20
85.166667
 42
-0.021161
  0
VERTEX
  8
0
 10
40.949415
 20
81.041936
 42
-0.002961
  0
SEQEND
  0
POLYLINE
  8
0
 66
1
 70
1
  0
VERTEX
  8
0
 10
534.074385
 20
79.629940
 42
0.000000
  0
VERTEX
  8
0
 10
532.000000
 20
77.555556
 42
0.000000
  0
VERTEX
  8
0
 10
532.000000
 20
80.949037
 42
-0.044520
  0
VERTEX
  8
0
 10
532.128658
 20
82.391137
 42
-0.034688
  0
VERTEX
  8
0
 10
532.514063
 20
83.917625
 42
-0.035682
  0
VERTEX
  8
0
 10
533.078852
 20
85.299514
 42
-0.068313
  0
VERTEX
  8
0
 10
533.750000
 20
86.289555
 42
-0.013511
  0
VERTEX
  8
0
 10
534.893063
 20
87.494199
 42
-0.351207
  0
VERTEX
  8
0
 10
535.309455
 20
87.539810
 42
-0.223081
  0
VERTEX
  8
0
 10
535.582186
 20
87.109995
 42
-0.006864
  0
VERTEX
  8
0
 10
535.824385
 20
84.970458
 42
-0.042169
  0
VERTEX
  8
0
 10
535.847935
 20
83.368954
 42
-0.061847
  0
VERTEX
  8
0
 10
535.577869
 20
81.987958
 42
-0.064866
  0
VERTEX
  8
0
 10
534.992059
 20
80.763404
 42
-0.052458
  0
SEQEND
  0
POLYLINE
  8
0
 66
1
 70
1
  0
VERTEX
  8
0
 10
155.574735
 20
77.120190
 42
0.000000
  0
VERTEX
  8
0
 10
153.000000
 20
74.545455
 42
0.000000
  0
VERTEX
  8
0
 10
153.000000
 20
77.958276
 42
-0.046579
  0
VERTEX
  8
0
 10
153.149064
 20
79.554931
 42
-0.045698
  0
VERTEX
  8
0
 10
153.591220
 20
81.107089
 42
-0.046141
  0
VERTEX
  8
0
 10
154.302569
 20
82.539028
 42
-0.049589
  0
VERTEX
  8
0
 10
155.250000
 20
83.779185
 42
0.000000
  0
VERTEX
  8
0
 10
157.500000
 20
86.187273
 42
0.000000
  0
VERTEX
  8
0
 10
157.824735
 20
82.941099
 42
-0.045844
  0
VERTEX
  8
0
 10
157.838358
 20
81.255371
 42
-0.071447
  0
VERTEX
  8
0
 10
157.513159
 20
79.842277
 42
-0.067589
  0
VERTEX
  8
0
 10
156.786350
 20
78.523858
 42
-0.036668
  0
SEQEND
  0
POLYLINE
  8
0
 66
1
 70
1
  0
VERTEX
  8
0
 10
772.000000
 20
85.654988
 42
-0.180624
  0
VERTEX
  8
0
 10
771.922763
 20
85.448158
 42
-0.008331
  0
VERTEX
  8
0
 10
771.412500
 20
84.879642
 42
-0.012942
  0
VERTEX
  8
0
 10
770.766310
 20
84.218546
 42
-0.008839
  0
VERTEX
  8
0
 10
770.000000
 20
83.500000
 42
-0.007247
  0
VERTEX
  8
0
 10
768.682566
 20
82.342025
 42
-0.222937
  0
VERTEX
  8
0
 10
768.272045
 20
82.229349
 42
-0.349021
  0
VERTEX
  8
0
 10
768.038430
 20
82.491255
 42
-0.014191
  0
VERTEX
  8
0
 10
768.000000
 20
83.845012
 42
-0.061622
  0
VERTEX
  8
0
 10
768.119750
 20
84.812972
 42
-0.126147
  0
VERTEX
  8
0
 10
768.482020
 20
85.480627
 42
-0.133516
  0
VERTEX
  8
0
 10
769.104385
 20
85.868413
 42
-0.073070
  0
VERTEX
  8
0
 10
770.000000
 20
86.000000
 42
-0.016222
  0
VERTEX
  8
0
 10
770.766692
 20
85.975118
 42
-0.026491
  0
VERTEX
  8
0
 10
771.412500
 20
85.898653
 42
-0.024733
  0
VERTEX
  8
0
 10
771.897149
 20
85.790133
 42
-0.337243
  0
SEQEND
  0
POLYLINE
  8
0
 66
1
 70
1
  0
VERTEX
  8
0
 10
779.000000
 20
85.215840
 42
-0.177484
  0
VERTEX
  8
0
 10
778.820144
 20
84.725118
 42
-0.005439
  0
VERTEX
  8
0
 10
777.384375
 20
83.066471
 42
-0.010085
  0
VERTEX
  8
0
 10
775.607623
 20
81.138269
 42
-0.006734
  0
VERTEX
  8
0
 10
773.500000
 20
79.000000
 42
0.000000
  0
VERTEX
  8
0
 10
768.000000
 20
73.568320
 42
0.000000
  0
VERTEX
  8
0
 10
768.000000
 20
76.979441
 42
-0.103788
  0
VERTEX
  8
0
 10
768.668440
 20
80.164974
 42
-0.081009
  0
VERTEX
  8
0
 10
770.596950
 20
83.138674
 42
-0.083755
  0
VERTEX
  8
0
 10
773.296034
 20
85.262473
 42
-0.125543
  0
VERTEX
  8
0
 10
776.187091
 20
86.000000
 42
-0.026358
  0
VERTEX
  8
0
 10
777.264962
 20
85.943140
 42
-0.041640
  0
VERTEX
  8
0
 10
778.173708
 20
85.769653
 42
-0.050701
  0
VERTEX
  8
0
 10
778.815218
 20
85.518482
 42
-0.281150
  0
SEQEND
  0
POLYLINE
  8
0
 66
1
 70
1
  0
VERTEX
  8
0
 10
773.575558
 20
71.097297
 42
0.000000
  0
VERTEX
  8
0
 10
768.000000
 20
65.521739
 42
0.000000
  0
VERTEX
  8
0
 10
768.000000
 20
68.979424
 42
-0.063842
  0
VERTEX
  8
0
 10
768.258137
 20
70.992874
 42
-0.071008
  0
VERTEX
  8
0
 10
769.014888
 20
72.798850
 42
-0.047074
  0
VERTEX
  8
0
 10
770.511953
 20
74.840702
 42
-0.012801
  0
VERTEX
  8
0
 10
773.250000
 20
77.766073
 42
0.000000
  0
VERTEX
  8
0
 10
778.500000
 20
83.095037
 42
0.000000
  0
VERTEX
  8
0
 10
778.825558
 20
79.883946
 42
-0.071966
  0
VERTEX
  8
0
 10
778.742812
 20
77.944719
 42
-0.088291
  0
VERTEX
  8
0
 10
778.100952
 20
76.252074
 42
-0.051438
  0
VERTEX
  8
0
 10
776.624495
 20
74.274670
 42
-0.010313
  0
SEQEND
  0
POLYLINE
  8
0
 66
1
 70
1
  0
VERTEX
  8
0
 10
295.074385
 20
72.629940
 42
0.000000
  0
VERTEX
  8
0
 10
293.000000
 20
70.555556
 42
0.000000
  0
VERTEX
  8
0
 10
293.000000
 20
73.949037
 42
-0.044520
  0
VERTEX
  8
0
 10
293.128658
 20
75.391137
 42
-0.034688
  0
VERTEX
  8
0
 10
293.514063
 20
76.917625
 42
-0.035682
  0
VERTEX
  8
0
 10
294.078852
 20
78.299514
 42
-0.068313
  0
VERTEX
  8
0
 10
294.750000
 20
79.289555
 42
-0.013511
  0
VERTEX
  8
0
 10
295.893063
 20
80.494199
 42
-0.351207
  0
VERTEX
  8
0
 10
296.309455
 20
80.539810
 42
-0.223081
  0
VERTEX
  8
0
 10
296.582186
 20
80.109995
 42
-0.006864
  0
VERTEX
  8
0
 10
296.824385
 20
77.970458
 42
-0.042169
  0
VERTEX
  8
0
 10
296.847935
 20
76.368954
 42
-0.061847
  0
VERTEX
  8
0
 10
296.577869
 20
74.987958
 42
-0.064866
  0
VERTEX
  8
0
 10
295.992059
 20
73.763404
 42
-0.052458
  0
SEQEND
  0
POLYLINE
  8
0
 66
1
 70
1
  0
VERTEX
  8
0
 10
534.074385
 20
71.629940
 42
0.000000
  0
VERTEX
  8
0
 10
532.000000
 20
69.555556
 42
0.000000
  0
VERTEX
  8
0
 10
532.000000
 20
72.949037
 42
-0.044520
  0
VERTEX
  8
0
 10
532.128658
 20
74.391137
 42
-0.034688
  0
VERTEX
  8
0
 10
532.514063
 20
75.917625
 42
-0.035682
  0
VERTEX
  8
0
 10
533.078852
 20
77.299514
 42
-0.068313
  0
VERTEX
  8
0
 10
533.750000
 20
78.289555
 42
-0.013511
  0
VERTEX
  8
0
 10
534.893063
 20
79.494199
 42
-0.351207
  0
VERTEX
  8
0
 10
535.309455
 20
79.539810
 42
-0.223081
  0
VERTEX
  8
0
 10
535.582186
 20
79.109995
 42
-0.006864
  0
VERTEX
  8
0
 10
535.824385
 20
76.970458
 42
-0.042169
  0
VERTEX
  8
0
 10
535.847935
 20
75.368954
 42
-0.061847
  0
VERTEX
  8
0
 10
535.577869
 20
73.987958
 42
-0.064866
  0
VERTEX
  8
0
 10
534.992059
 20
72.763404
 42
-0.052458
  0
SEQEND
  0
POLYLINE
  8
0
 66
1
 70
1
  0
VERTEX
  8
0
 10
155.574735
 20
69.120190
 42
0.000000
  0
VERTEX
  8
0
 10
153.000000
 20
66.545455
 42
0.000000
  0
VERTEX
  8
0
 10
153.000000
 20
69.958276
 42
-0.046579
  0
VERTEX
  8
0
 10
153.149064
 20
71.554931
 42
-0.045698
  0
VERTEX
  8
0
 10
153.591220
 20
73.107089
 42
-0.046141
  0
VERTEX
  8
0
 10
154.302569
 20
74.539028
 42
-0.049589
  0
VERTEX
  8
0
 10
155.250000
 20
75.779185
 42
0.000000
  0
VERTEX
  8
0
 10
157.500000
 20
78.187273
 42
0.000000
  0
VERTEX
  8
0
 10
157.824735
 20
74.941099
 42
-0.045844
  0
VERTEX
  8
0
 10
157.838358
 20
73.255371
 42
-0.071447
  0
VERTEX
  8
0
 10
157.513159
 20
71.842277
 42
-0.067589
  0
VERTEX
  8
0
 10
156.786350
 20
70.523858
 42
-0.036668
  0
SEQEND
  0
POLYLINE
  8
0
 66
1
 70
1
  0
VERTEX
  8
0
 10
773.575558
 20
63.097297
 42
0.000000
  0
VERTEX
  8
0
 10
768.000000
 20
57.521739
 42
0.000000
  0
VERTEX
  8
0
 10
768.000000
 20
60.979424
 42
-0.063842
  0
VERTEX
  8
0
 10
768.258137
 20
62.992874
 42
-0.071008
  0
VERTEX
  8
0
 10
769.014888
 20
64.798850
 42
-0.047074
  0
VERTEX
  8
0
 10
770.511953
 20
66.840702
 42
-0.012801
  0
VERTEX
  8
0
 10
773.250000
 20
69.766073
 42
0.000000
  0
VERTEX
  8
0
 10
778.500000
 20
75.095037
 42
0.000000
  0
VERTEX
  8
0
 10
778.825558
 20
71.883946
 42
-0.071966
  0
VERTEX
  8
0
 10
778.742812
 20
69.944719
 42
-0.088291
  0
VERTEX
  8
0
 10
778.100952
 20
68.252074
 42
-0.051438
  0
VERTEX
  8
0
 10
776.624495
 20
66.274670
 42
-0.010313
  0
SEQEND
  0
POLYLINE
  8
0
 66
1
 70
1
  0
VERTEX
  8
0
 10
295.074385
 20
64.629940
 42
0.000000
  0
VERTEX
  8
0
 10
293.000000
 20
62.555556
 42
0.000000
  0
VERTEX
  8
0
 10
293.000000
 20
65.949037
 42
-0.044520
  0
VERTEX
  8
0
 10
293.128658
 20
67.391137
 42
-0.034688
  0
VERTEX
  8
0
 10
293.514063
 20
68.917625
 42
-0.035682
  0
VERTEX
  8
0
 10
294.078852
 20
70.299514
 42
-0.068313
  0
VERTEX
  8
0
 10
294.750000
 20
71.289555
 42
-0.013511
  0
VERTEX
  8
0
 10
295.893063
 20
72.494199
 42
-0.351207
  0
VERTEX
  8
0
 10
296.309455
 20
72.539810
 42
-0.223081
  0
VERTEX
  8
0
 10
296.582186
 20
72.109995
 42
-0.006864
  0
VERTEX
  8
0
 10
296.824385
 20
69.970458
 42
-0.042169
  0
VERTEX
  8
0
 10
296.847935
 20
68.368954
 42
-0.061847
  0
VERTEX
  8
0
 10
296.577869
 20
66.987958
 42
-0.064866
  0
VERTEX
  8
0
 10
295.992059
 20
65.763404
 42
-0.052458
  0
SEQEND
  0
POLYLINE
  8
0
 66
1
 70
1
  0
VERTEX
  8
0
 10
534.074385
 20
63.629940
 42
0.000000
  0
VERTEX
  8
0
 10
532.000000
 20
61.555556
 42
0.000000
  0
VERTEX
  8
0
 10
532.000000
 20
64.949037
 42
-0.044520
  0
VERTEX
  8
0
 10
532.128658
 20
66.391137
 42
-0.034688
  0
VERTEX
  8
0
 10
532.514063
 20
67.917625
 42
-0.035682
  0
VERTEX
  8
0
 10
533.078852
 20
69.299514
 42
-0.068313
  0
VERTEX
  8
0
 10
533.750000
 20
70.289555
 42
-0.013511
  0
VERTEX
  8
0
 10
534.893063
 20
71.494199
 42
-0.351207
  0
VERTEX
  8
0
 10
535.309455
 20
71.539810
 42
-0.223081
  0
VERTEX
  8
0
 10
535.582186
 20
71.109995
 42
-0.006864
  0
VERTEX
  8
0
 10
535.824385
 20
68.970458
 42
-0.042169
  0
VERTEX
  8
0
 10
535.847935
 20
67.368954
 42
-0.061847
  0
VERTEX
  8
0
 10
535.577869
 20
65.987958
 42
-0.064866
  0
VERTEX
  8
0
 10
534.992059
 20
64.763404
 42
-0.052458
  0
SEQEND
  0
POLYLINE
  8
0
 66
1
 70
1
  0
VERTEX
  8
0
 10
155.574735
 20
61.120190
 42
0.000000
  0
VERTEX
  8
0
 10
153.000000
 20
58.545455
 42
0.000000
  0
VERTEX
  8
0
 10
153.000000
 20
61.958276
 42
-0.046579
  0
VERTEX
  8
0
 10
153.149064
 20
63.554931
 42
-0.045698
  0
VERTEX
  8
0
 10
153.591220
 20
65.107089
 42
-0.046141
  0
VERTEX
  8
0
 10
154.302569
 20
66.539028
 42
-0.049589
  0
VERTEX
  8
0
 10
155.250000
 20
67.779185
 42
0.000000
  0
VERTEX
  8
0
 10
157.500000
 20
70.187273
 42
0.000000
  0
VERTEX
  8
0
 10
157.824735
 20
66.941099
 42
-0.045844
  0
VERTEX
  8
0
 10
157.838358
 20
65.255371
 42
-0.071447
  0
VERTEX
  8
0
 10
157.513159
 20
63.842277
 42
-0.067589
  0
VERTEX
  8
0
 10
156.786350
 20
62.523858
 42
-0.036668
  0
SEQEND
  0
POLYLINE
  8
0
 66
1
 70
1
  0
VERTEX
  8
0
 10
51.654923
 20
64.543128
 42
-0.086262
  0
VERTEX
  8
0
 10
51.302508
 20
63.953213
 42
-0.066322
  0
VERTEX
  8
0
 10
50.741343
 20
63.453294
 42
-0.065963
  0
VERTEX
  8
0
 10
50.065330
 20
63.115363
 42
-0.083147
  0
VERTEX
  8
0
 10
49.376397
 20
63.000000
 42
-0.033352
  0
VERTEX
  8
0
 10
48.451409
 20
63.061769
 42
-0.394125
  0
VERTEX
  8
0
 10
48.242593
 20
63.316550
 42
-0.161050
  0
VERTEX
  8
0
 10
48.427921
 20
63.775683
 42
-0.008140
  0
VERTEX
  8
0
 10
49.505548
 20
65.006131
 42
-0.032319
  0
VERTEX
  8
0
 10
50.835439
 20
66.297275
 42
-0.233661
  0
VERTEX
  8
0
 10
51.675531
 20
66.509027
 42
-0.397669
  0
VERTEX
  8
0
 10
52.038578
 20
65.980220
 42
-0.052812
  0
SEQEND
  0
POLYLINE
  8
0
 66
1
 70
1
  0
VERTEX
  8
0
 10
56.549259
 20
63.215926
 42
-0.249820
  0
VERTEX
  8
0
 10
55.643620
 20
62.939962
 42
-0.100894
  0
VERTEX
  8
0
 10
54.413567
 20
63.452710
 42
-0.089362
  0
VERTEX
  8
0
 10
53.366124
 20
64.477167
 42
-0.155803
  0
VERTEX
  8
0
 10
53.000000
 20
65.623603
 42
-0.033352
  0
VERTEX
  8
0
 10
53.061769
 20
66.548591
 42
-0.394125
  0
VERTEX
  8
0
 10
53.316550
 20
66.757407
 42
-0.161050
  0
VERTEX
  8
0
 10
53.775683
 20
66.572079
 42
-0.008140
  0
VERTEX
  8
0
 10
55.006131
 20
65.494452
 42
-0.022825
  0
VERTEX
  8
0
 10
55.741598
 20
64.765127
 42
-0.037181
  0
VERTEX
  8
0
 10
56.286954
 20
64.076231
 42
-0.043519
  0
VERTEX
  8
0
 10
56.603150
 20
63.508698
 42
-0.311180
  0
SEQEND
  0
POLYLINE
  8
0
 66
1
 70
1
  0
VERTEX
  8
0
 10
773.575558
 20
55.097297
 42
0.000000
  0
VERTEX
  8
0
 10
768.000000
 20
49.521739
 42
0.000000
  0
VERTEX
  8
0
 10
768.000000
 20
52.979424
 42
-0.063842
  0
VERTEX
  8
0
 10
768.258137
 20
54.992874
 42
-0.071008
  0
VERTEX
  8
0
 10
769.014888
 20
56.798850
 42
-0.047074
  0
VERTEX
  8
0
 10
770.511953
 20
58.840702
 42
-0.012801
  0
VERTEX
  8
0
 10
773.250000
 20
61.766073
 42
0.000000
  0
VERTEX
  8
0
 10
778.500000
 20
67.095037
 42
0.000000
  0
VERTEX
  8
0
 10
778.825558
 20
63.883946
 42
-0.071966
  0
VERTEX
  8
0
 10
778.742812
 20
61.944719
 42
-0.088291
  0
VERTEX
  8
0
 10
778.100952
 20
60.252074
 42
-0.051438
  0
VERTEX
  8
0
 10
776.624495
 20
58.274670
 42
-0.010313
  0
SEQEND
  0
POLYLINE
  8
0
 66
1
 70
1
  0
VERTEX
  8
0
 10
295.074385
 20
56.629940
 42
0.000000
  0
VERTEX
  8
0
 10
293.000000
 20
54.555556
 42
0.000000
  0
VERTEX
  8
0
 10
293.000000
 20
57.949037
 42
-0.044520
  0
VERTEX
  8
0
 10
293.128658
 20
59.391137
 42
-0.034688
  0
VERTEX
  8
0
 10
293.514063
 20
60.917625
 42
-0.035682
  0
VERTEX
  8
0
 10
294.078852
 20
62.299514
 42
-0.068313
  0
VERTEX
  8
0
 10
294.750000
 20
63.289555
 42
-0.013511
  0
VERTEX
  8
0
 10
295.893063
 20
64.494199
 42
-0.351207
  0
VERTEX
  8
0
 10
296.309455
 20
64.539810
 42
-0.223081
  0
VERTEX
  8
0
 10
296.582186
 20
64.109995
 42
-0.006864
  0
VERTEX
  8
0
 10
296.824385
 20
61.970458
 42
-0.042169
  0
VERTEX
  8
0
 10
296.847935
 20
60.368954
 42
-0.061847
  0
VERTEX
  8
0
 10
296.577869
 20
58.987958
 42
-0.064866
  0
VERTEX
  8
0
 10
295.992059
 20
57.763404
 42
-0.052458
  0
SEQEND
  0
POLYLINE
  8
0
 66
1
 70
1
  0
VERTEX
  8
0
 10
534.074385
 20
55.629940
 42
0.000000
  0
VERTEX
  8
0
 10
532.000000
 20
53.555556
 42
0.000000
  0
VERTEX
  8
0
 10
532.000000
 20
56.949037
 42
-0.044520
  0
VERTEX
  8
0
 10
532.128658
 20
58.391137
 42
-0.034688
  0
VERTEX
  8
0
 10
532.514063
 20
59.917625
 42
-0.035682
  0
VERTEX
  8
0
 10
533.078852
 20
61.299514
 42
-0.068313
  0
VERTEX
  8
0
 10
533.750000
 20
62.289555
 42
-0.013511
  0
VERTEX
  8
0
 10
534.893063
 20
63.494199
 42
-0.351207
  0
VERTEX
  8
0
 10
535.309455
 20
63.539810
 42
-0.223081
  0
VERTEX
  8
0
 10
535.582186
 20
63.109995
 42
-0.006864
  0
VERTEX
  8
0
 10
535.824385
 20
60.970458
 42
-0.042169
  0
VERTEX
  8
0
 10
535.847935
 20
59.368954
 42
-0.061847
  0
VERTEX
  8
0
 10
535.577869
 20
57.987958
 42
-0.064866
  0
VERTEX
  8
0
 10
534.992059
 20
56.763404
 42
-0.052458
  0
SEQEND
  0
POLYLINE
  8
0
 66
1
 70
1
  0
VERTEX
  8
0
 10
51.654923
 20
60.456872
 42
-0.052812
  0
VERTEX
  8
0
 10
52.038578
 20
59.019780
 42
-0.397669
  0
VERTEX
  8
0
 10
51.675531
 20
58.490973
 42
-0.233661
  0
VERTEX
  8
0
 10
50.835439
 20
58.702725
 42
-0.032319
  0
VERTEX
  8
0
 10
49.505548
 20
59.993869
 42
-0.008140
  0
VERTEX
  8
0
 10
48.427921
 20
61.224317
 42
-0.161050
  0
VERTEX
  8
0
 10
48.242593
 20
61.683450
 42
-0.394125
  0
VERTEX
  8
0
 10
48.451409
 20
61.938231
 42
-0.033352
  0
VERTEX
  8
0
 10
49.376397
 20
62.000000
 42
-0.083147
  0
VERTEX
  8
0
 10
50.065330
 20
61.884637
 42
-0.065963
  0
VERTEX
  8
0
 10
50.741343
 20
61.546706
 42
-0.066322
  0
VERTEX
  8
0
 10
51.302508
 20
61.046787
 42
-0.086262
  0
SEQEND
  0
POLYLINE
  8
0
 66
1
 70
1
  0
VERTEX
  8
0
 10
55.494452
 20
59.993869
 42
-0.032319
  0
VERTEX
  8
0
 10
54.164561
 20
58.702725
 42
-0.233661
  0
VERTEX
  8
0
 10
53.324469
 20
58.490973
 42
-0.397669
  0
VERTEX
  8
0
 10
52.961422
 20
59.019780
 42
-0.052812
  0
VERTEX
  8
0
 10
53.345077
 20
60.456872
 42
-0.086262
  0
VERTEX
  8
0
 10
53.697492
 20
61.046787
 42
-0.066322
  0
VERTEX
  8
0
 10
54.258657
 20
61.546706
 42
-0.065963
  0
VERTEX
  8
0
 10
54.934670
 20
61.884637
 42
-0.083147
  0
VERTEX
  8
0
 10
55.623603
 20
62.000000
 42
-0.033352
  0
VERTEX
  8
0
 10
56.548591
 20
61.938231
 42
-0.394125
  0
VERTEX
  8
0
 10
56.757407
 20
61.683450
 42
-0.161050
  0
VERTEX
  8
0
 10
56.572079
 20
61.224317
 42
-0.008140
  0
SEQEND
  0
POLYLINE
  8
0
 66
1
 70
1
  0
VERTEX
  8
0
 10
155.574735
 20
53.120190
 42
0.000000
  0
VERTEX
  8
0
 10
153.000000
 20
50.545455
 42
0.000000
  0
VERTEX
  8
0
 10
153.000000
 20
53.958276
 42
-0.046579
  0
VERTEX
  8
0
 10
153.149064
 20
55.554931
 42
-0.045698
  0
VERTEX
  8
0
 10
153.591220
 20
57.107089
 42
-0.046141
  0
VERTEX
  8
0
 10
154.302569
 20
58.539028
 42
-0.049589
  0
VERTEX
  8
0
 10
155.250000
 20
59.779185
 42
0.000000
  0
VERTEX
  8
0
 10
157.500000
 20
62.187273
 42
0.000000
  0
VERTEX
  8
0
 10
157.824735
 20
58.941099
 42
-0.045844
  0
VERTEX
  8
0
 10
157.838358
 20
57.255371
 42
-0.071447
  0
VERTEX
  8
0
 10
157.513159
 20
55.842277
 42
-0.067589
  0
VERTEX
  8
0
 10
156.786350
 20
54.523858
 42
-0.036668
  0
SEQEND
  0
POLYLINE
  8
0
 66
1
 70
1
  0
VERTEX
  8
0
 10
773.575558
 20
47.097297
 42
0.000000
  0
VERTEX
  8
0
 10
768.000000
 20
41.521739
 42
0.000000
  0
VERTEX
  8
0
 10
768.000000
 20
44.979424
 42
-0.063842
  0
VERTEX
  8
0
 10
768.258137
 20
46.992874
 42
-0.071008
  0
VERTEX
  8
0
 10
769.014888
 20
48.798850
 42
-0.047074
  0
VERTEX
  8
0
 10
770.511953
 20
50.840702
 42
-0.012801
  0
VERTEX
  8
0
 10
773.250000
 20
53.766073
 42
0.000000
  0
VERTEX
  8
0
 10
778.500000
 20
59.095037
 42
0.000000
  0
VERTEX
  8
0
 10
778.825558
 20
55.883946
 42
-0.071966
  0
VERTEX
  8
0
 10
778.742812
 20
53.944719
 42
-0.088291
  0
VERTEX
  8
0
 10
778.100952
 20
52.252074
 42
-0.051438
  0
VERTEX
  8
0
 10
776.624495
 20
50.274670
 42
-0.010313
  0
SEQEND
  0
POLYLINE
  8
0
 66
1
 70
1
  0
VERTEX
  8
0
 10
295.074385
 20
48.629940
 42
0.000000
  0
VERTEX
  8
0
 10
293.000000
 20
46.555556
 42
0.000000
  0
VERTEX
  8
0
 10
293.000000
 20
49.949037
 42
-0.044520
  0
VERTEX
  8
0
 10
293.128658
 20
51.391137
 42
-0.034688
  0
VERTEX
  8
0
 10
293.514063
 20
52.917625
 42
-0.035682
  0
VERTEX
  8
0
 10
294.078852
 20
54.299514
 42
-0.068313
  0
VERTEX
  8
0
 10
294.750000
 20
55.289555
 42
-0.013511
  0
VERTEX
  8
0
 10
295.893063
 20
56.494199
 42
-0.351207
  0
VERTEX
  8
0
 10
296.309455
 20
56.539810
 42
-0.223081
  0
VERTEX
  8
0
 10
296.582186
 20
56.109995
 42
-0.006864
  0
VERTEX
  8
0
 10
296.824385
 20
53.970458
 42
-0.042169
  0
VERTEX
  8
0
 10
296.847935
 20
52.368954
 42
-0.061847
  0
VERTEX
  8
0
 10
296.577869
 20
50.987958
 42
-0.064866
  0
VERTEX
  8
0
 10
295.992059
 20
49.763404
 42
-0.052458
  0
SEQEND
  0
POLYLINE
  8
0
 66
1
 70
1
  0
VERTEX
  8
0
 10
38.000000
 20
55.696167
 42
-0.189406
  0
VERTEX
  8
0
 10
37.922202
 20
55.498161
 42
-0.002347
  0
VERTEX
  8
0
 10
36.971875
 20
54.485087
 42
-0.006534
  0
VERTEX
  8
0
 10
35.841534
 20
53.322216
 42
-0.004184
  0
VERTEX
  8
0
 10
34.500000
 20
52.000000
 42
0.000000
  0
VERTEX
  8
0
 10
31.000000
 20
48.607666
 42
0.000000
  0
VERTEX
  8
0
 10
31.000000
 20
52.303833
 42
-0.019141
  0
VERTEX
  8
0
 10
31.087370
 20
54.585302
 42
-0.172066
  0
VERTEX
  8
0
 10
31.486732
 20
55.485988
 42
-0.182984
  0
VERTEX
  8
0
 10
32.351887
 20
55.904641
 42
-0.022185
  0
VERTEX
  8
0
 10
34.500000
 20
56.000000
 42
-0.008142
  0
VERTEX
  8
0
 10
35.841983
 20
55.978147
 42
-0.013507
  0
VERTEX
  8
0
 10
36.971875
 20
55.910749
 42
-0.007113
  0
VERTEX
  8
0
 10
37.891704
 20
55.817698
 42
-0.380905
  0
SEQEND
  0
POLYLINE
  8
0
 66
1
 70
1
  0
VERTEX
  8
0
 10
41.000000
 20
53.165670
 42
-0.086655
  0
VERTEX
  8
0
 10
40.720103
 20
51.562793
 42
-0.059587
  0
VERTEX
  8
0
 10
39.891420
 20
49.910153
 42
-0.041706
  0
VERTEX
  8
0
 10
38.395153
 20
48.010585
 42
-0.015543
  0
VERTEX
  8
0
 10
36.000000
 20
45.597340
 42
0.000000
  0
VERTEX
  8
0
 10
31.000000
 20
40.863340
 42
0.000000
  0
VERTEX
  8
0
 10
31.000000
 20
44.143818
 42
-0.062621
  0
VERTEX
  8
0
 10
31.228003
 20
45.957188
 42
-0.064415
  0
VERTEX
  8
0
 10
31.897471
 20
47.639136
 42
-0.048513
  0
VERTEX
  8
0
 10
33.148167
 20
49.450088
 42
-0.018669
  0
VERTEX
  8
0
 10
35.208208
 20
51.712148
 42
-0.008761
  0
VERTEX
  8
0
 10
36.878045
 20
53.354993
 42
-0.012715
  0
VERTEX
  8
0
 10
38.412844
 20
54.740444
 42
-0.008312
  0
VERTEX
  8
0
 10
39.728929
 20
55.831640
 42
-0.170531
  0
VERTEX
  8
0
 10
40.208208
 20
56.000000
 42
-0.280856
  0
VERTEX
  8
0
 10
40.513778
 20
55.813659
 42
-0.050837
  0
VERTEX
  8
0
 10
40.767411
 20
55.167416
 42
-0.041719
  0
VERTEX
  8
0
 10
40.942584
 20
54.251746
 42
-0.026414
  0
SEQEND
  0
POLYLINE
  8
0
 66
1
 70
1
  0
VERTEX
  8
0
 10
534.074385
 20
47.629940
 42
0.000000
  0
VERTEX
  8
0
 10
532.000000
 20
45.555556
 42
0.000000
  0
VERTEX
  8
0
 10
532.000000
 20
48.949037
 42
-0.044520
  0
VERTEX
  8
0
 10
532.128658
 20
50.391137
 42
-0.034688
  0
VERTEX
  8
0
 10
532.514063
 20
51.917625
 42
-0.035682
  0
VERTEX
  8
0
 10
533.078852
 20
53.299514
 42
-0.068313
  0
VERTEX
  8
0
 10
533.750000
 20
54.289555
 42
-0.013511
  0
VERTEX
  8
0
 10
534.893063
 20
55.494199
 42
-0.351207
  0
VERTEX
  8
0
 10
535.309455
 20
55.539810
 42
-0.223081
  0
VERTEX
  8
0
 10
535.582186
 20
55.109995
 42
-0.006864
  0
VERTEX
  8
0
 10
535.824385
 20
52.970458
 42
-0.042169
  0
VERTEX
  8
0
 10
535.847935
 20
51.368954
 42
-0.061847
  0
VERTEX
  8
0
 10
535.577869
 20
49.987958
 42
-0.064866
  0
VERTEX
  8
0
 10
534.992059
 20
48.763404
 42
-0.052458
  0
SEQEND
  0
POLYLINE
  8
0
 66
1
 70
1
  0
VERTEX
  8
0
 10
155.574735
 20
45.120190
 42
0.000000
  0
VERTEX
  8
0
 10
153.000000
 20
42.545455
 42
0.000000
  0
VERTEX
  8
0
 10
153.000000
 20
45.958276
 42
-0.046579
  0
VERTEX
  8
0
 10
153.149064
 20
47.554931
 42
-0.045698
  0
VERTEX
  8
0
 10
153.591220
 20
49.107089
 42
-0.046141
  0
VERTEX
  8
0
 10
154.302569
 20
50.539028
 42
-0.049589
  0
VERTEX
  8
0
 10
155.250000
 20
51.779185
 42
0.000000
  0
VERTEX
  8
0
 10
157.500000
 20
54.187273
 42
0.000000
  0
VERTEX
  8
0
 10
157.824735
 20
50.941099
 42
-0.045844
  0
VERTEX
  8
0
 10
157.838358
 20
49.255371
 42
-0.071447
  0
VERTEX
  8
0
 10
157.513159
 20
47.842277
 42
-0.067589
  0
VERTEX
  8
0
 10
156.786350
 20
46.523858
 42
-0.036668
  0
SEQEND
  0
POLYLINE
  8
0
 66
1
 70
1
  0
VERTEX
  8
0
 10
773.575558
 20
39.097297
 42
0.000000
  0
VERTEX
  8
0
 10
768.000000
 20
33.521739
 42
0.000000
  0
VERTEX
  8
0
 10
768.000000
 20
36.979424
 42
-0.063842
  0
VERTEX
  8
0
 10
768.258137
 20
38.992874
 42
-0.071008
  0
VERTEX
  8
0
 10
769.014888
 20
40.798850
 42
-0.047074
  0
VERTEX
  8
0
 10
770.511953
 20
42.840702
 42
-0.012801
  0
VERTEX
  8
0
 10
773.250000
 20
45.766073
 42
0.000000
  0
VERTEX
  8
0
 10
778.500000
 20
51.095037
 42
0.000000
  0
VERTEX
  8
0
 10
778.825558
 20
47.883946
 42
-0.071966
  0
VERTEX
  8
0
 10
778.742812
 20
45.944719
 42
-0.088291
  0
VERTEX
  8
0
 10
778.100952
 20
44.252074
 42
-0.051438
  0
VERTEX
  8
0
 10
776.624495
 20
42.274670
 42
-0.010313
  0
SEQEND
  0
POLYLINE
  8
0
 66
1
 70
1
  0
VERTEX
  8
0
 10
36.075486
 20
37.599296
 42
0.000000
  0
VERTEX
  8
0
 10
31.000000
 20
32.523810
 42
0.000000
  0
VERTEX
  8
0
 10
31.000000
 20
35.977556
 42
-0.060561
  0
VERTEX
  8
0
 10
31.239608
 20
37.948552
 42
-0.069715
  0
VERTEX
  8
0
 10
31.943844
 20
39.705849
 42
-0.049032
  0
VERTEX
  8
0
 10
33.317484
 20
41.636724
 42
-0.015041
  0
VERTEX
  8
0
 10
35.750000
 20
44.266740
 42
0.000000
  0
VERTEX
  8
0
 10
40.500000
 20
49.102178
 42
0.000000
  0
VERTEX
  8
0
 10
40.825486
 20
45.888480
 42
-0.067581
  0
VERTEX
  8
0
 10
40.760517
 20
43.979469
 42
-0.088072
  0
VERTEX
  8
0
 10
40.170847
 20
42.336920
 42
-0.054366
  0
VERTEX
  8
0
 10
38.813767
 20
40.471666
 42
-0.011948
  0
SEQEND
  0
POLYLINE
  8
0
 66
1
 70
1
  0
VERTEX
  8
0
 10
295.074385
 20
40.629940
 42
0.000000
  0
VERTEX
  8
0
 10
293.000000
 20
38.555556
 42
0.000000
  0
VERTEX
  8
0
 10
293.000000
 20
41.949037
 42
-0.044520
  0
VERTEX
  8
0
 10
293.128658
 20
43.391137
 42
-0.034688
  0
VERTEX
  8
0
 10
293.514063
 20
44.917625
 42
-0.035682
  0
VERTEX
  8
0
 10
294.078852
 20
46.299514
 42
-0.068313
  0
VERTEX
  8
0
 10
294.750000
 20
47.289555
 42
-0.013511
  0
VERTEX
  8
0
 10
295.893063
 20
48.494199
 42
-0.351207
  0
VERTEX
  8
0
 10
296.309455
 20
48.539810
 42
-0.223081
  0
VERTEX
  8
0
 10
296.582186
 20
48.109995
 42
-0.006864
  0
VERTEX
  8
0
 10
296.824385
 20
45.970458
 42
-0.042169
  0
VERTEX
  8
0
 10
296.847935
 20
44.368954
 42
-0.061847
  0
VERTEX
  8
0
 10
296.577869
 20
42.987958
 42
-0.064866
  0
VERTEX
  8
0
 10
295.992059
 20
41.763404
 42
-0.052458
  0
SEQEND
  0
POLYLINE
  8
0
 66
1
 70
1
  0
VERTEX
  8
0
 10
534.074385
 20
39.629940
 42
0.000000
  0
VERTEX
  8
0
 10
532.000000
 20
37.555556
 42
0.000000
  0
VERTEX
  8
0
 10
532.000000
 20
40.949037
 42
-0.044520
  0
VERTEX
  8
0
 10
532.128658
 20
42.391137
 42
-0.034688
  0
VERTEX
  8
0
 10
532.514063
 20
43.917625
 42
-0.035682
  0
VERTEX
  8
0
 10
533.078852
 20
45.299514
 42
-0.068313
  0
VERTEX
  8
0
 10
533.750000
 20
46.289555
 42
-0.013511
  0
VERTEX
  8
0
 10
534.893063
 20
47.494199
 42
-0.351207
  0
VERTEX
  8
0
 10
535.309455
 20
47.539810
 42
-0.223081
  0
VERTEX
  8
0
 10
535.582186
 20
47.109995
 42
-0.006864
  0
VERTEX
  8
0
 10
535.824385
 20
44.970458
 42
-0.042169
  0
VERTEX
  8
0
 10
535.847935
 20
43.368954
 42
-0.061847
  0
VERTEX
  8
0
 10
535.577869
 20
41.987958
 42
-0.064866
  0
VERTEX
  8
0
 10
534.992059
 20
40.763404
 42
-0.052458
  0
SEQEND
  0
POLYLINE
  8
0
 66
1
 70
1
  0
VERTEX
  8
0
 10
155.574735
 20
37.120190
 42
0.000000
  0
VERTEX
  8
0
 10
153.000000
 20
34.545455
 42
0.000000
  0
VERTEX
  8
0
 10
153.000000
 20
37.958276
 42
-0.046579
  0
VERTEX
  8
0
 10
153.149064
 20
39.554931
 42
-0.045698
  0
VERTEX
  8
0
 10
153.591220
 20
41.107089
 42
-0.046141
  0
VERTEX
  8
0
 10
154.302569
 20
42.539028
 42
-0.049589
  0
VERTEX
  8
0
 10
155.250000
 20
43.779185
 42
0.000000
  0
VERTEX
  8
0
 10
157.500000
 20
46.187273
 42
0.000000
  0
VERTEX
  8
0
 10
157.824735
 20
42.941099
 42
-0.045844
  0
VERTEX
  8
0
 10
157.838358
 20
41.255371
 42
-0.071447
  0
VERTEX
  8
0
 10
157.513159
 20
39.842277
 42
-0.067589
  0
VERTEX
  8
0
 10
156.786350
 20
38.523858
 42
-0.036668
  0
SEQEND
  0
POLYLINE
  8
0
 66
1
 70
1
  0
VERTEX
  8
0
 10
769.343813
 20
26.843225
 42
-0.004916
  0
VERTEX
  8
0
 10
763.648320
 20
21.237606
 42
-0.032550
  0
VERTEX
  8
0
 10
760.603470
 20
18.659739
 42
-0.068286
  0
VERTEX
  8
0
 10
758.344975
 20
17.422696
 42
-0.091438
  0
VERTEX
  8
0
 10
756.052922
 20
17.000000
 42
0.000000
  0
VERTEX
  8
0
 10
752.568320
 20
17.000000
 42
0.000000
  0
VERTEX
  8
0
 10
758.000000
 20
22.500000
 42
-0.015440
  0
VERTEX
  8
0
 10
760.441857
 20
24.824450
 42
-0.027661
  0
VERTEX
  8
0
 10
762.603902
 20
26.553534
 42
-0.032775
  0
VERTEX
  8
0
 10
764.422290
 20
27.677803
 42
-0.122666
  0
VERTEX
  8
0
 10
765.715840
 20
28.000000
 42
0.054834
  0
VERTEX
  8
0
 10
766.800703
 20
28.119334
 42
0.138809
  0
VERTEX
  8
0
 10
767.492607
 20
28.492820
 42
0.142265
  0
VERTEX
  8
0
 10
767.875976
 20
29.166544
 42
0.058743
  0
VERTEX
  8
0
 10
768.000000
 20
30.218555
 42
-0.124143
  0
VERTEX
  8
0
 10
768.310366
 20
31.449325
 42
-0.028437
  0
VERTEX
  8
0
 10
769.442101
 20
33.291495
 42
-0.025837
  0
VERTEX
  8
0
 10
771.111929
 20
35.445602
 42
-0.016713
  0
VERTEX
  8
0
 10
773.250000
 20
37.766073
 42
0.000000
  0
VERTEX
  8
0
 10
778.500000
 20
43.095037
 42
0.000000
  0
VERTEX
  8
0
 10
778.825051
 20
39.890743
 42
-0.104840
  0
VERTEX
  8
0
 10
778.592153
 20
37.739050
 42
-0.078074
  0
VERTEX
  8
0
 10
777.501960
 20
35.606444
 42
-0.034277
  0
VERTEX
  8
0
 10
775.039167
 20
32.664227
 42
-0.004515
  0
SEQEND
  0
POLYLINE
  8
0
 66
1
 70
1
  0
VERTEX
  8
0
 10
36.075486
 20
29.599296
 42
0.000000
  0
VERTEX
  8
0
 10
31.000000
 20
24.523810
 42
0.000000
  0
VERTEX
  8
0
 10
31.000000
 20
27.977556
 42
-0.060561
  0
VERTEX
  8
0
 10
31.239608
 20
29.948552
 42
-0.069715
  0
VERTEX
  8
0
 10
31.943844
 20
31.705849
 42
-0.049032
  0
VERTEX
  8
0
 10
33.317484
 20
33.636724
 42
-0.015041
  0
VERTEX
  8
0
 10
35.750000
 20
36.266740
 42
0.000000
  0
VERTEX
  8
0
 10
40.500000
 20
41.102178
 42
0.000000
  0
VERTEX
  8
0
 10
40.825486
 20
37.888480
 42
-0.067581
  0
VERTEX
  8
0
 10
40.760517
 20
35.979469
 42
-0.088072
  0
VERTEX
  8
0
 10
40.170847
 20
34.336920
 42
-0.054366
  0
VERTEX
  8
0
 10
38.813767
 20
32.471666
 42
-0.011948
  0
SEQEND
  0
POLYLINE
  8
0
 66
1
 70
1
  0
VERTEX
  8
0
 10
295.074385
 20
32.629940
 42
0.000000
  0
VERTEX
  8
0
 10
293.000000
 20
30.555556
 42
0.000000
  0
VERTEX
  8
0
 10
293.000000
 20
33.949037
 42
-0.044520
  0
VERTEX
  8
0
 10
293.128658
 20
35.391137
 42
-0.034688
  0
VERTEX
  8
0
 10
293.514063
 20
36.917625
 42
-0.035682
  0
VERTEX
  8
0
 10
294.078852
 20
38.299514
 42
-0.068313
  0
VERTEX
  8
0
 10
294.750000
 20
39.289555
 42
-0.013511
  0
VERTEX
  8
0
 10
295.893063
 20
40.494199
 42
-0.351207
  0
VERTEX
  8
0
 10
296.309455
 20
40.539810
 42
-0.223081
  0
VERTEX
  8
0
 10
296.582186
 20
40.109995
 42
-0.006864
  0
VERTEX
  8
0
 10
296.824385
 20
37.970458
 42
-0.042169
  0
VERTEX
  8
0
 10
296.847935
 20
36.368954
 42
-0.061847
  0
VERTEX
  8
0
 10
296.577869
 20
34.987958
 42
-0.064866
  0
VERTEX
  8
0
 10
295.992059
 20
33.763404
 42
-0.052458
  0
SEQEND
  0
POLYLINE
  8
0
 66
1
 70
1
  0
VERTEX
  8
0
 10
534.074385
 20
31.629940
 42
0.000000
  0
VERTEX
  8
0
 10
532.000000
 20
29.555556
 42
0.000000
  0
VERTEX
  8
0
 10
532.000000
 20
32.949037
 42
-0.044520
  0
VERTEX
  8
0
 10
532.128658
 20
34.391137
 42
-0.034688
  0
VERTEX
  8
0
 10
532.514063
 20
35.917625
 42
-0.035682
  0
VERTEX
  8
0
 10
533.078852
 20
37.299514
 42
-0.068313
  0
VERTEX
  8
0
 10
533.750000
 20
38.289555
 42
-0.013511
  0
VERTEX
  8
0
 10
534.893063
 20
39.494199
 42
-0.351207
  0
VERTEX
  8
0
 10
535.309455
 20
39.539810
 42
-0.223081
  0
VERTEX
  8
0
 10
535.582186
 20
39.109995
 42
-0.006864
  0
VERTEX
  8
0
 10
535.824385
 20
36.970458
 42
-0.042169
  0
VERTEX
  8
0
 10
535.847935
 20
35.368954
 42
-0.061847
  0
VERTEX
  8
0
 10
535.577869
 20
33.987958
 42
-0.064866
  0
VERTEX
  8
0
 10
534.992059
 20
32.763404
 42
-0.052458
  0
SEQEND
  0
POLYLINE
  8
0
 66
1
 70
1
  0
VERTEX
  8
0
 10
150.824646
 20
24.309943
 42
-0.006530
  0
VERTEX
  8
0
 10
146.449945
 20
20.011523
 42
-0.045810
  0
VERTEX
  8
0
 10
144.112699
 20
18.152253
 42
-0.092057
  0
VERTEX
  8
0
 10
142.213620
 20
17.356407
 42
-0.074021
  0
VERTEX
  8
0
 10
140.000000
 20
17.211280
 42
-0.027004
  0
VERTEX
  8
0
 10
137.987740
 20
17.487263
 42
-0.143440
  0
VERTEX
  8
0
 10
137.010270
 20
17.990235
 42
-0.149657
  0
VERTEX
  8
0
 10
136.480666
 20
18.929269
 42
-0.030233
  0
VERTEX
  8
0
 10
136.179665
 20
20.843540
 42
-0.084405
  0
VERTEX
  8
0
 10
136.397642
 20
23.828496
 42
-0.128258
  0
VERTEX
  8
0
 10
137.629877
 20
26.103348
 42
-0.125920
  0
VERTEX
  8
0
 10
139.836346
 20
27.513649
 42
-0.079718
  0
VERTEX
  8
0
 10
142.867396
 20
28.000000
 42
0.000000
  0
VERTEX
  8
0
 10
146.424816
 20
28.000000
 42
0.000000
  0
VERTEX
  8
0
 10
141.462861
 20
22.750000
 42
0.000000
  0
VERTEX
  8
0
 10
136.500907
 20
17.500000
 42
0.000000
  0
VERTEX
  8
0
 10
142.031899
 20
22.750000
 42
-0.014502
  0
VERTEX
  8
0
 10
144.719164
 20
25.156519
 42
-0.033658
  0
VERTEX
  8
0
 10
146.897855
 20
26.758573
 42
-0.045820
  0
VERTEX
  8
0
 10
148.722270
 20
27.697228
 42
-0.096195
  0
VERTEX
  8
0
 10
150.281445
 20
28.000000
 42
0.037970
  0
VERTEX
  8
0
 10
151.726443
 20
28.109890
 42
0.158171
  0
VERTEX
  8
0
 10
152.496927
 20
28.496965
 42
0.160087
  0
VERTEX
  8
0
 10
152.888154
 20
29.259531
 42
0.039156
  0
VERTEX
  8
0
 10
153.000000
 20
30.685549
 42
-0.067114
  0
VERTEX
  8
0
 10
153.162225
 20
31.888686
 42
-0.036992
  0
VERTEX
  8
0
 10
153.660937
 20
33.289593
 42
-0.036125
  0
VERTEX
  8
0
 10
154.388708
 20
34.660051
 42
-0.047807
  0
VERTEX
  8
0
 10
155.250000
 20
35.779185
 42
0.000000
  0
VERTEX
  8
0
 10
157.500000
 20
38.187273
 42
0.000000
  0
VERTEX
  8
0
 10
157.824646
 20
34.942299
 42
-0.084899
  0
VERTEX
  8
0
 10
157.680956
 20
32.883436
 42
-0.086003
  0
VERTEX
  8
0
 10
156.860671
 20
30.999485
 42
-0.042975
  0
VERTEX
  8
0
 10
154.977969
 20
28.613959
 42
-0.006776
  0
SEQEND
  0
POLYLINE
  8
0
 66
1
 70
1
  0
VERTEX
  8
0
 10
773.355549
 20
22.854026
 42
-0.010735
  0
VERTEX
  8
0
 10
770.108282
 20
19.710451
 42
-0.046550
  0
VERTEX
  8
0
 10
767.983485
 20
18.079449
 42
-0.075129
  0
VERTEX
  8
0
 10
766.140603
 20
17.274829
 42
-0.065515
  0
VERTEX
  8
0
 10
764.052153
 20
17.000000
 42
0.000000
  0
VERTEX
  8
0
 10
760.541699
 20
17.000000
 42
0.000000
  0
VERTEX
  8
0
 10
769.520849
 20
26.033924
 42
0.000000
  0
VERTEX
  8
0
 10
778.500000
 20
35.067848
 42
0.000000
  0
VERTEX
  8
0
 10
778.824246
 20
31.887950
 42
-0.075480
  0
VERTEX
  8
0
 10
778.729285
 20
29.953853
 42
-0.086367
  0
VERTEX
  8
0
 10
778.056966
 20
28.230892
 42
-0.049247
  0
VERTEX
  8
0
 10
776.522049
 20
26.181172
 42
-0.009745
  0
SEQEND
  0
POLYLINE
  8
0
 66
1
 70
1
  0
VERTEX
  8
0
 10
36.581493
 20
22.202481
 42
0.000000
  0
VERTEX
  8
0
 10
31.500000
 20
16.904963
 42
0.000000
  0
VERTEX
  8
0
 10
31.176150
 20
20.093155
 42
-0.066905
  0
VERTEX
  8
0
 10
31.236946
 20
21.970079
 42
-0.085559
  0
VERTEX
  8
0
 10
31.807496
 20
23.600128
 42
-0.054508
  0
VERTEX
  8
0
 10
33.109779
 20
25.438624
 42
-0.012933
  0
VERTEX
  8
0
 10
35.676150
 20
28.187503
 42
0.000000
  0
VERTEX
  8
0
 10
40.500000
 20
33.093660
 42
0.000000
  0
VERTEX
  8
0
 10
41.081493
 20
30.296830
 42
-0.084120
  0
VERTEX
  8
0
 10
41.144664
 20
28.596999
 42
-0.094453
  0
VERTEX
  8
0
 10
40.631883
 20
27.044680
 42
-0.053499
  0
VERTEX
  8
0
 10
39.318801
 20
25.183009
 42
-0.010851
  0
SEQEND
  0
POLYLINE
  8
0
 66
1
 70
1
  0
VERTEX
  8
0
 10
295.172398
 20
24.785558
 42
-0.031524
  0
VERTEX
  8
0
 10
294.143083
 20
23.791874
 42
-0.043991
  0
VERTEX
  8
0
 10
293.099758
 20
23.052008
 42
-0.051708
  0
VERTEX
  8
0
 10
292.186591
 20
22.638077
 42
-0.213138
  0
VERTEX
  8
0
 10
291.596975
 20
22.695883
 42
0.019152
  0
VERTEX
  8
0
 10
291.202782
 20
22.900813
 42
0.255396
  0
VERTEX
  8
0
 10
291.045236
 20
22.891510
 42
0.433111
  0
VERTEX
  8
0
 10
291.022673
 20
22.776835
 42
0.028509
  0
VERTEX
  8
0
 10
291.259146
 20
22.484512
 42
-0.340106
  0
VERTEX
  8
0
 10
291.379970
 20
21.005422
 42
-0.086172
  0
VERTEX
  8
0
 10
289.632526
 20
19.114861
 42
-0.067665
  0
VERTEX
  8
0
 10
286.862989
 20
17.537673
 42
-0.095930
  0
VERTEX
  8
0
 10
284.086361
 20
17.000000
 42
0.000000
  0
VERTEX
  8
0
 10
280.521350
 20
17.000000
 42
0.000000
  0
VERTEX
  8
0
 10
288.510675
 20
24.961704
 42
-0.002621
  0
VERTEX
  8
0
 10
293.792938
 20
30.170808
 42
-0.055877
  0
VERTEX
  8
0
 10
295.524413
 20
31.518906
 42
-0.351151
  0
VERTEX
  8
0
 10
296.440590
 20
31.403326
 42
-0.141127
  0
VERTEX
  8
0
 10
297.075423
 20
30.211704
 42
-0.058256
  0
VERTEX
  8
0
 10
297.208685
 20
28.778541
 42
-0.078573
  0
VERTEX
  8
0
 10
296.975277
 20
27.499394
 42
-0.068023
  0
VERTEX
  8
0
 10
296.322029
 20
26.223351
 42
-0.032761
  0
SEQEND
  0
POLYLINE
  8
0
 66
1
 70
1
  0
VERTEX
  8
0
 10
537.285391
 20
28.000000
 42
-0.595832
  0
VERTEX
  8
0
 10
537.444047
 20
27.706868
 42
-0.020829
  0
VERTEX
  8
0
 10
536.499401
 20
26.384375
 42
-0.019391
  0
VERTEX
  8
0
 10
535.003882
 20
24.611288
 42
-0.009923
  0
VERTEX
  8
0
 10
533.000000
 20
22.500000
 42
-0.011870
  0
VERTEX
  8
0
 10
529.970111
 20
19.574284
 42
-0.048207
  0
VERTEX
  8
0
 10
527.927942
 20
18.028802
 42
-0.074971
  0
VERTEX
  8
0
 10
526.122345
 20
17.261515
 42
-0.063125
  0
VERTEX
  8
0
 10
524.059188
 20
17.000000
 42
0.000000
  0
VERTEX
  8
0
 10
520.550055
 20
17.000000
 42
0.000000
  0
VERTEX
  8
0
 10
528.025028
 20
24.538783
 42
-0.004859
  0
VERTEX
  8
0
 10
532.114743
 20
28.584021
 42
-0.038950
  0
VERTEX
  8
0
 10
534.152493
 20
30.273922
 42
-0.168749
  0
VERTEX
  8
0
 10
535.219535
 20
30.580919
 42
-0.354052
  0
VERTEX
  8
0
 10
535.819551
 20
30.038783
 42
0.052179
  0
VERTEX
  8
0
 10
536.026793
 20
29.258906
 42
0.064929
  0
VERTEX
  8
0
 10
536.381956
 20
28.598893
 42
0.078077
  0
VERTEX
  8
0
 10
536.823275
 20
28.152057
 42
0.160295
  0
SEQEND
  0
POLYLINE
  8
0
 66
1
 70
1
  0
VERTEX
  8
0
 10
160.299173
 20
28.000000
 42
-0.238337
  0
VERTEX
  8
0
 10
160.980447
 20
27.655697
 42
-0.302561
  0
VERTEX
  8
0
 10
161.012978
 20
26.968447
 42
-0.053999
  0
VERTEX
  8
0
 10
159.921315
 20
25.527063
 42
-0.005763
  0
VERTEX
  8
0
 10
157.000000
 20
22.500000
 42
-0.011935
  0
VERTEX
  8
0
 10
153.983187
 20
19.587661
 42
-0.047667
  0
VERTEX
  8
0
 10
151.938057
 20
18.037301
 42
-0.074121
  0
VERTEX
  8
0
 10
150.136121
 20
17.263928
 42
-0.064450
  0
VERTEX
  8
0
 10
148.097069
 20
17.000000
 42
0.000000
  0
VERTEX
  8
0
 10
144.625818
 20
17.000000
 42
0.000000
  0
VERTEX
  8
0
 10
147.465934
 20
19.964442
 42
-0.028015
  0
VERTEX
  8
0
 10
148.633745
 20
21.054115
 42
-0.039669
  0
VERTEX
  8
0
 10
149.794002
 20
21.874554
 42
-0.045083
  0
VERTEX
  8
0
 10
150.795223
 20
22.353376
 42
-0.221967
  0
VERTEX
  8
0
 10
151.403025
 20
22.304117
 42
0.019292
  0
VERTEX
  8
0
 10
151.796957
 20
22.099462
 42
0.263083
  0
VERTEX
  8
0
 10
151.952286
 20
22.110969
 42
0.425581
  0
VERTEX
  8
0
 10
151.973221
 20
22.227596
 42
0.027649
  0
VERTEX
  8
0
 10
151.732416
 20
22.523925
 42
-0.285132
  0
VERTEX
  8
0
 10
151.634204
 20
23.057119
 42
-0.040258
  0
VERTEX
  8
0
 10
152.146116
 20
24.106549
 42
-0.035926
  0
VERTEX
  8
0
 10
153.027412
 20
25.377932
 42
-0.022960
  0
VERTEX
  8
0
 10
154.218640
 20
26.725579
 42
-0.019705
  0
VERTEX
  8
0
 10
155.491932
 20
27.939696
 42
-0.037692
  0
VERTEX
  8
0
 10
156.618605
 20
28.790625
 42
-0.054311
  0
VERTEX
  8
0
 10
157.463244
 20
29.212255
 42
-0.423832
  0
VERTEX
  8
0
 10
157.819557
 20
29.041328
 42
0.151853
  0
VERTEX
  8
0
 10
158.106443
 20
28.642146
 42
0.062242
  0
VERTEX
  8
0
 10
158.691127
 20
28.305890
 42
0.053790
  0
VERTEX
  8
0
 10
159.457624
 20
28.077063
 42
0.045691
  0
SEQEND
  0
POLYLINE
  8
0
 66
1
 70
1
  0
VERTEX
  8
0
 10
45.000000
 20
22.500000
 42
-0.011886
  0
VERTEX
  8
0
 10
41.973242
 20
19.577487
 42
-0.048077
  0
VERTEX
  8
0
 10
39.930364
 20
18.030834
 42
-0.074769
  0
VERTEX
  8
0
 10
38.125658
 20
17.262096
 42
-0.063442
  0
VERTEX
  8
0
 10
36.068320
 20
17.000000
 42
0.000000
  0
VERTEX
  8
0
 10
32.568320
 20
17.000000
 42
0.000000
  0
VERTEX
  8
0
 10
38.000000
 20
22.500000
 42
-0.011886
  0
VERTEX
  8
0
 10
41.026758
 20
25.422513
 42
-0.048077
  0
VERTEX
  8
0
 10
43.069636
 20
26.969166
 42
-0.074769
  0
VERTEX
  8
0
 10
44.874342
 20
27.737904
 42
-0.063442
  0
VERTEX
  8
0
 10
46.931680
 20
28.000000
 42
0.000000
  0
VERTEX
  8
0
 10
50.431680
 20
28.000000
 42
0.000000
  0
SEQEND
  0
POLYLINE
  8
0
 66
1
 70
1
  0
VERTEX
  8
0
 10
52.926738
 20
22.505747
 42
-0.011996
  0
VERTEX
  8
0
 10
49.917911
 20
19.602227
 42
-0.047458
  0
VERTEX
  8
0
 10
47.871132
 20
18.050284
 42
-0.073630
  0
VERTEX
  8
0
 10
46.068250
 20
17.273307
 42
-0.064654
  0
VERTEX
  8
0
 10
44.034160
 20
17.005747
 42
0.000000
  0
VERTEX
  8
0
 10
40.568320
 20
17.000000
 42
0.000000
  0
VERTEX
  8
0
 10
46.000000
 20
22.500000
 42
-0.011953
  0
VERTEX
  8
0
 10
49.013199
 20
25.408641
 42
-0.047519
  0
VERTEX
  8
0
 10
51.059146
 20
26.960344
 42
-0.073884
  0
VERTEX
  8
0
 10
52.860099
 20
27.735411
 42
-0.064817
  0
VERTEX
  8
0
 10
54.892578
 20
28.000000
 42
0.000000
  0
VERTEX
  8
0
 10
58.353477
 20
28.000000
 42
0.000000
  0
SEQEND
  0
POLYLINE
  8
0
 66
1
 70
1
  0
VERTEX
  8
0
 10
61.000000
 20
22.500000
 42
-0.011886
  0
VERTEX
  8
0
 10
57.973242
 20
19.577487
 42
-0.048077
  0
VERTEX
  8
0
 10
55.930364
 20
18.030834
 42
-0.074769
  0
VERTEX
  8
0
 10
54.125658
 20
17.262096
 42
-0.063442
  0
VERTEX
  8
0
 10
52.068320
 20
17.000000
 42
0.000000
  0
VERTEX
  8
0
 10
48.568320
 20
17.000000
 42
0.000000
  0
VERTEX
  8
0
 10
54.000000
 20
22.500000
 42
-0.011886
  0
VERTEX
  8
0
 10
57.026758
 20
25.422513
 42
-0.048077
  0
VERTEX
  8
0
 10
59.069636
 20
26.969166
 42
-0.074769
  0
VERTEX
  8
0
 10
60.874342
 20
27.737904
 42
-0.063442
  0
VERTEX
  8
0
 10
62.931680
 20
28.000000
 42
0.000000
  0
VERTEX
  8
0
 10
66.431680
 20
28.000000
 42
0.000000
  0
SEQEND
  0
POLYLINE
  8
0
 66
1
 70
1
  0
VERTEX
  8
0
 10
69.000000
 20
22.500000
 42
-0.011886
  0
VERTEX
  8
0
 10
65.973242
 20
19.577487
 42
-0.048077
  0
VERTEX
  8
0
 10
63.930364
 20
18.030834
 42
-0.074769
  0
VERTEX
  8
0
 10
62.125658
 20
17.262096
 42
-0.063442
  0
VERTEX
  8
0
 10
60.068320
 20
17.000000
 42
0.000000
  0
VERTEX
  8
0
 10
56.568320
 20
17.000000
 42
0.000000
  0
VERTEX
  8
0
 10
62.000000
 20
22.500000
 42
-0.011886
  0
VERTEX
  8
0
 10
65.026758
 20
25.422513
 42
-0.048077
  0
VERTEX
  8
0
 10
67.069636
 20
26.969166
 42
-0.074769
  0
VERTEX
  8
0
 10
68.874342
 20
27.737904
 42
-0.063442
  0
VERTEX
  8
0
 10
70.931680
 20
28.000000
 42
0.000000
  0
VERTEX
  8
0
 10
74.431680
 20
28.000000
 42
0.000000
  0
SEQEND
  0
POLYLINE
  8
0
 66
1
 70
1
  0
VERTEX
  8
0
 10
77.000000
 20
22.500000
 42
-0.011935
  0
VERTEX
  8
0
 10
73.983187
 20
19.587661
 42
-0.047667
  0
VERTEX
  8
0
 10
71.938057
 20
18.037301
 42
-0.074121
  0
VERTEX
  8
0
 10
70.136121
 20
17.263928
 42
-0.064450
  0
VERTEX
  8
0
 10
68.097069
 20
17.000000
 42
0.000000
  0
VERTEX
  8
0
 10
64.625818
 20
17.000000
 42
0.000000
  0
VERTEX
  8
0
 10
67.465934
 20
19.964442
 42
-0.028015
  0
VERTEX
  8
0
 10
68.633745
 20
21.054115
 42
-0.039669
  0
VERTEX
  8
0
 10
69.794002
 20
21.874554
 42
-0.045083
  0
VERTEX
  8
0
 10
70.795223
 20
22.353376
 42
-0.221967
  0
VERTEX
  8
0
 10
71.403025
 20
22.304117
 42
0.019152
  0
VERTEX
  8
0
 10
71.797218
 20
22.099187
 42
0.255396
  0
VERTEX
  8
0
 10
71.954764
 20
22.108490
 42
0.433111
  0
VERTEX
  8
0
 10
71.977327
 20
22.223165
 42
0.028509
  0
VERTEX
  8
0
 10
71.740854
 20
22.515488
 42
-0.340166
  0
VERTEX
  8
0
 10
71.620469
 20
23.991163
 42
-0.085719
  0
VERTEX
  8
0
 10
73.366329
 20
25.882603
 42
-0.067511
  0
VERTEX
  8
0
 10
76.127360
 20
27.461860
 42
-0.096484
  0
VERTEX
  8
0
 10
78.890154
 20
28.000000
 42
0.000000
  0
VERTEX
  8
0
 10
82.431680
 20
28.000000
 42
0.000000
  0
SEQEND
  0
POLYLINE
  8
0
 66
1
 70
1
  0
VERTEX
  8
0
 10
85.000000
 20
22.500000
 42
-0.011886
  0
VERTEX
  8
0
 10
81.973242
 20
19.577487
 42
-0.048077
  0
VERTEX
  8
0
 10
79.930364
 20
18.030834
 42
-0.074769
  0
VERTEX
  8
0
 10
78.125658
 20
17.262096
 42
-0.063442
  0
VERTEX
  8
0
 10
76.068320
 20
17.000000
 42
0.000000
  0
VERTEX
  8
0
 10
72.568320
 20
17.000000
 42
0.000000
  0
VERTEX
  8
0
 10
78.000000
 20
22.500000
 42
-0.011886
  0
VERTEX
  8
0
 10
81.026758
 20
25.422513
 42
-0.048077
  0
VERTEX
  8
0
 10
83.069636
 20
26.969166
 42
-0.074769
  0
VERTEX
  8
0
 10
84.874342
 20
27.737904
 42
-0.063442
  0
VERTEX
  8
0
 10
86.931680
 20
28.000000
 42
0.000000
  0
VERTEX
  8
0
 10
90.431680
 20
28.000000
 42
0.000000
  0
SEQEND
  0
POLYLINE
  8
0
 66
1
 70
1
  0
VERTEX
  8
0
 10
95.534066
 20
25.035558
 42
-0.028015
  0
VERTEX
  8
0
 10
94.366255
 20
23.945885
 42
-0.039669
  0
VERTEX
  8
0
 10
93.205998
 20
23.125446
 42
-0.045083
  0
VERTEX
  8
0
 10
92.204777
 20
22.646624
 42
-0.221967
  0
VERTEX
  8
0
 10
91.596975
 20
22.695883
 42
0.019152
  0
VERTEX
  8
0
 10
91.202782
 20
22.900813
 42
0.255396
  0
VERTEX
  8
0
 10
91.045236
 20
22.891510
 42
0.433111
  0
VERTEX
  8
0
 10
91.022673
 20
22.776835
 42
0.028509
  0
VERTEX
  8
0
 10
91.259146
 20
22.484512
 42
-0.340166
  0
VERTEX
  8
0
 10
91.379531
 20
21.008837
 42
-0.085719
  0
VERTEX
  8
0
 10
89.633671
 20
19.117397
 42
-0.067511
  0
VERTEX
  8
0
 10
86.872640
 20
17.538140
 42
-0.096484
  0
VERTEX
  8
0
 10
84.109846
 20
17.000000
 42
0.000000
  0
VERTEX
  8
0
 10
80.568320
 20
17.000000
 42
0.000000
  0
VERTEX
  8
0
 10
86.000000
 20
22.500000
 42
-0.011935
  0
VERTEX
  8
0
 10
89.016813
 20
25.412339
 42
-0.047667
  0
VERTEX
  8
0
 10
91.061943
 20
26.962699
 42
-0.074121
  0
VERTEX
  8
0
 10
92.863879
 20
27.736072
 42
-0.064450
  0
VERTEX
  8
0
 10
94.902931
 20
28.000000
 42
0.000000
  0
VERTEX
  8
0
 10
98.374182
 20
28.000000
 42
0.000000
  0
SEQEND
  0
POLYLINE
  8
0
 66
1
 70
1
  0
VERTEX
  8
0
 10
103.000000
 20
26.292163
 42
-0.124290
  0
VERTEX
  8
0
 10
102.774425
 20
25.398728
 42
-0.024488
  0
VERTEX
  8
0
 10
101.912259
 20
23.972055
 42
-0.024583
  0
VERTEX
  8
0
 10
100.714638
 20
22.369263
 42
-0.020659
  0
VERTEX
  8
0
 10
99.297052
 20
20.792163
 42
-0.022014
  0
VERTEX
  8
0
 10
97.283663
 20
18.904120
 42
-0.056409
  0
VERTEX
  8
0
 10
95.633367
 20
17.783400
 42
-0.069851
  0
VERTEX
  8
0
 10
93.999017
 20
17.197185
 42
-0.051274
  0
VERTEX
  8
0
 10
92.081212
 20
17.000000
 42
0.000000
  0
VERTEX
  8
0
 10
88.568320
 20
17.000000
 42
0.000000
  0
VERTEX
  8
0
 10
94.000000
 20
22.500000
 42
-0.022608
  0
VERTEX
  8
0
 10
97.719152
 20
25.940099
 42
-0.075758
  0
VERTEX
  8
0
 10
100.541764
 20
27.670672
 42
-0.224478
  0
VERTEX
  8
0
 10
102.210982
 20
27.599087
 42
-0.278455
  0
SEQEND
  0
POLYLINE
  8
0
 66
1
 70
1
  0
VERTEX
  8
0
 10
135.000000
 20
27.428571
 42
-0.133830
  0
VERTEX
  8
0
 10
134.916735
 20
27.123056
 42
-0.022027
  0
VERTEX
  8
0
 10
134.580357
 20
26.605357
 42
-0.022866
  0
VERTEX
  8
0
 10
134.118396
 20
26.017412
 42
-0.018427
  0
VERTEX
  8
0
 10
133.571429
 20
25.428571
 42
-0.146597
  0
VERTEX
  8
0
 10
132.239223
 20
24.710650
 42
-0.027820
  0
VERTEX
  8
0
 10
129.481119
 20
24.300761
 42
-0.018474
  0
VERTEX
  8
0
 10
125.178282
 20
24.064029
 42
-0.004505
  0
VERTEX
  8
0
 10
118.071429
 20
24.000000
 42
-0.002415
  0
VERTEX
  8
0
 10
109.221956
 20
24.042738
 42
-0.032894
  0
VERTEX
  8
0
 10
106.008929
 20
24.285533
 42
-0.126418
  0
VERTEX
  8
0
 10
104.555815
 20
24.887413
 42
-0.235886
  0
VERTEX
  8
0
 10
104.000000
 20
26.000000
 42
-0.250083
  0
VERTEX
  8
0
 10
104.597748
 20
27.120358
 42
-0.116079
  0
VERTEX
  8
0
 10
106.187500
 20
27.717742
 42
-0.029960
  0
VERTEX
  8
0
 10
109.697091
 20
27.958247
 42
-0.002130
  0
VERTEX
  8
0
 10
119.500000
 20
28.000000
 42
-0.003455
  0
VERTEX
  8
0
 10
125.443413
 20
27.958931
 42
-0.005758
  0
VERTEX
  8
0
 10
130.446875
 20
27.832143
 42
-0.001330
  0
VERTEX
  8
0
 10
134.777205
 20
27.660965
 42
-0.401916
  0
SEQEND
  0
POLYLINE
  8
0
 66
1
 70
1
  0
VERTEX
  8
0
 10
138.000000
 20
27.559017
 42
-0.151918
  0
VERTEX
  8
0
 10
137.934461
 20
27.348290
 42
-0.038439
  0
VERTEX
  8
0
 10
137.706250
 20
27.066025
 42
-0.035638
  0
VERTEX
  8
0
 10
137.382774
 20
26.768994
 42
-0.029505
  0
VERTEX
  8
0
 10
137.000000
 20
26.500000
 42
-0.082592
  0
VERTEX
  8
0
 10
136.617900
 20
26.343488
 42
-0.161196
  0
VERTEX
  8
0
 10
136.293750
 20
26.374600
 42
-0.182303
  0
VERTEX
  8
0
 10
136.078288
 20
26.586039
 42
-0.108972
  0
VERTEX
  8
0
 10
136.000000
 20
26.940983
 42
-0.093332
  0
VERTEX
  8
0
 10
136.076123
 20
27.345238
 42
-0.096420
  0
VERTEX
  8
0
 10
136.293750
 20
27.688914
 42
-0.099167
  0
VERTEX
  8
0
 10
136.618444
 20
27.918938
 42
-0.105053
  0
VERTEX
  8
0
 10
137.000000
 20
28.000000
 42
-0.042167
  0
VERTEX
  8
0
 10
137.382849
 20
27.967655
 42
-0.061769
  0
VERTEX
  8
0
 10
137.706250
 20
27.870461
 42
-0.081139
  0
VERTEX
  8
0
 10
137.925540
 20
27.727648
 42
-0.210953
  0
SEQEND
  0
POLYLINE
  8
0
 66
1
 70
1
  0
VERTEX
  8
0
 10
165.000000
 20
22.500000
 42
-0.011886
  0
VERTEX
  8
0
 10
161.973242
 20
19.577487
 42
-0.048077
  0
VERTEX
  8
0
 10
159.930364
 20
18.030834
 42
-0.074769
  0
VERTEX
  8
0
 10
158.125658
 20
17.262096
 42
-0.063442
  0
VERTEX
  8
0
 10
156.068320
 20
17.000000
 42
0.000000
  0
VERTEX
  8
0
 10
152.568320
 20
17.000000
 42
0.000000
  0
VERTEX
  8
0
 10
158.000000
 20
22.500000
 42
-0.011886
  0
VERTEX
  8
0
 10
161.026758
 20
25.422513
 42
-0.048077
  0
VERTEX
  8
0
 10
163.069636
 20
26.969166
 42
-0.074769
  0
VERTEX
  8
0
 10
164.874342
 20
27.737904
 42
-0.063442
  0
VERTEX
  8
0
 10
166.931680
 20
28.000000
 42
0.000000
  0
VERTEX
  8
0
 10
170.431680
 20
28.000000
 42
0.000000
  0
SEQEND
  0
POLYLINE
  8
0
 66
1
 70
1
  0
VERTEX
  8
0
 10
175.000000
 20
26.122445
 42
-0.108951
  0
VERTEX
  8
0
 10
174.676637
 20
24.656075
 42
-0.078223
  0
VERTEX
  8
0
 10
173.739875
 20
23.257659
 42
-0.095436
  0
VERTEX
  8
0
 10
172.595261
 20
22.415803
 42
-0.278170
  0
VERTEX
  8
0
 10
171.657991
 20
22.508676
 42
0.019439
  0
VERTEX
  8
0
 10
171.422861
 20
22.670407
 42
0.380854
  0
VERTEX
  8
0
 10
171.342847
 20
22.657153
 42
0.324360
  0
VERTEX
  8
0
 10
171.338262
 20
22.568320
 42
0.017482
  0
VERTEX
  8
0
 10
171.509146
 20
22.324187
 42
-0.340940
  0
VERTEX
  8
0
 10
171.492858
 20
20.907578
 42
-0.069715
  0
VERTEX
  8
0
 10
169.558521
 20
19.058257
 42
-0.059808
  0
VERTEX
  8
0
 10
166.766510
 20
17.517516
 42
-0.096493
  0
VERTEX
  8
0
 10
164.109846
 20
17.000000
 42
0.000000
  0
VERTEX
  8
0
 10
160.568320
 20
17.000000
 42
0.000000
  0
VERTEX
  8
0
 10
166.000000
 20
22.500000
 42
-0.022139
  0
VERTEX
  8
0
 10
169.786013
 20
26.008529
 42
-0.080285
  0
VERTEX
  8
0
 10
172.587774
 20
27.698975
 42
-0.243677
  0
VERTEX
  8
0
 10
174.226820
 20
27.542163
 42
-0.254644
  0
SEQEND
  0
POLYLINE
  8
0
 66
1
 70
1
  0
VERTEX
  8
0
 10
207.000000
 20
27.428571
 42
-0.133830
  0
VERTEX
  8
0
 10
206.916735
 20
27.123056
 42
-0.022027
  0
VERTEX
  8
0
 10
206.580357
 20
26.605357
 42
-0.022866
  0
VERTEX
  8
0
 10
206.118396
 20
26.017412
 42
-0.018427
  0
VERTEX
  8
0
 10
205.571429
 20
25.428571
 42
-0.146597
  0
VERTEX
  8
0
 10
204.239223
 20
24.710650
 42
-0.027820
  0
VERTEX
  8
0
 10
201.481119
 20
24.300761
 42
-0.018474
  0
VERTEX
  8
0
 10
197.178282
 20
24.064029
 42
-0.004505
  0
VERTEX
  8
0
 10
190.071429
 20
24.000000
 42
-0.002415
  0
VERTEX
  8
0
 10
181.221956
 20
24.042738
 42
-0.032894
  0
VERTEX
  8
0
 10
178.008929
 20
24.285533
 42
-0.126418
  0
VERTEX
  8
0
 10
176.555815
 20
24.887413
 42
-0.235886
  0
VERTEX
  8
0
 10
176.000000
 20
26.000000
 42
-0.250083
  0
VERTEX
  8
0
 10
176.597748
 20
27.120358
 42
-0.116079
  0
VERTEX
  8
0
 10
178.187500
 20
27.717742
 42
-0.029960
  0
VERTEX
  8
0
 10
181.697091
 20
27.958247
 42
-0.002130
  0
VERTEX
  8
0
 10
191.500000
 20
28.000000
 42
-0.003455
  0
VERTEX
  8
0
 10
197.443413
 20
27.958931
 42
-0.005758
  0
VERTEX
  8
0
 10
202.446875
 20
27.832143
 42
-0.001330
  0
VERTEX
  8
0
 10
206.777205
 20
27.660965
 42
-0.401916
  0
SEQEND
  0
POLYLINE
  8
0
 66
1
 70
1
  0
VERTEX
  8
0
 10
210.000000
 20
27.559017
 42
-0.151918
  0
VERTEX
  8
0
 10
209.934461
 20
27.348290
 42
-0.038439
  0
VERTEX
  8
0
 10
209.706250
 20
27.066025
 42
-0.035638
  0
VERTEX
  8
0
 10
209.382774
 20
26.768994
 42
-0.029505
  0
VERTEX
  8
0
 10
209.000000
 20
26.500000
 42
-0.082592
  0
VERTEX
  8
0
 10
208.617900
 20
26.343488
 42
-0.161196
  0
VERTEX
  8
0
 10
208.293750
 20
26.374600
 42
-0.182303
  0
VERTEX
  8
0
 10
208.078288
 20
26.586039
 42
-0.108972
  0
VERTEX
  8
0
 10
208.000000
 20
26.940983
 42
-0.093332
  0
VERTEX
  8
0
 10
208.076123
 20
27.345238
 42
-0.096420
  0
VERTEX
  8
0
 10
208.293750
 20
27.688914
 42
-0.099167
  0
VERTEX
  8
0
 10
208.618444
 20
27.918938
 42
-0.105053
  0
VERTEX
  8
0
 10
209.000000
 20
28.000000
 42
-0.042167
  0
VERTEX
  8
0
 10
209.382849
 20
27.967655
 42
-0.061769
  0
VERTEX
  8
0
 10
209.706250
 20
27.870461
 42
-0.081139
  0
VERTEX
  8
0
 10
209.925540
 20
27.727648
 42
-0.210953
  0
SEQEND
  0
POLYLINE
  8
0
 66
1
 70
1
  0
VERTEX
  8
0
 10
215.534066
 20
25.035558
 42
-0.028015
  0
VERTEX
  8
0
 10
214.366255
 20
23.945885
 42
-0.039669
  0
VERTEX
  8
0
 10
213.205998
 20
23.125446
 42
-0.045083
  0
VERTEX
  8
0
 10
212.204777
 20
22.646624
 42
-0.221967
  0
VERTEX
  8
0
 10
211.596975
 20
22.695883
 42
0.019046
  0
VERTEX
  8
0
 10
211.202589
 20
22.901020
 42
0.249141
  0
VERTEX
  8
0
 10
211.043190
 20
22.893555
 42
0.439216
  0
VERTEX
  8
0
 10
211.019326
 20
22.780465
 42
0.029261
  0
VERTEX
  8
0
 10
211.252182
 20
22.491477
 42
-0.200854
  0
VERTEX
  8
0
 10
211.417563
 20
22.024421
 42
-0.066282
  0
VERTEX
  8
0
 10
211.278338
 20
21.294535
 42
-0.053615
  0
VERTEX
  8
0
 10
210.887937
 20
20.438735
 42
-0.038866
  0
VERTEX
  8
0
 10
210.284968
 20
19.581152
 42
0.722738
  0
VERTEX
  8
0
 10
210.347488
 20
19.481685
 42
0.114438
  0
VERTEX
  8
0
 10
210.685876
 20
19.653526
 42
0.012353
  0
VERTEX
  8
0
 10
212.054180
 20
20.859627
 42
0.003772
  0
VERTEX
  8
0
 10
214.064232
 20
22.750000
 42
-0.012739
  0
VERTEX
  8
0
 10
217.052240
 20
25.460795
 42
-0.045027
  0
VERTEX
  8
0
 10
219.156947
 20
26.967572
 42
-0.067651
  0
VERTEX
  8
0
 10
220.996838
 20
27.737310
 42
-0.065377
  0
VERTEX
  8
0
 10
222.997285
 20
28.000000
 42
0.000000
  0
VERTEX
  8
0
 10
226.431680
 20
28.000000
 42
0.000000
  0
VERTEX
  8
0
 10
220.965840
 20
22.458141
 42
-0.010238
  0
VERTEX
  8
0
 10
217.770100
 20
19.347970
 42
-0.055463
  0
VERTEX
  8
0
 10
215.832822
 20
17.903945
 42
-0.093053
  0
VERTEX
  8
0
 10
214.113959
 20
17.287865
 42
-0.060519
  0
VERTEX
  8
0
 10
212.000000
 20
17.208141
 42
-0.027030
  0
VERTEX
  8
0
 10
209.988290
 20
17.485978
 42
-0.143297
  0
VERTEX
  8
0
 10
209.010529
 20
17.989980
 42
-0.149513
  0
VERTEX
  8
0
 10
208.480728
 20
18.929691
 42
-0.030266
  0
VERTEX
  8
0
 10
208.179665
 20
20.843540
 42
-0.084431
  0
VERTEX
  8
0
 10
208.397442
 20
23.823696
 42
-0.127752
  0
VERTEX
  8
0
 10
209.627534
 20
26.099458
 42
-0.125745
  0
VERTEX
  8
0
 10
211.826991
 20
27.512217
 42
-0.080368
  0
VERTEX
  8
0
 10
214.842079
 20
28.000000
 42
0.000000
  0
VERTEX
  8
0
 10
218.374182
 20
28.000000
 42
0.000000
  0
SEQEND
  0
POLYLINE
  8
0
 66
1
 70
1
  0
VERTEX
  8
0
 10
229.000000
 20
22.500000
 42
-0.011886
  0
VERTEX
  8
0
 10
225.973242
 20
19.577487
 42
-0.048077
  0
VERTEX
  8
0
 10
223.930364
 20
18.030834
 42
-0.074769
  0
VERTEX
  8
0
 10
222.125658
 20
17.262096
 42
-0.063442
  0
VERTEX
  8
0
 10
220.068320
 20
17.000000
 42
0.000000
  0
VERTEX
  8
0
 10
216.568320
 20
17.000000
 42
0.000000
  0
VERTEX
  8
0
 10
222.000000
 20
22.500000
 42
-0.011886
  0
VERTEX
  8
0
 10
225.026758
 20
25.422513
 42
-0.048077
  0
VERTEX
  8
0
 10
227.069636
 20
26.969166
 42
-0.074769
  0
VERTEX
  8
0
 10
228.874342
 20
27.737904
 42
-0.063442
  0
VERTEX
  8
0
 10
230.931680
 20
28.000000
 42
0.000000
  0
VERTEX
  8
0
 10
234.431680
 20
28.000000
 42
0.000000
  0
SEQEND
  0
POLYLINE
  8
0
 66
1
 70
1
  0
VERTEX
  8
0
 10
237.000000
 20
22.500000
 42
-0.011935
  0
VERTEX
  8
0
 10
233.983187
 20
19.587661
 42
-0.047667
  0
VERTEX
  8
0
 10
231.938057
 20
18.037301
 42
-0.074121
  0
VERTEX
  8
0
 10
230.136121
 20
17.263928
 42
-0.064450
  0
VERTEX
  8
0
 10
228.097069
 20
17.000000
 42
0.000000
  0
VERTEX
  8
0
 10
224.625818
 20
17.000000
 42
0.000000
  0
VERTEX
  8
0
 10
227.465934
 20
19.964442
 42
-0.028015
  0
VERTEX
  8
0
 10
228.633745
 20
21.054115
 42
-0.039669
  0
VERTEX
  8
0
 10
229.794002
 20
21.874554
 42
-0.045083
  0
VERTEX
  8
0
 10
230.795223
 20
22.353376
 42
-0.221967
  0
VERTEX
  8
0
 10
231.403025
 20
22.304117
 42
0.019152
  0
VERTEX
  8
0
 10
231.797218
 20
22.099187
 42
0.255396
  0
VERTEX
  8
0
 10
231.954764
 20
22.108490
 42
0.433111
  0
VERTEX
  8
0
 10
231.977327
 20
22.223165
 42
0.028509
  0
VERTEX
  8
0
 10
231.740854
 20
22.515488
 42
-0.340166
  0
VERTEX
  8
0
 10
231.620469
 20
23.991163
 42
-0.085719
  0
VERTEX
  8
0
 10
233.366329
 20
25.882603
 42
-0.067511
  0
VERTEX
  8
0
 10
236.127360
 20
27.461860
 42
-0.096484
  0
VERTEX
  8
0
 10
238.890154
 20
28.000000
 42
0.000000
  0
VERTEX
  8
0
 10
242.431680
 20
28.000000
 42
0.000000
  0
SEQEND
  0
POLYLINE
  8
0
 66
1
 70
1
  0
VERTEX
  8
0
 10
245.000000
 20
22.500000
 42
-0.011886
  0
VERTEX
  8
0
 10
241.973242
 20
19.577487
 42
-0.048077
  0
VERTEX
  8
0
 10
239.930364
 20
18.030834
 42
-0.074769
  0
VERTEX
  8
0
 10
238.125658
 20
17.262096
 42
-0.063442
  0
VERTEX
  8
0
 10
236.068320
 20
17.000000
 42
0.000000
  0
VERTEX
  8
0
 10
232.568320
 20
17.000000
 42
0.000000
  0
VERTEX
  8
0
 10
238.000000
 20
22.500000
 42
-0.011886
  0
VERTEX
  8
0
 10
241.026758
 20
25.422513
 42
-0.048077
  0
VERTEX
  8
0
 10
243.069636
 20
26.969166
 42
-0.074769
  0
VERTEX
  8
0
 10
244.874342
 20
27.737904
 42
-0.063442
  0
VERTEX
  8
0
 10
246.931680
 20
28.000000
 42
0.000000
  0
VERTEX
  8
0
 10
250.431680
 20
28.000000
 42
0.000000
  0
SEQEND
  0
POLYLINE
  8
0
 66
1
 70
1
  0
VERTEX
  8
0
 10
255.534066
 20
25.035558
 42
-0.028015
  0
VERTEX
  8
0
 10
254.366255
 20
23.945885
 42
-0.039669
  0
VERTEX
  8
0
 10
253.205998
 20
23.125446
 42
-0.045083
  0
VERTEX
  8
0
 10
252.204777
 20
22.646624
 42
-0.221967
  0
VERTEX
  8
0
 10
251.596975
 20
22.695883
 42
0.019152
  0
VERTEX
  8
0
 10
251.202782
 20
22.900813
 42
0.255396
  0
VERTEX
  8
0
 10
251.045236
 20
22.891510
 42
0.433111
  0
VERTEX
  8
0
 10
251.022673
 20
22.776835
 42
0.028509
  0
VERTEX
  8
0
 10
251.259146
 20
22.484512
 42
-0.340166
  0
VERTEX
  8
0
 10
251.379531
 20
21.008837
 42
-0.085719
  0
VERTEX
  8
0
 10
249.633671
 20
19.117397
 42
-0.067511
  0
VERTEX
  8
0
 10
246.872640
 20
17.538140
 42
-0.096484
  0
VERTEX
  8
0
 10
244.109846
 20
17.000000
 42
0.000000
  0
VERTEX
  8
0
 10
240.568320
 20
17.000000
 42
0.000000
  0
VERTEX
  8
0
 10
246.000000
 20
22.500000
 42
-0.011935
  0
VERTEX
  8
0
 10
249.016813
 20
25.412339
 42
-0.047667
  0
VERTEX
  8
0
 10
251.061943
 20
26.962699
 42
-0.074121
  0
VERTEX
  8
0
 10
252.863879
 20
27.736072
 42
-0.064450
  0
VERTEX
  8
0
 10
254.902931
 20
28.000000
 42
0.000000
  0
VERTEX
  8
0
 10
258.374182
 20
28.000000
 42
0.000000
  0
SEQEND
  0
POLYLINE
  8
0
 66
1
 70
1
  0
VERTEX
  8
0
 10
261.000000
 20
22.500000
 42
-0.011886
  0
VERTEX
  8
0
 10
257.973242
 20
19.577487
 42
-0.048077
  0
VERTEX
  8
0
 10
255.930364
 20
18.030834
 42
-0.074769
  0
VERTEX
  8
0
 10
254.125658
 20
17.262096
 42
-0.063442
  0
VERTEX
  8
0
 10
252.068320
 20
17.000000
 42
0.000000
  0
VERTEX
  8
0
 10
248.568320
 20
17.000000
 42
0.000000
  0
VERTEX
  8
0
 10
254.000000
 20
22.500000
 42
-0.011886
  0
VERTEX
  8
0
 10
257.026758
 20
25.422513
 42
-0.048077
  0
VERTEX
  8
0
 10
259.069636
 20
26.969166
 42
-0.074769
  0
VERTEX
  8
0
 10
260.874342
 20
27.737904
 42
-0.063442
  0
VERTEX
  8
0
 10
262.931680
 20
28.000000
 42
0.000000
  0
VERTEX
  8
0
 10
266.431680
 20
28.000000
 42
0.000000
  0
SEQEND
  0
POLYLINE
  8
0
 66
1
 70
1
  0
VERTEX
  8
0
 10
269.000000
 20
22.500000
 42
-0.011886
  0
VERTEX
  8
0
 10
265.973242
 20
19.577487
 42
-0.048077
  0
VERTEX
  8
0
 10
263.930364
 20
18.030834
 42
-0.074769
  0
VERTEX
  8
0
 10
262.125658
 20
17.262096
 42
-0.063442
  0
VERTEX
  8
0
 10
260.068320
 20
17.000000
 42
0.000000
  0
VERTEX
  8
0
 10
256.568320
 20
17.000000
 42
0.000000
  0
VERTEX
  8
0
 10
262.000000
 20
22.500000
 42
-0.011886
  0
VERTEX
  8
0
 10
265.026758
 20
25.422513
 42
-0.048077
  0
VERTEX
  8
0
 10
267.069636
 20
26.969166
 42
-0.074769
  0
VERTEX
  8
0
 10
268.874342
 20
27.737904
 42
-0.063442
  0
VERTEX
  8
0
 10
270.931680
 20
28.000000
 42
0.000000
  0
VERTEX
  8
0
 10
274.431680
 20
28.000000
 42
0.000000
  0
SEQEND
  0
POLYLINE
  8
0
 66
1
 70
1
  0
VERTEX
  8
0
 10
277.000000
 20
22.500000
 42
-0.011935
  0
VERTEX
  8
0
 10
273.983187
 20
19.587661
 42
-0.047667
  0
VERTEX
  8
0
 10
271.938057
 20
18.037301
 42
-0.074121
  0
VERTEX
  8
0
 10
270.136121
 20
17.263928
 42
-0.064450
  0
VERTEX
  8
0
 10
268.097069
 20
17.000000
 42
0.000000
  0
VERTEX
  8
0
 10
264.625818
 20
17.000000
 42
0.000000
  0
VERTEX
  8
0
 10
267.465934
 20
19.964442
 42
-0.028015
  0
VERTEX
  8
0
 10
268.633745
 20
21.054115
 42
-0.039669
  0
VERTEX
  8
0
 10
269.794002
 20
21.874554
 42
-0.045083
  0
VERTEX
  8
0
 10
270.795223
 20
22.353376
 42
-0.221967
  0
VERTEX
  8
0
 10
271.403025
 20
22.304117
 42
0.019152
  0
VERTEX
  8
0
 10
271.797218
 20
22.099187
 42
0.255396
  0
VERTEX
  8
0
 10
271.954764
 20
22.108490
 42
0.433111
  0
VERTEX
  8
0
 10
271.977327
 20
22.223165
 42
0.028509
  0
VERTEX
  8
0
 10
271.740854
 20
22.515488
 42
-0.340166
  0
VERTEX
  8
0
 10
271.620469
 20
23.991163
 42
-0.085719
  0
VERTEX
  8
0
 10
273.366329
 20
25.882603
 42
-0.067511
  0
VERTEX
  8
0
 10
276.127360
 20
27.461860
 42
-0.096484
  0
VERTEX
  8
0
 10
278.890154
 20
28.000000
 42
0.000000
  0
VERTEX
  8
0
 10
282.431680
 20
28.000000
 42
0.000000
  0
SEQEND
  0
POLYLINE
  8
0
 66
1
 70
1
  0
VERTEX
  8
0
 10
285.000000
 20
22.500000
 42
-0.011886
  0
VERTEX
  8
0
 10
281.973242
 20
19.577487
 42
-0.048077
  0
VERTEX
  8
0
 10
279.930364
 20
18.030834
 42
-0.074769
  0
VERTEX
  8
0
 10
278.125658
 20
17.262096
 42
-0.063442
  0
VERTEX
  8
0
 10
276.068320
 20
17.000000
 42
0.000000
  0
VERTEX
  8
0
 10
272.568320
 20
17.000000
 42
0.000000
  0
VERTEX
  8
0
 10
278.000000
 20
22.500000
 42
-0.011886
  0
VERTEX
  8
0
 10
281.026758
 20
25.422513
 42
-0.048077
  0
VERTEX
  8
0
 10
283.069636
 20
26.969166
 42
-0.074769
  0
VERTEX
  8
0
 10
284.874342
 20
27.737904
 42
-0.063442
  0
VERTEX
  8
0
 10
286.931680
 20
28.000000
 42
0.000000
  0
VERTEX
  8
0
 10
290.431680
 20
28.000000
 42
0.000000
  0
SEQEND
  0
POLYLINE
  8
0
 66
1
 70
1
  0
VERTEX
  8
0
 10
301.000000
 20
22.500000
 42
-0.011886
  0
VERTEX
  8
0
 10
297.973242
 20
19.577487
 42
-0.048077
  0
VERTEX
  8
0
 10
295.930364
 20
18.030834
 42
-0.074769
  0
VERTEX
  8
0
 10
294.125658
 20
17.262096
 42
-0.063442
  0
VERTEX
  8
0
 10
292.068320
 20
17.000000
 42
0.000000
  0
VERTEX
  8
0
 10
288.568320
 20
17.000000
 42
0.000000
  0
VERTEX
  8
0
 10
294.000000
 20
22.500000
 42
-0.011886
  0
VERTEX
  8
0
 10
297.026758
 20
25.422513
 42
-0.048077
  0
VERTEX
  8
0
 10
299.069636
 20
26.969166
 42
-0.074769
  0
VERTEX
  8
0
 10
300.874342
 20
27.737904
 42
-0.063442
  0
VERTEX
  8
0
 10
302.931680
 20
28.000000
 42
0.000000
  0
VERTEX
  8
0
 10
306.431680
 20
28.000000
 42
0.000000
  0
SEQEND
  0
POLYLINE
  8
0
 66
1
 70
1
  0
VERTEX
  8
0
 10
309.000000
 20
22.500000
 42
-0.011886
  0
VERTEX
  8
0
 10
305.973242
 20
19.577487
 42
-0.048077
  0
VERTEX
  8
0
 10
303.930364
 20
18.030834
 42
-0.074769
  0
VERTEX
  8
0
 10
302.125658
 20
17.262096
 42
-0.063442
  0
VERTEX
  8
0
 10
300.068320
 20
17.000000
 42
0.000000
  0
VERTEX
  8
0
 10
296.568320
 20
17.000000
 42
0.000000
  0
VERTEX
  8
0
 10
302.000000
 20
22.500000
 42
-0.011886
  0
VERTEX
  8
0
 10
305.026758
 20
25.422513
 42
-0.048077
  0
VERTEX
  8
0
 10
307.069636
 20
26.969166
 42
-0.074769
  0
VERTEX
  8
0
 10
308.874342
 20
27.737904
 42
-0.063442
  0
VERTEX
  8
0
 10
310.931680
 20
28.000000
 42
0.000000
  0
VERTEX
  8
0
 10
314.431680
 20
28.000000
 42
0.000000
  0
SEQEND
  0
POLYLINE
  8
0
 66
1
 70
1
  0
VERTEX
  8
0
 10
317.000000
 20
22.500000
 42
-0.011935
  0
VERTEX
  8
0
 10
313.983187
 20
19.587661
 42
-0.047667
  0
VERTEX
  8
0
 10
311.938057
 20
18.037301
 42
-0.074121
  0
VERTEX
  8
0
 10
310.136121
 20
17.263928
 42
-0.064450
  0
VERTEX
  8
0
 10
308.097069
 20
17.000000
 42
0.000000
  0
VERTEX
  8
0
 10
304.625818
 20
17.000000
 42
0.000000
  0
VERTEX
  8
0
 10
307.465934
 20
19.964442
 42
-0.028015
  0
VERTEX
  8
0
 10
308.633745
 20
21.054115
 42
-0.039669
  0
VERTEX
  8
0
 10
309.794002
 20
21.874554
 42
-0.045083
  0
VERTEX
  8
0
 10
310.795223
 20
22.353376
 42
-0.221967
  0
VERTEX
  8
0
 10
311.403025
 20
22.304117
 42
0.019152
  0
VERTEX
  8
0
 10
311.797218
 20
22.099187
 42
0.255396
  0
VERTEX
  8
0
 10
311.954764
 20
22.108490
 42
0.433111
  0
VERTEX
  8
0
 10
311.977327
 20
22.223165
 42
0.028509
  0
VERTEX
  8
0
 10
311.740854
 20
22.515488
 42
-0.340166
  0
VERTEX
  8
0
 10
311.620469
 20
23.991163
 42
-0.085719
  0
VERTEX
  8
0
 10
313.366329
 20
25.882603
 42
-0.067511
  0
VERTEX
  8
0
 10
316.127360
 20
27.461860
 42
-0.096484
  0
VERTEX
  8
0
 10
318.890154
 20
28.000000
 42
0.000000
  0
VERTEX
  8
0
 10
322.431680
 20
28.000000
 42
0.000000
  0
SEQEND
  0
POLYLINE
  8
0
 66
1
 70
1
  0
VERTEX
  8
0
 10
329.000000
 20
27.284349
 42
-0.173001
  0
VERTEX
  8
0
 10
328.840411
 20
26.836915
 42
-0.005802
  0
VERTEX
  8
0
 10
327.615730
 20
25.373518
 42
-0.010375
  0
VERTEX
  8
0
 10
326.093342
 20
23.669553
 42
-0.006974
  0
VERTEX
  8
0
 10
324.287592
 20
21.784349
 42
-0.014916
  0
VERTEX
  8
0
 10
321.688925
 20
19.298843
 42
-0.051543
  0
VERTEX
  8
0
 10
319.809602
 20
17.927675
 42
-0.073641
  0
VERTEX
  8
0
 10
318.076817
 20
17.234953
 42
-0.058390
  0
VERTEX
  8
0
 10
316.071752
 20
17.000000
 42
0.000000
  0
VERTEX
  8
0
 10
312.568320
 20
17.000000
 42
0.000000
  0
VERTEX
  8
0
 10
318.000000
 20
22.500000
 42
-0.013522
  0
VERTEX
  8
0
 10
320.731597
 20
25.120301
 42
-0.036928
  0
VERTEX
  8
0
 10
322.838830
 20
26.768404
 42
-0.053585
  0
VERTEX
  8
0
 10
324.603272
 20
27.693396
 42
-0.094223
  0
VERTEX
  8
0
 10
326.215840
 20
28.000000
 42
-0.024273
  0
VERTEX
  8
0
 10
327.282798
 20
27.948174
 42
-0.038651
  0
VERTEX
  8
0
 10
328.182153
 20
27.789778
 42
-0.045531
  0
VERTEX
  8
0
 10
328.823110
 20
27.561174
 42
-0.292216
  0
SEQEND
  0
POLYLINE
  8
0
 66
1
 70
1
  0
VERTEX
  8
0
 10
361.000000
 20
26.000000
 42
-0.240299
  0
VERTEX
  8
0
 10
360.431338
 20
24.885087
 42
-0.123223
  0
VERTEX
  8
0
 10
358.937500
 20
24.284483
 42
-0.031956
  0
VERTEX
  8
0
 10
355.635485
 20
24.042421
 42
-0.002322
  0
VERTEX
  8
0
 10
346.500000
 20
24.000000
 42
-0.004852
  0
VERTEX
  8
0
 10
340.146024
 20
24.061654
 42
-0.013376
  0
VERTEX
  8
0
 10
335.672986
 20
24.268259
 42
-0.009616
  0
VERTEX
  8
0
 10
332.440079
 20
24.566980
 42
-0.381958
  0
VERTEX
  8
0
 10
332.000000
 20
25.059017
 42
0.108972
  0
VERTEX
  8
0
 10
331.921712
 20
25.413961
 42
0.182303
  0
VERTEX
  8
0
 10
331.706250
 20
25.625400
 42
0.161196
  0
VERTEX
  8
0
 10
331.382100
 20
25.656512
 42
0.082592
  0
VERTEX
  8
0
 10
331.000000
 20
25.500000
 42
-0.139169
  0
VERTEX
  8
0
 10
330.620352
 20
25.392057
 42
-0.191142
  0
VERTEX
  8
0
 10
330.293750
 20
25.521475
 42
-0.138808
  0
VERTEX
  8
0
 10
330.073267
 20
25.889346
 42
-0.066118
  0
VERTEX
  8
0
 10
330.000000
 20
26.440983
 42
-0.326234
  0
VERTEX
  8
0
 10
330.615944
 20
27.284533
 42
-0.052338
  0
VERTEX
  8
0
 10
332.735541
 20
27.724855
 42
-0.022235
  0
VERTEX
  8
0
 10
336.779221
 20
27.950650
 42
-0.002829
  0
VERTEX
  8
0
 10
345.500000
 20
28.000000
 42
-0.002130
  0
VERTEX
  8
0
 10
355.302909
 20
27.958247
 42
-0.029960
  0
VERTEX
  8
0
 10
358.812500
 20
27.717742
 42
-0.116079
  0
VERTEX
  8
0
 10
360.402252
 20
27.120358
 42
-0.250083
  0
SEQEND
  0
POLYLINE
  8
0
 66
1
 70
1
  0
VERTEX
  8
0
 10
366.452948
 20
23.938255
 42
0.000000
  0
VERTEX
  8
0
 10
362.500000
 20
19.876510
 42
0.000000
  0
VERTEX
  8
0
 10
362.175426
 20
22.522727
 42
-0.043754
  0
VERTEX
  8
0
 10
362.080317
 20
25.271009
 42
-0.159963
  0
VERTEX
  8
0
 10
362.702746
 20
26.875298
 42
-0.170945
  0
VERTEX
  8
0
 10
364.123528
 20
27.736333
 42
-0.051601
  0
VERTEX
  8
0
 10
366.671563
 20
28.000000
 42
0.000000
  0
VERTEX
  8
0
 10
370.405896
 20
28.000000
 42
0.000000
  0
SEQEND
  0
POLYLINE
  8
0
 66
1
 70
1
  0
VERTEX
  8
0
 10
373.000000
 20
25.304719
 42
-0.123866
  0
VERTEX
  8
0
 10
372.306226
 20
22.547193
 42
-0.071449
  0
VERTEX
  8
0
 10
370.262450
 20
19.776882
 42
-0.071683
  0
VERTEX
  8
0
 10
367.531373
 20
17.703249
 42
-0.127252
  0
VERTEX
  8
0
 10
364.812909
 20
17.000000
 42
-0.024021
  0
VERTEX
  8
0
 10
363.734921
 20
17.051819
 42
-0.038285
  0
VERTEX
  8
0
 10
362.826292
 20
17.210222
 42
-0.044894
  0
VERTEX
  8
0
 10
362.177920
 20
17.438744
 42
-0.293575
  0
VERTEX
  8
0
 10
362.000000
 20
17.715651
 42
-0.193802
  0
VERTEX
  8
0
 10
362.452237
 20
18.838577
 42
-0.004043
  0
VERTEX
  8
0
 10
366.739830
 20
23.226780
 42
-0.004018
  0
VERTEX
  8
0
 10
371.099542
 20
27.547204
 42
-0.195650
  0
VERTEX
  8
0
 10
372.212408
 20
28.000000
 42
-0.274473
  0
VERTEX
  8
0
 10
372.515999
 20
27.819767
 42
-0.053801
  0
VERTEX
  8
0
 10
372.768645
 20
27.208261
 42
-0.043457
  0
VERTEX
  8
0
 10
372.942844
 20
26.337451
 42
-0.027651
  0
SEQEND
  0
POLYLINE
  8
0
 66
1
 70
1
  0
VERTEX
  8
0
 10
458.000000
 20
27.559017
 42
-0.151918
  0
VERTEX
  8
0
 10
457.934461
 20
27.348290
 42
-0.038439
  0
VERTEX
  8
0
 10
457.706250
 20
27.066025
 42
-0.035638
  0
VERTEX
  8
0
 10
457.382774
 20
26.768994
 42
-0.029505
  0
VERTEX
  8
0
 10
457.000000
 20
26.500000
 42
-0.082592
  0
VERTEX
  8
0
 10
456.617900
 20
26.343488
 42
-0.161196
  0
VERTEX
  8
0
 10
456.293750
 20
26.374600
 42
-0.182303
  0
VERTEX
  8
0
 10
456.078288
 20
26.586039
 42
-0.108972
  0
VERTEX
  8
0
 10
456.000000
 20
26.940983
 42
-0.093332
  0
VERTEX
  8
0
 10
456.076123
 20
27.345238
 42
-0.096420
  0
VERTEX
  8
0
 10
456.293750
 20
27.688914
 42
-0.099167
  0
VERTEX
  8
0
 10
456.618444
 20
27.918938
 42
-0.105053
  0
VERTEX
  8
0
 10
457.000000
 20
28.000000
 42
-0.042167
  0
VERTEX
  8
0
 10
457.382849
 20
27.967655
 42
-0.061769
  0
VERTEX
  8
0
 10
457.706250
 20
27.870461
 42
-0.081139
  0
VERTEX
  8
0
 10
457.925540
 20
27.727648
 42
-0.210953
  0
SEQEND
  0
POLYLINE
  8
0
 66
1
 70
1
  0
VERTEX
  8
0
 10
466.820335
 20
24.156460
 42
-0.083409
  0
VERTEX
  8
0
 10
466.601212
 20
21.071833
 42
-0.134429
  0
VERTEX
  8
0
 10
465.335782
 20
18.780637
 42
-0.135801
  0
VERTEX
  8
0
 10
463.090926
 20
17.468410
 42
-0.085934
  0
VERTEX
  8
0
 10
460.051113
 20
17.201492
 42
-0.026161
  0
VERTEX
  8
0
 10
458.002168
 20
17.482240
 42
-0.142552
  0
VERTEX
  8
0
 10
457.015264
 20
17.985640
 42
-0.150837
  0
VERTEX
  8
0
 10
456.482086
 20
18.924454
 42
-0.030402
  0
VERTEX
  8
0
 10
456.179665
 20
20.843540
 42
-0.083409
  0
VERTEX
  8
0
 10
456.398788
 20
23.928167
 42
-0.134429
  0
VERTEX
  8
0
 10
457.664218
 20
26.219363
 42
-0.135801
  0
VERTEX
  8
0
 10
459.909074
 20
27.531590
 42
-0.085934
  0
VERTEX
  8
0
 10
462.948887
 20
27.798508
 42
-0.026161
  0
VERTEX
  8
0
 10
464.997832
 20
27.517760
 42
-0.142552
  0
VERTEX
  8
0
 10
465.984736
 20
27.014360
 42
-0.150837
  0
VERTEX
  8
0
 10
466.517914
 20
26.075546
 42
-0.030402
  0
SEQEND
  0
POLYLINE
  8
0
 66
1
 70
1
  0
VERTEX
  8
0
 10
499.000000
 20
26.000000
 42
-0.245279
  0
VERTEX
  8
0
 10
498.416641
 20
24.882367
 42
-0.119596
  0
VERTEX
  8
0
 10
496.875000
 20
24.283333
 42
-0.030926
  0
VERTEX
  8
0
 10
493.469187
 20
24.042075
 42
-0.002222
  0
VERTEX
  8
0
 10
484.000000
 20
24.000000
 42
-0.002613
  0
VERTEX
  8
0
 10
478.248279
 20
24.030055
 42
-0.004356
  0
VERTEX
  8
0
 10
473.406250
 20
24.122850
 42
-0.000763
  0
VERTEX
  8
0
 10
469.165450
 20
24.247565
 42
-0.405184
  0
VERTEX
  8
0
 10
469.000000
 20
24.418213
 42
0.065182
  0
VERTEX
  8
0
 10
468.967516
 20
24.666328
 42
0.008575
  0
VERTEX
  8
0
 10
468.821697
 20
25.178225
 42
0.009838
  0
VERTEX
  8
0
 10
468.625425
 20
25.781926
 42
0.008099
  0
VERTEX
  8
0
 10
468.393011
 20
26.418213
 42
-0.400108
  0
VERTEX
  8
0
 10
468.746098
 20
27.265621
 42
-0.077591
  0
VERTEX
  8
0
 10
470.508684
 20
27.734385
 42
-0.023799
  0
VERTEX
  8
0
 10
474.348101
 20
27.955297
 42
-0.002471
  0
VERTEX
  8
0
 10
483.393011
 20
28.000000
 42
-0.002111
  0
VERTEX
  8
0
 10
493.267332
 20
27.958313
 42
-0.029761
  0
VERTEX
  8
0
 10
496.799126
 20
27.717963
 42
-0.115341
  0
VERTEX
  8
0
 10
498.399213
 20
27.120942
 42
-0.251088
  0
SEQEND
  0
POLYLINE
  8
0
 66
1
 70
1
  0
VERTEX
  8
0
 10
506.000000
 20
27.687091
 42
-0.187632
  0
VERTEX
  8
0
 10
505.922013
 20
27.486588
 42
-0.003317
  0
VERTEX
  8
0
 10
505.118750
 20
26.621808
 42
-0.007831
  0
VERTEX
  8
0
 10
504.149798
 20
25.624204
 42
-0.005081
  0
VERTEX
  8
0
 10
503.000000
 20
24.500000
 42
0.000000
  0
VERTEX
  8
0
 10
500.000000
 20
21.625818
 42
0.000000
  0
VERTEX
  8
0
 10
500.000000
 20
24.812909
 42
-0.026602
  0
VERTEX
  8
0
 10
500.097280
 20
26.640028
 42
-0.163634
  0
VERTEX
  8
0
 10
500.485324
 20
27.484409
 42
-0.174494
  0
VERTEX
  8
0
 10
501.290099
 20
27.893327
 42
-0.031162
  0
VERTEX
  8
0
 10
503.000000
 20
28.000000
 42
-0.009786
  0
VERTEX
  8
0
 10
504.150236
 20
27.977485
 42
-0.016197
  0
VERTEX
  8
0
 10
505.118750
 20
27.908083
 42
-0.010070
  0
VERTEX
  8
0
 10
505.892246
 20
27.811623
 42
-0.372580
  0
SEQEND
  0
POLYLINE
  8
0
 66
1
 70
1
  0
VERTEX
  8
0
 10
509.000000
 20
22.500000
 42
-0.022608
  0
VERTEX
  8
0
 10
505.280848
 20
19.059901
 42
-0.075758
  0
VERTEX
  8
0
 10
502.458236
 20
17.329328
 42
-0.224478
  0
VERTEX
  8
0
 10
500.789018
 20
17.400913
 42
-0.278455
  0
VERTEX
  8
0
 10
500.000000
 20
18.707837
 42
-0.124290
  0
VERTEX
  8
0
 10
500.225575
 20
19.601272
 42
-0.024488
  0
VERTEX
  8
0
 10
501.087741
 20
21.027945
 42
-0.024583
  0
VERTEX
  8
0
 10
502.285362
 20
22.630737
 42
-0.020659
  0
VERTEX
  8
0
 10
503.702948
 20
24.207837
 42
-0.022014
  0
VERTEX
  8
0
 10
505.716337
 20
26.095880
 42
-0.056409
  0
VERTEX
  8
0
 10
507.366633
 20
27.216600
 42
-0.069851
  0
VERTEX
  8
0
 10
509.000983
 20
27.802815
 42
-0.051274
  0
VERTEX
  8
0
 10
510.918788
 20
28.000000
 42
0.000000
  0
VERTEX
  8
0
 10
514.431680
 20
28.000000
 42
0.000000
  0
SEQEND
  0
POLYLINE
  8
0
 66
1
 70
1
  0
VERTEX
  8
0
 10
517.000000
 20
22.500000
 42
-0.011953
  0
VERTEX
  8
0
 10
513.986801
 20
19.591359
 42
-0.047519
  0
VERTEX
  8
0
 10
511.940854
 20
18.039656
 42
-0.073884
  0
VERTEX
  8
0
 10
510.139901
 20
17.264589
 42
-0.064817
  0
VERTEX
  8
0
 10
508.107422
 20
17.000000
 42
0.000000
  0
VERTEX
  8
0
 10
504.646523
 20
17.000000
 42
0.000000
  0
VERTEX
  8
0
 10
510.073262
 20
22.494253
 42
-0.011996
  0
VERTEX
  8
0
 10
513.082089
 20
25.397773
 42
-0.047458
  0
VERTEX
  8
0
 10
515.128868
 20
26.949716
 42
-0.073630
  0
VERTEX
  8
0
 10
516.931750
 20
27.726693
 42
-0.064654
  0
VERTEX
  8
0
 10
518.965840
 20
27.994253
 42
0.000000
  0
VERTEX
  8
0
 10
522.431680
 20
28.000000
 42
0.000000
  0
SEQEND
  0
POLYLINE
  8
0
 66
1
 70
1
  0
VERTEX
  8
0
 10
525.000000
 20
22.500000
 42
-0.011886
  0
VERTEX
  8
0
 10
521.973242
 20
19.577487
 42
-0.048077
  0
VERTEX
  8
0
 10
519.930364
 20
18.030834
 42
-0.074769
  0
VERTEX
  8
0
 10
518.125658
 20
17.262096
 42
-0.063442
  0
VERTEX
  8
0
 10
516.068320
 20
17.000000
 42
0.000000
  0
VERTEX
  8
0
 10
512.568320
 20
17.000000
 42
0.000000
  0
VERTEX
  8
0
 10
518.000000
 20
22.500000
 42
-0.011886
  0
VERTEX
  8
0
 10
521.026758
 20
25.422513
 42
-0.048077
  0
VERTEX
  8
0
 10
523.069636
 20
26.969166
 42
-0.074769
  0
VERTEX
  8
0
 10
524.874342
 20
27.737904
 42
-0.063442
  0
VERTEX
  8
0
 10
526.931680
 20
28.000000
 42
0.000000
  0
VERTEX
  8
0
 10
530.431680
 20
28.000000
 42
0.000000
  0
SEQEND
  0
POLYLINE
  8
0
 66
1
 70
1
  0
VERTEX
  8
0
 10
541.000000
 20
22.500000
 42
-0.011886
  0
VERTEX
  8
0
 10
537.973242
 20
19.577487
 42
-0.048077
  0
VERTEX
  8
0
 10
535.930364
 20
18.030834
 42
-0.074769
  0
VERTEX
  8
0
 10
534.125658
 20
17.262096
 42
-0.063442
  0
VERTEX
  8
0
 10
532.068320
 20
17.000000
 42
0.000000
  0
VERTEX
  8
0
 10
528.568320
 20
17.000000
 42
0.000000
  0
VERTEX
  8
0
 10
534.000000
 20
22.500000
 42
-0.011886
  0
VERTEX
  8
0
 10
537.026758
 20
25.422513
 42
-0.048077
  0
VERTEX
  8
0
 10
539.069636
 20
26.969166
 42
-0.074769
  0
VERTEX
  8
0
 10
540.874342
 20
27.737904
 42
-0.063442
  0
VERTEX
  8
0
 10
542.931680
 20
28.000000
 42
0.000000
  0
VERTEX
  8
0
 10
546.431680
 20
28.000000
 42
0.000000
  0
SEQEND
  0
POLYLINE
  8
0
 66
1
 70
1
  0
VERTEX
  8
0
 10
549.000000
 20
22.500000
 42
-0.011886
  0
VERTEX
  8
0
 10
545.973242
 20
19.577487
 42
-0.048077
  0
VERTEX
  8
0
 10
543.930364
 20
18.030834
 42
-0.074769
  0
VERTEX
  8
0
 10
542.125658
 20
17.262096
 42
-0.063442
  0
VERTEX
  8
0
 10
540.068320
 20
17.000000
 42
0.000000
  0
VERTEX
  8
0
 10
536.568320
 20
17.000000
 42
0.000000
  0
VERTEX
  8
0
 10
542.000000
 20
22.500000
 42
-0.011886
  0
VERTEX
  8
0
 10
545.026758
 20
25.422513
 42
-0.048077
  0
VERTEX
  8
0
 10
547.069636
 20
26.969166
 42
-0.074769
  0
VERTEX
  8
0
 10
548.874342
 20
27.737904
 42
-0.063442
  0
VERTEX
  8
0
 10
550.931680
 20
28.000000
 42
0.000000
  0
VERTEX
  8
0
 10
554.431680
 20
28.000000
 42
0.000000
  0
SEQEND
  0
POLYLINE
  8
0
 66
1
 70
1
  0
VERTEX
  8
0
 10
557.000000
 20
22.500000
 42
-0.011953
  0
VERTEX
  8
0
 10
553.986801
 20
19.591359
 42
-0.047519
  0
VERTEX
  8
0
 10
551.940854
 20
18.039656
 42
-0.073884
  0
VERTEX
  8
0
 10
550.139901
 20
17.264589
 42
-0.064817
  0
VERTEX
  8
0
 10
548.107422
 20
17.000000
 42
0.000000
  0
VERTEX
  8
0
 10
544.646523
 20
17.000000
 42
0.000000
  0
VERTEX
  8
0
 10
550.073262
 20
22.494253
 42
-0.011996
  0
VERTEX
  8
0
 10
553.082089
 20
25.397773
 42
-0.047458
  0
VERTEX
  8
0
 10
555.128868
 20
26.949716
 42
-0.073630
  0
VERTEX
  8
0
 10
556.931750
 20
27.726693
 42
-0.064654
  0
VERTEX
  8
0
 10
558.965840
 20
27.994253
 42
0.000000
  0
VERTEX
  8
0
 10
562.431680
 20
28.000000
 42
0.000000
  0
SEQEND
  0
POLYLINE
  8
0
 66
1
 70
1
  0
VERTEX
  8
0
 10
565.000000
 20
22.500000
 42
-0.011886
  0
VERTEX
  8
0
 10
561.973242
 20
19.577487
 42
-0.048077
  0
VERTEX
  8
0
 10
559.930364
 20
18.030834
 42
-0.074769
  0
VERTEX
  8
0
 10
558.125658
 20
17.262096
 42
-0.063442
  0
VERTEX
  8
0
 10
556.068320
 20
17.000000
 42
0.000000
  0
VERTEX
  8
0
 10
552.568320
 20
17.000000
 42
0.000000
  0
VERTEX
  8
0
 10
558.000000
 20
22.500000
 42
-0.011886
  0
VERTEX
  8
0
 10
561.026758
 20
25.422513
 42
-0.048077
  0
VERTEX
  8
0
 10
563.069636
 20
26.969166
 42
-0.074769
  0
VERTEX
  8
0
 10
564.874342
 20
27.737904
 42
-0.063442
  0
VERTEX
  8
0
 10
566.931680
 20
28.000000
 42
0.000000
  0
VERTEX
  8
0
 10
570.431680
 20
28.000000
 42
0.000000
  0
SEQEND
  0
POLYLINE
  8
0
 66
1
 70
1
  0
VERTEX
  8
0
 10
573.000000
 20
22.500000
 42
-0.011886
  0
VERTEX
  8
0
 10
569.973242
 20
19.577487
 42
-0.048077
  0
VERTEX
  8
0
 10
567.930364
 20
18.030834
 42
-0.074769
  0
VERTEX
  8
0
 10
566.125658
 20
17.262096
 42
-0.063442
  0
VERTEX
  8
0
 10
564.068320
 20
17.000000
 42
0.000000
  0
VERTEX
  8
0
 10
560.568320
 20
17.000000
 42
0.000000
  0
VERTEX
  8
0
 10
566.000000
 20
22.500000
 42
-0.011886
  0
VERTEX
  8
0
 10
569.026758
 20
25.422513
 42
-0.048077
  0
VERTEX
  8
0
 10
571.069636
 20
26.969166
 42
-0.074769
  0
VERTEX
  8
0
 10
572.874342
 20
27.737904
 42
-0.063442
  0
VERTEX
  8
0
 10
574.931680
 20
28.000000
 42
0.000000
  0
VERTEX
  8
0
 10
578.431680
 20
28.000000
 42
0.000000
  0
SEQEND
  0
POLYLINE
  8
0
 66
1
 70
1
  0
VERTEX
  8
0
 10
581.000000
 20
22.500000
 42
-0.011886
  0
VERTEX
  8
0
 10
577.973242
 20
19.577487
 42
-0.048077
  0
VERTEX
  8
0
 10
575.930364
 20
18.030834
 42
-0.074769
  0
VERTEX
  8
0
 10
574.125658
 20
17.262096
 42
-0.063442
  0
VERTEX
  8
0
 10
572.068320
 20
17.000000
 42
0.000000
  0
VERTEX
  8
0
 10
568.568320
 20
17.000000
 42
0.000000
  0
VERTEX
  8
0
 10
574.000000
 20
22.500000
 42
-0.011886
  0
VERTEX
  8
0
 10
577.026758
 20
25.422513
 42
-0.048077
  0
VERTEX
  8
0
 10
579.069636
 20
26.969166
 42
-0.074769
  0
VERTEX
  8
0
 10
580.874342
 20
27.737904
 42
-0.063442
  0
VERTEX
  8
0
 10
582.931680
 20
28.000000
 42
0.000000
  0
VERTEX
  8
0
 10
586.431680
 20
28.000000
 42
0.000000
  0
SEQEND
  0
POLYLINE
  8
0
 66
1
 70
1
  0
VERTEX
  8
0
 10
589.000000
 20
22.500000
 42
-0.011886
  0
VERTEX
  8
0
 10
585.973242
 20
19.577487
 42
-0.048077
  0
VERTEX
  8
0
 10
583.930364
 20
18.030834
 42
-0.074769
  0
VERTEX
  8
0
 10
582.125658
 20
17.262096
 42
-0.063442
  0
VERTEX
  8
0
 10
580.068320
 20
17.000000
 42
0.000000
  0
VERTEX
  8
0
 10
576.568320
 20
17.000000
 42
0.000000
  0
VERTEX
  8
0
 10
582.000000
 20
22.500000
 42
-0.011886
  0
VERTEX
  8
0
 10
585.026758
 20
25.422513
 42
-0.048077
  0
VERTEX
  8
0
 10
587.069636
 20
26.969166
 42
-0.074769
  0
VERTEX
  8
0
 10
588.874342
 20
27.737904
 42
-0.063442
  0
VERTEX
  8
0
 10
590.931680
 20
28.000000
 42
0.000000
  0
VERTEX
  8
0
 10
594.431680
 20
28.000000
 42
0.000000
  0
SEQEND
  0
POLYLINE
  8
0
 66
1
 70
1
  0
VERTEX
  8
0
 10
597.000000
 20
22.500000
 42
-0.011953
  0
VERTEX
  8
0
 10
593.986801
 20
19.591359
 42
-0.047519
  0
VERTEX
  8
0
 10
591.940854
 20
18.039656
 42
-0.073884
  0
VERTEX
  8
0
 10
590.139901
 20
17.264589
 42
-0.064817
  0
VERTEX
  8
0
 10
588.107422
 20
17.000000
 42
0.000000
  0
VERTEX
  8
0
 10
584.646523
 20
17.000000
 42
0.000000
  0
VERTEX
  8
0
 10
590.073262
 20
22.494253
 42
-0.011996
  0
VERTEX
  8
0
 10
593.082089
 20
25.397773
 42
-0.047458
  0
VERTEX
  8
0
 10
595.128868
 20
26.949716
 42
-0.073630
  0
VERTEX
  8
0
 10
596.931750
 20
27.726693
 42
-0.064654
  0
VERTEX
  8
0
 10
598.965840
 20
27.994253
 42
0.000000
  0
VERTEX
  8
0
 10
602.431680
 20
28.000000
 42
0.000000
  0
SEQEND
  0
POLYLINE
  8
0
 66
1
 70
1
  0
VERTEX
  8
0
 10
605.000000
 20
22.500000
 42
-0.011886
  0
VERTEX
  8
0
 10
601.973242
 20
19.577487
 42
-0.048077
  0
VERTEX
  8
0
 10
599.930364
 20
18.030834
 42
-0.074769
  0
VERTEX
  8
0
 10
598.125658
 20
17.262096
 42
-0.063442
  0
VERTEX
  8
0
 10
596.068320
 20
17.000000
 42
0.000000
  0
VERTEX
  8
0
 10
592.568320
 20
17.000000
 42
0.000000
  0
VERTEX
  8
0
 10
598.000000
 20
22.500000
 42
-0.011886
  0
VERTEX
  8
0
 10
601.026758
 20
25.422513
 42
-0.048077
  0
VERTEX
  8
0
 10
603.069636
 20
26.969166
 42
-0.074769
  0
VERTEX
  8
0
 10
604.874342
 20
27.737904
 42
-0.063442
  0
VERTEX
  8
0
 10
606.931680
 20
28.000000
 42
0.000000
  0
VERTEX
  8
0
 10
610.431680
 20
28.000000
 42
0.000000
  0
SEQEND
  0
POLYLINE
  8
0
 66
1
 70
1
  0
VERTEX
  8
0
 10
613.000000
 20
22.500000
 42
-0.011886
  0
VERTEX
  8
0
 10
609.973242
 20
19.577487
 42
-0.048077
  0
VERTEX
  8
0
 10
607.930364
 20
18.030834
 42
-0.074769
  0
VERTEX
  8
0
 10
606.125658
 20
17.262096
 42
-0.063442
  0
VERTEX
  8
0
 10
604.068320
 20
17.000000
 42
0.000000
  0
VERTEX
  8
0
 10
600.568320
 20
17.000000
 42
0.000000
  0
VERTEX
  8
0
 10
606.000000
 20
22.500000
 42
-0.011886
  0
VERTEX
  8
0
 10
609.026758
 20
25.422513
 42
-0.048077
  0
VERTEX
  8
0
 10
611.069636
 20
26.969166
 42
-0.074769
  0
VERTEX
  8
0
 10
612.874342
 20
27.737904
 42
-0.063442
  0
VERTEX
  8
0
 10
614.931680
 20
28.000000
 42
0.000000
  0
VERTEX
  8
0
 10
618.431680
 20
28.000000
 42
0.000000
  0
SEQEND
  0
POLYLINE
  8
0
 66
1
 70
1
  0
VERTEX
  8
0
 10
621.000000
 20
22.500000
 42
-0.011886
  0
VERTEX
  8
0
 10
617.973242
 20
19.577487
 42
-0.048077
  0
VERTEX
  8
0
 10
615.930364
 20
18.030834
 42
-0.074769
  0
VERTEX
  8
0
 10
614.125658
 20
17.262096
 42
-0.063442
  0
VERTEX
  8
0
 10
612.068320
 20
17.000000
 42
0.000000
  0
VERTEX
  8
0
 10
608.568320
 20
17.000000
 42
0.000000
  0
VERTEX
  8
0
 10
614.000000
 20
22.500000
 42
-0.011886
  0
VERTEX
  8
0
 10
617.026758
 20
25.422513
 42
-0.048077
  0
VERTEX
  8
0
 10
619.069636
 20
26.969166
 42
-0.074769
  0
VERTEX
  8
0
 10
620.874342
 20
27.737904
 42
-0.063442
  0
VERTEX
  8
0
 10
622.931680
 20
28.000000
 42
0.000000
  0
VERTEX
  8
0
 10
626.431680
 20
28.000000
 42
0.000000
  0
SEQEND
  0
POLYLINE
  8
0
 66
1
 70
1
  0
VERTEX
  8
0
 10
629.000000
 20
22.500000
 42
-0.011886
  0
VERTEX
  8
0
 10
625.973242
 20
19.577487
 42
-0.048077
  0
VERTEX
  8
0
 10
623.930364
 20
18.030834
 42
-0.074769
  0
VERTEX
  8
0
 10
622.125658
 20
17.262096
 42
-0.063442
  0
VERTEX
  8
0
 10
620.068320
 20
17.000000
 42
0.000000
  0
VERTEX
  8
0
 10
616.568320
 20
17.000000
 42
0.000000
  0
VERTEX
  8
0
 10
622.000000
 20
22.500000
 42
-0.011886
  0
VERTEX
  8
0
 10
625.026758
 20
25.422513
 42
-0.048077
  0
VERTEX
  8
0
 10
627.069636
 20
26.969166
 42
-0.074769
  0
VERTEX
  8
0
 10
628.874342
 20
27.737904
 42
-0.063442
  0
VERTEX
  8
0
 10
630.931680
 20
28.000000
 42
0.000000
  0
VERTEX
  8
0
 10
634.431680
 20
28.000000
 42
0.000000
  0
SEQEND
  0
POLYLINE
  8
0
 66
1
 70
1
  0
VERTEX
  8
0
 10
637.000000
 20
22.500000
 42
-0.011886
  0
VERTEX
  8
0
 10
633.973242
 20
19.577487
 42
-0.048077
  0
VERTEX
  8
0
 10
631.930364
 20
18.030834
 42
-0.074769
  0
VERTEX
  8
0
 10
630.125658
 20
17.262096
 42
-0.063442
  0
VERTEX
  8
0
 10
628.068320
 20
17.000000
 42
0.000000
  0
VERTEX
  8
0
 10
624.568320
 20
17.000000
 42
0.000000
  0
VERTEX
  8
0
 10
630.000000
 20
22.500000
 42
-0.011886
  0
VERTEX
  8
0
 10
633.026758
 20
25.422513
 42
-0.048077
  0
VERTEX
  8
0
 10
635.069636
 20
26.969166
 42
-0.074769
  0
VERTEX
  8
0
 10
636.874342
 20
27.737904
 42
-0.063442
  0
VERTEX
  8
0
 10
638.931680
 20
28.000000
 42
0.000000
  0
VERTEX
  8
0
 10
642.431680
 20
28.000000
 42
0.000000
  0
SEQEND
  0
POLYLINE
  8
0
 66
1
 70
1
  0
VERTEX
  8
0
 10
645.000000
 20
22.500000
 42
-0.011886
  0
VERTEX
  8
0
 10
641.973242
 20
19.577487
 42
-0.048077
  0
VERTEX
  8
0
 10
639.930364
 20
18.030834
 42
-0.074769
  0
VERTEX
  8
0
 10
638.125658
 20
17.262096
 42
-0.063442
  0
VERTEX
  8
0
 10
636.068320
 20
17.000000
 42
0.000000
  0
VERTEX
  8
0
 10
632.568320
 20
17.000000
 42
0.000000
  0
VERTEX
  8
0
 10
638.000000
 20
22.500000
 42
-0.011886
  0
VERTEX
  8
0
 10
641.026758
 20
25.422513
 42
-0.048077
  0
VERTEX
  8
0
 10
643.069636
 20
26.969166
 42
-0.074769
  0
VERTEX
  8
0
 10
644.874342
 20
27.737904
 42
-0.063442
  0
VERTEX
  8
0
 10
646.931680
 20
28.000000
 42
0.000000
  0
VERTEX
  8
0
 10
650.431680
 20
28.000000
 42
0.000000
  0
SEQEND
  0
POLYLINE
  8
0
 66
1
 70
1
  0
VERTEX
  8
0
 10
653.000000
 20
22.500000
 42
-0.011886
  0
VERTEX
  8
0
 10
649.973242
 20
19.577487
 42
-0.048077
  0
VERTEX
  8
0
 10
647.930364
 20
18.030834
 42
-0.074769
  0
VERTEX
  8
0
 10
646.125658
 20
17.262096
 42
-0.063442
  0
VERTEX
  8
0
 10
644.068320
 20
17.000000
 42
0.000000
  0
VERTEX
  8
0
 10
640.568320
 20
17.000000
 42
0.000000
  0
VERTEX
  8
0
 10
646.000000
 20
22.500000
 42
-0.011886
  0
VERTEX
  8
0
 10
649.026758
 20
25.422513
 42
-0.048077
  0
VERTEX
  8
0
 10
651.069636
 20
26.969166
 42
-0.074769
  0
VERTEX
  8
0
 10
652.874342
 20
27.737904
 42
-0.063442
  0
VERTEX
  8
0
 10
654.931680
 20
28.000000
 42
0.000000
  0
VERTEX
  8
0
 10
658.431680
 20
28.000000
 42
0.000000
  0
SEQEND
  0
POLYLINE
  8
0
 66
1
 70
1
  0
VERTEX
  8
0
 10
661.000000
 20
22.500000
 42
-0.011886
  0
VERTEX
  8
0
 10
657.973242
 20
19.577487
 42
-0.048077
  0
VERTEX
  8
0
 10
655.930364
 20
18.030834
 42
-0.074769
  0
VERTEX
  8
0
 10
654.125658
 20
17.262096
 42
-0.063442
  0
VERTEX
  8
0
 10
652.068320
 20
17.000000
 42
0.000000
  0
VERTEX
  8
0
 10
648.568320
 20
17.000000
 42
0.000000
  0
VERTEX
  8
0
 10
654.000000
 20
22.500000
 42
-0.011886
  0
VERTEX
  8
0
 10
657.026758
 20
25.422513
 42
-0.048077
  0
VERTEX
  8
0
 10
659.069636
 20
26.969166
 42
-0.074769
  0
VERTEX
  8
0
 10
660.874342
 20
27.737904
 42
-0.063442
  0
VERTEX
  8
0
 10
662.931680
 20
28.000000
 42
0.000000
  0
VERTEX
  8
0
 10
666.431680
 20
28.000000
 42
0.000000
  0
SEQEND
  0
POLYLINE
  8
0
 66
1
 70
1
  0
VERTEX
  8
0
 10
669.000000
 20
22.500000
 42
-0.011886
  0
VERTEX
  8
0
 10
665.973242
 20
19.577487
 42
-0.048077
  0
VERTEX
  8
0
 10
663.930364
 20
18.030834
 42
-0.074769
  0
VERTEX
  8
0
 10
662.125658
 20
17.262096
 42
-0.063442
  0
VERTEX
  8
0
 10
660.068320
 20
17.000000
 42
0.000000
  0
VERTEX
  8
0
 10
656.568320
 20
17.000000
 42
0.000000
  0
VERTEX
  8
0
 10
662.000000
 20
22.500000
 42
-0.011886
  0
VERTEX
  8
0
 10
665.026758
 20
25.422513
 42
-0.048077
  0
VERTEX
  8
0
 10
667.069636
 20
26.969166
 42
-0.074769
  0
VERTEX
  8
0
 10
668.874342
 20
27.737904
 42
-0.063442
  0
VERTEX
  8
0
 10
670.931680
 20
28.000000
 42
0.000000
  0
VERTEX
  8
0
 10
674.431680
 20
28.000000
 42
0.000000
  0
SEQEND
  0
POLYLINE
  8
0
 66
1
 70
1
  0
VERTEX
  8
0
 10
677.000000
 20
22.500000
 42
-0.011886
  0
VERTEX
  8
0
 10
673.973242
 20
19.577487
 42
-0.048077
  0
VERTEX
  8
0
 10
671.930364
 20
18.030834
 42
-0.074769
  0
VERTEX
  8
0
 10
670.125658
 20
17.262096
 42
-0.063442
  0
VERTEX
  8
0
 10
668.068320
 20
17.000000
 42
0.000000
  0
VERTEX
  8
0
 10
664.568320
 20
17.000000
 42
0.000000
  0
VERTEX
  8
0
 10
670.000000
 20
22.500000
 42
-0.011886
  0
VERTEX
  8
0
 10
673.026758
 20
25.422513
 42
-0.048077
  0
VERTEX
  8
0
 10
675.069636
 20
26.969166
 42
-0.074769
  0
VERTEX
  8
0
 10
676.874342
 20
27.737904
 42
-0.063442
  0
VERTEX
  8
0
 10
678.931680
 20
28.000000
 42
0.000000
  0
VERTEX
  8
0
 10
682.431680
 20
28.000000
 42
0.000000
  0
SEQEND
  0
POLYLINE
  8
0
 66
1
 70
1
  0
VERTEX
  8
0
 10
685.000000
 20
22.500000
 42
-0.011886
  0
VERTEX
  8
0
 10
681.973242
 20
19.577487
 42
-0.048077
  0
VERTEX
  8
0
 10
679.930364
 20
18.030834
 42
-0.074769
  0
VERTEX
  8
0
 10
678.125658
 20
17.262096
 42
-0.063442
  0
VERTEX
  8
0
 10
676.068320
 20
17.000000
 42
0.000000
  0
VERTEX
  8
0
 10
672.568320
 20
17.000000
 42
0.000000
  0
VERTEX
  8
0
 10
678.000000
 20
22.500000
 42
-0.011886
  0
VERTEX
  8
0
 10
681.026758
 20
25.422513
 42
-0.048077
  0
VERTEX
  8
0
 10
683.069636
 20
26.969166
 42
-0.074769
  0
VERTEX
  8
0
 10
684.874342
 20
27.737904
 42
-0.063442
  0
VERTEX
  8
0
 10
686.931680
 20
28.000000
 42
0.000000
  0
VERTEX
  8
0
 10
690.431680
 20
28.000000
 42
0.000000
  0
SEQEND
  0
POLYLINE
  8
0
 66
1
 70
1
  0
VERTEX
  8
0
 10
693.000000
 20
22.500000
 42
-0.011886
  0
VERTEX
  8
0
 10
689.973242
 20
19.577487
 42
-0.048077
  0
VERTEX
  8
0
 10
687.930364
 20
18.030834
 42
-0.074769
  0
VERTEX
  8
0
 10
686.125658
 20
17.262096
 42
-0.063442
  0
VERTEX
  8
0
 10
684.068320
 20
17.000000
 42
0.000000
  0
VERTEX
  8
0
 10
680.568320
 20
17.000000
 42
0.000000
  0
VERTEX
  8
0
 10
686.000000
 20
22.500000
 42
-0.011886
  0
VERTEX
  8
0
 10
689.026758
 20
25.422513
 42
-0.048077
  0
VERTEX
  8
0
 10
691.069636
 20
26.969166
 42
-0.074769
  0
VERTEX
  8
0
 10
692.874342
 20
27.737904
 42
-0.063442
  0
VERTEX
  8
0
 10
694.931680
 20
28.000000
 42
0.000000
  0
VERTEX
  8
0
 10
698.431680
 20
28.000000
 42
0.000000
  0
SEQEND
  0
POLYLINE
  8
0
 66
1
 70
1
  0
VERTEX
  8
0
 10
701.000000
 20
22.500000
 42
-0.011886
  0
VERTEX
  8
0
 10
697.973242
 20
19.577487
 42
-0.048077
  0
VERTEX
  8
0
 10
695.930364
 20
18.030834
 42
-0.074769
  0
VERTEX
  8
0
 10
694.125658
 20
17.262096
 42
-0.063442
  0
VERTEX
  8
0
 10
692.068320
 20
17.000000
 42
0.000000
  0
VERTEX
  8
0
 10
688.568320
 20
17.000000
 42
0.000000
  0
VERTEX
  8
0
 10
694.000000
 20
22.500000
 42
-0.011886
  0
VERTEX
  8
0
 10
697.026758
 20
25.422513
 42
-0.048077
  0
VERTEX
  8
0
 10
699.069636
 20
26.969166
 42
-0.074769
  0
VERTEX
  8
0
 10
700.874342
 20
27.737904
 42
-0.063442
  0
VERTEX
  8
0
 10
702.931680
 20
28.000000
 42
0.000000
  0
VERTEX
  8
0
 10
706.431680
 20
28.000000
 42
0.000000
  0
SEQEND
  0
POLYLINE
  8
0
 66
1
 70
1
  0
VERTEX
  8
0
 10
709.000000
 20
22.500000
 42
-0.011886
  0
VERTEX
  8
0
 10
705.973242
 20
19.577487
 42
-0.048077
  0
VERTEX
  8
0
 10
703.930364
 20
18.030834
 42
-0.074769
  0
VERTEX
  8
0
 10
702.125658
 20
17.262096
 42
-0.063442
  0
VERTEX
  8
0
 10
700.068320
 20
17.000000
 42
0.000000
  0
VERTEX
  8
0
 10
696.568320
 20
17.000000
 42
0.000000
  0
VERTEX
  8
0
 10
702.000000
 20
22.500000
 42
-0.011886
  0
VERTEX
  8
0
 10
705.026758
 20
25.422513
 42
-0.048077
  0
VERTEX
  8
0
 10
707.069636
 20
26.969166
 42
-0.074769
  0
VERTEX
  8
0
 10
708.874342
 20
27.737904
 42
-0.063442
  0
VERTEX
  8
0
 10
710.931680
 20
28.000000
 42
0.000000
  0
VERTEX
  8
0
 10
714.431680
 20
28.000000
 42
0.000000
  0
SEQEND
  0
POLYLINE
  8
0
 66
1
 70
1
  0
VERTEX
  8
0
 10
717.000000
 20
22.500000
 42
-0.011886
  0
VERTEX
  8
0
 10
713.973242
 20
19.577487
 42
-0.048077
  0
VERTEX
  8
0
 10
711.930364
 20
18.030834
 42
-0.074769
  0
VERTEX
  8
0
 10
710.125658
 20
17.262096
 42
-0.063442
  0
VERTEX
  8
0
 10
708.068320
 20
17.000000
 42
0.000000
  0
VERTEX
  8
0
 10
704.568320
 20
17.000000
 42
0.000000
  0
VERTEX
  8
0
 10
710.000000
 20
22.500000
 42
-0.011886
  0
VERTEX
  8
0
 10
713.026758
 20
25.422513
 42
-0.048077
  0
VERTEX
  8
0
 10
715.069636
 20
26.969166
 42
-0.074769
  0
VERTEX
  8
0
 10
716.874342
 20
27.737904
 42
-0.063442
  0
VERTEX
  8
0
 10
718.931680
 20
28.000000
 42
0.000000
  0
VERTEX
  8
0
 10
722.431680
 20
28.000000
 42
0.000000
  0
SEQEND
  0
POLYLINE
  8
0
 66
1
 70
1
  0
VERTEX
  8
0
 10
725.000000
 20
22.500000
 42
-0.011886
  0
VERTEX
  8
0
 10
721.973242
 20
19.577487
 42
-0.048077
  0
VERTEX
  8
0
 10
719.930364
 20
18.030834
 42
-0.074769
  0
VERTEX
  8
0
 10
718.125658
 20
17.262096
 42
-0.063442
  0
VERTEX
  8
0
 10
716.068320
 20
17.000000
 42
0.000000
  0
VERTEX
  8
0
 10
712.568320
 20
17.000000
 42
0.000000
  0
VERTEX
  8
0
 10
718.000000
 20
22.500000
 42
-0.011886
  0
VERTEX
  8
0
 10
721.026758
 20
25.422513
 42
-0.048077
  0
VERTEX
  8
0
 10
723.069636
 20
26.969166
 42
-0.074769
  0
VERTEX
  8
0
 10
724.874342
 20
27.737904
 42
-0.063442
  0
VERTEX
  8
0
 10
726.931680
 20
28.000000
 42
0.000000
  0
VERTEX
  8
0
 10
730.431680
 20
28.000000
 42
0.000000
  0
SEQEND
  0
POLYLINE
  8
0
 66
1
 70
1
  0
VERTEX
  8
0
 10
733.000000
 20
22.500000
 42
-0.011886
  0
VERTEX
  8
0
 10
729.973242
 20
19.577487
 42
-0.048077
  0
VERTEX
  8
0
 10
727.930364
 20
18.030834
 42
-0.074769
  0
VERTEX
  8
0
 10
726.125658
 20
17.262096
 42
-0.063442
  0
VERTEX
  8
0
 10
724.068320
 20
17.000000
 42
0.000000
  0
VERTEX
  8
0
 10
720.568320
 20
17.000000
 42
0.000000
  0
VERTEX
  8
0
 10
726.000000
 20
22.500000
 42
-0.011886
  0
VERTEX
  8
0
 10
729.026758
 20
25.422513
 42
-0.048077
  0
VERTEX
  8
0
 10
731.069636
 20
26.969166
 42
-0.074769
  0
VERTEX
  8
0
 10
732.874342
 20
27.737904
 42
-0.063442
  0
VERTEX
  8
0
 10
734.931680
 20
28.000000
 42
0.000000
  0
VERTEX
  8
0
 10
738.431680
 20
28.000000
 42
0.000000
  0
SEQEND
  0
POLYLINE
  8
0
 66
1
 70
1
  0
VERTEX
  8
0
 10
741.000000
 20
22.500000
 42
-0.011886
  0
VERTEX
  8
0
 10
737.973242
 20
19.577487
 42
-0.048077
  0
VERTEX
  8
0
 10
735.930364
 20
18.030834
 42
-0.074769
  0
VERTEX
  8
0
 10
734.125658
 20
17.262096
 42
-0.063442
  0
VERTEX
  8
0
 10
732.068320
 20
17.000000
 42
0.000000
  0
VERTEX
  8
0
 10
728.568320
 20
17.000000
 42
0.000000
  0
VERTEX
  8
0
 10
734.000000
 20
22.500000
 42
-0.011886
  0
VERTEX
  8
0
 10
737.026758
 20
25.422513
 42
-0.048077
  0
VERTEX
  8
0
 10
739.069636
 20
26.969166
 42
-0.074769
  0
VERTEX
  8
0
 10
740.874342
 20
27.737904
 42
-0.063442
  0
VERTEX
  8
0
 10
742.931680
 20
28.000000
 42
0.000000
  0
VERTEX
  8
0
 10
746.431680
 20
28.000000
 42
0.000000
  0
SEQEND
  0
POLYLINE
  8
0
 66
1
 70
1
  0
VERTEX
  8
0
 10
749.000000
 20
22.500000
 42
-0.011886
  0
VERTEX
  8
0
 10
745.973242
 20
19.577487
 42
-0.048077
  0
VERTEX
  8
0
 10
743.930364
 20
18.030834
 42
-0.074769
  0
VERTEX
  8
0
 10
742.125658
 20
17.262096
 42
-0.063442
  0
VERTEX
  8
0
 10
740.068320
 20
17.000000
 42
0.000000
  0
VERTEX
  8
0
 10
736.568320
 20
17.000000
 42
0.000000
  0
VERTEX
  8
0
 10
742.000000
 20
22.500000
 42
-0.011886
  0
VERTEX
  8
0
 10
745.026758
 20
25.422513
 42
-0.048077
  0
VERTEX
  8
0
 10
747.069636
 20
26.969166
 42
-0.074769
  0
VERTEX
  8
0
 10
748.874342
 20
27.737904
 42
-0.063442
  0
VERTEX
  8
0
 10
750.931680
 20
28.000000
 42
0.000000
  0
VERTEX
  8
0
 10
754.431680
 20
28.000000
 42
0.000000
  0
SEQEND
  0
POLYLINE
  8
0
 66
1
 70
1
  0
VERTEX
  8
0
 10
757.000000
 20
22.500000
 42
-0.011886
  0
VERTEX
  8
0
 10
753.973242
 20
19.577487
 42
-0.048077
  0
VERTEX
  8
0
 10
751.930364
 20
18.030834
 42
-0.074769
  0
VERTEX
  8
0
 10
750.125658
 20
17.262096
 42
-0.063442
  0
VERTEX
  8
0
 10
748.068320
 20
17.000000
 42
0.000000
  0
VERTEX
  8
0
 10
744.568320
 20
17.000000
 42
0.000000
  0
VERTEX
  8
0
 10
750.000000
 20
22.500000
 42
-0.011886
  0
VERTEX
  8
0
 10
753.026758
 20
25.422513
 42
-0.048077
  0
VERTEX
  8
0
 10
755.069636
 20
26.969166
 42
-0.074769
  0
VERTEX
  8
0
 10
756.874342
 20
27.737904
 42
-0.063442
  0
VERTEX
  8
0
 10
758.931680
 20
28.000000
 42
0.000000
  0
VERTEX
  8
0
 10
762.431680
 20
28.000000
 42
0.000000
  0
SEQEND
  0
POLYLINE
  8
0
 66
1
 70
1
  0
VERTEX
  8
0
 10
376.984687
 20
20.750000
 42
-0.025197
  0
VERTEX
  8
0
 10
376.918105
 20
19.312957
 42
-0.040047
  0
VERTEX
  8
0
 10
376.701752
 20
18.101562
 42
-0.048007
  0
VERTEX
  8
0
 10
376.385402
 20
17.242199
 42
-0.288131
  0
VERTEX
  8
0
 10
376.000000
 20
17.000000
 42
-0.328287
  0
VERTEX
  8
0
 10
375.610412
 20
17.286691
 42
-0.029154
  0
VERTEX
  8
0
 10
375.298248
 20
18.542187
 42
-0.029164
  0
VERTEX
  8
0
 10
375.081612
 20
20.237542
 42
-0.017926
  0
VERTEX
  8
0
 10
375.015313
 20
22.250000
 42
-0.008942
  0
VERTEX
  8
0
 10
375.066096
 20
24.691088
 42
-0.054580
  0
VERTEX
  8
0
 10
375.251528
 20
25.937110
 42
-0.323524
  0
VERTEX
  8
0
 10
375.583545
 20
26.210142
 42
-0.271245
  0
VERTEX
  8
0
 10
376.000000
 20
26.000000
 42
-0.074236
  0
VERTEX
  8
0
 10
376.374900
 20
25.172821
 42
-0.022986
  0
VERTEX
  8
0
 10
376.689119
 20
23.839063
 42
-0.022426
  0
VERTEX
  8
0
 10
376.907494
 20
22.295701
 42
-0.022912
  0
SEQEND
  0
POLYLINE
  8
0
 66
1
 70
1
  0
VERTEX
  8
0
 10
397.729167
 20
26.395833
 42
-0.126455
  0
VERTEX
  8
0
 10
397.402231
 20
26.202593
 42
-0.060344
  0
VERTEX
  8
0
 10
396.916927
 20
26.123424
 42
-0.054150
  0
VERTEX
  8
0
 10
396.359369
 20
26.160852
 42
-0.051402
  0
VERTEX
  8
0
 10
395.812500
 20
26.316886
 42
-0.054073
  0
VERTEX
  8
0
 10
395.395823
 20
26.538436
 42
-0.470617
  0
VERTEX
  8
0
 10
395.378580
 20
26.720685
 42
-0.168741
  0
VERTEX
  8
0
 10
395.670344
 20
26.862007
 42
-0.018894
  0
VERTEX
  8
0
 10
396.416667
 20
26.921053
 42
-0.028489
  0
VERTEX
  8
0
 10
397.112848
 20
26.910055
 42
-0.077125
  0
VERTEX
  8
0
 10
397.592839
 20
26.799335
 42
-0.208169
  0
VERTEX
  8
0
 10
397.775380
 20
26.614691
 42
-0.296942
  0
SEQEND
  0
POLYLINE
  8
0
 66
1
 70
1
  0
VERTEX
  8
0
 10
422.797482
 20
26.257546
 42
-0.007070
  0
VERTEX
  8
0
 10
419.250287
 20
26.151213
 42
-0.003921
  0
VERTEX
  8
0
 10
414.920193
 20
26.116635
 42
-0.003909
  0
VERTEX
  8
0
 10
410.533582
 20
26.150299
 42
-0.006295
  0
VERTEX
  8
0
 10
406.797482
 20
26.255245
 42
-0.032437
  0
VERTEX
  8
0
 10
405.630083
 20
26.378893
 42
-0.898123
  0
VERTEX
  8
0
 10
405.637385
 20
26.494396
 42
-0.009257
  0
VERTEX
  8
0
 10
408.766482
 20
26.574501
 42
-0.001734
  0
VERTEX
  8
0
 10
414.500000
 20
26.595210
 42
-0.001786
  0
VERTEX
  8
0
 10
420.242314
 20
26.575527
 42
-0.008418
  0
VERTEX
  8
0
 10
423.537385
 20
26.496971
 42
-0.852078
  0
VERTEX
  8
0
 10
423.551330
 20
26.380065
 42
-0.058571
  0
SEQEND
  0
POLYLINE
  8
0
 66
1
 70
1
  0
VERTEX
  8
0
 10
433.729167
 20
26.395833
 42
-0.126455
  0
VERTEX
  8
0
 10
433.402231
 20
26.202593
 42
-0.060344
  0
VERTEX
  8
0
 10
432.916927
 20
26.123424
 42
-0.054150
  0
VERTEX
  8
0
 10
432.359369
 20
26.160852
 42
-0.051402
  0
VERTEX
  8
0
 10
431.812500
 20
26.316886
 42
-0.054073
  0
VERTEX
  8
0
 10
431.395823
 20
26.538436
 42
-0.470617
  0
VERTEX
  8
0
 10
431.378580
 20
26.720685
 42
-0.168741
  0
VERTEX
  8
0
 10
431.670344
 20
26.862007
 42
-0.018894
  0
VERTEX
  8
0
 10
432.416667
 20
26.921053
 42
-0.028489
  0
VERTEX
  8
0
 10
433.112848
 20
26.910055
 42
-0.077125
  0
VERTEX
  8
0
 10
433.592839
 20
26.799335
 42
-0.208169
  0
VERTEX
  8
0
 10
433.775380
 20
26.614691
 42
-0.296942
  0
SEQEND
  0
POLYLINE
  8
0
 66
1
 70
1
  0
VERTEX
  8
0
 10
454.000000
 20
22.000000
 42
-0.018830
  0
VERTEX
  8
0
 10
453.927795
 20
20.083446
 42
-0.030530
  0
VERTEX
  8
0
 10
453.706250
 20
18.468750
 42
-0.031449
  0
VERTEX
  8
0
 10
453.389817
 20
17.280551
 42
-0.322437
  0
VERTEX
  8
0
 10
453.000000
 20
17.000000
 42
-0.368560
  0
VERTEX
  8
0
 10
452.302661
 20
17.594821
 42
-0.027931
  0
VERTEX
  8
0
 10
452.028776
 20
20.257548
 42
-0.033848
  0
VERTEX
  8
0
 10
452.090360
 20
23.187123
 42
-0.069541
  0
VERTEX
  8
0
 10
452.606989
 20
25.418213
 42
-0.051025
  0
VERTEX
  8
0
 10
453.258359
 20
26.705720
 42
-0.607712
  0
VERTEX
  8
0
 10
453.689237
 20
26.666107
 42
-0.089964
  0
VERTEX
  8
0
 10
453.951988
 20
25.418271
 42
-0.007023
  0
SEQEND
  0
POLYLINE
  8
0
 66
1
 70
1
  0
VERTEX
  8
0
 10
777.415347
 20
18.906460
 42
-0.070860
  0
VERTEX
  8
0
 10
776.456221
 20
18.108796
 42
-0.051527
  0
VERTEX
  8
0
 10
775.204505
 20
17.505226
 42
-0.047125
  0
VERTEX
  8
0
 10
773.736211
 20
17.126931
 42
-0.039515
  0
VERTEX
  8
0
 10
772.132604
 20
17.000000
 42
0.000000
  0
VERTEX
  8
0
 10
768.575184
 20
17.000000
 42
0.000000
  0
VERTEX
  8
0
 10
773.537592
 20
22.051089
 42
0.000000
  0
VERTEX
  8
0
 10
778.500000
 20
27.102178
 42
0.000000
  0
VERTEX
  8
0
 10
778.820335
 20
23.957549
 42
-0.044947
  0
VERTEX
  8
0
 10
778.837096
 20
22.522920
 42
-0.048324
  0
VERTEX
  8
0
 10
778.593682
 20
21.143994
 42
-0.051103
  0
VERTEX
  8
0
 10
778.110330
 20
19.910315
 42
-0.065099
  0
SEQEND
  0
POLYLINE
  8
0
 66
1
 70
1
  0
VERTEX
  8
0
 10
328.605958
 20
18.415527
 42
-0.157574
  0
VERTEX
  8
0
 10
328.132965
 20
17.829403
 42
-0.065005
  0
VERTEX
  8
0
 10
327.203558
 20
17.381129
 42
-0.050385
  0
VERTEX
  8
0
 10
325.911344
 20
17.093666
 42
-0.029561
  0
VERTEX
  8
0
 10
324.328437
 20
17.000000
 42
0.000000
  0
VERTEX
  8
0
 10
320.594104
 20
17.000000
 42
0.000000
  0
VERTEX
  8
0
 10
324.547052
 20
21.061745
 42
0.000000
  0
VERTEX
  8
0
 10
328.500000
 20
25.123490
 42
0.000000
  0
VERTEX
  8
0
 10
328.824574
 20
22.477273
 42
-0.023350
  0
VERTEX
  8
0
 10
328.908902
 20
21.360298
 42
-0.020611
  0
VERTEX
  8
0
 10
328.894242
 20
20.192570
 42
-0.021124
  0
VERTEX
  8
0
 10
328.792943
 20
19.140760
 42
-0.057100
  0
SEQEND
  0
POLYLINE
  8
0
 66
1
 70
1
  0
VERTEX
  8
0
 10
450.000000
 20
21.460526
 42
0.000000
  0
VERTEX
  8
0
 10
450.000000
 20
18.000000
 42
0.000000
  0
VERTEX
  8
0
 10
414.500000
 20
18.000000
 42
0.000000
  0
VERTEX
  8
0
 10
379.000000
 20
18.000000
 42
0.000000
  0
VERTEX
  8
0
 10
379.000000
 20
21.460526
 42
0.000000
  0
VERTEX
  8
0
 10
379.000000
 20
24.921053
 42
0.000000
  0
VERTEX
  8
0
 10
414.500000
 20
24.921053
 42
0.000000
  0
VERTEX
  8
0
 10
450.000000
 20
24.921053
 42
0.000000
  0
SEQEND
  0
POLYLINE
  8
0
 66
1
 70
1
  0
VERTEX
  8
0
 10
103.000000
 20
20.000000
 42
-0.031162
  0
VERTEX
  8
0
 10
102.893327
 20
18.290099
 42
-0.174494
  0
VERTEX
  8
0
 10
102.484409
 20
17.485324
 42
-0.163634
  0
VERTEX
  8
0
 10
101.640028
 20
17.097280
 42
-0.026602
  0
VERTEX
  8
0
 10
99.812909
 20
17.000000
 42
0.000000
  0
VERTEX
  8
0
 10
96.625818
 20
17.000000
 42
0.000000
  0
VERTEX
  8
0
 10
99.500000
 20
20.000000
 42
-0.005081
  0
VERTEX
  8
0
 10
100.624204
 20
21.149798
 42
-0.007831
  0
VERTEX
  8
0
 10
101.621808
 20
22.118750
 42
-0.003317
  0
VERTEX
  8
0
 10
102.486588
 20
22.922013
 42
-0.187632
  0
VERTEX
  8
0
 10
102.687091
 20
23.000000
 42
-0.372580
  0
VERTEX
  8
0
 10
102.811623
 20
22.892246
 42
-0.010070
  0
VERTEX
  8
0
 10
102.908083
 20
22.118750
 42
-0.016197
  0
VERTEX
  8
0
 10
102.977485
 20
21.150236
 42
-0.009786
  0
SEQEND
  0
POLYLINE
  8
0
 66
1
 70
1
  0
VERTEX
  8
0
 10
175.000000
 20
20.000000
 42
-0.031162
  0
VERTEX
  8
0
 10
174.893327
 20
18.290099
 42
-0.174494
  0
VERTEX
  8
0
 10
174.484409
 20
17.485324
 42
-0.163634
  0
VERTEX
  8
0
 10
173.640028
 20
17.097280
 42
-0.026602
  0
VERTEX
  8
0
 10
171.812909
 20
17.000000
 42
0.000000
  0
VERTEX
  8
0
 10
168.625818
 20
17.000000
 42
0.000000
  0
VERTEX
  8
0
 10
171.500000
 20
20.000000
 42
-0.005081
  0
VERTEX
  8
0
 10
172.624204
 20
21.149798
 42
-0.007831
  0
VERTEX
  8
0
 10
173.621808
 20
22.118750
 42
-0.003317
  0
VERTEX
  8
0
 10
174.486588
 20
22.922013
 42
-0.187632
  0
VERTEX
  8
0
 10
174.687091
 20
23.000000
 42
-0.372580
  0
VERTEX
  8
0
 10
174.811623
 20
22.892246
 42
-0.010070
  0
VERTEX
  8
0
 10
174.908083
 20
22.118750
 42
-0.016197
  0
VERTEX
  8
0
 10
174.977485
 20
21.150236
 42
-0.009786
  0
SEQEND
  0
POLYLINE
  8
0
 66
1
 70
1
  0
VERTEX
  8
0
 10
135.000000
 20
19.000000
 42
-0.250083
  0
VERTEX
  8
0
 10
134.402252
 20
17.879642
 42
-0.116079
  0
VERTEX
  8
0
 10
132.812500
 20
17.282258
 42
-0.029960
  0
VERTEX
  8
0
 10
129.302909
 20
17.041753
 42
-0.002130
  0
VERTEX
  8
0
 10
119.500000
 20
17.000000
 42
-0.002130
  0
VERTEX
  8
0
 10
109.697091
 20
17.041753
 42
-0.029960
  0
VERTEX
  8
0
 10
106.187500
 20
17.282258
 42
-0.116079
  0
VERTEX
  8
0
 10
104.597748
 20
17.879642
 42
-0.250083
  0
VERTEX
  8
0
 10
104.000000
 20
19.000000
 42
-0.250083
  0
VERTEX
  8
0
 10
104.597748
 20
20.120358
 42
-0.116079
  0
VERTEX
  8
0
 10
106.187500
 20
20.717742
 42
-0.029960
  0
VERTEX
  8
0
 10
109.697091
 20
20.958247
 42
-0.002130
  0
VERTEX
  8
0
 10
119.500000
 20
21.000000
 42
-0.002130
  0
VERTEX
  8
0
 10
129.302909
 20
20.958247
 42
-0.029960
  0
VERTEX
  8
0
 10
132.812500
 20
20.717742
 42
-0.116079
  0
VERTEX
  8
0
 10
134.402252
 20
20.120358
 42
-0.250083
  0
SEQEND
  0
POLYLINE
  8
0
 66
1
 70
1
  0
VERTEX
  8
0
 10
207.000000
 20
19.000000
 42
-0.250083
  0
VERTEX
  8
0
 10
206.402252
 20
17.879642
 42
-0.116079
  0
VERTEX
  8
0
 10
204.812500
 20
17.282258
 42
-0.029960
  0
VERTEX
  8
0
 10
201.302909
 20
17.041753
 42
-0.002130
  0
VERTEX
  8
0
 10
191.500000
 20
17.000000
 42
-0.002130
  0
VERTEX
  8
0
 10
181.697091
 20
17.041753
 42
-0.029960
  0
VERTEX
  8
0
 10
178.187500
 20
17.282258
 42
-0.116079
  0
VERTEX
  8
0
 10
176.597748
 20
17.879642
 42
-0.250083
  0
VERTEX
  8
0
 10
176.000000
 20
19.000000
 42
-0.250083
  0
VERTEX
  8
0
 10
176.597748
 20
20.120358
 42
-0.116079
  0
VERTEX
  8
0
 10
178.187500
 20
20.717742
 42
-0.029960
  0
VERTEX
  8
0
 10
181.697091
 20
20.958247
 42
-0.002130
  0
VERTEX
  8
0
 10
191.500000
 20
21.000000
 42
-0.002130
  0
VERTEX
  8
0
 10
201.302909
 20
20.958247
 42
-0.029960
  0
VERTEX
  8
0
 10
204.812500
 20
20.717742
 42
-0.116079
  0
VERTEX
  8
0
 10
206.402252
 20
20.120358
 42
-0.250083
  0
SEQEND
  0
POLYLINE
  8
0
 66
1
 70
1
  0
VERTEX
  8
0
 10
361.000000
 20
19.000000
 42
-0.250083
  0
VERTEX
  8
0
 10
360.402252
 20
17.879642
 42
-0.116079
  0
VERTEX
  8
0
 10
358.812500
 20
17.282258
 42
-0.029960
  0
VERTEX
  8
0
 10
355.302909
 20
17.041753
 42
-0.002130
  0
VERTEX
  8
0
 10
345.500000
 20
17.000000
 42
-0.002130
  0
VERTEX
  8
0
 10
335.697091
 20
17.041753
 42
-0.029960
  0
VERTEX
  8
0
 10
332.187500
 20
17.282258
 42
-0.116079
  0
VERTEX
  8
0
 10
330.597748
 20
17.879642
 42
-0.250083
  0
VERTEX
  8
0
 10
330.000000
 20
19.000000
 42
-0.250083
  0
VERTEX
  8
0
 10
330.597748
 20
20.120358
 42
-0.116079
  0
VERTEX
  8
0
 10
332.187500
 20
20.717742
 42
-0.029960
  0
VERTEX
  8
0
 10
335.697091
 20
20.958247
 42
-0.002130
  0
VERTEX
  8
0
 10
345.500000
 20
21.000000
 42
-0.002130
  0
VERTEX
  8
0
 10
355.302909
 20
20.958247
 42
-0.029960
  0
VERTEX
  8
0
 10
358.812500
 20
20.717742
 42
-0.116079
  0
VERTEX
  8
0
 10
360.402252
 20
20.120358
 42
-0.250083
  0
SEQEND
  0
POLYLINE
  8
0
 66
1
 70
1
  0
VERTEX
  8
0
 10
373.000000
 20
19.000000
 42
-0.073070
  0
VERTEX
  8
0
 10
372.868413
 20
18.104385
 42
-0.133516
  0
VERTEX
  8
0
 10
372.480627
 20
17.482020
 42
-0.126147
  0
VERTEX
  8
0
 10
371.812972
 20
17.119750
 42
-0.061622
  0
VERTEX
  8
0
 10
370.845012
 20
17.000000
 42
-0.014191
  0
VERTEX
  8
0
 10
369.491255
 20
17.038430
 42
-0.349021
  0
VERTEX
  8
0
 10
369.229349
 20
17.272045
 42
-0.222937
  0
VERTEX
  8
0
 10
369.342025
 20
17.682566
 42
-0.007247
  0
VERTEX
  8
0
 10
370.500000
 20
19.000000
 42
-0.008839
  0
VERTEX
  8
0
 10
371.218546
 20
19.766310
 42
-0.012942
  0
VERTEX
  8
0
 10
371.879642
 20
20.412500
 42
-0.008331
  0
VERTEX
  8
0
 10
372.448158
 20
20.922763
 42
-0.180624
  0
VERTEX
  8
0
 10
372.654988
 20
21.000000
 42
-0.337243
  0
VERTEX
  8
0
 10
372.790133
 20
20.897149
 42
-0.024733
  0
VERTEX
  8
0
 10
372.898653
 20
20.412500
 42
-0.026491
  0
VERTEX
  8
0
 10
372.975118
 20
19.766692
 42
-0.016222
  0
SEQEND
  0
POLYLINE
  8
0
 66
1
 70
1
  0
VERTEX
  8
0
 10
499.000000
 20
19.000000
 42
-0.250083
  0
VERTEX
  8
0
 10
498.402252
 20
17.879642
 42
-0.116079
  0
VERTEX
  8
0
 10
496.812500
 20
17.282258
 42
-0.029960
  0
VERTEX
  8
0
 10
493.302909
 20
17.041753
 42
-0.002130
  0
VERTEX
  8
0
 10
483.500000
 20
17.000000
 42
-0.002130
  0
VERTEX
  8
0
 10
473.697091
 20
17.041753
 42
-0.029960
  0
VERTEX
  8
0
 10
470.187500
 20
17.282258
 42
-0.116079
  0
VERTEX
  8
0
 10
468.597748
 20
17.879642
 42
-0.250083
  0
VERTEX
  8
0
 10
468.000000
 20
19.000000
 42
-0.250083
  0
VERTEX
  8
0
 10
468.597748
 20
20.120358
 42
-0.116079
  0
VERTEX
  8
0
 10
470.187500
 20
20.717742
 42
-0.029960
  0
VERTEX
  8
0
 10
473.697091
 20
20.958247
 42
-0.002130
  0
VERTEX
  8
0
 10
483.500000
 20
21.000000
 42
-0.002130
  0
VERTEX
  8
0
 10
493.302909
 20
20.958247
 42
-0.029960
  0
VERTEX
  8
0
 10
496.812500
 20
20.717742
 42
-0.116079
  0
VERTEX
  8
0
 10
498.402252
 20
20.120358
 42
-0.250083
  0
SEQEND
  0
POLYLINE
  8
0
 66
1
 70
1
  0
VERTEX
  8
0
 10
467.000000
 20
18.000000
 42
-0.105053
  0
VERTEX
  8
0
 10
466.918938
 20
17.618444
 42
-0.099167
  0
VERTEX
  8
0
 10
466.688914
 20
17.293750
 42
-0.096420
  0
VERTEX
  8
0
 10
466.345238
 20
17.076123
 42
-0.093332
  0
VERTEX
  8
0
 10
465.940983
 20
17.000000
 42
-0.108972
  0
VERTEX
  8
0
 10
465.586039
 20
17.078288
 42
-0.182303
  0
VERTEX
  8
0
 10
465.374600
 20
17.293750
 42
-0.161196
  0
VERTEX
  8
0
 10
465.343488
 20
17.617900
 42
-0.082592
  0
VERTEX
  8
0
 10
465.500000
 20
18.000000
 42
-0.029505
  0
VERTEX
  8
0
 10
465.768994
 20
18.382774
 42
-0.035638
  0
VERTEX
  8
0
 10
466.066025
 20
18.706250
 42
-0.038439
  0
VERTEX
  8
0
 10
466.348290
 20
18.934461
 42
-0.151918
  0
VERTEX
  8
0
 10
466.559017
 20
19.000000
 42
-0.210953
  0
VERTEX
  8
0
 10
466.727648
 20
18.925540
 42
-0.081139
  0
VERTEX
  8
0
 10
466.870461
 20
18.706250
 42
-0.061769
  0
VERTEX
  8
0
 10
466.967655
 20
18.382849
 42
-0.042167
  0
SEQEND
  0
POLYLINE
  8
0
 66
1
 70
1
  0
VERTEX
  8
0
 10
779.000000
 20
18.000000
 42
-0.105053
  0
VERTEX
  8
0
 10
778.918938
 20
17.618444
 42
-0.099167
  0
VERTEX
  8
0
 10
778.688914
 20
17.293750
 42
-0.096420
  0
VERTEX
  8
0
 10
778.345238
 20
17.076123
 42
-0.093332
  0
VERTEX
  8
0
 10
777.940983
 20
17.000000
 42
-0.108972
  0
VERTEX
  8
0
 10
777.586039
 20
17.078288
 42
-0.182303
  0
VERTEX
  8
0
 10
777.374600
 20
17.293750
 42
-0.161196
  0
VERTEX
  8
0
 10
777.343488
 20
17.617900
 42
-0.082592
  0
VERTEX
  8
0
 10
777.500000
 20
18.000000
 42
-0.029505
  0
VERTEX
  8
0
 10
777.768994
 20
18.382774
 42
-0.035638
  0
VERTEX
  8
0
 10
778.066025
 20
18.706250
 42
-0.038439
  0
VERTEX
  8
0
 10
778.348290
 20
18.934461
 42
-0.151918
  0
VERTEX
  8
0
 10
778.559017
 20
19.000000
 42
-0.210953
  0
VERTEX
  8
0
 10
778.727648
 20
18.925540
 42
-0.081139
  0
VERTEX
  8
0
 10
778.870461
 20
18.706250
 42
-0.061769
  0
VERTEX
  8
0
 10
778.967655
 20
18.382849
 42
-0.042167
  0
SEQEND
  0
POLYLINE
  8
0
 66
1
 70
1
  0
VERTEX
  8
0
 10
255.288070
 20
540.087265
 42
0.015873
  0
VERTEX
  8
0
 10
253.954518
 20
538.900409
 42
0.175181
  0
VERTEX
  8
0
 10
253.639092
 20
538.271601
 42
0.216136
  0
VERTEX
  8
0
 10
253.834744
 20
537.655768
 42
0.025478
  0
VERTEX
  8
0
 10
254.875756
 20
536.612439
 42
0.030413
  0
VERTEX
  8
0
 10
255.988112
 20
535.722526
 42
0.186214
  0
VERTEX
  8
0
 10
256.688216
 20
535.546935
 42
0.158855
  0
VERTEX
  8
0
 10
257.388354
 20
535.874453
 42
0.020654
  0
VERTEX
  8
0
 10
258.559624
 20
537.065884
 42
0.018182
  0
VERTEX
  8
0
 10
259.302543
 20
537.949334
 42
0.091816
  0
VERTEX
  8
0
 10
259.598728
 20
538.518633
 42
0.366750
  0
VERTEX
  8
0
 10
259.486264
 20
538.779938
 42
0.176133
  0
VERTEX
  8
0
 10
259.096938
 20
538.823979
 42
-0.103454
  0
VERTEX
  8
0
 10
258.543839
 20
538.807453
 42
-0.088302
  0
VERTEX
  8
0
 10
257.995425
 20
539.009165
 42
-0.085493
  0
VERTEX
  8
0
 10
257.535820
 20
539.395635
 42
-0.088463
  0
VERTEX
  8
0
 10
257.238550
 20
539.909350
 42
-0.061007
  0
VERTEX
  8
0
 10
257.098117
 20
540.519407
 42
-0.282402
  0
VERTEX
  8
0
 10
257.247585
 20
540.831952
 42
-0.202773
  0
VERTEX
  8
0
 10
257.653478
 20
540.903353
 42
-0.035118
  0
VERTEX
  8
0
 10
258.415488
 20
540.670804
 42
0.030934
  0
VERTEX
  8
0
 10
259.067115
 20
540.465972
 42
0.138102
  0
VERTEX
  8
0
 10
259.463634
 20
540.478569
 42
0.341176
  0
VERTEX
  8
0
 10
259.598473
 20
540.672737
 42
0.126411
  0
VERTEX
  8
0
 10
259.492921
 20
541.011454
 42
0.109490
  0
VERTEX
  8
0
 10
258.803369
 20
541.720182
 42
0.202021
  0
VERTEX
  8
0
 10
258.026028
 20
541.863502
 42
0.101786
  0
VERTEX
  8
0
 10
256.980608
 20
541.397619
 42
0.018357
  0
SEQEND
  0
POLYLINE
  8
0
 66
1
 70
1
  0
VERTEX
  8
0
 10
257.075000
 20
537.725000
 42
-0.175736
  0
VERTEX
  8
0
 10
256.786965
 20
537.130242
 42
-0.239194
  0
VERTEX
  8
0
 10
256.227257
 20
536.955686
 42
-0.167686
  0
VERTEX
  8
0
 10
255.586752
 20
537.305209
 42
-0.104687
  0
VERTEX
  8
0
 10
255.150000
 20
538.050000
 42
-0.089632
  0
VERTEX
  8
0
 10
255.088424
 20
538.477775
 42
-0.189618
  0
VERTEX
  8
0
 10
255.220000
 20
538.780000
 42
-0.189618
  0
VERTEX
  8
0
 10
255.522225
 20
538.911576
 42
-0.089632
  0
VERTEX
  8
0
 10
255.950000
 20
538.850000
 42
-0.053161
  0
VERTEX
  8
0
 10
256.403407
 20
538.643170
 42
-0.062883
  0
VERTEX
  8
0
 10
256.775469
 20
538.354531
 42
-0.073742
  0
VERTEX
  8
0
 10
257.014704
 20
538.031991
 42
-0.149613
  0
SEQEND
  0
POLYLINE
  8
0
 66
1
 70
1
  0
VERTEX
  8
0
 10
111.000000
 20
536.559017
 42
0.071973
  0
VERTEX
  8
0
 10
111.087603
 20
535.953584
 42
0.052915
  0
VERTEX
  8
0
 10
111.347689
 20
535.326439
 42
0.053279
  0
VERTEX
  8
0
 10
111.730732
 20
534.772883
 42
0.076512
  0
VERTEX
  8
0
 10
112.183624
 20
534.386514
 42
-0.098689
  0
VERTEX
  8
0
 10
112.583496
 20
534.013760
 42
-0.279563
  0
VERTEX
  8
0
 10
112.612220
 20
533.648772
 42
-0.152316
  0
VERTEX
  8
0
 10
112.257148
 20
533.281844
 42
-0.031576
  0
VERTEX
  8
0
 10
111.433624
 20
532.897783
 42
0.004645
  0
VERTEX
  8
0
 10
110.285515
 20
532.435834
 42
0.244878
  0
VERTEX
  8
0
 10
110.137324
 20
532.259420
 42
0.457866
  0
VERTEX
  8
0
 10
110.235975
 20
532.127028
 42
0.007879
  0
VERTEX
  8
0
 10
111.250000
 20
532.070285
 42
-0.098970
  0
VERTEX
  8
0
 10
112.373575
 20
531.798377
 42
-0.214206
  0
VERTEX
  8
0
 10
112.943475
 20
531.140717
 42
-0.239682
  0
VERTEX
  8
0
 10
112.799004
 20
530.339942
 42
-0.115870
  0
VERTEX
  8
0
 10
111.975000
 20
529.658333
 42
0.019666
  0
VERTEX
  8
0
 10
111.634450
 20
529.472415
 42
0.504253
  0
VERTEX
  8
0
 10
111.625625
 20
529.382345
 42
0.229775
  0
VERTEX
  8
0
 10
111.763807
 20
529.342212
 42
0.012274
  0
VERTEX
  8
0
 10
112.225000
 20
529.432629
 42
0.118772
  0
VERTEX
  8
0
 10
112.701206
 20
529.665357
 42
0.086870
  0
VERTEX
  8
0
 10
113.084670
 20
530.114682
 42
0.079426
  0
VERTEX
  8
0
 10
113.318303
 20
530.708824
 42
0.075267
  0
VERTEX
  8
0
 10
113.361111
 20
531.357629
 42
-0.080082
  0
VERTEX
  8
0
 10
113.408537
 20
531.984945
 42
-0.098349
  0
VERTEX
  8
0
 10
113.653671
 20
532.517553
 42
-0.110610
  0
VERTEX
  8
0
 10
114.055997
 20
532.872603
 42
-0.126349
  0
VERTEX
  8
0
 10
114.552094
 20
533.000000
 42
0.060886
  0
VERTEX
  8
0
 10
115.102357
 20
533.067256
 42
0.051050
  0
VERTEX
  8
0
 10
115.655933
 20
533.266355
 42
0.053235
  0
VERTEX
  8
0
 10
116.130317
 20
533.559582
 42
0.089542
  0
VERTEX
  8
0
 10
116.442363
 20
533.906741
 42
0.214761
  0
VERTEX
  8
0
 10
116.481177
 20
534.202524
 42
0.249166
  0
VERTEX
  8
0
 10
116.283390
 20
534.402056
 42
0.103734
  0
VERTEX
  8
0
 10
115.802744
 20
534.447698
 42
0.035946
  0
VERTEX
  8
0
 10
115.114239
 20
534.319623
 42
-0.123055
  0
VERTEX
  8
0
 10
113.617268
 20
534.303306
 42
-0.180537
  0
VERTEX
  8
0
 10
112.535355
 20
535.029599
 42
-0.237584
  0
VERTEX
  8
0
 10
112.364446
 20
536.117374
 42
-0.175652
  0
VERTEX
  8
0
 10
113.121885
 20
537.096491
 42
0.018391
  0
VERTEX
  8
0
 10
113.799577
 20
537.561505
 42
0.345083
  0
VERTEX
  8
0
 10
113.863691
 20
537.794931
 42
0.283898
  0
VERTEX
  8
0
 10
113.646453
 20
537.950359
 42
0.014763
  0
VERTEX
  8
0
 10
112.750000
 20
537.984687
 42
0.081038
  0
VERTEX
  8
0
 10
112.081590
 20
537.881634
 42
0.092494
  0
VERTEX
  8
0
 10
111.514062
 20
537.572213
 42
0.101692
  0
VERTEX
  8
0
 10
111.134722
 20
537.107399
 42
0.121036
  0
SEQEND
  0
POLYLINE
  8
0
 66
1
 70
1
  0
VERTEX
  8
0
 10
259.990205
 20
534.488198
 42
0.009151
  0
VERTEX
  8
0
 10
259.288769
 20
533.610828
 42
0.313976
  0
VERTEX
  8
0
 10
259.276768
 20
533.359232
 42
0.346988
  0
VERTEX
  8
0
 10
259.502300
 20
533.278940
 42
0.010113
  0
VERTEX
  8
0
 10
260.519296
 20
533.645778
 42
-0.036332
  0
VERTEX
  8
0
 10
261.446308
 20
533.926227
 42
-0.275427
  0
VERTEX
  8
0
 10
261.862868
 20
533.789854
 42
-0.221660
  0
VERTEX
  8
0
 10
261.997566
 20
533.322526
 42
-0.025040
  0
VERTEX
  8
0
 10
261.766442
 20
532.214877
 42
0.014202
  0
VERTEX
  8
0
 10
261.461802
 20
530.898233
 42
0.387108
  0
VERTEX
  8
0
 10
261.630392
 20
530.616799
 42
0.214971
  0
VERTEX
  8
0
 10
262.054340
 20
530.672700
 42
0.006361
  0
VERTEX
  8
0
 10
263.605703
 20
531.661216
 42
0.022223
  0
VERTEX
  8
0
 10
265.104593
 20
532.741452
 42
0.070892
  0
VERTEX
  8
0
 10
265.952603
 20
533.633077
 42
0.722211
  0
VERTEX
  8
0
 10
265.797432
 20
533.844931
 42
0.060385
  0
VERTEX
  8
0
 10
264.848296
 20
533.406242
 42
-0.144955
  0
VERTEX
  8
0
 10
264.315966
 20
533.261394
 42
-0.090242
  0
VERTEX
  8
0
 10
263.677515
 20
533.392299
 42
-0.076480
  0
VERTEX
  8
0
 10
263.031072
 20
533.775320
 42
-0.063051
  0
VERTEX
  8
0
 10
262.479944
 20
534.358315
 42
0.026092
  0
VERTEX
  8
0
 10
261.741444
 20
535.264963
 42
0.198279
  0
VERTEX
  8
0
 10
261.254020
 20
535.496580
 42
0.206838
  0
VERTEX
  8
0
 10
260.757585
 20
535.312095
 42
0.028594
  0
SEQEND
  0
POLYLINE
  8
0
 66
1
 70
1
  0
VERTEX
  8
0
 10
108.000000
 20
532.059017
 42
0.088797
  0
VERTEX
  8
0
 10
108.072509
 20
531.653950
 42
0.053277
  0
VERTEX
  8
0
 10
108.290385
 20
531.214980
 42
0.051183
  0
VERTEX
  8
0
 10
108.610411
 20
530.810572
 42
0.061454
  0
VERTEX
  8
0
 10
108.988546
 20
530.507079
 42
0.114400
  0
VERTEX
  8
0
 10
109.325929
 20
530.393111
 42
0.329480
  0
VERTEX
  8
0
 10
109.525685
 20
530.512472
 42
0.155351
  0
VERTEX
  8
0
 10
109.556862
 20
530.868281
 42
0.036408
  0
VERTEX
  8
0
 10
109.381557
 20
531.448062
 42
0.029964
  0
VERTEX
  8
0
 10
108.894727
 20
532.519970
 42
0.168622
  0
VERTEX
  8
0
 10
108.441482
 20
532.942608
 42
0.444011
  0
VERTEX
  8
0
 10
108.117673
 20
532.798253
 42
0.079093
  0
SEQEND
  0
POLYLINE
  8
0
 66
1
 70
1
  0
VERTEX
  8
0
 10
802.806381
 20
527.000000
 42
-0.011860
  0
VERTEX
  8
0
 10
802.935862
 20
524.331754
 42
-0.034674
  0
VERTEX
  8
0
 10
802.853855
 20
522.492199
 42
-0.053885
  0
VERTEX
  8
0
 10
802.594092
 20
521.338893
 42
-0.320767
  0
VERTEX
  8
0
 10
802.120191
 20
521.000000
 42
0.088038
  0
VERTEX
  8
0
 10
801.692482
 20
520.924102
 42
0.094662
  0
VERTEX
  8
0
 10
801.329056
 20
520.706250
 42
0.100047
  0
VERTEX
  8
0
 10
801.085942
 20
520.381485
 42
0.111247
  0
VERTEX
  8
0
 10
801.000000
 20
520.000000
 42
0.254951
  0
VERTEX
  8
0
 10
801.209557
 20
519.615738
 42
0.062710
  0
VERTEX
  8
0
 10
801.881250
 20
519.293750
 42
0.048861
  0
VERTEX
  8
0
 10
802.850749
 20
519.072766
 42
0.031626
  0
VERTEX
  8
0
 10
804.000000
 20
519.000000
 42
0.031626
  0
VERTEX
  8
0
 10
805.149251
 20
519.072766
 42
0.048861
  0
VERTEX
  8
0
 10
806.118750
 20
519.293750
 42
0.062710
  0
VERTEX
  8
0
 10
806.790443
 20
519.615738
 42
0.254951
  0
VERTEX
  8
0
 10
807.000000
 20
520.000000
 42
0.099038
  0
VERTEX
  8
0
 10
806.923658
 20
520.381638
 42
0.097945
  0
VERTEX
  8
0
 10
806.706250
 20
520.706250
 42
0.097945
  0
VERTEX
  8
0
 10
806.381638
 20
520.923658
 42
0.099038
  0
VERTEX
  8
0
 10
806.000000
 20
521.000000
 42
-0.287636
  0
VERTEX
  8
0
 10
805.614013
 20
521.242076
 42
-0.047912
  0
VERTEX
  8
0
 10
805.295647
 20
522.101562
 42
-0.040010
  0
VERTEX
  8
0
 10
805.076437
 20
523.312964
 42
-0.025196
  0
VERTEX
  8
0
 10
805.006456
 20
524.750000
 42
0.000000
  0
VERTEX
  8
0
 10
805.012912
 20
528.500000
 42
0.000000
  0
VERTEX
  8
0
 10
809.084262
 20
523.750000
 42
0.010424
  0
VERTEX
  8
0
 10
810.711101
 20
521.930176
 42
0.015020
  0
VERTEX
  8
0
 10
812.230547
 20
520.395313
 42
0.010685
  0
VERTEX
  8
0
 10
813.540474
 20
519.201539
 42
0.181368
  0
VERTEX
  8
0
 10
814.077806
 20
519.000000
 42
0.347287
  0
VERTEX
  8
0
 10
814.440416
 20
519.286402
 42
0.020319
  0
VERTEX
  8
0
 10
814.729105
 20
520.762500
 42
0.023689
  0
VERTEX
  8
0
 10
814.933541
 20
522.699798
 42
0.014443
  0
VERTEX
  8
0
 10
815.000000
 20
525.000000
 42
-0.015416
  0
VERTEX
  8
0
 10
815.071434
 20
527.316313
 42
-0.025878
  0
VERTEX
  8
0
 10
815.291667
 20
529.250000
 42
-0.024068
  0
VERTEX
  8
0
 10
815.604992
 20
530.696775
 42
-0.339565
  0
VERTEX
  8
0
 10
816.000000
 20
531.000000
 42
0.099038
  0
VERTEX
  8
0
 10
816.381638
 20
531.076342
 42
0.097945
  0
VERTEX
  8
0
 10
816.706250
 20
531.293750
 42
0.097945
  0
VERTEX
  8
0
 10
816.923658
 20
531.618362
 42
0.099038
  0
VERTEX
  8
0
 10
817.000000
 20
532.000000
 42
0.220307
  0
VERTEX
  8
0
 10
816.822772
 20
532.382708
 42
0.077491
  0
VERTEX
  8
0
 10
816.293577
 20
532.706250
 42
0.058921
  0
VERTEX
  8
0
 10
815.515987
 20
532.926796
 42
0.039686
  0
VERTEX
  8
0
 10
814.595157
 20
533.000000
 42
0.054023
  0
VERTEX
  8
0
 10
813.235357
 20
532.852648
 42
0.237109
  0
VERTEX
  8
0
 10
812.626692
 20
532.358930
 42
0.123593
  0
VERTEX
  8
0
 10
812.442156
 20
531.331622
 42
0.011539
  0
VERTEX
  8
0
 10
812.678463
 20
528.750000
 42
0.000000
  0
VERTEX
  8
0
 10
813.166613
 20
524.500000
 42
0.000000
  0
VERTEX
  8
0
 10
809.500371
 20
528.750000
 42
0.021526
  0
VERTEX
  8
0
 10
807.969800
 20
530.377111
 42
0.026474
  0
VERTEX
  8
0
 10
806.402644
 20
531.751562
 42
0.026506
  0
VERTEX
  8
0
 10
804.996978
 20
532.742500
 42
0.141189
  0
VERTEX
  8
0
 10
804.103255
 20
533.000000
 42
0.165357
  0
VERTEX
  8
0
 10
803.232013
 20
532.703769
 42
0.177435
  0
VERTEX
  8
0
 10
802.752651
 20
531.946071
 42
0.063266
  0
VERTEX
  8
0
 10
802.616810
 20
530.379699
 42
0.008088
  0
SEQEND
  0
POLYLINE
  8
0
 66
1
 70
1
  0
VERTEX
  8
0
 10
810.470444
 20
525.724605
 42
-0.009469
  0
VERTEX
  8
0
 10
811.900268
 20
523.862205
 42
-0.015416
  0
VERTEX
  8
0
 10
813.033750
 20
522.222993
 42
-0.009174
  0
VERTEX
  8
0
 10
813.885915
 20
520.851023
 42
-0.343323
  0
VERTEX
  8
0
 10
813.843433
 20
520.510099
 42
-0.440788
  0
VERTEX
  8
0
 10
813.180860
 20
520.539892
 42
-0.003636
  0
VERTEX
  8
0
 10
809.501758
 20
525.013466
 42
-0.007952
  0
VERTEX
  8
0
 10
806.116707
 20
529.329611
 42
-0.088556
  0
VERTEX
  8
0
 10
805.125000
 20
531.269771
 42
-0.462511
  0
VERTEX
  8
0
 10
805.309696
 20
531.557577
 42
-0.238781
  0
VERTEX
  8
0
 10
805.770086
 20
531.397331
 42
-0.021168
  0
VERTEX
  8
0
 10
807.223262
 20
529.756200
 42
-0.002177
  0
SEQEND
  0
POLYLINE
  8
0
 66
1
 70
1
  0
VERTEX
  8
0
 10
263.990205
 20
529.488198
 42
0.008368
  0
VERTEX
  8
0
 10
263.298475
 20
528.625744
 42
0.238206
  0
VERTEX
  8
0
 10
263.245667
 20
528.353451
 42
0.422993
  0
VERTEX
  8
0
 10
263.427734
 20
528.255326
 42
0.015098
  0
VERTEX
  8
0
 10
264.257406
 20
528.545281
 42
-0.152226
  0
VERTEX
  8
0
 10
265.546454
 20
528.628249
 42
-0.198200
  0
VERTEX
  8
0
 10
266.493368
 20
527.939019
 42
-0.221245
  0
VERTEX
  8
0
 10
266.618813
 20
526.851164
 42
-0.173078
  0
VERTEX
  8
0
 10
265.878115
 20
525.903509
 42
0.033608
  0
VERTEX
  8
0
 10
265.415766
 20
525.565127
 42
0.141750
  0
VERTEX
  8
0
 10
265.226481
 20
525.282537
 42
0.354094
  0
VERTEX
  8
0
 10
265.299322
 20
525.095887
 42
0.126697
  0
VERTEX
  8
0
 10
265.595012
 20
525.015313
 42
0.128198
  0
VERTEX
  8
0
 10
266.141057
 20
525.149531
 42
0.031822
  0
VERTEX
  8
0
 10
266.927955
 20
525.642492
 42
0.030445
  0
VERTEX
  8
0
 10
267.785306
 20
526.341695
 42
0.026446
  0
VERTEX
  8
0
 10
268.595012
 20
527.171894
 42
0.014818
  0
VERTEX
  8
0
 10
269.250874
 20
527.965924
 42
0.075955
  0
VERTEX
  8
0
 10
269.528659
 20
528.463548
 42
0.521637
  0
VERTEX
  8
0
 10
269.428805
 20
528.608230
 42
0.135033
  0
VERTEX
  8
0
 10
269.098296
 20
528.519119
 42
-0.097724
  0
VERTEX
  8
0
 10
268.422211
 20
528.282267
 42
-0.113559
  0
VERTEX
  8
0
 10
267.744548
 20
528.339332
 42
-0.098713
  0
VERTEX
  8
0
 10
267.089210
 20
528.703282
 42
-0.058989
  0
VERTEX
  8
0
 10
266.479944
 20
529.358315
 42
0.026092
  0
VERTEX
  8
0
 10
265.741444
 20
530.264963
 42
0.198279
  0
VERTEX
  8
0
 10
265.254020
 20
530.496580
 42
0.206838
  0
VERTEX
  8
0
 10
264.757585
 20
530.312095
 42
0.028594
  0
SEQEND
  0
POLYLINE
  8
0
 66
1
 70
1
  0
VERTEX
  8
0
 10
103.079891
 20
525.750000
 42
0.002800
  0
VERTEX
  8
0
 10
102.234040
 20
524.374656
 42
0.162928
  0
VERTEX
  8
0
 10
102.169612
 20
524.090238
 42
0.589898
  0
VERTEX
  8
0
 10
102.299825
 20
524.034473
 42
0.007289
  0
VERTEX
  8
0
 10
103.181354
 20
524.741324
 42
-0.049011
  0
VERTEX
  8
0
 10
103.808844
 20
525.163739
 42
-0.064925
  0
VERTEX
  8
0
 10
104.451421
 20
525.409199
 42
-0.080683
  0
VERTEX
  8
0
 10
105.010815
 20
525.450783
 42
-0.176443
  0
VERTEX
  8
0
 10
105.394862
 20
525.271805
 42
0.176427
  0
VERTEX
  8
0
 10
105.593353
 20
525.179293
 42
0.424903
  0
VERTEX
  8
0
 10
105.703067
 20
525.274880
 42
0.085020
  0
VERTEX
  8
0
 10
105.657119
 20
525.658807
 42
0.019419
  0
VERTEX
  8
0
 10
105.445864
 20
526.280481
 42
0.010257
  0
VERTEX
  8
0
 10
104.877122
 20
527.676301
 42
0.360481
  0
VERTEX
  8
0
 10
104.584810
 20
527.825300
 42
0.196944
  0
VERTEX
  8
0
 10
104.243800
 20
527.587228
 42
0.003857
  0
SEQEND
  0
POLYLINE
  8
0
 66
1
 70
1
  0
VERTEX
  8
0
 10
271.750000
 20
524.337719
 42
-0.093683
  0
VERTEX
  8
0
 10
272.867123
 20
523.621129
 42
-0.374782
  0
VERTEX
  8
0
 10
272.939233
 20
522.875950
 42
-0.235927
  0
VERTEX
  8
0
 10
272.066816
 20
522.414278
 42
-0.067414
  0
VERTEX
  8
0
 10
270.500000
 20
522.589356
 42
0.029319
  0
VERTEX
  8
0
 10
269.287975
 20
522.819041
 42
0.121077
  0
VERTEX
  8
0
 10
268.552141
 20
522.736044
 42
0.202175
  0
VERTEX
  8
0
 10
268.146742
 20
522.356652
 42
0.105275
  0
VERTEX
  8
0
 10
268.000000
 20
521.667425
 42
0.118273
  0
VERTEX
  8
0
 10
268.356847
 20
520.179949
 42
0.226831
  0
VERTEX
  8
0
 10
269.309354
 20
519.450151
 42
0.175879
  0
VERTEX
  8
0
 10
270.692514
 20
519.645814
 42
0.074305
  0
VERTEX
  8
0
 10
272.222222
 20
520.777778
 42
0.076089
  0
VERTEX
  8
0
 10
273.306798
 20
522.254378
 42
0.153476
  0
VERTEX
  8
0
 10
273.558587
 20
523.661600
 42
0.226151
  0
VERTEX
  8
0
 10
272.948642
 20
524.608315
 42
0.156209
  0
VERTEX
  8
0
 10
271.690983
 20
524.921053
 42
0.020128
  0
VERTEX
  8
0
 10
271.153279
 20
524.863602
 42
0.400844
  0
VERTEX
  8
0
 10
271.060469
 20
524.744421
 42
0.263902
  0
VERTEX
  8
0
 10
271.169673
 20
524.590437
 42
0.013592
  0
SEQEND
  0
POLYLINE
  8
0
 66
1
 70
1
  0
VERTEX
  8
0
 10
271.000000
 20
521.000000
 42
-0.099038
  0
VERTEX
  8
0
 10
270.923658
 20
520.618362
 42
-0.097945
  0
VERTEX
  8
0
 10
270.706250
 20
520.293750
 42
-0.097945
  0
VERTEX
  8
0
 10
270.381638
 20
520.076342
 42
-0.099038
  0
VERTEX
  8
0
 10
270.000000
 20
520.000000
 42
-0.099038
  0
VERTEX
  8
0
 10
269.618362
 20
520.076342
 42
-0.097945
  0
VERTEX
  8
0
 10
269.293750
 20
520.293750
 42
-0.097945
  0
VERTEX
  8
0
 10
269.076342
 20
520.618362
 42
-0.099038
  0
VERTEX
  8
0
 10
269.000000
 20
521.000000
 42
-0.099038
  0
VERTEX
  8
0
 10
269.076342
 20
521.381638
 42
-0.097945
  0
VERTEX
  8
0
 10
269.293750
 20
521.706250
 42
-0.097945
  0
VERTEX
  8
0
 10
269.618362
 20
521.923658
 42
-0.099038
  0
VERTEX
  8
0
 10
270.000000
 20
522.000000
 42
-0.099038
  0
VERTEX
  8
0
 10
270.381638
 20
521.923658
 42
-0.097945
  0
VERTEX
  8
0
 10
270.706250
 20
521.706250
 42
-0.097945
  0
VERTEX
  8
0
 10
270.923658
 20
521.381638
 42
-0.099038
  0
SEQEND
  0
POLYLINE
  8
0
 66
1
 70
1
  0
VERTEX
  8
0
 10
101.000000
 20
521.535184
 42
0.184867
  0
VERTEX
  8
0
 10
101.560801
 20
520.070252
 42
0.098754
  0
VERTEX
  8
0
 10
103.135090
 20
518.891468
 42
0.102396
  0
VERTEX
  8
0
 10
104.992736
 20
518.433396
 42
0.210688
  0
VERTEX
  8
0
 10
106.357359
 20
518.974680
 42
0.088454
  0
VERTEX
  8
0
 10
106.790529
 20
519.605908
 42
0.182936
  0
VERTEX
  8
0
 10
106.827697
 20
520.194097
 42
0.126082
  0
VERTEX
  8
0
 10
106.448295
 20
520.813467
 42
0.033646
  0
VERTEX
  8
0
 10
105.558870
 20
521.567321
 42
0.047805
  0
VERTEX
  8
0
 10
103.812420
 20
522.614865
 42
0.113432
  0
VERTEX
  8
0
 10
102.341790
 20
522.941948
 42
0.205399
  0
VERTEX
  8
0
 10
101.392269
 20
522.526756
 42
0.190614
  0
SEQEND
  0
POLYLINE
  8
0
 66
1
 70
1
  0
VERTEX
  8
0
 10
104.971040
 20
521.039060
 42
-0.065440
  0
VERTEX
  8
0
 10
105.469875
 20
520.623472
 42
-0.101790
  0
VERTEX
  8
0
 10
105.757940
 20
520.145741
 42
-0.132626
  0
VERTEX
  8
0
 10
105.793075
 20
519.684433
 42
-0.158794
  0
VERTEX
  8
0
 10
105.584135
 20
519.304373
 42
-0.116802
  0
VERTEX
  8
0
 10
105.222241
 20
519.096863
 42
-0.156527
  0
VERTEX
  8
0
 10
104.846463
 20
519.105302
 42
-0.139197
  0
VERTEX
  8
0
 10
104.513976
 20
519.337489
 42
-0.085622
  0
VERTEX
  8
0
 10
104.277685
 20
519.756231
 42
0.080085
  0
VERTEX
  8
0
 10
104.037302
 20
520.193389
 42
0.110205
  0
VERTEX
  8
0
 10
103.692267
 20
520.477402
 42
0.127277
  0
VERTEX
  8
0
 10
103.298038
 20
520.563896
 42
0.129812
  0
VERTEX
  8
0
 10
102.914590
 20
520.447214
 42
-0.092807
  0
VERTEX
  8
0
 10
102.565579
 20
520.312451
 42
-0.171257
  0
VERTEX
  8
0
 10
102.268661
 20
520.359094
 42
-0.174358
  0
VERTEX
  8
0
 10
102.070312
 20
520.580506
 42
-0.096615
  0
VERTEX
  8
0
 10
102.000000
 20
520.940983
 42
-0.150756
  0
VERTEX
  8
0
 10
102.216238
 20
521.641861
 42
-0.239233
  0
VERTEX
  8
0
 10
102.755049
 20
521.938063
 42
-0.117893
  0
VERTEX
  8
0
 10
103.667437
 20
521.751495
 42
-0.031889
  0
SEQEND
  0
POLYLINE
  8
0
 66
1
 70
1
  0
VERTEX
  8
0
 10
275.405666
 20
520.152636
 42
-0.188393
  0
VERTEX
  8
0
 10
275.504896
 20
519.610874
 42
-0.131435
  0
VERTEX
  8
0
 10
275.230190
 20
519.045998
 42
-0.084069
  0
VERTEX
  8
0
 10
274.567020
 20
518.499727
 42
-0.039515
  0
VERTEX
  8
0
 10
273.560174
 20
518.022878
 42
0.011521
  0
VERTEX
  8
0
 10
271.237344
 20
517.077928
 42
0.431089
  0
VERTEX
  8
0
 10
271.063074
 20
516.596569
 42
0.363500
  0
VERTEX
  8
0
 10
271.589393
 20
516.369801
 42
0.011238
  0
VERTEX
  8
0
 10
274.000000
 20
517.149845
 42
0.033751
  0
VERTEX
  8
0
 10
275.954823
 20
517.983031
 42
0.153359
  0
VERTEX
  8
0
 10
276.828563
 20
518.838322
 42
0.281544
  0
VERTEX
  8
0
 10
276.778685
 20
519.710015
 42
0.103160
  0
VERTEX
  8
0
 10
275.845492
 20
520.595492
 42
0.028996
  0
VERTEX
  8
0
 10
275.386492
 20
520.843627
 42
0.316598
  0
VERTEX
  8
0
 10
275.190888
 20
520.808921
 42
0.314883
  0
VERTEX
  8
0
 10
275.156815
 20
520.612613
 42
0.028838
  0
SEQEND
  0
POLYLINE
  8
0
 66
1
 70
1
  0
VERTEX
  8
0
 10
809.067680
 20
517.839854
 42
-0.044793
  0
VERTEX
  8
0
 10
808.968021
 20
517.326344
 42
-0.000138
  0
VERTEX
  8
0
 10
807.110506
 20
510.902794
 42
-0.000794
  0
VERTEX
  8
0
 10
804.996657
 20
503.643525
 42
-0.000497
  0
VERTEX
  8
0
 10
802.500000
 20
495.151344
 42
0.001087
  0
VERTEX
  8
0
 10
800.011146
 20
486.648589
 42
0.001725
  0
VERTEX
  8
0
 10
797.920827
 20
479.355437
 42
0.000363
  0
VERTEX
  8
0
 10
796.109937
 20
472.936088
 42
0.080732
  0
VERTEX
  8
0
 10
796.038985
 20
472.311490
 42
0.630038
  0
VERTEX
  8
0
 10
796.260295
 20
472.218347
 42
0.008886
  0
VERTEX
  8
0
 10
797.636134
 20
473.484319
 42
0.012513
  0
VERTEX
  8
0
 10
799.368113
 20
475.220574
 42
0.006719
  0
VERTEX
  8
0
 10
801.421344
 20
477.443639
 42
0.000000
  0
VERTEX
  8
0
 10
806.764718
 20
483.387278
 42
0.000000
  0
VERTEX
  8
0
 10
805.374471
 20
476.034861
 42
0.006116
  0
VERTEX
  8
0
 10
804.871891
 20
473.186512
 42
0.009521
  0
VERTEX
  8
0
 10
804.515687
 20
470.719137
 42
0.004273
  0
VERTEX
  8
0
 10
804.273010
 20
468.632618
 42
0.226940
  0
VERTEX
  8
0
 10
804.403215
 20
468.263452
 42
0.407841
  0
VERTEX
  8
0
 10
804.678486
 20
468.260450
 42
0.018074
  0
VERTEX
  8
0
 10
805.409015
 20
469.012232
 42
0.021793
  0
VERTEX
  8
0
 10
806.282032
 20
470.067125
 42
0.012729
  0
VERTEX
  8
0
 10
807.238843
 20
471.400862
 42
0.000000
  0
VERTEX
  8
0
 10
809.655480
 20
474.957263
 42
0.000000
  0
VERTEX
  8
0
 10
811.915797
 20
471.900021
 42
0.014979
  0
VERTEX
  8
0
 10
812.813604
 20
470.758826
 42
0.025435
  0
VERTEX
  8
0
 10
813.639246
 20
469.867945
 42
0.023686
  0
VERTEX
  8
0
 10
814.325017
 20
469.260181
 42
0.383039
  0
VERTEX
  8
0
 10
814.608796
 20
469.275463
 42
0.221811
  0
VERTEX
  8
0
 10
814.740300
 20
469.637017
 42
0.008279
  0
VERTEX
  8
0
 10
814.585848
 20
471.112931
 42
0.013612
  0
VERTEX
  8
0
 10
814.320326
 20
472.893283
 42
0.008998
  0
VERTEX
  8
0
 10
813.923077
 20
474.923077
 42
-0.009936
  0
VERTEX
  8
0
 10
813.529165
 20
476.956057
 42
-0.014875
  0
VERTEX
  8
0
 10
813.273616
 20
478.746533
 42
-0.009742
  0
VERTEX
  8
0
 10
813.136568
 20
480.223298
 42
-0.217970
  0
VERTEX
  8
0
 10
813.282669
 20
480.616002
 42
-0.415647
  0
VERTEX
  8
0
 10
813.612875
 20
480.615194
 42
-0.010610
  0
VERTEX
  8
0
 10
814.741847
 20
479.425668
 42
-0.016488
  0
VERTEX
  8
0
 10
816.080365
 20
477.852849
 42
-0.009724
  0
VERTEX
  8
0
 10
817.578857
 20
475.892575
 42
0.013338
  0
VERTEX
  8
0
 10
819.069424
 20
473.971607
 42
0.025689
  0
VERTEX
  8
0
 10
820.379424
 20
472.530974
 42
0.030569
  0
VERTEX
  8
0
 10
821.390567
 20
471.643471
 42
0.516898
  0
VERTEX
  8
0
 10
821.750983
 20
471.752949
 42
0.138992
  0
VERTEX
  8
0
 10
821.788470
 20
472.575624
 42
0.001260
  0
VERTEX
  8
0
 10
820.351535
 20
478.625364
 42
0.004183
  0
VERTEX
  8
0
 10
818.616564
 20
485.591703
 42
0.002676
  0
VERTEX
  8
0
 10
816.489893
 20
493.657372
 42
0.001656
  0
VERTEX
  8
0
 10
813.086446
 20
506.126193
 42
0.007005
  0
VERTEX
  8
0
 10
810.918250
 20
513.560183
 42
0.010288
  0
VERTEX
  8
0
 10
809.491131
 20
517.890223
 42
0.800620
  0
SEQEND
  0
POLYLINE
  8
0
 66
1
 70
1
  0
VERTEX
  8
0
 10
814.449540
 20
496.633820
 42
-0.003298
  0
VERTEX
  8
0
 10
816.804360
 20
487.472359
 42
-0.015866
  0
VERTEX
  8
0
 10
817.944174
 20
482.209020
 42
-0.021595
  0
VERTEX
  8
0
 10
818.409420
 20
478.867777
 42
-0.234525
  0
VERTEX
  8
0
 10
817.937116
 20
477.633820
 42
-0.016982
  0
VERTEX
  8
0
 10
817.487444
 20
477.246877
 42
-0.121303
  0
VERTEX
  8
0
 10
817.229179
 20
477.126810
 42
-0.541426
  0
VERTEX
  8
0
 10
817.146309
 20
477.211918
 42
-0.070438
  0
VERTEX
  8
0
 10
817.255088
 20
477.500000
 42
0.232148
  0
VERTEX
  8
0
 10
817.282859
 20
478.110275
 42
0.026400
  0
VERTEX
  8
0
 10
816.647558
 20
479.381250
 42
0.027575
  0
VERTEX
  8
0
 10
815.674253
 20
480.894891
 42
0.019003
  0
VERTEX
  8
0
 10
814.416669
 20
482.500000
 42
0.005223
  0
VERTEX
  8
0
 10
812.359862
 20
484.878296
 42
0.096801
  0
VERTEX
  8
0
 10
811.574587
 20
485.480628
 42
0.475560
  0
VERTEX
  8
0
 10
811.160527
 20
485.292485
 42
0.062593
  0
VERTEX
  8
0
 10
811.014877
 20
484.190983
 42
0.030952
  0
VERTEX
  8
0
 10
811.062264
 20
483.337129
 42
0.065342
  0
VERTEX
  8
0
 10
811.224683
 20
482.695220
 42
0.125896
  0
VERTEX
  8
0
 10
811.467351
 20
482.361552
 42
0.320662
  0
VERTEX
  8
0
 10
811.750000
 20
482.341473
 42
-0.499475
  0
VERTEX
  8
0
 10
812.042402
 20
482.225778
 42
-0.028210
  0
VERTEX
  8
0
 10
812.279688
 20
481.118850
 42
-0.025282
  0
VERTEX
  8
0
 10
812.446643
 20
479.522518
 42
-0.013414
  0
VERTEX
  8
0
 10
812.500000
 20
477.534089
 42
-0.004275
  0
VERTEX
  8
0
 10
812.472432
 20
474.309466
 42
-0.098062
  0
VERTEX
  8
0
 10
812.278620
 20
473.411601
 42
-0.528407
  0
VERTEX
  8
0
 10
811.885620
 20
473.335827
 42
-0.044584
  0
VERTEX
  8
0
 10
811.092163
 20
474.277987
 42
0.015430
  0
VERTEX
  8
0
 10
810.161966
 20
475.522969
 42
0.217771
  0
VERTEX
  8
0
 10
809.677382
 20
475.768763
 42
0.225798
  0
VERTEX
  8
0
 10
809.184721
 20
475.558386
 42
0.016616
  0
VERTEX
  8
0
 10
808.224345
 20
474.394388
 42
-0.028734
  0
VERTEX
  8
0
 10
807.406464
 20
473.450627
 42
-0.570627
  0
VERTEX
  8
0
 10
807.104686
 20
473.523775
 42
-0.107189
  0
VERTEX
  8
0
 10
807.044904
 20
474.248114
 42
-0.003909
  0
VERTEX
  8
0
 10
807.429999
 20
477.000000
 42
-0.003881
  0
VERTEX
  8
0
 10
807.727089
 20
478.906145
 42
-0.003305
  0
VERTEX
  8
0
 10
808.069401
 20
480.912500
 42
-0.003331
  0
VERTEX
  8
0
 10
808.405143
 20
482.734176
 42
-0.009414
  0
VERTEX
  8
0
 10
808.671965
 20
484.000000
 42
0.156626
  0
VERTEX
  8
0
 10
808.598337
 20
484.872866
 42
0.452595
  0
VERTEX
  8
0
 10
808.093531
 20
485.043463
 42
0.054950
  0
VERTEX
  8
0
 10
806.723562
 20
484.036364
 42
0.004518
  0
VERTEX
  8
0
 10
803.482098
 20
481.000000
 42
-0.008739
  0
VERTEX
  8
0
 10
801.300660
 20
478.990898
 42
-0.019407
  0
VERTEX
  8
0
 10
799.555335
 20
477.556250
 42
-0.033491
  0
VERTEX
  8
0
 10
798.433634
 20
476.817746
 42
-0.686068
  0
VERTEX
  8
0
 10
798.211612
 20
477.000000
 42
0.007709
  0
VERTEX
  8
0
 10
798.557324
 20
478.102892
 42
0.000174
  0
VERTEX
  8
0
 10
800.130193
 20
483.412524
 42
0.000391
  0
VERTEX
  8
0
 10
801.964867
 20
489.631721
 42
0.000265
  0
VERTEX
  8
0
 10
804.046844
 20
496.723485
 42
-0.001128
  0
VERTEX
  8
0
 10
806.106847
 20
503.695852
 42
-0.001906
  0
VERTEX
  8
0
 10
807.868563
 20
509.528173
 42
-0.000181
  0
VERTEX
  8
0
 10
809.455811
 20
514.704749
 42
-0.608388
  0
VERTEX
  8
0
 10
809.558901
 20
514.723485
 42
-0.098585
  0
VERTEX
  8
0
 10
809.658317
 20
514.523291
 42
-0.000086
  0
VERTEX
  8
0
 10
811.066698
 20
509.317458
 42
-0.000908
  0
VERTEX
  8
0
 10
812.628202
 20
503.499793
 42
-0.000556
  0
SEQEND
  0
POLYLINE
  8
0
 66
1
 70
1
  0
VERTEX
  8
0
 10
97.680998
 20
514.888137
 42
-0.051700
  0
VERTEX
  8
0
 10
97.365461
 20
514.047508
 42
-0.115294
  0
VERTEX
  8
0
 10
96.932173
 20
513.524623
 42
-0.156948
  0
VERTEX
  8
0
 10
96.406074
 20
513.339765
 42
-0.125638
  0
VERTEX
  8
0
 10
95.817308
 20
513.473542
 42
0.077653
  0
VERTEX
  8
0
 10
95.511880
 20
513.574213
 42
0.662561
  0
VERTEX
  8
0
 10
95.457166
 20
513.487692
 42
0.061173
  0
VERTEX
  8
0
 10
95.758892
 20
513.149596
 42
0.009652
  0
VERTEX
  8
0
 10
96.441130
 20
512.574157
 42
0.024566
  0
VERTEX
  8
0
 10
97.262025
 20
511.972785
 42
0.025986
  0
VERTEX
  8
0
 10
98.123096
 20
511.466907
 42
0.026777
  0
VERTEX
  8
0
 10
98.905615
 20
511.112116
 42
0.096950
  0
VERTEX
  8
0
 10
99.441130
 20
511.015313
 42
0.149983
  0
VERTEX
  8
0
 10
99.711024
 20
511.102424
 42
0.350409
  0
VERTEX
  8
0
 10
99.767221
 20
511.292991
 42
0.124306
  0
VERTEX
  8
0
 10
99.550695
 20
511.587074
 42
0.031167
  0
VERTEX
  8
0
 10
99.064302
 20
511.939097
 42
-0.052434
  0
VERTEX
  8
0
 10
98.393657
 20
512.469265
 42
-0.180212
  0
VERTEX
  8
0
 10
98.160945
 20
512.962955
 42
-0.157662
  0
VERTEX
  8
0
 10
98.293651
 20
513.532649
 42
-0.037796
  0
VERTEX
  8
0
 10
98.862860
 20
514.334757
 42
0.049774
  0
VERTEX
  8
0
 10
99.290169
 20
514.968478
 42
0.087677
  0
VERTEX
  8
0
 10
99.487573
 20
515.566393
 42
0.122381
  0
VERTEX
  8
0
 10
99.438430
 20
516.058315
 42
0.170139
  0
VERTEX
  8
0
 10
99.162248
 20
516.399725
 42
0.216388
  0
VERTEX
  8
0
 10
98.763039
 20
516.450849
 42
0.124817
  0
VERTEX
  8
0
 10
98.341498
 20
516.194030
 42
0.082597
  0
VERTEX
  8
0
 10
97.958386
 20
515.646396
 42
0.047497
  0
SEQEND
  0
POLYLINE
  8
0
 66
1
 70
1
  0
VERTEX
  8
0
 10
279.143237
 20
514.109687
 42
0.045108
  0
VERTEX
  8
0
 10
278.582121
 20
513.678736
 42
0.167837
  0
VERTEX
  8
0
 10
278.374236
 20
513.291912
 42
0.218762
  0
VERTEX
  8
0
 10
278.475495
 20
512.926300
 42
0.079241
  0
VERTEX
  8
0
 10
278.893237
 20
512.565983
 42
0.077755
  0
VERTEX
  8
0
 10
279.316391
 20
512.387886
 42
0.155459
  0
VERTEX
  8
0
 10
279.674888
 20
512.411318
 42
0.185647
  0
VERTEX
  8
0
 10
279.912489
 20
512.628633
 42
0.116231
  0
VERTEX
  8
0
 10
280.000000
 20
513.000000
 42
-0.123177
  0
VERTEX
  8
0
 10
280.092106
 20
513.368206
 42
-0.188059
  0
VERTEX
  8
0
 10
280.339137
 20
513.580013
 42
-0.150165
  0
VERTEX
  8
0
 10
280.712876
 20
513.594561
 42
-0.073727
  0
VERTEX
  8
0
 10
281.154508
 20
513.404508
 42
0.029004
  0
VERTEX
  8
0
 10
281.613152
 20
513.156574
 42
0.315645
  0
VERTEX
  8
0
 10
281.809017
 20
513.190983
 42
0.315645
  0
VERTEX
  8
0
 10
281.843426
 20
513.386848
 42
0.029004
  0
VERTEX
  8
0
 10
281.595492
 20
513.845492
 42
0.016654
  0
VERTEX
  8
0
 10
281.022996
 20
514.706327
 42
0.214002
  0
VERTEX
  8
0
 10
280.697122
 20
514.896811
 42
0.160859
  0
VERTEX
  8
0
 10
280.290386
 20
514.809410
 42
0.008533
  0
SEQEND
  0
POLYLINE
  8
0
 66
1
 70
1
  0
VERTEX
  8
0
 10
276.015313
 20
511.309017
 42
0.140771
  0
VERTEX
  8
0
 10
276.328112
 20
510.164773
 42
0.165926
  0
VERTEX
  8
0
 10
277.186348
 20
509.448630
 42
0.163580
  0
VERTEX
  8
0
 10
278.313382
 20
509.400989
 42
0.136655
  0
VERTEX
  8
0
 10
279.337132
 20
510.033837
 42
0.005334
  0
VERTEX
  8
0
 10
279.942597
 20
510.703852
 42
0.285821
  0
VERTEX
  8
0
 10
279.970055
 20
510.866377
 42
0.443662
  0
VERTEX
  8
0
 10
279.849306
 20
510.909938
 42
0.007094
  0
VERTEX
  8
0
 10
279.138197
 20
510.518589
 42
-0.091885
  0
VERTEX
  8
0
 10
278.529106
 20
510.307213
 42
-0.103987
  0
VERTEX
  8
0
 10
277.912265
 20
510.342073
 42
-0.101734
  0
VERTEX
  8
0
 10
277.351451
 20
510.624449
 42
-0.084441
  0
VERTEX
  8
0
 10
276.903509
 20
511.121885
 42
0.022578
  0
VERTEX
  8
0
 10
276.511572
 20
511.682951
 42
0.178934
  0
VERTEX
  8
0
 10
276.247977
 20
511.848863
 42
0.398269
  0
VERTEX
  8
0
 10
276.075417
 20
511.742976
 42
0.062466
  0
SEQEND
  0
POLYLINE
  8
0
 66
1
 70
1
  0
VERTEX
  8
0
 10
92.507079
 20
510.011454
 42
0.126411
  0
VERTEX
  8
0
 10
92.401527
 20
509.672737
 42
0.341176
  0
VERTEX
  8
0
 10
92.536366
 20
509.478569
 42
0.138102
  0
VERTEX
  8
0
 10
92.932885
 20
509.465972
 42
0.030934
  0
VERTEX
  8
0
 10
93.584512
 20
509.670804
 42
-0.035118
  0
VERTEX
  8
0
 10
94.346522
 20
509.903353
 42
-0.202773
  0
VERTEX
  8
0
 10
94.752415
 20
509.831952
 42
-0.282402
  0
VERTEX
  8
0
 10
94.901883
 20
509.519407
 42
-0.061007
  0
VERTEX
  8
0
 10
94.761450
 20
508.909350
 42
-0.087948
  0
VERTEX
  8
0
 10
94.462215
 20
508.391019
 42
-0.081761
  0
VERTEX
  8
0
 10
93.996332
 20
507.991689
 42
-0.083914
  0
VERTEX
  8
0
 10
93.438823
 20
507.770282
 42
-0.100494
  0
VERTEX
  8
0
 10
92.875000
 20
507.764484
 42
0.158025
  0
VERTEX
  8
0
 10
92.536669
 20
507.722512
 42
0.410815
  0
VERTEX
  8
0
 10
92.459601
 20
507.514182
 42
0.099267
  0
VERTEX
  8
0
 10
92.761478
 20
507.094137
 42
0.021804
  0
VERTEX
  8
0
 10
93.441130
 20
506.514484
 42
0.026248
  0
VERTEX
  8
0
 10
94.262032
 20
505.940653
 42
0.027826
  0
VERTEX
  8
0
 10
95.123096
 20
505.468070
 42
0.028895
  0
VERTEX
  8
0
 10
95.904858
 20
505.148061
 42
0.101643
  0
VERTEX
  8
0
 10
96.441130
 20
505.078947
 42
0.068243
  0
VERTEX
  8
0
 10
96.755092
 20
505.146095
 42
0.405354
  0
VERTEX
  8
0
 10
96.821769
 20
505.282867
 42
0.190361
  0
VERTEX
  8
0
 10
96.673407
 20
505.461588
 42
0.029559
  0
VERTEX
  8
0
 10
96.250000
 20
505.662281
 42
-0.104952
  0
VERTEX
  8
0
 10
95.231499
 20
506.348164
 42
-0.297320
  0
VERTEX
  8
0
 10
95.076320
 20
507.150719
 42
-0.215375
  0
VERTEX
  8
0
 10
95.792226
 20
507.830518
 42
-0.071058
  0
VERTEX
  8
0
 10
97.250000
 20
508.116001
 42
0.005718
  0
VERTEX
  8
0
 10
98.392295
 20
508.187999
 42
0.197309
  0
VERTEX
  8
0
 10
98.628780
 20
508.306344
 42
0.541772
  0
VERTEX
  8
0
 10
98.588300
 20
508.449367
 42
0.011590
  0
VERTEX
  8
0
 10
97.750000
 20
508.689326
 42
-0.046657
  0
VERTEX
  8
0
 10
97.080469
 20
508.932857
 42
-0.056820
  0
VERTEX
  8
0
 10
96.514062
 20
509.284521
 42
-0.067019
  0
VERTEX
  8
0
 10
96.127374
 20
509.685050
 42
-0.159836
  0
VERTEX
  8
0
 10
96.000000
 20
510.073324
 42
0.282924
  0
VERTEX
  8
0
 10
95.593233
 20
510.734644
 42
0.122009
  0
VERTEX
  8
0
 10
94.543336
 20
510.975058
 42
0.097711
  0
VERTEX
  8
0
 10
93.316448
 20
510.710330
 42
0.153669
  0
SEQEND
  0
POLYLINE
  8
0
 66
1
 70
1
  0
VERTEX
  8
0
 10
280.478616
 20
508.976371
 42
0.028786
  0
VERTEX
  8
0
 10
279.623685
 20
507.914836
 42
0.106035
  0
VERTEX
  8
0
 10
279.282812
 20
507.128776
 42
0.157279
  0
VERTEX
  8
0
 10
279.360632
 20
506.449774
 42
0.090064
  0
VERTEX
  8
0
 10
279.834740
 20
505.765260
 42
0.101151
  0
VERTEX
  8
0
 10
280.524009
 20
505.309938
 42
0.165231
  0
VERTEX
  8
0
 10
281.216491
 20
505.272046
 42
0.102576
  0
VERTEX
  8
0
 10
282.025921
 20
505.690646
 42
0.025927
  0
VERTEX
  8
0
 10
283.132467
 20
506.688023
 42
0.039766
  0
VERTEX
  8
0
 10
283.890046
 20
507.576741
 42
0.051919
  0
VERTEX
  8
0
 10
284.422968
 20
508.501762
 42
0.062184
  0
VERTEX
  8
0
 10
284.673357
 20
509.326601
 42
0.183026
  0
VERTEX
  8
0
 10
284.562339
 20
509.899134
 42
0.102083
  0
VERTEX
  8
0
 10
283.781180
 20
510.725910
 42
0.211191
  0
VERTEX
  8
0
 10
282.926584
 20
510.893845
 42
0.125118
  0
VERTEX
  8
0
 10
281.889272
 20
510.365396
 42
0.028788
  0
SEQEND
  0
POLYLINE
  8
0
 66
1
 70
1
  0
VERTEX
  8
0
 10
284.000000
 20
509.122445
 42
-0.176820
  0
VERTEX
  8
0
 10
283.630142
 20
508.109282
 42
-0.055171
  0
VERTEX
  8
0
 10
282.439025
 20
506.975998
 42
-0.057489
  0
VERTEX
  8
0
 10
281.113243
 20
506.189476
 42
-0.310978
  0
VERTEX
  8
0
 10
280.333333
 20
506.333333
 42
-0.310978
  0
VERTEX
  8
0
 10
280.189476
 20
507.113243
 42
-0.057489
  0
VERTEX
  8
0
 10
280.975998
 20
508.439025
 42
-0.055171
  0
VERTEX
  8
0
 10
282.109282
 20
509.630142
 42
-0.176820
  0
VERTEX
  8
0
 10
283.122445
 20
510.000000
 42
-0.099038
  0
VERTEX
  8
0
 10
283.457353
 20
509.933005
 42
-0.097945
  0
VERTEX
  8
0
 10
283.742218
 20
509.742218
 42
-0.097945
  0
VERTEX
  8
0
 10
283.933005
 20
509.457353
 42
-0.099038
  0
SEQEND
  0
POLYLINE
  8
0
 66
1
 70
1
  0
VERTEX
  8
0
 10
88.338046
 20
504.438550
 42
0.090544
  0
VERTEX
  8
0
 10
88.183284
 20
503.615268
 42
0.094644
  0
VERTEX
  8
0
 10
88.333843
 20
502.804053
 42
0.084751
  0
VERTEX
  8
0
 10
88.795372
 20
502.036427
 42
0.057311
  0
VERTEX
  8
0
 10
89.547083
 20
501.341913
 42
0.060454
  0
VERTEX
  8
0
 10
91.110124
 20
500.466360
 42
0.159186
  0
VERTEX
  8
0
 10
92.375048
 20
500.372424
 42
0.207138
  0
VERTEX
  8
0
 10
93.239041
 20
501.029365
 42
0.106540
  0
VERTEX
  8
0
 10
93.648212
 20
502.352469
 42
0.002983
  0
VERTEX
  8
0
 10
93.721308
 20
503.245404
 42
0.300978
  0
VERTEX
  8
0
 10
93.663139
 20
503.349642
 42
0.462407
  0
VERTEX
  8
0
 10
93.577952
 20
503.314709
 42
0.003629
  0
VERTEX
  8
0
 10
93.324888
 20
502.519603
 42
-0.086569
  0
VERTEX
  8
0
 10
92.703422
 20
501.306958
 42
-0.313864
  0
VERTEX
  8
0
 10
91.923499
 20
501.051744
 42
-0.276112
  0
VERTEX
  8
0
 10
91.326608
 20
501.705461
 42
-0.078173
  0
VERTEX
  8
0
 10
91.261790
 20
503.139768
 42
0.108055
  0
VERTEX
  8
0
 10
91.094319
 20
504.737979
 42
0.211335
  0
VERTEX
  8
0
 10
90.251146
 20
505.668447
 42
0.271263
  0
VERTEX
  8
0
 10
89.177681
 20
505.547995
 42
0.141654
  0
SEQEND
  0
POLYLINE
  8
0
 66
1
 70
1
  0
VERTEX
  8
0
 10
91.000000
 20
504.059017
 42
-0.089642
  0
VERTEX
  8
0
 10
90.926698
 20
503.653442
 42
-0.053229
  0
VERTEX
  8
0
 10
90.706250
 20
503.212900
 42
-0.051032
  0
VERTEX
  8
0
 10
90.382515
 20
502.806203
 42
-0.060810
  0
VERTEX
  8
0
 10
90.000000
 20
502.500000
 42
-0.139169
  0
VERTEX
  8
0
 10
89.620352
 20
502.392057
 42
-0.191142
  0
VERTEX
  8
0
 10
89.293750
 20
502.521475
 42
-0.138808
  0
VERTEX
  8
0
 10
89.073267
 20
502.889346
 42
-0.066118
  0
VERTEX
  8
0
 10
89.000000
 20
503.440983
 42
-0.062283
  0
VERTEX
  8
0
 10
89.074545
 20
504.037096
 42
-0.080552
  0
VERTEX
  8
0
 10
89.293750
 20
504.542039
 42
-0.097988
  0
VERTEX
  8
0
 10
89.618621
 20
504.879982
 42
-0.153634
  0
VERTEX
  8
0
 10
90.000000
 20
505.000000
 42
-0.092995
  0
VERTEX
  8
0
 10
90.381732
 20
504.928382
 42
-0.096318
  0
VERTEX
  8
0
 10
90.706250
 20
504.723586
 42
-0.099231
  0
VERTEX
  8
0
 10
90.923444
 20
504.418051
 42
-0.105429
  0
SEQEND
  0
POLYLINE
  8
0
 66
1
 70
1
  0
VERTEX
  8
0
 10
549.473008
 20
459.956326
 42
0.148010
  0
VERTEX
  8
0
 10
549.376620
 20
459.593540
 42
0.191608
  0
VERTEX
  8
0
 10
549.513546
 20
459.280921
 42
0.133038
  0
VERTEX
  8
0
 10
549.886908
 20
459.069707
 42
0.062657
  0
VERTEX
  8
0
 10
550.440983
 20
459.000000
 42
-0.114595
  0
VERTEX
  8
0
 10
551.568982
 20
458.738034
 42
-0.308480
  0
VERTEX
  8
0
 10
551.955123
 20
458.057279
 42
-0.227164
  0
VERTEX
  8
0
 10
551.481138
 20
457.246852
 42
-0.085011
  0
VERTEX
  8
0
 10
550.250000
 20
456.689326
 42
0.011590
  0
VERTEX
  8
0
 10
549.411700
 20
456.449367
 42
0.541772
  0
VERTEX
  8
0
 10
549.371220
 20
456.306344
 42
0.197309
  0
VERTEX
  8
0
 10
549.607705
 20
456.187999
 42
0.005718
  0
VERTEX
  8
0
 10
550.750000
 20
456.116001
 42
0.052780
  0
VERTEX
  8
0
 10
551.777662
 20
456.171500
 42
0.127958
  0
VERTEX
  8
0
 10
552.468174
 20
456.474864
 42
0.147534
  0
VERTEX
  8
0
 10
552.864297
 20
457.042400
 42
0.079267
  0
VERTEX
  8
0
 10
553.000000
 20
457.893011
 42
0.135963
  0
VERTEX
  8
0
 10
552.622694
 20
459.254887
 42
0.125892
  0
VERTEX
  8
0
 10
551.590137
 20
460.275927
 42
0.161457
  0
VERTEX
  8
0
 10
550.383137
 20
460.532144
 42
0.230518
  0
SEQEND
  0
POLYLINE
  8
0
 66
1
 70
1
  0
VERTEX
  8
0
 10
590.000000
 20
460.075604
 42
0.142471
  0
VERTEX
  8
0
 10
590.108138
 20
459.703798
 42
0.060245
  0
VERTEX
  8
0
 10
590.440625
 20
459.297997
 42
0.052856
  0
VERTEX
  8
0
 10
590.926166
 20
458.922397
 42
0.046632
  0
VERTEX
  8
0
 10
591.500000
 20
458.638374
 42
0.049166
  0
VERTEX
  8
0
 10
592.074680
 20
458.480468
 42
0.089820
  0
VERTEX
  8
0
 10
592.559375
 20
458.484956
 42
0.139550
  0
VERTEX
  8
0
 10
592.877126
 20
458.644659
 42
0.209945
  0
VERTEX
  8
0
 10
593.000000
 20
458.924396
 42
0.142471
  0
VERTEX
  8
0
 10
592.891862
 20
459.296202
 42
0.060245
  0
VERTEX
  8
0
 10
592.559375
 20
459.702003
 42
0.052856
  0
VERTEX
  8
0
 10
592.073834
 20
460.077603
 42
0.046632
  0
VERTEX
  8
0
 10
591.500000
 20
460.361626
 42
0.049166
  0
VERTEX
  8
0
 10
590.925320
 20
460.519532
 42
0.089820
  0
VERTEX
  8
0
 10
590.440625
 20
460.515044
 42
0.139550
  0
VERTEX
  8
0
 10
590.122874
 20
460.355341
 42
0.209945
  0
SEQEND
  0
POLYLINE
  8
0
 66
1
 70
1
  0
VERTEX
  8
0
 10
608.473008
 20
459.956326
 42
0.148010
  0
VERTEX
  8
0
 10
608.376620
 20
459.593540
 42
0.191608
  0
VERTEX
  8
0
 10
608.513546
 20
459.280921
 42
0.133038
  0
VERTEX
  8
0
 10
608.886908
 20
459.069707
 42
0.062657
  0
VERTEX
  8
0
 10
609.440983
 20
459.000000
 42
-0.114595
  0
VERTEX
  8
0
 10
610.568982
 20
458.738034
 42
-0.308480
  0
VERTEX
  8
0
 10
610.955123
 20
458.057279
 42
-0.227164
  0
VERTEX
  8
0
 10
610.481138
 20
457.246852
 42
-0.085011
  0
VERTEX
  8
0
 10
609.250000
 20
456.689326
 42
0.011590
  0
VERTEX
  8
0
 10
608.411700
 20
456.449367
 42
0.541772
  0
VERTEX
  8
0
 10
608.371220
 20
456.306344
 42
0.197309
  0
VERTEX
  8
0
 10
608.607705
 20
456.187999
 42
0.005718
  0
VERTEX
  8
0
 10
609.750000
 20
456.116001
 42
0.052780
  0
VERTEX
  8
0
 10
610.777662
 20
456.171500
 42
0.127958
  0
VERTEX
  8
0
 10
611.468174
 20
456.474864
 42
0.147534
  0
VERTEX
  8
0
 10
611.864297
 20
457.042400
 42
0.079267
  0
VERTEX
  8
0
 10
612.000000
 20
457.893011
 42
0.135963
  0
VERTEX
  8
0
 10
611.622694
 20
459.254887
 42
0.125892
  0
VERTEX
  8
0
 10
610.590137
 20
460.275927
 42
0.161457
  0
VERTEX
  8
0
 10
609.383137
 20
460.532144
 42
0.230518
  0
SEQEND
  0
POLYLINE
  8
0
 66
1
 70
1
  0
VERTEX
  8
0
 10
649.000000
 20
460.075604
 42
0.142471
  0
VERTEX
  8
0
 10
649.108138
 20
459.703798
 42
0.060245
  0
VERTEX
  8
0
 10
649.440625
 20
459.297997
 42
0.052856
  0
VERTEX
  8
0
 10
649.926166
 20
458.922397
 42
0.046632
  0
VERTEX
  8
0
 10
650.500000
 20
458.638374
 42
0.049166
  0
VERTEX
  8
0
 10
651.074680
 20
458.480468
 42
0.089820
  0
VERTEX
  8
0
 10
651.559375
 20
458.484956
 42
0.139550
  0
VERTEX
  8
0
 10
651.877126
 20
458.644659
 42
0.209945
  0
VERTEX
  8
0
 10
652.000000
 20
458.924396
 42
0.142471
  0
VERTEX
  8
0
 10
651.891862
 20
459.296202
 42
0.060245
  0
VERTEX
  8
0
 10
651.559375
 20
459.702003
 42
0.052856
  0
VERTEX
  8
0
 10
651.073834
 20
460.077603
 42
0.046632
  0
VERTEX
  8
0
 10
650.500000
 20
460.361626
 42
0.049166
  0
VERTEX
  8
0
 10
649.925320
 20
460.519532
 42
0.089820
  0
VERTEX
  8
0
 10
649.440625
 20
460.515044
 42
0.139550
  0
VERTEX
  8
0
 10
649.122874
 20
460.355341
 42
0.209945
  0
SEQEND
  0
POLYLINE
  8
0
 66
1
 70
1
  0
VERTEX
  8
0
 10
669.116001
 20
456.717776
 42
0.010633
  0
VERTEX
  8
0
 10
669.190115
 20
455.199030
 42
0.039583
  0
VERTEX
  8
0
 10
669.332266
 20
454.253034
 42
0.346727
  0
VERTEX
  8
0
 10
669.508840
 20
454.111697
 42
0.343275
  0
VERTEX
  8
0
 10
669.689326
 20
454.250000
 42
-0.081312
  0
VERTEX
  8
0
 10
670.241961
 20
455.494593
 42
-0.247215
  0
VERTEX
  8
0
 10
671.026326
 20
455.929165
 42
-0.210953
  0
VERTEX
  8
0
 10
671.931873
 20
455.552080
 42
-0.062632
  0
VERTEX
  8
0
 10
672.842498
 20
454.316956
 42
0.047323
  0
VERTEX
  8
0
 10
673.294444
 20
453.663080
 42
0.546997
  0
VERTEX
  8
0
 10
673.549200
 20
453.696291
 42
0.114999
  0
VERTEX
  8
0
 10
673.674324
 20
454.280172
 42
0.008091
  0
VERTEX
  8
0
 10
673.617013
 20
455.961716
 42
0.036268
  0
VERTEX
  8
0
 10
673.417811
 20
457.576329
 42
0.082075
  0
VERTEX
  8
0
 10
672.986467
 20
458.725634
 42
0.099703
  0
VERTEX
  8
0
 10
672.272790
 20
459.536767
 42
0.074176
  0
VERTEX
  8
0
 10
671.224825
 20
460.112535
 42
0.047642
  0
VERTEX
  8
0
 10
669.933553
 20
460.454799
 42
0.303545
  0
VERTEX
  8
0
 10
669.346750
 20
460.188852
 42
0.137309
  0
VERTEX
  8
0
 10
669.093310
 20
459.317178
 42
0.009384
  0
SEQEND
  0
POLYLINE
  8
0
 66
1
 70
1
  0
VERTEX
  8
0
 10
673.000000
 20
458.000000
 42
-0.148195
  0
VERTEX
  8
0
 10
672.884432
 20
457.618646
 42
-0.098894
  0
VERTEX
  8
0
 10
672.559375
 20
457.293750
 42
-0.082425
  0
VERTEX
  8
0
 10
672.073457
 20
457.074694
 42
-0.064853
  0
VERTEX
  8
0
 10
671.500000
 20
457.000000
 42
-0.064853
  0
VERTEX
  8
0
 10
670.926543
 20
457.074694
 42
-0.082425
  0
VERTEX
  8
0
 10
670.440625
 20
457.293750
 42
-0.098894
  0
VERTEX
  8
0
 10
670.115568
 20
457.618646
 42
-0.148195
  0
VERTEX
  8
0
 10
670.000000
 20
458.000000
 42
-0.148195
  0
VERTEX
  8
0
 10
670.115568
 20
458.381354
 42
-0.098894
  0
VERTEX
  8
0
 10
670.440625
 20
458.706250
 42
-0.082425
  0
VERTEX
  8
0
 10
670.926543
 20
458.925306
 42
-0.064853
  0
VERTEX
  8
0
 10
671.500000
 20
459.000000
 42
-0.064853
  0
VERTEX
  8
0
 10
672.073457
 20
458.925306
 42
-0.082425
  0
VERTEX
  8
0
 10
672.559375
 20
458.706250
 42
-0.098894
  0
VERTEX
  8
0
 10
672.884432
 20
458.381354
 42
-0.148195
  0
SEQEND
  0
POLYLINE
  8
0
 66
1
 70
1
  0
VERTEX
  8
0
 10
687.500000
 20
460.000000
 42
0.007086
  0
VERTEX
  8
0
 10
686.414842
 20
459.515361
 42
0.206801
  0
VERTEX
  8
0
 10
686.217153
 20
459.293900
 42
0.479221
  0
VERTEX
  8
0
 10
686.320418
 20
459.133810
 42
0.015651
  0
VERTEX
  8
0
 10
687.190983
 20
459.070285
 42
0.054957
  0
VERTEX
  8
0
 10
687.883647
 20
459.117642
 42
0.051224
  0
VERTEX
  8
0
 10
688.566787
 20
459.314396
 42
0.054947
  0
VERTEX
  8
0
 10
689.140070
 20
459.622072
 42
0.104092
  0
VERTEX
  8
0
 10
689.500000
 20
460.000000
 42
0.027810
  0
VERTEX
  8
0
 10
689.876953
 20
460.693352
 42
0.550582
  0
VERTEX
  8
0
 10
689.769967
 20
460.862409
 42
0.099104
  0
VERTEX
  8
0
 10
689.328061
 20
460.773951
 42
0.002683
  0
SEQEND
  0
POLYLINE
  8
0
 66
1
 70
1
  0
VERTEX
  8
0
 10
729.252183
 20
457.000000
 42
0.008928
  0
VERTEX
  8
0
 10
729.273923
 20
455.374269
 42
0.031614
  0
VERTEX
  8
0
 10
729.372269
 20
454.335938
 42
0.285455
  0
VERTEX
  8
0
 10
729.525522
 20
454.158990
 42
0.427546
  0
VERTEX
  8
0
 10
729.689326
 20
454.250000
 42
-0.068007
  0
VERTEX
  8
0
 10
729.965404
 20
454.918939
 42
-0.068913
  0
VERTEX
  8
0
 10
730.409857
 20
455.485937
 42
-0.075394
  0
VERTEX
  8
0
 10
730.948477
 20
455.868723
 42
-0.117373
  0
VERTEX
  8
0
 10
731.500000
 20
456.000000
 42
-0.117373
  0
VERTEX
  8
0
 10
732.051523
 20
455.868723
 42
-0.075394
  0
VERTEX
  8
0
 10
732.590143
 20
455.485937
 42
-0.068913
  0
VERTEX
  8
0
 10
733.034596
 20
454.918939
 42
-0.068007
  0
VERTEX
  8
0
 10
733.310674
 20
454.250000
 42
0.279395
  0
VERTEX
  8
0
 10
733.477320
 20
454.088315
 42
0.421517
  0
VERTEX
  8
0
 10
733.633659
 20
454.189063
 42
0.040136
  0
VERTEX
  8
0
 10
733.739189
 20
455.062099
 42
0.010016
  0
VERTEX
  8
0
 10
733.767997
 20
456.500000
 42
0.010016
  0
VERTEX
  8
0
 10
733.739189
 20
457.937901
 42
0.040136
  0
VERTEX
  8
0
 10
733.633659
 20
458.810937
 42
0.421517
  0
VERTEX
  8
0
 10
733.477320
 20
458.911685
 42
0.279395
  0
VERTEX
  8
0
 10
733.310674
 20
458.750000
 42
-0.129581
  0
VERTEX
  8
0
 10
732.577020
 20
457.448611
 42
-0.238777
  0
VERTEX
  8
0
 10
731.455430
 20
457.063239
 42
-0.207220
  0
VERTEX
  8
0
 10
730.351767
 20
457.734559
 42
-0.106750
  0
VERTEX
  8
0
 10
729.705733
 20
459.250000
 42
0.144746
  0
VERTEX
  8
0
 10
729.544649
 20
459.561102
 42
0.605362
  0
VERTEX
  8
0
 10
729.393738
 20
459.517188
 42
0.040347
  0
VERTEX
  8
0
 10
729.286104
 20
458.611303
 42
0.008282
  0
SEQEND
  0
POLYLINE
  8
0
 66
1
 70
1
  0
VERTEX
  8
0
 10
555.116001
 20
456.319551
 42
0.011639
  0
VERTEX
  8
0
 10
555.189529
 20
454.950072
 42
0.048371
  0
VERTEX
  8
0
 10
555.332266
 20
454.136056
 42
0.443513
  0
VERTEX
  8
0
 10
555.508581
 20
454.047456
 42
0.240996
  0
VERTEX
  8
0
 10
555.689326
 20
454.250000
 42
-0.081312
  0
VERTEX
  8
0
 10
556.241961
 20
455.494593
 42
-0.247215
  0
VERTEX
  8
0
 10
557.026326
 20
455.929165
 42
-0.210953
  0
VERTEX
  8
0
 10
557.931873
 20
455.552080
 42
-0.062632
  0
VERTEX
  8
0
 10
558.842498
 20
454.316956
 42
0.053175
  0
VERTEX
  8
0
 10
559.288093
 20
453.688092
 42
0.547280
  0
VERTEX
  8
0
 10
559.546790
 20
453.728093
 42
0.108517
  0
VERTEX
  8
0
 10
559.671900
 20
454.346264
 42
0.008174
  0
VERTEX
  8
0
 10
559.615365
 20
456.066956
 42
0.028200
  0
VERTEX
  8
0
 10
559.429273
 20
457.823036
 42
0.101739
  0
VERTEX
  8
0
 10
559.029951
 20
458.868861
 42
0.140861
  0
VERTEX
  8
0
 10
558.332591
 20
459.484694
 42
0.075331
  0
VERTEX
  8
0
 10
557.223176
 20
459.819551
 42
0.061003
  0
VERTEX
  8
0
 10
556.006589
 20
459.844984
 42
0.236232
  0
VERTEX
  8
0
 10
555.387848
 20
459.452818
 42
0.128945
  0
VERTEX
  8
0
 10
555.114476
 20
458.521288
 42
0.014835
  0
SEQEND
  0
POLYLINE
  8
0
 66
1
 70
1
  0
VERTEX
  8
0
 10
559.000000
 20
458.000000
 42
-0.148195
  0
VERTEX
  8
0
 10
558.884432
 20
457.618646
 42
-0.098894
  0
VERTEX
  8
0
 10
558.559375
 20
457.293750
 42
-0.082425
  0
VERTEX
  8
0
 10
558.073457
 20
457.074694
 42
-0.064853
  0
VERTEX
  8
0
 10
557.500000
 20
457.000000
 42
-0.064853
  0
VERTEX
  8
0
 10
556.926543
 20
457.074694
 42
-0.082425
  0
VERTEX
  8
0
 10
556.440625
 20
457.293750
 42
-0.098894
  0
VERTEX
  8
0
 10
556.115568
 20
457.618646
 42
-0.148195
  0
VERTEX
  8
0
 10
556.000000
 20
458.000000
 42
-0.148195
  0
VERTEX
  8
0
 10
556.115568
 20
458.381354
 42
-0.098894
  0
VERTEX
  8
0
 10
556.440625
 20
458.706250
 42
-0.082425
  0
VERTEX
  8
0
 10
556.926543
 20
458.925306
 42
-0.064853
  0
VERTEX
  8
0
 10
557.500000
 20
459.000000
 42
-0.064853
  0
VERTEX
  8
0
 10
558.073457
 20
458.925306
 42
-0.082425
  0
VERTEX
  8
0
 10
558.559375
 20
458.706250
 42
-0.098894
  0
VERTEX
  8
0
 10
558.884432
 20
458.381354
 42
-0.148195
  0
SEQEND
  0
POLYLINE
  8
0
 66
1
 70
1
  0
VERTEX
  8
0
 10
562.232003
 20
456.500000
 42
0.010016
  0
VERTEX
  8
0
 10
562.260811
 20
455.062099
 42
0.040136
  0
VERTEX
  8
0
 10
562.366341
 20
454.189063
 42
0.421517
  0
VERTEX
  8
0
 10
562.522680
 20
454.088315
 42
0.279395
  0
VERTEX
  8
0
 10
562.689326
 20
454.250000
 42
-0.068007
  0
VERTEX
  8
0
 10
562.965404
 20
454.918939
 42
-0.068913
  0
VERTEX
  8
0
 10
563.409857
 20
455.485937
 42
-0.075394
  0
VERTEX
  8
0
 10
563.948477
 20
455.868723
 42
-0.117373
  0
VERTEX
  8
0
 10
564.500000
 20
456.000000
 42
-0.117373
  0
VERTEX
  8
0
 10
565.051523
 20
455.868723
 42
-0.075394
  0
VERTEX
  8
0
 10
565.590143
 20
455.485937
 42
-0.068913
  0
VERTEX
  8
0
 10
566.034596
 20
454.918939
 42
-0.068007
  0
VERTEX
  8
0
 10
566.310674
 20
454.250000
 42
0.279395
  0
VERTEX
  8
0
 10
566.477320
 20
454.088315
 42
0.421517
  0
VERTEX
  8
0
 10
566.633659
 20
454.189063
 42
0.040136
  0
VERTEX
  8
0
 10
566.739189
 20
455.062099
 42
0.010016
  0
VERTEX
  8
0
 10
566.767997
 20
456.500000
 42
0.010016
  0
VERTEX
  8
0
 10
566.739189
 20
457.937901
 42
0.040136
  0
VERTEX
  8
0
 10
566.633659
 20
458.810937
 42
0.421517
  0
VERTEX
  8
0
 10
566.477320
 20
458.911685
 42
0.279395
  0
VERTEX
  8
0
 10
566.310674
 20
458.750000
 42
-0.068007
  0
VERTEX
  8
0
 10
566.034596
 20
458.081061
 42
-0.068913
  0
VERTEX
  8
0
 10
565.590143
 20
457.514063
 42
-0.075394
  0
VERTEX
  8
0
 10
565.051523
 20
457.131277
 42
-0.117373
  0
VERTEX
  8
0
 10
564.500000
 20
457.000000
 42
-0.117373
  0
VERTEX
  8
0
 10
563.948477
 20
457.131277
 42
-0.075394
  0
VERTEX
  8
0
 10
563.409857
 20
457.514063
 42
-0.068913
  0
VERTEX
  8
0
 10
562.965404
 20
458.081061
 42
-0.068007
  0
VERTEX
  8
0
 10
562.689326
 20
458.750000
 42
0.279395
  0
VERTEX
  8
0
 10
562.522680
 20
458.911685
 42
0.421517
  0
VERTEX
  8
0
 10
562.366341
 20
458.810937
 42
0.040136
  0
VERTEX
  8
0
 10
562.260811
 20
457.937901
 42
0.010016
  0
SEQEND
  0
POLYLINE
  8
0
 66
1
 70
1
  0
VERTEX
  8
0
 10
572.812500
 20
459.316886
 42
0.051402
  0
VERTEX
  8
0
 10
573.359369
 20
459.160852
 42
0.054150
  0
VERTEX
  8
0
 10
573.916927
 20
459.123424
 42
0.060344
  0
VERTEX
  8
0
 10
574.402231
 20
459.202593
 42
0.126455
  0
VERTEX
  8
0
 10
574.729167
 20
459.395833
 42
0.296942
  0
VERTEX
  8
0
 10
574.775380
 20
459.614691
 42
0.208169
  0
VERTEX
  8
0
 10
574.592839
 20
459.799335
 42
0.077125
  0
VERTEX
  8
0
 10
574.112848
 20
459.910055
 42
0.028489
  0
VERTEX
  8
0
 10
573.416667
 20
459.921053
 42
0.018894
  0
VERTEX
  8
0
 10
572.670344
 20
459.862007
 42
0.168741
  0
VERTEX
  8
0
 10
572.378580
 20
459.720685
 42
0.470617
  0
VERTEX
  8
0
 10
572.395823
 20
459.538436
 42
0.054073
  0
SEQEND
  0
POLYLINE
  8
0
 66
1
 70
1
  0
VERTEX
  8
0
 10
577.000000
 20
459.606989
 42
0.222225
  0
VERTEX
  8
0
 10
577.087111
 20
459.420671
 42
0.030693
  0
VERTEX
  8
0
 10
577.440625
 20
459.160341
 42
0.030395
  0
VERTEX
  8
0
 10
577.925442
 20
458.887494
 42
0.021360
  0
VERTEX
  8
0
 10
578.500000
 20
458.638374
 42
0.055937
  0
VERTEX
  8
0
 10
579.074366
 20
458.488865
 42
0.100118
  0
VERTEX
  8
0
 10
579.559375
 20
458.516384
 42
0.147206
  0
VERTEX
  8
0
 10
579.877514
 20
458.710807
 42
0.184534
  0
VERTEX
  8
0
 10
580.000000
 20
459.031385
 42
0.152681
  0
VERTEX
  8
0
 10
579.884506
 20
459.400789
 42
0.098158
  0
VERTEX
  8
0
 10
579.559375
 20
459.715469
 42
0.080880
  0
VERTEX
  8
0
 10
579.073532
 20
459.927770
 42
0.062722
  0
VERTEX
  8
0
 10
578.500000
 20
460.000000
 42
0.024748
  0
VERTEX
  8
0
 10
577.925176
 20
459.971531
 42
0.039339
  0
VERTEX
  8
0
 10
577.440625
 20
459.884553
 42
0.046727
  0
VERTEX
  8
0
 10
577.096084
 20
459.758929
 42
0.289661
  0
SEQEND
  0
POLYLINE
  8
0
 66
1
 70
1
  0
VERTEX
  8
0
 10
585.000000
 20
458.500000
 42
0.116238
  0
VERTEX
  8
0
 10
585.134550
 20
457.929049
 42
0.101436
  0
VERTEX
  8
0
 10
585.514063
 20
457.445123
 42
0.094034
  0
VERTEX
  8
0
 10
586.081711
 20
457.123084
 42
0.084520
  0
VERTEX
  8
0
 10
586.750000
 20
457.015313
 42
0.015246
  0
VERTEX
  8
0
 10
587.635609
 20
457.050082
 42
0.278496
  0
VERTEX
  8
0
 10
587.857048
 20
457.205828
 42
0.348700
  0
VERTEX
  8
0
 10
587.795767
 20
457.439555
 42
0.019656
  0
VERTEX
  8
0
 10
587.136847
 20
457.894262
 42
-0.022213
  0
VERTEX
  8
0
 10
586.426195
 20
458.390051
 42
-0.233412
  0
VERTEX
  8
0
 10
586.273695
 20
458.698930
 42
-0.275386
  0
VERTEX
  8
0
 10
586.436975
 20
458.972905
 42
-0.029355
  0
VERTEX
  8
0
 10
587.136847
 20
459.300002
 42
0.023718
  0
VERTEX
  8
0
 10
587.709835
 20
459.559972
 42
0.438953
  0
VERTEX
  8
0
 10
587.757373
 20
459.731622
 42
0.232968
  0
VERTEX
  8
0
 10
587.544200
 20
459.864069
 42
0.013273
  0
VERTEX
  8
0
 10
586.750000
 20
459.921053
 42
0.084943
  0
VERTEX
  8
0
 10
586.081752
 20
459.837493
 42
0.097345
  0
VERTEX
  8
0
 10
585.514063
 20
459.536184
 42
0.105533
  0
VERTEX
  8
0
 10
585.134948
 20
459.065902
 42
0.117584
  0
SEQEND
  0
POLYLINE
  8
0
 66
1
 70
1
  0
VERTEX
  8
0
 10
614.116001
 20
456.319551
 42
0.011639
  0
VERTEX
  8
0
 10
614.189529
 20
454.950072
 42
0.048371
  0
VERTEX
  8
0
 10
614.332266
 20
454.136056
 42
0.443513
  0
VERTEX
  8
0
 10
614.508581
 20
454.047456
 42
0.240996
  0
VERTEX
  8
0
 10
614.689326
 20
454.250000
 42
-0.081312
  0
VERTEX
  8
0
 10
615.241961
 20
455.494593
 42
-0.247215
  0
VERTEX
  8
0
 10
616.026326
 20
455.929165
 42
-0.210953
  0
VERTEX
  8
0
 10
616.931873
 20
455.552080
 42
-0.062632
  0
VERTEX
  8
0
 10
617.842498
 20
454.316956
 42
0.053175
  0
VERTEX
  8
0
 10
618.288093
 20
453.688092
 42
0.547280
  0
VERTEX
  8
0
 10
618.546790
 20
453.728093
 42
0.108517
  0
VERTEX
  8
0
 10
618.671900
 20
454.346264
 42
0.008174
  0
VERTEX
  8
0
 10
618.615365
 20
456.066956
 42
0.028200
  0
VERTEX
  8
0
 10
618.429273
 20
457.823036
 42
0.101739
  0
VERTEX
  8
0
 10
618.029951
 20
458.868861
 42
0.140861
  0
VERTEX
  8
0
 10
617.332591
 20
459.484694
 42
0.075331
  0
VERTEX
  8
0
 10
616.223176
 20
459.819551
 42
0.061003
  0
VERTEX
  8
0
 10
615.006589
 20
459.844984
 42
0.236232
  0
VERTEX
  8
0
 10
614.387848
 20
459.452818
 42
0.128945
  0
VERTEX
  8
0
 10
614.114476
 20
458.521288
 42
0.014835
  0
SEQEND
  0
POLYLINE
  8
0
 66
1
 70
1
  0
VERTEX
  8
0
 10
618.000000
 20
458.000000
 42
-0.148195
  0
VERTEX
  8
0
 10
617.884432
 20
457.618646
 42
-0.098894
  0
VERTEX
  8
0
 10
617.559375
 20
457.293750
 42
-0.082425
  0
VERTEX
  8
0
 10
617.073457
 20
457.074694
 42
-0.064853
  0
VERTEX
  8
0
 10
616.500000
 20
457.000000
 42
-0.064853
  0
VERTEX
  8
0
 10
615.926543
 20
457.074694
 42
-0.082425
  0
VERTEX
  8
0
 10
615.440625
 20
457.293750
 42
-0.098894
  0
VERTEX
  8
0
 10
615.115568
 20
457.618646
 42
-0.148195
  0
VERTEX
  8
0
 10
615.000000
 20
458.000000
 42
-0.148195
  0
VERTEX
  8
0
 10
615.115568
 20
458.381354
 42
-0.098894
  0
VERTEX
  8
0
 10
615.440625
 20
458.706250
 42
-0.082425
  0
VERTEX
  8
0
 10
615.926543
 20
458.925306
 42
-0.064853
  0
VERTEX
  8
0
 10
616.500000
 20
459.000000
 42
-0.064853
  0
VERTEX
  8
0
 10
617.073457
 20
458.925306
 42
-0.082425
  0
VERTEX
  8
0
 10
617.559375
 20
458.706250
 42
-0.098894
  0
VERTEX
  8
0
 10
617.884432
 20
458.381354
 42
-0.148195
  0
SEQEND
  0
POLYLINE
  8
0
 66
1
 70
1
  0
VERTEX
  8
0
 10
621.232003
 20
456.500000
 42
0.010016
  0
VERTEX
  8
0
 10
621.260811
 20
455.062099
 42
0.040136
  0
VERTEX
  8
0
 10
621.366341
 20
454.189063
 42
0.421517
  0
VERTEX
  8
0
 10
621.522680
 20
454.088315
 42
0.279395
  0
VERTEX
  8
0
 10
621.689326
 20
454.250000
 42
-0.068007
  0
VERTEX
  8
0
 10
621.965404
 20
454.918939
 42
-0.068913
  0
VERTEX
  8
0
 10
622.409857
 20
455.485937
 42
-0.075394
  0
VERTEX
  8
0
 10
622.948477
 20
455.868723
 42
-0.117373
  0
VERTEX
  8
0
 10
623.500000
 20
456.000000
 42
-0.117373
  0
VERTEX
  8
0
 10
624.051523
 20
455.868723
 42
-0.075394
  0
VERTEX
  8
0
 10
624.590143
 20
455.485937
 42
-0.068913
  0
VERTEX
  8
0
 10
625.034596
 20
454.918939
 42
-0.068007
  0
VERTEX
  8
0
 10
625.310674
 20
454.250000
 42
0.279395
  0
VERTEX
  8
0
 10
625.477320
 20
454.088315
 42
0.421517
  0
VERTEX
  8
0
 10
625.633659
 20
454.189063
 42
0.040136
  0
VERTEX
  8
0
 10
625.739189
 20
455.062099
 42
0.010016
  0
VERTEX
  8
0
 10
625.767997
 20
456.500000
 42
0.010016
  0
VERTEX
  8
0
 10
625.739189
 20
457.937901
 42
0.040136
  0
VERTEX
  8
0
 10
625.633659
 20
458.810937
 42
0.421517
  0
VERTEX
  8
0
 10
625.477320
 20
458.911685
 42
0.279395
  0
VERTEX
  8
0
 10
625.310674
 20
458.750000
 42
-0.068007
  0
VERTEX
  8
0
 10
625.034596
 20
458.081061
 42
-0.068913
  0
VERTEX
  8
0
 10
624.590143
 20
457.514063
 42
-0.075394
  0
VERTEX
  8
0
 10
624.051523
 20
457.131277
 42
-0.117373
  0
VERTEX
  8
0
 10
623.500000
 20
457.000000
 42
-0.117373
  0
VERTEX
  8
0
 10
622.948477
 20
457.131277
 42
-0.075394
  0
VERTEX
  8
0
 10
622.409857
 20
457.514063
 42
-0.068913
  0
VERTEX
  8
0
 10
621.965404
 20
458.081061
 42
-0.068007
  0
VERTEX
  8
0
 10
621.689326
 20
458.750000
 42
0.279395
  0
VERTEX
  8
0
 10
621.522680
 20
458.911685
 42
0.421517
  0
VERTEX
  8
0
 10
621.366341
 20
458.810937
 42
0.040136
  0
VERTEX
  8
0
 10
621.260811
 20
457.937901
 42
0.010016
  0
SEQEND
  0
POLYLINE
  8
0
 66
1
 70
1
  0
VERTEX
  8
0
 10
631.812500
 20
459.316886
 42
0.051402
  0
VERTEX
  8
0
 10
632.359369
 20
459.160852
 42
0.054150
  0
VERTEX
  8
0
 10
632.916927
 20
459.123424
 42
0.060344
  0
VERTEX
  8
0
 10
633.402231
 20
459.202593
 42
0.126455
  0
VERTEX
  8
0
 10
633.729167
 20
459.395833
 42
0.296942
  0
VERTEX
  8
0
 10
633.775380
 20
459.614691
 42
0.208169
  0
VERTEX
  8
0
 10
633.592839
 20
459.799335
 42
0.077125
  0
VERTEX
  8
0
 10
633.112848
 20
459.910055
 42
0.028489
  0
VERTEX
  8
0
 10
632.416667
 20
459.921053
 42
0.018894
  0
VERTEX
  8
0
 10
631.670344
 20
459.862007
 42
0.168741
  0
VERTEX
  8
0
 10
631.378580
 20
459.720685
 42
0.470617
  0
VERTEX
  8
0
 10
631.395823
 20
459.538436
 42
0.054073
  0
SEQEND
  0
POLYLINE
  8
0
 66
1
 70
1
  0
VERTEX
  8
0
 10
636.000000
 20
459.606989
 42
0.222225
  0
VERTEX
  8
0
 10
636.087111
 20
459.420671
 42
0.030693
  0
VERTEX
  8
0
 10
636.440625
 20
459.160341
 42
0.030395
  0
VERTEX
  8
0
 10
636.925442
 20
458.887494
 42
0.021360
  0
VERTEX
  8
0
 10
637.500000
 20
458.638374
 42
0.055937
  0
VERTEX
  8
0
 10
638.074366
 20
458.488865
 42
0.100118
  0
VERTEX
  8
0
 10
638.559375
 20
458.516384
 42
0.147206
  0
VERTEX
  8
0
 10
638.877514
 20
458.710807
 42
0.184534
  0
VERTEX
  8
0
 10
639.000000
 20
459.031385
 42
0.152681
  0
VERTEX
  8
0
 10
638.884506
 20
459.400789
 42
0.098158
  0
VERTEX
  8
0
 10
638.559375
 20
459.715469
 42
0.080880
  0
VERTEX
  8
0
 10
638.073532
 20
459.927770
 42
0.062722
  0
VERTEX
  8
0
 10
637.500000
 20
460.000000
 42
0.024748
  0
VERTEX
  8
0
 10
636.925176
 20
459.971531
 42
0.039339
  0
VERTEX
  8
0
 10
636.440625
 20
459.884553
 42
0.046727
  0
VERTEX
  8
0
 10
636.096084
 20
459.758929
 42
0.289661
  0
SEQEND
  0
POLYLINE
  8
0
 66
1
 70
1
  0
VERTEX
  8
0
 10
644.000000
 20
458.500000
 42
0.116238
  0
VERTEX
  8
0
 10
644.134550
 20
457.929049
 42
0.101436
  0
VERTEX
  8
0
 10
644.514063
 20
457.445123
 42
0.094034
  0
VERTEX
  8
0
 10
645.081711
 20
457.123084
 42
0.084520
  0
VERTEX
  8
0
 10
645.750000
 20
457.015313
 42
0.015246
  0
VERTEX
  8
0
 10
646.635609
 20
457.050082
 42
0.278496
  0
VERTEX
  8
0
 10
646.857048
 20
457.205828
 42
0.348700
  0
VERTEX
  8
0
 10
646.795767
 20
457.439555
 42
0.019656
  0
VERTEX
  8
0
 10
646.136847
 20
457.894262
 42
-0.022213
  0
VERTEX
  8
0
 10
645.426195
 20
458.390051
 42
-0.233412
  0
VERTEX
  8
0
 10
645.273695
 20
458.698930
 42
-0.275386
  0
VERTEX
  8
0
 10
645.436975
 20
458.972905
 42
-0.029355
  0
VERTEX
  8
0
 10
646.136847
 20
459.300002
 42
0.023718
  0
VERTEX
  8
0
 10
646.709835
 20
459.559972
 42
0.438953
  0
VERTEX
  8
0
 10
646.757373
 20
459.731622
 42
0.232968
  0
VERTEX
  8
0
 10
646.544200
 20
459.864069
 42
0.013273
  0
VERTEX
  8
0
 10
645.750000
 20
459.921053
 42
0.084943
  0
VERTEX
  8
0
 10
645.081752
 20
459.837493
 42
0.097345
  0
VERTEX
  8
0
 10
644.514063
 20
459.536184
 42
0.105533
  0
VERTEX
  8
0
 10
644.134948
 20
459.065902
 42
0.117584
  0
SEQEND
  0
POLYLINE
  8
0
 66
1
 70
1
  0
VERTEX
  8
0
 10
664.250000
 20
459.310674
 42
-0.042954
  0
VERTEX
  8
0
 10
664.919656
 20
459.072686
 42
-0.053930
  0
VERTEX
  8
0
 10
665.485937
 20
458.737018
 42
-0.063987
  0
VERTEX
  8
0
 10
665.874169
 20
458.360086
 42
-0.169692
  0
VERTEX
  8
0
 10
666.000000
 20
458.000000
 42
-0.169692
  0
VERTEX
  8
0
 10
665.874169
 20
457.639914
 42
-0.063987
  0
VERTEX
  8
0
 10
665.485937
 20
457.262982
 42
-0.053930
  0
VERTEX
  8
0
 10
664.919656
 20
456.927314
 42
-0.042954
  0
VERTEX
  8
0
 10
664.250000
 20
456.689326
 42
0.011590
  0
VERTEX
  8
0
 10
663.411700
 20
456.449367
 42
0.541772
  0
VERTEX
  8
0
 10
663.371220
 20
456.306344
 42
0.197309
  0
VERTEX
  8
0
 10
663.607705
 20
456.187999
 42
0.005718
  0
VERTEX
  8
0
 10
664.750000
 20
456.116001
 42
0.052892
  0
VERTEX
  8
0
 10
665.797666
 20
456.172814
 42
0.135122
  0
VERTEX
  8
0
 10
666.483250
 20
456.485975
 42
0.149531
  0
VERTEX
  8
0
 10
666.870529
 20
457.081183
 42
0.070109
  0
VERTEX
  8
0
 10
667.000000
 20
458.000000
 42
0.070109
  0
VERTEX
  8
0
 10
666.870529
 20
458.918817
 42
0.149531
  0
VERTEX
  8
0
 10
666.483250
 20
459.514025
 42
0.135122
  0
VERTEX
  8
0
 10
665.797666
 20
459.827186
 42
0.052892
  0
VERTEX
  8
0
 10
664.750000
 20
459.883999
 42
0.005718
  0
VERTEX
  8
0
 10
663.607705
 20
459.812001
 42
0.197309
  0
VERTEX
  8
0
 10
663.371220
 20
459.693656
 42
0.541772
  0
VERTEX
  8
0
 10
663.411700
 20
459.550633
 42
0.011590
  0
SEQEND
  0
POLYLINE
  8
0
 66
1
 70
1
  0
VERTEX
  8
0
 10
676.232003
 20
456.500000
 42
0.010016
  0
VERTEX
  8
0
 10
676.260811
 20
455.062099
 42
0.040136
  0
VERTEX
  8
0
 10
676.366341
 20
454.189063
 42
0.421517
  0
VERTEX
  8
0
 10
676.522680
 20
454.088315
 42
0.279395
  0
VERTEX
  8
0
 10
676.689326
 20
454.250000
 42
-0.068007
  0
VERTEX
  8
0
 10
676.965404
 20
454.918939
 42
-0.068913
  0
VERTEX
  8
0
 10
677.409857
 20
455.485937
 42
-0.075394
  0
VERTEX
  8
0
 10
677.948477
 20
455.868723
 42
-0.117373
  0
VERTEX
  8
0
 10
678.500000
 20
456.000000
 42
-0.117373
  0
VERTEX
  8
0
 10
679.051523
 20
455.868723
 42
-0.075394
  0
VERTEX
  8
0
 10
679.590143
 20
455.485937
 42
-0.068913
  0
VERTEX
  8
0
 10
680.034596
 20
454.918939
 42
-0.068007
  0
VERTEX
  8
0
 10
680.310674
 20
454.250000
 42
0.279395
  0
VERTEX
  8
0
 10
680.477320
 20
454.088315
 42
0.421517
  0
VERTEX
  8
0
 10
680.633659
 20
454.189063
 42
0.040136
  0
VERTEX
  8
0
 10
680.739189
 20
455.062099
 42
0.010016
  0
VERTEX
  8
0
 10
680.767997
 20
456.500000
 42
0.010016
  0
VERTEX
  8
0
 10
680.739189
 20
457.937901
 42
0.040136
  0
VERTEX
  8
0
 10
680.633659
 20
458.810937
 42
0.421517
  0
VERTEX
  8
0
 10
680.477320
 20
458.911685
 42
0.279395
  0
VERTEX
  8
0
 10
680.310674
 20
458.750000
 42
-0.068007
  0
VERTEX
  8
0
 10
680.034596
 20
458.081061
 42
-0.068913
  0
VERTEX
  8
0
 10
679.590143
 20
457.514063
 42
-0.075394
  0
VERTEX
  8
0
 10
679.051523
 20
457.131277
 42
-0.117373
  0
VERTEX
  8
0
 10
678.500000
 20
457.000000
 42
-0.117373
  0
VERTEX
  8
0
 10
677.948477
 20
457.131277
 42
-0.075394
  0
VERTEX
  8
0
 10
677.409857
 20
457.514063
 42
-0.068913
  0
VERTEX
  8
0
 10
676.965404
 20
458.081061
 42
-0.068007
  0
VERTEX
  8
0
 10
676.689326
 20
458.750000
 42
0.279395
  0
VERTEX
  8
0
 10
676.522680
 20
458.911685
 42
0.421517
  0
VERTEX
  8
0
 10
676.366341
 20
458.810937
 42
0.040136
  0
VERTEX
  8
0
 10
676.260811
 20
457.937901
 42
0.010016
  0
SEQEND
  0
POLYLINE
  8
0
 66
1
 70
1
  0
VERTEX
  8
0
 10
691.000000
 20
459.606989
 42
0.222225
  0
VERTEX
  8
0
 10
691.087111
 20
459.420671
 42
0.030693
  0
VERTEX
  8
0
 10
691.440625
 20
459.160341
 42
0.030395
  0
VERTEX
  8
0
 10
691.925442
 20
458.887494
 42
0.021360
  0
VERTEX
  8
0
 10
692.500000
 20
458.638374
 42
0.055937
  0
VERTEX
  8
0
 10
693.074366
 20
458.488865
 42
0.100118
  0
VERTEX
  8
0
 10
693.559375
 20
458.516384
 42
0.147206
  0
VERTEX
  8
0
 10
693.877514
 20
458.710807
 42
0.184534
  0
VERTEX
  8
0
 10
694.000000
 20
459.031385
 42
0.152681
  0
VERTEX
  8
0
 10
693.884506
 20
459.400789
 42
0.098158
  0
VERTEX
  8
0
 10
693.559375
 20
459.715469
 42
0.080880
  0
VERTEX
  8
0
 10
693.073532
 20
459.927770
 42
0.062722
  0
VERTEX
  8
0
 10
692.500000
 20
460.000000
 42
0.024748
  0
VERTEX
  8
0
 10
691.925176
 20
459.971531
 42
0.039339
  0
VERTEX
  8
0
 10
691.440625
 20
459.884553
 42
0.046727
  0
VERTEX
  8
0
 10
691.096084
 20
459.758929
 42
0.289661
  0
SEQEND
  0
POLYLINE
  8
0
 66
1
 70
1
  0
VERTEX
  8
0
 10
699.000000
 20
458.500000
 42
0.116238
  0
VERTEX
  8
0
 10
699.134550
 20
457.929049
 42
0.101436
  0
VERTEX
  8
0
 10
699.514063
 20
457.445123
 42
0.094034
  0
VERTEX
  8
0
 10
700.081711
 20
457.123084
 42
0.084520
  0
VERTEX
  8
0
 10
700.750000
 20
457.015313
 42
0.015246
  0
VERTEX
  8
0
 10
701.635609
 20
457.050082
 42
0.278496
  0
VERTEX
  8
0
 10
701.857048
 20
457.205828
 42
0.348700
  0
VERTEX
  8
0
 10
701.795767
 20
457.439555
 42
0.019656
  0
VERTEX
  8
0
 10
701.136847
 20
457.894262
 42
-0.022213
  0
VERTEX
  8
0
 10
700.426195
 20
458.390051
 42
-0.233412
  0
VERTEX
  8
0
 10
700.273695
 20
458.698930
 42
-0.275386
  0
VERTEX
  8
0
 10
700.436975
 20
458.972905
 42
-0.029355
  0
VERTEX
  8
0
 10
701.136847
 20
459.300002
 42
0.023718
  0
VERTEX
  8
0
 10
701.709835
 20
459.559972
 42
0.438953
  0
VERTEX
  8
0
 10
701.757373
 20
459.731622
 42
0.232968
  0
VERTEX
  8
0
 10
701.544200
 20
459.864069
 42
0.013273
  0
VERTEX
  8
0
 10
700.750000
 20
459.921053
 42
0.084943
  0
VERTEX
  8
0
 10
700.081752
 20
459.837493
 42
0.097345
  0
VERTEX
  8
0
 10
699.514063
 20
459.536184
 42
0.105533
  0
VERTEX
  8
0
 10
699.134948
 20
459.065902
 42
0.117584
  0
SEQEND
  0
POLYLINE
  8
0
 66
1
 70
1
  0
VERTEX
  8
0
 10
704.000000
 20
459.606989
 42
0.222225
  0
VERTEX
  8
0
 10
704.087111
 20
459.420671
 42
0.030693
  0
VERTEX
  8
0
 10
704.440625
 20
459.160341
 42
0.030395
  0
VERTEX
  8
0
 10
704.925442
 20
458.887494
 42
0.021360
  0
VERTEX
  8
0
 10
705.500000
 20
458.638374
 42
0.055937
  0
VERTEX
  8
0
 10
706.074366
 20
458.488865
 42
0.100118
  0
VERTEX
  8
0
 10
706.559375
 20
458.516384
 42
0.147206
  0
VERTEX
  8
0
 10
706.877514
 20
458.710807
 42
0.184534
  0
VERTEX
  8
0
 10
707.000000
 20
459.031385
 42
0.152681
  0
VERTEX
  8
0
 10
706.884506
 20
459.400789
 42
0.098158
  0
VERTEX
  8
0
 10
706.559375
 20
459.715469
 42
0.080880
  0
VERTEX
  8
0
 10
706.073532
 20
459.927770
 42
0.062722
  0
VERTEX
  8
0
 10
705.500000
 20
460.000000
 42
0.024748
  0
VERTEX
  8
0
 10
704.925176
 20
459.971531
 42
0.039339
  0
VERTEX
  8
0
 10
704.440625
 20
459.884553
 42
0.046727
  0
VERTEX
  8
0
 10
704.096084
 20
459.758929
 42
0.289661
  0
SEQEND
  0
POLYLINE
  8
0
 66
1
 70
1
  0
VERTEX
  8
0
 10
717.250000
 20
459.310674
 42
-0.042954
  0
VERTEX
  8
0
 10
717.919656
 20
459.072686
 42
-0.053930
  0
VERTEX
  8
0
 10
718.485937
 20
458.737018
 42
-0.063987
  0
VERTEX
  8
0
 10
718.874169
 20
458.360086
 42
-0.169692
  0
VERTEX
  8
0
 10
719.000000
 20
458.000000
 42
-0.169692
  0
VERTEX
  8
0
 10
718.874169
 20
457.639914
 42
-0.063987
  0
VERTEX
  8
0
 10
718.485937
 20
457.262982
 42
-0.053930
  0
VERTEX
  8
0
 10
717.919656
 20
456.927314
 42
-0.042954
  0
VERTEX
  8
0
 10
717.250000
 20
456.689326
 42
0.011590
  0
VERTEX
  8
0
 10
716.411700
 20
456.449367
 42
0.541772
  0
VERTEX
  8
0
 10
716.371220
 20
456.306344
 42
0.197309
  0
VERTEX
  8
0
 10
716.607705
 20
456.187999
 42
0.005718
  0
VERTEX
  8
0
 10
717.750000
 20
456.116001
 42
0.052892
  0
VERTEX
  8
0
 10
718.797666
 20
456.172814
 42
0.135122
  0
VERTEX
  8
0
 10
719.483250
 20
456.485975
 42
0.149531
  0
VERTEX
  8
0
 10
719.870529
 20
457.081183
 42
0.070109
  0
VERTEX
  8
0
 10
720.000000
 20
458.000000
 42
0.070109
  0
VERTEX
  8
0
 10
719.870529
 20
458.918817
 42
0.149531
  0
VERTEX
  8
0
 10
719.483250
 20
459.514025
 42
0.135122
  0
VERTEX
  8
0
 10
718.797666
 20
459.827186
 42
0.052892
  0
VERTEX
  8
0
 10
717.750000
 20
459.883999
 42
0.005718
  0
VERTEX
  8
0
 10
716.607705
 20
459.812001
 42
0.197309
  0
VERTEX
  8
0
 10
716.371220
 20
459.693656
 42
0.541772
  0
VERTEX
  8
0
 10
716.411700
 20
459.550633
 42
0.011590
  0
SEQEND
  0
POLYLINE
  8
0
 66
1
 70
1
  0
VERTEX
  8
0
 10
722.116001
 20
456.319551
 42
0.011639
  0
VERTEX
  8
0
 10
722.189529
 20
454.950072
 42
0.048371
  0
VERTEX
  8
0
 10
722.332266
 20
454.136056
 42
0.443513
  0
VERTEX
  8
0
 10
722.508581
 20
454.047456
 42
0.240996
  0
VERTEX
  8
0
 10
722.689326
 20
454.250000
 42
-0.081312
  0
VERTEX
  8
0
 10
723.241961
 20
455.494593
 42
-0.247215
  0
VERTEX
  8
0
 10
724.026326
 20
455.929165
 42
-0.210953
  0
VERTEX
  8
0
 10
724.931873
 20
455.552080
 42
-0.062632
  0
VERTEX
  8
0
 10
725.842498
 20
454.316956
 42
0.053175
  0
VERTEX
  8
0
 10
726.288093
 20
453.688092
 42
0.547280
  0
VERTEX
  8
0
 10
726.546790
 20
453.728093
 42
0.108517
  0
VERTEX
  8
0
 10
726.671900
 20
454.346264
 42
0.008174
  0
VERTEX
  8
0
 10
726.615365
 20
456.066956
 42
0.028200
  0
VERTEX
  8
0
 10
726.429273
 20
457.823036
 42
0.101739
  0
VERTEX
  8
0
 10
726.029951
 20
458.868861
 42
0.140861
  0
VERTEX
  8
0
 10
725.332591
 20
459.484694
 42
0.075331
  0
VERTEX
  8
0
 10
724.223176
 20
459.819551
 42
0.061003
  0
VERTEX
  8
0
 10
723.006589
 20
459.844984
 42
0.236232
  0
VERTEX
  8
0
 10
722.387848
 20
459.452818
 42
0.128945
  0
VERTEX
  8
0
 10
722.114476
 20
458.521288
 42
0.014835
  0
SEQEND
  0
POLYLINE
  8
0
 66
1
 70
1
  0
VERTEX
  8
0
 10
726.000000
 20
458.000000
 42
-0.148195
  0
VERTEX
  8
0
 10
725.884432
 20
457.618646
 42
-0.098894
  0
VERTEX
  8
0
 10
725.559375
 20
457.293750
 42
-0.082425
  0
VERTEX
  8
0
 10
725.073457
 20
457.074694
 42
-0.064853
  0
VERTEX
  8
0
 10
724.500000
 20
457.000000
 42
-0.064853
  0
VERTEX
  8
0
 10
723.926543
 20
457.074694
 42
-0.082425
  0
VERTEX
  8
0
 10
723.440625
 20
457.293750
 42
-0.098894
  0
VERTEX
  8
0
 10
723.115568
 20
457.618646
 42
-0.148195
  0
VERTEX
  8
0
 10
723.000000
 20
458.000000
 42
-0.148195
  0
VERTEX
  8
0
 10
723.115568
 20
458.381354
 42
-0.098894
  0
VERTEX
  8
0
 10
723.440625
 20
458.706250
 42
-0.082425
  0
VERTEX
  8
0
 10
723.926543
 20
458.925306
 42
-0.064853
  0
VERTEX
  8
0
 10
724.500000
 20
459.000000
 42
-0.064853
  0
VERTEX
  8
0
 10
725.073457
 20
458.925306
 42
-0.082425
  0
VERTEX
  8
0
 10
725.559375
 20
458.706250
 42
-0.098894
  0
VERTEX
  8
0
 10
725.884432
 20
458.381354
 42
-0.148195
  0
SEQEND
  0
POLYLINE
  8
0
 66
1
 70
1
  0
VERTEX
  8
0
 10
739.812500
 20
459.316886
 42
0.051402
  0
VERTEX
  8
0
 10
740.359369
 20
459.160852
 42
0.054150
  0
VERTEX
  8
0
 10
740.916927
 20
459.123424
 42
0.060344
  0
VERTEX
  8
0
 10
741.402231
 20
459.202593
 42
0.126455
  0
VERTEX
  8
0
 10
741.729167
 20
459.395833
 42
0.296942
  0
VERTEX
  8
0
 10
741.775380
 20
459.614691
 42
0.208169
  0
VERTEX
  8
0
 10
741.592839
 20
459.799335
 42
0.077125
  0
VERTEX
  8
0
 10
741.112848
 20
459.910055
 42
0.028489
  0
VERTEX
  8
0
 10
740.416667
 20
459.921053
 42
0.018894
  0
VERTEX
  8
0
 10
739.670344
 20
459.862007
 42
0.168741
  0
VERTEX
  8
0
 10
739.378580
 20
459.720685
 42
0.470617
  0
VERTEX
  8
0
 10
739.395823
 20
459.538436
 42
0.054073
  0
SEQEND
  0
POLYLINE
  8
0
 66
1
 70
1
  0
VERTEX
  8
0
 10
744.000000
 20
459.606989
 42
0.222225
  0
VERTEX
  8
0
 10
744.087111
 20
459.420671
 42
0.030693
  0
VERTEX
  8
0
 10
744.440625
 20
459.160341
 42
0.030395
  0
VERTEX
  8
0
 10
744.925442
 20
458.887494
 42
0.021360
  0
VERTEX
  8
0
 10
745.500000
 20
458.638374
 42
0.055937
  0
VERTEX
  8
0
 10
746.074366
 20
458.488865
 42
0.100118
  0
VERTEX
  8
0
 10
746.559375
 20
458.516384
 42
0.147206
  0
VERTEX
  8
0
 10
746.877514
 20
458.710807
 42
0.184534
  0
VERTEX
  8
0
 10
747.000000
 20
459.031385
 42
0.152681
  0
VERTEX
  8
0
 10
746.884506
 20
459.400789
 42
0.098158
  0
VERTEX
  8
0
 10
746.559375
 20
459.715469
 42
0.080880
  0
VERTEX
  8
0
 10
746.073532
 20
459.927770
 42
0.062722
  0
VERTEX
  8
0
 10
745.500000
 20
460.000000
 42
0.024748
  0
VERTEX
  8
0
 10
744.925176
 20
459.971531
 42
0.039339
  0
VERTEX
  8
0
 10
744.440625
 20
459.884553
 42
0.046727
  0
VERTEX
  8
0
 10
744.096084
 20
459.758929
 42
0.289661
  0
SEQEND
  0
POLYLINE
  8
0
 66
1
 70
1
  0
VERTEX
  8
0
 10
752.000000
 20
458.500000
 42
0.116238
  0
VERTEX
  8
0
 10
752.134550
 20
457.929049
 42
0.101436
  0
VERTEX
  8
0
 10
752.514063
 20
457.445123
 42
0.094034
  0
VERTEX
  8
0
 10
753.081711
 20
457.123084
 42
0.084520
  0
VERTEX
  8
0
 10
753.750000
 20
457.015313
 42
0.015246
  0
VERTEX
  8
0
 10
754.635609
 20
457.050082
 42
0.278496
  0
VERTEX
  8
0
 10
754.857048
 20
457.205828
 42
0.348700
  0
VERTEX
  8
0
 10
754.795767
 20
457.439555
 42
0.019656
  0
VERTEX
  8
0
 10
754.136847
 20
457.894262
 42
-0.022213
  0
VERTEX
  8
0
 10
753.426195
 20
458.390051
 42
-0.233412
  0
VERTEX
  8
0
 10
753.273695
 20
458.698930
 42
-0.275386
  0
VERTEX
  8
0
 10
753.436975
 20
458.972905
 42
-0.029355
  0
VERTEX
  8
0
 10
754.136847
 20
459.300002
 42
0.023718
  0
VERTEX
  8
0
 10
754.709835
 20
459.559972
 42
0.438953
  0
VERTEX
  8
0
 10
754.757373
 20
459.731622
 42
0.232968
  0
VERTEX
  8
0
 10
754.544200
 20
459.864069
 42
0.013273
  0
VERTEX
  8
0
 10
753.750000
 20
459.921053
 42
0.084943
  0
VERTEX
  8
0
 10
753.081752
 20
459.837493
 42
0.097345
  0
VERTEX
  8
0
 10
752.514063
 20
459.536184
 42
0.105533
  0
VERTEX
  8
0
 10
752.134948
 20
459.065902
 42
0.117584
  0
SEQEND
  0
POLYLINE
  8
0
 66
1
 70
1
  0
VERTEX
  8
0
 10
757.000000
 20
459.606989
 42
0.222225
  0
VERTEX
  8
0
 10
757.087111
 20
459.420671
 42
0.030693
  0
VERTEX
  8
0
 10
757.440625
 20
459.160341
 42
0.030395
  0
VERTEX
  8
0
 10
757.925442
 20
458.887494
 42
0.021360
  0
VERTEX
  8
0
 10
758.500000
 20
458.638374
 42
0.055937
  0
VERTEX
  8
0
 10
759.074366
 20
458.488865
 42
0.100118
  0
VERTEX
  8
0
 10
759.559375
 20
458.516384
 42
0.147206
  0
VERTEX
  8
0
 10
759.877514
 20
458.710807
 42
0.184534
  0
VERTEX
  8
0
 10
760.000000
 20
459.031385
 42
0.152681
  0
VERTEX
  8
0
 10
759.884506
 20
459.400789
 42
0.098158
  0
VERTEX
  8
0
 10
759.559375
 20
459.715469
 42
0.080880
  0
VERTEX
  8
0
 10
759.073532
 20
459.927770
 42
0.062722
  0
VERTEX
  8
0
 10
758.500000
 20
460.000000
 42
0.024748
  0
VERTEX
  8
0
 10
757.925176
 20
459.971531
 42
0.039339
  0
VERTEX
  8
0
 10
757.440625
 20
459.884553
 42
0.046727
  0
VERTEX
  8
0
 10
757.096084
 20
459.758929
 42
0.289661
  0
SEQEND
  0
POLYLINE
  8
0
 66
1
 70
1
  0
VERTEX
  8
0
 10
573.500000
 20
454.000000
 42
0.007086
  0
VERTEX
  8
0
 10
572.414842
 20
453.515361
 42
0.206801
  0
VERTEX
  8
0
 10
572.217153
 20
453.293900
 42
0.479221
  0
VERTEX
  8
0
 10
572.320418
 20
453.133810
 42
0.015651
  0
VERTEX
  8
0
 10
573.190983
 20
453.070285
 42
0.054957
  0
VERTEX
  8
0
 10
573.883647
 20
453.117642
 42
0.051224
  0
VERTEX
  8
0
 10
574.566787
 20
453.314396
 42
0.054947
  0
VERTEX
  8
0
 10
575.140070
 20
453.622072
 42
0.104092
  0
VERTEX
  8
0
 10
575.500000
 20
454.000000
 42
0.027810
  0
VERTEX
  8
0
 10
575.876953
 20
454.693352
 42
0.550582
  0
VERTEX
  8
0
 10
575.769967
 20
454.862409
 42
0.099104
  0
VERTEX
  8
0
 10
575.328061
 20
454.773951
 42
0.002683
  0
SEQEND
  0
POLYLINE
  8
0
 66
1
 70
1
  0
VERTEX
  8
0
 10
591.000000
 20
454.000000
 42
0.011213
  0
VERTEX
  8
0
 10
590.169589
 20
453.436556
 42
0.309569
  0
VERTEX
  8
0
 10
590.083458
 20
453.201904
 42
0.327416
  0
VERTEX
  8
0
 10
590.271084
 20
453.047261
 42
0.011938
  0
VERTEX
  8
0
 10
591.250000
 20
453.015313
 42
0.055234
  0
VERTEX
  8
0
 10
591.919445
 20
453.083567
 42
0.075283
  0
VERTEX
  8
0
 10
592.485937
 20
453.298248
 42
0.095191
  0
VERTEX
  8
0
 10
592.865757
 20
453.619685
 42
0.171310
  0
VERTEX
  8
0
 10
593.000000
 20
454.000000
 42
0.042895
  0
VERTEX
  8
0
 10
592.938046
 20
454.720828
 42
0.364836
  0
VERTEX
  8
0
 10
592.707705
 20
454.914708
 42
0.137048
  0
VERTEX
  8
0
 10
592.262820
 20
454.790433
 42
0.007234
  0
SEQEND
  0
POLYLINE
  8
0
 66
1
 70
1
  0
VERTEX
  8
0
 10
632.500000
 20
454.000000
 42
0.007086
  0
VERTEX
  8
0
 10
631.414842
 20
453.515361
 42
0.206801
  0
VERTEX
  8
0
 10
631.217153
 20
453.293900
 42
0.479221
  0
VERTEX
  8
0
 10
631.320418
 20
453.133810
 42
0.015651
  0
VERTEX
  8
0
 10
632.190983
 20
453.070285
 42
0.054957
  0
VERTEX
  8
0
 10
632.883647
 20
453.117642
 42
0.051224
  0
VERTEX
  8
0
 10
633.566787
 20
453.314396
 42
0.054947
  0
VERTEX
  8
0
 10
634.140070
 20
453.622072
 42
0.104092
  0
VERTEX
  8
0
 10
634.500000
 20
454.000000
 42
0.027810
  0
VERTEX
  8
0
 10
634.876953
 20
454.693352
 42
0.550582
  0
VERTEX
  8
0
 10
634.769967
 20
454.862409
 42
0.099104
  0
VERTEX
  8
0
 10
634.328061
 20
454.773951
 42
0.002683
  0
SEQEND
  0
POLYLINE
  8
0
 66
1
 70
1
  0
VERTEX
  8
0
 10
650.000000
 20
454.000000
 42
0.011213
  0
VERTEX
  8
0
 10
649.169589
 20
453.436556
 42
0.309569
  0
VERTEX
  8
0
 10
649.083458
 20
453.201904
 42
0.327416
  0
VERTEX
  8
0
 10
649.271084
 20
453.047261
 42
0.011938
  0
VERTEX
  8
0
 10
650.250000
 20
453.015313
 42
0.055234
  0
VERTEX
  8
0
 10
650.919445
 20
453.083567
 42
0.075283
  0
VERTEX
  8
0
 10
651.485937
 20
453.298248
 42
0.095191
  0
VERTEX
  8
0
 10
651.865757
 20
453.619685
 42
0.171310
  0
VERTEX
  8
0
 10
652.000000
 20
454.000000
 42
0.042895
  0
VERTEX
  8
0
 10
651.938046
 20
454.720828
 42
0.364836
  0
VERTEX
  8
0
 10
651.707705
 20
454.914708
 42
0.137048
  0
VERTEX
  8
0
 10
651.262820
 20
454.790433
 42
0.007234
  0
SEQEND
  0
POLYLINE
  8
0
 66
1
 70
1
  0
VERTEX
  8
0
 10
687.500000
 20
454.000000
 42
0.007086
  0
VERTEX
  8
0
 10
686.414842
 20
453.515361
 42
0.206801
  0
VERTEX
  8
0
 10
686.217153
 20
453.293900
 42
0.479221
  0
VERTEX
  8
0
 10
686.320418
 20
453.133810
 42
0.015651
  0
VERTEX
  8
0
 10
687.190983
 20
453.070285
 42
0.054957
  0
VERTEX
  8
0
 10
687.883647
 20
453.117642
 42
0.051224
  0
VERTEX
  8
0
 10
688.566787
 20
453.314396
 42
0.054947
  0
VERTEX
  8
0
 10
689.140070
 20
453.622072
 42
0.104092
  0
VERTEX
  8
0
 10
689.500000
 20
454.000000
 42
0.027810
  0
VERTEX
  8
0
 10
689.876953
 20
454.693352
 42
0.550582
  0
VERTEX
  8
0
 10
689.769967
 20
454.862409
 42
0.099104
  0
VERTEX
  8
0
 10
689.328061
 20
454.773951
 42
0.002683
  0
SEQEND
  0
POLYLINE
  8
0
 66
1
 70
1
  0
VERTEX
  8
0
 10
705.000000
 20
454.000000
 42
0.011213
  0
VERTEX
  8
0
 10
704.169589
 20
453.436556
 42
0.309569
  0
VERTEX
  8
0
 10
704.083458
 20
453.201904
 42
0.327416
  0
VERTEX
  8
0
 10
704.271084
 20
453.047261
 42
0.011938
  0
VERTEX
  8
0
 10
705.250000
 20
453.015313
 42
0.055234
  0
VERTEX
  8
0
 10
705.919445
 20
453.083567
 42
0.075283
  0
VERTEX
  8
0
 10
706.485937
 20
453.298248
 42
0.095191
  0
VERTEX
  8
0
 10
706.865757
 20
453.619685
 42
0.171310
  0
VERTEX
  8
0
 10
707.000000
 20
454.000000
 42
0.042895
  0
VERTEX
  8
0
 10
706.938046
 20
454.720828
 42
0.364836
  0
VERTEX
  8
0
 10
706.707705
 20
454.914708
 42
0.137048
  0
VERTEX
  8
0
 10
706.262820
 20
454.790433
 42
0.007234
  0
SEQEND
  0
POLYLINE
  8
0
 66
1
 70
1
  0
VERTEX
  8
0
 10
740.500000
 20
454.000000
 42
0.007086
  0
VERTEX
  8
0
 10
739.414842
 20
453.515361
 42
0.206801
  0
VERTEX
  8
0
 10
739.217153
 20
453.293900
 42
0.479221
  0
VERTEX
  8
0
 10
739.320418
 20
453.133810
 42
0.015651
  0
VERTEX
  8
0
 10
740.190983
 20
453.070285
 42
0.054957
  0
VERTEX
  8
0
 10
740.883647
 20
453.117642
 42
0.051224
  0
VERTEX
  8
0
 10
741.566787
 20
453.314396
 42
0.054947
  0
VERTEX
  8
0
 10
742.140070
 20
453.622072
 42
0.104092
  0
VERTEX
  8
0
 10
742.500000
 20
454.000000
 42
0.027810
  0
VERTEX
  8
0
 10
742.876953
 20
454.693352
 42
0.550582
  0
VERTEX
  8
0
 10
742.769967
 20
454.862409
 42
0.099104
  0
VERTEX
  8
0
 10
742.328061
 20
454.773951
 42
0.002683
  0
SEQEND
  0
POLYLINE
  8
0
 66
1
 70
1
  0
VERTEX
  8
0
 10
758.000000
 20
454.000000
 42
0.011213
  0
VERTEX
  8
0
 10
757.169589
 20
453.436556
 42
0.309569
  0
VERTEX
  8
0
 10
757.083458
 20
453.201904
 42
0.327416
  0
VERTEX
  8
0
 10
757.271084
 20
453.047261
 42
0.011938
  0
VERTEX
  8
0
 10
758.250000
 20
453.015313
 42
0.055234
  0
VERTEX
  8
0
 10
758.919445
 20
453.083567
 42
0.075283
  0
VERTEX
  8
0
 10
759.485937
 20
453.298248
 42
0.095191
  0
VERTEX
  8
0
 10
759.865757
 20
453.619685
 42
0.171310
  0
VERTEX
  8
0
 10
760.000000
 20
454.000000
 42
0.042895
  0
VERTEX
  8
0
 10
759.938046
 20
454.720828
 42
0.364836
  0
VERTEX
  8
0
 10
759.707705
 20
454.914708
 42
0.137048
  0
VERTEX
  8
0
 10
759.262820
 20
454.790433
 42
0.007234
  0
SEQEND
  0
POLYLINE
  8
0
 66
1
 70
1
  0
VERTEX
  8
0
 10
549.750000
 20
453.337719
 42
0.057986
  0
VERTEX
  8
0
 10
550.320008
 20
453.181385
 42
0.037979
  0
VERTEX
  8
0
 10
551.000000
 20
453.129660
 42
0.037979
  0
VERTEX
  8
0
 10
551.679992
 20
453.181385
 42
0.057986
  0
VERTEX
  8
0
 10
552.250000
 20
453.337719
 42
0.174857
  0
VERTEX
  8
0
 10
552.459382
 20
453.525001
 42
0.447206
  0
VERTEX
  8
0
 10
552.398438
 20
453.693942
 42
0.078554
  0
VERTEX
  8
0
 10
551.891440
 20
453.810911
 42
0.017491
  0
VERTEX
  8
0
 10
551.000000
 20
453.842105
 42
0.017491
  0
VERTEX
  8
0
 10
550.108560
 20
453.810911
 42
0.078554
  0
VERTEX
  8
0
 10
549.601562
 20
453.693942
 42
0.447206
  0
VERTEX
  8
0
 10
549.540618
 20
453.525001
 42
0.174857
  0
SEQEND
  0
POLYLINE
  8
0
 66
1
 70
1
  0
VERTEX
  8
0
 10
585.812500
 20
453.316886
 42
0.051402
  0
VERTEX
  8
0
 10
586.359369
 20
453.160852
 42
0.054150
  0
VERTEX
  8
0
 10
586.916927
 20
453.123424
 42
0.060344
  0
VERTEX
  8
0
 10
587.402231
 20
453.202593
 42
0.126455
  0
VERTEX
  8
0
 10
587.729167
 20
453.395833
 42
0.296942
  0
VERTEX
  8
0
 10
587.775380
 20
453.614691
 42
0.208169
  0
VERTEX
  8
0
 10
587.592839
 20
453.799335
 42
0.077125
  0
VERTEX
  8
0
 10
587.112848
 20
453.910055
 42
0.028489
  0
VERTEX
  8
0
 10
586.416667
 20
453.921053
 42
0.018894
  0
VERTEX
  8
0
 10
585.670344
 20
453.862007
 42
0.168741
  0
VERTEX
  8
0
 10
585.378580
 20
453.720685
 42
0.470617
  0
VERTEX
  8
0
 10
585.395823
 20
453.538436
 42
0.054073
  0
SEQEND
  0
POLYLINE
  8
0
 66
1
 70
1
  0
VERTEX
  8
0
 10
608.750000
 20
453.337719
 42
0.057986
  0
VERTEX
  8
0
 10
609.320008
 20
453.181385
 42
0.037979
  0
VERTEX
  8
0
 10
610.000000
 20
453.129660
 42
0.037979
  0
VERTEX
  8
0
 10
610.679992
 20
453.181385
 42
0.057986
  0
VERTEX
  8
0
 10
611.250000
 20
453.337719
 42
0.174857
  0
VERTEX
  8
0
 10
611.459382
 20
453.525001
 42
0.447206
  0
VERTEX
  8
0
 10
611.398438
 20
453.693942
 42
0.078554
  0
VERTEX
  8
0
 10
610.891440
 20
453.810911
 42
0.017491
  0
VERTEX
  8
0
 10
610.000000
 20
453.842105
 42
0.017491
  0
VERTEX
  8
0
 10
609.108560
 20
453.810911
 42
0.078554
  0
VERTEX
  8
0
 10
608.601562
 20
453.693942
 42
0.447206
  0
VERTEX
  8
0
 10
608.540618
 20
453.525001
 42
0.174857
  0
SEQEND
  0
POLYLINE
  8
0
 66
1
 70
1
  0
VERTEX
  8
0
 10
644.812500
 20
453.316886
 42
0.051402
  0
VERTEX
  8
0
 10
645.359369
 20
453.160852
 42
0.054150
  0
VERTEX
  8
0
 10
645.916927
 20
453.123424
 42
0.060344
  0
VERTEX
  8
0
 10
646.402231
 20
453.202593
 42
0.126455
  0
VERTEX
  8
0
 10
646.729167
 20
453.395833
 42
0.296942
  0
VERTEX
  8
0
 10
646.775380
 20
453.614691
 42
0.208169
  0
VERTEX
  8
0
 10
646.592839
 20
453.799335
 42
0.077125
  0
VERTEX
  8
0
 10
646.112848
 20
453.910055
 42
0.028489
  0
VERTEX
  8
0
 10
645.416667
 20
453.921053
 42
0.018894
  0
VERTEX
  8
0
 10
644.670344
 20
453.862007
 42
0.168741
  0
VERTEX
  8
0
 10
644.378580
 20
453.720685
 42
0.470617
  0
VERTEX
  8
0
 10
644.395823
 20
453.538436
 42
0.054073
  0
SEQEND
  0
POLYLINE
  8
0
 66
1
 70
1
  0
VERTEX
  8
0
 10
663.750000
 20
453.337719
 42
0.057986
  0
VERTEX
  8
0
 10
664.320008
 20
453.181385
 42
0.037979
  0
VERTEX
  8
0
 10
665.000000
 20
453.129660
 42
0.037979
  0
VERTEX
  8
0
 10
665.679992
 20
453.181385
 42
0.057986
  0
VERTEX
  8
0
 10
666.250000
 20
453.337719
 42
0.174857
  0
VERTEX
  8
0
 10
666.459382
 20
453.525001
 42
0.447206
  0
VERTEX
  8
0
 10
666.398438
 20
453.693942
 42
0.078554
  0
VERTEX
  8
0
 10
665.891440
 20
453.810911
 42
0.017491
  0
VERTEX
  8
0
 10
665.000000
 20
453.842105
 42
0.017491
  0
VERTEX
  8
0
 10
664.108560
 20
453.810911
 42
0.078554
  0
VERTEX
  8
0
 10
663.601562
 20
453.693942
 42
0.447206
  0
VERTEX
  8
0
 10
663.540618
 20
453.525001
 42
0.174857
  0
SEQEND
  0
POLYLINE
  8
0
 66
1
 70
1
  0
VERTEX
  8
0
 10
699.812500
 20
453.316886
 42
0.051402
  0
VERTEX
  8
0
 10
700.359369
 20
453.160852
 42
0.054150
  0
VERTEX
  8
0
 10
700.916927
 20
453.123424
 42
0.060344
  0
VERTEX
  8
0
 10
701.402231
 20
453.202593
 42
0.126455
  0
VERTEX
  8
0
 10
701.729167
 20
453.395833
 42
0.296942
  0
VERTEX
  8
0
 10
701.775380
 20
453.614691
 42
0.208169
  0
VERTEX
  8
0
 10
701.592839
 20
453.799335
 42
0.077125
  0
VERTEX
  8
0
 10
701.112848
 20
453.910055
 42
0.028489
  0
VERTEX
  8
0
 10
700.416667
 20
453.921053
 42
0.018894
  0
VERTEX
  8
0
 10
699.670344
 20
453.862007
 42
0.168741
  0
VERTEX
  8
0
 10
699.378580
 20
453.720685
 42
0.470617
  0
VERTEX
  8
0
 10
699.395823
 20
453.538436
 42
0.054073
  0
SEQEND
  0
POLYLINE
  8
0
 66
1
 70
1
  0
VERTEX
  8
0
 10
716.750000
 20
453.337719
 42
0.057986
  0
VERTEX
  8
0
 10
717.320008
 20
453.181385
 42
0.037979
  0
VERTEX
  8
0
 10
718.000000
 20
453.129660
 42
0.037979
  0
VERTEX
  8
0
 10
718.679992
 20
453.181385
 42
0.057986
  0
VERTEX
  8
0
 10
719.250000
 20
453.337719
 42
0.174857
  0
VERTEX
  8
0
 10
719.459382
 20
453.525001
 42
0.447206
  0
VERTEX
  8
0
 10
719.398438
 20
453.693942
 42
0.078554
  0
VERTEX
  8
0
 10
718.891440
 20
453.810911
 42
0.017491
  0
VERTEX
  8
0
 10
718.000000
 20
453.842105
 42
0.017491
  0
VERTEX
  8
0
 10
717.108560
 20
453.810911
 42
0.078554
  0
VERTEX
  8
0
 10
716.601562
 20
453.693942
 42
0.447206
  0
VERTEX
  8
0
 10
716.540618
 20
453.525001
 42
0.174857
  0
SEQEND
  0
POLYLINE
  8
0
 66
1
 70
1
  0
VERTEX
  8
0
 10
752.812500
 20
453.316886
 42
0.051402
  0
VERTEX
  8
0
 10
753.359369
 20
453.160852
 42
0.054150
  0
VERTEX
  8
0
 10
753.916927
 20
453.123424
 42
0.060344
  0
VERTEX
  8
0
 10
754.402231
 20
453.202593
 42
0.126455
  0
VERTEX
  8
0
 10
754.729167
 20
453.395833
 42
0.296942
  0
VERTEX
  8
0
 10
754.775380
 20
453.614691
 42
0.208169
  0
VERTEX
  8
0
 10
754.592839
 20
453.799335
 42
0.077125
  0
VERTEX
  8
0
 10
754.112848
 20
453.910055
 42
0.028489
  0
VERTEX
  8
0
 10
753.416667
 20
453.921053
 42
0.018894
  0
VERTEX
  8
0
 10
752.670344
 20
453.862007
 42
0.168741
  0
VERTEX
  8
0
 10
752.378580
 20
453.720685
 42
0.470617
  0
VERTEX
  8
0
 10
752.395823
 20
453.538436
 42
0.054073
  0
SEQEND
  0
POLYLINE
  8
0
 66
1
 70
1
  0
VERTEX
  8
0
 10
783.481569
 20
427.970177
 42
0.095249
  0
VERTEX
  8
0
 10
783.286560
 20
427.457773
 42
0.077253
  0
VERTEX
  8
0
 10
783.275060
 20
426.868890
 42
0.076026
  0
VERTEX
  8
0
 10
783.443944
 20
426.295499
 42
0.087019
  0
VERTEX
  8
0
 10
783.771797
 20
425.828203
 42
0.165691
  0
VERTEX
  8
0
 10
785.177624
 20
425.136932
 42
0.082785
  0
VERTEX
  8
0
 10
787.181947
 20
425.210303
 42
0.091303
  0
VERTEX
  8
0
 10
788.897388
 20
425.903208
 42
0.256624
  0
VERTEX
  8
0
 10
789.500000
 20
427.000000
 42
0.276098
  0
VERTEX
  8
0
 10
788.829651
 20
428.121426
 42
0.083549
  0
VERTEX
  8
0
 10
786.873130
 20
428.784022
 42
0.078867
  0
VERTEX
  8
0
 10
784.715224
 20
428.789239
 42
0.218960
  0
SEQEND
  0
POLYLINE
  8
0
 66
1
 70
1
  0
VERTEX
  8
0
 10
789.000000
 20
427.000000
 42
-0.226478
  0
VERTEX
  8
0
 10
788.817169
 20
426.617064
 42
-0.074992
  0
VERTEX
  8
0
 10
788.265625
 20
426.293750
 42
-0.057076
  0
VERTEX
  8
0
 10
787.457356
 20
426.073116
 42
-0.038131
  0
VERTEX
  8
0
 10
786.500000
 20
426.000000
 42
-0.038131
  0
VERTEX
  8
0
 10
785.542644
 20
426.073116
 42
-0.057076
  0
VERTEX
  8
0
 10
784.734375
 20
426.293750
 42
-0.074992
  0
VERTEX
  8
0
 10
784.182831
 20
426.617064
 42
-0.226478
  0
VERTEX
  8
0
 10
784.000000
 20
427.000000
 42
-0.226478
  0
VERTEX
  8
0
 10
784.182831
 20
427.382936
 42
-0.074992
  0
VERTEX
  8
0
 10
784.734375
 20
427.706250
 42
-0.057076
  0
VERTEX
  8
0
 10
785.542644
 20
427.926884
 42
-0.038131
  0
VERTEX
  8
0
 10
786.500000
 20
428.000000
 42
-0.038131
  0
VERTEX
  8
0
 10
787.457356
 20
427.926884
 42
-0.057076
  0
VERTEX
  8
0
 10
788.265625
 20
427.706250
 42
-0.074992
  0
VERTEX
  8
0
 10
788.817169
 20
427.382936
 42
-0.226478
  0
SEQEND
  0
POLYLINE
  8
0
 66
1
 70
1
  0
VERTEX
  8
0
 10
783.078947
 20
422.416667
 42
0.018894
  0
VERTEX
  8
0
 10
783.137993
 20
421.670344
 42
0.168741
  0
VERTEX
  8
0
 10
783.279315
 20
421.378580
 42
0.470617
  0
VERTEX
  8
0
 10
783.461564
 20
421.395823
 42
0.054073
  0
VERTEX
  8
0
 10
783.683114
 20
421.812500
 42
0.051402
  0
VERTEX
  8
0
 10
783.839148
 20
422.359369
 42
0.054150
  0
VERTEX
  8
0
 10
783.876576
 20
422.916927
 42
0.060344
  0
VERTEX
  8
0
 10
783.797407
 20
423.402231
 42
0.126455
  0
VERTEX
  8
0
 10
783.604167
 20
423.729167
 42
0.296942
  0
VERTEX
  8
0
 10
783.385309
 20
423.775380
 42
0.208169
  0
VERTEX
  8
0
 10
783.200665
 20
423.592839
 42
0.077125
  0
VERTEX
  8
0
 10
783.089945
 20
423.112848
 42
0.028489
  0
SEQEND
  0
POLYLINE
  8
0
 66
1
 70
1
  0
VERTEX
  8
0
 10
785.557637
 20
423.093259
 42
0.268627
  0
VERTEX
  8
0
 10
785.549390
 20
422.806106
 42
0.220188
  0
VERTEX
  8
0
 10
785.799309
 20
422.619570
 42
0.085012
  0
VERTEX
  8
0
 10
786.370682
 20
422.597784
 42
0.031078
  0
VERTEX
  8
0
 10
787.167290
 20
422.753998
 42
-0.023558
  0
VERTEX
  8
0
 10
788.330888
 20
423.000393
 42
-0.231897
  0
VERTEX
  8
0
 10
788.796805
 20
422.859236
 42
-0.271775
  0
VERTEX
  8
0
 10
788.926093
 20
422.426221
 42
-0.030861
  0
VERTEX
  8
0
 10
788.609425
 20
421.410740
 42
0.009058
  0
VERTEX
  8
0
 10
788.258708
 20
420.437485
 42
0.219347
  0
VERTEX
  8
0
 10
788.287961
 20
420.157502
 42
0.466056
  0
VERTEX
  8
0
 10
788.473352
 20
420.127092
 42
0.017945
  0
VERTEX
  8
0
 10
789.053622
 20
420.662868
 42
0.071122
  0
VERTEX
  8
0
 10
789.451245
 20
421.188799
 42
0.071769
  0
VERTEX
  8
0
 10
789.684061
 20
421.803488
 42
0.078057
  0
VERTEX
  8
0
 10
789.722299
 20
422.409959
 42
0.115698
  0
VERTEX
  8
0
 10
789.553851
 20
422.912868
 42
0.140539
  0
VERTEX
  8
0
 10
788.733618
 20
423.658772
 42
0.103774
  0
VERTEX
  8
0
 10
787.539137
 20
423.966214
 42
0.107309
  0
VERTEX
  8
0
 10
786.354810
 20
423.764512
 42
0.160028
  0
SEQEND
  0
POLYLINE
  8
0
 66
1
 70
1
  0
VERTEX
  8
0
 10
783.157895
 20
414.000000
 42
0.017491
  0
VERTEX
  8
0
 10
783.189089
 20
413.108560
 42
0.078554
  0
VERTEX
  8
0
 10
783.306058
 20
412.601562
 42
0.447206
  0
VERTEX
  8
0
 10
783.474999
 20
412.540618
 42
0.174857
  0
VERTEX
  8
0
 10
783.662281
 20
412.750000
 42
0.057986
  0
VERTEX
  8
0
 10
783.818615
 20
413.320008
 42
0.037979
  0
VERTEX
  8
0
 10
783.870340
 20
414.000000
 42
0.037979
  0
VERTEX
  8
0
 10
783.818615
 20
414.679992
 42
0.057986
  0
VERTEX
  8
0
 10
783.662281
 20
415.250000
 42
0.174857
  0
VERTEX
  8
0
 10
783.474999
 20
415.459382
 42
0.447206
  0
VERTEX
  8
0
 10
783.306058
 20
415.398438
 42
0.078554
  0
VERTEX
  8
0
 10
783.189089
 20
414.891440
 42
0.017491
  0
SEQEND
  0
POLYLINE
  8
0
 66
1
 70
1
  0
VERTEX
  8
0
 10
786.000000
 20
414.000000
 42
0.040566
  0
VERTEX
  8
0
 10
786.684071
 20
413.632796
 42
0.028934
  0
VERTEX
  8
0
 10
787.500000
 20
413.331527
 42
0.029384
  0
VERTEX
  8
0
 10
788.317134
 20
413.134067
 42
0.053798
  0
VERTEX
  8
0
 10
789.000000
 20
413.085598
 42
0.051935
  0
VERTEX
  8
0
 10
789.535375
 20
413.161267
 42
0.491407
  0
VERTEX
  8
0
 10
789.615423
 20
413.343886
 42
0.152377
  0
VERTEX
  8
0
 10
789.341871
 20
413.608071
 42
0.014925
  0
VERTEX
  8
0
 10
788.500000
 20
414.000000
 42
0.019739
  0
VERTEX
  8
0
 10
786.686554
 20
414.695838
 42
0.081911
  0
VERTEX
  8
0
 10
785.533606
 20
414.885992
 42
0.608383
  0
VERTEX
  8
0
 10
785.381869
 20
414.592871
 42
0.095694
  0
SEQEND
  0
POLYLINE
  8
0
 66
1
 70
1
  0
VERTEX
  8
0
 10
783.461975
 20
409.938474
 42
0.159639
  0
VERTEX
  8
0
 10
783.196665
 20
408.839906
 42
0.208996
  0
VERTEX
  8
0
 10
783.678897
 20
407.939502
 42
0.130588
  0
VERTEX
  8
0
 10
784.934001
 20
407.397973
 42
0.056143
  0
VERTEX
  8
0
 10
786.770992
 20
407.332812
 42
0.044599
  0
VERTEX
  8
0
 10
787.875886
 20
407.517759
 42
0.073486
  0
VERTEX
  8
0
 10
788.745899
 20
407.887337
 42
0.097360
  0
VERTEX
  8
0
 10
789.302490
 20
408.398127
 42
0.159885
  0
VERTEX
  8
0
 10
789.500000
 20
409.000000
 42
0.290762
  0
VERTEX
  8
0
 10
788.844266
 20
410.032280
 42
0.071311
  0
VERTEX
  8
0
 10
786.828621
 20
410.648233
 42
0.068051
  0
VERTEX
  8
0
 10
784.638539
 20
410.688318
 42
0.228778
  0
SEQEND
  0
POLYLINE
  8
0
 66
1
 70
1
  0
VERTEX
  8
0
 10
786.000000
 20
409.000000
 42
-0.099038
  0
VERTEX
  8
0
 10
785.923658
 20
408.618362
 42
-0.097945
  0
VERTEX
  8
0
 10
785.706250
 20
408.293750
 42
-0.097945
  0
VERTEX
  8
0
 10
785.381638
 20
408.076342
 42
-0.099038
  0
VERTEX
  8
0
 10
785.000000
 20
408.000000
 42
-0.099038
  0
VERTEX
  8
0
 10
784.618362
 20
408.076342
 42
-0.097945
  0
VERTEX
  8
0
 10
784.293750
 20
408.293750
 42
-0.097945
  0
VERTEX
  8
0
 10
784.076342
 20
408.618362
 42
-0.099038
  0
VERTEX
  8
0
 10
784.000000
 20
409.000000
 42
-0.099038
  0
VERTEX
  8
0
 10
784.076342
 20
409.381638
 42
-0.097945
  0
VERTEX
  8
0
 10
784.293750
 20
409.706250
 42
-0.097945
  0
VERTEX
  8
0
 10
784.618362
 20
409.923658
 42
-0.099038
  0
VERTEX
  8
0
 10
785.000000
 20
410.000000
 42
-0.099038
  0
VERTEX
  8
0
 10
785.381638
 20
409.923658
 42
-0.097945
  0
VERTEX
  8
0
 10
785.706250
 20
409.706250
 42
-0.097945
  0
VERTEX
  8
0
 10
785.923658
 20
409.381638
 42
-0.099038
  0
SEQEND
  0
POLYLINE
  8
0
 66
1
 70
1
  0
VERTEX
  8
0
 10
789.000000
 20
409.000000
 42
-0.099038
  0
VERTEX
  8
0
 10
788.923658
 20
408.618362
 42
-0.097945
  0
VERTEX
  8
0
 10
788.706250
 20
408.293750
 42
-0.097945
  0
VERTEX
  8
0
 10
788.381638
 20
408.076342
 42
-0.099038
  0
VERTEX
  8
0
 10
788.000000
 20
408.000000
 42
-0.099038
  0
VERTEX
  8
0
 10
787.618362
 20
408.076342
 42
-0.097945
  0
VERTEX
  8
0
 10
787.293750
 20
408.293750
 42
-0.097945
  0
VERTEX
  8
0
 10
787.076342
 20
408.618362
 42
-0.099038
  0
VERTEX
  8
0
 10
787.000000
 20
409.000000
 42
-0.099038
  0
VERTEX
  8
0
 10
787.076342
 20
409.381638
 42
-0.097945
  0
VERTEX
  8
0
 10
787.293750
 20
409.706250
 42
-0.097945
  0
VERTEX
  8
0
 10
787.618362
 20
409.923658
 42
-0.099038
  0
VERTEX
  8
0
 10
788.000000
 20
410.000000
 42
-0.099038
  0
VERTEX
  8
0
 10
788.381638
 20
409.923658
 42
-0.097945
  0
VERTEX
  8
0
 10
788.706250
 20
409.706250
 42
-0.097945
  0
VERTEX
  8
0
 10
788.923658
 20
409.381638
 42
-0.099038
  0
SEQEND
  0
POLYLINE
  8
0
 66
1
 70
1
  0
VERTEX
  8
0
 10
784.250000
 20
402.310674
 42
-0.068007
  0
VERTEX
  8
0
 10
784.918939
 20
402.034596
 42
-0.068913
  0
VERTEX
  8
0
 10
785.485937
 20
401.590143
 42
-0.075394
  0
VERTEX
  8
0
 10
785.868723
 20
401.051523
 42
-0.117373
  0
VERTEX
  8
0
 10
786.000000
 20
400.500000
 42
-0.117373
  0
VERTEX
  8
0
 10
785.868723
 20
399.948477
 42
-0.075394
  0
VERTEX
  8
0
 10
785.485937
 20
399.409857
 42
-0.068913
  0
VERTEX
  8
0
 10
784.918939
 20
398.965404
 42
-0.068007
  0
VERTEX
  8
0
 10
784.250000
 20
398.689326
 42
0.279395
  0
VERTEX
  8
0
 10
784.088315
 20
398.522680
 42
0.421517
  0
VERTEX
  8
0
 10
784.189062
 20
398.366341
 42
0.040136
  0
VERTEX
  8
0
 10
785.062099
 20
398.260811
 42
0.010016
  0
VERTEX
  8
0
 10
786.500000
 20
398.232003
 42
0.010016
  0
VERTEX
  8
0
 10
787.937901
 20
398.260811
 42
0.040136
  0
VERTEX
  8
0
 10
788.810938
 20
398.366341
 42
0.421517
  0
VERTEX
  8
0
 10
788.911685
 20
398.522680
 42
0.279395
  0
VERTEX
  8
0
 10
788.750000
 20
398.689326
 42
-0.076847
  0
VERTEX
  8
0
 10
788.081222
 20
398.979205
 42
-0.071957
  0
VERTEX
  8
0
 10
787.514063
 20
399.462824
 42
-0.075861
  0
VERTEX
  8
0
 10
787.131652
 20
400.059914
 42
-0.104934
  0
VERTEX
  8
0
 10
787.000000
 20
400.680313
 42
-0.085782
  0
VERTEX
  8
0
 10
787.103077
 20
401.276702
 42
-0.166543
  0
VERTEX
  8
0
 10
787.400684
 20
401.650544
 42
-0.158822
  0
VERTEX
  8
0
 10
787.876784
 20
401.773829
 42
-0.076342
  0
VERTEX
  8
0
 10
788.500000
 20
401.638374
 42
0.055937
  0
VERTEX
  8
0
 10
789.074366
 20
401.488865
 42
0.100118
  0
VERTEX
  8
0
 10
789.559375
 20
401.516384
 42
0.147206
  0
VERTEX
  8
0
 10
789.877514
 20
401.710807
 42
0.184534
  0
VERTEX
  8
0
 10
790.000000
 20
402.031385
 42
0.298260
  0
VERTEX
  8
0
 10
789.759683
 20
402.398411
 42
0.046983
  0
VERTEX
  8
0
 10
788.898438
 20
402.681394
 42
0.039263
  0
VERTEX
  8
0
 10
787.687177
 20
402.858365
 42
0.024384
  0
VERTEX
  8
0
 10
786.250000
 20
402.883999
 42
0.011830
  0
VERTEX
  8
0
 10
784.906485
 20
402.810592
 42
0.050275
  0
VERTEX
  8
0
 10
784.115625
 20
402.667734
 42
0.459031
  0
VERTEX
  8
0
 10
784.034597
 20
402.491494
 42
0.225051
  0
SEQEND
  0
POLYLINE
  8
0
 66
1
 70
1
  0
VERTEX
  8
0
 10
17.481569
 20
396.970177
 42
0.095249
  0
VERTEX
  8
0
 10
17.286560
 20
396.457773
 42
0.077253
  0
VERTEX
  8
0
 10
17.275060
 20
395.868890
 42
0.076026
  0
VERTEX
  8
0
 10
17.443944
 20
395.295499
 42
0.087019
  0
VERTEX
  8
0
 10
17.771797
 20
394.828203
 42
0.165691
  0
VERTEX
  8
0
 10
19.177624
 20
394.136932
 42
0.082785
  0
VERTEX
  8
0
 10
21.181947
 20
394.210303
 42
0.091303
  0
VERTEX
  8
0
 10
22.897388
 20
394.903208
 42
0.256624
  0
VERTEX
  8
0
 10
23.500000
 20
396.000000
 42
0.276098
  0
VERTEX
  8
0
 10
22.829651
 20
397.121426
 42
0.083549
  0
VERTEX
  8
0
 10
20.873130
 20
397.784022
 42
0.078867
  0
VERTEX
  8
0
 10
18.715224
 20
397.789239
 42
0.218960
  0
SEQEND
  0
POLYLINE
  8
0
 66
1
 70
1
  0
VERTEX
  8
0
 10
23.000000
 20
396.000000
 42
-0.226478
  0
VERTEX
  8
0
 10
22.817169
 20
395.617064
 42
-0.074992
  0
VERTEX
  8
0
 10
22.265625
 20
395.293750
 42
-0.057076
  0
VERTEX
  8
0
 10
21.457356
 20
395.073116
 42
-0.038131
  0
VERTEX
  8
0
 10
20.500000
 20
395.000000
 42
-0.038131
  0
VERTEX
  8
0
 10
19.542644
 20
395.073116
 42
-0.057076
  0
VERTEX
  8
0
 10
18.734375
 20
395.293750
 42
-0.074992
  0
VERTEX
  8
0
 10
18.182831
 20
395.617064
 42
-0.226478
  0
VERTEX
  8
0
 10
18.000000
 20
396.000000
 42
-0.226478
  0
VERTEX
  8
0
 10
18.182831
 20
396.382936
 42
-0.074992
  0
VERTEX
  8
0
 10
18.734375
 20
396.706250
 42
-0.057076
  0
VERTEX
  8
0
 10
19.542644
 20
396.926884
 42
-0.038131
  0
VERTEX
  8
0
 10
20.500000
 20
397.000000
 42
-0.038131
  0
VERTEX
  8
0
 10
21.457356
 20
396.926884
 42
-0.057076
  0
VERTEX
  8
0
 10
22.265625
 20
396.706250
 42
-0.074992
  0
VERTEX
  8
0
 10
22.817169
 20
396.382936
 42
-0.226478
  0
SEQEND
  0
POLYLINE
  8
0
 66
1
 70
1
  0
VERTEX
  8
0
 10
783.500000
 20
395.166667
 42
0.115276
  0
VERTEX
  8
0
 10
783.306743
 20
394.855562
 42
0.028815
  0
VERTEX
  8
0
 10
783.146875
 20
394.275000
 42
0.027899
  0
VERTEX
  8
0
 10
783.036781
 20
393.571845
 42
0.024887
  0
VERTEX
  8
0
 10
783.000000
 20
392.833333
 42
0.108868
  0
VERTEX
  8
0
 10
783.198567
 20
391.932175
 42
0.178765
  0
VERTEX
  8
0
 10
783.745545
 20
391.387551
 42
0.096068
  0
VERTEX
  8
0
 10
784.803447
 20
391.131017
 42
0.019321
  0
VERTEX
  8
0
 10
786.750000
 20
391.116001
 42
0.011830
  0
VERTEX
  8
0
 10
788.093515
 20
391.189408
 42
0.050275
  0
VERTEX
  8
0
 10
788.884375
 20
391.332266
 42
0.459031
  0
VERTEX
  8
0
 10
788.965403
 20
391.508506
 42
0.225051
  0
VERTEX
  8
0
 10
788.750000
 20
391.689326
 42
-0.080848
  0
VERTEX
  8
0
 10
787.518298
 20
392.234879
 42
-0.238612
  0
VERTEX
  8
0
 10
787.068402
 20
393.013341
 42
-0.214554
  0
VERTEX
  8
0
 10
787.411255
 20
393.904872
 42
-0.067794
  0
VERTEX
  8
0
 10
788.577875
 20
394.783643
 42
0.056843
  0
VERTEX
  8
0
 10
789.162855
 20
395.204603
 42
0.505516
  0
VERTEX
  8
0
 10
789.135200
 20
395.473106
 42
0.123378
  0
VERTEX
  8
0
 10
788.583086
 20
395.635786
 42
0.010257
  0
VERTEX
  8
0
 10
787.077875
 20
395.666667
 42
0.015031
  0
VERTEX
  8
0
 10
785.862643
 20
395.630125
 42
0.019685
  0
VERTEX
  8
0
 10
784.757251
 20
395.519792
 42
0.017570
  0
VERTEX
  8
0
 10
783.860087
 20
395.362104
 42
0.145074
  0
SEQEND
  0
POLYLINE
  8
0
 66
1
 70
1
  0
VERTEX
  8
0
 10
786.000000
 20
393.500000
 42
-0.064853
  0
VERTEX
  8
0
 10
785.925306
 20
392.926543
 42
-0.082425
  0
VERTEX
  8
0
 10
785.706250
 20
392.440625
 42
-0.098894
  0
VERTEX
  8
0
 10
785.381354
 20
392.115568
 42
-0.148195
  0
VERTEX
  8
0
 10
785.000000
 20
392.000000
 42
-0.148195
  0
VERTEX
  8
0
 10
784.618646
 20
392.115568
 42
-0.098894
  0
VERTEX
  8
0
 10
784.293750
 20
392.440625
 42
-0.082425
  0
VERTEX
  8
0
 10
784.074694
 20
392.926543
 42
-0.064853
  0
VERTEX
  8
0
 10
784.000000
 20
393.500000
 42
-0.064853
  0
VERTEX
  8
0
 10
784.074694
 20
394.073457
 42
-0.082425
  0
VERTEX
  8
0
 10
784.293750
 20
394.559375
 42
-0.098894
  0
VERTEX
  8
0
 10
784.618646
 20
394.884432
 42
-0.148195
  0
VERTEX
  8
0
 10
785.000000
 20
395.000000
 42
-0.148195
  0
VERTEX
  8
0
 10
785.381354
 20
394.884432
 42
-0.098894
  0
VERTEX
  8
0
 10
785.706250
 20
394.559375
 42
-0.082425
  0
VERTEX
  8
0
 10
785.925306
 20
394.073457
 42
-0.064853
  0
SEQEND
  0
POLYLINE
  8
0
 66
1
 70
1
  0
VERTEX
  8
0
 10
17.078947
 20
391.416667
 42
0.018894
  0
VERTEX
  8
0
 10
17.137993
 20
390.670344
 42
0.168741
  0
VERTEX
  8
0
 10
17.279315
 20
390.378580
 42
0.470617
  0
VERTEX
  8
0
 10
17.461564
 20
390.395823
 42
0.054073
  0
VERTEX
  8
0
 10
17.683114
 20
390.812500
 42
0.051402
  0
VERTEX
  8
0
 10
17.839148
 20
391.359369
 42
0.054150
  0
VERTEX
  8
0
 10
17.876576
 20
391.916927
 42
0.060344
  0
VERTEX
  8
0
 10
17.797407
 20
392.402231
 42
0.126455
  0
VERTEX
  8
0
 10
17.604167
 20
392.729167
 42
0.296942
  0
VERTEX
  8
0
 10
17.385309
 20
392.775380
 42
0.208169
  0
VERTEX
  8
0
 10
17.200665
 20
392.592839
 42
0.077125
  0
VERTEX
  8
0
 10
17.089945
 20
392.112848
 42
0.028489
  0
SEQEND
  0
POLYLINE
  8
0
 66
1
 70
1
  0
VERTEX
  8
0
 10
19.557637
 20
392.093259
 42
0.268627
  0
VERTEX
  8
0
 10
19.549390
 20
391.806106
 42
0.220188
  0
VERTEX
  8
0
 10
19.799309
 20
391.619570
 42
0.085012
  0
VERTEX
  8
0
 10
20.370682
 20
391.597784
 42
0.031078
  0
VERTEX
  8
0
 10
21.167290
 20
391.753998
 42
-0.023558
  0
VERTEX
  8
0
 10
22.330888
 20
392.000393
 42
-0.231897
  0
VERTEX
  8
0
 10
22.796805
 20
391.859236
 42
-0.271775
  0
VERTEX
  8
0
 10
22.926093
 20
391.426221
 42
-0.030861
  0
VERTEX
  8
0
 10
22.609425
 20
390.410740
 42
0.009058
  0
VERTEX
  8
0
 10
22.258708
 20
389.437485
 42
0.219347
  0
VERTEX
  8
0
 10
22.287961
 20
389.157502
 42
0.466056
  0
VERTEX
  8
0
 10
22.473352
 20
389.127092
 42
0.017945
  0
VERTEX
  8
0
 10
23.053622
 20
389.662868
 42
0.071122
  0
VERTEX
  8
0
 10
23.451245
 20
390.188799
 42
0.071769
  0
VERTEX
  8
0
 10
23.684061
 20
390.803488
 42
0.078057
  0
VERTEX
  8
0
 10
23.722299
 20
391.409959
 42
0.115698
  0
VERTEX
  8
0
 10
23.553851
 20
391.912868
 42
0.140539
  0
VERTEX
  8
0
 10
22.733618
 20
392.658772
 42
0.103774
  0
VERTEX
  8
0
 10
21.539137
 20
392.966214
 42
0.107309
  0
VERTEX
  8
0
 10
20.354810
 20
392.764512
 42
0.160028
  0
SEQEND
  0
POLYLINE
  8
0
 66
1
 70
1
  0
VERTEX
  8
0
 10
783.599134
 20
388.265801
 42
0.137770
  0
VERTEX
  8
0
 10
782.919518
 20
387.055308
 42
0.249084
  0
VERTEX
  8
0
 10
783.193913
 20
385.982778
 42
0.153081
  0
VERTEX
  8
0
 10
784.471989
 20
385.236859
 42
0.056181
  0
VERTEX
  8
0
 10
786.573324
 20
385.000000
 42
0.019159
  0
VERTEX
  8
0
 10
788.409271
 20
385.070376
 42
0.103782
  0
VERTEX
  8
0
 10
789.361297
 20
385.347696
 42
0.207892
  0
VERTEX
  8
0
 10
789.783688
 20
385.880217
 42
0.113201
  0
VERTEX
  8
0
 10
789.813584
 20
386.729463
 42
0.219909
  0
VERTEX
  8
0
 10
789.018664
 20
387.835483
 42
0.068187
  0
VERTEX
  8
0
 10
787.067057
 20
388.611643
 42
0.067244
  0
VERTEX
  8
0
 10
784.940967
 20
388.842321
 42
0.192110
  0
SEQEND
  0
POLYLINE
  8
0
 66
1
 70
1
  0
VERTEX
  8
0
 10
786.000000
 20
387.000000
 42
-0.099038
  0
VERTEX
  8
0
 10
785.923658
 20
386.618362
 42
-0.097945
  0
VERTEX
  8
0
 10
785.706250
 20
386.293750
 42
-0.097945
  0
VERTEX
  8
0
 10
785.381638
 20
386.076342
 42
-0.099038
  0
VERTEX
  8
0
 10
785.000000
 20
386.000000
 42
-0.099038
  0
VERTEX
  8
0
 10
784.618362
 20
386.076342
 42
-0.097945
  0
VERTEX
  8
0
 10
784.293750
 20
386.293750
 42
-0.097945
  0
VERTEX
  8
0
 10
784.076342
 20
386.618362
 42
-0.099038
  0
VERTEX
  8
0
 10
784.000000
 20
387.000000
 42
-0.099038
  0
VERTEX
  8
0
 10
784.076342
 20
387.381638
 42
-0.097945
  0
VERTEX
  8
0
 10
784.293750
 20
387.706250
 42
-0.097945
  0
VERTEX
  8
0
 10
784.618362
 20
387.923658
 42
-0.099038
  0
VERTEX
  8
0
 10
785.000000
 20
388.000000
 42
-0.099038
  0
VERTEX
  8
0
 10
785.381638
 20
387.923658
 42
-0.097945
  0
VERTEX
  8
0
 10
785.706250
 20
387.706250
 42
-0.097945
  0
VERTEX
  8
0
 10
785.923658
 20
387.381638
 42
-0.099038
  0
SEQEND
  0
POLYLINE
  8
0
 66
1
 70
1
  0
VERTEX
  8
0
 10
789.000000
 20
387.000000
 42
-0.099038
  0
VERTEX
  8
0
 10
788.923658
 20
386.618362
 42
-0.097945
  0
VERTEX
  8
0
 10
788.706250
 20
386.293750
 42
-0.097945
  0
VERTEX
  8
0
 10
788.381638
 20
386.076342
 42
-0.099038
  0
VERTEX
  8
0
 10
788.000000
 20
386.000000
 42
-0.099038
  0
VERTEX
  8
0
 10
787.618362
 20
386.076342
 42
-0.097945
  0
VERTEX
  8
0
 10
787.293750
 20
386.293750
 42
-0.097945
  0
VERTEX
  8
0
 10
787.076342
 20
386.618362
 42
-0.099038
  0
VERTEX
  8
0
 10
787.000000
 20
387.000000
 42
-0.099038
  0
VERTEX
  8
0
 10
787.076342
 20
387.381638
 42
-0.097945
  0
VERTEX
  8
0
 10
787.293750
 20
387.706250
 42
-0.097945
  0
VERTEX
  8
0
 10
787.618362
 20
387.923658
 42
-0.099038
  0
VERTEX
  8
0
 10
788.000000
 20
388.000000
 42
-0.099038
  0
VERTEX
  8
0
 10
788.381638
 20
387.923658
 42
-0.097945
  0
VERTEX
  8
0
 10
788.706250
 20
387.706250
 42
-0.097945
  0
VERTEX
  8
0
 10
788.923658
 20
387.381638
 42
-0.099038
  0
SEQEND
  0
POLYLINE
  8
0
 66
1
 70
1
  0
VERTEX
  8
0
 10
17.157895
 20
383.000000
 42
0.017491
  0
VERTEX
  8
0
 10
17.189089
 20
382.108560
 42
0.078554
  0
VERTEX
  8
0
 10
17.306058
 20
381.601562
 42
0.447206
  0
VERTEX
  8
0
 10
17.474999
 20
381.540618
 42
0.174857
  0
VERTEX
  8
0
 10
17.662281
 20
381.750000
 42
0.057986
  0
VERTEX
  8
0
 10
17.818615
 20
382.320008
 42
0.037979
  0
VERTEX
  8
0
 10
17.870340
 20
383.000000
 42
0.037979
  0
VERTEX
  8
0
 10
17.818615
 20
383.679992
 42
0.057986
  0
VERTEX
  8
0
 10
17.662281
 20
384.250000
 42
0.174857
  0
VERTEX
  8
0
 10
17.474999
 20
384.459382
 42
0.447206
  0
VERTEX
  8
0
 10
17.306058
 20
384.398438
 42
0.078554
  0
VERTEX
  8
0
 10
17.189089
 20
383.891440
 42
0.017491
  0
SEQEND
  0
POLYLINE
  8
0
 66
1
 70
1
  0
VERTEX
  8
0
 10
20.000000
 20
383.000000
 42
0.040566
  0
VERTEX
  8
0
 10
20.684071
 20
382.632796
 42
0.028934
  0
VERTEX
  8
0
 10
21.500000
 20
382.331527
 42
0.029384
  0
VERTEX
  8
0
 10
22.317134
 20
382.134067
 42
0.053798
  0
VERTEX
  8
0
 10
23.000000
 20
382.085598
 42
0.051935
  0
VERTEX
  8
0
 10
23.535375
 20
382.161267
 42
0.491407
  0
VERTEX
  8
0
 10
23.615423
 20
382.343886
 42
0.152377
  0
VERTEX
  8
0
 10
23.341871
 20
382.608071
 42
0.014925
  0
VERTEX
  8
0
 10
22.500000
 20
383.000000
 42
0.019739
  0
VERTEX
  8
0
 10
20.686554
 20
383.695838
 42
0.081911
  0
VERTEX
  8
0
 10
19.533606
 20
383.885992
 42
0.608383
  0
VERTEX
  8
0
 10
19.381869
 20
383.592871
 42
0.095694
  0
SEQEND
  0
POLYLINE
  8
0
 66
1
 70
1
  0
VERTEX
  8
0
 10
17.461975
 20
378.938474
 42
0.159639
  0
VERTEX
  8
0
 10
17.196665
 20
377.839906
 42
0.208996
  0
VERTEX
  8
0
 10
17.678897
 20
376.939502
 42
0.130588
  0
VERTEX
  8
0
 10
18.934001
 20
376.397973
 42
0.056143
  0
VERTEX
  8
0
 10
20.770992
 20
376.332812
 42
0.092070
  0
VERTEX
  8
0
 10
22.784735
 20
376.869233
 42
0.289406
  0
VERTEX
  8
0
 10
23.499067
 20
378.000000
 42
0.289406
  0
VERTEX
  8
0
 10
22.784735
 20
379.130767
 42
0.092070
  0
VERTEX
  8
0
 10
20.770992
 20
379.667188
 42
0.033217
  0
VERTEX
  8
0
 10
19.683790
 20
379.678389
 42
0.040185
  0
VERTEX
  8
0
 10
18.673252
 20
379.539654
 42
0.044551
  0
VERTEX
  8
0
 10
17.869408
 20
379.285875
 42
0.156862
  0
SEQEND
  0
POLYLINE
  8
0
 66
1
 70
1
  0
VERTEX
  8
0
 10
20.000000
 20
378.000000
 42
-0.099038
  0
VERTEX
  8
0
 10
19.923658
 20
377.618362
 42
-0.097945
  0
VERTEX
  8
0
 10
19.706250
 20
377.293750
 42
-0.097945
  0
VERTEX
  8
0
 10
19.381638
 20
377.076342
 42
-0.099038
  0
VERTEX
  8
0
 10
19.000000
 20
377.000000
 42
-0.099038
  0
VERTEX
  8
0
 10
18.618362
 20
377.076342
 42
-0.097945
  0
VERTEX
  8
0
 10
18.293750
 20
377.293750
 42
-0.097945
  0
VERTEX
  8
0
 10
18.076342
 20
377.618362
 42
-0.099038
  0
VERTEX
  8
0
 10
18.000000
 20
378.000000
 42
-0.099038
  0
VERTEX
  8
0
 10
18.076342
 20
378.381638
 42
-0.097945
  0
VERTEX
  8
0
 10
18.293750
 20
378.706250
 42
-0.097945
  0
VERTEX
  8
0
 10
18.618362
 20
378.923658
 42
-0.099038
  0
VERTEX
  8
0
 10
19.000000
 20
379.000000
 42
-0.099038
  0
VERTEX
  8
0
 10
19.381638
 20
378.923658
 42
-0.097945
  0
VERTEX
  8
0
 10
19.706250
 20
378.706250
 42
-0.097945
  0
VERTEX
  8
0
 10
19.923658
 20
378.381638
 42
-0.099038
  0
SEQEND
  0
POLYLINE
  8
0
 66
1
 70
1
  0
VERTEX
  8
0
 10
23.000000
 20
378.000000
 42
-0.099038
  0
VERTEX
  8
0
 10
22.923658
 20
377.618362
 42
-0.097945
  0
VERTEX
  8
0
 10
22.706250
 20
377.293750
 42
-0.097945
  0
VERTEX
  8
0
 10
22.381638
 20
377.076342
 42
-0.099038
  0
VERTEX
  8
0
 10
22.000000
 20
377.000000
 42
-0.099038
  0
VERTEX
  8
0
 10
21.618362
 20
377.076342
 42
-0.097945
  0
VERTEX
  8
0
 10
21.293750
 20
377.293750
 42
-0.097945
  0
VERTEX
  8
0
 10
21.076342
 20
377.618362
 42
-0.099038
  0
VERTEX
  8
0
 10
21.000000
 20
378.000000
 42
-0.099038
  0
VERTEX
  8
0
 10
21.076342
 20
378.381638
 42
-0.097945
  0
VERTEX
  8
0
 10
21.293750
 20
378.706250
 42
-0.097945
  0
VERTEX
  8
0
 10
21.618362
 20
378.923658
 42
-0.099038
  0
VERTEX
  8
0
 10
22.000000
 20
379.000000
 42
-0.099038
  0
VERTEX
  8
0
 10
22.381638
 20
378.923658
 42
-0.097945
  0
VERTEX
  8
0
 10
22.706250
 20
378.706250
 42
-0.097945
  0
VERTEX
  8
0
 10
22.923658
 20
378.381638
 42
-0.099038
  0
SEQEND
  0
POLYLINE
  8
0
 66
1
 70
1
  0
VERTEX
  8
0
 10
18.250000
 20
371.310674
 42
-0.068007
  0
VERTEX
  8
0
 10
18.918939
 20
371.034596
 42
-0.068913
  0
VERTEX
  8
0
 10
19.485937
 20
370.590143
 42
-0.075394
  0
VERTEX
  8
0
 10
19.868723
 20
370.051523
 42
-0.117373
  0
VERTEX
  8
0
 10
20.000000
 20
369.500000
 42
-0.117373
  0
VERTEX
  8
0
 10
19.868723
 20
368.948477
 42
-0.075394
  0
VERTEX
  8
0
 10
19.485937
 20
368.409857
 42
-0.068913
  0
VERTEX
  8
0
 10
18.918939
 20
367.965404
 42
-0.068007
  0
VERTEX
  8
0
 10
18.250000
 20
367.689326
 42
0.279395
  0
VERTEX
  8
0
 10
18.088315
 20
367.522680
 42
0.421517
  0
VERTEX
  8
0
 10
18.189063
 20
367.366341
 42
0.040136
  0
VERTEX
  8
0
 10
19.062099
 20
367.260811
 42
0.010016
  0
VERTEX
  8
0
 10
20.500000
 20
367.232003
 42
0.010016
  0
VERTEX
  8
0
 10
21.937901
 20
367.260811
 42
0.040136
  0
VERTEX
  8
0
 10
22.810937
 20
367.366341
 42
0.421517
  0
VERTEX
  8
0
 10
22.911685
 20
367.522680
 42
0.279395
  0
VERTEX
  8
0
 10
22.750000
 20
367.689326
 42
-0.068007
  0
VERTEX
  8
0
 10
22.081061
 20
367.965404
 42
-0.068913
  0
VERTEX
  8
0
 10
21.514063
 20
368.409857
 42
-0.075394
  0
VERTEX
  8
0
 10
21.131277
 20
368.948477
 42
-0.117373
  0
VERTEX
  8
0
 10
21.000000
 20
369.500000
 42
-0.117373
  0
VERTEX
  8
0
 10
21.131277
 20
370.051523
 42
-0.075394
  0
VERTEX
  8
0
 10
21.514063
 20
370.590143
 42
-0.068913
  0
VERTEX
  8
0
 10
22.081061
 20
371.034596
 42
-0.068007
  0
VERTEX
  8
0
 10
22.750000
 20
371.310674
 42
0.279395
  0
VERTEX
  8
0
 10
22.911685
 20
371.477320
 42
0.421517
  0
VERTEX
  8
0
 10
22.810937
 20
371.633659
 42
0.040136
  0
VERTEX
  8
0
 10
21.937901
 20
371.739189
 42
0.010016
  0
VERTEX
  8
0
 10
20.500000
 20
371.767997
 42
0.010016
  0
VERTEX
  8
0
 10
19.062099
 20
371.739189
 42
0.040136
  0
VERTEX
  8
0
 10
18.189063
 20
371.633659
 42
0.421517
  0
VERTEX
  8
0
 10
18.088315
 20
371.477320
 42
0.279395
  0
SEQEND
  0
POLYLINE
  8
0
 66
1
 70
1
  0
VERTEX
  8
0
 10
17.500000
 20
364.166667
 42
0.115276
  0
VERTEX
  8
0
 10
17.306743
 20
363.855562
 42
0.028815
  0
VERTEX
  8
0
 10
17.146875
 20
363.275000
 42
0.027899
  0
VERTEX
  8
0
 10
17.036781
 20
362.571845
 42
0.024887
  0
VERTEX
  8
0
 10
17.000000
 20
361.833333
 42
0.108868
  0
VERTEX
  8
0
 10
17.198567
 20
360.932175
 42
0.178765
  0
VERTEX
  8
0
 10
17.745545
 20
360.387551
 42
0.096068
  0
VERTEX
  8
0
 10
18.803447
 20
360.131017
 42
0.019321
  0
VERTEX
  8
0
 10
20.750000
 20
360.116001
 42
0.011830
  0
VERTEX
  8
0
 10
22.093515
 20
360.189408
 42
0.050275
  0
VERTEX
  8
0
 10
22.884375
 20
360.332266
 42
0.459031
  0
VERTEX
  8
0
 10
22.965403
 20
360.508506
 42
0.225051
  0
VERTEX
  8
0
 10
22.750000
 20
360.689326
 42
-0.080848
  0
VERTEX
  8
0
 10
21.518298
 20
361.234879
 42
-0.238612
  0
VERTEX
  8
0
 10
21.068402
 20
362.013341
 42
-0.214554
  0
VERTEX
  8
0
 10
21.411255
 20
362.904872
 42
-0.067794
  0
VERTEX
  8
0
 10
22.577875
 20
363.783643
 42
0.056843
  0
VERTEX
  8
0
 10
23.162855
 20
364.204603
 42
0.505516
  0
VERTEX
  8
0
 10
23.135200
 20
364.473106
 42
0.123378
  0
VERTEX
  8
0
 10
22.583086
 20
364.635786
 42
0.010257
  0
VERTEX
  8
0
 10
21.077875
 20
364.666667
 42
0.015031
  0
VERTEX
  8
0
 10
19.862643
 20
364.630125
 42
0.019685
  0
VERTEX
  8
0
 10
18.757251
 20
364.519792
 42
0.017570
  0
VERTEX
  8
0
 10
17.860087
 20
364.362104
 42
0.145074
  0
SEQEND
  0
POLYLINE
  8
0
 66
1
 70
1
  0
VERTEX
  8
0
 10
20.000000
 20
362.500000
 42
-0.064853
  0
VERTEX
  8
0
 10
19.925306
 20
361.926543
 42
-0.082425
  0
VERTEX
  8
0
 10
19.706250
 20
361.440625
 42
-0.098894
  0
VERTEX
  8
0
 10
19.381354
 20
361.115568
 42
-0.148195
  0
VERTEX
  8
0
 10
19.000000
 20
361.000000
 42
-0.148195
  0
VERTEX
  8
0
 10
18.618646
 20
361.115568
 42
-0.098894
  0
VERTEX
  8
0
 10
18.293750
 20
361.440625
 42
-0.082425
  0
VERTEX
  8
0
 10
18.074694
 20
361.926543
 42
-0.064853
  0
VERTEX
  8
0
 10
18.000000
 20
362.500000
 42
-0.064853
  0
VERTEX
  8
0
 10
18.074694
 20
363.073457
 42
-0.082425
  0
VERTEX
  8
0
 10
18.293750
 20
363.559375
 42
-0.098894
  0
VERTEX
  8
0
 10
18.618646
 20
363.884432
 42
-0.148195
  0
VERTEX
  8
0
 10
19.000000
 20
364.000000
 42
-0.148195
  0
VERTEX
  8
0
 10
19.381354
 20
363.884432
 42
-0.098894
  0
VERTEX
  8
0
 10
19.706250
 20
363.559375
 42
-0.082425
  0
VERTEX
  8
0
 10
19.925306
 20
363.073457
 42
-0.064853
  0
SEQEND
  0
POLYLINE
  8
0
 66
1
 70
1
  0
VERTEX
  8
0
 10
17.599134
 20
357.265801
 42
0.137770
  0
VERTEX
  8
0
 10
16.919518
 20
356.055308
 42
0.249084
  0
VERTEX
  8
0
 10
17.193913
 20
354.982778
 42
0.153081
  0
VERTEX
  8
0
 10
18.471989
 20
354.236859
 42
0.056181
  0
VERTEX
  8
0
 10
20.573324
 20
354.000000
 42
0.019159
  0
VERTEX
  8
0
 10
22.409271
 20
354.070376
 42
0.103782
  0
VERTEX
  8
0
 10
23.361297
 20
354.347696
 42
0.207892
  0
VERTEX
  8
0
 10
23.783688
 20
354.880217
 42
0.113201
  0
VERTEX
  8
0
 10
23.813584
 20
355.729463
 42
0.219909
  0
VERTEX
  8
0
 10
23.018664
 20
356.835483
 42
0.068187
  0
VERTEX
  8
0
 10
21.067057
 20
357.611643
 42
0.067244
  0
VERTEX
  8
0
 10
18.940967
 20
357.842321
 42
0.192110
  0
SEQEND
  0
POLYLINE
  8
0
 66
1
 70
1
  0
VERTEX
  8
0
 10
20.000000
 20
356.000000
 42
-0.099038
  0
VERTEX
  8
0
 10
19.923658
 20
355.618362
 42
-0.097945
  0
VERTEX
  8
0
 10
19.706250
 20
355.293750
 42
-0.097945
  0
VERTEX
  8
0
 10
19.381638
 20
355.076342
 42
-0.099038
  0
VERTEX
  8
0
 10
19.000000
 20
355.000000
 42
-0.099038
  0
VERTEX
  8
0
 10
18.618362
 20
355.076342
 42
-0.097945
  0
VERTEX
  8
0
 10
18.293750
 20
355.293750
 42
-0.097945
  0
VERTEX
  8
0
 10
18.076342
 20
355.618362
 42
-0.099038
  0
VERTEX
  8
0
 10
18.000000
 20
356.000000
 42
-0.099038
  0
VERTEX
  8
0
 10
18.076342
 20
356.381638
 42
-0.097945
  0
VERTEX
  8
0
 10
18.293750
 20
356.706250
 42
-0.097945
  0
VERTEX
  8
0
 10
18.618362
 20
356.923658
 42
-0.099038
  0
VERTEX
  8
0
 10
19.000000
 20
357.000000
 42
-0.099038
  0
VERTEX
  8
0
 10
19.381638
 20
356.923658
 42
-0.097945
  0
VERTEX
  8
0
 10
19.706250
 20
356.706250
 42
-0.097945
  0
VERTEX
  8
0
 10
19.923658
 20
356.381638
 42
-0.099038
  0
SEQEND
  0
POLYLINE
  8
0
 66
1
 70
1
  0
VERTEX
  8
0
 10
23.000000
 20
356.000000
 42
-0.099038
  0
VERTEX
  8
0
 10
22.923658
 20
355.618362
 42
-0.097945
  0
VERTEX
  8
0
 10
22.706250
 20
355.293750
 42
-0.097945
  0
VERTEX
  8
0
 10
22.381638
 20
355.076342
 42
-0.099038
  0
VERTEX
  8
0
 10
22.000000
 20
355.000000
 42
-0.099038
  0
VERTEX
  8
0
 10
21.618362
 20
355.076342
 42
-0.097945
  0
VERTEX
  8
0
 10
21.293750
 20
355.293750
 42
-0.097945
  0
VERTEX
  8
0
 10
21.076342
 20
355.618362
 42
-0.099038
  0
VERTEX
  8
0
 10
21.000000
 20
356.000000
 42
-0.099038
  0
VERTEX
  8
0
 10
21.076342
 20
356.381638
 42
-0.097945
  0
VERTEX
  8
0
 10
21.293750
 20
356.706250
 42
-0.097945
  0
VERTEX
  8
0
 10
21.618362
 20
356.923658
 42
-0.099038
  0
VERTEX
  8
0
 10
22.000000
 20
357.000000
 42
-0.099038
  0
VERTEX
  8
0
 10
22.381638
 20
356.923658
 42
-0.097945
  0
VERTEX
  8
0
 10
22.706250
 20
356.706250
 42
-0.097945
  0
VERTEX
  8
0
 10
22.923658
 20
356.381638
 42
-0.099038
  0
SEQEND
  0
POLYLINE
  8
0
 66
1
 70
1
  0
VERTEX
  8
0
 10
17.481569
 20
323.970177
 42
0.095249
  0
VERTEX
  8
0
 10
17.286560
 20
323.457773
 42
0.077253
  0
VERTEX
  8
0
 10
17.275060
 20
322.868890
 42
0.076026
  0
VERTEX
  8
0
 10
17.443944
 20
322.295499
 42
0.087019
  0
VERTEX
  8
0
 10
17.771797
 20
321.828203
 42
0.165691
  0
VERTEX
  8
0
 10
19.177624
 20
321.136932
 42
0.082785
  0
VERTEX
  8
0
 10
21.181947
 20
321.210303
 42
0.091303
  0
VERTEX
  8
0
 10
22.897388
 20
321.903208
 42
0.256624
  0
VERTEX
  8
0
 10
23.500000
 20
323.000000
 42
0.276098
  0
VERTEX
  8
0
 10
22.829651
 20
324.121426
 42
0.083549
  0
VERTEX
  8
0
 10
20.873130
 20
324.784022
 42
0.078867
  0
VERTEX
  8
0
 10
18.715224
 20
324.789239
 42
0.218960
  0
SEQEND
  0
POLYLINE
  8
0
 66
1
 70
1
  0
VERTEX
  8
0
 10
23.000000
 20
323.000000
 42
-0.226478
  0
VERTEX
  8
0
 10
22.817169
 20
322.617064
 42
-0.074992
  0
VERTEX
  8
0
 10
22.265625
 20
322.293750
 42
-0.057076
  0
VERTEX
  8
0
 10
21.457356
 20
322.073116
 42
-0.038131
  0
VERTEX
  8
0
 10
20.500000
 20
322.000000
 42
-0.038131
  0
VERTEX
  8
0
 10
19.542644
 20
322.073116
 42
-0.057076
  0
VERTEX
  8
0
 10
18.734375
 20
322.293750
 42
-0.074992
  0
VERTEX
  8
0
 10
18.182831
 20
322.617064
 42
-0.226478
  0
VERTEX
  8
0
 10
18.000000
 20
323.000000
 42
-0.226478
  0
VERTEX
  8
0
 10
18.182831
 20
323.382936
 42
-0.074992
  0
VERTEX
  8
0
 10
18.734375
 20
323.706250
 42
-0.057076
  0
VERTEX
  8
0
 10
19.542644
 20
323.926884
 42
-0.038131
  0
VERTEX
  8
0
 10
20.500000
 20
324.000000
 42
-0.038131
  0
VERTEX
  8
0
 10
21.457356
 20
323.926884
 42
-0.057076
  0
VERTEX
  8
0
 10
22.265625
 20
323.706250
 42
-0.074992
  0
VERTEX
  8
0
 10
22.817169
 20
323.382936
 42
-0.226478
  0
SEQEND
  0
POLYLINE
  8
0
 66
1
 70
1
  0
VERTEX
  8
0
 10
17.078947
 20
318.416667
 42
0.018894
  0
VERTEX
  8
0
 10
17.137993
 20
317.670344
 42
0.168741
  0
VERTEX
  8
0
 10
17.279315
 20
317.378580
 42
0.470617
  0
VERTEX
  8
0
 10
17.461564
 20
317.395823
 42
0.054073
  0
VERTEX
  8
0
 10
17.683114
 20
317.812500
 42
0.051402
  0
VERTEX
  8
0
 10
17.839148
 20
318.359369
 42
0.054150
  0
VERTEX
  8
0
 10
17.876576
 20
318.916927
 42
0.060344
  0
VERTEX
  8
0
 10
17.797407
 20
319.402231
 42
0.126455
  0
VERTEX
  8
0
 10
17.604167
 20
319.729167
 42
0.296942
  0
VERTEX
  8
0
 10
17.385309
 20
319.775380
 42
0.208169
  0
VERTEX
  8
0
 10
17.200665
 20
319.592839
 42
0.077125
  0
VERTEX
  8
0
 10
17.089945
 20
319.112848
 42
0.028489
  0
SEQEND
  0
POLYLINE
  8
0
 66
1
 70
1
  0
VERTEX
  8
0
 10
19.557637
 20
319.093259
 42
0.268627
  0
VERTEX
  8
0
 10
19.549390
 20
318.806106
 42
0.220188
  0
VERTEX
  8
0
 10
19.799309
 20
318.619570
 42
0.085012
  0
VERTEX
  8
0
 10
20.370682
 20
318.597784
 42
0.031078
  0
VERTEX
  8
0
 10
21.167290
 20
318.753998
 42
-0.023558
  0
VERTEX
  8
0
 10
22.330888
 20
319.000393
 42
-0.231897
  0
VERTEX
  8
0
 10
22.796805
 20
318.859236
 42
-0.271775
  0
VERTEX
  8
0
 10
22.926093
 20
318.426221
 42
-0.030861
  0
VERTEX
  8
0
 10
22.609425
 20
317.410740
 42
0.009058
  0
VERTEX
  8
0
 10
22.258708
 20
316.437485
 42
0.219347
  0
VERTEX
  8
0
 10
22.287961
 20
316.157502
 42
0.466056
  0
VERTEX
  8
0
 10
22.473352
 20
316.127092
 42
0.017945
  0
VERTEX
  8
0
 10
23.053622
 20
316.662868
 42
0.071122
  0
VERTEX
  8
0
 10
23.451245
 20
317.188799
 42
0.071769
  0
VERTEX
  8
0
 10
23.684061
 20
317.803488
 42
0.078057
  0
VERTEX
  8
0
 10
23.722299
 20
318.409959
 42
0.115698
  0
VERTEX
  8
0
 10
23.553851
 20
318.912868
 42
0.140539
  0
VERTEX
  8
0
 10
22.733618
 20
319.658772
 42
0.103774
  0
VERTEX
  8
0
 10
21.539137
 20
319.966214
 42
0.107309
  0
VERTEX
  8
0
 10
20.354810
 20
319.764512
 42
0.160028
  0
SEQEND
  0
POLYLINE
  8
0
 66
1
 70
1
  0
VERTEX
  8
0
 10
17.157895
 20
310.000000
 42
0.017491
  0
VERTEX
  8
0
 10
17.189089
 20
309.108560
 42
0.078554
  0
VERTEX
  8
0
 10
17.306058
 20
308.601562
 42
0.447206
  0
VERTEX
  8
0
 10
17.474999
 20
308.540618
 42
0.174857
  0
VERTEX
  8
0
 10
17.662281
 20
308.750000
 42
0.057986
  0
VERTEX
  8
0
 10
17.818615
 20
309.320008
 42
0.037979
  0
VERTEX
  8
0
 10
17.870340
 20
310.000000
 42
0.037979
  0
VERTEX
  8
0
 10
17.818615
 20
310.679992
 42
0.057986
  0
VERTEX
  8
0
 10
17.662281
 20
311.250000
 42
0.174857
  0
VERTEX
  8
0
 10
17.474999
 20
311.459382
 42
0.447206
  0
VERTEX
  8
0
 10
17.306058
 20
311.398438
 42
0.078554
  0
VERTEX
  8
0
 10
17.189089
 20
310.891440
 42
0.017491
  0
SEQEND
  0
POLYLINE
  8
0
 66
1
 70
1
  0
VERTEX
  8
0
 10
20.000000
 20
310.000000
 42
0.040566
  0
VERTEX
  8
0
 10
20.684071
 20
309.632796
 42
0.028934
  0
VERTEX
  8
0
 10
21.500000
 20
309.331527
 42
0.029384
  0
VERTEX
  8
0
 10
22.317134
 20
309.134067
 42
0.053798
  0
VERTEX
  8
0
 10
23.000000
 20
309.085598
 42
0.051935
  0
VERTEX
  8
0
 10
23.535375
 20
309.161267
 42
0.491407
  0
VERTEX
  8
0
 10
23.615423
 20
309.343886
 42
0.152377
  0
VERTEX
  8
0
 10
23.341871
 20
309.608071
 42
0.014925
  0
VERTEX
  8
0
 10
22.500000
 20
310.000000
 42
0.019739
  0
VERTEX
  8
0
 10
20.686554
 20
310.695838
 42
0.081911
  0
VERTEX
  8
0
 10
19.533606
 20
310.885992
 42
0.608383
  0
VERTEX
  8
0
 10
19.381869
 20
310.592871
 42
0.095694
  0
SEQEND
  0
POLYLINE
  8
0
 66
1
 70
1
  0
VERTEX
  8
0
 10
17.461975
 20
305.938474
 42
0.159639
  0
VERTEX
  8
0
 10
17.196665
 20
304.839906
 42
0.208996
  0
VERTEX
  8
0
 10
17.678897
 20
303.939502
 42
0.130588
  0
VERTEX
  8
0
 10
18.934001
 20
303.397973
 42
0.056143
  0
VERTEX
  8
0
 10
20.770992
 20
303.332812
 42
0.092070
  0
VERTEX
  8
0
 10
22.784735
 20
303.869233
 42
0.289406
  0
VERTEX
  8
0
 10
23.499067
 20
305.000000
 42
0.289406
  0
VERTEX
  8
0
 10
22.784735
 20
306.130767
 42
0.092070
  0
VERTEX
  8
0
 10
20.770992
 20
306.667188
 42
0.033217
  0
VERTEX
  8
0
 10
19.683790
 20
306.678389
 42
0.040185
  0
VERTEX
  8
0
 10
18.673252
 20
306.539654
 42
0.044551
  0
VERTEX
  8
0
 10
17.869408
 20
306.285875
 42
0.156862
  0
SEQEND
  0
POLYLINE
  8
0
 66
1
 70
1
  0
VERTEX
  8
0
 10
20.000000
 20
305.000000
 42
-0.099038
  0
VERTEX
  8
0
 10
19.923658
 20
304.618362
 42
-0.097945
  0
VERTEX
  8
0
 10
19.706250
 20
304.293750
 42
-0.097945
  0
VERTEX
  8
0
 10
19.381638
 20
304.076342
 42
-0.099038
  0
VERTEX
  8
0
 10
19.000000
 20
304.000000
 42
-0.099038
  0
VERTEX
  8
0
 10
18.618362
 20
304.076342
 42
-0.097945
  0
VERTEX
  8
0
 10
18.293750
 20
304.293750
 42
-0.097945
  0
VERTEX
  8
0
 10
18.076342
 20
304.618362
 42
-0.099038
  0
VERTEX
  8
0
 10
18.000000
 20
305.000000
 42
-0.099038
  0
VERTEX
  8
0
 10
18.076342
 20
305.381638
 42
-0.097945
  0
VERTEX
  8
0
 10
18.293750
 20
305.706250
 42
-0.097945
  0
VERTEX
  8
0
 10
18.618362
 20
305.923658
 42
-0.099038
  0
VERTEX
  8
0
 10
19.000000
 20
306.000000
 42
-0.099038
  0
VERTEX
  8
0
 10
19.381638
 20
305.923658
 42
-0.097945
  0
VERTEX
  8
0
 10
19.706250
 20
305.706250
 42
-0.097945
  0
VERTEX
  8
0
 10
19.923658
 20
305.381638
 42
-0.099038
  0
SEQEND
  0
POLYLINE
  8
0
 66
1
 70
1
  0
VERTEX
  8
0
 10
23.000000
 20
305.000000
 42
-0.099038
  0
VERTEX
  8
0
 10
22.923658
 20
304.618362
 42
-0.097945
  0
VERTEX
  8
0
 10
22.706250
 20
304.293750
 42
-0.097945
  0
VERTEX
  8
0
 10
22.381638
 20
304.076342
 42
-0.099038
  0
VERTEX
  8
0
 10
22.000000
 20
304.000000
 42
-0.099038
  0
VERTEX
  8
0
 10
21.618362
 20
304.076342
 42
-0.097945
  0
VERTEX
  8
0
 10
21.293750
 20
304.293750
 42
-0.097945
  0
VERTEX
  8
0
 10
21.076342
 20
304.618362
 42
-0.099038
  0
VERTEX
  8
0
 10
21.000000
 20
305.000000
 42
-0.099038
  0
VERTEX
  8
0
 10
21.076342
 20
305.381638
 42
-0.097945
  0
VERTEX
  8
0
 10
21.293750
 20
305.706250
 42
-0.097945
  0
VERTEX
  8
0
 10
21.618362
 20
305.923658
 42
-0.099038
  0
VERTEX
  8
0
 10
22.000000
 20
306.000000
 42
-0.099038
  0
VERTEX
  8
0
 10
22.381638
 20
305.923658
 42
-0.097945
  0
VERTEX
  8
0
 10
22.706250
 20
305.706250
 42
-0.097945
  0
VERTEX
  8
0
 10
22.923658
 20
305.381638
 42
-0.099038
  0
SEQEND
  0
POLYLINE
  8
0
 66
1
 70
1
  0
VERTEX
  8
0
 10
18.250000
 20
298.310674
 42
-0.068007
  0
VERTEX
  8
0
 10
18.918939
 20
298.034596
 42
-0.068913
  0
VERTEX
  8
0
 10
19.485937
 20
297.590143
 42
-0.075394
  0
VERTEX
  8
0
 10
19.868723
 20
297.051523
 42
-0.117373
  0
VERTEX
  8
0
 10
20.000000
 20
296.500000
 42
-0.117373
  0
VERTEX
  8
0
 10
19.868723
 20
295.948477
 42
-0.075394
  0
VERTEX
  8
0
 10
19.485937
 20
295.409857
 42
-0.068913
  0
VERTEX
  8
0
 10
18.918939
 20
294.965404
 42
-0.068007
  0
VERTEX
  8
0
 10
18.250000
 20
294.689326
 42
0.279395
  0
VERTEX
  8
0
 10
18.088315
 20
294.522680
 42
0.421517
  0
VERTEX
  8
0
 10
18.189063
 20
294.366341
 42
0.040136
  0
VERTEX
  8
0
 10
19.062099
 20
294.260811
 42
0.010016
  0
VERTEX
  8
0
 10
20.500000
 20
294.232003
 42
0.010016
  0
VERTEX
  8
0
 10
21.937901
 20
294.260811
 42
0.040136
  0
VERTEX
  8
0
 10
22.810937
 20
294.366341
 42
0.421517
  0
VERTEX
  8
0
 10
22.911685
 20
294.522680
 42
0.279395
  0
VERTEX
  8
0
 10
22.750000
 20
294.689326
 42
-0.068007
  0
VERTEX
  8
0
 10
22.081061
 20
294.965404
 42
-0.068913
  0
VERTEX
  8
0
 10
21.514063
 20
295.409857
 42
-0.075394
  0
VERTEX
  8
0
 10
21.131277
 20
295.948477
 42
-0.117373
  0
VERTEX
  8
0
 10
21.000000
 20
296.500000
 42
-0.117373
  0
VERTEX
  8
0
 10
21.131277
 20
297.051523
 42
-0.075394
  0
VERTEX
  8
0
 10
21.514063
 20
297.590143
 42
-0.068913
  0
VERTEX
  8
0
 10
22.081061
 20
298.034596
 42
-0.068007
  0
VERTEX
  8
0
 10
22.750000
 20
298.310674
 42
0.279395
  0
VERTEX
  8
0
 10
22.911685
 20
298.477320
 42
0.421517
  0
VERTEX
  8
0
 10
22.810937
 20
298.633659
 42
0.040136
  0
VERTEX
  8
0
 10
21.937901
 20
298.739189
 42
0.010016
  0
VERTEX
  8
0
 10
20.500000
 20
298.767997
 42
0.010016
  0
VERTEX
  8
0
 10
19.062099
 20
298.739189
 42
0.040136
  0
VERTEX
  8
0
 10
18.189063
 20
298.633659
 42
0.421517
  0
VERTEX
  8
0
 10
18.088315
 20
298.477320
 42
0.279395
  0
SEQEND
  0
POLYLINE
  8
0
 66
1
 70
1
  0
VERTEX
  8
0
 10
17.500000
 20
291.166667
 42
0.115276
  0
VERTEX
  8
0
 10
17.306743
 20
290.855562
 42
0.028815
  0
VERTEX
  8
0
 10
17.146875
 20
290.275000
 42
0.027899
  0
VERTEX
  8
0
 10
17.036781
 20
289.571845
 42
0.024887
  0
VERTEX
  8
0
 10
17.000000
 20
288.833333
 42
0.108868
  0
VERTEX
  8
0
 10
17.198567
 20
287.932175
 42
0.178765
  0
VERTEX
  8
0
 10
17.745545
 20
287.387551
 42
0.096068
  0
VERTEX
  8
0
 10
18.803447
 20
287.131017
 42
0.019321
  0
VERTEX
  8
0
 10
20.750000
 20
287.116001
 42
0.011830
  0
VERTEX
  8
0
 10
22.093515
 20
287.189408
 42
0.050275
  0
VERTEX
  8
0
 10
22.884375
 20
287.332266
 42
0.459031
  0
VERTEX
  8
0
 10
22.965403
 20
287.508506
 42
0.225051
  0
VERTEX
  8
0
 10
22.750000
 20
287.689326
 42
-0.080848
  0
VERTEX
  8
0
 10
21.518298
 20
288.234879
 42
-0.238612
  0
VERTEX
  8
0
 10
21.068402
 20
289.013341
 42
-0.214554
  0
VERTEX
  8
0
 10
21.411255
 20
289.904872
 42
-0.067794
  0
VERTEX
  8
0
 10
22.577875
 20
290.783643
 42
0.056843
  0
VERTEX
  8
0
 10
23.162855
 20
291.204603
 42
0.505516
  0
VERTEX
  8
0
 10
23.135200
 20
291.473106
 42
0.123378
  0
VERTEX
  8
0
 10
22.583086
 20
291.635786
 42
0.010257
  0
VERTEX
  8
0
 10
21.077875
 20
291.666667
 42
0.015031
  0
VERTEX
  8
0
 10
19.862643
 20
291.630125
 42
0.019685
  0
VERTEX
  8
0
 10
18.757251
 20
291.519792
 42
0.017570
  0
VERTEX
  8
0
 10
17.860087
 20
291.362104
 42
0.145074
  0
SEQEND
  0
POLYLINE
  8
0
 66
1
 70
1
  0
VERTEX
  8
0
 10
20.000000
 20
289.500000
 42
-0.064853
  0
VERTEX
  8
0
 10
19.925306
 20
288.926543
 42
-0.082425
  0
VERTEX
  8
0
 10
19.706250
 20
288.440625
 42
-0.098894
  0
VERTEX
  8
0
 10
19.381354
 20
288.115568
 42
-0.148195
  0
VERTEX
  8
0
 10
19.000000
 20
288.000000
 42
-0.148195
  0
VERTEX
  8
0
 10
18.618646
 20
288.115568
 42
-0.098894
  0
VERTEX
  8
0
 10
18.293750
 20
288.440625
 42
-0.082425
  0
VERTEX
  8
0
 10
18.074694
 20
288.926543
 42
-0.064853
  0
VERTEX
  8
0
 10
18.000000
 20
289.500000
 42
-0.064853
  0
VERTEX
  8
0
 10
18.074694
 20
290.073457
 42
-0.082425
  0
VERTEX
  8
0
 10
18.293750
 20
290.559375
 42
-0.098894
  0
VERTEX
  8
0
 10
18.618646
 20
290.884432
 42
-0.148195
  0
VERTEX
  8
0
 10
19.000000
 20
291.000000
 42
-0.148195
  0
VERTEX
  8
0
 10
19.381354
 20
290.884432
 42
-0.098894
  0
VERTEX
  8
0
 10
19.706250
 20
290.559375
 42
-0.082425
  0
VERTEX
  8
0
 10
19.925306
 20
290.073457
 42
-0.064853
  0
SEQEND
  0
POLYLINE
  8
0
 66
1
 70
1
  0
VERTEX
  8
0
 10
17.599134
 20
284.265801
 42
0.137770
  0
VERTEX
  8
0
 10
16.919518
 20
283.055308
 42
0.249084
  0
VERTEX
  8
0
 10
17.193913
 20
281.982778
 42
0.153081
  0
VERTEX
  8
0
 10
18.471989
 20
281.236859
 42
0.056181
  0
VERTEX
  8
0
 10
20.573324
 20
281.000000
 42
0.019159
  0
VERTEX
  8
0
 10
22.409271
 20
281.070376
 42
0.103782
  0
VERTEX
  8
0
 10
23.361297
 20
281.347696
 42
0.207892
  0
VERTEX
  8
0
 10
23.783688
 20
281.880217
 42
0.113201
  0
VERTEX
  8
0
 10
23.813584
 20
282.729463
 42
0.219909
  0
VERTEX
  8
0
 10
23.018664
 20
283.835483
 42
0.068187
  0
VERTEX
  8
0
 10
21.067057
 20
284.611643
 42
0.067244
  0
VERTEX
  8
0
 10
18.940967
 20
284.842321
 42
0.192110
  0
SEQEND
  0
POLYLINE
  8
0
 66
1
 70
1
  0
VERTEX
  8
0
 10
20.000000
 20
283.000000
 42
-0.099038
  0
VERTEX
  8
0
 10
19.923658
 20
282.618362
 42
-0.097945
  0
VERTEX
  8
0
 10
19.706250
 20
282.293750
 42
-0.097945
  0
VERTEX
  8
0
 10
19.381638
 20
282.076342
 42
-0.099038
  0
VERTEX
  8
0
 10
19.000000
 20
282.000000
 42
-0.099038
  0
VERTEX
  8
0
 10
18.618362
 20
282.076342
 42
-0.097945
  0
VERTEX
  8
0
 10
18.293750
 20
282.293750
 42
-0.097945
  0
VERTEX
  8
0
 10
18.076342
 20
282.618362
 42
-0.099038
  0
VERTEX
  8
0
 10
18.000000
 20
283.000000
 42
-0.099038
  0
VERTEX
  8
0
 10
18.076342
 20
283.381638
 42
-0.097945
  0
VERTEX
  8
0
 10
18.293750
 20
283.706250
 42
-0.097945
  0
VERTEX
  8
0
 10
18.618362
 20
283.923658
 42
-0.099038
  0
VERTEX
  8
0
 10
19.000000
 20
284.000000
 42
-0.099038
  0
VERTEX
  8
0
 10
19.381638
 20
283.923658
 42
-0.097945
  0
VERTEX
  8
0
 10
19.706250
 20
283.706250
 42
-0.097945
  0
VERTEX
  8
0
 10
19.923658
 20
283.381638
 42
-0.099038
  0
SEQEND
  0
POLYLINE
  8
0
 66
1
 70
1
  0
VERTEX
  8
0
 10
23.000000
 20
283.000000
 42
-0.099038
  0
VERTEX
  8
0
 10
22.923658
 20
282.618362
 42
-0.097945
  0
VERTEX
  8
0
 10
22.706250
 20
282.293750
 42
-0.097945
  0
VERTEX
  8
0
 10
22.381638
 20
282.076342
 42
-0.099038
  0
VERTEX
  8
0
 10
22.000000
 20
282.000000
 42
-0.099038
  0
VERTEX
  8
0
 10
21.618362
 20
282.076342
 42
-0.097945
  0
VERTEX
  8
0
 10
21.293750
 20
282.293750
 42
-0.097945
  0
VERTEX
  8
0
 10
21.076342
 20
282.618362
 42
-0.099038
  0
VERTEX
  8
0
 10
21.000000
 20
283.000000
 42
-0.099038
  0
VERTEX
  8
0
 10
21.076342
 20
283.381638
 42
-0.097945
  0
VERTEX
  8
0
 10
21.293750
 20
283.706250
 42
-0.097945
  0
VERTEX
  8
0
 10
21.618362
 20
283.923658
 42
-0.099038
  0
VERTEX
  8
0
 10
22.000000
 20
284.000000
 42
-0.099038
  0
VERTEX
  8
0
 10
22.381638
 20
283.923658
 42
-0.097945
  0
VERTEX
  8
0
 10
22.706250
 20
283.706250
 42
-0.097945
  0
VERTEX
  8
0
 10
22.923658
 20
283.381638
 42
-0.099038
  0
SEQEND
  0
POLYLINE
  8
0
 66
1
 70
1
  0
VERTEX
  8
0
 10
783.481569
 20
257.970177
 42
0.095249
  0
VERTEX
  8
0
 10
783.286560
 20
257.457773
 42
0.077253
  0
VERTEX
  8
0
 10
783.275060
 20
256.868890
 42
0.076026
  0
VERTEX
  8
0
 10
783.443944
 20
256.295499
 42
0.087019
  0
VERTEX
  8
0
 10
783.771797
 20
255.828203
 42
0.165691
  0
VERTEX
  8
0
 10
785.177624
 20
255.136932
 42
0.082785
  0
VERTEX
  8
0
 10
787.181947
 20
255.210303
 42
0.091303
  0
VERTEX
  8
0
 10
788.897388
 20
255.903208
 42
0.256624
  0
VERTEX
  8
0
 10
789.500000
 20
257.000000
 42
0.276098
  0
VERTEX
  8
0
 10
788.829651
 20
258.121426
 42
0.083549
  0
VERTEX
  8
0
 10
786.873130
 20
258.784022
 42
0.078867
  0
VERTEX
  8
0
 10
784.715224
 20
258.789239
 42
0.218960
  0
SEQEND
  0
POLYLINE
  8
0
 66
1
 70
1
  0
VERTEX
  8
0
 10
789.000000
 20
257.000000
 42
-0.226478
  0
VERTEX
  8
0
 10
788.817169
 20
256.617064
 42
-0.074992
  0
VERTEX
  8
0
 10
788.265625
 20
256.293750
 42
-0.057076
  0
VERTEX
  8
0
 10
787.457356
 20
256.073116
 42
-0.038131
  0
VERTEX
  8
0
 10
786.500000
 20
256.000000
 42
-0.038131
  0
VERTEX
  8
0
 10
785.542644
 20
256.073116
 42
-0.057076
  0
VERTEX
  8
0
 10
784.734375
 20
256.293750
 42
-0.074992
  0
VERTEX
  8
0
 10
784.182831
 20
256.617064
 42
-0.226478
  0
VERTEX
  8
0
 10
784.000000
 20
257.000000
 42
-0.226478
  0
VERTEX
  8
0
 10
784.182831
 20
257.382936
 42
-0.074992
  0
VERTEX
  8
0
 10
784.734375
 20
257.706250
 42
-0.057076
  0
VERTEX
  8
0
 10
785.542644
 20
257.926884
 42
-0.038131
  0
VERTEX
  8
0
 10
786.500000
 20
258.000000
 42
-0.038131
  0
VERTEX
  8
0
 10
787.457356
 20
257.926884
 42
-0.057076
  0
VERTEX
  8
0
 10
788.265625
 20
257.706250
 42
-0.074992
  0
VERTEX
  8
0
 10
788.817169
 20
257.382936
 42
-0.226478
  0
SEQEND
  0
POLYLINE
  8
0
 66
1
 70
1
  0
VERTEX
  8
0
 10
783.078947
 20
252.416667
 42
0.018894
  0
VERTEX
  8
0
 10
783.137993
 20
251.670344
 42
0.168741
  0
VERTEX
  8
0
 10
783.279315
 20
251.378580
 42
0.470617
  0
VERTEX
  8
0
 10
783.461564
 20
251.395823
 42
0.054073
  0
VERTEX
  8
0
 10
783.683114
 20
251.812500
 42
0.051402
  0
VERTEX
  8
0
 10
783.839148
 20
252.359369
 42
0.054150
  0
VERTEX
  8
0
 10
783.876576
 20
252.916927
 42
0.060344
  0
VERTEX
  8
0
 10
783.797407
 20
253.402231
 42
0.126455
  0
VERTEX
  8
0
 10
783.604167
 20
253.729167
 42
0.296942
  0
VERTEX
  8
0
 10
783.385309
 20
253.775380
 42
0.208169
  0
VERTEX
  8
0
 10
783.200665
 20
253.592839
 42
0.077125
  0
VERTEX
  8
0
 10
783.089945
 20
253.112848
 42
0.028489
  0
SEQEND
  0
POLYLINE
  8
0
 66
1
 70
1
  0
VERTEX
  8
0
 10
785.557637
 20
253.093259
 42
0.268627
  0
VERTEX
  8
0
 10
785.549390
 20
252.806106
 42
0.220188
  0
VERTEX
  8
0
 10
785.799309
 20
252.619570
 42
0.085012
  0
VERTEX
  8
0
 10
786.370682
 20
252.597784
 42
0.031078
  0
VERTEX
  8
0
 10
787.167290
 20
252.753998
 42
-0.023558
  0
VERTEX
  8
0
 10
788.330888
 20
253.000393
 42
-0.231897
  0
VERTEX
  8
0
 10
788.796805
 20
252.859236
 42
-0.271775
  0
VERTEX
  8
0
 10
788.926093
 20
252.426221
 42
-0.030861
  0
VERTEX
  8
0
 10
788.609425
 20
251.410740
 42
0.009058
  0
VERTEX
  8
0
 10
788.258708
 20
250.437485
 42
0.219347
  0
VERTEX
  8
0
 10
788.287961
 20
250.157502
 42
0.466056
  0
VERTEX
  8
0
 10
788.473352
 20
250.127092
 42
0.017945
  0
VERTEX
  8
0
 10
789.053622
 20
250.662868
 42
0.071122
  0
VERTEX
  8
0
 10
789.451245
 20
251.188799
 42
0.071769
  0
VERTEX
  8
0
 10
789.684061
 20
251.803488
 42
0.078057
  0
VERTEX
  8
0
 10
789.722299
 20
252.409959
 42
0.115698
  0
VERTEX
  8
0
 10
789.553851
 20
252.912868
 42
0.140539
  0
VERTEX
  8
0
 10
788.733618
 20
253.658772
 42
0.103774
  0
VERTEX
  8
0
 10
787.539137
 20
253.966214
 42
0.107309
  0
VERTEX
  8
0
 10
786.354810
 20
253.764512
 42
0.160028
  0
SEQEND
  0
POLYLINE
  8
0
 66
1
 70
1
  0
VERTEX
  8
0
 10
783.157895
 20
244.000000
 42
0.017491
  0
VERTEX
  8
0
 10
783.189089
 20
243.108560
 42
0.078554
  0
VERTEX
  8
0
 10
783.306058
 20
242.601562
 42
0.447206
  0
VERTEX
  8
0
 10
783.474999
 20
242.540618
 42
0.174857
  0
VERTEX
  8
0
 10
783.662281
 20
242.750000
 42
0.057986
  0
VERTEX
  8
0
 10
783.818615
 20
243.320008
 42
0.037979
  0
VERTEX
  8
0
 10
783.870340
 20
244.000000
 42
0.037979
  0
VERTEX
  8
0
 10
783.818615
 20
244.679992
 42
0.057986
  0
VERTEX
  8
0
 10
783.662281
 20
245.250000
 42
0.174857
  0
VERTEX
  8
0
 10
783.474999
 20
245.459382
 42
0.447206
  0
VERTEX
  8
0
 10
783.306058
 20
245.398438
 42
0.078554
  0
VERTEX
  8
0
 10
783.189089
 20
244.891440
 42
0.017491
  0
SEQEND
  0
POLYLINE
  8
0
 66
1
 70
1
  0
VERTEX
  8
0
 10
786.000000
 20
244.000000
 42
0.040566
  0
VERTEX
  8
0
 10
786.684071
 20
243.632796
 42
0.028934
  0
VERTEX
  8
0
 10
787.500000
 20
243.331527
 42
0.029384
  0
VERTEX
  8
0
 10
788.317134
 20
243.134067
 42
0.053798
  0
VERTEX
  8
0
 10
789.000000
 20
243.085598
 42
0.051935
  0
VERTEX
  8
0
 10
789.535375
 20
243.161267
 42
0.491407
  0
VERTEX
  8
0
 10
789.615423
 20
243.343886
 42
0.152377
  0
VERTEX
  8
0
 10
789.341871
 20
243.608071
 42
0.014925
  0
VERTEX
  8
0
 10
788.500000
 20
244.000000
 42
0.019739
  0
VERTEX
  8
0
 10
786.686554
 20
244.695838
 42
0.081911
  0
VERTEX
  8
0
 10
785.533606
 20
244.885992
 42
0.608383
  0
VERTEX
  8
0
 10
785.381869
 20
244.592871
 42
0.095694
  0
SEQEND
  0
POLYLINE
  8
0
 66
1
 70
1
  0
VERTEX
  8
0
 10
788.698316
 20
241.364982
 42
-0.106752
  0
VERTEX
  8
0
 10
788.306194
 20
241.112149
 42
-0.027084
  0
VERTEX
  8
0
 10
787.579600
 20
240.882725
 42
-0.026369
  0
VERTEX
  8
0
 10
786.701689
 20
240.705710
 42
-0.023976
  0
VERTEX
  8
0
 10
785.781649
 20
240.614982
 42
0.112214
  0
VERTEX
  8
0
 10
783.951966
 20
240.101019
 42
0.336977
  0
VERTEX
  8
0
 10
783.451324
 20
238.990115
 42
0.249351
  0
VERTEX
  8
0
 10
784.409289
 20
237.887659
 42
0.091926
  0
VERTEX
  8
0
 10
786.500000
 20
237.500000
 42
0.031860
  0
VERTEX
  8
0
 10
788.045699
 20
237.598593
 42
0.125244
  0
VERTEX
  8
0
 10
788.926599
 20
237.946955
 42
0.161404
  0
VERTEX
  8
0
 10
789.410049
 20
238.617072
 42
0.063721
  0
VERTEX
  8
0
 10
789.613464
 20
239.750000
 42
0.006137
  0
VERTEX
  8
0
 10
789.675478
 20
241.376336
 42
0.136179
  0
VERTEX
  8
0
 10
789.561856
 20
241.831068
 42
0.451492
  0
VERTEX
  8
0
 10
789.300472
 20
241.885978
 42
0.036084
  0
SEQEND
  0
POLYLINE
  8
0
 66
1
 70
1
  0
VERTEX
  8
0
 10
786.000000
 20
239.000000
 42
-0.099038
  0
VERTEX
  8
0
 10
785.923658
 20
238.618362
 42
-0.097945
  0
VERTEX
  8
0
 10
785.706250
 20
238.293750
 42
-0.097945
  0
VERTEX
  8
0
 10
785.381638
 20
238.076342
 42
-0.099038
  0
VERTEX
  8
0
 10
785.000000
 20
238.000000
 42
-0.099038
  0
VERTEX
  8
0
 10
784.618362
 20
238.076342
 42
-0.097945
  0
VERTEX
  8
0
 10
784.293750
 20
238.293750
 42
-0.097945
  0
VERTEX
  8
0
 10
784.076342
 20
238.618362
 42
-0.099038
  0
VERTEX
  8
0
 10
784.000000
 20
239.000000
 42
-0.099038
  0
VERTEX
  8
0
 10
784.076342
 20
239.381638
 42
-0.097945
  0
VERTEX
  8
0
 10
784.293750
 20
239.706250
 42
-0.097945
  0
VERTEX
  8
0
 10
784.618362
 20
239.923658
 42
-0.099038
  0
VERTEX
  8
0
 10
785.000000
 20
240.000000
 42
-0.099038
  0
VERTEX
  8
0
 10
785.381638
 20
239.923658
 42
-0.097945
  0
VERTEX
  8
0
 10
785.706250
 20
239.706250
 42
-0.097945
  0
VERTEX
  8
0
 10
785.923658
 20
239.381638
 42
-0.099038
  0
SEQEND
  0
POLYLINE
  8
0
 66
1
 70
1
  0
VERTEX
  8
0
 10
789.000000
 20
239.000000
 42
-0.099038
  0
VERTEX
  8
0
 10
788.923658
 20
238.618362
 42
-0.097945
  0
VERTEX
  8
0
 10
788.706250
 20
238.293750
 42
-0.097945
  0
VERTEX
  8
0
 10
788.381638
 20
238.076342
 42
-0.099038
  0
VERTEX
  8
0
 10
788.000000
 20
238.000000
 42
-0.099038
  0
VERTEX
  8
0
 10
787.618362
 20
238.076342
 42
-0.097945
  0
VERTEX
  8
0
 10
787.293750
 20
238.293750
 42
-0.097945
  0
VERTEX
  8
0
 10
787.076342
 20
238.618362
 42
-0.099038
  0
VERTEX
  8
0
 10
787.000000
 20
239.000000
 42
-0.099038
  0
VERTEX
  8
0
 10
787.076342
 20
239.381638
 42
-0.097945
  0
VERTEX
  8
0
 10
787.293750
 20
239.706250
 42
-0.097945
  0
VERTEX
  8
0
 10
787.618362
 20
239.923658
 42
-0.099038
  0
VERTEX
  8
0
 10
788.000000
 20
240.000000
 42
-0.099038
  0
VERTEX
  8
0
 10
788.381638
 20
239.923658
 42
-0.097945
  0
VERTEX
  8
0
 10
788.706250
 20
239.706250
 42
-0.097945
  0
VERTEX
  8
0
 10
788.923658
 20
239.381638
 42
-0.099038
  0
SEQEND
  0
POLYLINE
  8
0
 66
1
 70
1
  0
VERTEX
  8
0
 10
784.250000
 20
232.310674
 42
-0.068007
  0
VERTEX
  8
0
 10
784.918939
 20
232.034596
 42
-0.068913
  0
VERTEX
  8
0
 10
785.485937
 20
231.590143
 42
-0.075394
  0
VERTEX
  8
0
 10
785.868723
 20
231.051523
 42
-0.117373
  0
VERTEX
  8
0
 10
786.000000
 20
230.500000
 42
-0.117373
  0
VERTEX
  8
0
 10
785.868723
 20
229.948477
 42
-0.075394
  0
VERTEX
  8
0
 10
785.485937
 20
229.409857
 42
-0.068913
  0
VERTEX
  8
0
 10
784.918939
 20
228.965404
 42
-0.068007
  0
VERTEX
  8
0
 10
784.250000
 20
228.689326
 42
0.279395
  0
VERTEX
  8
0
 10
784.088315
 20
228.522680
 42
0.421517
  0
VERTEX
  8
0
 10
784.189062
 20
228.366341
 42
0.040136
  0
VERTEX
  8
0
 10
785.062099
 20
228.260811
 42
0.010016
  0
VERTEX
  8
0
 10
786.500000
 20
228.232003
 42
0.010016
  0
VERTEX
  8
0
 10
787.937901
 20
228.260811
 42
0.040136
  0
VERTEX
  8
0
 10
788.810938
 20
228.366341
 42
0.421517
  0
VERTEX
  8
0
 10
788.911685
 20
228.522680
 42
0.279395
  0
VERTEX
  8
0
 10
788.750000
 20
228.689326
 42
-0.068007
  0
VERTEX
  8
0
 10
788.081061
 20
228.965404
 42
-0.068913
  0
VERTEX
  8
0
 10
787.514063
 20
229.409857
 42
-0.075394
  0
VERTEX
  8
0
 10
787.131277
 20
229.948477
 42
-0.117373
  0
VERTEX
  8
0
 10
787.000000
 20
230.500000
 42
-0.117373
  0
VERTEX
  8
0
 10
787.131277
 20
231.051523
 42
-0.075394
  0
VERTEX
  8
0
 10
787.514063
 20
231.590143
 42
-0.068913
  0
VERTEX
  8
0
 10
788.081061
 20
232.034596
 42
-0.068007
  0
VERTEX
  8
0
 10
788.750000
 20
232.310674
 42
0.279395
  0
VERTEX
  8
0
 10
788.911685
 20
232.477320
 42
0.421517
  0
VERTEX
  8
0
 10
788.810938
 20
232.633659
 42
0.040136
  0
VERTEX
  8
0
 10
787.937901
 20
232.739189
 42
0.010016
  0
VERTEX
  8
0
 10
786.500000
 20
232.767997
 42
0.010016
  0
VERTEX
  8
0
 10
785.062099
 20
232.739189
 42
0.040136
  0
VERTEX
  8
0
 10
784.189062
 20
232.633659
 42
0.421517
  0
VERTEX
  8
0
 10
784.088315
 20
232.477320
 42
0.279395
  0
SEQEND
  0
POLYLINE
  8
0
 66
1
 70
1
  0
VERTEX
  8
0
 10
783.500000
 20
225.166667
 42
0.115276
  0
VERTEX
  8
0
 10
783.306743
 20
224.855562
 42
0.028815
  0
VERTEX
  8
0
 10
783.146875
 20
224.275000
 42
0.027899
  0
VERTEX
  8
0
 10
783.036781
 20
223.571845
 42
0.024887
  0
VERTEX
  8
0
 10
783.000000
 20
222.833333
 42
0.108868
  0
VERTEX
  8
0
 10
783.198567
 20
221.932175
 42
0.178765
  0
VERTEX
  8
0
 10
783.745545
 20
221.387551
 42
0.096068
  0
VERTEX
  8
0
 10
784.803447
 20
221.131017
 42
0.019321
  0
VERTEX
  8
0
 10
786.750000
 20
221.116001
 42
0.011830
  0
VERTEX
  8
0
 10
788.093515
 20
221.189408
 42
0.050275
  0
VERTEX
  8
0
 10
788.884375
 20
221.332266
 42
0.459031
  0
VERTEX
  8
0
 10
788.965403
 20
221.508506
 42
0.225051
  0
VERTEX
  8
0
 10
788.750000
 20
221.689326
 42
-0.080848
  0
VERTEX
  8
0
 10
787.518298
 20
222.234879
 42
-0.238612
  0
VERTEX
  8
0
 10
787.068402
 20
223.013341
 42
-0.214554
  0
VERTEX
  8
0
 10
787.411255
 20
223.904872
 42
-0.067794
  0
VERTEX
  8
0
 10
788.577875
 20
224.783643
 42
0.056843
  0
VERTEX
  8
0
 10
789.162855
 20
225.204603
 42
0.505516
  0
VERTEX
  8
0
 10
789.135200
 20
225.473106
 42
0.123378
  0
VERTEX
  8
0
 10
788.583086
 20
225.635786
 42
0.010257
  0
VERTEX
  8
0
 10
787.077875
 20
225.666667
 42
0.015031
  0
VERTEX
  8
0
 10
785.862643
 20
225.630125
 42
0.019685
  0
VERTEX
  8
0
 10
784.757251
 20
225.519792
 42
0.017570
  0
VERTEX
  8
0
 10
783.860087
 20
225.362104
 42
0.145074
  0
SEQEND
  0
POLYLINE
  8
0
 66
1
 70
1
  0
VERTEX
  8
0
 10
786.000000
 20
223.500000
 42
-0.064853
  0
VERTEX
  8
0
 10
785.925306
 20
222.926543
 42
-0.082425
  0
VERTEX
  8
0
 10
785.706250
 20
222.440625
 42
-0.098894
  0
VERTEX
  8
0
 10
785.381354
 20
222.115568
 42
-0.148195
  0
VERTEX
  8
0
 10
785.000000
 20
222.000000
 42
-0.148195
  0
VERTEX
  8
0
 10
784.618646
 20
222.115568
 42
-0.098894
  0
VERTEX
  8
0
 10
784.293750
 20
222.440625
 42
-0.082425
  0
VERTEX
  8
0
 10
784.074694
 20
222.926543
 42
-0.064853
  0
VERTEX
  8
0
 10
784.000000
 20
223.500000
 42
-0.064853
  0
VERTEX
  8
0
 10
784.074694
 20
224.073457
 42
-0.082425
  0
VERTEX
  8
0
 10
784.293750
 20
224.559375
 42
-0.098894
  0
VERTEX
  8
0
 10
784.618646
 20
224.884432
 42
-0.148195
  0
VERTEX
  8
0
 10
785.000000
 20
225.000000
 42
-0.148195
  0
VERTEX
  8
0
 10
785.381354
 20
224.884432
 42
-0.098894
  0
VERTEX
  8
0
 10
785.706250
 20
224.559375
 42
-0.082425
  0
VERTEX
  8
0
 10
785.925306
 20
224.073457
 42
-0.064853
  0
SEQEND
  0
POLYLINE
  8
0
 66
1
 70
1
  0
VERTEX
  8
0
 10
783.599134
 20
218.265801
 42
0.137770
  0
VERTEX
  8
0
 10
782.919518
 20
217.055308
 42
0.249084
  0
VERTEX
  8
0
 10
783.193913
 20
215.982778
 42
0.153081
  0
VERTEX
  8
0
 10
784.471989
 20
215.236859
 42
0.056181
  0
VERTEX
  8
0
 10
786.573324
 20
215.000000
 42
0.019159
  0
VERTEX
  8
0
 10
788.409271
 20
215.070376
 42
0.103782
  0
VERTEX
  8
0
 10
789.361297
 20
215.347696
 42
0.207892
  0
VERTEX
  8
0
 10
789.783688
 20
215.880217
 42
0.113201
  0
VERTEX
  8
0
 10
789.813584
 20
216.729463
 42
0.219909
  0
VERTEX
  8
0
 10
789.018664
 20
217.835483
 42
0.068187
  0
VERTEX
  8
0
 10
787.067057
 20
218.611643
 42
0.067244
  0
VERTEX
  8
0
 10
784.940967
 20
218.842321
 42
0.192110
  0
SEQEND
  0
POLYLINE
  8
0
 66
1
 70
1
  0
VERTEX
  8
0
 10
786.000000
 20
217.000000
 42
-0.099038
  0
VERTEX
  8
0
 10
785.923658
 20
216.618362
 42
-0.097945
  0
VERTEX
  8
0
 10
785.706250
 20
216.293750
 42
-0.097945
  0
VERTEX
  8
0
 10
785.381638
 20
216.076342
 42
-0.099038
  0
VERTEX
  8
0
 10
785.000000
 20
216.000000
 42
-0.099038
  0
VERTEX
  8
0
 10
784.618362
 20
216.076342
 42
-0.097945
  0
VERTEX
  8
0
 10
784.293750
 20
216.293750
 42
-0.097945
  0
VERTEX
  8
0
 10
784.076342
 20
216.618362
 42
-0.099038
  0
VERTEX
  8
0
 10
784.000000
 20
217.000000
 42
-0.099038
  0
VERTEX
  8
0
 10
784.076342
 20
217.381638
 42
-0.097945
  0
VERTEX
  8
0
 10
784.293750
 20
217.706250
 42
-0.097945
  0
VERTEX
  8
0
 10
784.618362
 20
217.923658
 42
-0.099038
  0
VERTEX
  8
0
 10
785.000000
 20
218.000000
 42
-0.099038
  0
VERTEX
  8
0
 10
785.381638
 20
217.923658
 42
-0.097945
  0
VERTEX
  8
0
 10
785.706250
 20
217.706250
 42
-0.097945
  0
VERTEX
  8
0
 10
785.923658
 20
217.381638
 42
-0.099038
  0
SEQEND
  0
POLYLINE
  8
0
 66
1
 70
1
  0
VERTEX
  8
0
 10
789.000000
 20
217.000000
 42
-0.099038
  0
VERTEX
  8
0
 10
788.923658
 20
216.618362
 42
-0.097945
  0
VERTEX
  8
0
 10
788.706250
 20
216.293750
 42
-0.097945
  0
VERTEX
  8
0
 10
788.381638
 20
216.076342
 42
-0.099038
  0
VERTEX
  8
0
 10
788.000000
 20
216.000000
 42
-0.099038
  0
VERTEX
  8
0
 10
787.618362
 20
216.076342
 42
-0.097945
  0
VERTEX
  8
0
 10
787.293750
 20
216.293750
 42
-0.097945
  0
VERTEX
  8
0
 10
787.076342
 20
216.618362
 42
-0.099038
  0
VERTEX
  8
0
 10
787.000000
 20
217.000000
 42
-0.099038
  0
VERTEX
  8
0
 10
787.076342
 20
217.381638
 42
-0.097945
  0
VERTEX
  8
0
 10
787.293750
 20
217.706250
 42
-0.097945
  0
VERTEX
  8
0
 10
787.618362
 20
217.923658
 42
-0.099038
  0
VERTEX
  8
0
 10
788.000000
 20
218.000000
 42
-0.099038
  0
VERTEX
  8
0
 10
788.381638
 20
217.923658
 42
-0.097945
  0
VERTEX
  8
0
 10
788.706250
 20
217.706250
 42
-0.097945
  0
VERTEX
  8
0
 10
788.923658
 20
217.381638
 42
-0.099038
  0
SEQEND
  0
POLYLINE
  8
0
 66
1
 70
1
  0
VERTEX
  8
0
 10
17.481569
 20
168.970177
 42
0.095249
  0
VERTEX
  8
0
 10
17.286560
 20
168.457773
 42
0.077253
  0
VERTEX
  8
0
 10
17.275060
 20
167.868890
 42
0.076026
  0
VERTEX
  8
0
 10
17.443944
 20
167.295499
 42
0.087019
  0
VERTEX
  8
0
 10
17.771797
 20
166.828203
 42
0.165691
  0
VERTEX
  8
0
 10
19.177624
 20
166.136932
 42
0.082785
  0
VERTEX
  8
0
 10
21.181947
 20
166.210303
 42
0.091303
  0
VERTEX
  8
0
 10
22.897388
 20
166.903208
 42
0.256624
  0
VERTEX
  8
0
 10
23.500000
 20
168.000000
 42
0.276098
  0
VERTEX
  8
0
 10
22.829651
 20
169.121426
 42
0.083549
  0
VERTEX
  8
0
 10
20.873130
 20
169.784022
 42
0.078867
  0
VERTEX
  8
0
 10
18.715224
 20
169.789239
 42
0.218960
  0
SEQEND
  0
POLYLINE
  8
0
 66
1
 70
1
  0
VERTEX
  8
0
 10
23.000000
 20
168.000000
 42
-0.226478
  0
VERTEX
  8
0
 10
22.817169
 20
167.617064
 42
-0.074992
  0
VERTEX
  8
0
 10
22.265625
 20
167.293750
 42
-0.057076
  0
VERTEX
  8
0
 10
21.457356
 20
167.073116
 42
-0.038131
  0
VERTEX
  8
0
 10
20.500000
 20
167.000000
 42
-0.038131
  0
VERTEX
  8
0
 10
19.542644
 20
167.073116
 42
-0.057076
  0
VERTEX
  8
0
 10
18.734375
 20
167.293750
 42
-0.074992
  0
VERTEX
  8
0
 10
18.182831
 20
167.617064
 42
-0.226478
  0
VERTEX
  8
0
 10
18.000000
 20
168.000000
 42
-0.226478
  0
VERTEX
  8
0
 10
18.182831
 20
168.382936
 42
-0.074992
  0
VERTEX
  8
0
 10
18.734375
 20
168.706250
 42
-0.057076
  0
VERTEX
  8
0
 10
19.542644
 20
168.926884
 42
-0.038131
  0
VERTEX
  8
0
 10
20.500000
 20
169.000000
 42
-0.038131
  0
VERTEX
  8
0
 10
21.457356
 20
168.926884
 42
-0.057076
  0
VERTEX
  8
0
 10
22.265625
 20
168.706250
 42
-0.074992
  0
VERTEX
  8
0
 10
22.817169
 20
168.382936
 42
-0.226478
  0
SEQEND
  0
POLYLINE
  8
0
 66
1
 70
1
  0
VERTEX
  8
0
 10
17.078947
 20
163.416667
 42
0.018894
  0
VERTEX
  8
0
 10
17.137993
 20
162.670344
 42
0.168741
  0
VERTEX
  8
0
 10
17.279315
 20
162.378580
 42
0.470617
  0
VERTEX
  8
0
 10
17.461564
 20
162.395823
 42
0.054073
  0
VERTEX
  8
0
 10
17.683114
 20
162.812500
 42
0.051402
  0
VERTEX
  8
0
 10
17.839148
 20
163.359369
 42
0.054150
  0
VERTEX
  8
0
 10
17.876576
 20
163.916927
 42
0.060344
  0
VERTEX
  8
0
 10
17.797407
 20
164.402231
 42
0.126455
  0
VERTEX
  8
0
 10
17.604167
 20
164.729167
 42
0.296942
  0
VERTEX
  8
0
 10
17.385309
 20
164.775380
 42
0.208169
  0
VERTEX
  8
0
 10
17.200665
 20
164.592839
 42
0.077125
  0
VERTEX
  8
0
 10
17.089945
 20
164.112848
 42
0.028489
  0
SEQEND
  0
POLYLINE
  8
0
 66
1
 70
1
  0
VERTEX
  8
0
 10
19.557637
 20
164.093259
 42
0.268627
  0
VERTEX
  8
0
 10
19.549390
 20
163.806106
 42
0.220188
  0
VERTEX
  8
0
 10
19.799309
 20
163.619570
 42
0.085012
  0
VERTEX
  8
0
 10
20.370682
 20
163.597784
 42
0.031078
  0
VERTEX
  8
0
 10
21.167290
 20
163.753998
 42
-0.023558
  0
VERTEX
  8
0
 10
22.330888
 20
164.000393
 42
-0.231897
  0
VERTEX
  8
0
 10
22.796805
 20
163.859236
 42
-0.271775
  0
VERTEX
  8
0
 10
22.926093
 20
163.426221
 42
-0.030861
  0
VERTEX
  8
0
 10
22.609425
 20
162.410740
 42
0.009058
  0
VERTEX
  8
0
 10
22.258708
 20
161.437485
 42
0.219347
  0
VERTEX
  8
0
 10
22.287961
 20
161.157502
 42
0.466056
  0
VERTEX
  8
0
 10
22.473352
 20
161.127092
 42
0.017945
  0
VERTEX
  8
0
 10
23.053622
 20
161.662868
 42
0.071122
  0
VERTEX
  8
0
 10
23.451245
 20
162.188799
 42
0.071769
  0
VERTEX
  8
0
 10
23.684061
 20
162.803488
 42
0.078057
  0
VERTEX
  8
0
 10
23.722299
 20
163.409959
 42
0.115698
  0
VERTEX
  8
0
 10
23.553851
 20
163.912868
 42
0.140539
  0
VERTEX
  8
0
 10
22.733618
 20
164.658772
 42
0.103774
  0
VERTEX
  8
0
 10
21.539137
 20
164.966214
 42
0.107309
  0
VERTEX
  8
0
 10
20.354810
 20
164.764512
 42
0.160028
  0
SEQEND
  0
POLYLINE
  8
0
 66
1
 70
1
  0
VERTEX
  8
0
 10
17.157895
 20
155.000000
 42
0.017491
  0
VERTEX
  8
0
 10
17.189089
 20
154.108560
 42
0.078554
  0
VERTEX
  8
0
 10
17.306058
 20
153.601562
 42
0.447206
  0
VERTEX
  8
0
 10
17.474999
 20
153.540618
 42
0.174857
  0
VERTEX
  8
0
 10
17.662281
 20
153.750000
 42
0.057986
  0
VERTEX
  8
0
 10
17.818615
 20
154.320008
 42
0.037979
  0
VERTEX
  8
0
 10
17.870340
 20
155.000000
 42
0.037979
  0
VERTEX
  8
0
 10
17.818615
 20
155.679992
 42
0.057986
  0
VERTEX
  8
0
 10
17.662281
 20
156.250000
 42
0.174857
  0
VERTEX
  8
0
 10
17.474999
 20
156.459382
 42
0.447206
  0
VERTEX
  8
0
 10
17.306058
 20
156.398438
 42
0.078554
  0
VERTEX
  8
0
 10
17.189089
 20
155.891440
 42
0.017491
  0
SEQEND
  0
POLYLINE
  8
0
 66
1
 70
1
  0
VERTEX
  8
0
 10
20.000000
 20
155.000000
 42
0.040566
  0
VERTEX
  8
0
 10
20.684071
 20
154.632796
 42
0.028934
  0
VERTEX
  8
0
 10
21.500000
 20
154.331527
 42
0.029384
  0
VERTEX
  8
0
 10
22.317134
 20
154.134067
 42
0.053798
  0
VERTEX
  8
0
 10
23.000000
 20
154.085598
 42
0.051935
  0
VERTEX
  8
0
 10
23.535375
 20
154.161267
 42
0.491407
  0
VERTEX
  8
0
 10
23.615423
 20
154.343886
 42
0.152377
  0
VERTEX
  8
0
 10
23.341871
 20
154.608071
 42
0.014925
  0
VERTEX
  8
0
 10
22.500000
 20
155.000000
 42
0.019739
  0
VERTEX
  8
0
 10
20.686554
 20
155.695838
 42
0.081911
  0
VERTEX
  8
0
 10
19.533606
 20
155.885992
 42
0.608383
  0
VERTEX
  8
0
 10
19.381869
 20
155.592871
 42
0.095694
  0
SEQEND
  0
POLYLINE
  8
0
 66
1
 70
1
  0
VERTEX
  8
0
 10
17.461975
 20
150.938474
 42
0.159639
  0
VERTEX
  8
0
 10
17.196665
 20
149.839906
 42
0.208996
  0
VERTEX
  8
0
 10
17.678897
 20
148.939502
 42
0.130588
  0
VERTEX
  8
0
 10
18.934001
 20
148.397973
 42
0.056143
  0
VERTEX
  8
0
 10
20.770992
 20
148.332812
 42
0.044599
  0
VERTEX
  8
0
 10
21.875886
 20
148.517759
 42
0.073486
  0
VERTEX
  8
0
 10
22.745899
 20
148.887337
 42
0.097360
  0
VERTEX
  8
0
 10
23.302490
 20
149.398127
 42
0.159885
  0
VERTEX
  8
0
 10
23.500000
 20
150.000000
 42
0.290762
  0
VERTEX
  8
0
 10
22.844266
 20
151.032280
 42
0.071311
  0
VERTEX
  8
0
 10
20.828621
 20
151.648233
 42
0.068051
  0
VERTEX
  8
0
 10
18.638539
 20
151.688318
 42
0.228778
  0
SEQEND
  0
POLYLINE
  8
0
 66
1
 70
1
  0
VERTEX
  8
0
 10
20.000000
 20
150.000000
 42
-0.099038
  0
VERTEX
  8
0
 10
19.923658
 20
149.618362
 42
-0.097945
  0
VERTEX
  8
0
 10
19.706250
 20
149.293750
 42
-0.097945
  0
VERTEX
  8
0
 10
19.381638
 20
149.076342
 42
-0.099038
  0
VERTEX
  8
0
 10
19.000000
 20
149.000000
 42
-0.099038
  0
VERTEX
  8
0
 10
18.618362
 20
149.076342
 42
-0.097945
  0
VERTEX
  8
0
 10
18.293750
 20
149.293750
 42
-0.097945
  0
VERTEX
  8
0
 10
18.076342
 20
149.618362
 42
-0.099038
  0
VERTEX
  8
0
 10
18.000000
 20
150.000000
 42
-0.099038
  0
VERTEX
  8
0
 10
18.076342
 20
150.381638
 42
-0.097945
  0
VERTEX
  8
0
 10
18.293750
 20
150.706250
 42
-0.097945
  0
VERTEX
  8
0
 10
18.618362
 20
150.923658
 42
-0.099038
  0
VERTEX
  8
0
 10
19.000000
 20
151.000000
 42
-0.099038
  0
VERTEX
  8
0
 10
19.381638
 20
150.923658
 42
-0.097945
  0
VERTEX
  8
0
 10
19.706250
 20
150.706250
 42
-0.097945
  0
VERTEX
  8
0
 10
19.923658
 20
150.381638
 42
-0.099038
  0
SEQEND
  0
POLYLINE
  8
0
 66
1
 70
1
  0
VERTEX
  8
0
 10
23.000000
 20
150.000000
 42
-0.099038
  0
VERTEX
  8
0
 10
22.923658
 20
149.618362
 42
-0.097945
  0
VERTEX
  8
0
 10
22.706250
 20
149.293750
 42
-0.097945
  0
VERTEX
  8
0
 10
22.381638
 20
149.076342
 42
-0.099038
  0
VERTEX
  8
0
 10
22.000000
 20
149.000000
 42
-0.099038
  0
VERTEX
  8
0
 10
21.618362
 20
149.076342
 42
-0.097945
  0
VERTEX
  8
0
 10
21.293750
 20
149.293750
 42
-0.097945
  0
VERTEX
  8
0
 10
21.076342
 20
149.618362
 42
-0.099038
  0
VERTEX
  8
0
 10
21.000000
 20
150.000000
 42
-0.099038
  0
VERTEX
  8
0
 10
21.076342
 20
150.381638
 42
-0.097945
  0
VERTEX
  8
0
 10
21.293750
 20
150.706250
 42
-0.097945
  0
VERTEX
  8
0
 10
21.618362
 20
150.923658
 42
-0.099038
  0
VERTEX
  8
0
 10
22.000000
 20
151.000000
 42
-0.099038
  0
VERTEX
  8
0
 10
22.381638
 20
150.923658
 42
-0.097945
  0
VERTEX
  8
0
 10
22.706250
 20
150.706250
 42
-0.097945
  0
VERTEX
  8
0
 10
22.923658
 20
150.381638
 42
-0.099038
  0
SEQEND
  0
POLYLINE
  8
0
 66
1
 70
1
  0
VERTEX
  8
0
 10
18.250000
 20
143.310674
 42
-0.068007
  0
VERTEX
  8
0
 10
18.918939
 20
143.034596
 42
-0.068913
  0
VERTEX
  8
0
 10
19.485937
 20
142.590143
 42
-0.075394
  0
VERTEX
  8
0
 10
19.868723
 20
142.051523
 42
-0.117373
  0
VERTEX
  8
0
 10
20.000000
 20
141.500000
 42
-0.117373
  0
VERTEX
  8
0
 10
19.868723
 20
140.948477
 42
-0.075394
  0
VERTEX
  8
0
 10
19.485937
 20
140.409857
 42
-0.068913
  0
VERTEX
  8
0
 10
18.918939
 20
139.965404
 42
-0.068007
  0
VERTEX
  8
0
 10
18.250000
 20
139.689326
 42
0.279395
  0
VERTEX
  8
0
 10
18.088315
 20
139.522680
 42
0.421517
  0
VERTEX
  8
0
 10
18.189063
 20
139.366341
 42
0.040136
  0
VERTEX
  8
0
 10
19.062099
 20
139.260811
 42
0.010016
  0
VERTEX
  8
0
 10
20.500000
 20
139.232003
 42
0.010016
  0
VERTEX
  8
0
 10
21.937901
 20
139.260811
 42
0.040136
  0
VERTEX
  8
0
 10
22.810937
 20
139.366341
 42
0.421517
  0
VERTEX
  8
0
 10
22.911685
 20
139.522680
 42
0.279395
  0
VERTEX
  8
0
 10
22.750000
 20
139.689326
 42
-0.068007
  0
VERTEX
  8
0
 10
22.081061
 20
139.965404
 42
-0.068913
  0
VERTEX
  8
0
 10
21.514063
 20
140.409857
 42
-0.075394
  0
VERTEX
  8
0
 10
21.131277
 20
140.948477
 42
-0.117373
  0
VERTEX
  8
0
 10
21.000000
 20
141.500000
 42
-0.117373
  0
VERTEX
  8
0
 10
21.131277
 20
142.051523
 42
-0.075394
  0
VERTEX
  8
0
 10
21.514063
 20
142.590143
 42
-0.068913
  0
VERTEX
  8
0
 10
22.081061
 20
143.034596
 42
-0.068007
  0
VERTEX
  8
0
 10
22.750000
 20
143.310674
 42
0.279395
  0
VERTEX
  8
0
 10
22.911685
 20
143.477320
 42
0.421517
  0
VERTEX
  8
0
 10
22.810937
 20
143.633659
 42
0.040136
  0
VERTEX
  8
0
 10
21.937901
 20
143.739189
 42
0.010016
  0
VERTEX
  8
0
 10
20.500000
 20
143.767997
 42
0.010016
  0
VERTEX
  8
0
 10
19.062099
 20
143.739189
 42
0.040136
  0
VERTEX
  8
0
 10
18.189063
 20
143.633659
 42
0.421517
  0
VERTEX
  8
0
 10
18.088315
 20
143.477320
 42
0.279395
  0
SEQEND
  0
POLYLINE
  8
0
 66
1
 70
1
  0
VERTEX
  8
0
 10
17.500000
 20
136.166667
 42
0.115276
  0
VERTEX
  8
0
 10
17.306743
 20
135.855562
 42
0.028815
  0
VERTEX
  8
0
 10
17.146875
 20
135.275000
 42
0.027899
  0
VERTEX
  8
0
 10
17.036781
 20
134.571845
 42
0.024887
  0
VERTEX
  8
0
 10
17.000000
 20
133.833333
 42
0.108868
  0
VERTEX
  8
0
 10
17.198567
 20
132.932175
 42
0.178765
  0
VERTEX
  8
0
 10
17.745545
 20
132.387551
 42
0.096068
  0
VERTEX
  8
0
 10
18.803447
 20
132.131017
 42
0.019321
  0
VERTEX
  8
0
 10
20.750000
 20
132.116001
 42
0.011830
  0
VERTEX
  8
0
 10
22.093515
 20
132.189408
 42
0.050275
  0
VERTEX
  8
0
 10
22.884375
 20
132.332266
 42
0.459031
  0
VERTEX
  8
0
 10
22.965403
 20
132.508506
 42
0.225051
  0
VERTEX
  8
0
 10
22.750000
 20
132.689326
 42
-0.080848
  0
VERTEX
  8
0
 10
21.518298
 20
133.234879
 42
-0.238612
  0
VERTEX
  8
0
 10
21.068402
 20
134.013341
 42
-0.214554
  0
VERTEX
  8
0
 10
21.411255
 20
134.904872
 42
-0.067794
  0
VERTEX
  8
0
 10
22.577875
 20
135.783643
 42
0.056843
  0
VERTEX
  8
0
 10
23.162855
 20
136.204603
 42
0.505516
  0
VERTEX
  8
0
 10
23.135200
 20
136.473106
 42
0.123378
  0
VERTEX
  8
0
 10
22.583086
 20
136.635786
 42
0.010257
  0
VERTEX
  8
0
 10
21.077875
 20
136.666667
 42
0.015031
  0
VERTEX
  8
0
 10
19.862643
 20
136.630125
 42
0.019685
  0
VERTEX
  8
0
 10
18.757251
 20
136.519792
 42
0.017570
  0
VERTEX
  8
0
 10
17.860087
 20
136.362104
 42
0.145074
  0
SEQEND
  0
POLYLINE
  8
0
 66
1
 70
1
  0
VERTEX
  8
0
 10
20.000000
 20
134.500000
 42
-0.064853
  0
VERTEX
  8
0
 10
19.925306
 20
133.926543
 42
-0.082425
  0
VERTEX
  8
0
 10
19.706250
 20
133.440625
 42
-0.098894
  0
VERTEX
  8
0
 10
19.381354
 20
133.115568
 42
-0.148195
  0
VERTEX
  8
0
 10
19.000000
 20
133.000000
 42
-0.148195
  0
VERTEX
  8
0
 10
18.618646
 20
133.115568
 42
-0.098894
  0
VERTEX
  8
0
 10
18.293750
 20
133.440625
 42
-0.082425
  0
VERTEX
  8
0
 10
18.074694
 20
133.926543
 42
-0.064853
  0
VERTEX
  8
0
 10
18.000000
 20
134.500000
 42
-0.064853
  0
VERTEX
  8
0
 10
18.074694
 20
135.073457
 42
-0.082425
  0
VERTEX
  8
0
 10
18.293750
 20
135.559375
 42
-0.098894
  0
VERTEX
  8
0
 10
18.618646
 20
135.884432
 42
-0.148195
  0
VERTEX
  8
0
 10
19.000000
 20
136.000000
 42
-0.148195
  0
VERTEX
  8
0
 10
19.381354
 20
135.884432
 42
-0.098894
  0
VERTEX
  8
0
 10
19.706250
 20
135.559375
 42
-0.082425
  0
VERTEX
  8
0
 10
19.925306
 20
135.073457
 42
-0.064853
  0
SEQEND
  0
POLYLINE
  8
0
 66
1
 70
1
  0
VERTEX
  8
0
 10
17.599134
 20
129.265801
 42
0.137770
  0
VERTEX
  8
0
 10
16.919518
 20
128.055308
 42
0.249084
  0
VERTEX
  8
0
 10
17.193913
 20
126.982778
 42
0.153081
  0
VERTEX
  8
0
 10
18.471989
 20
126.236859
 42
0.056181
  0
VERTEX
  8
0
 10
20.573324
 20
126.000000
 42
0.019159
  0
VERTEX
  8
0
 10
22.409271
 20
126.070376
 42
0.103782
  0
VERTEX
  8
0
 10
23.361297
 20
126.347696
 42
0.207892
  0
VERTEX
  8
0
 10
23.783688
 20
126.880217
 42
0.113201
  0
VERTEX
  8
0
 10
23.813584
 20
127.729463
 42
0.219909
  0
VERTEX
  8
0
 10
23.018664
 20
128.835483
 42
0.068187
  0
VERTEX
  8
0
 10
21.067057
 20
129.611643
 42
0.067244
  0
VERTEX
  8
0
 10
18.940967
 20
129.842321
 42
0.192110
  0
SEQEND
  0
POLYLINE
  8
0
 66
1
 70
1
  0
VERTEX
  8
0
 10
20.000000
 20
128.000000
 42
-0.099038
  0
VERTEX
  8
0
 10
19.923658
 20
127.618362
 42
-0.097945
  0
VERTEX
  8
0
 10
19.706250
 20
127.293750
 42
-0.097945
  0
VERTEX
  8
0
 10
19.381638
 20
127.076342
 42
-0.099038
  0
VERTEX
  8
0
 10
19.000000
 20
127.000000
 42
-0.099038
  0
VERTEX
  8
0
 10
18.618362
 20
127.076342
 42
-0.097945
  0
VERTEX
  8
0
 10
18.293750
 20
127.293750
 42
-0.097945
  0
VERTEX
  8
0
 10
18.076342
 20
127.618362
 42
-0.099038
  0
VERTEX
  8
0
 10
18.000000
 20
128.000000
 42
-0.099038
  0
VERTEX
  8
0
 10
18.076342
 20
128.381638
 42
-0.097945
  0
VERTEX
  8
0
 10
18.293750
 20
128.706250
 42
-0.097945
  0
VERTEX
  8
0
 10
18.618362
 20
128.923658
 42
-0.099038
  0
VERTEX
  8
0
 10
19.000000
 20
129.000000
 42
-0.099038
  0
VERTEX
  8
0
 10
19.381638
 20
128.923658
 42
-0.097945
  0
VERTEX
  8
0
 10
19.706250
 20
128.706250
 42
-0.097945
  0
VERTEX
  8
0
 10
19.923658
 20
128.381638
 42
-0.099038
  0
SEQEND
  0
POLYLINE
  8
0
 66
1
 70
1
  0
VERTEX
  8
0
 10
23.000000
 20
128.000000
 42
-0.099038
  0
VERTEX
  8
0
 10
22.923658
 20
127.618362
 42
-0.097945
  0
VERTEX
  8
0
 10
22.706250
 20
127.293750
 42
-0.097945
  0
VERTEX
  8
0
 10
22.381638
 20
127.076342
 42
-0.099038
  0
VERTEX
  8
0
 10
22.000000
 20
127.000000
 42
-0.099038
  0
VERTEX
  8
0
 10
21.618362
 20
127.076342
 42
-0.097945
  0
VERTEX
  8
0
 10
21.293750
 20
127.293750
 42
-0.097945
  0
VERTEX
  8
0
 10
21.076342
 20
127.618362
 42
-0.099038
  0
VERTEX
  8
0
 10
21.000000
 20
128.000000
 42
-0.099038
  0
VERTEX
  8
0
 10
21.076342
 20
128.381638
 42
-0.097945
  0
VERTEX
  8
0
 10
21.293750
 20
128.706250
 42
-0.097945
  0
VERTEX
  8
0
 10
21.618362
 20
128.923658
 42
-0.099038
  0
VERTEX
  8
0
 10
22.000000
 20
129.000000
 42
-0.099038
  0
VERTEX
  8
0
 10
22.381638
 20
128.923658
 42
-0.097945
  0
VERTEX
  8
0
 10
22.706250
 20
128.706250
 42
-0.097945
  0
VERTEX
  8
0
 10
22.923658
 20
128.381638
 42
-0.099038
  0
SEQEND
  0
POLYLINE
  8
0
 66
1
 70
1
  0
VERTEX
  8
0
 10
783.535419
 20
125.057310
 42
0.154834
  0
VERTEX
  8
0
 10
783.234466
 20
123.860452
 42
0.204124
  0
VERTEX
  8
0
 10
783.732240
 20
122.864781
 42
0.126180
  0
VERTEX
  8
0
 10
785.078885
 20
122.208539
 42
0.050647
  0
VERTEX
  8
0
 10
787.132341
 20
122.000000
 42
0.026094
  0
VERTEX
  8
0
 10
788.628499
 20
122.078135
 42
0.118983
  0
VERTEX
  8
0
 10
789.443728
 20
122.367616
 42
0.200513
  0
VERTEX
  8
0
 10
789.808956
 20
122.904963
 42
0.097457
  0
VERTEX
  8
0
 10
789.814774
 20
123.750000
 42
0.215783
  0
VERTEX
  8
0
 10
788.942386
 20
124.991665
 42
0.082190
  0
VERTEX
  8
0
 10
786.923873
 20
125.772879
 42
0.083035
  0
VERTEX
  8
0
 10
784.779665
 20
125.857769
 42
0.226535
  0
SEQEND
  0
POLYLINE
  8
0
 66
1
 70
1
  0
VERTEX
  8
0
 10
789.000000
 20
124.000000
 42
-0.226478
  0
VERTEX
  8
0
 10
788.817169
 20
123.617064
 42
-0.074992
  0
VERTEX
  8
0
 10
788.265625
 20
123.293750
 42
-0.057076
  0
VERTEX
  8
0
 10
787.457356
 20
123.073116
 42
-0.038131
  0
VERTEX
  8
0
 10
786.500000
 20
123.000000
 42
-0.038131
  0
VERTEX
  8
0
 10
785.542644
 20
123.073116
 42
-0.057076
  0
VERTEX
  8
0
 10
784.734375
 20
123.293750
 42
-0.074992
  0
VERTEX
  8
0
 10
784.182831
 20
123.617064
 42
-0.226478
  0
VERTEX
  8
0
 10
784.000000
 20
124.000000
 42
-0.226478
  0
VERTEX
  8
0
 10
784.182831
 20
124.382936
 42
-0.074992
  0
VERTEX
  8
0
 10
784.734375
 20
124.706250
 42
-0.057076
  0
VERTEX
  8
0
 10
785.542644
 20
124.926884
 42
-0.038131
  0
VERTEX
  8
0
 10
786.500000
 20
125.000000
 42
-0.038131
  0
VERTEX
  8
0
 10
787.457356
 20
124.926884
 42
-0.057076
  0
VERTEX
  8
0
 10
788.265625
 20
124.706250
 42
-0.074992
  0
VERTEX
  8
0
 10
788.817169
 20
124.382936
 42
-0.226478
  0
SEQEND
  0
POLYLINE
  8
0
 66
1
 70
1
  0
VERTEX
  8
0
 10
783.078947
 20
119.416667
 42
0.018894
  0
VERTEX
  8
0
 10
783.137993
 20
118.670344
 42
0.168741
  0
VERTEX
  8
0
 10
783.279315
 20
118.378580
 42
0.470617
  0
VERTEX
  8
0
 10
783.461564
 20
118.395823
 42
0.054073
  0
VERTEX
  8
0
 10
783.683114
 20
118.812500
 42
0.051402
  0
VERTEX
  8
0
 10
783.839148
 20
119.359369
 42
0.054150
  0
VERTEX
  8
0
 10
783.876576
 20
119.916927
 42
0.060344
  0
VERTEX
  8
0
 10
783.797407
 20
120.402231
 42
0.126455
  0
VERTEX
  8
0
 10
783.604167
 20
120.729167
 42
0.296942
  0
VERTEX
  8
0
 10
783.385309
 20
120.775380
 42
0.208169
  0
VERTEX
  8
0
 10
783.200665
 20
120.592839
 42
0.077125
  0
VERTEX
  8
0
 10
783.089945
 20
120.112848
 42
0.028489
  0
SEQEND
  0
POLYLINE
  8
0
 66
1
 70
1
  0
VERTEX
  8
0
 10
785.557637
 20
120.093259
 42
0.268627
  0
VERTEX
  8
0
 10
785.549390
 20
119.806106
 42
0.220188
  0
VERTEX
  8
0
 10
785.799309
 20
119.619570
 42
0.085012
  0
VERTEX
  8
0
 10
786.370682
 20
119.597784
 42
0.031078
  0
VERTEX
  8
0
 10
787.167290
 20
119.753998
 42
-0.023558
  0
VERTEX
  8
0
 10
788.330888
 20
120.000393
 42
-0.231897
  0
VERTEX
  8
0
 10
788.796805
 20
119.859236
 42
-0.271775
  0
VERTEX
  8
0
 10
788.926093
 20
119.426221
 42
-0.030861
  0
VERTEX
  8
0
 10
788.609425
 20
118.410740
 42
0.009058
  0
VERTEX
  8
0
 10
788.258708
 20
117.437485
 42
0.219347
  0
VERTEX
  8
0
 10
788.287961
 20
117.157502
 42
0.466056
  0
VERTEX
  8
0
 10
788.473352
 20
117.127092
 42
0.017945
  0
VERTEX
  8
0
 10
789.053622
 20
117.662868
 42
0.071122
  0
VERTEX
  8
0
 10
789.451245
 20
118.188799
 42
0.071769
  0
VERTEX
  8
0
 10
789.684061
 20
118.803488
 42
0.078057
  0
VERTEX
  8
0
 10
789.722299
 20
119.409959
 42
0.115698
  0
VERTEX
  8
0
 10
789.553851
 20
119.912868
 42
0.140539
  0
VERTEX
  8
0
 10
788.733618
 20
120.658772
 42
0.103774
  0
VERTEX
  8
0
 10
787.539137
 20
120.966214
 42
0.107309
  0
VERTEX
  8
0
 10
786.354810
 20
120.764512
 42
0.160028
  0
SEQEND
  0
POLYLINE
  8
0
 66
1
 70
1
  0
VERTEX
  8
0
 10
783.157895
 20
111.000000
 42
0.017491
  0
VERTEX
  8
0
 10
783.189089
 20
110.108560
 42
0.078554
  0
VERTEX
  8
0
 10
783.306058
 20
109.601562
 42
0.447206
  0
VERTEX
  8
0
 10
783.474999
 20
109.540618
 42
0.174857
  0
VERTEX
  8
0
 10
783.662281
 20
109.750000
 42
0.057986
  0
VERTEX
  8
0
 10
783.818615
 20
110.320008
 42
0.037979
  0
VERTEX
  8
0
 10
783.870340
 20
111.000000
 42
0.037979
  0
VERTEX
  8
0
 10
783.818615
 20
111.679992
 42
0.057986
  0
VERTEX
  8
0
 10
783.662281
 20
112.250000
 42
0.174857
  0
VERTEX
  8
0
 10
783.474999
 20
112.459382
 42
0.447206
  0
VERTEX
  8
0
 10
783.306058
 20
112.398438
 42
0.078554
  0
VERTEX
  8
0
 10
783.189089
 20
111.891440
 42
0.017491
  0
SEQEND
  0
POLYLINE
  8
0
 66
1
 70
1
  0
VERTEX
  8
0
 10
786.000000
 20
111.000000
 42
0.040566
  0
VERTEX
  8
0
 10
786.684071
 20
110.632796
 42
0.028934
  0
VERTEX
  8
0
 10
787.500000
 20
110.331527
 42
0.029384
  0
VERTEX
  8
0
 10
788.317134
 20
110.134067
 42
0.053798
  0
VERTEX
  8
0
 10
789.000000
 20
110.085598
 42
0.051935
  0
VERTEX
  8
0
 10
789.535375
 20
110.161267
 42
0.491407
  0
VERTEX
  8
0
 10
789.615423
 20
110.343886
 42
0.152377
  0
VERTEX
  8
0
 10
789.341871
 20
110.608071
 42
0.014925
  0
VERTEX
  8
0
 10
788.500000
 20
111.000000
 42
0.019739
  0
VERTEX
  8
0
 10
786.686554
 20
111.695838
 42
0.081911
  0
VERTEX
  8
0
 10
785.533606
 20
111.885992
 42
0.608383
  0
VERTEX
  8
0
 10
785.381869
 20
111.592871
 42
0.095694
  0
SEQEND
  0
POLYLINE
  8
0
 66
1
 70
1
  0
VERTEX
  8
0
 10
783.461975
 20
106.938474
 42
0.159639
  0
VERTEX
  8
0
 10
783.196665
 20
105.839906
 42
0.208996
  0
VERTEX
  8
0
 10
783.678897
 20
104.939502
 42
0.130588
  0
VERTEX
  8
0
 10
784.934001
 20
104.397973
 42
0.056143
  0
VERTEX
  8
0
 10
786.770992
 20
104.332812
 42
0.044599
  0
VERTEX
  8
0
 10
787.875886
 20
104.517759
 42
0.073486
  0
VERTEX
  8
0
 10
788.745899
 20
104.887337
 42
0.097360
  0
VERTEX
  8
0
 10
789.302490
 20
105.398127
 42
0.159885
  0
VERTEX
  8
0
 10
789.500000
 20
106.000000
 42
0.290762
  0
VERTEX
  8
0
 10
788.844266
 20
107.032280
 42
0.071311
  0
VERTEX
  8
0
 10
786.828621
 20
107.648233
 42
0.068051
  0
VERTEX
  8
0
 10
784.638539
 20
107.688318
 42
0.228778
  0
SEQEND
  0
POLYLINE
  8
0
 66
1
 70
1
  0
VERTEX
  8
0
 10
786.000000
 20
106.000000
 42
-0.099038
  0
VERTEX
  8
0
 10
785.923658
 20
105.618362
 42
-0.097945
  0
VERTEX
  8
0
 10
785.706250
 20
105.293750
 42
-0.097945
  0
VERTEX
  8
0
 10
785.381638
 20
105.076342
 42
-0.099038
  0
VERTEX
  8
0
 10
785.000000
 20
105.000000
 42
-0.099038
  0
VERTEX
  8
0
 10
784.618362
 20
105.076342
 42
-0.097945
  0
VERTEX
  8
0
 10
784.293750
 20
105.293750
 42
-0.097945
  0
VERTEX
  8
0
 10
784.076342
 20
105.618362
 42
-0.099038
  0
VERTEX
  8
0
 10
784.000000
 20
106.000000
 42
-0.099038
  0
VERTEX
  8
0
 10
784.076342
 20
106.381638
 42
-0.097945
  0
VERTEX
  8
0
 10
784.293750
 20
106.706250
 42
-0.097945
  0
VERTEX
  8
0
 10
784.618362
 20
106.923658
 42
-0.099038
  0
VERTEX
  8
0
 10
785.000000
 20
107.000000
 42
-0.099038
  0
VERTEX
  8
0
 10
785.381638
 20
106.923658
 42
-0.097945
  0
VERTEX
  8
0
 10
785.706250
 20
106.706250
 42
-0.097945
  0
VERTEX
  8
0
 10
785.923658
 20
106.381638
 42
-0.099038
  0
SEQEND
  0
POLYLINE
  8
0
 66
1
 70
1
  0
VERTEX
  8
0
 10
789.000000
 20
106.000000
 42
-0.099038
  0
VERTEX
  8
0
 10
788.923658
 20
105.618362
 42
-0.097945
  0
VERTEX
  8
0
 10
788.706250
 20
105.293750
 42
-0.097945
  0
VERTEX
  8
0
 10
788.381638
 20
105.076342
 42
-0.099038
  0
VERTEX
  8
0
 10
788.000000
 20
105.000000
 42
-0.099038
  0
VERTEX
  8
0
 10
787.618362
 20
105.076342
 42
-0.097945
  0
VERTEX
  8
0
 10
787.293750
 20
105.293750
 42
-0.097945
  0
VERTEX
  8
0
 10
787.076342
 20
105.618362
 42
-0.099038
  0
VERTEX
  8
0
 10
787.000000
 20
106.000000
 42
-0.099038
  0
VERTEX
  8
0
 10
787.076342
 20
106.381638
 42
-0.097945
  0
VERTEX
  8
0
 10
787.293750
 20
106.706250
 42
-0.097945
  0
VERTEX
  8
0
 10
787.618362
 20
106.923658
 42
-0.099038
  0
VERTEX
  8
0
 10
788.000000
 20
107.000000
 42
-0.099038
  0
VERTEX
  8
0
 10
788.381638
 20
106.923658
 42
-0.097945
  0
VERTEX
  8
0
 10
788.706250
 20
106.706250
 42
-0.097945
  0
VERTEX
  8
0
 10
788.923658
 20
106.381638
 42
-0.099038
  0
SEQEND
  0
POLYLINE
  8
0
 66
1
 70
1
  0
VERTEX
  8
0
 10
784.250000
 20
99.310674
 42
-0.068007
  0
VERTEX
  8
0
 10
784.918939
 20
99.034596
 42
-0.068913
  0
VERTEX
  8
0
 10
785.485937
 20
98.590143
 42
-0.075394
  0
VERTEX
  8
0
 10
785.868723
 20
98.051523
 42
-0.117373
  0
VERTEX
  8
0
 10
786.000000
 20
97.500000
 42
-0.117373
  0
VERTEX
  8
0
 10
785.868723
 20
96.948477
 42
-0.075394
  0
VERTEX
  8
0
 10
785.485937
 20
96.409857
 42
-0.068913
  0
VERTEX
  8
0
 10
784.918939
 20
95.965404
 42
-0.068007
  0
VERTEX
  8
0
 10
784.250000
 20
95.689326
 42
0.279395
  0
VERTEX
  8
0
 10
784.088315
 20
95.522680
 42
0.421517
  0
VERTEX
  8
0
 10
784.189062
 20
95.366341
 42
0.040136
  0
VERTEX
  8
0
 10
785.062099
 20
95.260811
 42
0.010016
  0
VERTEX
  8
0
 10
786.500000
 20
95.232003
 42
0.010016
  0
VERTEX
  8
0
 10
787.937901
 20
95.260811
 42
0.040136
  0
VERTEX
  8
0
 10
788.810938
 20
95.366341
 42
0.421517
  0
VERTEX
  8
0
 10
788.911685
 20
95.522680
 42
0.279395
  0
VERTEX
  8
0
 10
788.750000
 20
95.689326
 42
-0.068007
  0
VERTEX
  8
0
 10
788.081061
 20
95.965404
 42
-0.068913
  0
VERTEX
  8
0
 10
787.514063
 20
96.409857
 42
-0.075394
  0
VERTEX
  8
0
 10
787.131277
 20
96.948477
 42
-0.117373
  0
VERTEX
  8
0
 10
787.000000
 20
97.500000
 42
-0.117373
  0
VERTEX
  8
0
 10
787.131277
 20
98.051523
 42
-0.075394
  0
VERTEX
  8
0
 10
787.514063
 20
98.590143
 42
-0.068913
  0
VERTEX
  8
0
 10
788.081061
 20
99.034596
 42
-0.068007
  0
VERTEX
  8
0
 10
788.750000
 20
99.310674
 42
0.279395
  0
VERTEX
  8
0
 10
788.911685
 20
99.477320
 42
0.421517
  0
VERTEX
  8
0
 10
788.810938
 20
99.633659
 42
0.040136
  0
VERTEX
  8
0
 10
787.937901
 20
99.739189
 42
0.010016
  0
VERTEX
  8
0
 10
786.500000
 20
99.767997
 42
0.010016
  0
VERTEX
  8
0
 10
785.062099
 20
99.739189
 42
0.040136
  0
VERTEX
  8
0
 10
784.189062
 20
99.633659
 42
0.421517
  0
VERTEX
  8
0
 10
784.088315
 20
99.477320
 42
0.279395
  0
SEQEND
  0
POLYLINE
  8
0
 66
1
 70
1
  0
VERTEX
  8
0
 10
17.481569
 20
94.970177
 42
0.095249
  0
VERTEX
  8
0
 10
17.286560
 20
94.457773
 42
0.077253
  0
VERTEX
  8
0
 10
17.275060
 20
93.868890
 42
0.076026
  0
VERTEX
  8
0
 10
17.443944
 20
93.295499
 42
0.087019
  0
VERTEX
  8
0
 10
17.771797
 20
92.828203
 42
0.165691
  0
VERTEX
  8
0
 10
19.177624
 20
92.136932
 42
0.082785
  0
VERTEX
  8
0
 10
21.181947
 20
92.210303
 42
0.091303
  0
VERTEX
  8
0
 10
22.897388
 20
92.903208
 42
0.256624
  0
VERTEX
  8
0
 10
23.500000
 20
94.000000
 42
0.276098
  0
VERTEX
  8
0
 10
22.829651
 20
95.121426
 42
0.083549
  0
VERTEX
  8
0
 10
20.873130
 20
95.784022
 42
0.078867
  0
VERTEX
  8
0
 10
18.715224
 20
95.789239
 42
0.218960
  0
SEQEND
  0
POLYLINE
  8
0
 66
1
 70
1
  0
VERTEX
  8
0
 10
23.000000
 20
94.000000
 42
-0.226478
  0
VERTEX
  8
0
 10
22.817169
 20
93.617064
 42
-0.074992
  0
VERTEX
  8
0
 10
22.265625
 20
93.293750
 42
-0.057076
  0
VERTEX
  8
0
 10
21.457356
 20
93.073116
 42
-0.038131
  0
VERTEX
  8
0
 10
20.500000
 20
93.000000
 42
-0.038131
  0
VERTEX
  8
0
 10
19.542644
 20
93.073116
 42
-0.057076
  0
VERTEX
  8
0
 10
18.734375
 20
93.293750
 42
-0.074992
  0
VERTEX
  8
0
 10
18.182831
 20
93.617064
 42
-0.226478
  0
VERTEX
  8
0
 10
18.000000
 20
94.000000
 42
-0.226478
  0
VERTEX
  8
0
 10
18.182831
 20
94.382936
 42
-0.074992
  0
VERTEX
  8
0
 10
18.734375
 20
94.706250
 42
-0.057076
  0
VERTEX
  8
0
 10
19.542644
 20
94.926884
 42
-0.038131
  0
VERTEX
  8
0
 10
20.500000
 20
95.000000
 42
-0.038131
  0
VERTEX
  8
0
 10
21.457356
 20
94.926884
 42
-0.057076
  0
VERTEX
  8
0
 10
22.265625
 20
94.706250
 42
-0.074992
  0
VERTEX
  8
0
 10
22.817169
 20
94.382936
 42
-0.226478
  0
SEQEND
  0
POLYLINE
  8
0
 66
1
 70
1
  0
VERTEX
  8
0
 10
783.500000
 20
92.166667
 42
0.115276
  0
VERTEX
  8
0
 10
783.306743
 20
91.855562
 42
0.028815
  0
VERTEX
  8
0
 10
783.146875
 20
91.275000
 42
0.027899
  0
VERTEX
  8
0
 10
783.036781
 20
90.571845
 42
0.024887
  0
VERTEX
  8
0
 10
783.000000
 20
89.833333
 42
0.108868
  0
VERTEX
  8
0
 10
783.198567
 20
88.932175
 42
0.178765
  0
VERTEX
  8
0
 10
783.745545
 20
88.387551
 42
0.096068
  0
VERTEX
  8
0
 10
784.803447
 20
88.131017
 42
0.019321
  0
VERTEX
  8
0
 10
786.750000
 20
88.116001
 42
0.011830
  0
VERTEX
  8
0
 10
788.093515
 20
88.189408
 42
0.050275
  0
VERTEX
  8
0
 10
788.884375
 20
88.332266
 42
0.459031
  0
VERTEX
  8
0
 10
788.965403
 20
88.508506
 42
0.225051
  0
VERTEX
  8
0
 10
788.750000
 20
88.689326
 42
-0.080848
  0
VERTEX
  8
0
 10
787.518298
 20
89.234879
 42
-0.238612
  0
VERTEX
  8
0
 10
787.068402
 20
90.013341
 42
-0.214554
  0
VERTEX
  8
0
 10
787.411255
 20
90.904872
 42
-0.067794
  0
VERTEX
  8
0
 10
788.577875
 20
91.783643
 42
0.056843
  0
VERTEX
  8
0
 10
789.162855
 20
92.204603
 42
0.505516
  0
VERTEX
  8
0
 10
789.135200
 20
92.473106
 42
0.123378
  0
VERTEX
  8
0
 10
788.583086
 20
92.635786
 42
0.010257
  0
VERTEX
  8
0
 10
787.077875
 20
92.666667
 42
0.015031
  0
VERTEX
  8
0
 10
785.862643
 20
92.630125
 42
0.019685
  0
VERTEX
  8
0
 10
784.757251
 20
92.519792
 42
0.017570
  0
VERTEX
  8
0
 10
783.860087
 20
92.362104
 42
0.145074
  0
SEQEND
  0
POLYLINE
  8
0
 66
1
 70
1
  0
VERTEX
  8
0
 10
786.000000
 20
90.500000
 42
-0.064853
  0
VERTEX
  8
0
 10
785.925306
 20
89.926543
 42
-0.082425
  0
VERTEX
  8
0
 10
785.706250
 20
89.440625
 42
-0.098894
  0
VERTEX
  8
0
 10
785.381354
 20
89.115568
 42
-0.148195
  0
VERTEX
  8
0
 10
785.000000
 20
89.000000
 42
-0.148195
  0
VERTEX
  8
0
 10
784.618646
 20
89.115568
 42
-0.098894
  0
VERTEX
  8
0
 10
784.293750
 20
89.440625
 42
-0.082425
  0
VERTEX
  8
0
 10
784.074694
 20
89.926543
 42
-0.064853
  0
VERTEX
  8
0
 10
784.000000
 20
90.500000
 42
-0.064853
  0
VERTEX
  8
0
 10
784.074694
 20
91.073457
 42
-0.082425
  0
VERTEX
  8
0
 10
784.293750
 20
91.559375
 42
-0.098894
  0
VERTEX
  8
0
 10
784.618646
 20
91.884432
 42
-0.148195
  0
VERTEX
  8
0
 10
785.000000
 20
92.000000
 42
-0.148195
  0
VERTEX
  8
0
 10
785.381354
 20
91.884432
 42
-0.098894
  0
VERTEX
  8
0
 10
785.706250
 20
91.559375
 42
-0.082425
  0
VERTEX
  8
0
 10
785.925306
 20
91.073457
 42
-0.064853
  0
SEQEND
  0
POLYLINE
  8
0
 66
1
 70
1
  0
VERTEX
  8
0
 10
17.078947
 20
89.416667
 42
0.018894
  0
VERTEX
  8
0
 10
17.137993
 20
88.670344
 42
0.168741
  0
VERTEX
  8
0
 10
17.279315
 20
88.378580
 42
0.470617
  0
VERTEX
  8
0
 10
17.461564
 20
88.395823
 42
0.054073
  0
VERTEX
  8
0
 10
17.683114
 20
88.812500
 42
0.051402
  0
VERTEX
  8
0
 10
17.839148
 20
89.359369
 42
0.054150
  0
VERTEX
  8
0
 10
17.876576
 20
89.916927
 42
0.060344
  0
VERTEX
  8
0
 10
17.797407
 20
90.402231
 42
0.126455
  0
VERTEX
  8
0
 10
17.604167
 20
90.729167
 42
0.296942
  0
VERTEX
  8
0
 10
17.385309
 20
90.775380
 42
0.208169
  0
VERTEX
  8
0
 10
17.200665
 20
90.592839
 42
0.077125
  0
VERTEX
  8
0
 10
17.089945
 20
90.112848
 42
0.028489
  0
SEQEND
  0
POLYLINE
  8
0
 66
1
 70
1
  0
VERTEX
  8
0
 10
19.557637
 20
90.093259
 42
0.268627
  0
VERTEX
  8
0
 10
19.549390
 20
89.806106
 42
0.220188
  0
VERTEX
  8
0
 10
19.799309
 20
89.619570
 42
0.085012
  0
VERTEX
  8
0
 10
20.370682
 20
89.597784
 42
0.031078
  0
VERTEX
  8
0
 10
21.167290
 20
89.753998
 42
-0.023558
  0
VERTEX
  8
0
 10
22.330888
 20
90.000393
 42
-0.231897
  0
VERTEX
  8
0
 10
22.796805
 20
89.859236
 42
-0.271775
  0
VERTEX
  8
0
 10
22.926093
 20
89.426221
 42
-0.030861
  0
VERTEX
  8
0
 10
22.609425
 20
88.410740
 42
0.009058
  0
VERTEX
  8
0
 10
22.258708
 20
87.437485
 42
0.219347
  0
VERTEX
  8
0
 10
22.287961
 20
87.157502
 42
0.466056
  0
VERTEX
  8
0
 10
22.473352
 20
87.127092
 42
0.017945
  0
VERTEX
  8
0
 10
23.053622
 20
87.662868
 42
0.071122
  0
VERTEX
  8
0
 10
23.451245
 20
88.188799
 42
0.071769
  0
VERTEX
  8
0
 10
23.684061
 20
88.803488
 42
0.078057
  0
VERTEX
  8
0
 10
23.722299
 20
89.409959
 42
0.115698
  0
VERTEX
  8
0
 10
23.553851
 20
89.912868
 42
0.140539
  0
VERTEX
  8
0
 10
22.733618
 20
90.658772
 42
0.103774
  0
VERTEX
  8
0
 10
21.539137
 20
90.966214
 42
0.107309
  0
VERTEX
  8
0
 10
20.354810
 20
90.764512
 42
0.160028
  0
SEQEND
  0
POLYLINE
  8
0
 66
1
 70
1
  0
VERTEX
  8
0
 10
783.599134
 20
85.265801
 42
0.137770
  0
VERTEX
  8
0
 10
782.919518
 20
84.055308
 42
0.249084
  0
VERTEX
  8
0
 10
783.193913
 20
82.982778
 42
0.153081
  0
VERTEX
  8
0
 10
784.471989
 20
82.236859
 42
0.056181
  0
VERTEX
  8
0
 10
786.573324
 20
82.000000
 42
0.019159
  0
VERTEX
  8
0
 10
788.409271
 20
82.070376
 42
0.103782
  0
VERTEX
  8
0
 10
789.361297
 20
82.347696
 42
0.207892
  0
VERTEX
  8
0
 10
789.783688
 20
82.880217
 42
0.113201
  0
VERTEX
  8
0
 10
789.813584
 20
83.729463
 42
0.219909
  0
VERTEX
  8
0
 10
789.018664
 20
84.835483
 42
0.068187
  0
VERTEX
  8
0
 10
787.067057
 20
85.611643
 42
0.067244
  0
VERTEX
  8
0
 10
784.940967
 20
85.842321
 42
0.192110
  0
SEQEND
  0
POLYLINE
  8
0
 66
1
 70
1
  0
VERTEX
  8
0
 10
786.000000
 20
84.000000
 42
-0.099038
  0
VERTEX
  8
0
 10
785.923658
 20
83.618362
 42
-0.097945
  0
VERTEX
  8
0
 10
785.706250
 20
83.293750
 42
-0.097945
  0
VERTEX
  8
0
 10
785.381638
 20
83.076342
 42
-0.099038
  0
VERTEX
  8
0
 10
785.000000
 20
83.000000
 42
-0.099038
  0
VERTEX
  8
0
 10
784.618362
 20
83.076342
 42
-0.097945
  0
VERTEX
  8
0
 10
784.293750
 20
83.293750
 42
-0.097945
  0
VERTEX
  8
0
 10
784.076342
 20
83.618362
 42
-0.099038
  0
VERTEX
  8
0
 10
784.000000
 20
84.000000
 42
-0.099038
  0
VERTEX
  8
0
 10
784.076342
 20
84.381638
 42
-0.097945
  0
VERTEX
  8
0
 10
784.293750
 20
84.706250
 42
-0.097945
  0
VERTEX
  8
0
 10
784.618362
 20
84.923658
 42
-0.099038
  0
VERTEX
  8
0
 10
785.000000
 20
85.000000
 42
-0.099038
  0
VERTEX
  8
0
 10
785.381638
 20
84.923658
 42
-0.097945
  0
VERTEX
  8
0
 10
785.706250
 20
84.706250
 42
-0.097945
  0
VERTEX
  8
0
 10
785.923658
 20
84.381638
 42
-0.099038
  0
SEQEND
  0
POLYLINE
  8
0
 66
1
 70
1
  0
VERTEX
  8
0
 10
789.000000
 20
84.000000
 42
-0.099038
  0
VERTEX
  8
0
 10
788.923658
 20
83.618362
 42
-0.097945
  0
VERTEX
  8
0
 10
788.706250
 20
83.293750
 42
-0.097945
  0
VERTEX
  8
0
 10
788.381638
 20
83.076342
 42
-0.099038
  0
VERTEX
  8
0
 10
788.000000
 20
83.000000
 42
-0.099038
  0
VERTEX
  8
0
 10
787.618362
 20
83.076342
 42
-0.097945
  0
VERTEX
  8
0
 10
787.293750
 20
83.293750
 42
-0.097945
  0
VERTEX
  8
0
 10
787.076342
 20
83.618362
 42
-0.099038
  0
VERTEX
  8
0
 10
787.000000
 20
84.000000
 42
-0.099038
  0
VERTEX
  8
0
 10
787.076342
 20
84.381638
 42
-0.097945
  0
VERTEX
  8
0
 10
787.293750
 20
84.706250
 42
-0.097945
  0
VERTEX
  8
0
 10
787.618362
 20
84.923658
 42
-0.099038
  0
VERTEX
  8
0
 10
788.000000
 20
85.000000
 42
-0.099038
  0
VERTEX
  8
0
 10
788.381638
 20
84.923658
 42
-0.097945
  0
VERTEX
  8
0
 10
788.706250
 20
84.706250
 42
-0.097945
  0
VERTEX
  8
0
 10
788.923658
 20
84.381638
 42
-0.099038
  0
SEQEND
  0
POLYLINE
  8
0
 66
1
 70
1
  0
VERTEX
  8
0
 10
17.157895
 20
81.000000
 42
0.017491
  0
VERTEX
  8
0
 10
17.189089
 20
80.108560
 42
0.078554
  0
VERTEX
  8
0
 10
17.306058
 20
79.601562
 42
0.447206
  0
VERTEX
  8
0
 10
17.474999
 20
79.540618
 42
0.174857
  0
VERTEX
  8
0
 10
17.662281
 20
79.750000
 42
0.057986
  0
VERTEX
  8
0
 10
17.818615
 20
80.320008
 42
0.037979
  0
VERTEX
  8
0
 10
17.870340
 20
81.000000
 42
0.037979
  0
VERTEX
  8
0
 10
17.818615
 20
81.679992
 42
0.057986
  0
VERTEX
  8
0
 10
17.662281
 20
82.250000
 42
0.174857
  0
VERTEX
  8
0
 10
17.474999
 20
82.459382
 42
0.447206
  0
VERTEX
  8
0
 10
17.306058
 20
82.398438
 42
0.078554
  0
VERTEX
  8
0
 10
17.189089
 20
81.891440
 42
0.017491
  0
SEQEND
  0
POLYLINE
  8
0
 66
1
 70
1
  0
VERTEX
  8
0
 10
20.000000
 20
81.000000
 42
0.040566
  0
VERTEX
  8
0
 10
20.684071
 20
80.632796
 42
0.028934
  0
VERTEX
  8
0
 10
21.500000
 20
80.331527
 42
0.029384
  0
VERTEX
  8
0
 10
22.317134
 20
80.134067
 42
0.053798
  0
VERTEX
  8
0
 10
23.000000
 20
80.085598
 42
0.051935
  0
VERTEX
  8
0
 10
23.535375
 20
80.161267
 42
0.491407
  0
VERTEX
  8
0
 10
23.615423
 20
80.343886
 42
0.152377
  0
VERTEX
  8
0
 10
23.341871
 20
80.608071
 42
0.014925
  0
VERTEX
  8
0
 10
22.500000
 20
81.000000
 42
0.019739
  0
VERTEX
  8
0
 10
20.686554
 20
81.695838
 42
0.081911
  0
VERTEX
  8
0
 10
19.533606
 20
81.885992
 42
0.608383
  0
VERTEX
  8
0
 10
19.381869
 20
81.592871
 42
0.095694
  0
SEQEND
  0
POLYLINE
  8
0
 66
1
 70
1
  0
VERTEX
  8
0
 10
17.461975
 20
76.938474
 42
0.159639
  0
VERTEX
  8
0
 10
17.196665
 20
75.839906
 42
0.208996
  0
VERTEX
  8
0
 10
17.678897
 20
74.939502
 42
0.130588
  0
VERTEX
  8
0
 10
18.934001
 20
74.397973
 42
0.056143
  0
VERTEX
  8
0
 10
20.770992
 20
74.332812
 42
0.044599
  0
VERTEX
  8
0
 10
21.875886
 20
74.517759
 42
0.073486
  0
VERTEX
  8
0
 10
22.745899
 20
74.887337
 42
0.097360
  0
VERTEX
  8
0
 10
23.302490
 20
75.398127
 42
0.159885
  0
VERTEX
  8
0
 10
23.500000
 20
76.000000
 42
0.290762
  0
VERTEX
  8
0
 10
22.844266
 20
77.032280
 42
0.071311
  0
VERTEX
  8
0
 10
20.828621
 20
77.648233
 42
0.068051
  0
VERTEX
  8
0
 10
18.638539
 20
77.688318
 42
0.228778
  0
SEQEND
  0
POLYLINE
  8
0
 66
1
 70
1
  0
VERTEX
  8
0
 10
20.000000
 20
76.000000
 42
-0.099038
  0
VERTEX
  8
0
 10
19.923658
 20
75.618362
 42
-0.097945
  0
VERTEX
  8
0
 10
19.706250
 20
75.293750
 42
-0.097945
  0
VERTEX
  8
0
 10
19.381638
 20
75.076342
 42
-0.099038
  0
VERTEX
  8
0
 10
19.000000
 20
75.000000
 42
-0.099038
  0
VERTEX
  8
0
 10
18.618362
 20
75.076342
 42
-0.097945
  0
VERTEX
  8
0
 10
18.293750
 20
75.293750
 42
-0.097945
  0
VERTEX
  8
0
 10
18.076342
 20
75.618362
 42
-0.099038
  0
VERTEX
  8
0
 10
18.000000
 20
76.000000
 42
-0.099038
  0
VERTEX
  8
0
 10
18.076342
 20
76.381638
 42
-0.097945
  0
VERTEX
  8
0
 10
18.293750
 20
76.706250
 42
-0.097945
  0
VERTEX
  8
0
 10
18.618362
 20
76.923658
 42
-0.099038
  0
VERTEX
  8
0
 10
19.000000
 20
77.000000
 42
-0.099038
  0
VERTEX
  8
0
 10
19.381638
 20
76.923658
 42
-0.097945
  0
VERTEX
  8
0
 10
19.706250
 20
76.706250
 42
-0.097945
  0
VERTEX
  8
0
 10
19.923658
 20
76.381638
 42
-0.099038
  0
SEQEND
  0
POLYLINE
  8
0
 66
1
 70
1
  0
VERTEX
  8
0
 10
23.000000
 20
76.000000
 42
-0.099038
  0
VERTEX
  8
0
 10
22.923658
 20
75.618362
 42
-0.097945
  0
VERTEX
  8
0
 10
22.706250
 20
75.293750
 42
-0.097945
  0
VERTEX
  8
0
 10
22.381638
 20
75.076342
 42
-0.099038
  0
VERTEX
  8
0
 10
22.000000
 20
75.000000
 42
-0.099038
  0
VERTEX
  8
0
 10
21.618362
 20
75.076342
 42
-0.097945
  0
VERTEX
  8
0
 10
21.293750
 20
75.293750
 42
-0.097945
  0
VERTEX
  8
0
 10
21.076342
 20
75.618362
 42
-0.099038
  0
VERTEX
  8
0
 10
21.000000
 20
76.000000
 42
-0.099038
  0
VERTEX
  8
0
 10
21.076342
 20
76.381638
 42
-0.097945
  0
VERTEX
  8
0
 10
21.293750
 20
76.706250
 42
-0.097945
  0
VERTEX
  8
0
 10
21.618362
 20
76.923658
 42
-0.099038
  0
VERTEX
  8
0
 10
22.000000
 20
77.000000
 42
-0.099038
  0
VERTEX
  8
0
 10
22.381638
 20
76.923658
 42
-0.097945
  0
VERTEX
  8
0
 10
22.706250
 20
76.706250
 42
-0.097945
  0
VERTEX
  8
0
 10
22.923658
 20
76.381638
 42
-0.099038
  0
SEQEND
  0
POLYLINE
  8
0
 66
1
 70
1
  0
VERTEX
  8
0
 10
18.250000
 20
69.310674
 42
-0.068007
  0
VERTEX
  8
0
 10
18.918939
 20
69.034596
 42
-0.068913
  0
VERTEX
  8
0
 10
19.485937
 20
68.590143
 42
-0.075394
  0
VERTEX
  8
0
 10
19.868723
 20
68.051523
 42
-0.117373
  0
VERTEX
  8
0
 10
20.000000
 20
67.500000
 42
-0.117373
  0
VERTEX
  8
0
 10
19.868723
 20
66.948477
 42
-0.075394
  0
VERTEX
  8
0
 10
19.485937
 20
66.409857
 42
-0.068913
  0
VERTEX
  8
0
 10
18.918939
 20
65.965404
 42
-0.068007
  0
VERTEX
  8
0
 10
18.250000
 20
65.689326
 42
0.279395
  0
VERTEX
  8
0
 10
18.088315
 20
65.522680
 42
0.421517
  0
VERTEX
  8
0
 10
18.189063
 20
65.366341
 42
0.040136
  0
VERTEX
  8
0
 10
19.062099
 20
65.260811
 42
0.010016
  0
VERTEX
  8
0
 10
20.500000
 20
65.232003
 42
0.010016
  0
VERTEX
  8
0
 10
21.937901
 20
65.260811
 42
0.040136
  0
VERTEX
  8
0
 10
22.810937
 20
65.366341
 42
0.421517
  0
VERTEX
  8
0
 10
22.911685
 20
65.522680
 42
0.279395
  0
VERTEX
  8
0
 10
22.750000
 20
65.689326
 42
-0.068007
  0
VERTEX
  8
0
 10
22.081061
 20
65.965404
 42
-0.068913
  0
VERTEX
  8
0
 10
21.514063
 20
66.409857
 42
-0.075394
  0
VERTEX
  8
0
 10
21.131277
 20
66.948477
 42
-0.117373
  0
VERTEX
  8
0
 10
21.000000
 20
67.500000
 42
-0.117373
  0
VERTEX
  8
0
 10
21.131277
 20
68.051523
 42
-0.075394
  0
VERTEX
  8
0
 10
21.514063
 20
68.590143
 42
-0.068913
  0
VERTEX
  8
0
 10
22.081061
 20
69.034596
 42
-0.068007
  0
VERTEX
  8
0
 10
22.750000
 20
69.310674
 42
0.279395
  0
VERTEX
  8
0
 10
22.911685
 20
69.477320
 42
0.421517
  0
VERTEX
  8
0
 10
22.810937
 20
69.633659
 42
0.040136
  0
VERTEX
  8
0
 10
21.937901
 20
69.739189
 42
0.010016
  0
VERTEX
  8
0
 10
20.500000
 20
69.767997
 42
0.010016
  0
VERTEX
  8
0
 10
19.062099
 20
69.739189
 42
0.040136
  0
VERTEX
  8
0
 10
18.189063
 20
69.633659
 42
0.421517
  0
VERTEX
  8
0
 10
18.088315
 20
69.477320
 42
0.279395
  0
SEQEND
  0
POLYLINE
  8
0
 66
1
 70
1
  0
VERTEX
  8
0
 10
17.500000
 20
62.166667
 42
0.115276
  0
VERTEX
  8
0
 10
17.306743
 20
61.855562
 42
0.028815
  0
VERTEX
  8
0
 10
17.146875
 20
61.275000
 42
0.027899
  0
VERTEX
  8
0
 10
17.036781
 20
60.571845
 42
0.024887
  0
VERTEX
  8
0
 10
17.000000
 20
59.833333
 42
0.108868
  0
VERTEX
  8
0
 10
17.198567
 20
58.932175
 42
0.178765
  0
VERTEX
  8
0
 10
17.745545
 20
58.387551
 42
0.096068
  0
VERTEX
  8
0
 10
18.803447
 20
58.131017
 42
0.019321
  0
VERTEX
  8
0
 10
20.750000
 20
58.116001
 42
0.011830
  0
VERTEX
  8
0
 10
22.093515
 20
58.189408
 42
0.050275
  0
VERTEX
  8
0
 10
22.884375
 20
58.332266
 42
0.459031
  0
VERTEX
  8
0
 10
22.965403
 20
58.508506
 42
0.225051
  0
VERTEX
  8
0
 10
22.750000
 20
58.689326
 42
-0.080848
  0
VERTEX
  8
0
 10
21.518298
 20
59.234879
 42
-0.238612
  0
VERTEX
  8
0
 10
21.068402
 20
60.013341
 42
-0.214554
  0
VERTEX
  8
0
 10
21.411255
 20
60.904872
 42
-0.067794
  0
VERTEX
  8
0
 10
22.577875
 20
61.783643
 42
0.056843
  0
VERTEX
  8
0
 10
23.162855
 20
62.204603
 42
0.505516
  0
VERTEX
  8
0
 10
23.135200
 20
62.473106
 42
0.123378
  0
VERTEX
  8
0
 10
22.583086
 20
62.635786
 42
0.010257
  0
VERTEX
  8
0
 10
21.077875
 20
62.666667
 42
0.015031
  0
VERTEX
  8
0
 10
19.862643
 20
62.630125
 42
0.019685
  0
VERTEX
  8
0
 10
18.757251
 20
62.519792
 42
0.017570
  0
VERTEX
  8
0
 10
17.860087
 20
62.362104
 42
0.145074
  0
SEQEND
  0
POLYLINE
  8
0
 66
1
 70
1
  0
VERTEX
  8
0
 10
20.000000
 20
60.500000
 42
-0.064853
  0
VERTEX
  8
0
 10
19.925306
 20
59.926543
 42
-0.082425
  0
VERTEX
  8
0
 10
19.706250
 20
59.440625
 42
-0.098894
  0
VERTEX
  8
0
 10
19.381354
 20
59.115568
 42
-0.148195
  0
VERTEX
  8
0
 10
19.000000
 20
59.000000
 42
-0.148195
  0
VERTEX
  8
0
 10
18.618646
 20
59.115568
 42
-0.098894
  0
VERTEX
  8
0
 10
18.293750
 20
59.440625
 42
-0.082425
  0
VERTEX
  8
0
 10
18.074694
 20
59.926543
 42
-0.064853
  0
VERTEX
  8
0
 10
18.000000
 20
60.500000
 42
-0.064853
  0
VERTEX
  8
0
 10
18.074694
 20
61.073457
 42
-0.082425
  0
VERTEX
  8
0
 10
18.293750
 20
61.559375
 42
-0.098894
  0
VERTEX
  8
0
 10
18.618646
 20
61.884432
 42
-0.148195
  0
VERTEX
  8
0
 10
19.000000
 20
62.000000
 42
-0.148195
  0
VERTEX
  8
0
 10
19.381354
 20
61.884432
 42
-0.098894
  0
VERTEX
  8
0
 10
19.706250
 20
61.559375
 42
-0.082425
  0
VERTEX
  8
0
 10
19.925306
 20
61.073457
 42
-0.064853
  0
SEQEND
  0
POLYLINE
  8
0
 66
1
 70
1
  0
VERTEX
  8
0
 10
17.599134
 20
55.265801
 42
0.137770
  0
VERTEX
  8
0
 10
16.919518
 20
54.055308
 42
0.249084
  0
VERTEX
  8
0
 10
17.193913
 20
52.982778
 42
0.153081
  0
VERTEX
  8
0
 10
18.471989
 20
52.236859
 42
0.056181
  0
VERTEX
  8
0
 10
20.573324
 20
52.000000
 42
0.019159
  0
VERTEX
  8
0
 10
22.409271
 20
52.070376
 42
0.103782
  0
VERTEX
  8
0
 10
23.361297
 20
52.347696
 42
0.207892
  0
VERTEX
  8
0
 10
23.783688
 20
52.880217
 42
0.113201
  0
VERTEX
  8
0
 10
23.813584
 20
53.729463
 42
0.219909
  0
VERTEX
  8
0
 10
23.018664
 20
54.835483
 42
0.068187
  0
VERTEX
  8
0
 10
21.067057
 20
55.611643
 42
0.067244
  0
VERTEX
  8
0
 10
18.940967
 20
55.842321
 42
0.192110
  0
SEQEND
  0
POLYLINE
  8
0
 66
1
 70
1
  0
VERTEX
  8
0
 10
20.000000
 20
54.000000
 42
-0.099038
  0
VERTEX
  8
0
 10
19.923658
 20
53.618362
 42
-0.097945
  0
VERTEX
  8
0
 10
19.706250
 20
53.293750
 42
-0.097945
  0
VERTEX
  8
0
 10
19.381638
 20
53.076342
 42
-0.099038
  0
VERTEX
  8
0
 10
19.000000
 20
53.000000
 42
-0.099038
  0
VERTEX
  8
0
 10
18.618362
 20
53.076342
 42
-0.097945
  0
VERTEX
  8
0
 10
18.293750
 20
53.293750
 42
-0.097945
  0
VERTEX
  8
0
 10
18.076342
 20
53.618362
 42
-0.099038
  0
VERTEX
  8
0
 10
18.000000
 20
54.000000
 42
-0.099038
  0
VERTEX
  8
0
 10
18.076342
 20
54.381638
 42
-0.097945
  0
VERTEX
  8
0
 10
18.293750
 20
54.706250
 42
-0.097945
  0
VERTEX
  8
0
 10
18.618362
 20
54.923658
 42
-0.099038
  0
VERTEX
  8
0
 10
19.000000
 20
55.000000
 42
-0.099038
  0
VERTEX
  8
0
 10
19.381638
 20
54.923658
 42
-0.097945
  0
VERTEX
  8
0
 10
19.706250
 20
54.706250
 42
-0.097945
  0
VERTEX
  8
0
 10
19.923658
 20
54.381638
 42
-0.099038
  0
SEQEND
  0
POLYLINE
  8
0
 66
1
 70
1
  0
VERTEX
  8
0
 10
23.000000
 20
54.000000
 42
-0.099038
  0
VERTEX
  8
0
 10
22.923658
 20
53.618362
 42
-0.097945
  0
VERTEX
  8
0
 10
22.706250
 20
53.293750
 42
-0.097945
  0
VERTEX
  8
0
 10
22.381638
 20
53.076342
 42
-0.099038
  0
VERTEX
  8
0
 10
22.000000
 20
53.000000
 42
-0.099038
  0
VERTEX
  8
0
 10
21.618362
 20
53.076342
 42
-0.097945
  0
VERTEX
  8
0
 10
21.293750
 20
53.293750
 42
-0.097945
  0
VERTEX
  8
0
 10
21.076342
 20
53.618362
 42
-0.099038
  0
VERTEX
  8
0
 10
21.000000
 20
54.000000
 42
-0.099038
  0
VERTEX
  8
0
 10
21.076342
 20
54.381638
 42
-0.097945
  0
VERTEX
  8
0
 10
21.293750
 20
54.706250
 42
-0.097945
  0
VERTEX
  8
0
 10
21.618362
 20
54.923658
 42
-0.099038
  0
VERTEX
  8
0
 10
22.000000
 20
55.000000
 42
-0.099038
  0
VERTEX
  8
0
 10
22.381638
 20
54.923658
 42
-0.097945
  0
VERTEX
  8
0
 10
22.706250
 20
54.706250
 42
-0.097945
  0
VERTEX
  8
0
 10
22.923658
 20
54.381638
 42
-0.099038
  0
SEQEND
  0
POLYLINE
  8
0
 66
1
 70
1
  0
VERTEX
  8
0
 10
99.250000
 20
11.310674
 42
-0.042954
  0
VERTEX
  8
0
 10
99.919656
 20
11.072686
 42
-0.053930
  0
VERTEX
  8
0
 10
100.485938
 20
10.737018
 42
-0.063987
  0
VERTEX
  8
0
 10
100.874169
 20
10.360086
 42
-0.169692
  0
VERTEX
  8
0
 10
101.000000
 20
10.000000
 42
-0.169692
  0
VERTEX
  8
0
 10
100.874169
 20
9.639914
 42
-0.063987
  0
VERTEX
  8
0
 10
100.485938
 20
9.262982
 42
-0.053930
  0
VERTEX
  8
0
 10
99.919656
 20
8.927314
 42
-0.042954
  0
VERTEX
  8
0
 10
99.250000
 20
8.689326
 42
0.011590
  0
VERTEX
  8
0
 10
98.411700
 20
8.449367
 42
0.541772
  0
VERTEX
  8
0
 10
98.371220
 20
8.306344
 42
0.197309
  0
VERTEX
  8
0
 10
98.607705
 20
8.187999
 42
0.005718
  0
VERTEX
  8
0
 10
99.750000
 20
8.116001
 42
0.052892
  0
VERTEX
  8
0
 10
100.797666
 20
8.172814
 42
0.135122
  0
VERTEX
  8
0
 10
101.483250
 20
8.485975
 42
0.149531
  0
VERTEX
  8
0
 10
101.870529
 20
9.081183
 42
0.070109
  0
VERTEX
  8
0
 10
102.000000
 20
10.000000
 42
0.070109
  0
VERTEX
  8
0
 10
101.870529
 20
10.918817
 42
0.149531
  0
VERTEX
  8
0
 10
101.483250
 20
11.514025
 42
0.135122
  0
VERTEX
  8
0
 10
100.797666
 20
11.827186
 42
0.052892
  0
VERTEX
  8
0
 10
99.750000
 20
11.883999
 42
0.005718
  0
VERTEX
  8
0
 10
98.607705
 20
11.812001
 42
0.197309
  0
VERTEX
  8
0
 10
98.371220
 20
11.693656
 42
0.541772
  0
VERTEX
  8
0
 10
98.411700
 20
11.550633
 42
0.011590
  0
SEQEND
  0
POLYLINE
  8
0
 66
1
 70
1
  0
VERTEX
  8
0
 10
104.116001
 20
8.319551
 42
0.011639
  0
VERTEX
  8
0
 10
104.189529
 20
6.950072
 42
0.048371
  0
VERTEX
  8
0
 10
104.332266
 20
6.136056
 42
0.443513
  0
VERTEX
  8
0
 10
104.508581
 20
6.047456
 42
0.240996
  0
VERTEX
  8
0
 10
104.689326
 20
6.250000
 42
-0.081312
  0
VERTEX
  8
0
 10
105.241961
 20
7.494593
 42
-0.247215
  0
VERTEX
  8
0
 10
106.026326
 20
7.929165
 42
-0.210953
  0
VERTEX
  8
0
 10
106.931873
 20
7.552080
 42
-0.062632
  0
VERTEX
  8
0
 10
107.842498
 20
6.316956
 42
0.053175
  0
VERTEX
  8
0
 10
108.288093
 20
5.688092
 42
0.547280
  0
VERTEX
  8
0
 10
108.546790
 20
5.728093
 42
0.108517
  0
VERTEX
  8
0
 10
108.671900
 20
6.346264
 42
0.008174
  0
VERTEX
  8
0
 10
108.615365
 20
8.066956
 42
0.028200
  0
VERTEX
  8
0
 10
108.429273
 20
9.823036
 42
0.101739
  0
VERTEX
  8
0
 10
108.029951
 20
10.868861
 42
0.140861
  0
VERTEX
  8
0
 10
107.332591
 20
11.484694
 42
0.075331
  0
VERTEX
  8
0
 10
106.223176
 20
11.819551
 42
0.061003
  0
VERTEX
  8
0
 10
105.006589
 20
11.844984
 42
0.236232
  0
VERTEX
  8
0
 10
104.387848
 20
11.452818
 42
0.128945
  0
VERTEX
  8
0
 10
104.114476
 20
10.521288
 42
0.014835
  0
SEQEND
  0
POLYLINE
  8
0
 66
1
 70
1
  0
VERTEX
  8
0
 10
108.000000
 20
10.000000
 42
-0.148195
  0
VERTEX
  8
0
 10
107.884432
 20
9.618646
 42
-0.098894
  0
VERTEX
  8
0
 10
107.559375
 20
9.293750
 42
-0.082425
  0
VERTEX
  8
0
 10
107.073457
 20
9.074694
 42
-0.064853
  0
VERTEX
  8
0
 10
106.500000
 20
9.000000
 42
-0.064853
  0
VERTEX
  8
0
 10
105.926543
 20
9.074694
 42
-0.082425
  0
VERTEX
  8
0
 10
105.440625
 20
9.293750
 42
-0.098894
  0
VERTEX
  8
0
 10
105.115568
 20
9.618646
 42
-0.148195
  0
VERTEX
  8
0
 10
105.000000
 20
10.000000
 42
-0.148195
  0
VERTEX
  8
0
 10
105.115568
 20
10.381354
 42
-0.098894
  0
VERTEX
  8
0
 10
105.440625
 20
10.706250
 42
-0.082425
  0
VERTEX
  8
0
 10
105.926543
 20
10.925306
 42
-0.064853
  0
VERTEX
  8
0
 10
106.500000
 20
11.000000
 42
-0.064853
  0
VERTEX
  8
0
 10
107.073457
 20
10.925306
 42
-0.082425
  0
VERTEX
  8
0
 10
107.559375
 20
10.706250
 42
-0.098894
  0
VERTEX
  8
0
 10
107.884432
 20
10.381354
 42
-0.148195
  0
SEQEND
  0
POLYLINE
  8
0
 66
1
 70
1
  0
VERTEX
  8
0
 10
111.232003
 20
8.500000
 42
0.010016
  0
VERTEX
  8
0
 10
111.260811
 20
7.062099
 42
0.040136
  0
VERTEX
  8
0
 10
111.366341
 20
6.189062
 42
0.421517
  0
VERTEX
  8
0
 10
111.522680
 20
6.088315
 42
0.279395
  0
VERTEX
  8
0
 10
111.689326
 20
6.250000
 42
-0.068007
  0
VERTEX
  8
0
 10
111.965404
 20
6.918939
 42
-0.068913
  0
VERTEX
  8
0
 10
112.409857
 20
7.485938
 42
-0.075394
  0
VERTEX
  8
0
 10
112.948477
 20
7.868723
 42
-0.117373
  0
VERTEX
  8
0
 10
113.500000
 20
8.000000
 42
-0.117373
  0
VERTEX
  8
0
 10
114.051523
 20
7.868723
 42
-0.075394
  0
VERTEX
  8
0
 10
114.590143
 20
7.485937
 42
-0.068913
  0
VERTEX
  8
0
 10
115.034596
 20
6.918939
 42
-0.068007
  0
VERTEX
  8
0
 10
115.310674
 20
6.250000
 42
0.279395
  0
VERTEX
  8
0
 10
115.477320
 20
6.088315
 42
0.421517
  0
VERTEX
  8
0
 10
115.633659
 20
6.189062
 42
0.040136
  0
VERTEX
  8
0
 10
115.739189
 20
7.062099
 42
0.010016
  0
VERTEX
  8
0
 10
115.767997
 20
8.500000
 42
0.010016
  0
VERTEX
  8
0
 10
115.739189
 20
9.937901
 42
0.040136
  0
VERTEX
  8
0
 10
115.633659
 20
10.810937
 42
0.421517
  0
VERTEX
  8
0
 10
115.477320
 20
10.911685
 42
0.279395
  0
VERTEX
  8
0
 10
115.310674
 20
10.750000
 42
-0.068007
  0
VERTEX
  8
0
 10
115.034596
 20
10.081061
 42
-0.068913
  0
VERTEX
  8
0
 10
114.590143
 20
9.514062
 42
-0.075394
  0
VERTEX
  8
0
 10
114.051523
 20
9.131277
 42
-0.117373
  0
VERTEX
  8
0
 10
113.500000
 20
9.000000
 42
-0.117373
  0
VERTEX
  8
0
 10
112.948477
 20
9.131277
 42
-0.075394
  0
VERTEX
  8
0
 10
112.409857
 20
9.514062
 42
-0.068913
  0
VERTEX
  8
0
 10
111.965404
 20
10.081061
 42
-0.068007
  0
VERTEX
  8
0
 10
111.689326
 20
10.750000
 42
0.279395
  0
VERTEX
  8
0
 10
111.522680
 20
10.911685
 42
0.421517
  0
VERTEX
  8
0
 10
111.366341
 20
10.810937
 42
0.040136
  0
VERTEX
  8
0
 10
111.260811
 20
9.937901
 42
0.010016
  0
SEQEND
  0
POLYLINE
  8
0
 66
1
 70
1
  0
VERTEX
  8
0
 10
121.812500
 20
11.316886
 42
0.051402
  0
VERTEX
  8
0
 10
122.359369
 20
11.160852
 42
0.054150
  0
VERTEX
  8
0
 10
122.916927
 20
11.123424
 42
0.060344
  0
VERTEX
  8
0
 10
123.402231
 20
11.202593
 42
0.126455
  0
VERTEX
  8
0
 10
123.729167
 20
11.395833
 42
0.296942
  0
VERTEX
  8
0
 10
123.775380
 20
11.614691
 42
0.208169
  0
VERTEX
  8
0
 10
123.592839
 20
11.799335
 42
0.077125
  0
VERTEX
  8
0
 10
123.112848
 20
11.910055
 42
0.028489
  0
VERTEX
  8
0
 10
122.416667
 20
11.921053
 42
0.018894
  0
VERTEX
  8
0
 10
121.670344
 20
11.862007
 42
0.168741
  0
VERTEX
  8
0
 10
121.378580
 20
11.720685
 42
0.470617
  0
VERTEX
  8
0
 10
121.395823
 20
11.538436
 42
0.054073
  0
SEQEND
  0
POLYLINE
  8
0
 66
1
 70
1
  0
VERTEX
  8
0
 10
126.000000
 20
11.606989
 42
0.222225
  0
VERTEX
  8
0
 10
126.087111
 20
11.420671
 42
0.030693
  0
VERTEX
  8
0
 10
126.440625
 20
11.160341
 42
0.030395
  0
VERTEX
  8
0
 10
126.925442
 20
10.887494
 42
0.021360
  0
VERTEX
  8
0
 10
127.500000
 20
10.638374
 42
0.055937
  0
VERTEX
  8
0
 10
128.074366
 20
10.488865
 42
0.100118
  0
VERTEX
  8
0
 10
128.559375
 20
10.516384
 42
0.147206
  0
VERTEX
  8
0
 10
128.877514
 20
10.710807
 42
0.184534
  0
VERTEX
  8
0
 10
129.000000
 20
11.031385
 42
0.152681
  0
VERTEX
  8
0
 10
128.884506
 20
11.400789
 42
0.098158
  0
VERTEX
  8
0
 10
128.559375
 20
11.715469
 42
0.080880
  0
VERTEX
  8
0
 10
128.073532
 20
11.927770
 42
0.062722
  0
VERTEX
  8
0
 10
127.500000
 20
12.000000
 42
0.024748
  0
VERTEX
  8
0
 10
126.925176
 20
11.971531
 42
0.039339
  0
VERTEX
  8
0
 10
126.440625
 20
11.884553
 42
0.046727
  0
VERTEX
  8
0
 10
126.096084
 20
11.758929
 42
0.289661
  0
SEQEND
  0
POLYLINE
  8
0
 66
1
 70
1
  0
VERTEX
  8
0
 10
134.000000
 20
10.500000
 42
0.116238
  0
VERTEX
  8
0
 10
134.134550
 20
9.929049
 42
0.101436
  0
VERTEX
  8
0
 10
134.514062
 20
9.445123
 42
0.094034
  0
VERTEX
  8
0
 10
135.081711
 20
9.123084
 42
0.084520
  0
VERTEX
  8
0
 10
135.750000
 20
9.015313
 42
0.015246
  0
VERTEX
  8
0
 10
136.635609
 20
9.050082
 42
0.278496
  0
VERTEX
  8
0
 10
136.857048
 20
9.205828
 42
0.348700
  0
VERTEX
  8
0
 10
136.795767
 20
9.439555
 42
0.019656
  0
VERTEX
  8
0
 10
136.136847
 20
9.894262
 42
-0.022213
  0
VERTEX
  8
0
 10
135.426195
 20
10.390051
 42
-0.233412
  0
VERTEX
  8
0
 10
135.273695
 20
10.698930
 42
-0.275386
  0
VERTEX
  8
0
 10
135.436975
 20
10.972905
 42
-0.029355
  0
VERTEX
  8
0
 10
136.136847
 20
11.300002
 42
0.023718
  0
VERTEX
  8
0
 10
136.709835
 20
11.559972
 42
0.438953
  0
VERTEX
  8
0
 10
136.757373
 20
11.731622
 42
0.232968
  0
VERTEX
  8
0
 10
136.544200
 20
11.864069
 42
0.013273
  0
VERTEX
  8
0
 10
135.750000
 20
11.921053
 42
0.084943
  0
VERTEX
  8
0
 10
135.081752
 20
11.837493
 42
0.097345
  0
VERTEX
  8
0
 10
134.514062
 20
11.536184
 42
0.105533
  0
VERTEX
  8
0
 10
134.134948
 20
11.065902
 42
0.117584
  0
SEQEND
  0
POLYLINE
  8
0
 66
1
 70
1
  0
VERTEX
  8
0
 10
139.000000
 20
11.606989
 42
0.222225
  0
VERTEX
  8
0
 10
139.087111
 20
11.420671
 42
0.030693
  0
VERTEX
  8
0
 10
139.440625
 20
11.160341
 42
0.030395
  0
VERTEX
  8
0
 10
139.925442
 20
10.887494
 42
0.021360
  0
VERTEX
  8
0
 10
140.500000
 20
10.638374
 42
0.055937
  0
VERTEX
  8
0
 10
141.074366
 20
10.488865
 42
0.100118
  0
VERTEX
  8
0
 10
141.559375
 20
10.516384
 42
0.147206
  0
VERTEX
  8
0
 10
141.877514
 20
10.710807
 42
0.184534
  0
VERTEX
  8
0
 10
142.000000
 20
11.031385
 42
0.152681
  0
VERTEX
  8
0
 10
141.884506
 20
11.400789
 42
0.098158
  0
VERTEX
  8
0
 10
141.559375
 20
11.715469
 42
0.080880
  0
VERTEX
  8
0
 10
141.073532
 20
11.927770
 42
0.062722
  0
VERTEX
  8
0
 10
140.500000
 20
12.000000
 42
0.024748
  0
VERTEX
  8
0
 10
139.925176
 20
11.971531
 42
0.039339
  0
VERTEX
  8
0
 10
139.440625
 20
11.884553
 42
0.046727
  0
VERTEX
  8
0
 10
139.096084
 20
11.758929
 42
0.289661
  0
SEQEND
  0
POLYLINE
  8
0
 66
1
 70
1
  0
VERTEX
  8
0
 10
171.250000
 20
11.310674
 42
-0.042954
  0
VERTEX
  8
0
 10
171.919656
 20
11.072686
 42
-0.053930
  0
VERTEX
  8
0
 10
172.485938
 20
10.737018
 42
-0.063987
  0
VERTEX
  8
0
 10
172.874169
 20
10.360086
 42
-0.169692
  0
VERTEX
  8
0
 10
173.000000
 20
10.000000
 42
-0.169692
  0
VERTEX
  8
0
 10
172.874169
 20
9.639914
 42
-0.063987
  0
VERTEX
  8
0
 10
172.485938
 20
9.262982
 42
-0.053930
  0
VERTEX
  8
0
 10
171.919656
 20
8.927314
 42
-0.042954
  0
VERTEX
  8
0
 10
171.250000
 20
8.689326
 42
0.011590
  0
VERTEX
  8
0
 10
170.411700
 20
8.449367
 42
0.541772
  0
VERTEX
  8
0
 10
170.371220
 20
8.306344
 42
0.197309
  0
VERTEX
  8
0
 10
170.607705
 20
8.187999
 42
0.005718
  0
VERTEX
  8
0
 10
171.750000
 20
8.116001
 42
0.052892
  0
VERTEX
  8
0
 10
172.797666
 20
8.172814
 42
0.135122
  0
VERTEX
  8
0
 10
173.483250
 20
8.485975
 42
0.149531
  0
VERTEX
  8
0
 10
173.870529
 20
9.081183
 42
0.070109
  0
VERTEX
  8
0
 10
174.000000
 20
10.000000
 42
0.070109
  0
VERTEX
  8
0
 10
173.870529
 20
10.918817
 42
0.149531
  0
VERTEX
  8
0
 10
173.483250
 20
11.514025
 42
0.135122
  0
VERTEX
  8
0
 10
172.797666
 20
11.827186
 42
0.052892
  0
VERTEX
  8
0
 10
171.750000
 20
11.883999
 42
0.005718
  0
VERTEX
  8
0
 10
170.607705
 20
11.812001
 42
0.197309
  0
VERTEX
  8
0
 10
170.371220
 20
11.693656
 42
0.541772
  0
VERTEX
  8
0
 10
170.411700
 20
11.550633
 42
0.011590
  0
SEQEND
  0
POLYLINE
  8
0
 66
1
 70
1
  0
VERTEX
  8
0
 10
176.116001
 20
8.319551
 42
0.011639
  0
VERTEX
  8
0
 10
176.189529
 20
6.950072
 42
0.048371
  0
VERTEX
  8
0
 10
176.332266
 20
6.136056
 42
0.443513
  0
VERTEX
  8
0
 10
176.508581
 20
6.047456
 42
0.240996
  0
VERTEX
  8
0
 10
176.689326
 20
6.250000
 42
-0.081312
  0
VERTEX
  8
0
 10
177.241961
 20
7.494593
 42
-0.247215
  0
VERTEX
  8
0
 10
178.026326
 20
7.929165
 42
-0.210953
  0
VERTEX
  8
0
 10
178.931873
 20
7.552080
 42
-0.062632
  0
VERTEX
  8
0
 10
179.842498
 20
6.316956
 42
0.053175
  0
VERTEX
  8
0
 10
180.288093
 20
5.688092
 42
0.547280
  0
VERTEX
  8
0
 10
180.546790
 20
5.728093
 42
0.108517
  0
VERTEX
  8
0
 10
180.671900
 20
6.346264
 42
0.008174
  0
VERTEX
  8
0
 10
180.615365
 20
8.066956
 42
0.028200
  0
VERTEX
  8
0
 10
180.429273
 20
9.823036
 42
0.101739
  0
VERTEX
  8
0
 10
180.029951
 20
10.868861
 42
0.140861
  0
VERTEX
  8
0
 10
179.332591
 20
11.484694
 42
0.075331
  0
VERTEX
  8
0
 10
178.223176
 20
11.819551
 42
0.061003
  0
VERTEX
  8
0
 10
177.006589
 20
11.844984
 42
0.236232
  0
VERTEX
  8
0
 10
176.387848
 20
11.452818
 42
0.128945
  0
VERTEX
  8
0
 10
176.114476
 20
10.521288
 42
0.014835
  0
SEQEND
  0
POLYLINE
  8
0
 66
1
 70
1
  0
VERTEX
  8
0
 10
180.000000
 20
10.000000
 42
-0.148195
  0
VERTEX
  8
0
 10
179.884432
 20
9.618646
 42
-0.098894
  0
VERTEX
  8
0
 10
179.559375
 20
9.293750
 42
-0.082425
  0
VERTEX
  8
0
 10
179.073457
 20
9.074694
 42
-0.064853
  0
VERTEX
  8
0
 10
178.500000
 20
9.000000
 42
-0.064853
  0
VERTEX
  8
0
 10
177.926543
 20
9.074694
 42
-0.082425
  0
VERTEX
  8
0
 10
177.440625
 20
9.293750
 42
-0.098894
  0
VERTEX
  8
0
 10
177.115568
 20
9.618646
 42
-0.148195
  0
VERTEX
  8
0
 10
177.000000
 20
10.000000
 42
-0.148195
  0
VERTEX
  8
0
 10
177.115568
 20
10.381354
 42
-0.098894
  0
VERTEX
  8
0
 10
177.440625
 20
10.706250
 42
-0.082425
  0
VERTEX
  8
0
 10
177.926543
 20
10.925306
 42
-0.064853
  0
VERTEX
  8
0
 10
178.500000
 20
11.000000
 42
-0.064853
  0
VERTEX
  8
0
 10
179.073457
 20
10.925306
 42
-0.082425
  0
VERTEX
  8
0
 10
179.559375
 20
10.706250
 42
-0.098894
  0
VERTEX
  8
0
 10
179.884432
 20
10.381354
 42
-0.148195
  0
SEQEND
  0
POLYLINE
  8
0
 66
1
 70
1
  0
VERTEX
  8
0
 10
183.232003
 20
8.500000
 42
0.010016
  0
VERTEX
  8
0
 10
183.260811
 20
7.062099
 42
0.040136
  0
VERTEX
  8
0
 10
183.366341
 20
6.189062
 42
0.421517
  0
VERTEX
  8
0
 10
183.522680
 20
6.088315
 42
0.279395
  0
VERTEX
  8
0
 10
183.689326
 20
6.250000
 42
-0.068007
  0
VERTEX
  8
0
 10
183.965404
 20
6.918939
 42
-0.068913
  0
VERTEX
  8
0
 10
184.409857
 20
7.485938
 42
-0.075394
  0
VERTEX
  8
0
 10
184.948477
 20
7.868723
 42
-0.117373
  0
VERTEX
  8
0
 10
185.500000
 20
8.000000
 42
-0.117373
  0
VERTEX
  8
0
 10
186.051523
 20
7.868723
 42
-0.075394
  0
VERTEX
  8
0
 10
186.590143
 20
7.485937
 42
-0.068913
  0
VERTEX
  8
0
 10
187.034596
 20
6.918939
 42
-0.068007
  0
VERTEX
  8
0
 10
187.310674
 20
6.250000
 42
0.279395
  0
VERTEX
  8
0
 10
187.477320
 20
6.088315
 42
0.421517
  0
VERTEX
  8
0
 10
187.633659
 20
6.189062
 42
0.040136
  0
VERTEX
  8
0
 10
187.739189
 20
7.062099
 42
0.010016
  0
VERTEX
  8
0
 10
187.767997
 20
8.500000
 42
0.010016
  0
VERTEX
  8
0
 10
187.739189
 20
9.937901
 42
0.040136
  0
VERTEX
  8
0
 10
187.633659
 20
10.810937
 42
0.421517
  0
VERTEX
  8
0
 10
187.477320
 20
10.911685
 42
0.279395
  0
VERTEX
  8
0
 10
187.310674
 20
10.750000
 42
-0.068007
  0
VERTEX
  8
0
 10
187.034596
 20
10.081061
 42
-0.068913
  0
VERTEX
  8
0
 10
186.590143
 20
9.514062
 42
-0.075394
  0
VERTEX
  8
0
 10
186.051523
 20
9.131277
 42
-0.117373
  0
VERTEX
  8
0
 10
185.500000
 20
9.000000
 42
-0.117373
  0
VERTEX
  8
0
 10
184.948477
 20
9.131277
 42
-0.075394
  0
VERTEX
  8
0
 10
184.409857
 20
9.514062
 42
-0.068913
  0
VERTEX
  8
0
 10
183.965404
 20
10.081061
 42
-0.068007
  0
VERTEX
  8
0
 10
183.689326
 20
10.750000
 42
0.279395
  0
VERTEX
  8
0
 10
183.522680
 20
10.911685
 42
0.421517
  0
VERTEX
  8
0
 10
183.366341
 20
10.810937
 42
0.040136
  0
VERTEX
  8
0
 10
183.260811
 20
9.937901
 42
0.010016
  0
SEQEND
  0
POLYLINE
  8
0
 66
1
 70
1
  0
VERTEX
  8
0
 10
193.812500
 20
11.316886
 42
0.051402
  0
VERTEX
  8
0
 10
194.359369
 20
11.160852
 42
0.054150
  0
VERTEX
  8
0
 10
194.916927
 20
11.123424
 42
0.060344
  0
VERTEX
  8
0
 10
195.402231
 20
11.202593
 42
0.126455
  0
VERTEX
  8
0
 10
195.729167
 20
11.395833
 42
0.296942
  0
VERTEX
  8
0
 10
195.775380
 20
11.614691
 42
0.208169
  0
VERTEX
  8
0
 10
195.592839
 20
11.799335
 42
0.077125
  0
VERTEX
  8
0
 10
195.112848
 20
11.910055
 42
0.028489
  0
VERTEX
  8
0
 10
194.416667
 20
11.921053
 42
0.018894
  0
VERTEX
  8
0
 10
193.670344
 20
11.862007
 42
0.168741
  0
VERTEX
  8
0
 10
193.378580
 20
11.720685
 42
0.470617
  0
VERTEX
  8
0
 10
193.395823
 20
11.538436
 42
0.054073
  0
SEQEND
  0
POLYLINE
  8
0
 66
1
 70
1
  0
VERTEX
  8
0
 10
198.000000
 20
11.606989
 42
0.222225
  0
VERTEX
  8
0
 10
198.087111
 20
11.420671
 42
0.030693
  0
VERTEX
  8
0
 10
198.440625
 20
11.160341
 42
0.030395
  0
VERTEX
  8
0
 10
198.925442
 20
10.887494
 42
0.021360
  0
VERTEX
  8
0
 10
199.500000
 20
10.638374
 42
0.055937
  0
VERTEX
  8
0
 10
200.074366
 20
10.488865
 42
0.100118
  0
VERTEX
  8
0
 10
200.559375
 20
10.516384
 42
0.147206
  0
VERTEX
  8
0
 10
200.877514
 20
10.710807
 42
0.184534
  0
VERTEX
  8
0
 10
201.000000
 20
11.031385
 42
0.152681
  0
VERTEX
  8
0
 10
200.884506
 20
11.400789
 42
0.098158
  0
VERTEX
  8
0
 10
200.559375
 20
11.715469
 42
0.080880
  0
VERTEX
  8
0
 10
200.073532
 20
11.927770
 42
0.062722
  0
VERTEX
  8
0
 10
199.500000
 20
12.000000
 42
0.024748
  0
VERTEX
  8
0
 10
198.925176
 20
11.971531
 42
0.039339
  0
VERTEX
  8
0
 10
198.440625
 20
11.884553
 42
0.046727
  0
VERTEX
  8
0
 10
198.096084
 20
11.758929
 42
0.289661
  0
SEQEND
  0
POLYLINE
  8
0
 66
1
 70
1
  0
VERTEX
  8
0
 10
206.000000
 20
10.500000
 42
0.116238
  0
VERTEX
  8
0
 10
206.134550
 20
9.929049
 42
0.101436
  0
VERTEX
  8
0
 10
206.514062
 20
9.445123
 42
0.094034
  0
VERTEX
  8
0
 10
207.081711
 20
9.123084
 42
0.084520
  0
VERTEX
  8
0
 10
207.750000
 20
9.015313
 42
0.015246
  0
VERTEX
  8
0
 10
208.635609
 20
9.050082
 42
0.278496
  0
VERTEX
  8
0
 10
208.857048
 20
9.205828
 42
0.348700
  0
VERTEX
  8
0
 10
208.795767
 20
9.439555
 42
0.019656
  0
VERTEX
  8
0
 10
208.136847
 20
9.894262
 42
-0.022213
  0
VERTEX
  8
0
 10
207.426195
 20
10.390051
 42
-0.233412
  0
VERTEX
  8
0
 10
207.273695
 20
10.698930
 42
-0.275386
  0
VERTEX
  8
0
 10
207.436975
 20
10.972905
 42
-0.029355
  0
VERTEX
  8
0
 10
208.136847
 20
11.300002
 42
0.023718
  0
VERTEX
  8
0
 10
208.709835
 20
11.559972
 42
0.438953
  0
VERTEX
  8
0
 10
208.757373
 20
11.731622
 42
0.232968
  0
VERTEX
  8
0
 10
208.544200
 20
11.864069
 42
0.013273
  0
VERTEX
  8
0
 10
207.750000
 20
11.921053
 42
0.084943
  0
VERTEX
  8
0
 10
207.081752
 20
11.837493
 42
0.097345
  0
VERTEX
  8
0
 10
206.514062
 20
11.536184
 42
0.105533
  0
VERTEX
  8
0
 10
206.134948
 20
11.065902
 42
0.117584
  0
SEQEND
  0
POLYLINE
  8
0
 66
1
 70
1
  0
VERTEX
  8
0
 10
211.000000
 20
11.606989
 42
0.222225
  0
VERTEX
  8
0
 10
211.087111
 20
11.420671
 42
0.030693
  0
VERTEX
  8
0
 10
211.440625
 20
11.160341
 42
0.030395
  0
VERTEX
  8
0
 10
211.925442
 20
10.887494
 42
0.021360
  0
VERTEX
  8
0
 10
212.500000
 20
10.638374
 42
0.055937
  0
VERTEX
  8
0
 10
213.074366
 20
10.488865
 42
0.100118
  0
VERTEX
  8
0
 10
213.559375
 20
10.516384
 42
0.147206
  0
VERTEX
  8
0
 10
213.877514
 20
10.710807
 42
0.184534
  0
VERTEX
  8
0
 10
214.000000
 20
11.031385
 42
0.152681
  0
VERTEX
  8
0
 10
213.884506
 20
11.400789
 42
0.098158
  0
VERTEX
  8
0
 10
213.559375
 20
11.715469
 42
0.080880
  0
VERTEX
  8
0
 10
213.073532
 20
11.927770
 42
0.062722
  0
VERTEX
  8
0
 10
212.500000
 20
12.000000
 42
0.024748
  0
VERTEX
  8
0
 10
211.925176
 20
11.971531
 42
0.039339
  0
VERTEX
  8
0
 10
211.440625
 20
11.884553
 42
0.046727
  0
VERTEX
  8
0
 10
211.096084
 20
11.758929
 42
0.289661
  0
SEQEND
  0
POLYLINE
  8
0
 66
1
 70
1
  0
VERTEX
  8
0
 10
325.250000
 20
11.310674
 42
-0.042954
  0
VERTEX
  8
0
 10
325.919656
 20
11.072686
 42
-0.053930
  0
VERTEX
  8
0
 10
326.485937
 20
10.737018
 42
-0.063987
  0
VERTEX
  8
0
 10
326.874169
 20
10.360086
 42
-0.169692
  0
VERTEX
  8
0
 10
327.000000
 20
10.000000
 42
-0.169692
  0
VERTEX
  8
0
 10
326.874169
 20
9.639914
 42
-0.063987
  0
VERTEX
  8
0
 10
326.485937
 20
9.262982
 42
-0.053930
  0
VERTEX
  8
0
 10
325.919656
 20
8.927314
 42
-0.042954
  0
VERTEX
  8
0
 10
325.250000
 20
8.689326
 42
0.011590
  0
VERTEX
  8
0
 10
324.411700
 20
8.449367
 42
0.541772
  0
VERTEX
  8
0
 10
324.371220
 20
8.306344
 42
0.197309
  0
VERTEX
  8
0
 10
324.607705
 20
8.187999
 42
0.005718
  0
VERTEX
  8
0
 10
325.750000
 20
8.116001
 42
0.052892
  0
VERTEX
  8
0
 10
326.797666
 20
8.172814
 42
0.135122
  0
VERTEX
  8
0
 10
327.483250
 20
8.485975
 42
0.149531
  0
VERTEX
  8
0
 10
327.870529
 20
9.081183
 42
0.070109
  0
VERTEX
  8
0
 10
328.000000
 20
10.000000
 42
0.070109
  0
VERTEX
  8
0
 10
327.870529
 20
10.918817
 42
0.149531
  0
VERTEX
  8
0
 10
327.483250
 20
11.514025
 42
0.135122
  0
VERTEX
  8
0
 10
326.797666
 20
11.827186
 42
0.052892
  0
VERTEX
  8
0
 10
325.750000
 20
11.883999
 42
0.005718
  0
VERTEX
  8
0
 10
324.607705
 20
11.812001
 42
0.197309
  0
VERTEX
  8
0
 10
324.371220
 20
11.693656
 42
0.541772
  0
VERTEX
  8
0
 10
324.411700
 20
11.550633
 42
0.011590
  0
SEQEND
  0
POLYLINE
  8
0
 66
1
 70
1
  0
VERTEX
  8
0
 10
330.116001
 20
8.319551
 42
0.011639
  0
VERTEX
  8
0
 10
330.189529
 20
6.950072
 42
0.048371
  0
VERTEX
  8
0
 10
330.332266
 20
6.136056
 42
0.443513
  0
VERTEX
  8
0
 10
330.508581
 20
6.047456
 42
0.240996
  0
VERTEX
  8
0
 10
330.689326
 20
6.250000
 42
-0.081312
  0
VERTEX
  8
0
 10
331.241961
 20
7.494593
 42
-0.247215
  0
VERTEX
  8
0
 10
332.026326
 20
7.929165
 42
-0.210953
  0
VERTEX
  8
0
 10
332.931873
 20
7.552080
 42
-0.062632
  0
VERTEX
  8
0
 10
333.842498
 20
6.316956
 42
0.053175
  0
VERTEX
  8
0
 10
334.288093
 20
5.688092
 42
0.547280
  0
VERTEX
  8
0
 10
334.546790
 20
5.728093
 42
0.108517
  0
VERTEX
  8
0
 10
334.671900
 20
6.346264
 42
0.008174
  0
VERTEX
  8
0
 10
334.615365
 20
8.066956
 42
0.028200
  0
VERTEX
  8
0
 10
334.429273
 20
9.823036
 42
0.101739
  0
VERTEX
  8
0
 10
334.029951
 20
10.868861
 42
0.140861
  0
VERTEX
  8
0
 10
333.332591
 20
11.484694
 42
0.075331
  0
VERTEX
  8
0
 10
332.223176
 20
11.819551
 42
0.061003
  0
VERTEX
  8
0
 10
331.006589
 20
11.844984
 42
0.236232
  0
VERTEX
  8
0
 10
330.387848
 20
11.452818
 42
0.128945
  0
VERTEX
  8
0
 10
330.114476
 20
10.521288
 42
0.014835
  0
SEQEND
  0
POLYLINE
  8
0
 66
1
 70
1
  0
VERTEX
  8
0
 10
334.000000
 20
10.000000
 42
-0.148195
  0
VERTEX
  8
0
 10
333.884432
 20
9.618646
 42
-0.098894
  0
VERTEX
  8
0
 10
333.559375
 20
9.293750
 42
-0.082425
  0
VERTEX
  8
0
 10
333.073457
 20
9.074694
 42
-0.064853
  0
VERTEX
  8
0
 10
332.500000
 20
9.000000
 42
-0.064853
  0
VERTEX
  8
0
 10
331.926543
 20
9.074694
 42
-0.082425
  0
VERTEX
  8
0
 10
331.440625
 20
9.293750
 42
-0.098894
  0
VERTEX
  8
0
 10
331.115568
 20
9.618646
 42
-0.148195
  0
VERTEX
  8
0
 10
331.000000
 20
10.000000
 42
-0.148195
  0
VERTEX
  8
0
 10
331.115568
 20
10.381354
 42
-0.098894
  0
VERTEX
  8
0
 10
331.440625
 20
10.706250
 42
-0.082425
  0
VERTEX
  8
0
 10
331.926543
 20
10.925306
 42
-0.064853
  0
VERTEX
  8
0
 10
332.500000
 20
11.000000
 42
-0.064853
  0
VERTEX
  8
0
 10
333.073457
 20
10.925306
 42
-0.082425
  0
VERTEX
  8
0
 10
333.559375
 20
10.706250
 42
-0.098894
  0
VERTEX
  8
0
 10
333.884432
 20
10.381354
 42
-0.148195
  0
SEQEND
  0
POLYLINE
  8
0
 66
1
 70
1
  0
VERTEX
  8
0
 10
337.232003
 20
8.500000
 42
0.010016
  0
VERTEX
  8
0
 10
337.260811
 20
7.062099
 42
0.040136
  0
VERTEX
  8
0
 10
337.366341
 20
6.189062
 42
0.421517
  0
VERTEX
  8
0
 10
337.522680
 20
6.088315
 42
0.279395
  0
VERTEX
  8
0
 10
337.689326
 20
6.250000
 42
-0.068007
  0
VERTEX
  8
0
 10
337.965404
 20
6.918939
 42
-0.068913
  0
VERTEX
  8
0
 10
338.409857
 20
7.485938
 42
-0.075394
  0
VERTEX
  8
0
 10
338.948477
 20
7.868723
 42
-0.117373
  0
VERTEX
  8
0
 10
339.500000
 20
8.000000
 42
-0.117373
  0
VERTEX
  8
0
 10
340.051523
 20
7.868723
 42
-0.075394
  0
VERTEX
  8
0
 10
340.590143
 20
7.485937
 42
-0.068913
  0
VERTEX
  8
0
 10
341.034596
 20
6.918939
 42
-0.068007
  0
VERTEX
  8
0
 10
341.310674
 20
6.250000
 42
0.279395
  0
VERTEX
  8
0
 10
341.477320
 20
6.088315
 42
0.421517
  0
VERTEX
  8
0
 10
341.633659
 20
6.189062
 42
0.040136
  0
VERTEX
  8
0
 10
341.739189
 20
7.062099
 42
0.010016
  0
VERTEX
  8
0
 10
341.767997
 20
8.500000
 42
0.010016
  0
VERTEX
  8
0
 10
341.739189
 20
9.937901
 42
0.040136
  0
VERTEX
  8
0
 10
341.633659
 20
10.810937
 42
0.421517
  0
VERTEX
  8
0
 10
341.477320
 20
10.911685
 42
0.279395
  0
VERTEX
  8
0
 10
341.310674
 20
10.750000
 42
-0.068007
  0
VERTEX
  8
0
 10
341.034596
 20
10.081061
 42
-0.068913
  0
VERTEX
  8
0
 10
340.590143
 20
9.514062
 42
-0.075394
  0
VERTEX
  8
0
 10
340.051523
 20
9.131277
 42
-0.117373
  0
VERTEX
  8
0
 10
339.500000
 20
9.000000
 42
-0.117373
  0
VERTEX
  8
0
 10
338.948477
 20
9.131277
 42
-0.075394
  0
VERTEX
  8
0
 10
338.409857
 20
9.514062
 42
-0.068913
  0
VERTEX
  8
0
 10
337.965404
 20
10.081061
 42
-0.068007
  0
VERTEX
  8
0
 10
337.689326
 20
10.750000
 42
0.279395
  0
VERTEX
  8
0
 10
337.522680
 20
10.911685
 42
0.421517
  0
VERTEX
  8
0
 10
337.366341
 20
10.810937
 42
0.040136
  0
VERTEX
  8
0
 10
337.260811
 20
9.937901
 42
0.010016
  0
SEQEND
  0
POLYLINE
  8
0
 66
1
 70
1
  0
VERTEX
  8
0
 10
347.812500
 20
11.316886
 42
0.051402
  0
VERTEX
  8
0
 10
348.359369
 20
11.160852
 42
0.054150
  0
VERTEX
  8
0
 10
348.916927
 20
11.123424
 42
0.060344
  0
VERTEX
  8
0
 10
349.402231
 20
11.202593
 42
0.126455
  0
VERTEX
  8
0
 10
349.729167
 20
11.395833
 42
0.296942
  0
VERTEX
  8
0
 10
349.775380
 20
11.614691
 42
0.208169
  0
VERTEX
  8
0
 10
349.592839
 20
11.799335
 42
0.077125
  0
VERTEX
  8
0
 10
349.112848
 20
11.910055
 42
0.028489
  0
VERTEX
  8
0
 10
348.416667
 20
11.921053
 42
0.018894
  0
VERTEX
  8
0
 10
347.670344
 20
11.862007
 42
0.168741
  0
VERTEX
  8
0
 10
347.378580
 20
11.720685
 42
0.470617
  0
VERTEX
  8
0
 10
347.395823
 20
11.538436
 42
0.054073
  0
SEQEND
  0
POLYLINE
  8
0
 66
1
 70
1
  0
VERTEX
  8
0
 10
352.000000
 20
11.606989
 42
0.222225
  0
VERTEX
  8
0
 10
352.087111
 20
11.420671
 42
0.030693
  0
VERTEX
  8
0
 10
352.440625
 20
11.160341
 42
0.030395
  0
VERTEX
  8
0
 10
352.925442
 20
10.887494
 42
0.021360
  0
VERTEX
  8
0
 10
353.500000
 20
10.638374
 42
0.055937
  0
VERTEX
  8
0
 10
354.074366
 20
10.488865
 42
0.100118
  0
VERTEX
  8
0
 10
354.559375
 20
10.516384
 42
0.147206
  0
VERTEX
  8
0
 10
354.877514
 20
10.710807
 42
0.184534
  0
VERTEX
  8
0
 10
355.000000
 20
11.031385
 42
0.152681
  0
VERTEX
  8
0
 10
354.884506
 20
11.400789
 42
0.098158
  0
VERTEX
  8
0
 10
354.559375
 20
11.715469
 42
0.080880
  0
VERTEX
  8
0
 10
354.073532
 20
11.927770
 42
0.062722
  0
VERTEX
  8
0
 10
353.500000
 20
12.000000
 42
0.024748
  0
VERTEX
  8
0
 10
352.925176
 20
11.971531
 42
0.039339
  0
VERTEX
  8
0
 10
352.440625
 20
11.884553
 42
0.046727
  0
VERTEX
  8
0
 10
352.096084
 20
11.758929
 42
0.289661
  0
SEQEND
  0
POLYLINE
  8
0
 66
1
 70
1
  0
VERTEX
  8
0
 10
360.000000
 20
10.500000
 42
0.116238
  0
VERTEX
  8
0
 10
360.134550
 20
9.929049
 42
0.101436
  0
VERTEX
  8
0
 10
360.514063
 20
9.445123
 42
0.094034
  0
VERTEX
  8
0
 10
361.081711
 20
9.123084
 42
0.084520
  0
VERTEX
  8
0
 10
361.750000
 20
9.015313
 42
0.015246
  0
VERTEX
  8
0
 10
362.635609
 20
9.050082
 42
0.278496
  0
VERTEX
  8
0
 10
362.857048
 20
9.205828
 42
0.348700
  0
VERTEX
  8
0
 10
362.795767
 20
9.439555
 42
0.019656
  0
VERTEX
  8
0
 10
362.136847
 20
9.894262
 42
-0.022213
  0
VERTEX
  8
0
 10
361.426195
 20
10.390051
 42
-0.233412
  0
VERTEX
  8
0
 10
361.273695
 20
10.698930
 42
-0.275386
  0
VERTEX
  8
0
 10
361.436975
 20
10.972905
 42
-0.029355
  0
VERTEX
  8
0
 10
362.136847
 20
11.300002
 42
0.023718
  0
VERTEX
  8
0
 10
362.709835
 20
11.559972
 42
0.438953
  0
VERTEX
  8
0
 10
362.757373
 20
11.731622
 42
0.232968
  0
VERTEX
  8
0
 10
362.544200
 20
11.864069
 42
0.013273
  0
VERTEX
  8
0
 10
361.750000
 20
11.921053
 42
0.084943
  0
VERTEX
  8
0
 10
361.081752
 20
11.837493
 42
0.097345
  0
VERTEX
  8
0
 10
360.514063
 20
11.536184
 42
0.105533
  0
VERTEX
  8
0
 10
360.134948
 20
11.065902
 42
0.117584
  0
SEQEND
  0
POLYLINE
  8
0
 66
1
 70
1
  0
VERTEX
  8
0
 10
365.000000
 20
11.606989
 42
0.222225
  0
VERTEX
  8
0
 10
365.087111
 20
11.420671
 42
0.030693
  0
VERTEX
  8
0
 10
365.440625
 20
11.160341
 42
0.030395
  0
VERTEX
  8
0
 10
365.925442
 20
10.887494
 42
0.021360
  0
VERTEX
  8
0
 10
366.500000
 20
10.638374
 42
0.055937
  0
VERTEX
  8
0
 10
367.074366
 20
10.488865
 42
0.100118
  0
VERTEX
  8
0
 10
367.559375
 20
10.516384
 42
0.147206
  0
VERTEX
  8
0
 10
367.877514
 20
10.710807
 42
0.184534
  0
VERTEX
  8
0
 10
368.000000
 20
11.031385
 42
0.152681
  0
VERTEX
  8
0
 10
367.884506
 20
11.400789
 42
0.098158
  0
VERTEX
  8
0
 10
367.559375
 20
11.715469
 42
0.080880
  0
VERTEX
  8
0
 10
367.073532
 20
11.927770
 42
0.062722
  0
VERTEX
  8
0
 10
366.500000
 20
12.000000
 42
0.024748
  0
VERTEX
  8
0
 10
365.925176
 20
11.971531
 42
0.039339
  0
VERTEX
  8
0
 10
365.440625
 20
11.884553
 42
0.046727
  0
VERTEX
  8
0
 10
365.096084
 20
11.758929
 42
0.289661
  0
SEQEND
  0
POLYLINE
  8
0
 66
1
 70
1
  0
VERTEX
  8
0
 10
463.250000
 20
11.310674
 42
-0.042954
  0
VERTEX
  8
0
 10
463.919656
 20
11.072686
 42
-0.053930
  0
VERTEX
  8
0
 10
464.485937
 20
10.737018
 42
-0.063987
  0
VERTEX
  8
0
 10
464.874169
 20
10.360086
 42
-0.169692
  0
VERTEX
  8
0
 10
465.000000
 20
10.000000
 42
-0.169692
  0
VERTEX
  8
0
 10
464.874169
 20
9.639914
 42
-0.063987
  0
VERTEX
  8
0
 10
464.485937
 20
9.262982
 42
-0.053930
  0
VERTEX
  8
0
 10
463.919656
 20
8.927314
 42
-0.042954
  0
VERTEX
  8
0
 10
463.250000
 20
8.689326
 42
0.011590
  0
VERTEX
  8
0
 10
462.411700
 20
8.449367
 42
0.541772
  0
VERTEX
  8
0
 10
462.371220
 20
8.306344
 42
0.197309
  0
VERTEX
  8
0
 10
462.607705
 20
8.187999
 42
0.005718
  0
VERTEX
  8
0
 10
463.750000
 20
8.116001
 42
0.052892
  0
VERTEX
  8
0
 10
464.797666
 20
8.172814
 42
0.135122
  0
VERTEX
  8
0
 10
465.483250
 20
8.485975
 42
0.149531
  0
VERTEX
  8
0
 10
465.870529
 20
9.081183
 42
0.070109
  0
VERTEX
  8
0
 10
466.000000
 20
10.000000
 42
0.070109
  0
VERTEX
  8
0
 10
465.870529
 20
10.918817
 42
0.149531
  0
VERTEX
  8
0
 10
465.483250
 20
11.514025
 42
0.135122
  0
VERTEX
  8
0
 10
464.797666
 20
11.827186
 42
0.052892
  0
VERTEX
  8
0
 10
463.750000
 20
11.883999
 42
0.005718
  0
VERTEX
  8
0
 10
462.607705
 20
11.812001
 42
0.197309
  0
VERTEX
  8
0
 10
462.371220
 20
11.693656
 42
0.541772
  0
VERTEX
  8
0
 10
462.411700
 20
11.550633
 42
0.011590
  0
SEQEND
  0
POLYLINE
  8
0
 66
1
 70
1
  0
VERTEX
  8
0
 10
468.116001
 20
8.319551
 42
0.011639
  0
VERTEX
  8
0
 10
468.189529
 20
6.950072
 42
0.048371
  0
VERTEX
  8
0
 10
468.332266
 20
6.136056
 42
0.443513
  0
VERTEX
  8
0
 10
468.508581
 20
6.047456
 42
0.240996
  0
VERTEX
  8
0
 10
468.689326
 20
6.250000
 42
-0.081312
  0
VERTEX
  8
0
 10
469.241961
 20
7.494593
 42
-0.247215
  0
VERTEX
  8
0
 10
470.026326
 20
7.929165
 42
-0.210953
  0
VERTEX
  8
0
 10
470.931873
 20
7.552080
 42
-0.062632
  0
VERTEX
  8
0
 10
471.842498
 20
6.316956
 42
0.053175
  0
VERTEX
  8
0
 10
472.288093
 20
5.688092
 42
0.547280
  0
VERTEX
  8
0
 10
472.546790
 20
5.728093
 42
0.108517
  0
VERTEX
  8
0
 10
472.671900
 20
6.346264
 42
0.008174
  0
VERTEX
  8
0
 10
472.615365
 20
8.066956
 42
0.028200
  0
VERTEX
  8
0
 10
472.429273
 20
9.823036
 42
0.101739
  0
VERTEX
  8
0
 10
472.029951
 20
10.868861
 42
0.140861
  0
VERTEX
  8
0
 10
471.332591
 20
11.484694
 42
0.075331
  0
VERTEX
  8
0
 10
470.223176
 20
11.819551
 42
0.061003
  0
VERTEX
  8
0
 10
469.006589
 20
11.844984
 42
0.236232
  0
VERTEX
  8
0
 10
468.387848
 20
11.452818
 42
0.128945
  0
VERTEX
  8
0
 10
468.114476
 20
10.521288
 42
0.014835
  0
SEQEND
  0
POLYLINE
  8
0
 66
1
 70
1
  0
VERTEX
  8
0
 10
472.000000
 20
10.000000
 42
-0.148195
  0
VERTEX
  8
0
 10
471.884432
 20
9.618646
 42
-0.098894
  0
VERTEX
  8
0
 10
471.559375
 20
9.293750
 42
-0.082425
  0
VERTEX
  8
0
 10
471.073457
 20
9.074694
 42
-0.064853
  0
VERTEX
  8
0
 10
470.500000
 20
9.000000
 42
-0.064853
  0
VERTEX
  8
0
 10
469.926543
 20
9.074694
 42
-0.082425
  0
VERTEX
  8
0
 10
469.440625
 20
9.293750
 42
-0.098894
  0
VERTEX
  8
0
 10
469.115568
 20
9.618646
 42
-0.148195
  0
VERTEX
  8
0
 10
469.000000
 20
10.000000
 42
-0.148195
  0
VERTEX
  8
0
 10
469.115568
 20
10.381354
 42
-0.098894
  0
VERTEX
  8
0
 10
469.440625
 20
10.706250
 42
-0.082425
  0
VERTEX
  8
0
 10
469.926543
 20
10.925306
 42
-0.064853
  0
VERTEX
  8
0
 10
470.500000
 20
11.000000
 42
-0.064853
  0
VERTEX
  8
0
 10
471.073457
 20
10.925306
 42
-0.082425
  0
VERTEX
  8
0
 10
471.559375
 20
10.706250
 42
-0.098894
  0
VERTEX
  8
0
 10
471.884432
 20
10.381354
 42
-0.148195
  0
SEQEND
  0
POLYLINE
  8
0
 66
1
 70
1
  0
VERTEX
  8
0
 10
475.232003
 20
8.500000
 42
0.010016
  0
VERTEX
  8
0
 10
475.260811
 20
7.062099
 42
0.040136
  0
VERTEX
  8
0
 10
475.366341
 20
6.189062
 42
0.421517
  0
VERTEX
  8
0
 10
475.522680
 20
6.088315
 42
0.279395
  0
VERTEX
  8
0
 10
475.689326
 20
6.250000
 42
-0.068007
  0
VERTEX
  8
0
 10
475.965404
 20
6.918939
 42
-0.068913
  0
VERTEX
  8
0
 10
476.409857
 20
7.485938
 42
-0.075394
  0
VERTEX
  8
0
 10
476.948477
 20
7.868723
 42
-0.117373
  0
VERTEX
  8
0
 10
477.500000
 20
8.000000
 42
-0.117373
  0
VERTEX
  8
0
 10
478.051523
 20
7.868723
 42
-0.075394
  0
VERTEX
  8
0
 10
478.590143
 20
7.485937
 42
-0.068913
  0
VERTEX
  8
0
 10
479.034596
 20
6.918939
 42
-0.068007
  0
VERTEX
  8
0
 10
479.310674
 20
6.250000
 42
0.279395
  0
VERTEX
  8
0
 10
479.477320
 20
6.088315
 42
0.421517
  0
VERTEX
  8
0
 10
479.633659
 20
6.189062
 42
0.040136
  0
VERTEX
  8
0
 10
479.739189
 20
7.062099
 42
0.010016
  0
VERTEX
  8
0
 10
479.767997
 20
8.500000
 42
0.010016
  0
VERTEX
  8
0
 10
479.739189
 20
9.937901
 42
0.040136
  0
VERTEX
  8
0
 10
479.633659
 20
10.810937
 42
0.421517
  0
VERTEX
  8
0
 10
479.477320
 20
10.911685
 42
0.279395
  0
VERTEX
  8
0
 10
479.310674
 20
10.750000
 42
-0.068007
  0
VERTEX
  8
0
 10
479.034596
 20
10.081061
 42
-0.068913
  0
VERTEX
  8
0
 10
478.590143
 20
9.514062
 42
-0.075394
  0
VERTEX
  8
0
 10
478.051523
 20
9.131277
 42
-0.117373
  0
VERTEX
  8
0
 10
477.500000
 20
9.000000
 42
-0.117373
  0
VERTEX
  8
0
 10
476.948477
 20
9.131277
 42
-0.075394
  0
VERTEX
  8
0
 10
476.409857
 20
9.514062
 42
-0.068913
  0
VERTEX
  8
0
 10
475.965404
 20
10.081061
 42
-0.068007
  0
VERTEX
  8
0
 10
475.689326
 20
10.750000
 42
0.279395
  0
VERTEX
  8
0
 10
475.522680
 20
10.911685
 42
0.421517
  0
VERTEX
  8
0
 10
475.366341
 20
10.810937
 42
0.040136
  0
VERTEX
  8
0
 10
475.260811
 20
9.937901
 42
0.010016
  0
SEQEND
  0
POLYLINE
  8
0
 66
1
 70
1
  0
VERTEX
  8
0
 10
485.812500
 20
11.316886
 42
0.051402
  0
VERTEX
  8
0
 10
486.359369
 20
11.160852
 42
0.054150
  0
VERTEX
  8
0
 10
486.916927
 20
11.123424
 42
0.060344
  0
VERTEX
  8
0
 10
487.402231
 20
11.202593
 42
0.126455
  0
VERTEX
  8
0
 10
487.729167
 20
11.395833
 42
0.296942
  0
VERTEX
  8
0
 10
487.775380
 20
11.614691
 42
0.208169
  0
VERTEX
  8
0
 10
487.592839
 20
11.799335
 42
0.077125
  0
VERTEX
  8
0
 10
487.112848
 20
11.910055
 42
0.028489
  0
VERTEX
  8
0
 10
486.416667
 20
11.921053
 42
0.018894
  0
VERTEX
  8
0
 10
485.670344
 20
11.862007
 42
0.168741
  0
VERTEX
  8
0
 10
485.378580
 20
11.720685
 42
0.470617
  0
VERTEX
  8
0
 10
485.395823
 20
11.538436
 42
0.054073
  0
SEQEND
  0
POLYLINE
  8
0
 66
1
 70
1
  0
VERTEX
  8
0
 10
490.000000
 20
11.606989
 42
0.222225
  0
VERTEX
  8
0
 10
490.087111
 20
11.420671
 42
0.030693
  0
VERTEX
  8
0
 10
490.440625
 20
11.160341
 42
0.030395
  0
VERTEX
  8
0
 10
490.925442
 20
10.887494
 42
0.021360
  0
VERTEX
  8
0
 10
491.500000
 20
10.638374
 42
0.055937
  0
VERTEX
  8
0
 10
492.074366
 20
10.488865
 42
0.100118
  0
VERTEX
  8
0
 10
492.559375
 20
10.516384
 42
0.147206
  0
VERTEX
  8
0
 10
492.877514
 20
10.710807
 42
0.184534
  0
VERTEX
  8
0
 10
493.000000
 20
11.031385
 42
0.152681
  0
VERTEX
  8
0
 10
492.884506
 20
11.400789
 42
0.098158
  0
VERTEX
  8
0
 10
492.559375
 20
11.715469
 42
0.080880
  0
VERTEX
  8
0
 10
492.073532
 20
11.927770
 42
0.062722
  0
VERTEX
  8
0
 10
491.500000
 20
12.000000
 42
0.024748
  0
VERTEX
  8
0
 10
490.925176
 20
11.971531
 42
0.039339
  0
VERTEX
  8
0
 10
490.440625
 20
11.884553
 42
0.046727
  0
VERTEX
  8
0
 10
490.096084
 20
11.758929
 42
0.289661
  0
SEQEND
  0
POLYLINE
  8
0
 66
1
 70
1
  0
VERTEX
  8
0
 10
498.000000
 20
10.500000
 42
0.116238
  0
VERTEX
  8
0
 10
498.134550
 20
9.929049
 42
0.101436
  0
VERTEX
  8
0
 10
498.514063
 20
9.445123
 42
0.094034
  0
VERTEX
  8
0
 10
499.081711
 20
9.123084
 42
0.084520
  0
VERTEX
  8
0
 10
499.750000
 20
9.015313
 42
0.015246
  0
VERTEX
  8
0
 10
500.635609
 20
9.050082
 42
0.278496
  0
VERTEX
  8
0
 10
500.857048
 20
9.205828
 42
0.348700
  0
VERTEX
  8
0
 10
500.795767
 20
9.439555
 42
0.019656
  0
VERTEX
  8
0
 10
500.136847
 20
9.894262
 42
-0.022213
  0
VERTEX
  8
0
 10
499.426195
 20
10.390051
 42
-0.233412
  0
VERTEX
  8
0
 10
499.273695
 20
10.698930
 42
-0.275386
  0
VERTEX
  8
0
 10
499.436975
 20
10.972905
 42
-0.029355
  0
VERTEX
  8
0
 10
500.136847
 20
11.300002
 42
0.023718
  0
VERTEX
  8
0
 10
500.709835
 20
11.559972
 42
0.438953
  0
VERTEX
  8
0
 10
500.757373
 20
11.731622
 42
0.232968
  0
VERTEX
  8
0
 10
500.544200
 20
11.864069
 42
0.013273
  0
VERTEX
  8
0
 10
499.750000
 20
11.921053
 42
0.084943
  0
VERTEX
  8
0
 10
499.081752
 20
11.837493
 42
0.097345
  0
VERTEX
  8
0
 10
498.514063
 20
11.536184
 42
0.105533
  0
VERTEX
  8
0
 10
498.134948
 20
11.065902
 42
0.117584
  0
SEQEND
  0
POLYLINE
  8
0
 66
1
 70
1
  0
VERTEX
  8
0
 10
503.000000
 20
11.606989
 42
0.222225
  0
VERTEX
  8
0
 10
503.087111
 20
11.420671
 42
0.030693
  0
VERTEX
  8
0
 10
503.440625
 20
11.160341
 42
0.030395
  0
VERTEX
  8
0
 10
503.925442
 20
10.887494
 42
0.021360
  0
VERTEX
  8
0
 10
504.500000
 20
10.638374
 42
0.055937
  0
VERTEX
  8
0
 10
505.074366
 20
10.488865
 42
0.100118
  0
VERTEX
  8
0
 10
505.559375
 20
10.516384
 42
0.147206
  0
VERTEX
  8
0
 10
505.877514
 20
10.710807
 42
0.184534
  0
VERTEX
  8
0
 10
506.000000
 20
11.031385
 42
0.152681
  0
VERTEX
  8
0
 10
505.884506
 20
11.400789
 42
0.098158
  0
VERTEX
  8
0
 10
505.559375
 20
11.715469
 42
0.080880
  0
VERTEX
  8
0
 10
505.073532
 20
11.927770
 42
0.062722
  0
VERTEX
  8
0
 10
504.500000
 20
12.000000
 42
0.024748
  0
VERTEX
  8
0
 10
503.925176
 20
11.971531
 42
0.039339
  0
VERTEX
  8
0
 10
503.440625
 20
11.884553
 42
0.046727
  0
VERTEX
  8
0
 10
503.096084
 20
11.758929
 42
0.289661
  0
SEQEND
  0
POLYLINE
  8
0
 66
1
 70
1
  0
VERTEX
  8
0
 10
122.500000
 20
6.000000
 42
0.007086
  0
VERTEX
  8
0
 10
121.414842
 20
5.515361
 42
0.206801
  0
VERTEX
  8
0
 10
121.217153
 20
5.293900
 42
0.479221
  0
VERTEX
  8
0
 10
121.320418
 20
5.133810
 42
0.015651
  0
VERTEX
  8
0
 10
122.190983
 20
5.070285
 42
0.054957
  0
VERTEX
  8
0
 10
122.883647
 20
5.117642
 42
0.051224
  0
VERTEX
  8
0
 10
123.566787
 20
5.314396
 42
0.054947
  0
VERTEX
  8
0
 10
124.140070
 20
5.622072
 42
0.104092
  0
VERTEX
  8
0
 10
124.500000
 20
6.000000
 42
0.027810
  0
VERTEX
  8
0
 10
124.876953
 20
6.693352
 42
0.550582
  0
VERTEX
  8
0
 10
124.769967
 20
6.862409
 42
0.099104
  0
VERTEX
  8
0
 10
124.328061
 20
6.773951
 42
0.002683
  0
SEQEND
  0
POLYLINE
  8
0
 66
1
 70
1
  0
VERTEX
  8
0
 10
140.000000
 20
6.000000
 42
0.011213
  0
VERTEX
  8
0
 10
139.169589
 20
5.436556
 42
0.309569
  0
VERTEX
  8
0
 10
139.083458
 20
5.201904
 42
0.327416
  0
VERTEX
  8
0
 10
139.271084
 20
5.047261
 42
0.011938
  0
VERTEX
  8
0
 10
140.250000
 20
5.015313
 42
0.055234
  0
VERTEX
  8
0
 10
140.919445
 20
5.083567
 42
0.075283
  0
VERTEX
  8
0
 10
141.485938
 20
5.298248
 42
0.095191
  0
VERTEX
  8
0
 10
141.865757
 20
5.619685
 42
0.171310
  0
VERTEX
  8
0
 10
142.000000
 20
6.000000
 42
0.042895
  0
VERTEX
  8
0
 10
141.938046
 20
6.720828
 42
0.364836
  0
VERTEX
  8
0
 10
141.707705
 20
6.914708
 42
0.137048
  0
VERTEX
  8
0
 10
141.262820
 20
6.790433
 42
0.007234
  0
SEQEND
  0
POLYLINE
  8
0
 66
1
 70
1
  0
VERTEX
  8
0
 10
194.500000
 20
6.000000
 42
0.007086
  0
VERTEX
  8
0
 10
193.414842
 20
5.515361
 42
0.206801
  0
VERTEX
  8
0
 10
193.217153
 20
5.293900
 42
0.479221
  0
VERTEX
  8
0
 10
193.320418
 20
5.133810
 42
0.015651
  0
VERTEX
  8
0
 10
194.190983
 20
5.070285
 42
0.054957
  0
VERTEX
  8
0
 10
194.883647
 20
5.117642
 42
0.051224
  0
VERTEX
  8
0
 10
195.566787
 20
5.314396
 42
0.054947
  0
VERTEX
  8
0
 10
196.140070
 20
5.622072
 42
0.104092
  0
VERTEX
  8
0
 10
196.500000
 20
6.000000
 42
0.027810
  0
VERTEX
  8
0
 10
196.876953
 20
6.693352
 42
0.550582
  0
VERTEX
  8
0
 10
196.769967
 20
6.862409
 42
0.099104
  0
VERTEX
  8
0
 10
196.328061
 20
6.773951
 42
0.002683
  0
SEQEND
  0
POLYLINE
  8
0
 66
1
 70
1
  0
VERTEX
  8
0
 10
212.000000
 20
6.000000
 42
0.011213
  0
VERTEX
  8
0
 10
211.169589
 20
5.436556
 42
0.309569
  0
VERTEX
  8
0
 10
211.083458
 20
5.201904
 42
0.327416
  0
VERTEX
  8
0
 10
211.271084
 20
5.047261
 42
0.011938
  0
VERTEX
  8
0
 10
212.250000
 20
5.015313
 42
0.055234
  0
VERTEX
  8
0
 10
212.919445
 20
5.083567
 42
0.075283
  0
VERTEX
  8
0
 10
213.485938
 20
5.298248
 42
0.095191
  0
VERTEX
  8
0
 10
213.865757
 20
5.619685
 42
0.171310
  0
VERTEX
  8
0
 10
214.000000
 20
6.000000
 42
0.042895
  0
VERTEX
  8
0
 10
213.938046
 20
6.720828
 42
0.364836
  0
VERTEX
  8
0
 10
213.707705
 20
6.914708
 42
0.137048
  0
VERTEX
  8
0
 10
213.262820
 20
6.790433
 42
0.007234
  0
SEQEND
  0
POLYLINE
  8
0
 66
1
 70
1
  0
VERTEX
  8
0
 10
348.500000
 20
6.000000
 42
0.007086
  0
VERTEX
  8
0
 10
347.414842
 20
5.515361
 42
0.206801
  0
VERTEX
  8
0
 10
347.217153
 20
5.293900
 42
0.479221
  0
VERTEX
  8
0
 10
347.320418
 20
5.133810
 42
0.015651
  0
VERTEX
  8
0
 10
348.190983
 20
5.070285
 42
0.054957
  0
VERTEX
  8
0
 10
348.883647
 20
5.117642
 42
0.051224
  0
VERTEX
  8
0
 10
349.566787
 20
5.314396
 42
0.054947
  0
VERTEX
  8
0
 10
350.140070
 20
5.622072
 42
0.104092
  0
VERTEX
  8
0
 10
350.500000
 20
6.000000
 42
0.027810
  0
VERTEX
  8
0
 10
350.876953
 20
6.693352
 42
0.550582
  0
VERTEX
  8
0
 10
350.769967
 20
6.862409
 42
0.099104
  0
VERTEX
  8
0
 10
350.328061
 20
6.773951
 42
0.002683
  0
SEQEND
  0
POLYLINE
  8
0
 66
1
 70
1
  0
VERTEX
  8
0
 10
366.000000
 20
6.000000
 42
0.011213
  0
VERTEX
  8
0
 10
365.169589
 20
5.436556
 42
0.309569
  0
VERTEX
  8
0
 10
365.083458
 20
5.201904
 42
0.327416
  0
VERTEX
  8
0
 10
365.271084
 20
5.047261
 42
0.011938
  0
VERTEX
  8
0
 10
366.250000
 20
5.015313
 42
0.055234
  0
VERTEX
  8
0
 10
366.919445
 20
5.083567
 42
0.075283
  0
VERTEX
  8
0
 10
367.485937
 20
5.298248
 42
0.095191
  0
VERTEX
  8
0
 10
367.865757
 20
5.619685
 42
0.171310
  0
VERTEX
  8
0
 10
368.000000
 20
6.000000
 42
0.042895
  0
VERTEX
  8
0
 10
367.938046
 20
6.720828
 42
0.364836
  0
VERTEX
  8
0
 10
367.707705
 20
6.914708
 42
0.137048
  0
VERTEX
  8
0
 10
367.262820
 20
6.790433
 42
0.007234
  0
SEQEND
  0
POLYLINE
  8
0
 66
1
 70
1
  0
VERTEX
  8
0
 10
486.500000
 20
6.000000
 42
0.007086
  0
VERTEX
  8
0
 10
485.414842
 20
5.515361
 42
0.206801
  0
VERTEX
  8
0
 10
485.217153
 20
5.293900
 42
0.479221
  0
VERTEX
  8
0
 10
485.320418
 20
5.133810
 42
0.015651
  0
VERTEX
  8
0
 10
486.190983
 20
5.070285
 42
0.054957
  0
VERTEX
  8
0
 10
486.883647
 20
5.117642
 42
0.051224
  0
VERTEX
  8
0
 10
487.566787
 20
5.314396
 42
0.054947
  0
VERTEX
  8
0
 10
488.140070
 20
5.622072
 42
0.104092
  0
VERTEX
  8
0
 10
488.500000
 20
6.000000
 42
0.027810
  0
VERTEX
  8
0
 10
488.876953
 20
6.693352
 42
0.550582
  0
VERTEX
  8
0
 10
488.769967
 20
6.862409
 42
0.099104
  0
VERTEX
  8
0
 10
488.328061
 20
6.773951
 42
0.002683
  0
SEQEND
  0
POLYLINE
  8
0
 66
1
 70
1
  0
VERTEX
  8
0
 10
504.000000
 20
6.000000
 42
0.011213
  0
VERTEX
  8
0
 10
503.169589
 20
5.436556
 42
0.309569
  0
VERTEX
  8
0
 10
503.083458
 20
5.201904
 42
0.327416
  0
VERTEX
  8
0
 10
503.271084
 20
5.047261
 42
0.011938
  0
VERTEX
  8
0
 10
504.250000
 20
5.015313
 42
0.055234
  0
VERTEX
  8
0
 10
504.919445
 20
5.083567
 42
0.075283
  0
VERTEX
  8
0
 10
505.485937
 20
5.298248
 42
0.095191
  0
VERTEX
  8
0
 10
505.865757
 20
5.619685
 42
0.171310
  0
VERTEX
  8
0
 10
506.000000
 20
6.000000
 42
0.042895
  0
VERTEX
  8
0
 10
505.938046
 20
6.720828
 42
0.364836
  0
VERTEX
  8
0
 10
505.707705
 20
6.914708
 42
0.137048
  0
VERTEX
  8
0
 10
505.262820
 20
6.790433
 42
0.007234
  0
SEQEND
  0
POLYLINE
  8
0
 66
1
 70
1
  0
VERTEX
  8
0
 10
98.750000
 20
5.337719
 42
0.057986
  0
VERTEX
  8
0
 10
99.320008
 20
5.181385
 42
0.037979
  0
VERTEX
  8
0
 10
100.000000
 20
5.129660
 42
0.037979
  0
VERTEX
  8
0
 10
100.679992
 20
5.181385
 42
0.057986
  0
VERTEX
  8
0
 10
101.250000
 20
5.337719
 42
0.174857
  0
VERTEX
  8
0
 10
101.459382
 20
5.525001
 42
0.447206
  0
VERTEX
  8
0
 10
101.398438
 20
5.693942
 42
0.078554
  0
VERTEX
  8
0
 10
100.891440
 20
5.810911
 42
0.017491
  0
VERTEX
  8
0
 10
100.000000
 20
5.842105
 42
0.017491
  0
VERTEX
  8
0
 10
99.108560
 20
5.810911
 42
0.078554
  0
VERTEX
  8
0
 10
98.601562
 20
5.693942
 42
0.447206
  0
VERTEX
  8
0
 10
98.540618
 20
5.525001
 42
0.174857
  0
SEQEND
  0
POLYLINE
  8
0
 66
1
 70
1
  0
VERTEX
  8
0
 10
134.812500
 20
5.316886
 42
0.051402
  0
VERTEX
  8
0
 10
135.359369
 20
5.160852
 42
0.054150
  0
VERTEX
  8
0
 10
135.916927
 20
5.123424
 42
0.060344
  0
VERTEX
  8
0
 10
136.402231
 20
5.202593
 42
0.126455
  0
VERTEX
  8
0
 10
136.729167
 20
5.395833
 42
0.296942
  0
VERTEX
  8
0
 10
136.775380
 20
5.614691
 42
0.208169
  0
VERTEX
  8
0
 10
136.592839
 20
5.799335
 42
0.077125
  0
VERTEX
  8
0
 10
136.112848
 20
5.910055
 42
0.028489
  0
VERTEX
  8
0
 10
135.416667
 20
5.921053
 42
0.018894
  0
VERTEX
  8
0
 10
134.670344
 20
5.862007
 42
0.168741
  0
VERTEX
  8
0
 10
134.378580
 20
5.720685
 42
0.470617
  0
VERTEX
  8
0
 10
134.395823
 20
5.538436
 42
0.054073
  0
SEQEND
  0
POLYLINE
  8
0
 66
1
 70
1
  0
VERTEX
  8
0
 10
170.750000
 20
5.337719
 42
0.057986
  0
VERTEX
  8
0
 10
171.320008
 20
5.181385
 42
0.037979
  0
VERTEX
  8
0
 10
172.000000
 20
5.129660
 42
0.037979
  0
VERTEX
  8
0
 10
172.679992
 20
5.181385
 42
0.057986
  0
VERTEX
  8
0
 10
173.250000
 20
5.337719
 42
0.174857
  0
VERTEX
  8
0
 10
173.459382
 20
5.525001
 42
0.447206
  0
VERTEX
  8
0
 10
173.398438
 20
5.693942
 42
0.078554
  0
VERTEX
  8
0
 10
172.891440
 20
5.810911
 42
0.017491
  0
VERTEX
  8
0
 10
172.000000
 20
5.842105
 42
0.017491
  0
VERTEX
  8
0
 10
171.108560
 20
5.810911
 42
0.078554
  0
VERTEX
  8
0
 10
170.601562
 20
5.693942
 42
0.447206
  0
VERTEX
  8
0
 10
170.540618
 20
5.525001
 42
0.174857
  0
SEQEND
  0
POLYLINE
  8
0
 66
1
 70
1
  0
VERTEX
  8
0
 10
206.812500
 20
5.316886
 42
0.051402
  0
VERTEX
  8
0
 10
207.359369
 20
5.160852
 42
0.054150
  0
VERTEX
  8
0
 10
207.916927
 20
5.123424
 42
0.060344
  0
VERTEX
  8
0
 10
208.402231
 20
5.202593
 42
0.126455
  0
VERTEX
  8
0
 10
208.729167
 20
5.395833
 42
0.296942
  0
VERTEX
  8
0
 10
208.775380
 20
5.614691
 42
0.208169
  0
VERTEX
  8
0
 10
208.592839
 20
5.799335
 42
0.077125
  0
VERTEX
  8
0
 10
208.112848
 20
5.910055
 42
0.028489
  0
VERTEX
  8
0
 10
207.416667
 20
5.921053
 42
0.018894
  0
VERTEX
  8
0
 10
206.670344
 20
5.862007
 42
0.168741
  0
VERTEX
  8
0
 10
206.378580
 20
5.720685
 42
0.470617
  0
VERTEX
  8
0
 10
206.395823
 20
5.538436
 42
0.054073
  0
SEQEND
  0
POLYLINE
  8
0
 66
1
 70
1
  0
VERTEX
  8
0
 10
324.750000
 20
5.337719
 42
0.057986
  0
VERTEX
  8
0
 10
325.320008
 20
5.181385
 42
0.037979
  0
VERTEX
  8
0
 10
326.000000
 20
5.129660
 42
0.037979
  0
VERTEX
  8
0
 10
326.679992
 20
5.181385
 42
0.057986
  0
VERTEX
  8
0
 10
327.250000
 20
5.337719
 42
0.174857
  0
VERTEX
  8
0
 10
327.459382
 20
5.525001
 42
0.447206
  0
VERTEX
  8
0
 10
327.398438
 20
5.693942
 42
0.078554
  0
VERTEX
  8
0
 10
326.891440
 20
5.810911
 42
0.017491
  0
VERTEX
  8
0
 10
326.000000
 20
5.842105
 42
0.017491
  0
VERTEX
  8
0
 10
325.108560
 20
5.810911
 42
0.078554
  0
VERTEX
  8
0
 10
324.601562
 20
5.693942
 42
0.447206
  0
VERTEX
  8
0
 10
324.540618
 20
5.525001
 42
0.174857
  0
SEQEND
  0
POLYLINE
  8
0
 66
1
 70
1
  0
VERTEX
  8
0
 10
360.812500
 20
5.316886
 42
0.051402
  0
VERTEX
  8
0
 10
361.359369
 20
5.160852
 42
0.054150
  0
VERTEX
  8
0
 10
361.916927
 20
5.123424
 42
0.060344
  0
VERTEX
  8
0
 10
362.402231
 20
5.202593
 42
0.126455
  0
VERTEX
  8
0
 10
362.729167
 20
5.395833
 42
0.296942
  0
VERTEX
  8
0
 10
362.775380
 20
5.614691
 42
0.208169
  0
VERTEX
  8
0
 10
362.592839
 20
5.799335
 42
0.077125
  0
VERTEX
  8
0
 10
362.112848
 20
5.910055
 42
0.028489
  0
VERTEX
  8
0
 10
361.416667
 20
5.921053
 42
0.018894
  0
VERTEX
  8
0
 10
360.670344
 20
5.862007
 42
0.168741
  0
VERTEX
  8
0
 10
360.378580
 20
5.720685
 42
0.470617
  0
VERTEX
  8
0
 10
360.395823
 20
5.538436
 42
0.054073
  0
SEQEND
  0
POLYLINE
  8
0
 66
1
 70
1
  0
VERTEX
  8
0
 10
462.750000
 20
5.337719
 42
0.057986
  0
VERTEX
  8
0
 10
463.320008
 20
5.181385
 42
0.037979
  0
VERTEX
  8
0
 10
464.000000
 20
5.129660
 42
0.037979
  0
VERTEX
  8
0
 10
464.679992
 20
5.181385
 42
0.057986
  0
VERTEX
  8
0
 10
465.250000
 20
5.337719
 42
0.174857
  0
VERTEX
  8
0
 10
465.459382
 20
5.525001
 42
0.447206
  0
VERTEX
  8
0
 10
465.398438
 20
5.693942
 42
0.078554
  0
VERTEX
  8
0
 10
464.891440
 20
5.810911
 42
0.017491
  0
VERTEX
  8
0
 10
464.000000
 20
5.842105
 42
0.017491
  0
VERTEX
  8
0
 10
463.108560
 20
5.810911
 42
0.078554
  0
VERTEX
  8
0
 10
462.601562
 20
5.693942
 42
0.447206
  0
VERTEX
  8
0
 10
462.540618
 20
5.525001
 42
0.174857
  0
SEQEND
  0
POLYLINE
  8
0
 66
1
 70
1
  0
VERTEX
  8
0
 10
498.812500
 20
5.316886
 42
0.051402
  0
VERTEX
  8
0
 10
499.359369
 20
5.160852
 42
0.054150
  0
VERTEX
  8
0
 10
499.916927
 20
5.123424
 42
0.060344
  0
VERTEX
  8
0
 10
500.402231
 20
5.202593
 42
0.126455
  0
VERTEX
  8
0
 10
500.729167
 20
5.395833
 42
0.296942
  0
VERTEX
  8
0
 10
500.775380
 20
5.614691
 42
0.208169
  0
VERTEX
  8
0
 10
500.592839
 20
5.799335
 42
0.077125
  0
VERTEX
  8
0
 10
500.112848
 20
5.910055
 42
0.028489
  0
VERTEX
  8
0
 10
499.416667
 20
5.921053
 42
0.018894
  0
VERTEX
  8
0
 10
498.670344
 20
5.862007
 42
0.168741
  0
VERTEX
  8
0
 10
498.378580
 20
5.720685
 42
0.470617
  0
VERTEX
  8
0
 10
498.395823
 20
5.538436
 42
0.054073
  0
SEQEND
  0
POLYLINE
  8
0
 66
1
 70
1
  0
VERTEX
  8
0
 10
172.000000
 20
353.500000
 42
0.000000
  0
VERTEX
  8
0
 10
172.000000
 20
348.000000
 42
0.000000
  0
VERTEX
  8
0
 10
176.250000
 20
348.168103
 42
0.000000
  0
VERTEX
  8
0
 10
180.500000
 20
348.336206
 42
0.000000
  0
VERTEX
  8
0
 10
176.750000
 20
348.728468
 42
-0.023544
  0
VERTEX
  8
0
 10
174.900450
 20
349.010469
 42
-0.086631
  0
VERTEX
  8
0
 10
173.801926
 20
349.438082
 42
-0.143315
  0
VERTEX
  8
0
 10
173.213461
 20
350.079901
 42
-0.114843
  0
VERTEX
  8
0
 10
173.000000
 20
350.997007
 42
-0.107856
  0
VERTEX
  8
0
 10
173.194515
 20
351.888254
 42
-0.133118
  0
VERTEX
  8
0
 10
173.736778
 20
352.539363
 42
-0.091052
  0
VERTEX
  8
0
 10
174.713994
 20
352.987618
 42
-0.031260
  0
VERTEX
  8
0
 10
176.250000
 20
353.276604
 42
0.000000
  0
VERTEX
  8
0
 10
179.500000
 20
353.679926
 42
0.000000
  0
VERTEX
  8
0
 10
176.250000
 20
353.839963
 42
-0.028254
  0
VERTEX
  8
0
 10
174.641559
 20
354.010605
 42
-0.103216
  0
VERTEX
  8
0
 10
173.689521
 20
354.377560
 42
-0.156121
  0
VERTEX
  8
0
 10
173.179947
 20
354.998177
 42
-0.094711
  0
VERTEX
  8
0
 10
173.000000
 20
355.939635
 42
-0.106875
  0
VERTEX
  8
0
 10
173.207372
 20
356.898712
 42
-0.148219
  0
VERTEX
  8
0
 10
173.783897
 20
357.555808
 42
-0.090066
  0
VERTEX
  8
0
 10
174.873130
 20
357.986668
 42
-0.023205
  0
VERTEX
  8
0
 10
176.750000
 20
358.271532
 42
0.000000
  0
VERTEX
  8
0
 10
180.500000
 20
358.663794
 42
0.000000
  0
VERTEX
  8
0
 10
176.250000
 20
358.831897
 42
0.000000
  0
VERTEX
  8
0
 10
172.000000
 20
359.000000
 42
0.000000
  0
SEQEND
  0
POLYLINE
  8
0
 66
1
 70
1
  0
VERTEX
  8
0
 10
214.249512
 20
353.500000
 42
0.007206
  0
VERTEX
  8
0
 10
214.264244
 20
351.066119
 42
0.038369
  0
VERTEX
  8
0
 10
214.393189
 20
349.743203
 42
0.491800
  0
VERTEX
  8
0
 10
214.620121
 20
349.624251
 42
0.220201
  0
VERTEX
  8
0
 10
214.877263
 20
349.925861
 42
-0.064765
  0
VERTEX
  8
0
 10
215.717592
 20
351.903242
 42
-0.230011
  0
VERTEX
  8
0
 10
216.832633
 20
352.645706
 42
-0.223553
  0
VERTEX
  8
0
 10
218.130863
 20
352.237586
 42
-0.061653
  0
VERTEX
  8
0
 10
219.551275
 20
350.562088
 42
0.023687
  0
VERTEX
  8
0
 10
220.262611
 20
349.581137
 42
0.030203
  0
VERTEX
  8
0
 10
221.011804
 20
348.752613
 42
0.031050
  0
VERTEX
  8
0
 10
221.700033
 20
348.157256
 42
0.164226
  0
VERTEX
  8
0
 10
222.165901
 20
348.000000
 42
0.490345
  0
VERTEX
  8
0
 10
222.347263
 20
348.234162
 42
0.050181
  0
VERTEX
  8
0
 10
222.065916
 20
348.997659
 42
0.033146
  0
VERTEX
  8
0
 10
221.439705
 20
350.092365
 42
0.016435
  0
VERTEX
  8
0
 10
220.511310
 20
351.396285
 42
0.000000
  0
VERTEX
  8
0
 10
217.920837
 20
354.792570
 42
0.000000
  0
VERTEX
  8
0
 10
220.595277
 20
356.896285
 42
0.016375
  0
VERTEX
  8
0
 10
221.557027
 20
357.705146
 42
0.038806
  0
VERTEX
  8
0
 10
222.201941
 20
358.382034
 42
0.091637
  0
VERTEX
  8
0
 10
222.440713
 20
358.818196
 42
0.510771
  0
VERTEX
  8
0
 10
222.309173
 20
359.000000
 42
0.139879
  0
VERTEX
  8
0
 10
221.798742
 20
358.854353
 42
0.022776
  0
VERTEX
  8
0
 10
220.940879
 20
358.265625
 42
0.023582
  0
VERTEX
  8
0
 10
219.969622
 20
357.457210
 42
0.018828
  0
VERTEX
  8
0
 10
219.000000
 20
356.500000
 42
-0.019815
  0
VERTEX
  8
0
 10
217.001061
 20
354.534426
 42
-0.201579
  0
VERTEX
  8
0
 10
215.926929
 20
354.155031
 42
-0.309496
  0
VERTEX
  8
0
 10
215.193355
 20
354.722701
 42
-0.040416
  0
VERTEX
  8
0
 10
214.716254
 20
356.750000
 42
0.210763
  0
VERTEX
  8
0
 10
214.559160
 20
356.997374
 42
0.552068
  0
VERTEX
  8
0
 10
214.407305
 20
356.929688
 42
0.027272
  0
VERTEX
  8
0
 10
214.294704
 20
355.654996
 42
0.006305
  0
SEQEND
  0
POLYLINE
  8
0
 66
1
 70
1
  0
VERTEX
  8
0
 10
239.231321
 20
353.500000
 42
0.002575
  0
VERTEX
  8
0
 10
239.264314
 20
350.351112
 42
0.059510
  0
VERTEX
  8
0
 10
239.384565
 20
349.462501
 42
0.781944
  0
VERTEX
  8
0
 10
239.565411
 20
349.464284
 42
0.014562
  0
VERTEX
  8
0
 10
239.881641
 20
350.988647
 42
-0.065077
  0
VERTEX
  8
0
 10
240.768438
 20
353.801553
 42
-0.242176
  0
VERTEX
  8
0
 10
242.190403
 20
354.905661
 42
-0.332627
  0
VERTEX
  8
0
 10
243.532182
 20
354.245538
 42
-0.087752
  0
VERTEX
  8
0
 10
244.275423
 20
351.810999
 42
0.000000
  0
VERTEX
  8
0
 10
244.678849
 20
348.500000
 42
0.000000
  0
VERTEX
  8
0
 10
244.589425
 20
352.000000
 42
0.023425
  0
VERTEX
  8
0
 10
244.458567
 20
353.804618
 42
0.105127
  0
VERTEX
  8
0
 10
244.118607
 20
354.801322
 42
0.170123
  0
VERTEX
  8
0
 10
243.498376
 20
355.319068
 42
0.089881
  0
VERTEX
  8
0
 10
242.500000
 20
355.500000
 42
-0.089848
  0
VERTEX
  8
0
 10
241.679738
 20
355.648598
 42
-0.072131
  0
VERTEX
  8
0
 10
240.892278
 20
356.081290
 42
-0.071009
  0
VERTEX
  8
0
 10
240.249209
 20
356.728018
 42
-0.081783
  0
VERTEX
  8
0
 10
239.849680
 20
357.500000
 42
0.551185
  0
VERTEX
  8
0
 10
239.614563
 20
357.559763
 42
0.166213
  0
VERTEX
  8
0
 10
239.399780
 20
357.150000
 42
0.029962
  0
VERTEX
  8
0
 10
239.262121
 20
355.681513
 42
0.009723
  0
SEQEND
  0
POLYLINE
  8
0
 66
1
 70
1
  0
VERTEX
  8
0
 10
189.833619
 20
357.000858
 42
0.068754
  0
VERTEX
  8
0
 10
189.709521
 20
356.335734
 42
0.011835
  0
VERTEX
  8
0
 10
189.679305
 20
355.050040
 42
0.012690
  0
VERTEX
  8
0
 10
189.718187
 20
353.528601
 42
0.011037
  0
VERTEX
  8
0
 10
189.834488
 20
351.938358
 42
0.022671
  0
VERTEX
  8
0
 10
190.096594
 20
350.083940
 42
0.072594
  0
VERTEX
  8
0
 10
190.500958
 20
348.906009
 42
0.124521
  0
VERTEX
  8
0
 10
191.079184
 20
348.251213
 42
0.153427
  0
VERTEX
  8
0
 10
191.855035
 20
348.015313
 42
0.018049
  0
VERTEX
  8
0
 10
192.650163
 20
348.051439
 42
0.279424
  0
VERTEX
  8
0
 10
192.862646
 20
348.205210
 42
0.340923
  0
VERTEX
  8
0
 10
192.802243
 20
348.434363
 42
0.022653
  0
VERTEX
  8
0
 10
192.207578
 20
348.850548
 42
-0.143590
  0
VERTEX
  8
0
 10
191.706170
 20
349.421970
 42
-0.050963
  0
VERTEX
  8
0
 10
191.346986
 20
350.459894
 42
-0.043375
  0
VERTEX
  8
0
 10
191.152577
 20
351.794716
 42
-0.031305
  0
VERTEX
  8
0
 10
191.159585
 20
353.299895
 42
0.027998
  0
VERTEX
  8
0
 10
191.186227
 20
355.665342
 42
0.074967
  0
VERTEX
  8
0
 10
190.861610
 20
357.314321
 42
0.420046
  0
VERTEX
  8
0
 10
190.356896
 20
357.546670
 42
0.224970
  0
SEQEND
  0
POLYLINE
  8
0
 66
1
 70
1
  0
VERTEX
  8
0
 10
226.833619
 20
357.000858
 42
0.068754
  0
VERTEX
  8
0
 10
226.709521
 20
356.335734
 42
0.011835
  0
VERTEX
  8
0
 10
226.679305
 20
355.050040
 42
0.012690
  0
VERTEX
  8
0
 10
226.718187
 20
353.528601
 42
0.011037
  0
VERTEX
  8
0
 10
226.834488
 20
351.938358
 42
0.022671
  0
VERTEX
  8
0
 10
227.096594
 20
350.083940
 42
0.072594
  0
VERTEX
  8
0
 10
227.500958
 20
348.906009
 42
0.124521
  0
VERTEX
  8
0
 10
228.079184
 20
348.251213
 42
0.153427
  0
VERTEX
  8
0
 10
228.855035
 20
348.015313
 42
0.018049
  0
VERTEX
  8
0
 10
229.650163
 20
348.051439
 42
0.279424
  0
VERTEX
  8
0
 10
229.862646
 20
348.205210
 42
0.340923
  0
VERTEX
  8
0
 10
229.802243
 20
348.434363
 42
0.022653
  0
VERTEX
  8
0
 10
229.207578
 20
348.850548
 42
-0.143590
  0
VERTEX
  8
0
 10
228.706170
 20
349.421970
 42
-0.050963
  0
VERTEX
  8
0
 10
228.346986
 20
350.459894
 42
-0.043375
  0
VERTEX
  8
0
 10
228.152577
 20
351.794716
 42
-0.031305
  0
VERTEX
  8
0
 10
228.159585
 20
353.299895
 42
0.027998
  0
VERTEX
  8
0
 10
228.186227
 20
355.665342
 42
0.074967
  0
VERTEX
  8
0
 10
227.861610
 20
357.314321
 42
0.420046
  0
VERTEX
  8
0
 10
227.356896
 20
357.546670
 42
0.224970
  0
SEQEND
  0
POLYLINE
  8
0
 66
1
 70
1
  0
VERTEX
  8
0
 10
182.624622
 20
355.201643
 42
0.307086
  0
VERTEX
  8
0
 10
182.637324
 20
354.901649
 42
0.178194
  0
VERTEX
  8
0
 10
182.951714
 20
354.695713
 42
0.074270
  0
VERTEX
  8
0
 10
183.619899
 20
354.642849
 42
0.029901
  0
VERTEX
  8
0
 10
184.530262
 20
354.761034
 42
-0.067332
  0
VERTEX
  8
0
 10
186.356265
 20
354.860508
 42
-0.394982
  0
VERTEX
  8
0
 10
186.945964
 20
354.212617
 42
-0.278029
  0
VERTEX
  8
0
 10
186.373903
 20
353.292609
 42
-0.056620
  0
VERTEX
  8
0
 10
184.500000
 20
352.589356
 42
0.054602
  0
VERTEX
  8
0
 10
183.427299
 20
352.191699
 42
0.086603
  0
VERTEX
  8
0
 10
182.641553
 20
351.610486
 42
0.098722
  0
VERTEX
  8
0
 10
182.166275
 20
350.859667
 42
0.092143
  0
VERTEX
  8
0
 10
182.000000
 20
349.965064
 42
0.075836
  0
VERTEX
  8
0
 10
182.151289
 20
348.973326
 42
0.187958
  0
VERTEX
  8
0
 10
182.602466
 20
348.408899
 42
0.124597
  0
VERTEX
  8
0
 10
183.466572
 20
348.163270
 42
0.026277
  0
VERTEX
  8
0
 10
185.047469
 20
348.200440
 42
0.029861
  0
VERTEX
  8
0
 10
186.832355
 20
348.444246
 42
0.188331
  0
VERTEX
  8
0
 10
187.592180
 20
348.928873
 42
0.159928
  0
VERTEX
  8
0
 10
187.890290
 20
349.848226
 42
0.020097
  0
VERTEX
  8
0
 10
187.797469
 20
351.966325
 42
0.027960
  0
VERTEX
  8
0
 10
187.547749
 20
353.739786
 42
0.093417
  0
VERTEX
  8
0
 10
187.111502
 20
354.825420
 42
0.132180
  0
VERTEX
  8
0
 10
186.407602
 20
355.467600
 42
0.083995
  0
VERTEX
  8
0
 10
185.344360
 20
355.807186
 42
0.041939
  0
VERTEX
  8
0
 10
184.477875
 20
355.857255
 42
0.048279
  0
VERTEX
  8
0
 10
183.656235
 20
355.756022
 42
0.054713
  0
VERTEX
  8
0
 10
182.993736
 20
355.530289
 42
0.145900
  0
SEQEND
  0
POLYLINE
  8
0
 66
1
 70
1
  0
VERTEX
  8
0
 10
187.000000
 20
350.968615
 42
-0.213422
  0
VERTEX
  8
0
 10
186.621817
 20
350.122972
 42
-0.075769
  0
VERTEX
  8
0
 10
185.486858
 20
349.381846
 42
-0.076784
  0
VERTEX
  8
0
 10
184.197884
 20
349.019605
 42
-0.230479
  0
VERTEX
  8
0
 10
183.356736
 20
349.309930
 42
-0.242984
  0
VERTEX
  8
0
 10
183.115307
 20
350.067091
 42
-0.130219
  0
VERTEX
  8
0
 10
183.532249
 20
350.983357
 42
-0.102648
  0
VERTEX
  8
0
 10
184.459491
 20
351.733481
 42
-0.119467
  0
VERTEX
  8
0
 10
185.559017
 20
352.000000
 42
-0.069866
  0
VERTEX
  8
0
 10
186.109745
 20
351.922668
 42
-0.085761
  0
VERTEX
  8
0
 10
186.576711
 20
351.697031
 42
-0.100101
  0
VERTEX
  8
0
 10
186.888923
 20
351.361922
 42
-0.138501
  0
SEQEND
  0
POLYLINE
  8
0
 66
1
 70
1
  0
VERTEX
  8
0
 10
199.272364
 20
352.000000
 42
0.008087
  0
VERTEX
  8
0
 10
199.298431
 20
350.388510
 42
0.039503
  0
VERTEX
  8
0
 10
199.399666
 20
349.482812
 42
0.611425
  0
VERTEX
  8
0
 10
199.546986
 20
349.439977
 42
0.142433
  0
VERTEX
  8
0
 10
199.705733
 20
349.750000
 42
0.029693
  0
VERTEX
  8
0
 10
199.840649
 20
350.774707
 42
0.017887
  0
VERTEX
  8
0
 10
199.884498
 20
352.000000
 42
0.017887
  0
VERTEX
  8
0
 10
199.840649
 20
353.225293
 42
0.029693
  0
VERTEX
  8
0
 10
199.705733
 20
354.250000
 42
0.142433
  0
VERTEX
  8
0
 10
199.546986
 20
354.560023
 42
0.611425
  0
VERTEX
  8
0
 10
199.399666
 20
354.517188
 42
0.039503
  0
VERTEX
  8
0
 10
199.298431
 20
353.611490
 42
0.008087
  0
SEQEND
  0
POLYLINE
  8
0
 66
1
 70
1
  0
VERTEX
  8
0
 10
202.131641
 20
351.600914
 42
0.000000
  0
VERTEX
  8
0
 10
202.263282
 20
347.500000
 42
0.000000
  0
VERTEX
  8
0
 10
202.881641
 20
350.988647
 42
-0.065077
  0
VERTEX
  8
0
 10
203.768438
 20
353.801553
 42
-0.242176
  0
VERTEX
  8
0
 10
205.190403
 20
354.905661
 42
-0.332627
  0
VERTEX
  8
0
 10
206.532182
 20
354.245538
 42
-0.087752
  0
VERTEX
  8
0
 10
207.275423
 20
351.810999
 42
0.000000
  0
VERTEX
  8
0
 10
207.678849
 20
348.500000
 42
0.000000
  0
VERTEX
  8
0
 10
207.589425
 20
352.000000
 42
0.023084
  0
VERTEX
  8
0
 10
207.446941
 20
353.983698
 42
0.138333
  0
VERTEX
  8
0
 10
207.054517
 20
354.930862
 42
0.175714
  0
VERTEX
  8
0
 10
206.275954
 20
355.413806
 42
0.042690
  0
VERTEX
  8
0
 10
204.750000
 20
355.600914
 42
0.039931
  0
VERTEX
  8
0
 10
203.140608
 20
355.531442
 42
0.220535
  0
VERTEX
  8
0
 10
202.423281
 20
355.084626
 42
0.140201
  0
VERTEX
  8
0
 10
202.119533
 20
354.106193
 42
0.013629
  0
SEQEND
  0
POLYLINE
  8
0
 66
1
 70
1
  0
VERTEX
  8
0
 10
224.272364
 20
352.000000
 42
0.008087
  0
VERTEX
  8
0
 10
224.298431
 20
350.388510
 42
0.039503
  0
VERTEX
  8
0
 10
224.399666
 20
349.482812
 42
0.611425
  0
VERTEX
  8
0
 10
224.546986
 20
349.439977
 42
0.142433
  0
VERTEX
  8
0
 10
224.705733
 20
349.750000
 42
0.029693
  0
VERTEX
  8
0
 10
224.840649
 20
350.774707
 42
0.017887
  0
VERTEX
  8
0
 10
224.884498
 20
352.000000
 42
0.017887
  0
VERTEX
  8
0
 10
224.840649
 20
353.225293
 42
0.029693
  0
VERTEX
  8
0
 10
224.705733
 20
354.250000
 42
0.142433
  0
VERTEX
  8
0
 10
224.546986
 20
354.560023
 42
0.611425
  0
VERTEX
  8
0
 10
224.399666
 20
354.517188
 42
0.039503
  0
VERTEX
  8
0
 10
224.298431
 20
353.611490
 42
0.008087
  0
SEQEND
  0
POLYLINE
  8
0
 66
1
 70
1
  0
VERTEX
  8
0
 10
231.389534
 20
354.572726
 42
0.123534
  0
VERTEX
  8
0
 10
231.031093
 20
351.614610
 42
0.149814
  0
VERTEX
  8
0
 10
232.172326
 20
349.077195
 42
0.206868
  0
VERTEX
  8
0
 10
234.225344
 20
348.103784
 42
0.207963
  0
VERTEX
  8
0
 10
236.334959
 20
348.934959
 42
0.066055
  0
VERTEX
  8
0
 10
236.729615
 20
349.450370
 42
0.404002
  0
VERTEX
  8
0
 10
236.655430
 20
349.745399
 42
0.152012
  0
VERTEX
  8
0
 10
236.164984
 20
349.873161
 42
0.016277
  0
VERTEX
  8
0
 10
234.978739
 20
349.778739
 42
-0.040027
  0
VERTEX
  8
0
 10
233.676301
 20
349.737087
 42
-0.172333
  0
VERTEX
  8
0
 10
232.970000
 20
350.026884
 42
-0.171921
  0
VERTEX
  8
0
 10
232.603808
 20
350.697811
 42
-0.039796
  0
VERTEX
  8
0
 10
232.500000
 20
352.000000
 42
-0.042268
  0
VERTEX
  8
0
 10
232.596865
 20
353.143800
 42
-0.117754
  0
VERTEX
  8
0
 10
232.911111
 20
353.880071
 42
-0.157673
  0
VERTEX
  8
0
 10
233.457465
 20
354.270278
 42
-0.096958
  0
VERTEX
  8
0
 10
234.250000
 20
354.361111
 42
0.048770
  0
VERTEX
  8
0
 10
234.919827
 20
354.373347
 42
0.072417
  0
VERTEX
  8
0
 10
235.485938
 20
354.524132
 42
0.097087
  0
VERTEX
  8
0
 10
235.865282
 20
354.782799
 42
0.197190
  0
VERTEX
  8
0
 10
236.000000
 20
355.111111
 42
0.336493
  0
VERTEX
  8
0
 10
235.438627
 20
355.850814
 42
0.097477
  0
VERTEX
  8
0
 10
233.916160
 20
355.969948
 42
0.080612
  0
VERTEX
  8
0
 10
232.248616
 20
355.495625
 42
0.193976
  0
SEQEND
  0
POLYLINE
  8
0
 66
1
 70
1
  0
VERTEX
  8
0
 10
247.416448
 20
354.642863
 42
0.122974
  0
VERTEX
  8
0
 10
247.058325
 20
351.714434
 42
0.138802
  0
VERTEX
  8
0
 10
248.156144
 20
349.109673
 42
0.199686
  0
VERTEX
  8
0
 10
250.124942
 20
348.029270
 42
0.227062
  0
VERTEX
  8
0
 10
252.139160
 20
348.739160
 42
0.142496
  0
VERTEX
  8
0
 10
252.341494
 20
349.107504
 42
0.308818
  0
VERTEX
  8
0
 10
252.227318
 20
349.393506
 42
0.127753
  0
VERTEX
  8
0
 10
251.743878
 20
349.563311
 42
0.030422
  0
VERTEX
  8
0
 10
250.884149
 20
349.582940
 42
-0.054303
  0
VERTEX
  8
0
 10
250.017448
 20
349.644147
 42
-0.060219
  0
VERTEX
  8
0
 10
249.215655
 20
349.891551
 42
-0.068630
  0
VERTEX
  8
0
 10
248.595028
 20
350.277746
 42
-0.136477
  0
VERTEX
  8
0
 10
248.267876
 20
350.750000
 42
-0.184217
  0
VERTEX
  8
0
 10
248.283375
 20
351.270241
 42
-0.167607
  0
VERTEX
  8
0
 10
248.641341
 20
351.673263
 42
-0.093845
  0
VERTEX
  8
0
 10
249.383155
 20
351.923437
 42
-0.034545
  0
VERTEX
  8
0
 10
250.489991
 20
352.000000
 42
0.033297
  0
VERTEX
  8
0
 10
251.764709
 20
352.084983
 42
0.128823
  0
VERTEX
  8
0
 10
252.491721
 20
352.383293
 42
0.190885
  0
VERTEX
  8
0
 10
252.820402
 20
352.921854
 42
0.090006
  0
VERTEX
  8
0
 10
252.813108
 20
353.750000
 42
0.191325
  0
VERTEX
  8
0
 10
251.975259
 20
355.067531
 42
0.116102
  0
VERTEX
  8
0
 10
250.247127
 20
355.788274
 42
0.123347
  0
VERTEX
  8
0
 10
248.455777
 20
355.641968
 42
0.222948
  0
SEQEND
  0
POLYLINE
  8
0
 66
1
 70
1
  0
VERTEX
  8
0
 10
251.500000
 20
354.000000
 42
-0.210115
  0
VERTEX
  8
0
 10
251.553029
 20
353.621971
 42
-0.178861
  0
VERTEX
  8
0
 10
251.314314
 20
353.293750
 42
-0.100989
  0
VERTEX
  8
0
 10
250.768372
 20
353.071437
 42
-0.046386
  0
VERTEX
  8
0
 10
250.000000
 20
353.000000
 42
-0.046386
  0
VERTEX
  8
0
 10
249.231628
 20
353.071437
 42
-0.100989
  0
VERTEX
  8
0
 10
248.685686
 20
353.293750
 42
-0.178861
  0
VERTEX
  8
0
 10
248.446971
 20
353.621971
 42
-0.210115
  0
VERTEX
  8
0
 10
248.500000
 20
354.000000
 42
-0.057296
  0
VERTEX
  8
0
 10
248.801830
 20
354.382513
 42
-0.050113
  0
VERTEX
  8
0
 10
249.195564
 20
354.706250
 42
-0.052849
  0
VERTEX
  8
0
 10
249.617099
 20
354.926995
 42
-0.094481
  0
VERTEX
  8
0
 10
250.000000
 20
355.000000
 42
-0.094481
  0
VERTEX
  8
0
 10
250.382901
 20
354.926995
 42
-0.052849
  0
VERTEX
  8
0
 10
250.804436
 20
354.706250
 42
-0.050113
  0
VERTEX
  8
0
 10
251.198170
 20
354.382513
 42
-0.057296
  0
SEQEND
  0
POLYLINE
  8
0
 66
1
 70
1
  0
VERTEX
  8
0
 10
255.131641
 20
351.600914
 42
0.000000
  0
VERTEX
  8
0
 10
255.263282
 20
347.500000
 42
0.000000
  0
VERTEX
  8
0
 10
255.881641
 20
350.988647
 42
-0.065077
  0
VERTEX
  8
0
 10
256.768438
 20
353.801553
 42
-0.242176
  0
VERTEX
  8
0
 10
258.190403
 20
354.905661
 42
-0.332627
  0
VERTEX
  8
0
 10
259.532182
 20
354.245538
 42
-0.087752
  0
VERTEX
  8
0
 10
260.275423
 20
351.810999
 42
0.000000
  0
VERTEX
  8
0
 10
260.678849
 20
348.500000
 42
0.000000
  0
VERTEX
  8
0
 10
260.589425
 20
352.000000
 42
0.023084
  0
VERTEX
  8
0
 10
260.446941
 20
353.983698
 42
0.138333
  0
VERTEX
  8
0
 10
260.054517
 20
354.930862
 42
0.175714
  0
VERTEX
  8
0
 10
259.275954
 20
355.413806
 42
0.042690
  0
VERTEX
  8
0
 10
257.750000
 20
355.600914
 42
0.039931
  0
VERTEX
  8
0
 10
256.140608
 20
355.531442
 42
0.220535
  0
VERTEX
  8
0
 10
255.423281
 20
355.084626
 42
0.140201
  0
VERTEX
  8
0
 10
255.119533
 20
354.106193
 42
0.013629
  0
SEQEND
  0
POLYLINE
  8
0
 66
1
 70
1
  0
VERTEX
  8
0
 10
194.812500
 20
351.316886
 42
0.051402
  0
VERTEX
  8
0
 10
195.359369
 20
351.160852
 42
0.054150
  0
VERTEX
  8
0
 10
195.916927
 20
351.123424
 42
0.060344
  0
VERTEX
  8
0
 10
196.402231
 20
351.202593
 42
0.126455
  0
VERTEX
  8
0
 10
196.729167
 20
351.395833
 42
0.296942
  0
VERTEX
  8
0
 10
196.775380
 20
351.614691
 42
0.208169
  0
VERTEX
  8
0
 10
196.592839
 20
351.799335
 42
0.077125
  0
VERTEX
  8
0
 10
196.112848
 20
351.910055
 42
0.028489
  0
VERTEX
  8
0
 10
195.416667
 20
351.921053
 42
0.018894
  0
VERTEX
  8
0
 10
194.670344
 20
351.862007
 42
0.168741
  0
VERTEX
  8
0
 10
194.378580
 20
351.720685
 42
0.470617
  0
VERTEX
  8
0
 10
194.395823
 20
351.538436
 42
0.054073
  0
SEQEND
  0
POLYLINE
  8
0
 66
1
 70
1
  0
VERTEX
  8
0
 10
272.946167
 20
490.250000
 42
0.000000
  0
VERTEX
  8
0
 10
269.500000
 20
486.500000
 42
0.000000
  0
VERTEX
  8
0
 10
273.250000
 20
489.946167
 42
0.004107
  0
VERTEX
  8
0
 10
274.687395
 20
491.289043
 42
0.006442
  0
VERTEX
  8
0
 10
275.898438
 20
492.469273
 42
0.002230
  0
VERTEX
  8
0
 10
276.919596
 20
493.499580
 42
0.196596
  0
VERTEX
  8
0
 10
277.000000
 20
493.696167
 42
0.503731
  0
VERTEX
  8
0
 10
276.749449
 20
493.881757
 42
0.102567
  0
VERTEX
  8
0
 10
276.175940
 20
493.568348
 42
0.026699
  0
VERTEX
  8
0
 10
275.052752
 20
492.505211
 42
0.004068
  0
SEQEND
  0
POLYLINE
  8
0
 66
1
 70
1
  0
VERTEX
  8
0
 10
491.149832
 20
273.250000
 42
0.007168
  0
VERTEX
  8
0
 10
491.233201
 20
271.186866
 42
0.031618
  0
VERTEX
  8
0
 10
491.376307
 20
269.979081
 42
0.553801
  0
VERTEX
  8
0
 10
491.542952
 20
269.912882
 42
0.199032
  0
VERTEX
  8
0
 10
491.710409
 20
270.189423
 42
-0.052041
  0
VERTEX
  8
0
 10
492.051454
 20
271.494838
 42
-0.106871
  0
VERTEX
  8
0
 10
492.621154
 20
272.378846
 42
-0.106871
  0
VERTEX
  8
0
 10
493.505162
 20
272.948546
 42
-0.052041
  0
VERTEX
  8
0
 10
494.810577
 20
273.289591
 42
0.000000
  0
VERTEX
  8
0
 10
497.500000
 20
273.700336
 42
0.000000
  0
VERTEX
  8
0
 10
494.750000
 20
273.850168
 42
-0.039530
  0
VERTEX
  8
0
 10
493.454746
 20
274.024053
 42
-0.109582
  0
VERTEX
  8
0
 10
492.624338
 20
274.405663
 42
-0.143131
  0
VERTEX
  8
0
 10
492.161658
 20
275.030465
 42
-0.088499
  0
VERTEX
  8
0
 10
492.000000
 20
275.936642
 42
-0.100783
  0
VERTEX
  8
0
 10
492.189458
 20
276.867022
 42
-0.137100
  0
VERTEX
  8
0
 10
492.721605
 20
277.532836
 42
-0.094495
  0
VERTEX
  8
0
 10
493.692300
 20
277.984596
 42
-0.030931
  0
VERTEX
  8
0
 10
495.250000
 20
278.276604
 42
0.000683
  0
VERTEX
  8
0
 10
497.553502
 20
278.565664
 42
0.602997
  0
VERTEX
  8
0
 10
497.584473
 20
278.648107
 42
0.202828
  0
VERTEX
  8
0
 10
497.426656
 20
278.723309
 42
0.000452
  0
VERTEX
  8
0
 10
494.750000
 20
278.839963
 42
0.000000
  0
VERTEX
  8
0
 10
491.000000
 20
279.000000
 42
0.000000
  0
SEQEND
  0
POLYLINE
  8
0
 66
1
 70
1
  0
VERTEX
  8
0
 10
534.309869
 20
273.500000
 42
0.005499
  0
VERTEX
  8
0
 10
534.337136
 20
271.352754
 42
0.031761
  0
VERTEX
  8
0
 10
534.435944
 20
270.222448
 42
0.756877
  0
VERTEX
  8
0
 10
534.574262
 20
270.205163
 42
0.069146
  0
VERTEX
  8
0
 10
534.724731
 20
270.767909
 42
0.018638
  0
VERTEX
  8
0
 10
534.849672
 20
272.218327
 42
0.012590
  0
VERTEX
  8
0
 10
534.888655
 20
273.878422
 42
0.012695
  0
VERTEX
  8
0
 10
534.845055
 20
275.487453
 42
0.024559
  0
VERTEX
  8
0
 10
534.714526
 20
276.767909
 42
0.212532
  0
VERTEX
  8
0
 10
534.565802
 20
277.000181
 42
0.556092
  0
VERTEX
  8
0
 10
534.424528
 20
276.934948
 42
0.025342
  0
VERTEX
  8
0
 10
534.331591
 20
275.655786
 42
0.005888
  0
SEQEND
  0
POLYLINE
  8
0
 66
1
 70
1
  0
VERTEX
  8
0
 10
541.184982
 20
273.750000
 42
0.000000
  0
VERTEX
  8
0
 10
541.000000
 20
268.000000
 42
0.000000
  0
VERTEX
  8
0
 10
544.250000
 20
268.149832
 42
0.001076
  0
VERTEX
  8
0
 10
546.350730
 20
268.251213
 42
0.188520
  0
VERTEX
  8
0
 10
546.551123
 20
268.341435
 42
0.608702
  0
VERTEX
  8
0
 10
546.517633
 20
268.443006
 42
0.001842
  0
VERTEX
  8
0
 10
544.800124
 20
268.711418
 42
-0.061108
  0
VERTEX
  8
0
 10
543.278348
 20
269.138167
 42
-0.170255
  0
VERTEX
  8
0
 10
542.465223
 20
269.869878
 42
-0.095639
  0
VERTEX
  8
0
 10
542.027652
 20
271.235532
 42
-0.012280
  0
VERTEX
  8
0
 10
541.735106
 20
274.311586
 42
0.000000
  0
VERTEX
  8
0
 10
541.369965
 20
279.500000
 42
0.000000
  0
SEQEND
  0
POLYLINE
  8
0
 66
1
 70
1
  0
VERTEX
  8
0
 10
500.416448
 20
274.642863
 42
0.052330
  0
VERTEX
  8
0
 10
500.218704
 20
273.905003
 42
0.023278
  0
VERTEX
  8
0
 10
500.107297
 20
272.903016
 42
0.022737
  0
VERTEX
  8
0
 10
500.087056
 20
271.821794
 42
0.028506
  0
VERTEX
  8
0
 10
500.170919
 20
270.822726
 42
0.059858
  0
VERTEX
  8
0
 10
500.463946
 20
269.722609
 42
0.126539
  0
VERTEX
  8
0
 10
500.981510
 20
269.015181
 42
0.120685
  0
VERTEX
  8
0
 10
501.794571
 20
268.625214
 42
0.051798
  0
VERTEX
  8
0
 10
503.000000
 20
268.500000
 42
0.050766
  0
VERTEX
  8
0
 10
504.362220
 20
268.638668
 42
0.189121
  0
VERTEX
  8
0
 10
505.071429
 20
269.100000
 42
0.134430
  0
VERTEX
  8
0
 10
505.415691
 20
270.034425
 42
0.021436
  0
VERTEX
  8
0
 10
505.500000
 20
272.000000
 42
0.025158
  0
VERTEX
  8
0
 10
505.406922
 20
273.848683
 42
0.108558
  0
VERTEX
  8
0
 10
505.066099
 20
274.887996
 42
0.155405
  0
VERTEX
  8
0
 10
504.393989
 20
275.488638
 42
0.070090
  0
VERTEX
  8
0
 10
503.245529
 20
275.820137
 42
0.059656
  0
VERTEX
  8
0
 10
502.307820
 20
275.840664
 42
0.074400
  0
VERTEX
  8
0
 10
501.463703
 20
275.628890
 42
0.085215
  0
VERTEX
  8
0
 10
500.808423
 20
275.214075
 42
0.118047
  0
SEQEND
  0
POLYLINE
  8
0
 66
1
 70
1
  0
VERTEX
  8
0
 10
504.500000
 20
272.000000
 42
-0.050064
  0
VERTEX
  8
0
 10
504.407308
 20
271.076578
 42
-0.056662
  0
VERTEX
  8
0
 10
504.132967
 20
270.229739
 42
-0.064911
  0
VERTEX
  8
0
 10
503.729077
 20
269.579954
 42
-0.141756
  0
VERTEX
  8
0
 10
503.250526
 20
269.250175
 42
-0.243271
  0
VERTEX
  8
0
 10
502.237026
 20
269.409078
 42
-0.134073
  0
VERTEX
  8
0
 10
501.436755
 20
270.416197
 42
-0.098804
  0
VERTEX
  8
0
 10
501.106155
 20
271.983229
 42
-0.094621
  0
VERTEX
  8
0
 10
501.393537
 20
273.583158
 42
-0.154883
  0
VERTEX
  8
0
 10
502.218381
 20
274.616347
 42
-0.271668
  0
VERTEX
  8
0
 10
503.276661
 20
274.679078
 42
-0.183250
  0
VERTEX
  8
0
 10
504.181218
 20
273.682423
 42
-0.093904
  0
SEQEND
  0
POLYLINE
  8
0
 66
1
 70
1
  0
VERTEX
  8
0
 10
508.149832
 20
271.537196
 42
0.001688
  0
VERTEX
  8
0
 10
508.244039
 20
269.210786
 42
0.113705
  0
VERTEX
  8
0
 10
508.349316
 20
268.830817
 42
0.718276
  0
VERTEX
  8
0
 10
508.471461
 20
268.851998
 42
0.004179
  0
VERTEX
  8
0
 10
508.712049
 20
270.500000
 42
-0.040222
  0
VERTEX
  8
0
 10
508.984631
 20
271.736320
 42
-0.035308
  0
VERTEX
  8
0
 10
509.460402
 20
272.970300
 42
-0.036973
  0
VERTEX
  8
0
 10
510.053962
 20
274.025258
 42
-0.082384
  0
VERTEX
  8
0
 10
510.680542
 20
274.696764
 42
0.012129
  0
VERTEX
  8
0
 10
511.545448
 20
275.395971
 42
0.354696
  0
VERTEX
  8
0
 10
511.594175
 20
275.656373
 42
0.285180
  0
VERTEX
  8
0
 10
511.337983
 20
275.802537
 42
0.009510
  0
VERTEX
  8
0
 10
510.118325
 20
275.733960
 42
0.082118
  0
VERTEX
  8
0
 10
509.017078
 20
275.465570
 42
0.184370
  0
VERTEX
  8
0
 10
508.407643
 20
274.877488
 42
0.102495
  0
VERTEX
  8
0
 10
508.141961
 20
273.764401
 42
0.016782
  0
SEQEND
  0
POLYLINE
  8
0
 66
1
 70
1
  0
VERTEX
  8
0
 10
513.131641
 20
271.578100
 42
0.000000
  0
VERTEX
  8
0
 10
513.263282
 20
267.500000
 42
0.000000
  0
VERTEX
  8
0
 10
513.881641
 20
270.988647
 42
-0.034913
  0
VERTEX
  8
0
 10
514.256144
 20
272.485095
 42
-0.059966
  0
VERTEX
  8
0
 10
514.796988
 20
273.649565
 42
-0.077091
  0
VERTEX
  8
0
 10
515.472114
 20
274.437452
 42
-0.130606
  0
VERTEX
  8
0
 10
516.250000
 20
274.811971
 42
-0.119092
  0
VERTEX
  8
0
 10
517.118723
 20
274.770150
 42
-0.200365
  0
VERTEX
  8
0
 10
517.677386
 20
274.317766
 42
-0.097496
  0
VERTEX
  8
0
 10
517.992817
 20
273.299011
 42
-0.017869
  0
VERTEX
  8
0
 10
518.131641
 20
271.323324
 42
0.000000
  0
VERTEX
  8
0
 10
518.263282
 20
267.500000
 42
0.000000
  0
VERTEX
  8
0
 10
518.881641
 20
270.988647
 42
-0.063369
  0
VERTEX
  8
0
 10
519.780898
 20
273.875284
 42
-0.259361
  0
VERTEX
  8
0
 10
521.205879
 20
274.924539
 42
-0.328038
  0
VERTEX
  8
0
 10
522.555207
 20
274.175441
 42
-0.078471
  0
VERTEX
  8
0
 10
523.290843
 20
271.552345
 42
0.000000
  0
VERTEX
  8
0
 10
523.709689
 20
267.982693
 42
0.000000
  0
VERTEX
  8
0
 10
523.604845
 20
271.741346
 42
0.000000
  0
VERTEX
  8
0
 10
523.500000
 20
275.500000
 42
0.000000
  0
VERTEX
  8
0
 10
518.250000
 20
275.578100
 42
0.000000
  0
VERTEX
  8
0
 10
513.000000
 20
275.656200
 42
0.000000
  0
SEQEND
  0
POLYLINE
  8
0
 66
1
 70
1
  0
VERTEX
  8
0
 10
526.624622
 20
275.201643
 42
0.307086
  0
VERTEX
  8
0
 10
526.637324
 20
274.901649
 42
0.178194
  0
VERTEX
  8
0
 10
526.951714
 20
274.695713
 42
0.074270
  0
VERTEX
  8
0
 10
527.619899
 20
274.642849
 42
0.029901
  0
VERTEX
  8
0
 10
528.530262
 20
274.761034
 42
-0.067332
  0
VERTEX
  8
0
 10
530.356265
 20
274.860508
 42
-0.394982
  0
VERTEX
  8
0
 10
530.945964
 20
274.212617
 42
-0.278029
  0
VERTEX
  8
0
 10
530.373903
 20
273.292609
 42
-0.056620
  0
VERTEX
  8
0
 10
528.500000
 20
272.589356
 42
0.054602
  0
VERTEX
  8
0
 10
527.427299
 20
272.191699
 42
0.086603
  0
VERTEX
  8
0
 10
526.641553
 20
271.610486
 42
0.098722
  0
VERTEX
  8
0
 10
526.166275
 20
270.859667
 42
0.092143
  0
VERTEX
  8
0
 10
526.000000
 20
269.965064
 42
0.075836
  0
VERTEX
  8
0
 10
526.151289
 20
268.973326
 42
0.187958
  0
VERTEX
  8
0
 10
526.602466
 20
268.408899
 42
0.124597
  0
VERTEX
  8
0
 10
527.466572
 20
268.163270
 42
0.026277
  0
VERTEX
  8
0
 10
529.047469
 20
268.200440
 42
0.029861
  0
VERTEX
  8
0
 10
530.832355
 20
268.444246
 42
0.188331
  0
VERTEX
  8
0
 10
531.592180
 20
268.928873
 42
0.159928
  0
VERTEX
  8
0
 10
531.890290
 20
269.848226
 42
0.020097
  0
VERTEX
  8
0
 10
531.797469
 20
271.966325
 42
0.027960
  0
VERTEX
  8
0
 10
531.547749
 20
273.739786
 42
0.093417
  0
VERTEX
  8
0
 10
531.111502
 20
274.825420
 42
0.132180
  0
VERTEX
  8
0
 10
530.407602
 20
275.467600
 42
0.083995
  0
VERTEX
  8
0
 10
529.344360
 20
275.807186
 42
0.041939
  0
VERTEX
  8
0
 10
528.477875
 20
275.857255
 42
0.048279
  0
VERTEX
  8
0
 10
527.656235
 20
275.756022
 42
0.054713
  0
VERTEX
  8
0
 10
526.993736
 20
275.530289
 42
0.145900
  0
SEQEND
  0
POLYLINE
  8
0
 66
1
 70
1
  0
VERTEX
  8
0
 10
531.000000
 20
270.968615
 42
-0.213422
  0
VERTEX
  8
0
 10
530.621817
 20
270.122972
 42
-0.075769
  0
VERTEX
  8
0
 10
529.486858
 20
269.381846
 42
-0.076784
  0
VERTEX
  8
0
 10
528.197884
 20
269.019605
 42
-0.230479
  0
VERTEX
  8
0
 10
527.356736
 20
269.309930
 42
-0.242984
  0
VERTEX
  8
0
 10
527.115307
 20
270.067091
 42
-0.130219
  0
VERTEX
  8
0
 10
527.532249
 20
270.983357
 42
-0.102648
  0
VERTEX
  8
0
 10
528.459491
 20
271.733481
 42
-0.119467
  0
VERTEX
  8
0
 10
529.559017
 20
272.000000
 42
-0.069866
  0
VERTEX
  8
0
 10
530.109745
 20
271.922668
 42
-0.085761
  0
VERTEX
  8
0
 10
530.576711
 20
271.697031
 42
-0.100101
  0
VERTEX
  8
0
 10
530.888923
 20
271.361922
 42
-0.138501
  0
SEQEND
  0
POLYLINE
  8
0
 66
1
 70
1
  0
VERTEX
  8
0
 10
549.272364
 20
272.000000
 42
0.008087
  0
VERTEX
  8
0
 10
549.298431
 20
270.388510
 42
0.039503
  0
VERTEX
  8
0
 10
549.399666
 20
269.482812
 42
0.611425
  0
VERTEX
  8
0
 10
549.546986
 20
269.439977
 42
0.142433
  0
VERTEX
  8
0
 10
549.705733
 20
269.750000
 42
0.029693
  0
VERTEX
  8
0
 10
549.840649
 20
270.774707
 42
0.017887
  0
VERTEX
  8
0
 10
549.884498
 20
272.000000
 42
0.017887
  0
VERTEX
  8
0
 10
549.840649
 20
273.225293
 42
0.029693
  0
VERTEX
  8
0
 10
549.705733
 20
274.250000
 42
0.142433
  0
VERTEX
  8
0
 10
549.546986
 20
274.560023
 42
0.611425
  0
VERTEX
  8
0
 10
549.399666
 20
274.517188
 42
0.039503
  0
VERTEX
  8
0
 10
549.298431
 20
273.611490
 42
0.008087
  0
SEQEND
  0
POLYLINE
  8
0
 66
1
 70
1
  0
VERTEX
  8
0
 10
552.302348
 20
272.540664
 42
0.024166
  0
VERTEX
  8
0
 10
552.834023
 20
271.215740
 42
0.034018
  0
VERTEX
  8
0
 10
553.441940
 20
270.097508
 42
0.036199
  0
VERTEX
  8
0
 10
554.039004
 20
269.292780
 42
0.218402
  0
VERTEX
  8
0
 10
554.500000
 20
269.081328
 42
0.218402
  0
VERTEX
  8
0
 10
554.960996
 20
269.292780
 42
0.036199
  0
VERTEX
  8
0
 10
555.558060
 20
270.097508
 42
0.034018
  0
VERTEX
  8
0
 10
556.165977
 20
271.215740
 42
0.024166
  0
VERTEX
  8
0
 10
556.697652
 20
272.540664
 42
0.007212
  0
VERTEX
  8
0
 10
557.668400
 20
275.481126
 42
0.440974
  0
VERTEX
  8
0
 10
557.419335
 20
275.909940
 42
0.356408
  0
VERTEX
  8
0
 10
556.910511
 20
275.650967
 42
0.006960
  0
VERTEX
  8
0
 10
555.684045
 20
272.760898
 42
0.000000
  0
VERTEX
  8
0
 10
554.362353
 20
269.521795
 42
0.000000
  0
VERTEX
  8
0
 10
553.233196
 20
272.760898
 42
0.012875
  0
VERTEX
  8
0
 10
552.764291
 20
274.002219
 42
0.019755
  0
VERTEX
  8
0
 10
552.288950
 20
275.048514
 42
0.014951
  0
VERTEX
  8
0
 10
551.851168
 20
275.857861
 42
0.267377
  0
VERTEX
  8
0
 10
551.604367
 20
276.000000
 42
0.451501
  0
VERTEX
  8
0
 10
551.463087
 20
275.839757
 42
0.018373
  0
VERTEX
  8
0
 10
551.603284
 20
274.983820
 42
0.021419
  0
VERTEX
  8
0
 10
551.878737
 20
273.867541
 42
0.012134
  0
SEQEND
  0
POLYLINE
  8
0
 66
1
 70
1
  0
VERTEX
  8
0
 10
559.272364
 20
272.000000
 42
0.008087
  0
VERTEX
  8
0
 10
559.298431
 20
270.388510
 42
0.039503
  0
VERTEX
  8
0
 10
559.399666
 20
269.482812
 42
0.611425
  0
VERTEX
  8
0
 10
559.546986
 20
269.439977
 42
0.142433
  0
VERTEX
  8
0
 10
559.705733
 20
269.750000
 42
0.029693
  0
VERTEX
  8
0
 10
559.840649
 20
270.774707
 42
0.017887
  0
VERTEX
  8
0
 10
559.884498
 20
272.000000
 42
0.017887
  0
VERTEX
  8
0
 10
559.840649
 20
273.225293
 42
0.029693
  0
VERTEX
  8
0
 10
559.705733
 20
274.250000
 42
0.142433
  0
VERTEX
  8
0
 10
559.546986
 20
274.560023
 42
0.611425
  0
VERTEX
  8
0
 10
559.399666
 20
274.517188
 42
0.039503
  0
VERTEX
  8
0
 10
559.298431
 20
273.611490
 42
0.008087
  0
SEQEND
  0
POLYLINE
  8
0
 66
1
 70
1
  0
VERTEX
  8
0
 10
562.131641
 20
271.600914
 42
0.000000
  0
VERTEX
  8
0
 10
562.263282
 20
267.500000
 42
0.000000
  0
VERTEX
  8
0
 10
562.881641
 20
270.988647
 42
-0.065077
  0
VERTEX
  8
0
 10
563.768438
 20
273.801553
 42
-0.242176
  0
VERTEX
  8
0
 10
565.190403
 20
274.905661
 42
-0.332627
  0
VERTEX
  8
0
 10
566.532182
 20
274.245538
 42
-0.087752
  0
VERTEX
  8
0
 10
567.275423
 20
271.810999
 42
0.000000
  0
VERTEX
  8
0
 10
567.678849
 20
268.500000
 42
0.000000
  0
VERTEX
  8
0
 10
567.589425
 20
272.000000
 42
0.023084
  0
VERTEX
  8
0
 10
567.446941
 20
273.983698
 42
0.138333
  0
VERTEX
  8
0
 10
567.054517
 20
274.930862
 42
0.175714
  0
VERTEX
  8
0
 10
566.275954
 20
275.413806
 42
0.042690
  0
VERTEX
  8
0
 10
564.750000
 20
275.600914
 42
0.039931
  0
VERTEX
  8
0
 10
563.140608
 20
275.531442
 42
0.220535
  0
VERTEX
  8
0
 10
562.423281
 20
275.084626
 42
0.140201
  0
VERTEX
  8
0
 10
562.119533
 20
274.106193
 42
0.013629
  0
SEQEND
  0
POLYLINE
  8
0
 66
1
 70
1
  0
VERTEX
  8
0
 10
570.386334
 20
274.564387
 42
0.079858
  0
VERTEX
  8
0
 10
569.928302
 20
272.383689
 42
0.107388
  0
VERTEX
  8
0
 10
570.261407
 20
270.399209
 42
0.136725
  0
VERTEX
  8
0
 10
571.290504
 20
269.051179
 42
0.172467
  0
VERTEX
  8
0
 10
572.777450
 20
268.582350
 42
-0.045767
  0
VERTEX
  8
0
 10
573.622809
 20
268.535532
 42
-0.084688
  0
VERTEX
  8
0
 10
574.274668
 20
268.322570
 42
-0.135162
  0
VERTEX
  8
0
 10
574.633245
 20
267.986212
 42
-0.224986
  0
VERTEX
  8
0
 10
574.676241
 20
267.582350
 42
-0.152194
  0
VERTEX
  8
0
 10
574.372829
 20
267.173651
 42
-0.064582
  0
VERTEX
  8
0
 10
573.767930
 20
266.842304
 42
-0.055564
  0
VERTEX
  8
0
 10
572.978546
 20
266.631354
 42
-0.047064
  0
VERTEX
  8
0
 10
572.115851
 20
266.582940
 42
0.030422
  0
VERTEX
  8
0
 10
571.256122
 20
266.563311
 42
0.127753
  0
VERTEX
  8
0
 10
570.772682
 20
266.393506
 42
0.308818
  0
VERTEX
  8
0
 10
570.658506
 20
266.107504
 42
0.142496
  0
VERTEX
  8
0
 10
570.860840
 20
265.739160
 42
0.096594
  0
VERTEX
  8
0
 10
571.350219
 20
265.409500
 42
0.049280
  0
VERTEX
  8
0
 10
572.060601
 20
265.188400
 42
0.046406
  0
VERTEX
  8
0
 10
572.865027
 20
265.099138
 42
0.051488
  0
VERTEX
  8
0
 10
573.643780
 20
265.165586
 42
0.131529
  0
VERTEX
  8
0
 10
574.566604
 20
265.610860
 42
0.120288
  0
VERTEX
  8
0
 10
575.181179
 20
266.471260
 42
0.065218
  0
VERTEX
  8
0
 10
575.563916
 20
267.966593
 42
0.015426
  0
VERTEX
  8
0
 10
575.794568
 20
270.537569
 42
0.009836
  0
VERTEX
  8
0
 10
575.915708
 20
273.645812
 42
0.108160
  0
VERTEX
  8
0
 10
575.673954
 20
274.862149
 42
0.216063
  0
VERTEX
  8
0
 10
574.992057
 20
275.476740
 42
0.056402
  0
VERTEX
  8
0
 10
573.509983
 20
275.769864
 42
0.050408
  0
VERTEX
  8
0
 10
572.461143
 20
275.750819
 42
0.062436
  0
VERTEX
  8
0
 10
571.514025
 20
275.515428
 42
0.073300
  0
VERTEX
  8
0
 10
570.786567
 20
275.104068
 42
0.136693
  0
SEQEND
  0
POLYLINE
  8
0
 66
1
 70
1
  0
VERTEX
  8
0
 10
574.500000
 20
272.000000
 42
-0.093904
  0
VERTEX
  8
0
 10
574.181218
 20
270.317577
 42
-0.183250
  0
VERTEX
  8
0
 10
573.276661
 20
269.320922
 42
-0.271668
  0
VERTEX
  8
0
 10
572.218381
 20
269.383653
 42
-0.154883
  0
VERTEX
  8
0
 10
571.393537
 20
270.416842
 42
-0.094621
  0
VERTEX
  8
0
 10
571.106155
 20
272.016771
 42
-0.098804
  0
VERTEX
  8
0
 10
571.436755
 20
273.583803
 42
-0.134073
  0
VERTEX
  8
0
 10
572.237026
 20
274.590922
 42
-0.243271
  0
VERTEX
  8
0
 10
573.250526
 20
274.749825
 42
-0.141756
  0
VERTEX
  8
0
 10
573.729077
 20
274.420046
 42
-0.064911
  0
VERTEX
  8
0
 10
574.132967
 20
273.770261
 42
-0.056662
  0
VERTEX
  8
0
 10
574.407308
 20
272.923422
 42
-0.050064
  0
SEQEND
  0
POLYLINE
  8
0
 66
1
 70
1
  0
VERTEX
  8
0
 10
490.950906
 20
255.505055
 42
0.008104
  0
VERTEX
  8
0
 10
491.148022
 20
253.348644
 42
0.033113
  0
VERTEX
  8
0
 10
491.375012
 20
252.054003
 42
0.456025
  0
VERTEX
  8
0
 10
491.575612
 20
251.950759
 42
0.270702
  0
VERTEX
  8
0
 10
491.761483
 20
252.189423
 42
-0.051441
  0
VERTEX
  8
0
 10
492.077194
 20
253.503763
 42
-0.110082
  0
VERTEX
  8
0
 10
492.626649
 20
254.384433
 42
-0.109882
  0
VERTEX
  8
0
 10
493.498809
 20
254.949406
 42
-0.051139
  0
VERTEX
  8
0
 10
494.810577
 20
255.289591
 42
0.000000
  0
VERTEX
  8
0
 10
497.500000
 20
255.700336
 42
0.000000
  0
VERTEX
  8
0
 10
494.750000
 20
255.850168
 42
-0.039530
  0
VERTEX
  8
0
 10
493.454746
 20
256.024053
 42
-0.109582
  0
VERTEX
  8
0
 10
492.624338
 20
256.405663
 42
-0.143131
  0
VERTEX
  8
0
 10
492.161658
 20
257.030465
 42
-0.088499
  0
VERTEX
  8
0
 10
492.000000
 20
257.936642
 42
-0.099304
  0
VERTEX
  8
0
 10
492.187063
 20
258.869223
 42
-0.141985
  0
VERTEX
  8
0
 10
492.713208
 20
259.522523
 42
-0.096802
  0
VERTEX
  8
0
 10
493.679275
 20
259.951286
 42
-0.030258
  0
VERTEX
  8
0
 10
495.250000
 20
260.211553
 42
0.001570
  0
VERTEX
  8
0
 10
497.479880
 20
260.450727
 42
0.614004
  0
VERTEX
  8
0
 10
497.524299
 20
260.568915
 42
0.178409
  0
VERTEX
  8
0
 10
497.288228
 20
260.690585
 42
0.000830
  0
VERTEX
  8
0
 10
494.500000
 20
261.029966
 42
0.000000
  0
VERTEX
  8
0
 10
490.500000
 20
261.510109
 42
0.000000
  0
SEQEND
  0
POLYLINE
  8
0
 66
1
 70
1
  0
VERTEX
  8
0
 10
534.309869
 20
255.500000
 42
0.005499
  0
VERTEX
  8
0
 10
534.337136
 20
253.352754
 42
0.031761
  0
VERTEX
  8
0
 10
534.435944
 20
252.222448
 42
0.756877
  0
VERTEX
  8
0
 10
534.574262
 20
252.205163
 42
0.069146
  0
VERTEX
  8
0
 10
534.724731
 20
252.767909
 42
0.018638
  0
VERTEX
  8
0
 10
534.849672
 20
254.218327
 42
0.012590
  0
VERTEX
  8
0
 10
534.888655
 20
255.878422
 42
0.012695
  0
VERTEX
  8
0
 10
534.845055
 20
257.487453
 42
0.024559
  0
VERTEX
  8
0
 10
534.714526
 20
258.767909
 42
0.212532
  0
VERTEX
  8
0
 10
534.565802
 20
259.000181
 42
0.556092
  0
VERTEX
  8
0
 10
534.424528
 20
258.934948
 42
0.025342
  0
VERTEX
  8
0
 10
534.331591
 20
257.655786
 42
0.005888
  0
SEQEND
  0
POLYLINE
  8
0
 66
1
 70
1
  0
VERTEX
  8
0
 10
541.000000
 20
255.500000
 42
0.000000
  0
VERTEX
  8
0
 10
541.000000
 20
250.000000
 42
0.000000
  0
VERTEX
  8
0
 10
544.300000
 20
250.000000
 42
0.057917
  0
VERTEX
  8
0
 10
546.953170
 20
250.308361
 42
0.134842
  0
VERTEX
  8
0
 10
548.695310
 20
251.258912
 42
0.138825
  0
VERTEX
  8
0
 10
549.676967
 20
252.944493
 42
0.062953
  0
VERTEX
  8
0
 10
550.000000
 20
255.500000
 42
0.062953
  0
VERTEX
  8
0
 10
549.676967
 20
258.055507
 42
0.138825
  0
VERTEX
  8
0
 10
548.695310
 20
259.741088
 42
0.134842
  0
VERTEX
  8
0
 10
546.953170
 20
260.691639
 42
0.057917
  0
VERTEX
  8
0
 10
544.300000
 20
261.000000
 42
0.000000
  0
VERTEX
  8
0
 10
541.000000
 20
261.000000
 42
0.000000
  0
SEQEND
  0
POLYLINE
  8
0
 66
1
 70
1
  0
VERTEX
  8
0
 10
547.800000
 20
258.800000
 42
-0.153494
  0
VERTEX
  8
0
 10
549.021343
 20
256.458527
 42
-0.150615
  0
VERTEX
  8
0
 10
548.695631
 20
253.819585
 42
-0.146169
  0
VERTEX
  8
0
 10
546.923445
 20
251.766388
 42
-0.143075
  0
VERTEX
  8
0
 10
544.300000
 20
251.000000
 42
-0.072715
  0
VERTEX
  8
0
 10
543.045140
 20
251.183464
 42
-0.204780
  0
VERTEX
  8
0
 10
542.377778
 20
251.739130
 42
-0.105420
  0
VERTEX
  8
0
 10
542.068326
 20
252.891102
 42
-0.013093
  0
VERTEX
  8
0
 10
542.000000
 20
255.500000
 42
-0.013093
  0
VERTEX
  8
0
 10
542.068326
 20
258.108898
 42
-0.105420
  0
VERTEX
  8
0
 10
542.377778
 20
259.260870
 42
-0.204780
  0
VERTEX
  8
0
 10
543.045140
 20
259.816536
 42
-0.072715
  0
VERTEX
  8
0
 10
544.300000
 20
260.000000
 42
-0.045545
  0
VERTEX
  8
0
 10
545.268660
 20
259.911582
 42
-0.037078
  0
VERTEX
  8
0
 10
546.276875
 20
259.647500
 42
-0.038434
  0
VERTEX
  8
0
 10
547.174939
 20
259.260236
 42
-0.075503
  0
SEQEND
  0
POLYLINE
  8
0
 66
1
 70
1
  0
VERTEX
  8
0
 10
500.416448
 20
256.642863
 42
0.052330
  0
VERTEX
  8
0
 10
500.218704
 20
255.905003
 42
0.023278
  0
VERTEX
  8
0
 10
500.107297
 20
254.903016
 42
0.022737
  0
VERTEX
  8
0
 10
500.087056
 20
253.821794
 42
0.028506
  0
VERTEX
  8
0
 10
500.170919
 20
252.822726
 42
0.059858
  0
VERTEX
  8
0
 10
500.463946
 20
251.722609
 42
0.126539
  0
VERTEX
  8
0
 10
500.981510
 20
251.015181
 42
0.120685
  0
VERTEX
  8
0
 10
501.794571
 20
250.625214
 42
0.051798
  0
VERTEX
  8
0
 10
503.000000
 20
250.500000
 42
0.050766
  0
VERTEX
  8
0
 10
504.362220
 20
250.638668
 42
0.189121
  0
VERTEX
  8
0
 10
505.071429
 20
251.100000
 42
0.134430
  0
VERTEX
  8
0
 10
505.415691
 20
252.034425
 42
0.021436
  0
VERTEX
  8
0
 10
505.500000
 20
254.000000
 42
0.025158
  0
VERTEX
  8
0
 10
505.406922
 20
255.848683
 42
0.108558
  0
VERTEX
  8
0
 10
505.066099
 20
256.887996
 42
0.155405
  0
VERTEX
  8
0
 10
504.393989
 20
257.488638
 42
0.070090
  0
VERTEX
  8
0
 10
503.245529
 20
257.820137
 42
0.059656
  0
VERTEX
  8
0
 10
502.307820
 20
257.840664
 42
0.074400
  0
VERTEX
  8
0
 10
501.463703
 20
257.628890
 42
0.085215
  0
VERTEX
  8
0
 10
500.808423
 20
257.214075
 42
0.118047
  0
SEQEND
  0
POLYLINE
  8
0
 66
1
 70
1
  0
VERTEX
  8
0
 10
504.500000
 20
254.000000
 42
-0.050064
  0
VERTEX
  8
0
 10
504.407308
 20
253.076578
 42
-0.056662
  0
VERTEX
  8
0
 10
504.132967
 20
252.229739
 42
-0.064911
  0
VERTEX
  8
0
 10
503.729077
 20
251.579954
 42
-0.141756
  0
VERTEX
  8
0
 10
503.250526
 20
251.250175
 42
-0.243271
  0
VERTEX
  8
0
 10
502.237026
 20
251.409078
 42
-0.134073
  0
VERTEX
  8
0
 10
501.436755
 20
252.416197
 42
-0.098804
  0
VERTEX
  8
0
 10
501.106155
 20
253.983229
 42
-0.094621
  0
VERTEX
  8
0
 10
501.393537
 20
255.583158
 42
-0.154883
  0
VERTEX
  8
0
 10
502.218381
 20
256.616347
 42
-0.271668
  0
VERTEX
  8
0
 10
503.276661
 20
256.679078
 42
-0.183250
  0
VERTEX
  8
0
 10
504.181218
 20
255.682423
 42
-0.093904
  0
SEQEND
  0
POLYLINE
  8
0
 66
1
 70
1
  0
VERTEX
  8
0
 10
508.149832
 20
253.537196
 42
0.001688
  0
VERTEX
  8
0
 10
508.244039
 20
251.210786
 42
0.113705
  0
VERTEX
  8
0
 10
508.349316
 20
250.830817
 42
0.718276
  0
VERTEX
  8
0
 10
508.471461
 20
250.851998
 42
0.004179
  0
VERTEX
  8
0
 10
508.712049
 20
252.500000
 42
-0.040222
  0
VERTEX
  8
0
 10
508.984631
 20
253.736320
 42
-0.035308
  0
VERTEX
  8
0
 10
509.460402
 20
254.970300
 42
-0.036973
  0
VERTEX
  8
0
 10
510.053962
 20
256.025258
 42
-0.082384
  0
VERTEX
  8
0
 10
510.680542
 20
256.696764
 42
0.012129
  0
VERTEX
  8
0
 10
511.545448
 20
257.395971
 42
0.354696
  0
VERTEX
  8
0
 10
511.594175
 20
257.656373
 42
0.285180
  0
VERTEX
  8
0
 10
511.337983
 20
257.802537
 42
0.009510
  0
VERTEX
  8
0
 10
510.118325
 20
257.733960
 42
0.082118
  0
VERTEX
  8
0
 10
509.017078
 20
257.465570
 42
0.184370
  0
VERTEX
  8
0
 10
508.407643
 20
256.877488
 42
0.102495
  0
VERTEX
  8
0
 10
508.141961
 20
255.764401
 42
0.016782
  0
SEQEND
  0
POLYLINE
  8
0
 66
1
 70
1
  0
VERTEX
  8
0
 10
513.131641
 20
253.578100
 42
0.000000
  0
VERTEX
  8
0
 10
513.263282
 20
249.500000
 42
0.000000
  0
VERTEX
  8
0
 10
513.881641
 20
252.988647
 42
-0.034913
  0
VERTEX
  8
0
 10
514.256144
 20
254.485095
 42
-0.059966
  0
VERTEX
  8
0
 10
514.796988
 20
255.649565
 42
-0.077091
  0
VERTEX
  8
0
 10
515.472114
 20
256.437452
 42
-0.130606
  0
VERTEX
  8
0
 10
516.250000
 20
256.811971
 42
-0.119092
  0
VERTEX
  8
0
 10
517.118723
 20
256.770150
 42
-0.200365
  0
VERTEX
  8
0
 10
517.677386
 20
256.317766
 42
-0.097496
  0
VERTEX
  8
0
 10
517.992817
 20
255.299011
 42
-0.017869
  0
VERTEX
  8
0
 10
518.131641
 20
253.323324
 42
0.000000
  0
VERTEX
  8
0
 10
518.263282
 20
249.500000
 42
0.000000
  0
VERTEX
  8
0
 10
518.881641
 20
252.988647
 42
-0.063369
  0
VERTEX
  8
0
 10
519.780898
 20
255.875284
 42
-0.259361
  0
VERTEX
  8
0
 10
521.205879
 20
256.924539
 42
-0.328038
  0
VERTEX
  8
0
 10
522.555207
 20
256.175441
 42
-0.078471
  0
VERTEX
  8
0
 10
523.290843
 20
253.552345
 42
0.000000
  0
VERTEX
  8
0
 10
523.709689
 20
249.982693
 42
0.000000
  0
VERTEX
  8
0
 10
523.604845
 20
253.741346
 42
0.000000
  0
VERTEX
  8
0
 10
523.500000
 20
257.500000
 42
0.000000
  0
VERTEX
  8
0
 10
518.250000
 20
257.578100
 42
0.000000
  0
VERTEX
  8
0
 10
513.000000
 20
257.656200
 42
0.000000
  0
SEQEND
  0
POLYLINE
  8
0
 66
1
 70
1
  0
VERTEX
  8
0
 10
526.624622
 20
257.201643
 42
0.307086
  0
VERTEX
  8
0
 10
526.637324
 20
256.901649
 42
0.178194
  0
VERTEX
  8
0
 10
526.951714
 20
256.695713
 42
0.074270
  0
VERTEX
  8
0
 10
527.619899
 20
256.642849
 42
0.029901
  0
VERTEX
  8
0
 10
528.530262
 20
256.761034
 42
-0.067332
  0
VERTEX
  8
0
 10
530.356265
 20
256.860508
 42
-0.394982
  0
VERTEX
  8
0
 10
530.945964
 20
256.212617
 42
-0.278029
  0
VERTEX
  8
0
 10
530.373903
 20
255.292609
 42
-0.056620
  0
VERTEX
  8
0
 10
528.500000
 20
254.589356
 42
0.054602
  0
VERTEX
  8
0
 10
527.427299
 20
254.191699
 42
0.086603
  0
VERTEX
  8
0
 10
526.641553
 20
253.610486
 42
0.098722
  0
VERTEX
  8
0
 10
526.166275
 20
252.859667
 42
0.092143
  0
VERTEX
  8
0
 10
526.000000
 20
251.965064
 42
0.075836
  0
VERTEX
  8
0
 10
526.151289
 20
250.973326
 42
0.187958
  0
VERTEX
  8
0
 10
526.602466
 20
250.408899
 42
0.124597
  0
VERTEX
  8
0
 10
527.466572
 20
250.163270
 42
0.026277
  0
VERTEX
  8
0
 10
529.047469
 20
250.200440
 42
0.029861
  0
VERTEX
  8
0
 10
530.832355
 20
250.444246
 42
0.188331
  0
VERTEX
  8
0
 10
531.592180
 20
250.928873
 42
0.159928
  0
VERTEX
  8
0
 10
531.890290
 20
251.848226
 42
0.020097
  0
VERTEX
  8
0
 10
531.797469
 20
253.966325
 42
0.027960
  0
VERTEX
  8
0
 10
531.547749
 20
255.739786
 42
0.093417
  0
VERTEX
  8
0
 10
531.111502
 20
256.825420
 42
0.132180
  0
VERTEX
  8
0
 10
530.407602
 20
257.467600
 42
0.083995
  0
VERTEX
  8
0
 10
529.344360
 20
257.807186
 42
0.041939
  0
VERTEX
  8
0
 10
528.477875
 20
257.857255
 42
0.048279
  0
VERTEX
  8
0
 10
527.656235
 20
257.756022
 42
0.054713
  0
VERTEX
  8
0
 10
526.993736
 20
257.530289
 42
0.145900
  0
SEQEND
  0
POLYLINE
  8
0
 66
1
 70
1
  0
VERTEX
  8
0
 10
531.000000
 20
252.968615
 42
-0.213422
  0
VERTEX
  8
0
 10
530.621817
 20
252.122972
 42
-0.075769
  0
VERTEX
  8
0
 10
529.486858
 20
251.381846
 42
-0.076784
  0
VERTEX
  8
0
 10
528.197884
 20
251.019605
 42
-0.230479
  0
VERTEX
  8
0
 10
527.356736
 20
251.309930
 42
-0.242984
  0
VERTEX
  8
0
 10
527.115307
 20
252.067091
 42
-0.130219
  0
VERTEX
  8
0
 10
527.532249
 20
252.983357
 42
-0.102648
  0
VERTEX
  8
0
 10
528.459491
 20
253.733481
 42
-0.119467
  0
VERTEX
  8
0
 10
529.559017
 20
254.000000
 42
-0.069866
  0
VERTEX
  8
0
 10
530.109745
 20
253.922668
 42
-0.085761
  0
VERTEX
  8
0
 10
530.576711
 20
253.697031
 42
-0.100101
  0
VERTEX
  8
0
 10
530.888923
 20
253.361922
 42
-0.138501
  0
SEQEND
  0
POLYLINE
  8
0
 66
1
 70
1
  0
VERTEX
  8
0
 10
552.272364
 20
254.000000
 42
0.008087
  0
VERTEX
  8
0
 10
552.298431
 20
252.388510
 42
0.039503
  0
VERTEX
  8
0
 10
552.399666
 20
251.482812
 42
0.611425
  0
VERTEX
  8
0
 10
552.546986
 20
251.439977
 42
0.142433
  0
VERTEX
  8
0
 10
552.705733
 20
251.750000
 42
0.029693
  0
VERTEX
  8
0
 10
552.840649
 20
252.774707
 42
0.017887
  0
VERTEX
  8
0
 10
552.884498
 20
254.000000
 42
0.017887
  0
VERTEX
  8
0
 10
552.840649
 20
255.225293
 42
0.029693
  0
VERTEX
  8
0
 10
552.705733
 20
256.250000
 42
0.142433
  0
VERTEX
  8
0
 10
552.546986
 20
256.560023
 42
0.611425
  0
VERTEX
  8
0
 10
552.399666
 20
256.517188
 42
0.039503
  0
VERTEX
  8
0
 10
552.298431
 20
255.611490
 42
0.008087
  0
SEQEND
  0
POLYLINE
  8
0
 66
1
 70
1
  0
VERTEX
  8
0
 10
555.131641
 20
253.600914
 42
0.000000
  0
VERTEX
  8
0
 10
555.263282
 20
249.500000
 42
0.000000
  0
VERTEX
  8
0
 10
555.881641
 20
252.988647
 42
-0.065077
  0
VERTEX
  8
0
 10
556.768438
 20
255.801553
 42
-0.242176
  0
VERTEX
  8
0
 10
558.190403
 20
256.905661
 42
-0.332627
  0
VERTEX
  8
0
 10
559.532182
 20
256.245538
 42
-0.087752
  0
VERTEX
  8
0
 10
560.275423
 20
253.810999
 42
0.000000
  0
VERTEX
  8
0
 10
560.678849
 20
250.500000
 42
0.000000
  0
VERTEX
  8
0
 10
560.589425
 20
254.000000
 42
0.023084
  0
VERTEX
  8
0
 10
560.446941
 20
255.983698
 42
0.138333
  0
VERTEX
  8
0
 10
560.054517
 20
256.930862
 42
0.175714
  0
VERTEX
  8
0
 10
559.275954
 20
257.413806
 42
0.042690
  0
VERTEX
  8
0
 10
557.750000
 20
257.600914
 42
0.039931
  0
VERTEX
  8
0
 10
556.140608
 20
257.531442
 42
0.220535
  0
VERTEX
  8
0
 10
555.423281
 20
257.084626
 42
0.140201
  0
VERTEX
  8
0
 10
555.119533
 20
256.106193
 42
0.013629
  0
SEQEND
  0
POLYLINE
  8
0
 66
1
 70
1
  0
VERTEX
  8
0
 10
563.272364
 20
254.000000
 42
0.008087
  0
VERTEX
  8
0
 10
563.298431
 20
252.388510
 42
0.039503
  0
VERTEX
  8
0
 10
563.399666
 20
251.482812
 42
0.611425
  0
VERTEX
  8
0
 10
563.546986
 20
251.439977
 42
0.142433
  0
VERTEX
  8
0
 10
563.705733
 20
251.750000
 42
0.029693
  0
VERTEX
  8
0
 10
563.840649
 20
252.774707
 42
0.017887
  0
VERTEX
  8
0
 10
563.884498
 20
254.000000
 42
0.017887
  0
VERTEX
  8
0
 10
563.840649
 20
255.225293
 42
0.029693
  0
VERTEX
  8
0
 10
563.705733
 20
256.250000
 42
0.142433
  0
VERTEX
  8
0
 10
563.546986
 20
256.560023
 42
0.611425
  0
VERTEX
  8
0
 10
563.399666
 20
256.517188
 42
0.039503
  0
VERTEX
  8
0
 10
563.298431
 20
255.611490
 42
0.008087
  0
SEQEND
  0
POLYLINE
  8
0
 66
1
 70
1
  0
VERTEX
  8
0
 10
566.131641
 20
253.600914
 42
0.000000
  0
VERTEX
  8
0
 10
566.263282
 20
249.500000
 42
0.000000
  0
VERTEX
  8
0
 10
566.881641
 20
252.988647
 42
-0.065077
  0
VERTEX
  8
0
 10
567.768438
 20
255.801553
 42
-0.242176
  0
VERTEX
  8
0
 10
569.190403
 20
256.905661
 42
-0.332627
  0
VERTEX
  8
0
 10
570.532182
 20
256.245538
 42
-0.087752
  0
VERTEX
  8
0
 10
571.275423
 20
253.810999
 42
0.000000
  0
VERTEX
  8
0
 10
571.678849
 20
250.500000
 42
0.000000
  0
VERTEX
  8
0
 10
571.589425
 20
254.000000
 42
0.023084
  0
VERTEX
  8
0
 10
571.446941
 20
255.983698
 42
0.138333
  0
VERTEX
  8
0
 10
571.054517
 20
256.930862
 42
0.175714
  0
VERTEX
  8
0
 10
570.275954
 20
257.413806
 42
0.042690
  0
VERTEX
  8
0
 10
568.750000
 20
257.600914
 42
0.039931
  0
VERTEX
  8
0
 10
567.140608
 20
257.531442
 42
0.220535
  0
VERTEX
  8
0
 10
566.423281
 20
257.084626
 42
0.140201
  0
VERTEX
  8
0
 10
566.119533
 20
256.106193
 42
0.013629
  0
SEQEND
  0
POLYLINE
  8
0
 66
1
 70
1
  0
VERTEX
  8
0
 10
574.386334
 20
256.564387
 42
0.079858
  0
VERTEX
  8
0
 10
573.928302
 20
254.383689
 42
0.107388
  0
VERTEX
  8
0
 10
574.261407
 20
252.399209
 42
0.136725
  0
VERTEX
  8
0
 10
575.290504
 20
251.051179
 42
0.172467
  0
VERTEX
  8
0
 10
576.777450
 20
250.582350
 42
-0.045767
  0
VERTEX
  8
0
 10
577.622809
 20
250.535532
 42
-0.084688
  0
VERTEX
  8
0
 10
578.274668
 20
250.322570
 42
-0.135162
  0
VERTEX
  8
0
 10
578.633245
 20
249.986212
 42
-0.224986
  0
VERTEX
  8
0
 10
578.676241
 20
249.582350
 42
-0.152194
  0
VERTEX
  8
0
 10
578.372829
 20
249.173651
 42
-0.064582
  0
VERTEX
  8
0
 10
577.767930
 20
248.842304
 42
-0.055564
  0
VERTEX
  8
0
 10
576.978546
 20
248.631354
 42
-0.047064
  0
VERTEX
  8
0
 10
576.115851
 20
248.582940
 42
0.030422
  0
VERTEX
  8
0
 10
575.256122
 20
248.563311
 42
0.127753
  0
VERTEX
  8
0
 10
574.772682
 20
248.393506
 42
0.308818
  0
VERTEX
  8
0
 10
574.658506
 20
248.107504
 42
0.142496
  0
VERTEX
  8
0
 10
574.860840
 20
247.739160
 42
0.096594
  0
VERTEX
  8
0
 10
575.350219
 20
247.409500
 42
0.049280
  0
VERTEX
  8
0
 10
576.060601
 20
247.188400
 42
0.046406
  0
VERTEX
  8
0
 10
576.865027
 20
247.099138
 42
0.051488
  0
VERTEX
  8
0
 10
577.643780
 20
247.165586
 42
0.131529
  0
VERTEX
  8
0
 10
578.566604
 20
247.610860
 42
0.120288
  0
VERTEX
  8
0
 10
579.181179
 20
248.471260
 42
0.065218
  0
VERTEX
  8
0
 10
579.563916
 20
249.966593
 42
0.015426
  0
VERTEX
  8
0
 10
579.794568
 20
252.537569
 42
0.009836
  0
VERTEX
  8
0
 10
579.915708
 20
255.645812
 42
0.108160
  0
VERTEX
  8
0
 10
579.673954
 20
256.862149
 42
0.216063
  0
VERTEX
  8
0
 10
578.992057
 20
257.476740
 42
0.056402
  0
VERTEX
  8
0
 10
577.509983
 20
257.769864
 42
0.050408
  0
VERTEX
  8
0
 10
576.461143
 20
257.750819
 42
0.062436
  0
VERTEX
  8
0
 10
575.514025
 20
257.515428
 42
0.073300
  0
VERTEX
  8
0
 10
574.786567
 20
257.104068
 42
0.136693
  0
SEQEND
  0
POLYLINE
  8
0
 66
1
 70
1
  0
VERTEX
  8
0
 10
578.500000
 20
254.000000
 42
-0.050064
  0
VERTEX
  8
0
 10
578.407308
 20
253.076578
 42
-0.056662
  0
VERTEX
  8
0
 10
578.132967
 20
252.229739
 42
-0.064911
  0
VERTEX
  8
0
 10
577.729077
 20
251.579954
 42
-0.141756
  0
VERTEX
  8
0
 10
577.250526
 20
251.250175
 42
-0.243271
  0
VERTEX
  8
0
 10
576.237026
 20
251.409078
 42
-0.134073
  0
VERTEX
  8
0
 10
575.436755
 20
252.416197
 42
-0.098804
  0
VERTEX
  8
0
 10
575.106155
 20
253.983229
 42
-0.094621
  0
VERTEX
  8
0
 10
575.393537
 20
255.583158
 42
-0.154883
  0
VERTEX
  8
0
 10
576.218381
 20
256.616347
 42
-0.271668
  0
VERTEX
  8
0
 10
577.276661
 20
256.679078
 42
-0.183250
  0
VERTEX
  8
0
 10
578.181218
 20
255.682423
 42
-0.093904
  0
SEQEND
  0
POLYLINE
  8
0
 66
1
 70
1
  0
VERTEX
  8
0
 10
86.149832
 20
243.310365
 42
0.007104
  0
VERTEX
  8
0
 10
86.233275
 20
241.224869
 42
0.030928
  0
VERTEX
  8
0
 10
86.376357
 20
239.997327
 42
0.541653
  0
VERTEX
  8
0
 10
86.543072
 20
239.926821
 42
0.209630
  0
VERTEX
  8
0
 10
86.710578
 20
240.191172
 42
-0.051012
  0
VERTEX
  8
0
 10
87.069845
 20
241.578169
 42
-0.130913
  0
VERTEX
  8
0
 10
87.663641
 20
242.417467
 42
-0.115190
  0
VERTEX
  8
0
 10
88.649245
 20
242.912365
 42
-0.034876
  0
VERTEX
  8
0
 10
90.310746
 20
243.191172
 42
0.029622
  0
VERTEX
  8
0
 10
91.999822
 20
243.456412
 42
0.127451
  0
VERTEX
  8
0
 10
92.900192
 20
243.912097
 42
0.159252
  0
VERTEX
  8
0
 10
93.356894
 20
244.686432
 42
0.054312
  0
VERTEX
  8
0
 10
93.500000
 20
246.000000
 42
0.057780
  0
VERTEX
  8
0
 10
93.343009
 20
247.354003
 42
0.175983
  0
VERTEX
  8
0
 10
92.843963
 20
248.116939
 42
0.119894
  0
VERTEX
  8
0
 10
91.831091
 20
248.550542
 42
0.020819
  0
VERTEX
  8
0
 10
89.750000
 20
248.810365
 42
0.000000
  0
VERTEX
  8
0
 10
86.000000
 20
249.120731
 42
0.000000
  0
SEQEND
  0
POLYLINE
  8
0
 66
1
 70
1
  0
VERTEX
  8
0
 10
92.500000
 20
246.000000
 42
-0.154584
  0
VERTEX
  8
0
 10
92.301657
 20
245.373791
 42
-0.093669
  0
VERTEX
  8
0
 10
91.738930
 20
244.827559
 42
-0.072136
  0
VERTEX
  8
0
 10
90.861629
 20
244.414852
 42
-0.045313
  0
VERTEX
  8
0
 10
89.750000
 20
244.183578
 42
-0.030541
  0
VERTEX
  8
0
 10
88.313992
 20
244.106685
 42
-0.145046
  0
VERTEX
  8
0
 10
87.535250
 20
244.343872
 42
-0.189807
  0
VERTEX
  8
0
 10
87.127944
 20
244.924270
 42
-0.059260
  0
VERTEX
  8
0
 10
87.000000
 20
246.000000
 42
-0.059260
  0
VERTEX
  8
0
 10
87.127944
 20
247.075730
 42
-0.189807
  0
VERTEX
  8
0
 10
87.535250
 20
247.656128
 42
-0.145046
  0
VERTEX
  8
0
 10
88.313992
 20
247.893315
 42
-0.030541
  0
VERTEX
  8
0
 10
89.750000
 20
247.816422
 42
-0.045313
  0
VERTEX
  8
0
 10
90.861629
 20
247.585148
 42
-0.072136
  0
VERTEX
  8
0
 10
91.738930
 20
247.172441
 42
-0.093669
  0
VERTEX
  8
0
 10
92.301657
 20
246.626209
 42
-0.154584
  0
SEQEND
  0
POLYLINE
  8
0
 66
1
 70
1
  0
VERTEX
  8
0
 10
111.900000
 20
247.166667
 42
0.011279
  0
VERTEX
  8
0
 10
111.861372
 20
246.553838
 42
0.003281
  0
VERTEX
  8
0
 10
111.829375
 20
245.608333
 42
0.003296
  0
VERTEX
  8
0
 10
111.807341
 20
244.542705
 42
0.003520
  0
VERTEX
  8
0
 10
111.800000
 20
243.500000
 42
0.009096
  0
VERTEX
  8
0
 10
111.857766
 20
240.324754
 42
0.076453
  0
VERTEX
  8
0
 10
112.126186
 20
238.921410
 42
0.193562
  0
VERTEX
  8
0
 10
112.715187
 20
238.255238
 42
0.118844
  0
VERTEX
  8
0
 10
113.750000
 20
238.015313
 42
0.017913
  0
VERTEX
  8
0
 10
114.581770
 20
238.052410
 42
0.252473
  0
VERTEX
  8
0
 10
114.824018
 20
238.209398
 42
0.364239
  0
VERTEX
  8
0
 10
114.777109
 20
238.443909
 42
0.027365
  0
VERTEX
  8
0
 10
114.207578
 20
238.850548
 42
-0.143590
  0
VERTEX
  8
0
 10
113.706170
 20
239.421970
 42
-0.050963
  0
VERTEX
  8
0
 10
113.346986
 20
240.459894
 42
-0.043375
  0
VERTEX
  8
0
 10
113.152577
 20
241.794716
 42
-0.031305
  0
VERTEX
  8
0
 10
113.159585
 20
243.299895
 42
0.041011
  0
VERTEX
  8
0
 10
113.126341
 20
245.556396
 42
0.054604
  0
VERTEX
  8
0
 10
112.707555
 20
247.562434
 42
0.472691
  0
VERTEX
  8
0
 10
112.266588
 20
247.734873
 42
0.248676
  0
SEQEND
  0
POLYLINE
  8
0
 66
1
 70
1
  0
VERTEX
  8
0
 10
96.624622
 20
245.201643
 42
0.307086
  0
VERTEX
  8
0
 10
96.637324
 20
244.901649
 42
0.178194
  0
VERTEX
  8
0
 10
96.951714
 20
244.695713
 42
0.074270
  0
VERTEX
  8
0
 10
97.619899
 20
244.642849
 42
0.029901
  0
VERTEX
  8
0
 10
98.530262
 20
244.761034
 42
-0.067332
  0
VERTEX
  8
0
 10
100.356265
 20
244.860508
 42
-0.394982
  0
VERTEX
  8
0
 10
100.945964
 20
244.212617
 42
-0.278029
  0
VERTEX
  8
0
 10
100.373903
 20
243.292609
 42
-0.056620
  0
VERTEX
  8
0
 10
98.500000
 20
242.589356
 42
0.054602
  0
VERTEX
  8
0
 10
97.427299
 20
242.191699
 42
0.086603
  0
VERTEX
  8
0
 10
96.641553
 20
241.610486
 42
0.098722
  0
VERTEX
  8
0
 10
96.166275
 20
240.859667
 42
0.092143
  0
VERTEX
  8
0
 10
96.000000
 20
239.965064
 42
0.075836
  0
VERTEX
  8
0
 10
96.151289
 20
238.973326
 42
0.187958
  0
VERTEX
  8
0
 10
96.602466
 20
238.408899
 42
0.124597
  0
VERTEX
  8
0
 10
97.466572
 20
238.163270
 42
0.026277
  0
VERTEX
  8
0
 10
99.047469
 20
238.200440
 42
0.029861
  0
VERTEX
  8
0
 10
100.832355
 20
238.444246
 42
0.188331
  0
VERTEX
  8
0
 10
101.592180
 20
238.928873
 42
0.159928
  0
VERTEX
  8
0
 10
101.890290
 20
239.848226
 42
0.020097
  0
VERTEX
  8
0
 10
101.797469
 20
241.966325
 42
0.027960
  0
VERTEX
  8
0
 10
101.547749
 20
243.739786
 42
0.093417
  0
VERTEX
  8
0
 10
101.111502
 20
244.825420
 42
0.132180
  0
VERTEX
  8
0
 10
100.407602
 20
245.467600
 42
0.083995
  0
VERTEX
  8
0
 10
99.344360
 20
245.807186
 42
0.041939
  0
VERTEX
  8
0
 10
98.477875
 20
245.857255
 42
0.048279
  0
VERTEX
  8
0
 10
97.656235
 20
245.756022
 42
0.054713
  0
VERTEX
  8
0
 10
96.993736
 20
245.530289
 42
0.145900
  0
SEQEND
  0
POLYLINE
  8
0
 66
1
 70
1
  0
VERTEX
  8
0
 10
101.000000
 20
240.968615
 42
-0.213422
  0
VERTEX
  8
0
 10
100.621817
 20
240.122972
 42
-0.075769
  0
VERTEX
  8
0
 10
99.486858
 20
239.381846
 42
-0.076784
  0
VERTEX
  8
0
 10
98.197884
 20
239.019605
 42
-0.230479
  0
VERTEX
  8
0
 10
97.356736
 20
239.309930
 42
-0.242984
  0
VERTEX
  8
0
 10
97.115307
 20
240.067091
 42
-0.130219
  0
VERTEX
  8
0
 10
97.532249
 20
240.983357
 42
-0.102648
  0
VERTEX
  8
0
 10
98.459491
 20
241.733481
 42
-0.119467
  0
VERTEX
  8
0
 10
99.559017
 20
242.000000
 42
-0.069866
  0
VERTEX
  8
0
 10
100.109745
 20
241.922668
 42
-0.085761
  0
VERTEX
  8
0
 10
100.576711
 20
241.697031
 42
-0.100101
  0
VERTEX
  8
0
 10
100.888923
 20
241.361922
 42
-0.138501
  0
SEQEND
  0
POLYLINE
  8
0
 66
1
 70
1
  0
VERTEX
  8
0
 10
104.131641
 20
241.600914
 42
0.000000
  0
VERTEX
  8
0
 10
104.263282
 20
237.500000
 42
0.000000
  0
VERTEX
  8
0
 10
104.881641
 20
240.988647
 42
-0.065077
  0
VERTEX
  8
0
 10
105.768438
 20
243.801553
 42
-0.242176
  0
VERTEX
  8
0
 10
107.190403
 20
244.905661
 42
-0.332627
  0
VERTEX
  8
0
 10
108.532182
 20
244.245538
 42
-0.087752
  0
VERTEX
  8
0
 10
109.275423
 20
241.810999
 42
0.000000
  0
VERTEX
  8
0
 10
109.678849
 20
238.500000
 42
0.000000
  0
VERTEX
  8
0
 10
109.589425
 20
242.000000
 42
0.023084
  0
VERTEX
  8
0
 10
109.446941
 20
243.983698
 42
0.138333
  0
VERTEX
  8
0
 10
109.054517
 20
244.930862
 42
0.175714
  0
VERTEX
  8
0
 10
108.275954
 20
245.413806
 42
0.042690
  0
VERTEX
  8
0
 10
106.750000
 20
245.600914
 42
0.039931
  0
VERTEX
  8
0
 10
105.140608
 20
245.531442
 42
0.220535
  0
VERTEX
  8
0
 10
104.423281
 20
245.084626
 42
0.140201
  0
VERTEX
  8
0
 10
104.119533
 20
244.106193
 42
0.013629
  0
SEQEND
  0
POLYLINE
  8
0
 66
1
 70
1
  0
VERTEX
  8
0
 10
116.131641
 20
241.537292
 42
0.000000
  0
VERTEX
  8
0
 10
116.263282
 20
237.500000
 42
0.000000
  0
VERTEX
  8
0
 10
116.881641
 20
240.988647
 42
-0.063238
  0
VERTEX
  8
0
 10
117.805359
 20
243.956541
 42
-0.302189
  0
VERTEX
  8
0
 10
119.238179
 20
244.846541
 42
-0.257576
  0
VERTEX
  8
0
 10
120.824758
 20
243.905625
 42
-0.052438
  0
VERTEX
  8
0
 10
122.225869
 20
240.822393
 42
0.000000
  0
VERTEX
  8
0
 10
123.654285
 20
236.537145
 42
0.000000
  0
VERTEX
  8
0
 10
125.266445
 20
241.268572
 42
0.006120
  0
VERTEX
  8
0
 10
126.453312
 20
244.896711
 42
0.175272
  0
VERTEX
  8
0
 10
126.411587
 20
245.864132
 42
0.657112
  0
VERTEX
  8
0
 10
126.012648
 20
245.871296
 42
0.008186
  0
VERTEX
  8
0
 10
124.657284
 20
242.750000
 42
0.000000
  0
VERTEX
  8
0
 10
123.308832
 20
239.500000
 42
0.000000
  0
VERTEX
  8
0
 10
122.572837
 20
242.759668
 42
0.028399
  0
VERTEX
  8
0
 10
122.059555
 20
244.552432
 42
0.136266
  0
VERTEX
  8
0
 10
121.459542
 20
245.417357
 42
0.154085
  0
VERTEX
  8
0
 10
120.541536
 20
245.792210
 42
0.039509
  0
VERTEX
  8
0
 10
118.918421
 20
245.796961
 42
0.037483
  0
VERTEX
  8
0
 10
117.219415
 20
245.538476
 42
0.193758
  0
VERTEX
  8
0
 10
116.454887
 20
245.005628
 42
0.137815
  0
VERTEX
  8
0
 10
116.130343
 20
243.976313
 42
0.016033
  0
SEQEND
  0
POLYLINE
  8
0
 66
1
 70
1
  0
VERTEX
  8
0
 10
439.812500
 20
163.316886
 42
0.051402
  0
VERTEX
  8
0
 10
440.359369
 20
163.160852
 42
0.054150
  0
VERTEX
  8
0
 10
440.916927
 20
163.123424
 42
0.060344
  0
VERTEX
  8
0
 10
441.402231
 20
163.202593
 42
0.126455
  0
VERTEX
  8
0
 10
441.729167
 20
163.395833
 42
0.296942
  0
VERTEX
  8
0
 10
441.775380
 20
163.614691
 42
0.208169
  0
VERTEX
  8
0
 10
441.592839
 20
163.799335
 42
0.077125
  0
VERTEX
  8
0
 10
441.112848
 20
163.910055
 42
0.028489
  0
VERTEX
  8
0
 10
440.416667
 20
163.921053
 42
0.018894
  0
VERTEX
  8
0
 10
439.670344
 20
163.862007
 42
0.168741
  0
VERTEX
  8
0
 10
439.378580
 20
163.720685
 42
0.470617
  0
VERTEX
  8
0
 10
439.395823
 20
163.538436
 42
0.054073
  0
SEQEND
  0
POLYLINE
  8
0
 66
1
 70
1
  0
VERTEX
  8
0
 10
445.812500
 20
163.316886
 42
0.051402
  0
VERTEX
  8
0
 10
446.359369
 20
163.160852
 42
0.054150
  0
VERTEX
  8
0
 10
446.916927
 20
163.123424
 42
0.060344
  0
VERTEX
  8
0
 10
447.402231
 20
163.202593
 42
0.126455
  0
VERTEX
  8
0
 10
447.729167
 20
163.395833
 42
0.296942
  0
VERTEX
  8
0
 10
447.775380
 20
163.614691
 42
0.208169
  0
VERTEX
  8
0
 10
447.592839
 20
163.799335
 42
0.077125
  0
VERTEX
  8
0
 10
447.112848
 20
163.910055
 42
0.028489
  0
VERTEX
  8
0
 10
446.416667
 20
163.921053
 42
0.018894
  0
VERTEX
  8
0
 10
445.670344
 20
163.862007
 42
0.168741
  0
VERTEX
  8
0
 10
445.378580
 20
163.720685
 42
0.470617
  0
VERTEX
  8
0
 10
445.395823
 20
163.538436
 42
0.054073
  0
SEQEND
  0
POLYLINE
  8
0
 66
1
 70
1
  0
VERTEX
  8
0
 10
450.557637
 20
163.093259
 42
0.236417
  0
VERTEX
  8
0
 10
450.531490
 20
162.801120
 42
0.238295
  0
VERTEX
  8
0
 10
450.749762
 20
162.606613
 42
0.095442
  0
VERTEX
  8
0
 10
451.266748
 20
162.570513
 42
0.033809
  0
VERTEX
  8
0
 10
451.998620
 20
162.709890
 42
0.020231
  0
VERTEX
  8
0
 10
453.475053
 20
163.160521
 42
0.209047
  0
VERTEX
  8
0
 10
453.930595
 20
163.583925
 42
0.493596
  0
VERTEX
  8
0
 10
453.747863
 20
163.912738
 42
0.036651
  0
VERTEX
  8
0
 10
452.559017
 20
164.000000
 42
0.056553
  0
VERTEX
  8
0
 10
451.966253
 20
163.932740
 42
0.049897
  0
VERTEX
  8
0
 10
451.376706
 20
163.733645
 42
0.052741
  0
VERTEX
  8
0
 10
450.877374
 20
163.440555
 42
0.095554
  0
SEQEND
  0
POLYLINE
  8
0
 66
1
 70
1
  0
VERTEX
  8
0
 10
457.812500
 20
163.316886
 42
0.051402
  0
VERTEX
  8
0
 10
458.359369
 20
163.160852
 42
0.054150
  0
VERTEX
  8
0
 10
458.916927
 20
163.123424
 42
0.060344
  0
VERTEX
  8
0
 10
459.402231
 20
163.202593
 42
0.126455
  0
VERTEX
  8
0
 10
459.729167
 20
163.395833
 42
0.296942
  0
VERTEX
  8
0
 10
459.775380
 20
163.614691
 42
0.208169
  0
VERTEX
  8
0
 10
459.592839
 20
163.799335
 42
0.077125
  0
VERTEX
  8
0
 10
459.112848
 20
163.910055
 42
0.028489
  0
VERTEX
  8
0
 10
458.416667
 20
163.921053
 42
0.018894
  0
VERTEX
  8
0
 10
457.670344
 20
163.862007
 42
0.168741
  0
VERTEX
  8
0
 10
457.378580
 20
163.720685
 42
0.470617
  0
VERTEX
  8
0
 10
457.395823
 20
163.538436
 42
0.054073
  0
SEQEND
  0
POLYLINE
  8
0
 66
1
 70
1
  0
VERTEX
  8
0
 10
463.812500
 20
163.316886
 42
0.051402
  0
VERTEX
  8
0
 10
464.359369
 20
163.160852
 42
0.054150
  0
VERTEX
  8
0
 10
464.916927
 20
163.123424
 42
0.060344
  0
VERTEX
  8
0
 10
465.402231
 20
163.202593
 42
0.126455
  0
VERTEX
  8
0
 10
465.729167
 20
163.395833
 42
0.296942
  0
VERTEX
  8
0
 10
465.775380
 20
163.614691
 42
0.208169
  0
VERTEX
  8
0
 10
465.592839
 20
163.799335
 42
0.077125
  0
VERTEX
  8
0
 10
465.112848
 20
163.910055
 42
0.028489
  0
VERTEX
  8
0
 10
464.416667
 20
163.921053
 42
0.018894
  0
VERTEX
  8
0
 10
463.670344
 20
163.862007
 42
0.168741
  0
VERTEX
  8
0
 10
463.378580
 20
163.720685
 42
0.470617
  0
VERTEX
  8
0
 10
463.395823
 20
163.538436
 42
0.054073
  0
SEQEND
  0
POLYLINE
  8
0
 66
1
 70
1
  0
VERTEX
  8
0
 10
469.510081
 20
162.983688
 42
0.090427
  0
VERTEX
  8
0
 10
469.820631
 20
162.639411
 42
0.095498
  0
VERTEX
  8
0
 10
470.227140
 20
162.434921
 42
0.099685
  0
VERTEX
  8
0
 10
470.665803
 20
162.401101
 42
0.108373
  0
VERTEX
  8
0
 10
471.069098
 20
162.542705
 42
0.050477
  0
VERTEX
  8
0
 10
471.838655
 20
163.133140
 42
0.315493
  0
VERTEX
  8
0
 10
471.933879
 20
163.592818
 42
0.257010
  0
VERTEX
  8
0
 10
471.519563
 20
163.914842
 42
0.039415
  0
VERTEX
  8
0
 10
470.440983
 20
164.000000
 42
0.067432
  0
VERTEX
  8
0
 10
469.890269
 20
163.925389
 42
0.140899
  0
VERTEX
  8
0
 10
469.524436
 20
163.701458
 42
0.190788
  0
VERTEX
  8
0
 10
469.397824
 20
163.369640
 42
0.136093
  0
SEQEND
  0
POLYLINE
  8
0
 66
1
 70
1
  0
VERTEX
  8
0
 10
475.812500
 20
163.316886
 42
0.051402
  0
VERTEX
  8
0
 10
476.359369
 20
163.160852
 42
0.054150
  0
VERTEX
  8
0
 10
476.916927
 20
163.123424
 42
0.060344
  0
VERTEX
  8
0
 10
477.402231
 20
163.202593
 42
0.126455
  0
VERTEX
  8
0
 10
477.729167
 20
163.395833
 42
0.296942
  0
VERTEX
  8
0
 10
477.775380
 20
163.614691
 42
0.208169
  0
VERTEX
  8
0
 10
477.592839
 20
163.799335
 42
0.077125
  0
VERTEX
  8
0
 10
477.112848
 20
163.910055
 42
0.028489
  0
VERTEX
  8
0
 10
476.416667
 20
163.921053
 42
0.018894
  0
VERTEX
  8
0
 10
475.670344
 20
163.862007
 42
0.168741
  0
VERTEX
  8
0
 10
475.378580
 20
163.720685
 42
0.470617
  0
VERTEX
  8
0
 10
475.395823
 20
163.538436
 42
0.054073
  0
SEQEND
  0
POLYLINE
  8
0
 66
1
 70
1
  0
VERTEX
  8
0
 10
481.812500
 20
163.316886
 42
0.051402
  0
VERTEX
  8
0
 10
482.359369
 20
163.160852
 42
0.054150
  0
VERTEX
  8
0
 10
482.916927
 20
163.123424
 42
0.060344
  0
VERTEX
  8
0
 10
483.402231
 20
163.202593
 42
0.126455
  0
VERTEX
  8
0
 10
483.729167
 20
163.395833
 42
0.296942
  0
VERTEX
  8
0
 10
483.775380
 20
163.614691
 42
0.208169
  0
VERTEX
  8
0
 10
483.592839
 20
163.799335
 42
0.077125
  0
VERTEX
  8
0
 10
483.112848
 20
163.910055
 42
0.028489
  0
VERTEX
  8
0
 10
482.416667
 20
163.921053
 42
0.018894
  0
VERTEX
  8
0
 10
481.670344
 20
163.862007
 42
0.168741
  0
VERTEX
  8
0
 10
481.378580
 20
163.720685
 42
0.470617
  0
VERTEX
  8
0
 10
481.395823
 20
163.538436
 42
0.054073
  0
SEQEND
  0
POLYLINE
  8
0
 66
1
 70
1
  0
VERTEX
  8
0
 10
487.000000
 20
163.616631
 42
0.269441
  0
VERTEX
  8
0
 10
487.102895
 20
163.439552
 42
0.023164
  0
VERTEX
  8
0
 10
487.587905
 20
163.192137
 42
0.025605
  0
VERTEX
  8
0
 10
488.234464
 20
162.938235
 42
0.016806
  0
VERTEX
  8
0
 10
489.001380
 20
162.709890
 42
0.033809
  0
VERTEX
  8
0
 10
489.733252
 20
162.570513
 42
0.095442
  0
VERTEX
  8
0
 10
490.250238
 20
162.606613
 42
0.238295
  0
VERTEX
  8
0
 10
490.468510
 20
162.801120
 42
0.236417
  0
VERTEX
  8
0
 10
490.442363
 20
163.093259
 42
0.164455
  0
VERTEX
  8
0
 10
489.773988
 20
163.646277
 42
0.053640
  0
VERTEX
  8
0
 10
488.519337
 20
163.977438
 42
0.060354
  0
VERTEX
  8
0
 10
487.361711
 20
164.012550
 42
0.388023
  0
SEQEND
  0
POLYLINE
  8
0
 66
1
 70
1
  0
VERTEX
  8
0
 10
481.149832
 20
158.750000
 42
0.001181
  0
VERTEX
  8
0
 10
481.250037
 20
156.682643
 42
0.181961
  0
VERTEX
  8
0
 10
481.342192
 20
156.471064
 42
0.616768
  0
VERTEX
  8
0
 10
481.446166
 20
156.503830
 42
0.002084
  0
VERTEX
  8
0
 10
481.708947
 20
158.174274
 42
-0.025385
  0
VERTEX
  8
0
 10
482.047048
 20
159.819982
 42
-0.255613
  0
VERTEX
  8
0
 10
482.510066
 20
160.313135
 42
-0.169104
  0
VERTEX
  8
0
 10
483.304757
 20
160.298317
 42
-0.010524
  0
VERTEX
  8
0
 10
485.526996
 20
159.424274
 42
0.013157
  0
VERTEX
  8
0
 10
486.926070
 20
158.882483
 42
0.014383
  0
VERTEX
  8
0
 10
488.311060
 20
158.432120
 42
0.013928
  0
VERTEX
  8
0
 10
489.513477
 20
158.115121
 42
0.066694
  0
VERTEX
  8
0
 10
490.217881
 20
158.046774
 42
0.787923
  0
VERTEX
  8
0
 10
490.274985
 20
158.328965
 42
0.005169
  0
VERTEX
  8
0
 10
486.509566
 20
160.035195
 42
0.004930
  0
VERTEX
  8
0
 10
482.538116
 20
161.738971
 42
0.098351
  0
VERTEX
  8
0
 10
481.250000
 20
161.999185
 42
0.399548
  0
VERTEX
  8
0
 10
481.153908
 20
161.908407
 42
0.005693
  0
VERTEX
  8
0
 10
481.117451
 20
161.045073
 42
0.012025
  0
VERTEX
  8
0
 10
481.110349
 20
159.996133
 42
0.007198
  0
SEQEND
  0
POLYLINE
  8
0
 66
1
 70
1
  0
VERTEX
  8
0
 10
481.149832
 20
146.750000
 42
0.001181
  0
VERTEX
  8
0
 10
481.250037
 20
144.682643
 42
0.181961
  0
VERTEX
  8
0
 10
481.342192
 20
144.471064
 42
0.616768
  0
VERTEX
  8
0
 10
481.446166
 20
144.503830
 42
0.002084
  0
VERTEX
  8
0
 10
481.708947
 20
146.174274
 42
-0.025385
  0
VERTEX
  8
0
 10
482.047048
 20
147.819982
 42
-0.255613
  0
VERTEX
  8
0
 10
482.510066
 20
148.313135
 42
-0.169104
  0
VERTEX
  8
0
 10
483.304757
 20
148.298317
 42
-0.010524
  0
VERTEX
  8
0
 10
485.526996
 20
147.424274
 42
0.013157
  0
VERTEX
  8
0
 10
486.926070
 20
146.882483
 42
0.014383
  0
VERTEX
  8
0
 10
488.311060
 20
146.432120
 42
0.013928
  0
VERTEX
  8
0
 10
489.513477
 20
146.115121
 42
0.066694
  0
VERTEX
  8
0
 10
490.217881
 20
146.046774
 42
0.787923
  0
VERTEX
  8
0
 10
490.274985
 20
146.328965
 42
0.005169
  0
VERTEX
  8
0
 10
486.509566
 20
148.035195
 42
0.004930
  0
VERTEX
  8
0
 10
482.538116
 20
149.738971
 42
0.098351
  0
VERTEX
  8
0
 10
481.250000
 20
149.999185
 42
0.399548
  0
VERTEX
  8
0
 10
481.153908
 20
149.908407
 42
0.005693
  0
VERTEX
  8
0
 10
481.117451
 20
149.045073
 42
0.012025
  0
VERTEX
  8
0
 10
481.110349
 20
147.996133
 42
0.007198
  0
SEQEND
  0
POLYLINE
  8
0
 66
1
 70
1
  0
VERTEX
  8
0
 10
467.000000
 20
140.526113
 42
0.055857
  0
VERTEX
  8
0
 10
467.118682
 20
139.467055
 42
0.061902
  0
VERTEX
  8
0
 10
467.468597
 20
138.498977
 42
0.069224
  0
VERTEX
  8
0
 10
467.995482
 20
137.743054
 42
0.114863
  0
VERTEX
  8
0
 10
468.635923
 20
137.309468
 42
0.131956
  0
VERTEX
  8
0
 10
470.244864
 20
137.141514
 42
0.107197
  0
VERTEX
  8
0
 10
471.865726
 20
137.773850
 42
0.112520
  0
VERTEX
  8
0
 10
473.022103
 20
138.987697
 42
0.157633
  0
VERTEX
  8
0
 10
473.352941
 20
140.437410
 42
-0.067902
  0
VERTEX
  8
0
 10
473.381563
 20
141.042455
 42
-0.123456
  0
VERTEX
  8
0
 10
473.586029
 20
141.490012
 42
-0.164830
  0
VERTEX
  8
0
 10
473.929182
 20
141.709899
 42
-0.147520
  0
VERTEX
  8
0
 10
474.352941
 20
141.688787
 42
-0.163582
  0
VERTEX
  8
0
 10
474.771840
 20
141.358956
 42
-0.069244
  0
VERTEX
  8
0
 10
475.081172
 20
140.704004
 42
-0.058155
  0
VERTEX
  8
0
 10
475.243052
 20
139.847483
 42
-0.046975
  0
VERTEX
  8
0
 10
475.221261
 20
138.911028
 42
0.013526
  0
VERTEX
  8
0
 10
475.109186
 20
137.670446
 42
0.198566
  0
VERTEX
  8
0
 10
475.247992
 20
137.263861
 42
0.393978
  0
VERTEX
  8
0
 10
475.552307
 20
137.233584
 42
0.033502
  0
VERTEX
  8
0
 10
476.198784
 20
137.798784
 42
0.194391
  0
VERTEX
  8
0
 10
476.878624
 20
139.400475
 42
0.204527
  0
VERTEX
  8
0
 10
476.236051
 20
140.981320
 42
0.119342
  0
VERTEX
  8
0
 10
474.179550
 20
142.224334
 42
0.058095
  0
VERTEX
  8
0
 10
471.148155
 20
142.807498
 42
0.012983
  0
VERTEX
  8
0
 10
468.629000
 20
142.928586
 42
0.131981
  0
VERTEX
  8
0
 10
467.620880
 20
142.681477
 42
0.224509
  0
VERTEX
  8
0
 10
467.137667
 20
142.013528
 42
0.046179
  0
SEQEND
  0
POLYLINE
  8
0
 66
1
 70
1
  0
VERTEX
  8
0
 10
472.500000
 20
140.000000
 42
-0.139711
  0
VERTEX
  8
0
 10
472.329848
 20
139.402941
 42
-0.084080
  0
VERTEX
  8
0
 10
471.839063
 20
138.846757
 42
-0.072525
  0
VERTEX
  8
0
 10
471.110227
 20
138.414593
 42
-0.062417
  0
VERTEX
  8
0
 10
470.250000
 20
138.180449
 42
-0.046777
  0
VERTEX
  8
0
 10
469.141680
 20
138.127660
 42
-0.159873
  0
VERTEX
  8
0
 10
468.475614
 20
138.380618
 42
-0.169920
  0
VERTEX
  8
0
 10
468.112811
 20
138.966886
 42
-0.054436
  0
VERTEX
  8
0
 10
468.000000
 20
140.000000
 42
-0.054436
  0
VERTEX
  8
0
 10
468.112811
 20
141.033114
 42
-0.169920
  0
VERTEX
  8
0
 10
468.475614
 20
141.619382
 42
-0.159873
  0
VERTEX
  8
0
 10
469.141680
 20
141.872340
 42
-0.046777
  0
VERTEX
  8
0
 10
470.250000
 20
141.819551
 42
-0.062417
  0
VERTEX
  8
0
 10
471.110227
 20
141.585407
 42
-0.072525
  0
VERTEX
  8
0
 10
471.839063
 20
141.153243
 42
-0.084080
  0
VERTEX
  8
0
 10
472.329848
 20
140.597059
 42
-0.139711
  0
SEQEND
  0
POLYLINE
  8
0
 66
1
 70
1
  0
VERTEX
  8
0
 10
490.160037
 20
140.677420
 42
0.000000
  0
VERTEX
  8
0
 10
490.000000
 20
137.854840
 42
0.000000
  0
VERTEX
  8
0
 10
487.365141
 20
139.927420
 42
0.034800
  0
VERTEX
  8
0
 10
485.363882
 20
141.287597
 42
0.087255
  0
VERTEX
  8
0
 10
483.713497
 20
141.896220
 42
0.138942
  0
VERTEX
  8
0
 10
482.430307
 20
141.771509
 42
0.162462
  0
VERTEX
  8
0
 10
481.494469
 20
140.991051
 42
0.156957
  0
VERTEX
  8
0
 10
481.182714
 20
139.729138
 42
0.064659
  0
VERTEX
  8
0
 10
481.533714
 20
137.982476
 42
0.067508
  0
VERTEX
  8
0
 10
482.282093
 20
136.480524
 42
0.248356
  0
VERTEX
  8
0
 10
483.189832
 20
136.000000
 42
0.159323
  0
VERTEX
  8
0
 10
483.532723
 20
136.112106
 42
0.267046
  0
VERTEX
  8
0
 10
483.651991
 20
136.381418
 42
0.117116
  0
VERTEX
  8
0
 10
483.493633
 20
136.831701
 42
0.030354
  0
VERTEX
  8
0
 10
483.036355
 20
137.456195
 42
-0.107917
  0
VERTEX
  8
0
 10
482.438881
 20
138.610248
 42
-0.139917
  0
VERTEX
  8
0
 10
482.457038
 20
139.796180
 42
-0.164147
  0
VERTEX
  8
0
 10
483.076468
 20
140.666173
 42
-0.157963
  0
VERTEX
  8
0
 10
484.106766
 20
141.000000
 42
-0.142590
  0
VERTEX
  8
0
 10
484.633697
 20
140.846611
 42
-0.022392
  0
VERTEX
  8
0
 10
485.528323
 20
140.219584
 42
-0.023346
  0
VERTEX
  8
0
 10
486.542514
 20
139.360515
 42
-0.018483
  0
VERTEX
  8
0
 10
487.557679
 20
138.343263
 42
0.025903
  0
VERTEX
  8
0
 10
489.486627
 20
136.466851
 42
0.319874
  0
VERTEX
  8
0
 10
490.450442
 20
136.369542
 42
0.278617
  0
VERTEX
  8
0
 10
490.956489
 20
137.276813
 42
0.021854
  0
VERTEX
  8
0
 10
490.730566
 20
140.153862
 42
0.000961
  0
VERTEX
  8
0
 10
490.462177
 20
142.307387
 42
0.177426
  0
VERTEX
  8
0
 10
490.360510
 20
142.504057
 42
0.630456
  0
VERTEX
  8
0
 10
490.267405
 20
142.466596
 42
0.001650
  0
SEQEND
  0
POLYLINE
  8
0
 66
1
 70
1
  0
VERTEX
  8
0
 10
467.078947
 20
135.250000
 42
-0.132514
  0
VERTEX
  8
0
 10
466.915530
 20
134.767508
 42
-0.089104
  0
VERTEX
  8
0
 10
466.509128
 20
134.346541
 42
-0.078141
  0
VERTEX
  8
0
 10
465.924786
 20
134.050232
 42
-0.068404
  0
VERTEX
  8
0
 10
465.250000
 20
133.929715
 42
0.005195
  0
VERTEX
  8
0
 10
464.158206
 20
133.874499
 42
0.424953
  0
VERTEX
  8
0
 10
464.058797
 20
133.757955
 42
0.277683
  0
VERTEX
  8
0
 10
464.173264
 20
133.603944
 42
0.003653
  0
VERTEX
  8
0
 10
465.327244
 20
133.139533
 42
0.084934
  0
VERTEX
  8
0
 10
467.881008
 20
132.606303
 42
0.058542
  0
VERTEX
  8
0
 10
470.832918
 20
132.844650
 42
0.065659
  0
VERTEX
  8
0
 10
473.213953
 20
133.656625
 42
0.298168
  0
VERTEX
  8
0
 10
473.921053
 20
134.859406
 42
0.018854
  0
VERTEX
  8
0
 10
473.863982
 20
135.523032
 42
0.217663
  0
VERTEX
  8
0
 10
473.730262
 20
135.740094
 42
0.431821
  0
VERTEX
  8
0
 10
473.559404
 20
135.700945
 42
0.036705
  0
VERTEX
  8
0
 10
473.337719
 20
135.250000
 42
-0.133037
  0
VERTEX
  8
0
 10
472.975095
 20
134.771054
 42
-0.060902
  0
VERTEX
  8
0
 10
472.296080
 20
134.367188
 42
-0.054085
  0
VERTEX
  8
0
 10
471.429940
 20
134.092738
 42
-0.049739
  0
VERTEX
  8
0
 10
470.500000
 20
134.000000
 42
-0.049739
  0
VERTEX
  8
0
 10
469.570060
 20
134.092738
 42
-0.054085
  0
VERTEX
  8
0
 10
468.703920
 20
134.367188
 42
-0.060902
  0
VERTEX
  8
0
 10
468.024905
 20
134.771054
 42
-0.133037
  0
VERTEX
  8
0
 10
467.662281
 20
135.250000
 42
0.009076
  0
VERTEX
  8
0
 10
467.382013
 20
135.909806
 42
0.295955
  0
VERTEX
  8
0
 10
467.242982
 20
136.000000
 42
0.382689
  0
VERTEX
  8
0
 10
467.135242
 20
135.903389
 42
0.011437
  0
SEQEND
  0
POLYLINE
  8
0
 66
1
 70
1
  0
VERTEX
  8
0
 10
483.500000
 20
133.613322
 42
0.012007
  0
VERTEX
  8
0
 10
484.831107
 20
133.045379
 42
0.008454
  0
VERTEX
  8
0
 10
486.353125
 20
132.468376
 42
0.008537
  0
VERTEX
  8
0
 10
487.828829
 20
131.965574
 42
0.017685
  0
VERTEX
  8
0
 10
489.000000
 20
131.633935
 42
0.004559
  0
VERTEX
  8
0
 10
490.340243
 20
131.318061
 42
0.676624
  0
VERTEX
  8
0
 10
490.406471
 20
131.414161
 42
0.138074
  0
VERTEX
  8
0
 10
490.169110
 20
131.618207
 42
0.002088
  0
VERTEX
  8
0
 10
488.500000
 20
132.386678
 42
0.012007
  0
VERTEX
  8
0
 10
487.168893
 20
132.954621
 42
0.008454
  0
VERTEX
  8
0
 10
485.646875
 20
133.531624
 42
0.008537
  0
VERTEX
  8
0
 10
484.171171
 20
134.034426
 42
0.017685
  0
VERTEX
  8
0
 10
483.000000
 20
134.366065
 42
0.004559
  0
VERTEX
  8
0
 10
481.659757
 20
134.681939
 42
0.676624
  0
VERTEX
  8
0
 10
481.593529
 20
134.585839
 42
0.138074
  0
VERTEX
  8
0
 10
481.830890
 20
134.381793
 42
0.002088
  0
SEQEND
  0
POLYLINE
  8
0
 66
1
 70
1
  0
VERTEX
  8
0
 10
464.424909
 20
128.556835
 42
0.106081
  0
VERTEX
  8
0
 10
464.322480
 20
125.591826
 42
0.275592
  0
VERTEX
  8
0
 10
465.669215
 20
124.039728
 42
0.287017
  0
VERTEX
  8
0
 10
467.616896
 20
124.517838
 42
0.109343
  0
VERTEX
  8
0
 10
469.149845
 20
127.000000
 42
-0.039532
  0
VERTEX
  8
0
 10
470.042354
 20
129.028730
 42
-0.179914
  0
VERTEX
  8
0
 10
470.994888
 20
129.866362
 42
-0.310673
  0
VERTEX
  8
0
 10
471.904384
 20
129.646531
 42
-0.091452
  0
VERTEX
  8
0
 10
472.693865
 20
128.355392
 42
-0.100341
  0
VERTEX
  8
0
 10
472.823132
 20
127.585712
 42
-0.088566
  0
VERTEX
  8
0
 10
472.653077
 20
126.788991
 42
-0.078960
  0
VERTEX
  8
0
 10
472.190723
 20
126.025572
 42
-0.059389
  0
VERTEX
  8
0
 10
471.471350
 20
125.355392
 42
0.023721
  0
VERTEX
  8
0
 10
470.824054
 20
124.833227
 42
0.069574
  0
VERTEX
  8
0
 10
470.453383
 20
124.398147
 42
0.228159
  0
VERTEX
  8
0
 10
470.421985
 20
124.133451
 42
0.320390
  0
VERTEX
  8
0
 10
470.608870
 20
124.000000
 42
0.203240
  0
VERTEX
  8
0
 10
472.493284
 20
124.798980
 42
0.123929
  0
VERTEX
  8
0
 10
473.717684
 20
126.926772
 42
0.134680
  0
VERTEX
  8
0
 10
473.735862
 20
129.254111
 42
0.240600
  0
VERTEX
  8
0
 10
472.487265
 20
130.643260
 42
0.158111
  0
VERTEX
  8
0
 10
471.006151
 20
130.721510
 42
0.109775
  0
VERTEX
  8
0
 10
469.507929
 20
129.942441
 42
0.101710
  0
VERTEX
  8
0
 10
468.394859
 20
128.537164
 42
0.117324
  0
VERTEX
  8
0
 10
468.000000
 20
126.877555
 42
-0.052968
  0
VERTEX
  8
0
 10
467.923688
 20
126.159223
 42
-0.072790
  0
VERTEX
  8
0
 10
467.697031
 20
125.551532
 42
-0.092646
  0
VERTEX
  8
0
 10
467.362209
 20
125.143437
 42
-0.176536
  0
VERTEX
  8
0
 10
466.968615
 20
125.000000
 42
-0.215757
  0
VERTEX
  8
0
 10
465.961431
 20
125.455833
 42
-0.128604
  0
VERTEX
  8
0
 10
465.360654
 20
126.653351
 42
-0.106410
  0
VERTEX
  8
0
 10
465.364999
 20
128.189126
 42
-0.120040
  0
VERTEX
  8
0
 10
466.010569
 20
129.512735
 42
0.026334
  0
VERTEX
  8
0
 10
466.511227
 20
130.185074
 42
0.125555
  0
VERTEX
  8
0
 10
466.668597
 20
130.633360
 42
0.291780
  0
VERTEX
  8
0
 10
466.532155
 20
130.895447
 42
0.131502
  0
VERTEX
  8
0
 10
466.141497
 20
131.000000
 42
0.179916
  0
VERTEX
  8
0
 10
465.674466
 20
130.826326
 42
0.061647
  0
VERTEX
  8
0
 10
465.182100
 20
130.282320
 42
0.051715
  0
VERTEX
  8
0
 10
464.740863
 20
129.491896
 42
0.039995
  0
SEQEND
  0
POLYLINE
  8
0
 66
1
 70
1
  0
VERTEX
  8
0
 10
481.000000
 20
127.500000
 42
0.032714
  0
VERTEX
  8
0
 10
481.062724
 20
126.542347
 42
0.050289
  0
VERTEX
  8
0
 10
481.253015
 20
125.734375
 42
0.064968
  0
VERTEX
  8
0
 10
481.530586
 20
125.176307
 42
0.249889
  0
VERTEX
  8
0
 10
481.861328
 20
125.000000
 42
0.285831
  0
VERTEX
  8
0
 10
482.156008
 20
125.183445
 42
0.076393
  0
VERTEX
  8
0
 10
482.329256
 20
125.734375
 42
0.053628
  0
VERTEX
  8
0
 10
482.365641
 20
126.541823
 42
0.031701
  0
VERTEX
  8
0
 10
482.244751
 20
127.500000
 42
0.013875
  0
VERTEX
  8
0
 10
482.033865
 20
128.458200
 42
0.021857
  0
VERTEX
  8
0
 10
481.794600
 20
129.265625
 42
0.017542
  0
VERTEX
  8
0
 10
481.556361
 20
129.885601
 42
0.300822
  0
VERTEX
  8
0
 10
481.383423
 20
130.000000
 42
0.347462
  0
VERTEX
  8
0
 10
481.232649
 20
129.880837
 42
0.020244
  0
VERTEX
  8
0
 10
481.112630
 20
129.265625
 42
0.023639
  0
VERTEX
  8
0
 10
481.027631
 20
128.458419
 42
0.014412
  0
SEQEND
  0
POLYLINE
  8
0
 66
1
 70
1
  0
VERTEX
  8
0
 10
485.258752
 20
128.750000
 42
0.095202
  0
VERTEX
  8
0
 10
484.572354
 20
127.425445
 42
0.070888
  0
VERTEX
  8
0
 10
484.331071
 20
125.792958
 42
0.089434
  0
VERTEX
  8
0
 10
484.562728
 20
124.468807
 42
0.314606
  0
VERTEX
  8
0
 10
485.234054
 20
124.000000
 42
0.255502
  0
VERTEX
  8
0
 10
485.525986
 20
124.159597
 42
0.110303
  0
VERTEX
  8
0
 10
485.683115
 20
124.589418
 42
0.070293
  0
VERTEX
  8
0
 10
485.676894
 20
125.237480
 42
0.039365
  0
VERTEX
  8
0
 10
485.497928
 20
126.006529
 42
-0.067617
  0
VERTEX
  8
0
 10
485.323211
 20
127.010487
 42
-0.140307
  0
VERTEX
  8
0
 10
485.511807
 20
127.776117
 42
-0.122487
  0
VERTEX
  8
0
 10
486.102580
 20
128.392641
 42
-0.045432
  0
VERTEX
  8
0
 10
487.180540
 20
128.943143
 42
0.013637
  0
VERTEX
  8
0
 10
488.156730
 20
129.365840
 42
0.132403
  0
VERTEX
  8
0
 10
488.498636
 20
129.653345
 42
0.516747
  0
VERTEX
  8
0
 10
488.427928
 20
129.849749
 42
0.058163
  0
VERTEX
  8
0
 10
487.872445
 20
129.936614
 42
0.068205
  0
VERTEX
  8
0
 10
487.176889
 20
129.868741
 42
0.048213
  0
VERTEX
  8
0
 10
486.433306
 20
129.614193
 42
0.048401
  0
VERTEX
  8
0
 10
485.755981
 20
129.223768
 42
0.070925
  0
SEQEND
  0
POLYLINE
  8
0
 66
1
 70
1
  0
VERTEX
  8
0
 10
490.000000
 20
126.750000
 42
-0.072204
  0
VERTEX
  8
0
 10
489.906660
 20
126.107007
 42
-0.062877
  0
VERTEX
  8
0
 10
489.632812
 20
125.483607
 42
-0.065550
  0
VERTEX
  8
0
 10
489.227995
 20
124.973064
 42
-0.096788
  0
VERTEX
  8
0
 10
488.750000
 20
124.662281
 42
0.010270
  0
VERTEX
  8
0
 10
488.108770
 20
124.388093
 42
0.309320
  0
VERTEX
  8
0
 10
488.022180
 20
124.245655
 42
0.367180
  0
VERTEX
  8
0
 10
488.126789
 20
124.135049
 42
0.011982
  0
VERTEX
  8
0
 10
488.781385
 20
124.078947
 42
0.198531
  0
VERTEX
  8
0
 10
489.767995
 20
124.417363
 42
0.095004
  0
VERTEX
  8
0
 10
490.603018
 20
125.495595
 42
0.097661
  0
VERTEX
  8
0
 10
490.965404
 20
126.780882
 42
0.219819
  0
VERTEX
  8
0
 10
490.623539
 20
127.709795
 42
0.208648
  0
VERTEX
  8
0
 10
490.389012
 20
127.801841
 42
0.243994
  0
VERTEX
  8
0
 10
490.183164
 20
127.685065
 42
0.106677
  0
VERTEX
  8
0
 10
490.042847
 20
127.316295
 42
0.037777
  0
SEQEND
  0
POLYLINE
  8
0
 66
1
 70
1
  0
VERTEX
  8
0
 10
351.000000
 20
114.500000
 42
0.000000
  0
VERTEX
  8
0
 10
351.000000
 20
109.000000
 42
0.000000
  0
VERTEX
  8
0
 10
355.250000
 20
109.168103
 42
0.000000
  0
VERTEX
  8
0
 10
359.500000
 20
109.336206
 42
0.000000
  0
VERTEX
  8
0
 10
355.750000
 20
109.728468
 42
-0.023544
  0
VERTEX
  8
0
 10
353.900450
 20
110.010469
 42
-0.086631
  0
VERTEX
  8
0
 10
352.801926
 20
110.438082
 42
-0.143315
  0
VERTEX
  8
0
 10
352.213461
 20
111.079901
 42
-0.114843
  0
VERTEX
  8
0
 10
352.000000
 20
111.997007
 42
-0.107856
  0
VERTEX
  8
0
 10
352.194515
 20
112.888254
 42
-0.133118
  0
VERTEX
  8
0
 10
352.736778
 20
113.539363
 42
-0.091052
  0
VERTEX
  8
0
 10
353.713994
 20
113.987618
 42
-0.031260
  0
VERTEX
  8
0
 10
355.250000
 20
114.276604
 42
0.000000
  0
VERTEX
  8
0
 10
358.500000
 20
114.679926
 42
0.000000
  0
VERTEX
  8
0
 10
355.250000
 20
114.839963
 42
-0.028254
  0
VERTEX
  8
0
 10
353.641559
 20
115.010605
 42
-0.103216
  0
VERTEX
  8
0
 10
352.689521
 20
115.377560
 42
-0.156121
  0
VERTEX
  8
0
 10
352.179947
 20
115.998177
 42
-0.094711
  0
VERTEX
  8
0
 10
352.000000
 20
116.939635
 42
-0.106875
  0
VERTEX
  8
0
 10
352.207372
 20
117.898712
 42
-0.148219
  0
VERTEX
  8
0
 10
352.783897
 20
118.555808
 42
-0.090066
  0
VERTEX
  8
0
 10
353.873130
 20
118.986668
 42
-0.023205
  0
VERTEX
  8
0
 10
355.750000
 20
119.271532
 42
0.000000
  0
VERTEX
  8
0
 10
359.500000
 20
119.663794
 42
0.000000
  0
VERTEX
  8
0
 10
355.250000
 20
119.831897
 42
0.000000
  0
VERTEX
  8
0
 10
351.000000
 20
120.000000
 42
0.000000
  0
SEQEND
  0
POLYLINE
  8
0
 66
1
 70
1
  0
VERTEX
  8
0
 10
368.833619
 20
118.000858
 42
0.068754
  0
VERTEX
  8
0
 10
368.709521
 20
117.335734
 42
0.011835
  0
VERTEX
  8
0
 10
368.679305
 20
116.050040
 42
0.012690
  0
VERTEX
  8
0
 10
368.718187
 20
114.528601
 42
0.011037
  0
VERTEX
  8
0
 10
368.834488
 20
112.938358
 42
0.022671
  0
VERTEX
  8
0
 10
369.096594
 20
111.083940
 42
0.072594
  0
VERTEX
  8
0
 10
369.500958
 20
109.906009
 42
0.124521
  0
VERTEX
  8
0
 10
370.079184
 20
109.251213
 42
0.153427
  0
VERTEX
  8
0
 10
370.855035
 20
109.015313
 42
0.018049
  0
VERTEX
  8
0
 10
371.650163
 20
109.051439
 42
0.279424
  0
VERTEX
  8
0
 10
371.862646
 20
109.205210
 42
0.340923
  0
VERTEX
  8
0
 10
371.802243
 20
109.434363
 42
0.022653
  0
VERTEX
  8
0
 10
371.207578
 20
109.850548
 42
-0.143590
  0
VERTEX
  8
0
 10
370.706170
 20
110.421970
 42
-0.050963
  0
VERTEX
  8
0
 10
370.346986
 20
111.459894
 42
-0.043375
  0
VERTEX
  8
0
 10
370.152577
 20
112.794716
 42
-0.031305
  0
VERTEX
  8
0
 10
370.159585
 20
114.299895
 42
0.027998
  0
VERTEX
  8
0
 10
370.186227
 20
116.665342
 42
0.074967
  0
VERTEX
  8
0
 10
369.861610
 20
118.314321
 42
0.420046
  0
VERTEX
  8
0
 10
369.356896
 20
118.546670
 42
0.224970
  0
SEQEND
  0
POLYLINE
  8
0
 66
1
 70
1
  0
VERTEX
  8
0
 10
464.356740
 20
116.487265
 42
0.162749
  0
VERTEX
  8
0
 10
464.286809
 20
114.889438
 42
0.131640
  0
VERTEX
  8
0
 10
465.175279
 20
113.409618
 42
0.107934
  0
VERTEX
  8
0
 10
466.868237
 20
112.364004
 42
0.084763
  0
VERTEX
  8
0
 10
469.000000
 20
112.000000
 42
0.084804
  0
VERTEX
  8
0
 10
471.148423
 20
112.367028
 42
0.110589
  0
VERTEX
  8
0
 10
472.834814
 20
113.421233
 42
0.134113
  0
VERTEX
  8
0
 10
473.704610
 20
114.922248
 42
0.157524
  0
VERTEX
  8
0
 10
473.616346
 20
116.557402
 42
0.209125
  0
VERTEX
  8
0
 10
472.488215
 20
117.700715
 42
0.155179
  0
VERTEX
  8
0
 10
470.696736
 20
117.829695
 42
0.137352
  0
VERTEX
  8
0
 10
468.999240
 20
116.882357
 42
0.163354
  0
VERTEX
  8
0
 10
468.180449
 20
115.250000
 42
-0.061679
  0
VERTEX
  8
0
 10
467.790194
 20
113.807870
 42
-0.193412
  0
VERTEX
  8
0
 10
467.104794
 20
113.100446
 42
-0.264118
  0
VERTEX
  8
0
 10
466.285836
 20
113.180416
 42
-0.101203
  0
VERTEX
  8
0
 10
465.472927
 20
114.043805
 42
-0.126816
  0
VERTEX
  8
0
 10
465.315382
 20
114.550789
 42
-0.067771
  0
VERTEX
  8
0
 10
465.372327
 20
115.208749
 42
-0.060580
  0
VERTEX
  8
0
 10
465.622232
 20
115.909241
 42
-0.057320
  0
VERTEX
  8
0
 10
466.036355
 20
116.543805
 42
0.021914
  0
VERTEX
  8
0
 10
466.574030
 20
117.252693
 42
0.142843
  0
VERTEX
  8
0
 10
466.713808
 20
117.672634
 42
0.320315
  0
VERTEX
  8
0
 10
466.555136
 20
117.913539
 42
0.092359
  0
VERTEX
  8
0
 10
466.091060
 20
118.000000
 42
0.114065
  0
VERTEX
  8
0
 10
465.606664
 20
117.888038
 42
0.065836
  0
VERTEX
  8
0
 10
465.105649
 20
117.555634
 42
0.060436
  0
VERTEX
  8
0
 10
464.664702
 20
117.065687
 42
0.061496
  0
SEQEND
  0
POLYLINE
  8
0
 66
1
 70
1
  0
VERTEX
  8
0
 10
472.811841
 20
115.261484
 42
-0.143076
  0
VERTEX
  8
0
 10
472.064160
 20
113.805748
 42
-0.183129
  0
VERTEX
  8
0
 10
470.717666
 20
113.155562
 42
-0.232055
  0
VERTEX
  8
0
 10
469.511028
 20
113.621394
 42
-0.188778
  0
VERTEX
  8
0
 10
469.000000
 20
114.926676
 42
-0.067185
  0
VERTEX
  8
0
 10
469.125458
 20
115.856143
 42
-0.129990
  0
VERTEX
  8
0
 10
469.500000
 20
116.500000
 42
-0.129990
  0
VERTEX
  8
0
 10
470.143857
 20
116.874542
 42
-0.067185
  0
VERTEX
  8
0
 10
471.073324
 20
117.000000
 42
-0.055256
  0
VERTEX
  8
0
 10
471.988401
 20
116.898563
 42
-0.142094
  0
VERTEX
  8
0
 10
472.565907
 20
116.580742
 42
-0.164476
  0
VERTEX
  8
0
 10
472.833970
 20
116.038825
 42
-0.081073
  0
SEQEND
  0
POLYLINE
  8
0
 66
1
 70
1
  0
VERTEX
  8
0
 10
481.149832
 20
114.750000
 42
0.001181
  0
VERTEX
  8
0
 10
481.250037
 20
112.682643
 42
0.181961
  0
VERTEX
  8
0
 10
481.342192
 20
112.471064
 42
0.616768
  0
VERTEX
  8
0
 10
481.446166
 20
112.503830
 42
0.002084
  0
VERTEX
  8
0
 10
481.708947
 20
114.174274
 42
-0.025385
  0
VERTEX
  8
0
 10
482.047048
 20
115.819982
 42
-0.255613
  0
VERTEX
  8
0
 10
482.510066
 20
116.313135
 42
-0.169104
  0
VERTEX
  8
0
 10
483.304757
 20
116.298317
 42
-0.010524
  0
VERTEX
  8
0
 10
485.526996
 20
115.424274
 42
0.013157
  0
VERTEX
  8
0
 10
486.926070
 20
114.882483
 42
0.014383
  0
VERTEX
  8
0
 10
488.311060
 20
114.432120
 42
0.013928
  0
VERTEX
  8
0
 10
489.513477
 20
114.115121
 42
0.066694
  0
VERTEX
  8
0
 10
490.217881
 20
114.046774
 42
0.787923
  0
VERTEX
  8
0
 10
490.274985
 20
114.328965
 42
0.005169
  0
VERTEX
  8
0
 10
486.509566
 20
116.035195
 42
0.004930
  0
VERTEX
  8
0
 10
482.538116
 20
117.738971
 42
0.098351
  0
VERTEX
  8
0
 10
481.250000
 20
117.999185
 42
0.399548
  0
VERTEX
  8
0
 10
481.153908
 20
117.908407
 42
0.005693
  0
VERTEX
  8
0
 10
481.117451
 20
117.045073
 42
0.012025
  0
VERTEX
  8
0
 10
481.110349
 20
115.996133
 42
0.007198
  0
SEQEND
  0
POLYLINE
  8
0
 66
1
 70
1
  0
VERTEX
  8
0
 10
361.131641
 20
112.600914
 42
0.000000
  0
VERTEX
  8
0
 10
361.263282
 20
108.500000
 42
0.000000
  0
VERTEX
  8
0
 10
361.881641
 20
111.988647
 42
-0.065077
  0
VERTEX
  8
0
 10
362.768438
 20
114.801553
 42
-0.242176
  0
VERTEX
  8
0
 10
364.190403
 20
115.905661
 42
-0.332627
  0
VERTEX
  8
0
 10
365.532182
 20
115.245538
 42
-0.087752
  0
VERTEX
  8
0
 10
366.275423
 20
112.810999
 42
0.000000
  0
VERTEX
  8
0
 10
366.678849
 20
109.500000
 42
0.000000
  0
VERTEX
  8
0
 10
366.589425
 20
113.000000
 42
0.023084
  0
VERTEX
  8
0
 10
366.446941
 20
114.983698
 42
0.138333
  0
VERTEX
  8
0
 10
366.054517
 20
115.930862
 42
0.175714
  0
VERTEX
  8
0
 10
365.275954
 20
116.413806
 42
0.042690
  0
VERTEX
  8
0
 10
363.750000
 20
116.600914
 42
0.039931
  0
VERTEX
  8
0
 10
362.140608
 20
116.531442
 42
0.220535
  0
VERTEX
  8
0
 10
361.423281
 20
116.084626
 42
0.140201
  0
VERTEX
  8
0
 10
361.119533
 20
115.106193
 42
0.013629
  0
SEQEND
  0
POLYLINE
  8
0
 66
1
 70
1
  0
VERTEX
  8
0
 10
373.149832
 20
112.537196
 42
0.001688
  0
VERTEX
  8
0
 10
373.244039
 20
110.210786
 42
0.113705
  0
VERTEX
  8
0
 10
373.349316
 20
109.830817
 42
0.718276
  0
VERTEX
  8
0
 10
373.471461
 20
109.851998
 42
0.004179
  0
VERTEX
  8
0
 10
373.712049
 20
111.500000
 42
-0.040222
  0
VERTEX
  8
0
 10
373.984631
 20
112.736320
 42
-0.035308
  0
VERTEX
  8
0
 10
374.460402
 20
113.970300
 42
-0.036973
  0
VERTEX
  8
0
 10
375.053962
 20
115.025258
 42
-0.082384
  0
VERTEX
  8
0
 10
375.680542
 20
115.696764
 42
0.012129
  0
VERTEX
  8
0
 10
376.545448
 20
116.395971
 42
0.354696
  0
VERTEX
  8
0
 10
376.594175
 20
116.656373
 42
0.285180
  0
VERTEX
  8
0
 10
376.337983
 20
116.802537
 42
0.009510
  0
VERTEX
  8
0
 10
375.118325
 20
116.733960
 42
0.082118
  0
VERTEX
  8
0
 10
374.017078
 20
116.465570
 42
0.184370
  0
VERTEX
  8
0
 10
373.407643
 20
115.877488
 42
0.102495
  0
VERTEX
  8
0
 10
373.141961
 20
114.764401
 42
0.016782
  0
SEQEND
  0
POLYLINE
  8
0
 66
1
 70
1
  0
VERTEX
  8
0
 10
378.624622
 20
116.201643
 42
0.307086
  0
VERTEX
  8
0
 10
378.637324
 20
115.901649
 42
0.178194
  0
VERTEX
  8
0
 10
378.951714
 20
115.695713
 42
0.074270
  0
VERTEX
  8
0
 10
379.619899
 20
115.642849
 42
0.029901
  0
VERTEX
  8
0
 10
380.530262
 20
115.761034
 42
-0.067332
  0
VERTEX
  8
0
 10
382.356265
 20
115.860508
 42
-0.394982
  0
VERTEX
  8
0
 10
382.945964
 20
115.212617
 42
-0.278029
  0
VERTEX
  8
0
 10
382.373903
 20
114.292609
 42
-0.056620
  0
VERTEX
  8
0
 10
380.500000
 20
113.589356
 42
0.054602
  0
VERTEX
  8
0
 10
379.427299
 20
113.191699
 42
0.086603
  0
VERTEX
  8
0
 10
378.641553
 20
112.610486
 42
0.098722
  0
VERTEX
  8
0
 10
378.166275
 20
111.859667
 42
0.092143
  0
VERTEX
  8
0
 10
378.000000
 20
110.965064
 42
0.075836
  0
VERTEX
  8
0
 10
378.151289
 20
109.973326
 42
0.187958
  0
VERTEX
  8
0
 10
378.602466
 20
109.408899
 42
0.124597
  0
VERTEX
  8
0
 10
379.466572
 20
109.163270
 42
0.026277
  0
VERTEX
  8
0
 10
381.047469
 20
109.200440
 42
0.029861
  0
VERTEX
  8
0
 10
382.832355
 20
109.444246
 42
0.188331
  0
VERTEX
  8
0
 10
383.592180
 20
109.928873
 42
0.159928
  0
VERTEX
  8
0
 10
383.890290
 20
110.848226
 42
0.020097
  0
VERTEX
  8
0
 10
383.797469
 20
112.966325
 42
0.027960
  0
VERTEX
  8
0
 10
383.547749
 20
114.739786
 42
0.093417
  0
VERTEX
  8
0
 10
383.111502
 20
115.825420
 42
0.132180
  0
VERTEX
  8
0
 10
382.407602
 20
116.467600
 42
0.083995
  0
VERTEX
  8
0
 10
381.344360
 20
116.807186
 42
0.041939
  0
VERTEX
  8
0
 10
380.477875
 20
116.857255
 42
0.048279
  0
VERTEX
  8
0
 10
379.656235
 20
116.756022
 42
0.054713
  0
VERTEX
  8
0
 10
378.993736
 20
116.530289
 42
0.145900
  0
SEQEND
  0
POLYLINE
  8
0
 66
1
 70
1
  0
VERTEX
  8
0
 10
383.000000
 20
111.968615
 42
-0.213422
  0
VERTEX
  8
0
 10
382.621817
 20
111.122972
 42
-0.075769
  0
VERTEX
  8
0
 10
381.486858
 20
110.381846
 42
-0.076784
  0
VERTEX
  8
0
 10
380.197884
 20
110.019605
 42
-0.230479
  0
VERTEX
  8
0
 10
379.356736
 20
110.309930
 42
-0.242984
  0
VERTEX
  8
0
 10
379.115307
 20
111.067091
 42
-0.130219
  0
VERTEX
  8
0
 10
379.532249
 20
111.983357
 42
-0.102648
  0
VERTEX
  8
0
 10
380.459491
 20
112.733481
 42
-0.119467
  0
VERTEX
  8
0
 10
381.559017
 20
113.000000
 42
-0.069866
  0
VERTEX
  8
0
 10
382.109745
 20
112.922668
 42
-0.085761
  0
VERTEX
  8
0
 10
382.576711
 20
112.697031
 42
-0.100101
  0
VERTEX
  8
0
 10
382.888923
 20
112.361922
 42
-0.138501
  0
SEQEND
  0
POLYLINE
  8
0
 66
1
 70
1
  0
VERTEX
  8
0
 10
386.131641
 20
112.600914
 42
0.000000
  0
VERTEX
  8
0
 10
386.263282
 20
108.500000
 42
0.000000
  0
VERTEX
  8
0
 10
386.881641
 20
111.988647
 42
-0.065077
  0
VERTEX
  8
0
 10
387.768438
 20
114.801553
 42
-0.242176
  0
VERTEX
  8
0
 10
389.190403
 20
115.905661
 42
-0.332627
  0
VERTEX
  8
0
 10
390.532182
 20
115.245538
 42
-0.087752
  0
VERTEX
  8
0
 10
391.275423
 20
112.810999
 42
0.000000
  0
VERTEX
  8
0
 10
391.678849
 20
109.500000
 42
0.000000
  0
VERTEX
  8
0
 10
391.589425
 20
113.000000
 42
0.023084
  0
VERTEX
  8
0
 10
391.446941
 20
114.983698
 42
0.138333
  0
VERTEX
  8
0
 10
391.054517
 20
115.930862
 42
0.175714
  0
VERTEX
  8
0
 10
390.275954
 20
116.413806
 42
0.042690
  0
VERTEX
  8
0
 10
388.750000
 20
116.600914
 42
0.039931
  0
VERTEX
  8
0
 10
387.140608
 20
116.531442
 42
0.220535
  0
VERTEX
  8
0
 10
386.423281
 20
116.084626
 42
0.140201
  0
VERTEX
  8
0
 10
386.119533
 20
115.106193
 42
0.013629
  0
SEQEND
  0
POLYLINE
  8
0
 66
1
 70
1
  0
VERTEX
  8
0
 10
394.389534
 20
115.572726
 42
0.123534
  0
VERTEX
  8
0
 10
394.031093
 20
112.614610
 42
0.149814
  0
VERTEX
  8
0
 10
395.172326
 20
110.077195
 42
0.206868
  0
VERTEX
  8
0
 10
397.225344
 20
109.103784
 42
0.207963
  0
VERTEX
  8
0
 10
399.334959
 20
109.934959
 42
0.066055
  0
VERTEX
  8
0
 10
399.729615
 20
110.450370
 42
0.404002
  0
VERTEX
  8
0
 10
399.655430
 20
110.745399
 42
0.152012
  0
VERTEX
  8
0
 10
399.164984
 20
110.873161
 42
0.016277
  0
VERTEX
  8
0
 10
397.978739
 20
110.778739
 42
-0.040027
  0
VERTEX
  8
0
 10
396.676301
 20
110.737087
 42
-0.172333
  0
VERTEX
  8
0
 10
395.970000
 20
111.026884
 42
-0.171921
  0
VERTEX
  8
0
 10
395.603808
 20
111.697811
 42
-0.039796
  0
VERTEX
  8
0
 10
395.500000
 20
113.000000
 42
-0.042268
  0
VERTEX
  8
0
 10
395.596865
 20
114.143800
 42
-0.117754
  0
VERTEX
  8
0
 10
395.911111
 20
114.880071
 42
-0.157673
  0
VERTEX
  8
0
 10
396.457465
 20
115.270278
 42
-0.096958
  0
VERTEX
  8
0
 10
397.250000
 20
115.361111
 42
0.048770
  0
VERTEX
  8
0
 10
397.919827
 20
115.373347
 42
0.072417
  0
VERTEX
  8
0
 10
398.485937
 20
115.524132
 42
0.097087
  0
VERTEX
  8
0
 10
398.865282
 20
115.782799
 42
0.197190
  0
VERTEX
  8
0
 10
399.000000
 20
116.111111
 42
0.336493
  0
VERTEX
  8
0
 10
398.438627
 20
116.850814
 42
0.097477
  0
VERTEX
  8
0
 10
396.916160
 20
116.969948
 42
0.080612
  0
VERTEX
  8
0
 10
395.248616
 20
116.495625
 42
0.193976
  0
SEQEND
  0
POLYLINE
  8
0
 66
1
 70
1
  0
VERTEX
  8
0
 10
402.416448
 20
115.642863
 42
0.122974
  0
VERTEX
  8
0
 10
402.058325
 20
112.714434
 42
0.138802
  0
VERTEX
  8
0
 10
403.156144
 20
110.109673
 42
0.199686
  0
VERTEX
  8
0
 10
405.124942
 20
109.029270
 42
0.227062
  0
VERTEX
  8
0
 10
407.139160
 20
109.739160
 42
0.142496
  0
VERTEX
  8
0
 10
407.341494
 20
110.107504
 42
0.308818
  0
VERTEX
  8
0
 10
407.227318
 20
110.393506
 42
0.127753
  0
VERTEX
  8
0
 10
406.743878
 20
110.563311
 42
0.030422
  0
VERTEX
  8
0
 10
405.884149
 20
110.582940
 42
-0.054303
  0
VERTEX
  8
0
 10
405.017448
 20
110.644147
 42
-0.060219
  0
VERTEX
  8
0
 10
404.215655
 20
110.891551
 42
-0.068630
  0
VERTEX
  8
0
 10
403.595028
 20
111.277746
 42
-0.136477
  0
VERTEX
  8
0
 10
403.267876
 20
111.750000
 42
-0.184217
  0
VERTEX
  8
0
 10
403.283375
 20
112.270241
 42
-0.167607
  0
VERTEX
  8
0
 10
403.641341
 20
112.673263
 42
-0.093845
  0
VERTEX
  8
0
 10
404.383155
 20
112.923437
 42
-0.034545
  0
VERTEX
  8
0
 10
405.489991
 20
113.000000
 42
0.033297
  0
VERTEX
  8
0
 10
406.764709
 20
113.084983
 42
0.128823
  0
VERTEX
  8
0
 10
407.491721
 20
113.383293
 42
0.190885
  0
VERTEX
  8
0
 10
407.820402
 20
113.921854
 42
0.090006
  0
VERTEX
  8
0
 10
407.813108
 20
114.750000
 42
0.191325
  0
VERTEX
  8
0
 10
406.975259
 20
116.067531
 42
0.116102
  0
VERTEX
  8
0
 10
405.247127
 20
116.788274
 42
0.123347
  0
VERTEX
  8
0
 10
403.455777
 20
116.641968
 42
0.222948
  0
SEQEND
  0
POLYLINE
  8
0
 66
1
 70
1
  0
VERTEX
  8
0
 10
406.500000
 20
115.000000
 42
-0.210115
  0
VERTEX
  8
0
 10
406.553029
 20
114.621971
 42
-0.178861
  0
VERTEX
  8
0
 10
406.314314
 20
114.293750
 42
-0.100989
  0
VERTEX
  8
0
 10
405.768372
 20
114.071437
 42
-0.046386
  0
VERTEX
  8
0
 10
405.000000
 20
114.000000
 42
-0.046386
  0
VERTEX
  8
0
 10
404.231628
 20
114.071437
 42
-0.100989
  0
VERTEX
  8
0
 10
403.685686
 20
114.293750
 42
-0.178861
  0
VERTEX
  8
0
 10
403.446971
 20
114.621971
 42
-0.210115
  0
VERTEX
  8
0
 10
403.500000
 20
115.000000
 42
-0.057296
  0
VERTEX
  8
0
 10
403.801830
 20
115.382513
 42
-0.050113
  0
VERTEX
  8
0
 10
404.195564
 20
115.706250
 42
-0.052849
  0
VERTEX
  8
0
 10
404.617099
 20
115.926995
 42
-0.094481
  0
VERTEX
  8
0
 10
405.000000
 20
116.000000
 42
-0.094481
  0
VERTEX
  8
0
 10
405.382901
 20
115.926995
 42
-0.052849
  0
VERTEX
  8
0
 10
405.804436
 20
115.706250
 42
-0.050113
  0
VERTEX
  8
0
 10
406.198170
 20
115.382513
 42
-0.057296
  0
SEQEND
  0
POLYLINE
  8
0
 66
1
 70
1
  0
VERTEX
  8
0
 10
465.000000
 20
106.500000
 42
0.062380
  0
VERTEX
  8
0
 10
466.038725
 20
105.525568
 42
0.103140
  0
VERTEX
  8
0
 10
467.131020
 20
105.033424
 42
0.370565
  0
VERTEX
  8
0
 10
467.598621
 20
105.284031
 42
0.234837
  0
VERTEX
  8
0
 10
467.538079
 20
105.938387
 42
-0.370812
  0
VERTEX
  8
0
 10
467.599370
 20
106.326534
 42
-0.077299
  0
VERTEX
  8
0
 10
468.236199
 20
106.716716
 42
-0.048001
  0
VERTEX
  8
0
 10
469.323485
 20
107.052435
 42
-0.024899
  0
VERTEX
  8
0
 10
470.729062
 20
107.270283
 42
0.004574
  0
VERTEX
  8
0
 10
472.687008
 20
107.492726
 42
0.793085
  0
VERTEX
  8
0
 10
472.700682
 20
107.619436
 42
0.075135
  0
VERTEX
  8
0
 10
472.121566
 20
107.729186
 42
0.001506
  0
VERTEX
  8
0
 10
469.127555
 20
107.831897
 42
0.006466
  0
VERTEX
  8
0
 10
466.058959
 20
107.888205
 42
0.079555
  0
VERTEX
  8
0
 10
464.905741
 20
107.709948
 42
0.380266
  0
VERTEX
  8
0
 10
464.639699
 20
107.257861
 42
0.125114
  0
SEQEND
  0
POLYLINE
  8
0
 66
1
 70
1
  0
VERTEX
  8
0
 10
482.000000
 20
106.500000
 42
0.062380
  0
VERTEX
  8
0
 10
483.038725
 20
105.525568
 42
0.103140
  0
VERTEX
  8
0
 10
484.131020
 20
105.033424
 42
0.370565
  0
VERTEX
  8
0
 10
484.598621
 20
105.284031
 42
0.234837
  0
VERTEX
  8
0
 10
484.538079
 20
105.938387
 42
-0.370812
  0
VERTEX
  8
0
 10
484.599370
 20
106.326534
 42
-0.077299
  0
VERTEX
  8
0
 10
485.236199
 20
106.716716
 42
-0.048001
  0
VERTEX
  8
0
 10
486.323485
 20
107.052435
 42
-0.024899
  0
VERTEX
  8
0
 10
487.729062
 20
107.270283
 42
0.004574
  0
VERTEX
  8
0
 10
489.687008
 20
107.492726
 42
0.793085
  0
VERTEX
  8
0
 10
489.700682
 20
107.619436
 42
0.075135
  0
VERTEX
  8
0
 10
489.121566
 20
107.729186
 42
0.001506
  0
VERTEX
  8
0
 10
486.127555
 20
107.831897
 42
0.006466
  0
VERTEX
  8
0
 10
483.058959
 20
107.888205
 42
0.079555
  0
VERTEX
  8
0
 10
481.905741
 20
107.709948
 42
0.380266
  0
VERTEX
  8
0
 10
481.639699
 20
107.257861
 42
0.125114
  0
SEQEND
  0
POLYLINE
  8
0
 66
1
 70
1
  0
VERTEX
  8
0
 10
79.184982
 20
137.750000
 42
0.000000
  0
VERTEX
  8
0
 10
79.000000
 20
132.000000
 42
0.000000
  0
VERTEX
  8
0
 10
82.250000
 20
132.149832
 42
0.001076
  0
VERTEX
  8
0
 10
84.350730
 20
132.251213
 42
0.188520
  0
VERTEX
  8
0
 10
84.551123
 20
132.341435
 42
0.608702
  0
VERTEX
  8
0
 10
84.517633
 20
132.443006
 42
0.001842
  0
VERTEX
  8
0
 10
82.800124
 20
132.711418
 42
-0.061108
  0
VERTEX
  8
0
 10
81.278348
 20
133.138167
 42
-0.170255
  0
VERTEX
  8
0
 10
80.465223
 20
133.869878
 42
-0.095639
  0
VERTEX
  8
0
 10
80.027652
 20
135.235532
 42
-0.012280
  0
VERTEX
  8
0
 10
79.735106
 20
138.311586
 42
0.000000
  0
VERTEX
  8
0
 10
79.369965
 20
143.500000
 42
0.000000
  0
SEQEND
  0
POLYLINE
  8
0
 66
1
 70
1
  0
VERTEX
  8
0
 10
116.000000
 20
141.170599
 42
-0.086803
  0
VERTEX
  8
0
 10
115.858773
 20
140.363235
 42
-0.141791
  0
VERTEX
  8
0
 10
115.453373
 20
139.804933
 42
-0.120807
  0
VERTEX
  8
0
 10
114.757570
 20
139.493710
 42
-0.053907
  0
VERTEX
  8
0
 10
113.750000
 20
139.420599
 42
0.064269
  0
VERTEX
  8
0
 10
112.561264
 20
139.309622
 42
0.194271
  0
VERTEX
  8
0
 10
111.905043
 20
138.855640
 42
0.125116
  0
VERTEX
  8
0
 10
111.580514
 20
137.917029
 42
0.020991
  0
VERTEX
  8
0
 10
111.500000
 20
136.000000
 42
0.022257
  0
VERTEX
  8
0
 10
111.589128
 20
133.998794
 42
0.141736
  0
VERTEX
  8
0
 10
111.953637
 20
133.060709
 42
0.181078
  0
VERTEX
  8
0
 10
112.714724
 20
132.583212
 42
0.041364
  0
VERTEX
  8
0
 10
114.250000
 20
132.399086
 42
0.050171
  0
VERTEX
  8
0
 10
115.884997
 20
132.503176
 42
0.235317
  0
VERTEX
  8
0
 10
116.626232
 20
133.039160
 42
0.112728
  0
VERTEX
  8
0
 10
116.942882
 20
134.239105
 42
0.008375
  0
VERTEX
  8
0
 10
117.000000
 20
137.649086
 42
0.008765
  0
VERTEX
  8
0
 10
116.964032
 20
139.700731
 42
0.014529
  0
VERTEX
  8
0
 10
116.853125
 20
141.428169
 42
0.008184
  0
VERTEX
  8
0
 10
116.699604
 20
142.824068
 42
0.377799
  0
VERTEX
  8
0
 10
116.500000
 20
143.000000
 42
0.283900
  0
VERTEX
  8
0
 10
116.306924
 20
142.880761
 42
0.049419
  0
VERTEX
  8
0
 10
116.146875
 20
142.462613
 42
0.040895
  0
VERTEX
  8
0
 10
116.036244
 20
141.871619
 42
0.025833
  0
SEQEND
  0
POLYLINE
  8
0
 66
1
 70
1
  0
VERTEX
  8
0
 10
115.500000
 20
136.000000
 42
-0.050064
  0
VERTEX
  8
0
 10
115.407308
 20
135.076578
 42
-0.056662
  0
VERTEX
  8
0
 10
115.132967
 20
134.229739
 42
-0.064911
  0
VERTEX
  8
0
 10
114.729077
 20
133.579954
 42
-0.141756
  0
VERTEX
  8
0
 10
114.250526
 20
133.250175
 42
-0.243271
  0
VERTEX
  8
0
 10
113.237026
 20
133.409078
 42
-0.134073
  0
VERTEX
  8
0
 10
112.436755
 20
134.416197
 42
-0.098804
  0
VERTEX
  8
0
 10
112.106155
 20
135.983229
 42
-0.094621
  0
VERTEX
  8
0
 10
112.393537
 20
137.583158
 42
-0.154883
  0
VERTEX
  8
0
 10
113.218381
 20
138.616347
 42
-0.271668
  0
VERTEX
  8
0
 10
114.276661
 20
138.679078
 42
-0.183250
  0
VERTEX
  8
0
 10
115.181218
 20
137.682423
 42
-0.093904
  0
SEQEND
  0
POLYLINE
  8
0
 66
1
 70
1
  0
VERTEX
  8
0
 10
87.624622
 20
139.201643
 42
0.307086
  0
VERTEX
  8
0
 10
87.637324
 20
138.901649
 42
0.178194
  0
VERTEX
  8
0
 10
87.951714
 20
138.695713
 42
0.074270
  0
VERTEX
  8
0
 10
88.619899
 20
138.642849
 42
0.029901
  0
VERTEX
  8
0
 10
89.530262
 20
138.761034
 42
-0.067332
  0
VERTEX
  8
0
 10
91.356265
 20
138.860508
 42
-0.394982
  0
VERTEX
  8
0
 10
91.945964
 20
138.212617
 42
-0.278029
  0
VERTEX
  8
0
 10
91.373903
 20
137.292609
 42
-0.056620
  0
VERTEX
  8
0
 10
89.500000
 20
136.589356
 42
0.054602
  0
VERTEX
  8
0
 10
88.427299
 20
136.191699
 42
0.086603
  0
VERTEX
  8
0
 10
87.641553
 20
135.610486
 42
0.098722
  0
VERTEX
  8
0
 10
87.166275
 20
134.859667
 42
0.092143
  0
VERTEX
  8
0
 10
87.000000
 20
133.965064
 42
0.075836
  0
VERTEX
  8
0
 10
87.151289
 20
132.973326
 42
0.187958
  0
VERTEX
  8
0
 10
87.602466
 20
132.408899
 42
0.124597
  0
VERTEX
  8
0
 10
88.466572
 20
132.163270
 42
0.026277
  0
VERTEX
  8
0
 10
90.047469
 20
132.200440
 42
0.029861
  0
VERTEX
  8
0
 10
91.832355
 20
132.444246
 42
0.188331
  0
VERTEX
  8
0
 10
92.592180
 20
132.928873
 42
0.159928
  0
VERTEX
  8
0
 10
92.890290
 20
133.848226
 42
0.020097
  0
VERTEX
  8
0
 10
92.797469
 20
135.966325
 42
0.027960
  0
VERTEX
  8
0
 10
92.547749
 20
137.739786
 42
0.093417
  0
VERTEX
  8
0
 10
92.111502
 20
138.825420
 42
0.132180
  0
VERTEX
  8
0
 10
91.407602
 20
139.467600
 42
0.083995
  0
VERTEX
  8
0
 10
90.344360
 20
139.807186
 42
0.041939
  0
VERTEX
  8
0
 10
89.477875
 20
139.857255
 42
0.048279
  0
VERTEX
  8
0
 10
88.656235
 20
139.756022
 42
0.054713
  0
VERTEX
  8
0
 10
87.993736
 20
139.530289
 42
0.145900
  0
SEQEND
  0
POLYLINE
  8
0
 66
1
 70
1
  0
VERTEX
  8
0
 10
92.000000
 20
134.968615
 42
-0.213422
  0
VERTEX
  8
0
 10
91.621817
 20
134.122972
 42
-0.075769
  0
VERTEX
  8
0
 10
90.486858
 20
133.381846
 42
-0.076784
  0
VERTEX
  8
0
 10
89.197884
 20
133.019605
 42
-0.230479
  0
VERTEX
  8
0
 10
88.356736
 20
133.309930
 42
-0.242984
  0
VERTEX
  8
0
 10
88.115307
 20
134.067091
 42
-0.130219
  0
VERTEX
  8
0
 10
88.532249
 20
134.983357
 42
-0.102648
  0
VERTEX
  8
0
 10
89.459491
 20
135.733481
 42
-0.119467
  0
VERTEX
  8
0
 10
90.559017
 20
136.000000
 42
-0.069866
  0
VERTEX
  8
0
 10
91.109745
 20
135.922668
 42
-0.085761
  0
VERTEX
  8
0
 10
91.576711
 20
135.697031
 42
-0.100101
  0
VERTEX
  8
0
 10
91.888923
 20
135.361922
 42
-0.138501
  0
SEQEND
  0
POLYLINE
  8
0
 66
1
 70
1
  0
VERTEX
  8
0
 10
95.410575
 20
136.000000
 42
0.023084
  0
VERTEX
  8
0
 10
95.553059
 20
134.016302
 42
0.138333
  0
VERTEX
  8
0
 10
95.945483
 20
133.069138
 42
0.175714
  0
VERTEX
  8
0
 10
96.724046
 20
132.586194
 42
0.042690
  0
VERTEX
  8
0
 10
98.250000
 20
132.399086
 42
0.039931
  0
VERTEX
  8
0
 10
99.859392
 20
132.468558
 42
0.220535
  0
VERTEX
  8
0
 10
100.576719
 20
132.915374
 42
0.140201
  0
VERTEX
  8
0
 10
100.880467
 20
133.893807
 42
0.013629
  0
VERTEX
  8
0
 10
100.868359
 20
136.399086
 42
0.000000
  0
VERTEX
  8
0
 10
100.736718
 20
140.500000
 42
0.000000
  0
VERTEX
  8
0
 10
100.118359
 20
137.011353
 42
-0.065077
  0
VERTEX
  8
0
 10
99.231562
 20
134.198447
 42
-0.242176
  0
VERTEX
  8
0
 10
97.809597
 20
133.094339
 42
-0.332627
  0
VERTEX
  8
0
 10
96.467818
 20
133.754462
 42
-0.087752
  0
VERTEX
  8
0
 10
95.724577
 20
136.189001
 42
0.000000
  0
VERTEX
  8
0
 10
95.321151
 20
139.500000
 42
0.000000
  0
SEQEND
  0
POLYLINE
  8
0
 66
1
 70
1
  0
VERTEX
  8
0
 10
103.131641
 20
135.600914
 42
0.000000
  0
VERTEX
  8
0
 10
103.263282
 20
131.500000
 42
0.000000
  0
VERTEX
  8
0
 10
103.881641
 20
134.988647
 42
-0.065077
  0
VERTEX
  8
0
 10
104.768438
 20
137.801553
 42
-0.242176
  0
VERTEX
  8
0
 10
106.190403
 20
138.905661
 42
-0.332627
  0
VERTEX
  8
0
 10
107.532182
 20
138.245538
 42
-0.087752
  0
VERTEX
  8
0
 10
108.275423
 20
135.810999
 42
0.000000
  0
VERTEX
  8
0
 10
108.678849
 20
132.500000
 42
0.000000
  0
VERTEX
  8
0
 10
108.589425
 20
136.000000
 42
0.023084
  0
VERTEX
  8
0
 10
108.446941
 20
137.983698
 42
0.138333
  0
VERTEX
  8
0
 10
108.054517
 20
138.930862
 42
0.175714
  0
VERTEX
  8
0
 10
107.275954
 20
139.413806
 42
0.042690
  0
VERTEX
  8
0
 10
105.750000
 20
139.600914
 42
0.039931
  0
VERTEX
  8
0
 10
104.140608
 20
139.531442
 42
0.220535
  0
VERTEX
  8
0
 10
103.423281
 20
139.084626
 42
0.140201
  0
VERTEX
  8
0
 10
103.119533
 20
138.106193
 42
0.013629
  0
SEQEND
  0
POLYLINE
  8
0
 66
1
 70
1
  0
VERTEX
  8
0
 10
119.131641
 20
135.537292
 42
0.000000
  0
VERTEX
  8
0
 10
119.263282
 20
131.500000
 42
0.000000
  0
VERTEX
  8
0
 10
119.881641
 20
134.988647
 42
-0.063238
  0
VERTEX
  8
0
 10
120.805359
 20
137.956541
 42
-0.302189
  0
VERTEX
  8
0
 10
122.238179
 20
138.846541
 42
-0.257576
  0
VERTEX
  8
0
 10
123.824758
 20
137.905625
 42
-0.052438
  0
VERTEX
  8
0
 10
125.225869
 20
134.822393
 42
0.000000
  0
VERTEX
  8
0
 10
126.654285
 20
130.537145
 42
0.000000
  0
VERTEX
  8
0
 10
128.266445
 20
135.268572
 42
0.006120
  0
VERTEX
  8
0
 10
129.453312
 20
138.896711
 42
0.175272
  0
VERTEX
  8
0
 10
129.411587
 20
139.864132
 42
0.657112
  0
VERTEX
  8
0
 10
129.012648
 20
139.871296
 42
0.008186
  0
VERTEX
  8
0
 10
127.657284
 20
136.750000
 42
0.000000
  0
VERTEX
  8
0
 10
126.308832
 20
133.500000
 42
0.000000
  0
VERTEX
  8
0
 10
125.572837
 20
136.759668
 42
0.028399
  0
VERTEX
  8
0
 10
125.059555
 20
138.552432
 42
0.136266
  0
VERTEX
  8
0
 10
124.459542
 20
139.417357
 42
0.154085
  0
VERTEX
  8
0
 10
123.541536
 20
139.792210
 42
0.039509
  0
VERTEX
  8
0
 10
121.918421
 20
139.796961
 42
0.037483
  0
VERTEX
  8
0
 10
120.219415
 20
139.538476
 42
0.193758
  0
VERTEX
  8
0
 10
119.454887
 20
139.005628
 42
0.137815
  0
VERTEX
  8
0
 10
119.130343
 20
137.976313
 42
0.016033
  0
SEQEND
  0
POLYLINE
  8
0
 66
1
 70
1
  0
VERTEX
  8
0
 10
80.200000
 20
123.800000
 42
0.073135
  0
VERTEX
  8
0
 10
79.236598
 20
122.504396
 42
0.249592
  0
VERTEX
  8
0
 10
79.232340
 20
121.487607
 42
0.149173
  0
VERTEX
  8
0
 10
80.163069
 20
120.548964
 42
0.024427
  0
VERTEX
  8
0
 10
82.500000
 20
119.435553
 42
-0.023134
  0
VERTEX
  8
0
 10
83.840445
 20
118.801156
 42
-0.032067
  0
VERTEX
  8
0
 10
84.971875
 20
118.103711
 42
-0.033271
  0
VERTEX
  8
0
 10
85.789693
 20
117.438250
 42
-0.208244
  0
VERTEX
  8
0
 10
86.000000
 20
116.955195
 42
-0.228416
  0
VERTEX
  8
0
 10
85.506771
 20
115.931854
 42
-0.115654
  0
VERTEX
  8
0
 10
84.183456
 20
115.305209
 42
-0.092802
  0
VERTEX
  8
0
 10
82.449177
 20
115.258546
 42
-0.100353
  0
VERTEX
  8
0
 10
80.867534
 20
115.850653
 42
0.034877
  0
VERTEX
  8
0
 10
80.150671
 20
116.231660
 42
0.074835
  0
VERTEX
  8
0
 10
79.548588
 20
116.397905
 42
0.145045
  0
VERTEX
  8
0
 10
79.159570
 20
116.331900
 42
0.286106
  0
VERTEX
  8
0
 10
79.000000
 20
116.075862
 42
0.265764
  0
VERTEX
  8
0
 10
79.521345
 20
115.164296
 42
0.070151
  0
VERTEX
  8
0
 10
81.133516
 20
114.498424
 42
0.061487
  0
VERTEX
  8
0
 10
83.180202
 20
114.233354
 42
0.078487
  0
VERTEX
  8
0
 10
85.058296
 20
114.518502
 42
0.168661
  0
VERTEX
  8
0
 10
86.616324
 20
115.682178
 42
0.232072
  0
VERTEX
  8
0
 10
86.854740
 20
117.385810
 42
0.160329
  0
VERTEX
  8
0
 10
85.572611
 20
119.126013
 42
0.091649
  0
VERTEX
  8
0
 10
83.182065
 20
120.237089
 42
-0.033479
  0
VERTEX
  8
0
 10
81.911773
 20
120.656955
 42
-0.057002
  0
VERTEX
  8
0
 10
80.931480
 20
121.192540
 42
-0.079978
  0
VERTEX
  8
0
 10
80.346158
 20
121.764139
 42
-0.243564
  0
VERTEX
  8
0
 10
80.260393
 20
122.296196
 42
-0.202301
  0
VERTEX
  8
0
 10
81.085324
 20
123.242045
 42
-0.073286
  0
VERTEX
  8
0
 10
82.818012
 20
123.793356
 42
-0.088535
  0
VERTEX
  8
0
 10
84.422708
 20
123.769498
 42
-0.359181
  0
VERTEX
  8
0
 10
85.000000
 20
123.069551
 42
0.104081
  0
VERTEX
  8
0
 10
85.085883
 20
122.661444
 42
0.098995
  0
VERTEX
  8
0
 10
85.329718
 20
122.314181
 42
0.096680
  0
VERTEX
  8
0
 10
85.693994
 20
122.081456
 42
0.094215
  0
VERTEX
  8
0
 10
86.122445
 20
122.000000
 42
0.122183
  0
VERTEX
  8
0
 10
86.532179
 20
122.101643
 42
0.300026
  0
VERTEX
  8
0
 10
86.674576
 20
122.361364
 42
0.128583
  0
VERTEX
  8
0
 10
86.517710
 20
122.808783
 42
0.024942
  0
VERTEX
  8
0
 10
86.000000
 20
123.500000
 42
0.101950
  0
VERTEX
  8
0
 10
84.719891
 20
124.524368
 42
0.105387
  0
VERTEX
  8
0
 10
83.154238
 20
124.943679
 42
0.105953
  0
VERTEX
  8
0
 10
81.560429
 20
124.687385
 42
0.104083
  0
SEQEND
  0
POLYLINE
  8
0
 66
1
 70
1
  0
VERTEX
  8
0
 10
88.896119
 20
123.188358
 42
0.064113
  0
VERTEX
  8
0
 10
88.749346
 20
122.440119
 42
0.013478
  0
VERTEX
  8
0
 10
88.697664
 20
121.105118
 42
0.013919
  0
VERTEX
  8
0
 10
88.722823
 20
119.542332
 42
0.012787
  0
VERTEX
  8
0
 10
88.834488
 20
117.938358
 42
0.021962
  0
VERTEX
  8
0
 10
89.096337
 20
116.066636
 42
0.074987
  0
VERTEX
  8
0
 10
89.496787
 20
114.907390
 42
0.132844
  0
VERTEX
  8
0
 10
90.073844
 20
114.283526
 42
0.153225
  0
VERTEX
  8
0
 10
90.855035
 20
114.078947
 42
0.018942
  0
VERTEX
  8
0
 10
91.518763
 20
114.136059
 42
0.216255
  0
VERTEX
  8
0
 10
91.737345
 20
114.269973
 42
0.432728
  0
VERTEX
  8
0
 10
91.698794
 20
114.441068
 42
0.037231
  0
VERTEX
  8
0
 10
91.250000
 20
114.662281
 42
-0.148610
  0
VERTEX
  8
0
 10
90.770317
 20
115.049064
 42
-0.056802
  0
VERTEX
  8
0
 10
90.367188
 20
115.816524
 42
-0.049776
  0
VERTEX
  8
0
 10
90.092415
 20
116.806612
 42
-0.042836
  0
VERTEX
  8
0
 10
90.000000
 20
117.883333
 42
-0.040369
  0
VERTEX
  8
0
 10
90.092105
 20
119.022267
 42
-0.034276
  0
VERTEX
  8
0
 10
90.367188
 20
120.197574
 42
-0.035689
  0
VERTEX
  8
0
 10
90.770185
 20
121.237251
 42
-0.076911
  0
VERTEX
  8
0
 10
91.250000
 20
121.946704
 42
0.010436
  0
VERTEX
  8
0
 10
91.764199
 20
122.524410
 42
0.147030
  0
VERTEX
  8
0
 10
91.874692
 20
122.775561
 42
0.572316
  0
VERTEX
  8
0
 10
91.774944
 20
122.851968
 42
0.031265
  0
VERTEX
  8
0
 10
91.335410
 20
122.640474
 42
-0.101004
  0
VERTEX
  8
0
 10
90.859020
 20
122.488050
 42
-0.118648
  0
VERTEX
  8
0
 10
90.389913
 20
122.548356
 42
-0.119296
  0
VERTEX
  8
0
 10
90.001464
 20
122.814974
 42
-0.102875
  0
VERTEX
  8
0
 10
89.752077
 20
123.243769
 42
0.022411
  0
VERTEX
  8
0
 10
89.518494
 20
123.852191
 42
0.315940
  0
VERTEX
  8
0
 10
89.329502
 20
123.967384
 42
0.283769
  0
VERTEX
  8
0
 10
89.139149
 20
123.832164
 42
0.019603
  0
SEQEND
  0
POLYLINE
  8
0
 66
1
 70
1
  0
VERTEX
  8
0
 10
109.500000
 20
122.286934
 42
0.030125
  0
VERTEX
  8
0
 10
107.587435
 20
121.703096
 42
0.152769
  0
VERTEX
  8
0
 10
106.717305
 20
121.028195
 42
0.598602
  0
VERTEX
  8
0
 10
106.927685
 20
120.614939
 42
0.052552
  0
VERTEX
  8
0
 10
108.424177
 20
120.740755
 42
-0.063316
  0
VERTEX
  8
0
 10
110.317694
 20
120.859102
 42
-0.385427
  0
VERTEX
  8
0
 10
110.944658
 20
120.213807
 42
-0.292561
  0
VERTEX
  8
0
 10
110.403587
 20
119.298772
 42
-0.055469
  0
VERTEX
  8
0
 10
108.500000
 20
118.589356
 42
0.054602
  0
VERTEX
  8
0
 10
107.427299
 20
118.191699
 42
0.086603
  0
VERTEX
  8
0
 10
106.641553
 20
117.610486
 42
0.098722
  0
VERTEX
  8
0
 10
106.166275
 20
116.859667
 42
0.092143
  0
VERTEX
  8
0
 10
106.000000
 20
115.965064
 42
0.075693
  0
VERTEX
  8
0
 10
106.150885
 20
114.974085
 42
0.187581
  0
VERTEX
  8
0
 10
106.601015
 20
114.409465
 42
0.124877
  0
VERTEX
  8
0
 10
107.462393
 20
114.163239
 42
0.026509
  0
VERTEX
  8
0
 10
109.034928
 20
114.199485
 42
0.033963
  0
VERTEX
  8
0
 10
110.848593
 20
114.462381
 42
0.203185
  0
VERTEX
  8
0
 10
111.612774
 20
114.999632
 42
0.139570
  0
VERTEX
  8
0
 10
111.913836
 20
116.047512
 42
0.013536
  0
VERTEX
  8
0
 10
111.848067
 20
118.715369
 42
0.001510
  0
VERTEX
  8
0
 10
111.758478
 20
120.350447
 42
0.002622
  0
VERTEX
  8
0
 10
111.672881
 20
121.707314
 42
0.000529
  0
VERTEX
  8
0
 10
111.591632
 20
122.877805
 42
0.749522
  0
VERTEX
  8
0
 10
111.563139
 20
122.883999
 42
-0.197602
  0
VERTEX
  8
0
 10
111.492027
 20
122.826238
 42
-0.002572
  0
VERTEX
  8
0
 10
110.931047
 20
122.660760
 42
-0.006959
  0
VERTEX
  8
0
 10
110.271153
 20
122.479704
 42
-0.004454
  0
SEQEND
  0
POLYLINE
  8
0
 66
1
 70
1
  0
VERTEX
  8
0
 10
111.000000
 20
116.968615
 42
-0.213422
  0
VERTEX
  8
0
 10
110.621817
 20
116.122972
 42
-0.075769
  0
VERTEX
  8
0
 10
109.486858
 20
115.381846
 42
-0.076784
  0
VERTEX
  8
0
 10
108.197884
 20
115.019605
 42
-0.230479
  0
VERTEX
  8
0
 10
107.356736
 20
115.309930
 42
-0.242984
  0
VERTEX
  8
0
 10
107.115307
 20
116.067091
 42
-0.130219
  0
VERTEX
  8
0
 10
107.532249
 20
116.983357
 42
-0.102648
  0
VERTEX
  8
0
 10
108.459491
 20
117.733481
 42
-0.119467
  0
VERTEX
  8
0
 10
109.559017
 20
118.000000
 42
-0.069866
  0
VERTEX
  8
0
 10
110.109745
 20
117.922668
 42
-0.085761
  0
VERTEX
  8
0
 10
110.576711
 20
117.697031
 42
-0.100101
  0
VERTEX
  8
0
 10
110.888923
 20
117.361922
 42
-0.138501
  0
SEQEND
  0
POLYLINE
  8
0
 66
1
 70
1
  0
VERTEX
  8
0
 10
93.416448
 20
120.642863
 42
0.052330
  0
VERTEX
  8
0
 10
93.218704
 20
119.905003
 42
0.023278
  0
VERTEX
  8
0
 10
93.107297
 20
118.903016
 42
0.022737
  0
VERTEX
  8
0
 10
93.087056
 20
117.821794
 42
0.028506
  0
VERTEX
  8
0
 10
93.170919
 20
116.822726
 42
0.059858
  0
VERTEX
  8
0
 10
93.463946
 20
115.722609
 42
0.126539
  0
VERTEX
  8
0
 10
93.981510
 20
115.015181
 42
0.120685
  0
VERTEX
  8
0
 10
94.794571
 20
114.625214
 42
0.051798
  0
VERTEX
  8
0
 10
96.000000
 20
114.500000
 42
0.050766
  0
VERTEX
  8
0
 10
97.362220
 20
114.638668
 42
0.189121
  0
VERTEX
  8
0
 10
98.071429
 20
115.100000
 42
0.134430
  0
VERTEX
  8
0
 10
98.415691
 20
116.034425
 42
0.021436
  0
VERTEX
  8
0
 10
98.500000
 20
118.000000
 42
0.025158
  0
VERTEX
  8
0
 10
98.406922
 20
119.848683
 42
0.108558
  0
VERTEX
  8
0
 10
98.066099
 20
120.887996
 42
0.155405
  0
VERTEX
  8
0
 10
97.393989
 20
121.488638
 42
0.070090
  0
VERTEX
  8
0
 10
96.245529
 20
121.820137
 42
0.059656
  0
VERTEX
  8
0
 10
95.307820
 20
121.840664
 42
0.074400
  0
VERTEX
  8
0
 10
94.463703
 20
121.628890
 42
0.085215
  0
VERTEX
  8
0
 10
93.808423
 20
121.214075
 42
0.118047
  0
SEQEND
  0
POLYLINE
  8
0
 66
1
 70
1
  0
VERTEX
  8
0
 10
97.500000
 20
118.000000
 42
-0.050064
  0
VERTEX
  8
0
 10
97.407308
 20
117.076578
 42
-0.056662
  0
VERTEX
  8
0
 10
97.132967
 20
116.229739
 42
-0.064911
  0
VERTEX
  8
0
 10
96.729077
 20
115.579954
 42
-0.141756
  0
VERTEX
  8
0
 10
96.250526
 20
115.250175
 42
-0.243271
  0
VERTEX
  8
0
 10
95.237026
 20
115.409078
 42
-0.134073
  0
VERTEX
  8
0
 10
94.436755
 20
116.416197
 42
-0.098804
  0
VERTEX
  8
0
 10
94.106155
 20
117.983229
 42
-0.094621
  0
VERTEX
  8
0
 10
94.393537
 20
119.583158
 42
-0.154883
  0
VERTEX
  8
0
 10
95.218381
 20
120.616347
 42
-0.271668
  0
VERTEX
  8
0
 10
96.276661
 20
120.679078
 42
-0.183250
  0
VERTEX
  8
0
 10
97.181218
 20
119.682423
 42
-0.093904
  0
SEQEND
  0
POLYLINE
  8
0
 66
1
 70
1
  0
VERTEX
  8
0
 10
101.149832
 20
117.537196
 42
0.001688
  0
VERTEX
  8
0
 10
101.244039
 20
115.210786
 42
0.113705
  0
VERTEX
  8
0
 10
101.349316
 20
114.830817
 42
0.718276
  0
VERTEX
  8
0
 10
101.471461
 20
114.851998
 42
0.004179
  0
VERTEX
  8
0
 10
101.712049
 20
116.500000
 42
-0.040222
  0
VERTEX
  8
0
 10
101.984631
 20
117.736320
 42
-0.035308
  0
VERTEX
  8
0
 10
102.460402
 20
118.970300
 42
-0.036973
  0
VERTEX
  8
0
 10
103.053962
 20
120.025258
 42
-0.082384
  0
VERTEX
  8
0
 10
103.680542
 20
120.696764
 42
0.012129
  0
VERTEX
  8
0
 10
104.545448
 20
121.395971
 42
0.354696
  0
VERTEX
  8
0
 10
104.594175
 20
121.656373
 42
0.285180
  0
VERTEX
  8
0
 10
104.337983
 20
121.802537
 42
0.009510
  0
VERTEX
  8
0
 10
103.118325
 20
121.733960
 42
0.082118
  0
VERTEX
  8
0
 10
102.017078
 20
121.465570
 42
0.184370
  0
VERTEX
  8
0
 10
101.407643
 20
120.877488
 42
0.102495
  0
VERTEX
  8
0
 10
101.141961
 20
119.764401
 42
0.016782
  0
SEQEND
  0
POLYLINE
  8
0
 66
1
 70
1
  0
VERTEX
  8
0
 10
114.386334
 20
120.564387
 42
0.079858
  0
VERTEX
  8
0
 10
113.928302
 20
118.383689
 42
0.107388
  0
VERTEX
  8
0
 10
114.261407
 20
116.399209
 42
0.136725
  0
VERTEX
  8
0
 10
115.290504
 20
115.051179
 42
0.172467
  0
VERTEX
  8
0
 10
116.777450
 20
114.582350
 42
-0.045767
  0
VERTEX
  8
0
 10
117.622809
 20
114.535532
 42
-0.084688
  0
VERTEX
  8
0
 10
118.274668
 20
114.322570
 42
-0.135162
  0
VERTEX
  8
0
 10
118.633245
 20
113.986212
 42
-0.224986
  0
VERTEX
  8
0
 10
118.676241
 20
113.582350
 42
-0.152194
  0
VERTEX
  8
0
 10
118.372829
 20
113.173651
 42
-0.064582
  0
VERTEX
  8
0
 10
117.767930
 20
112.842304
 42
-0.055564
  0
VERTEX
  8
0
 10
116.978546
 20
112.631354
 42
-0.047064
  0
VERTEX
  8
0
 10
116.115851
 20
112.582940
 42
0.030422
  0
VERTEX
  8
0
 10
115.256122
 20
112.563311
 42
0.127753
  0
VERTEX
  8
0
 10
114.772682
 20
112.393506
 42
0.308818
  0
VERTEX
  8
0
 10
114.658506
 20
112.107504
 42
0.142496
  0
VERTEX
  8
0
 10
114.860840
 20
111.739160
 42
0.096594
  0
VERTEX
  8
0
 10
115.350219
 20
111.409500
 42
0.049280
  0
VERTEX
  8
0
 10
116.060601
 20
111.188400
 42
0.046406
  0
VERTEX
  8
0
 10
116.865027
 20
111.099138
 42
0.051488
  0
VERTEX
  8
0
 10
117.643780
 20
111.165586
 42
0.131529
  0
VERTEX
  8
0
 10
118.566604
 20
111.610860
 42
0.120288
  0
VERTEX
  8
0
 10
119.181179
 20
112.471260
 42
0.065218
  0
VERTEX
  8
0
 10
119.563916
 20
113.966593
 42
0.015426
  0
VERTEX
  8
0
 10
119.794568
 20
116.537569
 42
0.009836
  0
VERTEX
  8
0
 10
119.915708
 20
119.645812
 42
0.108160
  0
VERTEX
  8
0
 10
119.673954
 20
120.862149
 42
0.216063
  0
VERTEX
  8
0
 10
118.992057
 20
121.476740
 42
0.056402
  0
VERTEX
  8
0
 10
117.509983
 20
121.769864
 42
0.050408
  0
VERTEX
  8
0
 10
116.461143
 20
121.750819
 42
0.062436
  0
VERTEX
  8
0
 10
115.514025
 20
121.515428
 42
0.073300
  0
VERTEX
  8
0
 10
114.786567
 20
121.104068
 42
0.136693
  0
SEQEND
  0
POLYLINE
  8
0
 66
1
 70
1
  0
VERTEX
  8
0
 10
118.500000
 20
118.000000
 42
-0.050064
  0
VERTEX
  8
0
 10
118.407308
 20
117.076578
 42
-0.056662
  0
VERTEX
  8
0
 10
118.132967
 20
116.229739
 42
-0.064911
  0
VERTEX
  8
0
 10
117.729077
 20
115.579954
 42
-0.141756
  0
VERTEX
  8
0
 10
117.250526
 20
115.250175
 42
-0.243271
  0
VERTEX
  8
0
 10
116.237026
 20
115.409078
 42
-0.134073
  0
VERTEX
  8
0
 10
115.436755
 20
116.416197
 42
-0.098804
  0
VERTEX
  8
0
 10
115.106155
 20
117.983229
 42
-0.094621
  0
VERTEX
  8
0
 10
115.393537
 20
119.583158
 42
-0.154883
  0
VERTEX
  8
0
 10
116.218381
 20
120.616347
 42
-0.271668
  0
VERTEX
  8
0
 10
117.276661
 20
120.679078
 42
-0.183250
  0
VERTEX
  8
0
 10
118.181218
 20
119.682423
 42
-0.093904
  0
SEQEND
  0
POLYLINE
  8
0
 66
1
 70
1
  0
VERTEX
  8
0
 10
122.416448
 20
120.642863
 42
0.122974
  0
VERTEX
  8
0
 10
122.058325
 20
117.714434
 42
0.138802
  0
VERTEX
  8
0
 10
123.156144
 20
115.109673
 42
0.199686
  0
VERTEX
  8
0
 10
125.124942
 20
114.029270
 42
0.227062
  0
VERTEX
  8
0
 10
127.139160
 20
114.739160
 42
0.142496
  0
VERTEX
  8
0
 10
127.341494
 20
115.107504
 42
0.308818
  0
VERTEX
  8
0
 10
127.227318
 20
115.393506
 42
0.127753
  0
VERTEX
  8
0
 10
126.743878
 20
115.563311
 42
0.030422
  0
VERTEX
  8
0
 10
125.884149
 20
115.582940
 42
-0.054303
  0
VERTEX
  8
0
 10
125.017448
 20
115.644147
 42
-0.060219
  0
VERTEX
  8
0
 10
124.215655
 20
115.891551
 42
-0.068630
  0
VERTEX
  8
0
 10
123.595028
 20
116.277746
 42
-0.136477
  0
VERTEX
  8
0
 10
123.267876
 20
116.750000
 42
-0.184217
  0
VERTEX
  8
0
 10
123.283375
 20
117.270241
 42
-0.167607
  0
VERTEX
  8
0
 10
123.641341
 20
117.673263
 42
-0.093845
  0
VERTEX
  8
0
 10
124.383155
 20
117.923437
 42
-0.034545
  0
VERTEX
  8
0
 10
125.489991
 20
118.000000
 42
0.033297
  0
VERTEX
  8
0
 10
126.764709
 20
118.084983
 42
0.128823
  0
VERTEX
  8
0
 10
127.491721
 20
118.383293
 42
0.190885
  0
VERTEX
  8
0
 10
127.820402
 20
118.921854
 42
0.090006
  0
VERTEX
  8
0
 10
127.813108
 20
119.750000
 42
0.191325
  0
VERTEX
  8
0
 10
126.975259
 20
121.067531
 42
0.116102
  0
VERTEX
  8
0
 10
125.247127
 20
121.788274
 42
0.123347
  0
VERTEX
  8
0
 10
123.455777
 20
121.641968
 42
0.222948
  0
SEQEND
  0
POLYLINE
  8
0
 66
1
 70
1
  0
VERTEX
  8
0
 10
126.500000
 20
120.000000
 42
-0.210115
  0
VERTEX
  8
0
 10
126.553029
 20
119.621971
 42
-0.178861
  0
VERTEX
  8
0
 10
126.314314
 20
119.293750
 42
-0.100989
  0
VERTEX
  8
0
 10
125.768372
 20
119.071437
 42
-0.046386
  0
VERTEX
  8
0
 10
125.000000
 20
119.000000
 42
-0.046386
  0
VERTEX
  8
0
 10
124.231628
 20
119.071437
 42
-0.100989
  0
VERTEX
  8
0
 10
123.685686
 20
119.293750
 42
-0.178861
  0
VERTEX
  8
0
 10
123.446971
 20
119.621971
 42
-0.210115
  0
VERTEX
  8
0
 10
123.500000
 20
120.000000
 42
-0.057296
  0
VERTEX
  8
0
 10
123.801830
 20
120.382513
 42
-0.050113
  0
VERTEX
  8
0
 10
124.195564
 20
120.706250
 42
-0.052849
  0
VERTEX
  8
0
 10
124.617099
 20
120.926995
 42
-0.094481
  0
VERTEX
  8
0
 10
125.000000
 20
121.000000
 42
-0.094481
  0
VERTEX
  8
0
 10
125.382901
 20
120.926995
 42
-0.052849
  0
VERTEX
  8
0
 10
125.804436
 20
120.706250
 42
-0.050113
  0
VERTEX
  8
0
 10
126.198170
 20
120.382513
 42
-0.057296
  0
SEQEND
  0
POLYLINE
  8
0
 66
1
 70
1
  0
VERTEX
  8
0
 10
650.149832
 20
154.250000
 42
0.007168
  0
VERTEX
  8
0
 10
650.233201
 20
152.186866
 42
0.031618
  0
VERTEX
  8
0
 10
650.376307
 20
150.979081
 42
0.553801
  0
VERTEX
  8
0
 10
650.542952
 20
150.912882
 42
0.199032
  0
VERTEX
  8
0
 10
650.710409
 20
151.189423
 42
-0.052041
  0
VERTEX
  8
0
 10
651.051454
 20
152.494838
 42
-0.106871
  0
VERTEX
  8
0
 10
651.621154
 20
153.378846
 42
-0.106871
  0
VERTEX
  8
0
 10
652.505162
 20
153.948546
 42
-0.052041
  0
VERTEX
  8
0
 10
653.810577
 20
154.289591
 42
0.000000
  0
VERTEX
  8
0
 10
656.500000
 20
154.700336
 42
0.000000
  0
VERTEX
  8
0
 10
653.750000
 20
154.850168
 42
-0.039530
  0
VERTEX
  8
0
 10
652.454746
 20
155.024053
 42
-0.109582
  0
VERTEX
  8
0
 10
651.624338
 20
155.405663
 42
-0.143131
  0
VERTEX
  8
0
 10
651.161658
 20
156.030465
 42
-0.088499
  0
VERTEX
  8
0
 10
651.000000
 20
156.936642
 42
-0.100783
  0
VERTEX
  8
0
 10
651.189458
 20
157.867022
 42
-0.137100
  0
VERTEX
  8
0
 10
651.721605
 20
158.532836
 42
-0.094495
  0
VERTEX
  8
0
 10
652.692300
 20
158.984596
 42
-0.030931
  0
VERTEX
  8
0
 10
654.250000
 20
159.276604
 42
0.000683
  0
VERTEX
  8
0
 10
656.553502
 20
159.565664
 42
0.602997
  0
VERTEX
  8
0
 10
656.584473
 20
159.648107
 42
0.202828
  0
VERTEX
  8
0
 10
656.426656
 20
159.723309
 42
0.000452
  0
VERTEX
  8
0
 10
653.750000
 20
159.839963
 42
0.000000
  0
VERTEX
  8
0
 10
650.000000
 20
160.000000
 42
0.000000
  0
SEQEND
  0
POLYLINE
  8
0
 66
1
 70
1
  0
VERTEX
  8
0
 10
683.309869
 20
154.500000
 42
0.005499
  0
VERTEX
  8
0
 10
683.337136
 20
152.352754
 42
0.031761
  0
VERTEX
  8
0
 10
683.435944
 20
151.222448
 42
0.756877
  0
VERTEX
  8
0
 10
683.574262
 20
151.205163
 42
0.069146
  0
VERTEX
  8
0
 10
683.724731
 20
151.767909
 42
0.018638
  0
VERTEX
  8
0
 10
683.849672
 20
153.218327
 42
0.012590
  0
VERTEX
  8
0
 10
683.888655
 20
154.878422
 42
0.012695
  0
VERTEX
  8
0
 10
683.845055
 20
156.487453
 42
0.024559
  0
VERTEX
  8
0
 10
683.714526
 20
157.767909
 42
0.212532
  0
VERTEX
  8
0
 10
683.565802
 20
158.000181
 42
0.556092
  0
VERTEX
  8
0
 10
683.424528
 20
157.934948
 42
0.025342
  0
VERTEX
  8
0
 10
683.331591
 20
156.655786
 42
0.005888
  0
SEQEND
  0
POLYLINE
  8
0
 66
1
 70
1
  0
VERTEX
  8
0
 10
659.624622
 20
156.201643
 42
0.307086
  0
VERTEX
  8
0
 10
659.637324
 20
155.901649
 42
0.178194
  0
VERTEX
  8
0
 10
659.951714
 20
155.695713
 42
0.074270
  0
VERTEX
  8
0
 10
660.619899
 20
155.642849
 42
0.029901
  0
VERTEX
  8
0
 10
661.530262
 20
155.761034
 42
-0.067332
  0
VERTEX
  8
0
 10
663.356265
 20
155.860508
 42
-0.394982
  0
VERTEX
  8
0
 10
663.945964
 20
155.212617
 42
-0.278029
  0
VERTEX
  8
0
 10
663.373903
 20
154.292609
 42
-0.056620
  0
VERTEX
  8
0
 10
661.500000
 20
153.589356
 42
0.054602
  0
VERTEX
  8
0
 10
660.427299
 20
153.191699
 42
0.086603
  0
VERTEX
  8
0
 10
659.641553
 20
152.610486
 42
0.098722
  0
VERTEX
  8
0
 10
659.166275
 20
151.859667
 42
0.092143
  0
VERTEX
  8
0
 10
659.000000
 20
150.965064
 42
0.075836
  0
VERTEX
  8
0
 10
659.151289
 20
149.973326
 42
0.187958
  0
VERTEX
  8
0
 10
659.602466
 20
149.408899
 42
0.124597
  0
VERTEX
  8
0
 10
660.466572
 20
149.163270
 42
0.026277
  0
VERTEX
  8
0
 10
662.047469
 20
149.200440
 42
0.029861
  0
VERTEX
  8
0
 10
663.832355
 20
149.444246
 42
0.188331
  0
VERTEX
  8
0
 10
664.592180
 20
149.928873
 42
0.159928
  0
VERTEX
  8
0
 10
664.890290
 20
150.848226
 42
0.020097
  0
VERTEX
  8
0
 10
664.797469
 20
152.966325
 42
0.027960
  0
VERTEX
  8
0
 10
664.547749
 20
154.739786
 42
0.093417
  0
VERTEX
  8
0
 10
664.111502
 20
155.825420
 42
0.132180
  0
VERTEX
  8
0
 10
663.407602
 20
156.467600
 42
0.083995
  0
VERTEX
  8
0
 10
662.344360
 20
156.807186
 42
0.041939
  0
VERTEX
  8
0
 10
661.477875
 20
156.857255
 42
0.048279
  0
VERTEX
  8
0
 10
660.656235
 20
156.756022
 42
0.054713
  0
VERTEX
  8
0
 10
659.993736
 20
156.530289
 42
0.145900
  0
SEQEND
  0
POLYLINE
  8
0
 66
1
 70
1
  0
VERTEX
  8
0
 10
664.000000
 20
151.968615
 42
-0.213422
  0
VERTEX
  8
0
 10
663.621817
 20
151.122972
 42
-0.075769
  0
VERTEX
  8
0
 10
662.486858
 20
150.381846
 42
-0.076784
  0
VERTEX
  8
0
 10
661.197884
 20
150.019605
 42
-0.230479
  0
VERTEX
  8
0
 10
660.356736
 20
150.309930
 42
-0.242984
  0
VERTEX
  8
0
 10
660.115307
 20
151.067091
 42
-0.130219
  0
VERTEX
  8
0
 10
660.532249
 20
151.983357
 42
-0.102648
  0
VERTEX
  8
0
 10
661.459491
 20
152.733481
 42
-0.119467
  0
VERTEX
  8
0
 10
662.559017
 20
153.000000
 42
-0.069866
  0
VERTEX
  8
0
 10
663.109745
 20
152.922668
 42
-0.085761
  0
VERTEX
  8
0
 10
663.576711
 20
152.697031
 42
-0.100101
  0
VERTEX
  8
0
 10
663.888923
 20
152.361922
 42
-0.138501
  0
SEQEND
  0
POLYLINE
  8
0
 66
1
 70
1
  0
VERTEX
  8
0
 10
667.131641
 20
152.578100
 42
0.000000
  0
VERTEX
  8
0
 10
667.263282
 20
148.500000
 42
0.000000
  0
VERTEX
  8
0
 10
667.881641
 20
151.988647
 42
-0.034913
  0
VERTEX
  8
0
 10
668.256144
 20
153.485095
 42
-0.059966
  0
VERTEX
  8
0
 10
668.796988
 20
154.649565
 42
-0.077091
  0
VERTEX
  8
0
 10
669.472114
 20
155.437452
 42
-0.130606
  0
VERTEX
  8
0
 10
670.250000
 20
155.811971
 42
-0.119092
  0
VERTEX
  8
0
 10
671.118723
 20
155.770150
 42
-0.200365
  0
VERTEX
  8
0
 10
671.677386
 20
155.317766
 42
-0.097496
  0
VERTEX
  8
0
 10
671.992817
 20
154.299011
 42
-0.017869
  0
VERTEX
  8
0
 10
672.131641
 20
152.323324
 42
0.000000
  0
VERTEX
  8
0
 10
672.263282
 20
148.500000
 42
0.000000
  0
VERTEX
  8
0
 10
672.881641
 20
151.988647
 42
-0.063369
  0
VERTEX
  8
0
 10
673.780898
 20
154.875284
 42
-0.259361
  0
VERTEX
  8
0
 10
675.205879
 20
155.924539
 42
-0.328038
  0
VERTEX
  8
0
 10
676.555207
 20
155.175441
 42
-0.078471
  0
VERTEX
  8
0
 10
677.290843
 20
152.552345
 42
0.000000
  0
VERTEX
  8
0
 10
677.709689
 20
148.982693
 42
0.000000
  0
VERTEX
  8
0
 10
677.604845
 20
152.741346
 42
0.000000
  0
VERTEX
  8
0
 10
677.500000
 20
156.500000
 42
0.000000
  0
VERTEX
  8
0
 10
672.250000
 20
156.578100
 42
0.000000
  0
VERTEX
  8
0
 10
667.000000
 20
156.656200
 42
0.000000
  0
SEQEND
  0
POLYLINE
  8
0
 66
1
 70
1
  0
VERTEX
  8
0
 10
680.272364
 20
153.000000
 42
0.008087
  0
VERTEX
  8
0
 10
680.298431
 20
151.388510
 42
0.039503
  0
VERTEX
  8
0
 10
680.399666
 20
150.482812
 42
0.611425
  0
VERTEX
  8
0
 10
680.546986
 20
150.439977
 42
0.142433
  0
VERTEX
  8
0
 10
680.705733
 20
150.750000
 42
0.029693
  0
VERTEX
  8
0
 10
680.840649
 20
151.774707
 42
0.017887
  0
VERTEX
  8
0
 10
680.884498
 20
153.000000
 42
0.017887
  0
VERTEX
  8
0
 10
680.840649
 20
154.225293
 42
0.029693
  0
VERTEX
  8
0
 10
680.705733
 20
155.250000
 42
0.142433
  0
VERTEX
  8
0
 10
680.546986
 20
155.560023
 42
0.611425
  0
VERTEX
  8
0
 10
680.399666
 20
155.517188
 42
0.039503
  0
VERTEX
  8
0
 10
680.298431
 20
154.611490
 42
0.008087
  0
SEQEND
  0
POLYLINE
  8
0
 66
1
 70
1
  0
VERTEX
  8
0
 10
686.421125
 20
153.750000
 42
-0.003369
  0
VERTEX
  8
0
 10
686.959647
 20
152.397068
 42
-0.003242
  0
VERTEX
  8
0
 10
687.486976
 20
151.019518
 42
-0.003207
  0
VERTEX
  8
0
 10
687.936076
 20
149.799423
 42
-0.011758
  0
VERTEX
  8
0
 10
688.197241
 20
149.018572
 42
0.484165
  0
VERTEX
  8
0
 10
688.517406
 20
148.894486
 42
0.118498
  0
VERTEX
  8
0
 10
688.991827
 20
149.352631
 42
0.042865
  0
VERTEX
  8
0
 10
689.611726
 20
150.539647
 42
0.016802
  0
VERTEX
  8
0
 10
690.266445
 20
152.268572
 42
0.006120
  0
VERTEX
  8
0
 10
691.453312
 20
155.896711
 42
0.175272
  0
VERTEX
  8
0
 10
691.411587
 20
156.864132
 42
0.657112
  0
VERTEX
  8
0
 10
691.012648
 20
156.871296
 42
0.008186
  0
VERTEX
  8
0
 10
689.657284
 20
153.750000
 42
0.000000
  0
VERTEX
  8
0
 10
688.308832
 20
150.500000
 42
0.000000
  0
VERTEX
  8
0
 10
687.574961
 20
153.750000
 42
0.023911
  0
VERTEX
  8
0
 10
687.230541
 20
154.994991
 42
0.035167
  0
VERTEX
  8
0
 10
686.801243
 20
156.045312
 42
0.038193
  0
VERTEX
  8
0
 10
686.353643
 20
156.801141
 42
0.244660
  0
VERTEX
  8
0
 10
685.971571
 20
157.000000
 42
0.388131
  0
VERTEX
  8
0
 10
685.727539
 20
156.776968
 42
0.056890
  0
VERTEX
  8
0
 10
685.744952
 20
156.045312
 42
0.040294
  0
VERTEX
  8
0
 10
685.977223
 20
154.996763
 42
0.021757
  0
SEQEND
  0
POLYLINE
  8
0
 66
1
 70
1
  0
VERTEX
  8
0
 10
200.200000
 20
79.800000
 42
0.055785
  0
VERTEX
  8
0
 10
199.372416
 20
78.763830
 42
0.113545
  0
VERTEX
  8
0
 10
199.030389
 20
77.785650
 42
0.367277
  0
VERTEX
  8
0
 10
199.307987
 20
77.374367
 42
0.209666
  0
VERTEX
  8
0
 10
199.941388
 20
77.463776
 42
-0.400809
  0
VERTEX
  8
0
 10
200.329950
 20
77.381431
 42
-0.063794
  0
VERTEX
  8
0
 10
200.719016
 20
76.619546
 42
-0.041949
  0
VERTEX
  8
0
 10
201.052349
 20
75.370927
 42
-0.021859
  0
VERTEX
  8
0
 10
201.266681
 20
73.772793
 42
0.002055
  0
VERTEX
  8
0
 10
201.504609
 20
71.241477
 42
0.793162
  0
VERTEX
  8
0
 10
201.614542
 20
71.226897
 42
0.082147
  0
VERTEX
  8
0
 10
201.711995
 20
71.713632
 42
0.000826
  0
VERTEX
  8
0
 10
201.825293
 20
75.250000
 42
0.004886
  0
VERTEX
  8
0
 10
201.870723
 20
77.454820
 42
0.008154
  0
VERTEX
  8
0
 10
201.860555
 20
79.310937
 42
0.002653
  0
VERTEX
  8
0
 10
201.817876
 20
80.885883
 42
0.404756
  0
VERTEX
  8
0
 10
201.700000
 20
81.000000
 42
0.157369
  0
VERTEX
  8
0
 10
201.525676
 20
80.943741
 42
0.012597
  0
VERTEX
  8
0
 10
201.135625
 20
80.647500
 42
0.016057
  0
VERTEX
  8
0
 10
200.681514
 20
80.259658
 42
0.011610
  0
SEQEND
  0
POLYLINE
  8
0
 66
1
 70
1
  0
VERTEX
  8
0
 10
210.708849
 20
80.375516
 42
0.076222
  0
VERTEX
  8
0
 10
210.028744
 20
79.449071
 42
0.246820
  0
VERTEX
  8
0
 10
210.030864
 20
78.710064
 42
0.360858
  0
VERTEX
  8
0
 10
210.574882
 20
78.485596
 42
0.098170
  0
VERTEX
  8
0
 10
211.456195
 20
78.963645
 42
-0.108098
  0
VERTEX
  8
0
 10
212.592374
 20
79.551353
 42
-0.133148
  0
VERTEX
  8
0
 10
213.781401
 20
79.548103
 42
-0.159615
  0
VERTEX
  8
0
 10
214.660659
 20
78.966961
 42
-0.169137
  0
VERTEX
  8
0
 10
215.000000
 20
77.992505
 42
-0.135326
  0
VERTEX
  8
0
 10
214.863702
 20
77.498138
 42
-0.017663
  0
VERTEX
  8
0
 10
214.265625
 20
76.571919
 42
-0.019503
  0
VERTEX
  8
0
 10
213.457329
 20
75.503532
 42
-0.015182
  0
VERTEX
  8
0
 10
212.500000
 20
74.405499
 42
0.018902
  0
VERTEX
  8
0
 10
210.467227
 20
72.038643
 42
0.214777
  0
VERTEX
  8
0
 10
210.171009
 20
70.872150
 42
0.335849
  0
VERTEX
  8
0
 10
210.879733
 20
70.214118
 42
0.036609
  0
VERTEX
  8
0
 10
213.250000
 20
70.149832
 42
0.000594
  0
VERTEX
  8
0
 10
215.551870
 20
70.258694
 42
0.237264
  0
VERTEX
  8
0
 10
215.689518
 20
70.336478
 42
0.549460
  0
VERTEX
  8
0
 10
215.651525
 20
70.422867
 42
0.000847
  0
VERTEX
  8
0
 10
213.636993
 20
70.727159
 42
0.000000
  0
VERTEX
  8
0
 10
210.773986
 20
71.154654
 42
0.000000
  0
VERTEX
  8
0
 10
213.479358
 20
73.978454
 42
0.035638
  0
VERTEX
  8
0
 10
214.491706
 20
75.198226
 42
0.038777
  0
VERTEX
  8
0
 10
215.289211
 20
76.516748
 42
0.042168
  0
VERTEX
  8
0
 10
215.782453
 20
77.743916
 42
0.122184
  0
VERTEX
  8
0
 10
215.832150
 20
78.651127
 42
0.171446
  0
VERTEX
  8
0
 10
215.128943
 20
79.856753
 42
0.094911
  0
VERTEX
  8
0
 10
213.627409
 20
80.704399
 42
0.096404
  0
VERTEX
  8
0
 10
211.940154
 20
80.929197
 42
0.183426
  0
SEQEND
  0
POLYLINE
  8
0
 66
1
 70
1
  0
VERTEX
  8
0
 10
222.000000
 20
75.439635
 42
0.000000
  0
VERTEX
  8
0
 10
222.000000
 20
69.879269
 42
0.000000
  0
VERTEX
  8
0
 10
225.750000
 20
70.189635
 42
0.021655
  0
VERTEX
  8
0
 10
228.067547
 20
70.482914
 42
0.170465
  0
VERTEX
  8
0
 10
229.001152
 20
71.001297
 42
0.159625
  0
VERTEX
  8
0
 10
229.437771
 20
72.006780
 42
0.018375
  0
VERTEX
  8
0
 10
229.578394
 20
74.500000
 42
0.036680
  0
VERTEX
  8
0
 10
229.406649
 20
77.693311
 42
0.125420
  0
VERTEX
  8
0
 10
228.647765
 20
79.612256
 42
0.162814
  0
VERTEX
  8
0
 10
227.199689
 20
80.650143
 42
0.074908
  0
VERTEX
  8
0
 10
224.877555
 20
81.000000
 42
0.046865
  0
VERTEX
  8
0
 10
223.144936
 20
80.837244
 42
0.230432
  0
VERTEX
  8
0
 10
222.379378
 20
80.266919
 42
0.111910
  0
VERTEX
  8
0
 10
222.057025
 20
79.028621
 42
0.007944
  0
SEQEND
  0
POLYLINE
  8
0
 66
1
 70
1
  0
VERTEX
  8
0
 10
228.500000
 20
78.000000
 42
-0.154584
  0
VERTEX
  8
0
 10
228.301657
 20
77.373791
 42
-0.093669
  0
VERTEX
  8
0
 10
227.738930
 20
76.827559
 42
-0.072136
  0
VERTEX
  8
0
 10
226.861629
 20
76.414852
 42
-0.045313
  0
VERTEX
  8
0
 10
225.750000
 20
76.183578
 42
-0.030541
  0
VERTEX
  8
0
 10
224.313992
 20
76.106685
 42
-0.145046
  0
VERTEX
  8
0
 10
223.535250
 20
76.343872
 42
-0.189807
  0
VERTEX
  8
0
 10
223.127944
 20
76.924270
 42
-0.059260
  0
VERTEX
  8
0
 10
223.000000
 20
78.000000
 42
-0.059260
  0
VERTEX
  8
0
 10
223.127944
 20
79.075730
 42
-0.189807
  0
VERTEX
  8
0
 10
223.535250
 20
79.656128
 42
-0.145046
  0
VERTEX
  8
0
 10
224.313992
 20
79.893315
 42
-0.030541
  0
VERTEX
  8
0
 10
225.750000
 20
79.816422
 42
-0.045313
  0
VERTEX
  8
0
 10
226.861629
 20
79.585148
 42
-0.072136
  0
VERTEX
  8
0
 10
227.738930
 20
79.172441
 42
-0.093669
  0
VERTEX
  8
0
 10
228.301657
 20
78.626209
 42
-0.154584
  0
SEQEND
  0
POLYLINE
  8
0
 66
1
 70
1
  0
VERTEX
  8
0
 10
228.500000
 20
73.000000
 42
-0.154584
  0
VERTEX
  8
0
 10
228.301657
 20
72.373791
 42
-0.093669
  0
VERTEX
  8
0
 10
227.738930
 20
71.827559
 42
-0.072136
  0
VERTEX
  8
0
 10
226.861629
 20
71.414852
 42
-0.045313
  0
VERTEX
  8
0
 10
225.750000
 20
71.183578
 42
-0.030541
  0
VERTEX
  8
0
 10
224.313992
 20
71.106685
 42
-0.145046
  0
VERTEX
  8
0
 10
223.535250
 20
71.343872
 42
-0.189807
  0
VERTEX
  8
0
 10
223.127944
 20
71.924270
 42
-0.059260
  0
VERTEX
  8
0
 10
223.000000
 20
73.000000
 42
-0.059260
  0
VERTEX
  8
0
 10
223.127944
 20
74.075730
 42
-0.189807
  0
VERTEX
  8
0
 10
223.535250
 20
74.656128
 42
-0.145046
  0
VERTEX
  8
0
 10
224.313992
 20
74.893315
 42
-0.030541
  0
VERTEX
  8
0
 10
225.750000
 20
74.816422
 42
-0.045313
  0
VERTEX
  8
0
 10
226.861629
 20
74.585148
 42
-0.072136
  0
VERTEX
  8
0
 10
227.738930
 20
74.172441
 42
-0.093669
  0
VERTEX
  8
0
 10
228.301657
 20
73.626209
 42
-0.154584
  0
SEQEND
  0
POLYLINE
  8
0
 66
1
 70
1
  0
VERTEX
  8
0
 10
244.231321
 20
75.500000
 42
0.002575
  0
VERTEX
  8
0
 10
244.264314
 20
72.351112
 42
0.059510
  0
VERTEX
  8
0
 10
244.384565
 20
71.462501
 42
0.781944
  0
VERTEX
  8
0
 10
244.565411
 20
71.464284
 42
0.014562
  0
VERTEX
  8
0
 10
244.881641
 20
72.988647
 42
-0.065077
  0
VERTEX
  8
0
 10
245.768438
 20
75.801553
 42
-0.242176
  0
VERTEX
  8
0
 10
247.190403
 20
76.905661
 42
-0.332627
  0
VERTEX
  8
0
 10
248.532182
 20
76.245538
 42
-0.087752
  0
VERTEX
  8
0
 10
249.275423
 20
73.810999
 42
0.000000
  0
VERTEX
  8
0
 10
249.678849
 20
70.500000
 42
0.000000
  0
VERTEX
  8
0
 10
249.589425
 20
74.000000
 42
0.023425
  0
VERTEX
  8
0
 10
249.458567
 20
75.804618
 42
0.105127
  0
VERTEX
  8
0
 10
249.118607
 20
76.801322
 42
0.170123
  0
VERTEX
  8
0
 10
248.498376
 20
77.319068
 42
0.089881
  0
VERTEX
  8
0
 10
247.500000
 20
77.500000
 42
-0.089848
  0
VERTEX
  8
0
 10
246.679738
 20
77.648598
 42
-0.072131
  0
VERTEX
  8
0
 10
245.892278
 20
78.081290
 42
-0.071009
  0
VERTEX
  8
0
 10
245.249209
 20
78.728018
 42
-0.081783
  0
VERTEX
  8
0
 10
244.849680
 20
79.500000
 42
0.551185
  0
VERTEX
  8
0
 10
244.614563
 20
79.559763
 42
0.166213
  0
VERTEX
  8
0
 10
244.399780
 20
79.150000
 42
0.029962
  0
VERTEX
  8
0
 10
244.262121
 20
77.681513
 42
0.009723
  0
SEQEND
  0
POLYLINE
  8
0
 66
1
 70
1
  0
VERTEX
  8
0
 10
239.833619
 20
79.000858
 42
0.068754
  0
VERTEX
  8
0
 10
239.709521
 20
78.335734
 42
0.011835
  0
VERTEX
  8
0
 10
239.679305
 20
77.050040
 42
0.012690
  0
VERTEX
  8
0
 10
239.718187
 20
75.528601
 42
0.011037
  0
VERTEX
  8
0
 10
239.834488
 20
73.938358
 42
0.022671
  0
VERTEX
  8
0
 10
240.096594
 20
72.083940
 42
0.072594
  0
VERTEX
  8
0
 10
240.500958
 20
70.906009
 42
0.124521
  0
VERTEX
  8
0
 10
241.079184
 20
70.251213
 42
0.153427
  0
VERTEX
  8
0
 10
241.855035
 20
70.015313
 42
0.018049
  0
VERTEX
  8
0
 10
242.650163
 20
70.051439
 42
0.279424
  0
VERTEX
  8
0
 10
242.862646
 20
70.205210
 42
0.340923
  0
VERTEX
  8
0
 10
242.802243
 20
70.434363
 42
0.022653
  0
VERTEX
  8
0
 10
242.207578
 20
70.850548
 42
-0.143590
  0
VERTEX
  8
0
 10
241.706170
 20
71.421970
 42
-0.050963
  0
VERTEX
  8
0
 10
241.346986
 20
72.459894
 42
-0.043375
  0
VERTEX
  8
0
 10
241.152577
 20
73.794716
 42
-0.031305
  0
VERTEX
  8
0
 10
241.159585
 20
75.299895
 42
0.027998
  0
VERTEX
  8
0
 10
241.186227
 20
77.665342
 42
0.074967
  0
VERTEX
  8
0
 10
240.861610
 20
79.314321
 42
0.420046
  0
VERTEX
  8
0
 10
240.356896
 20
79.546670
 42
0.224970
  0
SEQEND
  0
POLYLINE
  8
0
 66
1
 70
1
  0
VERTEX
  8
0
 10
207.078947
 20
77.416667
 42
0.018894
  0
VERTEX
  8
0
 10
207.137993
 20
76.670344
 42
0.168741
  0
VERTEX
  8
0
 10
207.279315
 20
76.378580
 42
0.470617
  0
VERTEX
  8
0
 10
207.461564
 20
76.395823
 42
0.054073
  0
VERTEX
  8
0
 10
207.683114
 20
76.812500
 42
0.051402
  0
VERTEX
  8
0
 10
207.839148
 20
77.359369
 42
0.054150
  0
VERTEX
  8
0
 10
207.876576
 20
77.916927
 42
0.060344
  0
VERTEX
  8
0
 10
207.797407
 20
78.402231
 42
0.126455
  0
VERTEX
  8
0
 10
207.604167
 20
78.729167
 42
0.296942
  0
VERTEX
  8
0
 10
207.385309
 20
78.775380
 42
0.208169
  0
VERTEX
  8
0
 10
207.200665
 20
78.592839
 42
0.077125
  0
VERTEX
  8
0
 10
207.089945
 20
78.112848
 42
0.028489
  0
SEQEND
  0
POLYLINE
  8
0
 66
1
 70
1
  0
VERTEX
  8
0
 10
232.624622
 20
77.201643
 42
0.307086
  0
VERTEX
  8
0
 10
232.637324
 20
76.901649
 42
0.178194
  0
VERTEX
  8
0
 10
232.951714
 20
76.695713
 42
0.074270
  0
VERTEX
  8
0
 10
233.619899
 20
76.642849
 42
0.029901
  0
VERTEX
  8
0
 10
234.530262
 20
76.761034
 42
-0.067332
  0
VERTEX
  8
0
 10
236.356265
 20
76.860508
 42
-0.394982
  0
VERTEX
  8
0
 10
236.945964
 20
76.212617
 42
-0.278029
  0
VERTEX
  8
0
 10
236.373903
 20
75.292609
 42
-0.056620
  0
VERTEX
  8
0
 10
234.500000
 20
74.589356
 42
0.054602
  0
VERTEX
  8
0
 10
233.427299
 20
74.191699
 42
0.086603
  0
VERTEX
  8
0
 10
232.641553
 20
73.610486
 42
0.098722
  0
VERTEX
  8
0
 10
232.166275
 20
72.859667
 42
0.092143
  0
VERTEX
  8
0
 10
232.000000
 20
71.965064
 42
0.075836
  0
VERTEX
  8
0
 10
232.151289
 20
70.973326
 42
0.187958
  0
VERTEX
  8
0
 10
232.602466
 20
70.408899
 42
0.124597
  0
VERTEX
  8
0
 10
233.466572
 20
70.163270
 42
0.026277
  0
VERTEX
  8
0
 10
235.047469
 20
70.200440
 42
0.029861
  0
VERTEX
  8
0
 10
236.832355
 20
70.444246
 42
0.188331
  0
VERTEX
  8
0
 10
237.592180
 20
70.928873
 42
0.159928
  0
VERTEX
  8
0
 10
237.890290
 20
71.848226
 42
0.020097
  0
VERTEX
  8
0
 10
237.797469
 20
73.966325
 42
0.027960
  0
VERTEX
  8
0
 10
237.547749
 20
75.739786
 42
0.093417
  0
VERTEX
  8
0
 10
237.111502
 20
76.825420
 42
0.132180
  0
VERTEX
  8
0
 10
236.407602
 20
77.467600
 42
0.083995
  0
VERTEX
  8
0
 10
235.344360
 20
77.807186
 42
0.041939
  0
VERTEX
  8
0
 10
234.477875
 20
77.857255
 42
0.048279
  0
VERTEX
  8
0
 10
233.656235
 20
77.756022
 42
0.054713
  0
VERTEX
  8
0
 10
232.993736
 20
77.530289
 42
0.145900
  0
SEQEND
  0
POLYLINE
  8
0
 66
1
 70
1
  0
VERTEX
  8
0
 10
237.000000
 20
72.968615
 42
-0.213422
  0
VERTEX
  8
0
 10
236.621817
 20
72.122972
 42
-0.075769
  0
VERTEX
  8
0
 10
235.486858
 20
71.381846
 42
-0.076784
  0
VERTEX
  8
0
 10
234.197884
 20
71.019605
 42
-0.230479
  0
VERTEX
  8
0
 10
233.356736
 20
71.309930
 42
-0.242984
  0
VERTEX
  8
0
 10
233.115307
 20
72.067091
 42
-0.130219
  0
VERTEX
  8
0
 10
233.532249
 20
72.983357
 42
-0.102648
  0
VERTEX
  8
0
 10
234.459491
 20
73.733481
 42
-0.119467
  0
VERTEX
  8
0
 10
235.559017
 20
74.000000
 42
-0.069866
  0
VERTEX
  8
0
 10
236.109745
 20
73.922668
 42
-0.085761
  0
VERTEX
  8
0
 10
236.576711
 20
73.697031
 42
-0.100101
  0
VERTEX
  8
0
 10
236.888923
 20
73.361922
 42
-0.138501
  0
SEQEND
  0
POLYLINE
  8
0
 66
1
 70
1
  0
VERTEX
  8
0
 10
206.078947
 20
74.331787
 42
-0.026585
  0
VERTEX
  8
0
 10
206.009284
 20
73.757118
 42
-0.010249
  0
VERTEX
  8
0
 10
205.854136
 20
72.968650
 42
-0.010113
  0
VERTEX
  8
0
 10
205.650633
 20
72.118725
 42
-0.012294
  0
VERTEX
  8
0
 10
205.424495
 20
71.331787
 42
0.001747
  0
VERTEX
  8
0
 10
205.041936
 20
70.099086
 42
0.480310
  0
VERTEX
  8
0
 10
205.096136
 20
70.019541
 42
0.274771
  0
VERTEX
  8
0
 10
205.215612
 20
70.078613
 42
0.001285
  0
VERTEX
  8
0
 10
205.995269
 20
71.287676
 42
0.045436
  0
VERTEX
  8
0
 10
206.397416
 20
72.061330
 42
0.043469
  0
VERTEX
  8
0
 10
206.660355
 20
72.906342
 42
0.046663
  0
VERTEX
  8
0
 10
206.756682
 20
73.695062
 42
0.103788
  0
VERTEX
  8
0
 10
206.649722
 20
74.287676
 42
0.013863
  0
VERTEX
  8
0
 10
206.403102
 20
74.850283
 42
0.269455
  0
VERTEX
  8
0
 10
206.252586
 20
74.954040
 42
0.393954
  0
VERTEX
  8
0
 10
206.135852
 20
74.860903
 42
0.019832
  0
SEQEND
  0
POLYLINE
  8
0
 66
1
 70
1
  0
VERTEX
  8
0
 10
461.000000
 20
22.500000
 42
0.005315
  0
VERTEX
  8
0
 10
459.341221
 20
20.773493
 42
0.009649
  0
VERTEX
  8
0
 10
458.027781
 20
19.321875
 42
0.005222
  0
VERTEX
  8
0
 10
457.018986
 20
18.138017
 42
0.636069
  0
VERTEX
  8
0
 10
457.083584
 20
18.000000
 42
0.183746
  0
VERTEX
  8
0
 10
457.403940
 20
18.121842
 42
0.003583
  0
VERTEX
  8
0
 10
458.734031
 20
19.321875
 42
0.008106
  0
VERTEX
  8
0
 10
460.271216
 20
20.775353
 42
0.005286
  0
VERTEX
  8
0
 10
462.000000
 20
22.500000
 42
0.005315
  0
VERTEX
  8
0
 10
463.658779
 20
24.226507
 42
0.009649
  0
VERTEX
  8
0
 10
464.972219
 20
25.678125
 42
0.005222
  0
VERTEX
  8
0
 10
465.981014
 20
26.861983
 42
0.636069
  0
VERTEX
  8
0
 10
465.916416
 20
27.000000
 42
0.183746
  0
VERTEX
  8
0
 10
465.596060
 20
26.878158
 42
0.003583
  0
VERTEX
  8
0
 10
464.265969
 20
25.678125
 42
0.008106
  0
VERTEX
  8
0
 10
462.728784
 20
24.224647
 42
0.005286
  0
SEQEND
  0
ENDSEC
  0
EOF
