  0
SECTION
  2
HEADER
  9
$ACADVER
  1
AC1006
  9
$EXTMIN
 10
0.000000
 20
0.000000
 30
0.000000
  9
$EXTMAX
 10
448.000000
 20
684.000000
 30
0.000000
  0
ENDSEC
  0
SECTION
  2
ENTITIES
  0
POLYLINE
  8
0
 66
1
 70
1
  0
VERTEX
  8
0
 10
51.644452
 20
637.009805
 42
0.025006
  0
VERTEX
  8
0
 10
47.288633
 20
635.052110
 42
0.032085
  0
VERTEX
  8
0
 10
43.512983
 20
632.806585
 42
0.036110
  0
VERTEX
  8
0
 10
40.584140
 20
630.472440
 42
0.083778
  0
VERTEX
  8
0
 10
38.870237
 20
628.257535
 42
-0.026601
  0
VERTEX
  8
0
 10
38.346736
 20
627.393217
 42
-0.034227
  0
VERTEX
  8
0
 10
37.772836
 20
626.663151
 42
-0.036524
  0
VERTEX
  8
0
 10
37.229102
 20
626.143090
 42
-0.174266
  0
VERTEX
  8
0
 10
36.831020
 20
626.000000
 42
0.169425
  0
VERTEX
  8
0
 10
36.513970
 20
625.889392
 42
0.094543
  0
VERTEX
  8
0
 10
36.244112
 20
625.576032
 42
0.075171
  0
VERTEX
  8
0
 10
36.061620
 20
625.108800
 42
0.055633
  0
VERTEX
  8
0
 10
36.000000
 20
624.556704
 42
-0.111471
  0
VERTEX
  8
0
 10
35.851385
 20
623.898377
 42
-0.045359
  0
VERTEX
  8
0
 10
35.380655
 20
623.103570
 42
-0.041941
  0
VERTEX
  8
0
 10
34.698277
 20
622.308382
 42
-0.041712
  0
VERTEX
  8
0
 10
33.891591
 20
621.636621
 42
0.045859
  0
VERTEX
  8
0
 10
33.077560
 20
620.947253
 42
0.079119
  0
VERTEX
  8
0
 10
32.564026
 20
620.225743
 42
0.105152
  0
VERTEX
  8
0
 10
32.386687
 20
619.534473
 42
0.149899
  0
VERTEX
  8
0
 10
32.546100
 20
618.925409
 42
-0.022839
  0
VERTEX
  8
0
 10
32.850221
 20
618.379029
 42
-0.363774
  0
VERTEX
  8
0
 10
32.804240
 20
618.187445
 42
-0.287128
  0
VERTEX
  8
0
 10
32.581404
 20
618.169973
 42
-0.018155
  0
VERTEX
  8
0
 10
31.984570
 20
618.509536
 42
0.036589
  0
VERTEX
  8
0
 10
31.373133
 20
618.828191
 42
0.348029
  0
VERTEX
  8
0
 10
31.107152
 20
618.756708
 42
0.233523
  0
VERTEX
  8
0
 10
31.046842
 20
618.424504
 42
0.021797
  0
VERTEX
  8
0
 10
31.318607
 20
617.612107
 42
-0.032907
  0
VERTEX
  8
0
 10
31.513010
 20
616.985025
 42
-0.115104
  0
VERTEX
  8
0
 10
31.515377
 20
616.564507
 42
-0.308490
  0
VERTEX
  8
0
 10
31.344524
 20
616.405734
 42
-0.177812
  0
VERTEX
  8
0
 10
31.057644
 20
616.464374
 42
0.102120
  0
VERTEX
  8
0
 10
30.662033
 20
616.608801
 42
0.098618
  0
VERTEX
  8
0
 10
30.236320
 20
616.587456
 42
0.097189
  0
VERTEX
  8
0
 10
29.846318
 20
616.403628
 42
0.096040
  0
VERTEX
  8
0
 10
29.552786
 20
616.085410
 42
0.223302
  0
VERTEX
  8
0
 10
29.445783
 20
615.152334
 42
0.241615
  0
VERTEX
  8
0
 10
30.097996
 20
614.518080
 42
0.125579
  0
VERTEX
  8
0
 10
31.470055
 20
614.452932
 42
0.072374
  0
VERTEX
  8
0
 10
33.034772
 20
615.018609
 42
-0.035320
  0
VERTEX
  8
0
 10
33.917384
 20
615.413593
 42
-0.034708
  0
VERTEX
  8
0
 10
34.851924
 20
615.683121
 42
-0.036810
  0
VERTEX
  8
0
 10
35.702599
 20
615.801103
 42
-0.098882
  0
VERTEX
  8
0
 10
36.305439
 20
615.720512
 42
-0.504021
  0
VERTEX
  8
0
 10
36.409095
 20
615.393610
 42
-0.069548
  0
VERTEX
  8
0
 10
35.827223
 20
614.788148
 42
-0.036613
  0
VERTEX
  8
0
 10
34.645194
 20
613.991226
 42
-0.016763
  0
VERTEX
  8
0
 10
33.000000
 20
613.121119
 42
0.001142
  0
VERTEX
  8
0
 10
29.916372
 20
611.611562
 42
0.133520
  0
VERTEX
  8
0
 10
29.584787
 20
611.318977
 42
0.658670
  0
VERTEX
  8
0
 10
29.680932
 20
611.173045
 42
0.003231
  0
VERTEX
  8
0
 10
32.000000
 20
611.602523
 42
-0.004384
  0
VERTEX
  8
0
 10
33.692666
 20
611.911961
 42
-0.001922
  0
VERTEX
  8
0
 10
35.940625
 20
612.293683
 42
-0.001901
  0
VERTEX
  8
0
 10
38.329669
 20
612.680593
 42
-0.002544
  0
VERTEX
  8
0
 10
40.500000
 20
613.012307
 42
0.009866
  0
VERTEX
  8
0
 10
42.301744
 20
613.314748
 42
0.034304
  0
VERTEX
  8
0
 10
43.443750
 20
613.611979
 42
0.273361
  0
VERTEX
  8
0
 10
43.634555
 20
613.832220
 42
0.428248
  0
VERTEX
  8
0
 10
43.500000
 20
614.017149
 42
-0.201570
  0
VERTEX
  8
0
 10
43.209304
 20
614.187613
 42
-0.477778
  0
VERTEX
  8
0
 10
43.262500
 20
614.396995
 42
-0.054852
  0
VERTEX
  8
0
 10
44.073552
 20
614.666650
 42
-0.012454
  0
VERTEX
  8
0
 10
45.500000
 20
614.935779
 42
0.012272
  0
VERTEX
  8
0
 10
47.939201
 20
615.395062
 42
0.667736
  0
VERTEX
  8
0
 10
48.002137
 20
615.735780
 42
0.085455
  0
VERTEX
  8
0
 10
47.064979
 20
616.138063
 42
0.001510
  0
VERTEX
  8
0
 10
41.695778
 20
617.406318
 42
-0.005941
  0
VERTEX
  8
0
 10
38.732323
 20
618.134103
 42
-0.010503
  0
VERTEX
  8
0
 10
36.308081
 20
618.814718
 42
-0.005174
  0
VERTEX
  8
0
 10
34.366738
 20
619.426030
 42
-0.559616
  0
VERTEX
  8
0
 10
34.313802
 20
619.647135
 42
-0.219576
  0
VERTEX
  8
0
 10
34.657450
 20
619.773788
 42
-0.010651
  0
VERTEX
  8
0
 10
35.899219
 20
619.648587
 42
-0.015689
  0
VERTEX
  8
0
 10
37.408296
 20
619.415628
 42
-0.010512
  0
VERTEX
  8
0
 10
39.118024
 20
619.059137
 42
0.011868
  0
VERTEX
  8
0
 10
40.979028
 20
618.676363
 42
0.010281
  0
VERTEX
  8
0
 10
42.947170
 20
618.361661
 42
0.010398
  0
VERTEX
  8
0
 10
44.741994
 20
618.150342
 42
0.029559
  0
VERTEX
  8
0
 10
46.000000
 20
618.103393
 42
0.034479
  0
VERTEX
  8
0
 10
47.387925
 20
618.229663
 42
0.755197
  0
VERTEX
  8
0
 10
47.417934
 20
618.483875
 42
0.052787
  0
VERTEX
  8
0
 10
46.131719
 20
618.866554
 42
0.004460
  0
VERTEX
  8
0
 10
42.722210
 20
619.468633
 42
-0.045296
  0
VERTEX
  8
0
 10
39.893486
 20
620.210232
 42
-0.571270
  0
VERTEX
  8
0
 10
39.729146
 20
621.084456
 42
-0.153903
  0
VERTEX
  8
0
 10
41.530124
 20
621.873967
 42
-0.019554
  0
VERTEX
  8
0
 10
45.809017
 20
622.168108
 42
0.000000
  0
VERTEX
  8
0
 10
51.500000
 20
622.336215
 42
0.000000
  0
VERTEX
  8
0
 10
45.500000
 20
622.918108
 42
0.000000
  0
VERTEX
  8
0
 10
39.500000
 20
623.500000
 42
0.000000
  0
VERTEX
  8
0
 10
43.361110
 20
625.416667
 42
-0.025222
  0
VERTEX
  8
0
 10
45.047954
 20
626.150487
 42
-0.020380
  0
VERTEX
  8
0
 10
46.923709
 20
626.770313
 42
-0.020836
  0
VERTEX
  8
0
 10
48.705109
 20
627.200073
 42
-0.048804
  0
VERTEX
  8
0
 10
50.067121
 20
627.333333
 42
0.024980
  0
VERTEX
  8
0
 10
51.126478
 20
627.386293
 42
0.051110
  0
VERTEX
  8
0
 10
51.940549
 20
627.553036
 42
0.091985
  0
VERTEX
  8
0
 10
52.400036
 20
627.796715
 42
0.380204
  0
VERTEX
  8
0
 10
52.449781
 20
628.081256
 42
-0.162853
  0
VERTEX
  8
0
 10
52.372082
 20
628.412053
 42
-0.111567
  0
VERTEX
  8
0
 10
52.492340
 20
628.781884
 42
-0.087709
  0
VERTEX
  8
0
 10
52.797703
 20
629.136025
 42
-0.061875
  0
VERTEX
  8
0
 10
53.243769
 20
629.416097
 42
0.825122
  0
VERTEX
  8
0
 10
53.178388
 20
629.676472
 42
0.015712
  0
VERTEX
  8
0
 10
50.637955
 20
629.456455
 42
0.012578
  0
VERTEX
  8
0
 10
47.295520
 20
628.975310
 42
0.020649
  0
VERTEX
  8
0
 10
44.500000
 20
628.381176
 42
-0.005492
  0
VERTEX
  8
0
 10
43.384703
 20
628.108571
 42
-0.272648
  0
VERTEX
  8
0
 10
43.176328
 20
628.173855
 42
-0.439531
  0
VERTEX
  8
0
 10
43.192001
 20
628.341156
 42
-0.007883
  0
VERTEX
  8
0
 10
44.000000
 20
628.934493
 42
0.029918
  0
VERTEX
  8
0
 10
44.745332
 20
629.534075
 42
0.190215
  0
VERTEX
  8
0
 10
44.955955
 20
629.961778
 42
0.229694
  0
VERTEX
  8
0
 10
44.798646
 20
630.367472
 42
0.044112
  0
VERTEX
  8
0
 10
44.158050
 20
630.865845
 42
-0.105366
  0
VERTEX
  8
0
 10
43.726458
 20
631.295339
 42
-0.363250
  0
VERTEX
  8
0
 10
43.769892
 20
631.658662
 42
-0.124345
  0
VERTEX
  8
0
 10
44.339931
 20
631.975675
 42
-0.017621
  0
VERTEX
  8
0
 10
45.658050
 20
632.277187
 42
-0.032301
  0
VERTEX
  8
0
 10
46.821293
 20
632.423423
 42
-0.034638
  0
VERTEX
  8
0
 10
47.966562
 20
632.413380
 42
-0.036986
  0
VERTEX
  8
0
 10
48.938696
 20
632.264512
 42
-0.116710
  0
VERTEX
  8
0
 10
49.525991
 20
631.974808
 42
0.159833
  0
VERTEX
  8
0
 10
51.006350
 20
631.394413
 42
0.045362
  0
VERTEX
  8
0
 10
53.510124
 20
631.479579
 42
0.044274
  0
VERTEX
  8
0
 10
55.884978
 20
631.993598
 42
0.241381
  0
VERTEX
  8
0
 10
56.795250
 20
632.885749
 42
-0.103053
  0
VERTEX
  8
0
 10
57.043178
 20
633.311691
 42
-0.070369
  0
VERTEX
  8
0
 10
57.473709
 20
633.672689
 42
-0.066701
  0
VERTEX
  8
0
 10
58.014021
 20
633.916616
 42
-0.072843
  0
VERTEX
  8
0
 10
58.583333
 20
634.000000
 42
0.127047
  0
VERTEX
  8
0
 10
59.688953
 20
634.285541
 42
0.368921
  0
VERTEX
  8
0
 10
59.945243
 20
634.969640
 42
0.189635
  0
VERTEX
  8
0
 10
59.223685
 20
635.786999
 42
0.070736
  0
VERTEX
  8
0
 10
57.750000
 20
636.294267
 42
-0.004355
  0
VERTEX
  8
0
 10
56.473279
 20
636.551726
 42
-0.592371
  0
VERTEX
  8
0
 10
56.436742
 20
636.672608
 42
-0.186389
  0
VERTEX
  8
0
 10
56.665756
 20
636.776582
 42
-0.002297
  0
VERTEX
  8
0
 10
58.309017
 20
636.863818
 42
0.033337
  0
VERTEX
  8
0
 10
59.367539
 20
636.986185
 42
0.074300
  0
VERTEX
  8
0
 10
60.132755
 20
637.248348
 42
0.142380
  0
VERTEX
  8
0
 10
60.505333
 20
637.603354
 42
0.276828
  0
VERTEX
  8
0
 10
60.500000
 20
638.000000
 42
0.195683
  0
VERTEX
  8
0
 10
59.482450
 20
638.743065
 42
0.089138
  0
VERTEX
  8
0
 10
57.810003
 20
638.854366
 42
0.050273
  0
VERTEX
  8
0
 10
55.314838
 20
638.317801
 42
0.015029
  0
SEQEND
  0
POLYLINE
  8
0
 66
1
 70
1
  0
VERTEX
  8
0
 10
54.000000
 20
634.138672
 42
-0.285831
  0
VERTEX
  8
0
 10
53.816555
 20
633.843992
 42
-0.076393
  0
VERTEX
  8
0
 10
53.265625
 20
633.670744
 42
-0.053628
  0
VERTEX
  8
0
 10
52.458177
 20
633.634359
 42
-0.031701
  0
VERTEX
  8
0
 10
51.500000
 20
633.755249
 42
-0.013875
  0
VERTEX
  8
0
 10
50.541800
 20
633.966135
 42
-0.021857
  0
VERTEX
  8
0
 10
49.734375
 20
634.205400
 42
-0.017542
  0
VERTEX
  8
0
 10
49.114399
 20
634.443639
 42
-0.300822
  0
VERTEX
  8
0
 10
49.000000
 20
634.616577
 42
-0.347462
  0
VERTEX
  8
0
 10
49.119163
 20
634.767351
 42
-0.020244
  0
VERTEX
  8
0
 10
49.734375
 20
634.887370
 42
-0.023639
  0
VERTEX
  8
0
 10
50.541581
 20
634.972369
 42
-0.014412
  0
VERTEX
  8
0
 10
51.500000
 20
635.000000
 42
-0.032714
  0
VERTEX
  8
0
 10
52.457653
 20
634.937276
 42
-0.050289
  0
VERTEX
  8
0
 10
53.265625
 20
634.746985
 42
-0.064968
  0
VERTEX
  8
0
 10
53.823693
 20
634.469414
 42
-0.249889
  0
SEQEND
  0
POLYLINE
  8
0
 66
1
 70
1
  0
VERTEX
  8
0
 10
0.061655
 20
573.631076
 42
0.000000
  0
VERTEX
  8
0
 10
0.111121
 20
512.762152
 42
0.000000
  0
VERTEX
  8
0
 10
4.275592
 20
513.428078
 42
0.013410
  0
VERTEX
  8
0
 10
5.909224
 20
513.734441
 42
0.017886
  0
VERTEX
  8
0
 10
7.372428
 20
514.104894
 42
0.015244
  0
VERTEX
  8
0
 10
8.549809
 20
514.487533
 42
0.146054
  0
VERTEX
  8
0
 10
8.970032
 20
514.797002
 42
-0.159239
  0
VERTEX
  8
0
 10
9.373475
 20
515.078375
 42
-0.022276
  0
VERTEX
  8
0
 10
10.372447
 20
515.331993
 42
-0.023613
  0
VERTEX
  8
0
 10
11.620961
 20
515.529465
 42
-0.018057
  0
VERTEX
  8
0
 10
13.000000
 20
515.631060
 42
0.023284
  0
VERTEX
  8
0
 10
17.309345
 20
515.993851
 42
0.010598
  0
VERTEX
  8
0
 10
22.899965
 20
516.848770
 42
0.007186
  0
VERTEX
  8
0
 10
28.285635
 20
517.869539
 42
0.088996
  0
VERTEX
  8
0
 10
30.214472
 20
518.638171
 42
-0.068428
  0
VERTEX
  8
0
 10
30.858493
 20
518.925842
 42
-0.032603
  0
VERTEX
  8
0
 10
31.746176
 20
519.122727
 42
-0.031562
  0
VERTEX
  8
0
 10
32.716193
 20
519.210242
 42
-0.038835
  0
VERTEX
  8
0
 10
33.623573
 20
519.164148
 42
0.132155
  0
VERTEX
  8
0
 10
35.761315
 20
519.453206
 42
0.127902
  0
VERTEX
  8
0
 10
37.496437
 20
520.776674
 42
0.103139
  0
VERTEX
  8
0
 10
38.620874
 20
523.050717
 42
0.063500
  0
VERTEX
  8
0
 10
39.000000
 20
526.023920
 42
0.014226
  0
VERTEX
  8
0
 10
38.930769
 20
528.456649
 42
0.168109
  0
VERTEX
  8
0
 10
38.576642
 20
529.318145
 42
0.220552
  0
VERTEX
  8
0
 10
37.811481
 20
529.653928
 42
0.026324
  0
VERTEX
  8
0
 10
35.918802
 20
529.515035
 42
-0.020509
  0
VERTEX
  8
0
 10
34.635069
 20
529.405814
 42
-0.019549
  0
VERTEX
  8
0
 10
33.325932
 20
529.399565
 42
-0.019928
  0
VERTEX
  8
0
 10
32.170438
 20
529.485425
 42
-0.063181
  0
VERTEX
  8
0
 10
31.418802
 20
529.669532
 42
-0.209149
  0
VERTEX
  8
0
 10
30.537073
 20
530.539633
 42
-0.430014
  0
VERTEX
  8
0
 10
30.902169
 20
531.330404
 42
-0.055519
  0
VERTEX
  8
0
 10
33.849332
 20
531.974345
 42
-0.008819
  0
VERTEX
  8
0
 10
39.750000
 20
532.486346
 42
0.000943
  0
VERTEX
  8
0
 10
43.776172
 20
532.771883
 42
0.000936
  0
VERTEX
  8
0
 10
47.810937
 20
533.073271
 42
0.000917
  0
VERTEX
  8
0
 10
51.338475
 20
533.349919
 42
0.003654
  0
VERTEX
  8
0
 10
53.500000
 20
533.539332
 42
-0.005420
  0
VERTEX
  8
0
 10
63.647510
 20
534.392439
 42
-0.012154
  0
VERTEX
  8
0
 10
71.369949
 20
534.769022
 42
-0.006961
  0
VERTEX
  8
0
 10
77.308720
 20
534.831361
 42
-0.413211
  0
VERTEX
  8
0
 10
78.000000
 20
534.137708
 42
0.091954
  0
VERTEX
  8
0
 10
78.080556
 20
533.703389
 42
0.095995
  0
VERTEX
  8
0
 10
78.311086
 20
533.334202
 42
0.099423
  0
VERTEX
  8
0
 10
78.654962
 20
533.087139
 42
0.106605
  0
VERTEX
  8
0
 10
79.059017
 20
533.000000
 42
0.132745
  0
VERTEX
  8
0
 10
79.403738
 20
533.093162
 42
0.190280
  0
VERTEX
  8
0
 10
79.597350
 20
533.339137
 42
0.143226
  0
VERTEX
  8
0
 10
79.599686
 20
533.712617
 42
0.068937
  0
VERTEX
  8
0
 10
79.404508
 20
534.154508
 42
-0.029176
  0
VERTEX
  8
0
 10
79.146958
 20
534.631335
 42
-0.369426
  0
VERTEX
  8
0
 10
79.197515
 20
534.813411
 42
-0.271346
  0
VERTEX
  8
0
 10
79.420142
 20
534.827292
 42
-0.021481
  0
VERTEX
  8
0
 10
79.957295
 20
534.526393
 42
0.100414
  0
VERTEX
  8
0
 10
80.523624
 20
534.317471
 42
0.106441
  0
VERTEX
  8
0
 10
81.114199
 20
534.352250
 42
0.101158
  0
VERTEX
  8
0
 10
81.661201
 20
534.631855
 42
0.082556
  0
VERTEX
  8
0
 10
82.101408
 20
535.121885
 42
0.142598
  0
VERTEX
  8
0
 10
82.887813
 20
537.817402
 42
0.001470
  0
VERTEX
  8
0
 10
82.840863
 20
557.729843
 42
0.000813
  0
VERTEX
  8
0
 10
82.699300
 20
578.176754
 42
0.411712
  0
VERTEX
  8
0
 10
81.868985
 20
579.000000
 42
-0.372392
  0
VERTEX
  8
0
 10
81.177447
 20
579.597970
 42
-0.038449
  0
VERTEX
  8
0
 10
81.018965
 20
581.924762
 42
-0.037402
  0
VERTEX
  8
0
 10
81.219383
 20
584.315892
 42
-0.273004
  0
VERTEX
  8
0
 10
81.923577
 20
585.166667
 42
0.247093
  0
VERTEX
  8
0
 10
82.299941
 20
585.578896
 42
0.017113
  0
VERTEX
  8
0
 10
82.656602
 20
587.164583
 42
0.021185
  0
VERTEX
  8
0
 10
82.949721
 20
589.176754
 42
0.014128
  0
VERTEX
  8
0
 10
83.122042
 20
591.500000
 42
0.000000
  0
VERTEX
  8
0
 10
83.396929
 20
597.500000
 42
0.000000
  0
VERTEX
  8
0
 10
78.448464
 20
597.751370
 42
-0.008679
  0
VERTEX
  8
0
 10
71.894316
 20
598.198477
 42
-0.069050
  0
VERTEX
  8
0
 10
68.941471
 20
598.869185
 42
-0.174841
  0
VERTEX
  8
0
 10
67.528986
 20
600.076919
 42
-0.130025
  0
VERTEX
  8
0
 10
67.000000
 20
602.076698
 42
0.051305
  0
VERTEX
  8
0
 10
66.800967
 20
604.011298
 42
0.182077
  0
VERTEX
  8
0
 10
66.144268
 20
605.046636
 42
0.106728
  0
VERTEX
  8
0
 10
64.731390
 20
605.699216
 42
0.012302
  0
VERTEX
  8
0
 10
61.281250
 20
606.382216
 42
0.014461
  0
VERTEX
  8
0
 10
59.248342
 20
606.672665
 42
0.216742
  0
VERTEX
  8
0
 10
58.583734
 20
606.456919
 42
0.243327
  0
VERTEX
  8
0
 10
58.353311
 20
605.830826
 42
0.018169
  0
VERTEX
  8
0
 10
58.654070
 20
603.979649
 42
-0.056917
  0
VERTEX
  8
0
 10
58.803379
 20
602.199644
 42
-0.174048
  0
VERTEX
  8
0
 10
58.366666
 20
601.089105
 42
-0.093877
  0
VERTEX
  8
0
 10
57.126415
 20
600.118006
 42
-0.010349
  0
VERTEX
  8
0
 10
53.872820
 20
598.520668
 42
-0.007075
  0
VERTEX
  8
0
 10
51.735010
 20
597.562052
 42
-0.009295
  0
VERTEX
  8
0
 10
49.756025
 20
596.751375
 42
-0.007160
  0
VERTEX
  8
0
 10
48.086402
 20
596.130763
 42
-0.083356
  0
VERTEX
  8
0
 10
47.403010
 20
596.009769
 42
0.107360
  0
VERTEX
  8
0
 10
46.833955
 20
595.880840
 42
0.024195
  0
VERTEX
  8
0
 10
45.950867
 20
595.415370
 42
0.024006
  0
VERTEX
  8
0
 10
44.963343
 20
594.766295
 42
0.021247
  0
VERTEX
  8
0
 10
44.000000
 20
594.000000
 42
-0.022884
  0
VERTEX
  8
0
 10
42.153626
 20
592.541134
 42
-0.135609
  0
VERTEX
  8
0
 10
41.009789
 20
592.119245
 42
-0.174886
  0
VERTEX
  8
0
 10
39.965917
 20
592.399718
 42
-0.044189
  0
VERTEX
  8
0
 10
38.596627
 20
593.546230
 42
0.030806
  0
VERTEX
  8
0
 10
37.813364
 20
594.238495
 42
0.013926
  0
VERTEX
  8
0
 10
36.709391
 20
595.050816
 42
0.013728
  0
VERTEX
  8
0
 10
35.492968
 20
595.846136
 42
0.018258
  0
VERTEX
  8
0
 10
34.343294
 20
596.496922
 42
-0.100263
  0
VERTEX
  8
0
 10
32.719964
 20
597.805457
 42
-0.081488
  0
VERTEX
  8
0
 10
31.588380
 20
599.737279
 42
-0.134094
  0
VERTEX
  8
0
 10
31.428056
 20
601.324458
 42
-0.366409
  0
VERTEX
  8
0
 10
32.226136
 20
602.000000
 42
0.120561
  0
VERTEX
  8
0
 10
32.520813
 20
602.072101
 42
0.187235
  0
VERTEX
  8
0
 10
32.691422
 20
602.266355
 42
0.152134
  0
VERTEX
  8
0
 10
32.705687
 20
602.559950
 42
0.075183
  0
VERTEX
  8
0
 10
32.557637
 20
602.906741
 42
-0.258149
  0
VERTEX
  8
0
 10
32.543679
 20
603.195463
 42
-0.226275
  0
VERTEX
  8
0
 10
32.783099
 20
603.384669
 42
-0.088195
  0
VERTEX
  8
0
 10
33.336670
 20
603.411143
 42
-0.031919
  0
VERTEX
  8
0
 10
34.112106
 20
603.260433
 42
0.018528
  0
VERTEX
  8
0
 10
35.333652
 20
602.988905
 42
0.311348
  0
VERTEX
  8
0
 10
35.692064
 20
603.149820
 42
0.250778
  0
VERTEX
  8
0
 10
35.715327
 20
603.582520
 42
0.013423
  0
VERTEX
  8
0
 10
35.078302
 20
604.853691
 42
-0.025574
  0
VERTEX
  8
0
 10
34.490842
 20
606.100694
 42
-0.190957
  0
VERTEX
  8
0
 10
34.483298
 20
606.742585
 42
-0.250524
  0
VERTEX
  8
0
 10
34.909382
 20
607.111965
 42
-0.043642
  0
VERTEX
  8
0
 10
36.000000
 20
607.261278
 42
0.147223
  0
VERTEX
  8
0
 10
36.280703
 20
607.360946
 42
0.014901
  0
VERTEX
  8
0
 10
36.845142
 20
607.802026
 42
0.017646
  0
VERTEX
  8
0
 10
37.496960
 20
608.383491
 42
0.013170
  0
VERTEX
  8
0
 10
38.174951
 20
609.067808
 42
0.017477
  0
VERTEX
  8
0
 10
39.139879
 20
610.169171
 42
0.453007
  0
VERTEX
  8
0
 10
39.081745
 20
610.515753
 42
0.172048
  0
VERTEX
  8
0
 10
38.543133
 20
610.632326
 42
0.004911
  0
VERTEX
  8
0
 10
36.174951
 20
610.304786
 42
0.042649
  0
VERTEX
  8
0
 10
32.931527
 20
609.536782
 42
0.060871
  0
VERTEX
  8
0
 10
30.256566
 20
608.279605
 42
0.070343
  0
VERTEX
  8
0
 10
28.260205
 20
606.593346
 42
0.091663
  0
VERTEX
  8
0
 10
27.020274
 20
604.553324
 42
-0.071200
  0
VERTEX
  8
0
 10
26.463722
 20
603.547705
 42
-0.036206
  0
VERTEX
  8
0
 10
25.508714
 20
602.458895
 42
-0.035062
  0
VERTEX
  8
0
 10
24.340606
 20
601.458329
 42
-0.043893
  0
VERTEX
  8
0
 10
23.124968
 20
600.712229
 42
-0.030047
  0
VERTEX
  8
0
 10
20.981756
 20
599.799356
 42
-0.163578
  0
VERTEX
  8
0
 10
19.737849
 20
599.776586
 42
-0.427020
  0
VERTEX
  8
0
 10
19.420722
 20
600.420456
 42
-0.086016
  0
VERTEX
  8
0
 10
20.131121
 20
601.657991
 42
0.038978
  0
VERTEX
  8
0
 10
20.610679
 20
602.337156
 42
0.263306
  0
VERTEX
  8
0
 10
20.619389
 20
602.733621
 42
0.232541
  0
VERTEX
  8
0
 10
20.276412
 20
602.978931
 42
0.031610
  0
VERTEX
  8
0
 10
19.372445
 20
603.070285
 42
-0.005733
  0
VERTEX
  8
0
 10
18.192961
 20
603.128108
 42
-0.436622
  0
VERTEX
  8
0
 10
18.084954
 20
603.259775
 42
-0.259105
  0
VERTEX
  8
0
 10
18.218977
 20
603.438508
 42
-0.003619
  0
VERTEX
  8
0
 10
19.500000
 20
604.000000
 42
0.009027
  0
VERTEX
  8
0
 10
20.656439
 20
604.521868
 42
0.485414
  0
VERTEX
  8
0
 10
20.703411
 20
604.727088
 42
0.215481
  0
VERTEX
  8
0
 10
20.415213
 20
604.872581
 42
0.004372
  0
VERTEX
  8
0
 10
18.750000
 20
604.929715
 42
0.100485
  0
VERTEX
  8
0
 10
17.133398
 20
604.644311
 42
0.174235
  0
VERTEX
  8
0
 10
16.120215
 20
603.755592
 42
0.124854
  0
VERTEX
  8
0
 10
15.702623
 20
602.168704
 42
0.041398
  0
VERTEX
  8
0
 10
15.881579
 20
599.750000
 42
-0.100453
  0
VERTEX
  8
0
 10
15.869123
 20
599.464702
 42
-0.116210
  0
VERTEX
  8
0
 10
15.744901
 20
599.223300
 42
-0.117125
  0
VERTEX
  8
0
 10
15.526915
 20
599.064035
 42
-0.103203
  0
VERTEX
  8
0
 10
15.250000
 20
599.010171
 42
-0.286295
  0
VERTEX
  8
0
 10
14.374914
 20
599.572597
 42
-0.011429
  0
VERTEX
  8
0
 10
12.764753
 20
603.187573
 42
-0.011359
  0
VERTEX
  8
0
 10
11.320566
 20
606.873148
 42
-0.291928
  0
VERTEX
  8
0
 10
11.541825
 20
607.875159
 42
-0.354312
  0
VERTEX
  8
0
 10
11.792551
 20
607.901424
 42
-0.101687
  0
VERTEX
  8
0
 10
12.090920
 20
607.606659
 42
-0.055914
  0
VERTEX
  8
0
 10
12.396718
 20
607.015072
 42
-0.027406
  0
VERTEX
  8
0
 10
12.656295
 20
606.206330
 42
0.052341
  0
VERTEX
  8
0
 10
13.241790
 20
604.652548
 42
0.220830
  0
VERTEX
  8
0
 10
14.001733
 20
604.049044
 42
0.435311
  0
VERTEX
  8
0
 10
14.539211
 20
604.404779
 42
0.078681
  0
VERTEX
  8
0
 10
14.549904
 20
605.750000
 42
-0.009774
  0
VERTEX
  8
0
 10
14.468215
 20
606.377064
 42
-0.075827
  0
VERTEX
  8
0
 10
14.480395
 20
606.671301
 42
-0.677499
  0
VERTEX
  8
0
 10
14.555186
 20
606.685463
 42
-0.053403
  0
VERTEX
  8
0
 10
14.682395
 20
606.428898
 42
0.304711
  0
VERTEX
  8
0
 10
15.680203
 20
605.707995
 42
0.045799
  0
VERTEX
  8
0
 10
18.275991
 20
605.857215
 42
0.046849
  0
VERTEX
  8
0
 10
21.023859
 20
606.537196
 42
0.112771
  0
VERTEX
  8
0
 10
22.788167
 20
607.645310
 42
0.033782
  0
VERTEX
  8
0
 10
23.262313
 20
608.188253
 42
0.111507
  0
VERTEX
  8
0
 10
23.458394
 20
608.617811
 42
0.265902
  0
VERTEX
  8
0
 10
23.372108
 20
608.883832
 42
0.186459
  0
VERTEX
  8
0
 10
23.071429
 20
609.000000
 42
-0.132726
  0
VERTEX
  8
0
 10
22.662844
 20
609.110404
 42
-0.100545
  0
VERTEX
  8
0
 10
22.314732
 20
609.420830
 42
-0.087732
  0
VERTEX
  8
0
 10
22.080528
 20
609.885188
 42
-0.073158
  0
VERTEX
  8
0
 10
22.000000
 20
610.432612
 42
0.129606
  0
VERTEX
  8
0
 10
21.842298
 20
611.030782
 42
0.068915
  0
VERTEX
  8
0
 10
21.373687
 20
611.643179
 42
0.061242
  0
VERTEX
  8
0
 10
20.683211
 20
612.176511
 42
0.057069
  0
VERTEX
  8
0
 10
19.867872
 20
612.541936
 42
-0.027536
  0
VERTEX
  8
0
 10
18.947737
 20
612.890790
 42
-0.146912
  0
VERTEX
  8
0
 10
18.544498
 20
613.236815
 42
-0.304719
  0
VERTEX
  8
0
 10
18.552237
 20
613.593610
 42
-0.101338
  0
VERTEX
  8
0
 10
18.952407
 20
613.970586
 42
0.113784
  0
VERTEX
  8
0
 10
19.323453
 20
614.337770
 42
0.317923
  0
VERTEX
  8
0
 10
19.305573
 20
614.683950
 42
0.136791
  0
VERTEX
  8
0
 10
18.859391
 20
615.010408
 42
0.026004
  0
VERTEX
  8
0
 10
17.890696
 20
615.318333
 42
-0.018399
  0
VERTEX
  8
0
 10
16.520861
 20
615.730948
 42
-0.257693
  0
VERTEX
  8
0
 10
16.187041
 20
616.098738
 42
-0.230982
  0
VERTEX
  8
0
 10
16.301180
 20
616.605836
 42
-0.015044
  0
VERTEX
  8
0
 10
17.306162
 20
617.785811
 42
0.021921
  0
VERTEX
  8
0
 10
18.529164
 20
619.262429
 42
0.121738
  0
VERTEX
  8
0
 10
18.932484
 20
620.201647
 42
0.433717
  0
VERTEX
  8
0
 10
18.632664
 20
620.591864
 42
0.112594
  0
VERTEX
  8
0
 10
17.750000
 20
620.479120
 42
-0.083329
  0
VERTEX
  8
0
 10
17.166772
 20
620.369966
 42
-0.046690
  0
VERTEX
  8
0
 10
16.445451
 20
620.423855
 42
-0.044930
  0
VERTEX
  8
0
 10
15.706031
 20
620.618723
 42
-0.054824
  0
VERTEX
  8
0
 10
15.064302
 20
620.934289
 42
-0.052357
  0
VERTEX
  8
0
 10
14.393662
 20
621.466891
 42
-0.179718
  0
VERTEX
  8
0
 10
14.160960
 20
621.961999
 42
-0.157520
  0
VERTEX
  8
0
 10
14.293791
 20
622.532516
 42
-0.037894
  0
VERTEX
  8
0
 10
14.862860
 20
623.334757
 42
0.041672
  0
VERTEX
  8
0
 10
15.352244
 20
624.035810
 42
0.110290
  0
VERTEX
  8
0
 10
15.535684
 20
624.615567
 42
0.158582
  0
VERTEX
  8
0
 10
15.426131
 20
625.088150
 42
0.119282
  0
VERTEX
  8
0
 10
15.048558
 20
625.469989
 42
0.143675
  0
VERTEX
  8
0
 10
13.951534
 20
625.771449
 42
0.167825
  0
VERTEX
  8
0
 10
12.941251
 20
625.402930
 42
0.151200
  0
VERTEX
  8
0
 10
12.302768
 20
624.445922
 42
0.113451
  0
VERTEX
  8
0
 10
12.223480
 20
623.174593
 42
-0.111631
  0
VERTEX
  8
0
 10
12.178780
 20
622.413860
 42
-0.147005
  0
VERTEX
  8
0
 10
11.803979
 20
621.832898
 42
-0.106311
  0
VERTEX
  8
0
 10
11.057699
 20
621.430904
 42
-0.041678
  0
VERTEX
  8
0
 10
9.905495
 20
621.198582
 42
-0.068648
  0
VERTEX
  8
0
 10
8.459912
 20
621.229556
 42
-0.149765
  0
VERTEX
  8
0
 10
7.474402
 20
621.712710
 42
-0.094319
  0
VERTEX
  8
0
 10
6.652832
 20
622.840528
 42
-0.017679
  0
VERTEX
  8
0
 10
5.638763
 20
625.198582
 42
0.017200
  0
VERTEX
  8
0
 10
4.853876
 20
627.028544
 42
0.013225
  0
VERTEX
  8
0
 10
3.876959
 20
628.970834
 42
0.013423
  0
VERTEX
  8
0
 10
2.865641
 20
630.739952
 42
0.030757
  0
VERTEX
  8
0
 10
1.989364
 20
632.000000
 42
0.647445
  0
VERTEX
  8
0
 10
0.801116
 20
631.699744
 42
0.035295
  0
VERTEX
  8
0
 10
0.266297
 20
626.554606
 42
0.008068
  0
VERTEX
  8
0
 10
0.060206
 20
614.345070
 42
0.000389
  0
SEQEND
  0
POLYLINE
  8
0
 66
1
 70
1
  0
VERTEX
  8
0
 10
24.500000
 20
599.000000
 42
-0.146489
  0
VERTEX
  8
0
 10
24.602013
 20
598.620597
 42
-0.191582
  0
VERTEX
  8
0
 10
24.461189
 20
598.293750
 42
-0.134005
  0
VERTEX
  8
0
 10
24.074636
 20
598.072951
 42
-0.063222
  0
VERTEX
  8
0
 10
23.500000
 20
598.000000
 42
-0.063222
  0
VERTEX
  8
0
 10
22.925364
 20
598.072951
 42
-0.134005
  0
VERTEX
  8
0
 10
22.538811
 20
598.293750
 42
-0.191582
  0
VERTEX
  8
0
 10
22.397987
 20
598.620597
 42
-0.146489
  0
VERTEX
  8
0
 10
22.500000
 20
599.000000
 42
-0.025622
  0
VERTEX
  8
0
 10
22.764631
 20
599.382847
 42
-0.032351
  0
VERTEX
  8
0
 10
23.048689
 20
599.706250
 42
-0.033983
  0
VERTEX
  8
0
 10
23.313296
 20
599.937141
 42
-0.163822
  0
VERTEX
  8
0
 10
23.500000
 20
600.000000
 42
-0.163822
  0
VERTEX
  8
0
 10
23.686704
 20
599.937141
 42
-0.033983
  0
VERTEX
  8
0
 10
23.951311
 20
599.706250
 42
-0.032351
  0
VERTEX
  8
0
 10
24.235369
 20
599.382847
 42
-0.025622
  0
SEQEND
  0
POLYLINE
  8
0
 66
1
 70
1
  0
VERTEX
  8
0
 10
21.492921
 20
596.011454
 42
-0.114400
  0
VERTEX
  8
0
 10
21.606889
 20
595.674071
 42
-0.329480
  0
VERTEX
  8
0
 10
21.487528
 20
595.474315
 42
-0.155351
  0
VERTEX
  8
0
 10
21.131719
 20
595.443138
 42
-0.036408
  0
VERTEX
  8
0
 10
20.551938
 20
595.618443
 42
-0.029964
  0
VERTEX
  8
0
 10
19.480030
 20
596.105273
 42
-0.168622
  0
VERTEX
  8
0
 10
19.057392
 20
596.558518
 42
-0.444011
  0
VERTEX
  8
0
 10
19.201747
 20
596.882327
 42
-0.079093
  0
VERTEX
  8
0
 10
19.940983
 20
597.000000
 42
-0.088797
  0
VERTEX
  8
0
 10
20.346050
 20
596.927491
 42
-0.053277
  0
VERTEX
  8
0
 10
20.785020
 20
596.709615
 42
-0.051183
  0
VERTEX
  8
0
 10
21.189428
 20
596.389589
 42
-0.061454
  0
SEQEND
  0
POLYLINE
  8
0
 66
1
 70
1
  0
VERTEX
  8
0
 10
33.500000
 20
594.000000
 42
-0.082592
  0
VERTEX
  8
0
 10
33.656512
 20
593.617900
 42
-0.161196
  0
VERTEX
  8
0
 10
33.625400
 20
593.293750
 42
-0.182303
  0
VERTEX
  8
0
 10
33.413961
 20
593.078288
 42
-0.108972
  0
VERTEX
  8
0
 10
33.059017
 20
593.000000
 42
-0.093332
  0
VERTEX
  8
0
 10
32.654762
 20
593.076123
 42
-0.096420
  0
VERTEX
  8
0
 10
32.311086
 20
593.293750
 42
-0.099167
  0
VERTEX
  8
0
 10
32.081062
 20
593.618444
 42
-0.105053
  0
VERTEX
  8
0
 10
32.000000
 20
594.000000
 42
-0.042167
  0
VERTEX
  8
0
 10
32.032345
 20
594.382849
 42
-0.061769
  0
VERTEX
  8
0
 10
32.129539
 20
594.706250
 42
-0.081139
  0
VERTEX
  8
0
 10
32.272352
 20
594.925540
 42
-0.210953
  0
VERTEX
  8
0
 10
32.440983
 20
595.000000
 42
-0.151918
  0
VERTEX
  8
0
 10
32.651710
 20
594.934461
 42
-0.038439
  0
VERTEX
  8
0
 10
32.933975
 20
594.706250
 42
-0.035638
  0
VERTEX
  8
0
 10
33.231006
 20
594.382774
 42
-0.029505
  0
SEQEND
  0
POLYLINE
  8
0
 66
1
 70
1
  0
VERTEX
  8
0
 10
19.500000
 20
593.000000
 42
-0.082592
  0
VERTEX
  8
0
 10
19.656512
 20
592.617900
 42
-0.161196
  0
VERTEX
  8
0
 10
19.625400
 20
592.293750
 42
-0.182303
  0
VERTEX
  8
0
 10
19.413961
 20
592.078288
 42
-0.108972
  0
VERTEX
  8
0
 10
19.059017
 20
592.000000
 42
-0.093332
  0
VERTEX
  8
0
 10
18.654762
 20
592.076123
 42
-0.096420
  0
VERTEX
  8
0
 10
18.311086
 20
592.293750
 42
-0.099167
  0
VERTEX
  8
0
 10
18.081062
 20
592.618444
 42
-0.105053
  0
VERTEX
  8
0
 10
18.000000
 20
593.000000
 42
-0.042167
  0
VERTEX
  8
0
 10
18.032345
 20
593.382849
 42
-0.061769
  0
VERTEX
  8
0
 10
18.129539
 20
593.706250
 42
-0.081139
  0
VERTEX
  8
0
 10
18.272352
 20
593.925540
 42
-0.210953
  0
VERTEX
  8
0
 10
18.440983
 20
594.000000
 42
-0.151918
  0
VERTEX
  8
0
 10
18.651710
 20
593.934461
 42
-0.038439
  0
VERTEX
  8
0
 10
18.933975
 20
593.706250
 42
-0.035638
  0
VERTEX
  8
0
 10
19.231006
 20
593.382774
 42
-0.029505
  0
SEQEND
  0
POLYLINE
  8
0
 66
1
 70
1
  0
VERTEX
  8
0
 10
35.457295
 20
590.069098
 42
-0.124968
  0
VERTEX
  8
0
 10
35.586571
 20
589.658364
 42
-0.100781
  0
VERTEX
  8
0
 10
35.519692
 20
589.199089
 42
-0.090333
  0
VERTEX
  8
0
 10
35.265683
 20
588.761221
 42
-0.078004
  0
VERTEX
  8
0
 10
34.861803
 20
588.414590
 42
-0.028521
  0
VERTEX
  8
0
 10
34.410413
 20
588.170014
 42
-0.264648
  0
VERTEX
  8
0
 10
34.197388
 20
588.186645
 42
-0.357602
  0
VERTEX
  8
0
 10
34.145770
 20
588.360517
 42
-0.038844
  0
VERTEX
  8
0
 10
34.351722
 20
588.760081
 42
0.110583
  0
VERTEX
  8
0
 10
34.506396
 20
589.206832
 42
0.119157
  0
VERTEX
  8
0
 10
34.449351
 20
589.663905
 42
0.113580
  0
VERTEX
  8
0
 10
34.185107
 20
590.060660
 42
0.093730
  0
VERTEX
  8
0
 10
33.756231
 20
590.335642
 42
-0.013901
  0
VERTEX
  8
0
 10
33.178106
 20
590.587621
 42
-0.260933
  0
VERTEX
  8
0
 10
33.066763
 20
590.743095
 42
-0.402866
  0
VERTEX
  8
0
 10
33.159138
 20
590.863366
 42
-0.020929
  0
VERTEX
  8
0
 10
33.690983
 20
590.921053
 42
-0.072265
  0
VERTEX
  8
0
 10
34.189239
 20
590.882065
 42
-0.056823
  0
VERTEX
  8
0
 10
34.701118
 20
590.703357
 42
-0.057913
  0
VERTEX
  8
0
 10
35.148977
 20
590.419371
 42
-0.084302
  0
SEQEND
  0
POLYLINE
  8
0
 66
1
 70
1
  0
VERTEX
  8
0
 10
52.846990
 20
583.132705
 42
-0.028693
  0
VERTEX
  8
0
 10
55.197187
 20
580.845481
 42
-0.566415
  0
VERTEX
  8
0
 10
54.963172
 20
580.058726
 42
-0.215263
  0
VERTEX
  8
0
 10
53.454622
 20
580.322474
 42
-0.022377
  0
VERTEX
  8
0
 10
50.500000
 20
582.530996
 42
-0.014822
  0
VERTEX
  8
0
 10
49.211991
 20
583.652201
 42
-0.076969
  0
VERTEX
  8
0
 10
48.627392
 20
584.388207
 42
-0.314955
  0
VERTEX
  8
0
 10
48.665094
 20
584.794064
 42
-0.219637
  0
VERTEX
  8
0
 10
49.096990
 20
584.995033
 42
-0.084183
  0
VERTEX
  8
0
 10
49.859732
 20
584.868135
 42
-0.032038
  0
VERTEX
  8
0
 10
50.857311
 20
584.450023
 42
-0.030621
  0
VERTEX
  8
0
 10
51.905318
 20
583.846961
 42
-0.032778
  0
SEQEND
  0
POLYLINE
  8
0
 66
1
 70
1
  0
VERTEX
  8
0
 10
47.500000
 20
578.000000
 42
-0.082592
  0
VERTEX
  8
0
 10
47.656512
 20
577.617900
 42
-0.161196
  0
VERTEX
  8
0
 10
47.625400
 20
577.293750
 42
-0.182303
  0
VERTEX
  8
0
 10
47.413961
 20
577.078288
 42
-0.108972
  0
VERTEX
  8
0
 10
47.059017
 20
577.000000
 42
-0.093332
  0
VERTEX
  8
0
 10
46.654762
 20
577.076123
 42
-0.096420
  0
VERTEX
  8
0
 10
46.311086
 20
577.293750
 42
-0.099167
  0
VERTEX
  8
0
 10
46.081062
 20
577.618444
 42
-0.105053
  0
VERTEX
  8
0
 10
46.000000
 20
578.000000
 42
-0.042167
  0
VERTEX
  8
0
 10
46.032345
 20
578.382849
 42
-0.061769
  0
VERTEX
  8
0
 10
46.129539
 20
578.706250
 42
-0.081139
  0
VERTEX
  8
0
 10
46.272352
 20
578.925540
 42
-0.210953
  0
VERTEX
  8
0
 10
46.440983
 20
579.000000
 42
-0.151918
  0
VERTEX
  8
0
 10
46.651710
 20
578.934461
 42
-0.038439
  0
VERTEX
  8
0
 10
46.933975
 20
578.706250
 42
-0.035638
  0
VERTEX
  8
0
 10
47.231006
 20
578.382774
 42
-0.029505
  0
SEQEND
  0
POLYLINE
  8
0
 66
1
 70
1
  0
VERTEX
  8
0
 10
25.526461
 20
518.193128
 42
-0.207420
  0
VERTEX
  8
0
 10
25.220211
 20
518.072099
 42
-0.082976
  0
VERTEX
  8
0
 10
24.768815
 20
518.162781
 42
-0.063152
  0
VERTEX
  8
0
 10
24.246577
 20
518.441312
 42
-0.043285
  0
VERTEX
  8
0
 10
23.733333
 20
518.875912
 42
-0.011214
  0
VERTEX
  8
0
 10
23.106486
 20
519.536448
 42
-0.400052
  0
VERTEX
  8
0
 10
23.111181
 20
519.729672
 42
-0.286372
  0
VERTEX
  8
0
 10
23.336218
 20
519.781790
 42
-0.008399
  0
VERTEX
  8
0
 10
24.293128
 20
519.435707
 42
-0.036269
  0
VERTEX
  8
0
 10
24.940734
 20
519.133723
 42
-0.070189
  0
VERTEX
  8
0
 10
25.395085
 20
518.789051
 42
-0.120343
  0
VERTEX
  8
0
 10
25.592490
 20
518.461316
 42
-0.278911
  0
SEQEND
  0
POLYLINE
  8
0
 66
1
 70
1
  0
VERTEX
  8
0
 10
417.000000
 20
632.500000
 42
-0.027702
  0
VERTEX
  8
0
 10
417.605635
 20
631.682027
 42
-0.285199
  0
VERTEX
  8
0
 10
417.616210
 20
631.280049
 42
-0.243483
  0
VERTEX
  8
0
 10
417.250092
 20
631.048580
 42
-0.021530
  0
VERTEX
  8
0
 10
416.122445
 20
631.000000
 42
0.087365
  0
VERTEX
  8
0
 10
414.663578
 20
630.743132
 42
0.267348
  0
VERTEX
  8
0
 10
414.040589
 20
630.003113
 42
0.337194
  0
VERTEX
  8
0
 10
414.424020
 20
629.254172
 42
0.100865
  0
VERTEX
  8
0
 10
415.750000
 20
628.921053
 42
-0.017690
  0
VERTEX
  8
0
 10
416.464379
 20
628.863450
 42
-0.202836
  0
VERTEX
  8
0
 10
416.704516
 20
628.727205
 42
-0.449589
  0
VERTEX
  8
0
 10
416.670723
 20
628.552012
 42
-0.038431
  0
VERTEX
  8
0
 10
416.208262
 20
628.323807
 42
0.068326
  0
VERTEX
  8
0
 10
415.632744
 20
627.995802
 42
0.219583
  0
VERTEX
  8
0
 10
415.432551
 20
627.615028
 42
0.155723
  0
VERTEX
  8
0
 10
415.563445
 20
627.117444
 42
0.031643
  0
VERTEX
  8
0
 10
416.107143
 20
626.370901
 42
-0.022964
  0
VERTEX
  8
0
 10
416.686044
 20
625.604322
 42
-0.505187
  0
VERTEX
  8
0
 10
416.607053
 20
625.377190
 42
-0.160845
  0
VERTEX
  8
0
 10
416.175078
 20
625.385152
 42
-0.006483
  0
VERTEX
  8
0
 10
414.684282
 20
625.929936
 42
0.029043
  0
VERTEX
  8
0
 10
413.534282
 20
626.292300
 42
0.059383
  0
VERTEX
  8
0
 10
412.597600
 20
626.413383
 42
0.084939
  0
VERTEX
  8
0
 10
411.902477
 20
626.301531
 42
0.173770
  0
VERTEX
  8
0
 10
411.476385
 20
625.961789
 42
0.062838
  0
VERTEX
  8
0
 10
411.307805
 20
625.592323
 42
0.130419
  0
VERTEX
  8
0
 10
411.294225
 20
625.278028
 42
0.187116
  0
VERTEX
  8
0
 10
411.432796
 20
625.069334
 42
0.150053
  0
VERTEX
  8
0
 10
411.690983
 20
624.984687
 42
-0.158191
  0
VERTEX
  8
0
 10
411.898211
 20
624.913079
 42
-0.330297
  0
VERTEX
  8
0
 10
411.943844
 20
624.758058
 42
-0.123536
  0
VERTEX
  8
0
 10
411.781354
 20
624.519311
 42
-0.032979
  0
VERTEX
  8
0
 10
411.415719
 20
624.234687
 42
0.262519
  0
VERTEX
  8
0
 10
410.620667
 20
622.637309
 42
0.092261
  0
VERTEX
  8
0
 10
411.240395
 20
620.056056
 42
0.076250
  0
VERTEX
  8
0
 10
412.944935
 20
617.407442
 42
0.097498
  0
VERTEX
  8
0
 10
415.245685
 20
615.649763
 42
-0.003175
  0
VERTEX
  8
0
 10
417.379067
 20
614.581217
 42
-0.172630
  0
VERTEX
  8
0
 10
417.684796
 20
614.258398
 42
-0.516431
  0
VERTEX
  8
0
 10
417.553490
 20
614.037893
 42
-0.009908
  0
VERTEX
  8
0
 10
416.000000
 20
613.943823
 42
0.019465
  0
VERTEX
  8
0
 10
415.110279
 20
613.872861
 42
0.083435
  0
VERTEX
  8
0
 10
414.601562
 20
613.723821
 42
0.416129
  0
VERTEX
  8
0
 10
414.536918
 20
613.535492
 42
0.184360
  0
VERTEX
  8
0
 10
414.750000
 20
613.337719
 42
-0.082980
  0
VERTEX
  8
0
 10
415.227887
 20
613.045311
 42
-0.064791
  0
VERTEX
  8
0
 10
415.632812
 20
612.589830
 42
-0.064977
  0
VERTEX
  8
0
 10
415.906662
 20
612.047415
 42
-0.084643
  0
VERTEX
  8
0
 10
416.000000
 20
611.500000
 42
-0.084643
  0
VERTEX
  8
0
 10
415.906662
 20
610.952585
 42
-0.064977
  0
VERTEX
  8
0
 10
415.632812
 20
610.410170
 42
-0.064791
  0
VERTEX
  8
0
 10
415.227887
 20
609.954689
 42
-0.082980
  0
VERTEX
  8
0
 10
414.750000
 20
609.662281
 42
0.103067
  0
VERTEX
  8
0
 10
414.439397
 20
609.454792
 42
0.425318
  0
VERTEX
  8
0
 10
414.445025
 20
609.252618
 42
0.137696
  0
VERTEX
  8
0
 10
414.790183
 20
609.079448
 42
0.025572
  0
VERTEX
  8
0
 10
415.500000
 20
608.979267
 42
-0.010884
  0
VERTEX
  8
0
 10
416.598900
 20
608.856959
 42
-0.517521
  0
VERTEX
  8
0
 10
416.687354
 20
608.688312
 42
-0.194899
  0
VERTEX
  8
0
 10
416.443881
 20
608.477450
 42
-0.004709
  0
VERTEX
  8
0
 10
415.000000
 20
608.000000
 42
0.002456
  0
VERTEX
  8
0
 10
413.283454
 20
607.440955
 42
0.467992
  0
VERTEX
  8
0
 10
413.223765
 20
607.289587
 42
0.262314
  0
VERTEX
  8
0
 10
413.413536
 20
607.171163
 42
0.001632
  0
VERTEX
  8
0
 10
415.500000
 20
607.084367
 42
-0.011414
  0
VERTEX
  8
0
 10
417.012304
 20
606.991790
 42
-0.136328
  0
VERTEX
  8
0
 10
417.556222
 20
606.790186
 42
-0.455642
  0
VERTEX
  8
0
 10
417.584001
 20
606.481627
 42
-0.058009
  0
VERTEX
  8
0
 10
417.000000
 20
606.000000
 42
0.033358
  0
VERTEX
  8
0
 10
416.328039
 20
605.499251
 42
0.444320
  0
VERTEX
  8
0
 10
416.320506
 20
605.224781
 42
0.179706
  0
VERTEX
  8
0
 10
416.720692
 20
605.052568
 42
0.011179
  0
VERTEX
  8
0
 10
418.031892
 20
605.015313
 42
-0.048579
  0
VERTEX
  8
0
 10
419.295917
 20
604.884489
 42
-0.136507
  0
VERTEX
  8
0
 10
420.081068
 20
604.484126
 42
-0.137573
  0
VERTEX
  8
0
 10
420.543080
 20
603.738083
 42
-0.049659
  0
VERTEX
  8
0
 10
420.770691
 20
602.500000
 42
-0.042450
  0
VERTEX
  8
0
 10
420.768287
 20
601.443616
 42
-0.090225
  0
VERTEX
  8
0
 10
420.553293
 20
600.657889
 42
-0.130713
  0
VERTEX
  8
0
 10
420.143176
 20
600.177846
 42
-0.152117
  0
VERTEX
  8
0
 10
419.572132
 20
600.000000
 42
0.073369
  0
VERTEX
  8
0
 10
419.007114
 20
599.916642
 42
0.066848
  0
VERTEX
  8
0
 10
418.470464
 20
599.672827
 42
0.070378
  0
VERTEX
  8
0
 10
418.042454
 20
599.311975
 42
0.102368
  0
VERTEX
  8
0
 10
417.795407
 20
598.886220
 42
-0.337485
  0
VERTEX
  8
0
 10
417.383272
 20
598.605423
 42
-0.072231
  0
VERTEX
  8
0
 10
416.477534
 20
598.786288
 42
-0.044624
  0
VERTEX
  8
0
 10
415.185115
 20
599.379792
 42
-0.019140
  0
VERTEX
  8
0
 10
413.572526
 20
600.386220
 42
0.039837
  0
VERTEX
  8
0
 10
410.496510
 20
602.133570
 42
0.081799
  0
VERTEX
  8
0
 10
407.836154
 20
602.880551
 42
0.112760
  0
VERTEX
  8
0
 10
405.651493
 20
602.630255
 42
0.135680
  0
VERTEX
  8
0
 10
403.960716
 20
601.452666
 42
-0.036869
  0
VERTEX
  8
0
 10
403.327688
 20
600.795153
 42
-0.132866
  0
VERTEX
  8
0
 10
402.812620
 20
600.535792
 42
-0.204384
  0
VERTEX
  8
0
 10
402.370652
 20
600.625806
 42
-0.103641
  0
VERTEX
  8
0
 10
401.972290
 20
601.044836
 42
0.120678
  0
VERTEX
  8
0
 10
401.517527
 20
601.492049
 42
0.152364
  0
VERTEX
  8
0
 10
400.946529
 20
601.628417
 42
0.094546
  0
VERTEX
  8
0
 10
400.187340
 20
601.429299
 42
0.028312
  0
VERTEX
  8
0
 10
399.134019
 20
600.851623
 42
0.035900
  0
VERTEX
  8
0
 10
397.313340
 20
599.524095
 42
0.512944
  0
VERTEX
  8
0
 10
397.367133
 20
598.843609
 42
0.142805
  0
VERTEX
  8
0
 10
398.658772
 20
598.499563
 42
0.008441
  0
VERTEX
  8
0
 10
402.750000
 20
598.664333
 42
-0.002259
  0
VERTEX
  8
0
 10
407.065121
 20
598.891588
 42
-0.435648
  0
VERTEX
  8
0
 10
407.347255
 20
598.616029
 42
-0.357058
  0
VERTEX
  8
0
 10
407.054586
 20
598.275820
 42
-0.002153
  0
VERTEX
  8
0
 10
402.722210
 20
597.531367
 42
0.026097
  0
VERTEX
  8
0
 10
401.315719
 20
597.219728
 42
0.048880
  0
VERTEX
  8
0
 10
400.229482
 20
596.801021
 42
0.075955
  0
VERTEX
  8
0
 10
399.593283
 20
596.349503
 42
0.352482
  0
VERTEX
  8
0
 10
399.541308
 20
595.933162
 42
0.122101
  0
VERTEX
  8
0
 10
399.859856
 20
595.621656
 42
0.101318
  0
VERTEX
  8
0
 10
400.309751
 20
595.467919
 42
0.091781
  0
VERTEX
  8
0
 10
400.822951
 20
595.496546
 42
0.080147
  0
VERTEX
  8
0
 10
401.319098
 20
595.705568
 42
-0.040658
  0
VERTEX
  8
0
 10
402.786795
 20
596.464834
 42
-0.111123
  0
VERTEX
  8
0
 10
403.930508
 20
596.666811
 42
-0.390233
  0
VERTEX
  8
0
 10
404.306185
 20
596.287160
 42
-0.184229
  0
VERTEX
  8
0
 10
404.064483
 20
595.577698
 42
0.054089
  0
VERTEX
  8
0
 10
403.712762
 20
595.046265
 42
0.069255
  0
VERTEX
  8
0
 10
403.518232
 20
594.493326
 42
0.084614
  0
VERTEX
  8
0
 10
403.502990
 20
594.004533
 42
0.163367
  0
VERTEX
  8
0
 10
403.675343
 20
593.657991
 42
-0.207794
  0
VERTEX
  8
0
 10
403.772948
 20
593.410492
 42
-0.244364
  0
VERTEX
  8
0
 10
403.650465
 20
593.193285
 42
-0.107049
  0
VERTEX
  8
0
 10
403.262653
 20
593.045215
 42
-0.037878
  0
VERTEX
  8
0
 10
402.666667
 20
593.000000
 42
0.050127
  0
VERTEX
  8
0
 10
402.028903
 20
592.935901
 42
0.070106
  0
VERTEX
  8
0
 10
401.489583
 20
592.744928
 42
0.090247
  0
VERTEX
  8
0
 10
401.126760
 20
592.463158
 42
0.184677
  0
VERTEX
  8
0
 10
401.000000
 20
592.131669
 42
-0.276371
  0
VERTEX
  8
0
 10
400.779916
 20
591.763913
 42
-0.034777
  0
VERTEX
  8
0
 10
399.898438
 20
591.367401
 42
-0.032877
  0
VERTEX
  8
0
 10
398.686923
 20
591.009225
 42
-0.021375
  0
VERTEX
  8
0
 10
397.250000
 20
590.749262
 42
0.023794
  0
VERTEX
  8
0
 10
395.560599
 20
590.435177
 42
0.013977
  0
VERTEX
  8
0
 10
393.573438
 20
589.907939
 42
0.013963
  0
VERTEX
  8
0
 10
391.611916
 20
589.268296
 42
0.023068
  0
VERTEX
  8
0
 10
390.000000
 20
588.607079
 42
0.009917
  0
VERTEX
  8
0
 10
388.673991
 20
587.957963
 42
0.073777
  0
VERTEX
  8
0
 10
388.105179
 20
587.549859
 42
0.638157
  0
VERTEX
  8
0
 10
388.167210
 20
587.371587
 42
0.070904
  0
VERTEX
  8
0
 10
388.750000
 20
587.395867
 42
-0.010380
  0
VERTEX
  8
0
 10
389.612838
 20
587.537281
 42
-0.017706
  0
VERTEX
  8
0
 10
390.339063
 20
587.614758
 42
-0.012232
  0
VERTEX
  8
0
 10
390.912317
 20
587.641383
 42
-0.420657
  0
VERTEX
  8
0
 10
391.000000
 20
587.555604
 42
-0.091545
  0
VERTEX
  8
0
 10
390.747957
 20
586.190536
 42
-0.016024
  0
VERTEX
  8
0
 10
389.732336
 20
583.769539
 42
-0.009884
  0
VERTEX
  8
0
 10
388.565445
 20
581.347834
 42
-0.282691
  0
VERTEX
  8
0
 10
387.999391
 20
581.000000
 42
0.410797
  0
VERTEX
  8
0
 10
387.295300
 20
580.304084
 42
0.000570
  0
VERTEX
  8
0
 10
387.077820
 20
559.668481
 42
0.002086
  0
VERTEX
  8
0
 10
386.977123
 20
540.405531
 42
0.061819
  0
VERTEX
  8
0
 10
387.572370
 20
535.567678
 42
0.000000
  0
VERTEX
  8
0
 10
388.216816
 20
533.000000
 42
0.000000
  0
VERTEX
  8
0
 10
411.358408
 20
532.914047
 42
-0.002905
  0
VERTEX
  8
0
 10
420.066853
 20
532.831112
 42
-0.005764
  0
VERTEX
  8
0
 10
426.967782
 20
532.645701
 42
-0.004947
  0
VERTEX
  8
0
 10
431.969142
 20
532.404024
 42
-0.845653
  0
VERTEX
  8
0
 10
432.000000
 20
532.121228
 42
-0.059120
  0
VERTEX
  8
0
 10
430.239860
 20
531.841780
 42
-0.002698
  0
VERTEX
  8
0
 10
424.139459
 20
531.634582
 42
-0.004469
  0
VERTEX
  8
0
 10
416.881870
 20
531.492198
 42
-0.003185
  0
VERTEX
  8
0
 10
408.751350
 20
531.457181
 42
0.000000
  0
VERTEX
  8
0
 10
388.002701
 20
531.500000
 42
0.000000
  0
VERTEX
  8
0
 10
388.001350
 20
528.750000
 42
0.021101
  0
VERTEX
  8
0
 10
388.045332
 20
527.695987
 42
0.033976
  0
VERTEX
  8
0
 10
388.181225
 20
526.807812
 42
0.037387
  0
VERTEX
  8
0
 10
388.376560
 20
526.163801
 42
0.309765
  0
VERTEX
  8
0
 10
388.615586
 20
526.000000
 42
-0.034780
  0
VERTEX
  8
0
 10
389.103014
 20
525.966054
 42
-0.000083
  0
VERTEX
  8
0
 10
396.139827
 20
524.979950
 42
-0.000541
  0
VERTEX
  8
0
 10
404.069002
 20
523.858718
 42
-0.000336
  0
VERTEX
  8
0
 10
413.365586
 20
522.527490
 42
0.001105
  0
VERTEX
  8
0
 10
422.992017
 20
521.164118
 42
0.001371
  0
VERTEX
  8
0
 10
431.955313
 20
519.939895
 42
0.001117
  0
VERTEX
  8
0
 10
439.487564
 20
518.949278
 42
0.010320
  0
VERTEX
  8
0
 10
442.758884
 20
518.594947
 42
0.000000
  0
VERTEX
  8
0
 10
448.017769
 20
518.134915
 42
0.000000
  0
VERTEX
  8
0
 10
447.758884
 20
570.234258
 42
0.001140
  0
VERTEX
  8
0
 10
447.580143
 20
594.891037
 42
0.004218
  0
VERTEX
  8
0
 10
447.300599
 20
610.450092
 42
0.001320
  0
VERTEX
  8
0
 10
446.967655
 20
621.911354
 42
0.314128
  0
VERTEX
  8
0
 10
446.373207
 20
622.709065
 42
0.131138
  0
VERTEX
  8
0
 10
445.899450
 20
622.737931
 42
0.095584
  0
VERTEX
  8
0
 10
445.409303
 20
622.536156
 42
0.083997
  0
VERTEX
  8
0
 10
444.977455
 20
622.134887
 42
0.072144
  0
VERTEX
  8
0
 10
444.674135
 20
621.593192
 42
0.047489
  0
VERTEX
  8
0
 10
444.495772
 20
620.952461
 42
0.236711
  0
VERTEX
  8
0
 10
444.598757
 20
620.605160
 42
0.249332
  0
VERTEX
  8
0
 10
444.932283
 20
620.491306
 42
0.051713
  0
VERTEX
  8
0
 10
445.550928
 20
620.657916
 42
-0.077069
  0
VERTEX
  8
0
 10
446.622591
 20
620.889218
 42
-0.514473
  0
VERTEX
  8
0
 10
446.910889
 20
620.532135
 42
-0.121352
  0
VERTEX
  8
0
 10
446.394362
 20
619.614365
 42
-0.016658
  0
VERTEX
  8
0
 10
444.827054
 20
618.053503
 42
0.093898
  0
VERTEX
  8
0
 10
443.548675
 20
616.313096
 42
0.047026
  0
VERTEX
  8
0
 10
442.603221
 20
613.741357
 42
0.086422
  0
VERTEX
  8
0
 10
442.445219
 20
611.906449
 42
0.558654
  0
VERTEX
  8
0
 10
443.114158
 20
611.570553
 42
-0.386482
  0
VERTEX
  8
0
 10
443.358013
 20
611.525165
 42
-0.100191
  0
VERTEX
  8
0
 10
443.547537
 20
611.132279
 42
-0.052241
  0
VERTEX
  8
0
 10
443.651528
 20
610.421904
 42
-0.024654
  0
VERTEX
  8
0
 10
443.643801
 20
609.494089
 42
-0.023559
  0
VERTEX
  8
0
 10
443.543387
 20
608.538862
 42
-0.036827
  0
VERTEX
  8
0
 10
443.358648
 20
607.733429
 42
-0.041822
  0
VERTEX
  8
0
 10
443.126060
 20
607.155609
 42
-0.283063
  0
VERTEX
  8
0
 10
442.875000
 20
607.000706
 42
0.277700
  0
VERTEX
  8
0
 10
442.597264
 20
606.833134
 42
0.026410
  0
VERTEX
  8
0
 10
442.250129
 20
606.082882
 42
0.027742
  0
VERTEX
  8
0
 10
441.910068
 20
605.073910
 42
0.018056
  0
VERTEX
  8
0
 10
441.625438
 20
603.877192
 42
-0.017446
  0
VERTEX
  8
0
 10
441.242694
 20
602.259196
 42
-0.133862
  0
VERTEX
  8
0
 10
440.849702
 20
601.593537
 42
-0.290671
  0
VERTEX
  8
0
 10
440.338041
 20
601.486838
 42
-0.083332
  0
VERTEX
  8
0
 10
439.605045
 20
601.912820
 42
-0.089542
  0
VERTEX
  8
0
 10
439.020521
 20
602.607546
 42
-0.028694
  0
VERTEX
  8
0
 10
438.415174
 20
603.818729
 42
-0.027586
  0
VERTEX
  8
0
 10
437.883215
 20
605.271719
 42
-0.027595
  0
VERTEX
  8
0
 10
437.514523
 20
606.774279
 42
0.049427
  0
VERTEX
  8
0
 10
436.151578
 20
611.439840
 42
0.016302
  0
VERTEX
  8
0
 10
433.264173
 20
617.982805
 42
0.016112
  0
VERTEX
  8
0
 10
429.975302
 20
624.293728
 42
0.053629
  0
VERTEX
  8
0
 10
427.263098
 20
628.094490
 42
0.036767
  0
VERTEX
  8
0
 10
424.866730
 20
630.419795
 42
0.039053
  0
VERTEX
  8
0
 10
422.201159
 20
632.317876
 42
0.042532
  0
VERTEX
  8
0
 10
419.600408
 20
633.592531
 42
0.092939
  0
VERTEX
  8
0
 10
417.427215
 20
634.000000
 42
0.033398
  0
VERTEX
  8
0
 10
416.583147
 20
633.943556
 42
0.298355
  0
VERTEX
  8
0
 10
416.315450
 20
633.711858
 42
0.225017
  0
VERTEX
  8
0
 10
416.382050
 20
633.312381
 42
0.021219
  0
SEQEND
  0
POLYLINE
  8
0
 66
1
 70
1
  0
VERTEX
  8
0
 10
423.729167
 20
624.395833
 42
-0.126455
  0
VERTEX
  8
0
 10
423.402231
 20
624.202593
 42
-0.060344
  0
VERTEX
  8
0
 10
422.916927
 20
624.123424
 42
-0.054150
  0
VERTEX
  8
0
 10
422.359369
 20
624.160852
 42
-0.051402
  0
VERTEX
  8
0
 10
421.812500
 20
624.316886
 42
-0.054073
  0
VERTEX
  8
0
 10
421.395823
 20
624.538436
 42
-0.470617
  0
VERTEX
  8
0
 10
421.378580
 20
624.720685
 42
-0.168741
  0
VERTEX
  8
0
 10
421.670344
 20
624.862007
 42
-0.018894
  0
VERTEX
  8
0
 10
422.416667
 20
624.921053
 42
-0.028489
  0
VERTEX
  8
0
 10
423.112848
 20
624.910055
 42
-0.077125
  0
VERTEX
  8
0
 10
423.592839
 20
624.799335
 42
-0.208169
  0
VERTEX
  8
0
 10
423.775380
 20
624.614691
 42
-0.296942
  0
SEQEND
  0
POLYLINE
  8
0
 66
1
 70
1
  0
VERTEX
  8
0
 10
423.361626
 20
593.500000
 42
-0.081757
  0
VERTEX
  8
0
 10
422.760952
 20
592.473774
 42
-0.192782
  0
VERTEX
  8
0
 10
421.995045
 20
592.058141
 42
-0.199073
  0
VERTEX
  8
0
 10
421.172482
 20
592.291737
 42
-0.087098
  0
VERTEX
  8
0
 10
420.404508
 20
593.154508
 42
-0.029587
  0
VERTEX
  8
0
 10
420.165026
 20
593.598755
 42
-0.279645
  0
VERTEX
  8
0
 10
420.187815
 20
593.804896
 42
-0.343373
  0
VERTEX
  8
0
 10
420.367361
 20
593.851473
 42
-0.036486
  0
VERTEX
  8
0
 10
420.776393
 20
593.638197
 42
0.092519
  0
VERTEX
  8
0
 10
421.238531
 20
593.459449
 42
0.096172
  0
VERTEX
  8
0
 10
421.727473
 20
593.462971
 42
0.099320
  0
VERTEX
  8
0
 10
422.167152
 20
593.647286
 42
0.105964
  0
VERTEX
  8
0
 10
422.489919
 20
593.983688
 42
-0.032568
  0
VERTEX
  8
0
 10
423.127318
 20
594.879002
 42
-0.363209
  0
VERTEX
  8
0
 10
423.526633
 20
594.955885
 42
-0.338467
  0
VERTEX
  8
0
 10
423.696238
 20
594.567245
 42
-0.031303
  0
SEQEND
  0
POLYLINE
  8
0
 66
1
 70
1
  0
VERTEX
  8
0
 10
427.840800
 20
589.883311
 42
-0.036449
  0
VERTEX
  8
0
 10
428.774036
 20
588.114044
 42
-0.372441
  0
VERTEX
  8
0
 10
428.547286
 20
587.382413
 42
-0.264089
  0
VERTEX
  8
0
 10
427.623320
 20
587.344676
 42
-0.026124
  0
VERTEX
  8
0
 10
425.630740
 20
588.506293
 42
0.039989
  0
VERTEX
  8
0
 10
424.552902
 20
589.095263
 42
0.046980
  0
VERTEX
  8
0
 10
423.450708
 20
589.468212
 42
0.053295
  0
VERTEX
  8
0
 10
422.474159
 20
589.591808
 42
0.138211
  0
VERTEX
  8
0
 10
421.793976
 20
589.414301
 42
-0.161435
  0
VERTEX
  8
0
 10
421.507283
 20
589.353240
 42
-0.498050
  0
VERTEX
  8
0
 10
421.421768
 20
589.497084
 42
-0.068610
  0
VERTEX
  8
0
 10
421.707430
 20
589.990482
 42
-0.014426
  0
VERTEX
  8
0
 10
422.343956
 20
590.760667
 42
-0.067338
  0
VERTEX
  8
0
 10
423.834460
 20
592.059540
 42
-0.187297
  0
VERTEX
  8
0
 10
425.168823
 20
592.346781
 42
-0.165014
  0
VERTEX
  8
0
 10
426.463836
 20
591.663741
 42
-0.050070
  0
SEQEND
  0
POLYLINE
  8
0
 66
1
 70
1
  0
VERTEX
  8
0
 10
397.000000
 20
587.500000
 42
-0.099038
  0
VERTEX
  8
0
 10
396.885486
 20
586.927543
 42
-0.097945
  0
VERTEX
  8
0
 10
396.559375
 20
586.440625
 42
-0.097945
  0
VERTEX
  8
0
 10
396.072457
 20
586.114514
 42
-0.099038
  0
VERTEX
  8
0
 10
395.500000
 20
586.000000
 42
-0.132959
  0
VERTEX
  8
0
 10
394.275781
 20
586.331401
 42
-0.378233
  0
VERTEX
  8
0
 10
394.020668
 20
587.104186
 42
-0.162246
  0
VERTEX
  8
0
 10
394.918180
 20
588.115121
 42
-0.054352
  0
VERTEX
  8
0
 10
396.750000
 20
588.921053
 42
-0.418470
  0
VERTEX
  8
0
 10
396.847570
 20
588.869414
 42
-0.029314
  0
VERTEX
  8
0
 10
396.926562
 20
588.536184
 42
-0.027836
  0
VERTEX
  8
0
 10
396.982098
 20
588.069675
 42
-0.015709
  0
SEQEND
  0
POLYLINE
  8
0
 66
1
 70
1
  0
VERTEX
  8
0
 10
405.500000
 20
583.000000
 42
-0.210115
  0
VERTEX
  8
0
 10
405.553029
 20
582.621971
 42
-0.178861
  0
VERTEX
  8
0
 10
405.314314
 20
582.293750
 42
-0.100989
  0
VERTEX
  8
0
 10
404.768372
 20
582.071437
 42
-0.046386
  0
VERTEX
  8
0
 10
404.000000
 20
582.000000
 42
-0.046386
  0
VERTEX
  8
0
 10
403.231628
 20
582.071437
 42
-0.100989
  0
VERTEX
  8
0
 10
402.685686
 20
582.293750
 42
-0.178861
  0
VERTEX
  8
0
 10
402.446971
 20
582.621971
 42
-0.210115
  0
VERTEX
  8
0
 10
402.500000
 20
583.000000
 42
-0.057296
  0
VERTEX
  8
0
 10
402.801830
 20
583.382513
 42
-0.050113
  0
VERTEX
  8
0
 10
403.195564
 20
583.706250
 42
-0.052849
  0
VERTEX
  8
0
 10
403.617099
 20
583.926995
 42
-0.094481
  0
VERTEX
  8
0
 10
404.000000
 20
584.000000
 42
-0.094481
  0
VERTEX
  8
0
 10
404.382901
 20
583.926995
 42
-0.052849
  0
VERTEX
  8
0
 10
404.804436
 20
583.706250
 42
-0.050113
  0
VERTEX
  8
0
 10
405.198170
 20
583.382513
 42
-0.057296
  0
SEQEND
  0
POLYLINE
  8
0
 66
1
 70
1
  0
VERTEX
  8
0
 10
391.626718
 20
573.483861
 42
-0.098802
  0
VERTEX
  8
0
 10
390.374880
 20
572.648525
 42
-0.147230
  0
VERTEX
  8
0
 10
389.073750
 20
572.519149
 42
-0.279236
  0
VERTEX
  8
0
 10
388.422798
 20
573.110967
 42
-0.213644
  0
VERTEX
  8
0
 10
388.552786
 20
574.085410
 42
-0.089797
  0
VERTEX
  8
0
 10
388.841764
 20
574.406578
 42
-0.095284
  0
VERTEX
  8
0
 10
389.219387
 20
574.597922
 42
-0.099786
  0
VERTEX
  8
0
 10
389.626335
 20
574.630583
 42
-0.109117
  0
VERTEX
  8
0
 10
390.000000
 20
574.500000
 42
0.124845
  0
VERTEX
  8
0
 10
390.380195
 20
574.380235
 42
0.100781
  0
VERTEX
  8
0
 10
390.805236
 20
574.441920
 42
0.090373
  0
VERTEX
  8
0
 10
391.210386
 20
574.676731
 42
0.078084
  0
VERTEX
  8
0
 10
391.531037
 20
575.050219
 42
-0.055192
  0
VERTEX
  8
0
 10
391.825378
 20
575.426475
 42
-0.088613
  0
VERTEX
  8
0
 10
392.156114
 20
575.662547
 42
-0.123378
  0
VERTEX
  8
0
 10
392.468483
 20
575.725097
 42
-0.186497
  0
VERTEX
  8
0
 10
392.719183
 20
575.614150
 42
-0.260174
  0
VERTEX
  8
0
 10
392.807360
 20
575.303222
 42
-0.060355
  0
VERTEX
  8
0
 10
392.612323
 20
574.774327
 42
-0.047400
  0
VERTEX
  8
0
 10
392.206316
 20
574.138920
 42
-0.030531
  0
SEQEND
  0
POLYLINE
  8
0
 66
1
 70
1
  0
VERTEX
  8
0
 10
445.500000
 20
532.000000
 42
-0.082592
  0
VERTEX
  8
0
 10
445.656512
 20
531.617900
 42
-0.161196
  0
VERTEX
  8
0
 10
445.625400
 20
531.293750
 42
-0.182303
  0
VERTEX
  8
0
 10
445.413961
 20
531.078288
 42
-0.108972
  0
VERTEX
  8
0
 10
445.059017
 20
531.000000
 42
-0.093332
  0
VERTEX
  8
0
 10
444.654762
 20
531.076123
 42
-0.096420
  0
VERTEX
  8
0
 10
444.311086
 20
531.293750
 42
-0.099167
  0
VERTEX
  8
0
 10
444.081062
 20
531.618444
 42
-0.105053
  0
VERTEX
  8
0
 10
444.000000
 20
532.000000
 42
-0.042167
  0
VERTEX
  8
0
 10
444.032345
 20
532.382849
 42
-0.061769
  0
VERTEX
  8
0
 10
444.129539
 20
532.706250
 42
-0.081139
  0
VERTEX
  8
0
 10
444.272352
 20
532.925540
 42
-0.210953
  0
VERTEX
  8
0
 10
444.440983
 20
533.000000
 42
-0.151918
  0
VERTEX
  8
0
 10
444.651710
 20
532.934461
 42
-0.038439
  0
VERTEX
  8
0
 10
444.933975
 20
532.706250
 42
-0.035638
  0
VERTEX
  8
0
 10
445.231006
 20
532.382774
 42
-0.029505
  0
SEQEND
  0
POLYLINE
  8
0
 66
1
 70
1
  0
VERTEX
  8
0
 10
110.500000
 20
626.519946
 42
-0.004428
  0
VERTEX
  8
0
 10
107.761554
 20
624.806006
 42
-0.006561
  0
VERTEX
  8
0
 10
105.328856
 20
623.356836
 42
-0.003242
  0
VERTEX
  8
0
 10
103.247827
 20
622.171800
 42
-0.119965
  0
VERTEX
  8
0
 10
102.725893
 20
622.026013
 42
0.122048
  0
VERTEX
  8
0
 10
102.227878
 20
621.884700
 42
0.005532
  0
VERTEX
  8
0
 10
100.684549
 20
620.979516
 42
0.008976
  0
VERTEX
  8
0
 10
98.869290
 20
619.842804
 42
0.006283
  0
VERTEX
  8
0
 10
96.863681
 20
618.500000
 42
-0.008967
  0
VERTEX
  8
0
 10
94.837911
 20
617.159390
 42
-0.012191
  0
VERTEX
  8
0
 10
92.960461
 20
616.028125
 42
-0.009151
  0
VERTEX
  8
0
 10
91.367308
 20
615.158582
 42
-0.120912
  0
VERTEX
  8
0
 10
90.721121
 20
615.000000
 42
0.055709
  0
VERTEX
  8
0
 10
90.356759
 20
614.959277
 42
0.167662
  0
VERTEX
  8
0
 10
90.147087
 20
614.829325
 42
0.255599
  0
VERTEX
  8
0
 10
90.111950
 20
614.639717
 42
0.117575
  0
VERTEX
  8
0
 10
90.247687
 20
614.418980
 42
0.208908
  0
VERTEX
  8
0
 10
90.622736
 20
614.271997
 42
0.042991
  0
VERTEX
  8
0
 10
91.344129
 20
614.362141
 42
0.038495
  0
VERTEX
  8
0
 10
92.227459
 20
614.623042
 42
0.027912
  0
VERTEX
  8
0
 10
93.164354
 20
615.041387
 42
-0.004035
  0
VERTEX
  8
0
 10
94.491501
 20
615.711695
 42
-0.147807
  0
VERTEX
  8
0
 10
94.823657
 20
615.767393
 42
-0.596635
  0
VERTEX
  8
0
 10
94.879172
 20
615.623222
 42
-0.012331
  0
VERTEX
  8
0
 10
94.232244
 20
614.904651
 42
-0.077840
  0
VERTEX
  8
0
 10
93.551969
 20
614.379092
 42
-0.036074
  0
VERTEX
  8
0
 10
92.534295
 20
613.911989
 42
-0.034616
  0
VERTEX
  8
0
 10
91.371325
 20
613.566228
 42
-0.040601
  0
VERTEX
  8
0
 10
90.232244
 20
613.407305
 42
0.040584
  0
VERTEX
  8
0
 10
89.182062
 20
613.260822
 42
0.071291
  0
VERTEX
  8
0
 10
88.363565
 20
612.950817
 42
0.105338
  0
VERTEX
  8
0
 10
87.877065
 20
612.529009
 42
0.221470
  0
VERTEX
  8
0
 10
87.774777
 20
612.050731
 42
-0.066430
  0
VERTEX
  8
0
 10
87.813649
 20
611.631893
 42
-0.193441
  0
VERTEX
  8
0
 10
87.696786
 20
611.371799
 42
-0.238820
  0
VERTEX
  8
0
 10
87.455454
 20
611.297807
 42
-0.095845
  0
VERTEX
  8
0
 10
87.123420
 20
611.423722
 42
0.209621
  0
VERTEX
  8
0
 10
86.527627
 20
611.507875
 42
0.023256
  0
VERTEX
  8
0
 10
85.191925
 20
611.066061
 42
0.025172
  0
VERTEX
  8
0
 10
83.581867
 20
610.354221
 42
0.017798
  0
VERTEX
  8
0
 10
81.848644
 20
609.402381
 42
0.007264
  0
VERTEX
  8
0
 10
80.283506
 20
608.437767
 42
0.023294
  0
VERTEX
  8
0
 10
79.282069
 20
607.732713
 42
0.165153
  0
VERTEX
  8
0
 10
79.106276
 20
607.466394
 42
0.591898
  0
VERTEX
  8
0
 10
79.217975
 20
607.360655
 42
-0.051917
  0
VERTEX
  8
0
 10
79.915043
 20
607.507153
 42
-0.061033
  0
VERTEX
  8
0
 10
80.589407
 20
607.494671
 42
-0.071295
  0
VERTEX
  8
0
 10
81.141453
 20
607.334272
 42
-0.149117
  0
VERTEX
  8
0
 10
81.474206
 20
607.041736
 42
-0.134808
  0
VERTEX
  8
0
 10
81.581125
 20
606.677568
 42
-0.130567
  0
VERTEX
  8
0
 10
81.489102
 20
606.304903
 42
-0.110237
  0
VERTEX
  8
0
 10
81.203607
 20
605.980272
 42
-0.077182
  0
VERTEX
  8
0
 10
80.769068
 20
605.756356
 42
0.540238
  0
VERTEX
  8
0
 10
80.724571
 20
605.588012
 42
0.157501
  0
VERTEX
  8
0
 10
81.011255
 20
605.421523
 42
0.032976
  0
VERTEX
  8
0
 10
81.952232
 20
605.281450
 42
0.011068
  0
VERTEX
  8
0
 10
83.339578
 20
605.198512
 42
0.000000
  0
VERTEX
  8
0
 10
87.153482
 20
605.055133
 42
0.000000
  0
VERTEX
  8
0
 10
84.826741
 20
606.994297
 42
0.000000
  0
VERTEX
  8
0
 10
82.500000
 20
608.933461
 42
0.000000
  0
VERTEX
  8
0
 10
87.500000
 20
608.848416
 42
-0.002406
  0
VERTEX
  8
0
 10
90.460863
 20
608.783802
 42
-0.093917
  0
VERTEX
  8
0
 10
91.100971
 20
608.644746
 42
-0.701713
  0
VERTEX
  8
0
 10
91.089970
 20
608.441802
 42
-0.010931
  0
VERTEX
  8
0
 10
89.500000
 20
608.000000
 42
0.012655
  0
VERTEX
  8
0
 10
88.425359
 20
607.697398
 42
0.045240
  0
VERTEX
  8
0
 10
87.765774
 20
607.426115
 42
0.314146
  0
VERTEX
  8
0
 10
87.673291
 20
607.249080
 42
0.351852
  0
VERTEX
  8
0
 10
87.809017
 20
607.118315
 42
-0.085848
  0
VERTEX
  8
0
 10
88.261940
 20
606.997141
 42
-0.147883
  0
VERTEX
  8
0
 10
88.551364
 20
606.740036
 42
-0.165103
  0
VERTEX
  8
0
 10
88.631401
 20
606.388028
 42
-0.112950
  0
VERTEX
  8
0
 10
88.497961
 20
605.996701
 42
0.582050
  0
VERTEX
  8
0
 10
88.768416
 20
605.502411
 42
0.000382
  0
VERTEX
  8
0
 10
107.903368
 20
605.212692
 42
0.002373
  0
VERTEX
  8
0
 10
132.141051
 20
604.979274
 42
0.000818
  0
VERTEX
  8
0
 10
167.188944
 20
604.865393
 42
-0.000130
  0
VERTEX
  8
0
 10
197.946174
 20
604.807744
 42
-0.000198
  0
VERTEX
  8
0
 10
224.671127
 20
604.740121
 42
-0.000070
  0
VERTEX
  8
0
 10
247.734432
 20
604.669416
 42
-0.005132
  0
VERTEX
  8
0
 10
251.500000
 20
604.618692
 42
0.009354
  0
VERTEX
  8
0
 10
254.711217
 20
604.602549
 42
0.126092
  0
VERTEX
  8
0
 10
255.836476
 20
604.907369
 42
0.228554
  0
VERTEX
  8
0
 10
256.359639
 20
605.662302
 42
0.039174
  0
VERTEX
  8
0
 10
256.500000
 20
607.451045
 42
-0.041952
  0
VERTEX
  8
0
 10
256.636240
 20
609.071949
 42
-0.145808
  0
VERTEX
  8
0
 10
257.095481
 20
610.005229
 42
-0.127051
  0
VERTEX
  8
0
 10
258.032764
 20
610.607573
 42
-0.028618
  0
VERTEX
  8
0
 10
259.879064
 20
611.101142
 42
0.041895
  0
VERTEX
  8
0
 10
263.080035
 20
612.048480
 42
0.013048
  0
VERTEX
  8
0
 10
267.705267
 20
613.990788
 42
0.005678
  0
VERTEX
  8
0
 10
272.391586
 20
616.168598
 42
0.268930
  0
VERTEX
  8
0
 10
272.959144
 20
617.000000
 42
0.414295
  0
VERTEX
  8
0
 10
272.398072
 20
617.650163
 42
0.023318
  0
VERTEX
  8
0
 10
269.462184
 20
617.728442
 42
0.024267
  0
VERTEX
  8
0
 10
266.464431
 20
617.522793
 42
0.228929
  0
VERTEX
  8
0
 10
265.406775
 20
616.849159
 42
0.167666
  0
VERTEX
  8
0
 10
265.305522
 20
616.399182
 42
0.329543
  0
VERTEX
  8
0
 10
265.542024
 20
616.144081
 42
0.092740
  0
VERTEX
  8
0
 10
266.256987
 20
616.142941
 42
0.015638
  0
VERTEX
  8
0
 10
267.598797
 20
616.435441
 42
-0.004313
  0
VERTEX
  8
0
 10
269.738588
 20
616.952916
 42
-0.615313
  0
VERTEX
  8
0
 10
269.869381
 20
616.796444
 42
-0.151034
  0
VERTEX
  8
0
 10
269.577713
 20
616.454880
 42
-0.001554
  0
VERTEX
  8
0
 10
266.875000
 20
614.756190
 42
-0.008941
  0
VERTEX
  8
0
 10
265.158701
 20
613.727082
 42
-0.205135
  0
VERTEX
  8
0
 10
264.602189
 20
613.661337
 42
-0.311938
  0
VERTEX
  8
0
 10
264.305801
 20
614.028614
 42
-0.018563
  0
VERTEX
  8
0
 10
264.250000
 20
615.531136
 42
-0.130555
  0
VERTEX
  8
0
 10
264.705689
 20
617.246585
 42
-0.148329
  0
VERTEX
  8
0
 10
265.938527
 20
618.411322
 42
-0.121036
  0
VERTEX
  8
0
 10
267.832646
 20
618.838046
 42
-0.072130
  0
VERTEX
  8
0
 10
270.125229
 20
618.460254
 42
0.027092
  0
VERTEX
  8
0
 10
270.939942
 20
618.249478
 42
0.091977
  0
VERTEX
  8
0
 10
271.486382
 20
618.240977
 42
0.270329
  0
VERTEX
  8
0
 10
271.702790
 20
618.421750
 42
0.228985
  0
VERTEX
  8
0
 10
271.671609
 20
618.722330
 42
-0.204822
  0
VERTEX
  8
0
 10
271.620195
 20
619.063632
 42
-0.199050
  0
VERTEX
  8
0
 10
271.830689
 20
619.341965
 42
-0.106317
  0
VERTEX
  8
0
 10
272.324824
 20
619.504891
 42
-0.045079
  0
VERTEX
  8
0
 10
273.026009
 20
619.516502
 42
-0.052072
  0
VERTEX
  8
0
 10
274.504320
 20
619.251175
 42
-0.093631
  0
VERTEX
  8
0
 10
275.600051
 20
618.696846
 42
-0.456982
  0
VERTEX
  8
0
 10
275.625936
 20
618.254350
 42
-0.195417
  0
VERTEX
  8
0
 10
275.000000
 20
618.000000
 42
0.041618
  0
VERTEX
  8
0
 10
274.526562
 20
617.960524
 42
0.120711
  0
VERTEX
  8
0
 10
274.226868
 20
617.831465
 42
0.254693
  0
VERTEX
  8
0
 10
274.141337
 20
617.642541
 42
0.179837
  0
VERTEX
  8
0
 10
274.240403
 20
617.426264
 42
0.304165
  0
VERTEX
  8
0
 10
275.538455
 20
617.170086
 42
0.048055
  0
VERTEX
  8
0
 10
277.950749
 20
618.462145
 42
0.047932
  0
VERTEX
  8
0
 10
280.077555
 20
620.194568
 42
0.297828
  0
VERTEX
  8
0
 10
280.360098
 20
621.503984
 42
-0.097082
  0
VERTEX
  8
0
 10
280.238570
 20
622.200054
 42
-0.294410
  0
VERTEX
  8
0
 10
280.495167
 20
622.580526
 42
-0.127737
  0
VERTEX
  8
0
 10
281.195687
 20
622.686906
 42
-0.018289
  0
VERTEX
  8
0
 10
282.644508
 20
622.482788
 42
0.061444
  0
VERTEX
  8
0
 10
284.093351
 20
622.404756
 42
0.036465
  0
VERTEX
  8
0
 10
285.807846
 20
622.649557
 42
0.033379
  0
VERTEX
  8
0
 10
287.652869
 20
623.183012
 42
0.029097
  0
VERTEX
  8
0
 10
289.500000
 20
623.977867
 42
0.009409
  0
VERTEX
  8
0
 10
290.919420
 20
624.722908
 42
0.043609
  0
VERTEX
  8
0
 10
291.688784
 20
625.237305
 42
0.551214
  0
VERTEX
  8
0
 10
291.668527
 20
625.415399
 42
0.174435
  0
VERTEX
  8
0
 10
291.334157
 20
625.450501
 42
-0.043519
  0
VERTEX
  8
0
 10
290.463143
 20
625.315456
 42
-0.052525
  0
VERTEX
  8
0
 10
289.636358
 20
625.346987
 42
-0.061150
  0
VERTEX
  8
0
 10
288.970603
 20
625.527818
 42
-0.158778
  0
VERTEX
  8
0
 10
288.595812
 20
625.844973
 42
-0.284224
  0
VERTEX
  8
0
 10
288.595917
 20
626.238909
 42
-0.107008
  0
VERTEX
  8
0
 10
288.995122
 20
626.652818
 42
-0.065356
  0
VERTEX
  8
0
 10
289.751202
 20
627.027180
 42
-0.035099
  0
VERTEX
  8
0
 10
290.759107
 20
627.294282
 42
-0.038340
  0
VERTEX
  8
0
 10
291.853546
 20
627.417642
 42
-0.046999
  0
VERTEX
  8
0
 10
292.880356
 20
627.357679
 42
-0.053995
  0
VERTEX
  8
0
 10
293.700260
 20
627.139439
 42
-0.163738
  0
VERTEX
  8
0
 10
294.138624
 20
626.775702
 42
0.167747
  0
VERTEX
  8
0
 10
294.559828
 20
626.431718
 42
0.128440
  0
VERTEX
  8
0
 10
295.155689
 20
626.373772
 42
0.080721
  0
VERTEX
  8
0
 10
295.936873
 20
626.632330
 42
0.032583
  0
VERTEX
  8
0
 10
296.899614
 20
627.217134
 42
0.054318
  0
VERTEX
  8
0
 10
297.858511
 20
628.057376
 42
0.527109
  0
VERTEX
  8
0
 10
297.756571
 20
628.497760
 42
0.084333
  0
VERTEX
  8
0
 10
296.670124
 20
628.723491
 42
0.003631
  0
VERTEX
  8
0
 10
292.758442
 20
628.838240
 42
-0.005701
  0
VERTEX
  8
0
 10
289.842174
 20
628.935872
 42
-0.002971
  0
VERTEX
  8
0
 10
286.208730
 20
629.120642
 42
-0.002953
  0
VERTEX
  8
0
 10
282.481411
 20
629.354488
 42
-0.004506
  0
VERTEX
  8
0
 10
279.250000
 20
629.605664
 42
0.008851
  0
VERTEX
  8
0
 10
275.919482
 20
629.835440
 42
0.029612
  0
VERTEX
  8
0
 10
273.731155
 20
629.817875
 42
0.045965
  0
VERTEX
  8
0
 10
272.374576
 20
629.600207
 42
0.342479
  0
VERTEX
  8
0
 10
272.000000
 20
629.117488
 42
-0.173951
  0
VERTEX
  8
0
 10
271.847022
 20
628.691078
 42
-0.093358
  0
VERTEX
  8
0
 10
271.412500
 20
628.328262
 42
-0.073652
  0
VERTEX
  8
0
 10
270.765132
 20
628.082746
 42
-0.053916
  0
VERTEX
  8
0
 10
270.000000
 20
628.000000
 42
-0.048768
  0
VERTEX
  8
0
 10
269.234618
 20
628.074831
 42
-0.068768
  0
VERTEX
  8
0
 10
268.587500
 20
628.298105
 42
-0.088952
  0
VERTEX
  8
0
 10
268.151715
 20
628.627329
 42
-0.188787
  0
VERTEX
  8
0
 10
268.000000
 20
629.014824
 42
0.414178
  0
VERTEX
  8
0
 10
266.998996
 20
630.015950
 42
0.000137
  0
VERTEX
  8
0
 10
206.552977
 20
630.006708
 42
0.000161
  0
VERTEX
  8
0
 10
146.266937
 20
629.961513
 42
0.259647
  0
VERTEX
  8
0
 10
144.476542
 20
628.962045
 42
-0.078449
  0
VERTEX
  8
0
 10
144.161025
 20
628.595075
 42
-0.054188
  0
VERTEX
  8
0
 10
143.706772
 20
628.287099
 42
-0.053629
  0
VERTEX
  8
0
 10
143.190644
 20
628.080728
 42
-0.071640
  0
VERTEX
  8
0
 10
142.690983
 20
628.015313
 42
-0.102799
  0
VERTEX
  8
0
 10
142.327599
 20
628.095709
 42
-0.379910
  0
VERTEX
  8
0
 10
142.239151
 20
628.292684
 42
-0.147021
  0
VERTEX
  8
0
 10
142.445888
 20
628.597454
 42
-0.027275
  0
VERTEX
  8
0
 10
143.000000
 20
629.000000
 42
0.656958
  0
VERTEX
  8
0
 10
142.928137
 20
629.430404
 42
0.037721
  0
VERTEX
  8
0
 10
141.130833
 20
629.734202
 42
0.017874
  0
VERTEX
  8
0
 10
137.731009
 20
629.925803
 42
0.004824
  0
VERTEX
  8
0
 10
132.331787
 20
629.984687
 42
-0.003759
  0
VERTEX
  8
0
 10
127.573142
 20
630.026455
 42
-0.005352
  0
VERTEX
  8
0
 10
123.346775
 20
630.140595
 42
-0.003090
  0
VERTEX
  8
0
 10
119.791910
 20
630.296697
 42
-0.076421
  0
VERTEX
  8
0
 10
118.831787
 20
630.493933
 42
0.187991
  0
VERTEX
  8
0
 10
117.980941
 20
630.479901
 42
0.014230
  0
VERTEX
  8
0
 10
115.834963
 20
629.530322
 42
0.018058
  0
VERTEX
  8
0
 10
113.278513
 20
628.195619
 42
0.012703
  0
SEQEND
  0
POLYLINE
  8
0
 66
1
 70
1
  0
VERTEX
  8
0
 10
126.709480
 20
628.433048
 42
-0.005145
  0
VERTEX
  8
0
 10
128.803267
 20
628.577732
 42
-0.018636
  0
VERTEX
  8
0
 10
130.138097
 20
628.606351
 42
-0.272620
  0
VERTEX
  8
0
 10
130.307398
 20
628.502985
 42
-0.494104
  0
VERTEX
  8
0
 10
130.250000
 20
628.376995
 42
0.057051
  0
VERTEX
  8
0
 10
129.389579
 20
628.073159
 42
0.065036
  0
VERTEX
  8
0
 10
128.660937
 20
627.592307
 42
0.075043
  0
VERTEX
  8
0
 10
128.167700
 20
627.015876
 42
0.140405
  0
VERTEX
  8
0
 10
128.000000
 20
626.430449
 42
-0.192574
  0
VERTEX
  8
0
 10
127.743858
 20
625.790063
 42
-0.117125
  0
VERTEX
  8
0
 10
127.050919
 20
625.339403
 42
-0.065057
  0
VERTEX
  8
0
 10
125.840458
 20
625.076957
 42
-0.020898
  0
VERTEX
  8
0
 10
124.000000
 20
625.000000
 42
-0.020272
  0
VERTEX
  8
0
 10
122.111825
 20
625.076585
 42
-0.069535
  0
VERTEX
  8
0
 10
120.916667
 20
625.343750
 42
-0.128937
  0
VERTEX
  8
0
 10
120.249641
 20
625.815157
 42
-0.176579
  0
VERTEX
  8
0
 10
120.000000
 20
626.500000
 42
0.099038
  0
VERTEX
  8
0
 10
119.885486
 20
627.072457
 42
0.097945
  0
VERTEX
  8
0
 10
119.559375
 20
627.559375
 42
0.097945
  0
VERTEX
  8
0
 10
119.072457
 20
627.885486
 42
0.099038
  0
VERTEX
  8
0
 10
118.500000
 20
628.000000
 42
-0.067246
  0
VERTEX
  8
0
 10
117.926627
 20
628.077464
 42
-0.084069
  0
VERTEX
  8
0
 10
117.440625
 20
628.304085
 42
-0.099557
  0
VERTEX
  8
0
 10
117.115614
 20
628.640425
 42
-0.143424
  0
VERTEX
  8
0
 10
117.000000
 20
629.035184
 42
-0.179650
  0
VERTEX
  8
0
 10
117.139336
 20
629.410468
 42
-0.220123
  0
VERTEX
  8
0
 10
117.476480
 20
629.563641
 42
-0.096871
  0
VERTEX
  8
0
 10
118.068546
 20
629.443606
 42
-0.024562
  0
VERTEX
  8
0
 10
118.959480
 20
629.021686
 42
0.083999
  0
VERTEX
  8
0
 10
120.082561
 20
628.644777
 42
0.020097
  0
VERTEX
  8
0
 10
122.044328
 20
628.416192
 42
0.020092
  0
VERTEX
  8
0
 10
124.348927
 20
628.334047
 42
0.018685
  0
SEQEND
  0
POLYLINE
  8
0
 66
1
 70
1
  0
VERTEX
  8
0
 10
152.250000
 20
628.294267
 42
-0.029693
  0
VERTEX
  8
0
 10
151.225293
 20
628.159351
 42
-0.017887
  0
VERTEX
  8
0
 10
150.000000
 20
628.115502
 42
-0.017887
  0
VERTEX
  8
0
 10
148.774707
 20
628.159351
 42
-0.029693
  0
VERTEX
  8
0
 10
147.750000
 20
628.294267
 42
-0.142433
  0
VERTEX
  8
0
 10
147.439977
 20
628.453014
 42
-0.611425
  0
VERTEX
  8
0
 10
147.482812
 20
628.600334
 42
-0.039503
  0
VERTEX
  8
0
 10
148.388510
 20
628.701569
 42
-0.008087
  0
VERTEX
  8
0
 10
150.000000
 20
628.727636
 42
-0.008087
  0
VERTEX
  8
0
 10
151.611490
 20
628.701569
 42
-0.039503
  0
VERTEX
  8
0
 10
152.517188
 20
628.600334
 42
-0.611425
  0
VERTEX
  8
0
 10
152.560023
 20
628.453014
 42
-0.142433
  0
SEQEND
  0
POLYLINE
  8
0
 66
1
 70
1
  0
VERTEX
  8
0
 10
199.190298
 20
627.874692
 42
0.044193
  0
VERTEX
  8
0
 10
198.419414
 20
627.509284
 42
0.024996
  0
VERTEX
  8
0
 10
197.554529
 20
626.941462
 42
0.024786
  0
VERTEX
  8
0
 10
196.733317
 20
626.276709
 42
0.037021
  0
VERTEX
  8
0
 10
196.092837
 20
625.611862
 42
-0.045116
  0
VERTEX
  8
0
 10
195.479181
 20
624.995127
 42
-0.040524
  0
VERTEX
  8
0
 10
194.743411
 20
624.473485
 42
-0.042827
  0
VERTEX
  8
0
 10
194.001505
 20
624.114996
 42
-0.091382
  0
VERTEX
  8
0
 10
193.377555
 20
624.000000
 42
0.143690
  0
VERTEX
  8
0
 10
192.852235
 20
623.845850
 42
0.099524
  0
VERTEX
  8
0
 10
192.404657
 20
623.412500
 42
0.083977
  0
VERTEX
  8
0
 10
192.103074
 20
622.764504
 42
0.067109
  0
VERTEX
  8
0
 10
192.000000
 20
622.000000
 42
-0.134481
  0
VERTEX
  8
0
 10
191.707995
 20
620.933960
 42
-0.186514
  0
VERTEX
  8
0
 10
190.937500
 20
620.326923
 42
-0.067313
  0
VERTEX
  8
0
 10
189.303549
 20
620.056399
 42
-0.007414
  0
VERTEX
  8
0
 10
185.500000
 20
620.000000
 42
0.000000
  0
VERTEX
  8
0
 10
179.000000
 20
620.000000
 42
0.000000
  0
VERTEX
  8
0
 10
179.000000
 20
623.933578
 42
-0.019206
  0
VERTEX
  8
0
 10
179.087278
 20
626.204884
 42
-0.123413
  0
VERTEX
  8
0
 10
179.448668
 20
627.286713
 42
-0.172057
  0
VERTEX
  8
0
 10
180.218691
 20
627.886846
 42
-0.046385
  0
VERTEX
  8
0
 10
181.750000
 20
628.243054
 42
-0.030205
  0
VERTEX
  8
0
 10
186.163886
 20
628.576748
 42
-0.009046
  0
VERTEX
  8
0
 10
192.911639
 20
628.556330
 42
-0.007171
  0
VERTEX
  8
0
 10
199.119498
 20
628.336104
 42
-0.815913
  0
SEQEND
  0
POLYLINE
  8
0
 66
1
 70
1
  0
VERTEX
  8
0
 10
231.996356
 20
624.250000
 42
0.000000
  0
VERTEX
  8
0
 10
232.000000
 20
620.000000
 42
0.000000
  0
VERTEX
  8
0
 10
240.000000
 20
620.000000
 42
-0.006994
  0
VERTEX
  8
0
 10
244.191484
 20
619.941370
 42
-0.039364
  0
VERTEX
  8
0
 10
246.416667
 20
619.703125
 42
-0.093584
  0
VERTEX
  8
0
 10
247.586019
 20
619.246922
 42
-0.258593
  0
VERTEX
  8
0
 10
248.000000
 20
618.500000
 42
-0.258593
  0
VERTEX
  8
0
 10
247.586019
 20
617.753078
 42
-0.093584
  0
VERTEX
  8
0
 10
246.416667
 20
617.296875
 42
-0.039364
  0
VERTEX
  8
0
 10
244.191484
 20
617.058630
 42
-0.006994
  0
VERTEX
  8
0
 10
240.000000
 20
617.000000
 42
-0.006994
  0
VERTEX
  8
0
 10
235.808516
 20
617.058630
 42
-0.039364
  0
VERTEX
  8
0
 10
233.583333
 20
617.296875
 42
-0.093584
  0
VERTEX
  8
0
 10
232.413981
 20
617.753078
 42
-0.258593
  0
VERTEX
  8
0
 10
232.000000
 20
618.500000
 42
0.176579
  0
VERTEX
  8
0
 10
231.750359
 20
619.184843
 42
0.128937
  0
VERTEX
  8
0
 10
231.083333
 20
619.656250
 42
0.069535
  0
VERTEX
  8
0
 10
229.888175
 20
619.923415
 42
0.020272
  0
VERTEX
  8
0
 10
228.000000
 20
620.000000
 42
0.000000
  0
VERTEX
  8
0
 10
224.000000
 20
620.000000
 42
0.000000
  0
VERTEX
  8
0
 10
224.000000
 20
624.122445
 42
0.011840
  0
VERTEX
  8
0
 10
223.951041
 20
626.189628
 42
0.084868
  0
VERTEX
  8
0
 10
223.737078
 20
627.161542
 42
0.313014
  0
VERTEX
  8
0
 10
223.332101
 20
627.425755
 42
0.167564
  0
VERTEX
  8
0
 10
222.747165
 20
627.205129
 42
-0.088474
  0
VERTEX
  8
0
 10
222.065629
 20
626.818306
 42
-0.111763
  0
VERTEX
  8
0
 10
221.347686
 20
626.733817
 42
-0.090296
  0
VERTEX
  8
0
 10
220.548917
 20
626.968324
 42
-0.041450
  0
VERTEX
  8
0
 10
219.619631
 20
627.536182
 42
-0.129469
  0
VERTEX
  8
0
 10
219.070469
 20
628.212623
 42
-0.475796
  0
VERTEX
  8
0
 10
219.283169
 20
628.637880
 42
-0.057906
  0
VERTEX
  8
0
 10
220.737597
 20
628.788418
 42
-0.004003
  0
VERTEX
  8
0
 10
224.868822
 20
628.703498
 42
0.000000
  0
VERTEX
  8
0
 10
231.992712
 20
628.500000
 42
0.000000
  0
SEQEND
  0
POLYLINE
  8
0
 66
1
 70
1
  0
VERTEX
  8
0
 10
239.729167
 20
628.395833
 42
-0.126455
  0
VERTEX
  8
0
 10
239.402231
 20
628.202593
 42
-0.060344
  0
VERTEX
  8
0
 10
238.916927
 20
628.123424
 42
-0.054150
  0
VERTEX
  8
0
 10
238.359369
 20
628.160852
 42
-0.051402
  0
VERTEX
  8
0
 10
237.812500
 20
628.316886
 42
-0.054073
  0
VERTEX
  8
0
 10
237.395823
 20
628.538436
 42
-0.470617
  0
VERTEX
  8
0
 10
237.378580
 20
628.720685
 42
-0.168741
  0
VERTEX
  8
0
 10
237.670344
 20
628.862007
 42
-0.018894
  0
VERTEX
  8
0
 10
238.416667
 20
628.921053
 42
-0.028489
  0
VERTEX
  8
0
 10
239.112848
 20
628.910055
 42
-0.077125
  0
VERTEX
  8
0
 10
239.592839
 20
628.799335
 42
-0.208169
  0
VERTEX
  8
0
 10
239.775380
 20
628.614691
 42
-0.296942
  0
SEQEND
  0
POLYLINE
  8
0
 66
1
 70
1
  0
VERTEX
  8
0
 10
279.269032
 20
628.344063
 42
-0.062780
  0
VERTEX
  8
0
 10
278.671085
 20
628.185595
 42
-0.030339
  0
VERTEX
  8
0
 10
277.880008
 20
628.127736
 42
-0.029507
  0
VERTEX
  8
0
 10
277.036634
 20
628.167106
 42
-0.037336
  0
VERTEX
  8
0
 10
276.269032
 20
628.307009
 42
-0.087174
  0
VERTEX
  8
0
 10
275.883358
 20
628.483340
 42
-0.597527
  0
VERTEX
  8
0
 10
275.900903
 20
628.643467
 42
-0.080377
  0
VERTEX
  8
0
 10
276.431793
 20
628.764444
 42
-0.012823
  0
VERTEX
  8
0
 10
277.500000
 20
628.805051
 42
-0.014395
  0
VERTEX
  8
0
 10
278.580113
 20
628.787295
 42
-0.052471
  0
VERTEX
  8
0
 10
279.257153
 20
628.684921
 42
-0.333666
  0
VERTEX
  8
0
 10
279.386009
 20
628.522870
 42
-0.313180
  0
SEQEND
  0
POLYLINE
  8
0
 66
1
 70
1
  0
VERTEX
  8
0
 10
287.478023
 20
627.144690
 42
0.198590
  0
VERTEX
  8
0
 10
287.370427
 20
626.885385
 42
0.073530
  0
VERTEX
  8
0
 10
287.428900
 20
626.486509
 42
0.058282
  0
VERTEX
  8
0
 10
287.631615
 20
626.018548
 42
0.041901
  0
VERTEX
  8
0
 10
287.957696
 20
625.550973
 42
-0.380591
  0
VERTEX
  8
0
 10
287.926973
 20
624.663459
 42
-0.226534
  0
VERTEX
  8
0
 10
286.867650
 20
624.260708
 42
-0.081961
  0
VERTEX
  8
0
 10
284.758090
 20
624.789910
 42
-0.094292
  0
VERTEX
  8
0
 10
283.044069
 20
625.955931
 42
-0.013007
  0
VERTEX
  8
0
 10
281.913974
 20
627.146403
 42
-0.379924
  0
VERTEX
  8
0
 10
281.911183
 20
627.533304
 42
-0.217399
  0
VERTEX
  8
0
 10
282.362803
 20
627.736998
 42
-0.005978
  0
VERTEX
  8
0
 10
284.571212
 20
627.700816
 42
-0.013233
  0
VERTEX
  8
0
 10
285.831768
 20
627.631666
 42
-0.026949
  0
VERTEX
  8
0
 10
286.814174
 20
627.498079
 42
-0.038285
  0
VERTEX
  8
0
 10
287.436533
 20
627.328803
 42
-0.550887
  0
SEQEND
  0
POLYLINE
  8
0
 66
1
 70
1
  0
VERTEX
  8
0
 10
111.725047
 20
623.000000
 42
-0.047832
  0
VERTEX
  8
0
 10
111.709424
 20
622.234443
 42
-0.071187
  0
VERTEX
  8
0
 10
111.538617
 20
621.587500
 42
-0.095590
  0
VERTEX
  8
0
 10
111.247531
 20
621.153569
 42
-0.199934
  0
VERTEX
  8
0
 10
110.878834
 20
621.000000
 42
-0.118367
  0
VERTEX
  8
0
 10
110.548585
 20
621.079292
 42
-0.186466
  0
VERTEX
  8
0
 10
110.356344
 20
621.293750
 42
-0.153810
  0
VERTEX
  8
0
 10
110.337896
 20
621.617603
 42
-0.076460
  0
VERTEX
  8
0
 10
110.500000
 20
622.000000
 42
0.082592
  0
VERTEX
  8
0
 10
110.656512
 20
622.382100
 42
0.161196
  0
VERTEX
  8
0
 10
110.625400
 20
622.706250
 42
0.182303
  0
VERTEX
  8
0
 10
110.413961
 20
622.921712
 42
0.108972
  0
VERTEX
  8
0
 10
110.059017
 20
623.000000
 42
-0.093332
  0
VERTEX
  8
0
 10
109.654762
 20
623.076123
 42
-0.096420
  0
VERTEX
  8
0
 10
109.311086
 20
623.293750
 42
-0.099167
  0
VERTEX
  8
0
 10
109.081062
 20
623.618444
 42
-0.105053
  0
VERTEX
  8
0
 10
109.000000
 20
624.000000
 42
-0.235512
  0
VERTEX
  8
0
 10
109.415281
 20
624.832754
 42
-0.254627
  0
VERTEX
  8
0
 10
110.306585
 20
624.964682
 42
-0.152085
  0
VERTEX
  8
0
 10
111.288993
 20
624.212309
 42
-0.135874
  0
SEQEND
  0
POLYLINE
  8
0
 66
1
 70
1
  0
VERTEX
  8
0
 10
160.000000
 20
621.785714
 42
-0.096709
  0
VERTEX
  8
0
 10
159.845256
 20
620.993144
 42
-0.139283
  0
VERTEX
  8
0
 10
159.408262
 20
620.432889
 42
-0.110723
  0
VERTEX
  8
0
 10
158.655426
 20
620.104748
 42
-0.047660
  0
VERTEX
  8
0
 10
157.559017
 20
620.000000
 42
0.037634
  0
VERTEX
  8
0
 10
156.579340
 20
619.926158
 42
0.041396
  0
VERTEX
  8
0
 10
155.653525
 20
619.706250
 42
0.045439
  0
VERTEX
  8
0
 10
154.906663
 20
619.384508
 42
0.130646
  0
VERTEX
  8
0
 10
154.500000
 20
619.000000
 42
-0.108004
  0
VERTEX
  8
0
 10
153.667572
 20
618.139380
 42
-0.275906
  0
VERTEX
  8
0
 10
152.834096
 20
618.098959
 42
-0.202874
  0
VERTEX
  8
0
 10
152.205624
 20
618.875303
 42
-0.070167
  0
VERTEX
  8
0
 10
152.000000
 20
620.333333
 42
-0.036055
  0
VERTEX
  8
0
 10
152.137589
 20
622.238874
 42
-0.202148
  0
VERTEX
  8
0
 10
152.654587
 20
623.095365
 42
-0.142726
  0
VERTEX
  8
0
 10
153.745924
 20
623.487880
 42
-0.015431
  0
VERTEX
  8
0
 10
156.452381
 20
623.571429
 42
-0.022885
  0
VERTEX
  8
0
 10
158.224346
 20
623.490283
 42
-0.093976
  0
VERTEX
  8
0
 10
159.253333
 20
623.195590
 42
-0.163200
  0
VERTEX
  8
0
 10
159.800295
 20
622.643708
 42
-0.114844
  0
SEQEND
  0
POLYLINE
  8
0
 66
1
 70
1
  0
VERTEX
  8
0
 10
107.666667
 20
621.500000
 42
-0.124058
  0
VERTEX
  8
0
 10
107.522507
 20
620.927927
 42
-0.100780
  0
VERTEX
  8
0
 10
107.116543
 20
620.440625
 42
-0.090632
  0
VERTEX
  8
0
 10
106.509302
 20
620.113169
 42
-0.078607
  0
VERTEX
  8
0
 10
105.793907
 20
620.000000
 42
-0.024681
  0
VERTEX
  8
0
 10
104.810074
 20
620.048594
 42
-0.280110
  0
VERTEX
  8
0
 10
104.511709
 20
620.273032
 42
-0.259293
  0
VERTEX
  8
0
 10
104.561041
 20
620.657054
 42
-0.021903
  0
VERTEX
  8
0
 10
105.210573
 20
621.461963
 42
-0.027590
  0
VERTEX
  8
0
 10
106.334018
 20
622.602295
 42
-0.182539
  0
VERTEX
  8
0
 10
107.064839
 20
622.891307
 42
-0.339110
  0
VERTEX
  8
0
 10
107.518876
 20
622.554387
 42
-0.069743
  0
SEQEND
  0
POLYLINE
  8
0
 66
1
 70
1
  0
VERTEX
  8
0
 10
103.000000
 20
619.000000
 42
-0.153634
  0
VERTEX
  8
0
 10
102.879982
 20
618.618621
 42
-0.097988
  0
VERTEX
  8
0
 10
102.542039
 20
618.293750
 42
-0.080552
  0
VERTEX
  8
0
 10
102.037096
 20
618.074545
 42
-0.062283
  0
VERTEX
  8
0
 10
101.440983
 20
618.000000
 42
-0.066118
  0
VERTEX
  8
0
 10
100.889346
 20
618.073267
 42
-0.138808
  0
VERTEX
  8
0
 10
100.521475
 20
618.293750
 42
-0.191142
  0
VERTEX
  8
0
 10
100.392057
 20
618.620352
 42
-0.139169
  0
VERTEX
  8
0
 10
100.500000
 20
619.000000
 42
-0.060810
  0
VERTEX
  8
0
 10
100.806203
 20
619.382515
 42
-0.051032
  0
VERTEX
  8
0
 10
101.212900
 20
619.706250
 42
-0.053229
  0
VERTEX
  8
0
 10
101.653442
 20
619.926698
 42
-0.089642
  0
VERTEX
  8
0
 10
102.059017
 20
620.000000
 42
-0.105429
  0
VERTEX
  8
0
 10
102.418051
 20
619.923444
 42
-0.099231
  0
VERTEX
  8
0
 10
102.723586
 20
619.706250
 42
-0.096318
  0
VERTEX
  8
0
 10
102.928382
 20
619.381732
 42
-0.092995
  0
SEQEND
  0
POLYLINE
  8
0
 66
1
 70
1
  0
VERTEX
  8
0
 10
216.000000
 20
617.500000
 42
-0.176579
  0
VERTEX
  8
0
 10
215.750359
 20
616.815157
 42
-0.128937
  0
VERTEX
  8
0
 10
215.083333
 20
616.343750
 42
-0.069535
  0
VERTEX
  8
0
 10
213.888175
 20
616.076585
 42
-0.020272
  0
VERTEX
  8
0
 10
212.000000
 20
616.000000
 42
-0.033819
  0
VERTEX
  8
0
 10
209.316386
 20
616.181722
 42
-0.198535
  0
VERTEX
  8
0
 10
208.120993
 20
616.877632
 42
-0.479524
  0
VERTEX
  8
0
 10
208.317298
 20
617.670727
 42
-0.060978
  0
VERTEX
  8
0
 10
210.250000
 20
618.294267
 42
-0.013520
  0
VERTEX
  8
0
 10
213.157653
 20
618.773170
 42
-0.068473
  0
VERTEX
  8
0
 10
214.797234
 20
618.772297
 42
-0.166213
  0
VERTEX
  8
0
 10
215.657829
 20
618.338734
 42
-0.196134
  0
SEQEND
  0
POLYLINE
  8
0
 66
1
 70
1
  0
VERTEX
  8
0
 10
99.500000
 20
616.000000
 42
-0.202618
  0
VERTEX
  8
0
 10
99.558599
 20
615.621877
 42
-0.181468
  0
VERTEX
  8
0
 10
99.331650
 20
615.293750
 42
-0.104212
  0
VERTEX
  8
0
 10
98.804599
 20
615.071541
 42
-0.047867
  0
VERTEX
  8
0
 10
98.059017
 20
615.000000
 42
-0.046600
  0
VERTEX
  8
0
 10
97.270941
 20
615.073608
 42
-0.066561
  0
VERTEX
  8
0
 10
96.604836
 20
615.293750
 42
-0.086673
  0
VERTEX
  8
0
 10
96.155423
 20
615.618015
 42
-0.195654
  0
VERTEX
  8
0
 10
96.000000
 20
616.000000
 42
-0.142666
  0
VERTEX
  8
0
 10
96.111069
 20
616.381340
 42
-0.099650
  0
VERTEX
  8
0
 10
96.423289
 20
616.706250
 42
-0.084330
  0
VERTEX
  8
0
 10
96.890182
 20
616.925146
 42
-0.067639
  0
VERTEX
  8
0
 10
97.440983
 20
617.000000
 42
-0.061875
  0
VERTEX
  8
0
 10
98.038022
 20
616.925833
 42
-0.051278
  0
VERTEX
  8
0
 10
98.640225
 20
616.706250
 42
-0.053305
  0
VERTEX
  8
0
 10
99.157656
 20
616.382836
 42
-0.088250
  0
SEQEND
  0
POLYLINE
  8
0
 66
1
 70
1
  0
VERTEX
  8
0
 10
152.000000
 20
613.617488
 42
-0.274300
  0
VERTEX
  8
0
 10
151.594398
 20
612.933777
 42
-0.057669
  0
VERTEX
  8
0
 10
150.251975
 20
612.390230
 42
-0.034281
  0
VERTEX
  8
0
 10
147.990684
 20
611.929547
 42
-0.009751
  0
VERTEX
  8
0
 10
144.425623
 20
611.525198
 42
-0.007912
  0
VERTEX
  8
0
 10
141.480185
 20
611.296137
 42
-0.011851
  0
VERTEX
  8
0
 10
138.902234
 20
611.197903
 42
-0.006875
  0
VERTEX
  8
0
 10
136.759452
 20
611.196543
 42
-0.195506
  0
VERTEX
  8
0
 10
136.258956
 20
611.407710
 42
-0.554659
  0
VERTEX
  8
0
 10
136.311763
 20
611.635884
 42
-0.041606
  0
VERTEX
  8
0
 10
137.064610
 20
611.826015
 42
-0.027682
  0
VERTEX
  8
0
 10
138.274901
 20
611.958293
 42
-0.013379
  0
VERTEX
  8
0
 10
139.833333
 20
612.000000
 42
0.018928
  0
VERTEX
  8
0
 10
141.816579
 20
612.075106
 42
0.067565
  0
VERTEX
  8
0
 10
143.055556
 20
612.340000
 42
0.128299
  0
VERTEX
  8
0
 10
143.742618
 20
612.810811
 42
0.180635
  0
VERTEX
  8
0
 10
144.000000
 20
613.500000
 42
-0.176579
  0
VERTEX
  8
0
 10
144.249641
 20
614.184843
 42
-0.128937
  0
VERTEX
  8
0
 10
144.916667
 20
614.656250
 42
-0.069535
  0
VERTEX
  8
0
 10
146.111825
 20
614.923415
 42
-0.020272
  0
VERTEX
  8
0
 10
148.000000
 20
615.000000
 42
-0.021375
  0
VERTEX
  8
0
 10
149.805446
 20
614.922781
 42
-0.061901
  0
VERTEX
  8
0
 10
151.026679
 20
614.663593
 42
-0.108434
  0
VERTEX
  8
0
 10
151.739960
 20
614.227455
 42
-0.204265
  0
SEQEND
  0
POLYLINE
  8
0
 66
1
 70
1
  0
VERTEX
  8
0
 10
224.000000
 20
613.000000
 42
0.056395
  0
VERTEX
  8
0
 10
224.086561
 20
612.234988
 42
0.075828
  0
VERTEX
  8
0
 10
224.342708
 20
611.587500
 42
0.095027
  0
VERTEX
  8
0
 10
224.721587
 20
611.153384
 42
0.167478
  0
VERTEX
  8
0
 10
225.166667
 20
611.000000
 42
-0.028795
  0
VERTEX
  8
0
 10
225.587564
 20
610.975740
 42
-0.082482
  0
VERTEX
  8
0
 10
225.868229
 20
610.895113
 42
-0.233193
  0
VERTEX
  8
0
 10
225.961844
 20
610.776528
 42
-0.274700
  0
VERTEX
  8
0
 10
225.916667
 20
610.642937
 42
-0.200580
  0
VERTEX
  8
0
 10
225.553266
 20
610.525484
 42
-0.002322
  0
VERTEX
  8
0
 10
222.978646
 20
610.752485
 42
-0.006626
  0
VERTEX
  8
0
 10
219.979842
 20
611.071058
 42
-0.004222
  0
VERTEX
  8
0
 10
216.500000
 20
611.517275
 42
-0.003486
  0
VERTEX
  8
0
 10
212.423338
 20
612.104039
 42
-0.032101
  0
VERTEX
  8
0
 10
210.678556
 20
612.483419
 42
-0.762805
  0
VERTEX
  8
0
 10
210.681110
 20
612.720281
 42
-0.056852
  0
VERTEX
  8
0
 10
211.750000
 20
612.874338
 42
0.022161
  0
VERTEX
  8
0
 10
213.378764
 20
612.994880
 42
0.035196
  0
VERTEX
  8
0
 10
214.751563
 20
613.256837
 42
0.039267
  0
VERTEX
  8
0
 10
215.742254
 20
613.604396
 42
0.297023
  0
VERTEX
  8
0
 10
216.000000
 20
614.000000
 42
-0.295869
  0
VERTEX
  8
0
 10
216.251055
 20
614.387127
 42
-0.043820
  0
VERTEX
  8
0
 10
217.175000
 20
614.706250
 42
-0.037669
  0
VERTEX
  8
0
 10
218.467056
 20
614.927610
 42
-0.023598
  0
VERTEX
  8
0
 10
220.000000
 20
615.000000
 42
-0.017388
  0
VERTEX
  8
0
 10
222.150836
 20
614.925179
 42
-0.098846
  0
VERTEX
  8
0
 10
223.250000
 20
614.625000
 42
-0.184152
  0
VERTEX
  8
0
 10
223.804216
 20
614.021586
 42
-0.094959
  0
SEQEND
  0
POLYLINE
  8
0
 66
1
 70
1
  0
VERTEX
  8
0
 10
162.729167
 20
611.395833
 42
-0.126455
  0
VERTEX
  8
0
 10
162.402231
 20
611.202593
 42
-0.060344
  0
VERTEX
  8
0
 10
161.916927
 20
611.123424
 42
-0.054150
  0
VERTEX
  8
0
 10
161.359369
 20
611.160852
 42
-0.051402
  0
VERTEX
  8
0
 10
160.812500
 20
611.316886
 42
-0.054073
  0
VERTEX
  8
0
 10
160.395823
 20
611.538436
 42
-0.470617
  0
VERTEX
  8
0
 10
160.378580
 20
611.720685
 42
-0.168741
  0
VERTEX
  8
0
 10
160.670344
 20
611.862007
 42
-0.018894
  0
VERTEX
  8
0
 10
161.416667
 20
611.921053
 42
-0.028489
  0
VERTEX
  8
0
 10
162.112848
 20
611.910055
 42
-0.077125
  0
VERTEX
  8
0
 10
162.592839
 20
611.799335
 42
-0.208169
  0
VERTEX
  8
0
 10
162.775380
 20
611.614691
 42
-0.296942
  0
SEQEND
  0
POLYLINE
  8
0
 66
1
 70
1
  0
VERTEX
  8
0
 10
130.729167
 20
610.395833
 42
-0.126455
  0
VERTEX
  8
0
 10
130.402231
 20
610.202593
 42
-0.060344
  0
VERTEX
  8
0
 10
129.916927
 20
610.123424
 42
-0.054150
  0
VERTEX
  8
0
 10
129.359369
 20
610.160852
 42
-0.051402
  0
VERTEX
  8
0
 10
128.812500
 20
610.316886
 42
-0.054073
  0
VERTEX
  8
0
 10
128.395823
 20
610.538436
 42
-0.470617
  0
VERTEX
  8
0
 10
128.378580
 20
610.720685
 42
-0.168741
  0
VERTEX
  8
0
 10
128.670344
 20
610.862007
 42
-0.018894
  0
VERTEX
  8
0
 10
129.416667
 20
610.921053
 42
-0.028489
  0
VERTEX
  8
0
 10
130.112848
 20
610.910055
 42
-0.077125
  0
VERTEX
  8
0
 10
130.592839
 20
610.799335
 42
-0.208169
  0
VERTEX
  8
0
 10
130.775380
 20
610.614691
 42
-0.296942
  0
SEQEND
  0
POLYLINE
  8
0
 66
1
 70
1
  0
VERTEX
  8
0
 10
183.916667
 20
609.358459
 42
-0.681424
  0
VERTEX
  8
0
 10
183.867686
 20
609.218186
 42
-0.003130
  0
VERTEX
  8
0
 10
181.738542
 20
609.149417
 42
-0.007053
  0
VERTEX
  8
0
 10
179.115991
 20
609.118153
 42
-0.003914
  0
VERTEX
  8
0
 10
175.916667
 20
609.150194
 42
-0.001822
  0
VERTEX
  8
0
 10
171.276820
 20
609.249905
 42
-0.043908
  0
VERTEX
  8
0
 10
169.988360
 20
609.395981
 42
-0.818550
  0
VERTEX
  8
0
 10
169.988721
 20
609.601737
 42
-0.013619
  0
VERTEX
  8
0
 10
172.000000
 20
609.946792
 42
-0.028504
  0
VERTEX
  8
0
 10
175.337819
 20
610.233466
 42
-0.019506
  0
VERTEX
  8
0
 10
179.142726
 20
610.194184
 42
-0.014555
  0
VERTEX
  8
0
 10
182.618918
 20
609.920953
 42
-0.151876
  0
SEQEND
  0
POLYLINE
  8
0
 66
1
 70
1
  0
VERTEX
  8
0
 10
216.000000
 20
609.995592
 42
-0.420016
  0
VERTEX
  8
0
 10
215.351973
 20
609.360252
 42
-0.001780
  0
VERTEX
  8
0
 10
204.453376
 20
609.614560
 42
-0.002720
  0
VERTEX
  8
0
 10
193.805793
 20
609.958914
 42
-0.170727
  0
VERTEX
  8
0
 10
192.083333
 20
610.638839
 42
-0.680773
  0
VERTEX
  8
0
 10
192.134895
 20
610.785173
 42
-0.001472
  0
VERTEX
  8
0
 10
195.363021
 20
610.893909
 42
-0.004896
  0
VERTEX
  8
0
 10
199.196195
 20
610.974167
 42
-0.002785
  0
VERTEX
  8
0
 10
203.833333
 20
611.000000
 42
-0.006338
  0
VERTEX
  8
0
 10
208.890966
 20
610.935884
 42
-0.014255
  0
VERTEX
  8
0
 10
212.721683
 20
610.729361
 42
-0.009464
  0
VERTEX
  8
0
 10
215.609762
 20
610.435809
 42
-0.379424
  0
SEQEND
  0
POLYLINE
  8
0
 66
1
 70
1
  0
VERTEX
  8
0
 10
243.161878
 20
609.936239
 42
-0.044223
  0
VERTEX
  8
0
 10
242.069238
 20
609.606896
 42
-0.053204
  0
VERTEX
  8
0
 10
241.002006
 20
609.501904
 42
-0.057782
  0
VERTEX
  8
0
 10
240.015657
 20
609.624522
 42
-0.072426
  0
VERTEX
  8
0
 10
239.161878
 20
609.969217
 42
-0.089770
  0
VERTEX
  8
0
 10
238.633583
 20
610.420897
 42
-0.506083
  0
VERTEX
  8
0
 10
238.711960
 20
610.724496
 42
-0.089081
  0
VERTEX
  8
0
 10
239.508145
 20
610.888757
 42
-0.008502
  0
VERTEX
  8
0
 10
241.500000
 20
610.906205
 42
-0.003692
  0
VERTEX
  8
0
 10
243.874641
 20
610.869092
 42
-0.127002
  0
VERTEX
  8
0
 10
244.409759
 20
610.717726
 42
-0.602570
  0
VERTEX
  8
0
 10
244.399654
 20
610.478043
 42
-0.015726
  0
SEQEND
  0
POLYLINE
  8
0
 66
1
 70
1
  0
VERTEX
  8
0
 10
167.793482
 20
607.484345
 42
-0.682454
  0
VERTEX
  8
0
 10
167.760243
 20
607.379947
 42
-0.000405
  0
VERTEX
  8
0
 10
163.417633
 20
607.101479
 42
-0.002589
  0
VERTEX
  8
0
 10
158.447531
 20
606.812648
 42
-0.001510
  0
VERTEX
  8
0
 10
152.484848
 20
606.515152
 42
-0.003807
  0
VERTEX
  8
0
 10
146.460404
 20
606.278758
 42
-0.006002
  0
VERTEX
  8
0
 10
141.287244
 20
606.177339
 42
-0.001933
  0
VERTEX
  8
0
 10
136.832898
 20
606.160711
 42
-0.198878
  0
VERTEX
  8
0
 10
136.274699
 20
606.391967
 42
-0.621011
  0
VERTEX
  8
0
 10
136.358257
 20
606.639090
 42
-0.009124
  0
VERTEX
  8
0
 10
138.317672
 20
606.865510
 42
-0.012833
  0
VERTEX
  8
0
 10
140.896873
 20
607.049288
 42
-0.006907
  0
VERTEX
  8
0
 10
144.083333
 20
607.150194
 42
0.001621
  0
VERTEX
  8
0
 10
148.952117
 20
607.252866
 42
0.047926
  0
VERTEX
  8
0
 10
150.177892
 20
607.400799
 42
0.809851
  0
VERTEX
  8
0
 10
150.176500
 20
607.614133
 42
0.011656
  0
VERTEX
  8
0
 10
148.000000
 20
608.009119
 42
-0.627855
  0
VERTEX
  8
0
 10
147.942541
 20
608.199384
 42
-0.180591
  0
VERTEX
  8
0
 10
148.346875
 20
608.363442
 42
-0.013513
  0
VERTEX
  8
0
 10
151.155166
 20
608.366525
 42
-0.003883
  0
VERTEX
  8
0
 10
155.500000
 20
608.220086
 42
-0.001758
  0
VERTEX
  8
0
 10
160.121473
 20
608.012109
 42
-0.002822
  0
VERTEX
  8
0
 10
164.061210
 20
607.798634
 42
-0.000536
  0
VERTEX
  8
0
 10
167.529185
 20
607.587351
 42
-0.156103
  0
SEQEND
  0
POLYLINE
  8
0
 66
1
 70
1
  0
VERTEX
  8
0
 10
200.000000
 20
607.357544
 42
-0.183996
  0
VERTEX
  8
0
 10
199.691379
 20
606.547271
 42
-0.172089
  0
VERTEX
  8
0
 10
198.912195
 20
606.119458
 42
-0.058897
  0
VERTEX
  8
0
 10
197.304287
 20
606.049278
 42
-0.007526
  0
VERTEX
  8
0
 10
193.853309
 20
606.357544
 42
0.005744
  0
VERTEX
  8
0
 10
191.058012
 20
606.617286
 42
0.003404
  0
VERTEX
  8
0
 10
187.719361
 20
606.866005
 42
0.003406
  0
VERTEX
  8
0
 10
184.384658
 20
607.068801
 42
0.005853
  0
VERTEX
  8
0
 10
181.603309
 20
607.186303
 42
-0.001345
  0
VERTEX
  8
0
 10
177.683189
 20
607.316522
 42
-0.833099
  0
VERTEX
  8
0
 10
177.665362
 20
607.438011
 42
-0.063006
  0
VERTEX
  8
0
 10
178.347353
 20
607.577289
 42
-0.000482
  0
VERTEX
  8
0
 10
184.000000
 20
608.000000
 42
-0.001586
  0
VERTEX
  8
0
 10
194.437668
 20
608.737128
 42
-0.026873
  0
VERTEX
  8
0
 10
197.886059
 20
608.784030
 42
-0.117961
  0
VERTEX
  8
0
 10
199.416511
 20
608.352268
 42
-0.271649
  0
SEQEND
  0
POLYLINE
  8
0
 66
1
 70
1
  0
VERTEX
  8
0
 10
134.500000
 20
606.500738
 42
-0.849474
  0
VERTEX
  8
0
 10
134.425254
 20
606.059654
 42
-0.001498
  0
VERTEX
  8
0
 10
120.076275
 20
606.180778
 42
-0.002870
  0
VERTEX
  8
0
 10
106.194044
 20
606.419248
 42
-0.029759
  0
VERTEX
  8
0
 10
100.500000
 20
606.889596
 42
-0.870013
  0
VERTEX
  8
0
 10
100.500714
 20
607.118618
 42
-0.027961
  0
VERTEX
  8
0
 10
102.550000
 20
607.282446
 42
-0.007983
  0
VERTEX
  8
0
 10
107.522667
 20
607.321729
 42
-0.002985
  0
VERTEX
  8
0
 10
114.500000
 20
607.223781
 42
-0.001586
  0
VERTEX
  8
0
 10
121.854458
 20
607.053273
 42
-0.002446
  0
VERTEX
  8
0
 10
128.212500
 20
606.854555
 42
-0.000777
  0
VERTEX
  8
0
 10
133.717594
 20
606.646967
 42
-0.072889
  0
SEQEND
  0
POLYLINE
  8
0
 66
1
 70
1
  0
VERTEX
  8
0
 10
214.250000
 20
607.294267
 42
-0.029693
  0
VERTEX
  8
0
 10
213.225293
 20
607.159351
 42
-0.017887
  0
VERTEX
  8
0
 10
212.000000
 20
607.115502
 42
-0.017887
  0
VERTEX
  8
0
 10
210.774707
 20
607.159351
 42
-0.029693
  0
VERTEX
  8
0
 10
209.750000
 20
607.294267
 42
-0.142433
  0
VERTEX
  8
0
 10
209.439977
 20
607.453014
 42
-0.611425
  0
VERTEX
  8
0
 10
209.482812
 20
607.600334
 42
-0.039503
  0
VERTEX
  8
0
 10
210.388510
 20
607.701569
 42
-0.008087
  0
VERTEX
  8
0
 10
212.000000
 20
607.727636
 42
-0.008087
  0
VERTEX
  8
0
 10
213.611490
 20
607.701569
 42
-0.039503
  0
VERTEX
  8
0
 10
214.517188
 20
607.600334
 42
-0.611425
  0
VERTEX
  8
0
 10
214.560023
 20
607.453014
 42
-0.142433
  0
SEQEND
  0
POLYLINE
  8
0
 66
1
 70
1
  0
VERTEX
  8
0
 10
229.761659
 20
607.312920
 42
-0.041951
  0
VERTEX
  8
0
 10
228.934218
 20
607.169017
 42
-0.020826
  0
VERTEX
  8
0
 10
227.869594
 20
607.119272
 42
-0.020511
  0
VERTEX
  8
0
 10
226.754739
 20
607.159391
 42
-0.028254
  0
VERTEX
  8
0
 10
225.761659
 20
607.292739
 42
-0.082665
  0
VERTEX
  8
0
 10
225.319562
 20
607.456590
 42
-0.671610
  0
VERTEX
  8
0
 10
225.339362
 20
607.605813
 42
-0.053901
  0
VERTEX
  8
0
 10
226.071102
 20
607.715166
 42
-0.008901
  0
VERTEX
  8
0
 10
227.500000
 20
607.747817
 42
-0.009782
  0
VERTEX
  8
0
 10
228.938425
 20
607.726931
 42
-0.038992
  0
VERTEX
  8
0
 10
229.814362
 20
607.628390
 42
-0.417468
  0
VERTEX
  8
0
 10
229.916221
 20
607.476221
 42
-0.285845
  0
SEQEND
  0
POLYLINE
  8
0
 66
1
 70
1
  0
VERTEX
  8
0
 10
241.767909
 20
607.285474
 42
-0.024559
  0
VERTEX
  8
0
 10
240.487453
 20
607.154945
 42
-0.012695
  0
VERTEX
  8
0
 10
238.878422
 20
607.111345
 42
-0.012590
  0
VERTEX
  8
0
 10
237.218327
 20
607.150328
 42
-0.018638
  0
VERTEX
  8
0
 10
235.767909
 20
607.275269
 42
-0.069146
  0
VERTEX
  8
0
 10
235.205163
 20
607.425738
 42
-0.756877
  0
VERTEX
  8
0
 10
235.222448
 20
607.564056
 42
-0.031761
  0
VERTEX
  8
0
 10
236.352754
 20
607.662864
 42
-0.005499
  0
VERTEX
  8
0
 10
238.500000
 20
607.690131
 42
-0.005888
  0
VERTEX
  8
0
 10
240.655786
 20
607.668409
 42
-0.025342
  0
VERTEX
  8
0
 10
241.934948
 20
607.575472
 42
-0.556092
  0
VERTEX
  8
0
 10
242.000181
 20
607.434198
 42
-0.212532
  0
SEQEND
  0
POLYLINE
  8
0
 66
1
 70
1
  0
VERTEX
  8
0
 10
70.000000
 20
609.007516
 42
-0.066611
  0
VERTEX
  8
0
 10
69.297409
 20
608.679178
 42
-0.044138
  0
VERTEX
  8
0
 10
68.426563
 20
608.488167
 42
-0.043952
  0
VERTEX
  8
0
 10
67.530099
 20
608.452420
 42
-0.063507
  0
VERTEX
  8
0
 10
66.750000
 20
608.590216
 42
0.051629
  0
VERTEX
  8
0
 10
66.079850
 20
608.725025
 42
0.088839
  0
VERTEX
  8
0
 10
65.514062
 20
608.678602
 42
0.131047
  0
VERTEX
  8
0
 10
65.141432
 20
608.465403
 42
0.200239
  0
VERTEX
  8
0
 10
65.000000
 20
608.126405
 42
0.176575
  0
VERTEX
  8
0
 10
65.403143
 20
607.020437
 42
0.213775
  0
VERTEX
  8
0
 10
66.388433
 20
606.543891
 42
0.108870
  0
VERTEX
  8
0
 10
68.013498
 20
606.852391
 42
0.035769
  0
VERTEX
  8
0
 10
70.189882
 20
607.974400
 42
0.012313
  0
VERTEX
  8
0
 10
71.393867
 20
608.749747
 42
0.029616
  0
VERTEX
  8
0
 10
72.233903
 20
609.396300
 42
0.071324
  0
VERTEX
  8
0
 10
72.593555
 20
609.812030
 42
0.597109
  0
VERTEX
  8
0
 10
72.500000
 20
609.980949
 42
0.065758
  0
VERTEX
  8
0
 10
72.012702
 20
609.910835
 42
0.024275
  0
VERTEX
  8
0
 10
71.353125
 20
609.690228
 42
0.023563
  0
VERTEX
  8
0
 10
70.647701
 20
609.376534
 42
0.026167
  0
SEQEND
  0
POLYLINE
  8
0
 66
1
 70
1
  0
VERTEX
  8
0
 10
257.000000
 20
608.500000
 42
0.064853
  0
VERTEX
  8
0
 10
257.074694
 20
607.926543
 42
0.082425
  0
VERTEX
  8
0
 10
257.293750
 20
607.440625
 42
0.098894
  0
VERTEX
  8
0
 10
257.618646
 20
607.115568
 42
0.148195
  0
VERTEX
  8
0
 10
258.000000
 20
607.000000
 42
0.148195
  0
VERTEX
  8
0
 10
258.381354
 20
607.115568
 42
0.098894
  0
VERTEX
  8
0
 10
258.706250
 20
607.440625
 42
0.082425
  0
VERTEX
  8
0
 10
258.925306
 20
607.926543
 42
0.064853
  0
VERTEX
  8
0
 10
259.000000
 20
608.500000
 42
0.064853
  0
VERTEX
  8
0
 10
258.925306
 20
609.073457
 42
0.082425
  0
VERTEX
  8
0
 10
258.706250
 20
609.559375
 42
0.098894
  0
VERTEX
  8
0
 10
258.381354
 20
609.884432
 42
0.148195
  0
VERTEX
  8
0
 10
258.000000
 20
610.000000
 42
0.148195
  0
VERTEX
  8
0
 10
257.618646
 20
609.884432
 42
0.098894
  0
VERTEX
  8
0
 10
257.293750
 20
609.559375
 42
0.082425
  0
VERTEX
  8
0
 10
257.074694
 20
609.073457
 42
0.064853
  0
SEQEND
  0
POLYLINE
  8
0
 66
1
 70
1
  0
VERTEX
  8
0
 10
75.750000
 20
605.337719
 42
0.057986
  0
VERTEX
  8
0
 10
76.320008
 20
605.181385
 42
0.037979
  0
VERTEX
  8
0
 10
77.000000
 20
605.129660
 42
0.037979
  0
VERTEX
  8
0
 10
77.679992
 20
605.181385
 42
0.057986
  0
VERTEX
  8
0
 10
78.250000
 20
605.337719
 42
0.174857
  0
VERTEX
  8
0
 10
78.459382
 20
605.525001
 42
0.447206
  0
VERTEX
  8
0
 10
78.398438
 20
605.693942
 42
0.078554
  0
VERTEX
  8
0
 10
77.891440
 20
605.810911
 42
0.017491
  0
VERTEX
  8
0
 10
77.000000
 20
605.842105
 42
0.017491
  0
VERTEX
  8
0
 10
76.108560
 20
605.810911
 42
0.078554
  0
VERTEX
  8
0
 10
75.601562
 20
605.693942
 42
0.447206
  0
VERTEX
  8
0
 10
75.540618
 20
605.525001
 42
0.174857
  0
SEQEND
  0
POLYLINE
  8
0
 66
1
 70
1
  0
VERTEX
  8
0
 10
279.000000
 20
581.233333
 42
0.005880
  0
VERTEX
  8
0
 10
275.251997
 20
581.083998
 42
0.007821
  0
VERTEX
  8
0
 10
271.850000
 20
580.854954
 42
0.005770
  0
VERTEX
  8
0
 10
269.018090
 20
580.586804
 42
0.075457
  0
VERTEX
  8
0
 10
268.000000
 20
580.319700
 42
-0.005540
  0
VERTEX
  8
0
 10
267.370707
 20
580.056509
 42
-0.005151
  0
VERTEX
  8
0
 10
266.720313
 20
579.800691
 42
-0.005141
  0
VERTEX
  8
0
 10
266.137360
 20
579.585144
 42
-0.017297
  0
VERTEX
  8
0
 10
265.750000
 20
579.461367
 42
-0.067232
  0
VERTEX
  8
0
 10
265.131676
 20
579.373957
 42
-0.000050
  0
VERTEX
  8
0
 10
248.898007
 20
579.275370
 42
-0.000577
  0
VERTEX
  8
0
 10
230.792515
 20
579.188139
 42
-0.000353
  0
VERTEX
  8
0
 10
209.434705
 20
579.125000
 42
0.000000
  0
VERTEX
  8
0
 10
153.869410
 20
579.000000
 42
0.000000
  0
VERTEX
  8
0
 10
154.007872
 20
571.750000
 42
-0.003618
  0
VERTEX
  8
0
 10
154.057555
 20
567.561129
 42
-0.000630
  0
VERTEX
  8
0
 10
154.084168
 20
559.653125
 42
-0.000684
  0
VERTEX
  8
0
 10
154.091020
 20
550.374391
 42
-0.000613
  0
VERTEX
  8
0
 10
154.073167
 20
540.750000
 42
-0.001803
  0
VERTEX
  8
0
 10
153.984158
 20
527.437679
 42
-0.013964
  0
VERTEX
  8
0
 10
153.746443
 20
521.220528
 42
-0.023490
  0
VERTEX
  8
0
 10
153.349135
 20
517.723027
 42
-0.368067
  0
VERTEX
  8
0
 10
152.500000
 20
517.000000
 42
-0.358821
  0
VERTEX
  8
0
 10
151.666708
 20
517.686378
 42
-0.029936
  0
VERTEX
  8
0
 10
151.268293
 20
520.666667
 42
-0.016140
  0
VERTEX
  8
0
 10
151.048580
 20
526.053506
 42
-0.002122
  0
VERTEX
  8
0
 10
151.000000
 20
537.500000
 42
0.000000
  0
VERTEX
  8
0
 10
151.000000
 20
558.000000
 42
0.000000
  0
VERTEX
  8
0
 10
125.000000
 20
558.000000
 42
0.000000
  0
VERTEX
  8
0
 10
99.000000
 20
558.000000
 42
0.000000
  0
VERTEX
  8
0
 10
98.805556
 20
540.500000
 42
-0.000102
  0
VERTEX
  8
0
 10
98.727031
 20
533.560604
 42
-0.000132
  0
VERTEX
  8
0
 10
98.651910
 20
527.185938
 42
-0.000100
  0
VERTEX
  8
0
 10
98.586454
 20
521.841858
 42
-0.001161
  0
VERTEX
  8
0
 10
98.555556
 20
519.750000
 42
0.000000
  0
VERTEX
  8
0
 10
98.500000
 20
516.500000
 42
0.000000
  0
VERTEX
  8
0
 10
123.242281
 20
516.829148
 42
-0.001911
  0
VERTEX
  8
0
 10
136.920574
 20
516.958826
 42
-0.012606
  0
VERTEX
  8
0
 10
143.762067
 20
516.825039
 42
-0.020879
  0
VERTEX
  8
0
 10
147.822205
 20
516.472896
 42
-0.165777
  0
VERTEX
  8
0
 10
149.489408
 20
515.653449
 42
-0.124224
  0
VERTEX
  8
0
 10
150.403414
 20
514.122468
 42
-0.192584
  0
VERTEX
  8
0
 10
150.267647
 20
512.609167
 42
-0.113055
  0
VERTEX
  8
0
 10
148.938411
 20
511.015384
 42
-0.031294
  0
VERTEX
  8
0
 10
146.209571
 20
509.196422
 42
0.012022
  0
VERTEX
  8
0
 10
144.856504
 20
508.367945
 42
0.028341
  0
VERTEX
  8
0
 10
143.900730
 20
507.670897
 42
0.063772
  0
VERTEX
  8
0
 10
143.466014
 20
507.210426
 42
0.605690
  0
VERTEX
  8
0
 10
143.558870
 20
507.022971
 42
0.091854
  0
VERTEX
  8
0
 10
144.094772
 20
507.110281
 42
0.026065
  0
VERTEX
  8
0
 10
144.876904
 20
507.438030
 42
0.025319
  0
VERTEX
  8
0
 10
145.737974
 20
507.907946
 42
0.024347
  0
VERTEX
  8
0
 10
146.558870
 20
508.468197
 42
-0.041695
  0
VERTEX
  8
0
 10
148.695467
 20
509.820324
 42
-0.273006
  0
VERTEX
  8
0
 10
149.912045
 20
509.756827
 42
-0.228650
  0
VERTEX
  8
0
 10
150.591810
 20
508.612599
 42
-0.031116
  0
VERTEX
  8
0
 10
150.661310
 20
505.750000
 42
-0.015159
  0
VERTEX
  8
0
 10
150.492717
 20
503.283719
 42
-0.115734
  0
VERTEX
  8
0
 10
150.119684
 20
502.191131
 42
-0.196256
  0
VERTEX
  8
0
 10
149.388083
 20
501.664676
 42
-0.059111
  0
VERTEX
  8
0
 10
148.000000
 20
501.500000
 42
0.061133
  0
VERTEX
  8
0
 10
146.946885
 20
501.370758
 42
0.046703
  0
VERTEX
  8
0
 10
145.850531
 20
500.985937
 42
0.047757
  0
VERTEX
  8
0
 10
144.876643
 20
500.420090
 42
0.077059
  0
VERTEX
  8
0
 10
144.193296
 20
499.750000
 42
-0.052772
  0
VERTEX
  8
0
 10
142.945764
 20
498.402310
 42
-0.205597
  0
VERTEX
  8
0
 10
141.888475
 20
498.060149
 42
-0.367645
  0
VERTEX
  8
0
 10
141.335527
 20
498.626273
 42
-0.094364
  0
VERTEX
  8
0
 10
141.500000
 20
500.000000
 42
0.066277
  0
VERTEX
  8
0
 10
141.739230
 20
501.353276
 42
0.385423
  0
VERTEX
  8
0
 10
141.314929
 20
501.864089
 42
0.150699
  0
VERTEX
  8
0
 10
140.253503
 20
501.695791
 42
0.015731
  0
VERTEX
  8
0
 10
138.000000
 20
500.500000
 42
-0.029228
  0
VERTEX
  8
0
 10
135.461295
 20
499.239436
 42
-0.217277
  0
VERTEX
  8
0
 10
134.147039
 20
499.272915
 42
-0.244222
  0
VERTEX
  8
0
 10
133.406143
 20
500.271434
 42
-0.036389
  0
VERTEX
  8
0
 10
133.182674
 20
502.847098
 42
-0.038873
  0
VERTEX
  8
0
 10
133.334637
 20
505.221779
 42
-0.146691
  0
VERTEX
  8
0
 10
133.953045
 20
506.559874
 42
-0.090621
  0
VERTEX
  8
0
 10
135.373599
 20
507.675696
 42
-0.009805
  0
VERTEX
  8
0
 10
139.117088
 20
509.555963
 42
-0.014287
  0
VERTEX
  8
0
 10
141.570577
 20
510.643645
 42
-0.016016
  0
VERTEX
  8
0
 10
143.991341
 20
511.545671
 42
-0.015447
  0
VERTEX
  8
0
 10
146.089368
 20
512.180352
 42
-0.078031
  0
VERTEX
  8
0
 10
147.302298
 20
512.310785
 42
0.015630
  0
VERTEX
  8
0
 10
148.084547
 20
512.297198
 42
0.091901
  0
VERTEX
  8
0
 10
148.485407
 20
512.377280
 42
0.543877
  0
VERTEX
  8
0
 10
148.512624
 20
512.515759
 42
0.100640
  0
VERTEX
  8
0
 10
148.243769
 20
512.687330
 42
-0.079385
  0
VERTEX
  8
0
 10
147.806573
 20
512.941052
 42
-0.107282
  0
VERTEX
  8
0
 10
147.522598
 20
513.297456
 42
-0.123911
  0
VERTEX
  8
0
 10
147.435929
 20
513.699230
 42
-0.130602
  0
VERTEX
  8
0
 10
147.552786
 20
514.085410
 42
0.086079
  0
VERTEX
  8
0
 10
147.693051
 20
514.434719
 42
0.164932
  0
VERTEX
  8
0
 10
147.658243
 20
514.731339
 42
0.179687
  0
VERTEX
  8
0
 10
147.455135
 20
514.928871
 42
0.104352
  0
VERTEX
  8
0
 10
147.118034
 20
515.000000
 42
0.085235
  0
VERTEX
  8
0
 10
146.689814
 20
514.926467
 42
0.053414
  0
VERTEX
  8
0
 10
146.230237
 20
514.706250
 42
0.051777
  0
VERTEX
  8
0
 10
145.810561
 20
514.382526
 42
0.064269
  0
VERTEX
  8
0
 10
145.500000
 20
514.000000
 42
-0.244441
  0
VERTEX
  8
0
 10
144.744714
 20
513.549575
 42
-0.002513
  0
VERTEX
  8
0
 10
138.379479
 20
513.210401
 42
-0.006702
  0
VERTEX
  8
0
 10
130.467651
 20
512.934915
 42
-0.003112
  0
VERTEX
  8
0
 10
120.190983
 20
512.778929
 42
0.000000
  0
VERTEX
  8
0
 10
95.500000
 20
512.557858
 42
0.000000
  0
VERTEX
  8
0
 10
117.799287
 20
512.028929
 42
0.000000
  0
VERTEX
  8
0
 10
140.098574
 20
511.500000
 42
0.000000
  0
VERTEX
  8
0
 10
129.575080
 20
506.268806
 42
-0.007111
  0
VERTEX
  8
0
 10
125.312032
 20
504.224748
 42
-0.008300
  0
VERTEX
  8
0
 10
121.205319
 20
502.409104
 42
-0.007477
  0
VERTEX
  8
0
 10
117.691332
 20
500.986279
 42
-0.048886
  0
VERTEX
  8
0
 10
115.859949
 20
500.475327
 42
0.010183
  0
VERTEX
  8
0
 10
114.576860
 20
500.222237
 42
0.011621
  0
VERTEX
  8
0
 10
113.360823
 20
499.926773
 42
0.010833
  0
VERTEX
  8
0
 10
112.343539
 20
499.630654
 42
0.062242
  0
VERTEX
  8
0
 10
111.834156
 20
499.397503
 42
-0.121908
  0
VERTEX
  8
0
 10
111.516927
 20
499.295551
 42
-0.187671
  0
VERTEX
  8
0
 10
111.245033
 20
499.380459
 42
-0.151117
  0
VERTEX
  8
0
 10
111.061913
 20
499.649789
 42
-0.074425
  0
VERTEX
  8
0
 10
111.000000
 20
500.063428
 42
0.088789
  0
VERTEX
  8
0
 10
110.913403
 20
500.547239
 42
0.325525
  0
VERTEX
  8
0
 10
110.669175
 20
500.709758
 42
0.142917
  0
VERTEX
  8
0
 10
110.240932
 20
500.564903
 42
0.020663
  0
VERTEX
  8
0
 10
109.500000
 20
500.000000
 42
-0.048770
  0
VERTEX
  8
0
 10
108.714062
 20
499.467762
 42
-0.113888
  0
VERTEX
  8
0
 10
108.033623
 20
499.278713
 42
-0.122938
  0
VERTEX
  8
0
 10
107.372828
 20
499.412970
 42
-0.061986
  0
VERTEX
  8
0
 10
106.651792
 20
499.874024
 42
0.087016
  0
VERTEX
  8
0
 10
105.905268
 20
500.300592
 42
0.155440
  0
VERTEX
  8
0
 10
105.205499
 20
500.326581
 42
0.109669
  0
VERTEX
  8
0
 10
104.449753
 20
499.923711
 42
0.031763
  0
VERTEX
  8
0
 10
103.496804
 20
498.996469
 42
-0.036097
  0
VERTEX
  8
0
 10
101.920105
 20
497.488653
 42
-0.174749
  0
VERTEX
  8
0
 10
100.772588
 20
497.076393
 42
-0.381085
  0
VERTEX
  8
0
 10
100.189664
 20
497.597317
 42
-0.092536
  0
VERTEX
  8
0
 10
100.289749
 20
499.000000
 42
0.029698
  0
VERTEX
  8
0
 10
100.442308
 20
499.766768
 42
0.052124
  0
VERTEX
  8
0
 10
100.463537
 20
500.412500
 42
0.076412
  0
VERTEX
  8
0
 10
100.363300
 20
500.852851
 42
0.307817
  0
VERTEX
  8
0
 10
100.146927
 20
501.000000
 42
0.174106
  0
VERTEX
  8
0
 10
99.813634
 20
500.880315
 42
0.029417
  0
VERTEX
  8
0
 10
99.309782
 20
500.412500
 42
0.029121
  0
VERTEX
  8
0
 10
98.759071
 20
499.765826
 42
0.022242
  0
VERTEX
  8
0
 10
98.232073
 20
499.000000
 42
-0.111185
  0
VERTEX
  8
0
 10
96.808761
 20
497.560393
 42
-0.148579
  0
VERTEX
  8
0
 10
95.050187
 20
497.064915
 42
-0.167316
  0
VERTEX
  8
0
 10
93.462267
 20
497.648026
 42
-0.146018
  0
VERTEX
  8
0
 10
92.462697
 20
499.117532
 42
0.000000
  0
VERTEX
  8
0
 10
91.790619
 20
501.235063
 42
0.000000
  0
VERTEX
  8
0
 10
89.746310
 20
499.190754
 42
0.000000
  0
VERTEX
  8
0
 10
87.702001
 20
497.146445
 42
0.000000
  0
VERTEX
  8
0
 10
85.927687
 20
499.323223
 42
0.004577
  0
VERTEX
  8
0
 10
84.776667
 20
500.709227
 42
0.185860
  0
VERTEX
  8
0
 10
84.438310
 20
500.894545
 42
0.464194
  0
VERTEX
  8
0
 10
84.253953
 20
500.727678
 42
0.013522
  0
VERTEX
  8
0
 10
84.326687
 20
499.538315
 42
-0.078878
  0
VERTEX
  8
0
 10
84.270078
 20
498.722862
 42
-0.094199
  0
VERTEX
  8
0
 10
83.960221
 20
498.018786
 42
-0.098197
  0
VERTEX
  8
0
 10
83.426504
 20
497.498555
 42
-0.093581
  0
VERTEX
  8
0
 10
82.725709
 20
497.210313
 42
-0.094733
  0
VERTEX
  8
0
 10
81.825090
 20
497.197077
 42
-0.271921
  0
VERTEX
  8
0
 10
81.366902
 20
497.587102
 42
-0.108848
  0
VERTEX
  8
0
 10
81.255779
 20
498.526520
 42
-0.012232
  0
VERTEX
  8
0
 10
81.522239
 20
500.671998
 42
0.024471
  0
VERTEX
  8
0
 10
82.085177
 20
506.334243
 42
0.008113
  0
VERTEX
  8
0
 10
82.368455
 20
514.678294
 42
0.003488
  0
VERTEX
  8
0
 10
82.460781
 20
523.278572
 42
0.140242
  0
VERTEX
  8
0
 10
81.954479
 20
525.073654
 42
0.062547
  0
VERTEX
  8
0
 10
81.617777
 20
525.491300
 42
0.164700
  0
VERTEX
  8
0
 10
81.274595
 20
525.653237
 42
0.194720
  0
VERTEX
  8
0
 10
80.943065
 20
525.561410
 42
0.090846
  0
VERTEX
  8
0
 10
80.638958
 20
525.224839
 42
-0.169260
  0
VERTEX
  8
0
 10
80.162373
 20
524.837959
 42
-0.030391
  0
VERTEX
  8
0
 10
79.048152
 20
524.510581
 42
-0.029774
  0
VERTEX
  8
0
 10
77.637307
 20
524.274956
 42
-0.023042
  0
VERTEX
  8
0
 10
76.081506
 20
524.181688
 42
0.030296
  0
VERTEX
  8
0
 10
71.646044
 20
523.851198
 42
0.013485
  0
VERTEX
  8
0
 10
65.858866
 20
522.905885
 42
0.009439
  0
VERTEX
  8
0
 10
60.304875
 20
521.735078
 42
0.109514
  0
VERTEX
  8
0
 10
58.310714
 20
520.784548
 42
-0.095722
  0
VERTEX
  8
0
 10
57.563152
 20
520.402840
 42
-0.017721
  0
VERTEX
  8
0
 10
56.057634
 20
520.025156
 42
-0.018429
  0
VERTEX
  8
0
 10
54.239691
 20
519.706535
 42
-0.015882
  0
VERTEX
  8
0
 10
52.310714
 20
519.503461
 42
0.014993
  0
VERTEX
  8
0
 10
49.915920
 20
519.255650
 42
0.005565
  0
VERTEX
  8
0
 10
46.563147
 20
518.768712
 42
0.005508
  0
VERTEX
  8
0
 10
42.915478
 20
518.156180
 42
0.006621
  0
VERTEX
  8
0
 10
39.500000
 20
517.497084
 42
0.000920
  0
VERTEX
  8
0
 10
33.147009
 20
516.171450
 42
0.011915
  0
VERTEX
  8
0
 10
30.792834
 20
515.616809
 42
0.024076
  0
VERTEX
  8
0
 10
29.046108
 20
515.070063
 42
0.009361
  0
VERTEX
  8
0
 10
26.684900
 20
514.153656
 42
-0.044521
  0
VERTEX
  8
0
 10
25.247801
 20
513.709185
 42
-0.016768
  0
VERTEX
  8
0
 10
23.173672
 20
513.337248
 42
-0.016455
  0
VERTEX
  8
0
 10
20.876438
 20
513.081214
 42
-0.019256
  0
VERTEX
  8
0
 10
18.684900
 20
512.994423
 42
0.018406
  0
VERTEX
  8
0
 10
16.407683
 20
512.908111
 42
0.012820
  0
VERTEX
  8
0
 10
13.848064
 20
512.650432
 42
0.012952
  0
VERTEX
  8
0
 10
11.402098
 20
512.276070
 42
0.025989
  0
VERTEX
  8
0
 10
9.500000
 20
511.831221
 42
-0.012641
  0
VERTEX
  8
0
 10
7.785308
 20
511.381628
 42
-0.010497
  0
VERTEX
  8
0
 10
5.940625
 20
510.988152
 42
-0.010638
  0
VERTEX
  8
0
 10
4.234845
 20
510.699055
 42
-0.027984
  0
VERTEX
  8
0
 10
3.000000
 20
510.586798
 42
0.000000
  0
VERTEX
  8
0
 10
0.500000
 20
510.500000
 42
0.000000
  0
VERTEX
  8
0
 10
0.220975
 20
497.250000
 42
0.005800
  0
VERTEX
  8
0
 10
0.169822
 20
491.840454
 42
0.012221
  0
VERTEX
  8
0
 10
0.281434
 20
487.643053
 42
0.006745
  0
VERTEX
  8
0
 10
0.492589
 20
484.374637
 42
0.391547
  0
VERTEX
  8
0
 10
0.897651
 20
484.000000
 42
0.156181
  0
VERTEX
  8
0
 10
1.297064
 20
484.127881
 42
0.068059
  0
VERTEX
  8
0
 10
1.706953
 20
484.514063
 42
0.057893
  0
VERTEX
  8
0
 10
2.064943
 20
485.080517
 42
0.048121
  0
VERTEX
  8
0
 10
2.310674
 20
485.750000
 42
-0.002304
  0
VERTEX
  8
0
 10
2.615016
 20
486.893041
 42
-0.360809
  0
VERTEX
  8
0
 10
2.716439
 20
486.964446
 42
-0.370078
  0
VERTEX
  8
0
 10
2.802680
 20
486.877753
 42
-0.002342
  0
VERTEX
  8
0
 10
2.883999
 20
485.704545
 42
0.068854
  0
VERTEX
  8
0
 10
3.056677
 20
484.861401
 42
0.395353
  0
VERTEX
  8
0
 10
3.425852
 20
484.669997
 42
0.119366
  0
VERTEX
  8
0
 10
4.074157
 20
485.034580
 42
0.008876
  0
VERTEX
  8
0
 10
5.545455
 20
486.454545
 42
-0.023184
  0
VERTEX
  8
0
 10
6.608344
 20
487.423185
 42
-0.027728
  0
VERTEX
  8
0
 10
7.697017
 20
488.229082
 42
-0.028273
  0
VERTEX
  8
0
 10
8.670542
 20
488.793308
 42
-0.134344
  0
VERTEX
  8
0
 10
9.295455
 20
488.921053
 42
-0.017633
  0
VERTEX
  8
0
 10
9.859628
 20
488.864042
 42
-0.397266
  0
VERTEX
  8
0
 10
9.953660
 20
488.747410
 42
-0.271381
  0
VERTEX
  8
0
 10
9.848893
 20
488.596794
 42
-0.012378
  0
VERTEX
  8
0
 10
9.250000
 20
488.337719
 42
0.103073
  0
VERTEX
  8
0
 10
8.259469
 20
487.676011
 42
0.269999
  0
VERTEX
  8
0
 10
8.056407
 20
486.877445
 42
0.238456
  0
VERTEX
  8
0
 10
8.658553
 20
486.226645
 42
0.089246
  0
VERTEX
  8
0
 10
9.918213
 20
486.000000
 42
0.042566
  0
VERTEX
  8
0
 10
11.869059
 20
486.166381
 42
0.066571
  0
VERTEX
  8
0
 10
13.474841
 20
486.668578
 42
0.109677
  0
VERTEX
  8
0
 10
14.381773
 20
487.364543
 42
0.323460
  0
VERTEX
  8
0
 10
14.435239
 20
488.104785
 42
-0.528649
  0
VERTEX
  8
0
 10
14.696091
 20
488.690427
 42
-0.020336
  0
VERTEX
  8
0
 10
17.486409
 20
489.079353
 42
-0.023233
  0
VERTEX
  8
0
 10
21.086565
 20
489.264452
 42
-0.018149
  0
VERTEX
  8
0
 10
25.000000
 20
489.141599
 42
0.006991
  0
VERTEX
  8
0
 10
26.538048
 20
489.058934
 42
0.266128
  0
VERTEX
  8
0
 10
26.833964
 20
489.213174
 42
0.374595
  0
VERTEX
  8
0
 10
26.792596
 20
489.493101
 42
0.010320
  0
VERTEX
  8
0
 10
25.765236
 20
490.335176
 42
-0.178875
  0
VERTEX
  8
0
 10
25.286289
 20
491.114922
 42
-0.333850
  0
VERTEX
  8
0
 10
25.590398
 20
491.748327
 42
-0.060755
  0
VERTEX
  8
0
 10
27.198150
 20
492.348697
 42
-0.004933
  0
VERTEX
  8
0
 10
31.593136
 20
493.359974
 42
-0.009194
  0
VERTEX
  8
0
 10
34.558452
 20
493.954623
 42
-0.013161
  0
VERTEX
  8
0
 10
37.208875
 20
494.363882
 42
-0.009014
  0
VERTEX
  8
0
 10
39.409702
 20
494.604406
 42
-0.162509
  0
VERTEX
  8
0
 10
40.090636
 20
494.443984
 42
0.166885
  0
VERTEX
  8
0
 10
40.648212
 20
494.317628
 42
0.032694
  0
VERTEX
  8
0
 10
41.676057
 20
494.497488
 42
0.031429
  0
VERTEX
  8
0
 10
42.900665
 20
494.878232
 42
0.024621
  0
VERTEX
  8
0
 10
44.175066
 20
495.437448
 42
-0.017131
  0
VERTEX
  8
0
 10
45.416698
 20
496.004605
 42
-0.025563
  0
VERTEX
  8
0
 10
46.540517
 20
496.406075
 42
-0.023240
  0
VERTEX
  8
0
 10
47.452979
 20
496.634717
 42
-0.251204
  0
VERTEX
  8
0
 10
47.804831
 20
496.528502
 42
-0.340811
  0
VERTEX
  8
0
 10
47.906625
 20
495.740491
 42
-0.060670
  0
VERTEX
  8
0
 10
46.946374
 20
494.476439
 42
-0.056093
  0
VERTEX
  8
0
 10
45.584775
 20
493.357500
 42
-0.144956
  0
VERTEX
  8
0
 10
44.377555
 20
493.000000
 42
0.060640
  0
VERTEX
  8
0
 10
43.850773
 20
492.935876
 42
0.079296
  0
VERTEX
  8
0
 10
43.404657
 20
492.746985
 42
0.097292
  0
VERTEX
  8
0
 10
43.105968
 20
492.467185
 42
0.157294
  0
VERTEX
  8
0
 10
43.000000
 20
492.138672
 42
0.285831
  0
VERTEX
  8
0
 10
43.183445
 20
491.843992
 42
0.076393
  0
VERTEX
  8
0
 10
43.734375
 20
491.670744
 42
0.053628
  0
VERTEX
  8
0
 10
44.541823
 20
491.634359
 42
0.031701
  0
VERTEX
  8
0
 10
45.500000
 20
491.755249
 42
0.049658
  0
VERTEX
  8
0
 10
46.456395
 20
492.038690
 42
0.061622
  0
VERTEX
  8
0
 10
47.265625
 20
492.491806
 42
0.073808
  0
VERTEX
  8
0
 10
47.815259
 20
493.036492
 42
0.162039
  0
VERTEX
  8
0
 10
48.000000
 20
493.591577
 42
-0.163220
  0
VERTEX
  8
0
 10
48.193286
 20
494.167904
 42
-0.170628
  0
VERTEX
  8
0
 10
48.691689
 20
494.498460
 42
-0.087779
  0
VERTEX
  8
0
 10
49.587255
 20
494.563512
 42
-0.023703
  0
VERTEX
  8
0
 10
51.000000
 20
494.350000
 42
0.019789
  0
VERTEX
  8
0
 10
53.368268
 20
493.973098
 42
0.413427
  0
VERTEX
  8
0
 10
53.880153
 20
494.375156
 42
0.292430
  0
VERTEX
  8
0
 10
53.536285
 20
495.090564
 42
0.015645
  0
VERTEX
  8
0
 10
51.250000
 20
496.407074
 42
-0.032976
  0
VERTEX
  8
0
 10
49.930521
 20
497.228994
 42
-0.658621
  0
VERTEX
  8
0
 10
50.005795
 20
497.570331
 42
-0.065197
  0
VERTEX
  8
0
 10
51.192655
 20
497.640091
 42
-0.002232
  0
VERTEX
  8
0
 10
55.846353
 20
497.285897
 42
0.008817
  0
VERTEX
  8
0
 10
59.545899
 20
497.053280
 42
0.035114
  0
VERTEX
  8
0
 10
61.817587
 20
497.110172
 42
0.061765
  0
VERTEX
  8
0
 10
63.249882
 20
497.428374
 42
0.170431
  0
VERTEX
  8
0
 10
64.042558
 20
498.068860
 42
-0.041003
  0
VERTEX
  8
0
 10
64.511747
 20
498.704939
 42
-0.291527
  0
VERTEX
  8
0
 10
64.862517
 20
498.808076
 42
-0.210165
  0
VERTEX
  8
0
 10
65.191417
 20
498.533478
 42
-0.023612
  0
VERTEX
  8
0
 10
65.591922
 20
497.621050
 42
-0.057651
  0
VERTEX
  8
0
 10
65.783235
 20
496.875644
 42
-0.066669
  0
VERTEX
  8
0
 10
65.785373
 20
496.142961
 42
-0.077407
  0
VERTEX
  8
0
 10
65.607009
 20
495.533545
 42
-0.142525
  0
VERTEX
  8
0
 10
65.268184
 20
495.149075
 42
0.140026
  0
VERTEX
  8
0
 10
64.830851
 20
494.657703
 42
0.025057
  0
VERTEX
  8
0
 10
64.349119
 20
493.514888
 42
0.025340
  0
VERTEX
  8
0
 10
63.907352
 20
492.077399
 42
0.020499
  0
VERTEX
  8
0
 10
63.576359
 20
490.497352
 42
-0.031420
  0
VERTEX
  8
0
 10
63.065656
 20
488.299608
 42
-0.093295
  0
VERTEX
  8
0
 10
62.358032
 20
486.931027
 42
-0.093714
  0
VERTEX
  8
0
 10
61.203209
 20
485.916804
 42
-0.031880
  0
VERTEX
  8
0
 10
59.203892
 20
484.901099
 42
0.000000
  0
VERTEX
  8
0
 10
55.500000
 20
483.307494
 42
0.000000
  0
VERTEX
  8
0
 10
62.500000
 20
482.507518
 42
0.022244
  0
VERTEX
  8
0
 10
66.478349
 20
482.231344
 42
0.004308
  0
VERTEX
  8
0
 10
73.685937
 20
482.114482
 42
0.004574
  0
VERTEX
  8
0
 10
82.101114
 20
482.127524
 42
0.004211
  0
VERTEX
  8
0
 10
90.750000
 20
482.292894
 42
0.000000
  0
VERTEX
  8
0
 10
112.000000
 20
482.878245
 42
0.000000
  0
VERTEX
  8
0
 10
112.000000
 20
474.439123
 42
0.009606
  0
VERTEX
  8
0
 10
112.066826
 20
470.960928
 42
0.020801
  0
VERTEX
  8
0
 10
112.280554
 20
468.295581
 42
0.018760
  0
VERTEX
  8
0
 10
112.590970
 20
466.361331
 42
0.357723
  0
VERTEX
  8
0
 10
113.031385
 20
466.000000
 42
0.127477
  0
VERTEX
  8
0
 10
113.469895
 20
466.113646
 42
0.063709
  0
VERTEX
  8
0
 10
113.934656
 20
466.455665
 42
0.056970
  0
VERTEX
  8
0
 10
114.353708
 20
466.957939
 42
0.053825
  0
VERTEX
  8
0
 10
114.658021
 20
467.551201
 42
-0.174525
  0
VERTEX
  8
0
 10
116.381883
 20
469.548787
 42
-0.015798
  0
VERTEX
  8
0
 10
122.317828
 20
472.651611
 42
-0.015767
  0
VERTEX
  8
0
 10
128.438245
 20
475.374048
 42
-0.175348
  0
VERTEX
  8
0
 10
131.066769
 20
475.478808
 42
0.045873
  0
VERTEX
  8
0
 10
131.948439
 20
475.285673
 42
0.145424
  0
VERTEX
  8
0
 10
132.538005
 20
475.383756
 42
0.192151
  0
VERTEX
  8
0
 10
132.880550
 20
475.760837
 42
0.089681
  0
VERTEX
  8
0
 10
133.000000
 20
476.421452
 42
-0.269957
  0
VERTEX
  8
0
 10
134.188737
 20
478.462711
 42
-0.014168
  0
VERTEX
  8
0
 10
141.136974
 20
482.148982
 42
-0.013333
  0
VERTEX
  8
0
 10
148.267352
 20
485.443116
 42
-0.371653
  0
VERTEX
  8
0
 10
150.079394
 20
484.871538
 42
0.090987
  0
VERTEX
  8
0
 10
150.571732
 20
484.326946
 42
0.204952
  0
VERTEX
  8
0
 10
151.100508
 20
484.191945
 42
0.121283
  0
VERTEX
  8
0
 10
151.767938
 20
484.470770
 42
0.024619
  0
VERTEX
  8
0
 10
152.767691
 20
485.289763
 42
-0.108613
  0
VERTEX
  8
0
 10
154.320421
 20
486.177120
 42
-0.046388
  0
VERTEX
  8
0
 10
156.672270
 20
486.678640
 42
-0.024623
  0
VERTEX
  8
0
 10
160.432992
 20
486.935338
 42
-0.004729
  0
VERTEX
  8
0
 10
167.269724
 20
487.000000
 42
-0.006768
  0
VERTEX
  8
0
 10
172.337532
 20
486.931400
 42
-0.012093
  0
VERTEX
  8
0
 10
176.498727
 20
486.717927
 42
-0.007093
  0
VERTEX
  8
0
 10
179.833686
 20
486.418225
 42
-0.232406
  0
VERTEX
  8
0
 10
180.500000
 20
486.000000
 42
-0.533679
  0
VERTEX
  8
0
 10
180.296762
 20
485.553173
 42
-0.017838
  0
VERTEX
  8
0
 10
178.002280
 20
485.258345
 42
-0.016999
  0
VERTEX
  8
0
 10
174.579679
 20
485.059174
 42
-0.006033
  0
VERTEX
  8
0
 10
169.675648
 20
485.000000
 42
0.003593
  0
VERTEX
  8
0
 10
162.727083
 20
484.950065
 42
0.037829
  0
VERTEX
  8
0
 10
159.899146
 20
484.694876
 42
0.114659
  0
VERTEX
  8
0
 10
158.465602
 20
484.098999
 42
0.174942
  0
VERTEX
  8
0
 10
157.710251
 20
483.000000
 42
-0.101546
  0
VERTEX
  8
0
 10
157.215045
 20
481.995892
 42
-0.134683
  0
VERTEX
  8
0
 10
156.403114
 20
481.388255
 42
-0.076969
  0
VERTEX
  8
0
 10
155.037787
 20
481.081395
 42
-0.016863
  0
VERTEX
  8
0
 10
152.625004
 20
481.000000
 42
0.012318
  0
VERTEX
  8
0
 10
150.271224
 20
480.942001
 42
0.077274
  0
VERTEX
  8
0
 10
149.096768
 20
480.699630
 42
0.219792
  0
VERTEX
  8
0
 10
148.628399
 20
480.226499
 42
0.180432
  0
VERTEX
  8
0
 10
148.635139
 20
479.508429
 42
-0.167248
  0
VERTEX
  8
0
 10
148.670750
 20
478.490765
 42
-0.204321
  0
VERTEX
  8
0
 10
148.062653
 20
477.768139
 42
-0.067740
  0
VERTEX
  8
0
 10
146.448292
 20
477.209971
 42
-0.008231
  0
VERTEX
  8
0
 10
142.750000
 20
476.532600
 42
0.024822
  0
VERTEX
  8
0
 10
140.914688
 20
476.133117
 42
0.084776
  0
VERTEX
  8
0
 10
139.809326
 20
475.622018
 42
0.133738
  0
VERTEX
  8
0
 10
139.213997
 20
474.919008
 42
0.109624
  0
VERTEX
  8
0
 10
139.000000
 20
473.954687
 42
-0.115492
  0
VERTEX
  8
0
 10
138.762936
 20
472.942053
 42
-0.185571
  0
VERTEX
  8
0
 10
138.118460
 20
472.348964
 42
-0.082443
  0
VERTEX
  8
0
 10
136.805098
 20
472.065711
 42
-0.011976
  0
VERTEX
  8
0
 10
134.062149
 20
472.000000
 42
0.011062
  0
VERTEX
  8
0
 10
131.257818
 20
471.937950
 42
0.088100
  0
VERTEX
  8
0
 10
129.998582
 20
471.656369
 42
0.208641
  0
VERTEX
  8
0
 10
129.421950
 20
471.054125
 42
0.107279
  0
VERTEX
  8
0
 10
129.274953
 20
470.000000
 42
0.097910
  0
VERTEX
  8
0
 10
129.555623
 20
468.987378
 42
0.167590
  0
VERTEX
  8
0
 10
130.176486
 20
468.381577
 42
0.092640
  0
VERTEX
  8
0
 10
131.335550
 20
468.077861
 42
0.017882
  0
VERTEX
  8
0
 10
133.511916
 20
468.000000
 42
-0.022622
  0
VERTEX
  8
0
 10
135.901339
 20
467.891839
 42
-0.118137
  0
VERTEX
  8
0
 10
137.140649
 20
467.473351
 42
-0.134118
  0
VERTEX
  8
0
 10
137.975064
 20
466.565569
 42
-0.032434
  0
VERTEX
  8
0
 10
138.799112
 20
464.679002
 42
-0.014287
  0
VERTEX
  8
0
 10
139.258808
 20
463.284368
 42
-0.013530
  0
VERTEX
  8
0
 10
139.647239
 20
461.840340
 42
-0.013619
  0
VERTEX
  8
0
 10
139.921339
 20
460.544665
 42
-0.045341
  0
VERTEX
  8
0
 10
140.000000
 20
459.679002
 42
-0.121574
  0
VERTEX
  8
0
 10
139.727634
 20
458.575389
 42
-0.224289
  0
VERTEX
  8
0
 10
139.004926
 20
458.030983
 42
-0.289123
  0
VERTEX
  8
0
 10
138.278230
 20
458.303327
 42
-0.149387
  0
VERTEX
  8
0
 10
137.929715
 20
459.250000
 42
0.174867
  0
VERTEX
  8
0
 10
137.812481
 20
459.525438
 42
0.381148
  0
VERTEX
  8
0
 10
137.601357
 20
459.545313
 42
0.099497
  0
VERTEX
  8
0
 10
137.282096
 20
459.194269
 42
0.024181
  0
VERTEX
  8
0
 10
136.910600
 20
458.500000
 42
-0.015159
  0
VERTEX
  8
0
 10
136.426395
 20
457.554486
 42
-0.644182
  0
VERTEX
  8
0
 10
136.255239
 20
457.567752
 42
-0.121286
  0
VERTEX
  8
0
 10
136.207055
 20
458.014254
 42
-0.004247
  0
VERTEX
  8
0
 10
136.455885
 20
459.750000
 42
0.027843
  0
VERTEX
  8
0
 10
136.574846
 20
460.995717
 42
0.046642
  0
VERTEX
  8
0
 10
136.518448
 20
462.045313
 42
0.062615
  0
VERTEX
  8
0
 10
136.315328
 20
462.773666
 42
0.302164
  0
VERTEX
  8
0
 10
135.975000
 20
463.000000
 42
0.327890
  0
VERTEX
  8
0
 10
135.594285
 20
462.720259
 42
0.028952
  0
VERTEX
  8
0
 10
135.286406
 20
461.491635
 42
0.029052
  0
VERTEX
  8
0
 10
135.070367
 20
459.833457
 42
0.017869
  0
VERTEX
  8
0
 10
135.000000
 20
457.865141
 42
0.000000
  0
VERTEX
  8
0
 10
135.000000
 20
452.730283
 42
0.000000
  0
VERTEX
  8
0
 10
132.828836
 20
455.615141
 42
0.001718
  0
VERTEX
  8
0
 10
130.195675
 20
459.088957
 42
0.322057
  0
VERTEX
  8
0
 10
129.789616
 20
459.212620
 42
0.422315
  0
VERTEX
  8
0
 10
129.633618
 20
458.884749
 42
0.002006
  0
VERTEX
  8
0
 10
131.083568
 20
455.022186
 42
-0.018884
  0
VERTEX
  8
0
 10
132.466265
 20
450.923424
 42
-0.123463
  0
VERTEX
  8
0
 10
132.556557
 20
448.770299
 42
-0.290799
  0
VERTEX
  8
0
 10
131.603462
 20
447.786922
 42
-0.106381
  0
VERTEX
  8
0
 10
129.578817
 20
447.740182
 42
0.035368
  0
VERTEX
  8
0
 10
128.537918
 20
447.863768
 42
0.071304
  0
VERTEX
  8
0
 10
127.717018
 20
447.785633
 42
0.112658
  0
VERTEX
  8
0
 10
127.193585
 20
447.525234
 42
0.224878
  0
VERTEX
  8
0
 10
127.000000
 20
447.116577
 42
0.170679
  0
VERTEX
  8
0
 10
127.149786
 20
446.690564
 42
0.094223
  0
VERTEX
  8
0
 10
127.574431
 20
446.327995
 42
0.074749
  0
VERTEX
  8
0
 10
128.207456
 20
446.082762
 42
0.055150
  0
VERTEX
  8
0
 10
128.955510
 20
446.000000
 42
-0.116726
  0
VERTEX
  8
0
 10
129.976805
 20
445.758283
 42
-0.198613
  0
VERTEX
  8
0
 10
130.542655
 20
445.105093
 42
-0.080428
  0
VERTEX
  8
0
 10
130.763105
 20
443.749749
 42
-0.009964
  0
VERTEX
  8
0
 10
130.705510
 20
440.750000
 42
-0.010382
  0
VERTEX
  8
0
 10
130.506208
 20
437.426085
 42
-0.115695
  0
VERTEX
  8
0
 10
130.102692
 20
436.170780
 42
-0.195483
  0
VERTEX
  8
0
 10
129.251717
 20
435.532793
 42
-0.040097
  0
VERTEX
  8
0
 10
127.365385
 20
435.195247
 42
0.000000
  0
VERTEX
  8
0
 10
124.230769
 20
434.890494
 42
0.000000
  0
VERTEX
  8
0
 10
124.230769
 20
439.957542
 42
-0.014581
  0
VERTEX
  8
0
 10
124.288430
 20
441.934306
 42
-0.020839
  0
VERTEX
  8
0
 10
124.463577
 20
443.680027
 42
-0.017437
  0
VERTEX
  8
0
 10
124.712118
 20
445.073231
 42
-0.204223
  0
VERTEX
  8
0
 10
125.023305
 20
445.514403
 42
0.341843
  0
VERTEX
  8
0
 10
125.164790
 20
445.892074
 42
0.045612
  0
VERTEX
  8
0
 10
124.817984
 20
446.732200
 42
0.037419
  0
VERTEX
  8
0
 10
124.152883
 20
447.799068
 42
0.021997
  0
VERTEX
  8
0
 10
123.211417
 20
448.972272
 42
0.025581
  0
VERTEX
  8
0
 10
121.454205
 20
450.779427
 42
0.127381
  0
VERTEX
  8
0
 10
120.218997
 20
451.446003
 42
0.656363
  0
VERTEX
  8
0
 10
119.925278
 20
451.060105
 42
0.045442
  0
VERTEX
  8
0
 10
120.982401
 20
449.521206
 42
-0.110406
  0
VERTEX
  8
0
 10
121.484026
 20
448.540505
 42
-0.020269
  0
VERTEX
  8
0
 10
121.915476
 20
446.539335
 42
-0.020826
  0
VERTEX
  8
0
 10
122.234231
 20
444.104413
 42
-0.017320
  0
VERTEX
  8
0
 10
122.374901
 20
441.496486
 42
-0.005923
  0
VERTEX
  8
0
 10
122.406216
 20
437.267766
 42
-0.092027
  0
VERTEX
  8
0
 10
122.136268
 20
435.848650
 42
-0.239645
  0
VERTEX
  8
0
 10
121.413460
 20
435.203274
 42
-0.064754
  0
VERTEX
  8
0
 10
119.843620
 20
434.999446
 42
0.029545
  0
VERTEX
  8
0
 10
118.489429
 20
434.919641
 42
0.154273
  0
VERTEX
  8
0
 10
117.816759
 20
434.615956
 42
0.214579
  0
VERTEX
  8
0
 10
117.563687
 20
434.045968
 42
0.062802
  0
VERTEX
  8
0
 10
117.691290
 20
433.072508
 42
0.193586
  0
VERTEX
  8
0
 10
118.476921
 20
432.013393
 42
0.099350
  0
VERTEX
  8
0
 10
120.053630
 20
431.434123
 42
0.033625
  0
VERTEX
  8
0
 10
123.152267
 20
431.164460
 42
0.003356
  0
VERTEX
  8
0
 10
130.597670
 20
431.068627
 42
0.000000
  0
VERTEX
  8
0
 10
143.000000
 20
430.992239
 42
0.000000
  0
VERTEX
  8
0
 10
143.000000
 20
438.412786
 42
0.000000
  0
VERTEX
  8
0
 10
143.000000
 20
445.833333
 42
0.000000
  0
VERTEX
  8
0
 10
147.509415
 20
445.833333
 42
-0.061907
  0
VERTEX
  8
0
 10
150.811017
 20
445.422976
 42
-0.151700
  0
VERTEX
  8
0
 10
152.876977
 20
444.160820
 42
-0.160036
  0
VERTEX
  8
0
 10
153.799028
 20
442.003429
 42
-0.071097
  0
VERTEX
  8
0
 10
153.625566
 20
438.877832
 42
0.024303
  0
VERTEX
  8
0
 10
153.411065
 20
437.446939
 42
0.109773
  0
VERTEX
  8
0
 10
153.510288
 20
436.613294
 42
0.198938
  0
VERTEX
  8
0
 10
153.911650
 20
436.164699
 42
0.112512
  0
VERTEX
  8
0
 10
154.634300
 20
436.000000
 42
0.229670
  0
VERTEX
  8
0
 10
155.421732
 20
436.381841
 42
0.128063
  0
VERTEX
  8
0
 10
155.859022
 20
437.379658
 42
0.045753
  0
VERTEX
  8
0
 10
155.993632
 20
439.390102
 42
0.006467
  0
VERTEX
  8
0
 10
155.837867
 20
443.539599
 42
-0.004756
  0
VERTEX
  8
0
 10
155.646148
 20
448.219551
 42
-0.063582
  0
VERTEX
  8
0
 10
155.810013
 20
449.929088
 42
-0.235384
  0
VERTEX
  8
0
 10
156.386633
 20
450.635030
 42
-0.142409
  0
VERTEX
  8
0
 10
157.478567
 20
450.789599
 42
-0.106849
  0
VERTEX
  8
0
 10
158.498927
 20
450.411130
 42
-0.137571
  0
VERTEX
  8
0
 10
159.162494
 20
449.668591
 42
-0.078546
  0
VERTEX
  8
0
 10
159.569023
 20
448.350182
 42
-0.017832
  0
VERTEX
  8
0
 10
159.818911
 20
446.016428
 42
0.032027
  0
VERTEX
  8
0
 10
160.193765
 20
443.257489
 42
0.088298
  0
VERTEX
  8
0
 10
160.910207
 20
441.438530
 42
0.132514
  0
VERTEX
  8
0
 10
162.005041
 20
440.406351
 42
0.123740
  0
VERTEX
  8
0
 10
163.500000
 20
440.030626
 42
0.146112
  0
VERTEX
  8
0
 10
163.755824
 20
440.107014
 42
0.358692
  0
VERTEX
  8
0
 10
163.810160
 20
440.281639
 42
0.124859
  0
VERTEX
  8
0
 10
163.608635
 20
440.554828
 42
0.030496
  0
VERTEX
  8
0
 10
163.151607
 20
440.885140
 42
-0.173133
  0
VERTEX
  8
0
 10
162.145238
 20
442.173624
 42
-0.185557
  0
VERTEX
  8
0
 10
162.219664
 20
443.765131
 42
-0.149641
  0
VERTEX
  8
0
 10
163.412193
 20
445.150447
 42
-0.112586
  0
VERTEX
  8
0
 10
165.319022
 20
445.822258
 42
-0.075963
  0
VERTEX
  8
0
 10
167.691106
 20
445.734153
 42
-0.125793
  0
VERTEX
  8
0
 10
169.494057
 20
444.887489
 42
-0.131953
  0
VERTEX
  8
0
 10
170.614344
 20
443.315273
 42
-0.087947
  0
VERTEX
  8
0
 10
171.015313
 20
441.127555
 42
0.034905
  0
VERTEX
  8
0
 10
171.099854
 20
440.011540
 42
0.028022
  0
VERTEX
  8
0
 10
171.340861
 20
438.831219
 42
0.028830
  0
VERTEX
  8
0
 10
171.689577
 20
437.761377
 42
0.061958
  0
VERTEX
  8
0
 10
172.102059
 20
437.000000
 42
0.013313
  0
VERTEX
  8
0
 10
172.673324
 20
436.243644
 42
0.486525
  0
VERTEX
  8
0
 10
172.862576
 20
436.245219
 42
0.214785
  0
VERTEX
  8
0
 10
172.930691
 20
436.531341
 42
0.006582
  0
VERTEX
  8
0
 10
172.680366
 20
437.750000
 42
-0.042247
  0
VERTEX
  8
0
 10
172.566531
 20
438.611921
 42
-0.070536
  0
VERTEX
  8
0
 10
172.635063
 20
439.339063
 42
-0.103812
  0
VERTEX
  8
0
 10
172.864365
 20
439.823995
 42
-0.234728
  0
VERTEX
  8
0
 10
173.218620
 20
440.000000
 42
0.271350
  0
VERTEX
  8
0
 10
173.589352
 20
440.217188
 42
0.092286
  0
VERTEX
  8
0
 10
173.797703
 20
440.831745
 42
0.057602
  0
VERTEX
  8
0
 10
173.824152
 20
441.785017
 42
0.027521
  0
VERTEX
  8
0
 10
173.650000
 20
443.000000
 42
-0.027517
  0
VERTEX
  8
0
 10
173.379792
 20
444.885008
 42
-0.254310
  0
VERTEX
  8
0
 10
173.697747
 20
445.615148
 42
-0.157181
  0
VERTEX
  8
0
 10
174.598848
 20
445.944296
 42
-0.009602
  0
VERTEX
  8
0
 10
177.499320
 20
446.000000
 42
-0.020879
  0
VERTEX
  8
0
 10
180.013787
 20
445.894955
 42
-0.092096
  0
VERTEX
  8
0
 10
181.438158
 20
445.505074
 42
-0.117228
  0
VERTEX
  8
0
 10
182.449015
 20
444.680520
 42
-0.044007
  0
VERTEX
  8
0
 10
183.434437
 20
443.126784
 42
-0.028686
  0
VERTEX
  8
0
 10
183.951321
 20
441.969006
 42
-0.038447
  0
VERTEX
  8
0
 10
184.275185
 20
440.866362
 42
-0.042719
  0
VERTEX
  8
0
 10
184.388023
 20
439.956903
 42
-0.195452
  0
VERTEX
  8
0
 10
184.210118
 20
439.466459
 42
0.054870
  0
VERTEX
  8
0
 10
184.031913
 20
439.219144
 42
0.540541
  0
VERTEX
  8
0
 10
184.080576
 20
439.124831
 42
0.140579
  0
VERTEX
  8
0
 10
184.308966
 20
439.165443
 42
0.016825
  0
VERTEX
  8
0
 10
184.766312
 20
439.408773
 42
0.074315
  0
VERTEX
  8
0
 10
185.206467
 20
439.758175
 42
0.090709
  0
VERTEX
  8
0
 10
185.490017
 20
440.200009
 42
0.104164
  0
VERTEX
  8
0
 10
185.575314
 20
440.663339
 42
0.132786
  0
VERTEX
  8
0
 10
185.451764
 20
441.078047
 42
-0.104449
  0
VERTEX
  8
0
 10
185.272134
 20
441.577215
 42
-0.038697
  0
VERTEX
  8
0
 10
185.227163
 20
442.326687
 42
-0.036273
  0
VERTEX
  8
0
 10
185.303908
 20
443.177677
 42
-0.036235
  0
VERTEX
  8
0
 10
185.502840
 20
444.008949
 42
-0.089509
  0
VERTEX
  8
0
 10
185.997019
 20
444.944716
 42
-0.113199
  0
VERTEX
  8
0
 10
186.755148
 20
445.558966
 42
-0.083382
  0
VERTEX
  8
0
 10
187.891659
 20
445.897029
 42
-0.030695
  0
VERTEX
  8
0
 10
189.567388
 20
446.000000
 42
-0.022417
  0
VERTEX
  8
0
 10
191.471792
 20
445.914575
 42
-0.132898
  0
VERTEX
  8
0
 10
192.398440
 20
445.572221
 42
-0.186951
  0
VERTEX
  8
0
 10
192.859220
 20
444.873525
 42
-0.053396
  0
VERTEX
  8
0
 10
193.000000
 20
443.559017
 42
0.041511
  0
VERTEX
  8
0
 10
193.081880
 20
442.574486
 42
0.043656
  0
VERTEX
  8
0
 10
193.325221
 20
441.634075
 42
0.047814
  0
VERTEX
  8
0
 10
193.681953
 20
440.868428
 42
0.122013
  0
VERTEX
  8
0
 10
194.107134
 20
440.433788
 42
0.113869
  0
VERTEX
  8
0
 10
194.537651
 20
440.287857
 42
0.359143
  0
VERTEX
  8
0
 10
194.773041
 20
440.445308
 42
0.128686
  0
VERTEX
  8
0
 10
194.790883
 20
440.944965
 42
0.021768
  0
VERTEX
  8
0
 10
194.539746
 20
441.874771
 42
-0.036369
  0
VERTEX
  8
0
 10
194.303230
 20
442.864263
 42
-0.131153
  0
VERTEX
  8
0
 10
194.366696
 20
443.503912
 42
-0.202049
  0
VERTEX
  8
0
 10
194.712116
 20
443.868474
 42
-0.103776
  0
VERTEX
  8
0
 10
195.338993
 20
444.000000
 42
-0.107923
  0
VERTEX
  8
0
 10
195.930504
 20
443.870820
 42
-0.166947
  0
VERTEX
  8
0
 10
196.305700
 20
443.513592
 42
-0.129647
  0
VERTEX
  8
0
 10
196.438547
 20
442.922924
 42
-0.054842
  0
VERTEX
  8
0
 10
196.319262
 20
442.112859
 42
0.067563
  0
VERTEX
  8
0
 10
196.224593
 20
441.333365
 42
0.066365
  0
VERTEX
  8
0
 10
196.339989
 20
440.551850
 42
0.071928
  0
VERTEX
  8
0
 10
196.639147
 20
439.886855
 42
0.113198
  0
VERTEX
  8
0
 10
197.082821
 20
439.448814
 42
0.042076
  0
VERTEX
  8
0
 10
197.632176
 20
439.170125
 42
0.330370
  0
VERTEX
  8
0
 10
197.892875
 20
439.237468
 42
0.238534
  0
VERTEX
  8
0
 10
197.959822
 20
439.549236
 42
0.027410
  0
VERTEX
  8
0
 10
197.733081
 20
440.253196
 42
-0.085563
  0
VERTEX
  8
0
 10
197.599930
 20
440.924882
 42
-0.104802
  0
VERTEX
  8
0
 10
197.716679
 20
441.552715
 42
-0.107971
  0
VERTEX
  8
0
 10
198.073516
 20
442.065665
 42
-0.095659
  0
VERTEX
  8
0
 10
198.626524
 20
442.410178
 42
0.084048
  0
VERTEX
  8
0
 10
199.148169
 20
442.718705
 42
0.111928
  0
VERTEX
  8
0
 10
199.478684
 20
443.157052
 42
0.124619
  0
VERTEX
  8
0
 10
199.567356
 20
443.658058
 42
0.120779
  0
VERTEX
  8
0
 10
199.408874
 20
444.147446
 42
-0.029008
  0
VERTEX
  8
0
 10
199.166139
 20
444.596479
 42
-0.276857
  0
VERTEX
  8
0
 10
199.187553
 20
444.804437
 42
-0.346888
  0
VERTEX
  8
0
 10
199.366267
 20
444.852018
 42
-0.036511
  0
VERTEX
  8
0
 10
199.776393
 20
444.638197
 42
0.092519
  0
VERTEX
  8
0
 10
200.238531
 20
444.459449
 42
0.096172
  0
VERTEX
  8
0
 10
200.727473
 20
444.462971
 42
0.099320
  0
VERTEX
  8
0
 10
201.167152
 20
444.647286
 42
0.105964
  0
VERTEX
  8
0
 10
201.489919
 20
444.983688
 42
-0.198341
  0
VERTEX
  8
0
 10
202.618651
 20
445.799118
 42
-0.077598
  0
VERTEX
  8
0
 10
204.571718
 20
445.954000
 42
-0.073274
  0
VERTEX
  8
0
 10
206.611514
 20
445.493497
 42
-0.128131
  0
VERTEX
  8
0
 10
208.009204
 20
444.488910
 42
0.030320
  0
VERTEX
  8
0
 10
208.760093
 20
443.688272
 42
0.207483
  0
VERTEX
  8
0
 10
209.256956
 20
443.508214
 42
0.195327
  0
VERTEX
  8
0
 10
209.746562
 20
443.743084
 42
0.026592
  0
VERTEX
  8
0
 10
210.479440
 20
444.640995
 42
-0.091622
  0
VERTEX
  8
0
 10
211.292523
 20
445.408684
 42
-0.092949
  0
VERTEX
  8
0
 10
212.322296
 20
445.830281
 42
-0.063341
  0
VERTEX
  8
0
 10
213.749151
 20
445.939949
 42
-0.020885
  0
VERTEX
  8
0
 10
215.847791
 20
445.747241
 42
0.019902
  0
VERTEX
  8
0
 10
217.498818
 20
445.592362
 42
0.038375
  0
VERTEX
  8
0
 10
218.825508
 20
445.622850
 42
0.050262
  0
VERTEX
  8
0
 10
219.738783
 20
445.808102
 42
0.328681
  0
VERTEX
  8
0
 10
220.000000
 20
446.162544
 42
-0.228236
  0
VERTEX
  8
0
 10
220.154300
 20
446.482963
 42
-0.121946
  0
VERTEX
  8
0
 10
220.562779
 20
446.670563
 42
-0.079137
  0
VERTEX
  8
0
 10
221.181806
 20
446.689076
 42
-0.044851
  0
VERTEX
  8
0
 10
221.915843
 20
446.526710
 42
0.063834
  0
VERTEX
  8
0
 10
222.703452
 20
446.383522
 42
0.067607
  0
VERTEX
  8
0
 10
223.485890
 20
446.448350
 42
0.075455
  0
VERTEX
  8
0
 10
224.144548
 20
446.702532
 42
0.125223
  0
VERTEX
  8
0
 10
224.570352
 20
447.113831
 42
0.025691
  0
VERTEX
  8
0
 10
224.851845
 20
447.626413
 42
0.368301
  0
VERTEX
  8
0
 10
224.803197
 20
447.813085
 42
0.278267
  0
VERTEX
  8
0
 10
224.579572
 20
447.828156
 42
0.019518
  0
VERTEX
  8
0
 10
224.009520
 20
447.505884
 42
-0.090521
  0
VERTEX
  8
0
 10
223.424772
 20
447.277044
 42
-0.348910
  0
VERTEX
  8
0
 10
223.101826
 20
447.444735
 42
-0.135284
  0
VERTEX
  8
0
 10
223.011502
 20
448.036274
 42
-0.017870
  0
VERTEX
  8
0
 10
223.206762
 20
449.301275
 42
0.041017
  0
VERTEX
  8
0
 10
223.324056
 20
450.394367
 42
0.066841
  0
VERTEX
  8
0
 10
223.223120
 20
451.320340
 42
0.087167
  0
VERTEX
  8
0
 10
222.921748
 20
452.002598
 42
0.154856
  0
VERTEX
  8
0
 10
222.446047
 20
452.382330
 42
-0.138441
  0
VERTEX
  8
0
 10
221.915208
 20
452.778836
 42
-0.040221
  0
VERTEX
  8
0
 10
221.355503
 20
453.644941
 42
-0.037084
  0
VERTEX
  8
0
 10
220.855770
 20
454.766418
 42
-0.032225
  0
VERTEX
  8
0
 10
220.499345
 20
456.002983
 42
0.027367
  0
VERTEX
  8
0
 10
220.094765
 20
457.459598
 42
0.098577
  0
VERTEX
  8
0
 10
219.616335
 20
458.291016
 42
0.172958
  0
VERTEX
  8
0
 10
219.018284
 20
458.625216
 42
0.134163
  0
VERTEX
  8
0
 10
218.270949
 20
458.550478
 42
-0.112863
  0
VERTEX
  8
0
 10
217.531605
 20
458.445058
 42
-0.304302
  0
VERTEX
  8
0
 10
217.136849
 20
458.760347
 42
-0.104755
  0
VERTEX
  8
0
 10
217.051897
 20
459.630615
 42
-0.012359
  0
VERTEX
  8
0
 10
217.317369
 20
461.568292
 42
0.013071
  0
VERTEX
  8
0
 10
217.572269
 20
463.448689
 42
0.096572
  0
VERTEX
  8
0
 10
217.496749
 20
464.346139
 42
0.287094
  0
VERTEX
  8
0
 10
217.123219
 20
464.683898
 42
0.136439
  0
VERTEX
  8
0
 10
216.451469
 20
464.619751
 42
-0.179693
  0
VERTEX
  8
0
 10
215.764637
 20
464.612321
 42
-0.216344
  0
VERTEX
  8
0
 10
215.305714
 20
465.058123
 42
-0.080418
  0
VERTEX
  8
0
 10
215.067526
 20
466.157879
 42
-0.014108
  0
VERTEX
  8
0
 10
215.015313
 20
468.281385
 42
-0.014089
  0
VERTEX
  8
0
 10
215.069568
 20
469.986612
 42
-0.055384
  0
VERTEX
  8
0
 10
215.247909
 20
471.021587
 42
-0.247632
  0
VERTEX
  8
0
 10
215.529296
 20
471.313646
 42
-0.343662
  0
VERTEX
  8
0
 10
215.857568
 20
471.196220
 42
0.204672
  0
VERTEX
  8
0
 10
216.782356
 20
470.561098
 42
0.027527
  0
VERTEX
  8
0
 10
219.169621
 20
470.217401
 42
0.020085
  0
VERTEX
  8
0
 10
222.863363
 20
470.040763
 42
0.005354
  0
VERTEX
  8
0
 10
228.755348
 20
470.058949
 42
-0.005297
  0
VERTEX
  8
0
 10
233.459314
 20
470.073998
 42
-0.007746
  0
VERTEX
  8
0
 10
237.599656
 20
469.979220
 42
-0.004226
  0
VERTEX
  8
0
 10
241.077582
 20
469.816225
 42
-0.125221
  0
VERTEX
  8
0
 10
241.913093
 20
469.553712
 42
0.121465
  0
VERTEX
  8
0
 10
242.329641
 20
469.419439
 42
0.190946
  0
VERTEX
  8
0
 10
242.683426
 20
469.531701
 42
0.151166
  0
VERTEX
  8
0
 10
242.920467
 20
469.888719
 42
0.071637
  0
VERTEX
  8
0
 10
243.000000
 20
470.440983
 42
-0.074859
  0
VERTEX
  8
0
 10
243.173843
 20
471.595623
 42
-0.383555
  0
VERTEX
  8
0
 10
243.683936
 20
471.900985
 42
-0.155474
  0
VERTEX
  8
0
 10
244.526244
 20
471.439124
 42
-0.020028
  0
VERTEX
  8
0
 10
245.901138
 20
469.873762
 42
0.029222
  0
VERTEX
  8
0
 10
246.934328
 20
468.740151
 42
0.143079
  0
VERTEX
  8
0
 10
247.691719
 20
468.337089
 42
0.155563
  0
VERTEX
  8
0
 10
248.511530
 20
468.422516
 42
0.036458
  0
VERTEX
  8
0
 10
249.747919
 20
469.074646
 42
-0.072930
  0
VERTEX
  8
0
 10
251.104659
 20
469.668598
 42
-0.056925
  0
VERTEX
  8
0
 10
252.696506
 20
469.914580
 42
-0.038471
  0
VERTEX
  8
0
 10
254.818669
 20
469.835348
 42
-0.012420
  0
VERTEX
  8
0
 10
257.936488
 20
469.398965
 42
0.012844
  0
VERTEX
  8
0
 10
260.296594
 20
469.070673
 42
0.023130
  0
VERTEX
  8
0
 10
262.245654
 20
468.941309
 42
0.020656
  0
VERTEX
  8
0
 10
263.713531
 20
468.972553
 42
0.395999
  0
VERTEX
  8
0
 10
264.000000
 20
469.277537
 42
-0.326014
  0
VERTEX
  8
0
 10
264.213104
 20
469.569632
 42
-0.060980
  0
VERTEX
  8
0
 10
264.904247
 20
469.701401
 42
-0.044811
  0
VERTEX
  8
0
 10
265.898090
 20
469.678562
 42
-0.025922
  0
VERTEX
  8
0
 10
267.078286
 20
469.482805
 42
0.005774
  0
VERTEX
  8
0
 10
268.415742
 20
469.205200
 42
0.004364
  0
VERTEX
  8
0
 10
269.890267
 20
468.930205
 42
0.004413
  0
VERTEX
  8
0
 10
271.279934
 20
468.696199
 42
0.010204
  0
VERTEX
  8
0
 10
272.328286
 20
468.551037
 42
-0.006829
  0
VERTEX
  8
0
 10
273.446401
 20
468.403899
 42
-0.002163
  0
VERTEX
  8
0
 10
275.110497
 20
468.154396
 42
-0.002159
  0
VERTEX
  8
0
 10
276.963592
 20
467.860158
 42
-0.002399
  0
VERTEX
  8
0
 10
278.750000
 20
467.559789
 42
0.000000
  0
VERTEX
  8
0
 10
283.000000
 20
466.824204
 42
0.000000
  0
VERTEX
  8
0
 10
283.000000
 20
470.330315
 42
0.015237
  0
VERTEX
  8
0
 10
282.955560
 20
471.788245
 42
0.014376
  0
VERTEX
  8
0
 10
282.822344
 20
473.269468
 42
0.014503
  0
VERTEX
  8
0
 10
282.628620
 20
474.573783
 42
0.047525
  0
VERTEX
  8
0
 10
282.395215
 20
475.412469
 42
0.133895
  0
VERTEX
  8
0
 10
281.749635
 20
476.293053
 42
0.274658
  0
VERTEX
  8
0
 10
280.931576
 20
476.404898
 42
0.202916
  0
VERTEX
  8
0
 10
280.242215
 20
475.694232
 42
0.092711
  0
VERTEX
  8
0
 10
280.000000
 20
474.399170
 42
-0.092053
  0
VERTEX
  8
0
 10
279.867662
 20
473.686451
 42
-0.032705
  0
VERTEX
  8
0
 10
279.431418
 20
472.741643
 42
-0.031135
  0
VERTEX
  8
0
 10
278.805146
 20
471.743169
 42
-0.031904
  0
VERTEX
  8
0
 10
278.064401
 20
470.838751
 42
-0.404338
  0
VERTEX
  8
0
 10
277.033287
 20
470.784784
 42
-0.193192
  0
VERTEX
  8
0
 10
276.370947
 20
472.079300
 42
-0.021299
  0
VERTEX
  8
0
 10
276.143732
 20
476.745768
 42
-0.000997
  0
VERTEX
  8
0
 10
276.079519
 20
492.532114
 42
0.001043
  0
VERTEX
  8
0
 10
276.041548
 20
501.663452
 42
0.001713
  0
VERTEX
  8
0
 10
275.966834
 20
509.390689
 42
0.000160
  0
VERTEX
  8
0
 10
275.874132
 20
516.301641
 42
0.208609
  0
VERTEX
  8
0
 10
275.765118
 20
516.542478
 42
0.140283
  0
VERTEX
  8
0
 10
275.538494
 20
516.653541
 42
0.002770
  0
VERTEX
  8
0
 10
274.256003
 20
516.875528
 42
0.006390
  0
VERTEX
  8
0
 10
272.743739
 20
517.108841
 42
0.004217
  0
VERTEX
  8
0
 10
271.000000
 20
517.340113
 42
-0.000283
  0
VERTEX
  8
0
 10
269.253884
 20
517.557733
 42
-0.000428
  0
VERTEX
  8
0
 10
267.734352
 20
517.749307
 42
-0.000158
  0
VERTEX
  8
0
 10
266.425950
 20
517.915822
 42
-0.010507
  0
VERTEX
  8
0
 10
266.202048
 20
517.949183
 42
-0.371630
  0
VERTEX
  8
0
 10
265.558071
 20
518.729059
 42
-0.000310
  0
VERTEX
  8
0
 10
266.145183
 20
545.407763
 42
-0.000380
  0
VERTEX
  8
0
 10
266.765987
 20
571.951389
 42
-0.238043
  0
VERTEX
  8
0
 10
267.453011
 20
573.234687
 42
0.037593
  0
VERTEX
  8
0
 10
267.849071
 20
573.559594
 42
0.277691
  0
VERTEX
  8
0
 10
267.910847
 20
573.785541
 42
0.289057
  0
VERTEX
  8
0
 10
267.740444
 20
573.939016
 42
0.039580
  0
VERTEX
  8
0
 10
267.241526
 20
573.984687
 42
-0.109726
  0
VERTEX
  8
0
 10
266.690091
 20
574.114236
 42
-0.287953
  0
VERTEX
  8
0
 10
266.483052
 20
574.443928
 42
-0.112681
  0
VERTEX
  8
0
 10
266.624281
 20
575.062647
 42
-0.015287
  0
VERTEX
  8
0
 10
267.241526
 20
576.250000
 42
-0.014487
  0
VERTEX
  8
0
 10
267.782750
 20
577.155065
 42
-0.015125
  0
VERTEX
  8
0
 10
268.368118
 20
578.014078
 42
-0.014954
  0
VERTEX
  8
0
 10
268.917173
 20
578.723995
 42
-0.062105
  0
VERTEX
  8
0
 10
269.309514
 20
579.095799
 42
-0.156044
  0
VERTEX
  8
0
 10
271.015290
 20
579.670340
 42
-0.003667
  0
VERTEX
  8
0
 10
279.567329
 20
579.738426
 42
-0.002690
  0
VERTEX
  8
0
 10
288.242026
 20
579.697198
 42
-0.583983
  0
VERTEX
  8
0
 10
288.566682
 20
579.107893
 42
0.143218
  0
VERTEX
  8
0
 10
288.464091
 20
578.735867
 42
0.051403
  0
VERTEX
  8
0
 10
288.529533
 20
578.184528
 42
0.045788
  0
VERTEX
  8
0
 10
288.731253
 20
577.559901
 42
0.040063
  0
VERTEX
  8
0
 10
289.050670
 20
576.952254
 42
0.051011
  0
VERTEX
  8
0
 10
289.496107
 20
576.385351
 42
0.460926
  0
VERTEX
  8
0
 10
289.772654
 20
576.402221
 42
0.148869
  0
VERTEX
  8
0
 10
289.944723
 20
576.872880
 42
0.012310
  0
VERTEX
  8
0
 10
289.984687
 20
578.190983
 42
0.026100
  0
VERTEX
  8
0
 10
289.935688
 20
579.244042
 42
0.035386
  0
VERTEX
  8
0
 10
289.775189
 20
580.182263
 42
0.038207
  0
VERTEX
  8
0
 10
289.539356
 20
580.902232
 42
0.199341
  0
VERTEX
  8
0
 10
289.250000
 20
581.190983
 42
0.094754
  0
VERTEX
  8
0
 10
288.681176
 20
581.307406
 42
0.002202
  0
VERTEX
  8
0
 10
285.929688
 20
581.330893
 42
0.004813
  0
VERTEX
  8
0
 10
282.694738
 20
581.313120
 42
0.003236
  0
SEQEND
  0
POLYLINE
  8
0
 66
1
 70
1
  0
VERTEX
  8
0
 10
212.000000
 20
565.940983
 42
-0.105429
  0
VERTEX
  8
0
 10
211.923444
 20
565.581949
 42
-0.099231
  0
VERTEX
  8
0
 10
211.706250
 20
565.276414
 42
-0.096318
  0
VERTEX
  8
0
 10
211.381732
 20
565.071618
 42
-0.092995
  0
VERTEX
  8
0
 10
211.000000
 20
565.000000
 42
-0.153634
  0
VERTEX
  8
0
 10
210.618621
 20
565.120018
 42
-0.097988
  0
VERTEX
  8
0
 10
210.293750
 20
565.457961
 42
-0.080552
  0
VERTEX
  8
0
 10
210.074545
 20
565.962904
 42
-0.062283
  0
VERTEX
  8
0
 10
210.000000
 20
566.559017
 42
-0.066118
  0
VERTEX
  8
0
 10
210.073267
 20
567.110654
 42
-0.138808
  0
VERTEX
  8
0
 10
210.293750
 20
567.478525
 42
-0.191142
  0
VERTEX
  8
0
 10
210.620352
 20
567.607943
 42
-0.139169
  0
VERTEX
  8
0
 10
211.000000
 20
567.500000
 42
-0.060810
  0
VERTEX
  8
0
 10
211.382515
 20
567.193797
 42
-0.051032
  0
VERTEX
  8
0
 10
211.706250
 20
566.787100
 42
-0.053229
  0
VERTEX
  8
0
 10
211.926698
 20
566.346558
 42
-0.089642
  0
SEQEND
  0
POLYLINE
  8
0
 66
1
 70
1
  0
VERTEX
  8
0
 10
216.000000
 20
567.000000
 42
0.221190
  0
VERTEX
  8
0
 10
216.178026
 20
566.617261
 42
0.077138
  0
VERTEX
  8
0
 10
216.710350
 20
566.293750
 42
0.058656
  0
VERTEX
  8
0
 10
217.492250
 20
566.073191
 42
0.039460
  0
VERTEX
  8
0
 10
218.418213
 20
566.000000
 42
-0.036065
  0
VERTEX
  8
0
 10
220.505424
 20
565.849252
 42
-0.050303
  0
VERTEX
  8
0
 10
222.320511
 20
565.395978
 42
-0.062559
  0
VERTEX
  8
0
 10
223.600492
 20
564.745475
 42
-0.248866
  0
VERTEX
  8
0
 10
224.000000
 20
563.992532
 42
-0.422108
  0
VERTEX
  8
0
 10
223.286219
 20
563.297683
 42
-0.032988
  0
VERTEX
  8
0
 10
220.350924
 20
563.570959
 42
-0.035506
  0
VERTEX
  8
0
 10
217.257870
 20
564.294420
 42
-0.121758
  0
VERTEX
  8
0
 10
215.504145
 20
565.352997
 42
-0.025233
  0
VERTEX
  8
0
 10
214.441395
 20
566.528787
 42
-0.124712
  0
VERTEX
  8
0
 10
214.067156
 20
567.331315
 42
-0.317913
  0
VERTEX
  8
0
 10
214.283569
 20
567.806432
 42
-0.132713
  0
VERTEX
  8
0
 10
215.000000
 20
568.000000
 42
-0.099038
  0
VERTEX
  8
0
 10
215.381638
 20
567.923658
 42
-0.097945
  0
VERTEX
  8
0
 10
215.706250
 20
567.706250
 42
-0.097945
  0
VERTEX
  8
0
 10
215.923658
 20
567.381638
 42
-0.099038
  0
SEQEND
  0
POLYLINE
  8
0
 66
1
 70
1
  0
VERTEX
  8
0
 10
222.269032
 20
567.344063
 42
-0.062780
  0
VERTEX
  8
0
 10
221.671085
 20
567.185595
 42
-0.030339
  0
VERTEX
  8
0
 10
220.880008
 20
567.127736
 42
-0.029507
  0
VERTEX
  8
0
 10
220.036634
 20
567.167106
 42
-0.037336
  0
VERTEX
  8
0
 10
219.269032
 20
567.307009
 42
-0.087174
  0
VERTEX
  8
0
 10
218.883358
 20
567.483340
 42
-0.597527
  0
VERTEX
  8
0
 10
218.900903
 20
567.643467
 42
-0.080377
  0
VERTEX
  8
0
 10
219.431793
 20
567.764444
 42
-0.012823
  0
VERTEX
  8
0
 10
220.500000
 20
567.805051
 42
-0.014395
  0
VERTEX
  8
0
 10
221.580113
 20
567.787295
 42
-0.052471
  0
VERTEX
  8
0
 10
222.257153
 20
567.684921
 42
-0.333666
  0
VERTEX
  8
0
 10
222.386009
 20
567.522870
 42
-0.313180
  0
SEQEND
  0
POLYLINE
  8
0
 66
1
 70
1
  0
VERTEX
  8
0
 10
204.000000
 20
565.000000
 42
-0.191087
  0
VERTEX
  8
0
 10
203.848523
 20
564.618118
 42
-0.088204
  0
VERTEX
  8
0
 10
203.412500
 20
564.293750
 42
-0.068025
  0
VERTEX
  8
0
 10
202.765418
 20
564.073693
 42
-0.048028
  0
VERTEX
  8
0
 10
202.000000
 20
564.000000
 42
-0.048028
  0
VERTEX
  8
0
 10
201.234582
 20
564.073693
 42
-0.068025
  0
VERTEX
  8
0
 10
200.587500
 20
564.293750
 42
-0.088204
  0
VERTEX
  8
0
 10
200.151477
 20
564.618118
 42
-0.191087
  0
VERTEX
  8
0
 10
200.000000
 20
565.000000
 42
-0.191087
  0
VERTEX
  8
0
 10
200.151477
 20
565.381882
 42
-0.088204
  0
VERTEX
  8
0
 10
200.587500
 20
565.706250
 42
-0.068025
  0
VERTEX
  8
0
 10
201.234582
 20
565.926307
 42
-0.048028
  0
VERTEX
  8
0
 10
202.000000
 20
566.000000
 42
-0.048028
  0
VERTEX
  8
0
 10
202.765418
 20
565.926307
 42
-0.068025
  0
VERTEX
  8
0
 10
203.412500
 20
565.706250
 42
-0.088204
  0
VERTEX
  8
0
 10
203.848523
 20
565.381882
 42
-0.191087
  0
SEQEND
  0
POLYLINE
  8
0
 66
1
 70
1
  0
VERTEX
  8
0
 10
236.500000
 20
565.000000
 42
-0.139169
  0
VERTEX
  8
0
 10
236.607943
 20
564.620352
 42
-0.191142
  0
VERTEX
  8
0
 10
236.478525
 20
564.293750
 42
-0.138808
  0
VERTEX
  8
0
 10
236.110654
 20
564.073267
 42
-0.066118
  0
VERTEX
  8
0
 10
235.559017
 20
564.000000
 42
-0.062283
  0
VERTEX
  8
0
 10
234.962904
 20
564.074545
 42
-0.080552
  0
VERTEX
  8
0
 10
234.457961
 20
564.293750
 42
-0.097988
  0
VERTEX
  8
0
 10
234.120018
 20
564.618621
 42
-0.153634
  0
VERTEX
  8
0
 10
234.000000
 20
565.000000
 42
-0.092995
  0
VERTEX
  8
0
 10
234.071618
 20
565.381732
 42
-0.096318
  0
VERTEX
  8
0
 10
234.276414
 20
565.706250
 42
-0.099231
  0
VERTEX
  8
0
 10
234.581949
 20
565.923444
 42
-0.105429
  0
VERTEX
  8
0
 10
234.940983
 20
566.000000
 42
-0.089642
  0
VERTEX
  8
0
 10
235.346558
 20
565.926698
 42
-0.053229
  0
VERTEX
  8
0
 10
235.787100
 20
565.706250
 42
-0.051032
  0
VERTEX
  8
0
 10
236.193797
 20
565.382515
 42
-0.060810
  0
SEQEND
  0
POLYLINE
  8
0
 66
1
 70
1
  0
VERTEX
  8
0
 10
258.696258
 20
539.301179
 42
-0.002695
  0
VERTEX
  8
0
 10
258.542336
 20
528.659051
 42
-0.011411
  0
VERTEX
  8
0
 10
258.270403
 20
522.290520
 42
-0.010294
  0
VERTEX
  8
0
 10
257.905801
 20
518.065425
 42
-0.293513
  0
VERTEX
  8
0
 10
257.250000
 20
517.250556
 42
-0.473489
  0
VERTEX
  8
0
 10
256.589988
 20
517.666449
 42
-0.015546
  0
VERTEX
  8
0
 10
256.260115
 20
521.203376
 42
-0.012968
  0
VERTEX
  8
0
 10
256.052402
 20
526.975257
 42
-0.002509
  0
VERTEX
  8
0
 10
256.000000
 20
537.416667
 42
0.000000
  0
VERTEX
  8
0
 10
256.000000
 20
558.000000
 42
0.000000
  0
VERTEX
  8
0
 10
217.000000
 20
558.000000
 42
0.000000
  0
VERTEX
  8
0
 10
178.000000
 20
558.000000
 42
0.000000
  0
VERTEX
  8
0
 10
178.000000
 20
537.500000
 42
-0.001501
  0
VERTEX
  8
0
 10
177.960553
 20
524.359120
 42
-0.022816
  0
VERTEX
  8
0
 10
177.725610
 20
519.812500
 42
-0.086689
  0
VERTEX
  8
0
 10
177.147600
 20
517.725618
 42
-0.289626
  0
VERTEX
  8
0
 10
176.000000
 20
517.000000
 42
-0.227263
  0
VERTEX
  8
0
 10
174.889649
 20
517.532168
 42
-0.131012
  0
VERTEX
  8
0
 10
174.277435
 20
518.916487
 42
-0.034782
  0
VERTEX
  8
0
 10
174.013155
 20
521.970686
 42
-0.002650
  0
VERTEX
  8
0
 10
173.918100
 20
530.250000
 42
-0.001825
  0
VERTEX
  8
0
 10
173.904146
 20
535.762881
 42
-0.001734
  0
VERTEX
  8
0
 10
173.929866
 20
541.370313
 42
-0.001720
  0
VERTEX
  8
0
 10
173.986855
 20
546.328127
 42
-0.006135
  0
VERTEX
  8
0
 10
174.073163
 20
549.500000
 42
0.002129
  0
VERTEX
  8
0
 10
174.161136
 20
551.997127
 42
0.002021
  0
VERTEX
  8
0
 10
174.229556
 20
554.538524
 42
0.002005
  0
VERTEX
  8
0
 10
174.271966
 20
556.786572
 42
0.007134
  0
VERTEX
  8
0
 10
174.272809
 20
558.226892
 42
0.000000
  0
VERTEX
  8
0
 10
174.235493
 20
560.953783
 42
0.000000
  0
VERTEX
  8
0
 10
191.367746
 20
561.226892
 42
-0.002839
  0
VERTEX
  8
0
 10
199.697463
 20
561.312381
 42
-0.001203
  0
VERTEX
  8
0
 10
210.868801
 20
561.336728
 42
-0.001190
  0
VERTEX
  8
0
 10
222.795729
 20
561.305629
 42
-0.001558
  0
VERTEX
  8
0
 10
233.696258
 20
561.217290
 42
0.000000
  0
VERTEX
  8
0
 10
258.892516
 20
560.934580
 42
0.000000
  0
SEQEND
  0
POLYLINE
  8
0
 66
1
 70
1
  0
VERTEX
  8
0
 10
166.773426
 20
560.161192
 42
-0.134830
  0
VERTEX
  8
0
 10
167.790229
 20
559.041424
 42
-0.066986
  0
VERTEX
  8
0
 10
168.426323
 20
557.216720
 42
-0.071104
  0
VERTEX
  8
0
 10
168.532967
 20
555.432097
 42
-0.238086
  0
VERTEX
  8
0
 10
167.938533
 20
554.462011
 42
-0.097805
  0
VERTEX
  8
0
 10
167.580609
 20
554.327866
 42
-0.175259
  0
VERTEX
  8
0
 10
167.275694
 20
554.384423
 42
-0.170284
  0
VERTEX
  8
0
 10
167.071605
 20
554.625222
 42
-0.091690
  0
VERTEX
  8
0
 10
167.000000
 20
555.012412
 42
0.095042
  0
VERTEX
  8
0
 10
166.896788
 20
555.550488
 42
0.034820
  0
VERTEX
  8
0
 10
166.559375
 20
556.251414
 42
0.032993
  0
VERTEX
  8
0
 10
166.074022
 20
556.985451
 42
0.033818
  0
VERTEX
  8
0
 10
165.500000
 20
557.642857
 42
-0.055764
  0
VERTEX
  8
0
 10
164.133465
 20
559.353675
 42
-0.263544
  0
VERTEX
  8
0
 10
164.076417
 20
560.561360
 42
-0.360791
  0
VERTEX
  8
0
 10
164.998500
 20
560.962254
 42
-0.070897
  0
SEQEND
  0
POLYLINE
  8
0
 66
1
 70
1
  0
VERTEX
  8
0
 10
163.000000
 20
556.800035
 42
0.060276
  0
VERTEX
  8
0
 10
163.087535
 20
556.076556
 42
0.101972
  0
VERTEX
  8
0
 10
163.348828
 20
555.527328
 42
0.141872
  0
VERTEX
  8
0
 10
163.736449
 20
555.237742
 42
0.172048
  0
VERTEX
  8
0
 10
164.187500
 20
555.229167
 42
-0.219506
  0
VERTEX
  8
0
 10
165.702803
 20
555.061184
 42
-0.086523
  0
VERTEX
  8
0
 10
167.325248
 20
553.651968
 42
-0.082186
  0
VERTEX
  8
0
 10
168.442099
 20
551.696809
 42
-0.167112
  0
VERTEX
  8
0
 10
168.483765
 20
549.948848
 42
0.094756
  0
VERTEX
  8
0
 10
168.348795
 20
548.814068
 42
0.222789
  0
VERTEX
  8
0
 10
168.754751
 20
548.086583
 42
0.155984
  0
VERTEX
  8
0
 10
169.723854
 20
547.771959
 42
0.044139
  0
VERTEX
  8
0
 10
171.324330
 20
547.906356
 42
-0.126738
  0
VERTEX
  8
0
 10
171.590452
 20
547.884985
 42
-0.237404
  0
VERTEX
  8
0
 10
171.737511
 20
547.734038
 42
-0.158048
  0
VERTEX
  8
0
 10
171.735545
 20
547.465731
 42
-0.058252
  0
VERTEX
  8
0
 10
171.573334
 20
547.118657
 42
-0.155458
  0
VERTEX
  8
0
 10
171.202928
 20
546.801070
 42
-0.063737
  0
VERTEX
  8
0
 10
170.557988
 20
546.620474
 42
-0.054683
  0
VERTEX
  8
0
 10
169.760520
 20
546.591378
 42
-0.045779
  0
VERTEX
  8
0
 10
168.924743
 20
546.729931
 42
-0.058934
  0
VERTEX
  8
0
 10
167.942637
 20
547.114825
 42
-0.151893
  0
VERTEX
  8
0
 10
167.413716
 20
547.651552
 42
-0.137031
  0
VERTEX
  8
0
 10
167.251857
 20
548.433052
 42
-0.044470
  0
VERTEX
  8
0
 10
167.438105
 20
549.609412
 42
0.021652
  0
VERTEX
  8
0
 10
167.683575
 20
550.804347
 42
0.173496
  0
VERTEX
  8
0
 10
167.582232
 20
551.348095
 42
0.302645
  0
VERTEX
  8
0
 10
167.205377
 20
551.532559
 42
0.058527
  0
VERTEX
  8
0
 10
166.431798
 20
551.335455
 42
0.095465
  0
VERTEX
  8
0
 10
165.820456
 20
550.954927
 42
0.101141
  0
VERTEX
  8
0
 10
165.409097
 20
550.381254
 42
0.095046
  0
VERTEX
  8
0
 10
165.239820
 20
549.661425
 42
0.074442
  0
VERTEX
  8
0
 10
165.325812
 20
548.862094
 42
-0.059172
  0
VERTEX
  8
0
 10
165.445383
 20
547.998436
 42
-0.169259
  0
VERTEX
  8
0
 10
165.259656
 20
547.430335
 42
-0.170964
  0
VERTEX
  8
0
 10
164.762785
 20
547.104210
 42
-0.060618
  0
VERTEX
  8
0
 10
163.906380
 20
547.000000
 42
-0.079670
  0
VERTEX
  8
0
 10
163.098822
 20
547.129498
 42
-0.119662
  0
VERTEX
  8
0
 10
162.495543
 20
547.504538
 42
-0.118224
  0
VERTEX
  8
0
 10
162.126722
 20
548.118364
 42
-0.076572
  0
VERTEX
  8
0
 10
162.000000
 20
548.940983
 42
0.091347
  0
VERTEX
  8
0
 10
161.742797
 20
550.337061
 42
0.114219
  0
VERTEX
  8
0
 10
161.009760
 20
551.427548
 42
0.164347
  0
VERTEX
  8
0
 10
160.072407
 20
551.852606
 42
0.225024
  0
VERTEX
  8
0
 10
159.212429
 20
551.545763
 42
0.185162
  0
VERTEX
  8
0
 10
159.071725
 20
551.230027
 42
0.123739
  0
VERTEX
  8
0
 10
159.148548
 20
550.837312
 42
0.089126
  0
VERTEX
  8
0
 10
159.443220
 20
550.422093
 42
0.055619
  0
VERTEX
  8
0
 10
159.914060
 20
550.053114
 42
-0.056728
  0
VERTEX
  8
0
 10
160.512071
 20
549.582338
 42
-0.273924
  0
VERTEX
  8
0
 10
160.617156
 20
549.180561
 42
-0.177140
  0
VERTEX
  8
0
 10
160.313658
 20
548.763916
 42
-0.024799
  0
VERTEX
  8
0
 10
159.385100
 20
548.206035
 42
-0.063531
  0
VERTEX
  8
0
 10
158.338373
 20
547.806620
 42
-0.365035
  0
VERTEX
  8
0
 10
157.846519
 20
548.051762
 42
-0.115280
  0
VERTEX
  8
0
 10
157.681022
 20
548.967128
 42
-0.007206
  0
VERTEX
  8
0
 10
157.860988
 20
551.727982
 42
-0.015438
  0
VERTEX
  8
0
 10
158.045830
 20
553.395792
 42
-0.036911
  0
VERTEX
  8
0
 10
158.311399
 20
554.611656
 42
-0.088921
  0
VERTEX
  8
0
 10
158.604910
 20
555.194942
 42
-0.528400
  0
VERTEX
  8
0
 10
158.887381
 20
555.182221
 42
0.115983
  0
VERTEX
  8
0
 10
159.247367
 20
554.821594
 42
0.107092
  0
VERTEX
  8
0
 10
159.740909
 20
554.645907
 42
0.095926
  0
VERTEX
  8
0
 10
160.308967
 20
554.681545
 42
0.075054
  0
VERTEX
  8
0
 10
160.878238
 20
554.924747
 42
0.089605
  0
VERTEX
  8
0
 10
161.409070
 20
555.402009
 42
0.251230
  0
VERTEX
  8
0
 10
161.489760
 20
555.879273
 42
0.135901
  0
VERTEX
  8
0
 10
161.115200
 20
556.432760
 42
0.023680
  0
VERTEX
  8
0
 10
160.108207
 20
557.211656
 42
-0.044448
  0
VERTEX
  8
0
 10
158.753728
 20
558.352170
 42
-0.313050
  0
VERTEX
  8
0
 10
158.611387
 20
559.155646
 42
-0.313995
  0
VERTEX
  8
0
 10
159.313869
 20
559.568062
 42
-0.044568
  0
VERTEX
  8
0
 10
161.057905
 20
559.274607
 42
-0.085868
  0
VERTEX
  8
0
 10
161.811024
 20
558.931855
 42
-0.076893
  0
VERTEX
  8
0
 10
162.438569
 20
558.345011
 42
-0.077448
  0
VERTEX
  8
0
 10
162.855924
 20
557.600329
 42
-0.089297
  0
SEQEND
  0
POLYLINE
  8
0
 66
1
 70
1
  0
VERTEX
  8
0
 10
125.000000
 20
539.081787
 42
-0.003339
  0
VERTEX
  8
0
 10
124.955941
 20
532.484649
 42
-0.004860
  0
VERTEX
  8
0
 10
124.821697
 20
526.668650
 42
-0.002511
  0
VERTEX
  8
0
 10
124.635609
 20
521.750762
 42
-0.081068
  0
VERTEX
  8
0
 10
124.393011
 20
520.581787
 42
-0.213682
  0
VERTEX
  8
0
 10
123.565444
 20
519.757593
 42
-0.058231
  0
VERTEX
  8
0
 10
121.732909
 20
519.297484
 42
-0.027804
  0
VERTEX
  8
0
 10
118.500647
 20
519.057633
 42
-0.004619
  0
VERTEX
  8
0
 10
112.262169
 20
519.000000
 42
0.000000
  0
VERTEX
  8
0
 10
100.738315
 20
519.000000
 42
0.000000
  0
VERTEX
  8
0
 10
101.358152
 20
522.750000
 42
0.028484
  0
VERTEX
  8
0
 10
101.600874
 20
525.012820
 42
0.003955
  0
VERTEX
  8
0
 10
101.799145
 20
529.731250
 42
0.004518
  0
VERTEX
  8
0
 10
101.939366
 20
535.327751
 42
0.003817
  0
VERTEX
  8
0
 10
101.988994
 20
541.250000
 42
0.000000
  0
VERTEX
  8
0
 10
102.000000
 20
556.000000
 42
0.000000
  0
VERTEX
  8
0
 10
113.500000
 20
556.000000
 42
0.000000
  0
VERTEX
  8
0
 10
125.000000
 20
556.000000
 42
0.000000
  0
SEQEND
  0
POLYLINE
  8
0
 66
1
 70
1
  0
VERTEX
  8
0
 10
149.000000
 20
537.500000
 42
0.000000
  0
VERTEX
  8
0
 10
149.000000
 20
519.000000
 42
0.000000
  0
VERTEX
  8
0
 10
137.500000
 20
519.000000
 42
0.000000
  0
VERTEX
  8
0
 10
126.000000
 20
519.000000
 42
0.000000
  0
VERTEX
  8
0
 10
126.000000
 20
536.833333
 42
-0.003496
  0
VERTEX
  8
0
 10
126.048127
 20
543.717270
 42
-0.005510
  0
VERTEX
  8
0
 10
126.195833
 20
549.623958
 42
-0.001706
  0
VERTEX
  8
0
 10
126.396866
 20
554.719507
 42
-0.187801
  0
VERTEX
  8
0
 10
126.666667
 20
555.333333
 42
-0.179603
  0
VERTEX
  8
0
 10
127.249211
 20
555.600487
 42
-0.004165
  0
VERTEX
  8
0
 10
130.319792
 20
555.804167
 42
-0.008732
  0
VERTEX
  8
0
 10
133.966687
 20
555.951739
 42
-0.005745
  0
VERTEX
  8
0
 10
138.166667
 20
556.000000
 42
0.000000
  0
VERTEX
  8
0
 10
149.000000
 20
556.000000
 42
0.000000
  0
SEQEND
  0
POLYLINE
  8
0
 66
1
 70
1
  0
VERTEX
  8
0
 10
192.772065
 20
536.250000
 42
0.000000
  0
VERTEX
  8
0
 10
192.500000
 20
517.500000
 42
0.000000
  0
VERTEX
  8
0
 10
186.750000
 20
517.200096
 42
0.000000
  0
VERTEX
  8
0
 10
181.000000
 20
516.900192
 42
0.000000
  0
VERTEX
  8
0
 10
181.000000
 20
535.950096
 42
0.000000
  0
VERTEX
  8
0
 10
181.000000
 20
555.000000
 42
0.000000
  0
VERTEX
  8
0
 10
187.022065
 20
555.000000
 42
0.000000
  0
VERTEX
  8
0
 10
193.044131
 20
555.000000
 42
0.000000
  0
SEQEND
  0
POLYLINE
  8
0
 66
1
 70
1
  0
VERTEX
  8
0
 10
252.000000
 20
536.000000
 42
0.000000
  0
VERTEX
  8
0
 10
252.000000
 20
517.000000
 42
0.000000
  0
VERTEX
  8
0
 10
246.500000
 20
517.000000
 42
0.000000
  0
VERTEX
  8
0
 10
241.000000
 20
517.000000
 42
0.000000
  0
VERTEX
  8
0
 10
241.000000
 20
536.000000
 42
0.000000
  0
VERTEX
  8
0
 10
241.000000
 20
555.000000
 42
0.000000
  0
VERTEX
  8
0
 10
246.500000
 20
555.000000
 42
0.000000
  0
VERTEX
  8
0
 10
252.000000
 20
555.000000
 42
0.000000
  0
SEQEND
  0
POLYLINE
  8
0
 66
1
 70
1
  0
VERTEX
  8
0
 10
233.000000
 20
535.000000
 42
0.000000
  0
VERTEX
  8
0
 10
233.000000
 20
517.000000
 42
0.000000
  0
VERTEX
  8
0
 10
227.250000
 20
516.998809
 42
0.000000
  0
VERTEX
  8
0
 10
221.500000
 20
516.997617
 42
0.000000
  0
VERTEX
  8
0
 10
221.793625
 20
534.998809
 42
0.000000
  0
VERTEX
  8
0
 10
222.087250
 20
553.000000
 42
0.000000
  0
VERTEX
  8
0
 10
227.543625
 20
553.000000
 42
0.000000
  0
VERTEX
  8
0
 10
233.000000
 20
553.000000
 42
0.000000
  0
SEQEND
  0
POLYLINE
  8
0
 66
1
 70
1
  0
VERTEX
  8
0
 10
159.810023
 20
543.861426
 42
-0.078158
  0
VERTEX
  8
0
 10
158.375017
 20
543.239125
 42
-0.067122
  0
VERTEX
  8
0
 10
156.739594
 20
543.043354
 42
-0.085653
  0
VERTEX
  8
0
 10
155.449573
 20
543.285827
 42
-0.313207
  0
VERTEX
  8
0
 10
155.000000
 20
543.933117
 42
-0.273741
  0
VERTEX
  8
0
 10
155.209034
 20
544.286316
 42
-0.058128
  0
VERTEX
  8
0
 10
155.898882
 20
544.566573
 42
-0.045711
  0
VERTEX
  8
0
 10
156.887533
 20
544.744852
 42
-0.028877
  0
VERTEX
  8
0
 10
158.060023
 20
544.779230
 42
-0.016335
  0
VERTEX
  8
0
 10
159.370094
 20
544.699096
 42
-0.097624
  0
VERTEX
  8
0
 10
160.022781
 20
544.505468
 42
-0.398627
  0
VERTEX
  8
0
 10
160.121041
 20
544.217782
 42
-0.145029
  0
SEQEND
  0
POLYLINE
  8
0
 66
1
 70
1
  0
VERTEX
  8
0
 10
168.500000
 20
543.000000
 42
0.042184
  0
VERTEX
  8
0
 10
168.289619
 20
542.072330
 42
0.144755
  0
VERTEX
  8
0
 10
168.380261
 20
541.467755
 42
0.197727
  0
VERTEX
  8
0
 10
168.757313
 20
541.120663
 42
0.088639
  0
VERTEX
  8
0
 10
169.432612
 20
541.000000
 42
-0.061935
  0
VERTEX
  8
0
 10
170.031939
 20
540.925476
 42
-0.080290
  0
VERTEX
  8
0
 10
170.539580
 20
540.706250
 42
-0.097848
  0
VERTEX
  8
0
 10
170.879355
 20
540.381384
 42
-0.154397
  0
VERTEX
  8
0
 10
171.000000
 20
540.000000
 42
-0.099038
  0
VERTEX
  8
0
 10
170.923658
 20
539.618362
 42
-0.097945
  0
VERTEX
  8
0
 10
170.706250
 20
539.293750
 42
-0.097945
  0
VERTEX
  8
0
 10
170.381638
 20
539.076342
 42
-0.099038
  0
VERTEX
  8
0
 10
170.000000
 20
539.000000
 42
0.191087
  0
VERTEX
  8
0
 10
169.618118
 20
538.848523
 42
0.088204
  0
VERTEX
  8
0
 10
169.293750
 20
538.412500
 42
0.068025
  0
VERTEX
  8
0
 10
169.073693
 20
537.765418
 42
0.048028
  0
VERTEX
  8
0
 10
169.000000
 20
537.000000
 42
0.072207
  0
VERTEX
  8
0
 10
169.112465
 20
536.225285
 42
0.090598
  0
VERTEX
  8
0
 10
169.439945
 20
535.579043
 42
0.103823
  0
VERTEX
  8
0
 10
169.932386
 20
535.152200
 42
0.127498
  0
VERTEX
  8
0
 10
170.519557
 20
535.000000
 42
-0.122356
  0
VERTEX
  8
0
 10
171.186565
 20
534.834295
 42
-0.181172
  0
VERTEX
  8
0
 10
171.582095
 20
534.388152
 42
-0.107365
  0
VERTEX
  8
0
 10
171.705674
 20
533.586603
 42
-0.029620
  0
VERTEX
  8
0
 10
171.551947
 20
532.313435
 42
0.042812
  0
VERTEX
  8
0
 10
171.446095
 20
531.188425
 42
0.039480
  0
VERTEX
  8
0
 10
171.528089
 20
530.030228
 42
0.041871
  0
VERTEX
  8
0
 10
171.770971
 20
529.008061
 42
0.094213
  0
VERTEX
  8
0
 10
172.154835
 20
528.313435
 42
-0.111150
  0
VERTEX
  8
0
 10
172.600174
 20
527.439612
 42
-0.471629
  0
VERTEX
  8
0
 10
172.300043
 20
527.029221
 42
-0.158635
  0
VERTEX
  8
0
 10
171.339991
 20
527.281210
 42
-0.053567
  0
VERTEX
  8
0
 10
170.200000
 20
528.200000
 42
0.029119
  0
VERTEX
  8
0
 10
169.672581
 20
528.669322
 42
0.142776
  0
VERTEX
  8
0
 10
169.306816
 20
528.817675
 42
0.315231
  0
VERTEX
  8
0
 10
169.085237
 20
528.694007
 42
0.113230
  0
VERTEX
  8
0
 10
169.000000
 20
528.322445
 42
0.105546
  0
VERTEX
  8
0
 10
169.107466
 20
527.819018
 42
0.039865
  0
VERTEX
  8
0
 10
169.454529
 20
527.184195
 42
0.037278
  0
VERTEX
  8
0
 10
169.955251
 20
526.531675
 42
0.037274
  0
VERTEX
  8
0
 10
170.547334
 20
525.960716
 42
-0.029780
  0
VERTEX
  8
0
 10
171.292543
 20
525.263321
 42
-0.161609
  0
VERTEX
  8
0
 10
171.524376
 20
524.769006
 42
-0.223661
  0
VERTEX
  8
0
 10
171.377860
 20
524.329802
 42
-0.060935
  0
VERTEX
  8
0
 10
170.797334
 20
523.853584
 42
0.015045
  0
VERTEX
  8
0
 10
170.146434
 20
523.412680
 42
0.286259
  0
VERTEX
  8
0
 10
170.057561
 20
523.195065
 42
0.341633
  0
VERTEX
  8
0
 10
170.215979
 20
523.049685
 42
0.018372
  0
VERTEX
  8
0
 10
170.941130
 20
523.015313
 42
-0.075676
  0
VERTEX
  8
0
 10
171.491278
 20
522.925576
 42
-0.415577
  0
VERTEX
  8
0
 10
171.614150
 20
522.683875
 42
-0.140238
  0
VERTEX
  8
0
 10
171.342797
 20
522.283872
 42
-0.016176
  0
VERTEX
  8
0
 10
170.478876
 20
521.608213
 42
0.031378
  0
VERTEX
  8
0
 10
169.500130
 20
520.793638
 42
0.157948
  0
VERTEX
  8
0
 10
169.162833
 20
520.177169
 42
0.179145
  0
VERTEX
  8
0
 10
169.272795
 20
519.525605
 42
0.042777
  0
VERTEX
  8
0
 10
169.910192
 20
518.608213
 42
-0.202832
  0
VERTEX
  8
0
 10
170.156360
 20
517.790718
 42
-0.322833
  0
VERTEX
  8
0
 10
169.688648
 20
517.270484
 42
-0.052052
  0
VERTEX
  8
0
 10
167.874856
 20
517.070237
 42
-0.003844
  0
VERTEX
  8
0
 10
162.872445
 20
517.078947
 42
-0.005780
  0
VERTEX
  8
0
 10
159.743619
 20
517.144625
 42
-0.012293
  0
VERTEX
  8
0
 10
157.326593
 20
517.282867
 42
-0.016508
  0
VERTEX
  8
0
 10
155.773744
 20
517.461813
 42
-0.764284
  0
VERTEX
  8
0
 10
155.750000
 20
517.662281
 42
0.161605
  0
VERTEX
  8
0
 10
156.593481
 20
518.378475
 42
0.118456
  0
VERTEX
  8
0
 10
156.971334
 20
519.555724
 42
0.152487
  0
VERTEX
  8
0
 10
156.733868
 20
520.579683
 42
0.266094
  0
VERTEX
  8
0
 10
156.000000
 20
521.000000
 42
-0.105053
  0
VERTEX
  8
0
 10
155.618444
 20
521.081062
 42
-0.099167
  0
VERTEX
  8
0
 10
155.293750
 20
521.311086
 42
-0.096420
  0
VERTEX
  8
0
 10
155.076123
 20
521.654762
 42
-0.093332
  0
VERTEX
  8
0
 10
155.000000
 20
522.059017
 42
-0.074598
  0
VERTEX
  8
0
 10
155.055709
 20
522.430335
 42
-0.149651
  0
VERTEX
  8
0
 10
155.220313
 20
522.673569
 42
-0.185773
  0
VERTEX
  8
0
 10
155.464786
 20
522.752258
 42
-0.122718
  0
VERTEX
  8
0
 10
155.750000
 20
522.663977
 42
0.169421
  0
VERTEX
  8
0
 10
156.124521
 20
522.584648
 42
0.070233
  0
VERTEX
  8
0
 10
156.630462
 20
522.723125
 42
0.058386
  0
VERTEX
  8
0
 10
157.181796
 20
523.041758
 42
0.046149
  0
VERTEX
  8
0
 10
157.694126
 20
523.502941
 42
0.052978
  0
VERTEX
  8
0
 10
158.198154
 20
524.180186
 42
0.253803
  0
VERTEX
  8
0
 10
158.215277
 20
524.644845
 42
0.186645
  0
VERTEX
  8
0
 10
157.815661
 20
525.010814
 42
0.029172
  0
VERTEX
  8
0
 10
156.779675
 20
525.347365
 42
-0.026913
  0
VERTEX
  8
0
 10
155.646968
 20
525.709693
 42
-0.221608
  0
VERTEX
  8
0
 10
155.279341
 20
526.087892
 42
-0.231642
  0
VERTEX
  8
0
 10
155.341316
 20
526.601021
 42
-0.029327
  0
VERTEX
  8
0
 10
156.021247
 20
527.525601
 42
0.026900
  0
VERTEX
  8
0
 10
156.697574
 20
528.435996
 42
0.151384
  0
VERTEX
  8
0
 10
156.865727
 20
529.010662
 42
0.200458
  0
VERTEX
  8
0
 10
156.657126
 20
529.488654
 42
0.052562
  0
VERTEX
  8
0
 10
155.981912
 20
530.011179
 42
-0.081325
  0
VERTEX
  8
0
 10
155.356472
 20
530.555176
 42
-0.154841
  0
VERTEX
  8
0
 10
155.108332
 20
531.166837
 42
-0.106721
  0
VERTEX
  8
0
 10
155.217427
 20
531.973152
 42
-0.027702
  0
VERTEX
  8
0
 10
155.733363
 20
533.184964
 42
0.020631
  0
VERTEX
  8
0
 10
156.926709
 20
535.881461
 42
0.040858
  0
VERTEX
  8
0
 10
157.603480
 20
538.118972
 42
0.100484
  0
VERTEX
  8
0
 10
157.617846
 20
539.341602
 42
0.525650
  0
VERTEX
  8
0
 10
157.107134
 20
539.566212
 42
-0.066956
  0
VERTEX
  8
0
 10
156.683275
 20
539.376999
 42
-0.140148
  0
VERTEX
  8
0
 10
156.325221
 20
539.374255
 42
-0.190926
  0
VERTEX
  8
0
 10
156.089780
 20
539.552543
 42
-0.137190
  0
VERTEX
  8
0
 10
156.000000
 20
539.873595
 42
-0.258441
  0
VERTEX
  8
0
 10
156.489447
 20
540.757272
 42
-0.060720
  0
VERTEX
  8
0
 10
158.076354
 20
541.500245
 42
-0.060000
  0
VERTEX
  8
0
 10
159.820772
 20
541.847918
 42
-0.228991
  0
VERTEX
  8
0
 10
160.825361
 20
541.454401
 42
-0.143384
  0
VERTEX
  8
0
 10
160.981182
 20
541.141786
 42
-0.159596
  0
VERTEX
  8
0
 10
160.934637
 20
540.808964
 42
-0.123275
  0
VERTEX
  8
0
 10
160.677899
 20
540.504636
 42
-0.070537
  0
VERTEX
  8
0
 10
160.250000
 20
540.279762
 42
0.110229
  0
VERTEX
  8
0
 10
159.330036
 20
539.699658
 42
0.220371
  0
VERTEX
  8
0
 10
159.037661
 20
538.910522
 42
0.250268
  0
VERTEX
  8
0
 10
159.457992
 20
538.253954
 42
0.128420
  0
VERTEX
  8
0
 10
160.430449
 20
538.000000
 42
0.140899
  0
VERTEX
  8
0
 10
161.000968
 20
538.164027
 42
0.083342
  0
VERTEX
  8
0
 10
161.534572
 20
538.637929
 42
0.071720
  0
VERTEX
  8
0
 10
161.951548
 20
539.341357
 42
0.061528
  0
VERTEX
  8
0
 10
162.180449
 20
540.171672
 42
-0.084961
  0
VERTEX
  8
0
 10
162.736114
 20
541.873416
 42
-0.195677
  0
VERTEX
  8
0
 10
163.748270
 20
542.724556
 42
-0.345964
  0
VERTEX
  8
0
 10
164.627588
 20
542.400164
 42
-0.138685
  0
VERTEX
  8
0
 10
165.000000
 20
541.083333
 42
0.065453
  0
VERTEX
  8
0
 10
165.115526
 20
540.204595
 42
0.110663
  0
VERTEX
  8
0
 10
165.458162
 20
539.549441
 42
0.124211
  0
VERTEX
  8
0
 10
166.014344
 20
539.151248
 42
0.096028
  0
VERTEX
  8
0
 10
166.750000
 20
539.015313
 42
0.013120
  0
VERTEX
  8
0
 10
167.686450
 20
539.048091
 42
0.304309
  0
VERTEX
  8
0
 10
167.888239
 20
539.202142
 42
0.330568
  0
VERTEX
  8
0
 10
167.813799
 20
539.434072
 42
0.014385
  0
VERTEX
  8
0
 10
167.064302
 20
539.939097
 42
-0.054153
  0
VERTEX
  8
0
 10
166.411878
 20
540.458504
 42
-0.171529
  0
VERTEX
  8
0
 10
166.172397
 20
540.953666
 42
-0.158032
  0
VERTEX
  8
0
 10
166.288114
 20
541.516561
 42
-0.044154
  0
VERTEX
  8
0
 10
166.805626
 20
542.265794
 42
0.047970
  0
VERTEX
  8
0
 10
167.207414
 20
542.857064
 42
0.064093
  0
VERTEX
  8
0
 10
167.443613
 20
543.460700
 42
0.079962
  0
VERTEX
  8
0
 10
167.488460
 20
543.984656
 42
0.179697
  0
VERTEX
  8
0
 10
167.324657
 20
544.342009
 42
-0.124354
  0
VERTEX
  8
0
 10
167.175665
 20
544.591721
 42
-0.257907
  0
VERTEX
  8
0
 10
167.222455
 20
544.806715
 42
-0.160877
  0
VERTEX
  8
0
 10
167.472422
 20
544.954073
 42
-0.053463
  0
VERTEX
  8
0
 10
167.900721
 20
545.000000
 42
-0.152950
  0
VERTEX
  8
0
 10
168.366740
 20
544.854030
 42
-0.169746
  0
VERTEX
  8
0
 10
168.642738
 20
544.473427
 42
-0.107409
  0
VERTEX
  8
0
 10
168.691181
 20
543.846586
 42
-0.042641
  0
SEQEND
  0
POLYLINE
  8
0
 66
1
 70
1
  0
VERTEX
  8
0
 10
208.000000
 20
532.439635
 42
0.000000
  0
VERTEX
  8
0
 10
208.000000
 20
527.879269
 42
0.000000
  0
VERTEX
  8
0
 10
204.355823
 20
528.189635
 42
-0.024633
  0
VERTEX
  8
0
 10
202.343578
 20
528.461348
 42
-0.120056
  0
VERTEX
  8
0
 10
201.302391
 20
528.929367
 42
-0.153678
  0
VERTEX
  8
0
 10
200.728995
 20
529.759604
 42
-0.048850
  0
VERTEX
  8
0
 10
200.424042
 20
531.250000
 42
-0.034819
  0
VERTEX
  8
0
 10
200.369084
 20
532.838064
 42
-0.207179
  0
VERTEX
  8
0
 10
200.717179
 20
533.570618
 42
-0.161550
  0
VERTEX
  8
0
 10
201.550631
 20
533.921317
 42
-0.019492
  0
VERTEX
  8
0
 10
203.568220
 20
534.000000
 42
0.042235
  0
VERTEX
  8
0
 10
205.805448
 20
534.189317
 42
0.195639
  0
VERTEX
  8
0
 10
206.886246
 20
534.859774
 42
0.428604
  0
VERTEX
  8
0
 10
206.742273
 20
535.647940
 42
0.081346
  0
VERTEX
  8
0
 10
205.250000
 20
536.310674
 42
-0.011590
  0
VERTEX
  8
0
 10
204.411700
 20
536.550633
 42
-0.541772
  0
VERTEX
  8
0
 10
204.371220
 20
536.693656
 42
-0.197309
  0
VERTEX
  8
0
 10
204.607705
 20
536.812001
 42
-0.005718
  0
VERTEX
  8
0
 10
205.750000
 20
536.883999
 42
-0.075488
  0
VERTEX
  8
0
 10
206.979186
 20
536.761687
 42
-0.216355
  0
VERTEX
  8
0
 10
207.633014
 20
536.237261
 42
-0.105317
  0
VERTEX
  8
0
 10
207.934996
 20
535.096494
 42
-0.012231
  0
SEQEND
  0
POLYLINE
  8
0
 66
1
 70
1
  0
VERTEX
  8
0
 10
212.000000
 20
529.833333
 42
-0.010067
  0
VERTEX
  8
0
 10
211.960850
 20
527.889083
 42
-0.019763
  0
VERTEX
  8
0
 10
211.837534
 20
526.346841
 42
-0.021766
  0
VERTEX
  8
0
 10
211.662935
 20
525.284090
 42
-0.595981
  0
VERTEX
  8
0
 10
211.446924
 20
525.219743
 42
-0.170314
  0
VERTEX
  8
0
 10
210.763557
 20
526.641645
 42
-0.016608
  0
VERTEX
  8
0
 10
210.464167
 20
530.501796
 42
-0.013163
  0
VERTEX
  8
0
 10
210.394770
 20
534.385542
 42
-0.411739
  0
VERTEX
  8
0
 10
211.014446
 20
535.000000
 42
-0.327420
  0
VERTEX
  8
0
 10
211.399224
 20
534.717777
 42
-0.029167
  0
VERTEX
  8
0
 10
211.710494
 20
533.482292
 42
-0.029180
  0
VERTEX
  8
0
 10
211.928868
 20
531.813836
 42
-0.017952
  0
SEQEND
  0
POLYLINE
  8
0
 66
1
 70
1
  0
VERTEX
  8
0
 10
209.250000
 20
517.276604
 42
-0.019375
  0
VERTEX
  8
0
 10
207.770235
 20
517.150935
 42
-0.011494
  0
VERTEX
  8
0
 10
206.000000
 20
517.110234
 42
-0.011494
  0
VERTEX
  8
0
 10
204.229765
 20
517.150935
 42
-0.019375
  0
VERTEX
  8
0
 10
202.750000
 20
517.276604
 42
-0.108536
  0
VERTEX
  8
0
 10
202.333801
 20
517.423685
 42
-0.707215
  0
VERTEX
  8
0
 10
202.364063
 20
517.561450
 42
-0.025693
  0
VERTEX
  8
0
 10
203.670434
 20
517.655793
 42
-0.005179
  0
VERTEX
  8
0
 10
206.000000
 20
517.679926
 42
-0.005179
  0
VERTEX
  8
0
 10
208.329566
 20
517.655793
 42
-0.025693
  0
VERTEX
  8
0
 10
209.635937
 20
517.561450
 42
-0.707215
  0
VERTEX
  8
0
 10
209.666199
 20
517.423685
 42
-0.108536
  0
SEQEND
  0
POLYLINE
  8
0
 66
1
 70
1
  0
VERTEX
  8
0
 10
154.000000
 20
511.500000
 42
-0.019182
  0
VERTEX
  8
0
 10
153.933801
 20
509.775124
 42
-0.031068
  0
VERTEX
  8
0
 10
153.730729
 20
508.321875
 42
-0.032367
  0
VERTEX
  8
0
 10
153.440454
 20
507.255065
 42
-0.320444
  0
VERTEX
  8
0
 10
153.083333
 20
507.000000
 42
-0.320444
  0
VERTEX
  8
0
 10
152.726213
 20
507.255065
 42
-0.032367
  0
VERTEX
  8
0
 10
152.435937
 20
508.321875
 42
-0.031068
  0
VERTEX
  8
0
 10
152.232866
 20
509.775124
 42
-0.019182
  0
VERTEX
  8
0
 10
152.166667
 20
511.500000
 42
-0.019182
  0
VERTEX
  8
0
 10
152.232866
 20
513.224876
 42
-0.031068
  0
VERTEX
  8
0
 10
152.435937
 20
514.678125
 42
-0.032367
  0
VERTEX
  8
0
 10
152.726213
 20
515.744935
 42
-0.320444
  0
VERTEX
  8
0
 10
153.083333
 20
516.000000
 42
-0.320444
  0
VERTEX
  8
0
 10
153.440454
 20
515.744935
 42
-0.032367
  0
VERTEX
  8
0
 10
153.730729
 20
514.678125
 42
-0.031068
  0
VERTEX
  8
0
 10
153.933801
 20
513.224876
 42
-0.019182
  0
SEQEND
  0
POLYLINE
  8
0
 66
1
 70
1
  0
VERTEX
  8
0
 10
177.469932
 20
508.232537
 42
0.005603
  0
VERTEX
  8
0
 10
177.501772
 20
503.714724
 42
0.070956
  0
VERTEX
  8
0
 10
177.771960
 20
502.039721
 42
0.213361
  0
VERTEX
  8
0
 10
178.442984
 20
501.277756
 42
0.107501
  0
VERTEX
  8
0
 10
179.719932
 20
501.000000
 42
-0.068864
  0
VERTEX
  8
0
 10
180.943806
 20
500.830635
 42
-0.196911
  0
VERTEX
  8
0
 10
181.607496
 20
500.311417
 42
-0.113445
  0
VERTEX
  8
0
 10
181.925305
 20
499.254739
 42
-0.016559
  0
VERTEX
  8
0
 10
182.000000
 20
497.000000
 42
-0.016688
  0
VERTEX
  8
0
 10
181.921089
 20
494.636356
 42
-0.131247
  0
VERTEX
  8
0
 10
181.570730
 20
493.605924
 42
-0.192989
  0
VERTEX
  8
0
 10
180.815338
 20
493.088294
 42
-0.044146
  0
VERTEX
  8
0
 10
179.250000
 20
492.881685
 42
0.000000
  0
VERTEX
  8
0
 10
176.500000
 20
492.763370
 42
0.000000
  0
VERTEX
  8
0
 10
179.181110
 20
492.131685
 42
-0.021439
  0
VERTEX
  8
0
 10
180.600590
 20
491.732318
 42
-0.165981
  0
VERTEX
  8
0
 10
181.143095
 20
491.323239
 42
-0.261184
  0
VERTEX
  8
0
 10
181.189371
 20
490.778758
 42
-0.053914
  0
VERTEX
  8
0
 10
180.681110
 20
489.918979
 42
-0.152329
  0
VERTEX
  8
0
 10
179.569499
 20
489.113840
 42
-0.044344
  0
VERTEX
  8
0
 10
177.489684
 20
488.613937
 42
-0.025747
  0
VERTEX
  8
0
 10
174.151668
 20
488.293272
 42
-0.005868
  0
VERTEX
  8
0
 10
168.474442
 20
488.108397
 42
-0.012577
  0
VERTEX
  8
0
 10
160.494944
 20
488.142988
 42
-0.050307
  0
VERTEX
  8
0
 10
155.655854
 20
488.775717
 42
-0.103590
  0
VERTEX
  8
0
 10
152.973338
 20
490.028739
 42
-0.236086
  0
VERTEX
  8
0
 10
152.000000
 20
491.975249
 42
-0.064610
  0
VERTEX
  8
0
 10
152.100446
 20
492.749332
 42
-0.082253
  0
VERTEX
  8
0
 10
152.395097
 20
493.405229
 42
-0.098818
  0
VERTEX
  8
0
 10
152.832084
 20
493.844012
 42
-0.148695
  0
VERTEX
  8
0
 10
153.345012
 20
494.000000
 42
0.105367
  0
VERTEX
  8
0
 10
153.986360
 20
494.136671
 42
0.036283
  0
VERTEX
  8
0
 10
154.826608
 20
494.587500
 42
0.034148
  0
VERTEX
  8
0
 10
155.708140
 20
495.234645
 42
0.033439
  0
VERTEX
  8
0
 10
156.500000
 20
496.000000
 42
0.029365
  0
VERTEX
  8
0
 10
157.117734
 20
496.768836
 42
0.072011
  0
VERTEX
  8
0
 10
157.448237
 20
497.412500
 42
0.171229
  0
VERTEX
  8
0
 10
157.444752
 20
497.818826
 42
0.315662
  0
VERTEX
  8
0
 10
157.186372
 20
498.000000
 42
-0.155326
  0
VERTEX
  8
0
 10
156.806014
 20
498.121080
 42
-0.152196
  0
VERTEX
  8
0
 10
156.561912
 20
498.440625
 42
-0.113615
  0
VERTEX
  8
0
 10
156.501390
 20
498.926161
 42
-0.066135
  0
VERTEX
  8
0
 10
156.638374
 20
499.500000
 42
-0.202019
  0
VERTEX
  8
0
 10
157.352018
 20
500.243250
 42
-0.061521
  0
VERTEX
  8
0
 10
158.881377
 20
500.689917
 42
-0.033002
  0
VERTEX
  8
0
 10
161.447223
 20
500.935161
 42
-0.007336
  0
VERTEX
  8
0
 10
165.856989
 20
500.999719
 42
0.000000
  0
VERTEX
  8
0
 10
174.500000
 20
500.999439
 42
0.000000
  0
VERTEX
  8
0
 10
174.288891
 20
508.565554
 42
-0.005658
  0
VERTEX
  8
0
 10
174.216677
 20
512.920976
 42
-0.052486
  0
VERTEX
  8
0
 10
174.403703
 20
514.792284
 42
-0.182238
  0
VERTEX
  8
0
 10
174.913679
 20
515.596725
 42
-0.212526
  0
VERTEX
  8
0
 10
175.788891
 20
515.798372
 42
-0.179828
  0
VERTEX
  8
0
 10
176.658245
 20
515.267484
 42
-0.112491
  0
VERTEX
  8
0
 10
177.175019
 20
514.177370
 42
-0.047853
  0
VERTEX
  8
0
 10
177.424338
 20
512.160671
 42
-0.007882
  0
SEQEND
  0
POLYLINE
  8
0
 66
1
 70
1
  0
VERTEX
  8
0
 10
192.324110
 20
514.597766
 42
-0.121483
  0
VERTEX
  8
0
 10
192.483689
 20
513.323946
 42
-0.248355
  0
VERTEX
  8
0
 10
191.927691
 20
512.518206
 42
-0.104212
  0
VERTEX
  8
0
 10
190.429737
 20
512.100007
 42
-0.016145
  0
VERTEX
  8
0
 10
187.333333
 20
512.000000
 42
-0.040886
  0
VERTEX
  8
0
 10
184.729602
 20
512.213266
 42
-0.144586
  0
VERTEX
  8
0
 10
183.235480
 20
512.936176
 42
-0.279360
  0
VERTEX
  8
0
 10
182.913777
 20
514.021547
 42
-0.132955
  0
VERTEX
  8
0
 10
183.666667
 20
515.333333
 42
-0.183469
  0
VERTEX
  8
0
 10
185.198831
 20
516.022147
 42
-0.036104
  0
VERTEX
  8
0
 10
188.268711
 20
515.983514
 42
-0.034597
  0
VERTEX
  8
0
 10
191.259910
 20
515.519419
 42
-0.250367
  0
SEQEND
  0
POLYLINE
  8
0
 66
1
 70
1
  0
VERTEX
  8
0
 10
212.500000
 20
512.000000
 42
-0.033533
  0
VERTEX
  8
0
 10
212.236871
 20
508.080924
 42
-0.167697
  0
VERTEX
  8
0
 10
211.261276
 20
506.143004
 42
-0.170057
  0
VERTEX
  8
0
 10
209.306972
 20
505.234342
 42
-0.034705
  0
VERTEX
  8
0
 10
205.437042
 20
505.122286
 42
0.000000
  0
VERTEX
  8
0
 10
199.996798
 20
505.342382
 42
0.000000
  0
VERTEX
  8
0
 10
200.138015
 20
509.921191
 42
-0.008535
  0
VERTEX
  8
0
 10
200.224869
 20
511.732973
 42
-0.011077
  0
VERTEX
  8
0
 10
200.369531
 20
513.389173
 42
-0.008906
  0
VERTEX
  8
0
 10
200.544755
 20
514.760486
 42
-0.092167
  0
VERTEX
  8
0
 10
200.727848
 20
515.297271
 42
-0.232411
  0
VERTEX
  8
0
 10
201.165384
 20
515.597602
 42
-0.015799
  0
VERTEX
  8
0
 10
202.707828
 20
515.773021
 42
-0.020022
  0
VERTEX
  8
0
 10
204.636313
 20
515.853308
 42
-0.013508
  0
VERTEX
  8
0
 10
206.838232
 20
515.797271
 42
0.000000
  0
VERTEX
  8
0
 10
212.500000
 20
515.500000
 42
0.000000
  0
SEQEND
  0
POLYLINE
  8
0
 66
1
 70
1
  0
VERTEX
  8
0
 10
233.000000
 20
511.096513
 42
0.000000
  0
VERTEX
  8
0
 10
233.000000
 20
506.193027
 42
0.000000
  0
VERTEX
  8
0
 10
227.994026
 20
505.846513
 42
-0.010426
  0
VERTEX
  8
0
 10
223.839526
 20
505.645864
 42
-0.100436
  0
VERTEX
  8
0
 10
222.106186
 20
505.948387
 42
-0.224562
  0
VERTEX
  8
0
 10
221.278323
 20
506.826395
 42
-0.078716
  0
VERTEX
  8
0
 10
221.000000
 20
508.583333
 42
-0.051603
  0
VERTEX
  8
0
 10
221.109362
 20
509.640153
 42
-0.099933
  0
VERTEX
  8
0
 10
221.443035
 20
510.417557
 42
-0.122448
  0
VERTEX
  8
0
 10
221.996554
 20
510.905458
 42
-0.103517
  0
VERTEX
  8
0
 10
222.750000
 20
511.116001
 42
0.002113
  0
VERTEX
  8
0
 10
223.923939
 20
511.198801
 42
0.392517
  0
VERTEX
  8
0
 10
224.000000
 20
511.280763
 42
0.339035
  0
VERTEX
  8
0
 10
223.926177
 20
511.377121
 42
0.001923
  0
VERTEX
  8
0
 10
222.750000
 20
511.689326
 42
-0.095520
  0
VERTEX
  8
0
 10
222.081374
 20
512.009076
 42
-0.075402
  0
VERTEX
  8
0
 10
221.514062
 20
512.578271
 42
-0.073873
  0
VERTEX
  8
0
 10
221.131587
 20
513.302748
 42
-0.084769
  0
VERTEX
  8
0
 10
221.000000
 20
514.073324
 42
-0.137539
  0
VERTEX
  8
0
 10
221.282841
 20
515.082095
 42
-0.180255
  0
VERTEX
  8
0
 10
222.028543
 20
515.669722
 42
-0.069102
  0
VERTEX
  8
0
 10
223.581187
 20
515.940605
 42
-0.008686
  0
VERTEX
  8
0
 10
227.000000
 20
516.000000
 42
0.000000
  0
VERTEX
  8
0
 10
233.000000
 20
516.000000
 42
0.000000
  0
SEQEND
  0
POLYLINE
  8
0
 66
1
 70
1
  0
VERTEX
  8
0
 10
244.000000
 20
514.000000
 42
-0.072314
  0
VERTEX
  8
0
 10
243.888136
 20
513.230589
 42
-0.088920
  0
VERTEX
  8
0
 10
243.562500
 20
512.583333
 42
-0.102140
  0
VERTEX
  8
0
 10
243.075754
 20
512.153209
 42
-0.130775
  0
VERTEX
  8
0
 10
242.500000
 20
512.000000
 42
-0.130775
  0
VERTEX
  8
0
 10
241.924246
 20
512.153209
 42
-0.102140
  0
VERTEX
  8
0
 10
241.437500
 20
512.583333
 42
-0.088920
  0
VERTEX
  8
0
 10
241.111864
 20
513.230589
 42
-0.072314
  0
VERTEX
  8
0
 10
241.000000
 20
514.000000
 42
-0.072314
  0
VERTEX
  8
0
 10
241.111864
 20
514.769411
 42
-0.088920
  0
VERTEX
  8
0
 10
241.437500
 20
515.416667
 42
-0.102140
  0
VERTEX
  8
0
 10
241.924246
 20
515.846791
 42
-0.130775
  0
VERTEX
  8
0
 10
242.500000
 20
516.000000
 42
-0.130775
  0
VERTEX
  8
0
 10
243.075754
 20
515.846791
 42
-0.102140
  0
VERTEX
  8
0
 10
243.562500
 20
515.416667
 42
-0.088920
  0
VERTEX
  8
0
 10
243.888136
 20
514.769411
 42
-0.072314
  0
SEQEND
  0
POLYLINE
  8
0
 66
1
 70
1
  0
VERTEX
  8
0
 10
252.000000
 20
510.500000
 42
0.000000
  0
VERTEX
  8
0
 10
252.000000
 20
505.000000
 42
0.000000
  0
VERTEX
  8
0
 10
248.718108
 20
505.000000
 42
-0.027101
  0
VERTEX
  8
0
 10
246.904055
 20
505.098398
 42
-0.137351
  0
VERTEX
  8
0
 10
245.973069
 20
505.471729
 42
-0.165652
  0
VERTEX
  8
0
 10
245.465252
 20
506.233284
 42
-0.044331
  0
VERTEX
  8
0
 10
245.213727
 20
507.688276
 42
-0.044888
  0
VERTEX
  8
0
 10
245.221494
 20
508.775691
 42
-0.047796
  0
VERTEX
  8
0
 10
245.425069
 20
509.820816
 42
-0.052966
  0
VERTEX
  8
0
 10
245.780210
 20
510.675712
 42
-0.127063
  0
VERTEX
  8
0
 10
246.245619
 20
511.172963
 42
0.012722
  0
VERTEX
  8
0
 10
246.888177
 20
511.604245
 42
0.241758
  0
VERTEX
  8
0
 10
246.996454
 20
511.812322
 42
0.386909
  0
VERTEX
  8
0
 10
246.872640
 20
511.949858
 42
0.021819
  0
VERTEX
  8
0
 10
246.250000
 20
511.984687
 42
-0.156456
  0
VERTEX
  8
0
 10
245.773177
 20
512.144102
 42
-0.095937
  0
VERTEX
  8
0
 10
245.367188
 20
512.583002
 42
-0.078496
  0
VERTEX
  8
0
 10
245.093070
 20
513.234059
 42
-0.060533
  0
VERTEX
  8
0
 10
245.000000
 20
514.000000
 42
-0.087745
  0
VERTEX
  8
0
 10
245.177287
 20
515.002462
 42
-0.177212
  0
VERTEX
  8
0
 10
245.687500
 20
515.607143
 42
-0.107690
  0
VERTEX
  8
0
 10
246.675720
 20
515.917816
 42
-0.022514
  0
VERTEX
  8
0
 10
248.500000
 20
516.000000
 42
0.000000
  0
VERTEX
  8
0
 10
252.000000
 20
516.000000
 42
0.000000
  0
SEQEND
  0
POLYLINE
  8
0
 66
1
 70
1
  0
VERTEX
  8
0
 10
258.620570
 20
508.415848
 42
0.000000
  0
VERTEX
  8
0
 10
258.289684
 20
500.831696
 42
0.000000
  0
VERTEX
  8
0
 10
263.646205
 20
501.165848
 42
-0.015881
  0
VERTEX
  8
0
 10
265.786645
 20
501.231244
 42
-0.030544
  0
VERTEX
  8
0
 10
267.498886
 20
501.124459
 42
-0.034427
  0
VERTEX
  8
0
 10
268.714432
 20
500.887937
 42
-0.335791
  0
VERTEX
  8
0
 10
269.016676
 20
500.500000
 42
0.088487
  0
VERTEX
  8
0
 10
269.076910
 20
500.187580
 42
0.347192
  0
VERTEX
  8
0
 10
269.234512
 20
500.094075
 42
0.178725
  0
VERTEX
  8
0
 10
269.469159
 20
500.218203
 42
0.035433
  0
VERTEX
  8
0
 10
269.765313
 20
500.600056
 42
-0.055286
  0
VERTEX
  8
0
 10
270.154583
 20
501.062880
 42
-0.029751
  0
VERTEX
  8
0
 10
270.724811
 20
501.544701
 42
-0.029240
  0
VERTEX
  8
0
 10
271.371863
 20
501.971980
 42
-0.040378
  0
VERTEX
  8
0
 10
272.000000
 20
502.271109
 42
0.229981
  0
VERTEX
  8
0
 10
272.206338
 20
502.490402
 42
0.398849
  0
VERTEX
  8
0
 10
272.104688
 20
502.697566
 42
0.066446
  0
VERTEX
  8
0
 10
271.412760
 20
502.854411
 42
0.016484
  0
VERTEX
  8
0
 10
270.250000
 20
502.921053
 42
-0.087116
  0
VERTEX
  8
0
 10
268.076151
 20
503.357371
 42
-0.210487
  0
VERTEX
  8
0
 10
266.943068
 20
504.493614
 42
-0.375363
  0
VERTEX
  8
0
 10
267.329453
 20
505.555119
 42
-0.126551
  0
VERTEX
  8
0
 10
269.059017
 20
506.000000
 42
0.048138
  0
VERTEX
  8
0
 10
269.807859
 20
506.072263
 42
0.106696
  0
VERTEX
  8
0
 10
270.332411
 20
506.297134
 42
0.184801
  0
VERTEX
  8
0
 10
270.554444
 20
506.630372
 42
0.196428
  0
VERTEX
  8
0
 10
270.489919
 20
507.016312
 42
0.078968
  0
VERTEX
  8
0
 10
270.188284
 20
507.366404
 42
0.090809
  0
VERTEX
  8
0
 10
269.806144
 20
507.585650
 42
0.100776
  0
VERTEX
  8
0
 10
269.404372
 20
507.641812
 42
0.123519
  0
VERTEX
  8
0
 10
269.044209
 20
507.527322
 42
-0.175748
  0
VERTEX
  8
0
 10
268.640764
 20
507.443172
 42
-0.075545
  0
VERTEX
  8
0
 10
268.106665
 20
507.604368
 42
-0.061522
  0
VERTEX
  8
0
 10
267.530167
 20
507.971294
 42
-0.047129
  0
VERTEX
  8
0
 10
267.000683
 20
508.499177
 42
-0.104262
  0
VERTEX
  8
0
 10
266.462238
 20
509.521051
 42
-0.318827
  0
VERTEX
  8
0
 10
266.709429
 20
510.219630
 42
-0.102583
  0
VERTEX
  8
0
 10
267.907830
 20
510.739024
 42
-0.010214
  0
VERTEX
  8
0
 10
271.000000
 20
511.314783
 42
0.003479
  0
VERTEX
  8
0
 10
272.442488
 20
511.563321
 42
0.632986
  0
VERTEX
  8
0
 10
272.473367
 20
511.677301
 42
0.165570
  0
VERTEX
  8
0
 10
272.224571
 20
511.776259
 42
0.001774
  0
VERTEX
  8
0
 10
270.356989
 20
511.863818
 42
-0.067097
  0
VERTEX
  8
0
 10
268.569042
 20
512.184174
 42
-0.099108
  0
VERTEX
  8
0
 10
267.181347
 20
512.958312
 42
-0.111860
  0
VERTEX
  8
0
 10
266.309471
 20
514.125489
 42
-0.105079
  0
VERTEX
  8
0
 10
266.000000
 20
515.581787
 42
-0.372458
  0
VERTEX
  8
0
 10
266.143944
 20
515.748216
 42
-0.010115
  0
VERTEX
  8
0
 10
267.175000
 20
515.877150
 42
-0.016236
  0
VERTEX
  8
0
 10
268.466353
 20
515.969907
 42
-0.009810
  0
VERTEX
  8
0
 10
270.000000
 20
516.000000
 42
-0.020774
  0
VERTEX
  8
0
 10
271.876791
 20
515.921990
 42
-0.067957
  0
VERTEX
  8
0
 10
273.086738
 20
515.652961
 42
-0.122305
  0
VERTEX
  8
0
 10
273.778483
 20
515.181847
 42
-0.175372
  0
VERTEX
  8
0
 10
274.052632
 20
514.500000
 42
-0.005202
  0
VERTEX
  8
0
 10
274.075933
 20
513.555628
 42
-0.000527
  0
VERTEX
  8
0
 10
274.105588
 20
511.310937
 42
-0.000660
  0
VERTEX
  8
0
 10
274.134574
 20
508.635998
 42
-0.000526
  0
VERTEX
  8
0
 10
274.159001
 20
505.750000
 42
0.000000
  0
VERTEX
  8
0
 10
274.212738
 20
498.500000
 42
0.000000
  0
VERTEX
  8
0
 10
259.606369
 20
498.223267
 42
-0.002988
  0
VERTEX
  8
0
 10
251.421839
 20
498.117128
 42
-0.023095
  0
VERTEX
  8
0
 10
247.596454
 20
498.267121
 42
-0.055071
  0
VERTEX
  8
0
 10
245.593737
 20
498.663513
 42
-0.327334
  0
VERTEX
  8
0
 10
245.000000
 20
499.473267
 42
-0.205220
  0
VERTEX
  8
0
 10
245.313991
 20
500.206057
 42
-0.123214
  0
VERTEX
  8
0
 10
246.150616
 20
500.680603
 42
-0.055804
  0
VERTEX
  8
0
 10
247.726282
 20
500.933716
 42
-0.011947
  0
VERTEX
  8
0
 10
250.500000
 20
501.000000
 42
0.000000
  0
VERTEX
  8
0
 10
256.000000
 20
501.000000
 42
0.000000
  0
VERTEX
  8
0
 10
256.000000
 20
508.500000
 42
-0.007780
  0
VERTEX
  8
0
 10
256.060189
 20
512.367767
 42
-0.040813
  0
VERTEX
  8
0
 10
256.299191
 20
514.479441
 42
-0.093869
  0
VERTEX
  8
0
 10
256.749595
 20
515.602305
 42
-0.255910
  0
VERTEX
  8
0
 10
257.475728
 20
516.000000
 42
-0.256938
  0
VERTEX
  8
0
 10
258.194836
 20
515.604348
 42
-0.104120
  0
VERTEX
  8
0
 10
258.599202
 20
514.521239
 42
-0.041409
  0
VERTEX
  8
0
 10
258.739658
 20
512.429563
 42
-0.006970
  0
SEQEND
  0
POLYLINE
  8
0
 66
1
 70
1
  0
VERTEX
  8
0
 10
172.243769
 20
514.335642
 42
0.078880
  0
VERTEX
  8
0
 10
171.806545
 20
514.073164
 42
0.105417
  0
VERTEX
  8
0
 10
171.522598
 20
513.709292
 42
0.121773
  0
VERTEX
  8
0
 10
171.435807
 20
513.302558
 42
0.131107
  0
VERTEX
  8
0
 10
171.552786
 20
512.914590
 42
-0.381834
  0
VERTEX
  8
0
 10
171.490924
 20
512.566577
 42
-0.091069
  0
VERTEX
  8
0
 10
170.923868
 20
512.268661
 42
-0.050748
  0
VERTEX
  8
0
 10
169.921570
 20
512.064762
 42
-0.024826
  0
VERTEX
  8
0
 10
168.618034
 20
512.000000
 42
-0.026897
  0
VERTEX
  8
0
 10
167.232044
 20
512.074611
 42
-0.033470
  0
VERTEX
  8
0
 10
165.961650
 20
512.298542
 42
-0.035530
  0
VERTEX
  8
0
 10
164.956193
 20
512.623305
 42
-0.159781
  0
VERTEX
  8
0
 10
164.489919
 20
513.016312
 42
0.116645
  0
VERTEX
  8
0
 10
164.159530
 20
513.346425
 42
0.101707
  0
VERTEX
  8
0
 10
163.699422
 20
513.514389
 42
0.094134
  0
VERTEX
  8
0
 10
163.179440
 20
513.493365
 42
0.084308
  0
VERTEX
  8
0
 10
162.680902
 20
513.284731
 42
-0.091419
  0
VERTEX
  8
0
 10
160.891347
 20
512.565328
 42
-0.063464
  0
VERTEX
  8
0
 10
158.712309
 20
512.405667
 42
-0.075043
  0
VERTEX
  8
0
 10
156.926885
 20
512.773955
 42
-0.314156
  0
VERTEX
  8
0
 10
156.333333
 20
513.625399
 42
-0.295791
  0
VERTEX
  8
0
 10
156.768513
 20
514.296659
 42
-0.067757
  0
VERTEX
  8
0
 10
158.130034
 20
514.695737
 42
-0.032962
  0
VERTEX
  8
0
 10
160.581411
 20
514.901935
 42
-0.006804
  0
VERTEX
  8
0
 10
164.916667
 20
514.921053
 42
-0.005659
  0
VERTEX
  8
0
 10
168.125869
 20
514.855209
 42
-0.011975
  0
VERTEX
  8
0
 10
170.609628
 20
514.716523
 42
-0.015653
  0
VERTEX
  8
0
 10
172.219392
 20
514.537051
 42
-0.766547
  0
SEQEND
  0
POLYLINE
  8
0
 66
1
 70
1
  0
VERTEX
  8
0
 10
181.683114
 20
512.812500
 42
-0.054073
  0
VERTEX
  8
0
 10
181.461564
 20
512.395823
 42
-0.470617
  0
VERTEX
  8
0
 10
181.279315
 20
512.378580
 42
-0.168741
  0
VERTEX
  8
0
 10
181.137993
 20
512.670344
 42
-0.018894
  0
VERTEX
  8
0
 10
181.078947
 20
513.416667
 42
-0.028489
  0
VERTEX
  8
0
 10
181.089945
 20
514.112848
 42
-0.077125
  0
VERTEX
  8
0
 10
181.200665
 20
514.592839
 42
-0.208169
  0
VERTEX
  8
0
 10
181.385309
 20
514.775380
 42
-0.296942
  0
VERTEX
  8
0
 10
181.604167
 20
514.729167
 42
-0.126455
  0
VERTEX
  8
0
 10
181.797407
 20
514.402231
 42
-0.060344
  0
VERTEX
  8
0
 10
181.876576
 20
513.916927
 42
-0.054150
  0
VERTEX
  8
0
 10
181.839148
 20
513.359369
 42
-0.051402
  0
SEQEND
  0
POLYLINE
  8
0
 66
1
 70
1
  0
VERTEX
  8
0
 10
31.000000
 20
510.333333
 42
-0.016597
  0
VERTEX
  8
0
 10
30.954731
 20
508.969955
 42
-0.036103
  0
VERTEX
  8
0
 10
30.810203
 20
507.933547
 42
-0.067640
  0
VERTEX
  8
0
 10
30.600169
 20
507.350577
 42
-0.506494
  0
VERTEX
  8
0
 10
30.353882
 20
507.312785
 42
-0.157982
  0
VERTEX
  8
0
 10
29.728375
 20
508.538029
 42
-0.030793
  0
VERTEX
  8
0
 10
29.484875
 20
511.038277
 42
-0.027762
  0
VERTEX
  8
0
 10
29.533287
 20
513.459454
 42
-0.392268
  0
VERTEX
  8
0
 10
30.116268
 20
514.000000
 42
-0.300566
  0
VERTEX
  8
0
 10
30.458756
 20
513.773673
 42
-0.041620
  0
VERTEX
  8
0
 10
30.740404
 20
512.922917
 42
-0.036408
  0
VERTEX
  8
0
 10
30.936059
 20
511.738585
 42
-0.022739
  0
SEQEND
  0
POLYLINE
  8
0
 66
1
 70
1
  0
VERTEX
  8
0
 10
181.689326
 20
506.250000
 42
-0.161593
  0
VERTEX
  8
0
 10
181.521012
 20
505.990860
 42
-0.542911
  0
VERTEX
  8
0
 10
181.366341
 20
506.042188
 42
-0.052887
  0
VERTEX
  8
0
 10
181.259713
 20
506.748017
 42
-0.011065
  0
VERTEX
  8
0
 10
181.232003
 20
508.000000
 42
-0.011065
  0
VERTEX
  8
0
 10
181.259713
 20
509.251983
 42
-0.052887
  0
VERTEX
  8
0
 10
181.366341
 20
509.957812
 42
-0.542911
  0
VERTEX
  8
0
 10
181.521012
 20
510.009140
 42
-0.161593
  0
VERTEX
  8
0
 10
181.689326
 20
509.750000
 42
-0.039571
  0
VERTEX
  8
0
 10
181.831531
 20
508.952734
 42
-0.024357
  0
VERTEX
  8
0
 10
181.877971
 20
508.000000
 42
-0.024357
  0
VERTEX
  8
0
 10
181.831531
 20
507.047266
 42
-0.039571
  0
SEQEND
  0
POLYLINE
  8
0
 66
1
 70
1
  0
VERTEX
  8
0
 10
192.083333
 20
510.250000
 42
-0.008585
  0
VERTEX
  8
0
 10
192.428645
 20
506.567127
 42
-0.186471
  0
VERTEX
  8
0
 10
192.121119
 20
505.545501
 42
-0.218574
  0
VERTEX
  8
0
 10
191.223381
 20
505.078904
 42
-0.012236
  0
VERTEX
  8
0
 10
187.999548
 20
505.000000
 42
-0.034028
  0
VERTEX
  8
0
 10
185.025851
 20
505.202612
 42
-0.172241
  0
VERTEX
  8
0
 10
183.571711
 20
505.954473
 42
-0.212038
  0
VERTEX
  8
0
 10
183.087877
 20
507.346190
 42
-0.053869
  0
VERTEX
  8
0
 10
183.552515
 20
509.750000
 42
-0.284579
  0
VERTEX
  8
0
 10
184.540113
 20
510.612222
 42
-0.026176
  0
VERTEX
  8
0
 10
187.917658
 20
510.988280
 42
-0.026033
  0
VERTEX
  8
0
 10
191.272130
 20
511.010048
 42
-0.369163
  0
SEQEND
  0
POLYLINE
  8
0
 66
1
 70
1
  0
VERTEX
  8
0
 10
244.000000
 20
509.000000
 42
-0.072314
  0
VERTEX
  8
0
 10
243.888136
 20
508.230589
 42
-0.088920
  0
VERTEX
  8
0
 10
243.562500
 20
507.583333
 42
-0.102140
  0
VERTEX
  8
0
 10
243.075754
 20
507.153209
 42
-0.130775
  0
VERTEX
  8
0
 10
242.500000
 20
507.000000
 42
-0.130775
  0
VERTEX
  8
0
 10
241.924246
 20
507.153209
 42
-0.102140
  0
VERTEX
  8
0
 10
241.437500
 20
507.583333
 42
-0.088920
  0
VERTEX
  8
0
 10
241.111864
 20
508.230589
 42
-0.072314
  0
VERTEX
  8
0
 10
241.000000
 20
509.000000
 42
-0.072314
  0
VERTEX
  8
0
 10
241.111864
 20
509.769411
 42
-0.088920
  0
VERTEX
  8
0
 10
241.437500
 20
510.416667
 42
-0.102140
  0
VERTEX
  8
0
 10
241.924246
 20
510.846791
 42
-0.130775
  0
VERTEX
  8
0
 10
242.500000
 20
511.000000
 42
-0.130775
  0
VERTEX
  8
0
 10
243.075754
 20
510.846791
 42
-0.102140
  0
VERTEX
  8
0
 10
243.562500
 20
510.416667
 42
-0.088920
  0
VERTEX
  8
0
 10
243.888136
 20
509.769411
 42
-0.072314
  0
SEQEND
  0
POLYLINE
  8
0
 66
1
 70
1
  0
VERTEX
  8
0
 10
171.000000
 20
508.500000
 42
-0.068870
  0
VERTEX
  8
0
 10
170.920655
 20
507.926682
 42
-0.085131
  0
VERTEX
  8
0
 10
170.688914
 20
507.440625
 42
-0.099915
  0
VERTEX
  8
0
 10
170.344827
 20
507.115626
 42
-0.140337
  0
VERTEX
  8
0
 10
169.940983
 20
507.000000
 42
-0.108972
  0
VERTEX
  8
0
 10
169.586039
 20
507.078288
 42
-0.182303
  0
VERTEX
  8
0
 10
169.374600
 20
507.293750
 42
-0.161196
  0
VERTEX
  8
0
 10
169.343488
 20
507.617900
 42
-0.082592
  0
VERTEX
  8
0
 10
169.500000
 20
508.000000
 42
0.146489
  0
VERTEX
  8
0
 10
169.602013
 20
508.379403
 42
0.191582
  0
VERTEX
  8
0
 10
169.461189
 20
508.706250
 42
0.134005
  0
VERTEX
  8
0
 10
169.074636
 20
508.927049
 42
0.063222
  0
VERTEX
  8
0
 10
168.500000
 20
509.000000
 42
0.063222
  0
VERTEX
  8
0
 10
167.925364
 20
508.927049
 42
0.134005
  0
VERTEX
  8
0
 10
167.538811
 20
508.706250
 42
0.191582
  0
VERTEX
  8
0
 10
167.397987
 20
508.379403
 42
0.146489
  0
VERTEX
  8
0
 10
167.500000
 20
508.000000
 42
-0.195087
  0
VERTEX
  8
0
 10
167.564242
 20
507.621765
 42
-0.183858
  0
VERTEX
  8
0
 10
167.348987
 20
507.293750
 42
-0.107600
  0
VERTEX
  8
0
 10
166.840809
 20
507.071659
 42
-0.049451
  0
VERTEX
  8
0
 10
166.118034
 20
507.000000
 42
-0.045566
  0
VERTEX
  8
0
 10
165.307139
 20
507.074052
 42
-0.045713
  0
VERTEX
  8
0
 10
164.523987
 20
507.293750
 42
-0.049743
  0
VERTEX
  8
0
 10
163.879804
 20
507.616342
 42
-0.113876
  0
VERTEX
  8
0
 10
163.500000
 20
508.000000
 42
0.144040
  0
VERTEX
  8
0
 10
163.078442
 20
508.378104
 42
0.044867
  0
VERTEX
  8
0
 10
162.273037
 20
508.676969
 42
0.040642
  0
VERTEX
  8
0
 10
161.266376
 20
508.864741
 42
0.035063
  0
VERTEX
  8
0
 10
160.190983
 20
508.900320
 42
0.000000
  0
VERTEX
  8
0
 10
157.500000
 20
508.800640
 42
0.000000
  0
VERTEX
  8
0
 10
160.000000
 20
508.000000
 42
-0.076769
  0
VERTEX
  8
0
 10
161.047288
 20
507.476977
 42
-0.681037
  0
VERTEX
  8
0
 10
160.962221
 20
507.131437
 42
-0.074700
  0
VERTEX
  8
0
 10
159.445535
 20
507.154923
 42
-0.024312
  0
VERTEX
  8
0
 10
157.250000
 20
507.630286
 42
-0.088099
  0
VERTEX
  8
0
 10
155.392870
 20
508.499105
 42
-0.591759
  0
VERTEX
  8
0
 10
155.480603
 20
509.284776
 42
-0.083879
  0
VERTEX
  8
0
 10
158.009773
 20
509.859779
 42
-0.014047
  0
VERTEX
  8
0
 10
163.000000
 20
510.000000
 42
-0.006994
  0
VERTEX
  8
0
 10
167.191484
 20
509.941370
 42
-0.039364
  0
VERTEX
  8
0
 10
169.416667
 20
509.703125
 42
-0.093584
  0
VERTEX
  8
0
 10
170.586019
 20
509.246922
 42
-0.258593
  0
SEQEND
  0
POLYLINE
  8
0
 66
1
 70
1
  0
VERTEX
  8
0
 10
154.000000
 20
504.000000
 42
-0.048028
  0
VERTEX
  8
0
 10
153.926307
 20
503.234582
 42
-0.068025
  0
VERTEX
  8
0
 10
153.706250
 20
502.587500
 42
-0.088204
  0
VERTEX
  8
0
 10
153.381882
 20
502.151477
 42
-0.191087
  0
VERTEX
  8
0
 10
153.000000
 20
502.000000
 42
-0.191087
  0
VERTEX
  8
0
 10
152.618118
 20
502.151477
 42
-0.088204
  0
VERTEX
  8
0
 10
152.293750
 20
502.587500
 42
-0.068025
  0
VERTEX
  8
0
 10
152.073693
 20
503.234582
 42
-0.048028
  0
VERTEX
  8
0
 10
152.000000
 20
504.000000
 42
-0.048028
  0
VERTEX
  8
0
 10
152.073693
 20
504.765418
 42
-0.068025
  0
VERTEX
  8
0
 10
152.293750
 20
505.412500
 42
-0.088204
  0
VERTEX
  8
0
 10
152.618118
 20
505.848523
 42
-0.191087
  0
VERTEX
  8
0
 10
153.000000
 20
506.000000
 42
-0.191087
  0
VERTEX
  8
0
 10
153.381882
 20
505.848523
 42
-0.088204
  0
VERTEX
  8
0
 10
153.706250
 20
505.412500
 42
-0.068025
  0
VERTEX
  8
0
 10
153.926307
 20
504.765418
 42
-0.048028
  0
SEQEND
  0
POLYLINE
  8
0
 66
1
 70
1
  0
VERTEX
  8
0
 10
161.750000
 20
505.310674
 42
-0.039571
  0
VERTEX
  8
0
 10
160.952734
 20
505.168469
 42
-0.024357
  0
VERTEX
  8
0
 10
160.000000
 20
505.122029
 42
-0.024357
  0
VERTEX
  8
0
 10
159.047266
 20
505.168469
 42
-0.039571
  0
VERTEX
  8
0
 10
158.250000
 20
505.310674
 42
-0.161593
  0
VERTEX
  8
0
 10
157.990860
 20
505.478988
 42
-0.542911
  0
VERTEX
  8
0
 10
158.042187
 20
505.633659
 42
-0.052887
  0
VERTEX
  8
0
 10
158.748017
 20
505.740287
 42
-0.011065
  0
VERTEX
  8
0
 10
160.000000
 20
505.767997
 42
-0.011065
  0
VERTEX
  8
0
 10
161.251983
 20
505.740287
 42
-0.052887
  0
VERTEX
  8
0
 10
161.957813
 20
505.633659
 42
-0.542911
  0
VERTEX
  8
0
 10
162.009140
 20
505.478988
 42
-0.161593
  0
SEQEND
  0
POLYLINE
  8
0
 66
1
 70
1
  0
VERTEX
  8
0
 10
171.250000
 20
505.294267
 42
0.037644
  0
VERTEX
  8
0
 10
170.388683
 20
505.060029
 42
0.051079
  0
VERTEX
  8
0
 10
169.660937
 20
504.714881
 42
0.061974
  0
VERTEX
  8
0
 10
169.159044
 20
504.318305
 42
0.197067
  0
VERTEX
  8
0
 10
169.000000
 20
503.930449
 42
-0.226137
  0
VERTEX
  8
0
 10
168.833144
 20
503.580387
 42
-0.080026
  0
VERTEX
  8
0
 10
168.339063
 20
503.296510
 42
-0.059831
  0
VERTEX
  8
0
 10
167.611623
 20
503.116743
 42
-0.039476
  0
VERTEX
  8
0
 10
166.750000
 20
503.078947
 42
-0.019588
  0
VERTEX
  8
0
 10
165.918457
 20
503.140798
 42
-0.125022
  0
VERTEX
  8
0
 10
165.526155
 20
503.289434
 42
-0.481229
  0
VERTEX
  8
0
 10
165.514019
 20
503.482297
 42
-0.089763
  0
VERTEX
  8
0
 10
165.863153
 20
503.699998
 42
0.029355
  0
VERTEX
  8
0
 10
166.563025
 20
504.027095
 42
0.275386
  0
VERTEX
  8
0
 10
166.726305
 20
504.301070
 42
0.233412
  0
VERTEX
  8
0
 10
166.573805
 20
504.609949
 42
0.022213
  0
VERTEX
  8
0
 10
165.863153
 20
505.105738
 42
-0.336625
  0
VERTEX
  8
0
 10
165.738524
 20
505.440241
 42
-0.267499
  0
VERTEX
  8
0
 10
166.028024
 20
505.712798
 42
-0.052748
  0
VERTEX
  8
0
 10
167.127617
 20
505.853322
 42
-0.012141
  0
VERTEX
  8
0
 10
169.000000
 20
505.848505
 42
-0.009256
  0
VERTEX
  8
0
 10
170.610295
 20
505.775406
 42
-0.044440
  0
VERTEX
  8
0
 10
171.517188
 20
505.635839
 42
-0.576387
  0
VERTEX
  8
0
 10
171.566415
 20
505.466889
 42
-0.155816
  0
SEQEND
  0
POLYLINE
  8
0
 66
1
 70
1
  0
VERTEX
  8
0
 10
243.729167
 20
505.395833
 42
-0.126455
  0
VERTEX
  8
0
 10
243.402231
 20
505.202593
 42
-0.060344
  0
VERTEX
  8
0
 10
242.916927
 20
505.123424
 42
-0.054150
  0
VERTEX
  8
0
 10
242.359369
 20
505.160852
 42
-0.051402
  0
VERTEX
  8
0
 10
241.812500
 20
505.316886
 42
-0.054073
  0
VERTEX
  8
0
 10
241.395823
 20
505.538436
 42
-0.470617
  0
VERTEX
  8
0
 10
241.378580
 20
505.720685
 42
-0.168741
  0
VERTEX
  8
0
 10
241.670344
 20
505.862007
 42
-0.018894
  0
VERTEX
  8
0
 10
242.416667
 20
505.921053
 42
-0.028489
  0
VERTEX
  8
0
 10
243.112848
 20
505.910055
 42
-0.077125
  0
VERTEX
  8
0
 10
243.592839
 20
505.799335
 42
-0.208169
  0
VERTEX
  8
0
 10
243.775380
 20
505.614691
 42
-0.296942
  0
SEQEND
  0
POLYLINE
  8
0
 66
1
 70
1
  0
VERTEX
  8
0
 10
131.666667
 20
503.411883
 42
-0.214255
  0
VERTEX
  8
0
 10
131.120054
 20
502.194828
 42
-0.062220
  0
VERTEX
  8
0
 10
129.384206
 20
501.001503
 42
-0.061905
  0
VERTEX
  8
0
 10
127.390657
 20
500.264009
 42
-0.198614
  0
VERTEX
  8
0
 10
126.020869
 20
500.487102
 42
0.176637
  0
VERTEX
  8
0
 10
125.667034
 20
500.560268
 42
0.118904
  0
VERTEX
  8
0
 10
125.280392
 20
500.404735
 42
0.088665
  0
VERTEX
  8
0
 10
124.917514
 20
500.034061
 42
0.057939
  0
VERTEX
  8
0
 10
124.639370
 20
499.502596
 42
-0.229847
  0
VERTEX
  8
0
 10
123.809418
 20
498.725463
 42
-0.039761
  0
VERTEX
  8
0
 10
121.649947
 20
498.239800
 42
-0.042141
  0
VERTEX
  8
0
 10
119.562979
 20
498.119651
 42
-0.406408
  0
VERTEX
  8
0
 10
119.000000
 20
498.697880
 42
-0.272819
  0
VERTEX
  8
0
 10
119.335763
 20
499.267436
 42
-0.001948
  0
VERTEX
  8
0
 10
124.405589
 20
502.047299
 42
-0.003456
  0
VERTEX
  8
0
 10
129.319341
 20
504.672915
 42
-0.119354
  0
VERTEX
  8
0
 10
130.583333
 20
504.990616
 42
-0.145532
  0
VERTEX
  8
0
 10
130.996419
 20
504.871664
 42
-0.100330
  0
VERTEX
  8
0
 10
131.348437
 20
504.530734
 42
-0.084141
  0
VERTEX
  8
0
 10
131.585652
 20
504.018268
 42
-0.066506
  0
SEQEND
  0
POLYLINE
  8
0
 66
1
 70
1
  0
VERTEX
  8
0
 10
154.000000
 20
499.500000
 42
-0.024748
  0
VERTEX
  8
0
 10
153.971531
 20
498.925176
 42
-0.039339
  0
VERTEX
  8
0
 10
153.884553
 20
498.440625
 42
-0.046727
  0
VERTEX
  8
0
 10
153.758929
 20
498.096084
 42
-0.289661
  0
VERTEX
  8
0
 10
153.606989
 20
498.000000
 42
-0.222225
  0
VERTEX
  8
0
 10
153.420671
 20
498.087111
 42
-0.030693
  0
VERTEX
  8
0
 10
153.160341
 20
498.440625
 42
-0.030395
  0
VERTEX
  8
0
 10
152.887494
 20
498.925442
 42
-0.021360
  0
VERTEX
  8
0
 10
152.638374
 20
499.500000
 42
-0.055937
  0
VERTEX
  8
0
 10
152.488865
 20
500.074366
 42
-0.100118
  0
VERTEX
  8
0
 10
152.516384
 20
500.559375
 42
-0.147206
  0
VERTEX
  8
0
 10
152.710807
 20
500.877514
 42
-0.184534
  0
VERTEX
  8
0
 10
153.031385
 20
501.000000
 42
-0.152681
  0
VERTEX
  8
0
 10
153.400789
 20
500.884506
 42
-0.098158
  0
VERTEX
  8
0
 10
153.715469
 20
500.559375
 42
-0.080880
  0
VERTEX
  8
0
 10
153.927770
 20
500.073532
 42
-0.062722
  0
SEQEND
  0
POLYLINE
  8
0
 66
1
 70
1
  0
VERTEX
  8
0
 10
213.000000
 20
496.122445
 42
-0.022551
  0
VERTEX
  8
0
 10
212.905357
 20
494.025136
 42
-0.035164
  0
VERTEX
  8
0
 10
212.616462
 20
492.240528
 42
-0.041695
  0
VERTEX
  8
0
 10
212.168929
 20
490.863023
 42
-0.120732
  0
VERTEX
  8
0
 10
211.576254
 20
490.063285
 42
-0.166138
  0
VERTEX
  8
0
 10
209.399314
 20
489.235278
 42
-0.003524
  0
VERTEX
  8
0
 10
197.755082
 20
488.919177
 42
-0.003088
  0
VERTEX
  8
0
 10
186.001304
 20
488.755601
 42
-0.200925
  0
VERTEX
  8
0
 10
184.154423
 20
489.512244
 42
-0.155359
  0
VERTEX
  8
0
 10
183.931010
 20
489.944389
 42
-0.008213
  0
VERTEX
  8
0
 10
183.692204
 20
491.498532
 42
-0.012283
  0
VERTEX
  8
0
 10
183.480881
 20
493.386381
 42
-0.008581
  0
VERTEX
  8
0
 10
183.331583
 20
495.523406
 42
0.000000
  0
VERTEX
  8
0
 10
183.043313
 20
501.000000
 42
0.000000
  0
VERTEX
  8
0
 10
198.021656
 20
501.000000
 42
0.000000
  0
VERTEX
  8
0
 10
213.000000
 20
501.000000
 42
0.000000
  0
SEQEND
  0
POLYLINE
  8
0
 66
1
 70
1
  0
VERTEX
  8
0
 10
244.000000
 20
499.500000
 42
-0.299663
  0
VERTEX
  8
0
 10
243.485029
 20
498.717909
 42
-0.063845
  0
VERTEX
  8
0
 10
241.839374
 20
498.247030
 42
-0.028443
  0
VERTEX
  8
0
 10
238.761248
 20
497.955895
 42
-0.004608
  0
VERTEX
  8
0
 10
232.750000
 20
497.786244
 42
0.000000
  0
VERTEX
  8
0
 10
221.500000
 20
497.572488
 42
0.000000
  0
VERTEX
  8
0
 10
232.750000
 20
497.253493
 42
0.000000
  0
VERTEX
  8
0
 10
244.000000
 20
496.934498
 42
0.000000
  0
VERTEX
  8
0
 10
244.000000
 20
494.395820
 42
-0.123393
  0
VERTEX
  8
0
 10
243.281242
 20
491.527702
 42
-0.190528
  0
VERTEX
  8
0
 10
241.355999
 20
489.895658
 42
-0.073266
  0
VERTEX
  8
0
 10
237.306872
 20
489.157382
 42
-0.008520
  0
VERTEX
  8
0
 10
228.071429
 20
489.000000
 42
-0.005376
  0
VERTEX
  8
0
 10
223.050924
 20
489.053979
 42
-0.008820
  0
VERTEX
  8
0
 10
218.803586
 20
489.220312
 42
-0.003129
  0
VERTEX
  8
0
 10
215.209429
 20
489.447185
 42
-0.347807
  0
VERTEX
  8
0
 10
214.876948
 20
489.750000
 42
-0.020603
  0
VERTEX
  8
0
 10
214.814878
 20
490.258682
 42
-0.001194
  0
VERTEX
  8
0
 10
214.692962
 20
491.821875
 42
-0.001813
  0
VERTEX
  8
0
 10
214.558966
 20
493.684364
 42
-0.001332
  0
VERTEX
  8
0
 10
214.423408
 20
495.750000
 42
0.000000
  0
VERTEX
  8
0
 10
214.092920
 20
501.000000
 42
0.000000
  0
VERTEX
  8
0
 10
229.046460
 20
501.000000
 42
-0.003094
  0
VERTEX
  8
0
 10
237.271060
 20
500.949112
 42
-0.021904
  0
VERTEX
  8
0
 10
241.257743
 20
500.724922
 42
-0.047317
  0
VERTEX
  8
0
 10
243.401407
 20
500.302553
 42
-0.331859
  0
SEQEND
  0
POLYLINE
  8
0
 66
1
 70
1
  0
VERTEX
  8
0
 10
129.979944
 20
498.475834
 42
-0.030935
  0
VERTEX
  8
0
 10
129.462050
 20
497.924986
 42
-0.050040
  0
VERTEX
  8
0
 10
128.952146
 20
497.533822
 42
-0.066988
  0
VERTEX
  8
0
 10
128.522730
 20
497.341746
 42
-0.274667
  0
VERTEX
  8
0
 10
128.257364
 20
497.409303
 42
-0.264952
  0
VERTEX
  8
0
 10
128.077607
 20
498.065454
 42
-0.097357
  0
VERTEX
  8
0
 10
128.506143
 20
498.964713
 42
-0.084765
  0
VERTEX
  8
0
 10
129.310438
 20
499.733547
 42
-0.149534
  0
VERTEX
  8
0
 10
130.181462
 20
500.000000
 42
-0.176123
  0
VERTEX
  8
0
 10
130.514408
 20
499.878966
 42
-0.256649
  0
VERTEX
  8
0
 10
130.625144
 20
499.594311
 42
-0.110288
  0
VERTEX
  8
0
 10
130.451416
 20
499.120064
 42
-0.030483
  0
SEQEND
  0
POLYLINE
  8
0
 66
1
 70
1
  0
VERTEX
  8
0
 10
138.558870
 20
498.468197
 42
-0.024619
  0
VERTEX
  8
0
 10
137.737973
 20
497.908598
 42
-0.025646
  0
VERTEX
  8
0
 10
136.876904
 20
497.440625
 42
-0.026431
  0
VERTEX
  8
0
 10
136.094844
 20
497.115775
 42
-0.092984
  0
VERTEX
  8
0
 10
135.558870
 20
497.031803
 42
-0.312501
  0
VERTEX
  8
0
 10
135.350763
 20
497.185393
 42
-0.218612
  0
VERTEX
  8
0
 10
135.381250
 20
497.485547
 42
-0.072467
  0
VERTEX
  8
0
 10
135.765516
 20
497.964290
 42
-0.025554
  0
VERTEX
  8
0
 10
136.441130
 20
498.531803
 42
-0.024619
  0
VERTEX
  8
0
 10
137.262027
 20
499.091402
 42
-0.025646
  0
VERTEX
  8
0
 10
138.123096
 20
499.559375
 42
-0.026431
  0
VERTEX
  8
0
 10
138.905156
 20
499.884225
 42
-0.092984
  0
VERTEX
  8
0
 10
139.441130
 20
499.968197
 42
-0.312501
  0
VERTEX
  8
0
 10
139.649237
 20
499.814607
 42
-0.218612
  0
VERTEX
  8
0
 10
139.618750
 20
499.514453
 42
-0.072467
  0
VERTEX
  8
0
 10
139.234484
 20
499.035710
 42
-0.025554
  0
SEQEND
  0
POLYLINE
  8
0
 66
1
 70
1
  0
VERTEX
  8
0
 10
149.500000
 20
499.000000
 42
-0.060810
  0
VERTEX
  8
0
 10
149.193797
 20
498.617485
 42
-0.051032
  0
VERTEX
  8
0
 10
148.787100
 20
498.293750
 42
-0.053229
  0
VERTEX
  8
0
 10
148.346558
 20
498.073302
 42
-0.089642
  0
VERTEX
  8
0
 10
147.940983
 20
498.000000
 42
-0.105429
  0
VERTEX
  8
0
 10
147.581949
 20
498.076556
 42
-0.099231
  0
VERTEX
  8
0
 10
147.276414
 20
498.293750
 42
-0.096318
  0
VERTEX
  8
0
 10
147.071618
 20
498.618268
 42
-0.092995
  0
VERTEX
  8
0
 10
147.000000
 20
499.000000
 42
-0.153634
  0
VERTEX
  8
0
 10
147.120018
 20
499.381379
 42
-0.097988
  0
VERTEX
  8
0
 10
147.457961
 20
499.706250
 42
-0.080552
  0
VERTEX
  8
0
 10
147.962904
 20
499.925455
 42
-0.062283
  0
VERTEX
  8
0
 10
148.559017
 20
500.000000
 42
-0.066118
  0
VERTEX
  8
0
 10
149.110654
 20
499.926733
 42
-0.138808
  0
VERTEX
  8
0
 10
149.478525
 20
499.706250
 42
-0.191142
  0
VERTEX
  8
0
 10
149.607943
 20
499.379648
 42
-0.139169
  0
SEQEND
  0
POLYLINE
  8
0
 66
1
 70
1
  0
VERTEX
  8
0
 10
60.729167
 20
498.395833
 42
-0.126455
  0
VERTEX
  8
0
 10
60.402231
 20
498.202593
 42
-0.060344
  0
VERTEX
  8
0
 10
59.916927
 20
498.123424
 42
-0.054150
  0
VERTEX
  8
0
 10
59.359369
 20
498.160852
 42
-0.051402
  0
VERTEX
  8
0
 10
58.812500
 20
498.316886
 42
-0.054073
  0
VERTEX
  8
0
 10
58.395823
 20
498.538436
 42
-0.470617
  0
VERTEX
  8
0
 10
58.378580
 20
498.720685
 42
-0.168741
  0
VERTEX
  8
0
 10
58.670344
 20
498.862007
 42
-0.018894
  0
VERTEX
  8
0
 10
59.416667
 20
498.921053
 42
-0.028489
  0
VERTEX
  8
0
 10
60.112848
 20
498.910055
 42
-0.077125
  0
VERTEX
  8
0
 10
60.592839
 20
498.799335
 42
-0.208169
  0
VERTEX
  8
0
 10
60.775380
 20
498.614691
 42
-0.296942
  0
SEQEND
  0
POLYLINE
  8
0
 66
1
 70
1
  0
VERTEX
  8
0
 10
41.500000
 20
497.000000
 42
-0.082592
  0
VERTEX
  8
0
 10
41.656512
 20
496.617900
 42
-0.161196
  0
VERTEX
  8
0
 10
41.625400
 20
496.293750
 42
-0.182303
  0
VERTEX
  8
0
 10
41.413961
 20
496.078288
 42
-0.108972
  0
VERTEX
  8
0
 10
41.059017
 20
496.000000
 42
-0.093332
  0
VERTEX
  8
0
 10
40.654762
 20
496.076123
 42
-0.096420
  0
VERTEX
  8
0
 10
40.311086
 20
496.293750
 42
-0.099167
  0
VERTEX
  8
0
 10
40.081062
 20
496.618444
 42
-0.105053
  0
VERTEX
  8
0
 10
40.000000
 20
497.000000
 42
-0.042167
  0
VERTEX
  8
0
 10
40.032345
 20
497.382849
 42
-0.061769
  0
VERTEX
  8
0
 10
40.129539
 20
497.706250
 42
-0.081139
  0
VERTEX
  8
0
 10
40.272352
 20
497.925540
 42
-0.210953
  0
VERTEX
  8
0
 10
40.440983
 20
498.000000
 42
-0.151918
  0
VERTEX
  8
0
 10
40.651710
 20
497.934461
 42
-0.038439
  0
VERTEX
  8
0
 10
40.933975
 20
497.706250
 42
-0.035638
  0
VERTEX
  8
0
 10
41.231006
 20
497.382774
 42
-0.029505
  0
SEQEND
  0
POLYLINE
  8
0
 66
1
 70
1
  0
VERTEX
  8
0
 10
274.349337
 20
495.532025
 42
-0.131814
  0
VERTEX
  8
0
 10
274.464342
 20
494.433291
 42
-0.170300
  0
VERTEX
  8
0
 10
273.985742
 20
493.547115
 42
-0.179787
  0
VERTEX
  8
0
 10
273.082819
 20
493.183887
 42
-0.146094
  0
VERTEX
  8
0
 10
272.069098
 20
493.457295
 42
0.108373
  0
VERTEX
  8
0
 10
271.665803
 20
493.598899
 42
0.099685
  0
VERTEX
  8
0
 10
271.227140
 20
493.565079
 42
0.095498
  0
VERTEX
  8
0
 10
270.820631
 20
493.360589
 42
0.090427
  0
VERTEX
  8
0
 10
270.510081
 20
493.016312
 42
0.203071
  0
VERTEX
  8
0
 10
270.450362
 20
492.628736
 42
0.184091
  0
VERTEX
  8
0
 10
270.684183
 20
492.295553
 42
0.103393
  0
VERTEX
  8
0
 10
271.231103
 20
492.071558
 42
0.045698
  0
VERTEX
  8
0
 10
272.012412
 20
492.000000
 42
-0.015140
  0
VERTEX
  8
0
 10
273.237504
 20
491.962895
 42
-0.285487
  0
VERTEX
  8
0
 10
273.537783
 20
491.750000
 42
-0.288078
  0
VERTEX
  8
0
 10
273.478265
 20
491.388293
 42
-0.015337
  0
VERTEX
  8
0
 10
272.642857
 20
490.500000
 42
-0.135752
  0
VERTEX
  8
0
 10
271.312535
 20
489.746160
 42
-0.034887
  0
VERTEX
  8
0
 10
268.857278
 20
489.309659
 42
-0.021459
  0
VERTEX
  8
0
 10
265.005017
 20
489.065540
 42
-0.005093
  0
VERTEX
  8
0
 10
258.571429
 20
489.000000
 42
-0.001863
  0
VERTEX
  8
0
 10
253.748346
 20
489.017972
 42
-0.003093
  0
VERTEX
  8
0
 10
249.681763
 20
489.073438
 42
-0.000390
  0
VERTEX
  8
0
 10
246.078623
 20
489.147686
 42
-0.364879
  0
VERTEX
  8
0
 10
245.962232
 20
489.250000
 42
-0.001368
  0
VERTEX
  8
0
 10
245.934454
 20
489.437338
 42
-0.000021
  0
VERTEX
  8
0
 10
245.775813
 20
490.528125
 42
-0.000056
  0
VERTEX
  8
0
 10
245.591792
 20
491.794781
 42
-0.000037
  0
VERTEX
  8
0
 10
245.380651
 20
493.250000
 42
0.000000
  0
VERTEX
  8
0
 10
244.836839
 20
497.000000
 42
0.000000
  0
VERTEX
  8
0
 10
259.311430
 20
497.000000
 42
-0.003650
  0
VERTEX
  8
0
 10
266.996547
 20
496.943894
 42
-0.020680
  0
VERTEX
  8
0
 10
271.084424
 20
496.714916
 42
-0.036451
  0
VERTEX
  8
0
 10
273.475754
 20
496.303984
 42
-0.245071
  0
SEQEND
  0
POLYLINE
  8
0
 66
1
 70
1
  0
VERTEX
  8
0
 10
149.976656
 20
489.250000
 42
-0.194253
  0
VERTEX
  8
0
 10
149.565066
 20
488.268477
 42
-0.038599
  0
VERTEX
  8
0
 10
148.096053
 20
486.998533
 42
-0.029784
  0
VERTEX
  8
0
 10
145.796057
 20
485.504320
 42
-0.012303
  0
VERTEX
  8
0
 10
142.522663
 20
483.750000
 42
-0.005205
  0
VERTEX
  8
0
 10
139.600678
 20
482.313340
 42
-0.007389
  0
VERTEX
  8
0
 10
136.970793
 20
481.101562
 42
-0.004489
  0
VERTEX
  8
0
 10
134.743612
 20
480.138799
 42
-0.100093
  0
VERTEX
  8
0
 10
134.057208
 20
480.000000
 42
-0.232581
  0
VERTEX
  8
0
 10
133.677168
 20
480.186890
 42
-0.084201
  0
VERTEX
  8
0
 10
133.387007
 20
480.732573
 42
-0.061448
  0
VERTEX
  8
0
 10
133.225293
 20
481.538741
 42
-0.039471
  0
VERTEX
  8
0
 10
133.228802
 20
482.493867
 42
-0.039864
  0
VERTEX
  8
0
 10
133.383270
 20
483.437481
 42
-0.061442
  0
VERTEX
  8
0
 10
133.677838
 20
484.209111
 42
-0.083561
  0
VERTEX
  8
0
 10
134.057520
 20
484.704291
 42
-0.229037
  0
VERTEX
  8
0
 10
134.467600
 20
484.830970
 42
0.089441
  0
VERTEX
  8
0
 10
136.022066
 20
484.874060
 42
0.025867
  0
VERTEX
  8
0
 10
138.353081
 20
485.488777
 42
0.021930
  0
VERTEX
  8
0
 10
140.454187
 20
486.263889
 42
0.533042
  0
VERTEX
  8
0
 10
140.555246
 20
486.778087
 42
-0.308689
  0
VERTEX
  8
0
 10
140.398707
 20
487.607317
 42
-0.110799
  0
VERTEX
  8
0
 10
141.146942
 20
488.627237
 42
-0.091014
  0
VERTEX
  8
0
 10
142.387962
 20
489.363795
 42
-0.182102
  0
VERTEX
  8
0
 10
143.512374
 20
489.356878
 42
0.088763
  0
VERTEX
  8
0
 10
144.166347
 20
489.231549
 42
0.044353
  0
VERTEX
  8
0
 10
145.009121
 20
489.296032
 42
0.042158
  0
VERTEX
  8
0
 10
145.895452
 20
489.521667
 42
0.048362
  0
VERTEX
  8
0
 10
146.689261
 20
489.885910
 42
-0.023569
  0
VERTEX
  8
0
 10
148.380103
 20
490.765559
 42
-0.157191
  0
VERTEX
  8
0
 10
149.310204
 20
490.878419
 42
-0.282551
  0
VERTEX
  8
0
 10
149.822225
 20
490.409183
 42
-0.073021
  0
SEQEND
  0
POLYLINE
  8
0
 66
1
 70
1
  0
VERTEX
  8
0
 10
211.500000
 20
486.000000
 42
-0.547107
  0
VERTEX
  8
0
 10
211.281684
 20
485.545342
 42
-0.011908
  0
VERTEX
  8
0
 10
208.349082
 20
485.256792
 42
-0.013722
  0
VERTEX
  8
0
 10
204.122562
 20
485.058757
 42
-0.004845
  0
VERTEX
  8
0
 10
198.059017
 20
485.000000
 42
-0.005381
  0
VERTEX
  8
0
 10
192.182482
 20
485.063244
 42
-0.012372
  0
VERTEX
  8
0
 10
187.764754
 20
485.267782
 42
-0.007311
  0
VERTEX
  8
0
 10
184.401112
 20
485.556517
 42
-0.385146
  0
VERTEX
  8
0
 10
184.000000
 20
486.000000
 42
-0.383574
  0
VERTEX
  8
0
 10
184.397071
 20
486.441441
 42
-0.007867
  0
VERTEX
  8
0
 10
187.610246
 20
486.731400
 42
-0.012897
  0
VERTEX
  8
0
 10
191.837873
 20
486.936470
 42
-0.005669
  0
VERTEX
  8
0
 10
197.440983
 20
487.000000
 42
-0.006250
  0
VERTEX
  8
0
 10
202.873883
 20
486.932081
 42
-0.011502
  0
VERTEX
  8
0
 10
207.290320
 20
486.719905
 42
-0.006547
  0
VERTEX
  8
0
 10
210.822490
 20
486.422135
 42
-0.234150
  0
SEQEND
  0
POLYLINE
  8
0
 66
1
 70
1
  0
VERTEX
  8
0
 10
242.500000
 20
486.000000
 42
-0.547339
  0
VERTEX
  8
0
 10
242.281411
 20
485.545191
 42
-0.011810
  0
VERTEX
  8
0
 10
239.334345
 20
485.256764
 42
-0.013662
  0
VERTEX
  8
0
 10
235.089696
 20
485.058749
 42
-0.004824
  0
VERTEX
  8
0
 10
229.000000
 20
485.000000
 42
-0.004824
  0
VERTEX
  8
0
 10
222.910304
 20
485.058749
 42
-0.013662
  0
VERTEX
  8
0
 10
218.665655
 20
485.256764
 42
-0.011810
  0
VERTEX
  8
0
 10
215.718589
 20
485.545191
 42
-0.547339
  0
VERTEX
  8
0
 10
215.500000
 20
486.000000
 42
-0.232996
  0
VERTEX
  8
0
 10
216.170077
 20
486.419543
 42
-0.006909
  0
VERTEX
  8
0
 10
219.569119
 20
486.718599
 42
-0.011895
  0
VERTEX
  8
0
 10
223.813393
 20
486.931631
 42
-0.006591
  0
VERTEX
  8
0
 10
229.000000
 20
487.000000
 42
-0.006591
  0
VERTEX
  8
0
 10
234.186607
 20
486.931631
 42
-0.011895
  0
VERTEX
  8
0
 10
238.430881
 20
486.718599
 42
-0.006909
  0
VERTEX
  8
0
 10
241.829923
 20
486.419543
 42
-0.232996
  0
SEQEND
  0
POLYLINE
  8
0
 66
1
 70
1
  0
VERTEX
  8
0
 10
268.000000
 20
485.958099
 42
-0.019623
  0
VERTEX
  8
0
 10
261.505077
 20
485.318721
 42
-0.015222
  0
VERTEX
  8
0
 10
254.403060
 20
485.116645
 42
-0.006700
  0
VERTEX
  8
0
 10
247.758887
 20
485.218940
 42
-0.405805
  0
VERTEX
  8
0
 10
247.000000
 20
486.000000
 42
-0.385676
  0
VERTEX
  8
0
 10
247.399195
 20
486.440546
 42
-0.008413
  0
VERTEX
  8
0
 10
250.527300
 20
486.696307
 42
-0.013215
  0
VERTEX
  8
0
 10
254.683003
 20
486.855659
 42
-0.005631
  0
VERTEX
  8
0
 10
260.250000
 20
486.859202
 42
-0.001700
  0
VERTEX
  8
0
 10
267.276650
 20
486.760636
 42
-0.024586
  0
VERTEX
  8
0
 10
269.761944
 20
486.594897
 42
-0.822804
  0
VERTEX
  8
0
 10
269.782814
 20
486.328077
 42
-0.033640
  0
SEQEND
  0
POLYLINE
  8
0
 66
1
 70
1
  0
VERTEX
  8
0
 10
120.000000
 20
482.525680
 42
-0.235913
  0
VERTEX
  8
0
 10
119.873628
 20
482.272751
 42
-0.012546
  0
VERTEX
  8
0
 10
119.118750
 20
481.734980
 42
-0.017510
  0
VERTEX
  8
0
 10
118.149580
 20
481.128857
 42
-0.011657
  0
VERTEX
  8
0
 10
117.000000
 20
480.500000
 42
-0.010491
  0
VERTEX
  8
0
 10
115.314542
 20
479.672762
 42
-0.100073
  0
VERTEX
  8
0
 10
114.538881
 20
479.486390
 42
-0.301188
  0
VERTEX
  8
0
 10
114.147735
 20
479.725542
 42
-0.109670
  0
VERTEX
  8
0
 10
114.000000
 20
480.390987
 42
-0.078758
  0
VERTEX
  8
0
 10
114.093371
 20
480.980077
 42
-0.064193
  0
VERTEX
  8
0
 10
114.367188
 20
481.557807
 42
-0.065342
  0
VERTEX
  8
0
 10
114.772082
 20
482.037248
 42
-0.089102
  0
VERTEX
  8
0
 10
115.250000
 20
482.337719
 42
-0.051890
  0
VERTEX
  8
0
 10
116.616320
 20
482.730375
 42
-0.034164
  0
VERTEX
  8
0
 10
118.243785
 20
482.906584
 42
-0.029345
  0
VERTEX
  8
0
 10
119.672917
 20
482.879252
 42
-0.391607
  0
SEQEND
  0
POLYLINE
  8
0
 66
1
 70
1
  0
VERTEX
  8
0
 10
130.797945
 20
480.414879
 42
-0.141973
  0
VERTEX
  8
0
 10
130.630553
 20
479.228180
 42
-0.098998
  0
VERTEX
  8
0
 10
129.840637
 20
478.120653
 42
-0.053345
  0
VERTEX
  8
0
 10
128.216947
 20
476.893202
 42
-0.012757
  0
VERTEX
  8
0
 10
125.269748
 20
475.224458
 42
-0.004724
  0
VERTEX
  8
0
 10
122.848132
 20
473.962981
 42
-0.004647
  0
VERTEX
  8
0
 10
120.389854
 20
472.740418
 42
-0.004574
  0
VERTEX
  8
0
 10
118.215703
 20
471.708719
 42
-0.017651
  0
VERTEX
  8
0
 10
116.838733
 20
471.128786
 42
-0.027477
  0
VERTEX
  8
0
 10
115.225356
 20
470.614857
 42
-0.279755
  0
VERTEX
  8
0
 10
114.580411
 20
470.808809
 42
-0.171272
  0
VERTEX
  8
0
 10
114.265496
 20
471.566596
 42
-0.010202
  0
VERTEX
  8
0
 10
114.179435
 20
474.081807
 42
-0.032074
  0
VERTEX
  8
0
 10
114.299123
 20
476.458029
 42
-0.130151
  0
VERTEX
  8
0
 10
114.822943
 20
477.795445
 42
-0.101746
  0
VERTEX
  8
0
 10
116.010723
 20
478.870995
 42
-0.015711
  0
VERTEX
  8
0
 10
118.812506
 20
480.407585
 42
-0.044709
  0
VERTEX
  8
0
 10
123.042652
 20
482.101388
 42
-0.072852
  0
VERTEX
  8
0
 10
126.861225
 20
482.663114
 42
-0.110473
  0
VERTEX
  8
0
 10
129.584950
 20
482.055625
 42
-0.252513
  0
SEQEND
  0
POLYLINE
  8
0
 66
1
 70
1
  0
VERTEX
  8
0
 10
173.526710
 20
470.084157
 42
0.063834
  0
VERTEX
  8
0
 10
173.383522
 20
469.296548
 42
0.067607
  0
VERTEX
  8
0
 10
173.448350
 20
468.514110
 42
0.075455
  0
VERTEX
  8
0
 10
173.702532
 20
467.855452
 42
0.125223
  0
VERTEX
  8
0
 10
174.113831
 20
467.429648
 42
0.026521
  0
VERTEX
  8
0
 10
174.585545
 20
467.171616
 42
0.263819
  0
VERTEX
  8
0
 10
174.802161
 20
467.186449
 42
0.363131
  0
VERTEX
  8
0
 10
174.854343
 20
467.361382
 42
0.036721
  0
VERTEX
  8
0
 10
174.638197
 20
467.776393
 42
-0.177763
  0
VERTEX
  8
0
 10
174.454005
 20
468.677066
 42
-0.212173
  0
VERTEX
  8
0
 10
174.916524
 20
469.401410
 42
-0.148059
  0
VERTEX
  8
0
 10
175.948569
 20
469.709831
 42
-0.090955
  0
VERTEX
  8
0
 10
177.205612
 20
469.474594
 42
-0.150906
  0
VERTEX
  8
0
 10
177.785823
 20
469.018724
 42
-0.091334
  0
VERTEX
  8
0
 10
178.147546
 20
468.215476
 42
-0.062280
  0
VERTEX
  8
0
 10
178.284615
 20
467.044873
 42
-0.027102
  0
VERTEX
  8
0
 10
178.187385
 20
465.479370
 42
-0.026114
  0
VERTEX
  8
0
 10
177.955191
 20
464.113894
 42
-0.062991
  0
VERTEX
  8
0
 10
177.607875
 20
463.151882
 42
-0.121540
  0
VERTEX
  8
0
 10
177.190854
 20
462.670789
 42
-0.300673
  0
VERTEX
  8
0
 10
176.745687
 20
462.657174
 42
0.214437
  0
VERTEX
  8
0
 10
176.370499
 20
462.706644
 42
0.281071
  0
VERTEX
  8
0
 10
176.144626
 20
462.454966
 42
0.087383
  0
VERTEX
  8
0
 10
176.138447
 20
461.775026
 42
0.020170
  0
VERTEX
  8
0
 10
176.373209
 20
460.649153
 42
-0.026204
  0
VERTEX
  8
0
 10
176.623865
 20
459.370042
 42
-0.108601
  0
VERTEX
  8
0
 10
176.565046
 20
458.589762
 42
-0.198739
  0
VERTEX
  8
0
 10
176.215392
 20
458.160860
 42
-0.124251
  0
VERTEX
  8
0
 10
175.578069
 20
458.000000
 42
-0.123628
  0
VERTEX
  8
0
 10
174.216894
 20
458.341781
 42
-0.212628
  0
VERTEX
  8
0
 10
173.513013
 20
459.249156
 42
-0.135802
  0
VERTEX
  8
0
 10
173.556713
 20
460.745267
 42
-0.044553
  0
VERTEX
  8
0
 10
174.398627
 20
462.803966
 42
0.010453
  0
VERTEX
  8
0
 10
175.197374
 20
464.431056
 42
0.105682
  0
VERTEX
  8
0
 10
175.364650
 20
465.162398
 42
0.307896
  0
VERTEX
  8
0
 10
175.120880
 20
465.531969
 42
0.097894
  0
VERTEX
  8
0
 10
174.439493
 20
465.666667
 42
0.077838
  0
VERTEX
  8
0
 10
173.889583
 20
465.580537
 42
0.090250
  0
VERTEX
  8
0
 10
173.422851
 20
465.331144
 42
0.100780
  0
VERTEX
  8
0
 10
173.110831
 20
464.960071
 42
0.125219
  0
VERTEX
  8
0
 10
173.000000
 20
464.524463
 42
-0.090685
  0
VERTEX
  8
0
 10
172.895905
 20
463.955242
 42
-0.027339
  0
VERTEX
  8
0
 10
172.538691
 20
463.147575
 42
-0.026408
  0
VERTEX
  8
0
 10
172.030635
 20
462.268170
 42
-0.025889
  0
VERTEX
  8
0
 10
171.429587
 20
461.441130
 42
-0.016486
  0
VERTEX
  8
0
 10
170.471823
 20
460.333994
 42
-0.524499
  0
VERTEX
  8
0
 10
170.170953
 20
460.376843
 42
-0.146743
  0
VERTEX
  8
0
 10
170.073670
 20
460.937459
 42
-0.003777
  0
VERTEX
  8
0
 10
170.401246
 20
463.500000
 42
0.010170
  0
VERTEX
  8
0
 10
170.598354
 20
465.216077
 42
0.060401
  0
VERTEX
  8
0
 10
170.574357
 20
466.116789
 42
0.443762
  0
VERTEX
  8
0
 10
170.350836
 20
466.265865
 42
0.193906
  0
VERTEX
  8
0
 10
170.026032
 20
466.028960
 42
-0.059703
  0
VERTEX
  8
0
 10
169.304635
 20
465.131064
 42
-0.360337
  0
VERTEX
  8
0
 10
168.751629
 20
465.085061
 42
-0.152809
  0
VERTEX
  8
0
 10
168.233436
 20
465.754386
 42
-0.014332
  0
VERTEX
  8
0
 10
167.556840
 20
467.750000
 42
-0.033182
  0
VERTEX
  8
0
 10
167.280798
 20
468.919050
 42
-0.175526
  0
VERTEX
  8
0
 10
167.398005
 20
469.556014
 42
-0.212835
  0
VERTEX
  8
0
 10
167.876035
 20
469.898657
 42
-0.050665
  0
VERTEX
  8
0
 10
168.873595
 20
470.000000
 42
0.045385
  0
VERTEX
  8
0
 10
169.687693
 20
470.074048
 42
0.045628
  0
VERTEX
  8
0
 10
170.473555
 20
470.293750
 42
0.049668
  0
VERTEX
  8
0
 10
171.119664
 20
470.616327
 42
0.114221
  0
VERTEX
  8
0
 10
171.500000
 20
471.000000
 42
-0.102664
  0
VERTEX
  8
0
 10
172.325257
 20
471.871441
 42
-0.263994
  0
VERTEX
  8
0
 10
173.159160
 20
471.948200
 42
-0.266299
  0
VERTEX
  8
0
 10
173.647189
 20
471.272996
 42
-0.103535
  0
SEQEND
  0
POLYLINE
  8
0
 66
1
 70
1
  0
VERTEX
  8
0
 10
185.208097
 20
465.964499
 42
-0.024233
  0
VERTEX
  8
0
 10
184.975178
 20
464.780139
 42
-0.028885
  0
VERTEX
  8
0
 10
184.638391
 20
463.692917
 42
-0.029734
  0
VERTEX
  8
0
 10
184.254738
 20
462.828236
 42
-0.135871
  0
VERTEX
  8
0
 10
183.884704
 20
462.428743
 42
-0.547655
  0
VERTEX
  8
0
 10
183.237633
 20
462.740124
 42
-0.023649
  0
VERTEX
  8
0
 10
183.016390
 20
465.768893
 42
-0.022465
  0
VERTEX
  8
0
 10
183.079048
 20
469.016104
 42
-0.182275
  0
VERTEX
  8
0
 10
183.681695
 20
470.348362
 42
-0.321753
  0
VERTEX
  8
0
 10
184.431167
 20
470.471476
 42
-0.196462
  0
VERTEX
  8
0
 10
185.051060
 20
469.769019
 42
-0.079952
  0
VERTEX
  8
0
 10
185.346917
 20
468.100508
 42
-0.040437
  0
SEQEND
  0
POLYLINE
  8
0
 66
1
 70
1
  0
VERTEX
  8
0
 10
200.984687
 20
468.190983
 42
-0.012098
  0
VERTEX
  8
0
 10
200.953006
 20
467.238528
 42
-0.343021
  0
VERTEX
  8
0
 10
200.800669
 20
467.064256
 42
-0.295079
  0
VERTEX
  8
0
 10
200.569384
 20
467.157251
 42
-0.010223
  0
VERTEX
  8
0
 10
200.000000
 20
468.000000
 42
-0.033010
  0
VERTEX
  8
0
 10
199.266028
 20
469.319161
 42
-0.110887
  0
VERTEX
  8
0
 10
199.050802
 20
470.277708
 42
-0.372932
  0
VERTEX
  8
0
 10
199.359022
 20
470.633474
 42
-0.175918
  0
VERTEX
  8
0
 10
200.000000
 20
470.500000
 42
-0.101161
  0
VERTEX
  8
0
 10
200.382022
 20
470.140373
 42
-0.052761
  0
VERTEX
  8
0
 10
200.701752
 20
469.566787
 42
-0.049393
  0
VERTEX
  8
0
 10
200.916365
 20
468.883651
 42
-0.053738
  0
SEQEND
  0
POLYLINE
  8
0
 66
1
 70
1
  0
VERTEX
  8
0
 10
208.875154
 20
469.460375
 42
-0.075814
  0
VERTEX
  8
0
 10
210.323985
 20
469.688233
 42
-0.357621
  0
VERTEX
  8
0
 10
210.930796
 20
469.195275
 42
-0.226289
  0
VERTEX
  8
0
 10
210.685868
 20
468.209042
 42
-0.047428
  0
VERTEX
  8
0
 10
209.395824
 20
466.913542
 42
0.048884
  0
VERTEX
  8
0
 10
208.711589
 20
466.222406
 42
0.024183
  0
VERTEX
  8
0
 10
207.979071
 20
465.226831
 42
0.023739
  0
VERTEX
  8
0
 10
207.312790
 20
464.111538
 42
0.031939
  0
VERTEX
  8
0
 10
206.825506
 20
463.041097
 42
-0.010678
  0
VERTEX
  8
0
 10
206.212844
 20
461.527804
 42
-0.204479
  0
VERTEX
  8
0
 10
205.852660
 20
461.184533
 42
-0.343048
  0
VERTEX
  8
0
 10
205.475597
 20
461.302401
 42
-0.024173
  0
VERTEX
  8
0
 10
204.850690
 20
462.302358
 42
-0.051996
  0
VERTEX
  8
0
 10
204.464937
 20
463.198919
 42
-0.087761
  0
VERTEX
  8
0
 10
204.361297
 20
464.008362
 42
-0.093995
  0
VERTEX
  8
0
 10
204.542653
 20
464.765276
 42
-0.067632
  0
VERTEX
  8
0
 10
205.003627
 20
465.504370
 42
0.089266
  0
VERTEX
  8
0
 10
205.401428
 20
466.207821
 42
0.049696
  0
VERTEX
  8
0
 10
205.633627
 20
467.167910
 42
0.047450
  0
VERTEX
  8
0
 10
205.679027
 20
468.219233
 42
0.055865
  0
VERTEX
  8
0
 10
205.517112
 20
469.202012
 42
-0.008635
  0
VERTEX
  8
0
 10
205.239924
 20
470.254017
 42
-0.136278
  0
VERTEX
  8
0
 10
205.251126
 20
470.620888
 42
-0.584279
  0
VERTEX
  8
0
 10
205.407961
 20
470.654615
 42
-0.029739
  0
VERTEX
  8
0
 10
205.809648
 20
470.142988
 42
0.099376
  0
VERTEX
  8
0
 10
206.346664
 20
469.625834
 42
0.087562
  0
VERTEX
  8
0
 10
207.065735
 20
469.327075
 42
0.076890
  0
VERTEX
  8
0
 10
207.926721
 20
469.270494
 42
0.054924
  0
SEQEND
  0
POLYLINE
  8
0
 66
1
 70
1
  0
VERTEX
  8
0
 10
159.000000
 20
469.106989
 42
-0.138750
  0
VERTEX
  8
0
 10
158.891374
 20
468.723081
 42
-0.061199
  0
VERTEX
  8
0
 10
158.559375
 20
468.307216
 42
-0.053891
  0
VERTEX
  8
0
 10
158.073796
 20
467.924763
 42
-0.048303
  0
VERTEX
  8
0
 10
157.500000
 20
467.638374
 42
-0.075244
  0
VERTEX
  8
0
 10
156.885039
 20
467.503306
 42
-0.151899
  0
VERTEX
  8
0
 10
156.407358
 20
467.617923
 42
-0.166113
  0
VERTEX
  8
0
 10
156.106211
 20
467.972145
 42
-0.094119
  0
VERTEX
  8
0
 10
156.000000
 20
468.531385
 42
-0.101220
  0
VERTEX
  8
0
 10
156.114629
 20
469.091819
 42
-0.098432
  0
VERTEX
  8
0
 10
156.440625
 20
469.568594
 42
-0.097416
  0
VERTEX
  8
0
 10
156.927495
 20
469.887999
 42
-0.096899
  0
VERTEX
  8
0
 10
157.500000
 20
470.000000
 42
-0.057609
  0
VERTEX
  8
0
 10
158.073715
 20
469.933678
 42
-0.076852
  0
VERTEX
  8
0
 10
158.559375
 20
469.737678
 42
-0.095748
  0
VERTEX
  8
0
 10
158.884842
 20
469.447641
 42
-0.164455
  0
SEQEND
  0
POLYLINE
  8
0
 66
1
 70
1
  0
VERTEX
  8
0
 10
167.017582
 20
464.934705
 42
-0.027195
  0
VERTEX
  8
0
 10
167.590587
 20
462.228516
 42
-0.091796
  0
VERTEX
  8
0
 10
167.538745
 20
460.428893
 42
-0.174436
  0
VERTEX
  8
0
 10
166.898706
 20
459.401810
 42
-0.168602
  0
VERTEX
  8
0
 10
165.740983
 20
459.000000
 42
-0.075167
  0
VERTEX
  8
0
 10
165.282785
 20
459.069274
 42
-0.342479
  0
VERTEX
  8
0
 10
165.138158
 20
459.275862
 42
-0.162677
  0
VERTEX
  8
0
 10
165.273546
 20
459.623203
 42
-0.022804
  0
VERTEX
  8
0
 10
165.800000
 20
460.200000
 42
0.053363
  0
VERTEX
  8
0
 10
166.736772
 20
461.361335
 42
0.175408
  0
VERTEX
  8
0
 10
166.953000
 20
462.306664
 42
0.346456
  0
VERTEX
  8
0
 10
166.491884
 20
462.764060
 42
0.120764
  0
VERTEX
  8
0
 10
165.500000
 20
462.638374
 42
-0.157475
  0
VERTEX
  8
0
 10
164.780766
 20
462.599480
 42
-0.229539
  0
VERTEX
  8
0
 10
164.307378
 20
463.006060
 42
-0.087999
  0
VERTEX
  8
0
 10
164.060295
 20
464.040944
 42
-0.014707
  0
VERTEX
  8
0
 10
164.000000
 20
466.090402
 42
-0.033393
  0
VERTEX
  8
0
 10
164.192281
 20
468.966231
 42
-0.483989
  0
VERTEX
  8
0
 10
164.954301
 20
469.418626
 42
-0.219572
  0
VERTEX
  8
0
 10
165.934993
 20
468.412820
 42
-0.019362
  0
SEQEND
  0
POLYLINE
  8
0
 66
1
 70
1
  0
VERTEX
  8
0
 10
193.572942
 20
469.234687
 42
-0.107216
  0
VERTEX
  8
0
 10
195.024765
 20
467.697259
 42
-0.161860
  0
VERTEX
  8
0
 10
195.427211
 20
465.916107
 42
-0.128929
  0
VERTEX
  8
0
 10
194.695587
 20
463.943493
 42
-0.057656
  0
VERTEX
  8
0
 10
192.842475
 20
461.859362
 42
-0.014440
  0
VERTEX
  8
0
 10
190.085709
 20
459.537630
 42
-0.204103
  0
VERTEX
  8
0
 10
188.867733
 20
459.202654
 42
-0.339477
  0
VERTEX
  8
0
 10
188.166174
 20
459.909037
 42
-0.031869
  0
VERTEX
  8
0
 10
188.000000
 20
462.513569
 42
-0.057407
  0
VERTEX
  8
0
 10
188.417891
 20
466.141277
 42
-0.116244
  0
VERTEX
  8
0
 10
189.688815
 20
468.701152
 42
-0.187941
  0
VERTEX
  8
0
 10
191.523271
 20
469.719996
 42
-0.186063
  0
SEQEND
  0
POLYLINE
  8
0
 66
1
 70
1
  0
VERTEX
  8
0
 10
203.683114
 20
467.812500
 42
-0.054073
  0
VERTEX
  8
0
 10
203.461564
 20
467.395823
 42
-0.470617
  0
VERTEX
  8
0
 10
203.279315
 20
467.378580
 42
-0.168741
  0
VERTEX
  8
0
 10
203.137993
 20
467.670344
 42
-0.018894
  0
VERTEX
  8
0
 10
203.078947
 20
468.416667
 42
-0.028489
  0
VERTEX
  8
0
 10
203.089945
 20
469.112848
 42
-0.077125
  0
VERTEX
  8
0
 10
203.200665
 20
469.592839
 42
-0.208169
  0
VERTEX
  8
0
 10
203.385309
 20
469.775380
 42
-0.296942
  0
VERTEX
  8
0
 10
203.604167
 20
469.729167
 42
-0.126455
  0
VERTEX
  8
0
 10
203.797407
 20
469.402231
 42
-0.060344
  0
VERTEX
  8
0
 10
203.876576
 20
468.916927
 42
-0.054150
  0
VERTEX
  8
0
 10
203.839148
 20
468.359369
 42
-0.051402
  0
SEQEND
  0
POLYLINE
  8
0
 66
1
 70
1
  0
VERTEX
  8
0
 10
143.000000
 20
467.000000
 42
-0.067794
  0
VERTEX
  8
0
 10
142.190636
 20
465.882390
 42
-0.081031
  0
VERTEX
  8
0
 10
141.154336
 20
465.099602
 42
-0.168007
  0
VERTEX
  8
0
 10
140.366552
 20
464.978675
 42
-0.362256
  0
VERTEX
  8
0
 10
140.000000
 20
465.418213
 42
0.065182
  0
VERTEX
  8
0
 10
139.967516
 20
465.666328
 42
0.008575
  0
VERTEX
  8
0
 10
139.821697
 20
466.178225
 42
0.009838
  0
VERTEX
  8
0
 10
139.625425
 20
466.781926
 42
0.008099
  0
VERTEX
  8
0
 10
139.393011
 20
467.418213
 42
-0.091023
  0
VERTEX
  8
0
 10
139.252130
 20
468.171606
 42
-0.232408
  0
VERTEX
  8
0
 10
139.489009
 20
468.657765
 42
-0.137820
  0
VERTEX
  8
0
 10
140.152288
 20
468.927918
 42
-0.028225
  0
VERTEX
  8
0
 10
141.428195
 20
469.000000
 42
-0.019570
  0
VERTEX
  8
0
 10
142.920854
 20
468.941556
 42
-0.209602
  0
VERTEX
  8
0
 10
143.443021
 20
468.662039
 42
-0.265052
  0
VERTEX
  8
0
 10
143.521579
 20
468.134750
 42
-0.030286
  0
SEQEND
  0
POLYLINE
  8
0
 66
1
 70
1
  0
VERTEX
  8
0
 10
147.618034
 20
467.809017
 42
-0.088972
  0
VERTEX
  8
0
 10
147.809358
 20
467.324523
 42
-0.118107
  0
VERTEX
  8
0
 10
147.792123
 20
466.852632
 42
-0.128568
  0
VERTEX
  8
0
 10
147.568120
 20
466.467999
 42
-0.117017
  0
VERTEX
  8
0
 10
147.177051
 20
466.225684
 42
0.108291
  0
VERTEX
  8
0
 10
146.727043
 20
465.957467
 42
0.070180
  0
VERTEX
  8
0
 10
146.345759
 20
465.483482
 42
0.065525
  0
VERTEX
  8
0
 10
146.087999
 20
464.884605
 42
0.069003
  0
VERTEX
  8
0
 10
146.000000
 20
464.250000
 42
-0.141423
  0
VERTEX
  8
0
 10
145.772784
 20
463.462744
 42
-0.465179
  0
VERTEX
  8
0
 10
145.307047
 20
463.398051
 42
-0.125794
  0
VERTEX
  8
0
 10
144.720088
 20
464.278997
 42
-0.047971
  0
VERTEX
  8
0
 10
144.364567
 20
465.721806
 42
-0.092014
  0
VERTEX
  8
0
 10
144.436667
 20
467.629141
 42
-0.197276
  0
VERTEX
  8
0
 10
145.266434
 20
468.814221
 42
-0.267629
  0
VERTEX
  8
0
 10
146.469525
 20
468.871290
 42
-0.136239
  0
SEQEND
  0
POLYLINE
  8
0
 66
1
 70
1
  0
VERTEX
  8
0
 10
150.725047
 20
467.000000
 42
-0.044872
  0
VERTEX
  8
0
 10
150.713945
 20
466.234295
 42
-0.067802
  0
VERTEX
  8
0
 10
150.555953
 20
465.587500
 42
-0.091879
  0
VERTEX
  8
0
 10
150.284316
 20
465.152511
 42
-0.210357
  0
VERTEX
  8
0
 10
149.937851
 20
465.000000
 42
-0.201195
  0
VERTEX
  8
0
 10
149.579477
 20
465.150289
 42
-0.084737
  0
VERTEX
  8
0
 10
149.275494
 20
465.587500
 42
-0.064806
  0
VERTEX
  8
0
 10
149.068941
 20
466.234433
 42
-0.044935
  0
VERTEX
  8
0
 10
149.000000
 20
467.000000
 42
-0.037503
  0
VERTEX
  8
0
 10
149.057529
 20
467.765913
 42
-0.056318
  0
VERTEX
  8
0
 10
149.231239
 20
468.412500
 42
-0.073935
  0
VERTEX
  8
0
 10
149.485671
 20
468.854232
 42
-0.229038
  0
VERTEX
  8
0
 10
149.787196
 20
469.000000
 42
-0.218405
  0
VERTEX
  8
0
 10
150.099896
 20
468.856567
 42
-0.068155
  0
VERTEX
  8
0
 10
150.387408
 20
468.412500
 42
-0.053734
  0
VERTEX
  8
0
 10
150.609724
 20
467.765803
 42
-0.037158
  0
SEQEND
  0
POLYLINE
  8
0
 66
1
 70
1
  0
VERTEX
  8
0
 10
155.500000
 20
466.000000
 42
-0.082592
  0
VERTEX
  8
0
 10
155.656512
 20
465.617900
 42
-0.161196
  0
VERTEX
  8
0
 10
155.625400
 20
465.293750
 42
-0.182303
  0
VERTEX
  8
0
 10
155.413961
 20
465.078288
 42
-0.108972
  0
VERTEX
  8
0
 10
155.059017
 20
465.000000
 42
-0.093332
  0
VERTEX
  8
0
 10
154.654762
 20
465.076123
 42
-0.096420
  0
VERTEX
  8
0
 10
154.311086
 20
465.293750
 42
-0.099167
  0
VERTEX
  8
0
 10
154.081062
 20
465.618444
 42
-0.105053
  0
VERTEX
  8
0
 10
154.000000
 20
466.000000
 42
-0.042167
  0
VERTEX
  8
0
 10
154.032345
 20
466.382849
 42
-0.061769
  0
VERTEX
  8
0
 10
154.129539
 20
466.706250
 42
-0.081139
  0
VERTEX
  8
0
 10
154.272352
 20
466.925540
 42
-0.210953
  0
VERTEX
  8
0
 10
154.440983
 20
467.000000
 42
-0.151918
  0
VERTEX
  8
0
 10
154.651710
 20
466.934461
 42
-0.038439
  0
VERTEX
  8
0
 10
154.933975
 20
466.706250
 42
-0.035638
  0
VERTEX
  8
0
 10
155.231006
 20
466.382774
 42
-0.029505
  0
SEQEND
  0
POLYLINE
  8
0
 66
1
 70
1
  0
VERTEX
  8
0
 10
201.662281
 20
462.750000
 42
-0.174857
  0
VERTEX
  8
0
 10
201.474999
 20
462.540618
 42
-0.447206
  0
VERTEX
  8
0
 10
201.306058
 20
462.601562
 42
-0.078554
  0
VERTEX
  8
0
 10
201.189089
 20
463.108560
 42
-0.017491
  0
VERTEX
  8
0
 10
201.157895
 20
464.000000
 42
-0.017491
  0
VERTEX
  8
0
 10
201.189089
 20
464.891440
 42
-0.078554
  0
VERTEX
  8
0
 10
201.306058
 20
465.398438
 42
-0.447206
  0
VERTEX
  8
0
 10
201.474999
 20
465.459382
 42
-0.174857
  0
VERTEX
  8
0
 10
201.662281
 20
465.250000
 42
-0.057986
  0
VERTEX
  8
0
 10
201.818615
 20
464.679992
 42
-0.037979
  0
VERTEX
  8
0
 10
201.870340
 20
464.000000
 42
-0.037979
  0
VERTEX
  8
0
 10
201.818615
 20
463.320008
 42
-0.057986
  0
SEQEND
  0
POLYLINE
  8
0
 66
1
 70
1
  0
VERTEX
  8
0
 10
150.000000
 20
462.500000
 42
-0.024748
  0
VERTEX
  8
0
 10
149.971531
 20
461.925176
 42
-0.039339
  0
VERTEX
  8
0
 10
149.884553
 20
461.440625
 42
-0.046727
  0
VERTEX
  8
0
 10
149.758929
 20
461.096084
 42
-0.289661
  0
VERTEX
  8
0
 10
149.606989
 20
461.000000
 42
-0.222225
  0
VERTEX
  8
0
 10
149.420671
 20
461.087111
 42
-0.030693
  0
VERTEX
  8
0
 10
149.160341
 20
461.440625
 42
-0.030395
  0
VERTEX
  8
0
 10
148.887494
 20
461.925442
 42
-0.021360
  0
VERTEX
  8
0
 10
148.638374
 20
462.500000
 42
-0.055937
  0
VERTEX
  8
0
 10
148.488865
 20
463.074366
 42
-0.100118
  0
VERTEX
  8
0
 10
148.516384
 20
463.559375
 42
-0.147206
  0
VERTEX
  8
0
 10
148.710807
 20
463.877514
 42
-0.184534
  0
VERTEX
  8
0
 10
149.031385
 20
464.000000
 42
-0.152681
  0
VERTEX
  8
0
 10
149.400789
 20
463.884506
 42
-0.098158
  0
VERTEX
  8
0
 10
149.715469
 20
463.559375
 42
-0.080880
  0
VERTEX
  8
0
 10
149.927770
 20
463.073532
 42
-0.062722
  0
SEQEND
  0
POLYLINE
  8
0
 66
1
 70
1
  0
VERTEX
  8
0
 10
158.217958
 20
459.817958
 42
-0.181167
  0
VERTEX
  8
0
 10
157.869057
 20
459.659230
 42
-0.373673
  0
VERTEX
  8
0
 10
157.646908
 20
459.826958
 42
-0.086287
  0
VERTEX
  8
0
 10
157.622686
 20
460.486201
 42
-0.016428
  0
VERTEX
  8
0
 10
157.824504
 20
461.674177
 42
-0.008660
  0
VERTEX
  8
0
 10
158.129397
 20
463.047609
 42
-0.138278
  0
VERTEX
  8
0
 10
158.360049
 20
463.459395
 42
-0.550064
  0
VERTEX
  8
0
 10
158.576195
 20
463.410973
 42
-0.033951
  0
VERTEX
  8
0
 10
158.794107
 20
462.643780
 42
-0.054376
  0
VERTEX
  8
0
 10
158.872744
 20
461.861840
 42
-0.048216
  0
VERTEX
  8
0
 10
158.787163
 20
461.048004
 42
-0.051027
  0
VERTEX
  8
0
 10
158.560845
 20
460.324322
 42
-0.095372
  0
SEQEND
  0
POLYLINE
  8
0
 66
1
 70
1
  0
VERTEX
  8
0
 10
210.239919
 20
460.648278
 42
-0.038736
  0
VERTEX
  8
0
 10
210.637119
 20
460.853120
 42
-0.349636
  0
VERTEX
  8
0
 10
210.812819
 20
460.803738
 42
-0.270968
  0
VERTEX
  8
0
 10
210.832684
 20
460.594983
 42
-0.029814
  0
VERTEX
  8
0
 10
210.595492
 20
460.154508
 42
-0.091750
  0
VERTEX
  8
0
 10
209.766298
 20
459.240097
 42
-0.224565
  0
VERTEX
  8
0
 10
208.899340
 20
459.055815
 42
-0.246727
  0
VERTEX
  8
0
 10
208.266925
 20
459.606190
 42
-0.104361
  0
VERTEX
  8
0
 10
208.078947
 20
460.750000
 42
-0.020483
  0
VERTEX
  8
0
 10
208.137062
 20
461.423747
 42
-0.187944
  0
VERTEX
  8
0
 10
208.274935
 20
461.676989
 42
-0.449603
  0
VERTEX
  8
0
 10
208.450943
 20
461.651402
 42
-0.049580
  0
VERTEX
  8
0
 10
208.664358
 20
461.243769
 42
0.093730
  0
VERTEX
  8
0
 10
208.939340
 20
460.814893
 42
0.113580
  0
VERTEX
  8
0
 10
209.336095
 20
460.550649
 42
0.119157
  0
VERTEX
  8
0
 10
209.793168
 20
460.493604
 42
0.110583
  0
SEQEND
  0
POLYLINE
  8
0
 66
1
 70
1
  0
VERTEX
  8
0
 10
195.500000
 20
460.000000
 42
-0.146489
  0
VERTEX
  8
0
 10
195.602013
 20
459.620597
 42
-0.191582
  0
VERTEX
  8
0
 10
195.461189
 20
459.293750
 42
-0.134005
  0
VERTEX
  8
0
 10
195.074636
 20
459.072951
 42
-0.063222
  0
VERTEX
  8
0
 10
194.500000
 20
459.000000
 42
-0.063222
  0
VERTEX
  8
0
 10
193.925364
 20
459.072951
 42
-0.134005
  0
VERTEX
  8
0
 10
193.538811
 20
459.293750
 42
-0.191582
  0
VERTEX
  8
0
 10
193.397987
 20
459.620597
 42
-0.146489
  0
VERTEX
  8
0
 10
193.500000
 20
460.000000
 42
-0.025622
  0
VERTEX
  8
0
 10
193.764631
 20
460.382847
 42
-0.032351
  0
VERTEX
  8
0
 10
194.048689
 20
460.706250
 42
-0.033983
  0
VERTEX
  8
0
 10
194.313296
 20
460.937141
 42
-0.163822
  0
VERTEX
  8
0
 10
194.500000
 20
461.000000
 42
-0.163822
  0
VERTEX
  8
0
 10
194.686704
 20
460.937141
 42
-0.033983
  0
VERTEX
  8
0
 10
194.951311
 20
460.706250
 42
-0.032351
  0
VERTEX
  8
0
 10
195.235369
 20
460.382847
 42
-0.025622
  0
SEQEND
  0
POLYLINE
  8
0
 66
1
 70
1
  0
VERTEX
  8
0
 10
210.000000
 20
453.000000
 42
-0.105053
  0
VERTEX
  8
0
 10
209.918938
 20
452.618444
 42
-0.099167
  0
VERTEX
  8
0
 10
209.688914
 20
452.293750
 42
-0.096420
  0
VERTEX
  8
0
 10
209.345238
 20
452.076123
 42
-0.093332
  0
VERTEX
  8
0
 10
208.940983
 20
452.000000
 42
-0.108972
  0
VERTEX
  8
0
 10
208.586039
 20
452.078288
 42
-0.182303
  0
VERTEX
  8
0
 10
208.374600
 20
452.293750
 42
-0.161196
  0
VERTEX
  8
0
 10
208.343488
 20
452.617900
 42
-0.082592
  0
VERTEX
  8
0
 10
208.500000
 20
453.000000
 42
-0.029505
  0
VERTEX
  8
0
 10
208.768994
 20
453.382774
 42
-0.035638
  0
VERTEX
  8
0
 10
209.066025
 20
453.706250
 42
-0.038439
  0
VERTEX
  8
0
 10
209.348290
 20
453.934461
 42
-0.151918
  0
VERTEX
  8
0
 10
209.559017
 20
454.000000
 42
-0.210953
  0
VERTEX
  8
0
 10
209.727648
 20
453.925540
 42
-0.081139
  0
VERTEX
  8
0
 10
209.870461
 20
453.706250
 42
-0.061769
  0
VERTEX
  8
0
 10
209.967655
 20
453.382849
 42
-0.042167
  0
SEQEND
  0
POLYLINE
  8
0
 66
1
 70
1
  0
VERTEX
  8
0
 10
140.607954
 20
444.250000
 42
-0.029683
  0
VERTEX
  8
0
 10
141.756882
 20
442.533881
 42
-0.252694
  0
VERTEX
  8
0
 10
141.788737
 20
441.639015
 42
-0.253267
  0
VERTEX
  8
0
 10
141.058295
 20
441.122766
 42
-0.029796
  0
VERTEX
  8
0
 10
139.000000
 20
441.000000
 42
0.028455
  0
VERTEX
  8
0
 10
137.023001
 20
440.887396
 42
0.211268
  0
VERTEX
  8
0
 10
136.229085
 20
440.422010
 42
0.261136
  0
VERTEX
  8
0
 10
136.135222
 20
439.597243
 42
0.041756
  0
VERTEX
  8
0
 10
136.914388
 20
438.104283
 42
0.094866
  0
VERTEX
  8
0
 10
137.386025
 20
437.601694
 42
0.086240
  0
VERTEX
  8
0
 10
138.025405
 20
437.288142
 42
0.083172
  0
VERTEX
  8
0
 10
138.754159
 20
437.201806
 42
0.079760
  0
VERTEX
  8
0
 10
139.482635
 20
437.354963
 42
-0.038480
  0
VERTEX
  8
0
 10
140.197743
 20
437.567959
 42
-0.165361
  0
VERTEX
  8
0
 10
140.632861
 20
437.517613
 42
-0.272518
  0
VERTEX
  8
0
 10
140.819187
 20
437.242750
 42
-0.095510
  0
VERTEX
  8
0
 10
140.756441
 20
436.750680
 42
-0.220392
  0
VERTEX
  8
0
 10
139.754449
 20
435.677528
 42
-0.085575
  0
VERTEX
  8
0
 10
137.720929
 20
435.233257
 42
-0.080134
  0
VERTEX
  8
0
 10
135.520979
 20
435.488637
 42
-0.151794
  0
VERTEX
  8
0
 10
134.039404
 20
436.452521
 42
-0.104787
  0
VERTEX
  8
0
 10
133.118465
 20
438.204706
 42
-0.067574
  0
VERTEX
  8
0
 10
132.796897
 20
440.483971
 42
-0.067766
  0
VERTEX
  8
0
 10
133.094541
 20
442.758698
 42
-0.107231
  0
VERTEX
  8
0
 10
133.997445
 20
444.496921
 42
-0.119188
  0
VERTEX
  8
0
 10
135.468970
 20
445.594404
 42
-0.110672
  0
VERTEX
  8
0
 10
137.321249
 20
445.937421
 42
-0.109070
  0
VERTEX
  8
0
 10
139.164470
 20
445.457695
 42
-0.112874
  0
SEQEND
  0
POLYLINE
  8
0
 66
1
 70
1
  0
VERTEX
  8
0
 10
350.000000
 20
579.914673
 42
0.335478
  0
VERTEX
  8
0
 10
350.346413
 20
579.456482
 42
0.040331
  0
VERTEX
  8
0
 10
351.670487
 20
579.194333
 42
0.030133
  0
VERTEX
  8
0
 10
353.686727
 20
579.084154
 42
0.011468
  0
VERTEX
  8
0
 10
356.502098
 20
579.164673
 42
0.000000
  0
VERTEX
  8
0
 10
363.004196
 20
579.500000
 42
0.000000
  0
VERTEX
  8
0
 10
363.085431
 20
552.000000
 42
0.000804
  0
VERTEX
  8
0
 10
363.134228
 20
541.304690
 42
0.001195
  0
VERTEX
  8
0
 10
363.214402
 20
531.940350
 42
0.000511
  0
VERTEX
  8
0
 10
363.310322
 20
523.930763
 42
0.024704
  0
VERTEX
  8
0
 10
363.410405
 20
522.328849
 42
-0.077353
  0
VERTEX
  8
0
 10
363.362693
 20
521.209651
 42
-0.162406
  0
VERTEX
  8
0
 10
362.935844
 20
520.462421
 42
-0.110403
  0
VERTEX
  8
0
 10
362.008288
 20
519.943739
 42
-0.026134
  0
VERTEX
  8
0
 10
360.274515
 20
519.523677
 42
0.035284
  0
VERTEX
  8
0
 10
358.940298
 20
519.174477
 42
0.039922
  0
VERTEX
  8
0
 10
357.724788
 20
518.651481
 42
0.043777
  0
VERTEX
  8
0
 10
356.784915
 20
518.044233
 42
0.136658
  0
VERTEX
  8
0
 10
356.340455
 20
517.444827
 42
-0.185633
  0
VERTEX
  8
0
 10
355.543311
 20
516.560324
 42
-0.073593
  0
VERTEX
  8
0
 10
353.966389
 20
516.031981
 42
-0.090847
  0
VERTEX
  8
0
 10
352.524416
 20
516.038941
 42
-0.360720
  0
VERTEX
  8
0
 10
352.000000
 20
516.671259
 42
-0.127166
  0
VERTEX
  8
0
 10
352.094591
 20
517.037166
 42
-0.019706
  0
VERTEX
  8
0
 10
352.486153
 20
517.682529
 42
-0.020890
  0
VERTEX
  8
0
 10
353.021315
 20
518.421886
 42
-0.016815
  0
VERTEX
  8
0
 10
353.654988
 20
519.171259
 42
0.009839
  0
VERTEX
  8
0
 10
354.654627
 20
520.320515
 42
0.208939
  0
VERTEX
  8
0
 10
354.778559
 20
520.744691
 42
0.336054
  0
VERTEX
  8
0
 10
354.526884
 20
521.001096
 42
0.021060
  0
VERTEX
  8
0
 10
353.404988
 20
521.118421
 42
0.008423
  0
VERTEX
  8
0
 10
352.617681
 20
521.154062
 42
0.008351
  0
VERTEX
  8
0
 10
351.827378
 20
521.163303
 42
0.008242
  0
VERTEX
  8
0
 10
351.136127
 20
521.148444
 42
0.031857
  0
VERTEX
  8
0
 10
350.709490
 20
521.104918
 42
-0.108672
  0
VERTEX
  8
0
 10
350.269967
 20
521.127412
 42
-0.020674
  0
VERTEX
  8
0
 10
349.502154
 20
521.372491
 42
-0.021180
  0
VERTEX
  8
0
 10
348.613367
 20
521.740604
 42
-0.018071
  0
VERTEX
  8
0
 10
347.709490
 20
522.201061
 42
0.010604
  0
VERTEX
  8
0
 10
346.814674
 20
522.673860
 42
0.012740
  0
VERTEX
  8
0
 10
345.953204
 20
523.078793
 42
0.011465
  0
VERTEX
  8
0
 10
345.215557
 20
523.382863
 42
0.078903
  0
VERTEX
  8
0
 10
344.833333
 20
523.464565
 42
-0.091785
  0
VERTEX
  8
0
 10
344.519448
 20
523.540101
 42
-0.034329
  0
VERTEX
  8
0
 10
344.117708
 20
523.753276
 42
-0.032600
  0
VERTEX
  8
0
 10
343.701406
 20
524.051520
 42
-0.033939
  0
VERTEX
  8
0
 10
343.333333
 20
524.397650
 42
-0.190989
  0
VERTEX
  8
0
 10
343.218554
 20
524.692855
 42
-0.344266
  0
VERTEX
  8
0
 10
343.370904
 20
524.885265
 42
-0.096530
  0
VERTEX
  8
0
 10
343.896256
 20
524.909183
 42
-0.023621
  0
VERTEX
  8
0
 10
344.750000
 20
524.741270
 42
0.039514
  0
VERTEX
  8
0
 10
345.690109
 20
524.587195
 42
0.091669
  0
VERTEX
  8
0
 10
346.398542
 20
524.657823
 42
0.147346
  0
VERTEX
  8
0
 10
346.833334
 20
524.939454
 42
0.177693
  0
VERTEX
  8
0
 10
347.000000
 20
525.393620
 42
0.196668
  0
VERTEX
  8
0
 10
346.811438
 20
525.854468
 42
0.086325
  0
VERTEX
  8
0
 10
346.265625
 20
526.245626
 42
0.066238
  0
VERTEX
  8
0
 10
345.456878
 20
526.511223
 42
0.046290
  0
VERTEX
  8
0
 10
344.500000
 20
526.600000
 42
0.030335
  0
VERTEX
  8
0
 10
343.542224
 20
526.541839
 42
0.047135
  0
VERTEX
  8
0
 10
342.734375
 20
526.365000
 42
0.059924
  0
VERTEX
  8
0
 10
342.172450
 20
526.107692
 42
0.261124
  0
VERTEX
  8
0
 10
342.000000
 20
525.800000
 42
-0.267353
  0
VERTEX
  8
0
 10
341.822634
 20
525.492003
 42
-0.057082
  0
VERTEX
  8
0
 10
341.234197
 20
525.235000
 42
-0.045411
  0
VERTEX
  8
0
 10
340.391841
 20
525.058111
 42
-0.029065
  0
VERTEX
  8
0
 10
339.393011
 20
525.000000
 42
-0.029975
  0
VERTEX
  8
0
 10
338.173093
 20
525.073201
 42
-0.129766
  0
VERTEX
  8
0
 10
337.504537
 20
525.338646
 42
-0.223804
  0
VERTEX
  8
0
 10
337.252407
 20
525.806374
 42
-0.105503
  0
VERTEX
  8
0
 10
337.361626
 20
526.500000
 42
0.053447
  0
VERTEX
  8
0
 10
337.514215
 20
527.074486
 42
0.096452
  0
VERTEX
  8
0
 10
337.495059
 20
527.559375
 42
0.144873
  0
VERTEX
  8
0
 10
337.313225
 20
527.877295
 42
0.193231
  0
VERTEX
  8
0
 10
337.007570
 20
528.000000
 42
-0.134278
  0
VERTEX
  8
0
 10
336.523477
 20
528.132393
 42
-0.025346
  0
VERTEX
  8
0
 10
335.752055
 20
528.642890
 42
-0.025453
  0
VERTEX
  8
0
 10
334.887757
 20
529.350686
 42
-0.020929
  0
VERTEX
  8
0
 10
334.038955
 20
530.188561
 42
-0.090703
  0
VERTEX
  8
0
 10
332.925320
 20
531.929380
 42
-0.064441
  0
VERTEX
  8
0
 10
332.329396
 20
534.174041
 42
-0.028889
  0
VERTEX
  8
0
 10
332.059788
 20
537.859054
 42
-0.003818
  0
VERTEX
  8
0
 10
332.000000
 20
545.688561
 42
0.000000
  0
VERTEX
  8
0
 10
332.000000
 20
559.000000
 42
0.000000
  0
VERTEX
  8
0
 10
304.478860
 20
559.000000
 42
0.000000
  0
VERTEX
  8
0
 10
276.957720
 20
559.000000
 42
0.000000
  0
VERTEX
  8
0
 10
277.228860
 20
539.332571
 42
0.003952
  0
VERTEX
  8
0
 10
277.405491
 20
531.189885
 42
0.008483
  0
VERTEX
  8
0
 10
277.697785
 20
524.916301
 42
0.003548
  0
VERTEX
  8
0
 10
278.051663
 20
519.913478
 42
0.305704
  0
VERTEX
  8
0
 10
278.500000
 20
519.348827
 42
0.152087
  0
VERTEX
  8
0
 10
279.677625
 20
519.343532
 42
0.083816
  0
VERTEX
  8
0
 10
280.976925
 20
519.994740
 42
0.109362
  0
VERTEX
  8
0
 10
281.775150
 20
520.902849
 42
0.333785
  0
VERTEX
  8
0
 10
281.666667
 20
521.666667
 42
0.169686
  0
VERTEX
  8
0
 10
281.297727
 20
521.844534
 42
0.125728
  0
VERTEX
  8
0
 10
280.845752
 20
521.782184
 42
0.094362
  0
VERTEX
  8
0
 10
280.374268
 20
521.476377
 42
0.060905
  0
VERTEX
  8
0
 10
279.960940
 20
520.971040
 42
-0.713401
  0
VERTEX
  8
0
 10
279.547008
 20
521.069028
 42
-0.010681
  0
VERTEX
  8
0
 10
279.269115
 20
524.640171
 42
-0.010286
  0
VERTEX
  8
0
 10
279.077217
 20
530.009203
 42
-0.003579
  0
VERTEX
  8
0
 10
279.015313
 20
537.750000
 42
0.000000
  0
VERTEX
  8
0
 10
279.000000
 20
556.000000
 42
0.000000
  0
VERTEX
  8
0
 10
290.459033
 20
556.000000
 42
0.000000
  0
VERTEX
  8
0
 10
301.918065
 20
556.000000
 42
0.000000
  0
VERTEX
  8
0
 10
302.209033
 20
536.498931
 42
0.000000
  0
VERTEX
  8
0
 10
302.500000
 20
516.997862
 42
0.000000
  0
VERTEX
  8
0
 10
292.250000
 20
516.998931
 42
0.004996
  0
VERTEX
  8
0
 10
286.754695
 20
516.944597
 42
0.031343
  0
VERTEX
  8
0
 10
283.958155
 20
516.713236
 42
0.074408
  0
VERTEX
  8
0
 10
282.486000
 20
516.267907
 42
0.289858
  0
VERTEX
  8
0
 10
282.000000
 20
515.500000
 42
0.345893
  0
VERTEX
  8
0
 10
282.642248
 20
514.682685
 42
0.038228
  0
VERTEX
  8
0
 10
285.152778
 20
514.271531
 42
0.018908
  0
VERTEX
  8
0
 10
289.761498
 20
514.049675
 42
0.002572
  0
VERTEX
  8
0
 10
299.416667
 20
514.000000
 42
-0.003452
  0
VERTEX
  8
0
 10
307.925929
 20
513.941246
 42
-0.013958
  0
VERTEX
  8
0
 10
313.110161
 20
513.724817
 42
-0.014676
  0
VERTEX
  8
0
 10
316.513437
 20
513.386832
 42
-0.271096
  0
VERTEX
  8
0
 10
317.337719
 20
512.750000
 42
0.009076
  0
VERTEX
  8
0
 10
317.617987
 20
512.090194
 42
0.295955
  0
VERTEX
  8
0
 10
317.757018
 20
512.000000
 42
0.382689
  0
VERTEX
  8
0
 10
317.864758
 20
512.096611
 42
0.011437
  0
VERTEX
  8
0
 10
317.921053
 20
512.750000
 42
-0.219781
  0
VERTEX
  8
0
 10
318.194842
 20
513.256262
 42
-0.076734
  0
VERTEX
  8
0
 10
318.944005
 20
513.655075
 42
-0.054598
  0
VERTEX
  8
0
 10
320.073303
 20
513.915840
 42
-0.029469
  0
VERTEX
  8
0
 10
321.500000
 20
514.000000
 42
-0.061718
  0
VERTEX
  8
0
 10
323.726674
 20
513.724098
 42
-0.221575
  0
VERTEX
  8
0
 10
324.809891
 20
512.843360
 42
-0.112929
  0
VERTEX
  8
0
 10
325.236310
 20
510.998272
 42
-0.011625
  0
VERTEX
  8
0
 10
325.141691
 20
506.500000
 42
0.021294
  0
VERTEX
  8
0
 10
325.140074
 20
505.547545
 42
0.564754
  0
VERTEX
  8
0
 10
325.322751
 20
505.447341
 42
0.147164
  0
VERTEX
  8
0
 10
325.619392
 20
505.764438
 42
0.006202
  0
VERTEX
  8
0
 10
326.293731
 20
507.169572
 42
-0.037166
  0
VERTEX
  8
0
 10
326.969361
 20
508.379306
 42
-0.017965
  0
VERTEX
  8
0
 10
327.999860
 20
509.824097
 42
-0.017705
  0
VERTEX
  8
0
 10
329.187029
 20
511.259877
 42
-0.024275
  0
VERTEX
  8
0
 10
330.359632
 20
512.457492
 42
0.030496
  0
VERTEX
  8
0
 10
331.517686
 20
513.670044
 42
0.054858
  0
VERTEX
  8
0
 10
332.284075
 20
514.810141
 42
0.072042
  0
VERTEX
  8
0
 10
332.642764
 20
515.829351
 42
0.141168
  0
VERTEX
  8
0
 10
332.569546
 20
516.679363
 42
-0.014990
  0
VERTEX
  8
0
 10
332.286987
 20
517.487306
 42
-0.321442
  0
VERTEX
  8
0
 10
332.361195
 20
517.714607
 42
-0.327200
  0
VERTEX
  8
0
 10
332.598120
 20
517.714788
 42
-0.015264
  0
VERTEX
  8
0
 10
333.268312
 20
517.192284
 42
0.087655
  0
VERTEX
  8
0
 10
333.969679
 20
516.792697
 42
0.182832
  0
VERTEX
  8
0
 10
334.589108
 20
516.804264
 42
0.125661
  0
VERTEX
  8
0
 10
335.206444
 20
517.254706
 42
0.033058
  0
VERTEX
  8
0
 10
335.927444
 20
518.255427
 42
0.025285
  0
VERTEX
  8
0
 10
336.500400
 20
519.285316
 42
0.093993
  0
VERTEX
  8
0
 10
336.697336
 20
519.997739
 42
0.180599
  0
VERTEX
  8
0
 10
336.561924
 20
520.477510
 42
0.155386
  0
VERTEX
  8
0
 10
336.136240
 20
520.787920
 42
-0.122056
  0
VERTEX
  8
0
 10
335.164187
 20
521.403680
 42
-0.341322
  0
VERTEX
  8
0
 10
335.084618
 20
522.155957
 42
-0.191177
  0
VERTEX
  8
0
 10
335.940560
 20
522.793952
 42
-0.065779
  0
VERTEX
  8
0
 10
337.500000
 20
523.000000
 42
-0.048045
  0
VERTEX
  8
0
 10
338.830406
 20
522.871865
 42
-0.175501
  0
VERTEX
  8
0
 10
339.546244
 20
522.443261
 42
-0.143291
  0
VERTEX
  8
0
 10
339.904780
 20
521.593329
 42
-0.028645
  0
VERTEX
  8
0
 10
340.000000
 20
519.932612
 42
-0.021619
  0
VERTEX
  8
0
 10
339.926135
 20
518.225089
 42
-0.161103
  0
VERTEX
  8
0
 10
339.609793
 20
517.489055
 42
-0.226661
  0
VERTEX
  8
0
 10
338.980329
 20
517.223202
 42
-0.046296
  0
VERTEX
  8
0
 10
337.750000
 20
517.394942
 42
0.008810
  0
VERTEX
  8
0
 10
336.788226
 20
517.603561
 42
0.699294
  0
VERTEX
  8
0
 10
336.731178
 20
517.509731
 42
0.121526
  0
VERTEX
  8
0
 10
336.993450
 20
517.308399
 42
0.003773
  0
VERTEX
  8
0
 10
338.250000
 20
516.769288
 42
-0.037624
  0
VERTEX
  8
0
 10
339.302417
 20
516.230778
 42
-0.045555
  0
VERTEX
  8
0
 10
340.192187
 20
515.569388
 42
-0.051847
  0
VERTEX
  8
0
 10
340.809069
 20
514.889613
 42
-0.159669
  0
VERTEX
  8
0
 10
341.000000
 20
514.306958
 42
-0.112350
  0
VERTEX
  8
0
 10
340.789208
 20
513.380692
 42
-0.318284
  0
VERTEX
  8
0
 10
340.240688
 20
513.076042
 42
-0.133485
  0
VERTEX
  8
0
 10
339.300094
 20
513.445968
 42
-0.023868
  0
VERTEX
  8
0
 10
337.828741
 20
514.654988
 42
0.031677
  0
VERTEX
  8
0
 10
337.125686
 20
515.214543
 42
0.079393
  0
VERTEX
  8
0
 10
336.537193
 20
515.499141
 42
0.187819
  0
VERTEX
  8
0
 10
336.166154
 20
515.469649
 42
0.287599
  0
VERTEX
  8
0
 10
336.000000
 20
515.204678
 42
0.122665
  0
VERTEX
  8
0
 10
336.123869
 20
514.707365
 42
0.049544
  0
VERTEX
  8
0
 10
336.514063
 20
514.121089
 42
0.045104
  0
VERTEX
  8
0
 10
337.080472
 20
513.544370
 42
0.042953
  0
VERTEX
  8
0
 10
337.750000
 20
513.067986
 42
-0.022643
  0
VERTEX
  8
0
 10
338.694718
 20
512.451945
 42
-0.209330
  0
VERTEX
  8
0
 10
338.937952
 20
512.041506
 42
-0.249244
  0
VERTEX
  8
0
 10
338.780098
 20
511.629961
 42
-0.031667
  0
VERTEX
  8
0
 10
338.000000
 20
511.033609
 42
0.015345
  0
VERTEX
  8
0
 10
337.289123
 20
510.526038
 42
0.190535
  0
VERTEX
  8
0
 10
337.120774
 20
510.247397
 42
0.412635
  0
VERTEX
  8
0
 10
337.247067
 20
510.068904
 42
0.040220
  0
VERTEX
  8
0
 10
337.828419
 20
510.015313
 42
0.147533
  0
VERTEX
  8
0
 10
338.563873
 20
510.227932
 42
0.018251
  0
VERTEX
  8
0
 10
339.946023
 20
511.195752
 42
0.020275
  0
VERTEX
  8
0
 10
341.537191
 20
512.503447
 42
0.015484
  0
VERTEX
  8
0
 10
343.171844
 20
514.055332
 42
-0.040192
  0
VERTEX
  8
0
 10
345.873362
 20
516.377618
 42
-0.085026
  0
VERTEX
  8
0
 10
348.339930
 20
517.599890
 42
-0.229350
  0
VERTEX
  8
0
 10
349.770218
 20
517.368372
 42
-0.300736
  0
VERTEX
  8
0
 10
350.242678
 20
516.168643
 42
0.300928
  0
VERTEX
  8
0
 10
350.681127
 20
515.056425
 42
0.056671
  0
VERTEX
  8
0
 10
352.700421
 20
513.959945
 42
0.054170
  0
VERTEX
  8
0
 10
355.180432
 20
513.257537
 42
0.106283
  0
VERTEX
  8
0
 10
357.220323
 20
513.347365
 42
-0.085747
  0
VERTEX
  8
0
 10
358.101984
 20
513.422222
 42
-0.222235
  0
VERTEX
  8
0
 10
358.640962
 20
513.110944
 42
-0.129260
  0
VERTEX
  8
0
 10
358.926631
 20
512.334630
 42
-0.023881
  0
VERTEX
  8
0
 10
359.000000
 20
510.799392
 42
-0.020037
  0
VERTEX
  8
0
 10
358.936303
 20
509.210573
 42
-0.143924
  0
VERTEX
  8
0
 10
358.664584
 20
508.501668
 42
-0.262098
  0
VERTEX
  8
0
 10
358.146766
 20
508.278928
 42
-0.071144
  0
VERTEX
  8
0
 10
357.250000
 20
508.506465
 42
0.011792
  0
VERTEX
  8
0
 10
356.435940
 20
508.819357
 42
0.006488
  0
VERTEX
  8
0
 10
355.426563
 20
509.165536
 42
0.006465
  0
VERTEX
  8
0
 10
354.392929
 20
509.490365
 42
0.010292
  0
VERTEX
  8
0
 10
353.500000
 20
509.738427
 42
0.000000
  0
VERTEX
  8
0
 10
351.500000
 20
510.249947
 42
0.000000
  0
VERTEX
  8
0
 10
353.500000
 20
508.656777
 42
0.038225
  0
VERTEX
  8
0
 10
354.402120
 20
508.044567
 42
0.030315
  0
VERTEX
  8
0
 10
355.458407
 20
507.522258
 42
0.031197
  0
VERTEX
  8
0
 10
356.503164
 20
507.157113
 42
0.064275
  0
VERTEX
  8
0
 10
357.358408
 20
507.031803
 42
-0.074938
  0
VERTEX
  8
0
 10
358.263183
 20
506.879557
 42
-0.207881
  0
VERTEX
  8
0
 10
358.735252
 20
506.460290
 42
-0.134251
  0
VERTEX
  8
0
 10
358.867606
 20
505.678649
 42
-0.026042
  0
VERTEX
  8
0
 10
358.649873
 20
504.250000
 42
0.054419
  0
VERTEX
  8
0
 10
358.553041
 20
503.229272
 42
0.777730
  0
VERTEX
  8
0
 10
358.758536
 20
503.180153
 42
0.019020
  0
VERTEX
  8
0
 10
359.600243
 20
504.943474
 42
0.000869
  0
VERTEX
  8
0
 10
362.235558
 20
511.080789
 42
-0.147940
  0
VERTEX
  8
0
 10
364.537110
 20
513.826649
 42
-0.054200
  0
VERTEX
  8
0
 10
369.098542
 20
516.150334
 42
-0.096618
  0
VERTEX
  8
0
 10
372.678197
 20
516.765631
 42
-0.518957
  0
VERTEX
  8
0
 10
373.598005
 20
515.394802
 42
0.038467
  0
VERTEX
  8
0
 10
373.436994
 20
514.854280
 42
0.142728
  0
VERTEX
  8
0
 10
373.461931
 20
514.503284
 42
0.316790
  0
VERTEX
  8
0
 10
373.644120
 20
514.377905
 42
0.136527
  0
VERTEX
  8
0
 10
373.942356
 20
514.464374
 42
-0.109749
  0
VERTEX
  8
0
 10
374.341291
 20
514.603230
 42
-0.099868
  0
VERTEX
  8
0
 10
374.776225
 20
514.567159
 42
-0.095102
  0
VERTEX
  8
0
 10
375.180273
 20
514.361176
 42
-0.089269
  0
VERTEX
  8
0
 10
375.489919
 20
514.016312
 42
0.059916
  0
VERTEX
  8
0
 10
375.799981
 20
513.627559
 42
0.050815
  0
VERTEX
  8
0
 10
376.209939
 20
513.298542
 42
0.053152
  0
VERTEX
  8
0
 10
376.652720
 20
513.074427
 42
0.090837
  0
VERTEX
  8
0
 10
377.059017
 20
513.000000
 42
0.311662
  0
VERTEX
  8
0
 10
377.819563
 20
513.525068
 42
0.143078
  0
VERTEX
  8
0
 10
377.918237
 20
514.786148
 42
0.080782
  0
VERTEX
  8
0
 10
377.238638
 20
516.552151
 42
0.055420
  0
VERTEX
  8
0
 10
375.955244
 20
518.278414
 42
0.017997
  0
VERTEX
  8
0
 10
374.810035
 20
519.422211
 42
0.126563
  0
VERTEX
  8
0
 10
374.122918
 20
519.794916
 42
0.241179
  0
VERTEX
  8
0
 10
373.571047
 20
519.666802
 42
0.079114
  0
VERTEX
  8
0
 10
373.009617
 20
519.015561
 42
-0.063669
  0
VERTEX
  8
0
 10
372.605946
 20
518.517132
 42
-0.098096
  0
VERTEX
  8
0
 10
372.139539
 20
518.219940
 42
-0.128583
  0
VERTEX
  8
0
 10
371.687162
 20
518.167231
 42
-0.162823
  0
VERTEX
  8
0
 10
371.312703
 20
518.353963
 42
-0.201377
  0
VERTEX
  8
0
 10
371.155783
 20
518.737940
 42
-0.126117
  0
VERTEX
  8
0
 10
371.282610
 20
519.213953
 42
-0.086401
  0
VERTEX
  8
0
 10
371.692722
 20
519.717311
 42
-0.051181
  0
VERTEX
  8
0
 10
372.328104
 20
520.163740
 42
0.017741
  0
VERTEX
  8
0
 10
373.427865
 20
520.831495
 42
0.253527
  0
VERTEX
  8
0
 10
373.637617
 20
521.221873
 42
0.223257
  0
VERTEX
  8
0
 10
373.437693
 20
521.643409
 42
0.013933
  0
VERTEX
  8
0
 10
372.319774
 20
522.512406
 42
0.039559
  0
VERTEX
  8
0
 10
371.279764
 20
523.155527
 42
0.136932
  0
VERTEX
  8
0
 10
370.511643
 20
523.313294
 42
0.131533
  0
VERTEX
  8
0
 10
369.754604
 20
523.053007
 42
0.035327
  0
VERTEX
  8
0
 10
368.743869
 20
522.263132
 42
-0.029550
  0
VERTEX
  8
0
 10
368.033062
 20
521.694313
 42
-0.045050
  0
VERTEX
  8
0
 10
367.349950
 20
521.297940
 42
-0.055603
  0
VERTEX
  8
0
 10
366.785027
 20
521.107819
 42
-0.255060
  0
VERTEX
  8
0
 10
366.464667
 20
521.201999
 42
-0.188575
  0
VERTEX
  8
0
 10
366.244814
 20
521.704225
 42
-0.000400
  0
VERTEX
  8
0
 10
365.909831
 20
530.277424
 42
-0.002623
  0
VERTEX
  8
0
 10
365.590056
 20
539.962309
 42
-0.001616
  0
VERTEX
  8
0
 10
365.310388
 20
551.362535
 42
0.000000
  0
VERTEX
  8
0
 10
364.679180
 20
581.000000
 42
0.000000
  0
VERTEX
  8
0
 10
357.339590
 20
581.000000
 42
0.010893
  0
VERTEX
  8
0
 10
354.238603
 20
580.932436
 42
0.025816
  0
VERTEX
  8
0
 10
351.940640
 20
580.713032
 42
0.029086
  0
VERTEX
  8
0
 10
350.359969
 20
580.384435
 42
0.339086
  0
SEQEND
  0
POLYLINE
  8
0
 66
1
 70
1
  0
VERTEX
  8
0
 10
328.197288
 20
541.870845
 42
-0.004215
  0
VERTEX
  8
0
 10
328.287500
 20
534.927257
 42
-0.017332
  0
VERTEX
  8
0
 10
328.160912
 20
530.722923
 42
-0.021627
  0
VERTEX
  8
0
 10
327.869120
 20
528.031879
 42
-0.269884
  0
VERTEX
  8
0
 10
327.250000
 20
527.263856
 42
0.087919
  0
VERTEX
  8
0
 10
326.772140
 20
526.977079
 42
0.066565
  0
VERTEX
  8
0
 10
326.367188
 20
526.517189
 42
0.065845
  0
VERTEX
  8
0
 10
326.093459
 20
525.961251
 42
0.081687
  0
VERTEX
  8
0
 10
326.000000
 20
525.393011
 42
-0.070083
  0
VERTEX
  8
0
 10
325.925009
 20
524.860624
 42
-0.085896
  0
VERTEX
  8
0
 10
325.706250
 20
524.409197
 42
-0.100138
  0
VERTEX
  8
0
 10
325.381338
 20
524.107379
 42
-0.138107
  0
VERTEX
  8
0
 10
325.000000
 20
524.000000
 42
-0.099038
  0
VERTEX
  8
0
 10
324.618362
 20
524.076342
 42
-0.097945
  0
VERTEX
  8
0
 10
324.293750
 20
524.293750
 42
-0.097945
  0
VERTEX
  8
0
 10
324.076342
 20
524.618362
 42
-0.099038
  0
VERTEX
  8
0
 10
324.000000
 20
525.000000
 42
0.143373
  0
VERTEX
  8
0
 10
323.888357
 20
525.381342
 42
0.099563
  0
VERTEX
  8
0
 10
323.574510
 20
525.706250
 42
0.084086
  0
VERTEX
  8
0
 10
323.105200
 20
525.925167
 42
0.067272
  0
VERTEX
  8
0
 10
322.551522
 20
526.000000
 42
-0.108444
  0
VERTEX
  8
0
 10
321.818030
 20
526.160979
 42
-0.027638
  0
VERTEX
  8
0
 10
320.736131
 20
526.734375
 42
-0.026849
  0
VERTEX
  8
0
 10
319.544574
 20
527.543105
 42
-0.024361
  0
VERTEX
  8
0
 10
318.405499
 20
528.500000
 42
0.019348
  0
VERTEX
  8
0
 10
317.291773
 20
529.454800
 42
0.023547
  0
VERTEX
  8
0
 10
316.176065
 20
530.256283
 42
0.023045
  0
VERTEX
  8
0
 10
315.193327
 20
530.831791
 42
0.128829
  0
VERTEX
  8
0
 10
314.603977
 20
530.968197
 42
0.122753
  0
VERTEX
  8
0
 10
313.068359
 20
530.538099
 42
0.070015
  0
VERTEX
  8
0
 10
311.533886
 20
529.354130
 42
0.070104
  0
VERTEX
  8
0
 10
310.387826
 20
527.794908
 42
0.124098
  0
VERTEX
  8
0
 10
310.000000
 20
526.256389
 42
0.175027
  0
VERTEX
  8
0
 10
310.507359
 20
524.851417
 42
0.110064
  0
VERTEX
  8
0
 10
311.903119
 20
523.771598
 42
0.125300
  0
VERTEX
  8
0
 10
313.490157
 20
523.466521
 42
0.244143
  0
VERTEX
  8
0
 10
314.568102
 20
524.110192
 42
-0.216403
  0
VERTEX
  8
0
 10
315.309848
 20
524.607895
 42
-0.239699
  0
VERTEX
  8
0
 10
316.127458
 20
524.349805
 42
-0.126269
  0
VERTEX
  8
0
 10
316.790651
 20
523.251672
 42
-0.069507
  0
VERTEX
  8
0
 10
317.031803
 20
521.690983
 42
0.009863
  0
VERTEX
  8
0
 10
317.076785
 20
520.377748
 42
0.292702
  0
VERTEX
  8
0
 10
317.262492
 20
520.119515
 42
0.324123
  0
VERTEX
  8
0
 10
317.556303
 20
520.194237
 42
0.011192
  0
VERTEX
  8
0
 10
318.335989
 20
521.173338
 42
-0.187142
  0
VERTEX
  8
0
 10
320.357169
 20
522.414417
 42
-0.045325
  0
VERTEX
  8
0
 10
324.334696
 20
522.773702
 42
-0.053792
  0
VERTEX
  8
0
 10
327.842551
 20
522.393427
 42
-0.458109
  0
VERTEX
  8
0
 10
328.505820
 20
521.168213
 42
0.028245
  0
VERTEX
  8
0
 10
328.311901
 20
520.555464
 42
0.017033
  0
VERTEX
  8
0
 10
328.148585
 20
519.811038
 42
0.017037
  0
VERTEX
  8
0
 10
328.036421
 20
519.057837
 42
0.028447
  0
VERTEX
  8
0
 10
328.000000
 20
518.418213
 42
-0.139749
  0
VERTEX
  8
0
 10
327.845831
 20
517.877394
 42
-0.099977
  0
VERTEX
  8
0
 10
327.412500
 20
517.416600
 42
-0.085333
  0
VERTEX
  8
0
 10
326.764409
 20
517.106283
 42
-0.069187
  0
VERTEX
  8
0
 10
326.000000
 20
517.000000
 42
-0.040072
  0
VERTEX
  8
0
 10
325.234204
 20
517.061472
 42
-0.059372
  0
VERTEX
  8
0
 10
324.587500
 20
517.246599
 42
-0.078085
  0
VERTEX
  8
0
 10
324.147651
 20
517.518251
 42
-0.218815
  0
VERTEX
  8
0
 10
324.000000
 20
517.839485
 42
0.186955
  0
VERTEX
  8
0
 10
323.847215
 20
518.233818
 42
0.038477
  0
VERTEX
  8
0
 10
323.293825
 20
518.754126
 42
0.035598
  0
VERTEX
  8
0
 10
322.516460
 20
519.293420
 42
0.026963
  0
VERTEX
  8
0
 10
321.596001
 20
519.774305
 42
0.038807
  0
VERTEX
  8
0
 10
320.268187
 20
520.258922
 42
0.118484
  0
VERTEX
  8
0
 10
319.316120
 20
520.293697
 42
0.119620
  0
VERTEX
  8
0
 10
318.457581
 20
519.892166
 42
0.039935
  0
VERTEX
  8
0
 10
317.441013
 20
518.934820
 42
-0.070099
  0
VERTEX
  8
0
 10
316.436828
 20
518.097105
 42
-0.055660
  0
VERTEX
  8
0
 10
315.160086
 20
517.489649
 42
-0.049031
  0
VERTEX
  8
0
 10
313.623672
 20
517.121956
 42
-0.034243
  0
VERTEX
  8
0
 10
311.845012
 20
517.000000
 42
-0.017399
  0
VERTEX
  8
0
 10
309.446351
 20
517.083495
 42
-0.168794
  0
VERTEX
  8
0
 10
308.524644
 20
517.477568
 42
-0.187788
  0
VERTEX
  8
0
 10
308.097170
 20
518.338024
 42
-0.022461
  0
VERTEX
  8
0
 10
308.000000
 20
520.500000
 42
0.032932
  0
VERTEX
  8
0
 10
307.814962
 20
523.306384
 42
0.407766
  0
VERTEX
  8
0
 10
307.049977
 20
523.905937
 42
0.319752
  0
VERTEX
  8
0
 10
306.208447
 20
523.154998
 42
0.029770
  0
VERTEX
  8
0
 10
305.728468
 20
520.250000
 42
0.000000
  0
VERTEX
  8
0
 10
305.336206
 20
516.500000
 42
0.000000
  0
VERTEX
  8
0
 10
305.168103
 20
520.750000
 42
-0.017000
  0
VERTEX
  8
0
 10
305.156612
 20
522.825615
 42
-0.068917
  0
VERTEX
  8
0
 10
305.365144
 20
524.069684
 42
-0.140116
  0
VERTEX
  8
0
 10
305.808737
 20
524.743641
 42
-0.179456
  0
VERTEX
  8
0
 10
306.500000
 20
525.000000
 42
0.181597
  0
VERTEX
  8
0
 10
307.425677
 20
525.347666
 42
0.170258
  0
VERTEX
  8
0
 10
307.924453
 20
526.229077
 42
0.098113
  0
VERTEX
  8
0
 10
307.898563
 20
527.673268
 42
0.038239
  0
VERTEX
  8
0
 10
307.325134
 20
529.595098
 42
0.011550
  0
VERTEX
  8
0
 10
306.890335
 20
530.654345
 42
0.331797
  0
VERTEX
  8
0
 10
306.649071
 20
530.791670
 42
0.274325
  0
VERTEX
  8
0
 10
306.409484
 20
530.606202
 42
0.009014
  0
VERTEX
  8
0
 10
305.967555
 20
529.426885
 42
-0.615127
  0
VERTEX
  8
0
 10
305.717695
 20
529.394892
 42
-0.113688
  0
VERTEX
  8
0
 10
305.493333
 20
529.975398
 42
-0.027092
  0
VERTEX
  8
0
 10
305.347393
 20
531.625142
 42
-0.009556
  0
VERTEX
  8
0
 10
305.311885
 20
534.000000
 42
-0.002492
  0
VERTEX
  8
0
 10
305.337935
 20
536.848942
 42
-0.042100
  0
VERTEX
  8
0
 10
305.430130
 20
537.784043
 42
-0.852925
  0
VERTEX
  8
0
 10
305.553631
 20
537.781077
 42
-0.010839
  0
VERTEX
  8
0
 10
305.726961
 20
536.250000
 42
0.030529
  0
VERTEX
  8
0
 10
306.338024
 20
532.263206
 42
0.714461
  0
VERTEX
  8
0
 10
307.110233
 20
532.172491
 42
0.104615
  0
VERTEX
  8
0
 10
307.760813
 20
534.847990
 42
0.015154
  0
VERTEX
  8
0
 10
307.759439
 20
540.489943
 42
0.008297
  0
VERTEX
  8
0
 10
307.573800
 20
544.424777
 42
0.028010
  0
VERTEX
  8
0
 10
307.266373
 20
546.979877
 42
0.041567
  0
VERTEX
  8
0
 10
306.846557
 20
548.565440
 42
0.315051
  0
VERTEX
  8
0
 10
306.250000
 20
548.989943
 42
-0.224730
  0
VERTEX
  8
0
 10
305.738705
 20
549.237027
 42
-0.084300
  0
VERTEX
  8
0
 10
305.340004
 20
549.949276
 42
-0.057058
  0
VERTEX
  8
0
 10
305.082307
 20
551.059249
 42
-0.028541
  0
VERTEX
  8
0
 10
305.000000
 20
552.500000
 42
0.000000
  0
VERTEX
  8
0
 10
305.000000
 20
556.000000
 42
0.000000
  0
VERTEX
  8
0
 10
316.447288
 20
556.000000
 42
0.000000
  0
VERTEX
  8
0
 10
327.894576
 20
556.000000
 42
0.000000
  0
SEQEND
  0
POLYLINE
  8
0
 66
1
 70
1
  0
VERTEX
  8
0
 10
305.707261
 20
542.761659
 42
-0.082665
  0
VERTEX
  8
0
 10
305.543410
 20
542.319562
 42
-0.671610
  0
VERTEX
  8
0
 10
305.394187
 20
542.339362
 42
-0.053901
  0
VERTEX
  8
0
 10
305.284834
 20
543.071102
 42
-0.008901
  0
VERTEX
  8
0
 10
305.252183
 20
544.500000
 42
-0.009782
  0
VERTEX
  8
0
 10
305.273069
 20
545.938425
 42
-0.038992
  0
VERTEX
  8
0
 10
305.371610
 20
546.814362
 42
-0.417468
  0
VERTEX
  8
0
 10
305.523779
 20
546.916221
 42
-0.285845
  0
VERTEX
  8
0
 10
305.687080
 20
546.761659
 42
-0.041951
  0
VERTEX
  8
0
 10
305.830983
 20
545.934218
 42
-0.020826
  0
VERTEX
  8
0
 10
305.880728
 20
544.869594
 42
-0.020511
  0
VERTEX
  8
0
 10
305.840609
 20
543.754739
 42
-0.028254
  0
SEQEND
  0
POLYLINE
  8
0
 66
1
 70
1
  0
VERTEX
  8
0
 10
315.934706
 20
527.578674
 42
-0.020124
  0
VERTEX
  8
0
 10
316.516039
 20
526.817896
 42
-0.363425
  0
VERTEX
  8
0
 10
316.491880
 20
526.534116
 42
-0.253319
  0
VERTEX
  8
0
 10
316.165999
 20
526.435981
 42
-0.013020
  0
VERTEX
  8
0
 10
315.057151
 20
526.695306
 42
-0.037801
  0
VERTEX
  8
0
 10
314.269747
 20
526.966194
 42
-0.049464
  0
VERTEX
  8
0
 10
313.604288
 20
527.334727
 42
-0.058693
  0
VERTEX
  8
0
 10
313.144459
 20
527.739542
 42
-0.184990
  0
VERTEX
  8
0
 10
313.000000
 20
528.116631
 42
-0.217518
  0
VERTEX
  8
0
 10
313.296339
 20
528.765587
 42
-0.227657
  0
VERTEX
  8
0
 10
313.972249
 20
528.950024
 42
-0.117010
  0
VERTEX
  8
0
 10
314.948943
 20
528.520570
 42
-0.057778
  0
SEQEND
  0
POLYLINE
  8
0
 66
1
 70
1
  0
VERTEX
  8
0
 10
343.202366
 20
515.566376
 42
-0.228730
  0
VERTEX
  8
0
 10
342.933890
 20
515.386307
 42
-0.206857
  0
VERTEX
  8
0
 10
342.609465
 20
515.475007
 42
-0.098056
  0
VERTEX
  8
0
 10
342.260762
 20
515.888611
 42
-0.039160
  0
VERTEX
  8
0
 10
341.952629
 20
516.566376
 42
-0.036650
  0
VERTEX
  8
0
 10
341.724284
 20
517.375215
 42
-0.036987
  0
VERTEX
  8
0
 10
341.617374
 20
518.206250
 42
-0.039569
  0
VERTEX
  8
0
 10
341.635808
 20
518.940734
 42
-0.106926
  0
VERTEX
  8
0
 10
341.797634
 20
519.433624
 42
-0.228730
  0
VERTEX
  8
0
 10
342.066110
 20
519.613693
 42
-0.206857
  0
VERTEX
  8
0
 10
342.390535
 20
519.524993
 42
-0.098056
  0
VERTEX
  8
0
 10
342.739238
 20
519.111389
 42
-0.039160
  0
VERTEX
  8
0
 10
343.047371
 20
518.433624
 42
-0.036650
  0
VERTEX
  8
0
 10
343.275716
 20
517.624785
 42
-0.036987
  0
VERTEX
  8
0
 10
343.382626
 20
516.793750
 42
-0.039569
  0
VERTEX
  8
0
 10
343.364192
 20
516.059266
 42
-0.106926
  0
SEQEND
  0
POLYLINE
  8
0
 66
1
 70
1
  0
VERTEX
  8
0
 10
292.900000
 20
554.406380
 42
0.060559
  0
VERTEX
  8
0
 10
292.801393
 20
553.590739
 42
0.001886
  0
VERTEX
  8
0
 10
292.816334
 20
550.217526
 42
0.002230
  0
VERTEX
  8
0
 10
292.882218
 20
545.014198
 42
0.000394
  0
VERTEX
  8
0
 10
293.057104
 20
535.250000
 42
0.002924
  0
VERTEX
  8
0
 10
293.201103
 20
529.384082
 42
0.016614
  0
VERTEX
  8
0
 10
293.399598
 20
526.268039
 42
0.528054
  0
VERTEX
  8
0
 10
293.649285
 20
526.130894
 42
0.250919
  0
VERTEX
  8
0
 10
293.907104
 20
526.500000
 42
-0.016560
  0
VERTEX
  8
0
 10
294.247584
 20
528.735501
 42
-0.050339
  0
VERTEX
  8
0
 10
294.679028
 20
530.208928
 42
-0.091785
  0
VERTEX
  8
0
 10
295.202144
 20
531.027753
 42
-0.261693
  0
VERTEX
  8
0
 10
295.824330
 20
531.225223
 42
0.052317
  0
VERTEX
  8
0
 10
296.297230
 20
531.177755
 42
0.150008
  0
VERTEX
  8
0
 10
296.608958
 20
531.274968
 42
0.250349
  0
VERTEX
  8
0
 10
296.720245
 20
531.488682
 42
0.136603
  0
VERTEX
  8
0
 10
296.635706
 20
531.780423
 42
-0.137211
  0
VERTEX
  8
0
 10
296.482536
 20
532.311378
 42
-0.019707
  0
VERTEX
  8
0
 10
296.518218
 20
533.451941
 42
-0.021146
  0
VERTEX
  8
0
 10
296.674525
 20
534.829670
 42
-0.016644
  0
VERTEX
  8
0
 10
296.956065
 20
536.305200
 42
0.013170
  0
VERTEX
  8
0
 10
297.364996
 20
538.370340
 42
0.103597
  0
VERTEX
  8
0
 10
297.328739
 20
539.341740
 42
0.238127
  0
VERTEX
  8
0
 10
296.910940
 20
539.826533
 42
0.098300
  0
VERTEX
  8
0
 10
296.037131
 20
540.000000
 42
-0.166555
  0
VERTEX
  8
0
 10
295.149147
 20
540.304236
 42
-0.162291
  0
VERTEX
  8
0
 10
294.622835
 20
541.092239
 42
-0.062344
  0
VERTEX
  8
0
 10
294.392672
 20
542.695807
 42
-0.008981
  0
VERTEX
  8
0
 10
294.392442
 20
546.010796
 42
-0.010663
  0
VERTEX
  8
0
 10
294.504144
 20
548.857539
 42
-0.045062
  0
VERTEX
  8
0
 10
294.760085
 20
550.544054
 42
-0.107898
  0
VERTEX
  8
0
 10
295.171681
 20
551.384003
 42
-0.327626
  0
VERTEX
  8
0
 10
295.750000
 20
551.542181
 42
0.102038
  0
VERTEX
  8
0
 10
296.226576
 20
551.463875
 42
0.143192
  0
VERTEX
  8
0
 10
296.632812
 20
551.600742
 42
0.141967
  0
VERTEX
  8
0
 10
296.903658
 20
551.936135
 42
0.099647
  0
VERTEX
  8
0
 10
297.000000
 20
552.414753
 42
0.232490
  0
VERTEX
  8
0
 10
296.556580
 20
553.316839
 42
0.051263
  0
VERTEX
  8
0
 10
295.047645
 20
554.251616
 42
0.058535
  0
VERTEX
  8
0
 10
293.512329
 20
554.786534
 42
0.407505
  0
SEQEND
  0
POLYLINE
  8
0
 66
1
 70
1
  0
VERTEX
  8
0
 10
298.000000
 20
553.000000
 42
0.048028
  0
VERTEX
  8
0
 10
298.073693
 20
552.234582
 42
0.068025
  0
VERTEX
  8
0
 10
298.293750
 20
551.587500
 42
0.088204
  0
VERTEX
  8
0
 10
298.618118
 20
551.151477
 42
0.191087
  0
VERTEX
  8
0
 10
299.000000
 20
551.000000
 42
0.191087
  0
VERTEX
  8
0
 10
299.381882
 20
551.151477
 42
0.088204
  0
VERTEX
  8
0
 10
299.706250
 20
551.587500
 42
0.068025
  0
VERTEX
  8
0
 10
299.926307
 20
552.234582
 42
0.048028
  0
VERTEX
  8
0
 10
300.000000
 20
553.000000
 42
0.048028
  0
VERTEX
  8
0
 10
299.926307
 20
553.765418
 42
0.068025
  0
VERTEX
  8
0
 10
299.706250
 20
554.412500
 42
0.088204
  0
VERTEX
  8
0
 10
299.381882
 20
554.848523
 42
0.191087
  0
VERTEX
  8
0
 10
299.000000
 20
555.000000
 42
0.191087
  0
VERTEX
  8
0
 10
298.618118
 20
554.848523
 42
0.088204
  0
VERTEX
  8
0
 10
298.293750
 20
554.412500
 42
0.068025
  0
VERTEX
  8
0
 10
298.073693
 20
553.765418
 42
0.048028
  0
SEQEND
  0
POLYLINE
  8
0
 66
1
 70
1
  0
VERTEX
  8
0
 10
280.078947
 20
551.416667
 42
0.018894
  0
VERTEX
  8
0
 10
280.137993
 20
550.670344
 42
0.168741
  0
VERTEX
  8
0
 10
280.279315
 20
550.378580
 42
0.470617
  0
VERTEX
  8
0
 10
280.461564
 20
550.395823
 42
0.054073
  0
VERTEX
  8
0
 10
280.683114
 20
550.812500
 42
0.051402
  0
VERTEX
  8
0
 10
280.839148
 20
551.359369
 42
0.054150
  0
VERTEX
  8
0
 10
280.876576
 20
551.916927
 42
0.060344
  0
VERTEX
  8
0
 10
280.797407
 20
552.402231
 42
0.126455
  0
VERTEX
  8
0
 10
280.604167
 20
552.729167
 42
0.296942
  0
VERTEX
  8
0
 10
280.385309
 20
552.775380
 42
0.208169
  0
VERTEX
  8
0
 10
280.200665
 20
552.592839
 42
0.077125
  0
VERTEX
  8
0
 10
280.089945
 20
552.112848
 42
0.028489
  0
SEQEND
  0
POLYLINE
  8
0
 66
1
 70
1
  0
VERTEX
  8
0
 10
280.995452
 20
535.796338
 42
0.005555
  0
VERTEX
  8
0
 10
280.861124
 20
530.977892
 42
0.010225
  0
VERTEX
  8
0
 10
280.875598
 20
527.055511
 42
0.006185
  0
VERTEX
  8
0
 10
280.987450
 20
523.993231
 42
0.651476
  0
VERTEX
  8
0
 10
281.283179
 20
523.879517
 42
0.183234
  0
VERTEX
  8
0
 10
281.587682
 20
524.560256
 42
0.004797
  0
VERTEX
  8
0
 10
281.751779
 20
527.935789
 42
0.009501
  0
VERTEX
  8
0
 10
281.832179
 20
531.959371
 42
0.006280
  0
VERTEX
  8
0
 10
281.778630
 20
536.583179
 42
0.000000
  0
VERTEX
  8
0
 10
281.490903
 20
548.500000
 42
0.000000
  0
SEQEND
  0
POLYLINE
  8
0
 66
1
 70
1
  0
VERTEX
  8
0
 10
296.252183
 20
544.500000
 42
0.008901
  0
VERTEX
  8
0
 10
296.284834
 20
543.071102
 42
0.053901
  0
VERTEX
  8
0
 10
296.394187
 20
542.339362
 42
0.671610
  0
VERTEX
  8
0
 10
296.543410
 20
542.319562
 42
0.082665
  0
VERTEX
  8
0
 10
296.707261
 20
542.761659
 42
0.028254
  0
VERTEX
  8
0
 10
296.840609
 20
543.754739
 42
0.020511
  0
VERTEX
  8
0
 10
296.880728
 20
544.869594
 42
0.020826
  0
VERTEX
  8
0
 10
296.830983
 20
545.934218
 42
0.041951
  0
VERTEX
  8
0
 10
296.687080
 20
546.761659
 42
0.285845
  0
VERTEX
  8
0
 10
296.523779
 20
546.916221
 42
0.417468
  0
VERTEX
  8
0
 10
296.371610
 20
546.814362
 42
0.038992
  0
VERTEX
  8
0
 10
296.273069
 20
545.938425
 42
0.009782
  0
SEQEND
  0
POLYLINE
  8
0
 66
1
 70
1
  0
VERTEX
  8
0
 10
86.710251
 20
545.000000
 42
0.049229
  0
VERTEX
  8
0
 10
86.558360
 20
544.042979
 42
0.167579
  0
VERTEX
  8
0
 10
86.726188
 20
543.443690
 42
0.182942
  0
VERTEX
  8
0
 10
87.214569
 20
543.106846
 42
0.060551
  0
VERTEX
  8
0
 10
88.093620
 20
543.000000
 42
0.079994
  0
VERTEX
  8
0
 10
88.910103
 20
543.131469
 42
0.123133
  0
VERTEX
  8
0
 10
89.511702
 20
543.512277
 42
0.119125
  0
VERTEX
  8
0
 10
89.875978
 20
544.142194
 42
0.071916
  0
VERTEX
  8
0
 10
90.000000
 20
545.000000
 42
0.067406
  0
VERTEX
  8
0
 10
89.896468
 20
545.764490
 42
0.084175
  0
VERTEX
  8
0
 10
89.593635
 20
546.412500
 42
0.099595
  0
VERTEX
  8
0
 10
89.144167
 20
546.845846
 42
0.143115
  0
VERTEX
  8
0
 10
88.616631
 20
547.000000
 42
0.129214
  0
VERTEX
  8
0
 10
88.048695
 20
546.850737
 42
0.073972
  0
VERTEX
  8
0
 10
87.485993
 20
546.412500
 42
0.065681
  0
VERTEX
  8
0
 10
87.013407
 20
545.764694
 42
0.060903
  0
SEQEND
  0
POLYLINE
  8
0
 66
1
 70
1
  0
VERTEX
  8
0
 10
376.000000
 20
544.500000
 42
0.044917
  0
VERTEX
  8
0
 10
376.106468
 20
543.317234
 42
0.124434
  0
VERTEX
  8
0
 10
376.450000
 20
542.562500
 42
0.149477
  0
VERTEX
  8
0
 10
377.064742
 20
542.142566
 42
0.075780
  0
VERTEX
  8
0
 10
378.000000
 20
542.000000
 42
0.075780
  0
VERTEX
  8
0
 10
378.935258
 20
542.142566
 42
0.149477
  0
VERTEX
  8
0
 10
379.550000
 20
542.562500
 42
0.124434
  0
VERTEX
  8
0
 10
379.893532
 20
543.317234
 42
0.044917
  0
VERTEX
  8
0
 10
380.000000
 20
544.500000
 42
0.044917
  0
VERTEX
  8
0
 10
379.893532
 20
545.682766
 42
0.124434
  0
VERTEX
  8
0
 10
379.550000
 20
546.437500
 42
0.149477
  0
VERTEX
  8
0
 10
378.935258
 20
546.857434
 42
0.075780
  0
VERTEX
  8
0
 10
378.000000
 20
547.000000
 42
0.075780
  0
VERTEX
  8
0
 10
377.064742
 20
546.857434
 42
0.149477
  0
VERTEX
  8
0
 10
376.450000
 20
546.437500
 42
0.124434
  0
VERTEX
  8
0
 10
376.106468
 20
545.682766
 42
0.044917
  0
SEQEND
  0
POLYLINE
  8
0
 66
1
 70
1
  0
VERTEX
  8
0
 10
283.169558
 20
529.503846
 42
-0.007477
  0
VERTEX
  8
0
 10
283.251828
 20
525.108385
 42
-0.015987
  0
VERTEX
  8
0
 10
283.156087
 20
521.715291
 42
-0.012182
  0
VERTEX
  8
0
 10
282.939200
 20
519.155975
 42
-0.272515
  0
VERTEX
  8
0
 10
282.511537
 20
518.582793
 42
0.123006
  0
VERTEX
  8
0
 10
282.288490
 20
518.415872
 42
0.439281
  0
VERTEX
  8
0
 10
282.311201
 20
518.259518
 42
0.115817
  0
VERTEX
  8
0
 10
282.632846
 20
518.135454
 42
0.023116
  0
VERTEX
  8
0
 10
283.250000
 20
518.078947
 42
0.254098
  0
VERTEX
  8
0
 10
284.181708
 20
518.531985
 42
0.115930
  0
VERTEX
  8
0
 10
284.712022
 20
519.823142
 42
0.035950
  0
VERTEX
  8
0
 10
284.951251
 20
522.565307
 42
0.003788
  0
VERTEX
  8
0
 10
285.000000
 20
529.000000
 42
0.006500
  0
VERTEX
  8
0
 10
284.937002
 20
533.845506
 42
0.018238
  0
VERTEX
  8
0
 10
284.725182
 20
537.231635
 42
0.017441
  0
VERTEX
  8
0
 10
284.409463
 20
539.576744
 42
0.365622
  0
VERTEX
  8
0
 10
283.908021
 20
540.000000
 42
0.369543
  0
VERTEX
  8
0
 10
283.413122
 20
539.576376
 42
0.021164
  0
VERTEX
  8
0
 10
283.170261
 20
537.427921
 42
0.019591
  0
VERTEX
  8
0
 10
283.070842
 20
534.228304
 42
0.006388
  0
SEQEND
  0
POLYLINE
  8
0
 66
1
 70
1
  0
VERTEX
  8
0
 10
41.329655
 20
525.864387
 42
0.006233
  0
VERTEX
  8
0
 10
41.591383
 20
523.867905
 42
0.009163
  0
VERTEX
  8
0
 10
41.875296
 20
522.121287
 42
0.005121
  0
VERTEX
  8
0
 10
42.154806
 20
520.665637
 42
0.147416
  0
VERTEX
  8
0
 10
42.333036
 20
520.333631
 42
0.237263
  0
VERTEX
  8
0
 10
42.701954
 20
520.211585
 42
0.001175
  0
VERTEX
  8
0
 10
46.691092
 20
520.809480
 42
0.004918
  0
VERTEX
  8
0
 10
51.262213
 20
521.551671
 42
0.003052
  0
VERTEX
  8
0
 10
56.614090
 20
522.508424
 42
-0.000374
  0
VERTEX
  8
0
 10
62.074986
 20
523.514878
 42
-0.000512
  0
VERTEX
  8
0
 10
66.993003
 20
524.412275
 42
-0.000330
  0
VERTEX
  8
0
 10
71.127643
 20
525.159542
 42
-0.006017
  0
VERTEX
  8
0
 10
72.447197
 20
525.380771
 42
0.084267
  0
VERTEX
  8
0
 10
73.967936
 20
525.888464
 42
0.210412
  0
VERTEX
  8
0
 10
74.675947
 20
526.790115
 42
0.191413
  0
VERTEX
  8
0
 10
74.522164
 20
527.991138
 42
0.070063
  0
VERTEX
  8
0
 10
73.473214
 20
529.383929
 42
0.136333
  0
VERTEX
  8
0
 10
71.965446
 20
530.236047
 42
0.037426
  0
VERTEX
  8
0
 10
69.250759
 20
530.698096
 42
0.019940
  0
VERTEX
  8
0
 10
64.754679
 20
530.940650
 42
0.003505
  0
VERTEX
  8
0
 10
56.289280
 20
531.000000
 42
0.000000
  0
VERTEX
  8
0
 10
40.721418
 20
531.000000
 42
0.000000
  0
SEQEND
  0
POLYLINE
  8
0
 66
1
 70
1
  0
VERTEX
  8
0
 10
76.000000
 20
528.393011
 42
0.028926
  0
VERTEX
  8
0
 10
76.072648
 20
527.138292
 42
0.139263
  0
VERTEX
  8
0
 10
76.343479
 20
526.483926
 42
0.231224
  0
VERTEX
  8
0
 10
76.829584
 20
526.250804
 42
0.090021
  0
VERTEX
  8
0
 10
77.581787
 20
526.393011
 42
-0.024761
  0
VERTEX
  8
0
 10
78.290883
 20
526.625558
 42
-0.016939
  0
VERTEX
  8
0
 10
79.115525
 20
526.821697
 42
-0.017107
  0
VERTEX
  8
0
 10
79.925091
 20
526.956854
 42
-0.032815
  0
VERTEX
  8
0
 10
80.581787
 20
527.000000
 42
0.139749
  0
VERTEX
  8
0
 10
81.122606
 20
527.154169
 42
0.099977
  0
VERTEX
  8
0
 10
81.583400
 20
527.587500
 42
0.085333
  0
VERTEX
  8
0
 10
81.893717
 20
528.235591
 42
0.069187
  0
VERTEX
  8
0
 10
82.000000
 20
529.000000
 42
0.081208
  0
VERTEX
  8
0
 10
81.840542
 20
529.975317
 42
0.166173
  0
VERTEX
  8
0
 10
81.375000
 20
530.583333
 42
0.116834
  0
VERTEX
  8
0
 10
80.500917
 20
530.907747
 42
0.030703
  0
VERTEX
  8
0
 10
79.000000
 20
531.000000
 42
0.030154
  0
VERTEX
  8
0
 10
77.367823
 20
530.901477
 42
0.149816
  0
VERTEX
  8
0
 10
76.537688
 20
530.532751
 42
0.172470
  0
VERTEX
  8
0
 10
76.120968
 20
529.794350
 42
0.043081
  0
SEQEND
  0
POLYLINE
  8
0
 66
1
 70
1
  0
VERTEX
  8
0
 10
339.500000
 20
530.000000
 42
0.253782
  0
VERTEX
  8
0
 10
339.478234
 20
529.615199
 42
0.165100
  0
VERTEX
  8
0
 10
339.794783
 20
529.287316
 42
0.083483
  0
VERTEX
  8
0
 10
340.479336
 20
529.068671
 42
0.035659
  0
VERTEX
  8
0
 10
341.440983
 20
529.000000
 42
0.037227
  0
VERTEX
  8
0
 10
342.420991
 20
529.073066
 42
0.055981
  0
VERTEX
  8
0
 10
343.248289
 20
529.293750
 42
0.073461
  0
VERTEX
  8
0
 10
343.813779
 20
529.616918
 42
0.230178
  0
VERTEX
  8
0
 10
344.000000
 20
530.000000
 42
0.186414
  0
VERTEX
  8
0
 10
343.852535
 20
530.381787
 42
0.089706
  0
VERTEX
  8
0
 10
343.429836
 20
530.706250
 42
0.069539
  0
VERTEX
  8
0
 10
342.801778
 20
530.926216
 42
0.049547
  0
VERTEX
  8
0
 10
342.059017
 20
531.000000
 42
0.046881
  0
VERTEX
  8
0
 10
341.270704
 20
530.925923
 42
0.046318
  0
VERTEX
  8
0
 10
340.506650
 20
530.706250
 42
0.050262
  0
VERTEX
  8
0
 10
339.876024
 20
530.383556
 42
0.111412
  0
SEQEND
  0
POLYLINE
  8
0
 66
1
 70
1
  0
VERTEX
  8
0
 10
348.990862
 20
527.511010
 42
0.064573
  0
VERTEX
  8
0
 10
349.548234
 20
526.992695
 42
0.073097
  0
VERTEX
  8
0
 10
350.197515
 20
526.659440
 42
0.083608
  0
VERTEX
  8
0
 10
350.835718
 20
526.555502
 42
0.134387
  0
VERTEX
  8
0
 10
351.363307
 20
526.702969
 42
-0.074865
  0
VERTEX
  8
0
 10
351.707399
 20
526.844521
 42
-0.537035
  0
VERTEX
  8
0
 10
351.816380
 20
526.744040
 42
-0.114991
  0
VERTEX
  8
0
 10
351.678807
 20
526.408109
 42
-0.015766
  0
VERTEX
  8
0
 10
351.218001
 20
525.800939
 42
0.060704
  0
VERTEX
  8
0
 10
350.661053
 20
524.911543
 42
0.261635
  0
VERTEX
  8
0
 10
350.705270
 20
524.311759
 42
0.146015
  0
VERTEX
  8
0
 10
351.314918
 20
523.803005
 42
0.017507
  0
VERTEX
  8
0
 10
352.968001
 20
523.161000
 42
0.014616
  0
VERTEX
  8
0
 10
354.628072
 20
522.636182
 42
0.112474
  0
VERTEX
  8
0
 10
355.437629
 20
522.593266
 42
0.258986
  0
VERTEX
  8
0
 10
355.851840
 20
522.926772
 42
0.096821
  0
VERTEX
  8
0
 10
356.000000
 20
523.684724
 42
0.158965
  0
VERTEX
  8
0
 10
355.463627
 20
525.329175
 42
0.059437
  0
VERTEX
  8
0
 10
353.790007
 20
527.128148
 42
0.058565
  0
VERTEX
  8
0
 10
351.667895
 20
528.535996
 42
0.117728
  0
VERTEX
  8
0
 10
349.724546
 20
529.000000
 42
0.024670
  0
VERTEX
  8
0
 10
348.696491
 20
528.949244
 42
0.259157
  0
VERTEX
  8
0
 10
348.362456
 20
528.717854
 42
0.267788
  0
VERTEX
  8
0
 10
348.388634
 20
528.318602
 42
0.025994
  0
SEQEND
  0
POLYLINE
  8
0
 66
1
 70
1
  0
VERTEX
  8
0
 10
388.317861
 20
511.750000
 42
0.001642
  0
VERTEX
  8
0
 10
388.552692
 20
506.536761
 42
0.002235
  0
VERTEX
  8
0
 10
388.800963
 20
501.836303
 42
0.001474
  0
VERTEX
  8
0
 10
389.038662
 20
497.891756
 42
0.025387
  0
VERTEX
  8
0
 10
389.185557
 20
496.607629
 42
-0.064735
  0
VERTEX
  8
0
 10
389.212320
 20
495.851249
 42
-0.071975
  0
VERTEX
  8
0
 10
389.040445
 20
495.141609
 42
-0.081730
  0
VERTEX
  8
0
 10
388.703766
 20
494.585538
 42
-0.131789
  0
VERTEX
  8
0
 10
388.250000
 20
494.274295
 42
-0.125260
  0
VERTEX
  8
0
 10
387.774248
 20
494.231401
 42
-0.146315
  0
VERTEX
  8
0
 10
387.367188
 20
494.427970
 42
-0.126364
  0
VERTEX
  8
0
 10
387.094440
 20
494.845216
 42
-0.082075
  0
VERTEX
  8
0
 10
387.000000
 20
495.416667
 42
0.069830
  0
VERTEX
  8
0
 10
386.915073
 20
496.021801
 42
0.085738
  0
VERTEX
  8
0
 10
386.667268
 20
496.534896
 42
0.100095
  0
VERTEX
  8
0
 10
386.299239
 20
496.877949
 42
0.138568
  0
VERTEX
  8
0
 10
385.867295
 20
497.000000
 42
-0.125100
  0
VERTEX
  8
0
 10
385.299684
 20
497.144275
 42
-0.030396
  0
VERTEX
  8
0
 10
384.473005
 20
497.660937
 42
-0.029282
  0
VERTEX
  8
0
 10
383.569106
 20
498.388766
 42
-0.025496
  0
VERTEX
  8
0
 10
382.711381
 20
499.250000
 42
0.005795
  0
VERTEX
  8
0
 10
381.617682
 20
500.438302
 42
0.130252
  0
VERTEX
  8
0
 10
381.224712
 20
500.682595
 42
0.584693
  0
VERTEX
  8
0
 10
381.077372
 20
500.542267
 42
0.023863
  0
VERTEX
  8
0
 10
381.343879
 20
499.668750
 42
-0.088379
  0
VERTEX
  8
0
 10
381.490000
 20
498.804778
 42
-0.050194
  0
VERTEX
  8
0
 10
381.374237
 20
497.747561
 42
-0.047539
  0
VERTEX
  8
0
 10
381.032301
 20
496.659065
 42
-0.052957
  0
VERTEX
  8
0
 10
380.499794
 20
495.696243
 42
-0.017211
  0
VERTEX
  8
0
 10
379.804532
 20
494.772946
 42
-0.119808
  0
VERTEX
  8
0
 10
379.358700
 20
494.432283
 42
-0.407492
  0
VERTEX
  8
0
 10
379.091527
 20
494.532820
 42
-0.105866
  0
VERTEX
  8
0
 10
378.977764
 20
495.027494
 42
0.085788
  0
VERTEX
  8
0
 10
378.839500
 20
495.761221
 42
0.026137
  0
VERTEX
  8
0
 10
378.387624
 20
496.801826
 42
0.025321
  0
VERTEX
  8
0
 10
377.750090
 20
497.934745
 42
0.025155
  0
VERTEX
  8
0
 10
377.000000
 20
499.000000
 42
0.000000
  0
VERTEX
  8
0
 10
375.044472
 20
501.500000
 42
0.000000
  0
VERTEX
  8
0
 10
375.022236
 20
499.133369
 42
-0.037807
  0
VERTEX
  8
0
 10
374.921895
 20
497.955347
 42
-0.169346
  0
VERTEX
  8
0
 10
374.597159
 20
497.355315
 42
-0.197509
  0
VERTEX
  8
0
 10
374.004915
 20
497.139646
 42
-0.053804
  0
VERTEX
  8
0
 10
373.000000
 20
497.289749
 42
0.052370
  0
VERTEX
  8
0
 10
372.000896
 20
497.441907
 42
0.194499
  0
VERTEX
  8
0
 10
371.411671
 20
497.234991
 42
0.173578
  0
VERTEX
  8
0
 10
371.091119
 20
496.655341
 42
0.040377
  0
VERTEX
  8
0
 10
371.000000
 20
495.528825
 42
-0.093468
  0
VERTEX
  8
0
 10
370.677095
 20
493.816549
 42
-0.085620
  0
VERTEX
  8
0
 10
369.748363
 20
492.279801
 42
-0.120997
  0
VERTEX
  8
0
 10
368.612517
 20
491.476537
 42
-0.298444
  0
VERTEX
  8
0
 10
367.657991
 20
491.675343
 42
-0.148454
  0
VERTEX
  8
0
 10
367.400358
 20
492.157607
 42
-0.016206
  0
VERTEX
  8
0
 10
367.193285
 20
493.412965
 42
-0.018705
  0
VERTEX
  8
0
 10
367.048047
 20
494.959036
 42
-0.014066
  0
VERTEX
  8
0
 10
367.000000
 20
496.666667
 42
0.021344
  0
VERTEX
  8
0
 10
366.923786
 20
498.451276
 42
0.044438
  0
VERTEX
  8
0
 10
366.682692
 20
499.821429
 42
0.063185
  0
VERTEX
  8
0
 10
366.314307
 20
500.719674
 42
0.270148
  0
VERTEX
  8
0
 10
365.833333
 20
501.000000
 42
0.057388
  0
VERTEX
  8
0
 10
365.431520
 20
500.953729
 42
0.172529
  0
VERTEX
  8
0
 10
365.202660
 20
500.806715
 42
0.253554
  0
VERTEX
  8
0
 10
365.167715
 20
500.592176
 42
0.113033
  0
VERTEX
  8
0
 10
365.324657
 20
500.342009
 42
-0.294884
  0
VERTEX
  8
0
 10
365.520745
 20
499.430458
 42
-0.110256
  0
VERTEX
  8
0
 10
364.768766
 20
498.285822
 42
-0.084054
  0
VERTEX
  8
0
 10
363.380908
 20
497.331835
 42
-0.109053
  0
VERTEX
  8
0
 10
361.877555
 20
497.000000
 42
-0.067686
  0
VERTEX
  8
0
 10
361.159881
 20
497.097601
 42
-0.084361
  0
VERTEX
  8
0
 10
360.551532
 20
497.383001
 42
-0.099661
  0
VERTEX
  8
0
 10
360.144720
 20
497.806629
 42
-0.142576
  0
VERTEX
  8
0
 10
360.000000
 20
498.303833
 42
-0.185401
  0
VERTEX
  8
0
 10
360.662379
 20
500.028773
 42
-0.025700
  0
VERTEX
  8
0
 10
363.422111
 20
502.792554
 42
-0.030162
  0
VERTEX
  8
0
 10
366.659520
 20
505.380868
 42
-0.063371
  0
VERTEX
  8
0
 10
369.500000
 20
506.887046
 42
0.000000
  0
VERTEX
  8
0
 10
372.500000
 20
508.019628
 42
0.000000
  0
VERTEX
  8
0
 10
369.027485
 20
507.490311
 42
0.054881
  0
VERTEX
  8
0
 10
367.422404
 20
507.061747
 42
0.032401
  0
VERTEX
  8
0
 10
365.621655
 20
506.224201
 42
0.031252
  0
VERTEX
  8
0
 10
363.848367
 20
505.105978
 42
0.036187
  0
VERTEX
  8
0
 10
362.318461
 20
503.824046
 42
-0.015367
  0
VERTEX
  8
0
 10
360.534077
 20
502.197858
 42
-0.082240
  0
VERTEX
  8
0
 10
359.411498
 20
501.518519
 42
-0.159429
  0
VERTEX
  8
0
 10
358.504299
 20
501.460473
 42
-0.110553
  0
VERTEX
  8
0
 10
357.582177
 20
501.931799
 42
0.057474
  0
VERTEX
  8
0
 10
356.762544
 20
502.466343
 42
0.280656
  0
VERTEX
  8
0
 10
356.234039
 20
502.421763
 42
0.158834
  0
VERTEX
  8
0
 10
355.826595
 20
501.856286
 42
0.018594
  0
VERTEX
  8
0
 10
355.402943
 20
500.338251
 42
-0.012114
  0
VERTEX
  8
0
 10
354.645682
 20
497.482428
 42
-0.164247
  0
VERTEX
  8
0
 10
354.037246
 20
496.610057
 42
-0.399867
  0
VERTEX
  8
0
 10
353.355240
 20
496.695468
 42
-0.044852
  0
VERTEX
  8
0
 10
352.392922
 20
498.114900
 42
0.004638
  0
VERTEX
  8
0
 10
351.474571
 20
499.736042
 42
0.417456
  0
VERTEX
  8
0
 10
351.232579
 20
499.799170
 42
0.258658
  0
VERTEX
  8
0
 10
351.072806
 20
499.525748
 42
0.002876
  0
VERTEX
  8
0
 10
351.035435
 20
497.309017
 42
-0.028768
  0
VERTEX
  8
0
 10
350.948360
 20
496.042131
 42
-0.034834
  0
VERTEX
  8
0
 10
350.716659
 20
494.873838
 42
-0.037373
  0
VERTEX
  8
0
 10
350.388480
 20
493.946489
 42
-0.151742
  0
VERTEX
  8
0
 10
350.000000
 20
493.500000
 42
-0.092461
  0
VERTEX
  8
0
 10
349.618379
 20
493.352344
 42
-0.170959
  0
VERTEX
  8
0
 10
349.293750
 20
493.402691
 42
-0.174638
  0
VERTEX
  8
0
 10
349.076921
 20
493.643765
 42
-0.096980
  0
VERTEX
  8
0
 10
349.000000
 20
494.036613
 42
0.097437
  0
VERTEX
  8
0
 10
348.878231
 20
494.655543
 42
0.019757
  0
VERTEX
  8
0
 10
348.411486
 20
495.678573
 42
0.020144
  0
VERTEX
  8
0
 10
347.763495
 20
496.842976
 42
0.017670
  0
VERTEX
  8
0
 10
346.996548
 20
498.004847
 42
-0.037858
  0
VERTEX
  8
0
 10
346.243271
 20
499.252725
 42
-0.043557
  0
VERTEX
  8
0
 10
345.726992
 20
500.543975
 42
-0.048612
  0
VERTEX
  8
0
 10
345.490857
 20
501.732329
 42
-0.103620
  0
VERTEX
  8
0
 10
345.590881
 20
502.659218
 42
0.003968
  0
VERTEX
  8
0
 10
345.924814
 20
503.715988
 42
0.323848
  0
VERTEX
  8
0
 10
345.872400
 20
503.869890
 42
0.406688
  0
VERTEX
  8
0
 10
345.731266
 20
503.847642
 42
0.004585
  0
VERTEX
  8
0
 10
345.109645
 20
503.000000
 42
-0.020575
  0
VERTEX
  8
0
 10
344.511620
 20
502.236943
 42
-0.377413
  0
VERTEX
  8
0
 10
344.230021
 20
502.196355
 42
-0.238947
  0
VERTEX
  8
0
 10
344.052165
 20
502.504782
 42
-0.011767
  0
VERTEX
  8
0
 10
344.015313
 20
503.714816
 42
0.081657
  0
VERTEX
  8
0
 10
343.855892
 20
504.644284
 42
0.057080
  0
VERTEX
  8
0
 10
343.395577
 20
505.604915
 42
0.056351
  0
VERTEX
  8
0
 10
342.721070
 20
506.450244
 42
0.073468
  0
VERTEX
  8
0
 10
341.927076
 20
507.039028
 42
0.044546
  0
VERTEX
  8
0
 10
340.711040
 20
507.556551
 42
0.375864
  0
VERTEX
  8
0
 10
340.206619
 20
507.339873
 42
0.128228
  0
VERTEX
  8
0
 10
340.040260
 20
506.479275
 42
0.006270
  0
VERTEX
  8
0
 10
340.264348
 20
503.561604
 42
-0.020870
  0
VERTEX
  8
0
 10
340.362964
 20
501.485195
 42
-0.041787
  0
VERTEX
  8
0
 10
340.235379
 20
499.848602
 42
-0.055188
  0
VERTEX
  8
0
 10
339.896646
 20
498.632203
 42
-0.124695
  0
VERTEX
  8
0
 10
339.337272
 20
497.864948
 42
-0.150581
  0
VERTEX
  8
0
 10
338.691128
 20
497.596466
 42
-0.334589
  0
VERTEX
  8
0
 10
338.262592
 20
497.859716
 42
-0.084034
  0
VERTEX
  8
0
 10
338.046158
 20
498.892909
 42
-0.009706
  0
VERTEX
  8
0
 10
338.000000
 20
501.270566
 42
0.020314
  0
VERTEX
  8
0
 10
337.913866
 20
503.389704
 42
0.054619
  0
VERTEX
  8
0
 10
337.628818
 20
504.868861
 42
0.083804
  0
VERTEX
  8
0
 10
337.137203
 20
505.844578
 42
0.143587
  0
VERTEX
  8
0
 10
336.418213
 20
506.393011
 42
0.029142
  0
VERTEX
  8
0
 10
334.690998
 20
506.942746
 42
0.167731
  0
VERTEX
  8
0
 10
333.748698
 20
506.864835
 42
0.262658
  0
VERTEX
  8
0
 10
333.299633
 20
506.264483
 42
0.070102
  0
VERTEX
  8
0
 10
333.313838
 20
505.025770
 42
0.045792
  0
VERTEX
  8
0
 10
333.683108
 20
503.535931
 42
0.080453
  0
VERTEX
  8
0
 10
334.284647
 20
502.421727
 42
0.389004
  0
VERTEX
  8
0
 10
334.731757
 20
502.343498
 42
0.255881
  0
VERTEX
  8
0
 10
335.000000
 20
502.833333
 42
-0.084383
  0
VERTEX
  8
0
 10
335.075730
 20
503.278867
 42
-0.093242
  0
VERTEX
  8
0
 10
335.293750
 20
503.657292
 42
-0.100475
  0
VERTEX
  8
0
 10
335.618559
 20
503.910364
 42
-0.115918
  0
VERTEX
  8
0
 10
336.000000
 20
504.000000
 42
-0.186414
  0
VERTEX
  8
0
 10
336.381787
 20
503.852535
 42
-0.089706
  0
VERTEX
  8
0
 10
336.706250
 20
503.429836
 42
-0.069539
  0
VERTEX
  8
0
 10
336.926216
 20
502.801778
 42
-0.049547
  0
VERTEX
  8
0
 10
337.000000
 20
502.059017
 42
-0.046881
  0
VERTEX
  8
0
 10
336.925923
 20
501.270704
 42
-0.046318
  0
VERTEX
  8
0
 10
336.706250
 20
500.506650
 42
-0.050262
  0
VERTEX
  8
0
 10
336.383556
 20
499.876024
 42
-0.111412
  0
VERTEX
  8
0
 10
336.000000
 20
499.500000
 42
-0.070488
  0
VERTEX
  8
0
 10
335.617319
 20
499.332385
 42
-0.145551
  0
VERTEX
  8
0
 10
335.293750
 20
499.337881
 42
-0.189654
  0
VERTEX
  8
0
 10
335.080390
 20
499.510738
 42
-0.129474
  0
VERTEX
  8
0
 10
335.000000
 20
499.815983
 42
0.237270
  0
VERTEX
  8
0
 10
334.819937
 20
500.174070
 42
0.070466
  0
VERTEX
  8
0
 10
334.265625
 20
500.475633
 42
0.053907
  0
VERTEX
  8
0
 10
333.457500
 20
500.681841
 42
0.035547
  0
VERTEX
  8
0
 10
332.500000
 20
500.750000
 42
0.035547
  0
VERTEX
  8
0
 10
331.542500
 20
500.681841
 42
0.053907
  0
VERTEX
  8
0
 10
330.734375
 20
500.475633
 42
0.070466
  0
VERTEX
  8
0
 10
330.180063
 20
500.174070
 42
0.237270
  0
VERTEX
  8
0
 10
330.000000
 20
499.815983
 42
-0.394386
  0
VERTEX
  8
0
 10
329.605932
 20
499.394093
 42
-0.194632
  0
VERTEX
  8
0
 10
328.847155
 20
499.642423
 42
-0.070907
  0
VERTEX
  8
0
 10
327.807925
 20
500.807257
 42
-0.050893
  0
VERTEX
  8
0
 10
326.993309
 20
502.352327
 42
0.008711
  0
VERTEX
  8
0
 10
326.541044
 20
503.419294
 42
0.175764
  0
VERTEX
  8
0
 10
326.300626
 20
503.669067
 42
0.512421
  0
VERTEX
  8
0
 10
326.129105
 20
503.577456
 42
0.023928
  0
VERTEX
  8
0
 10
326.063386
 20
502.809017
 42
0.054810
  0
VERTEX
  8
0
 10
326.113374
 20
502.116353
 42
0.050994
  0
VERTEX
  8
0
 10
326.312370
 20
501.433213
 42
0.054670
  0
VERTEX
  8
0
 10
326.621557
 20
500.859892
 42
0.103721
  0
VERTEX
  8
0
 10
327.000000
 20
500.500000
 42
-0.150796
  0
VERTEX
  8
0
 10
327.756441
 20
499.633848
 42
-0.123762
  0
VERTEX
  8
0
 10
327.967932
 20
498.418401
 42
-0.149578
  0
VERTEX
  8
0
 10
327.573276
 20
497.403741
 42
-0.229637
  0
VERTEX
  8
0
 10
326.740547
 20
497.000000
 42
-0.124560
  0
VERTEX
  8
0
 10
326.165826
 20
497.145430
 42
-0.046719
  0
VERTEX
  8
0
 10
325.469783
 20
497.610518
 42
-0.042637
  0
VERTEX
  8
0
 10
324.772851
 20
498.283139
 42
-0.039941
  0
VERTEX
  8
0
 10
324.183136
 20
499.078361
 42
-0.032968
  0
VERTEX
  8
0
 10
323.566723
 20
500.227547
 42
-0.107660
  0
VERTEX
  8
0
 10
323.386228
 20
501.066432
 42
-0.122112
  0
VERTEX
  8
0
 10
323.580877
 20
501.843028
 42
-0.048485
  0
VERTEX
  8
0
 10
324.192589
 20
502.765592
 42
0.008322
  0
VERTEX
  8
0
 10
324.926001
 20
503.699448
 42
0.277801
  0
VERTEX
  8
0
 10
324.955206
 20
503.970916
 42
0.378888
  0
VERTEX
  8
0
 10
324.741193
 20
504.064360
 42
0.011474
  0
VERTEX
  8
0
 10
323.750000
 20
503.718616
 42
-0.050441
  0
VERTEX
  8
0
 10
323.010549
 20
503.523669
 42
-0.127526
  0
VERTEX
  8
0
 10
322.461158
 20
503.576965
 42
-0.182332
  0
VERTEX
  8
0
 10
322.125355
 20
503.866236
 42
-0.125401
  0
VERTEX
  8
0
 10
322.000000
 20
504.358192
 42
0.186742
  0
VERTEX
  8
0
 10
321.794468
 20
504.889311
 42
0.139561
  0
VERTEX
  8
0
 10
321.256012
 20
505.223160
 42
0.078608
  0
VERTEX
  8
0
 10
320.334632
 20
505.334989
 42
0.027411
  0
VERTEX
  8
0
 10
319.000000
 20
505.213308
 42
0.050417
  0
VERTEX
  8
0
 10
317.102409
 20
504.735886
 42
0.158291
  0
VERTEX
  8
0
 10
316.078089
 20
503.938928
 42
0.458235
  0
VERTEX
  8
0
 10
316.255103
 20
503.283411
 42
0.112391
  0
VERTEX
  8
0
 10
317.500000
 20
503.000000
 42
-0.188641
  0
VERTEX
  8
0
 10
318.196999
 20
502.727332
 42
-0.126480
  0
VERTEX
  8
0
 10
318.666667
 20
502.000000
 42
-0.063857
  0
VERTEX
  8
0
 10
318.927513
 20
500.673807
 42
-0.016668
  0
VERTEX
  8
0
 10
319.000000
 20
498.500000
 42
-0.011922
  0
VERTEX
  8
0
 10
318.958857
 20
496.774730
 42
-0.019658
  0
VERTEX
  8
0
 10
318.832143
 20
495.321875
 42
-0.014477
  0
VERTEX
  8
0
 10
318.654643
 20
494.187840
 42
-0.361232
  0
VERTEX
  8
0
 10
318.428571
 20
494.000000
 42
-0.189472
  0
VERTEX
  8
0
 10
317.223916
 20
494.473494
 42
-0.073398
  0
VERTEX
  8
0
 10
316.083361
 20
495.897686
 42
-0.070163
  0
VERTEX
  8
0
 10
315.351404
 20
497.685352
 42
-0.126749
  0
VERTEX
  8
0
 10
315.357102
 20
499.257559
 42
0.021119
  0
VERTEX
  8
0
 10
315.601016
 20
500.382345
 42
0.587844
  0
VERTEX
  8
0
 10
315.413549
 20
500.533709
 42
0.124632
  0
VERTEX
  8
0
 10
314.967838
 20
500.207636
 42
0.004517
  0
VERTEX
  8
0
 10
313.629874
 20
498.560418
 42
-0.059454
  0
VERTEX
  8
0
 10
311.976199
 20
496.928122
 42
-0.166468
  0
VERTEX
  8
0
 10
310.456691
 20
496.407290
 42
-0.269108
  0
VERTEX
  8
0
 10
309.410716
 20
497.013780
 42
-0.130630
  0
VERTEX
  8
0
 10
309.000000
 20
498.559017
 42
0.118905
  0
VERTEX
  8
0
 10
308.737396
 20
499.647663
 42
0.347240
  0
VERTEX
  8
0
 10
308.080495
 20
499.948115
 42
0.201293
  0
VERTEX
  8
0
 10
307.276663
 20
499.353700
 42
0.070368
  0
VERTEX
  8
0
 10
306.710251
 20
498.000000
 42
-0.194766
  0
VERTEX
  8
0
 10
305.602714
 20
496.513992
 42
-0.146121
  0
VERTEX
  8
0
 10
303.608836
 20
495.993385
 42
-0.119206
  0
VERTEX
  8
0
 10
301.325548
 20
496.630415
 42
-0.112256
  0
VERTEX
  8
0
 10
299.526484
 20
498.250000
 42
0.005827
  0
VERTEX
  8
0
 10
298.446023
 20
499.744626
 42
0.437934
  0
VERTEX
  8
0
 10
298.180062
 20
499.773372
 42
0.234965
  0
VERTEX
  8
0
 10
298.041660
 20
499.437965
 42
0.003060
  0
VERTEX
  8
0
 10
298.219780
 20
497.108812
 42
-0.030856
  0
VERTEX
  8
0
 10
298.249022
 20
495.699895
 42
-0.051758
  0
VERTEX
  8
0
 10
298.078844
 20
494.529276
 42
-0.067399
  0
VERTEX
  8
0
 10
297.739308
 20
493.685032
 42
-0.180379
  0
VERTEX
  8
0
 10
297.250000
 20
493.275478
 42
-0.144809
  0
VERTEX
  8
0
 10
296.766505
 20
493.250138
 42
-0.148846
  0
VERTEX
  8
0
 10
296.353059
 20
493.492814
 42
-0.114984
  0
VERTEX
  8
0
 10
296.072004
 20
493.988807
 42
-0.067409
  0
VERTEX
  8
0
 10
295.968197
 20
494.666667
 42
0.057521
  0
VERTEX
  8
0
 10
295.857326
 20
495.500047
 42
0.030364
  0
VERTEX
  8
0
 10
295.540682
 20
496.495794
 42
0.029766
  0
VERTEX
  8
0
 10
295.087790
 20
497.488254
 42
0.040274
  0
VERTEX
  8
0
 10
294.557489
 20
498.319015
 42
0.011053
  0
VERTEX
  8
0
 10
293.660760
 20
499.449171
 42
0.241891
  0
VERTEX
  8
0
 10
293.284213
 20
499.609834
 42
0.290831
  0
VERTEX
  8
0
 10
292.979654
 20
499.384294
 42
0.015000
  0
VERTEX
  8
0
 10
292.555829
 20
498.175901
 42
-0.092566
  0
VERTEX
  8
0
 10
292.035780
 20
497.205445
 42
-0.138529
  0
VERTEX
  8
0
 10
291.257169
 20
496.650828
 42
-0.083848
  0
VERTEX
  8
0
 10
290.004568
 20
496.427633
 42
-0.019195
  0
VERTEX
  8
0
 10
287.847186
 20
496.490983
 42
-0.029279
  0
VERTEX
  8
0
 10
286.219636
 20
496.697614
 42
-0.033913
  0
VERTEX
  8
0
 10
284.707335
 20
497.087997
 42
-0.036173
  0
VERTEX
  8
0
 10
283.498565
 20
497.588741
 42
-0.136090
  0
VERTEX
  8
0
 10
282.895962
 20
498.134097
 42
0.663025
  0
VERTEX
  8
0
 10
282.539543
 20
498.074798
 42
0.032482
  0
VERTEX
  8
0
 10
282.263356
 20
496.466176
 42
0.018868
  0
VERTEX
  8
0
 10
282.076298
 20
493.693425
 42
0.007014
  0
VERTEX
  8
0
 10
282.015313
 20
489.785184
 42
0.005201
  0
VERTEX
  8
0
 10
282.065453
 20
484.103960
 42
0.040941
  0
VERTEX
  8
0
 10
282.331291
 20
481.482480
 42
0.098648
  0
VERTEX
  8
0
 10
282.926451
 20
479.990481
 42
0.126463
  0
VERTEX
  8
0
 10
284.011314
 20
478.993945
 42
0.069378
  0
VERTEX
  8
0
 10
285.753017
 20
478.352517
 42
0.074001
  0
VERTEX
  8
0
 10
287.564882
 20
478.231675
 42
0.083100
  0
VERTEX
  8
0
 10
289.148982
 20
478.631028
 42
0.131855
  0
VERTEX
  8
0
 10
290.234687
 20
479.500000
 42
-0.032629
  0
VERTEX
  8
0
 10
290.560318
 20
479.887495
 42
-0.227460
  0
VERTEX
  8
0
 10
290.785581
 20
479.972127
 42
-0.325202
  0
VERTEX
  8
0
 10
290.935639
 20
479.841377
 42
-0.052763
  0
VERTEX
  8
0
 10
290.984687
 20
479.433890
 42
0.382876
  0
VERTEX
  8
0
 10
291.453626
 20
478.926136
 42
0.006899
  0
VERTEX
  8
0
 10
295.438703
 20
478.606629
 42
0.011100
  0
VERTEX
  8
0
 10
300.894132
 20
478.366394
 42
0.003878
  0
VERTEX
  8
0
 10
308.750000
 20
478.255986
 42
0.000745
  0
VERTEX
  8
0
 10
345.664860
 20
478.078460
 42
0.005059
  0
VERTEX
  8
0
 10
363.903620
 20
478.202466
 42
0.003614
  0
VERTEX
  8
0
 10
375.539543
 20
478.483475
 42
0.238000
  0
VERTEX
  8
0
 10
377.250000
 20
479.414969
 42
-0.096817
  0
VERTEX
  8
0
 10
377.641980
 20
479.797311
 42
-0.206248
  0
VERTEX
  8
0
 10
378.051037
 20
479.868846
 42
-0.147615
  0
VERTEX
  8
0
 10
378.485815
 20
479.615982
 42
-0.044988
  0
VERTEX
  8
0
 10
378.958359
 20
479.008359
 42
0.043781
  0
VERTEX
  8
0
 10
379.501714
 20
478.306201
 42
0.179790
  0
VERTEX
  8
0
 10
379.973756
 20
478.067055
 42
0.181738
  0
VERTEX
  8
0
 10
380.484110
 20
478.195414
 42
0.044892
  0
VERTEX
  8
0
 10
381.158359
 20
478.758359
 42
-0.053898
  0
VERTEX
  8
0
 10
381.747506
 20
479.232549
 42
-0.039046
  0
VERTEX
  8
0
 10
382.490581
 20
479.630770
 42
-0.039680
  0
VERTEX
  8
0
 10
383.265933
 20
479.900331
 42
-0.066385
  0
VERTEX
  8
0
 10
383.950000
 20
479.984687
 42
-0.015141
  0
VERTEX
  8
0
 10
384.829811
 20
479.949336
 42
-0.380604
  0
VERTEX
  8
0
 10
384.985356
 20
479.789889
 42
-0.244055
  0
VERTEX
  8
0
 10
384.869598
 20
479.539531
 42
-0.008841
  0
VERTEX
  8
0
 10
384.000000
 20
478.890355
 42
0.005802
  0
VERTEX
  8
0
 10
383.194796
 20
478.296836
 42
0.500481
  0
VERTEX
  8
0
 10
383.195328
 20
478.166311
 42
0.245716
  0
VERTEX
  8
0
 10
383.389755
 20
478.135577
 42
0.003757
  0
VERTEX
  8
0
 10
384.500000
 20
478.519121
 42
-0.007641
  0
VERTEX
  8
0
 10
387.282104
 20
479.456103
 42
-0.035958
  0
VERTEX
  8
0
 10
388.919826
 20
479.852874
 42
-0.137740
  0
VERTEX
  8
0
 10
389.620269
 20
479.776963
 42
-0.465495
  0
VERTEX
  8
0
 10
389.745281
 20
479.396872
 42
0.468771
  0
VERTEX
  8
0
 10
389.869625
 20
479.025550
 42
0.037196
  0
VERTEX
  8
0
 10
391.002167
 20
478.679431
 42
0.029743
  0
VERTEX
  8
0
 10
392.700448
 20
478.400530
 42
0.015550
  0
VERTEX
  8
0
 10
394.838909
 20
478.245851
 42
0.000000
  0
VERTEX
  8
0
 10
400.500000
 20
478.013003
 42
0.000000
  0
VERTEX
  8
0
 10
396.624794
 20
479.431707
 42
-0.023840
  0
VERTEX
  8
0
 10
393.421369
 20
480.780864
 42
-0.107756
  0
VERTEX
  8
0
 10
391.829332
 20
482.018922
 42
-0.094516
  0
VERTEX
  8
0
 10
390.792918
 20
483.886341
 42
-0.016101
  0
VERTEX
  8
0
 10
389.640207
 20
487.806279
 42
-0.006062
  0
VERTEX
  8
0
 10
388.846700
 20
491.025408
 42
-0.081864
  0
VERTEX
  8
0
 10
388.766770
 20
492.231190
 42
-0.270187
  0
VERTEX
  8
0
 10
389.172303
 20
492.793337
 42
-0.104903
  0
VERTEX
  8
0
 10
390.146487
 20
493.000000
 42
-0.051983
  0
VERTEX
  8
0
 10
390.855665
 20
492.926069
 42
-0.071877
  0
VERTEX
  8
0
 10
391.455530
 20
492.706250
 42
-0.091860
  0
VERTEX
  8
0
 10
391.858598
 20
492.381660
 42
-0.179291
  0
VERTEX
  8
0
 10
392.000000
 20
492.000000
 42
0.212173
  0
VERTEX
  8
0
 10
392.169936
 20
491.617563
 42
0.080674
  0
VERTEX
  8
0
 10
392.671252
 20
491.293750
 42
0.061394
  0
VERTEX
  8
0
 10
393.410242
 20
491.073328
 42
0.041834
  0
VERTEX
  8
0
 10
394.285114
 20
491.000000
 42
-0.055894
  0
VERTEX
  8
0
 10
395.599661
 20
490.852589
 42
-0.009134
  0
VERTEX
  8
0
 10
398.091786
 20
490.238467
 42
-0.009961
  0
VERTEX
  8
0
 10
401.009576
 20
489.400076
 42
-0.008634
  0
VERTEX
  8
0
 10
404.035114
 20
488.407549
 42
0.006484
  0
VERTEX
  8
0
 10
407.280616
 20
487.327383
 42
0.004933
  0
VERTEX
  8
0
 10
410.862651
 20
486.225395
 42
0.004989
  0
VERTEX
  8
0
 10
414.242281
 20
485.258656
 42
0.011637
  0
VERTEX
  8
0
 10
416.795188
 20
484.619404
 42
-0.012774
  0
VERTEX
  8
0
 10
418.783364
 20
484.116758
 42
-0.024050
  0
VERTEX
  8
0
 10
420.354021
 20
483.594051
 42
-0.025954
  0
VERTEX
  8
0
 10
421.426463
 20
483.113515
 42
-0.508924
  0
VERTEX
  8
0
 10
421.474568
 20
482.807901
 42
0.477105
  0
VERTEX
  8
0
 10
421.506492
 20
482.504782
 42
0.039191
  0
VERTEX
  8
0
 10
422.308836
 20
482.069376
 42
0.030264
  0
VERTEX
  8
0
 10
423.564966
 20
481.598938
 42
0.015759
  0
VERTEX
  8
0
 10
425.179380
 20
481.158525
 42
-0.002099
  0
VERTEX
  8
0
 10
432.829031
 20
479.294612
 42
-0.015987
  0
VERTEX
  8
0
 10
436.395675
 20
478.287630
 42
-0.034024
  0
VERTEX
  8
0
 10
438.417635
 20
477.491351
 42
-0.118895
  0
VERTEX
  8
0
 10
439.500000
 20
476.616329
 42
0.108204
  0
VERTEX
  8
0
 10
440.145983
 20
476.071151
 42
0.028663
  0
VERTEX
  8
0
 10
441.381250
 20
475.507481
 42
0.027694
  0
VERTEX
  8
0
 10
442.895411
 20
475.013407
 42
0.025355
  0
VERTEX
  8
0
 10
444.500000
 20
474.672512
 42
0.004167
  0
VERTEX
  8
0
 10
446.507828
 20
474.368434
 42
0.079707
  0
VERTEX
  8
0
 10
447.138611
 20
474.379226
 42
0.712373
  0
VERTEX
  8
0
 10
447.165241
 20
474.547833
 42
0.022355
  0
VERTEX
  8
0
 10
446.250000
 20
474.984065
 42
-0.060816
  0
VERTEX
  8
0
 10
444.635618
 20
475.911744
 42
-0.214463
  0
VERTEX
  8
0
 10
444.070037
 20
476.934288
 42
-0.327074
  0
VERTEX
  8
0
 10
444.547436
 20
477.713803
 42
-0.097576
  0
VERTEX
  8
0
 10
446.000000
 20
478.000000
 42
0.275218
  0
VERTEX
  8
0
 10
447.136538
 20
478.676860
 42
0.097459
  0
VERTEX
  8
0
 10
447.722917
 20
480.557682
 42
0.025276
  0
VERTEX
  8
0
 10
447.959773
 20
484.681628
 42
0.001707
  0
VERTEX
  8
0
 10
448.000000
 20
496.461456
 42
0.000000
  0
VERTEX
  8
0
 10
448.000000
 20
514.922912
 42
0.000000
  0
VERTEX
  8
0
 10
444.250000
 20
515.866828
 42
0.008414
  0
VERTEX
  8
0
 10
441.299172
 20
516.556999
 42
0.004847
  0
VERTEX
  8
0
 10
437.724709
 20
517.293638
 42
0.004745
  0
VERTEX
  8
0
 10
433.982385
 20
517.990314
 42
0.005953
  0
VERTEX
  8
0
 10
430.500000
 20
518.561802
 42
0.007641
  0
VERTEX
  8
0
 10
429.218030
 20
518.736542
 42
0.000689
  0
VERTEX
  8
0
 10
426.003125
 20
519.120314
 42
0.000895
  0
VERTEX
  8
0
 10
422.167240
 20
519.565891
 42
0.000699
  0
VERTEX
  8
0
 10
418.000000
 20
520.036493
 42
-0.005403
  0
VERTEX
  8
0
 10
413.832843
 20
520.546829
 42
-0.006855
  0
VERTEX
  8
0
 10
409.996875
 20
521.112360
 42
-0.005504
  0
VERTEX
  8
0
 10
406.800862
 20
521.664568
 42
-0.054725
  0
VERTEX
  8
0
 10
405.500000
 20
522.054803
 42
0.054034
  0
VERTEX
  8
0
 10
403.438864
 20
522.676203
 42
0.003474
  0
VERTEX
  8
0
 10
397.250703
 20
523.788884
 42
0.004221
  0
VERTEX
  8
0
 10
391.130584
 20
524.792368
 42
0.038538
  0
VERTEX
  8
0
 10
388.440752
 20
525.000000
 42
0.408532
  0
VERTEX
  8
0
 10
388.177924
 20
524.742232
 42
0.002541
  0
VERTEX
  8
0
 10
388.125744
 20
521.107813
 42
0.007976
  0
VERTEX
  8
0
 10
388.154306
 20
516.830705
 42
0.004775
  0
SEQEND
  0
POLYLINE
  8
0
 66
1
 70
1
  0
VERTEX
  8
0
 10
440.289749
 20
513.000000
 42
-0.016817
  0
VERTEX
  8
0
 10
440.061542
 20
512.233613
 42
-0.025621
  0
VERTEX
  8
0
 10
439.807757
 20
511.587500
 42
-0.023188
  0
VERTEX
  8
0
 10
439.560437
 20
511.102864
 42
-0.269386
  0
VERTEX
  8
0
 10
439.383369
 20
511.000000
 42
-0.326917
  0
VERTEX
  8
0
 10
439.233718
 20
511.109555
 42
-0.029396
  0
VERTEX
  8
0
 10
439.112615
 20
511.587500
 42
-0.029316
  0
VERTEX
  8
0
 10
439.027671
 20
512.233356
 42
-0.018041
  0
VERTEX
  8
0
 10
439.000000
 20
513.000000
 42
-0.043375
  0
VERTEX
  8
0
 10
439.066544
 20
513.765641
 42
-0.063112
  0
VERTEX
  8
0
 10
439.266249
 20
514.412500
 42
-0.082769
  0
VERTEX
  8
0
 10
439.559898
 20
514.850443
 42
-0.206609
  0
VERTEX
  8
0
 10
439.906380
 20
515.000000
 42
-0.243840
  0
VERTEX
  8
0
 10
440.210205
 20
514.842465
 42
-0.106581
  0
VERTEX
  8
0
 10
440.392877
 20
514.412500
 42
-0.070464
  0
VERTEX
  8
0
 10
440.424365
 20
513.766322
 42
-0.040966
  0
SEQEND
  0
POLYLINE
  8
0
 66
1
 70
1
  0
VERTEX
  8
0
 10
323.000000
 20
498.440983
 42
-0.066118
  0
VERTEX
  8
0
 10
322.926733
 20
497.889346
 42
-0.138808
  0
VERTEX
  8
0
 10
322.706250
 20
497.521475
 42
-0.191142
  0
VERTEX
  8
0
 10
322.379648
 20
497.392057
 42
-0.139169
  0
VERTEX
  8
0
 10
322.000000
 20
497.500000
 42
-0.060810
  0
VERTEX
  8
0
 10
321.617485
 20
497.806203
 42
-0.051032
  0
VERTEX
  8
0
 10
321.293750
 20
498.212900
 42
-0.053229
  0
VERTEX
  8
0
 10
321.073302
 20
498.653442
 42
-0.089642
  0
VERTEX
  8
0
 10
321.000000
 20
499.059017
 42
-0.105429
  0
VERTEX
  8
0
 10
321.076556
 20
499.418051
 42
-0.099231
  0
VERTEX
  8
0
 10
321.293750
 20
499.723586
 42
-0.096318
  0
VERTEX
  8
0
 10
321.618268
 20
499.928382
 42
-0.092995
  0
VERTEX
  8
0
 10
322.000000
 20
500.000000
 42
-0.153634
  0
VERTEX
  8
0
 10
322.381379
 20
499.879982
 42
-0.097988
  0
VERTEX
  8
0
 10
322.706250
 20
499.542039
 42
-0.080552
  0
VERTEX
  8
0
 10
322.925455
 20
499.037096
 42
-0.062283
  0
SEQEND
  0
POLYLINE
  8
0
 66
1
 70
1
  0
VERTEX
  8
0
 10
358.984687
 20
496.250000
 42
-0.030314
  0
VERTEX
  8
0
 10
358.907617
 20
495.087101
 42
-0.025227
  0
VERTEX
  8
0
 10
358.689119
 20
493.867188
 42
-0.025965
  0
VERTEX
  8
0
 10
358.373602
 20
492.768263
 42
-0.060630
  0
VERTEX
  8
0
 10
358.000000
 20
492.000000
 42
-0.157619
  0
VERTEX
  8
0
 10
357.569159
 20
491.648451
 42
-0.422406
  0
VERTEX
  8
0
 10
357.245644
 20
491.795887
 42
-0.075274
  0
VERTEX
  8
0
 10
357.062734
 20
492.728933
 42
-0.009929
  0
VERTEX
  8
0
 10
357.015313
 20
494.750000
 42
-0.022193
  0
VERTEX
  8
0
 10
357.081769
 20
496.378864
 42
-0.035645
  0
VERTEX
  8
0
 10
357.298248
 20
497.751562
 42
-0.040321
  0
VERTEX
  8
0
 10
357.613126
 20
498.740426
 42
-0.304392
  0
VERTEX
  8
0
 10
358.000000
 20
499.000000
 42
-0.242407
  0
VERTEX
  8
0
 10
358.382445
 20
498.803010
 42
-0.069028
  0
VERTEX
  8
0
 10
358.701752
 20
498.192187
 42
-0.052836
  0
VERTEX
  8
0
 10
358.917643
 20
497.303322
 42
-0.034580
  0
SEQEND
  0
POLYLINE
  8
0
 66
1
 70
1
  0
VERTEX
  8
0
 10
431.250000
 20
482.337719
 42
-0.057986
  0
VERTEX
  8
0
 10
430.679992
 20
482.181385
 42
-0.037979
  0
VERTEX
  8
0
 10
430.000000
 20
482.129660
 42
-0.037979
  0
VERTEX
  8
0
 10
429.320008
 20
482.181385
 42
-0.057986
  0
VERTEX
  8
0
 10
428.750000
 20
482.337719
 42
-0.174857
  0
VERTEX
  8
0
 10
428.540618
 20
482.525001
 42
-0.447206
  0
VERTEX
  8
0
 10
428.601562
 20
482.693942
 42
-0.078554
  0
VERTEX
  8
0
 10
429.108560
 20
482.810911
 42
-0.017491
  0
VERTEX
  8
0
 10
430.000000
 20
482.842105
 42
-0.017491
  0
VERTEX
  8
0
 10
430.891440
 20
482.810911
 42
-0.078554
  0
VERTEX
  8
0
 10
431.398438
 20
482.693942
 42
-0.447206
  0
VERTEX
  8
0
 10
431.459382
 20
482.525001
 42
-0.174857
  0
SEQEND
  0
POLYLINE
  8
0
 66
1
 70
1
  0
VERTEX
  8
0
 10
440.000000
 20
482.000000
 42
-0.099038
  0
VERTEX
  8
0
 10
439.923658
 20
481.618362
 42
-0.097945
  0
VERTEX
  8
0
 10
439.706250
 20
481.293750
 42
-0.097945
  0
VERTEX
  8
0
 10
439.381638
 20
481.076342
 42
-0.099038
  0
VERTEX
  8
0
 10
439.000000
 20
481.000000
 42
-0.099038
  0
VERTEX
  8
0
 10
438.618362
 20
481.076342
 42
-0.097945
  0
VERTEX
  8
0
 10
438.293750
 20
481.293750
 42
-0.097945
  0
VERTEX
  8
0
 10
438.076342
 20
481.618362
 42
-0.099038
  0
VERTEX
  8
0
 10
438.000000
 20
482.000000
 42
-0.099038
  0
VERTEX
  8
0
 10
438.076342
 20
482.381638
 42
-0.097945
  0
VERTEX
  8
0
 10
438.293750
 20
482.706250
 42
-0.097945
  0
VERTEX
  8
0
 10
438.618362
 20
482.923658
 42
-0.099038
  0
VERTEX
  8
0
 10
439.000000
 20
483.000000
 42
-0.099038
  0
VERTEX
  8
0
 10
439.381638
 20
482.923658
 42
-0.097945
  0
VERTEX
  8
0
 10
439.706250
 20
482.706250
 42
-0.097945
  0
VERTEX
  8
0
 10
439.923658
 20
482.381638
 42
-0.099038
  0
SEQEND
  0
POLYLINE
  8
0
 66
1
 70
1
  0
VERTEX
  8
0
 10
296.000000
 20
520.940983
 42
0.108972
  0
VERTEX
  8
0
 10
296.078288
 20
520.586039
 42
0.182303
  0
VERTEX
  8
0
 10
296.293750
 20
520.374600
 42
0.161196
  0
VERTEX
  8
0
 10
296.617900
 20
520.343488
 42
0.082592
  0
VERTEX
  8
0
 10
297.000000
 20
520.500000
 42
0.029505
  0
VERTEX
  8
0
 10
297.382774
 20
520.768994
 42
0.035638
  0
VERTEX
  8
0
 10
297.706250
 20
521.066025
 42
0.038439
  0
VERTEX
  8
0
 10
297.934461
 20
521.348290
 42
0.151918
  0
VERTEX
  8
0
 10
298.000000
 20
521.559017
 42
0.210953
  0
VERTEX
  8
0
 10
297.925540
 20
521.727648
 42
0.081139
  0
VERTEX
  8
0
 10
297.706250
 20
521.870461
 42
0.061769
  0
VERTEX
  8
0
 10
297.382849
 20
521.967655
 42
0.042167
  0
VERTEX
  8
0
 10
297.000000
 20
522.000000
 42
0.105053
  0
VERTEX
  8
0
 10
296.618444
 20
521.918938
 42
0.099167
  0
VERTEX
  8
0
 10
296.293750
 20
521.688914
 42
0.096420
  0
VERTEX
  8
0
 10
296.076123
 20
521.345238
 42
0.093332
  0
SEQEND
  0
POLYLINE
  8
0
 66
1
 70
1
  0
VERTEX
  8
0
 10
368.078947
 20
510.416667
 42
0.018894
  0
VERTEX
  8
0
 10
368.137993
 20
509.670344
 42
0.168741
  0
VERTEX
  8
0
 10
368.279315
 20
509.378580
 42
0.470617
  0
VERTEX
  8
0
 10
368.461564
 20
509.395823
 42
0.054073
  0
VERTEX
  8
0
 10
368.683114
 20
509.812500
 42
0.051402
  0
VERTEX
  8
0
 10
368.839148
 20
510.359369
 42
0.054150
  0
VERTEX
  8
0
 10
368.876576
 20
510.916927
 42
0.060344
  0
VERTEX
  8
0
 10
368.797407
 20
511.402231
 42
0.126455
  0
VERTEX
  8
0
 10
368.604167
 20
511.729167
 42
0.296942
  0
VERTEX
  8
0
 10
368.385309
 20
511.775380
 42
0.208169
  0
VERTEX
  8
0
 10
368.200665
 20
511.592839
 42
0.077125
  0
VERTEX
  8
0
 10
368.089945
 20
511.112848
 42
0.028489
  0
SEQEND
  0
POLYLINE
  8
0
 66
1
 70
1
  0
VERTEX
  8
0
 10
316.710251
 20
509.000000
 42
0.034746
  0
VERTEX
  8
0
 10
316.968443
 20
508.234346
 42
0.046569
  0
VERTEX
  8
0
 10
317.311617
 20
507.587500
 42
0.054916
  0
VERTEX
  8
0
 10
317.683202
 20
507.137799
 42
0.195045
  0
VERTEX
  8
0
 10
318.023012
 20
507.000000
 42
0.272886
  0
VERTEX
  8
0
 10
318.283976
 20
507.153887
 42
0.093423
  0
VERTEX
  8
0
 10
318.427137
 20
507.587500
 42
0.061733
  0
VERTEX
  8
0
 10
318.433129
 20
508.233437
 42
0.035451
  0
VERTEX
  8
0
 10
318.289749
 20
509.000000
 42
0.034746
  0
VERTEX
  8
0
 10
318.031557
 20
509.765654
 42
0.046569
  0
VERTEX
  8
0
 10
317.688383
 20
510.412500
 42
0.054916
  0
VERTEX
  8
0
 10
317.316798
 20
510.862201
 42
0.195045
  0
VERTEX
  8
0
 10
316.976988
 20
511.000000
 42
0.272886
  0
VERTEX
  8
0
 10
316.716024
 20
510.846113
 42
0.093423
  0
VERTEX
  8
0
 10
316.572863
 20
510.412500
 42
0.061733
  0
VERTEX
  8
0
 10
316.566871
 20
509.766563
 42
0.035451
  0
SEQEND
  0
POLYLINE
  8
0
 66
1
 70
1
  0
VERTEX
  8
0
 10
347.000000
 20
509.208474
 42
-0.054120
  0
VERTEX
  8
0
 10
346.915687
 20
508.431808
 42
-0.038596
  0
VERTEX
  8
0
 10
346.662457
 20
507.593697
 42
-0.039124
  0
VERTEX
  8
0
 10
346.291144
 20
506.822622
 42
-0.064692
  0
VERTEX
  8
0
 10
345.850919
 20
506.250919
 42
0.046069
  0
VERTEX
  8
0
 10
345.389867
 20
505.696065
 42
0.363073
  0
VERTEX
  8
0
 10
345.419403
 20
505.387059
 42
0.196654
  0
VERTEX
  8
0
 10
345.811069
 20
505.225786
 42
0.019362
  0
VERTEX
  8
0
 10
346.850919
 20
505.263723
 42
0.037173
  0
VERTEX
  8
0
 10
347.673804
 20
505.387668
 42
0.053751
  0
VERTEX
  8
0
 10
348.368707
 20
505.626630
 42
0.068179
  0
VERTEX
  8
0
 10
348.845862
 20
505.935683
 42
0.218347
  0
VERTEX
  8
0
 10
349.000000
 20
506.271821
 42
-0.115405
  0
VERTEX
  8
0
 10
349.065819
 20
506.553187
 42
-0.185310
  0
VERTEX
  8
0
 10
349.244792
 20
506.718169
 42
-0.156102
  0
VERTEX
  8
0
 10
349.514742
 20
506.736711
 42
-0.078271
  0
VERTEX
  8
0
 10
349.833333
 20
506.603006
 42
0.142189
  0
VERTEX
  8
0
 10
350.149621
 20
506.515100
 42
0.191390
  0
VERTEX
  8
0
 10
350.421875
 20
506.626885
 42
0.136796
  0
VERTEX
  8
0
 10
350.605724
 20
506.939888
 42
0.064885
  0
VERTEX
  8
0
 10
350.666667
 20
507.407527
 42
0.110289
  0
VERTEX
  8
0
 10
350.535344
 20
507.995643
 42
0.050093
  0
VERTEX
  8
0
 10
350.128125
 20
508.675784
 42
0.046233
  0
VERTEX
  8
0
 10
349.534682
 20
509.336264
 42
0.047075
  0
VERTEX
  8
0
 10
348.833333
 20
509.872012
 42
0.023209
  0
VERTEX
  8
0
 10
347.836823
 20
510.431825
 42
0.206015
  0
VERTEX
  8
0
 10
347.345163
 20
510.460908
 42
0.273717
  0
VERTEX
  8
0
 10
347.071383
 20
510.128639
 42
0.038730
  0
SEQEND
  0
POLYLINE
  8
0
 66
1
 70
1
  0
VERTEX
  8
0
 10
282.750000
 20
509.337719
 42
0.057986
  0
VERTEX
  8
0
 10
283.320008
 20
509.181385
 42
0.037979
  0
VERTEX
  8
0
 10
284.000000
 20
509.129660
 42
0.037979
  0
VERTEX
  8
0
 10
284.679992
 20
509.181385
 42
0.057986
  0
VERTEX
  8
0
 10
285.250000
 20
509.337719
 42
0.174857
  0
VERTEX
  8
0
 10
285.459382
 20
509.525001
 42
0.447206
  0
VERTEX
  8
0
 10
285.398438
 20
509.693942
 42
0.078554
  0
VERTEX
  8
0
 10
284.891440
 20
509.810911
 42
0.017491
  0
VERTEX
  8
0
 10
284.000000
 20
509.842105
 42
0.017491
  0
VERTEX
  8
0
 10
283.108560
 20
509.810911
 42
0.078554
  0
VERTEX
  8
0
 10
282.601562
 20
509.693942
 42
0.447206
  0
VERTEX
  8
0
 10
282.540618
 20
509.525001
 42
0.174857
  0
SEQEND
  0
POLYLINE
  8
0
 66
1
 70
1
  0
VERTEX
  8
0
 10
293.750000
 20
509.257493
 42
0.007490
  0
VERTEX
  8
0
 10
297.050504
 20
509.149904
 42
0.004402
  0
VERTEX
  8
0
 10
301.000000
 20
509.115135
 42
0.004402
  0
VERTEX
  8
0
 10
304.949496
 20
509.149904
 42
0.007490
  0
VERTEX
  8
0
 10
308.250000
 20
509.257493
 42
0.047650
  0
VERTEX
  8
0
 10
309.122240
 20
509.382897
 42
0.866510
  0
VERTEX
  8
0
 10
309.110938
 20
509.501229
 42
0.009912
  0
VERTEX
  8
0
 10
306.199280
 20
509.582024
 42
0.001979
  0
VERTEX
  8
0
 10
301.000000
 20
509.602606
 42
0.001979
  0
VERTEX
  8
0
 10
295.800720
 20
509.582024
 42
0.009912
  0
VERTEX
  8
0
 10
292.889062
 20
509.501229
 42
0.866510
  0
VERTEX
  8
0
 10
292.877760
 20
509.382897
 42
0.047650
  0
SEQEND
  0
POLYLINE
  8
0
 66
1
 70
1
  0
VERTEX
  8
0
 10
328.500000
 20
509.000000
 42
0.029505
  0
VERTEX
  8
0
 10
328.768994
 20
508.617226
 42
0.035638
  0
VERTEX
  8
0
 10
329.066025
 20
508.293750
 42
0.038439
  0
VERTEX
  8
0
 10
329.348290
 20
508.065539
 42
0.151918
  0
VERTEX
  8
0
 10
329.559017
 20
508.000000
 42
0.210953
  0
VERTEX
  8
0
 10
329.727648
 20
508.074460
 42
0.081139
  0
VERTEX
  8
0
 10
329.870461
 20
508.293750
 42
0.061769
  0
VERTEX
  8
0
 10
329.967655
 20
508.617151
 42
0.042167
  0
VERTEX
  8
0
 10
330.000000
 20
509.000000
 42
0.105053
  0
VERTEX
  8
0
 10
329.918938
 20
509.381556
 42
0.099167
  0
VERTEX
  8
0
 10
329.688914
 20
509.706250
 42
0.096420
  0
VERTEX
  8
0
 10
329.345238
 20
509.923877
 42
0.093332
  0
VERTEX
  8
0
 10
328.940983
 20
510.000000
 42
0.108972
  0
VERTEX
  8
0
 10
328.586039
 20
509.921712
 42
0.182303
  0
VERTEX
  8
0
 10
328.374600
 20
509.706250
 42
0.161196
  0
VERTEX
  8
0
 10
328.343488
 20
509.382100
 42
0.082592
  0
SEQEND
  0
POLYLINE
  8
0
 66
1
 70
1
  0
VERTEX
  8
0
 10
323.000000
 20
507.940983
 42
0.108972
  0
VERTEX
  8
0
 10
323.078288
 20
507.586039
 42
0.182303
  0
VERTEX
  8
0
 10
323.293750
 20
507.374600
 42
0.161196
  0
VERTEX
  8
0
 10
323.617900
 20
507.343488
 42
0.082592
  0
VERTEX
  8
0
 10
324.000000
 20
507.500000
 42
0.029505
  0
VERTEX
  8
0
 10
324.382774
 20
507.768994
 42
0.035638
  0
VERTEX
  8
0
 10
324.706250
 20
508.066025
 42
0.038439
  0
VERTEX
  8
0
 10
324.934461
 20
508.348290
 42
0.151918
  0
VERTEX
  8
0
 10
325.000000
 20
508.559017
 42
0.210953
  0
VERTEX
  8
0
 10
324.925540
 20
508.727648
 42
0.081139
  0
VERTEX
  8
0
 10
324.706250
 20
508.870461
 42
0.061769
  0
VERTEX
  8
0
 10
324.382849
 20
508.967655
 42
0.042167
  0
VERTEX
  8
0
 10
324.000000
 20
509.000000
 42
0.105053
  0
VERTEX
  8
0
 10
323.618444
 20
508.918938
 42
0.099167
  0
VERTEX
  8
0
 10
323.293750
 20
508.688914
 42
0.096420
  0
VERTEX
  8
0
 10
323.076123
 20
508.345238
 42
0.093332
  0
SEQEND
  0
POLYLINE
  8
0
 66
1
 70
1
  0
VERTEX
  8
0
 10
139.000000
 20
505.500000
 42
0.017912
  0
VERTEX
  8
0
 10
138.108517
 20
504.947109
 42
0.050670
  0
VERTEX
  8
0
 10
137.545418
 20
504.480268
 42
0.180199
  0
VERTEX
  8
0
 10
137.416578
 20
504.192347
 42
0.423245
  0
VERTEX
  8
0
 10
137.558870
 20
504.035435
 42
0.093447
  0
VERTEX
  8
0
 10
138.094874
 20
504.118035
 42
0.026583
  0
VERTEX
  8
0
 10
138.876904
 20
504.441692
 42
0.025781
  0
VERTEX
  8
0
 10
139.737972
 20
504.908866
 42
0.024731
  0
VERTEX
  8
0
 10
140.558870
 20
505.468197
 42
0.014046
  0
VERTEX
  8
0
 10
142.008478
 20
506.630045
 42
0.690562
  0
VERTEX
  8
0
 10
141.920022
 20
506.878785
 42
0.128656
  0
VERTEX
  8
0
 10
141.164165
 20
506.697409
 42
0.006975
  0
SEQEND
  0
POLYLINE
  8
0
 66
1
 70
1
  0
VERTEX
  8
0
 10
145.750000
 20
504.428025
 42
0.009128
  0
VERTEX
  8
0
 10
143.291620
 20
503.035659
 42
0.337047
  0
VERTEX
  8
0
 10
143.062753
 20
502.474150
 42
0.466813
  0
VERTEX
  8
0
 10
143.504940
 20
502.269124
 42
0.009478
  0
VERTEX
  8
0
 10
146.000000
 20
503.500000
 42
0.011657
  0
VERTEX
  8
0
 10
147.149580
 20
504.128857
 42
0.017510
  0
VERTEX
  8
0
 10
148.118750
 20
504.734980
 42
0.012546
  0
VERTEX
  8
0
 10
148.873628
 20
505.272751
 42
0.235913
  0
VERTEX
  8
0
 10
149.000000
 20
505.525680
 42
0.235640
  0
VERTEX
  8
0
 10
148.858989
 20
505.808274
 42
0.247589
  0
VERTEX
  8
0
 10
148.553458
 20
505.857488
 42
0.040560
  0
VERTEX
  8
0
 10
147.846430
 20
505.552889
 42
0.002303
  0
SEQEND
  0
POLYLINE
  8
0
 66
1
 70
1
  0
VERTEX
  8
0
 10
37.250000
 20
490.310674
 42
0.039571
  0
VERTEX
  8
0
 10
38.047266
 20
490.168469
 42
0.024357
  0
VERTEX
  8
0
 10
39.000000
 20
490.122029
 42
0.024357
  0
VERTEX
  8
0
 10
39.952734
 20
490.168469
 42
0.039571
  0
VERTEX
  8
0
 10
40.750000
 20
490.310674
 42
0.161593
  0
VERTEX
  8
0
 10
41.009140
 20
490.478988
 42
0.542911
  0
VERTEX
  8
0
 10
40.957812
 20
490.633659
 42
0.052887
  0
VERTEX
  8
0
 10
40.251983
 20
490.740287
 42
0.011065
  0
VERTEX
  8
0
 10
39.000000
 20
490.767997
 42
0.011065
  0
VERTEX
  8
0
 10
37.748017
 20
490.740287
 42
0.052887
  0
VERTEX
  8
0
 10
37.042188
 20
490.633659
 42
0.542911
  0
VERTEX
  8
0
 10
36.990860
 20
490.478988
 42
0.161593
  0
SEQEND
  0
POLYLINE
  8
0
 66
1
 70
1
  0
VERTEX
  8
0
 10
5.812500
 20
483.316886
 42
0.051402
  0
VERTEX
  8
0
 10
6.359369
 20
483.160852
 42
0.054150
  0
VERTEX
  8
0
 10
6.916927
 20
483.123424
 42
0.060344
  0
VERTEX
  8
0
 10
7.402231
 20
483.202593
 42
0.126455
  0
VERTEX
  8
0
 10
7.729167
 20
483.395833
 42
0.296942
  0
VERTEX
  8
0
 10
7.775380
 20
483.614691
 42
0.208169
  0
VERTEX
  8
0
 10
7.592839
 20
483.799335
 42
0.077125
  0
VERTEX
  8
0
 10
7.112848
 20
483.910055
 42
0.028489
  0
VERTEX
  8
0
 10
6.416667
 20
483.921053
 42
0.018894
  0
VERTEX
  8
0
 10
5.670344
 20
483.862007
 42
0.168741
  0
VERTEX
  8
0
 10
5.378580
 20
483.720685
 42
0.470617
  0
VERTEX
  8
0
 10
5.395823
 20
483.538436
 42
0.054073
  0
SEQEND
  0
POLYLINE
  8
0
 66
1
 70
1
  0
VERTEX
  8
0
 10
433.564587
 20
453.104504
 42
0.522879
  0
VERTEX
  8
0
 10
433.932310
 20
452.258426
 42
0.029789
  0
VERTEX
  8
0
 10
437.267491
 20
451.796313
 42
0.025799
  0
VERTEX
  8
0
 10
440.896837
 20
451.699987
 42
0.243410
  0
VERTEX
  8
0
 10
442.219487
 20
452.427000
 42
-0.127203
  0
VERTEX
  8
0
 10
442.670019
 20
452.827818
 42
-0.135474
  0
VERTEX
  8
0
 10
443.247445
 20
452.947706
 42
-0.089860
  0
VERTEX
  8
0
 10
443.993273
 20
452.762158
 42
-0.032948
  0
VERTEX
  8
0
 10
444.955919
 20
452.250000
 42
0.013856
  0
VERTEX
  8
0
 10
446.669492
 20
451.252644
 42
0.146366
  0
VERTEX
  8
0
 10
447.452705
 20
451.086752
 42
0.322104
  0
VERTEX
  8
0
 10
447.871255
 20
451.443003
 42
0.060677
  0
VERTEX
  8
0
 10
448.000000
 20
452.500000
 42
0.240366
  0
VERTEX
  8
0
 10
447.624899
 20
453.235190
 42
0.103972
  0
VERTEX
  8
0
 10
446.593169
 20
453.695973
 42
0.044680
  0
VERTEX
  8
0
 10
444.638084
 20
453.938730
 42
0.008559
  0
VERTEX
  8
0
 10
441.059017
 20
454.000000
 42
0.012040
  0
VERTEX
  8
0
 10
438.359397
 20
453.934985
 42
0.017694
  0
VERTEX
  8
0
 10
435.994373
 20
453.736948
 42
0.013165
  0
VERTEX
  8
0
 10
434.087571
 20
453.458015
 42
0.214617
  0
SEQEND
  0
POLYLINE
  8
0
 66
1
 70
1
  0
VERTEX
  8
0
 10
351.000000
 20
451.940983
 42
0.108972
  0
VERTEX
  8
0
 10
351.078288
 20
451.586039
 42
0.182303
  0
VERTEX
  8
0
 10
351.293750
 20
451.374600
 42
0.161196
  0
VERTEX
  8
0
 10
351.617900
 20
451.343488
 42
0.082592
  0
VERTEX
  8
0
 10
352.000000
 20
451.500000
 42
0.029505
  0
VERTEX
  8
0
 10
352.382774
 20
451.768994
 42
0.035638
  0
VERTEX
  8
0
 10
352.706250
 20
452.066025
 42
0.038439
  0
VERTEX
  8
0
 10
352.934461
 20
452.348290
 42
0.151918
  0
VERTEX
  8
0
 10
353.000000
 20
452.559017
 42
0.210953
  0
VERTEX
  8
0
 10
352.925540
 20
452.727648
 42
0.081139
  0
VERTEX
  8
0
 10
352.706250
 20
452.870461
 42
0.061769
  0
VERTEX
  8
0
 10
352.382849
 20
452.967655
 42
0.042167
  0
VERTEX
  8
0
 10
352.000000
 20
453.000000
 42
0.105053
  0
VERTEX
  8
0
 10
351.618444
 20
452.918938
 42
0.099167
  0
VERTEX
  8
0
 10
351.293750
 20
452.688914
 42
0.096420
  0
VERTEX
  8
0
 10
351.076123
 20
452.345238
 42
0.093332
  0
SEQEND
  0
POLYLINE
  8
0
 66
1
 70
1
  0
VERTEX
  8
0
 10
391.750000
 20
452.337719
 42
0.057986
  0
VERTEX
  8
0
 10
392.320008
 20
452.181385
 42
0.037979
  0
VERTEX
  8
0
 10
393.000000
 20
452.129660
 42
0.037979
  0
VERTEX
  8
0
 10
393.679992
 20
452.181385
 42
0.057986
  0
VERTEX
  8
0
 10
394.250000
 20
452.337719
 42
0.174857
  0
VERTEX
  8
0
 10
394.459382
 20
452.525001
 42
0.447206
  0
VERTEX
  8
0
 10
394.398438
 20
452.693942
 42
0.078554
  0
VERTEX
  8
0
 10
393.891440
 20
452.810911
 42
0.017491
  0
VERTEX
  8
0
 10
393.000000
 20
452.842105
 42
0.017491
  0
VERTEX
  8
0
 10
392.108560
 20
452.810911
 42
0.078554
  0
VERTEX
  8
0
 10
391.601562
 20
452.693942
 42
0.447206
  0
VERTEX
  8
0
 10
391.540618
 20
452.525001
 42
0.174857
  0
SEQEND
  0
POLYLINE
  8
0
 66
1
 70
1
  0
VERTEX
  8
0
 10
399.000000
 20
452.000000
 42
0.027275
  0
VERTEX
  8
0
 10
398.445888
 20
451.597454
 42
0.147021
  0
VERTEX
  8
0
 10
398.239151
 20
451.292684
 42
0.379910
  0
VERTEX
  8
0
 10
398.327599
 20
451.095709
 42
0.102799
  0
VERTEX
  8
0
 10
398.690983
 20
451.015313
 42
0.074131
  0
VERTEX
  8
0
 10
399.192374
 20
451.083483
 42
0.053889
  0
VERTEX
  8
0
 10
399.713662
 20
451.298248
 42
0.054031
  0
VERTEX
  8
0
 10
400.175433
 20
451.618541
 42
0.075854
  0
VERTEX
  8
0
 10
400.500000
 20
452.000000
 42
0.034464
  0
VERTEX
  8
0
 10
400.886554
 20
452.734105
 42
0.541951
  0
VERTEX
  8
0
 10
400.758161
 20
452.931144
 42
0.136158
  0
VERTEX
  8
0
 10
400.281145
 20
452.798791
 42
0.008108
  0
SEQEND
  0
POLYLINE
  8
0
 66
1
 70
1
  0
VERTEX
  8
0
 10
235.000000
 20
451.000000
 42
0.099038
  0
VERTEX
  8
0
 10
235.076342
 20
450.618362
 42
0.097945
  0
VERTEX
  8
0
 10
235.293750
 20
450.293750
 42
0.097945
  0
VERTEX
  8
0
 10
235.618362
 20
450.076342
 42
0.099038
  0
VERTEX
  8
0
 10
236.000000
 20
450.000000
 42
0.099038
  0
VERTEX
  8
0
 10
236.381638
 20
450.076342
 42
0.097945
  0
VERTEX
  8
0
 10
236.706250
 20
450.293750
 42
0.097945
  0
VERTEX
  8
0
 10
236.923658
 20
450.618362
 42
0.099038
  0
VERTEX
  8
0
 10
237.000000
 20
451.000000
 42
0.099038
  0
VERTEX
  8
0
 10
236.923658
 20
451.381638
 42
0.097945
  0
VERTEX
  8
0
 10
236.706250
 20
451.706250
 42
0.097945
  0
VERTEX
  8
0
 10
236.381638
 20
451.923658
 42
0.099038
  0
VERTEX
  8
0
 10
236.000000
 20
452.000000
 42
0.099038
  0
VERTEX
  8
0
 10
235.618362
 20
451.923658
 42
0.097945
  0
VERTEX
  8
0
 10
235.293750
 20
451.706250
 42
0.097945
  0
VERTEX
  8
0
 10
235.076342
 20
451.381638
 42
0.099038
  0
SEQEND
  0
POLYLINE
  8
0
 66
1
 70
1
  0
VERTEX
  8
0
 10
226.812500
 20
449.316886
 42
0.051402
  0
VERTEX
  8
0
 10
227.359369
 20
449.160852
 42
0.054150
  0
VERTEX
  8
0
 10
227.916927
 20
449.123424
 42
0.060344
  0
VERTEX
  8
0
 10
228.402231
 20
449.202593
 42
0.126455
  0
VERTEX
  8
0
 10
228.729167
 20
449.395833
 42
0.296942
  0
VERTEX
  8
0
 10
228.775380
 20
449.614691
 42
0.208169
  0
VERTEX
  8
0
 10
228.592839
 20
449.799335
 42
0.077125
  0
VERTEX
  8
0
 10
228.112848
 20
449.910055
 42
0.028489
  0
VERTEX
  8
0
 10
227.416667
 20
449.921053
 42
0.018894
  0
VERTEX
  8
0
 10
226.670344
 20
449.862007
 42
0.168741
  0
VERTEX
  8
0
 10
226.378580
 20
449.720685
 42
0.470617
  0
VERTEX
  8
0
 10
226.395823
 20
449.538436
 42
0.054073
  0
SEQEND
  0
POLYLINE
  8
0
 66
1
 70
1
  0
VERTEX
  8
0
 10
413.166154
 20
449.123851
 42
0.034191
  0
VERTEX
  8
0
 10
412.531281
 20
448.657711
 42
0.265879
  0
VERTEX
  8
0
 10
412.410219
 20
448.325417
 42
0.234956
  0
VERTEX
  8
0
 10
412.631939
 20
448.022530
 42
0.027745
  0
VERTEX
  8
0
 10
413.416154
 20
447.670548
 42
0.091021
  0
VERTEX
  8
0
 10
414.916944
 20
447.389898
 42
0.086740
  0
VERTEX
  8
0
 10
416.446832
 20
447.652076
 42
0.134860
  0
VERTEX
  8
0
 10
417.379896
 20
448.305424
 42
0.321816
  0
VERTEX
  8
0
 10
417.435239
 20
449.104785
 42
0.149226
  0
VERTEX
  8
0
 10
416.731478
 20
449.723222
 42
0.105444
  0
VERTEX
  8
0
 10
415.696544
 20
449.948768
 42
0.084324
  0
VERTEX
  8
0
 10
414.453514
 20
449.743341
 42
0.058301
  0
SEQEND
  0
POLYLINE
  8
0
 66
1
 70
1
  0
VERTEX
  8
0
 10
436.459563
 20
448.509162
 42
0.046693
  0
VERTEX
  8
0
 10
437.897448
 20
447.584409
 42
0.121228
  0
VERTEX
  8
0
 10
439.086278
 20
447.297340
 42
0.229079
  0
VERTEX
  8
0
 10
439.828802
 20
447.660363
 42
0.179564
  0
VERTEX
  8
0
 10
440.106089
 20
448.525000
 42
0.224120
  0
VERTEX
  8
0
 10
439.898061
 20
448.918837
 42
0.057062
  0
VERTEX
  8
0
 10
439.258132
 20
449.293682
 42
0.046934
  0
VERTEX
  8
0
 10
438.349312
 20
449.596958
 42
0.032652
  0
VERTEX
  8
0
 10
437.281089
 20
449.772641
 42
0.004659
  0
VERTEX
  8
0
 10
435.449351
 20
449.934996
 42
0.274972
  0
VERTEX
  8
0
 10
435.161098
 20
449.793044
 42
0.380971
  0
VERTEX
  8
0
 10
435.202509
 20
449.521738
 42
0.006622
  0
SEQEND
  0
POLYLINE
  8
0
 66
1
 70
1
  0
VERTEX
  8
0
 10
392.812500
 20
448.316886
 42
0.051402
  0
VERTEX
  8
0
 10
393.359369
 20
448.160852
 42
0.054150
  0
VERTEX
  8
0
 10
393.916927
 20
448.123424
 42
0.060344
  0
VERTEX
  8
0
 10
394.402231
 20
448.202593
 42
0.126455
  0
VERTEX
  8
0
 10
394.729167
 20
448.395833
 42
0.296942
  0
VERTEX
  8
0
 10
394.775380
 20
448.614691
 42
0.208169
  0
VERTEX
  8
0
 10
394.592839
 20
448.799335
 42
0.077125
  0
VERTEX
  8
0
 10
394.112848
 20
448.910055
 42
0.028489
  0
VERTEX
  8
0
 10
393.416667
 20
448.921053
 42
0.018894
  0
VERTEX
  8
0
 10
392.670344
 20
448.862007
 42
0.168741
  0
VERTEX
  8
0
 10
392.378580
 20
448.720685
 42
0.470617
  0
VERTEX
  8
0
 10
392.395823
 20
448.538436
 42
0.054073
  0
SEQEND
  0
POLYLINE
  8
0
 66
1
 70
1
  0
VERTEX
  8
0
 10
117.000000
 20
447.000000
 42
0.105053
  0
VERTEX
  8
0
 10
117.081062
 20
446.618444
 42
0.099167
  0
VERTEX
  8
0
 10
117.311086
 20
446.293750
 42
0.096420
  0
VERTEX
  8
0
 10
117.654762
 20
446.076123
 42
0.093332
  0
VERTEX
  8
0
 10
118.059017
 20
446.000000
 42
0.108972
  0
VERTEX
  8
0
 10
118.413961
 20
446.078288
 42
0.182303
  0
VERTEX
  8
0
 10
118.625400
 20
446.293750
 42
0.161196
  0
VERTEX
  8
0
 10
118.656512
 20
446.617900
 42
0.082592
  0
VERTEX
  8
0
 10
118.500000
 20
447.000000
 42
0.029505
  0
VERTEX
  8
0
 10
118.231006
 20
447.382774
 42
0.035638
  0
VERTEX
  8
0
 10
117.933975
 20
447.706250
 42
0.038439
  0
VERTEX
  8
0
 10
117.651710
 20
447.934461
 42
0.151918
  0
VERTEX
  8
0
 10
117.440983
 20
448.000000
 42
0.210953
  0
VERTEX
  8
0
 10
117.272352
 20
447.925540
 42
0.081139
  0
VERTEX
  8
0
 10
117.129539
 20
447.706250
 42
0.061769
  0
VERTEX
  8
0
 10
117.032345
 20
447.382849
 42
0.042167
  0
SEQEND
  0
POLYLINE
  8
0
 66
1
 70
1
  0
VERTEX
  8
0
 10
424.000000
 20
446.188949
 42
0.321957
  0
VERTEX
  8
0
 10
424.301188
 20
445.769688
 42
0.013532
  0
VERTEX
  8
0
 10
426.156301
 20
445.200250
 42
0.018960
  0
VERTEX
  8
0
 10
428.526727
 20
444.638105
 42
0.011821
  0
VERTEX
  8
0
 10
431.340598
 20
444.151345
 42
-0.004757
  0
VERTEX
  8
0
 10
434.272820
 20
443.686679
 42
-0.005769
  0
VERTEX
  8
0
 10
437.012345
 20
443.193225
 42
-0.004925
  0
VERTEX
  8
0
 10
439.305657
 20
442.729301
 42
-0.039259
  0
VERTEX
  8
0
 10
440.340598
 20
442.422795
 42
0.045636
  0
VERTEX
  8
0
 10
440.976512
 20
442.243236
 42
0.084050
  0
VERTEX
  8
0
 10
441.512551
 20
442.234507
 42
0.133735
  0
VERTEX
  8
0
 10
441.864228
 20
442.390425
 42
0.225613
  0
VERTEX
  8
0
 10
442.000000
 20
442.676005
 42
0.317734
  0
VERTEX
  8
0
 10
441.714734
 20
443.079592
 42
0.012137
  0
VERTEX
  8
0
 10
439.870313
 20
443.682508
 42
0.017852
  0
VERTEX
  8
0
 10
437.529127
 20
444.295204
 42
0.011156
  0
VERTEX
  8
0
 10
434.750000
 20
444.852635
 42
-0.002286
  0
VERTEX
  8
0
 10
431.845864
 20
445.381738
 42
-0.002736
  0
VERTEX
  8
0
 10
429.115625
 20
445.907543
 42
-0.002354
  0
VERTEX
  8
0
 10
426.819387
 20
446.374055
 42
-0.017993
  0
VERTEX
  8
0
 10
425.750000
 20
446.637029
 42
0.048870
  0
VERTEX
  8
0
 10
425.079774
 20
446.758607
 42
0.083303
  0
VERTEX
  8
0
 10
424.514063
 20
446.710726
 42
0.123464
  0
VERTEX
  8
0
 10
424.140525
 20
446.508430
 42
0.210208
  0
SEQEND
  0
POLYLINE
  8
0
 66
1
 70
1
  0
VERTEX
  8
0
 10
127.000000
 20
444.118034
 42
0.085235
  0
VERTEX
  8
0
 10
127.073533
 20
443.689814
 42
0.053414
  0
VERTEX
  8
0
 10
127.293750
 20
443.230237
 42
0.051777
  0
VERTEX
  8
0
 10
127.617474
 20
442.810561
 42
0.064269
  0
VERTEX
  8
0
 10
128.000000
 20
442.500000
 42
0.076764
  0
VERTEX
  8
0
 10
128.382383
 20
442.338175
 42
0.154201
  0
VERTEX
  8
0
 10
128.706250
 20
442.357263
 42
0.186277
  0
VERTEX
  8
0
 10
128.920761
 20
442.550471
 42
0.117858
  0
VERTEX
  8
0
 10
129.000000
 20
442.881966
 42
0.085235
  0
VERTEX
  8
0
 10
128.926467
 20
443.310186
 42
0.053414
  0
VERTEX
  8
0
 10
128.706250
 20
443.769763
 42
0.051777
  0
VERTEX
  8
0
 10
128.382526
 20
444.189439
 42
0.064269
  0
VERTEX
  8
0
 10
128.000000
 20
444.500000
 42
0.076764
  0
VERTEX
  8
0
 10
127.617617
 20
444.661825
 42
0.154201
  0
VERTEX
  8
0
 10
127.293750
 20
444.642737
 42
0.186277
  0
VERTEX
  8
0
 10
127.079239
 20
444.449529
 42
0.117858
  0
SEQEND
  0
POLYLINE
  8
0
 66
1
 70
1
  0
VERTEX
  8
0
 10
165.262826
 20
443.160988
 42
0.032045
  0
VERTEX
  8
0
 10
165.387749
 20
442.269709
 42
0.146555
  0
VERTEX
  8
0
 10
165.633083
 20
441.814547
 42
0.289954
  0
VERTEX
  8
0
 10
165.977862
 20
441.737097
 42
0.110936
  0
VERTEX
  8
0
 10
166.411907
 20
442.011907
 42
0.087557
  0
VERTEX
  8
0
 10
166.763113
 20
442.513626
 42
0.128512
  0
VERTEX
  8
0
 10
166.859268
 20
443.040732
 42
0.115615
  0
VERTEX
  8
0
 10
166.686677
 20
443.588192
 42
0.062530
  0
VERTEX
  8
0
 10
166.250919
 20
444.149081
 42
0.045571
  0
VERTEX
  8
0
 10
165.695672
 20
444.611392
 42
0.361813
  0
VERTEX
  8
0
 10
165.386863
 20
444.583188
 42
0.198203
  0
VERTEX
  8
0
 10
165.225358
 20
444.194781
 42
0.019482
  0
SEQEND
  0
POLYLINE
  8
0
 66
1
 70
1
  0
VERTEX
  8
0
 10
213.764462
 20
443.828582
 42
0.106332
  0
VERTEX
  8
0
 10
213.669831
 20
443.221119
 42
0.065030
  0
VERTEX
  8
0
 10
213.805364
 20
442.505613
 42
0.060757
  0
VERTEX
  8
0
 10
214.138005
 20
441.796181
 42
0.064998
  0
VERTEX
  8
0
 10
214.625299
 20
441.205310
 42
0.015098
  0
VERTEX
  8
0
 10
215.369981
 20
440.550636
 42
0.175479
  0
VERTEX
  8
0
 10
215.729467
 20
440.422035
 42
0.362736
  0
VERTEX
  8
0
 10
215.934322
 20
440.594520
 42
0.046758
  0
VERTEX
  8
0
 10
215.984687
 20
441.210573
 42
0.050018
  0
VERTEX
  8
0
 10
215.918443
 20
441.800480
 42
0.026332
  0
VERTEX
  8
0
 10
215.725500
 20
442.513048
 42
0.025917
  0
VERTEX
  8
0
 10
215.448778
 20
443.228828
 42
0.036078
  0
VERTEX
  8
0
 10
215.123851
 20
443.833846
 42
0.023219
  0
VERTEX
  8
0
 10
214.644682
 20
444.517388
 42
0.233309
  0
VERTEX
  8
0
 10
214.340577
 20
444.665997
 42
0.276070
  0
VERTEX
  8
0
 10
214.072786
 20
444.504529
 42
0.030778
  0
SEQEND
  0
POLYLINE
  8
0
 66
1
 70
1
  0
VERTEX
  8
0
 10
359.879084
 20
443.720916
 42
0.125777
  0
VERTEX
  8
0
 10
360.409135
 20
443.406666
 42
0.036850
  0
VERTEX
  8
0
 10
361.342255
 20
443.206558
 42
0.034474
  0
VERTEX
  8
0
 10
362.464453
 20
443.129383
 42
0.030966
  0
VERTEX
  8
0
 10
363.628178
 20
443.201823
 42
0.003640
  0
VERTEX
  8
0
 10
365.426323
 20
443.439398
 42
0.619159
  0
VERTEX
  8
0
 10
365.475091
 20
443.584911
 42
0.161750
  0
VERTEX
  8
0
 10
365.174320
 20
443.735683
 42
0.001592
  0
VERTEX
  8
0
 10
362.750907
 20
444.079094
 42
0.017045
  0
VERTEX
  8
0
 10
361.320931
 20
444.227622
 42
0.048410
  0
VERTEX
  8
0
 10
360.320210
 20
444.200259
 42
0.148104
  0
VERTEX
  8
0
 10
359.889627
 20
444.008926
 42
0.435813
  0
SEQEND
  0
POLYLINE
  8
0
 66
1
 70
1
  0
VERTEX
  8
0
 10
380.500000
 20
444.000000
 42
0.014925
  0
VERTEX
  8
0
 10
379.658129
 20
443.608071
 42
0.152377
  0
VERTEX
  8
0
 10
379.384577
 20
443.343886
 42
0.491407
  0
VERTEX
  8
0
 10
379.464625
 20
443.161267
 42
0.051935
  0
VERTEX
  8
0
 10
380.000000
 20
443.085598
 42
0.053798
  0
VERTEX
  8
0
 10
380.682866
 20
443.134067
 42
0.029384
  0
VERTEX
  8
0
 10
381.500000
 20
443.331527
 42
0.028934
  0
VERTEX
  8
0
 10
382.315929
 20
443.632796
 42
0.040566
  0
VERTEX
  8
0
 10
383.000000
 20
444.000000
 42
0.095694
  0
VERTEX
  8
0
 10
383.618131
 20
444.592871
 42
0.608383
  0
VERTEX
  8
0
 10
383.466394
 20
444.885992
 42
0.081911
  0
VERTEX
  8
0
 10
382.313446
 20
444.695838
 42
0.019739
  0
SEQEND
  0
POLYLINE
  8
0
 66
1
 70
1
  0
VERTEX
  8
0
 10
407.250000
 20
444.310674
 42
0.039571
  0
VERTEX
  8
0
 10
408.047266
 20
444.168469
 42
0.024357
  0
VERTEX
  8
0
 10
409.000000
 20
444.122029
 42
0.024357
  0
VERTEX
  8
0
 10
409.952734
 20
444.168469
 42
0.039571
  0
VERTEX
  8
0
 10
410.750000
 20
444.310674
 42
0.161593
  0
VERTEX
  8
0
 10
411.009140
 20
444.478988
 42
0.542911
  0
VERTEX
  8
0
 10
410.957812
 20
444.633659
 42
0.052887
  0
VERTEX
  8
0
 10
410.251983
 20
444.740287
 42
0.011065
  0
VERTEX
  8
0
 10
409.000000
 20
444.767997
 42
0.011065
  0
VERTEX
  8
0
 10
407.748017
 20
444.740287
 42
0.052887
  0
VERTEX
  8
0
 10
407.042188
 20
444.633659
 42
0.542911
  0
VERTEX
  8
0
 10
406.990860
 20
444.478988
 42
0.161593
  0
SEQEND
  0
POLYLINE
  8
0
 66
1
 70
1
  0
VERTEX
  8
0
 10
147.189635
 20
440.250000
 42
0.024975
  0
VERTEX
  8
0
 10
147.381155
 20
438.813190
 42
0.038447
  0
VERTEX
  8
0
 10
147.702580
 20
437.601562
 42
0.044348
  0
VERTEX
  8
0
 10
148.093446
 20
436.737484
 42
0.270672
  0
VERTEX
  8
0
 10
148.500000
 20
436.500000
 42
0.270672
  0
VERTEX
  8
0
 10
148.906554
 20
436.737484
 42
0.044348
  0
VERTEX
  8
0
 10
149.297420
 20
437.601562
 42
0.038447
  0
VERTEX
  8
0
 10
149.618845
 20
438.813190
 42
0.024975
  0
VERTEX
  8
0
 10
149.810365
 20
440.250000
 42
0.018550
  0
VERTEX
  8
0
 10
149.896575
 20
442.144276
 42
0.086351
  0
VERTEX
  8
0
 10
149.718770
 20
443.219431
 42
0.173282
  0
VERTEX
  8
0
 10
149.261334
 20
443.785883
 42
0.137944
  0
VERTEX
  8
0
 10
148.500000
 20
444.000000
 42
0.137944
  0
VERTEX
  8
0
 10
147.738666
 20
443.785883
 42
0.173282
  0
VERTEX
  8
0
 10
147.281230
 20
443.219431
 42
0.086351
  0
VERTEX
  8
0
 10
147.103425
 20
442.144276
 42
0.018550
  0
SEQEND
  0
POLYLINE
  8
0
 66
1
 70
1
  0
VERTEX
  8
0
 10
178.157895
 20
442.000000
 42
0.017491
  0
VERTEX
  8
0
 10
178.189089
 20
441.108560
 42
0.078554
  0
VERTEX
  8
0
 10
178.306058
 20
440.601562
 42
0.447206
  0
VERTEX
  8
0
 10
178.474999
 20
440.540618
 42
0.174857
  0
VERTEX
  8
0
 10
178.662281
 20
440.750000
 42
0.057986
  0
VERTEX
  8
0
 10
178.818615
 20
441.320008
 42
0.037979
  0
VERTEX
  8
0
 10
178.870340
 20
442.000000
 42
0.037979
  0
VERTEX
  8
0
 10
178.818615
 20
442.679992
 42
0.057986
  0
VERTEX
  8
0
 10
178.662281
 20
443.250000
 42
0.174857
  0
VERTEX
  8
0
 10
178.474999
 20
443.459382
 42
0.447206
  0
VERTEX
  8
0
 10
178.306058
 20
443.398438
 42
0.078554
  0
VERTEX
  8
0
 10
178.189089
 20
442.891440
 42
0.017491
  0
SEQEND
  0
POLYLINE
  8
0
 66
1
 70
1
  0
VERTEX
  8
0
 10
204.257071
 20
442.237392
 42
0.033139
  0
VERTEX
  8
0
 10
204.379085
 20
441.380495
 42
0.049041
  0
VERTEX
  8
0
 10
204.607339
 20
440.657234
 42
0.061397
  0
VERTEX
  8
0
 10
204.898527
 20
440.156063
 42
0.234621
  0
VERTEX
  8
0
 10
205.212804
 20
440.000000
 42
0.213521
  0
VERTEX
  8
0
 10
205.748517
 20
440.239701
 42
0.200319
  0
VERTEX
  8
0
 10
205.945697
 20
440.808051
 42
0.094015
  0
VERTEX
  8
0
 10
205.707208
 20
441.746187
 42
0.031857
  0
VERTEX
  8
0
 10
205.028954
 20
442.987392
 42
0.020914
  0
VERTEX
  8
0
 10
204.540339
 20
443.693048
 42
0.450889
  0
VERTEX
  8
0
 10
204.316182
 20
443.710154
 42
0.212144
  0
VERTEX
  8
0
 10
204.192083
 20
443.400965
 42
0.009696
  0
SEQEND
  0
POLYLINE
  8
0
 66
1
 70
1
  0
VERTEX
  8
0
 10
424.750000
 20
443.337719
 42
0.057986
  0
VERTEX
  8
0
 10
425.320008
 20
443.181385
 42
0.037979
  0
VERTEX
  8
0
 10
426.000000
 20
443.129660
 42
0.037979
  0
VERTEX
  8
0
 10
426.679992
 20
443.181385
 42
0.057986
  0
VERTEX
  8
0
 10
427.250000
 20
443.337719
 42
0.174857
  0
VERTEX
  8
0
 10
427.459382
 20
443.525001
 42
0.447206
  0
VERTEX
  8
0
 10
427.398438
 20
443.693942
 42
0.078554
  0
VERTEX
  8
0
 10
426.891440
 20
443.810911
 42
0.017491
  0
VERTEX
  8
0
 10
426.000000
 20
443.842105
 42
0.017491
  0
VERTEX
  8
0
 10
425.108560
 20
443.810911
 42
0.078554
  0
VERTEX
  8
0
 10
424.601562
 20
443.693942
 42
0.447206
  0
VERTEX
  8
0
 10
424.540618
 20
443.525001
 42
0.174857
  0
SEQEND
  0
POLYLINE
  8
0
 66
1
 70
1
  0
VERTEX
  8
0
 10
226.000000
 20
442.000000
 42
0.099038
  0
VERTEX
  8
0
 10
226.076342
 20
441.618362
 42
0.097945
  0
VERTEX
  8
0
 10
226.293750
 20
441.293750
 42
0.097945
  0
VERTEX
  8
0
 10
226.618362
 20
441.076342
 42
0.099038
  0
VERTEX
  8
0
 10
227.000000
 20
441.000000
 42
0.099038
  0
VERTEX
  8
0
 10
227.381638
 20
441.076342
 42
0.097945
  0
VERTEX
  8
0
 10
227.706250
 20
441.293750
 42
0.097945
  0
VERTEX
  8
0
 10
227.923658
 20
441.618362
 42
0.099038
  0
VERTEX
  8
0
 10
228.000000
 20
442.000000
 42
0.099038
  0
VERTEX
  8
0
 10
227.923658
 20
442.381638
 42
0.097945
  0
VERTEX
  8
0
 10
227.706250
 20
442.706250
 42
0.097945
  0
VERTEX
  8
0
 10
227.381638
 20
442.923658
 42
0.099038
  0
VERTEX
  8
0
 10
227.000000
 20
443.000000
 42
0.099038
  0
VERTEX
  8
0
 10
226.618362
 20
442.923658
 42
0.097945
  0
VERTEX
  8
0
 10
226.293750
 20
442.706250
 42
0.097945
  0
VERTEX
  8
0
 10
226.076342
 20
442.381638
 42
0.099038
  0
SEQEND
  0
POLYLINE
  8
0
 66
1
 70
1
  0
VERTEX
  8
0
 10
403.918012
 20
441.153196
 42
-0.048120
  0
VERTEX
  8
0
 10
404.292184
 20
440.256297
 42
-0.088719
  0
VERTEX
  8
0
 10
404.388144
 20
439.474241
 42
-0.101995
  0
VERTEX
  8
0
 10
404.205339
 20
438.781962
 42
-0.081163
  0
VERTEX
  8
0
 10
403.753196
 20
438.153196
 42
0.021305
  0
VERTEX
  8
0
 10
403.220877
 20
437.573472
 42
0.187336
  0
VERTEX
  8
0
 10
403.110147
 20
437.250000
 42
0.341352
  0
VERTEX
  8
0
 10
403.272382
 20
437.056787
 42
0.053659
  0
VERTEX
  8
0
 10
403.800000
 20
437.000000
 42
0.085817
  0
VERTEX
  8
0
 10
404.258230
 20
437.079231
 42
0.093820
  0
VERTEX
  8
0
 10
404.647500
 20
437.307061
 42
0.100327
  0
VERTEX
  8
0
 10
404.907853
 20
437.646570
 42
0.114044
  0
VERTEX
  8
0
 10
405.000000
 20
438.045313
 42
-0.277800
  0
VERTEX
  8
0
 10
405.229824
 20
438.427041
 42
-0.073276
  0
VERTEX
  8
0
 10
405.930270
 20
438.675316
 42
-0.051316
  0
VERTEX
  8
0
 10
406.972763
 20
438.771289
 42
-0.028364
  0
VERTEX
  8
0
 10
408.250000
 20
438.685006
 42
0.005027
  0
VERTEX
  8
0
 10
409.414637
 20
438.551529
 42
0.032040
  0
VERTEX
  8
0
 10
410.008791
 20
438.527751
 42
0.792482
  0
VERTEX
  8
0
 10
410.023267
 20
438.596869
 42
0.050201
  0
VERTEX
  8
0
 10
409.673545
 20
438.719263
 42
-0.073653
  0
VERTEX
  8
0
 10
409.013292
 20
438.985565
 42
-0.098213
  0
VERTEX
  8
0
 10
408.530967
 20
439.413929
 42
-0.116332
  0
VERTEX
  8
0
 10
408.300455
 20
439.934072
 42
-0.138868
  0
VERTEX
  8
0
 10
408.348727
 20
440.466385
 42
0.096131
  0
VERTEX
  8
0
 10
408.444299
 20
441.007764
 42
0.265979
  0
VERTEX
  8
0
 10
408.253519
 20
441.328313
 42
0.158111
  0
VERTEX
  8
0
 10
407.766596
 20
441.427216
 42
0.035651
  0
VERTEX
  8
0
 10
406.925182
 20
441.270184
 42
-0.053347
  0
VERTEX
  8
0
 10
406.188168
 20
441.159409
 42
-0.087961
  0
VERTEX
  8
0
 10
405.565522
 20
441.242635
 42
-0.125376
  0
VERTEX
  8
0
 10
405.154214
 20
441.499245
 42
-0.193239
  0
VERTEX
  8
0
 10
405.000000
 20
441.883369
 42
0.091566
  0
VERTEX
  8
0
 10
404.921274
 20
442.309650
 42
0.095872
  0
VERTEX
  8
0
 10
404.695915
 20
442.671990
 42
0.099491
  0
VERTEX
  8
0
 10
404.359772
 20
442.914461
 42
0.107049
  0
VERTEX
  8
0
 10
403.964816
 20
443.000000
 42
0.171982
  0
VERTEX
  8
0
 10
403.590524
 20
442.867333
 42
0.219474
  0
VERTEX
  8
0
 10
403.430714
 20
442.542688
 42
0.102144
  0
VERTEX
  8
0
 10
403.532022
 20
441.980354
 42
0.027400
  0
SEQEND
  0
POLYLINE
  8
0
 66
1
 70
1
  0
VERTEX
  8
0
 10
445.229167
 20
441.812500
 42
0.113253
  0
VERTEX
  8
0
 10
445.877068
 20
440.749304
 42
0.165501
  0
VERTEX
  8
0
 10
446.846361
 20
440.257027
 42
0.244413
  0
VERTEX
  8
0
 10
447.653027
 20
440.540134
 42
0.190724
  0
VERTEX
  8
0
 10
448.000000
 20
441.416667
 42
0.099038
  0
VERTEX
  8
0
 10
447.879125
 20
442.020927
 42
0.097945
  0
VERTEX
  8
0
 10
447.534896
 20
442.534896
 42
0.097945
  0
VERTEX
  8
0
 10
447.020927
 20
442.879125
 42
0.099038
  0
VERTEX
  8
0
 10
446.416667
 20
443.000000
 42
0.077096
  0
VERTEX
  8
0
 10
445.841384
 20
442.910766
 42
0.119977
  0
VERTEX
  8
0
 10
445.414714
 20
442.651172
 42
0.144529
  0
VERTEX
  8
0
 10
445.204183
 20
442.264262
 42
0.134046
  0
SEQEND
  0
POLYLINE
  8
0
 66
1
 70
1
  0
VERTEX
  8
0
 10
371.500000
 20
441.000000
 42
0.082592
  0
VERTEX
  8
0
 10
371.343488
 20
440.617900
 42
0.161196
  0
VERTEX
  8
0
 10
371.374600
 20
440.293750
 42
0.182303
  0
VERTEX
  8
0
 10
371.586039
 20
440.078288
 42
0.108972
  0
VERTEX
  8
0
 10
371.940983
 20
440.000000
 42
0.093332
  0
VERTEX
  8
0
 10
372.345238
 20
440.076123
 42
0.096420
  0
VERTEX
  8
0
 10
372.688914
 20
440.293750
 42
0.099167
  0
VERTEX
  8
0
 10
372.918938
 20
440.618444
 42
0.105053
  0
VERTEX
  8
0
 10
373.000000
 20
441.000000
 42
0.042167
  0
VERTEX
  8
0
 10
372.967655
 20
441.382849
 42
0.061769
  0
VERTEX
  8
0
 10
372.870461
 20
441.706250
 42
0.081139
  0
VERTEX
  8
0
 10
372.727648
 20
441.925540
 42
0.210953
  0
VERTEX
  8
0
 10
372.559017
 20
442.000000
 42
0.151918
  0
VERTEX
  8
0
 10
372.348290
 20
441.934461
 42
0.038439
  0
VERTEX
  8
0
 10
372.066025
 20
441.706250
 42
0.035638
  0
VERTEX
  8
0
 10
371.768994
 20
441.382774
 42
0.029505
  0
SEQEND
  0
POLYLINE
  8
0
 66
1
 70
1
  0
VERTEX
  8
0
 10
422.500000
 20
441.000000
 42
0.082592
  0
VERTEX
  8
0
 10
422.343488
 20
440.617900
 42
0.161196
  0
VERTEX
  8
0
 10
422.374600
 20
440.293750
 42
0.182303
  0
VERTEX
  8
0
 10
422.586039
 20
440.078288
 42
0.108972
  0
VERTEX
  8
0
 10
422.940983
 20
440.000000
 42
0.093332
  0
VERTEX
  8
0
 10
423.345238
 20
440.076123
 42
0.096420
  0
VERTEX
  8
0
 10
423.688914
 20
440.293750
 42
0.099167
  0
VERTEX
  8
0
 10
423.918938
 20
440.618444
 42
0.105053
  0
VERTEX
  8
0
 10
424.000000
 20
441.000000
 42
0.042167
  0
VERTEX
  8
0
 10
423.967655
 20
441.382849
 42
0.061769
  0
VERTEX
  8
0
 10
423.870461
 20
441.706250
 42
0.081139
  0
VERTEX
  8
0
 10
423.727648
 20
441.925540
 42
0.210953
  0
VERTEX
  8
0
 10
423.559017
 20
442.000000
 42
0.151918
  0
VERTEX
  8
0
 10
423.348290
 20
441.934461
 42
0.038439
  0
VERTEX
  8
0
 10
423.066025
 20
441.706250
 42
0.035638
  0
VERTEX
  8
0
 10
422.768994
 20
441.382774
 42
0.029505
  0
SEQEND
  0
POLYLINE
  8
0
 66
1
 70
1
  0
VERTEX
  8
0
 10
428.500000
 20
441.000000
 42
0.139169
  0
VERTEX
  8
0
 10
428.392057
 20
440.620352
 42
0.191142
  0
VERTEX
  8
0
 10
428.521475
 20
440.293750
 42
0.138808
  0
VERTEX
  8
0
 10
428.889346
 20
440.073267
 42
0.066118
  0
VERTEX
  8
0
 10
429.440983
 20
440.000000
 42
-0.110003
  0
VERTEX
  8
0
 10
430.041918
 20
439.866172
 42
-0.095339
  0
VERTEX
  8
0
 10
430.565230
 20
439.485937
 42
-0.090429
  0
VERTEX
  8
0
 10
430.930670
 20
438.918270
 42
-0.086849
  0
VERTEX
  8
0
 10
431.078947
 20
438.250000
 42
0.021021
  0
VERTEX
  8
0
 10
431.137165
 20
437.583427
 42
0.185333
  0
VERTEX
  8
0
 10
431.275306
 20
437.327933
 42
0.449116
  0
VERTEX
  8
0
 10
431.451380
 20
437.351958
 42
0.051902
  0
VERTEX
  8
0
 10
431.662281
 20
437.750000
 42
-0.145140
  0
VERTEX
  8
0
 10
432.045691
 20
438.232169
 42
-0.056463
  0
VERTEX
  8
0
 10
432.801837
 20
438.643222
 42
-0.049692
  0
VERTEX
  8
0
 10
433.775759
 20
438.929427
 42
-0.043335
  0
VERTEX
  8
0
 10
434.833333
 20
439.035435
 42
0.000000
  0
VERTEX
  8
0
 10
437.500000
 20
439.070871
 42
0.000000
  0
VERTEX
  8
0
 10
435.000000
 20
440.500000
 42
0.041492
  0
VERTEX
  8
0
 10
432.882969
 20
441.487303
 42
0.069277
  0
VERTEX
  8
0
 10
430.965731
 20
441.906192
 42
0.094398
  0
VERTEX
  8
0
 10
429.452373
 20
441.736800
 42
0.181328
  0
SEQEND
  0
POLYLINE
  8
0
 66
1
 70
1
  0
VERTEX
  8
0
 10
116.000000
 20
439.500000
 42
0.062722
  0
VERTEX
  8
0
 10
116.072230
 20
438.926468
 42
0.080880
  0
VERTEX
  8
0
 10
116.284531
 20
438.440625
 42
0.098158
  0
VERTEX
  8
0
 10
116.599211
 20
438.115494
 42
0.152681
  0
VERTEX
  8
0
 10
116.968615
 20
438.000000
 42
0.184534
  0
VERTEX
  8
0
 10
117.289193
 20
438.122486
 42
0.147206
  0
VERTEX
  8
0
 10
117.483616
 20
438.440625
 42
0.100118
  0
VERTEX
  8
0
 10
117.511135
 20
438.925634
 42
0.055937
  0
VERTEX
  8
0
 10
117.361626
 20
439.500000
 42
0.021360
  0
VERTEX
  8
0
 10
117.112506
 20
440.074558
 42
0.030395
  0
VERTEX
  8
0
 10
116.839659
 20
440.559375
 42
0.030693
  0
VERTEX
  8
0
 10
116.579329
 20
440.912889
 42
0.222225
  0
VERTEX
  8
0
 10
116.393011
 20
441.000000
 42
0.289661
  0
VERTEX
  8
0
 10
116.241071
 20
440.903916
 42
0.046727
  0
VERTEX
  8
0
 10
116.115447
 20
440.559375
 42
0.039339
  0
VERTEX
  8
0
 10
116.028469
 20
440.074824
 42
0.024748
  0
SEQEND
  0
POLYLINE
  8
0
 66
1
 70
1
  0
VERTEX
  8
0
 10
379.000000
 20
440.000000
 42
0.148195
  0
VERTEX
  8
0
 10
379.115568
 20
439.618646
 42
0.098894
  0
VERTEX
  8
0
 10
379.440625
 20
439.293750
 42
0.082425
  0
VERTEX
  8
0
 10
379.926543
 20
439.074694
 42
0.064853
  0
VERTEX
  8
0
 10
380.500000
 20
439.000000
 42
0.064853
  0
VERTEX
  8
0
 10
381.073457
 20
439.074694
 42
0.082425
  0
VERTEX
  8
0
 10
381.559375
 20
439.293750
 42
0.098894
  0
VERTEX
  8
0
 10
381.884432
 20
439.618646
 42
0.148195
  0
VERTEX
  8
0
 10
382.000000
 20
440.000000
 42
0.148195
  0
VERTEX
  8
0
 10
381.884432
 20
440.381354
 42
0.098894
  0
VERTEX
  8
0
 10
381.559375
 20
440.706250
 42
0.082425
  0
VERTEX
  8
0
 10
381.073457
 20
440.925306
 42
0.064853
  0
VERTEX
  8
0
 10
380.500000
 20
441.000000
 42
0.064853
  0
VERTEX
  8
0
 10
379.926543
 20
440.925306
 42
0.082425
  0
VERTEX
  8
0
 10
379.440625
 20
440.706250
 42
0.098894
  0
VERTEX
  8
0
 10
379.115568
 20
440.381354
 42
0.148195
  0
SEQEND
  0
POLYLINE
  8
0
 66
1
 70
1
  0
VERTEX
  8
0
 10
160.157895
 20
438.000000
 42
0.017491
  0
VERTEX
  8
0
 10
160.189089
 20
437.108560
 42
0.078554
  0
VERTEX
  8
0
 10
160.306058
 20
436.601562
 42
0.447206
  0
VERTEX
  8
0
 10
160.474999
 20
436.540618
 42
0.174857
  0
VERTEX
  8
0
 10
160.662281
 20
436.750000
 42
0.057986
  0
VERTEX
  8
0
 10
160.818615
 20
437.320008
 42
0.037979
  0
VERTEX
  8
0
 10
160.870340
 20
438.000000
 42
0.037979
  0
VERTEX
  8
0
 10
160.818615
 20
438.679992
 42
0.057986
  0
VERTEX
  8
0
 10
160.662281
 20
439.250000
 42
0.174857
  0
VERTEX
  8
0
 10
160.474999
 20
439.459382
 42
0.447206
  0
VERTEX
  8
0
 10
160.306058
 20
439.398438
 42
0.078554
  0
VERTEX
  8
0
 10
160.189089
 20
438.891440
 42
0.017491
  0
SEQEND
  0
POLYLINE
  8
0
 66
1
 70
1
  0
VERTEX
  8
0
 10
280.000000
 20
439.000000
 42
0.099038
  0
VERTEX
  8
0
 10
280.076342
 20
438.618362
 42
0.097945
  0
VERTEX
  8
0
 10
280.293750
 20
438.293750
 42
0.097945
  0
VERTEX
  8
0
 10
280.618362
 20
438.076342
 42
0.099038
  0
VERTEX
  8
0
 10
281.000000
 20
438.000000
 42
0.099038
  0
VERTEX
  8
0
 10
281.381638
 20
438.076342
 42
0.097945
  0
VERTEX
  8
0
 10
281.706250
 20
438.293750
 42
0.097945
  0
VERTEX
  8
0
 10
281.923658
 20
438.618362
 42
0.099038
  0
VERTEX
  8
0
 10
282.000000
 20
439.000000
 42
0.099038
  0
VERTEX
  8
0
 10
281.923658
 20
439.381638
 42
0.097945
  0
VERTEX
  8
0
 10
281.706250
 20
439.706250
 42
0.097945
  0
VERTEX
  8
0
 10
281.381638
 20
439.923658
 42
0.099038
  0
VERTEX
  8
0
 10
281.000000
 20
440.000000
 42
0.099038
  0
VERTEX
  8
0
 10
280.618362
 20
439.923658
 42
0.097945
  0
VERTEX
  8
0
 10
280.293750
 20
439.706250
 42
0.097945
  0
VERTEX
  8
0
 10
280.076342
 20
439.381638
 42
0.099038
  0
SEQEND
  0
POLYLINE
  8
0
 66
1
 70
1
  0
VERTEX
  8
0
 10
353.269032
 20
439.307009
 42
0.037336
  0
VERTEX
  8
0
 10
354.036634
 20
439.167106
 42
0.029507
  0
VERTEX
  8
0
 10
354.880008
 20
439.127736
 42
0.030339
  0
VERTEX
  8
0
 10
355.671085
 20
439.185595
 42
0.062780
  0
VERTEX
  8
0
 10
356.269032
 20
439.344063
 42
0.313180
  0
VERTEX
  8
0
 10
356.386009
 20
439.522870
 42
0.333666
  0
VERTEX
  8
0
 10
356.257153
 20
439.684921
 42
0.052471
  0
VERTEX
  8
0
 10
355.580113
 20
439.787295
 42
0.014395
  0
VERTEX
  8
0
 10
354.500000
 20
439.805051
 42
0.012823
  0
VERTEX
  8
0
 10
353.431793
 20
439.764444
 42
0.080377
  0
VERTEX
  8
0
 10
352.900903
 20
439.643467
 42
0.597527
  0
VERTEX
  8
0
 10
352.883358
 20
439.483340
 42
0.087174
  0
SEQEND
  0
POLYLINE
  8
0
 66
1
 70
1
  0
VERTEX
  8
0
 10
360.000000
 20
439.000000
 42
0.105053
  0
VERTEX
  8
0
 10
360.081062
 20
438.618444
 42
0.099167
  0
VERTEX
  8
0
 10
360.311086
 20
438.293750
 42
0.096420
  0
VERTEX
  8
0
 10
360.654762
 20
438.076123
 42
0.093332
  0
VERTEX
  8
0
 10
361.059017
 20
438.000000
 42
0.108972
  0
VERTEX
  8
0
 10
361.413961
 20
438.078288
 42
0.182303
  0
VERTEX
  8
0
 10
361.625400
 20
438.293750
 42
0.161196
  0
VERTEX
  8
0
 10
361.656512
 20
438.617900
 42
0.082592
  0
VERTEX
  8
0
 10
361.500000
 20
439.000000
 42
0.029505
  0
VERTEX
  8
0
 10
361.231006
 20
439.382774
 42
0.035638
  0
VERTEX
  8
0
 10
360.933975
 20
439.706250
 42
0.038439
  0
VERTEX
  8
0
 10
360.651710
 20
439.934461
 42
0.151918
  0
VERTEX
  8
0
 10
360.440983
 20
440.000000
 42
0.210953
  0
VERTEX
  8
0
 10
360.272352
 20
439.925540
 42
0.081139
  0
VERTEX
  8
0
 10
360.129539
 20
439.706250
 42
0.061769
  0
VERTEX
  8
0
 10
360.032345
 20
439.382849
 42
0.042167
  0
SEQEND
  0
POLYLINE
  8
0
 66
1
 70
1
  0
VERTEX
  8
0
 10
126.020056
 20
437.475834
 42
0.030935
  0
VERTEX
  8
0
 10
126.537950
 20
436.924986
 42
0.050040
  0
VERTEX
  8
0
 10
127.047854
 20
436.533822
 42
0.066988
  0
VERTEX
  8
0
 10
127.477270
 20
436.341746
 42
0.274667
  0
VERTEX
  8
0
 10
127.742636
 20
436.409303
 42
0.264952
  0
VERTEX
  8
0
 10
127.922393
 20
437.065454
 42
0.097357
  0
VERTEX
  8
0
 10
127.493857
 20
437.964713
 42
0.084765
  0
VERTEX
  8
0
 10
126.689562
 20
438.733547
 42
0.149534
  0
VERTEX
  8
0
 10
125.818538
 20
439.000000
 42
0.176123
  0
VERTEX
  8
0
 10
125.485592
 20
438.878966
 42
0.256649
  0
VERTEX
  8
0
 10
125.374856
 20
438.594311
 42
0.110288
  0
VERTEX
  8
0
 10
125.548584
 20
438.120064
 42
0.030483
  0
SEQEND
  0
POLYLINE
  8
0
 66
1
 70
1
  0
VERTEX
  8
0
 10
178.078947
 20
437.416667
 42
0.018894
  0
VERTEX
  8
0
 10
178.137993
 20
436.670344
 42
0.168741
  0
VERTEX
  8
0
 10
178.279315
 20
436.378580
 42
0.470617
  0
VERTEX
  8
0
 10
178.461564
 20
436.395823
 42
0.054073
  0
VERTEX
  8
0
 10
178.683114
 20
436.812500
 42
0.051402
  0
VERTEX
  8
0
 10
178.839148
 20
437.359369
 42
0.054150
  0
VERTEX
  8
0
 10
178.876576
 20
437.916927
 42
0.060344
  0
VERTEX
  8
0
 10
178.797407
 20
438.402231
 42
0.126455
  0
VERTEX
  8
0
 10
178.604167
 20
438.729167
 42
0.296942
  0
VERTEX
  8
0
 10
178.385309
 20
438.775380
 42
0.208169
  0
VERTEX
  8
0
 10
178.200665
 20
438.592839
 42
0.077125
  0
VERTEX
  8
0
 10
178.089945
 20
438.112848
 42
0.028489
  0
SEQEND
  0
POLYLINE
  8
0
 66
1
 70
1
  0
VERTEX
  8
0
 10
187.000000
 20
438.622445
 42
0.184603
  0
VERTEX
  8
0
 10
187.081150
 20
438.410139
 42
0.013803
  0
VERTEX
  8
0
 10
187.514062
 20
437.952641
 42
0.017649
  0
VERTEX
  8
0
 10
188.079598
 20
437.425681
 42
0.012436
  0
VERTEX
  8
0
 10
188.750000
 20
436.872445
 42
0.001576
  0
VERTEX
  8
0
 10
189.879507
 20
435.992360
 42
0.377591
  0
VERTEX
  8
0
 10
190.000000
 20
436.000000
 42
0.377591
  0
VERTEX
  8
0
 10
190.007640
 20
436.120493
 42
0.001576
  0
VERTEX
  8
0
 10
189.127555
 20
437.250000
 42
0.017685
  0
VERTEX
  8
0
 10
188.236680
 20
438.306759
 42
0.065617
  0
VERTEX
  8
0
 10
187.573889
 20
438.869516
 42
0.241985
  0
VERTEX
  8
0
 10
187.193395
 20
438.906950
 42
0.307699
  0
SEQEND
  0
POLYLINE
  8
0
 66
1
 70
1
  0
VERTEX
  8
0
 10
226.000000
 20
437.940983
 42
0.108972
  0
VERTEX
  8
0
 10
226.078288
 20
437.586039
 42
0.182303
  0
VERTEX
  8
0
 10
226.293750
 20
437.374600
 42
0.161196
  0
VERTEX
  8
0
 10
226.617900
 20
437.343488
 42
0.082592
  0
VERTEX
  8
0
 10
227.000000
 20
437.500000
 42
0.029505
  0
VERTEX
  8
0
 10
227.382774
 20
437.768994
 42
0.035638
  0
VERTEX
  8
0
 10
227.706250
 20
438.066025
 42
0.038439
  0
VERTEX
  8
0
 10
227.934461
 20
438.348290
 42
0.151918
  0
VERTEX
  8
0
 10
228.000000
 20
438.559017
 42
0.210953
  0
VERTEX
  8
0
 10
227.925540
 20
438.727648
 42
0.081139
  0
VERTEX
  8
0
 10
227.706250
 20
438.870461
 42
0.061769
  0
VERTEX
  8
0
 10
227.382849
 20
438.967655
 42
0.042167
  0
VERTEX
  8
0
 10
227.000000
 20
439.000000
 42
0.105053
  0
VERTEX
  8
0
 10
226.618444
 20
438.918938
 42
0.099167
  0
VERTEX
  8
0
 10
226.293750
 20
438.688914
 42
0.096420
  0
VERTEX
  8
0
 10
226.076123
 20
438.345238
 42
0.093332
  0
SEQEND
  0
POLYLINE
  8
0
 66
1
 70
1
  0
VERTEX
  8
0
 10
232.078947
 20
437.416667
 42
0.018894
  0
VERTEX
  8
0
 10
232.137993
 20
436.670344
 42
0.168741
  0
VERTEX
  8
0
 10
232.279315
 20
436.378580
 42
0.470617
  0
VERTEX
  8
0
 10
232.461564
 20
436.395823
 42
0.054073
  0
VERTEX
  8
0
 10
232.683114
 20
436.812500
 42
0.051402
  0
VERTEX
  8
0
 10
232.839148
 20
437.359369
 42
0.054150
  0
VERTEX
  8
0
 10
232.876576
 20
437.916927
 42
0.060344
  0
VERTEX
  8
0
 10
232.797407
 20
438.402231
 42
0.126455
  0
VERTEX
  8
0
 10
232.604167
 20
438.729167
 42
0.296942
  0
VERTEX
  8
0
 10
232.385309
 20
438.775380
 42
0.208169
  0
VERTEX
  8
0
 10
232.200665
 20
438.592839
 42
0.077125
  0
VERTEX
  8
0
 10
232.089945
 20
438.112848
 42
0.028489
  0
SEQEND
  0
POLYLINE
  8
0
 66
1
 70
1
  0
VERTEX
  8
0
 10
334.000000
 20
438.606989
 42
0.225200
  0
VERTEX
  8
0
 10
334.088769
 20
438.419896
 42
0.029412
  0
VERTEX
  8
0
 10
334.455882
 20
438.154486
 42
0.029555
  0
VERTEX
  8
0
 10
334.957462
 20
437.875192
 42
0.020646
  0
VERTEX
  8
0
 10
335.551938
 20
437.618443
 42
0.036408
  0
VERTEX
  8
0
 10
336.131719
 20
437.443138
 42
0.155351
  0
VERTEX
  8
0
 10
336.487528
 20
437.474315
 42
0.329480
  0
VERTEX
  8
0
 10
336.606889
 20
437.674071
 42
0.114400
  0
VERTEX
  8
0
 10
336.492921
 20
438.011454
 42
0.115814
  0
VERTEX
  8
0
 10
335.901891
 20
438.603931
 42
0.080554
  0
VERTEX
  8
0
 10
335.026239
 20
438.969265
 42
0.115534
  0
VERTEX
  8
0
 10
334.291154
 20
438.972535
 42
0.349578
  0
SEQEND
  0
POLYLINE
  8
0
 66
1
 70
1
  0
VERTEX
  8
0
 10
386.750000
 20
438.337719
 42
0.057986
  0
VERTEX
  8
0
 10
387.320008
 20
438.181385
 42
0.037979
  0
VERTEX
  8
0
 10
388.000000
 20
438.129660
 42
0.037979
  0
VERTEX
  8
0
 10
388.679992
 20
438.181385
 42
0.057986
  0
VERTEX
  8
0
 10
389.250000
 20
438.337719
 42
0.174857
  0
VERTEX
  8
0
 10
389.459382
 20
438.525001
 42
0.447206
  0
VERTEX
  8
0
 10
389.398438
 20
438.693942
 42
0.078554
  0
VERTEX
  8
0
 10
388.891440
 20
438.810911
 42
0.017491
  0
VERTEX
  8
0
 10
388.000000
 20
438.842105
 42
0.017491
  0
VERTEX
  8
0
 10
387.108560
 20
438.810911
 42
0.078554
  0
VERTEX
  8
0
 10
386.601562
 20
438.693942
 42
0.447206
  0
VERTEX
  8
0
 10
386.540618
 20
438.525001
 42
0.174857
  0
SEQEND
  0
POLYLINE
  8
0
 66
1
 70
1
  0
VERTEX
  8
0
 10
446.000000
 20
436.000000
 42
-0.030864
  0
VERTEX
  8
0
 10
446.509057
 20
435.624579
 42
-0.118892
  0
VERTEX
  8
0
 10
446.741146
 20
435.310881
 42
-0.342256
  0
VERTEX
  8
0
 10
446.687626
 20
435.109062
 42
-0.160847
  0
VERTEX
  8
0
 10
446.416667
 20
435.015313
 42
0.136523
  0
VERTEX
  8
0
 10
446.003494
 20
434.894038
 42
0.098631
  0
VERTEX
  8
0
 10
445.651562
 20
434.563873
 42
0.085103
  0
VERTEX
  8
0
 10
445.414597
 20
434.074412
 42
0.070386
  0
VERTEX
  8
0
 10
445.333333
 20
433.500000
 42
0.087646
  0
VERTEX
  8
0
 10
445.434507
 20
432.927262
 42
0.094518
  0
VERTEX
  8
0
 10
445.725000
 20
432.440625
 42
0.100101
  0
VERTEX
  8
0
 10
446.158026
 20
432.115099
 42
0.111732
  0
VERTEX
  8
0
 10
446.666667
 20
432.000000
 42
0.175719
  0
VERTEX
  8
0
 10
447.185356
 20
432.188095
 42
0.096565
  0
VERTEX
  8
0
 10
447.616667
 20
432.718750
 42
0.073637
  0
VERTEX
  8
0
 10
447.904031
 20
433.523560
 42
0.049024
  0
VERTEX
  8
0
 10
448.000000
 20
434.500000
 42
0.045188
  0
VERTEX
  8
0
 10
447.898170
 20
435.624446
 42
0.108672
  0
VERTEX
  8
0
 10
447.576531
 20
436.391339
 42
0.141313
  0
VERTEX
  8
0
 10
447.027001
 20
436.832474
 42
0.101445
  0
VERTEX
  8
0
 10
446.250000
 20
436.984687
 42
0.011938
  0
VERTEX
  8
0
 10
445.271084
 20
436.952739
 42
0.327416
  0
VERTEX
  8
0
 10
445.083458
 20
436.798096
 42
0.309569
  0
VERTEX
  8
0
 10
445.169589
 20
436.563444
 42
0.011213
  0
SEQEND
  0
POLYLINE
  8
0
 66
1
 70
1
  0
VERTEX
  8
0
 10
149.750000
 20
435.183578
 42
0.045548
  0
VERTEX
  8
0
 10
148.647189
 20
434.953600
 42
0.070627
  0
VERTEX
  8
0
 10
147.767961
 20
434.542204
 42
0.091256
  0
VERTEX
  8
0
 10
147.199435
 20
434.001120
 42
0.158333
  0
VERTEX
  8
0
 10
147.000000
 20
433.387111
 42
0.308473
  0
VERTEX
  8
0
 10
147.518958
 20
432.625980
 42
0.064990
  0
VERTEX
  8
0
 10
149.165616
 20
432.215761
 42
0.027823
  0
VERTEX
  8
0
 10
152.277241
 20
432.032825
 42
0.004234
  0
VERTEX
  8
0
 10
158.500000
 20
432.066274
 42
0.007388
  0
VERTEX
  8
0
 10
162.909382
 20
432.192503
 42
0.012249
  0
VERTEX
  8
0
 10
166.621875
 20
432.444943
 42
0.005885
  0
VERTEX
  8
0
 10
169.672410
 20
432.763841
 42
0.380652
  0
VERTEX
  8
0
 10
170.000000
 20
433.131793
 42
0.300006
  0
VERTEX
  8
0
 10
169.799866
 20
433.435322
 42
0.073632
  0
VERTEX
  8
0
 10
169.192187
 20
433.595644
 42
0.051522
  0
VERTEX
  8
0
 10
168.304160
 20
433.602748
 42
0.029969
  0
VERTEX
  8
0
 10
167.250000
 20
433.438168
 42
-0.011969
  0
VERTEX
  8
0
 10
166.078807
 20
433.211885
 42
-0.094997
  0
VERTEX
  8
0
 10
165.529773
 20
433.224244
 42
-0.534081
  0
VERTEX
  8
0
 10
165.454744
 20
433.413307
 42
-0.087907
  0
VERTEX
  8
0
 10
165.789345
 20
433.752450
 42
0.125022
  0
VERTEX
  8
0
 10
166.128331
 20
434.150636
 42
0.409583
  0
VERTEX
  8
0
 10
166.029758
 20
434.447128
 42
0.103338
  0
VERTEX
  8
0
 10
165.377944
 20
434.625001
 42
0.015115
  0
VERTEX
  8
0
 10
164.000000
 20
434.666667
 42
0.016647
  0
VERTEX
  8
0
 10
162.720651
 20
434.624059
 42
0.090801
  0
VERTEX
  8
0
 10
162.051882
 20
434.454940
 42
0.392623
  0
VERTEX
  8
0
 10
161.939377
 20
434.184129
 42
0.164180
  0
VERTEX
  8
0
 10
162.210655
 20
433.848646
 42
-0.027780
  0
VERTEX
  8
0
 10
162.776274
 20
433.444069
 42
-0.364836
  0
VERTEX
  8
0
 10
162.822515
 20
433.209553
 42
-0.251323
  0
VERTEX
  8
0
 10
162.579331
 20
433.052521
 42
-0.018045
  0
VERTEX
  8
0
 10
161.750000
 20
433.015313
 42
-0.049195
  0
VERTEX
  8
0
 10
161.080297
 20
433.075453
 42
-0.069587
  0
VERTEX
  8
0
 10
160.514062
 20
433.267394
 42
-0.090221
  0
VERTEX
  8
0
 10
160.133069
 20
433.554467
 42
-0.188463
  0
VERTEX
  8
0
 10
160.000000
 20
433.894965
 42
0.355357
  0
VERTEX
  8
0
 10
159.426129
 20
434.600457
 42
0.019997
  0
VERTEX
  8
0
 10
156.443217
 20
435.097311
 42
0.027102
  0
VERTEX
  8
0
 10
152.991579
 20
435.342344
 42
0.032822
  0
SEQEND
  0
POLYLINE
  8
0
 66
1
 70
1
  0
VERTEX
  8
0
 10
157.269032
 20
433.344063
 42
-0.062780
  0
VERTEX
  8
0
 10
156.671085
 20
433.185595
 42
-0.030339
  0
VERTEX
  8
0
 10
155.880008
 20
433.127736
 42
-0.029507
  0
VERTEX
  8
0
 10
155.036634
 20
433.167106
 42
-0.037336
  0
VERTEX
  8
0
 10
154.269032
 20
433.307009
 42
-0.087174
  0
VERTEX
  8
0
 10
153.883358
 20
433.483340
 42
-0.597527
  0
VERTEX
  8
0
 10
153.900903
 20
433.643467
 42
-0.080377
  0
VERTEX
  8
0
 10
154.431793
 20
433.764444
 42
-0.012823
  0
VERTEX
  8
0
 10
155.500000
 20
433.805051
 42
-0.014395
  0
VERTEX
  8
0
 10
156.580113
 20
433.787295
 42
-0.052471
  0
VERTEX
  8
0
 10
157.257153
 20
433.684921
 42
-0.333666
  0
VERTEX
  8
0
 10
157.386009
 20
433.522870
 42
-0.313180
  0
SEQEND
  0
POLYLINE
  8
0
 66
1
 70
1
  0
VERTEX
  8
0
 10
416.000000
 20
435.000000
 42
0.376401
  0
VERTEX
  8
0
 10
416.383421
 20
434.562835
 42
0.008566
  0
VERTEX
  8
0
 10
419.359076
 20
434.223124
 42
0.013807
  0
VERTEX
  8
0
 10
423.236931
 20
433.955409
 42
0.006527
  0
VERTEX
  8
0
 10
428.250000
 20
433.813697
 42
0.000000
  0
VERTEX
  8
0
 10
440.500000
 20
433.627394
 42
0.000000
  0
VERTEX
  8
0
 10
432.000000
 20
433.000000
 42
0.000000
  0
VERTEX
  8
0
 10
423.500000
 20
432.372606
 42
0.000000
  0
VERTEX
  8
0
 10
432.809017
 20
432.186303
 42
0.007315
  0
VERTEX
  8
0
 10
436.792178
 20
432.164874
 42
0.021029
  0
VERTEX
  8
0
 10
439.552374
 20
432.306602
 42
0.027228
  0
VERTEX
  8
0
 10
441.313897
 20
432.568859
 42
0.521289
  0
VERTEX
  8
0
 10
441.500000
 20
433.000000
 42
-0.114510
  0
VERTEX
  8
0
 10
441.367429
 20
433.392737
 42
-0.160768
  0
VERTEX
  8
0
 10
441.448037
 20
433.751043
 42
-0.143820
  0
VERTEX
  8
0
 10
441.737971
 20
434.018460
 42
-0.086054
  0
VERTEX
  8
0
 10
442.190983
 20
434.152487
 42
0.889264
  0
VERTEX
  8
0
 10
442.191345
 20
434.473930
 42
0.006776
  0
VERTEX
  8
0
 10
436.352855
 20
435.087271
 42
0.006757
  0
VERTEX
  8
0
 10
429.176435
 20
435.645306
 42
0.011993
  0
VERTEX
  8
0
 10
423.250000
 20
435.883116
 42
0.011640
  0
VERTEX
  8
0
 10
420.344007
 20
435.862314
 42
0.022698
  0
VERTEX
  8
0
 10
418.033279
 20
435.686767
 42
0.020661
  0
VERTEX
  8
0
 10
416.332144
 20
435.407826
 42
0.355694
  0
SEQEND
  0
POLYLINE
  8
0
 66
1
 70
1
  0
VERTEX
  8
0
 10
232.750000
 20
434.337719
 42
0.057986
  0
VERTEX
  8
0
 10
233.320008
 20
434.181385
 42
0.037979
  0
VERTEX
  8
0
 10
234.000000
 20
434.129660
 42
0.037979
  0
VERTEX
  8
0
 10
234.679992
 20
434.181385
 42
0.057986
  0
VERTEX
  8
0
 10
235.250000
 20
434.337719
 42
0.174857
  0
VERTEX
  8
0
 10
235.459382
 20
434.525001
 42
0.447206
  0
VERTEX
  8
0
 10
235.398438
 20
434.693942
 42
0.078554
  0
VERTEX
  8
0
 10
234.891440
 20
434.810911
 42
0.017491
  0
VERTEX
  8
0
 10
234.000000
 20
434.842105
 42
0.017491
  0
VERTEX
  8
0
 10
233.108560
 20
434.810911
 42
0.078554
  0
VERTEX
  8
0
 10
232.601562
 20
434.693942
 42
0.447206
  0
VERTEX
  8
0
 10
232.540618
 20
434.525001
 42
0.174857
  0
SEQEND
  0
POLYLINE
  8
0
 66
1
 70
1
  0
VERTEX
  8
0
 10
345.750000
 20
434.294267
 42
0.029693
  0
VERTEX
  8
0
 10
346.774707
 20
434.159351
 42
0.017887
  0
VERTEX
  8
0
 10
348.000000
 20
434.115502
 42
0.017887
  0
VERTEX
  8
0
 10
349.225293
 20
434.159351
 42
0.029693
  0
VERTEX
  8
0
 10
350.250000
 20
434.294267
 42
0.142433
  0
VERTEX
  8
0
 10
350.560023
 20
434.453014
 42
0.611425
  0
VERTEX
  8
0
 10
350.517188
 20
434.600334
 42
0.039503
  0
VERTEX
  8
0
 10
349.611490
 20
434.701569
 42
0.008087
  0
VERTEX
  8
0
 10
348.000000
 20
434.727636
 42
0.008087
  0
VERTEX
  8
0
 10
346.388510
 20
434.701569
 42
0.039503
  0
VERTEX
  8
0
 10
345.482812
 20
434.600334
 42
0.611425
  0
VERTEX
  8
0
 10
345.439977
 20
434.453014
 42
0.142433
  0
SEQEND
  0
POLYLINE
  8
0
 66
1
 70
1
  0
VERTEX
  8
0
 10
366.235169
 20
434.292323
 42
0.115937
  0
VERTEX
  8
0
 10
364.706277
 20
433.608219
 42
0.563309
  0
VERTEX
  8
0
 10
364.786756
 20
432.857440
 42
0.090193
  0
VERTEX
  8
0
 10
367.101860
 20
432.246269
 42
0.026154
  0
VERTEX
  8
0
 10
370.809017
 20
432.150194
 42
0.000000
  0
VERTEX
  8
0
 10
376.500000
 20
432.300387
 42
0.000000
  0
VERTEX
  8
0
 10
372.000000
 20
432.964870
 42
0.000000
  0
VERTEX
  8
0
 10
367.500000
 20
433.629353
 42
0.000000
  0
VERTEX
  8
0
 10
372.000000
 20
434.139969
 42
0.000000
  0
VERTEX
  8
0
 10
376.500000
 20
434.650586
 42
0.000000
  0
VERTEX
  8
0
 10
372.500000
 20
434.689111
 42
0.009869
  0
VERTEX
  8
0
 10
370.802521
 20
434.671956
 42
0.008352
  0
VERTEX
  8
0
 10
369.009706
 20
434.588446
 42
0.008445
  0
VERTEX
  8
0
 10
367.377891
 20
434.457391
 42
0.023219
  0
SEQEND
  0
POLYLINE
  8
0
 66
1
 70
1
  0
VERTEX
  8
0
 10
392.000000
 20
434.117488
 42
0.377359
  0
VERTEX
  8
0
 10
392.668396
 20
433.357977
 42
0.004813
  0
VERTEX
  8
0
 10
399.530541
 20
432.545710
 42
0.005920
  0
VERTEX
  8
0
 10
406.322590
 20
431.889225
 42
0.220973
  0
VERTEX
  8
0
 10
407.741044
 20
432.407710
 42
0.552158
  0
VERTEX
  8
0
 10
407.686786
 20
432.646307
 42
0.036626
  0
VERTEX
  8
0
 10
406.861952
 20
432.870134
 42
0.026410
  0
VERTEX
  8
0
 10
405.570710
 20
433.050718
 42
0.013038
  0
VERTEX
  8
0
 10
403.916667
 20
433.150194
 42
0.000000
  0
VERTEX
  8
0
 10
399.500000
 20
433.300387
 42
0.000000
  0
VERTEX
  8
0
 10
404.000000
 20
434.000000
 42
0.010539
  0
VERTEX
  8
0
 10
406.223271
 20
434.393808
 42
0.809635
  0
VERTEX
  8
0
 10
406.226020
 20
434.601623
 42
0.049632
  0
VERTEX
  8
0
 10
405.054612
 20
434.747234
 42
0.001571
  0
VERTEX
  8
0
 10
400.250000
 20
434.849806
 42
0.010035
  0
VERTEX
  8
0
 10
397.086810
 20
434.843903
 42
0.016651
  0
VERTEX
  8
0
 10
394.423437
 20
434.696643
 42
0.010623
  0
VERTEX
  8
0
 10
392.302891
 20
434.462912
 42
0.376338
  0
SEQEND
  0
POLYLINE
  8
0
 66
1
 70
1
  0
VERTEX
  8
0
 10
185.000000
 20
433.000000
 42
0.011213
  0
VERTEX
  8
0
 10
184.169589
 20
432.436556
 42
0.309569
  0
VERTEX
  8
0
 10
184.083458
 20
432.201904
 42
0.327416
  0
VERTEX
  8
0
 10
184.271084
 20
432.047261
 42
0.011938
  0
VERTEX
  8
0
 10
185.250000
 20
432.015313
 42
0.055234
  0
VERTEX
  8
0
 10
185.919445
 20
432.083567
 42
0.075283
  0
VERTEX
  8
0
 10
186.485938
 20
432.298248
 42
0.095191
  0
VERTEX
  8
0
 10
186.865757
 20
432.619685
 42
0.171310
  0
VERTEX
  8
0
 10
187.000000
 20
433.000000
 42
0.042895
  0
VERTEX
  8
0
 10
186.938046
 20
433.720828
 42
0.364836
  0
VERTEX
  8
0
 10
186.707705
 20
433.914708
 42
0.137048
  0
VERTEX
  8
0
 10
186.262820
 20
433.790433
 42
0.007234
  0
SEQEND
  0
POLYLINE
  8
0
 66
1
 70
1
  0
VERTEX
  8
0
 10
216.000000
 20
432.906380
 42
0.206609
  0
VERTEX
  8
0
 10
216.149557
 20
432.559898
 42
0.082769
  0
VERTEX
  8
0
 10
216.587500
 20
432.266249
 42
0.063112
  0
VERTEX
  8
0
 10
217.234359
 20
432.066544
 42
0.043375
  0
VERTEX
  8
0
 10
218.000000
 20
432.000000
 42
0.018041
  0
VERTEX
  8
0
 10
218.766644
 20
432.027671
 42
0.029316
  0
VERTEX
  8
0
 10
219.412500
 20
432.112615
 42
0.029396
  0
VERTEX
  8
0
 10
219.890445
 20
432.233718
 42
0.326917
  0
VERTEX
  8
0
 10
220.000000
 20
432.383369
 42
0.269386
  0
VERTEX
  8
0
 10
219.897136
 20
432.560437
 42
0.023188
  0
VERTEX
  8
0
 10
219.412500
 20
432.807757
 42
0.025621
  0
VERTEX
  8
0
 10
218.766387
 20
433.061542
 42
0.016817
  0
VERTEX
  8
0
 10
218.000000
 20
433.289749
 42
0.040966
  0
VERTEX
  8
0
 10
217.233678
 20
433.424365
 42
0.070464
  0
VERTEX
  8
0
 10
216.587500
 20
433.392877
 42
0.106581
  0
VERTEX
  8
0
 10
216.157535
 20
433.210205
 42
0.243840
  0
SEQEND
  0
POLYLINE
  8
0
 66
1
 70
1
  0
VERTEX
  8
0
 10
312.000000
 20
433.000000
 42
0.099038
  0
VERTEX
  8
0
 10
312.076342
 20
432.618362
 42
0.097945
  0
VERTEX
  8
0
 10
312.293750
 20
432.293750
 42
0.097945
  0
VERTEX
  8
0
 10
312.618362
 20
432.076342
 42
0.099038
  0
VERTEX
  8
0
 10
313.000000
 20
432.000000
 42
0.099038
  0
VERTEX
  8
0
 10
313.381638
 20
432.076342
 42
0.097945
  0
VERTEX
  8
0
 10
313.706250
 20
432.293750
 42
0.097945
  0
VERTEX
  8
0
 10
313.923658
 20
432.618362
 42
0.099038
  0
VERTEX
  8
0
 10
314.000000
 20
433.000000
 42
0.099038
  0
VERTEX
  8
0
 10
313.923658
 20
433.381638
 42
0.097945
  0
VERTEX
  8
0
 10
313.706250
 20
433.706250
 42
0.097945
  0
VERTEX
  8
0
 10
313.381638
 20
433.923658
 42
0.099038
  0
VERTEX
  8
0
 10
313.000000
 20
434.000000
 42
0.099038
  0
VERTEX
  8
0
 10
312.618362
 20
433.923658
 42
0.097945
  0
VERTEX
  8
0
 10
312.293750
 20
433.706250
 42
0.097945
  0
VERTEX
  8
0
 10
312.076342
 20
433.381638
 42
0.099038
  0
SEQEND
  0
POLYLINE
  8
0
 66
1
 70
1
  0
VERTEX
  8
0
 10
319.000000
 20
432.861328
 42
0.249889
  0
VERTEX
  8
0
 10
319.176307
 20
432.530586
 42
0.064968
  0
VERTEX
  8
0
 10
319.734375
 20
432.253015
 42
0.050289
  0
VERTEX
  8
0
 10
320.542347
 20
432.062724
 42
0.032714
  0
VERTEX
  8
0
 10
321.500000
 20
432.000000
 42
0.014412
  0
VERTEX
  8
0
 10
322.458419
 20
432.027631
 42
0.023639
  0
VERTEX
  8
0
 10
323.265625
 20
432.112630
 42
0.020244
  0
VERTEX
  8
0
 10
323.880837
 20
432.232649
 42
0.347462
  0
VERTEX
  8
0
 10
324.000000
 20
432.383423
 42
0.300822
  0
VERTEX
  8
0
 10
323.885601
 20
432.556361
 42
0.017542
  0
VERTEX
  8
0
 10
323.265625
 20
432.794600
 42
0.021857
  0
VERTEX
  8
0
 10
322.458200
 20
433.033865
 42
0.013875
  0
VERTEX
  8
0
 10
321.500000
 20
433.244751
 42
0.031701
  0
VERTEX
  8
0
 10
320.541823
 20
433.365641
 42
0.053628
  0
VERTEX
  8
0
 10
319.734375
 20
433.329256
 42
0.076393
  0
VERTEX
  8
0
 10
319.183445
 20
433.156008
 42
0.285831
  0
SEQEND
  0
POLYLINE
  8
0
 66
1
 70
1
  0
VERTEX
  8
0
 10
189.750000
 20
432.337719
 42
0.057986
  0
VERTEX
  8
0
 10
190.320008
 20
432.181385
 42
0.037979
  0
VERTEX
  8
0
 10
191.000000
 20
432.129660
 42
0.037979
  0
VERTEX
  8
0
 10
191.679992
 20
432.181385
 42
0.057986
  0
VERTEX
  8
0
 10
192.250000
 20
432.337719
 42
0.174857
  0
VERTEX
  8
0
 10
192.459382
 20
432.525001
 42
0.447206
  0
VERTEX
  8
0
 10
192.398438
 20
432.693942
 42
0.078554
  0
VERTEX
  8
0
 10
191.891440
 20
432.810911
 42
0.017491
  0
VERTEX
  8
0
 10
191.000000
 20
432.842105
 42
0.017491
  0
VERTEX
  8
0
 10
190.108560
 20
432.810911
 42
0.078554
  0
VERTEX
  8
0
 10
189.601562
 20
432.693942
 42
0.447206
  0
VERTEX
  8
0
 10
189.540618
 20
432.525001
 42
0.174857
  0
SEQEND
  0
POLYLINE
  8
0
 66
1
 70
1
  0
VERTEX
  8
0
 10
212.812500
 20
432.316886
 42
0.051402
  0
VERTEX
  8
0
 10
213.359369
 20
432.160852
 42
0.054150
  0
VERTEX
  8
0
 10
213.916927
 20
432.123424
 42
0.060344
  0
VERTEX
  8
0
 10
214.402231
 20
432.202593
 42
0.126455
  0
VERTEX
  8
0
 10
214.729167
 20
432.395833
 42
0.296942
  0
VERTEX
  8
0
 10
214.775380
 20
432.614691
 42
0.208169
  0
VERTEX
  8
0
 10
214.592839
 20
432.799335
 42
0.077125
  0
VERTEX
  8
0
 10
214.112848
 20
432.910055
 42
0.028489
  0
VERTEX
  8
0
 10
213.416667
 20
432.921053
 42
0.018894
  0
VERTEX
  8
0
 10
212.670344
 20
432.862007
 42
0.168741
  0
VERTEX
  8
0
 10
212.378580
 20
432.720685
 42
0.470617
  0
VERTEX
  8
0
 10
212.395823
 20
432.538436
 42
0.054073
  0
SEQEND
  0
POLYLINE
  8
0
 66
1
 70
1
  0
VERTEX
  8
0
 10
261.812500
 20
432.316886
 42
0.051402
  0
VERTEX
  8
0
 10
262.359369
 20
432.160852
 42
0.054150
  0
VERTEX
  8
0
 10
262.916927
 20
432.123424
 42
0.060344
  0
VERTEX
  8
0
 10
263.402231
 20
432.202593
 42
0.126455
  0
VERTEX
  8
0
 10
263.729167
 20
432.395833
 42
0.296942
  0
VERTEX
  8
0
 10
263.775380
 20
432.614691
 42
0.208169
  0
VERTEX
  8
0
 10
263.592839
 20
432.799335
 42
0.077125
  0
VERTEX
  8
0
 10
263.112848
 20
432.910055
 42
0.028489
  0
VERTEX
  8
0
 10
262.416667
 20
432.921053
 42
0.018894
  0
VERTEX
  8
0
 10
261.670344
 20
432.862007
 42
0.168741
  0
VERTEX
  8
0
 10
261.378580
 20
432.720685
 42
0.470617
  0
VERTEX
  8
0
 10
261.395823
 20
432.538436
 42
0.054073
  0
SEQEND
  0
POLYLINE
  8
0
 66
1
 70
1
  0
VERTEX
  8
0
 10
289.750000
 20
432.294267
 42
0.029693
  0
VERTEX
  8
0
 10
290.774707
 20
432.159351
 42
0.017887
  0
VERTEX
  8
0
 10
292.000000
 20
432.115502
 42
0.017887
  0
VERTEX
  8
0
 10
293.225293
 20
432.159351
 42
0.029693
  0
VERTEX
  8
0
 10
294.250000
 20
432.294267
 42
0.142433
  0
VERTEX
  8
0
 10
294.560023
 20
432.453014
 42
0.611425
  0
VERTEX
  8
0
 10
294.517188
 20
432.600334
 42
0.039503
  0
VERTEX
  8
0
 10
293.611490
 20
432.701569
 42
0.008087
  0
VERTEX
  8
0
 10
292.000000
 20
432.727636
 42
0.008087
  0
VERTEX
  8
0
 10
290.388510
 20
432.701569
 42
0.039503
  0
VERTEX
  8
0
 10
289.482812
 20
432.600334
 42
0.611425
  0
VERTEX
  8
0
 10
289.439977
 20
432.453014
 42
0.142433
  0
SEQEND
  0
POLYLINE
  8
0
 66
1
 70
1
  0
VERTEX
  8
0
 10
429.836090
 20
418.706426
 42
-0.104900
  0
VERTEX
  8
0
 10
430.585482
 20
417.270391
 42
-0.201166
  0
VERTEX
  8
0
 10
430.426126
 20
416.003176
 42
-0.213869
  0
VERTEX
  8
0
 10
429.429652
 20
415.280777
 42
-0.115932
  0
VERTEX
  8
0
 10
427.887141
 20
415.319262
 42
0.043566
  0
VERTEX
  8
0
 10
427.164183
 20
415.442396
 42
0.074391
  0
VERTEX
  8
0
 10
426.554348
 20
415.401546
 42
0.111697
  0
VERTEX
  8
0
 10
426.149644
 20
415.212074
 42
0.231629
  0
VERTEX
  8
0
 10
426.000000
 20
414.906380
 42
0.318083
  0
VERTEX
  8
0
 10
426.451186
 20
414.268910
 42
0.083837
  0
VERTEX
  8
0
 10
427.753766
 20
414.043082
 42
0.065828
  0
VERTEX
  8
0
 10
429.402390
 20
414.253734
 42
0.076725
  0
VERTEX
  8
0
 10
430.848393
 20
414.885140
 42
0.173352
  0
VERTEX
  8
0
 10
431.691893
 20
415.966046
 42
0.122935
  0
VERTEX
  8
0
 10
431.807737
 20
417.513575
 42
0.118227
  0
VERTEX
  8
0
 10
431.178492
 20
418.980216
 42
0.153977
  0
VERTEX
  8
0
 10
430.000000
 20
419.829755
 42
0.019688
  0
VERTEX
  8
0
 10
429.195898
 20
420.060690
 42
0.442441
  0
VERTEX
  8
0
 10
429.016746
 20
419.940009
 42
0.203305
  0
VERTEX
  8
0
 10
429.097564
 20
419.631556
 42
0.008154
  0
SEQEND
  0
POLYLINE
  8
0
 66
1
 70
1
  0
VERTEX
  8
0
 10
434.335833
 20
417.432783
 42
0.072151
  0
VERTEX
  8
0
 10
434.182930
 20
416.756502
 42
0.060791
  0
VERTEX
  8
0
 10
434.214613
 20
416.022418
 42
0.062889
  0
VERTEX
  8
0
 10
434.417205
 20
415.343958
 42
0.092666
  0
VERTEX
  8
0
 10
434.767686
 20
414.832314
 42
0.117084
  0
VERTEX
  8
0
 10
435.209489
 20
414.560048
 42
0.358471
  0
VERTEX
  8
0
 10
435.514530
 20
414.678088
 42
0.123238
  0
VERTEX
  8
0
 10
435.670697
 20
415.246929
 42
0.020130
  0
VERTEX
  8
0
 10
435.650468
 20
416.398826
 42
0.008343
  0
VERTEX
  8
0
 10
435.501910
 20
418.389247
 42
0.206137
  0
VERTEX
  8
0
 10
435.244268
 20
418.863375
 42
0.482536
  0
VERTEX
  8
0
 10
434.911605
 20
418.784535
 42
0.018134
  0
SEQEND
  0
POLYLINE
  8
0
 66
1
 70
1
  0
VERTEX
  8
0
 10
223.157895
 20
411.000000
 42
0.017491
  0
VERTEX
  8
0
 10
223.189089
 20
410.108560
 42
0.078554
  0
VERTEX
  8
0
 10
223.306058
 20
409.601562
 42
0.447206
  0
VERTEX
  8
0
 10
223.474999
 20
409.540618
 42
0.174857
  0
VERTEX
  8
0
 10
223.662281
 20
409.750000
 42
0.057986
  0
VERTEX
  8
0
 10
223.818615
 20
410.320008
 42
0.037979
  0
VERTEX
  8
0
 10
223.870340
 20
411.000000
 42
0.037979
  0
VERTEX
  8
0
 10
223.818615
 20
411.679992
 42
0.057986
  0
VERTEX
  8
0
 10
223.662281
 20
412.250000
 42
0.174857
  0
VERTEX
  8
0
 10
223.474999
 20
412.459382
 42
0.447206
  0
VERTEX
  8
0
 10
223.306058
 20
412.398438
 42
0.078554
  0
VERTEX
  8
0
 10
223.189089
 20
411.891440
 42
0.017491
  0
SEQEND
  0
POLYLINE
  8
0
 66
1
 70
1
  0
VERTEX
  8
0
 10
229.670548
 20
410.416154
 42
0.034486
  0
VERTEX
  8
0
 10
229.996105
 20
409.716204
 42
0.199315
  0
VERTEX
  8
0
 10
230.308465
 20
409.467192
 42
0.271436
  0
VERTEX
  8
0
 10
230.638175
 20
409.551573
 42
0.059214
  0
VERTEX
  8
0
 10
231.018113
 20
410.029307
 42
-0.042551
  0
VERTEX
  8
0
 10
231.405410
 20
410.550983
 42
-0.248965
  0
VERTEX
  8
0
 10
231.714719
 20
410.667094
 42
-0.232192
  0
VERTEX
  8
0
 10
232.000000
 20
410.478060
 42
-0.037717
  0
VERTEX
  8
0
 10
232.300002
 20
409.863153
 42
0.023718
  0
VERTEX
  8
0
 10
232.559972
 20
409.290165
 42
0.438953
  0
VERTEX
  8
0
 10
232.731622
 20
409.242627
 42
0.232968
  0
VERTEX
  8
0
 10
232.864069
 20
409.455800
 42
0.013273
  0
VERTEX
  8
0
 10
232.921053
 20
410.250000
 42
0.092314
  0
VERTEX
  8
0
 10
232.818761
 20
410.981043
 42
0.125814
  0
VERTEX
  8
0
 10
232.459196
 20
411.537788
 42
0.116153
  0
VERTEX
  8
0
 10
231.850992
 20
411.882617
 42
0.071246
  0
VERTEX
  8
0
 10
231.031385
 20
412.000000
 42
0.049964
  0
VERTEX
  8
0
 10
230.159924
 20
411.912698
 42
0.166847
  0
VERTEX
  8
0
 10
229.671068
 20
411.626046
 42
0.198126
  0
VERTEX
  8
0
 10
229.509746
 20
411.136987
 42
0.073594
  0
SEQEND
  0
POLYLINE
  8
0
 66
1
 70
1
  0
VERTEX
  8
0
 10
218.194949
 20
404.500000
 42
0.012823
  0
VERTEX
  8
0
 10
218.235556
 20
403.431793
 42
0.080377
  0
VERTEX
  8
0
 10
218.356533
 20
402.900903
 42
0.597527
  0
VERTEX
  8
0
 10
218.516660
 20
402.883358
 42
0.087174
  0
VERTEX
  8
0
 10
218.692991
 20
403.269032
 42
0.037336
  0
VERTEX
  8
0
 10
218.832894
 20
404.036634
 42
0.029507
  0
VERTEX
  8
0
 10
218.872264
 20
404.880008
 42
0.030339
  0
VERTEX
  8
0
 10
218.814405
 20
405.671085
 42
0.062780
  0
VERTEX
  8
0
 10
218.655937
 20
406.269032
 42
0.313180
  0
VERTEX
  8
0
 10
218.477130
 20
406.386009
 42
0.333666
  0
VERTEX
  8
0
 10
218.315079
 20
406.257153
 42
0.052471
  0
VERTEX
  8
0
 10
218.212705
 20
405.580113
 42
0.014395
  0
SEQEND
  0
POLYLINE
  8
0
 66
1
 70
1
  0
VERTEX
  8
0
 10
220.500000
 20
406.000000
 42
0.101161
  0
VERTEX
  8
0
 10
220.859627
 20
405.617978
 42
0.052761
  0
VERTEX
  8
0
 10
221.433213
 20
405.298248
 42
0.049393
  0
VERTEX
  8
0
 10
222.116349
 20
405.083635
 42
0.053738
  0
VERTEX
  8
0
 10
222.809017
 20
405.015313
 42
0.012098
  0
VERTEX
  8
0
 10
223.761472
 20
405.046994
 42
0.343021
  0
VERTEX
  8
0
 10
223.935744
 20
405.199331
 42
0.295079
  0
VERTEX
  8
0
 10
223.842749
 20
405.430616
 42
0.010223
  0
VERTEX
  8
0
 10
223.000000
 20
406.000000
 42
0.033010
  0
VERTEX
  8
0
 10
221.680839
 20
406.733972
 42
0.110887
  0
VERTEX
  8
0
 10
220.722292
 20
406.949198
 42
0.372932
  0
VERTEX
  8
0
 10
220.366526
 20
406.640978
 42
0.175918
  0
SEQEND
  0
POLYLINE
  8
0
 66
1
 70
1
  0
VERTEX
  8
0
 10
229.000000
 20
404.000000
 42
0.027275
  0
VERTEX
  8
0
 10
228.445888
 20
403.597454
 42
0.147021
  0
VERTEX
  8
0
 10
228.239151
 20
403.292684
 42
0.379910
  0
VERTEX
  8
0
 10
228.327599
 20
403.095709
 42
0.102799
  0
VERTEX
  8
0
 10
228.690983
 20
403.015313
 42
0.074131
  0
VERTEX
  8
0
 10
229.192374
 20
403.083483
 42
0.053889
  0
VERTEX
  8
0
 10
229.713662
 20
403.298248
 42
0.054031
  0
VERTEX
  8
0
 10
230.175433
 20
403.618541
 42
0.075854
  0
VERTEX
  8
0
 10
230.500000
 20
404.000000
 42
0.034464
  0
VERTEX
  8
0
 10
230.886554
 20
404.734105
 42
0.541951
  0
VERTEX
  8
0
 10
230.758161
 20
404.931144
 42
0.136158
  0
VERTEX
  8
0
 10
230.281145
 20
404.798791
 42
0.008108
  0
SEQEND
  0
POLYLINE
  8
0
 66
1
 70
1
  0
VERTEX
  8
0
 10
82.638374
 20
394.500000
 42
0.021360
  0
VERTEX
  8
0
 10
82.887494
 20
393.925442
 42
0.030395
  0
VERTEX
  8
0
 10
83.160341
 20
393.440625
 42
0.030693
  0
VERTEX
  8
0
 10
83.420671
 20
393.087111
 42
0.222225
  0
VERTEX
  8
0
 10
83.606989
 20
393.000000
 42
0.289661
  0
VERTEX
  8
0
 10
83.758929
 20
393.096084
 42
0.046727
  0
VERTEX
  8
0
 10
83.884553
 20
393.440625
 42
0.039339
  0
VERTEX
  8
0
 10
83.971531
 20
393.925176
 42
0.024748
  0
VERTEX
  8
0
 10
84.000000
 20
394.500000
 42
0.062722
  0
VERTEX
  8
0
 10
83.927770
 20
395.073532
 42
0.080880
  0
VERTEX
  8
0
 10
83.715469
 20
395.559375
 42
0.098158
  0
VERTEX
  8
0
 10
83.400789
 20
395.884506
 42
0.152681
  0
VERTEX
  8
0
 10
83.031385
 20
396.000000
 42
0.184534
  0
VERTEX
  8
0
 10
82.710807
 20
395.877514
 42
0.147206
  0
VERTEX
  8
0
 10
82.516384
 20
395.559375
 42
0.100118
  0
VERTEX
  8
0
 10
82.488865
 20
395.074366
 42
0.055937
  0
SEQEND
  0
POLYLINE
  8
0
 66
1
 70
1
  0
VERTEX
  8
0
 10
85.355876
 20
394.766802
 42
0.073560
  0
VERTEX
  8
0
 10
85.188352
 20
394.377877
 42
0.072421
  0
VERTEX
  8
0
 10
85.139387
 20
393.954983
 42
0.077864
  0
VERTEX
  8
0
 10
85.212472
 20
393.563864
 42
0.111775
  0
VERTEX
  8
0
 10
85.399864
 20
393.266802
 42
0.144010
  0
VERTEX
  8
0
 10
85.626986
 20
393.142918
 42
0.260520
  0
VERTEX
  8
0
 10
85.823710
 20
393.203001
 42
0.143953
  0
VERTEX
  8
0
 10
85.958448
 20
393.462615
 42
0.048234
  0
VERTEX
  8
0
 10
86.000000
 20
393.892350
 42
-0.081648
  0
VERTEX
  8
0
 10
86.069898
 20
394.317541
 42
-0.160128
  0
VERTEX
  8
0
 10
86.273452
 20
394.588987
 42
-0.182985
  0
VERTEX
  8
0
 10
86.576421
 20
394.665650
 42
-0.110306
  0
VERTEX
  8
0
 10
86.930902
 20
394.542705
 42
0.090093
  0
VERTEX
  8
0
 10
87.326205
 20
394.387618
 42
0.095385
  0
VERTEX
  8
0
 10
87.742602
 20
394.385962
 42
0.099739
  0
VERTEX
  8
0
 10
88.115220
 20
394.536973
 42
0.108766
  0
VERTEX
  8
0
 10
88.386913
 20
394.817021
 42
0.165088
  0
VERTEX
  8
0
 10
88.461045
 20
395.138920
 42
0.190522
  0
VERTEX
  8
0
 10
88.317147
 20
395.417083
 42
0.122855
  0
VERTEX
  8
0
 10
87.948943
 20
395.605220
 42
0.057035
  0
VERTEX
  8
0
 10
87.412023
 20
395.666667
 42
0.054100
  0
VERTEX
  8
0
 10
86.796999
 20
395.599926
 42
0.049126
  0
VERTEX
  8
0
 10
86.189280
 20
395.402331
 42
0.052309
  0
VERTEX
  8
0
 10
85.677952
 20
395.111561
 42
0.099235
  0
SEQEND
  0
POLYLINE
  8
0
 66
1
 70
1
  0
VERTEX
  8
0
 10
138.812500
 20
395.316886
 42
0.051402
  0
VERTEX
  8
0
 10
139.359369
 20
395.160852
 42
0.054150
  0
VERTEX
  8
0
 10
139.916927
 20
395.123424
 42
0.060344
  0
VERTEX
  8
0
 10
140.402231
 20
395.202593
 42
0.126455
  0
VERTEX
  8
0
 10
140.729167
 20
395.395833
 42
0.296942
  0
VERTEX
  8
0
 10
140.775380
 20
395.614691
 42
0.208169
  0
VERTEX
  8
0
 10
140.592839
 20
395.799335
 42
0.077125
  0
VERTEX
  8
0
 10
140.112848
 20
395.910055
 42
0.028489
  0
VERTEX
  8
0
 10
139.416667
 20
395.921053
 42
0.018894
  0
VERTEX
  8
0
 10
138.670344
 20
395.862007
 42
0.168741
  0
VERTEX
  8
0
 10
138.378580
 20
395.720685
 42
0.470617
  0
VERTEX
  8
0
 10
138.395823
 20
395.538436
 42
0.054073
  0
SEQEND
  0
POLYLINE
  8
0
 66
1
 70
1
  0
VERTEX
  8
0
 10
224.582949
 20
395.134215
 42
0.052326
  0
VERTEX
  8
0
 10
224.327923
 20
394.604943
 42
0.061761
  0
VERTEX
  8
0
 10
224.206090
 20
394.062910
 42
0.072310
  0
VERTEX
  8
0
 10
224.228156
 20
393.590120
 42
0.149701
  0
VERTEX
  8
0
 10
224.399864
 20
393.266802
 42
0.208213
  0
VERTEX
  8
0
 10
225.031223
 20
393.018401
 42
0.228122
  0
VERTEX
  8
0
 10
225.610436
 20
393.323111
 42
0.143258
  0
VERTEX
  8
0
 10
225.913564
 20
394.144952
 42
0.097944
  0
VERTEX
  8
0
 10
225.787251
 20
395.138246
 42
0.033951
  0
VERTEX
  8
0
 10
225.536207
 20
395.749629
 42
0.286646
  0
VERTEX
  8
0
 10
225.294341
 20
395.899578
 42
0.233206
  0
VERTEX
  8
0
 10
225.012891
 20
395.759582
 42
0.024362
  0
SEQEND
  0
POLYLINE
  8
0
 66
1
 70
1
  0
VERTEX
  8
0
 10
227.403835
 20
394.844402
 42
0.067798
  0
VERTEX
  8
0
 10
227.217834
 20
394.425856
 42
0.070185
  0
VERTEX
  8
0
 10
227.153475
 20
393.977778
 42
0.077352
  0
VERTEX
  8
0
 10
227.215951
 20
393.569593
 42
0.120356
  0
VERTEX
  8
0
 10
227.399864
 20
393.266802
 42
0.185309
  0
VERTEX
  8
0
 10
227.627388
 20
393.165486
 42
0.249328
  0
VERTEX
  8
0
 10
227.828208
 20
393.259102
 42
0.117912
  0
VERTEX
  8
0
 10
227.968043
 20
393.579827
 42
0.041423
  0
VERTEX
  8
0
 10
228.015313
 20
394.083333
 42
-0.021532
  0
VERTEX
  8
0
 10
228.054499
 20
394.810106
 42
-0.410559
  0
VERTEX
  8
0
 10
228.213071
 20
394.942245
 42
-0.221176
  0
VERTEX
  8
0
 10
228.457144
 20
394.802572
 42
-0.010487
  0
VERTEX
  8
0
 10
229.000000
 20
394.000000
 42
0.007698
  0
VERTEX
  8
0
 10
229.590222
 20
393.116826
 42
0.246379
  0
VERTEX
  8
0
 10
229.812916
 20
393.000000
 42
0.392993
  0
VERTEX
  8
0
 10
229.959637
 20
393.136384
 42
0.013145
  0
VERTEX
  8
0
 10
230.000000
 20
394.000000
 42
-0.015506
  0
VERTEX
  8
0
 10
230.043965
 20
394.854185
 42
-0.390270
  0
VERTEX
  8
0
 10
230.202324
 20
395.000000
 42
-0.234639
  0
VERTEX
  8
0
 10
230.448437
 20
394.877776
 42
-0.008342
  0
VERTEX
  8
0
 10
231.091444
 20
394.000000
 42
0.005984
  0
VERTEX
  8
0
 10
231.660028
 20
393.216092
 42
0.203650
  0
VERTEX
  8
0
 10
231.854159
 20
393.102476
 42
0.518084
  0
VERTEX
  8
0
 10
231.944726
 20
393.201172
 42
0.012366
  0
VERTEX
  8
0
 10
231.771922
 20
393.912627
 42
0.170055
  0
VERTEX
  8
0
 10
231.074722
 20
394.931956
 42
0.106362
  0
VERTEX
  8
0
 10
229.742136
 20
395.530398
 42
0.111415
  0
VERTEX
  8
0
 10
228.330792
 20
395.513813
 42
0.198434
  0
SEQEND
  0
POLYLINE
  8
0
 66
1
 70
1
  0
VERTEX
  8
0
 10
327.547907
 20
395.214573
 42
0.111793
  0
VERTEX
  8
0
 10
327.033511
 20
394.399069
 42
0.234262
  0
VERTEX
  8
0
 10
327.121144
 20
393.673198
 42
0.179923
  0
VERTEX
  8
0
 10
327.809332
 20
393.166790
 42
0.069700
  0
VERTEX
  8
0
 10
329.000000
 20
393.000000
 42
0.050979
  0
VERTEX
  8
0
 10
329.765275
 20
393.078230
 42
0.070927
  0
VERTEX
  8
0
 10
330.412500
 20
393.311086
 42
0.091010
  0
VERTEX
  8
0
 10
330.847664
 20
393.654781
 42
0.182172
  0
VERTEX
  8
0
 10
331.000000
 20
394.059017
 42
-0.098926
  0
VERTEX
  8
0
 10
331.071817
 20
394.418448
 42
-0.176081
  0
VERTEX
  8
0
 10
331.273452
 20
394.637945
 42
-0.169366
  0
VERTEX
  8
0
 10
331.575570
 20
394.681645
 42
-0.090666
  0
VERTEX
  8
0
 10
331.930902
 20
394.542705
 42
0.082454
  0
VERTEX
  8
0
 10
332.322918
 20
394.382005
 42
0.092422
  0
VERTEX
  8
0
 10
332.730040
 20
394.365637
 42
0.100632
  0
VERTEX
  8
0
 10
333.088602
 20
394.494384
 42
0.118527
  0
VERTEX
  8
0
 10
333.344150
 20
394.747829
 42
0.518548
  0
VERTEX
  8
0
 10
333.101039
 20
395.317786
 42
0.032641
  0
VERTEX
  8
0
 10
330.969437
 20
395.630382
 42
0.029406
  0
VERTEX
  8
0
 10
328.617410
 20
395.681091
 42
0.189252
  0
SEQEND
  0
POLYLINE
  8
0
 66
1
 70
1
  0
VERTEX
  8
0
 10
72.286014
 20
387.500000
 42
0.006817
  0
VERTEX
  8
0
 10
72.315278
 20
385.711719
 42
0.040183
  0
VERTEX
  8
0
 10
72.418418
 20
384.780601
 42
0.720633
  0
VERTEX
  8
0
 10
72.561388
 20
384.761725
 42
0.075924
  0
VERTEX
  8
0
 10
72.717581
 20
385.263750
 42
0.022548
  0
VERTEX
  8
0
 10
72.846293
 20
386.485188
 42
0.015659
  0
VERTEX
  8
0
 10
72.885962
 20
387.872547
 42
0.015827
  0
VERTEX
  8
0
 10
72.839977
 20
389.209518
 42
0.031163
  0
VERTEX
  8
0
 10
72.703931
 20
390.263750
 42
0.248898
  0
VERTEX
  8
0
 10
72.549185
 20
390.455688
 42
0.490820
  0
VERTEX
  8
0
 10
72.403147
 20
390.374351
 42
0.030832
  0
VERTEX
  8
0
 10
72.307632
 20
389.297080
 42
0.007380
  0
SEQEND
  0
POLYLINE
  8
0
 66
1
 70
1
  0
VERTEX
  8
0
 10
88.666667
 20
390.333333
 42
0.116106
  0
VERTEX
  8
0
 10
88.084947
 20
389.393452
 42
0.149599
  0
VERTEX
  8
0
 10
88.058632
 20
388.383464
 42
0.171449
  0
VERTEX
  8
0
 10
88.589017
 20
387.625476
 42
0.156422
  0
VERTEX
  8
0
 10
89.500000
 20
387.333333
 42
0.091687
  0
VERTEX
  8
0
 10
90.072631
 20
387.439229
 42
0.095910
  0
VERTEX
  8
0
 10
90.559375
 20
387.742336
 42
0.099470
  0
VERTEX
  8
0
 10
90.885099
 20
388.194455
 42
0.106911
  0
VERTEX
  8
0
 10
91.000000
 20
388.725684
 42
-0.076042
  0
VERTEX
  8
0
 10
91.074414
 20
389.212152
 42
-0.153266
  0
VERTEX
  8
0
 10
91.293750
 20
389.527484
 42
-0.186722
  0
VERTEX
  8
0
 10
91.619584
 20
389.624606
 42
-0.119076
  0
VERTEX
  8
0
 10
92.000000
 20
389.500000
 42
0.082592
  0
VERTEX
  8
0
 10
92.382100
 20
389.343488
 42
0.161196
  0
VERTEX
  8
0
 10
92.706250
 20
389.374600
 42
0.182303
  0
VERTEX
  8
0
 10
92.921712
 20
389.586039
 42
0.108972
  0
VERTEX
  8
0
 10
93.000000
 20
389.940983
 42
0.296918
  0
VERTEX
  8
0
 10
92.550358
 20
390.631413
 42
0.081679
  0
VERTEX
  8
0
 10
91.232888
 20
390.972444
 42
0.071945
  0
VERTEX
  8
0
 10
89.709363
 20
390.891094
 42
0.148173
  0
SEQEND
  0
POLYLINE
  8
0
 66
1
 70
1
  0
VERTEX
  8
0
 10
130.613087
 20
389.817021
 42
0.108766
  0
VERTEX
  8
0
 10
130.884780
 20
389.536973
 42
0.099739
  0
VERTEX
  8
0
 10
131.257398
 20
389.385962
 42
0.095385
  0
VERTEX
  8
0
 10
131.673795
 20
389.387618
 42
0.090093
  0
VERTEX
  8
0
 10
132.069098
 20
389.542705
 42
0.026790
  0
VERTEX
  8
0
 10
132.852054
 20
390.086603
 42
0.350126
  0
VERTEX
  8
0
 10
132.929499
 20
390.407920
 42
0.269722
  0
VERTEX
  8
0
 10
132.618676
 20
390.623697
 42
0.019984
  0
VERTEX
  8
0
 10
131.543989
 20
390.666667
 42
0.059057
  0
VERTEX
  8
0
 10
131.024148
 20
390.605052
 42
0.126631
  0
VERTEX
  8
0
 10
130.669932
 20
390.417083
 42
0.191218
  0
VERTEX
  8
0
 10
130.534562
 20
390.139071
 42
0.158515
  0
SEQEND
  0
POLYLINE
  8
0
 66
1
 70
1
  0
VERTEX
  8
0
 10
136.683333
 20
390.350000
 42
0.119812
  0
VERTEX
  8
0
 10
136.028454
 20
389.274424
 42
0.252936
  0
VERTEX
  8
0
 10
136.204733
 20
388.343055
 42
0.166671
  0
VERTEX
  8
0
 10
137.231647
 20
387.702155
 42
0.056974
  0
VERTEX
  8
0
 10
139.000000
 20
387.500000
 42
0.031157
  0
VERTEX
  8
0
 10
140.463253
 20
387.591271
 42
0.108775
  0
VERTEX
  8
0
 10
141.349454
 20
387.906037
 42
0.160295
  0
VERTEX
  8
0
 10
141.830268
 20
388.482795
 42
0.094540
  0
VERTEX
  8
0
 10
142.000000
 20
389.372445
 42
0.030334
  0
VERTEX
  8
0
 10
141.945280
 20
390.273558
 42
0.234283
  0
VERTEX
  8
0
 10
141.719940
 20
390.616328
 42
0.272997
  0
VERTEX
  8
0
 10
141.339676
 20
390.614792
 42
0.038939
  0
VERTEX
  8
0
 10
140.676206
 20
390.146238
 42
-0.057794
  0
VERTEX
  8
0
 10
140.037475
 20
389.730255
 42
-0.104421
  0
VERTEX
  8
0
 10
139.435737
 20
389.574222
 42
-0.118786
  0
VERTEX
  8
0
 10
138.875881
 20
389.682378
 42
-0.089764
  0
VERTEX
  8
0
 10
138.359540
 20
390.040460
 42
0.067054
  0
VERTEX
  8
0
 10
137.928883
 20
390.368862
 42
0.083940
  0
VERTEX
  8
0
 10
137.457594
 20
390.540948
 42
0.099510
  0
VERTEX
  8
0
 10
137.020442
 20
390.534059
 42
0.143798
  0
SEQEND
  0
POLYLINE
  8
0
 66
1
 70
1
  0
VERTEX
  8
0
 10
143.755249
 20
388.500000
 42
0.013875
  0
VERTEX
  8
0
 10
143.966135
 20
387.541800
 42
0.021857
  0
VERTEX
  8
0
 10
144.205400
 20
386.734375
 42
0.017542
  0
VERTEX
  8
0
 10
144.443639
 20
386.114399
 42
0.300822
  0
VERTEX
  8
0
 10
144.616577
 20
386.000000
 42
0.347462
  0
VERTEX
  8
0
 10
144.767351
 20
386.119163
 42
0.020244
  0
VERTEX
  8
0
 10
144.887370
 20
386.734375
 42
0.023639
  0
VERTEX
  8
0
 10
144.972369
 20
387.541581
 42
0.014412
  0
VERTEX
  8
0
 10
145.000000
 20
388.500000
 42
0.032714
  0
VERTEX
  8
0
 10
144.937276
 20
389.457653
 42
0.050289
  0
VERTEX
  8
0
 10
144.746985
 20
390.265625
 42
0.064968
  0
VERTEX
  8
0
 10
144.469414
 20
390.823693
 42
0.249889
  0
VERTEX
  8
0
 10
144.138672
 20
391.000000
 42
0.285831
  0
VERTEX
  8
0
 10
143.843992
 20
390.816555
 42
0.076393
  0
VERTEX
  8
0
 10
143.670744
 20
390.265625
 42
0.053628
  0
VERTEX
  8
0
 10
143.634359
 20
389.458177
 42
0.031701
  0
SEQEND
  0
POLYLINE
  8
0
 66
1
 70
1
  0
VERTEX
  8
0
 10
218.194949
 20
388.500000
 42
0.012823
  0
VERTEX
  8
0
 10
218.235556
 20
387.431793
 42
0.080377
  0
VERTEX
  8
0
 10
218.356533
 20
386.900903
 42
0.597527
  0
VERTEX
  8
0
 10
218.516660
 20
386.883358
 42
0.087174
  0
VERTEX
  8
0
 10
218.692991
 20
387.269032
 42
0.037336
  0
VERTEX
  8
0
 10
218.832894
 20
388.036634
 42
0.029507
  0
VERTEX
  8
0
 10
218.872264
 20
388.880008
 42
0.030339
  0
VERTEX
  8
0
 10
218.814405
 20
389.671085
 42
0.062780
  0
VERTEX
  8
0
 10
218.655937
 20
390.269032
 42
0.313180
  0
VERTEX
  8
0
 10
218.477130
 20
390.386009
 42
0.333666
  0
VERTEX
  8
0
 10
218.315079
 20
390.257153
 42
0.052471
  0
VERTEX
  8
0
 10
218.212705
 20
389.580113
 42
0.014395
  0
SEQEND
  0
POLYLINE
  8
0
 66
1
 70
1
  0
VERTEX
  8
0
 10
221.157895
 20
389.000000
 42
0.017491
  0
VERTEX
  8
0
 10
221.189089
 20
388.108560
 42
0.078554
  0
VERTEX
  8
0
 10
221.306058
 20
387.601562
 42
0.447206
  0
VERTEX
  8
0
 10
221.474999
 20
387.540618
 42
0.174857
  0
VERTEX
  8
0
 10
221.662281
 20
387.750000
 42
0.057986
  0
VERTEX
  8
0
 10
221.818615
 20
388.320008
 42
0.037979
  0
VERTEX
  8
0
 10
221.870340
 20
389.000000
 42
0.037979
  0
VERTEX
  8
0
 10
221.818615
 20
389.679992
 42
0.057986
  0
VERTEX
  8
0
 10
221.662281
 20
390.250000
 42
0.174857
  0
VERTEX
  8
0
 10
221.474999
 20
390.459382
 42
0.447206
  0
VERTEX
  8
0
 10
221.306058
 20
390.398438
 42
0.078554
  0
VERTEX
  8
0
 10
221.189089
 20
389.891440
 42
0.017491
  0
SEQEND
  0
POLYLINE
  8
0
 66
1
 70
1
  0
VERTEX
  8
0
 10
224.241324
 20
390.502335
 42
-0.146922
  0
VERTEX
  8
0
 10
224.439134
 20
390.086824
 42
-0.082681
  0
VERTEX
  8
0
 10
224.432134
 20
389.523459
 42
-0.070215
  0
VERTEX
  8
0
 10
224.227831
 20
388.901990
 42
-0.058795
  0
VERTEX
  8
0
 10
223.849881
 20
388.319117
 42
0.013349
  0
VERTEX
  8
0
 10
223.286125
 20
387.601698
 42
0.321626
  0
VERTEX
  8
0
 10
223.282028
 20
387.360415
 42
0.330539
  0
VERTEX
  8
0
 10
223.507371
 20
387.283996
 42
0.013724
  0
VERTEX
  8
0
 10
224.358556
 20
387.584097
 42
0.073231
  0
VERTEX
  8
0
 10
225.487155
 20
388.219260
 42
0.198281
  0
VERTEX
  8
0
 10
225.935277
 20
389.001013
 42
0.213570
  0
VERTEX
  8
0
 10
225.686954
 20
389.827719
 42
0.084194
  0
VERTEX
  8
0
 10
224.750000
 20
390.601308
 42
0.017130
  0
VERTEX
  8
0
 10
224.298639
 20
390.840863
 42
0.162880
  0
VERTEX
  8
0
 10
224.084951
 20
390.868964
 42
0.524814
  0
VERTEX
  8
0
 10
224.041006
 20
390.768412
 42
0.045405
  0
SEQEND
  0
POLYLINE
  8
0
 66
1
 70
1
  0
VERTEX
  8
0
 10
327.731213
 20
388.919841
 42
0.025930
  0
VERTEX
  8
0
 10
328.004403
 20
388.059974
 42
0.106885
  0
VERTEX
  8
0
 10
328.298474
 20
387.603634
 42
0.353106
  0
VERTEX
  8
0
 10
328.564152
 20
387.575227
 42
0.170804
  0
VERTEX
  8
0
 10
328.787763
 20
387.863290
 42
0.085105
  0
VERTEX
  8
0
 10
328.876600
 20
388.443426
 42
0.059552
  0
VERTEX
  8
0
 10
328.786200
 20
389.100047
 42
0.058506
  0
VERTEX
  8
0
 10
328.539971
 20
389.729912
 42
0.074100
  0
VERTEX
  8
0
 10
328.168450
 20
390.231550
 42
0.069225
  0
VERTEX
  8
0
 10
327.729330
 20
390.563414
 42
0.470166
  0
VERTEX
  8
0
 10
327.508441
 20
390.477725
 42
0.131195
  0
VERTEX
  8
0
 10
327.479614
 20
390.004581
 42
0.013933
  0
SEQEND
  0
POLYLINE
  8
0
 66
1
 70
1
  0
VERTEX
  8
0
 10
332.157895
 20
389.000000
 42
0.017491
  0
VERTEX
  8
0
 10
332.189089
 20
388.108560
 42
0.078554
  0
VERTEX
  8
0
 10
332.306058
 20
387.601562
 42
0.447206
  0
VERTEX
  8
0
 10
332.474999
 20
387.540618
 42
0.174857
  0
VERTEX
  8
0
 10
332.662281
 20
387.750000
 42
0.057986
  0
VERTEX
  8
0
 10
332.818615
 20
388.320008
 42
0.037979
  0
VERTEX
  8
0
 10
332.870340
 20
389.000000
 42
0.037979
  0
VERTEX
  8
0
 10
332.818615
 20
389.679992
 42
0.057986
  0
VERTEX
  8
0
 10
332.662281
 20
390.250000
 42
0.174857
  0
VERTEX
  8
0
 10
332.474999
 20
390.459382
 42
0.447206
  0
VERTEX
  8
0
 10
332.306058
 20
390.398438
 42
0.078554
  0
VERTEX
  8
0
 10
332.189089
 20
389.891440
 42
0.017491
  0
SEQEND
  0
POLYLINE
  8
0
 66
1
 70
1
  0
VERTEX
  8
0
 10
335.428571
 20
389.073419
 42
0.039538
  0
VERTEX
  8
0
 10
335.484398
 20
388.368544
 42
0.085489
  0
VERTEX
  8
0
 10
335.659375
 20
387.855415
 42
0.161426
  0
VERTEX
  8
0
 10
335.917433
 20
387.614282
 42
0.251349
  0
VERTEX
  8
0
 10
336.214286
 20
387.632436
 42
0.106803
  0
VERTEX
  8
0
 10
336.515511
 20
387.922412
 42
0.051141
  0
VERTEX
  8
0
 10
336.769196
 20
388.398678
 42
0.047420
  0
VERTEX
  8
0
 10
336.941764
 20
388.971796
 42
0.049465
  0
VERTEX
  8
0
 10
337.000000
 20
389.559017
 42
0.052560
  0
VERTEX
  8
0
 10
336.941884
 20
390.110336
 42
0.072414
  0
VERTEX
  8
0
 10
336.769196
 20
390.576711
 42
0.092326
  0
VERTEX
  8
0
 10
336.514141
 20
390.889977
 42
0.177669
  0
VERTEX
  8
0
 10
336.214286
 20
391.000000
 42
0.223398
  0
VERTEX
  8
0
 10
335.913499
 20
390.858550
 42
0.076248
  0
VERTEX
  8
0
 10
335.659375
 20
390.434067
 42
0.057994
  0
VERTEX
  8
0
 10
335.486054
 20
389.811155
 42
0.038900
  0
SEQEND
  0
POLYLINE
  8
0
 66
1
 70
1
  0
VERTEX
  8
0
 10
54.000000
 20
382.138672
 42
0.285831
  0
VERTEX
  8
0
 10
54.183445
 20
381.843992
 42
0.076393
  0
VERTEX
  8
0
 10
54.734375
 20
381.670744
 42
0.053628
  0
VERTEX
  8
0
 10
55.541823
 20
381.634359
 42
0.031701
  0
VERTEX
  8
0
 10
56.500000
 20
381.755249
 42
0.013875
  0
VERTEX
  8
0
 10
57.458200
 20
381.966135
 42
0.021857
  0
VERTEX
  8
0
 10
58.265625
 20
382.205400
 42
0.017542
  0
VERTEX
  8
0
 10
58.885601
 20
382.443639
 42
0.300822
  0
VERTEX
  8
0
 10
59.000000
 20
382.616577
 42
0.347462
  0
VERTEX
  8
0
 10
58.880837
 20
382.767351
 42
0.020244
  0
VERTEX
  8
0
 10
58.265625
 20
382.887370
 42
0.023639
  0
VERTEX
  8
0
 10
57.458419
 20
382.972369
 42
0.014412
  0
VERTEX
  8
0
 10
56.500000
 20
383.000000
 42
0.032714
  0
VERTEX
  8
0
 10
55.542347
 20
382.937276
 42
0.050289
  0
VERTEX
  8
0
 10
54.734375
 20
382.746985
 42
0.064968
  0
VERTEX
  8
0
 10
54.176307
 20
382.469414
 42
0.249889
  0
SEQEND
  0
POLYLINE
  8
0
 66
1
 70
1
  0
VERTEX
  8
0
 10
49.755249
 20
377.500000
 42
0.027044
  0
VERTEX
  8
0
 10
49.992590
 20
376.542419
 42
0.039477
  0
VERTEX
  8
0
 10
50.311540
 20
375.734375
 42
0.045172
  0
VERTEX
  8
0
 10
50.659314
 20
375.160907
 42
0.238201
  0
VERTEX
  8
0
 10
50.977905
 20
375.000000
 42
0.312285
  0
VERTEX
  8
0
 10
51.230620
 20
375.174894
 42
0.063511
  0
VERTEX
  8
0
 10
51.363501
 20
375.734375
 42
0.046549
  0
VERTEX
  8
0
 10
51.374243
 20
376.541637
 42
0.027296
  0
VERTEX
  8
0
 10
51.244751
 20
377.500000
 42
0.027044
  0
VERTEX
  8
0
 10
51.007410
 20
378.457581
 42
0.039477
  0
VERTEX
  8
0
 10
50.688460
 20
379.265625
 42
0.045172
  0
VERTEX
  8
0
 10
50.340686
 20
379.839093
 42
0.238201
  0
VERTEX
  8
0
 10
50.022095
 20
380.000000
 42
0.312285
  0
VERTEX
  8
0
 10
49.769380
 20
379.825106
 42
0.063511
  0
VERTEX
  8
0
 10
49.636499
 20
379.265625
 42
0.046549
  0
VERTEX
  8
0
 10
49.625757
 20
378.458363
 42
0.027296
  0
SEQEND
  0
POLYLINE
  8
0
 66
1
 70
1
  0
VERTEX
  8
0
 10
55.542705
 20
379.069098
 42
0.096910
  0
VERTEX
  8
0
 10
55.392636
 20
378.670838
 42
0.097419
  0
VERTEX
  8
0
 10
55.404140
 20
378.246164
 42
0.098430
  0
VERTEX
  8
0
 10
55.575024
 20
377.860961
 42
0.101208
  0
VERTEX
  8
0
 10
55.878903
 20
377.574842
 42
0.157716
  0
VERTEX
  8
0
 10
56.271104
 20
377.478565
 42
0.122565
  0
VERTEX
  8
0
 10
56.691106
 20
377.615910
 42
0.096130
  0
VERTEX
  8
0
 10
57.076686
 20
377.976296
 42
0.065363
  0
VERTEX
  8
0
 10
57.363830
 20
378.505744
 42
0.124688
  0
VERTEX
  8
0
 10
57.475758
 20
379.447359
 42
0.293249
  0
VERTEX
  8
0
 10
57.039042
 20
379.965546
 42
0.232893
  0
VERTEX
  8
0
 10
56.270687
 20
379.843423
 42
0.100833
  0
SEQEND
  0
POLYLINE
  8
0
 66
1
 70
1
  0
VERTEX
  8
0
 10
54.000000
 20
375.000000
 42
0.105053
  0
VERTEX
  8
0
 10
54.081062
 20
374.618444
 42
0.099167
  0
VERTEX
  8
0
 10
54.311086
 20
374.293750
 42
0.096420
  0
VERTEX
  8
0
 10
54.654762
 20
374.076123
 42
0.093332
  0
VERTEX
  8
0
 10
55.059017
 20
374.000000
 42
0.108972
  0
VERTEX
  8
0
 10
55.413961
 20
374.078288
 42
0.182303
  0
VERTEX
  8
0
 10
55.625400
 20
374.293750
 42
0.161196
  0
VERTEX
  8
0
 10
55.656512
 20
374.617900
 42
0.082592
  0
VERTEX
  8
0
 10
55.500000
 20
375.000000
 42
0.029505
  0
VERTEX
  8
0
 10
55.231006
 20
375.382774
 42
0.035638
  0
VERTEX
  8
0
 10
54.933975
 20
375.706250
 42
0.038439
  0
VERTEX
  8
0
 10
54.651710
 20
375.934461
 42
0.151918
  0
VERTEX
  8
0
 10
54.440983
 20
376.000000
 42
0.210953
  0
VERTEX
  8
0
 10
54.272352
 20
375.925540
 42
0.081139
  0
VERTEX
  8
0
 10
54.129539
 20
375.706250
 42
0.061769
  0
VERTEX
  8
0
 10
54.032345
 20
375.382849
 42
0.042167
  0
SEQEND
  0
POLYLINE
  8
0
 66
1
 70
1
  0
VERTEX
  8
0
 10
410.916667
 20
374.218615
 42
0.004676
  0
VERTEX
  8
0
 10
410.613870
 20
371.375346
 42
0.032274
  0
VERTEX
  8
0
 10
410.568684
 20
369.973282
 42
0.085481
  0
VERTEX
  8
0
 10
410.717218
 20
369.251137
 42
0.308623
  0
VERTEX
  8
0
 10
411.085331
 20
369.000000
 42
-0.048716
  0
VERTEX
  8
0
 10
411.490443
 20
368.960435
 42
-0.011547
  0
VERTEX
  8
0
 10
412.153879
 20
368.813606
 42
-0.011773
  0
VERTEX
  8
0
 10
412.911823
 20
368.608366
 42
-0.011369
  0
VERTEX
  8
0
 10
413.668213
 20
368.365467
 42
0.007448
  0
VERTEX
  8
0
 10
414.734507
 20
368.013800
 42
0.561491
  0
VERTEX
  8
0
 10
414.846878
 20
368.112272
 42
0.179569
  0
VERTEX
  8
0
 10
414.705328
 20
368.355323
 42
0.003125
  0
VERTEX
  8
0
 10
413.500000
 20
369.333664
 42
-0.025742
  0
VERTEX
  8
0
 10
412.804094
 20
369.952748
 42
-0.070409
  0
VERTEX
  8
0
 10
412.405729
 20
370.474934
 42
-0.202684
  0
VERTEX
  8
0
 10
412.369068
 20
370.803384
 42
-0.323820
  0
VERTEX
  8
0
 10
412.583333
 20
370.968197
 42
0.251685
  0
VERTEX
  8
0
 10
413.374225
 20
371.423635
 42
0.158143
  0
VERTEX
  8
0
 10
413.635558
 20
372.484619
 42
0.124943
  0
VERTEX
  8
0
 10
413.234818
 20
373.690735
 42
0.160100
  0
VERTEX
  8
0
 10
412.333333
 20
374.425582
 42
0.047822
  0
VERTEX
  8
0
 10
411.816610
 20
374.569055
 42
0.080255
  0
VERTEX
  8
0
 10
411.367188
 20
374.575841
 42
0.117937
  0
VERTEX
  8
0
 10
411.054685
 20
374.451074
 42
0.213325
  0
SEQEND
  0
POLYLINE
  8
0
 66
1
 70
1
  0
VERTEX
  8
0
 10
48.812500
 20
373.316886
 42
0.051402
  0
VERTEX
  8
0
 10
49.359369
 20
373.160852
 42
0.054150
  0
VERTEX
  8
0
 10
49.916927
 20
373.123424
 42
0.060344
  0
VERTEX
  8
0
 10
50.402231
 20
373.202593
 42
0.126455
  0
VERTEX
  8
0
 10
50.729167
 20
373.395833
 42
0.296942
  0
VERTEX
  8
0
 10
50.775380
 20
373.614691
 42
0.208169
  0
VERTEX
  8
0
 10
50.592839
 20
373.799335
 42
0.077125
  0
VERTEX
  8
0
 10
50.112848
 20
373.910055
 42
0.028489
  0
VERTEX
  8
0
 10
49.416667
 20
373.921053
 42
0.018894
  0
VERTEX
  8
0
 10
48.670344
 20
373.862007
 42
0.168741
  0
VERTEX
  8
0
 10
48.378580
 20
373.720685
 42
0.470617
  0
VERTEX
  8
0
 10
48.395823
 20
373.538436
 42
0.054073
  0
SEQEND
  0
POLYLINE
  8
0
 66
1
 70
1
  0
VERTEX
  8
0
 10
406.666667
 20
372.333333
 42
0.145518
  0
VERTEX
  8
0
 10
406.018453
 20
371.136542
 42
0.113787
  0
VERTEX
  8
0
 10
406.046979
 20
369.652098
 42
0.128964
  0
VERTEX
  8
0
 10
406.701503
 20
368.460594
 42
0.208106
  0
VERTEX
  8
0
 10
407.750000
 20
368.015313
 42
0.015246
  0
VERTEX
  8
0
 10
408.635609
 20
368.050082
 42
0.278496
  0
VERTEX
  8
0
 10
408.857048
 20
368.205828
 42
0.348700
  0
VERTEX
  8
0
 10
408.795767
 20
368.439555
 42
0.019656
  0
VERTEX
  8
0
 10
408.136847
 20
368.894262
 42
-0.022213
  0
VERTEX
  8
0
 10
407.426195
 20
369.390051
 42
-0.233412
  0
VERTEX
  8
0
 10
407.273695
 20
369.698930
 42
-0.275386
  0
VERTEX
  8
0
 10
407.436975
 20
369.972905
 42
-0.029355
  0
VERTEX
  8
0
 10
408.136847
 20
370.300002
 42
0.009318
  0
VERTEX
  8
0
 10
408.839546
 20
370.594735
 42
0.273550
  0
VERTEX
  8
0
 10
408.948077
 20
370.746443
 42
0.406489
  0
VERTEX
  8
0
 10
408.852413
 20
370.863486
 42
0.013290
  0
VERTEX
  8
0
 10
408.190983
 20
370.921053
 42
-0.084650
  0
VERTEX
  8
0
 10
407.737702
 20
371.026772
 42
-0.151941
  0
VERTEX
  8
0
 10
407.448037
 20
371.270559
 42
-0.170750
  0
VERTEX
  8
0
 10
407.367355
 20
371.613021
 42
-0.112144
  0
VERTEX
  8
0
 10
407.500000
 20
372.000000
 42
0.045206
  0
VERTEX
  8
0
 10
407.844641
 20
372.690012
 42
0.411980
  0
VERTEX
  8
0
 10
407.723734
 20
372.969180
 42
0.263974
  0
VERTEX
  8
0
 10
407.332613
 20
372.915789
 42
0.033401
  0
SEQEND
  0
POLYLINE
  8
0
 66
1
 70
1
  0
VERTEX
  8
0
 10
54.750000
 20
370.337719
 42
0.057986
  0
VERTEX
  8
0
 10
55.320008
 20
370.181385
 42
0.037979
  0
VERTEX
  8
0
 10
56.000000
 20
370.129660
 42
0.037979
  0
VERTEX
  8
0
 10
56.679992
 20
370.181385
 42
0.057986
  0
VERTEX
  8
0
 10
57.250000
 20
370.337719
 42
0.174857
  0
VERTEX
  8
0
 10
57.459382
 20
370.525001
 42
0.447206
  0
VERTEX
  8
0
 10
57.398438
 20
370.693942
 42
0.078554
  0
VERTEX
  8
0
 10
56.891440
 20
370.810911
 42
0.017491
  0
VERTEX
  8
0
 10
56.000000
 20
370.842105
 42
0.017491
  0
VERTEX
  8
0
 10
55.108560
 20
370.810911
 42
0.078554
  0
VERTEX
  8
0
 10
54.601562
 20
370.693942
 42
0.447206
  0
VERTEX
  8
0
 10
54.540618
 20
370.525001
 42
0.174857
  0
SEQEND
  0
POLYLINE
  8
0
 66
1
 70
1
  0
VERTEX
  8
0
 10
48.495635
 20
368.992937
 42
0.310855
  0
VERTEX
  8
0
 10
48.540610
 20
368.079497
 42
0.153928
  0
VERTEX
  8
0
 10
49.535373
 20
367.379237
 42
0.108496
  0
VERTEX
  8
0
 10
51.044084
 20
367.240399
 42
0.166776
  0
VERTEX
  8
0
 10
52.211268
 20
367.811268
 42
0.057517
  0
VERTEX
  8
0
 10
52.578772
 20
368.274672
 42
0.469529
  0
VERTEX
  8
0
 10
52.504030
 20
368.498438
 42
0.143914
  0
VERTEX
  8
0
 10
52.060553
 20
368.536052
 42
0.013633
  0
VERTEX
  8
0
 10
50.987679
 20
368.286527
 42
-0.021023
  0
VERTEX
  8
0
 10
49.952058
 20
368.061742
 42
-0.127952
  0
VERTEX
  8
0
 10
49.410324
 20
368.106712
 42
-0.347413
  0
VERTEX
  8
0
 10
49.242171
 20
368.372129
 42
-0.112864
  0
VERTEX
  8
0
 10
49.402645
 20
368.842476
 42
0.029863
  0
VERTEX
  8
0
 10
49.641867
 20
369.286824
 42
0.062628
  0
VERTEX
  8
0
 10
49.761014
 20
369.659977
 42
0.119629
  0
VERTEX
  8
0
 10
49.747812
 20
369.903524
 42
0.330978
  0
VERTEX
  8
0
 10
49.618034
 20
370.000000
 42
0.141859
  0
VERTEX
  8
0
 10
49.383437
 20
369.932074
 42
0.041928
  0
VERTEX
  8
0
 10
49.082079
 20
369.704175
 42
0.038385
  0
VERTEX
  8
0
 10
48.770676
 20
369.378354
 42
0.033129
  0
SEQEND
  0
POLYLINE
  8
0
 66
1
 70
1
  0
VERTEX
  8
0
 10
96.000000
 20
363.416667
 42
0.011741
  0
VERTEX
  8
0
 10
96.061538
 20
360.796342
 42
0.047459
  0
VERTEX
  8
0
 10
96.287205
 20
359.215669
 42
0.110503
  0
VERTEX
  8
0
 10
96.680573
 20
358.415210
 42
0.313633
  0
VERTEX
  8
0
 10
97.246353
 20
358.248784
 42
0.190643
  0
VERTEX
  8
0
 10
97.733660
 20
358.658002
 42
0.053451
  0
VERTEX
  8
0
 10
98.117608
 20
359.595481
 42
0.044513
  0
VERTEX
  8
0
 10
98.365366
 20
360.863566
 42
0.030346
  0
VERTEX
  8
0
 10
98.429006
 20
362.332118
 42
0.000000
  0
VERTEX
  8
0
 10
98.365305
 20
366.000000
 42
0.000000
  0
VERTEX
  8
0
 10
105.182653
 20
366.000000
 42
0.008785
  0
VERTEX
  8
0
 10
108.690293
 20
366.061635
 42
0.045390
  0
VERTEX
  8
0
 10
110.613775
 20
366.305007
 42
0.105218
  0
VERTEX
  8
0
 10
111.629657
 20
366.766296
 42
0.238074
  0
VERTEX
  8
0
 10
112.000000
 20
367.500000
 42
0.258593
  0
VERTEX
  8
0
 10
111.586019
 20
368.246922
 42
0.093584
  0
VERTEX
  8
0
 10
110.416667
 20
368.703125
 42
0.039364
  0
VERTEX
  8
0
 10
108.191484
 20
368.941370
 42
0.006994
  0
VERTEX
  8
0
 10
104.000000
 20
369.000000
 42
0.000000
  0
VERTEX
  8
0
 10
96.000000
 20
369.000000
 42
0.000000
  0
SEQEND
  0
POLYLINE
  8
0
 66
1
 70
1
  0
VERTEX
  8
0
 10
162.638374
 20
367.500000
 42
0.178759
  0
VERTEX
  8
0
 10
163.262735
 20
366.788397
 42
0.071323
  0
VERTEX
  8
0
 10
164.498333
 20
366.331167
 42
0.041360
  0
VERTEX
  8
0
 10
166.484011
 20
366.072890
 42
0.011668
  0
VERTEX
  8
0
 10
169.606989
 20
366.000000
 42
0.000000
  0
VERTEX
  8
0
 10
176.000000
 20
366.000000
 42
0.000000
  0
VERTEX
  8
0
 10
176.000000
 20
362.000000
 42
0.020272
  0
VERTEX
  8
0
 10
176.076585
 20
360.111825
 42
0.069535
  0
VERTEX
  8
0
 10
176.343750
 20
358.916667
 42
0.128937
  0
VERTEX
  8
0
 10
176.815157
 20
358.249641
 42
0.176579
  0
VERTEX
  8
0
 10
177.500000
 20
358.000000
 42
0.211442
  0
VERTEX
  8
0
 10
178.215544
 20
358.316753
 42
0.118311
  0
VERTEX
  8
0
 10
178.681818
 20
359.166667
 42
0.054498
  0
VERTEX
  8
0
 10
178.933383
 20
360.752068
 42
0.012120
  0
VERTEX
  8
0
 10
179.000000
 20
363.500000
 42
0.000000
  0
VERTEX
  8
0
 10
179.000000
 20
369.000000
 42
0.000000
  0
VERTEX
  8
0
 10
170.531385
 20
369.000000
 42
0.005411
  0
VERTEX
  8
0
 10
165.895511
 20
368.949830
 42
0.041564
  0
VERTEX
  8
0
 10
163.734677
 20
368.722711
 42
0.143228
  0
VERTEX
  8
0
 10
162.809015
 20
368.249798
 42
0.303964
  0
SEQEND
  0
POLYLINE
  8
0
 66
1
 70
1
  0
VERTEX
  8
0
 10
55.269032
 20
367.307009
 42
0.037336
  0
VERTEX
  8
0
 10
56.036634
 20
367.167106
 42
0.029507
  0
VERTEX
  8
0
 10
56.880008
 20
367.127736
 42
0.030339
  0
VERTEX
  8
0
 10
57.671085
 20
367.185595
 42
0.062780
  0
VERTEX
  8
0
 10
58.269032
 20
367.344063
 42
0.313180
  0
VERTEX
  8
0
 10
58.386009
 20
367.522870
 42
0.333666
  0
VERTEX
  8
0
 10
58.257153
 20
367.684921
 42
0.052471
  0
VERTEX
  8
0
 10
57.580113
 20
367.787295
 42
0.014395
  0
VERTEX
  8
0
 10
56.500000
 20
367.805051
 42
0.012823
  0
VERTEX
  8
0
 10
55.431793
 20
367.764444
 42
0.080377
  0
VERTEX
  8
0
 10
54.900903
 20
367.643467
 42
0.597527
  0
VERTEX
  8
0
 10
54.883358
 20
367.483340
 42
0.087174
  0
SEQEND
  0
POLYLINE
  8
0
 66
1
 70
1
  0
VERTEX
  8
0
 10
216.733333
 20
365.875912
 42
0.043285
  0
VERTEX
  8
0
 10
217.246577
 20
365.441312
 42
0.063152
  0
VERTEX
  8
0
 10
217.768815
 20
365.162781
 42
0.082976
  0
VERTEX
  8
0
 10
218.220211
 20
365.072099
 42
0.207420
  0
VERTEX
  8
0
 10
218.526461
 20
365.193128
 42
0.278911
  0
VERTEX
  8
0
 10
218.592490
 20
365.461316
 42
0.120343
  0
VERTEX
  8
0
 10
218.395085
 20
365.789051
 42
0.070189
  0
VERTEX
  8
0
 10
217.940734
 20
366.133723
 42
0.036269
  0
VERTEX
  8
0
 10
217.293128
 20
366.435707
 42
0.008399
  0
VERTEX
  8
0
 10
216.336218
 20
366.781790
 42
0.286372
  0
VERTEX
  8
0
 10
216.111181
 20
366.729672
 42
0.400052
  0
VERTEX
  8
0
 10
216.106486
 20
366.536448
 42
0.011214
  0
SEQEND
  0
POLYLINE
  8
0
 66
1
 70
1
  0
VERTEX
  8
0
 10
405.750000
 20
366.337719
 42
0.057986
  0
VERTEX
  8
0
 10
406.320008
 20
366.181385
 42
0.037979
  0
VERTEX
  8
0
 10
407.000000
 20
366.129660
 42
0.037979
  0
VERTEX
  8
0
 10
407.679992
 20
366.181385
 42
0.057986
  0
VERTEX
  8
0
 10
408.250000
 20
366.337719
 42
0.174857
  0
VERTEX
  8
0
 10
408.459382
 20
366.525001
 42
0.447206
  0
VERTEX
  8
0
 10
408.398438
 20
366.693942
 42
0.078554
  0
VERTEX
  8
0
 10
407.891440
 20
366.810911
 42
0.017491
  0
VERTEX
  8
0
 10
407.000000
 20
366.842105
 42
0.017491
  0
VERTEX
  8
0
 10
406.108560
 20
366.810911
 42
0.078554
  0
VERTEX
  8
0
 10
405.601562
 20
366.693942
 42
0.447206
  0
VERTEX
  8
0
 10
405.540618
 20
366.525001
 42
0.174857
  0
SEQEND
  0
POLYLINE
  8
0
 66
1
 70
1
  0
VERTEX
  8
0
 10
412.012608
 20
365.028954
 42
0.018728
  0
VERTEX
  8
0
 10
411.290619
 20
364.533683
 42
0.438046
  0
VERTEX
  8
0
 10
411.267007
 20
364.312509
 42
0.225766
  0
VERTEX
  8
0
 10
411.555373
 20
364.188091
 42
0.009607
  0
VERTEX
  8
0
 10
412.693330
 20
364.251852
 42
0.036687
  0
VERTEX
  8
0
 10
413.490143
 20
364.371079
 42
0.074080
  0
VERTEX
  8
0
 10
414.080700
 20
364.599968
 42
0.133105
  0
VERTEX
  8
0
 10
414.376370
 20
364.893812
 42
0.276063
  0
VERTEX
  8
0
 10
414.371705
 20
365.207586
 42
0.034573
  0
VERTEX
  8
0
 10
413.958509
 20
365.783082
 42
0.243276
  0
VERTEX
  8
0
 10
413.651011
 20
365.913709
 42
0.116668
  0
VERTEX
  8
0
 10
413.233975
 20
365.781104
 42
0.005914
  0
SEQEND
  0
POLYLINE
  8
0
 66
1
 70
1
  0
VERTEX
  8
0
 10
178.666667
 20
357.333333
 42
0.040581
  0
VERTEX
  8
0
 10
178.411546
 20
357.033062
 42
0.035664
  0
VERTEX
  8
0
 10
178.195833
 20
356.682694
 42
0.037366
  0
VERTEX
  8
0
 10
178.047151
 20
356.336704
 42
0.082983
  0
VERTEX
  8
0
 10
178.000000
 20
356.054561
 42
0.410985
  0
VERTEX
  8
0
 10
178.329898
 20
355.721003
 42
0.001277
  0
VERTEX
  8
0
 10
184.874343
 20
355.665504
 42
0.006685
  0
VERTEX
  8
0
 10
191.174778
 20
355.712406
 42
0.012631
  0
VERTEX
  8
0
 10
196.250000
 20
355.946408
 42
0.128300
  0
VERTEX
  8
0
 10
196.536189
 20
356.043330
 42
0.092870
  0
VERTEX
  8
0
 10
196.779687
 20
356.278007
 42
0.082403
  0
VERTEX
  8
0
 10
196.943658
 20
356.613843
 42
0.072568
  0
VERTEX
  8
0
 10
197.000000
 20
357.000000
 42
0.403722
  0
VERTEX
  8
0
 10
196.251644
 20
357.775758
 42
0.004444
  0
VERTEX
  8
0
 10
188.242575
 20
357.992591
 42
0.005880
  0
VERTEX
  8
0
 10
180.367475
 20
358.043156
 42
0.197525
  0
SEQEND
  0
POLYLINE
  8
0
 66
1
 70
1
  0
VERTEX
  8
0
 10
235.000000
 20
357.000000
 42
0.238967
  0
VERTEX
  8
0
 10
235.327028
 20
356.354821
 42
0.131259
  0
VERTEX
  8
0
 10
236.172358
 20
356.025492
 42
0.025530
  0
VERTEX
  8
0
 10
238.159571
 20
355.907267
 42
0.001069
  0
VERTEX
  8
0
 10
245.250000
 20
355.863045
 42
0.000000
  0
VERTEX
  8
0
 10
253.000000
 20
355.831275
 42
0.000000
  0
VERTEX
  8
0
 10
253.000000
 20
322.415637
 42
0.000000
  0
VERTEX
  8
0
 10
253.000000
 20
289.000000
 42
0.000000
  0
VERTEX
  8
0
 10
270.393011
 20
289.000000
 42
0.002813
  0
VERTEX
  8
0
 10
279.859115
 20
289.053265
 42
0.018010
  0
VERTEX
  8
0
 10
284.648636
 20
289.279834
 42
0.031873
  0
VERTEX
  8
0
 10
287.413755
 20
289.689288
 42
0.253653
  0
VERTEX
  8
0
 10
288.361626
 20
290.500000
 42
0.427311
  0
VERTEX
  8
0
 10
287.981890
 20
291.304010
 42
0.057031
  0
VERTEX
  8
0
 10
285.934740
 20
291.735979
 42
0.021016
  0
VERTEX
  8
0
 10
281.751802
 20
291.953662
 42
0.002492
  0
VERTEX
  8
0
 10
272.454568
 20
292.000000
 42
0.000000
  0
VERTEX
  8
0
 10
255.971906
 20
292.000000
 42
0.000000
  0
VERTEX
  8
0
 10
256.235953
 20
323.750000
 42
0.000000
  0
VERTEX
  8
0
 10
256.500000
 20
355.500000
 42
0.000000
  0
VERTEX
  8
0
 10
266.750392
 20
355.500000
 42
0.006097
  0
VERTEX
  8
0
 10
271.682355
 20
355.560142
 42
0.024246
  0
VERTEX
  8
0
 10
274.700696
 20
355.780477
 42
0.036775
  0
VERTEX
  8
0
 10
276.538035
 20
356.143120
 42
0.337706
  0
VERTEX
  8
0
 10
277.000392
 20
356.750000
 42
0.382600
  0
VERTEX
  8
0
 10
276.408650
 20
357.409701
 42
0.012342
  0
VERTEX
  8
0
 10
272.550005
 20
357.735114
 42
0.012274
  0
VERTEX
  8
0
 10
266.525535
 20
357.945486
 42
0.002590
  0
VERTEX
  8
0
 10
256.000000
 20
358.000000
 42
0.003419
  0
VERTEX
  8
0
 10
247.051269
 20
357.938815
 42
0.008477
  0
VERTEX
  8
0
 10
240.500000
 20
357.738095
 42
0.003677
  0
VERTEX
  8
0
 10
235.431615
 20
357.459374
 42
0.396085
  0
SEQEND
  0
POLYLINE
  8
0
 66
1
 70
1
  0
VERTEX
  8
0
 10
282.000000
 20
357.000000
 42
0.226478
  0
VERTEX
  8
0
 10
282.182831
 20
356.617064
 42
0.074992
  0
VERTEX
  8
0
 10
282.734375
 20
356.293750
 42
0.057076
  0
VERTEX
  8
0
 10
283.542644
 20
356.073116
 42
0.038131
  0
VERTEX
  8
0
 10
284.500000
 20
356.000000
 42
0.038131
  0
VERTEX
  8
0
 10
285.457356
 20
356.073116
 42
0.057076
  0
VERTEX
  8
0
 10
286.265625
 20
356.293750
 42
0.074992
  0
VERTEX
  8
0
 10
286.817169
 20
356.617064
 42
0.226478
  0
VERTEX
  8
0
 10
287.000000
 20
357.000000
 42
0.226478
  0
VERTEX
  8
0
 10
286.817169
 20
357.382936
 42
0.074992
  0
VERTEX
  8
0
 10
286.265625
 20
357.706250
 42
0.057076
  0
VERTEX
  8
0
 10
285.457356
 20
357.926884
 42
0.038131
  0
VERTEX
  8
0
 10
284.500000
 20
358.000000
 42
0.038131
  0
VERTEX
  8
0
 10
283.542644
 20
357.926884
 42
0.057076
  0
VERTEX
  8
0
 10
282.734375
 20
357.706250
 42
0.074992
  0
VERTEX
  8
0
 10
282.182831
 20
357.382936
 42
0.226478
  0
SEQEND
  0
POLYLINE
  8
0
 66
1
 70
1
  0
VERTEX
  8
0
 10
307.000000
 20
356.500000
 42
0.085015
  0
VERTEX
  8
0
 10
307.094843
 20
355.946227
 42
0.112004
  0
VERTEX
  8
0
 10
307.367188
 20
355.514063
 42
0.124722
  0
VERTEX
  8
0
 10
307.773817
 20
355.271843
 42
0.122220
  0
VERTEX
  8
0
 10
308.250000
 20
355.250000
 42
-0.451087
  0
VERTEX
  8
0
 10
308.939194
 20
354.725941
 42
-0.006283
  0
VERTEX
  8
0
 10
309.295299
 20
348.856250
 42
-0.008300
  0
VERTEX
  8
0
 10
309.577317
 20
339.885699
 42
-0.001628
  0
VERTEX
  8
0
 10
309.764047
 20
323.750000
 42
0.000000
  0
VERTEX
  8
0
 10
310.028094
 20
292.000000
 42
0.000000
  0
VERTEX
  8
0
 10
307.264047
 20
291.921053
 42
0.016845
  0
VERTEX
  8
0
 10
306.225335
 20
291.856319
 42
0.095281
  0
VERTEX
  8
0
 10
305.695438
 20
291.700545
 42
0.484335
  0
VERTEX
  8
0
 10
305.654892
 20
291.492875
 42
0.122482
  0
VERTEX
  8
0
 10
305.982143
 20
291.260338
 42
-0.069961
  0
VERTEX
  8
0
 10
307.792024
 20
290.239077
 42
-0.094393
  0
VERTEX
  8
0
 10
309.041733
 20
288.840214
 42
-0.086170
  0
VERTEX
  8
0
 10
309.762150
 20
286.977290
 42
-0.049311
  0
VERTEX
  8
0
 10
310.000000
 20
284.571429
 42
0.024625
  0
VERTEX
  8
0
 10
310.081042
 20
282.926917
 42
0.074926
  0
VERTEX
  8
0
 10
310.355000
 20
281.845238
 42
0.129458
  0
VERTEX
  8
0
 10
310.828096
 20
281.229469
 42
0.166052
  0
VERTEX
  8
0
 10
311.500000
 20
281.000000
 42
0.389903
  0
VERTEX
  8
0
 10
312.389066
 20
281.817592
 42
0.010897
  0
VERTEX
  8
0
 10
312.739964
 20
287.477692
 42
0.008952
  0
VERTEX
  8
0
 10
312.954160
 20
297.116698
 42
0.001079
  0
VERTEX
  8
0
 10
313.000000
 20
318.366153
 42
0.000000
  0
VERTEX
  8
0
 10
313.000000
 20
355.732305
 42
0.000000
  0
VERTEX
  8
0
 10
316.657371
 20
355.616153
 42
0.029745
  0
VERTEX
  8
0
 10
318.141212
 20
355.657303
 42
0.045946
  0
VERTEX
  8
0
 10
319.402702
 20
355.885586
 42
0.056663
  0
VERTEX
  8
0
 10
320.326114
 20
356.258760
 42
0.188461
  0
VERTEX
  8
0
 10
320.740705
 20
356.750000
 42
0.355917
  0
VERTEX
  8
0
 10
320.524133
 20
357.333421
 42
0.086686
  0
VERTEX
  8
0
 10
319.490089
 20
357.720916
 42
0.037831
  0
VERTEX
  8
0
 10
317.492970
 20
357.941438
 42
0.008587
  0
VERTEX
  8
0
 10
314.083333
 20
358.000000
 42
0.008311
  0
VERTEX
  8
0
 10
310.422007
 20
357.939134
 42
0.043887
  0
VERTEX
  8
0
 10
308.430556
 20
357.697059
 42
0.102542
  0
VERTEX
  8
0
 10
307.380523
 20
357.236867
 42
0.242962
  0
SEQEND
  0
POLYLINE
  8
0
 66
1
 70
1
  0
VERTEX
  8
0
 10
371.212161
 20
356.863517
 42
0.281422
  0
VERTEX
  8
0
 10
372.369888
 20
355.887601
 42
0.034720
  0
VERTEX
  8
0
 10
375.807727
 20
355.603933
 42
0.035558
  0
VERTEX
  8
0
 10
379.166341
 20
355.799524
 42
0.377016
  0
VERTEX
  8
0
 10
380.000759
 20
356.750000
 42
0.253532
  0
VERTEX
  8
0
 10
379.707967
 20
357.289529
 42
0.077852
  0
VERTEX
  8
0
 10
378.833375
 20
357.681777
 42
0.048021
  0
VERTEX
  8
0
 10
377.413895
 20
357.925794
 42
0.018571
  0
VERTEX
  8
0
 10
375.416667
 20
358.000000
 42
0.016923
  0
VERTEX
  8
0
 10
373.447594
 20
357.933336
 42
0.049116
  0
VERTEX
  8
0
 10
372.105336
 20
357.708673
 42
0.094883
  0
VERTEX
  8
0
 10
371.363629
 20
357.347463
 42
0.323129
  0
SEQEND
  0
POLYLINE
  8
0
 66
1
 70
1
  0
VERTEX
  8
0
 10
66.250000
 20
355.264961
 42
0.012378
  0
VERTEX
  8
0
 10
68.412501
 20
355.148215
 42
0.007295
  0
VERTEX
  8
0
 10
71.000000
 20
355.110462
 42
0.007295
  0
VERTEX
  8
0
 10
73.587499
 20
355.148215
 42
0.012378
  0
VERTEX
  8
0
 10
75.750000
 20
355.264961
 42
0.075495
  0
VERTEX
  8
0
 10
76.333540
 20
355.401218
 42
0.793398
  0
VERTEX
  8
0
 10
76.314062
 20
355.529482
 42
0.016391
  0
VERTEX
  8
0
 10
74.405918
 20
355.617144
 42
0.003282
  0
VERTEX
  8
0
 10
71.000000
 20
355.639504
 42
0.003282
  0
VERTEX
  8
0
 10
67.594082
 20
355.617144
 42
0.016391
  0
VERTEX
  8
0
 10
65.685938
 20
355.529482
 42
0.793398
  0
VERTEX
  8
0
 10
65.666460
 20
355.401218
 42
0.075495
  0
SEQEND
  0
POLYLINE
  8
0
 66
1
 70
1
  0
VERTEX
  8
0
 10
177.250000
 20
353.337719
 42
0.296373
  0
VERTEX
  8
0
 10
176.550058
 20
352.338419
 42
0.002542
  0
VERTEX
  8
0
 10
176.258718
 20
342.524916
 42
0.005124
  0
VERTEX
  8
0
 10
176.052544
 20
328.155627
 42
0.001025
  0
VERTEX
  8
0
 10
176.000000
 20
302.523655
 42
0.000808
  0
VERTEX
  8
0
 10
176.046202
 20
273.938465
 42
0.006559
  0
VERTEX
  8
0
 10
176.260314
 20
260.844966
 42
0.006232
  0
VERTEX
  8
0
 10
176.594429
 20
252.881972
 42
0.295690
  0
VERTEX
  8
0
 10
177.500000
 20
251.638374
 42
0.507860
  0
VERTEX
  8
0
 10
178.411837
 20
252.227247
 42
0.007019
  0
VERTEX
  8
0
 10
178.745510
 20
259.892595
 42
0.006628
  0
VERTEX
  8
0
 10
178.956225
 20
272.890998
 42
0.000738
  0
VERTEX
  8
0
 10
179.000000
 20
302.531385
 42
0.000455
  0
VERTEX
  8
0
 10
178.982039
 20
322.261692
 42
0.000761
  0
VERTEX
  8
0
 10
178.926562
 20
338.857903
 42
0.000025
  0
VERTEX
  8
0
 10
178.852914
 20
353.846020
 42
0.505362
  0
VERTEX
  8
0
 10
178.750000
 20
353.921053
 42
0.014880
  0
VERTEX
  8
0
 10
178.592253
 20
353.866025
 42
0.001374
  0
VERTEX
  8
0
 10
178.206250
 20
353.717133
 42
0.001771
  0
VERTEX
  8
0
 10
177.746967
 20
353.536647
 42
0.001388
  0
SEQEND
  0
POLYLINE
  8
0
 66
1
 70
1
  0
VERTEX
  8
0
 10
96.000000
 20
322.000000
 42
0.002237
  0
VERTEX
  8
0
 10
96.059836
 20
308.623046
 42
0.005825
  0
VERTEX
  8
0
 10
96.258065
 20
299.000000
 42
0.001812
  0
VERTEX
  8
0
 10
96.528911
 20
291.452841
 42
0.402692
  0
VERTEX
  8
0
 10
97.000000
 20
291.000000
 42
0.378312
  0
VERTEX
  8
0
 10
97.748594
 20
291.661008
 42
0.021429
  0
VERTEX
  8
0
 10
98.020092
 20
294.994804
 42
0.007765
  0
VERTEX
  8
0
 10
98.174595
 20
301.746834
 42
0.000326
  0
VERTEX
  8
0
 10
98.335321
 20
325.749565
 42
0.001907
  0
VERTEX
  8
0
 10
98.366159
 20
339.584626
 42
0.009556
  0
VERTEX
  8
0
 10
98.205791
 20
347.332168
 42
0.008001
  0
VERTEX
  8
0
 10
97.924235
 20
352.371870
 42
0.393233
  0
VERTEX
  8
0
 10
97.250000
 20
352.999565
 42
0.395349
  0
VERTEX
  8
0
 10
96.566775
 20
352.359706
 42
0.006220
  0
VERTEX
  8
0
 10
96.260077
 20
346.549996
 42
0.008397
  0
VERTEX
  8
0
 10
96.052811
 20
337.734449
 42
0.001678
  0
SEQEND
  0
POLYLINE
  8
0
 66
1
 70
1
  0
VERTEX
  8
0
 10
382.000000
 20
322.000000
 42
0.001325
  0
VERTEX
  8
0
 10
382.046517
 20
304.451155
 42
0.010762
  0
VERTEX
  8
0
 10
382.262097
 20
296.416667
 42
0.015147
  0
VERTEX
  8
0
 10
382.627293
 20
291.782465
 42
0.382656
  0
VERTEX
  8
0
 10
383.500000
 20
291.000000
 42
0.382656
  0
VERTEX
  8
0
 10
384.372707
 20
291.782465
 42
0.015147
  0
VERTEX
  8
0
 10
384.737903
 20
296.416667
 42
0.010762
  0
VERTEX
  8
0
 10
384.953483
 20
304.451155
 42
0.001325
  0
VERTEX
  8
0
 10
385.000000
 20
322.000000
 42
0.001325
  0
VERTEX
  8
0
 10
384.953483
 20
339.548845
 42
0.010762
  0
VERTEX
  8
0
 10
384.737903
 20
347.583333
 42
0.015147
  0
VERTEX
  8
0
 10
384.372707
 20
352.217535
 42
0.382656
  0
VERTEX
  8
0
 10
383.500000
 20
353.000000
 42
0.382656
  0
VERTEX
  8
0
 10
382.627293
 20
352.217535
 42
0.015147
  0
VERTEX
  8
0
 10
382.262097
 20
347.583333
 42
0.010762
  0
VERTEX
  8
0
 10
382.046517
 20
339.548845
 42
0.001325
  0
SEQEND
  0
POLYLINE
  8
0
 66
1
 70
1
  0
VERTEX
  8
0
 10
185.500000
 20
332.000000
 42
0.146325
  0
VERTEX
  8
0
 10
185.228266
 20
330.990666
 42
0.144467
  0
VERTEX
  8
0
 10
185.553147
 20
329.992115
 42
0.131205
  0
VERTEX
  8
0
 10
186.404587
 20
329.262677
 42
0.112333
  0
VERTEX
  8
0
 10
187.559017
 20
329.000000
 42
0.137622
  0
VERTEX
  8
0
 10
188.108519
 20
329.154167
 42
0.100183
  0
VERTEX
  8
0
 10
188.576711
 20
329.587500
 42
0.086062
  0
VERTEX
  8
0
 10
188.891917
 20
330.235643
 42
0.070352
  0
VERTEX
  8
0
 10
189.000000
 20
331.000000
 42
0.148170
  0
VERTEX
  8
0
 10
188.627782
 20
332.228473
 42
0.177865
  0
VERTEX
  8
0
 10
187.657809
 20
332.936213
 42
0.178179
  0
VERTEX
  8
0
 10
186.461727
 20
332.847111
 42
0.148632
  0
SEQEND
  0
POLYLINE
  8
0
 66
1
 70
1
  0
VERTEX
  8
0
 10
188.000000
 20
331.000000
 42
-0.099038
  0
VERTEX
  8
0
 10
187.923658
 20
330.618362
 42
-0.097945
  0
VERTEX
  8
0
 10
187.706250
 20
330.293750
 42
-0.097945
  0
VERTEX
  8
0
 10
187.381638
 20
330.076342
 42
-0.099038
  0
VERTEX
  8
0
 10
187.000000
 20
330.000000
 42
-0.099038
  0
VERTEX
  8
0
 10
186.618362
 20
330.076342
 42
-0.097945
  0
VERTEX
  8
0
 10
186.293750
 20
330.293750
 42
-0.097945
  0
VERTEX
  8
0
 10
186.076342
 20
330.618362
 42
-0.099038
  0
VERTEX
  8
0
 10
186.000000
 20
331.000000
 42
-0.099038
  0
VERTEX
  8
0
 10
186.076342
 20
331.381638
 42
-0.097945
  0
VERTEX
  8
0
 10
186.293750
 20
331.706250
 42
-0.097945
  0
VERTEX
  8
0
 10
186.618362
 20
331.923658
 42
-0.099038
  0
VERTEX
  8
0
 10
187.000000
 20
332.000000
 42
-0.099038
  0
VERTEX
  8
0
 10
187.381638
 20
331.923658
 42
-0.097945
  0
VERTEX
  8
0
 10
187.706250
 20
331.706250
 42
-0.097945
  0
VERTEX
  8
0
 10
187.923658
 20
331.381638
 42
-0.099038
  0
SEQEND
  0
POLYLINE
  8
0
 66
1
 70
1
  0
VERTEX
  8
0
 10
220.507079
 20
328.011454
 42
0.114400
  0
VERTEX
  8
0
 10
220.393111
 20
327.674071
 42
0.329480
  0
VERTEX
  8
0
 10
220.512472
 20
327.474315
 42
0.155351
  0
VERTEX
  8
0
 10
220.868281
 20
327.443138
 42
0.036408
  0
VERTEX
  8
0
 10
221.448062
 20
327.618443
 42
0.029964
  0
VERTEX
  8
0
 10
222.519970
 20
328.105273
 42
0.168622
  0
VERTEX
  8
0
 10
222.942608
 20
328.558518
 42
0.444011
  0
VERTEX
  8
0
 10
222.798253
 20
328.882327
 42
0.079093
  0
VERTEX
  8
0
 10
222.059017
 20
329.000000
 42
0.088797
  0
VERTEX
  8
0
 10
221.653950
 20
328.927491
 42
0.053277
  0
VERTEX
  8
0
 10
221.214980
 20
328.709615
 42
0.051183
  0
VERTEX
  8
0
 10
220.810572
 20
328.389589
 42
0.061454
  0
SEQEND
  0
POLYLINE
  8
0
 66
1
 70
1
  0
VERTEX
  8
0
 10
280.812500
 20
327.316886
 42
0.051402
  0
VERTEX
  8
0
 10
281.359369
 20
327.160852
 42
0.054150
  0
VERTEX
  8
0
 10
281.916927
 20
327.123424
 42
0.060344
  0
VERTEX
  8
0
 10
282.402231
 20
327.202593
 42
0.126455
  0
VERTEX
  8
0
 10
282.729167
 20
327.395833
 42
0.296942
  0
VERTEX
  8
0
 10
282.775380
 20
327.614691
 42
0.208169
  0
VERTEX
  8
0
 10
282.592839
 20
327.799335
 42
0.077125
  0
VERTEX
  8
0
 10
282.112848
 20
327.910055
 42
0.028489
  0
VERTEX
  8
0
 10
281.416667
 20
327.921053
 42
0.018894
  0
VERTEX
  8
0
 10
280.670344
 20
327.862007
 42
0.168741
  0
VERTEX
  8
0
 10
280.378580
 20
327.720685
 42
0.470617
  0
VERTEX
  8
0
 10
280.395823
 20
327.538436
 42
0.054073
  0
SEQEND
  0
POLYLINE
  8
0
 66
1
 70
1
  0
VERTEX
  8
0
 10
297.638374
 20
324.500000
 42
0.055937
  0
VERTEX
  8
0
 10
297.488865
 20
323.925634
 42
0.100118
  0
VERTEX
  8
0
 10
297.516384
 20
323.440625
 42
0.147206
  0
VERTEX
  8
0
 10
297.710807
 20
323.122486
 42
0.184534
  0
VERTEX
  8
0
 10
298.031385
 20
323.000000
 42
0.152681
  0
VERTEX
  8
0
 10
298.400789
 20
323.115494
 42
0.098158
  0
VERTEX
  8
0
 10
298.715469
 20
323.440625
 42
0.080880
  0
VERTEX
  8
0
 10
298.927770
 20
323.926468
 42
0.062722
  0
VERTEX
  8
0
 10
299.000000
 20
324.500000
 42
0.024748
  0
VERTEX
  8
0
 10
298.971531
 20
325.074824
 42
0.039339
  0
VERTEX
  8
0
 10
298.884553
 20
325.559375
 42
0.046727
  0
VERTEX
  8
0
 10
298.758929
 20
325.903916
 42
0.289661
  0
VERTEX
  8
0
 10
298.606989
 20
326.000000
 42
0.222225
  0
VERTEX
  8
0
 10
298.420671
 20
325.912889
 42
0.030693
  0
VERTEX
  8
0
 10
298.160341
 20
325.559375
 42
0.030395
  0
VERTEX
  8
0
 10
297.887494
 20
325.074558
 42
0.021360
  0
SEQEND
  0
POLYLINE
  8
0
 66
1
 70
1
  0
VERTEX
  8
0
 10
185.446149
 20
320.912868
 42
0.190717
  0
VERTEX
  8
0
 10
185.236038
 20
319.735958
 42
0.171854
  0
VERTEX
  8
0
 10
185.875747
 20
318.670270
 42
0.175934
  0
VERTEX
  8
0
 10
187.030050
 20
318.260019
 42
0.197141
  0
VERTEX
  8
0
 10
188.112868
 20
318.712868
 42
0.144911
  0
VERTEX
  8
0
 10
188.633646
 20
319.671654
 42
0.134859
  0
VERTEX
  8
0
 10
188.568376
 20
320.789156
 42
0.143758
  0
VERTEX
  8
0
 10
187.952416
 20
321.666716
 42
0.169916
  0
VERTEX
  8
0
 10
187.000000
 20
322.000000
 42
0.100929
  0
VERTEX
  8
0
 10
186.613314
 20
321.921141
 42
0.052079
  0
VERTEX
  8
0
 10
186.179745
 20
321.680655
 42
0.048757
  0
VERTEX
  8
0
 10
185.768565
 20
321.328718
 42
0.053016
  0
SEQEND
  0
POLYLINE
  8
0
 66
1
 70
1
  0
VERTEX
  8
0
 10
188.000000
 20
320.000000
 42
-0.099038
  0
VERTEX
  8
0
 10
187.923658
 20
319.618362
 42
-0.097945
  0
VERTEX
  8
0
 10
187.706250
 20
319.293750
 42
-0.097945
  0
VERTEX
  8
0
 10
187.381638
 20
319.076342
 42
-0.099038
  0
VERTEX
  8
0
 10
187.000000
 20
319.000000
 42
-0.099038
  0
VERTEX
  8
0
 10
186.618362
 20
319.076342
 42
-0.097945
  0
VERTEX
  8
0
 10
186.293750
 20
319.293750
 42
-0.097945
  0
VERTEX
  8
0
 10
186.076342
 20
319.618362
 42
-0.099038
  0
VERTEX
  8
0
 10
186.000000
 20
320.000000
 42
-0.099038
  0
VERTEX
  8
0
 10
186.076342
 20
320.381638
 42
-0.097945
  0
VERTEX
  8
0
 10
186.293750
 20
320.706250
 42
-0.097945
  0
VERTEX
  8
0
 10
186.618362
 20
320.923658
 42
-0.099038
  0
VERTEX
  8
0
 10
187.000000
 20
321.000000
 42
-0.099038
  0
VERTEX
  8
0
 10
187.381638
 20
320.923658
 42
-0.097945
  0
VERTEX
  8
0
 10
187.706250
 20
320.706250
 42
-0.097945
  0
VERTEX
  8
0
 10
187.923658
 20
320.381638
 42
-0.099038
  0
SEQEND
  0
POLYLINE
  8
0
 66
1
 70
1
  0
VERTEX
  8
0
 10
63.078947
 20
308.416667
 42
0.018894
  0
VERTEX
  8
0
 10
63.137993
 20
307.670344
 42
0.168741
  0
VERTEX
  8
0
 10
63.279315
 20
307.378580
 42
0.470617
  0
VERTEX
  8
0
 10
63.461564
 20
307.395823
 42
0.054073
  0
VERTEX
  8
0
 10
63.683114
 20
307.812500
 42
0.051402
  0
VERTEX
  8
0
 10
63.839148
 20
308.359369
 42
0.054150
  0
VERTEX
  8
0
 10
63.876576
 20
308.916927
 42
0.060344
  0
VERTEX
  8
0
 10
63.797407
 20
309.402231
 42
0.126455
  0
VERTEX
  8
0
 10
63.604167
 20
309.729167
 42
0.296942
  0
VERTEX
  8
0
 10
63.385309
 20
309.775380
 42
0.208169
  0
VERTEX
  8
0
 10
63.200665
 20
309.592839
 42
0.077125
  0
VERTEX
  8
0
 10
63.089945
 20
309.112848
 42
0.028489
  0
SEQEND
  0
POLYLINE
  8
0
 66
1
 70
1
  0
VERTEX
  8
0
 10
412.226190
 20
308.421277
 42
0.025624
  0
VERTEX
  8
0
 10
412.922345
 20
307.765278
 42
0.040938
  0
VERTEX
  8
0
 10
413.585822
 20
307.288962
 42
0.049795
  0
VERTEX
  8
0
 10
414.133352
 20
307.030321
 42
0.289503
  0
VERTEX
  8
0
 10
414.430712
 20
307.097379
 42
0.342991
  0
VERTEX
  8
0
 10
414.465039
 20
307.371532
 42
0.056956
  0
VERTEX
  8
0
 10
414.120955
 20
307.824095
 42
0.042367
  0
VERTEX
  8
0
 10
413.515455
 20
308.357587
 42
0.024195
  0
VERTEX
  8
0
 10
412.704522
 20
308.899609
 42
0.001303
  0
VERTEX
  8
0
 10
411.199081
 20
309.798352
 42
0.342804
  0
VERTEX
  8
0
 10
411.057007
 20
309.780515
 42
0.406252
  0
VERTEX
  8
0
 10
411.055240
 20
309.650819
 42
0.001428
  0
SEQEND
  0
POLYLINE
  8
0
 66
1
 70
1
  0
VERTEX
  8
0
 10
338.571700
 20
307.250000
 42
-0.019542
  0
VERTEX
  8
0
 10
338.972250
 20
306.890763
 42
-0.011060
  0
VERTEX
  8
0
 10
339.430111
 20
306.426562
 42
-0.011028
  0
VERTEX
  8
0
 10
339.871686
 20
305.937434
 42
-0.017789
  0
VERTEX
  8
0
 10
340.223054
 20
305.500000
 42
0.111066
  0
VERTEX
  8
0
 10
340.514255
 20
305.250498
 42
0.327207
  0
VERTEX
  8
0
 10
340.760309
 20
305.286490
 42
0.159858
  0
VERTEX
  8
0
 10
340.931604
 20
305.618706
 42
0.037587
  0
VERTEX
  8
0
 10
340.984687
 20
306.250000
 42
0.092982
  0
VERTEX
  8
0
 10
340.864580
 20
306.922707
 42
0.098893
  0
VERTEX
  8
0
 10
340.509628
 20
307.489797
 42
0.101386
  0
VERTEX
  8
0
 10
339.972559
 20
307.867015
 42
0.102919
  0
VERTEX
  8
0
 10
339.333333
 20
308.000000
 42
0.043317
  0
VERTEX
  8
0
 10
338.752042
 20
307.949546
 42
0.152297
  0
VERTEX
  8
0
 10
338.422103
 20
307.779688
 42
0.297449
  0
VERTEX
  8
0
 10
338.368486
 20
307.533999
 42
0.129577
  0
SEQEND
  0
POLYLINE
  8
0
 66
1
 70
1
  0
VERTEX
  8
0
 10
59.000000
 20
305.500000
 42
0.053595
  0
VERTEX
  8
0
 10
59.061690
 20
304.926139
 42
0.073362
  0
VERTEX
  8
0
 10
59.244792
 20
304.440625
 42
0.093122
  0
VERTEX
  8
0
 10
59.515341
 20
304.114688
 42
0.174820
  0
VERTEX
  8
0
 10
59.833333
 20
304.000000
 42
0.174820
  0
VERTEX
  8
0
 10
60.151326
 20
304.114688
 42
0.093122
  0
VERTEX
  8
0
 10
60.421875
 20
304.440625
 42
0.073362
  0
VERTEX
  8
0
 10
60.604977
 20
304.926139
 42
0.053595
  0
VERTEX
  8
0
 10
60.666667
 20
305.500000
 42
0.053595
  0
VERTEX
  8
0
 10
60.604977
 20
306.073861
 42
0.073362
  0
VERTEX
  8
0
 10
60.421875
 20
306.559375
 42
0.093122
  0
VERTEX
  8
0
 10
60.151326
 20
306.885312
 42
0.174820
  0
VERTEX
  8
0
 10
59.833333
 20
307.000000
 42
0.174820
  0
VERTEX
  8
0
 10
59.515341
 20
306.885312
 42
0.093122
  0
VERTEX
  8
0
 10
59.244792
 20
306.559375
 42
0.073362
  0
VERTEX
  8
0
 10
59.061690
 20
306.073861
 42
0.053595
  0
SEQEND
  0
POLYLINE
  8
0
 66
1
 70
1
  0
VERTEX
  8
0
 10
406.923489
 20
306.750000
 42
0.034237
  0
VERTEX
  8
0
 10
406.571226
 20
305.235610
 42
0.058243
  0
VERTEX
  8
0
 10
406.514442
 20
303.938346
 42
0.076650
  0
VERTEX
  8
0
 10
406.741813
 20
302.947700
 42
0.161023
  0
VERTEX
  8
0
 10
407.243575
 20
302.349462
 42
0.039272
  0
VERTEX
  8
0
 10
407.638118
 20
302.146525
 42
0.351014
  0
VERTEX
  8
0
 10
407.812954
 20
302.196532
 42
0.269018
  0
VERTEX
  8
0
 10
407.832155
 20
302.405882
 42
0.029869
  0
VERTEX
  8
0
 10
407.595492
 20
302.845492
 42
-0.087818
  0
VERTEX
  8
0
 10
407.417627
 20
303.292900
 42
-0.170128
  0
VERTEX
  8
0
 10
407.468358
 20
303.669715
 42
-0.177556
  0
VERTEX
  8
0
 10
407.739767
 20
303.921793
 42
-0.096635
  0
VERTEX
  8
0
 10
408.190983
 20
304.015313
 42
0.023972
  0
VERTEX
  8
0
 10
408.833025
 20
304.053645
 42
0.400788
  0
VERTEX
  8
0
 10
408.958619
 20
304.202496
 42
0.227482
  0
VERTEX
  8
0
 10
408.832266
 20
304.428987
 42
0.012464
  0
VERTEX
  8
0
 10
408.136847
 20
304.894262
 42
-0.022213
  0
VERTEX
  8
0
 10
407.426195
 20
305.390051
 42
-0.233412
  0
VERTEX
  8
0
 10
407.273695
 20
305.698930
 42
-0.275386
  0
VERTEX
  8
0
 10
407.436975
 20
305.972905
 42
-0.029355
  0
VERTEX
  8
0
 10
408.136847
 20
306.300002
 42
0.013489
  0
VERTEX
  8
0
 10
408.760410
 20
306.567680
 42
0.244218
  0
VERTEX
  8
0
 10
408.889177
 20
306.733843
 42
0.422144
  0
VERTEX
  8
0
 10
408.798277
 20
306.861526
 42
0.022540
  0
VERTEX
  8
0
 10
408.250000
 20
306.921053
 42
0.019048
  0
VERTEX
  8
0
 10
407.765494
 20
306.933160
 42
0.028792
  0
VERTEX
  8
0
 10
407.344712
 20
306.903372
 42
0.028064
  0
VERTEX
  8
0
 10
407.022132
 20
306.843219
 42
0.264238
  0
SEQEND
  0
POLYLINE
  8
0
 66
1
 70
1
  0
VERTEX
  8
0
 10
63.750000
 20
304.337719
 42
0.057986
  0
VERTEX
  8
0
 10
64.320008
 20
304.181385
 42
0.037979
  0
VERTEX
  8
0
 10
65.000000
 20
304.129660
 42
0.037979
  0
VERTEX
  8
0
 10
65.679992
 20
304.181385
 42
0.057986
  0
VERTEX
  8
0
 10
66.250000
 20
304.337719
 42
0.174857
  0
VERTEX
  8
0
 10
66.459382
 20
304.525001
 42
0.447206
  0
VERTEX
  8
0
 10
66.398438
 20
304.693942
 42
0.078554
  0
VERTEX
  8
0
 10
65.891440
 20
304.810911
 42
0.017491
  0
VERTEX
  8
0
 10
65.000000
 20
304.842105
 42
0.017491
  0
VERTEX
  8
0
 10
64.108560
 20
304.810911
 42
0.078554
  0
VERTEX
  8
0
 10
63.601562
 20
304.693942
 42
0.447206
  0
VERTEX
  8
0
 10
63.540618
 20
304.525001
 42
0.174857
  0
SEQEND
  0
POLYLINE
  8
0
 66
1
 70
1
  0
VERTEX
  8
0
 10
411.812500
 20
304.316886
 42
0.051402
  0
VERTEX
  8
0
 10
412.359369
 20
304.160852
 42
0.054150
  0
VERTEX
  8
0
 10
412.916927
 20
304.123424
 42
0.060344
  0
VERTEX
  8
0
 10
413.402231
 20
304.202593
 42
0.126455
  0
VERTEX
  8
0
 10
413.729167
 20
304.395833
 42
0.296942
  0
VERTEX
  8
0
 10
413.775380
 20
304.614691
 42
0.208169
  0
VERTEX
  8
0
 10
413.592839
 20
304.799335
 42
0.077125
  0
VERTEX
  8
0
 10
413.112848
 20
304.910055
 42
0.028489
  0
VERTEX
  8
0
 10
412.416667
 20
304.921053
 42
0.018894
  0
VERTEX
  8
0
 10
411.670344
 20
304.862007
 42
0.168741
  0
VERTEX
  8
0
 10
411.378580
 20
304.720685
 42
0.470617
  0
VERTEX
  8
0
 10
411.395823
 20
304.538436
 42
0.054073
  0
SEQEND
  0
POLYLINE
  8
0
 66
1
 70
1
  0
VERTEX
  8
0
 10
58.603006
 20
299.833333
 42
0.071639
  0
VERTEX
  8
0
 10
58.869696
 20
299.514519
 42
0.052880
  0
VERTEX
  8
0
 10
59.243158
 20
299.244792
 42
0.053298
  0
VERTEX
  8
0
 10
59.660916
 20
299.061561
 42
0.076861
  0
VERTEX
  8
0
 10
60.059017
 20
299.000000
 42
0.087308
  0
VERTEX
  8
0
 10
60.418314
 20
299.063221
 42
0.094392
  0
VERTEX
  8
0
 10
60.723586
 20
299.244792
 42
0.100145
  0
VERTEX
  8
0
 10
60.927786
 20
299.515437
 42
0.112153
  0
VERTEX
  8
0
 10
61.000000
 20
299.833333
 42
0.170324
  0
VERTEX
  8
0
 10
60.888458
 20
300.151276
 42
0.094314
  0
VERTEX
  8
0
 10
60.572297
 20
300.421875
 42
0.074868
  0
VERTEX
  8
0
 10
60.100961
 20
300.604892
 42
0.055286
  0
VERTEX
  8
0
 10
59.543989
 20
300.666667
 42
0.057730
  0
VERTEX
  8
0
 10
59.023273
 20
300.606344
 42
0.124167
  0
VERTEX
  8
0
 10
58.666970
 20
300.421875
 42
0.190804
  0
VERTEX
  8
0
 10
58.528782
 20
300.149103
 42
0.162770
  0
SEQEND
  0
POLYLINE
  8
0
 66
1
 70
1
  0
VERTEX
  8
0
 10
407.000000
 20
299.940983
 42
0.108972
  0
VERTEX
  8
0
 10
407.078288
 20
299.586039
 42
0.182303
  0
VERTEX
  8
0
 10
407.293750
 20
299.374600
 42
0.161196
  0
VERTEX
  8
0
 10
407.617900
 20
299.343488
 42
0.082592
  0
VERTEX
  8
0
 10
408.000000
 20
299.500000
 42
0.029505
  0
VERTEX
  8
0
 10
408.382774
 20
299.768994
 42
0.035638
  0
VERTEX
  8
0
 10
408.706250
 20
300.066025
 42
0.038439
  0
VERTEX
  8
0
 10
408.934461
 20
300.348290
 42
0.151918
  0
VERTEX
  8
0
 10
409.000000
 20
300.559017
 42
0.210953
  0
VERTEX
  8
0
 10
408.925540
 20
300.727648
 42
0.081139
  0
VERTEX
  8
0
 10
408.706250
 20
300.870461
 42
0.061769
  0
VERTEX
  8
0
 10
408.382849
 20
300.967655
 42
0.042167
  0
VERTEX
  8
0
 10
408.000000
 20
301.000000
 42
0.105053
  0
VERTEX
  8
0
 10
407.618444
 20
300.918938
 42
0.099167
  0
VERTEX
  8
0
 10
407.293750
 20
300.688914
 42
0.096420
  0
VERTEX
  8
0
 10
407.076123
 20
300.345238
 42
0.093332
  0
SEQEND
  0
POLYLINE
  8
0
 66
1
 70
1
  0
VERTEX
  8
0
 10
412.489919
 20
299.983688
 42
-0.105964
  0
VERTEX
  8
0
 10
412.167152
 20
299.647286
 42
-0.099320
  0
VERTEX
  8
0
 10
411.727473
 20
299.462971
 42
-0.096172
  0
VERTEX
  8
0
 10
411.238531
 20
299.459449
 42
-0.092519
  0
VERTEX
  8
0
 10
410.776393
 20
299.638197
 42
0.036790
  0
VERTEX
  8
0
 10
410.360313
 20
299.854827
 42
0.366819
  0
VERTEX
  8
0
 10
410.186224
 20
299.801607
 42
0.260828
  0
VERTEX
  8
0
 10
410.172941
 20
299.582957
 42
0.025996
  0
VERTEX
  8
0
 10
410.434519
 20
299.105950
 42
0.071163
  0
VERTEX
  8
0
 10
410.869380
 20
298.585095
 42
0.181496
  0
VERTEX
  8
0
 10
411.320121
 20
298.408210
 42
0.140543
  0
VERTEX
  8
0
 10
411.857578
 20
298.553707
 42
0.037290
  0
VERTEX
  8
0
 10
412.589028
 20
299.073886
 42
0.021402
  0
VERTEX
  8
0
 10
413.475914
 20
299.876440
 42
0.081669
  0
VERTEX
  8
0
 10
413.913609
 20
300.477382
 42
0.276163
  0
VERTEX
  8
0
 10
413.888135
 20
300.828756
 42
0.244592
  0
VERTEX
  8
0
 10
413.559017
 20
301.000000
 42
0.153278
  0
VERTEX
  8
0
 10
413.347756
 20
300.933678
 42
0.037947
  0
VERTEX
  8
0
 10
413.063064
 20
300.701458
 42
0.035264
  0
VERTEX
  8
0
 10
412.762768
 20
300.372715
 42
0.029041
  0
SEQEND
  0
POLYLINE
  8
0
 66
1
 70
1
  0
VERTEX
  8
0
 10
63.000000
 20
298.940983
 42
0.108972
  0
VERTEX
  8
0
 10
63.078288
 20
298.586039
 42
0.182303
  0
VERTEX
  8
0
 10
63.293750
 20
298.374600
 42
0.161196
  0
VERTEX
  8
0
 10
63.617900
 20
298.343488
 42
0.082592
  0
VERTEX
  8
0
 10
64.000000
 20
298.500000
 42
0.029505
  0
VERTEX
  8
0
 10
64.382774
 20
298.768994
 42
0.035638
  0
VERTEX
  8
0
 10
64.706250
 20
299.066025
 42
0.038439
  0
VERTEX
  8
0
 10
64.934461
 20
299.348290
 42
0.151918
  0
VERTEX
  8
0
 10
65.000000
 20
299.559017
 42
0.210953
  0
VERTEX
  8
0
 10
64.925540
 20
299.727648
 42
0.081139
  0
VERTEX
  8
0
 10
64.706250
 20
299.870461
 42
0.061769
  0
VERTEX
  8
0
 10
64.382849
 20
299.967655
 42
0.042167
  0
VERTEX
  8
0
 10
64.000000
 20
300.000000
 42
0.105053
  0
VERTEX
  8
0
 10
63.618444
 20
299.918938
 42
0.099167
  0
VERTEX
  8
0
 10
63.293750
 20
299.688914
 42
0.096420
  0
VERTEX
  8
0
 10
63.076123
 20
299.345238
 42
0.093332
  0
SEQEND
  0
POLYLINE
  8
0
 66
1
 70
1
  0
VERTEX
  8
0
 10
411.000000
 20
296.031385
 42
0.184534
  0
VERTEX
  8
0
 10
411.122486
 20
295.710807
 42
0.147206
  0
VERTEX
  8
0
 10
411.440625
 20
295.516384
 42
0.100118
  0
VERTEX
  8
0
 10
411.925634
 20
295.488865
 42
0.055937
  0
VERTEX
  8
0
 10
412.500000
 20
295.638374
 42
0.021360
  0
VERTEX
  8
0
 10
413.074558
 20
295.887494
 42
0.030395
  0
VERTEX
  8
0
 10
413.559375
 20
296.160341
 42
0.030693
  0
VERTEX
  8
0
 10
413.912889
 20
296.420671
 42
0.222225
  0
VERTEX
  8
0
 10
414.000000
 20
296.606989
 42
0.289661
  0
VERTEX
  8
0
 10
413.903916
 20
296.758929
 42
0.046727
  0
VERTEX
  8
0
 10
413.559375
 20
296.884553
 42
0.039339
  0
VERTEX
  8
0
 10
413.074824
 20
296.971531
 42
0.024748
  0
VERTEX
  8
0
 10
412.500000
 20
297.000000
 42
0.062722
  0
VERTEX
  8
0
 10
411.926468
 20
296.927770
 42
0.080880
  0
VERTEX
  8
0
 10
411.440625
 20
296.715469
 42
0.098158
  0
VERTEX
  8
0
 10
411.115494
 20
296.400789
 42
0.152681
  0
SEQEND
  0
POLYLINE
  8
0
 66
1
 70
1
  0
VERTEX
  8
0
 10
137.000000
 20
272.968615
 42
0.152681
  0
VERTEX
  8
0
 10
137.115494
 20
272.599211
 42
0.098158
  0
VERTEX
  8
0
 10
137.440625
 20
272.284531
 42
0.080880
  0
VERTEX
  8
0
 10
137.926468
 20
272.072230
 42
0.062722
  0
VERTEX
  8
0
 10
138.500000
 20
272.000000
 42
0.024748
  0
VERTEX
  8
0
 10
139.074824
 20
272.028469
 42
0.039339
  0
VERTEX
  8
0
 10
139.559375
 20
272.115447
 42
0.046727
  0
VERTEX
  8
0
 10
139.903916
 20
272.241071
 42
0.289661
  0
VERTEX
  8
0
 10
140.000000
 20
272.393011
 42
0.222225
  0
VERTEX
  8
0
 10
139.912889
 20
272.579329
 42
0.030693
  0
VERTEX
  8
0
 10
139.559375
 20
272.839659
 42
0.030395
  0
VERTEX
  8
0
 10
139.074558
 20
273.112506
 42
0.021360
  0
VERTEX
  8
0
 10
138.500000
 20
273.361626
 42
0.055937
  0
VERTEX
  8
0
 10
137.925634
 20
273.511135
 42
0.100118
  0
VERTEX
  8
0
 10
137.440625
 20
273.483616
 42
0.147206
  0
VERTEX
  8
0
 10
137.122486
 20
273.289193
 42
0.184534
  0
SEQEND
  0
POLYLINE
  8
0
 66
1
 70
1
  0
VERTEX
  8
0
 10
96.000000
 20
261.583333
 42
-0.005464
  0
VERTEX
  8
0
 10
95.944175
 20
256.474809
 42
-0.033364
  0
VERTEX
  8
0
 10
95.710870
 20
253.847222
 42
-0.079613
  0
VERTEX
  8
0
 10
95.262122
 20
252.466084
 42
-0.281543
  0
VERTEX
  8
0
 10
94.500000
 20
252.000000
 42
0.099038
  0
VERTEX
  8
0
 10
93.927543
 20
251.885486
 42
0.097945
  0
VERTEX
  8
0
 10
93.440625
 20
251.559375
 42
0.097945
  0
VERTEX
  8
0
 10
93.114514
 20
251.072457
 42
0.099038
  0
VERTEX
  8
0
 10
93.000000
 20
250.500000
 42
0.099038
  0
VERTEX
  8
0
 10
93.114514
 20
249.927543
 42
0.097945
  0
VERTEX
  8
0
 10
93.440625
 20
249.440625
 42
0.097945
  0
VERTEX
  8
0
 10
93.927543
 20
249.114514
 42
0.099038
  0
VERTEX
  8
0
 10
94.500000
 20
249.000000
 42
0.099038
  0
VERTEX
  8
0
 10
95.072457
 20
249.114514
 42
0.097945
  0
VERTEX
  8
0
 10
95.559375
 20
249.440625
 42
0.097945
  0
VERTEX
  8
0
 10
95.885486
 20
249.927543
 42
0.099038
  0
VERTEX
  8
0
 10
96.000000
 20
250.500000
 42
-0.081934
  0
VERTEX
  8
0
 10
96.094515
 20
251.072903
 42
-0.092189
  0
VERTEX
  8
0
 10
96.367188
 20
251.559388
 42
-0.100661
  0
VERTEX
  8
0
 10
96.773233
 20
251.884681
 42
-0.119246
  0
VERTEX
  8
0
 10
97.250000
 20
252.000044
 42
0.327538
  0
VERTEX
  8
0
 10
97.848027
 20
252.438907
 42
0.042305
  0
VERTEX
  8
0
 10
98.215905
 20
254.083248
 42
0.026856
  0
VERTEX
  8
0
 10
98.438530
 20
256.797424
 42
0.007035
  0
VERTEX
  8
0
 10
98.500000
 20
261.165894
 42
0.007797
  0
VERTEX
  8
0
 10
98.433633
 20
265.421783
 42
0.024634
  0
VERTEX
  8
0
 10
98.204519
 20
268.263730
 42
0.032636
  0
VERTEX
  8
0
 10
97.837106
 20
270.124415
 42
0.252217
  0
VERTEX
  8
0
 10
97.250000
 20
270.749184
 42
0.402495
  0
VERTEX
  8
0
 10
96.645452
 20
270.462376
 42
0.056804
  0
VERTEX
  8
0
 10
96.271718
 20
268.992747
 42
0.027934
  0
VERTEX
  8
0
 10
96.056125
 20
266.292959
 42
0.005958
  0
SEQEND
  0
POLYLINE
  8
0
 66
1
 70
1
  0
VERTEX
  8
0
 10
382.000000
 20
261.500000
 42
0.005528
  0
VERTEX
  8
0
 10
382.055948
 20
256.439771
 42
0.033635
  0
VERTEX
  8
0
 10
382.289474
 20
253.833333
 42
0.080293
  0
VERTEX
  8
0
 10
382.738626
 20
252.463513
 42
0.280451
  0
VERTEX
  8
0
 10
383.500000
 20
252.000000
 42
0.280451
  0
VERTEX
  8
0
 10
384.261374
 20
252.463513
 42
0.080293
  0
VERTEX
  8
0
 10
384.710526
 20
253.833333
 42
0.033635
  0
VERTEX
  8
0
 10
384.944052
 20
256.439771
 42
0.005528
  0
VERTEX
  8
0
 10
385.000000
 20
261.500000
 42
0.005528
  0
VERTEX
  8
0
 10
384.944052
 20
266.560229
 42
0.033635
  0
VERTEX
  8
0
 10
384.710526
 20
269.166667
 42
0.080293
  0
VERTEX
  8
0
 10
384.261374
 20
270.536487
 42
0.280451
  0
VERTEX
  8
0
 10
383.500000
 20
271.000000
 42
0.280451
  0
VERTEX
  8
0
 10
382.738626
 20
270.536487
 42
0.080293
  0
VERTEX
  8
0
 10
382.289474
 20
269.166667
 42
0.033635
  0
VERTEX
  8
0
 10
382.055948
 20
266.560229
 42
0.005528
  0
SEQEND
  0
POLYLINE
  8
0
 66
1
 70
1
  0
VERTEX
  8
0
 10
277.000000
 20
258.500000
 42
0.006367
  0
VERTEX
  8
0
 10
277.052512
 20
254.376461
 42
0.085635
  0
VERTEX
  8
0
 10
277.346154
 20
252.900000
 42
0.226921
  0
VERTEX
  8
0
 10
278.059174
 20
252.225912
 42
0.077921
  0
VERTEX
  8
0
 10
279.500000
 20
252.000000
 42
0.077921
  0
VERTEX
  8
0
 10
280.940826
 20
252.225912
 42
0.226921
  0
VERTEX
  8
0
 10
281.653846
 20
252.900000
 42
0.085635
  0
VERTEX
  8
0
 10
281.947488
 20
254.376461
 42
0.006367
  0
VERTEX
  8
0
 10
282.000000
 20
258.500000
 42
0.006367
  0
VERTEX
  8
0
 10
281.947488
 20
262.623539
 42
0.085635
  0
VERTEX
  8
0
 10
281.653846
 20
264.100000
 42
0.226921
  0
VERTEX
  8
0
 10
280.940826
 20
264.774088
 42
0.077921
  0
VERTEX
  8
0
 10
279.500000
 20
265.000000
 42
0.077921
  0
VERTEX
  8
0
 10
278.059174
 20
264.774088
 42
0.226921
  0
VERTEX
  8
0
 10
277.346154
 20
264.100000
 42
0.085635
  0
VERTEX
  8
0
 10
277.052512
 20
262.623539
 42
0.006367
  0
SEQEND
  0
POLYLINE
  8
0
 66
1
 70
1
  0
VERTEX
  8
0
 10
310.000000
 20
245.864718
 42
0.003643
  0
VERTEX
  8
0
 10
310.047903
 20
239.289705
 42
0.029573
  0
VERTEX
  8
0
 10
310.269581
 20
236.287275
 42
0.094956
  0
VERTEX
  8
0
 10
310.726820
 20
234.917487
 42
0.372323
  0
VERTEX
  8
0
 10
311.500000
 20
234.638374
 42
0.184401
  0
VERTEX
  8
0
 10
312.219892
 20
235.284062
 42
0.069304
  0
VERTEX
  8
0
 10
312.674721
 20
236.583925
 42
0.039213
  0
VERTEX
  8
0
 10
312.929395
 20
238.699255
 42
0.010358
  0
VERTEX
  8
0
 10
313.000000
 20
242.106989
 42
-0.005543
  0
VERTEX
  8
0
 10
313.050161
 20
246.631404
 42
-0.088810
  0
VERTEX
  8
0
 10
313.352024
 20
248.125701
 42
-0.232919
  0
VERTEX
  8
0
 10
314.110597
 20
248.813680
 42
-0.064099
  0
VERTEX
  8
0
 10
315.750000
 20
249.063021
 42
-0.005978
  0
VERTEX
  8
0
 10
317.744935
 20
249.084878
 42
-0.000153
  0
VERTEX
  8
0
 10
326.725000
 20
249.073141
 42
-0.000326
  0
VERTEX
  8
0
 10
337.267996
 20
249.049258
 42
-0.000222
  0
VERTEX
  8
0
 10
349.250000
 20
249.008974
 42
0.001267
  0
VERTEX
  8
0
 10
367.025869
 20
248.986327
 42
0.011360
  0
VERTEX
  8
0
 10
374.822072
 20
249.173301
 42
0.018254
  0
VERTEX
  8
0
 10
379.194659
 20
249.537942
 42
0.379572
  0
VERTEX
  8
0
 10
380.000000
 20
250.445953
 42
0.382736
  0
VERTEX
  8
0
 10
379.176259
 20
251.364436
 42
0.015576
  0
VERTEX
  8
0
 10
374.360846
 20
251.738403
 42
0.010428
  0
VERTEX
  8
0
 10
365.869150
 20
251.955000
 42
0.001162
  0
VERTEX
  8
0
 10
346.500000
 20
252.000000
 42
0.000000
  0
VERTEX
  8
0
 10
313.000000
 20
252.000000
 42
0.000000
  0
VERTEX
  8
0
 10
313.000000
 20
254.833333
 42
0.037322
  0
VERTEX
  8
0
 10
312.908154
 20
256.062080
 42
0.084621
  0
VERTEX
  8
0
 10
312.617647
 20
256.944444
 42
0.124534
  0
VERTEX
  8
0
 10
312.140475
 20
257.472639
 42
0.148148
  0
VERTEX
  8
0
 10
311.500000
 20
257.666667
 42
0.306586
  0
VERTEX
  8
0
 10
310.719530
 20
257.138454
 42
0.063692
  0
VERTEX
  8
0
 10
310.281774
 20
255.449675
 42
0.027451
  0
VERTEX
  8
0
 10
310.053215
 20
252.259880
 42
0.004161
  0
SEQEND
  0
POLYLINE
  8
0
 66
1
 70
1
  0
VERTEX
  8
0
 10
72.933662
 20
251.250000
 42
0.020924
  0
VERTEX
  8
0
 10
72.906373
 20
250.662033
 42
0.000103
  0
VERTEX
  8
0
 10
72.880532
 20
244.698438
 42
0.000472
  0
VERTEX
  8
0
 10
72.858930
 20
237.912260
 42
0.000299
  0
VERTEX
  8
0
 10
72.845948
 20
230.000000
 42
0.000000
  0
VERTEX
  8
0
 10
72.824572
 20
209.500000
 42
0.000000
  0
VERTEX
  8
0
 10
84.412286
 20
209.218265
 42
0.000000
  0
VERTEX
  8
0
 10
96.000000
 20
208.936529
 42
0.000000
  0
VERTEX
  8
0
 10
96.000000
 20
177.468265
 42
0.001356
  0
VERTEX
  8
0
 10
96.047521
 20
159.950487
 42
0.010191
  0
VERTEX
  8
0
 10
96.261555
 20
151.658725
 42
0.012781
  0
VERTEX
  8
0
 10
96.613428
 20
146.762978
 42
0.385991
  0
VERTEX
  8
0
 10
97.454514
 20
146.000000
 42
0.384748
  0
VERTEX
  8
0
 10
98.291604
 20
146.756058
 42
0.013754
  0
VERTEX
  8
0
 10
98.639616
 20
151.441930
 42
0.010600
  0
VERTEX
  8
0
 10
98.842373
 20
159.414618
 42
0.001412
  0
VERTEX
  8
0
 10
98.865965
 20
176.250000
 42
-0.000279
  0
VERTEX
  8
0
 10
98.855852
 20
187.934106
 42
-0.000438
  0
VERTEX
  8
0
 10
98.861563
 20
197.976028
 42
-0.000105
  0
VERTEX
  8
0
 10
98.876121
 20
206.772632
 42
-0.017470
  0
VERTEX
  8
0
 10
98.911451
 20
207.732221
 42
-0.366025
  0
VERTEX
  8
0
 10
99.552402
 20
208.388615
 42
-0.008445
  0
VERTEX
  8
0
 10
104.210474
 20
208.755743
 42
-0.010339
  0
VERTEX
  8
0
 10
111.227927
 20
209.044225
 42
-0.002332
  0
VERTEX
  8
0
 10
123.167204
 20
209.232221
 42
0.002381
  0
VERTEX
  8
0
 10
135.096550
 20
209.421216
 42
0.010265
  0
VERTEX
  8
0
 10
142.185077
 20
209.712950
 42
0.008549
  0
VERTEX
  8
0
 10
146.917516
 20
210.086443
 42
0.296665
  0
VERTEX
  8
0
 10
147.750537
 20
210.750000
 42
0.126202
  0
VERTEX
  8
0
 10
147.784032
 20
211.225767
 42
0.143567
  0
VERTEX
  8
0
 10
147.579324
 20
211.632812
 42
0.123911
  0
VERTEX
  8
0
 10
147.156662
 20
211.905562
 42
0.081809
  0
VERTEX
  8
0
 10
146.583333
 20
212.000000
 42
-0.231316
  0
VERTEX
  8
0
 10
145.788420
 20
212.388542
 42
-0.113855
  0
VERTEX
  8
0
 10
145.302778
 20
213.434211
 42
-0.044769
  0
VERTEX
  8
0
 10
145.058417
 20
215.485309
 42
-0.007275
  0
VERTEX
  8
0
 10
145.000000
 20
219.500000
 42
0.007659
  0
VERTEX
  8
0
 10
144.940222
 20
223.402218
 42
0.041714
  0
VERTEX
  8
0
 10
144.700000
 20
225.500000
 42
0.098409
  0
VERTEX
  8
0
 10
144.241583
 20
226.603958
 42
0.250296
  0
VERTEX
  8
0
 10
143.500000
 20
227.000000
 42
0.250856
  0
VERTEX
  8
0
 10
142.758057
 20
226.602760
 42
0.098088
  0
VERTEX
  8
0
 10
142.299782
 20
225.494537
 42
0.041552
  0
VERTEX
  8
0
 10
142.059698
 20
223.388396
 42
0.007612
  0
VERTEX
  8
0
 10
142.000000
 20
219.467219
 42
0.000000
  0
VERTEX
  8
0
 10
142.000000
 20
211.934439
 42
0.000000
  0
VERTEX
  8
0
 10
108.750000
 20
212.217219
 42
0.000000
  0
VERTEX
  8
0
 10
75.500000
 20
212.500000
 42
0.000000
  0
VERTEX
  8
0
 10
75.227441
 20
230.750000
 42
0.000000
  0
VERTEX
  8
0
 10
74.954883
 20
249.000000
 42
0.000000
  0
VERTEX
  8
0
 10
77.548870
 20
249.000000
 42
0.011603
  0
VERTEX
  8
0
 10
79.061027
 20
249.035095
 42
0.227363
  0
VERTEX
  8
0
 10
79.460526
 20
249.250000
 42
0.345467
  0
VERTEX
  8
0
 10
79.447384
 20
249.623996
 42
0.021256
  0
VERTEX
  8
0
 10
78.642857
 20
250.500000
 42
0.101766
  0
VERTEX
  8
0
 10
77.212812
 20
251.442171
 42
0.062359
  0
VERTEX
  8
0
 10
75.251983
 20
251.953677
 42
0.074173
  0
VERTEX
  8
0
 10
73.557561
 20
251.924097
 42
0.341700
  0
SEQEND
  0
POLYLINE
  8
0
 66
1
 70
1
  0
VERTEX
  8
0
 10
101.000000
 20
250.500000
 42
0.358821
  0
VERTEX
  8
0
 10
101.686378
 20
249.666708
 42
0.029936
  0
VERTEX
  8
0
 10
104.666667
 20
249.268293
 42
0.016140
  0
VERTEX
  8
0
 10
110.053506
 20
249.048580
 42
0.002122
  0
VERTEX
  8
0
 10
121.500000
 20
249.000000
 42
-0.003511
  0
VERTEX
  8
0
 10
130.227364
 20
248.938713
 42
-0.008675
  0
VERTEX
  8
0
 10
136.625000
 20
248.737805
 42
-0.003837
  0
VERTEX
  8
0
 10
141.569950
 20
248.458535
 42
-0.395564
  0
VERTEX
  8
0
 10
142.000000
 20
248.000000
 42
0.148195
  0
VERTEX
  8
0
 10
142.115568
 20
247.618646
 42
0.098894
  0
VERTEX
  8
0
 10
142.440625
 20
247.293750
 42
0.082425
  0
VERTEX
  8
0
 10
142.926543
 20
247.074694
 42
0.064853
  0
VERTEX
  8
0
 10
143.500000
 20
247.000000
 42
0.064853
  0
VERTEX
  8
0
 10
144.073457
 20
247.074694
 42
0.082425
  0
VERTEX
  8
0
 10
144.559375
 20
247.293750
 42
0.098894
  0
VERTEX
  8
0
 10
144.884432
 20
247.618646
 42
0.148195
  0
VERTEX
  8
0
 10
145.000000
 20
248.000000
 42
-0.148195
  0
VERTEX
  8
0
 10
145.115568
 20
248.381354
 42
-0.098894
  0
VERTEX
  8
0
 10
145.440625
 20
248.706250
 42
-0.082425
  0
VERTEX
  8
0
 10
145.926543
 20
248.925306
 42
-0.064853
  0
VERTEX
  8
0
 10
146.500000
 20
249.000000
 42
0.099038
  0
VERTEX
  8
0
 10
147.072457
 20
249.114514
 42
0.097945
  0
VERTEX
  8
0
 10
147.559375
 20
249.440625
 42
0.097945
  0
VERTEX
  8
0
 10
147.885486
 20
249.927543
 42
0.099038
  0
VERTEX
  8
0
 10
148.000000
 20
250.500000
 42
0.368039
  0
VERTEX
  8
0
 10
147.279185
 20
251.346620
 42
0.024114
  0
VERTEX
  8
0
 10
143.833333
 20
251.734043
 42
0.014125
  0
VERTEX
  8
0
 10
137.689771
 20
251.952203
 42
0.001812
  0
VERTEX
  8
0
 10
124.500000
 20
252.000000
 42
0.001812
  0
VERTEX
  8
0
 10
111.310229
 20
251.952203
 42
0.014125
  0
VERTEX
  8
0
 10
105.166667
 20
251.734043
 42
0.024114
  0
VERTEX
  8
0
 10
101.720815
 20
251.346620
 42
0.368039
  0
SEQEND
  0
POLYLINE
  8
0
 66
1
 70
1
  0
VERTEX
  8
0
 10
171.000000
 20
250.500000
 42
0.099038
  0
VERTEX
  8
0
 10
171.114514
 20
249.927543
 42
0.097945
  0
VERTEX
  8
0
 10
171.440625
 20
249.440625
 42
0.097945
  0
VERTEX
  8
0
 10
171.927543
 20
249.114514
 42
0.099038
  0
VERTEX
  8
0
 10
172.500000
 20
249.000000
 42
0.099038
  0
VERTEX
  8
0
 10
173.072457
 20
249.114514
 42
0.097945
  0
VERTEX
  8
0
 10
173.559375
 20
249.440625
 42
0.097945
  0
VERTEX
  8
0
 10
173.885486
 20
249.927543
 42
0.099038
  0
VERTEX
  8
0
 10
174.000000
 20
250.500000
 42
0.099038
  0
VERTEX
  8
0
 10
173.885486
 20
251.072457
 42
0.097945
  0
VERTEX
  8
0
 10
173.559375
 20
251.559375
 42
0.097945
  0
VERTEX
  8
0
 10
173.072457
 20
251.885486
 42
0.099038
  0
VERTEX
  8
0
 10
172.500000
 20
252.000000
 42
0.099038
  0
VERTEX
  8
0
 10
171.927543
 20
251.885486
 42
0.097945
  0
VERTEX
  8
0
 10
171.440625
 20
251.559375
 42
0.097945
  0
VERTEX
  8
0
 10
171.114514
 20
251.072457
 42
0.099038
  0
SEQEND
  0
POLYLINE
  8
0
 66
1
 70
1
  0
VERTEX
  8
0
 10
255.078947
 20
250.416667
 42
0.018894
  0
VERTEX
  8
0
 10
255.137993
 20
249.670344
 42
0.168741
  0
VERTEX
  8
0
 10
255.279315
 20
249.378580
 42
0.470617
  0
VERTEX
  8
0
 10
255.461564
 20
249.395823
 42
0.054073
  0
VERTEX
  8
0
 10
255.683114
 20
249.812500
 42
0.051402
  0
VERTEX
  8
0
 10
255.839148
 20
250.359369
 42
0.054150
  0
VERTEX
  8
0
 10
255.876576
 20
250.916927
 42
0.060344
  0
VERTEX
  8
0
 10
255.797407
 20
251.402231
 42
0.126455
  0
VERTEX
  8
0
 10
255.604167
 20
251.729167
 42
0.296942
  0
VERTEX
  8
0
 10
255.385309
 20
251.775380
 42
0.208169
  0
VERTEX
  8
0
 10
255.200665
 20
251.592839
 42
0.077125
  0
VERTEX
  8
0
 10
255.089945
 20
251.112848
 42
0.028489
  0
SEQEND
  0
POLYLINE
  8
0
 66
1
 70
1
  0
VERTEX
  8
0
 10
88.812500
 20
249.316886
 42
0.051402
  0
VERTEX
  8
0
 10
89.359369
 20
249.160852
 42
0.054150
  0
VERTEX
  8
0
 10
89.916927
 20
249.123424
 42
0.060344
  0
VERTEX
  8
0
 10
90.402231
 20
249.202593
 42
0.126455
  0
VERTEX
  8
0
 10
90.729167
 20
249.395833
 42
0.296942
  0
VERTEX
  8
0
 10
90.775380
 20
249.614691
 42
0.208169
  0
VERTEX
  8
0
 10
90.592839
 20
249.799335
 42
0.077125
  0
VERTEX
  8
0
 10
90.112848
 20
249.910055
 42
0.028489
  0
VERTEX
  8
0
 10
89.416667
 20
249.921053
 42
0.018894
  0
VERTEX
  8
0
 10
88.670344
 20
249.862007
 42
0.168741
  0
VERTEX
  8
0
 10
88.378580
 20
249.720685
 42
0.470617
  0
VERTEX
  8
0
 10
88.395823
 20
249.538436
 42
0.054073
  0
SEQEND
  0
POLYLINE
  8
0
 66
1
 70
1
  0
VERTEX
  8
0
 10
393.750000
 20
249.294267
 42
0.029693
  0
VERTEX
  8
0
 10
394.774707
 20
249.159351
 42
0.017887
  0
VERTEX
  8
0
 10
396.000000
 20
249.115502
 42
0.017887
  0
VERTEX
  8
0
 10
397.225293
 20
249.159351
 42
0.029693
  0
VERTEX
  8
0
 10
398.250000
 20
249.294267
 42
0.142433
  0
VERTEX
  8
0
 10
398.560023
 20
249.453014
 42
0.611425
  0
VERTEX
  8
0
 10
398.517188
 20
249.600334
 42
0.039503
  0
VERTEX
  8
0
 10
397.611490
 20
249.701569
 42
0.008087
  0
VERTEX
  8
0
 10
396.000000
 20
249.727636
 42
0.008087
  0
VERTEX
  8
0
 10
394.388510
 20
249.701569
 42
0.039503
  0
VERTEX
  8
0
 10
393.482812
 20
249.600334
 42
0.611425
  0
VERTEX
  8
0
 10
393.439977
 20
249.453014
 42
0.142433
  0
SEQEND
  0
POLYLINE
  8
0
 66
1
 70
1
  0
VERTEX
  8
0
 10
380.000000
 20
237.500000
 42
0.003407
  0
VERTEX
  8
0
 10
380.042917
 20
231.201837
 42
0.060999
  0
VERTEX
  8
0
 10
380.315789
 20
229.200000
 42
0.222710
  0
VERTEX
  8
0
 10
381.048520
 20
228.322246
 42
0.109671
  0
VERTEX
  8
0
 10
382.500000
 20
228.000000
 42
0.109671
  0
VERTEX
  8
0
 10
383.951480
 20
228.322246
 42
0.222710
  0
VERTEX
  8
0
 10
384.684211
 20
229.200000
 42
0.060999
  0
VERTEX
  8
0
 10
384.957083
 20
231.201837
 42
0.003407
  0
VERTEX
  8
0
 10
385.000000
 20
237.500000
 42
0.003407
  0
VERTEX
  8
0
 10
384.957083
 20
243.798163
 42
0.060999
  0
VERTEX
  8
0
 10
384.684211
 20
245.800000
 42
0.222710
  0
VERTEX
  8
0
 10
383.951480
 20
246.677754
 42
0.109671
  0
VERTEX
  8
0
 10
382.500000
 20
247.000000
 42
0.109671
  0
VERTEX
  8
0
 10
381.048520
 20
246.677754
 42
0.222710
  0
VERTEX
  8
0
 10
380.315789
 20
245.800000
 42
0.060999
  0
VERTEX
  8
0
 10
380.042917
 20
243.798163
 42
0.003407
  0
SEQEND
  0
POLYLINE
  8
0
 66
1
 70
1
  0
VERTEX
  8
0
 10
12.725416
 20
239.292687
 42
0.009305
  0
VERTEX
  8
0
 10
11.808925
 20
236.880815
 42
0.121723
  0
VERTEX
  8
0
 10
11.711928
 20
235.935737
 42
0.241576
  0
VERTEX
  8
0
 10
12.123430
 20
235.352013
 42
0.047227
  0
VERTEX
  8
0
 10
13.351437
 20
234.849680
 42
0.014952
  0
VERTEX
  8
0
 10
16.796611
 20
233.918388
 42
0.237840
  0
VERTEX
  8
0
 10
17.940408
 20
234.189699
 42
0.309843
  0
VERTEX
  8
0
 10
18.218336
 20
235.194044
 42
0.022503
  0
VERTEX
  8
0
 10
17.106165
 20
238.011610
 42
0.007058
  0
VERTEX
  8
0
 10
15.396057
 20
241.691109
 42
0.212389
  0
VERTEX
  8
0
 10
14.635034
 20
242.336098
 42
0.367994
  0
VERTEX
  8
0
 10
13.919756
 20
242.016050
 42
0.015774
  0
SEQEND
  0
POLYLINE
  8
0
 66
1
 70
1
  0
VERTEX
  8
0
 10
108.666667
 20
241.333333
 42
0.075767
  0
VERTEX
  8
0
 10
108.105548
 20
240.570418
 42
0.212203
  0
VERTEX
  8
0
 10
108.063598
 20
239.923006
 42
0.224636
  0
VERTEX
  8
0
 10
108.511960
 20
239.483553
 42
0.083550
  0
VERTEX
  8
0
 10
109.404659
 20
239.333333
 42
0.102873
  0
VERTEX
  8
0
 10
109.900588
 20
239.436460
 42
0.143627
  0
VERTEX
  8
0
 10
110.246403
 20
239.725000
 42
0.141557
  0
VERTEX
  8
0
 10
110.384632
 20
240.158173
 42
0.098834
  0
VERTEX
  8
0
 10
110.297670
 20
240.666667
 42
0.015266
  0
VERTEX
  8
0
 10
109.888464
 20
241.642858
 42
0.191104
  0
VERTEX
  8
0
 10
109.605137
 20
241.915225
 42
0.269789
  0
VERTEX
  8
0
 10
109.269604
 20
241.868281
 42
0.029849
  0
SEQEND
  0
POLYLINE
  8
0
 66
1
 70
1
  0
VERTEX
  8
0
 10
38.000000
 20
226.500000
 42
0.062722
  0
VERTEX
  8
0
 10
38.072230
 20
225.926468
 42
0.080880
  0
VERTEX
  8
0
 10
38.284531
 20
225.440625
 42
0.098158
  0
VERTEX
  8
0
 10
38.599211
 20
225.115494
 42
0.152681
  0
VERTEX
  8
0
 10
38.968615
 20
225.000000
 42
0.184534
  0
VERTEX
  8
0
 10
39.289193
 20
225.122486
 42
0.147206
  0
VERTEX
  8
0
 10
39.483616
 20
225.440625
 42
0.100118
  0
VERTEX
  8
0
 10
39.511135
 20
225.925634
 42
0.055937
  0
VERTEX
  8
0
 10
39.361626
 20
226.500000
 42
0.021360
  0
VERTEX
  8
0
 10
39.112506
 20
227.074558
 42
0.030395
  0
VERTEX
  8
0
 10
38.839659
 20
227.559375
 42
0.030693
  0
VERTEX
  8
0
 10
38.579329
 20
227.912889
 42
0.222225
  0
VERTEX
  8
0
 10
38.393011
 20
228.000000
 42
0.289661
  0
VERTEX
  8
0
 10
38.241071
 20
227.903916
 42
0.046727
  0
VERTEX
  8
0
 10
38.115447
 20
227.559375
 42
0.039339
  0
VERTEX
  8
0
 10
38.028469
 20
227.074824
 42
0.024748
  0
SEQEND
  0
POLYLINE
  8
0
 66
1
 70
1
  0
VERTEX
  8
0
 10
45.501863
 20
226.996985
 42
-0.061444
  0
VERTEX
  8
0
 10
45.776826
 20
226.398770
 42
-0.357140
  0
VERTEX
  8
0
 10
45.657778
 20
226.098918
 42
-0.172211
  0
VERTEX
  8
0
 10
45.194981
 20
226.021503
 42
-0.020113
  0
VERTEX
  8
0
 10
44.154992
 20
226.249218
 42
0.031261
  0
VERTEX
  8
0
 10
43.363101
 20
226.404205
 42
0.085703
  0
VERTEX
  8
0
 10
42.795696
 20
226.381374
 42
0.221554
  0
VERTEX
  8
0
 10
42.548130
 20
226.194238
 42
0.266299
  0
VERTEX
  8
0
 10
42.557637
 20
225.906741
 42
0.159204
  0
VERTEX
  8
0
 10
43.328824
 20
225.255248
 42
0.098290
  0
VERTEX
  8
0
 10
44.505361
 20
225.029276
 42
0.097893
  0
VERTEX
  8
0
 10
45.683139
 20
225.269691
 42
0.156432
  0
VERTEX
  8
0
 10
46.457295
 20
225.930902
 42
0.124968
  0
VERTEX
  8
0
 10
46.586571
 20
226.341636
 42
0.100781
  0
VERTEX
  8
0
 10
46.519692
 20
226.800911
 42
0.090333
  0
VERTEX
  8
0
 10
46.265683
 20
227.238779
 42
0.078004
  0
VERTEX
  8
0
 10
45.861803
 20
227.585410
 42
0.027946
  0
VERTEX
  8
0
 10
45.366446
 20
227.854545
 42
0.383164
  0
VERTEX
  8
0
 10
45.185871
 20
227.800659
 42
0.262202
  0
VERTEX
  8
0
 10
45.177531
 20
227.569860
 42
0.019211
  0
SEQEND
  0
POLYLINE
  8
0
 66
1
 70
1
  0
VERTEX
  8
0
 10
419.279238
 20
226.056878
 42
0.049331
  0
VERTEX
  8
0
 10
419.298236
 20
225.245012
 42
0.148684
  0
VERTEX
  8
0
 10
419.520184
 20
224.744222
 42
0.206095
  0
VERTEX
  8
0
 10
419.927629
 20
224.546443
 42
0.103320
  0
VERTEX
  8
0
 10
420.503291
 20
224.639636
 42
0.102524
  0
VERTEX
  8
0
 10
420.984646
 20
224.948674
 42
0.098699
  0
VERTEX
  8
0
 10
421.311398
 20
225.427355
 42
0.097086
  0
VERTEX
  8
0
 10
421.433001
 20
226.001732
 42
0.095659
  0
VERTEX
  8
0
 10
421.329869
 20
226.582759
 42
0.065026
  0
VERTEX
  8
0
 10
420.725337
 20
227.699205
 42
0.308155
  0
VERTEX
  8
0
 10
420.076670
 20
227.933641
 42
0.262443
  0
VERTEX
  8
0
 10
419.531457
 20
227.410911
 42
0.054542
  0
SEQEND
  0
POLYLINE
  8
0
 66
1
 70
1
  0
VERTEX
  8
0
 10
425.428571
 20
226.113614
 42
0.059204
  0
VERTEX
  8
0
 10
425.516521
 20
225.373448
 42
0.131285
  0
VERTEX
  8
0
 10
425.785664
 20
224.877981
 42
0.174187
  0
VERTEX
  8
0
 10
426.207649
 20
224.665115
 42
0.122783
  0
VERTEX
  8
0
 10
426.739809
 20
224.730397
 42
0.068319
  0
VERTEX
  8
0
 10
427.314473
 20
225.046455
 42
0.214502
  0
VERTEX
  8
0
 10
427.524092
 20
225.422141
 42
0.160427
  0
VERTEX
  8
0
 10
427.408859
 20
225.910316
 42
0.035709
  0
VERTEX
  8
0
 10
426.903079
 20
226.616783
 42
0.006190
  0
VERTEX
  8
0
 10
425.901281
 20
227.793915
 42
0.304459
  0
VERTEX
  8
0
 10
425.618954
 20
227.869695
 42
0.313785
  0
VERTEX
  8
0
 10
425.448169
 20
227.637334
 42
0.006431
  0
SEQEND
  0
POLYLINE
  8
0
 66
1
 70
1
  0
VERTEX
  8
0
 10
37.437132
 20
222.898278
 42
0.024612
  0
VERTEX
  8
0
 10
37.151845
 20
222.381430
 42
0.348476
  0
VERTEX
  8
0
 10
37.194086
 20
222.188450
 42
0.296810
  0
VERTEX
  8
0
 10
37.408109
 20
222.165328
 42
0.021037
  0
VERTEX
  8
0
 10
37.957295
 20
222.473607
 42
-0.102825
  0
VERTEX
  8
0
 10
38.528642
 20
222.681288
 42
-0.101494
  0
VERTEX
  8
0
 10
39.138256
 20
222.645536
 42
-0.095397
  0
VERTEX
  8
0
 10
39.714393
 20
222.366452
 42
-0.079902
  0
VERTEX
  8
0
 10
40.187934
 20
221.878115
 42
0.004430
  0
VERTEX
  8
0
 10
40.747343
 20
221.093557
 42
0.267444
  0
VERTEX
  8
0
 10
40.899736
 20
221.025528
 42
0.454428
  0
VERTEX
  8
0
 10
40.971487
 20
221.127114
 42
0.006481
  0
VERTEX
  8
0
 10
40.763631
 20
221.937500
 42
0.103518
  0
VERTEX
  8
0
 10
40.181488
 20
223.082563
 42
0.154457
  0
VERTEX
  8
0
 10
39.253765
 20
223.700592
 42
0.181505
  0
VERTEX
  8
0
 10
38.250844
 20
223.622280
 42
0.146075
  0
SEQEND
  0
POLYLINE
  8
0
 66
1
 70
1
  0
VERTEX
  8
0
 10
418.000706
 20
222.250000
 42
0.267679
  0
VERTEX
  8
0
 10
418.173875
 20
221.950365
 42
0.048882
  0
VERTEX
  8
0
 10
418.780402
 20
221.675146
 42
0.041019
  0
VERTEX
  8
0
 10
419.637647
 20
221.459631
 42
0.026608
  0
VERTEX
  8
0
 10
420.653999
 20
221.346243
 42
0.012564
  0
VERTEX
  8
0
 10
421.888911
 20
221.305757
 42
0.135637
  0
VERTEX
  8
0
 10
422.366939
 20
221.433938
 42
0.487535
  0
VERTEX
  8
0
 10
422.399549
 20
221.679671
 42
0.057831
  0
VERTEX
  8
0
 10
421.903292
 20
222.080930
 42
0.057450
  0
VERTEX
  8
0
 10
420.608118
 20
222.705994
 42
0.073022
  0
VERTEX
  8
0
 10
419.305867
 20
222.955201
 42
0.109866
  0
VERTEX
  8
0
 10
418.358600
 20
222.787169
 42
0.303135
  0
SEQEND
  0
POLYLINE
  8
0
 66
1
 70
1
  0
VERTEX
  8
0
 10
424.078947
 20
220.309017
 42
0.062725
  0
VERTEX
  8
0
 10
424.108065
 20
219.816876
 42
0.054815
  0
VERTEX
  8
0
 10
424.257529
 20
219.323057
 42
0.057688
  0
VERTEX
  8
0
 10
424.498225
 20
218.901373
 42
0.096120
  0
VERTEX
  8
0
 10
424.797746
 20
218.625000
 42
0.202825
  0
VERTEX
  8
0
 10
425.795544
 20
218.470773
 42
0.093177
  0
VERTEX
  8
0
 10
427.012842
 20
219.033010
 42
0.116735
  0
VERTEX
  8
0
 10
427.780462
 20
219.908439
 42
0.329409
  0
VERTEX
  8
0
 10
427.666667
 20
220.666667
 42
0.152286
  0
VERTEX
  8
0
 10
427.306243
 20
220.855752
 42
0.129948
  0
VERTEX
  8
0
 10
426.876812
 20
220.822383
 42
0.102566
  0
VERTEX
  8
0
 10
426.439790
 20
220.560172
 42
0.068203
  0
VERTEX
  8
0
 10
426.066678
 20
220.107887
 42
-0.024615
  0
VERTEX
  8
0
 10
425.600002
 20
219.429822
 42
-0.239416
  0
VERTEX
  8
0
 10
425.295454
 20
219.283159
 42
-0.269074
  0
VERTEX
  8
0
 10
425.022202
 20
219.449522
 42
-0.029935
  0
VERTEX
  8
0
 10
424.699998
 20
220.136847
 42
0.019667
  0
VERTEX
  8
0
 10
424.459397
 20
220.678767
 42
0.213979
  0
VERTEX
  8
0
 10
424.279827
 20
220.827586
 42
0.427991
  0
VERTEX
  8
0
 10
424.142668
 20
220.745672
 42
0.039378
  0
SEQEND
  0
POLYLINE
  8
0
 66
1
 70
1
  0
VERTEX
  8
0
 10
42.431890
 20
218.889795
 42
0.071349
  0
VERTEX
  8
0
 10
42.052012
 20
218.018440
 42
0.364883
  0
VERTEX
  8
0
 10
42.256292
 20
217.574287
 42
0.173988
  0
VERTEX
  8
0
 10
42.979570
 20
217.505045
 42
0.024803
  0
VERTEX
  8
0
 10
44.426885
 20
217.950660
 42
0.011333
  0
VERTEX
  8
0
 10
45.530513
 20
218.379913
 42
0.246932
  0
VERTEX
  8
0
 10
45.745340
 20
218.638614
 42
0.348514
  0
VERTEX
  8
0
 10
45.617882
 20
218.894668
 42
0.017957
  0
VERTEX
  8
0
 10
44.708910
 20
219.281460
 42
0.063676
  0
VERTEX
  8
0
 10
44.032855
 20
219.446348
 42
0.070714
  0
VERTEX
  8
0
 10
43.361531
 20
219.426775
 42
0.080365
  0
VERTEX
  8
0
 10
42.797283
 20
219.233049
 42
0.132292
  0
SEQEND
  0
POLYLINE
  8
0
 66
1
 70
1
  0
VERTEX
  8
0
 10
418.750000
 20
218.337719
 42
0.057986
  0
VERTEX
  8
0
 10
419.320008
 20
218.181385
 42
0.037979
  0
VERTEX
  8
0
 10
420.000000
 20
218.129660
 42
0.037979
  0
VERTEX
  8
0
 10
420.679992
 20
218.181385
 42
0.057986
  0
VERTEX
  8
0
 10
421.250000
 20
218.337719
 42
0.174857
  0
VERTEX
  8
0
 10
421.459382
 20
218.525001
 42
0.447206
  0
VERTEX
  8
0
 10
421.398438
 20
218.693942
 42
0.078554
  0
VERTEX
  8
0
 10
420.891440
 20
218.810911
 42
0.017491
  0
VERTEX
  8
0
 10
420.000000
 20
218.842105
 42
0.017491
  0
VERTEX
  8
0
 10
419.108560
 20
218.810911
 42
0.078554
  0
VERTEX
  8
0
 10
418.601562
 20
218.693942
 42
0.447206
  0
VERTEX
  8
0
 10
418.540618
 20
218.525001
 42
0.174857
  0
SEQEND
  0
POLYLINE
  8
0
 66
1
 70
1
  0
VERTEX
  8
0
 10
424.000000
 20
215.940983
 42
0.108972
  0
VERTEX
  8
0
 10
424.078288
 20
215.586039
 42
0.182303
  0
VERTEX
  8
0
 10
424.293750
 20
215.374600
 42
0.161196
  0
VERTEX
  8
0
 10
424.617900
 20
215.343488
 42
0.082592
  0
VERTEX
  8
0
 10
425.000000
 20
215.500000
 42
0.029505
  0
VERTEX
  8
0
 10
425.382774
 20
215.768994
 42
0.035638
  0
VERTEX
  8
0
 10
425.706250
 20
216.066025
 42
0.038439
  0
VERTEX
  8
0
 10
425.934461
 20
216.348290
 42
0.151918
  0
VERTEX
  8
0
 10
426.000000
 20
216.559017
 42
0.210953
  0
VERTEX
  8
0
 10
425.925540
 20
216.727648
 42
0.081139
  0
VERTEX
  8
0
 10
425.706250
 20
216.870461
 42
0.061769
  0
VERTEX
  8
0
 10
425.382849
 20
216.967655
 42
0.042167
  0
VERTEX
  8
0
 10
425.000000
 20
217.000000
 42
0.105053
  0
VERTEX
  8
0
 10
424.618444
 20
216.918938
 42
0.099167
  0
VERTEX
  8
0
 10
424.293750
 20
216.688914
 42
0.096420
  0
VERTEX
  8
0
 10
424.076123
 20
216.345238
 42
0.093332
  0
SEQEND
  0
POLYLINE
  8
0
 66
1
 70
1
  0
VERTEX
  8
0
 10
309.136462
 20
212.846902
 42
0.041966
  0
VERTEX
  8
0
 10
308.146179
 20
210.918284
 42
0.239799
  0
VERTEX
  8
0
 10
308.235624
 20
209.805826
 42
0.222074
  0
VERTEX
  8
0
 10
309.203797
 20
209.167627
 42
0.036452
  0
VERTEX
  8
0
 10
311.500000
 20
209.000000
 42
0.025511
  0
VERTEX
  8
0
 10
313.104033
 20
209.081893
 42
0.075863
  0
VERTEX
  8
0
 10
314.166667
 20
209.357143
 42
0.129352
  0
VERTEX
  8
0
 10
314.773926
 20
209.830552
 42
0.164293
  0
VERTEX
  8
0
 10
315.000000
 20
210.500000
 42
0.064853
  0
VERTEX
  8
0
 10
314.925306
 20
211.073457
 42
0.082425
  0
VERTEX
  8
0
 10
314.706250
 20
211.559375
 42
0.098894
  0
VERTEX
  8
0
 10
314.381354
 20
211.884432
 42
0.148195
  0
VERTEX
  8
0
 10
314.000000
 20
212.000000
 42
-0.132360
  0
VERTEX
  8
0
 10
313.618653
 20
212.102750
 42
-0.100566
  0
VERTEX
  8
0
 10
313.293750
 20
212.391667
 42
-0.087856
  0
VERTEX
  8
0
 10
313.075172
 20
212.823851
 42
-0.073375
  0
VERTEX
  8
0
 10
313.000000
 20
213.333333
 42
0.213299
  0
VERTEX
  8
0
 10
312.567717
 20
214.300558
 42
0.217182
  0
VERTEX
  8
0
 10
311.563518
 20
214.613921
 42
0.133875
  0
VERTEX
  8
0
 10
310.242624
 20
214.068782
 42
0.088977
  0
SEQEND
  0
POLYLINE
  8
0
 66
1
 70
1
  0
VERTEX
  8
0
 10
425.269032
 20
213.307009
 42
0.037336
  0
VERTEX
  8
0
 10
426.036634
 20
213.167106
 42
0.029507
  0
VERTEX
  8
0
 10
426.880008
 20
213.127736
 42
0.030339
  0
VERTEX
  8
0
 10
427.671085
 20
213.185595
 42
0.062780
  0
VERTEX
  8
0
 10
428.269032
 20
213.344063
 42
0.313180
  0
VERTEX
  8
0
 10
428.386009
 20
213.522870
 42
0.333666
  0
VERTEX
  8
0
 10
428.257153
 20
213.684921
 42
0.052471
  0
VERTEX
  8
0
 10
427.580113
 20
213.787295
 42
0.014395
  0
VERTEX
  8
0
 10
426.500000
 20
213.805051
 42
0.012823
  0
VERTEX
  8
0
 10
425.431793
 20
213.764444
 42
0.080377
  0
VERTEX
  8
0
 10
424.900903
 20
213.643467
 42
0.597527
  0
VERTEX
  8
0
 10
424.883358
 20
213.483340
 42
0.087174
  0
SEQEND
  0
POLYLINE
  8
0
 66
1
 70
1
  0
VERTEX
  8
0
 10
345.750000
 20
212.216168
 42
0.005088
  0
VERTEX
  8
0
 10
340.121866
 20
212.010237
 42
0.028664
  0
VERTEX
  8
0
 10
337.131406
 20
211.697914
 42
0.060642
  0
VERTEX
  8
0
 10
335.500775
 20
211.224585
 42
0.300361
  0
VERTEX
  8
0
 10
335.000000
 20
210.466168
 42
0.368495
  0
VERTEX
  8
0
 10
335.698838
 20
209.646696
 42
0.023380
  0
VERTEX
  8
0
 10
339.086531
 20
209.266291
 42
0.014309
  0
VERTEX
  8
0
 10
345.049787
 20
209.048802
 42
0.001960
  0
VERTEX
  8
0
 10
357.500000
 20
209.000000
 42
0.000000
  0
VERTEX
  8
0
 10
380.000000
 20
209.000000
 42
0.000000
  0
VERTEX
  8
0
 10
380.000000
 20
206.500000
 42
0.045527
  0
VERTEX
  8
0
 10
380.115743
 20
205.231486
 42
0.152009
  0
VERTEX
  8
0
 10
380.500000
 20
204.500000
 42
0.152009
  0
VERTEX
  8
0
 10
381.231486
 20
204.115743
 42
0.045527
  0
VERTEX
  8
0
 10
382.500000
 20
204.000000
 42
0.056540
  0
VERTEX
  8
0
 10
383.898310
 20
204.158627
 42
0.206106
  0
VERTEX
  8
0
 10
384.603008
 20
204.675067
 42
0.119225
  0
VERTEX
  8
0
 10
384.928965
 20
205.749656
 42
0.014257
  0
VERTEX
  8
0
 10
385.000667
 20
208.250000
 42
0.000000
  0
VERTEX
  8
0
 10
385.001335
 20
212.500000
 42
0.000000
  0
VERTEX
  8
0
 10
370.750667
 20
212.500000
 42
0.001654
  0
VERTEX
  8
0
 10
364.509276
 20
212.479349
 42
0.001184
  0
VERTEX
  8
0
 10
357.528321
 20
212.416624
 42
0.001195
  0
VERTEX
  8
0
 10
350.877502
 20
212.325220
 42
0.002566
  0
SEQEND
  0
POLYLINE
  8
0
 66
1
 70
1
  0
VERTEX
  8
0
 10
171.000000
 20
210.500000
 42
0.140575
  0
VERTEX
  8
0
 10
171.177821
 20
209.880020
 42
0.118484
  0
VERTEX
  8
0
 10
171.666667
 20
209.400000
 42
0.088208
  0
VERTEX
  8
0
 10
172.456621
 20
209.098630
 42
0.047160
  0
VERTEX
  8
0
 10
173.500000
 20
209.000000
 42
0.000000
  0
VERTEX
  8
0
 10
176.000000
 20
209.000000
 42
0.000000
  0
VERTEX
  8
0
 10
176.000000
 20
177.606989
 42
0.001376
  0
VERTEX
  8
0
 10
176.048415
 20
160.014357
 42
0.010346
  0
VERTEX
  8
0
 10
176.266529
 20
151.689803
 42
0.013787
  0
VERTEX
  8
0
 10
176.633482
 20
146.770660
 42
0.282785
  0
VERTEX
  8
0
 10
177.500000
 20
145.638374
 42
0.491533
  0
VERTEX
  8
0
 10
178.375561
 20
146.171932
 42
0.016058
  0
VERTEX
  8
0
 10
178.743095
 20
150.893522
 42
0.010235
  0
VERTEX
  8
0
 10
178.955589
 20
159.357102
 42
0.001158
  0
VERTEX
  8
0
 10
179.000000
 20
178.531385
 42
0.000000
  0
VERTEX
  8
0
 10
179.000000
 20
212.000000
 42
0.000000
  0
VERTEX
  8
0
 10
175.000000
 20
212.000000
 42
0.020272
  0
VERTEX
  8
0
 10
173.111825
 20
211.923415
 42
0.069535
  0
VERTEX
  8
0
 10
171.916667
 20
211.656250
 42
0.128937
  0
VERTEX
  8
0
 10
171.249641
 20
211.184843
 42
0.176579
  0
SEQEND
  0
POLYLINE
  8
0
 66
1
 70
1
  0
VERTEX
  8
0
 10
277.000000
 20
179.000000
 42
0.002092
  0
VERTEX
  8
0
 10
277.059664
 20
164.737274
 42
0.005482
  0
VERTEX
  8
0
 10
277.257576
 20
154.500000
 42
0.001614
  0
VERTEX
  8
0
 10
277.527334
 20
146.455608
 42
0.403491
  0
VERTEX
  8
0
 10
278.000000
 20
146.000000
 42
0.402902
  0
VERTEX
  8
0
 10
278.471500
 20
146.453564
 42
0.001759
  0
VERTEX
  8
0
 10
278.742063
 20
154.125000
 42
0.005735
  0
VERTEX
  8
0
 10
278.940209
 20
163.901605
 42
0.002198
  0
VERTEX
  8
0
 10
279.000000
 20
177.500000
 42
0.000000
  0
VERTEX
  8
0
 10
279.000000
 20
209.000000
 42
0.000000
  0
VERTEX
  8
0
 10
281.500000
 20
209.000000
 42
0.047160
  0
VERTEX
  8
0
 10
282.543379
 20
209.098630
 42
0.088208
  0
VERTEX
  8
0
 10
283.333333
 20
209.400000
 42
0.118484
  0
VERTEX
  8
0
 10
283.822179
 20
209.880020
 42
0.140575
  0
VERTEX
  8
0
 10
284.000000
 20
210.500000
 42
0.164293
  0
VERTEX
  8
0
 10
283.773926
 20
211.169448
 42
0.129352
  0
VERTEX
  8
0
 10
283.166667
 20
211.642857
 42
0.075863
  0
VERTEX
  8
0
 10
282.104033
 20
211.918107
 42
0.025511
  0
VERTEX
  8
0
 10
280.500000
 20
212.000000
 42
0.000000
  0
VERTEX
  8
0
 10
277.000000
 20
212.000000
 42
0.000000
  0
SEQEND
  0
POLYLINE
  8
0
 66
1
 70
1
  0
VERTEX
  8
0
 10
63.000000
 20
205.173193
 42
0.314934
  0
VERTEX
  8
0
 10
63.202007
 20
204.884290
 42
0.055623
  0
VERTEX
  8
0
 10
63.881250
 20
204.718600
 42
0.042928
  0
VERTEX
  8
0
 10
64.850015
 20
204.677574
 42
0.025568
  0
VERTEX
  8
0
 10
66.000000
 20
204.786692
 42
0.011827
  0
VERTEX
  8
0
 10
67.149992
 20
204.983363
 42
0.018975
  0
VERTEX
  8
0
 10
68.118750
 20
205.211193
 42
0.013551
  0
VERTEX
  8
0
 10
68.876863
 20
205.442408
 42
0.322443
  0
VERTEX
  8
0
 10
69.000000
 20
205.613499
 42
0.360284
  0
VERTEX
  8
0
 10
68.873440
 20
205.766339
 42
0.014861
  0
VERTEX
  8
0
 10
68.118750
 20
205.886465
 42
0.019939
  0
VERTEX
  8
0
 10
67.150175
 20
205.972170
 42
0.012096
  0
VERTEX
  8
0
 10
66.000000
 20
206.000000
 42
0.026053
  0
VERTEX
  8
0
 10
64.850422
 20
205.940059
 42
0.041208
  0
VERTEX
  8
0
 10
63.881250
 20
205.757125
 42
0.049958
  0
VERTEX
  8
0
 10
63.196188
 20
205.492393
 42
0.282744
  0
SEQEND
  0
POLYLINE
  8
0
 66
1
 70
1
  0
VERTEX
  8
0
 10
412.269032
 20
205.307009
 42
0.037336
  0
VERTEX
  8
0
 10
413.036634
 20
205.167106
 42
0.029507
  0
VERTEX
  8
0
 10
413.880008
 20
205.127736
 42
0.030339
  0
VERTEX
  8
0
 10
414.671085
 20
205.185595
 42
0.062780
  0
VERTEX
  8
0
 10
415.269032
 20
205.344063
 42
0.313180
  0
VERTEX
  8
0
 10
415.386009
 20
205.522870
 42
0.333666
  0
VERTEX
  8
0
 10
415.257153
 20
205.684921
 42
0.052471
  0
VERTEX
  8
0
 10
414.580113
 20
205.787295
 42
0.014395
  0
VERTEX
  8
0
 10
413.500000
 20
205.805051
 42
0.012823
  0
VERTEX
  8
0
 10
412.431793
 20
205.764444
 42
0.080377
  0
VERTEX
  8
0
 10
411.900903
 20
205.643467
 42
0.597527
  0
VERTEX
  8
0
 10
411.883358
 20
205.483340
 42
0.087174
  0
SEQEND
  0
POLYLINE
  8
0
 66
1
 70
1
  0
VERTEX
  8
0
 10
63.000000
 20
202.214286
 42
0.223398
  0
VERTEX
  8
0
 10
63.141450
 20
201.913499
 42
0.076248
  0
VERTEX
  8
0
 10
63.565933
 20
201.659375
 42
0.057994
  0
VERTEX
  8
0
 10
64.188845
 20
201.486054
 42
0.038900
  0
VERTEX
  8
0
 10
64.926581
 20
201.428571
 42
0.039538
  0
VERTEX
  8
0
 10
65.631456
 20
201.484398
 42
0.085489
  0
VERTEX
  8
0
 10
66.144585
 20
201.659375
 42
0.161426
  0
VERTEX
  8
0
 10
66.385718
 20
201.917433
 42
0.251349
  0
VERTEX
  8
0
 10
66.367564
 20
202.214286
 42
0.106803
  0
VERTEX
  8
0
 10
66.077588
 20
202.515511
 42
0.051141
  0
VERTEX
  8
0
 10
65.601322
 20
202.769196
 42
0.047420
  0
VERTEX
  8
0
 10
65.028204
 20
202.941764
 42
0.049465
  0
VERTEX
  8
0
 10
64.440983
 20
203.000000
 42
0.052560
  0
VERTEX
  8
0
 10
63.889664
 20
202.941884
 42
0.072414
  0
VERTEX
  8
0
 10
63.423289
 20
202.769196
 42
0.092326
  0
VERTEX
  8
0
 10
63.110023
 20
202.514141
 42
0.177669
  0
SEQEND
  0
POLYLINE
  8
0
 66
1
 70
1
  0
VERTEX
  8
0
 10
410.542705
 20
202.069098
 42
0.124968
  0
VERTEX
  8
0
 10
410.413429
 20
201.658364
 42
0.100781
  0
VERTEX
  8
0
 10
410.480308
 20
201.199089
 42
0.090333
  0
VERTEX
  8
0
 10
410.734317
 20
200.761221
 42
0.078004
  0
VERTEX
  8
0
 10
411.138197
 20
200.414590
 42
0.028061
  0
VERTEX
  8
0
 10
411.635061
 20
200.144784
 42
0.388403
  0
VERTEX
  8
0
 10
411.814409
 20
200.200180
 42
0.257747
  0
VERTEX
  8
0
 10
411.820434
 20
200.433960
 42
0.018709
  0
VERTEX
  8
0
 10
411.490464
 20
201.015430
 42
-0.036589
  0
VERTEX
  8
0
 10
411.171809
 20
201.626867
 42
-0.348029
  0
VERTEX
  8
0
 10
411.243292
 20
201.892848
 42
-0.233523
  0
VERTEX
  8
0
 10
411.575496
 20
201.953158
 42
-0.021797
  0
VERTEX
  8
0
 10
412.387893
 20
201.681393
 42
0.030019
  0
VERTEX
  8
0
 10
413.054003
 20
201.470671
 42
0.134966
  0
VERTEX
  8
0
 10
413.458724
 20
201.479553
 42
0.342795
  0
VERTEX
  8
0
 10
413.596607
 20
201.672668
 42
0.128996
  0
VERTEX
  8
0
 10
413.492921
 20
202.011454
 42
0.105913
  0
VERTEX
  8
0
 10
412.829180
 20
202.703376
 42
0.144903
  0
VERTEX
  8
0
 10
412.010926
 20
202.963087
 42
0.148242
  0
VERTEX
  8
0
 10
411.196931
 20
202.733591
 42
0.112490
  0
SEQEND
  0
POLYLINE
  8
0
 66
1
 70
1
  0
VERTEX
  8
0
 10
406.000000
 20
198.000000
 42
0.060533
  0
VERTEX
  8
0
 10
406.093070
 20
197.234059
 42
0.078496
  0
VERTEX
  8
0
 10
406.367188
 20
196.583002
 42
0.095937
  0
VERTEX
  8
0
 10
406.773177
 20
196.144102
 42
0.156456
  0
VERTEX
  8
0
 10
407.250000
 20
195.984687
 42
-0.058507
  0
VERTEX
  8
0
 10
407.721193
 20
195.923501
 42
-0.409422
  0
VERTEX
  8
0
 10
407.830501
 20
195.744243
 42
-0.175945
  0
VERTEX
  8
0
 10
407.650344
 20
195.468031
 42
-0.020154
  0
VERTEX
  8
0
 10
407.028960
 20
195.039060
 42
0.057681
  0
VERTEX
  8
0
 10
406.520511
 20
194.628611
 42
0.090799
  0
VERTEX
  8
0
 10
406.206740
 20
194.165325
 42
0.123750
  0
VERTEX
  8
0
 10
406.132194
 20
193.725671
 42
0.178642
  0
VERTEX
  8
0
 10
406.295627
 20
193.371040
 42
0.255392
  0
VERTEX
  8
0
 10
407.305566
 20
193.074818
 42
0.238640
  0
VERTEX
  8
0
 10
408.145062
 20
193.758287
 42
0.117136
  0
VERTEX
  8
0
 10
408.459221
 20
195.429952
 42
0.079134
  0
VERTEX
  8
0
 10
408.061911
 20
197.337161
 42
0.018718
  0
VERTEX
  8
0
 10
407.215374
 20
199.335216
 42
0.208332
  0
VERTEX
  8
0
 10
406.580316
 20
199.894257
 42
0.462293
  0
VERTEX
  8
0
 10
406.120688
 20
199.609268
 42
0.037445
  0
SEQEND
  0
POLYLINE
  8
0
 66
1
 70
1
  0
VERTEX
  8
0
 10
59.345694
 20
195.996058
 42
0.017017
  0
VERTEX
  8
0
 10
59.752301
 20
193.173508
 42
0.241402
  0
VERTEX
  8
0
 10
60.351376
 20
192.386842
 42
0.548436
  0
VERTEX
  8
0
 10
60.843758
 20
192.693536
 42
0.020497
  0
VERTEX
  8
0
 10
60.763573
 20
195.317756
 42
0.018862
  0
VERTEX
  8
0
 10
60.608921
 20
196.727631
 42
0.029920
  0
VERTEX
  8
0
 10
60.359585
 20
197.916098
 42
0.030107
  0
VERTEX
  8
0
 10
60.062311
 20
198.793091
 42
0.304162
  0
VERTEX
  8
0
 10
59.758418
 20
198.997995
 42
0.323314
  0
VERTEX
  8
0
 10
59.492617
 20
198.807148
 42
0.046545
  0
VERTEX
  8
0
 10
59.331278
 20
198.117003
 42
0.038385
  0
VERTEX
  8
0
 10
59.273133
 20
197.147428
 42
0.023056
  0
SEQEND
  0
POLYLINE
  8
0
 66
1
 70
1
  0
VERTEX
  8
0
 10
411.812500
 20
198.316886
 42
0.051402
  0
VERTEX
  8
0
 10
412.359369
 20
198.160852
 42
0.054150
  0
VERTEX
  8
0
 10
412.916927
 20
198.123424
 42
0.060344
  0
VERTEX
  8
0
 10
413.402231
 20
198.202593
 42
0.126455
  0
VERTEX
  8
0
 10
413.729167
 20
198.395833
 42
0.296942
  0
VERTEX
  8
0
 10
413.775380
 20
198.614691
 42
0.208169
  0
VERTEX
  8
0
 10
413.592839
 20
198.799335
 42
0.077125
  0
VERTEX
  8
0
 10
413.112848
 20
198.910055
 42
0.028489
  0
VERTEX
  8
0
 10
412.416667
 20
198.921053
 42
0.018894
  0
VERTEX
  8
0
 10
411.670344
 20
198.862007
 42
0.168741
  0
VERTEX
  8
0
 10
411.378580
 20
198.720685
 42
0.470617
  0
VERTEX
  8
0
 10
411.395823
 20
198.538436
 42
0.054073
  0
SEQEND
  0
POLYLINE
  8
0
 66
1
 70
1
  0
VERTEX
  8
0
 10
12.608580
 20
190.979764
 42
0.001858
  0
VERTEX
  8
0
 10
11.992097
 20
189.422271
 42
0.002880
  0
VERTEX
  8
0
 10
11.472756
 20
188.072979
 42
0.000879
  0
VERTEX
  8
0
 10
11.031253
 20
186.899678
 42
0.090658
  0
VERTEX
  8
0
 10
11.000804
 20
186.729764
 42
0.380403
  0
VERTEX
  8
0
 10
11.088589
 20
186.631769
 42
0.002245
  0
VERTEX
  8
0
 10
12.396448
 20
186.488896
 42
0.007492
  0
VERTEX
  8
0
 10
13.929753
 20
186.351550
 42
0.004519
  0
VERTEX
  8
0
 10
15.750804
 20
186.232436
 42
0.014112
  0
VERTEX
  8
0
 10
17.508275
 20
186.183115
 42
0.037499
  0
VERTEX
  8
0
 10
18.759805
 20
186.277319
 42
0.116433
  0
VERTEX
  8
0
 10
19.292725
 20
186.491357
 42
0.527827
  0
VERTEX
  8
0
 10
19.288787
 20
186.767481
 42
-0.089447
  0
VERTEX
  8
0
 10
18.723228
 20
187.308944
 42
-0.019943
  0
VERTEX
  8
0
 10
17.977407
 20
188.425592
 42
-0.020094
  0
VERTEX
  8
0
 10
17.208548
 20
189.804006
 42
-0.018212
  0
VERTEX
  8
0
 10
16.525367
 20
191.285045
 42
0.008106
  0
VERTEX
  8
0
 10
15.903102
 20
192.708990
 42
0.012746
  0
VERTEX
  8
0
 10
15.318083
 20
193.908732
 42
0.006773
  0
VERTEX
  8
0
 10
14.795540
 20
194.881985
 42
0.272595
  0
VERTEX
  8
0
 10
14.595160
 20
195.000000
 42
0.278863
  0
VERTEX
  8
0
 10
14.395515
 20
194.879263
 42
0.006006
  0
VERTEX
  8
0
 10
13.855677
 20
193.819056
 42
0.012001
  0
VERTEX
  8
0
 10
13.252462
 20
192.520784
 42
0.007585
  0
SEQEND
  0
POLYLINE
  8
0
 66
1
 70
1
  0
VERTEX
  8
0
 10
412.000000
 20
194.000000
 42
0.027275
  0
VERTEX
  8
0
 10
411.445888
 20
193.597454
 42
0.147021
  0
VERTEX
  8
0
 10
411.239151
 20
193.292684
 42
0.379910
  0
VERTEX
  8
0
 10
411.327599
 20
193.095709
 42
0.102799
  0
VERTEX
  8
0
 10
411.690983
 20
193.015313
 42
0.074131
  0
VERTEX
  8
0
 10
412.192374
 20
193.083483
 42
0.053889
  0
VERTEX
  8
0
 10
412.713662
 20
193.298248
 42
0.054031
  0
VERTEX
  8
0
 10
413.175433
 20
193.618541
 42
0.075854
  0
VERTEX
  8
0
 10
413.500000
 20
194.000000
 42
0.034464
  0
VERTEX
  8
0
 10
413.886554
 20
194.734105
 42
0.541951
  0
VERTEX
  8
0
 10
413.758161
 20
194.931144
 42
0.136158
  0
VERTEX
  8
0
 10
413.281145
 20
194.798791
 42
0.008108
  0
SEQEND
  0
POLYLINE
  8
0
 66
1
 70
1
  0
VERTEX
  8
0
 10
63.000000
 20
193.093620
 42
0.243840
  0
VERTEX
  8
0
 10
63.157535
 20
192.789795
 42
0.106581
  0
VERTEX
  8
0
 10
63.587500
 20
192.607123
 42
0.070464
  0
VERTEX
  8
0
 10
64.233678
 20
192.575635
 42
0.040966
  0
VERTEX
  8
0
 10
65.000000
 20
192.710251
 42
0.016817
  0
VERTEX
  8
0
 10
65.766387
 20
192.938458
 42
0.025621
  0
VERTEX
  8
0
 10
66.412500
 20
193.192243
 42
0.023188
  0
VERTEX
  8
0
 10
66.897136
 20
193.439563
 42
0.269386
  0
VERTEX
  8
0
 10
67.000000
 20
193.616631
 42
0.326917
  0
VERTEX
  8
0
 10
66.890445
 20
193.766282
 42
0.029396
  0
VERTEX
  8
0
 10
66.412500
 20
193.887385
 42
0.029316
  0
VERTEX
  8
0
 10
65.766644
 20
193.972329
 42
0.018041
  0
VERTEX
  8
0
 10
65.000000
 20
194.000000
 42
0.043375
  0
VERTEX
  8
0
 10
64.234359
 20
193.933456
 42
0.063112
  0
VERTEX
  8
0
 10
63.587500
 20
193.733751
 42
0.082769
  0
VERTEX
  8
0
 10
63.149557
 20
193.440102
 42
0.206609
  0
SEQEND
  0
POLYLINE
  8
0
 66
1
 70
1
  0
VERTEX
  8
0
 10
63.537404
 20
190.060521
 42
0.206791
  0
VERTEX
  8
0
 10
63.487215
 20
189.718593
 42
0.198770
  0
VERTEX
  8
0
 10
63.700832
 20
189.440214
 42
0.105501
  0
VERTEX
  8
0
 10
64.200669
 20
189.278102
 42
0.044677
  0
VERTEX
  8
0
 10
64.909109
 20
189.268107
 42
0.041031
  0
VERTEX
  8
0
 10
65.622881
 20
189.381246
 42
0.083129
  0
VERTEX
  8
0
 10
66.144085
 20
189.604743
 42
0.146709
  0
VERTEX
  8
0
 10
66.393042
 20
189.895274
 42
0.247560
  0
VERTEX
  8
0
 10
66.371705
 20
190.207586
 42
0.129136
  0
VERTEX
  8
0
 10
65.764831
 20
190.784818
 42
0.139739
  0
VERTEX
  8
0
 10
64.971067
 20
190.967192
 42
0.132222
  0
VERTEX
  8
0
 10
64.166890
 20
190.705366
 42
0.110330
  0
SEQEND
  0
POLYLINE
  8
0
 66
1
 70
1
  0
VERTEX
  8
0
 10
411.000000
 20
190.166667
 42
0.170324
  0
VERTEX
  8
0
 10
411.111542
 20
189.848724
 42
0.094314
  0
VERTEX
  8
0
 10
411.427703
 20
189.578125
 42
0.074868
  0
VERTEX
  8
0
 10
411.899039
 20
189.395108
 42
0.055286
  0
VERTEX
  8
0
 10
412.456011
 20
189.333333
 42
0.057730
  0
VERTEX
  8
0
 10
412.976727
 20
189.393656
 42
0.124167
  0
VERTEX
  8
0
 10
413.333030
 20
189.578125
 42
0.190804
  0
VERTEX
  8
0
 10
413.471218
 20
189.850897
 42
0.162770
  0
VERTEX
  8
0
 10
413.396994
 20
190.166667
 42
0.071639
  0
VERTEX
  8
0
 10
413.130304
 20
190.485481
 42
0.052880
  0
VERTEX
  8
0
 10
412.756842
 20
190.755208
 42
0.053298
  0
VERTEX
  8
0
 10
412.339084
 20
190.938439
 42
0.076861
  0
VERTEX
  8
0
 10
411.940983
 20
191.000000
 42
0.087308
  0
VERTEX
  8
0
 10
411.581686
 20
190.936779
 42
0.094392
  0
VERTEX
  8
0
 10
411.276414
 20
190.755208
 42
0.100145
  0
VERTEX
  8
0
 10
411.072214
 20
190.484563
 42
0.112153
  0
SEQEND
  0
POLYLINE
  8
0
 66
1
 70
1
  0
VERTEX
  8
0
 10
413.000000
 20
187.000000
 42
0.000000
  0
VERTEX
  8
0
 10
410.500000
 20
186.199360
 42
0.000000
  0
VERTEX
  8
0
 10
413.250000
 20
186.099680
 42
0.034573
  0
VERTEX
  8
0
 10
414.303399
 20
186.134337
 42
0.053647
  0
VERTEX
  8
0
 10
415.192187
 20
186.323031
 42
0.071149
  0
VERTEX
  8
0
 10
415.801700
 20
186.623838
 42
0.247444
  0
VERTEX
  8
0
 10
416.000000
 20
187.000000
 42
0.023720
  0
VERTEX
  8
0
 10
415.982130
 20
187.376479
 42
0.044027
  0
VERTEX
  8
0
 10
415.926562
 20
187.676969
 42
0.064928
  0
VERTEX
  8
0
 10
415.845932
 20
187.867397
 42
0.370704
  0
VERTEX
  8
0
 10
415.750000
 20
187.900320
 42
-0.015258
  0
VERTEX
  8
0
 10
415.569896
 20
187.834804
 42
-0.000496
  0
VERTEX
  8
0
 10
414.839063
 20
187.594733
 42
-0.000952
  0
VERTEX
  8
0
 10
413.976003
 20
187.313996
 42
-0.000662
  0
SEQEND
  0
POLYLINE
  8
0
 66
1
 70
1
  0
VERTEX
  8
0
 10
28.750000
 20
186.259603
 42
0.008933
  0
VERTEX
  8
0
 10
31.595295
 20
186.148924
 42
0.005253
  0
VERTEX
  8
0
 10
35.000000
 20
186.113150
 42
0.005253
  0
VERTEX
  8
0
 10
38.404705
 20
186.148924
 42
0.008933
  0
VERTEX
  8
0
 10
41.250000
 20
186.259603
 42
0.056230
  0
VERTEX
  8
0
 10
42.005917
 20
186.388651
 42
0.843750
  0
VERTEX
  8
0
 10
41.992188
 20
186.510348
 42
0.011824
  0
VERTEX
  8
0
 10
39.481976
 20
186.593461
 42
0.002363
  0
VERTEX
  8
0
 10
35.000000
 20
186.614641
 42
0.002363
  0
VERTEX
  8
0
 10
30.518024
 20
186.593461
 42
0.011824
  0
VERTEX
  8
0
 10
28.007812
 20
186.510348
 42
0.843750
  0
VERTEX
  8
0
 10
27.994083
 20
186.388651
 42
0.056230
  0
SEQEND
  0
POLYLINE
  8
0
 66
1
 70
1
  0
VERTEX
  8
0
 10
50.263750
 20
186.282419
 42
0.022548
  0
VERTEX
  8
0
 10
51.485188
 20
186.153707
 42
0.015659
  0
VERTEX
  8
0
 10
52.872547
 20
186.114038
 42
0.015827
  0
VERTEX
  8
0
 10
54.209518
 20
186.160023
 42
0.031163
  0
VERTEX
  8
0
 10
55.263750
 20
186.296069
 42
0.248898
  0
VERTEX
  8
0
 10
55.455688
 20
186.450815
 42
0.490820
  0
VERTEX
  8
0
 10
55.374351
 20
186.596853
 42
0.030832
  0
VERTEX
  8
0
 10
54.297080
 20
186.692368
 42
0.007380
  0
VERTEX
  8
0
 10
52.500000
 20
186.713986
 42
0.006817
  0
VERTEX
  8
0
 10
50.711719
 20
186.684722
 42
0.040183
  0
VERTEX
  8
0
 10
49.780601
 20
186.581582
 42
0.720633
  0
VERTEX
  8
0
 10
49.761725
 20
186.438612
 42
0.075924
  0
SEQEND
  0
POLYLINE
  8
0
 66
1
 70
1
  0
VERTEX
  8
0
 10
64.269032
 20
186.307009
 42
0.037336
  0
VERTEX
  8
0
 10
65.036634
 20
186.167106
 42
0.029507
  0
VERTEX
  8
0
 10
65.880008
 20
186.127736
 42
0.030339
  0
VERTEX
  8
0
 10
66.671085
 20
186.185595
 42
0.062780
  0
VERTEX
  8
0
 10
67.269032
 20
186.344063
 42
0.313180
  0
VERTEX
  8
0
 10
67.386009
 20
186.522870
 42
0.333666
  0
VERTEX
  8
0
 10
67.257153
 20
186.684921
 42
0.052471
  0
VERTEX
  8
0
 10
66.580113
 20
186.787295
 42
0.014395
  0
VERTEX
  8
0
 10
65.500000
 20
186.805051
 42
0.012823
  0
VERTEX
  8
0
 10
64.431793
 20
186.764444
 42
0.080377
  0
VERTEX
  8
0
 10
63.900903
 20
186.643467
 42
0.597527
  0
VERTEX
  8
0
 10
63.883358
 20
186.483340
 42
0.087174
  0
SEQEND
  0
POLYLINE
  8
0
 66
1
 70
1
  0
VERTEX
  8
0
 10
14.500000
 20
184.000000
 42
0.082592
  0
VERTEX
  8
0
 10
14.343488
 20
183.617900
 42
0.161196
  0
VERTEX
  8
0
 10
14.374600
 20
183.293750
 42
0.182303
  0
VERTEX
  8
0
 10
14.586039
 20
183.078288
 42
0.108972
  0
VERTEX
  8
0
 10
14.940983
 20
183.000000
 42
0.093332
  0
VERTEX
  8
0
 10
15.345238
 20
183.076123
 42
0.096420
  0
VERTEX
  8
0
 10
15.688914
 20
183.293750
 42
0.099167
  0
VERTEX
  8
0
 10
15.918938
 20
183.618444
 42
0.105053
  0
VERTEX
  8
0
 10
16.000000
 20
184.000000
 42
0.042167
  0
VERTEX
  8
0
 10
15.967655
 20
184.382849
 42
0.061769
  0
VERTEX
  8
0
 10
15.870461
 20
184.706250
 42
0.081139
  0
VERTEX
  8
0
 10
15.727648
 20
184.925540
 42
0.210953
  0
VERTEX
  8
0
 10
15.559017
 20
185.000000
 42
0.151918
  0
VERTEX
  8
0
 10
15.348290
 20
184.934461
 42
0.038439
  0
VERTEX
  8
0
 10
15.066025
 20
184.706250
 42
0.035638
  0
VERTEX
  8
0
 10
14.768994
 20
184.382774
 42
0.029505
  0
SEQEND
  0
POLYLINE
  8
0
 66
1
 70
1
  0
VERTEX
  8
0
 10
381.985294
 20
183.306450
 42
0.067271
  0
VERTEX
  8
0
 10
380.567080
 20
182.883686
 42
0.192327
  0
VERTEX
  8
0
 10
379.866142
 20
182.156084
 42
0.093368
  0
VERTEX
  8
0
 10
379.586453
 20
180.780055
 42
0.009646
  0
VERTEX
  8
0
 10
379.602941
 20
177.456283
 42
-0.001949
  0
VERTEX
  8
0
 10
379.662533
 20
174.529004
 42
-0.000506
  0
VERTEX
  8
0
 10
379.735294
 20
169.818278
 42
-0.000515
  0
VERTEX
  8
0
 10
379.807261
 20
164.449208
 42
-0.000525
  0
VERTEX
  8
0
 10
379.867647
 20
159.116577
 42
0.000000
  0
VERTEX
  8
0
 10
380.000000
 20
146.233154
 42
0.000000
  0
VERTEX
  8
0
 10
382.500000
 20
145.755249
 42
0.000000
  0
VERTEX
  8
0
 10
385.000000
 20
145.277344
 42
0.000000
  0
VERTEX
  8
0
 10
385.000000
 20
164.638672
 42
0.001210
  0
VERTEX
  8
0
 10
384.982053
 20
172.052592
 42
0.002043
  0
VERTEX
  8
0
 10
384.926562
 20
178.268597
 42
0.000196
  0
VERTEX
  8
0
 10
384.852506
 20
183.793027
 42
0.578194
  0
VERTEX
  8
0
 10
384.750000
 20
183.850168
 42
-0.083369
  0
VERTEX
  8
0
 10
384.562650
 20
183.776731
 42
-0.003258
  0
VERTEX
  8
0
 10
383.834743
 20
183.628645
 42
-0.005711
  0
VERTEX
  8
0
 10
382.966905
 20
183.468245
 42
-0.003993
  0
SEQEND
  0
POLYLINE
  8
0
 66
1
 70
1
  0
VERTEX
  8
0
 10
15.078947
 20
179.416667
 42
0.018894
  0
VERTEX
  8
0
 10
15.137993
 20
178.670344
 42
0.168741
  0
VERTEX
  8
0
 10
15.279315
 20
178.378580
 42
0.470617
  0
VERTEX
  8
0
 10
15.461564
 20
178.395823
 42
0.054073
  0
VERTEX
  8
0
 10
15.683114
 20
178.812500
 42
0.051402
  0
VERTEX
  8
0
 10
15.839148
 20
179.359369
 42
0.054150
  0
VERTEX
  8
0
 10
15.876576
 20
179.916927
 42
0.060344
  0
VERTEX
  8
0
 10
15.797407
 20
180.402231
 42
0.126455
  0
VERTEX
  8
0
 10
15.604167
 20
180.729167
 42
0.296942
  0
VERTEX
  8
0
 10
15.385309
 20
180.775380
 42
0.208169
  0
VERTEX
  8
0
 10
15.200665
 20
180.592839
 42
0.077125
  0
VERTEX
  8
0
 10
15.089945
 20
180.112848
 42
0.028489
  0
SEQEND
  0
POLYLINE
  8
0
 66
1
 70
1
  0
VERTEX
  8
0
 10
299.750000
 20
143.337719
 42
0.057986
  0
VERTEX
  8
0
 10
300.320008
 20
143.181385
 42
0.037979
  0
VERTEX
  8
0
 10
301.000000
 20
143.129660
 42
0.037979
  0
VERTEX
  8
0
 10
301.679992
 20
143.181385
 42
0.057986
  0
VERTEX
  8
0
 10
302.250000
 20
143.337719
 42
0.174857
  0
VERTEX
  8
0
 10
302.459382
 20
143.525001
 42
0.447206
  0
VERTEX
  8
0
 10
302.398438
 20
143.693942
 42
0.078554
  0
VERTEX
  8
0
 10
301.891440
 20
143.810911
 42
0.017491
  0
VERTEX
  8
0
 10
301.000000
 20
143.842105
 42
0.017491
  0
VERTEX
  8
0
 10
300.108560
 20
143.810911
 42
0.078554
  0
VERTEX
  8
0
 10
299.601562
 20
143.693942
 42
0.447206
  0
VERTEX
  8
0
 10
299.540618
 20
143.525001
 42
0.174857
  0
SEQEND
  0
POLYLINE
  8
0
 66
1
 70
1
  0
VERTEX
  8
0
 10
96.000000
 20
127.361328
 42
0.000000
  0
VERTEX
  8
0
 10
96.000000
 20
114.000000
 42
0.000000
  0
VERTEX
  8
0
 10
104.000000
 20
114.000000
 42
0.006994
  0
VERTEX
  8
0
 10
108.191484
 20
114.058630
 42
0.039364
  0
VERTEX
  8
0
 10
110.416667
 20
114.296875
 42
0.093584
  0
VERTEX
  8
0
 10
111.586019
 20
114.753078
 42
0.258593
  0
VERTEX
  8
0
 10
112.000000
 20
115.500000
 42
0.209990
  0
VERTEX
  8
0
 10
111.686092
 20
116.214476
 42
0.118933
  0
VERTEX
  8
0
 10
110.844425
 20
116.680983
 42
0.055046
  0
VERTEX
  8
0
 10
109.276187
 20
116.933063
 42
0.012350
  0
VERTEX
  8
0
 10
106.566552
 20
117.000000
 42
0.000000
  0
VERTEX
  8
0
 10
101.133104
 20
117.000000
 42
0.000000
  0
VERTEX
  8
0
 10
101.211038
 20
120.750000
 42
0.005096
  0
VERTEX
  8
0
 10
101.231658
 20
122.697574
 42
0.001560
  0
VERTEX
  8
0
 10
101.223636
 20
125.640755
 42
0.001561
  0
VERTEX
  8
0
 10
101.194080
 20
128.935895
 42
0.001708
  0
VERTEX
  8
0
 10
101.144486
 20
132.133423
 42
0.005828
  0
VERTEX
  8
0
 10
100.998003
 20
136.921800
 42
0.068336
  0
VERTEX
  8
0
 10
100.666893
 20
138.754942
 42
0.178544
  0
VERTEX
  8
0
 10
99.925418
 20
139.693693
 42
0.090250
  0
VERTEX
  8
0
 10
98.500000
 20
140.244751
 42
0.000000
  0
VERTEX
  8
0
 10
96.000000
 20
140.722656
 42
0.000000
  0
SEQEND
  0
POLYLINE
  8
0
 66
1
 70
1
  0
VERTEX
  8
0
 10
173.000000
 20
128.883198
 42
0.000000
  0
VERTEX
  8
0
 10
173.000000
 20
117.000000
 42
0.000000
  0
VERTEX
  8
0
 10
166.928571
 20
117.000000
 42
0.005727
  0
VERTEX
  8
0
 10
163.488538
 20
116.960596
 42
0.068306
  0
VERTEX
  8
0
 10
162.177789
 20
116.750000
 42
0.382615
  0
VERTEX
  8
0
 10
161.900244
 20
116.291394
 42
0.150820
  0
VERTEX
  8
0
 10
162.274845
 20
115.582298
 42
0.143220
  0
VERTEX
  8
0
 10
163.980559
 20
114.648483
 42
0.032147
  0
VERTEX
  8
0
 10
167.289870
 20
114.141163
 42
0.020131
  0
VERTEX
  8
0
 10
172.499653
 20
113.893053
 42
0.004699
  0
VERTEX
  8
0
 10
181.250000
 20
113.911139
 42
0.007486
  0
VERTEX
  8
0
 10
185.271165
 20
114.017474
 42
0.040222
  0
VERTEX
  8
0
 10
187.443523
 20
114.283407
 42
0.093170
  0
VERTEX
  8
0
 10
188.593653
 20
114.753507
 42
0.254537
  0
VERTEX
  8
0
 10
189.000000
 20
115.500000
 42
0.200296
  0
VERTEX
  8
0
 10
188.704941
 20
116.207010
 42
0.122766
  0
VERTEX
  8
0
 10
187.916667
 20
116.675000
 42
0.058865
  0
VERTEX
  8
0
 10
186.460489
 20
116.930757
 42
0.014068
  0
VERTEX
  8
0
 10
184.000000
 20
117.000000
 42
0.000000
  0
VERTEX
  8
0
 10
179.000000
 20
117.000000
 42
0.000000
  0
VERTEX
  8
0
 10
179.000000
 20
128.760596
 42
0.000000
  0
VERTEX
  8
0
 10
179.000000
 20
140.521192
 42
0.000000
  0
VERTEX
  8
0
 10
176.000000
 20
140.643794
 42
0.000000
  0
VERTEX
  8
0
 10
173.000000
 20
140.766396
 42
0.000000
  0
SEQEND
  0
POLYLINE
  8
0
 66
1
 70
1
  0
VERTEX
  8
0
 10
277.484943
 20
139.975637
 42
0.121439
  0
VERTEX
  8
0
 10
277.232526
 20
139.192710
 42
0.004369
  0
VERTEX
  8
0
 10
277.037822
 20
136.028087
 42
0.007808
  0
VERTEX
  8
0
 10
276.897814
 20
132.255336
 42
0.005370
  0
VERTEX
  8
0
 10
276.851852
 20
127.975637
 42
0.000000
  0
VERTEX
  8
0
 10
276.851852
 20
117.000000
 42
0.000000
  0
VERTEX
  8
0
 10
271.425926
 20
117.000000
 42
0.012740
  0
VERTEX
  8
0
 10
268.772180
 20
116.932372
 42
0.052495
  0
VERTEX
  8
0
 10
267.186965
 20
116.683295
 42
0.109181
  0
VERTEX
  8
0
 10
266.318461
 20
116.233078
 42
0.222321
  0
VERTEX
  8
0
 10
266.000000
 20
115.552260
 42
0.220508
  0
VERTEX
  8
0
 10
266.316215
 20
114.870109
 42
0.095515
  0
VERTEX
  8
0
 10
267.208780
 20
114.368259
 42
0.051240
  0
VERTEX
  8
0
 10
268.777530
 20
114.018509
 42
0.014867
  0
VERTEX
  8
0
 10
271.250000
 20
113.802260
 42
0.000000
  0
VERTEX
  8
0
 10
276.500000
 20
113.500000
 42
0.000000
  0
VERTEX
  8
0
 10
276.783832
 20
102.750000
 42
0.008103
  0
VERTEX
  8
0
 10
276.962455
 20
98.559652
 42
0.014239
  0
VERTEX
  8
0
 10
277.264751
 20
95.105049
 42
0.008142
  0
VERTEX
  8
0
 10
277.631054
 20
92.347065
 42
0.371408
  0
VERTEX
  8
0
 10
278.033832
 20
92.000000
 42
0.400082
  0
VERTEX
  8
0
 10
278.468555
 20
92.414140
 42
0.002268
  0
VERTEX
  8
0
 10
278.740141
 20
98.589475
 42
0.006842
  0
VERTEX
  8
0
 10
278.938540
 20
106.298032
 42
0.003012
  0
VERTEX
  8
0
 10
279.000000
 20
116.500000
 42
0.001687
  0
VERTEX
  8
0
 10
278.968310
 20
125.894519
 42
0.002813
  0
VERTEX
  8
0
 10
278.870461
 20
133.803125
 42
0.000319
  0
VERTEX
  8
0
 10
278.739633
 20
140.822832
 42
0.408580
  0
VERTEX
  8
0
 10
278.559017
 20
141.000000
 42
0.153940
  0
VERTEX
  8
0
 10
278.347495
 20
140.933296
 42
0.037705
  0
VERTEX
  8
0
 10
278.061602
 20
140.699093
 42
0.035082
  0
VERTEX
  8
0
 10
277.759695
 20
140.367750
 42
0.028817
  0
SEQEND
  0
POLYLINE
  8
0
 66
1
 70
1
  0
VERTEX
  8
0
 10
380.000000
 20
116.300000
 42
0.000000
  0
VERTEX
  8
0
 10
380.000000
 20
92.000000
 42
0.000000
  0
VERTEX
  8
0
 10
382.500000
 20
92.000000
 42
0.000000
  0
VERTEX
  8
0
 10
385.000000
 20
92.000000
 42
0.000000
  0
VERTEX
  8
0
 10
385.000000
 20
116.300000
 42
0.000000
  0
VERTEX
  8
0
 10
385.000000
 20
140.600000
 42
0.000000
  0
VERTEX
  8
0
 10
382.500000
 20
140.600000
 42
0.000000
  0
VERTEX
  8
0
 10
380.000000
 20
140.600000
 42
0.000000
  0
SEQEND
  0
POLYLINE
  8
0
 66
1
 70
1
  0
VERTEX
  8
0
 10
63.000000
 20
122.940983
 42
0.108972
  0
VERTEX
  8
0
 10
63.078288
 20
122.586039
 42
0.182303
  0
VERTEX
  8
0
 10
63.293750
 20
122.374600
 42
0.161196
  0
VERTEX
  8
0
 10
63.617900
 20
122.343488
 42
0.082592
  0
VERTEX
  8
0
 10
64.000000
 20
122.500000
 42
0.029505
  0
VERTEX
  8
0
 10
64.382774
 20
122.768994
 42
0.035638
  0
VERTEX
  8
0
 10
64.706250
 20
123.066025
 42
0.038439
  0
VERTEX
  8
0
 10
64.934461
 20
123.348290
 42
0.151918
  0
VERTEX
  8
0
 10
65.000000
 20
123.559017
 42
0.210953
  0
VERTEX
  8
0
 10
64.925540
 20
123.727648
 42
0.081139
  0
VERTEX
  8
0
 10
64.706250
 20
123.870461
 42
0.061769
  0
VERTEX
  8
0
 10
64.382849
 20
123.967655
 42
0.042167
  0
VERTEX
  8
0
 10
64.000000
 20
124.000000
 42
0.105053
  0
VERTEX
  8
0
 10
63.618444
 20
123.918938
 42
0.099167
  0
VERTEX
  8
0
 10
63.293750
 20
123.688914
 42
0.096420
  0
VERTEX
  8
0
 10
63.076123
 20
123.345238
 42
0.093332
  0
SEQEND
  0
POLYLINE
  8
0
 66
1
 70
1
  0
VERTEX
  8
0
 10
411.116001
 20
121.627555
 42
0.012802
  0
VERTEX
  8
0
 10
411.092474
 20
120.033659
 42
0.175225
  0
VERTEX
  8
0
 10
411.292169
 20
119.499515
 42
0.363910
  0
VERTEX
  8
0
 10
411.689719
 20
119.432062
 42
0.040715
  0
VERTEX
  8
0
 10
412.500000
 20
120.000000
 42
0.025103
  0
VERTEX
  8
0
 10
413.515680
 20
120.932859
 42
0.105737
  0
VERTEX
  8
0
 10
413.957664
 20
121.627005
 42
0.598744
  0
VERTEX
  8
0
 10
413.773764
 20
121.835546
 42
0.080847
  0
VERTEX
  8
0
 10
413.075682
 20
121.546774
 42
-0.183658
  0
VERTEX
  8
0
 10
412.687459
 20
121.471988
 42
-0.135220
  0
VERTEX
  8
0
 10
412.287851
 20
121.660981
 42
-0.095139
  0
VERTEX
  8
0
 10
411.935574
 20
122.105169
 42
-0.056469
  0
VERTEX
  8
0
 10
411.691683
 20
122.737757
 42
0.062129
  0
VERTEX
  8
0
 10
411.499044
 20
123.221098
 42
0.599383
  0
VERTEX
  8
0
 10
411.326997
 20
123.218948
 42
0.098041
  0
VERTEX
  8
0
 10
411.187030
 20
122.737476
 42
0.011773
  0
SEQEND
  0
POLYLINE
  8
0
 66
1
 70
1
  0
VERTEX
  8
0
 10
134.078947
 20
121.416667
 42
0.018894
  0
VERTEX
  8
0
 10
134.137993
 20
120.670344
 42
0.168741
  0
VERTEX
  8
0
 10
134.279315
 20
120.378580
 42
0.470617
  0
VERTEX
  8
0
 10
134.461564
 20
120.395823
 42
0.054073
  0
VERTEX
  8
0
 10
134.683114
 20
120.812500
 42
0.051402
  0
VERTEX
  8
0
 10
134.839148
 20
121.359369
 42
0.054150
  0
VERTEX
  8
0
 10
134.876576
 20
121.916927
 42
0.060344
  0
VERTEX
  8
0
 10
134.797407
 20
122.402231
 42
0.126455
  0
VERTEX
  8
0
 10
134.604167
 20
122.729167
 42
0.296942
  0
VERTEX
  8
0
 10
134.385309
 20
122.775380
 42
0.208169
  0
VERTEX
  8
0
 10
134.200665
 20
122.592839
 42
0.077125
  0
VERTEX
  8
0
 10
134.089945
 20
122.112848
 42
0.028489
  0
SEQEND
  0
POLYLINE
  8
0
 66
1
 70
1
  0
VERTEX
  8
0
 10
64.250000
 20
121.281721
 42
0.100346
  0
VERTEX
  8
0
 10
63.342050
 20
120.731978
 42
0.226321
  0
VERTEX
  8
0
 10
63.050008
 20
120.003325
 42
0.203820
  0
VERTEX
  8
0
 10
63.425267
 20
119.257352
 42
0.084242
  0
VERTEX
  8
0
 10
64.417241
 20
118.670131
 42
0.098143
  0
VERTEX
  8
0
 10
64.999271
 20
118.569774
 42
0.097730
  0
VERTEX
  8
0
 10
65.576524
 20
118.698709
 42
0.098152
  0
VERTEX
  8
0
 10
66.059598
 20
119.036534
 42
0.099941
  0
VERTEX
  8
0
 10
66.373567
 20
119.531117
 42
0.095836
  0
VERTEX
  8
0
 10
66.556278
 20
120.562575
 42
0.219843
  0
VERTEX
  8
0
 10
66.221881
 20
121.257363
 42
0.188714
  0
VERTEX
  8
0
 10
65.420639
 20
121.519674
 42
0.072063
  0
SEQEND
  0
POLYLINE
  8
0
 66
1
 70
1
  0
VERTEX
  8
0
 10
58.500000
 20
119.000000
 42
0.029505
  0
VERTEX
  8
0
 10
58.768994
 20
118.617226
 42
0.035638
  0
VERTEX
  8
0
 10
59.066025
 20
118.293750
 42
0.038439
  0
VERTEX
  8
0
 10
59.348290
 20
118.065539
 42
0.151918
  0
VERTEX
  8
0
 10
59.559017
 20
118.000000
 42
0.210953
  0
VERTEX
  8
0
 10
59.727648
 20
118.074460
 42
0.081139
  0
VERTEX
  8
0
 10
59.870461
 20
118.293750
 42
0.061769
  0
VERTEX
  8
0
 10
59.967655
 20
118.617151
 42
0.042167
  0
VERTEX
  8
0
 10
60.000000
 20
119.000000
 42
0.105053
  0
VERTEX
  8
0
 10
59.918938
 20
119.381556
 42
0.099167
  0
VERTEX
  8
0
 10
59.688914
 20
119.706250
 42
0.096420
  0
VERTEX
  8
0
 10
59.345238
 20
119.923877
 42
0.093332
  0
VERTEX
  8
0
 10
58.940983
 20
120.000000
 42
0.108972
  0
VERTEX
  8
0
 10
58.586039
 20
119.921712
 42
0.182303
  0
VERTEX
  8
0
 10
58.374600
 20
119.706250
 42
0.161196
  0
VERTEX
  8
0
 10
58.343488
 20
119.382100
 42
0.082592
  0
SEQEND
  0
POLYLINE
  8
0
 66
1
 70
1
  0
VERTEX
  8
0
 10
411.558870
 20
117.468197
 42
0.010934
  0
VERTEX
  8
0
 10
410.546442
 20
116.667039
 42
0.161632
  0
VERTEX
  8
0
 10
410.309351
 20
116.288040
 42
0.435996
  0
VERTEX
  8
0
 10
410.459121
 20
116.061314
 42
0.041204
  0
VERTEX
  8
0
 10
411.201882
 20
116.000000
 42
0.085793
  0
VERTEX
  8
0
 10
411.850497
 20
116.112119
 42
0.066274
  0
VERTEX
  8
0
 10
412.489765
 20
116.440625
 42
0.066021
  0
VERTEX
  8
0
 10
413.023159
 20
116.926582
 42
0.083605
  0
VERTEX
  8
0
 10
413.361626
 20
117.500000
 42
0.012911
  0
VERTEX
  8
0
 10
413.776680
 20
118.671157
 42
0.515284
  0
VERTEX
  8
0
 10
413.638030
 20
118.858614
 42
0.155482
  0
VERTEX
  8
0
 10
413.243097
 20
118.725044
 42
0.003233
  0
SEQEND
  0
POLYLINE
  8
0
 66
1
 70
1
  0
VERTEX
  8
0
 10
57.979944
 20
115.475834
 42
0.029602
  0
VERTEX
  8
0
 10
56.979644
 20
114.114039
 42
0.516285
  0
VERTEX
  8
0
 10
57.152246
 20
113.680429
 42
0.243494
  0
VERTEX
  8
0
 10
57.879991
 20
113.857678
 42
0.023017
  0
VERTEX
  8
0
 10
59.250000
 20
115.166667
 42
0.023673
  0
VERTEX
  8
0
 10
59.861625
 20
115.871365
 42
0.055885
  0
VERTEX
  8
0
 10
60.228156
 20
116.461458
 42
0.131091
  0
VERTEX
  8
0
 10
60.297943
 20
116.837557
 42
0.391772
  0
VERTEX
  8
0
 10
60.122445
 20
117.000000
 42
0.119097
  0
VERTEX
  8
0
 10
59.699414
 20
116.897787
 42
0.036060
  0
VERTEX
  8
0
 10
59.131094
 20
116.552276
 42
0.033855
  0
VERTEX
  8
0
 10
58.528724
 20
116.059140
 42
0.031103
  0
SEQEND
  0
POLYLINE
  8
0
 66
1
 70
1
  0
VERTEX
  8
0
 10
406.507079
 20
116.011454
 42
0.114400
  0
VERTEX
  8
0
 10
406.393111
 20
115.674071
 42
0.329480
  0
VERTEX
  8
0
 10
406.512472
 20
115.474315
 42
0.155351
  0
VERTEX
  8
0
 10
406.868281
 20
115.443138
 42
0.036408
  0
VERTEX
  8
0
 10
407.448062
 20
115.618443
 42
0.029964
  0
VERTEX
  8
0
 10
408.519970
 20
116.105273
 42
0.168622
  0
VERTEX
  8
0
 10
408.942608
 20
116.558518
 42
0.444011
  0
VERTEX
  8
0
 10
408.798253
 20
116.882327
 42
0.079093
  0
VERTEX
  8
0
 10
408.059017
 20
117.000000
 42
0.088797
  0
VERTEX
  8
0
 10
407.653950
 20
116.927491
 42
0.053277
  0
VERTEX
  8
0
 10
407.214980
 20
116.709615
 42
0.051183
  0
VERTEX
  8
0
 10
406.810572
 20
116.389589
 42
0.061454
  0
SEQEND
  0
POLYLINE
  8
0
 66
1
 70
1
  0
VERTEX
  8
0
 10
63.229167
 20
111.812500
 42
0.083716
  0
VERTEX
  8
0
 10
63.486119
 20
111.329360
 42
0.051259
  0
VERTEX
  8
0
 10
63.930990
 20
110.859668
 42
0.049672
  0
VERTEX
  8
0
 10
64.483253
 20
110.472989
 42
0.061964
  0
VERTEX
  8
0
 10
65.062500
 20
110.236369
 42
0.006245
  0
VERTEX
  8
0
 10
65.883463
 20
110.025388
 42
0.463998
  0
VERTEX
  8
0
 10
65.981894
 20
110.097126
 42
0.259758
  0
VERTEX
  8
0
 10
65.910906
 20
110.249429
 42
0.004118
  0
VERTEX
  8
0
 10
65.104853
 20
110.822592
 42
-0.032742
  0
VERTEX
  8
0
 10
64.436316
 20
111.358083
 42
-0.298389
  0
VERTEX
  8
0
 10
64.348381
 20
111.702414
 42
-0.229818
  0
VERTEX
  8
0
 10
64.632069
 20
111.988203
 42
-0.021658
  0
VERTEX
  8
0
 10
65.604853
 20
112.282722
 42
0.006467
  0
VERTEX
  8
0
 10
66.640866
 20
112.562331
 42
0.521889
  0
VERTEX
  8
0
 10
66.687340
 20
112.697028
 42
0.222710
  0
VERTEX
  8
0
 10
66.484252
 20
112.808705
 42
0.003705
  0
VERTEX
  8
0
 10
65.166667
 20
112.883999
 42
0.042093
  0
VERTEX
  8
0
 10
64.244487
 20
112.852206
 42
0.096945
  0
VERTEX
  8
0
 10
63.586756
 20
112.640151
 42
0.161951
  0
VERTEX
  8
0
 10
63.252833
 20
112.277744
 42
0.188473
  0
SEQEND
  0
POLYLINE
  8
0
 66
1
 70
1
  0
VERTEX
  8
0
 10
410.557637
 20
112.093259
 42
0.236417
  0
VERTEX
  8
0
 10
410.531490
 20
111.801120
 42
0.238295
  0
VERTEX
  8
0
 10
410.749762
 20
111.606613
 42
0.095442
  0
VERTEX
  8
0
 10
411.266748
 20
111.570513
 42
0.033809
  0
VERTEX
  8
0
 10
411.998620
 20
111.709890
 42
0.020231
  0
VERTEX
  8
0
 10
413.475053
 20
112.160521
 42
0.209047
  0
VERTEX
  8
0
 10
413.930595
 20
112.583925
 42
0.493596
  0
VERTEX
  8
0
 10
413.747863
 20
112.912738
 42
0.036651
  0
VERTEX
  8
0
 10
412.559017
 20
113.000000
 42
0.056553
  0
VERTEX
  8
0
 10
411.966253
 20
112.932740
 42
0.049897
  0
VERTEX
  8
0
 10
411.376706
 20
112.733645
 42
0.052741
  0
VERTEX
  8
0
 10
410.877374
 20
112.440555
 42
0.095554
  0
SEQEND
  0
POLYLINE
  8
0
 66
1
 70
1
  0
VERTEX
  8
0
 10
307.078947
 20
88.416667
 42
0.018894
  0
VERTEX
  8
0
 10
307.137993
 20
87.670344
 42
0.168741
  0
VERTEX
  8
0
 10
307.279315
 20
87.378580
 42
0.470617
  0
VERTEX
  8
0
 10
307.461564
 20
87.395823
 42
0.054073
  0
VERTEX
  8
0
 10
307.683114
 20
87.812500
 42
0.051402
  0
VERTEX
  8
0
 10
307.839148
 20
88.359369
 42
0.054150
  0
VERTEX
  8
0
 10
307.876576
 20
88.916927
 42
0.060344
  0
VERTEX
  8
0
 10
307.797407
 20
89.402231
 42
0.126455
  0
VERTEX
  8
0
 10
307.604167
 20
89.729167
 42
0.296942
  0
VERTEX
  8
0
 10
307.385309
 20
89.775380
 42
0.208169
  0
VERTEX
  8
0
 10
307.200665
 20
89.592839
 42
0.077125
  0
VERTEX
  8
0
 10
307.089945
 20
89.112848
 42
0.028489
  0
SEQEND
  0
POLYLINE
  8
0
 66
1
 70
1
  0
VERTEX
  8
0
 10
333.000000
 20
88.500000
 42
0.258593
  0
VERTEX
  8
0
 10
333.413981
 20
87.753078
 42
0.093584
  0
VERTEX
  8
0
 10
334.583333
 20
87.296875
 42
0.039364
  0
VERTEX
  8
0
 10
336.808516
 20
87.058630
 42
0.006994
  0
VERTEX
  8
0
 10
341.000000
 20
87.000000
 42
0.006994
  0
VERTEX
  8
0
 10
345.191484
 20
87.058630
 42
0.039364
  0
VERTEX
  8
0
 10
347.416667
 20
87.296875
 42
0.093584
  0
VERTEX
  8
0
 10
348.586019
 20
87.753078
 42
0.258593
  0
VERTEX
  8
0
 10
349.000000
 20
88.500000
 42
0.258593
  0
VERTEX
  8
0
 10
348.586019
 20
89.246922
 42
0.093584
  0
VERTEX
  8
0
 10
347.416667
 20
89.703125
 42
0.039364
  0
VERTEX
  8
0
 10
345.191484
 20
89.941370
 42
0.006994
  0
VERTEX
  8
0
 10
341.000000
 20
90.000000
 42
0.006994
  0
VERTEX
  8
0
 10
336.808516
 20
89.941370
 42
0.039364
  0
VERTEX
  8
0
 10
334.583333
 20
89.703125
 42
0.093584
  0
VERTEX
  8
0
 10
333.413981
 20
89.246922
 42
0.258593
  0
SEQEND
  0
POLYLINE
  8
0
 66
1
 70
1
  0
VERTEX
  8
0
 10
364.000000
 20
88.500000
 42
0.258593
  0
VERTEX
  8
0
 10
364.413981
 20
87.753078
 42
0.093584
  0
VERTEX
  8
0
 10
365.583333
 20
87.296875
 42
0.039364
  0
VERTEX
  8
0
 10
367.808516
 20
87.058630
 42
0.006994
  0
VERTEX
  8
0
 10
372.000000
 20
87.000000
 42
0.006994
  0
VERTEX
  8
0
 10
376.191484
 20
87.058630
 42
0.039364
  0
VERTEX
  8
0
 10
378.416667
 20
87.296875
 42
0.093584
  0
VERTEX
  8
0
 10
379.586019
 20
87.753078
 42
0.258593
  0
VERTEX
  8
0
 10
380.000000
 20
88.500000
 42
0.258593
  0
VERTEX
  8
0
 10
379.586019
 20
89.246922
 42
0.093584
  0
VERTEX
  8
0
 10
378.416667
 20
89.703125
 42
0.039364
  0
VERTEX
  8
0
 10
376.191484
 20
89.941370
 42
0.006994
  0
VERTEX
  8
0
 10
372.000000
 20
90.000000
 42
0.006994
  0
VERTEX
  8
0
 10
367.808516
 20
89.941370
 42
0.039364
  0
VERTEX
  8
0
 10
365.583333
 20
89.703125
 42
0.093584
  0
VERTEX
  8
0
 10
364.413981
 20
89.246922
 42
0.258593
  0
SEQEND
  0
POLYLINE
  8
0
 66
1
 70
1
  0
VERTEX
  8
0
 10
63.666667
 20
84.333333
 42
0.067486
  0
VERTEX
  8
0
 10
63.412350
 20
83.999234
 42
0.039908
  0
VERTEX
  8
0
 10
63.200331
 20
83.544271
 42
0.039195
  0
VERTEX
  8
0
 10
63.058438
 20
83.047015
 42
0.053488
  0
VERTEX
  8
0
 10
63.015313
 20
82.583333
 42
0.047360
  0
VERTEX
  8
0
 10
63.061890
 20
82.156855
 42
0.375044
  0
VERTEX
  8
0
 10
63.207750
 20
82.046030
 42
0.211816
  0
VERTEX
  8
0
 10
63.426840
 20
82.161581
 42
0.023316
  0
VERTEX
  8
0
 10
63.765313
 20
82.634318
 42
-0.078969
  0
VERTEX
  8
0
 10
64.188656
 20
83.105129
 42
-0.035575
  0
VERTEX
  8
0
 10
64.871686
 20
83.582211
 42
-0.034086
  0
VERTEX
  8
0
 10
65.680441
 20
83.993480
 42
-0.039387
  0
VERTEX
  8
0
 10
66.500000
 20
84.268316
 42
0.001604
  0
VERTEX
  8
0
 10
67.872528
 20
84.615912
 42
0.380428
  0
VERTEX
  8
0
 10
67.939453
 20
84.715327
 42
0.357808
  0
VERTEX
  8
0
 10
67.848574
 20
84.799826
 42
0.001546
  0
VERTEX
  8
0
 10
66.416667
 20
84.883999
 42
0.030623
  0
VERTEX
  8
0
 10
65.570229
 20
84.879255
 42
0.032711
  0
VERTEX
  8
0
 10
64.749479
 20
84.770091
 42
0.034658
  0
VERTEX
  8
0
 10
64.063343
 20
84.582473
 42
0.112772
  0
SEQEND
  0
POLYLINE
  8
0
 66
1
 70
1
  0
VERTEX
  8
0
 10
411.000000
 20
82.000000
 42
0.046263
  0
VERTEX
  8
0
 10
411.182621
 20
80.030497
 42
0.213030
  0
VERTEX
  8
0
 10
411.818642
 20
79.110153
 42
0.372466
  0
VERTEX
  8
0
 10
412.617989
 20
79.244726
 42
0.081305
  0
VERTEX
  8
0
 10
413.381557
 20
80.551938
 42
0.036408
  0
VERTEX
  8
0
 10
413.556862
 20
81.131719
 42
0.155351
  0
VERTEX
  8
0
 10
413.525685
 20
81.487528
 42
0.329480
  0
VERTEX
  8
0
 10
413.325929
 20
81.606889
 42
0.114400
  0
VERTEX
  8
0
 10
412.988546
 20
81.492921
 42
-0.156162
  0
VERTEX
  8
0
 10
412.613781
 20
81.399718
 42
-0.191386
  0
VERTEX
  8
0
 10
412.290385
 20
81.553656
 42
-0.128025
  0
VERTEX
  8
0
 10
412.071764
 20
81.959937
 42
-0.059821
  0
VERTEX
  8
0
 10
412.000000
 20
82.557614
 42
-0.081397
  0
VERTEX
  8
0
 10
412.119758
 20
83.288379
 42
-0.182882
  0
VERTEX
  8
0
 10
412.470513
 20
83.716286
 42
-0.147599
  0
VERTEX
  8
0
 10
413.079545
 20
83.858443
 42
-0.048038
  0
VERTEX
  8
0
 10
414.001380
 20
83.709890
 42
0.033809
  0
VERTEX
  8
0
 10
414.733252
 20
83.570513
 42
0.095442
  0
VERTEX
  8
0
 10
415.250238
 20
83.606613
 42
0.238295
  0
VERTEX
  8
0
 10
415.468510
 20
83.801120
 42
0.236417
  0
VERTEX
  8
0
 10
415.442363
 20
84.093259
 42
0.119531
  0
VERTEX
  8
0
 10
415.089972
 20
84.441371
 42
0.048436
  0
VERTEX
  8
0
 10
414.476419
 20
84.733645
 42
0.044292
  0
VERTEX
  8
0
 10
413.725046
 20
84.932913
 42
0.042704
  0
VERTEX
  8
0
 10
412.940983
 20
85.000000
 42
0.087055
  0
VERTEX
  8
0
 10
412.005499
 20
84.835879
 42
0.163738
  0
VERTEX
  8
0
 10
411.411749
 20
84.363598
 42
0.113160
  0
VERTEX
  8
0
 10
411.091784
 20
83.484044
 42
0.030894
  0
SEQEND
  0
POLYLINE
  8
0
 66
1
 70
1
  0
VERTEX
  8
0
 10
65.000000
 20
81.115847
 42
0.156866
  0
VERTEX
  8
0
 10
63.746888
 20
80.058702
 42
0.140316
  0
VERTEX
  8
0
 10
63.275257
 20
78.418641
 42
0.172663
  0
VERTEX
  8
0
 10
63.775256
 20
77.008537
 42
0.225744
  0
VERTEX
  8
0
 10
64.994361
 20
76.428571
 42
0.033785
  0
VERTEX
  8
0
 10
65.841122
 20
76.485853
 42
0.198297
  0
VERTEX
  8
0
 10
66.218484
 20
76.705239
 42
0.282113
  0
VERTEX
  8
0
 10
66.255729
 20
77.066475
 42
0.061460
  0
VERTEX
  8
0
 10
65.902866
 20
77.617040
 42
-0.052126
  0
VERTEX
  8
0
 10
65.535312
 20
78.167697
 42
-0.154518
  0
VERTEX
  8
0
 10
65.455909
 20
78.609568
 42
-0.194082
  0
VERTEX
  8
0
 10
65.648826
 20
78.952675
 42
-0.088590
  0
VERTEX
  8
0
 10
66.108262
 20
79.202754
 42
0.090080
  0
VERTEX
  8
0
 10
66.532795
 20
79.435464
 42
0.098739
  0
VERTEX
  8
0
 10
66.832427
 20
79.796402
 42
0.103905
  0
VERTEX
  8
0
 10
66.960957
 20
80.228770
 42
0.110675
  0
VERTEX
  8
0
 10
66.900000
 20
80.665847
 42
0.142789
  0
VERTEX
  8
0
 10
66.631452
 20
81.024521
 42
0.103339
  0
VERTEX
  8
0
 10
66.176875
 20
81.237696
 42
0.087143
  0
VERTEX
  8
0
 10
65.603293
 20
81.271410
 42
0.068719
  0
SEQEND
  0
POLYLINE
  8
0
 66
1
 70
1
  0
VERTEX
  8
0
 10
59.000000
 20
79.000000
 42
0.105053
  0
VERTEX
  8
0
 10
59.081062
 20
78.618444
 42
0.099167
  0
VERTEX
  8
0
 10
59.311086
 20
78.293750
 42
0.096420
  0
VERTEX
  8
0
 10
59.654762
 20
78.076123
 42
0.093332
  0
VERTEX
  8
0
 10
60.059017
 20
78.000000
 42
0.108972
  0
VERTEX
  8
0
 10
60.413961
 20
78.078288
 42
0.182303
  0
VERTEX
  8
0
 10
60.625400
 20
78.293750
 42
0.161196
  0
VERTEX
  8
0
 10
60.656512
 20
78.617900
 42
0.082592
  0
VERTEX
  8
0
 10
60.500000
 20
79.000000
 42
0.029505
  0
VERTEX
  8
0
 10
60.231006
 20
79.382774
 42
0.035638
  0
VERTEX
  8
0
 10
59.933975
 20
79.706250
 42
0.038439
  0
VERTEX
  8
0
 10
59.651710
 20
79.934461
 42
0.151918
  0
VERTEX
  8
0
 10
59.440983
 20
80.000000
 42
0.210953
  0
VERTEX
  8
0
 10
59.272352
 20
79.925540
 42
0.081139
  0
VERTEX
  8
0
 10
59.129539
 20
79.706250
 42
0.061769
  0
VERTEX
  8
0
 10
59.032345
 20
79.382849
 42
0.042167
  0
SEQEND
  0
POLYLINE
  8
0
 66
1
 70
1
  0
VERTEX
  8
0
 10
406.266677
 20
77.890130
 42
0.071431
  0
VERTEX
  8
0
 10
406.319850
 20
77.102801
 42
0.124729
  0
VERTEX
  8
0
 10
406.607423
 20
76.519776
 42
0.136015
  0
VERTEX
  8
0
 10
407.116617
 20
76.175868
 42
0.092863
  0
VERTEX
  8
0
 10
407.812149
 20
76.078947
 42
0.012416
  0
VERTEX
  8
0
 10
408.602492
 20
76.135609
 42
0.253388
  0
VERTEX
  8
0
 10
408.794576
 20
76.264981
 42
0.421471
  0
VERTEX
  8
0
 10
408.739859
 20
76.432325
 42
0.019631
  0
VERTEX
  8
0
 10
408.136847
 20
76.699998
 42
-0.037717
  0
VERTEX
  8
0
 10
407.521940
 20
77.000000
 42
-0.232192
  0
VERTEX
  8
0
 10
407.332906
 20
77.285281
 42
-0.248965
  0
VERTEX
  8
0
 10
407.449017
 20
77.594590
 42
-0.042551
  0
VERTEX
  8
0
 10
407.970693
 20
77.981887
 42
0.042903
  0
VERTEX
  8
0
 10
408.489613
 20
78.367704
 42
0.252256
  0
VERTEX
  8
0
 10
408.602494
 20
78.675495
 42
0.232247
  0
VERTEX
  8
0
 10
408.409745
 20
78.957788
 42
0.037241
  0
VERTEX
  8
0
 10
407.788374
 20
79.250967
 42
0.113155
  0
VERTEX
  8
0
 10
407.211402
 20
79.332896
 42
0.162753
  0
VERTEX
  8
0
 10
406.741356
 20
79.130289
 42
0.130273
  0
VERTEX
  8
0
 10
406.417644
 20
78.638411
 42
0.062026
  0
SEQEND
  0
POLYLINE
  8
0
 66
1
 70
1
  0
VERTEX
  8
0
 10
410.632436
 20
77.214286
 42
0.240072
  0
VERTEX
  8
0
 10
410.607934
 20
76.917425
 42
0.166626
  0
VERTEX
  8
0
 10
410.833849
 20
76.659375
 42
0.089400
  0
VERTEX
  8
0
 10
411.323400
 20
76.484461
 42
0.041231
  0
VERTEX
  8
0
 10
412.000000
 20
76.428571
 42
0.041231
  0
VERTEX
  8
0
 10
412.676600
 20
76.484461
 42
0.089400
  0
VERTEX
  8
0
 10
413.166151
 20
76.659375
 42
0.166626
  0
VERTEX
  8
0
 10
413.392066
 20
76.917425
 42
0.240072
  0
VERTEX
  8
0
 10
413.367564
 20
77.214286
 42
0.071265
  0
VERTEX
  8
0
 10
413.116496
 20
77.514879
 42
0.052839
  0
VERTEX
  8
0
 10
412.765533
 20
77.769196
 42
0.053318
  0
VERTEX
  8
0
 10
412.373343
 20
77.941967
 42
0.077257
  0
VERTEX
  8
0
 10
412.000000
 20
78.000000
 42
0.077257
  0
VERTEX
  8
0
 10
411.626657
 20
77.941967
 42
0.053318
  0
VERTEX
  8
0
 10
411.234467
 20
77.769196
 42
0.052839
  0
VERTEX
  8
0
 10
410.883504
 20
77.514879
 42
0.071265
  0
SEQEND
  0
POLYLINE
  8
0
 66
1
 70
1
  0
VERTEX
  8
0
 10
63.557637
 20
72.093259
 42
0.236417
  0
VERTEX
  8
0
 10
63.531490
 20
71.801120
 42
0.238295
  0
VERTEX
  8
0
 10
63.749762
 20
71.606613
 42
0.095442
  0
VERTEX
  8
0
 10
64.266748
 20
71.570513
 42
0.033809
  0
VERTEX
  8
0
 10
64.998620
 20
71.709890
 42
0.020231
  0
VERTEX
  8
0
 10
66.475053
 20
72.160521
 42
0.209047
  0
VERTEX
  8
0
 10
66.930595
 20
72.583925
 42
0.493596
  0
VERTEX
  8
0
 10
66.747863
 20
72.912738
 42
0.036651
  0
VERTEX
  8
0
 10
65.559017
 20
73.000000
 42
0.056553
  0
VERTEX
  8
0
 10
64.966253
 20
72.932740
 42
0.049897
  0
VERTEX
  8
0
 10
64.376706
 20
72.733645
 42
0.052741
  0
VERTEX
  8
0
 10
63.877374
 20
72.440555
 42
0.095554
  0
SEQEND
  0
POLYLINE
  8
0
 66
1
 70
1
  0
VERTEX
  8
0
 10
83.078947
 20
52.416667
 42
0.018894
  0
VERTEX
  8
0
 10
83.137993
 20
51.670344
 42
0.168741
  0
VERTEX
  8
0
 10
83.279315
 20
51.378580
 42
0.470617
  0
VERTEX
  8
0
 10
83.461564
 20
51.395823
 42
0.054073
  0
VERTEX
  8
0
 10
83.683114
 20
51.812500
 42
0.051402
  0
VERTEX
  8
0
 10
83.839148
 20
52.359369
 42
0.054150
  0
VERTEX
  8
0
 10
83.876576
 20
52.916927
 42
0.060344
  0
VERTEX
  8
0
 10
83.797407
 20
53.402231
 42
0.126455
  0
VERTEX
  8
0
 10
83.604167
 20
53.729167
 42
0.296942
  0
VERTEX
  8
0
 10
83.385309
 20
53.775380
 42
0.208169
  0
VERTEX
  8
0
 10
83.200665
 20
53.592839
 42
0.077125
  0
VERTEX
  8
0
 10
83.089945
 20
53.112848
 42
0.028489
  0
SEQEND
  0
POLYLINE
  8
0
 66
1
 70
1
  0
VERTEX
  8
0
 10
224.666667
 20
53.333333
 42
0.091591
  0
VERTEX
  8
0
 10
224.164473
 20
52.603555
 42
0.123462
  0
VERTEX
  8
0
 10
224.025933
 20
51.817117
 42
0.174374
  0
VERTEX
  8
0
 10
224.283311
 20
51.235448
 42
0.205037
  0
VERTEX
  8
0
 10
224.833333
 20
51.000000
 42
0.174820
  0
VERTEX
  8
0
 10
225.151326
 20
51.114688
 42
0.093122
  0
VERTEX
  8
0
 10
225.421875
 20
51.440625
 42
0.073362
  0
VERTEX
  8
0
 10
225.604977
 20
51.926139
 42
0.053595
  0
VERTEX
  8
0
 10
225.666667
 20
52.500000
 42
0.008529
  0
VERTEX
  8
0
 10
225.647399
 20
53.629444
 42
0.213650
  0
VERTEX
  8
0
 10
225.514261
 20
53.901518
 42
0.366638
  0
VERTEX
  8
0
 10
225.276742
 20
53.899594
 42
0.018617
  0
SEQEND
  0
POLYLINE
  8
0
 66
1
 70
1
  0
VERTEX
  8
0
 10
328.895147
 20
53.177408
 42
-0.032742
  0
VERTEX
  8
0
 10
329.563684
 20
52.641917
 42
-0.298389
  0
VERTEX
  8
0
 10
329.651619
 20
52.297586
 42
-0.229818
  0
VERTEX
  8
0
 10
329.367931
 20
52.011797
 42
-0.021658
  0
VERTEX
  8
0
 10
328.395147
 20
51.717278
 42
0.006467
  0
VERTEX
  8
0
 10
327.359134
 20
51.437669
 42
0.521889
  0
VERTEX
  8
0
 10
327.312660
 20
51.302972
 42
0.222710
  0
VERTEX
  8
0
 10
327.515748
 20
51.191295
 42
0.003705
  0
VERTEX
  8
0
 10
328.833333
 20
51.116001
 42
0.111328
  0
VERTEX
  8
0
 10
330.208990
 20
51.355073
 42
0.292341
  0
VERTEX
  8
0
 10
330.756339
 20
52.141296
 42
0.246509
  0
VERTEX
  8
0
 10
330.300779
 20
53.098862
 42
0.095115
  0
VERTEX
  8
0
 10
328.937500
 20
53.763631
 42
0.006245
  0
VERTEX
  8
0
 10
328.116537
 20
53.974612
 42
0.463998
  0
VERTEX
  8
0
 10
328.018106
 20
53.902874
 42
0.259758
  0
VERTEX
  8
0
 10
328.089094
 20
53.750571
 42
0.004118
  0
SEQEND
  0
POLYLINE
  8
0
 66
1
 70
1
  0
VERTEX
  8
0
 10
85.000000
 20
52.031385
 42
0.184534
  0
VERTEX
  8
0
 10
85.122486
 20
51.710807
 42
0.147206
  0
VERTEX
  8
0
 10
85.440625
 20
51.516384
 42
0.100118
  0
VERTEX
  8
0
 10
85.925634
 20
51.488865
 42
0.055937
  0
VERTEX
  8
0
 10
86.500000
 20
51.638374
 42
0.021360
  0
VERTEX
  8
0
 10
87.074558
 20
51.887494
 42
0.030395
  0
VERTEX
  8
0
 10
87.559375
 20
52.160341
 42
0.030693
  0
VERTEX
  8
0
 10
87.912889
 20
52.420671
 42
0.222225
  0
VERTEX
  8
0
 10
88.000000
 20
52.606989
 42
0.289661
  0
VERTEX
  8
0
 10
87.903916
 20
52.758929
 42
0.046727
  0
VERTEX
  8
0
 10
87.559375
 20
52.884553
 42
0.039339
  0
VERTEX
  8
0
 10
87.074824
 20
52.971531
 42
0.024748
  0
VERTEX
  8
0
 10
86.500000
 20
53.000000
 42
0.062722
  0
VERTEX
  8
0
 10
85.926468
 20
52.927770
 42
0.080880
  0
VERTEX
  8
0
 10
85.440625
 20
52.715469
 42
0.098158
  0
VERTEX
  8
0
 10
85.115494
 20
52.400789
 42
0.152681
  0
SEQEND
  0
POLYLINE
  8
0
 66
1
 70
1
  0
VERTEX
  8
0
 10
229.000000
 20
51.940983
 42
0.096615
  0
VERTEX
  8
0
 10
229.070312
 20
51.580506
 42
0.174358
  0
VERTEX
  8
0
 10
229.268661
 20
51.359094
 42
0.171257
  0
VERTEX
  8
0
 10
229.565579
 20
51.312451
 42
0.092807
  0
VERTEX
  8
0
 10
229.914590
 20
51.447214
 42
-0.131107
  0
VERTEX
  8
0
 10
230.302558
 20
51.564193
 42
-0.121773
  0
VERTEX
  8
0
 10
230.709292
 20
51.477402
 42
-0.105417
  0
VERTEX
  8
0
 10
231.073164
 20
51.193455
 42
-0.078880
  0
VERTEX
  8
0
 10
231.335642
 20
50.756231
 42
0.049580
  0
VERTEX
  8
0
 10
231.549057
 20
50.348598
 42
0.449603
  0
VERTEX
  8
0
 10
231.725065
 20
50.323011
 42
0.187944
  0
VERTEX
  8
0
 10
231.862938
 20
50.576253
 42
0.020483
  0
VERTEX
  8
0
 10
231.921053
 20
51.250000
 42
0.084943
  0
VERTEX
  8
0
 10
231.837493
 20
51.918248
 42
0.097345
  0
VERTEX
  8
0
 10
231.536184
 20
52.485937
 42
0.105533
  0
VERTEX
  8
0
 10
231.065902
 20
52.865052
 42
0.117584
  0
VERTEX
  8
0
 10
230.500000
 20
53.000000
 42
0.068870
  0
VERTEX
  8
0
 10
229.926682
 20
52.920655
 42
0.085131
  0
VERTEX
  8
0
 10
229.440625
 20
52.688914
 42
0.099915
  0
VERTEX
  8
0
 10
229.115626
 20
52.344827
 42
0.140337
  0
SEQEND
  0
POLYLINE
  8
0
 66
1
 70
1
  0
VERTEX
  8
0
 10
89.750000
 20
48.310674
 42
0.132682
  0
VERTEX
  8
0
 10
88.626019
 20
47.667971
 42
0.154242
  0
VERTEX
  8
0
 10
88.057886
 20
46.580593
 42
0.158766
  0
VERTEX
  8
0
 10
88.225303
 20
45.388334
 42
0.141638
  0
VERTEX
  8
0
 10
89.067308
 20
44.458401
 42
0.188876
  0
VERTEX
  8
0
 10
89.516884
 20
44.376490
 42
0.133763
  0
VERTEX
  8
0
 10
89.981610
 20
44.606206
 42
0.092980
  0
VERTEX
  8
0
 10
90.393504
 20
45.136553
 42
0.054839
  0
VERTEX
  8
0
 10
90.680998
 20
45.888137
 42
-0.053363
  0
VERTEX
  8
0
 10
90.966447
 20
46.641003
 42
-0.090962
  0
VERTEX
  8
0
 10
91.372621
 20
47.174795
 42
-0.132287
  0
VERTEX
  8
0
 10
91.828716
 20
47.409854
 42
-0.193979
  0
VERTEX
  8
0
 10
92.268199
 20
47.334244
 42
0.043210
  0
VERTEX
  8
0
 10
92.644789
 20
47.144270
 42
0.359992
  0
VERTEX
  8
0
 10
92.813802
 20
47.198457
 42
0.255846
  0
VERTEX
  8
0
 10
92.828445
 20
47.411898
 42
0.030291
  0
VERTEX
  8
0
 10
92.595492
 20
47.845492
 42
0.015476
  0
VERTEX
  8
0
 10
92.308190
 20
48.279709
 42
0.025273
  0
VERTEX
  8
0
 10
92.035463
 20
48.626788
 42
0.022763
  0
VERTEX
  8
0
 10
91.801494
 20
48.871940
 42
0.339470
  0
VERTEX
  8
0
 10
91.690983
 20
48.883999
 42
-0.061971
  0
VERTEX
  8
0
 10
91.550953
 20
48.821120
 42
-0.002764
  0
VERTEX
  8
0
 10
91.042039
 20
48.667734
 42
-0.004618
  0
VERTEX
  8
0
 10
90.434311
 20
48.494311
 42
-0.003282
  0
SEQEND
  0
POLYLINE
  8
0
 66
1
 70
1
  0
VERTEX
  8
0
 10
131.542705
 20
48.069098
 42
0.110145
  0
VERTEX
  8
0
 10
131.402413
 20
47.665018
 42
0.099917
  0
VERTEX
  8
0
 10
131.439712
 20
47.224179
 42
0.094986
  0
VERTEX
  8
0
 10
131.649431
 20
46.814355
 42
0.088941
  0
VERTEX
  8
0
 10
132.000000
 20
46.500000
 42
-0.109335
  0
VERTEX
  8
0
 10
132.343329
 20
46.166165
 42
-0.095580
  0
VERTEX
  8
0
 10
132.534530
 20
45.702384
 42
-0.090925
  0
VERTEX
  8
0
 10
132.544505
 20
45.180214
 42
-0.087558
  0
VERTEX
  8
0
 10
132.369607
 20
44.680902
 42
0.057442
  0
VERTEX
  8
0
 10
132.226072
 20
44.338388
 42
0.583065
  0
VERTEX
  8
0
 10
132.311634
 20
44.250796
 42
0.115854
  0
VERTEX
  8
0
 10
132.592613
 20
44.400416
 42
0.014397
  0
VERTEX
  8
0
 10
133.103296
 20
44.875000
 42
0.026210
  0
VERTEX
  8
0
 10
133.759232
 20
45.592188
 42
0.154212
  0
VERTEX
  8
0
 10
133.947145
 20
46.059405
 42
0.255167
  0
VERTEX
  8
0
 10
133.787555
 20
46.413642
 42
0.074272
  0
VERTEX
  8
0
 10
133.243769
 20
46.710410
 42
-0.079857
  0
VERTEX
  8
0
 10
132.806599
 20
46.955333
 42
-0.109199
  0
VERTEX
  8
0
 10
132.522598
 20
47.304236
 42
-0.126116
  0
VERTEX
  8
0
 10
132.436046
 20
47.701031
 42
-0.130084
  0
VERTEX
  8
0
 10
132.552786
 20
48.085410
 42
0.038267
  0
VERTEX
  8
0
 10
132.734228
 20
48.436428
 42
0.082527
  0
VERTEX
  8
0
 10
132.805118
 20
48.731339
 42
0.157110
  0
VERTEX
  8
0
 10
132.758475
 20
48.921566
 42
0.260320
  0
VERTEX
  8
0
 10
132.618034
 20
49.000000
 42
0.135141
  0
VERTEX
  8
0
 10
132.386195
 20
48.936173
 42
0.044085
  0
VERTEX
  8
0
 10
132.095906
 20
48.726548
 42
0.040197
  0
VERTEX
  8
0
 10
131.799758
 20
48.425331
 42
0.035762
  0
SEQEND
  0
POLYLINE
  8
0
 66
1
 70
1
  0
VERTEX
  8
0
 10
140.705511
 20
48.311467
 42
-0.115760
  0
VERTEX
  8
0
 10
140.273264
 20
47.884849
 42
-0.065204
  0
VERTEX
  8
0
 10
139.596219
 20
47.584019
 42
-0.059623
  0
VERTEX
  8
0
 10
138.791391
 20
47.446859
 42
-0.060059
  0
VERTEX
  8
0
 10
137.978972
 20
47.504050
 42
0.150107
  0
VERTEX
  8
0
 10
136.748447
 20
47.370963
 42
0.218108
  0
VERTEX
  8
0
 10
136.026764
 20
46.573543
 42
0.200377
  0
VERTEX
  8
0
 10
136.127922
 20
45.445313
 42
0.133862
  0
VERTEX
  8
0
 10
137.024777
 20
44.484687
 42
0.051817
  0
VERTEX
  8
0
 10
137.408290
 20
44.299413
 42
0.140879
  0
VERTEX
  8
0
 10
137.706461
 20
44.279533
 42
0.239867
  0
VERTEX
  8
0
 10
137.874632
 20
44.416693
 42
0.148011
  0
VERTEX
  8
0
 10
137.906356
 20
44.675670
 42
-0.038031
  0
VERTEX
  8
0
 10
137.784140
 20
45.945214
 42
-0.232096
  0
VERTEX
  8
0
 10
138.054641
 20
46.525550
 42
-0.296940
  0
VERTEX
  8
0
 10
138.613527
 20
46.582311
 42
-0.054214
  0
VERTEX
  8
0
 10
139.524166
 20
45.979944
 42
0.066913
  0
VERTEX
  8
0
 10
140.720465
 20
45.231430
 42
0.271808
  0
VERTEX
  8
0
 10
141.541110
 20
45.318184
 42
0.233186
  0
VERTEX
  8
0
 10
141.953028
 20
46.116217
 42
0.053479
  0
VERTEX
  8
0
 10
141.814936
 20
47.671731
 42
0.029231
  0
VERTEX
  8
0
 10
141.612277
 20
48.452870
 42
0.185961
  0
VERTEX
  8
0
 10
141.359209
 20
48.765810
 42
0.324803
  0
VERTEX
  8
0
 10
141.061431
 20
48.734414
 42
0.069157
  0
SEQEND
  0
POLYLINE
  8
0
 66
1
 70
1
  0
VERTEX
  8
0
 10
143.881162
 20
45.781418
 42
0.003467
  0
VERTEX
  8
0
 10
144.209184
 20
43.884406
 42
0.152988
  0
VERTEX
  8
0
 10
144.393760
 20
43.531401
 42
0.599836
  0
VERTEX
  8
0
 10
144.570202
 20
43.585054
 42
0.009743
  0
VERTEX
  8
0
 10
144.797245
 20
44.865335
 42
0.039733
  0
VERTEX
  8
0
 10
144.871906
 20
45.838071
 42
0.040388
  0
VERTEX
  8
0
 10
144.790931
 20
46.804952
 42
0.043618
  0
VERTEX
  8
0
 10
144.579167
 20
47.629233
 42
0.112154
  0
VERTEX
  8
0
 10
144.253246
 20
48.146754
 42
0.318785
  0
VERTEX
  8
0
 10
143.944935
 20
48.199105
 42
0.246244
  0
VERTEX
  8
0
 10
143.735621
 20
47.917335
 42
0.063014
  0
VERTEX
  8
0
 10
143.710550
 20
47.086500
 42
0.017150
  0
SEQEND
  0
POLYLINE
  8
0
 66
1
 70
1
  0
VERTEX
  8
0
 10
332.157895
 20
47.000000
 42
0.017491
  0
VERTEX
  8
0
 10
332.189089
 20
46.108560
 42
0.078554
  0
VERTEX
  8
0
 10
332.306058
 20
45.601562
 42
0.447206
  0
VERTEX
  8
0
 10
332.474999
 20
45.540618
 42
0.174857
  0
VERTEX
  8
0
 10
332.662281
 20
45.750000
 42
0.057986
  0
VERTEX
  8
0
 10
332.818615
 20
46.320008
 42
0.037979
  0
VERTEX
  8
0
 10
332.870340
 20
47.000000
 42
0.037979
  0
VERTEX
  8
0
 10
332.818615
 20
47.679992
 42
0.057986
  0
VERTEX
  8
0
 10
332.662281
 20
48.250000
 42
0.174857
  0
VERTEX
  8
0
 10
332.474999
 20
48.459382
 42
0.447206
  0
VERTEX
  8
0
 10
332.306058
 20
48.398438
 42
0.078554
  0
VERTEX
  8
0
 10
332.189089
 20
47.891440
 42
0.017491
  0
SEQEND
  0
POLYLINE
  8
0
 66
1
 70
1
  0
VERTEX
  8
0
 10
218.157895
 20
46.000000
 42
0.017491
  0
VERTEX
  8
0
 10
218.189089
 20
45.108560
 42
0.078554
  0
VERTEX
  8
0
 10
218.306058
 20
44.601562
 42
0.447206
  0
VERTEX
  8
0
 10
218.474999
 20
44.540618
 42
0.174857
  0
VERTEX
  8
0
 10
218.662281
 20
44.750000
 42
0.057986
  0
VERTEX
  8
0
 10
218.818615
 20
45.320008
 42
0.037979
  0
VERTEX
  8
0
 10
218.870340
 20
46.000000
 42
0.037979
  0
VERTEX
  8
0
 10
218.818615
 20
46.679992
 42
0.057986
  0
VERTEX
  8
0
 10
218.662281
 20
47.250000
 42
0.174857
  0
VERTEX
  8
0
 10
218.474999
 20
47.459382
 42
0.447206
  0
VERTEX
  8
0
 10
218.306058
 20
47.398438
 42
0.078554
  0
VERTEX
  8
0
 10
218.189089
 20
46.891440
 42
0.017491
  0
SEQEND
  0
POLYLINE
  8
0
 66
1
 70
1
  0
VERTEX
  8
0
 10
221.078947
 20
46.416667
 42
0.018894
  0
VERTEX
  8
0
 10
221.137993
 20
45.670344
 42
0.168741
  0
VERTEX
  8
0
 10
221.279315
 20
45.378580
 42
0.470617
  0
VERTEX
  8
0
 10
221.461564
 20
45.395823
 42
0.054073
  0
VERTEX
  8
0
 10
221.683114
 20
45.812500
 42
0.051402
  0
VERTEX
  8
0
 10
221.839148
 20
46.359369
 42
0.054150
  0
VERTEX
  8
0
 10
221.876576
 20
46.916927
 42
0.060344
  0
VERTEX
  8
0
 10
221.797407
 20
47.402231
 42
0.126455
  0
VERTEX
  8
0
 10
221.604167
 20
47.729167
 42
0.296942
  0
VERTEX
  8
0
 10
221.385309
 20
47.775380
 42
0.208169
  0
VERTEX
  8
0
 10
221.200665
 20
47.592839
 42
0.077125
  0
VERTEX
  8
0
 10
221.089945
 20
47.112848
 42
0.028489
  0
SEQEND
  0
POLYLINE
  8
0
 66
1
 70
1
  0
VERTEX
  8
0
 10
327.731213
 20
46.080159
 42
0.013933
  0
VERTEX
  8
0
 10
327.479614
 20
44.995419
 42
0.131195
  0
VERTEX
  8
0
 10
327.508441
 20
44.522275
 42
0.470166
  0
VERTEX
  8
0
 10
327.729330
 20
44.436586
 42
0.069225
  0
VERTEX
  8
0
 10
328.168450
 20
44.768450
 42
0.074100
  0
VERTEX
  8
0
 10
328.539971
 20
45.270088
 42
0.058506
  0
VERTEX
  8
0
 10
328.786200
 20
45.899953
 42
0.059552
  0
VERTEX
  8
0
 10
328.876600
 20
46.556574
 42
0.085105
  0
VERTEX
  8
0
 10
328.787763
 20
47.136710
 42
0.170804
  0
VERTEX
  8
0
 10
328.564152
 20
47.424773
 42
0.353106
  0
VERTEX
  8
0
 10
328.298474
 20
47.396366
 42
0.106885
  0
VERTEX
  8
0
 10
328.004403
 20
46.940026
 42
0.025930
  0
SEQEND
  0
POLYLINE
  8
0
 66
1
 70
1
  0
VERTEX
  8
0
 10
335.666667
 20
47.333333
 42
0.126977
  0
VERTEX
  8
0
 10
335.163282
 20
46.479674
 42
0.079138
  0
VERTEX
  8
0
 10
335.020825
 20
45.320171
 42
0.096406
  0
VERTEX
  8
0
 10
335.245824
 20
44.350127
 42
0.295872
  0
VERTEX
  8
0
 10
335.785714
 20
44.000000
 42
0.229337
  0
VERTEX
  8
0
 10
336.086681
 20
44.145709
 42
0.073811
  0
VERTEX
  8
0
 10
336.340625
 20
44.587500
 42
0.056229
  0
VERTEX
  8
0
 10
336.514011
 20
45.234084
 42
0.037431
  0
VERTEX
  8
0
 10
336.571429
 20
46.000000
 42
0.003593
  0
VERTEX
  8
0
 10
336.560374
 20
47.538321
 42
0.146491
  0
VERTEX
  8
0
 10
336.460873
 20
47.854059
 42
0.447481
  0
VERTEX
  8
0
 10
336.258375
 20
47.881168
 42
0.019244
  0
SEQEND
  0
POLYLINE
  8
0
 66
1
 70
1
  0
VERTEX
  8
0
 10
85.666667
 20
46.333333
 42
0.091591
  0
VERTEX
  8
0
 10
85.164473
 20
45.603555
 42
0.123462
  0
VERTEX
  8
0
 10
85.025933
 20
44.817117
 42
0.174374
  0
VERTEX
  8
0
 10
85.283311
 20
44.235448
 42
0.205037
  0
VERTEX
  8
0
 10
85.833333
 20
44.000000
 42
0.174820
  0
VERTEX
  8
0
 10
86.151326
 20
44.114688
 42
0.093122
  0
VERTEX
  8
0
 10
86.421875
 20
44.440625
 42
0.073362
  0
VERTEX
  8
0
 10
86.604977
 20
44.926139
 42
0.053595
  0
VERTEX
  8
0
 10
86.666667
 20
45.500000
 42
0.008529
  0
VERTEX
  8
0
 10
86.647399
 20
46.629444
 42
0.213650
  0
VERTEX
  8
0
 10
86.514261
 20
46.901518
 42
0.366638
  0
VERTEX
  8
0
 10
86.276742
 20
46.899594
 42
0.018617
  0
SEQEND
  0
POLYLINE
  8
0
 66
1
 70
1
  0
VERTEX
  8
0
 10
232.000000
 20
45.500000
 42
0.062722
  0
VERTEX
  8
0
 10
232.072230
 20
44.926468
 42
0.080880
  0
VERTEX
  8
0
 10
232.284531
 20
44.440625
 42
0.098158
  0
VERTEX
  8
0
 10
232.599211
 20
44.115494
 42
0.152681
  0
VERTEX
  8
0
 10
232.968615
 20
44.000000
 42
0.184534
  0
VERTEX
  8
0
 10
233.289193
 20
44.122486
 42
0.147206
  0
VERTEX
  8
0
 10
233.483616
 20
44.440625
 42
0.100118
  0
VERTEX
  8
0
 10
233.511135
 20
44.925634
 42
0.055937
  0
VERTEX
  8
0
 10
233.361626
 20
45.500000
 42
0.021360
  0
VERTEX
  8
0
 10
233.112506
 20
46.074558
 42
0.030395
  0
VERTEX
  8
0
 10
232.839659
 20
46.559375
 42
0.030693
  0
VERTEX
  8
0
 10
232.579329
 20
46.912889
 42
0.222225
  0
VERTEX
  8
0
 10
232.393011
 20
47.000000
 42
0.289661
  0
VERTEX
  8
0
 10
232.241071
 20
46.903916
 42
0.046727
  0
VERTEX
  8
0
 10
232.115447
 20
46.559375
 42
0.039339
  0
VERTEX
  8
0
 10
232.028469
 20
46.074824
 42
0.024748
  0
SEQEND
  0
POLYLINE
  8
0
 66
1
 70
1
  0
VERTEX
  8
0
 10
243.078947
 20
39.416667
 42
0.018894
  0
VERTEX
  8
0
 10
243.137993
 20
38.670344
 42
0.168741
  0
VERTEX
  8
0
 10
243.279315
 20
38.378580
 42
0.470617
  0
VERTEX
  8
0
 10
243.461564
 20
38.395823
 42
0.054073
  0
VERTEX
  8
0
 10
243.683114
 20
38.812500
 42
0.051402
  0
VERTEX
  8
0
 10
243.839148
 20
39.359369
 42
0.054150
  0
VERTEX
  8
0
 10
243.876576
 20
39.916927
 42
0.060344
  0
VERTEX
  8
0
 10
243.797407
 20
40.402231
 42
0.126455
  0
VERTEX
  8
0
 10
243.604167
 20
40.729167
 42
0.296942
  0
VERTEX
  8
0
 10
243.385309
 20
40.775380
 42
0.208169
  0
VERTEX
  8
0
 10
243.200665
 20
40.592839
 42
0.077125
  0
VERTEX
  8
0
 10
243.089945
 20
40.112848
 42
0.028489
  0
SEQEND
  0
POLYLINE
  8
0
 66
1
 70
1
  0
VERTEX
  8
0
 10
242.500000
 20
34.500000
 42
0.031081
  0
VERTEX
  8
0
 10
242.553110
 20
33.646454
 42
0.065524
  0
VERTEX
  8
0
 10
242.720313
 20
33.005417
 42
0.125974
  0
VERTEX
  8
0
 10
242.966091
 20
32.672983
 42
0.319530
  0
VERTEX
  8
0
 10
243.250000
 20
32.654508
 42
0.107182
  0
VERTEX
  8
0
 10
243.537543
 20
32.931730
 42
0.051073
  0
VERTEX
  8
0
 10
243.779687
 20
33.387826
 42
0.047331
  0
VERTEX
  8
0
 10
243.944413
 20
33.936991
 42
0.049246
  0
VERTEX
  8
0
 10
244.000000
 20
34.500000
 42
0.049246
  0
VERTEX
  8
0
 10
243.944413
 20
35.063009
 42
0.047331
  0
VERTEX
  8
0
 10
243.779687
 20
35.612174
 42
0.051073
  0
VERTEX
  8
0
 10
243.537543
 20
36.068270
 42
0.107182
  0
VERTEX
  8
0
 10
243.250000
 20
36.345492
 42
0.319530
  0
VERTEX
  8
0
 10
242.966091
 20
36.327017
 42
0.125974
  0
VERTEX
  8
0
 10
242.720313
 20
35.994583
 42
0.065524
  0
VERTEX
  8
0
 10
242.553110
 20
35.353546
 42
0.031081
  0
SEQEND
  0
POLYLINE
  8
0
 66
1
 70
1
  0
VERTEX
  8
0
 10
245.015313
 20
35.583333
 42
0.056837
  0
VERTEX
  8
0
 10
245.080821
 20
35.073084
 42
0.025422
  0
VERTEX
  8
0
 10
245.275971
 20
34.424031
 42
0.024769
  0
VERTEX
  8
0
 10
245.554420
 20
33.751291
 42
0.030746
  0
VERTEX
  8
0
 10
245.881158
 20
33.158050
 42
0.072506
  0
VERTEX
  8
0
 10
246.307555
 20
32.661630
 42
0.366670
  0
VERTEX
  8
0
 10
246.645319
 20
32.657077
 42
0.155302
  0
VERTEX
  8
0
 10
246.931937
 20
33.101071
 42
0.019055
  0
VERTEX
  8
0
 10
247.195313
 20
34.241383
 42
0.037235
  0
VERTEX
  8
0
 10
247.316356
 20
35.294390
 42
0.096023
  0
VERTEX
  8
0
 10
247.201377
 20
36.047786
 42
0.153469
  0
VERTEX
  8
0
 10
246.862127
 20
36.496403
 42
0.155938
  0
VERTEX
  8
0
 10
246.329468
 20
36.666667
 42
0.080238
  0
VERTEX
  8
0
 10
245.822816
 20
36.584835
 42
0.092551
  0
VERTEX
  8
0
 10
245.395029
 20
36.348438
 42
0.102332
  0
VERTEX
  8
0
 10
245.111901
 20
35.996467
 42
0.122508
  0
SEQEND
  0
POLYLINE
  8
0
 66
1
 70
1
  0
VERTEX
  8
0
 10
249.157895
 20
34.000000
 42
0.017491
  0
VERTEX
  8
0
 10
249.189089
 20
33.108560
 42
0.078554
  0
VERTEX
  8
0
 10
249.306058
 20
32.601562
 42
0.447206
  0
VERTEX
  8
0
 10
249.474999
 20
32.540618
 42
0.174857
  0
VERTEX
  8
0
 10
249.662281
 20
32.750000
 42
0.057986
  0
VERTEX
  8
0
 10
249.818615
 20
33.320008
 42
0.037979
  0
VERTEX
  8
0
 10
249.870340
 20
34.000000
 42
0.037979
  0
VERTEX
  8
0
 10
249.818615
 20
34.679992
 42
0.057986
  0
VERTEX
  8
0
 10
249.662281
 20
35.250000
 42
0.174857
  0
VERTEX
  8
0
 10
249.474999
 20
35.459382
 42
0.447206
  0
VERTEX
  8
0
 10
249.306058
 20
35.398438
 42
0.078554
  0
VERTEX
  8
0
 10
249.189089
 20
34.891440
 42
0.017491
  0
SEQEND
  0
POLYLINE
  8
0
 66
1
 70
1
  0
VERTEX
  8
0
 10
234.601303
 20
33.836088
 42
0.169641
  0
VERTEX
  8
0
 10
234.898235
 20
33.595411
 42
0.071787
  0
VERTEX
  8
0
 10
235.407524
 20
33.491256
 42
0.059466
  0
VERTEX
  8
0
 10
236.037425
 20
33.529343
 42
0.046840
  0
VERTEX
  8
0
 10
236.696070
 20
33.713613
 42
-0.024456
  0
VERTEX
  8
0
 10
237.454152
 20
33.962736
 42
-0.249461
  0
VERTEX
  8
0
 10
237.766439
 20
33.892791
 42
-0.329908
  0
VERTEX
  8
0
 10
237.828104
 20
33.622354
 42
-0.035122
  0
VERTEX
  8
0
 10
237.509536
 20
33.015430
 42
0.018709
  0
VERTEX
  8
0
 10
237.179566
 20
32.433960
 42
0.257747
  0
VERTEX
  8
0
 10
237.185591
 20
32.200180
 42
0.388403
  0
VERTEX
  8
0
 10
237.364939
 20
32.144784
 42
0.028061
  0
VERTEX
  8
0
 10
237.861803
 20
32.414590
 42
0.154129
  0
VERTEX
  8
0
 10
238.537199
 20
33.198189
 42
0.274031
  0
VERTEX
  8
0
 10
238.430748
 20
34.016166
 42
0.169420
  0
VERTEX
  8
0
 10
237.502253
 20
34.612350
 42
0.077739
  0
VERTEX
  8
0
 10
236.049588
 20
34.728782
 42
0.039505
  0
VERTEX
  8
0
 10
235.349629
 20
34.620017
 42
0.079983
  0
VERTEX
  8
0
 10
234.835854
 20
34.407172
 42
0.142312
  0
VERTEX
  8
0
 10
234.586424
 20
34.131628
 42
0.257085
  0
SEQEND
  0
POLYLINE
  8
0
 66
1
 70
1
  0
VERTEX
  8
0
 10
126.848321
 20
29.319230
 42
0.000000
  0
VERTEX
  8
0
 10
127.196642
 20
25.059671
 42
0.000000
  0
VERTEX
  8
0
 10
131.195226
 20
27.099597
 42
0.009067
  0
VERTEX
  8
0
 10
132.704108
 20
27.904178
 42
0.015917
  0
VERTEX
  8
0
 10
133.917323
 20
28.631152
 42
0.010600
  0
VERTEX
  8
0
 10
134.835538
 20
29.249772
 42
0.482859
  0
VERTEX
  8
0
 10
134.846905
 20
29.448825
 42
0.062003
  0
VERTEX
  8
0
 10
134.577546
 20
29.634813
 42
0.002088
  0
VERTEX
  8
0
 10
133.426903
 20
30.228430
 42
0.003920
  0
VERTEX
  8
0
 10
132.057754
 20
30.914071
 42
0.002719
  0
VERTEX
  8
0
 10
130.500000
 20
31.668458
 42
0.000000
  0
VERTEX
  8
0
 10
126.500000
 20
33.578789
 42
0.000000
  0
SEQEND
  0
POLYLINE
  8
0
 66
1
 70
1
  0
VERTEX
  8
0
 10
203.000000
 20
29.448802
 42
0.000000
  0
VERTEX
  8
0
 10
203.000000
 20
25.148524
 42
0.000000
  0
VERTEX
  8
0
 10
206.989829
 20
26.824262
 42
0.012774
  0
VERTEX
  8
0
 10
208.519456
 20
27.513190
 42
0.019275
  0
VERTEX
  8
0
 10
209.810634
 20
28.197367
 42
0.014584
  0
VERTEX
  8
0
 10
210.809745
 20
28.816795
 42
0.247605
  0
VERTEX
  8
0
 10
210.989829
 20
29.145497
 42
0.242216
  0
VERTEX
  8
0
 10
210.821414
 20
29.485829
 42
0.013538
  0
VERTEX
  8
0
 10
209.822012
 20
30.182723
 42
0.018389
  0
VERTEX
  8
0
 10
208.532045
 20
30.964885
 42
0.012212
  0
VERTEX
  8
0
 10
207.000000
 20
31.770037
 42
0.000000
  0
VERTEX
  8
0
 10
203.000000
 20
33.749079
 42
0.000000
  0
SEQEND
  0
POLYLINE
  8
0
 66
1
 70
1
  0
VERTEX
  8
0
 10
348.016833
 20
31.532928
 42
0.000000
  0
VERTEX
  8
0
 10
343.533665
 20
29.278554
 42
0.000000
  0
VERTEX
  8
0
 10
347.668512
 20
27.169113
 42
0.000000
  0
VERTEX
  8
0
 10
351.803358
 20
25.059671
 42
0.000000
  0
VERTEX
  8
0
 10
352.158885
 20
29.529836
 42
-0.000026
  0
VERTEX
  8
0
 10
352.294729
 20
31.236723
 42
-0.000045
  0
VERTEX
  8
0
 10
352.407859
 20
32.655649
 42
-0.000007
  0
VERTEX
  8
0
 10
352.506697
 20
33.893688
 42
-0.994005
  0
VERTEX
  8
0
 10
352.507206
 20
33.893651
 42
-0.260046
  0
VERTEX
  8
0
 10
352.466612
 20
33.831212
 42
-0.000370
  0
VERTEX
  8
0
 10
351.185186
 20
33.156319
 42
-0.002810
  0
VERTEX
  8
0
 10
349.736243
 20
32.404930
 42
-0.001713
  0
SEQEND
  0
POLYLINE
  8
0
 66
1
 70
1
  0
VERTEX
  8
0
 10
160.500000
 20
529.917516
 42
0.015147
  0
VERTEX
  8
0
 10
159.384710
 20
529.628607
 42
0.088453
  0
VERTEX
  8
0
 10
158.843674
 20
529.360409
 42
0.515834
  0
VERTEX
  8
0
 10
158.847550
 20
529.148982
 42
0.115978
  0
VERTEX
  8
0
 10
159.250000
 20
528.993315
 42
0.000120
  0
VERTEX
  8
0
 10
159.987220
 20
528.890994
 42
0.000106
  0
VERTEX
  8
0
 10
160.755208
 20
528.784755
 42
0.000106
  0
VERTEX
  8
0
 10
161.447062
 20
528.689347
 42
0.000324
  0
VERTEX
  8
0
 10
161.916667
 20
528.625000
 42
-0.055489
  0
VERTEX
  8
0
 10
162.322140
 20
528.523023
 42
-0.031558
  0
VERTEX
  8
0
 10
162.784375
 20
528.316406
 42
-0.031142
  0
VERTEX
  8
0
 10
163.229118
 20
528.046350
 42
-0.044385
  0
VERTEX
  8
0
 10
163.583333
 20
527.750000
 42
0.118795
  0
VERTEX
  8
0
 10
164.472101
 20
527.206415
 42
0.078964
  0
VERTEX
  8
0
 10
165.657854
 20
527.021339
 42
0.098767
  0
VERTEX
  8
0
 10
166.641282
 20
527.220344
 42
0.302293
  0
VERTEX
  8
0
 10
167.000000
 20
527.759453
 42
0.238295
  0
VERTEX
  8
0
 10
166.453356
 20
528.841313
 42
0.078790
  0
VERTEX
  8
0
 10
164.825896
 20
529.684068
 42
0.066117
  0
VERTEX
  8
0
 10
162.657473
 20
530.097765
 42
0.070028
  0
SEQEND
  0
POLYLINE
  8
0
 66
1
 70
1
  0
VERTEX
  8
0
 10
161.000000
 20
526.000000
 42
0.105053
  0
VERTEX
  8
0
 10
161.081062
 20
525.618444
 42
0.099167
  0
VERTEX
  8
0
 10
161.311086
 20
525.293750
 42
0.096420
  0
VERTEX
  8
0
 10
161.654762
 20
525.076123
 42
0.093332
  0
VERTEX
  8
0
 10
162.059017
 20
525.000000
 42
0.108972
  0
VERTEX
  8
0
 10
162.413961
 20
525.078288
 42
0.182303
  0
VERTEX
  8
0
 10
162.625400
 20
525.293750
 42
0.161196
  0
VERTEX
  8
0
 10
162.656512
 20
525.617900
 42
0.082592
  0
VERTEX
  8
0
 10
162.500000
 20
526.000000
 42
0.029505
  0
VERTEX
  8
0
 10
162.231006
 20
526.382774
 42
0.035638
  0
VERTEX
  8
0
 10
161.933975
 20
526.706250
 42
0.038439
  0
VERTEX
  8
0
 10
161.651710
 20
526.934461
 42
0.151918
  0
VERTEX
  8
0
 10
161.440983
 20
527.000000
 42
0.210953
  0
VERTEX
  8
0
 10
161.272352
 20
526.925540
 42
0.081139
  0
VERTEX
  8
0
 10
161.129539
 20
526.706250
 42
0.061769
  0
VERTEX
  8
0
 10
161.032345
 20
526.382849
 42
0.042167
  0
SEQEND
  0
POLYLINE
  8
0
 66
1
 70
1
  0
VERTEX
  8
0
 10
162.474860
 20
521.959323
 42
-0.147960
  0
VERTEX
  8
0
 10
162.078090
 20
521.608910
 42
-0.071200
  0
VERTEX
  8
0
 10
161.421053
 20
521.414639
 42
-0.061078
  0
VERTEX
  8
0
 10
160.619050
 20
521.395930
 42
-0.052210
  0
VERTEX
  8
0
 10
159.790614
 20
521.566457
 42
0.023277
  0
VERTEX
  8
0
 10
158.906721
 20
521.802336
 42
0.135994
  0
VERTEX
  8
0
 10
158.430747
 20
521.775611
 42
0.356100
  0
VERTEX
  8
0
 10
158.281871
 20
521.538245
 42
0.107804
  0
VERTEX
  8
0
 10
158.433788
 20
521.107134
 42
0.139566
  0
VERTEX
  8
0
 10
158.900806
 20
520.680806
 42
0.042681
  0
VERTEX
  8
0
 10
159.798287
 20
520.325221
 42
0.039006
  0
VERTEX
  8
0
 10
160.919494
 20
520.081612
 42
0.034007
  0
VERTEX
  8
0
 10
162.118034
 20
520.000000
 42
-0.028710
  0
VERTEX
  8
0
 10
163.276423
 20
519.933431
 42
-0.070785
  0
VERTEX
  8
0
 10
164.098362
 20
519.718169
 42
-0.147963
  0
VERTEX
  8
0
 10
164.493712
 20
519.391027
 42
-0.292787
  0
VERTEX
  8
0
 10
164.500000
 20
519.000000
 42
0.229941
  0
VERTEX
  8
0
 10
164.461317
 20
518.620381
 42
0.175006
  0
VERTEX
  8
0
 10
164.733417
 20
518.295345
 42
0.092833
  0
VERTEX
  8
0
 10
165.339472
 20
518.079473
 42
0.040942
  0
VERTEX
  8
0
 10
166.190983
 20
518.015313
 42
0.013954
  0
VERTEX
  8
0
 10
167.310981
 20
518.054011
 42
0.180706
  0
VERTEX
  8
0
 10
167.685938
 20
518.221455
 42
0.434181
  0
VERTEX
  8
0
 10
167.679167
 20
518.481864
 42
0.040293
  0
VERTEX
  8
0
 10
167.104283
 20
518.914388
 42
-0.095843
  0
VERTEX
  8
0
 10
166.617582
 20
519.372891
 42
-0.080028
  0
VERTEX
  8
0
 10
166.299018
 20
520.008817
 42
-0.078970
  0
VERTEX
  8
0
 10
166.193534
 20
520.720843
 42
-0.089203
  0
VERTEX
  8
0
 10
166.322898
 20
521.399075
 42
0.070158
  0
VERTEX
  8
0
 10
166.490554
 20
522.127174
 42
0.194001
  0
VERTEX
  8
0
 10
166.339464
 20
522.620838
 42
0.171313
  0
VERTEX
  8
0
 10
165.868095
 20
522.910625
 42
0.053020
  0
VERTEX
  8
0
 10
165.027632
 20
523.000000
 42
0.049440
  0
VERTEX
  8
0
 10
164.249469
 20
522.922866
 42
0.047410
  0
VERTEX
  8
0
 10
163.490046
 20
522.694301
 42
0.051133
  0
VERTEX
  8
0
 10
162.859000
 20
522.358296
 42
0.106846
  0
SEQEND
  0
POLYLINE
  8
0
 66
1
 70
1
  0
VERTEX
  8
0
 10
205.582949
 20
532.134215
 42
0.052326
  0
VERTEX
  8
0
 10
205.327923
 20
531.604943
 42
0.061761
  0
VERTEX
  8
0
 10
205.206090
 20
531.062910
 42
0.072310
  0
VERTEX
  8
0
 10
205.228156
 20
530.590120
 42
0.149701
  0
VERTEX
  8
0
 10
205.399864
 20
530.266802
 42
0.208213
  0
VERTEX
  8
0
 10
206.031223
 20
530.018401
 42
0.228122
  0
VERTEX
  8
0
 10
206.610436
 20
530.323111
 42
0.143258
  0
VERTEX
  8
0
 10
206.913564
 20
531.144952
 42
0.097944
  0
VERTEX
  8
0
 10
206.787251
 20
532.138246
 42
0.033951
  0
VERTEX
  8
0
 10
206.536207
 20
532.749629
 42
0.286646
  0
VERTEX
  8
0
 10
206.294341
 20
532.899578
 42
0.233206
  0
VERTEX
  8
0
 10
206.012891
 20
532.759582
 42
0.024362
  0
SEQEND
  0
POLYLINE
  8
0
 66
1
 70
1
  0
VERTEX
  8
0
 10
202.500000
 20
531.000000
 42
0.029505
  0
VERTEX
  8
0
 10
202.768994
 20
530.617226
 42
0.035638
  0
VERTEX
  8
0
 10
203.066025
 20
530.293750
 42
0.038439
  0
VERTEX
  8
0
 10
203.348290
 20
530.065539
 42
0.151918
  0
VERTEX
  8
0
 10
203.559017
 20
530.000000
 42
0.210953
  0
VERTEX
  8
0
 10
203.727648
 20
530.074460
 42
0.081139
  0
VERTEX
  8
0
 10
203.870461
 20
530.293750
 42
0.061769
  0
VERTEX
  8
0
 10
203.967655
 20
530.617151
 42
0.042167
  0
VERTEX
  8
0
 10
204.000000
 20
531.000000
 42
0.105053
  0
VERTEX
  8
0
 10
203.918938
 20
531.381556
 42
0.099167
  0
VERTEX
  8
0
 10
203.688914
 20
531.706250
 42
0.096420
  0
VERTEX
  8
0
 10
203.345238
 20
531.923877
 42
0.093332
  0
VERTEX
  8
0
 10
202.940983
 20
532.000000
 42
0.108972
  0
VERTEX
  8
0
 10
202.586039
 20
531.921712
 42
0.182303
  0
VERTEX
  8
0
 10
202.374600
 20
531.706250
 42
0.161196
  0
VERTEX
  8
0
 10
202.343488
 20
531.382100
 42
0.082592
  0
SEQEND
  0
POLYLINE
  8
0
 66
1
 70
1
  0
VERTEX
  8
0
 10
161.750000
 20
492.294267
 42
0.029693
  0
VERTEX
  8
0
 10
162.774707
 20
492.159351
 42
0.017887
  0
VERTEX
  8
0
 10
164.000000
 20
492.115502
 42
0.017887
  0
VERTEX
  8
0
 10
165.225293
 20
492.159351
 42
0.029693
  0
VERTEX
  8
0
 10
166.250000
 20
492.294267
 42
0.142433
  0
VERTEX
  8
0
 10
166.560023
 20
492.453014
 42
0.611425
  0
VERTEX
  8
0
 10
166.517188
 20
492.600334
 42
0.039503
  0
VERTEX
  8
0
 10
165.611490
 20
492.701569
 42
0.008087
  0
VERTEX
  8
0
 10
164.000000
 20
492.727636
 42
0.008087
  0
VERTEX
  8
0
 10
162.388510
 20
492.701569
 42
0.039503
  0
VERTEX
  8
0
 10
161.482812
 20
492.600334
 42
0.611425
  0
VERTEX
  8
0
 10
161.439977
 20
492.453014
 42
0.142433
  0
SEQEND
  0
POLYLINE
  8
0
 66
1
 70
1
  0
VERTEX
  8
0
 10
171.812500
 20
492.316886
 42
0.051402
  0
VERTEX
  8
0
 10
172.359369
 20
492.160852
 42
0.054150
  0
VERTEX
  8
0
 10
172.916927
 20
492.123424
 42
0.060344
  0
VERTEX
  8
0
 10
173.402231
 20
492.202593
 42
0.126455
  0
VERTEX
  8
0
 10
173.729167
 20
492.395833
 42
0.296942
  0
VERTEX
  8
0
 10
173.775380
 20
492.614691
 42
0.208169
  0
VERTEX
  8
0
 10
173.592839
 20
492.799335
 42
0.077125
  0
VERTEX
  8
0
 10
173.112848
 20
492.910055
 42
0.028489
  0
VERTEX
  8
0
 10
172.416667
 20
492.921053
 42
0.018894
  0
VERTEX
  8
0
 10
171.670344
 20
492.862007
 42
0.168741
  0
VERTEX
  8
0
 10
171.378580
 20
492.720685
 42
0.470617
  0
VERTEX
  8
0
 10
171.395823
 20
492.538436
 42
0.054073
  0
SEQEND
  0
POLYLINE
  8
0
 66
1
 70
1
  0
VERTEX
  8
0
 10
204.263750
 20
511.282419
 42
0.022548
  0
VERTEX
  8
0
 10
205.485188
 20
511.153707
 42
0.015659
  0
VERTEX
  8
0
 10
206.872547
 20
511.114038
 42
0.015827
  0
VERTEX
  8
0
 10
208.209518
 20
511.160023
 42
0.031163
  0
VERTEX
  8
0
 10
209.263750
 20
511.296069
 42
0.248898
  0
VERTEX
  8
0
 10
209.455688
 20
511.450815
 42
0.490820
  0
VERTEX
  8
0
 10
209.374351
 20
511.596853
 42
0.030832
  0
VERTEX
  8
0
 10
208.297080
 20
511.692368
 42
0.007380
  0
VERTEX
  8
0
 10
206.500000
 20
511.713986
 42
0.006817
  0
VERTEX
  8
0
 10
204.711719
 20
511.684722
 42
0.040183
  0
VERTEX
  8
0
 10
203.780601
 20
511.581582
 42
0.720633
  0
VERTEX
  8
0
 10
203.761725
 20
511.438612
 42
0.075924
  0
SEQEND
  0
POLYLINE
  8
0
 66
1
 70
1
  0
VERTEX
  8
0
 10
226.761659
 20
511.292739
 42
0.028254
  0
VERTEX
  8
0
 10
227.754739
 20
511.159391
 42
0.020511
  0
VERTEX
  8
0
 10
228.869594
 20
511.119272
 42
0.020826
  0
VERTEX
  8
0
 10
229.934218
 20
511.169017
 42
0.041951
  0
VERTEX
  8
0
 10
230.761659
 20
511.312920
 42
0.285845
  0
VERTEX
  8
0
 10
230.916221
 20
511.476221
 42
0.417468
  0
VERTEX
  8
0
 10
230.814362
 20
511.628390
 42
0.038992
  0
VERTEX
  8
0
 10
229.938425
 20
511.726931
 42
0.009782
  0
VERTEX
  8
0
 10
228.500000
 20
511.747817
 42
0.008901
  0
VERTEX
  8
0
 10
227.071102
 20
511.715166
 42
0.053901
  0
VERTEX
  8
0
 10
226.339362
 20
511.605813
 42
0.671610
  0
VERTEX
  8
0
 10
226.319562
 20
511.456590
 42
0.082665
  0
SEQEND
  0
POLYLINE
  8
0
 66
1
 70
1
  0
VERTEX
  8
0
 10
186.250000
 20
506.310674
 42
0.039571
  0
VERTEX
  8
0
 10
187.047266
 20
506.168469
 42
0.024357
  0
VERTEX
  8
0
 10
188.000000
 20
506.122029
 42
0.024357
  0
VERTEX
  8
0
 10
188.952734
 20
506.168469
 42
0.039571
  0
VERTEX
  8
0
 10
189.750000
 20
506.310674
 42
0.161593
  0
VERTEX
  8
0
 10
190.009140
 20
506.478988
 42
0.542911
  0
VERTEX
  8
0
 10
189.957813
 20
506.633659
 42
0.052887
  0
VERTEX
  8
0
 10
189.251983
 20
506.740287
 42
0.011065
  0
VERTEX
  8
0
 10
188.000000
 20
506.767997
 42
0.011065
  0
VERTEX
  8
0
 10
186.748017
 20
506.740287
 42
0.052887
  0
VERTEX
  8
0
 10
186.042187
 20
506.633659
 42
0.542911
  0
VERTEX
  8
0
 10
185.990860
 20
506.478988
 42
0.161593
  0
SEQEND
  0
POLYLINE
  8
0
 66
1
 70
1
  0
VERTEX
  8
0
 10
208.750000
 20
497.337719
 42
0.057986
  0
VERTEX
  8
0
 10
209.320008
 20
497.181385
 42
0.037979
  0
VERTEX
  8
0
 10
210.000000
 20
497.129660
 42
0.037979
  0
VERTEX
  8
0
 10
210.679992
 20
497.181385
 42
0.057986
  0
VERTEX
  8
0
 10
211.250000
 20
497.337719
 42
0.174857
  0
VERTEX
  8
0
 10
211.459382
 20
497.525001
 42
0.447206
  0
VERTEX
  8
0
 10
211.398438
 20
497.693942
 42
0.078554
  0
VERTEX
  8
0
 10
210.891440
 20
497.810911
 42
0.017491
  0
VERTEX
  8
0
 10
210.000000
 20
497.842105
 42
0.017491
  0
VERTEX
  8
0
 10
209.108560
 20
497.810911
 42
0.078554
  0
VERTEX
  8
0
 10
208.601562
 20
497.693942
 42
0.447206
  0
VERTEX
  8
0
 10
208.540618
 20
497.525001
 42
0.174857
  0
SEQEND
  0
POLYLINE
  8
0
 66
1
 70
1
  0
VERTEX
  8
0
 10
197.250000
 20
492.310674
 42
0.039571
  0
VERTEX
  8
0
 10
198.047266
 20
492.168469
 42
0.024357
  0
VERTEX
  8
0
 10
199.000000
 20
492.122029
 42
0.024357
  0
VERTEX
  8
0
 10
199.952734
 20
492.168469
 42
0.039571
  0
VERTEX
  8
0
 10
200.750000
 20
492.310674
 42
0.161593
  0
VERTEX
  8
0
 10
201.009140
 20
492.478988
 42
0.542911
  0
VERTEX
  8
0
 10
200.957813
 20
492.633659
 42
0.052887
  0
VERTEX
  8
0
 10
200.251983
 20
492.740287
 42
0.011065
  0
VERTEX
  8
0
 10
199.000000
 20
492.767997
 42
0.011065
  0
VERTEX
  8
0
 10
197.748017
 20
492.740287
 42
0.052887
  0
VERTEX
  8
0
 10
197.042187
 20
492.633659
 42
0.542911
  0
VERTEX
  8
0
 10
196.990860
 20
492.478988
 42
0.161593
  0
SEQEND
  0
POLYLINE
  8
0
 66
1
 70
1
  0
VERTEX
  8
0
 10
206.761659
 20
492.292739
 42
0.028254
  0
VERTEX
  8
0
 10
207.754739
 20
492.159391
 42
0.020511
  0
VERTEX
  8
0
 10
208.869594
 20
492.119272
 42
0.020826
  0
VERTEX
  8
0
 10
209.934218
 20
492.169017
 42
0.041951
  0
VERTEX
  8
0
 10
210.761659
 20
492.312920
 42
0.285845
  0
VERTEX
  8
0
 10
210.916221
 20
492.476221
 42
0.417468
  0
VERTEX
  8
0
 10
210.814362
 20
492.628390
 42
0.038992
  0
VERTEX
  8
0
 10
209.938425
 20
492.726931
 42
0.009782
  0
VERTEX
  8
0
 10
208.500000
 20
492.747817
 42
0.008901
  0
VERTEX
  8
0
 10
207.071102
 20
492.715166
 42
0.053901
  0
VERTEX
  8
0
 10
206.339362
 20
492.605813
 42
0.671610
  0
VERTEX
  8
0
 10
206.319562
 20
492.456590
 42
0.082665
  0
SEQEND
  0
POLYLINE
  8
0
 66
1
 70
1
  0
VERTEX
  8
0
 10
216.750000
 20
497.337719
 42
0.057986
  0
VERTEX
  8
0
 10
217.320008
 20
497.181385
 42
0.037979
  0
VERTEX
  8
0
 10
218.000000
 20
497.129660
 42
0.037979
  0
VERTEX
  8
0
 10
218.679992
 20
497.181385
 42
0.057986
  0
VERTEX
  8
0
 10
219.250000
 20
497.337719
 42
0.174857
  0
VERTEX
  8
0
 10
219.459382
 20
497.525001
 42
0.447206
  0
VERTEX
  8
0
 10
219.398438
 20
497.693942
 42
0.078554
  0
VERTEX
  8
0
 10
218.891440
 20
497.810911
 42
0.017491
  0
VERTEX
  8
0
 10
218.000000
 20
497.842105
 42
0.017491
  0
VERTEX
  8
0
 10
217.108560
 20
497.810911
 42
0.078554
  0
VERTEX
  8
0
 10
216.601562
 20
497.693942
 42
0.447206
  0
VERTEX
  8
0
 10
216.540618
 20
497.525001
 42
0.174857
  0
SEQEND
  0
POLYLINE
  8
0
 66
1
 70
1
  0
VERTEX
  8
0
 10
216.812500
 20
492.316886
 42
0.051402
  0
VERTEX
  8
0
 10
217.359369
 20
492.160852
 42
0.054150
  0
VERTEX
  8
0
 10
217.916927
 20
492.123424
 42
0.060344
  0
VERTEX
  8
0
 10
218.402231
 20
492.202593
 42
0.126455
  0
VERTEX
  8
0
 10
218.729167
 20
492.395833
 42
0.296942
  0
VERTEX
  8
0
 10
218.775380
 20
492.614691
 42
0.208169
  0
VERTEX
  8
0
 10
218.592839
 20
492.799335
 42
0.077125
  0
VERTEX
  8
0
 10
218.112848
 20
492.910055
 42
0.028489
  0
VERTEX
  8
0
 10
217.416667
 20
492.921053
 42
0.018894
  0
VERTEX
  8
0
 10
216.670344
 20
492.862007
 42
0.168741
  0
VERTEX
  8
0
 10
216.378580
 20
492.720685
 42
0.470617
  0
VERTEX
  8
0
 10
216.395823
 20
492.538436
 42
0.054073
  0
SEQEND
  0
POLYLINE
  8
0
 66
1
 70
1
  0
VERTEX
  8
0
 10
234.269032
 20
492.307009
 42
0.037336
  0
VERTEX
  8
0
 10
235.036634
 20
492.167106
 42
0.029507
  0
VERTEX
  8
0
 10
235.880008
 20
492.127736
 42
0.030339
  0
VERTEX
  8
0
 10
236.671085
 20
492.185595
 42
0.062780
  0
VERTEX
  8
0
 10
237.269032
 20
492.344063
 42
0.313180
  0
VERTEX
  8
0
 10
237.386009
 20
492.522870
 42
0.333666
  0
VERTEX
  8
0
 10
237.257153
 20
492.684921
 42
0.052471
  0
VERTEX
  8
0
 10
236.580113
 20
492.787295
 42
0.014395
  0
VERTEX
  8
0
 10
235.500000
 20
492.805051
 42
0.012823
  0
VERTEX
  8
0
 10
234.431793
 20
492.764444
 42
0.080377
  0
VERTEX
  8
0
 10
233.900903
 20
492.643467
 42
0.597527
  0
VERTEX
  8
0
 10
233.883358
 20
492.483340
 42
0.087174
  0
SEQEND
  0
POLYLINE
  8
0
 66
1
 70
1
  0
VERTEX
  8
0
 10
250.812500
 20
492.316886
 42
0.051402
  0
VERTEX
  8
0
 10
251.359369
 20
492.160852
 42
0.054150
  0
VERTEX
  8
0
 10
251.916927
 20
492.123424
 42
0.060344
  0
VERTEX
  8
0
 10
252.402231
 20
492.202593
 42
0.126455
  0
VERTEX
  8
0
 10
252.729167
 20
492.395833
 42
0.296942
  0
VERTEX
  8
0
 10
252.775380
 20
492.614691
 42
0.208169
  0
VERTEX
  8
0
 10
252.592839
 20
492.799335
 42
0.077125
  0
VERTEX
  8
0
 10
252.112848
 20
492.910055
 42
0.028489
  0
VERTEX
  8
0
 10
251.416667
 20
492.921053
 42
0.018894
  0
VERTEX
  8
0
 10
250.670344
 20
492.862007
 42
0.168741
  0
VERTEX
  8
0
 10
250.378580
 20
492.720685
 42
0.470617
  0
VERTEX
  8
0
 10
250.395823
 20
492.538436
 42
0.054073
  0
SEQEND
  0
POLYLINE
  8
0
 66
1
 70
1
  0
VERTEX
  8
0
 10
126.441130
 20
480.444834
 42
0.000942
  0
VERTEX
  8
0
 10
125.103064
 20
479.368677
 42
0.387311
  0
VERTEX
  8
0
 10
125.086321
 20
479.259764
 42
0.374075
  0
VERTEX
  8
0
 10
125.194807
 20
479.229929
 42
0.000927
  0
VERTEX
  8
0
 10
126.750000
 20
479.980018
 42
0.015626
  0
VERTEX
  8
0
 10
127.612012
 20
480.431534
 42
0.022763
  0
VERTEX
  8
0
 10
128.339063
 20
480.886617
 42
0.019609
  0
VERTEX
  8
0
 10
128.887367
 20
481.298271
 42
0.225611
  0
VERTEX
  8
0
 10
129.000000
 20
481.535184
 42
0.244706
  0
VERTEX
  8
0
 10
128.834265
 20
481.853546
 42
0.258978
  0
VERTEX
  8
0
 10
128.485663
 20
481.889937
 42
0.060108
  0
VERTEX
  8
0
 10
127.784922
 20
481.486037
 42
0.008126
  0
SEQEND
  0
POLYLINE
  8
0
 66
1
 70
1
  0
VERTEX
  8
0
 10
119.000000
 20
477.000000
 42
0.011243
  0
VERTEX
  8
0
 10
117.722950
 20
476.263052
 42
0.027028
  0
VERTEX
  8
0
 10
116.821875
 20
475.646706
 42
0.064450
  0
VERTEX
  8
0
 10
116.420017
 20
475.247027
 42
0.623539
  0
VERTEX
  8
0
 10
116.500000
 20
475.083831
 42
0.088852
  0
VERTEX
  8
0
 10
117.080480
 20
475.187806
 42
0.012022
  0
VERTEX
  8
0
 10
118.234375
 20
475.646706
 42
0.013545
  0
VERTEX
  8
0
 10
119.586631
 20
476.266304
 42
0.011042
  0
VERTEX
  8
0
 10
121.000000
 20
477.000000
 42
0.011243
  0
VERTEX
  8
0
 10
122.277050
 20
477.736948
 42
0.027028
  0
VERTEX
  8
0
 10
123.178125
 20
478.353294
 42
0.064450
  0
VERTEX
  8
0
 10
123.579983
 20
478.752973
 42
0.623539
  0
VERTEX
  8
0
 10
123.500000
 20
478.916169
 42
0.088852
  0
VERTEX
  8
0
 10
122.919520
 20
478.812194
 42
0.012022
  0
VERTEX
  8
0
 10
121.765625
 20
478.353294
 42
0.013545
  0
VERTEX
  8
0
 10
120.413369
 20
477.733696
 42
0.011042
  0
SEQEND
  0
POLYLINE
  8
0
 66
1
 70
1
  0
VERTEX
  8
0
 10
136.582949
 20
444.134215
 42
0.052326
  0
VERTEX
  8
0
 10
136.327923
 20
443.604943
 42
0.061761
  0
VERTEX
  8
0
 10
136.206090
 20
443.062910
 42
0.072310
  0
VERTEX
  8
0
 10
136.228156
 20
442.590120
 42
0.149701
  0
VERTEX
  8
0
 10
136.399864
 20
442.266802
 42
0.208213
  0
VERTEX
  8
0
 10
137.031223
 20
442.018401
 42
0.228122
  0
VERTEX
  8
0
 10
137.610436
 20
442.323111
 42
0.143258
  0
VERTEX
  8
0
 10
137.913564
 20
443.144952
 42
0.097944
  0
VERTEX
  8
0
 10
137.787251
 20
444.138246
 42
0.033951
  0
VERTEX
  8
0
 10
137.536207
 20
444.749629
 42
0.286646
  0
VERTEX
  8
0
 10
137.294341
 20
444.899578
 42
0.233206
  0
VERTEX
  8
0
 10
137.012891
 20
444.759582
 42
0.024362
  0
SEQEND
  0
POLYLINE
  8
0
 66
1
 70
1
  0
VERTEX
  8
0
 10
306.000000
 20
552.333333
 42
0.045054
  0
VERTEX
  8
0
 10
306.148737
 20
550.686032
 42
0.477014
  0
VERTEX
  8
0
 10
306.663849
 20
550.404277
 42
0.231082
  0
VERTEX
  8
0
 10
307.267903
 20
551.083425
 42
0.030337
  0
VERTEX
  8
0
 10
307.686162
 20
553.025770
 42
0.047678
  0
VERTEX
  8
0
 10
307.728654
 20
553.781624
 42
0.074690
  0
VERTEX
  8
0
 10
307.607040
 20
554.420070
 42
0.104190
  0
VERTEX
  8
0
 10
307.348815
 20
554.846046
 42
0.207452
  0
VERTEX
  8
0
 10
306.993725
 20
555.000000
 42
0.237674
  0
VERTEX
  8
0
 10
306.612730
 20
554.808052
 42
0.070294
  0
VERTEX
  8
0
 10
306.291907
 20
554.216667
 42
0.053790
  0
VERTEX
  8
0
 10
306.072511
 20
553.354672
 42
0.035453
  0
SEQEND
  0
ENDSEC
  0
EOF
