  0
SECTION
  2
HEADER
  9
$ACADVER
  1
AC1006
  9
$EXTMIN
 10
0.000000
 20
0.000000
 30
0.000000
  9
$EXTMAX
 10
575.000000
 20
362.000000
 30
0.000000
  0
ENDSEC
  0
SECTION
  2
ENTITIES
  0
POLYLINE
  8
0
 66
1
 70
1
  0
VERTEX
  8
0
 10
286.426748
 20
354.833026
 42
0.000000
  0
VERTEX
  8
0
 10
286.880553
 20
351.068101
 42
0.000000
  0
VERTEX
  8
0
 10
257.940276
 20
351.384680
 42
0.002255
  0
VERTEX
  8
0
 10
246.843133
 20
351.456030
 42
0.003761
  0
VERTEX
  8
0
 10
237.501206
 20
351.403702
 42
0.000569
  0
VERTEX
  8
0
 10
229.277227
 20
351.286405
 42
0.409710
  0
VERTEX
  8
0
 10
229.000000
 20
351.004875
 42
-0.390592
  0
VERTEX
  8
0
 10
228.756676
 20
350.740914
 42
-0.009348
  0
VERTEX
  8
0
 10
226.943750
 20
350.627237
 42
-0.015544
  0
VERTEX
  8
0
 10
224.684050
 20
350.598222
 42
-0.009307
  0
VERTEX
  8
0
 10
222.000000
 20
350.697200
 42
0.000000
  0
VERTEX
  8
0
 10
215.000000
 20
351.085910
 42
0.000000
  0
VERTEX
  8
0
 10
215.000000
 20
346.542955
 42
0.000000
  0
VERTEX
  8
0
 10
215.000000
 20
342.000000
 42
0.000000
  0
VERTEX
  8
0
 10
115.000000
 20
342.000000
 42
0.000000
  0
VERTEX
  8
0
 10
15.000000
 20
342.000000
 42
0.000000
  0
VERTEX
  8
0
 10
15.000000
 20
337.000000
 42
-0.018796
  0
VERTEX
  8
0
 10
14.927602
 20
335.074786
 42
-0.029390
  0
VERTEX
  8
0
 10
14.706250
 20
333.432031
 42
-0.029107
  0
VERTEX
  8
0
 10
14.390242
 20
332.199072
 42
-0.292255
  0
VERTEX
  8
0
 10
14.000000
 20
331.875000
 42
-0.007311
  0
VERTEX
  8
0
 10
13.487144
 20
331.818496
 42
-0.002401
  0
VERTEX
  8
0
 10
12.730729
 20
331.750000
 42
-0.002391
  0
VERTEX
  8
0
 10
11.890474
 20
331.682025
 42
-0.002704
  0
VERTEX
  8
0
 10
11.083333
 20
331.625000
 42
0.033201
  0
VERTEX
  8
0
 10
8.977415
 20
331.346459
 42
0.357374
  0
VERTEX
  8
0
 10
8.470063
 20
330.727283
 42
0.375181
  0
VERTEX
  8
0
 10
8.981014
 20
330.142194
 42
0.033781
  0
VERTEX
  8
0
 10
11.083333
 20
329.999985
 42
0.000000
  0
VERTEX
  8
0
 10
14.500000
 20
329.999970
 42
0.000000
  0
VERTEX
  8
0
 10
14.500000
 20
263.095457
 42
-0.001051
  0
VERTEX
  8
0
 10
14.446154
 20
237.472413
 42
-0.001771
  0
VERTEX
  8
0
 10
14.279687
 20
215.980310
 42
-0.000149
  0
VERTEX
  8
0
 10
14.057746
 20
196.823676
 42
-0.583404
  0
VERTEX
  8
0
 10
13.750000
 20
196.654488
 42
0.163511
  0
VERTEX
  8
0
 10
13.459838
 20
196.722257
 42
0.178305
  0
VERTEX
  8
0
 10
13.199666
 20
196.597344
 42
0.120187
  0
VERTEX
  8
0
 10
13.011301
 20
196.276631
 42
0.059617
  0
VERTEX
  8
0
 10
12.929715
 20
195.809017
 42
-0.141044
  0
VERTEX
  8
0
 10
12.823714
 20
195.503421
 42
-0.421563
  0
VERTEX
  8
0
 10
12.627618
 20
195.472024
 42
-0.108547
  0
VERTEX
  8
0
 10
12.337363
 20
195.806049
 42
-0.023328
  0
VERTEX
  8
0
 10
12.000000
 20
196.500000
 42
0.004561
  0
VERTEX
  8
0
 10
11.464345
 20
197.715843
 42
0.240506
  0
VERTEX
  8
0
 10
11.270989
 20
197.870499
 42
0.453283
  0
VERTEX
  8
0
 10
11.129261
 20
197.763078
 42
0.008061
  0
VERTEX
  8
0
 10
11.070285
 20
196.690983
 42
-0.056758
  0
VERTEX
  8
0
 10
10.970819
 20
196.042636
 42
-0.117144
  0
VERTEX
  8
0
 10
10.726896
 20
195.594912
 42
-0.180527
  0
VERTEX
  8
0
 10
10.384751
 20
195.416128
 42
-0.171112
  0
VERTEX
  8
0
 10
10.000000
 20
195.500000
 42
0.128944
  0
VERTEX
  8
0
 10
9.293520
 20
195.716298
 42
0.495654
  0
VERTEX
  8
0
 10
9.045109
 20
195.415989
 42
0.108536
  0
VERTEX
  8
0
 10
9.473056
 20
194.519699
 42
0.030939
  0
VERTEX
  8
0
 10
10.500000
 20
193.357143
 42
0.034046
  0
VERTEX
  8
0
 10
11.077063
 20
192.853737
 42
0.093008
  0
VERTEX
  8
0
 10
11.559375
 20
192.612500
 42
0.226652
  0
VERTEX
  8
0
 10
11.862545
 20
192.663753
 42
0.244067
  0
VERTEX
  8
0
 10
12.000000
 20
192.928571
 42
-0.138775
  0
VERTEX
  8
0
 10
12.115627
 20
193.337148
 42
-0.100075
  0
VERTEX
  8
0
 10
12.440625
 20
193.685268
 42
-0.085667
  0
VERTEX
  8
0
 10
12.926711
 20
193.919674
 42
-0.069717
  0
VERTEX
  8
0
 10
13.500000
 20
194.000000
 42
-0.187808
  0
VERTEX
  8
0
 10
14.196228
 20
193.728924
 42
-0.126700
  0
VERTEX
  8
0
 10
14.666014
 20
193.005831
 42
-0.064232
  0
VERTEX
  8
0
 10
14.927257
 20
191.688767
 42
-0.016882
  0
VERTEX
  8
0
 10
15.000000
 20
189.534983
 42
0.000000
  0
VERTEX
  8
0
 10
15.000000
 20
185.069966
 42
0.000000
  0
VERTEX
  8
0
 10
25.250000
 20
184.784983
 42
0.000000
  0
VERTEX
  8
0
 10
35.500000
 20
184.500000
 42
0.000000
  0
VERTEX
  8
0
 10
35.500000
 20
127.749756
 42
0.000000
  0
VERTEX
  8
0
 10
35.500000
 20
70.999513
 42
0.000000
  0
VERTEX
  8
0
 10
59.250000
 20
70.999756
 42
0.000000
  0
VERTEX
  8
0
 10
83.000000
 20
71.000000
 42
0.000000
  0
VERTEX
  8
0
 10
83.000000
 20
57.000000
 42
0.000000
  0
VERTEX
  8
0
 10
83.000000
 20
43.000000
 42
0.000000
  0
VERTEX
  8
0
 10
88.000000
 20
43.000000
 42
0.010726
  0
VERTEX
  8
0
 10
89.917021
 20
43.041128
 42
0.017724
  0
VERTEX
  8
0
 10
91.531250
 20
43.167857
 42
0.011937
  0
VERTEX
  8
0
 10
92.807163
 20
43.344623
 42
0.367654
  0
VERTEX
  8
0
 10
93.000000
 20
43.571429
 42
0.184774
  0
VERTEX
  8
0
 10
92.631029
 20
44.535782
 42
0.044635
  0
VERTEX
  8
0
 10
91.359083
 20
45.722467
 42
0.045624
  0
VERTEX
  8
0
 10
89.841757
 20
46.695750
 42
0.120365
  0
VERTEX
  8
0
 10
88.596200
 20
47.000000
 42
-0.330289
  0
VERTEX
  8
0
 10
87.748928
 20
47.628221
 42
-0.045699
  0
VERTEX
  8
0
 10
87.278272
 20
49.909806
 42
-0.020969
  0
VERTEX
  8
0
 10
86.978342
 20
54.177343
 42
-0.002814
  0
VERTEX
  8
0
 10
86.774771
 20
63.180462
 42
0.001833
  0
VERTEX
  8
0
 10
86.567665
 20
73.210563
 42
0.027406
  0
VERTEX
  8
0
 10
86.290951
 20
76.701142
 42
0.195265
  0
VERTEX
  8
0
 10
85.700457
 20
77.733456
 42
0.379687
  0
VERTEX
  8
0
 10
84.821429
 20
77.680462
 42
-0.105456
  0
VERTEX
  8
0
 10
83.538230
 20
76.847386
 42
-0.052285
  0
VERTEX
  8
0
 10
81.654336
 20
76.343777
 42
-0.031170
  0
VERTEX
  8
0
 10
78.807099
 20
76.074140
 42
-0.008025
  0
VERTEX
  8
0
 10
74.188060
 20
76.000000
 42
0.005221
  0
VERTEX
  8
0
 10
68.891048
 20
75.944686
 42
0.046805
  0
VERTEX
  8
0
 10
66.584193
 20
75.679563
 42
0.127861
  0
VERTEX
  8
0
 10
65.379239
 20
75.079098
 42
0.150717
  0
VERTEX
  8
0
 10
64.710251
 20
74.000000
 42
-0.114359
  0
VERTEX
  8
0
 10
64.167067
 20
72.965515
 42
-0.137864
  0
VERTEX
  8
0
 10
63.255337
 20
72.360907
 42
-0.066771
  0
VERTEX
  8
0
 10
61.643321
 20
72.070538
 42
-0.011219
  0
VERTEX
  8
0
 10
58.500000
 20
72.000000
 42
-0.011219
  0
VERTEX
  8
0
 10
55.356679
 20
72.070538
 42
-0.066771
  0
VERTEX
  8
0
 10
53.744663
 20
72.360907
 42
-0.137864
  0
VERTEX
  8
0
 10
52.832933
 20
72.965515
 42
-0.114359
  0
VERTEX
  8
0
 10
52.289749
 20
74.000000
 42
0.110860
  0
VERTEX
  8
0
 10
51.759192
 20
75.027630
 42
0.137579
  0
VERTEX
  8
0
 10
50.874456
 20
75.632833
 42
0.069345
  0
VERTEX
  8
0
 10
49.328430
 20
75.927006
 42
0.012391
  0
VERTEX
  8
0
 10
46.383369
 20
76.000000
 42
0.000000
  0
VERTEX
  8
0
 10
41.000000
 20
76.000000
 42
0.000000
  0
VERTEX
  8
0
 10
40.995273
 20
102.250000
 42
0.002052
  0
VERTEX
  8
0
 10
40.945846
 20
113.785374
 42
0.001443
  0
VERTEX
  8
0
 10
40.799494
 20
126.764581
 42
0.001456
  0
VERTEX
  8
0
 10
40.587408
 20
139.185860
 42
0.003052
  0
VERTEX
  8
0
 10
40.335427
 20
148.842192
 42
-0.003178
  0
VERTEX
  8
0
 10
40.094580
 20
158.161788
 42
-0.009852
  0
VERTEX
  8
0
 10
40.095981
 20
164.453002
 42
-0.006671
  0
VERTEX
  8
0
 10
40.246845
 20
168.986132
 42
-0.247530
  0
VERTEX
  8
0
 10
40.754043
 20
169.847990
 42
-0.137338
  0
VERTEX
  8
0
 10
42.050115
 20
170.221531
 42
-0.000376
  0
VERTEX
  8
0
 10
60.482491
 20
170.348424
 42
-0.001275
  0
VERTEX
  8
0
 10
77.689112
 20
170.410058
 42
-0.034203
  0
VERTEX
  8
0
 10
82.250000
 20
170.102426
 42
-0.320249
  0
VERTEX
  8
0
 10
82.546221
 20
169.823360
 42
-0.015570
  0
VERTEX
  8
0
 10
82.779687
 20
168.414463
 42
-0.020482
  0
VERTEX
  8
0
 10
82.945866
 20
166.615661
 42
-0.012792
  0
VERTEX
  8
0
 10
83.000000
 20
164.500000
 42
-0.012120
  0
VERTEX
  8
0
 10
82.933383
 20
161.752068
 42
-0.054498
  0
VERTEX
  8
0
 10
82.681818
 20
160.166667
 42
-0.118311
  0
VERTEX
  8
0
 10
82.215544
 20
159.316753
 42
-0.211442
  0
VERTEX
  8
0
 10
81.500000
 20
159.000000
 42
0.151352
  0
VERTEX
  8
0
 10
80.852567
 20
158.799425
 42
0.126184
  0
VERTEX
  8
0
 10
80.376322
 20
158.255231
 42
0.082911
  0
VERTEX
  8
0
 10
80.089483
 20
157.335856
 42
0.034258
  0
VERTEX
  8
0
 10
80.000000
 20
156.031385
 42
0.023909
  0
VERTEX
  8
0
 10
80.068476
 20
154.600201
 42
0.116597
  0
VERTEX
  8
0
 10
80.327847
 20
153.837412
 42
0.230808
  0
VERTEX
  8
0
 10
80.796542
 20
153.545380
 42
0.118031
  0
VERTEX
  8
0
 10
81.500000
 20
153.638374
 42
-0.235482
  0
VERTEX
  8
0
 10
82.234711
 20
153.567528
 42
-0.189725
  0
VERTEX
  8
0
 10
82.712520
 20
152.921928
 42
-0.057504
  0
VERTEX
  8
0
 10
82.946642
 20
151.343594
 42
-0.008095
  0
VERTEX
  8
0
 10
83.000000
 20
148.047972
 42
-0.011672
  0
VERTEX
  8
0
 10
82.939289
 20
145.447672
 42
-0.033716
  0
VERTEX
  8
0
 10
82.734261
 20
143.658454
 42
-0.061551
  0
VERTEX
  8
0
 10
82.414549
 20
142.640964
 42
-0.451672
  0
VERTEX
  8
0
 10
81.983688
 20
142.510081
 42
-0.090427
  0
VERTEX
  8
0
 10
81.639411
 20
142.820631
 42
-0.095498
  0
VERTEX
  8
0
 10
81.434921
 20
143.227140
 42
-0.099685
  0
VERTEX
  8
0
 10
81.401101
 20
143.665803
 42
-0.108373
  0
VERTEX
  8
0
 10
81.542705
 20
144.069098
 42
0.257476
  0
VERTEX
  8
0
 10
81.559798
 20
144.413646
 42
0.166413
  0
VERTEX
  8
0
 10
81.270757
 20
144.703357
 42
0.084838
  0
VERTEX
  8
0
 10
80.654738
 20
144.885497
 42
0.038116
  0
VERTEX
  8
0
 10
79.809017
 20
144.921053
 42
0.020431
  0
VERTEX
  8
0
 10
78.990435
 20
144.859515
 42
0.097201
  0
VERTEX
  8
0
 10
78.545461
 20
144.717133
 42
0.446393
  0
VERTEX
  8
0
 10
78.503007
 20
144.533852
 42
0.144796
  0
VERTEX
  8
0
 10
78.750000
 20
144.337719
 42
-0.113869
  0
VERTEX
  8
0
 10
79.228318
 20
144.003208
 42
-0.064373
  0
VERTEX
  8
0
 10
79.632813
 20
143.418476
 42
-0.059088
  0
VERTEX
  8
0
 10
79.906890
 20
142.687147
 42
-0.060204
  0
VERTEX
  8
0
 10
80.000000
 20
141.916667
 42
0.089622
  0
VERTEX
  8
0
 10
80.166089
 20
140.997497
 42
0.162596
  0
VERTEX
  8
0
 10
80.641304
 20
140.409722
 42
0.111619
  0
VERTEX
  8
0
 10
81.523180
 20
140.091598
 42
0.030982
  0
VERTEX
  8
0
 10
83.000000
 20
140.000000
 42
0.031747
  0
VERTEX
  8
0
 10
84.730331
 20
140.109978
 42
0.181931
  0
VERTEX
  8
0
 10
85.528957
 20
140.532751
 42
0.159377
  0
VERTEX
  8
0
 10
85.909007
 20
141.412203
 42
0.022957
  0
VERTEX
  8
0
 10
86.000000
 20
143.393011
 42
-0.034405
  0
VERTEX
  8
0
 10
86.099587
 20
144.838564
 42
-0.056009
  0
VERTEX
  8
0
 10
86.402932
 20
146.029206
 42
-0.071188
  0
VERTEX
  8
0
 10
86.879217
 20
146.893824
 42
-0.140603
  0
VERTEX
  8
0
 10
87.500000
 20
147.361626
 42
0.223794
  0
VERTEX
  8
0
 10
88.266199
 20
148.161247
 42
0.053941
  0
VERTEX
  8
0
 10
88.669852
 20
150.001309
 42
0.026989
  0
VERTEX
  8
0
 10
88.843524
 20
153.202084
 42
0.004766
  0
VERTEX
  8
0
 10
88.787618
 20
159.218615
 42
0.000000
  0
VERTEX
  8
0
 10
88.575237
 20
170.500000
 42
0.000000
  0
VERTEX
  8
0
 10
88.253787
 20
159.750000
 42
-0.008159
  0
VERTEX
  8
0
 10
88.060593
 20
155.572379
 42
-0.014171
  0
VERTEX
  8
0
 10
87.745531
 20
152.114783
 42
-0.008015
  0
VERTEX
  8
0
 10
87.368761
 20
149.345874
 42
-0.370570
  0
VERTEX
  8
0
 10
86.966168
 20
149.000000
 42
-0.402582
  0
VERTEX
  8
0
 10
86.310149
 20
149.630369
 42
-0.002119
  0
VERTEX
  8
0
 10
85.963562
 20
159.351844
 42
-0.007762
  0
VERTEX
  8
0
 10
85.791397
 20
170.196079
 42
-0.005969
  0
VERTEX
  8
0
 10
85.928571
 20
182.036066
 42
0.000000
  0
VERTEX
  8
0
 10
86.000000
 20
185.072132
 42
0.000000
  0
VERTEX
  8
0
 10
133.250000
 20
184.786066
 42
0.000000
  0
VERTEX
  8
0
 10
180.500000
 20
184.500000
 42
0.000000
  0
VERTEX
  8
0
 10
180.773388
 20
166.673033
 42
0.000000
  0
VERTEX
  8
0
 10
181.046776
 20
148.846066
 42
0.000000
  0
VERTEX
  8
0
 10
176.273388
 20
149.135192
 42
0.000000
  0
VERTEX
  8
0
 10
171.500000
 20
149.424319
 42
0.000000
  0
VERTEX
  8
0
 10
170.933380
 20
156.962159
 42
0.000000
  0
VERTEX
  8
0
 10
170.366759
 20
164.500000
 42
0.000000
  0
VERTEX
  8
0
 10
170.183380
 20
156.683103
 42
0.000000
  0
VERTEX
  8
0
 10
170.000000
 20
148.866206
 42
0.000000
  0
VERTEX
  8
0
 10
139.499290
 20
149.183103
 42
0.001872
  0
VERTEX
  8
0
 10
124.829500
 20
149.280595
 42
0.007495
  0
VERTEX
  8
0
 10
115.850448
 20
149.172045
 42
0.004144
  0
VERTEX
  8
0
 10
109.566328
 20
148.949705
 42
0.401665
  0
VERTEX
  8
0
 10
108.999290
 20
148.356989
 42
0.114107
  0
VERTEX
  8
0
 10
109.110568
 20
147.877095
 42
0.065777
  0
VERTEX
  8
0
 10
109.440416
 20
147.380653
 42
0.060375
  0
VERTEX
  8
0
 10
109.926393
 20
146.943659
 42
0.061419
  0
VERTEX
  8
0
 10
110.500000
 20
146.638374
 42
-0.205498
  0
VERTEX
  8
0
 10
111.247604
 20
145.910887
 42
-0.059770
  0
VERTEX
  8
0
 10
111.692545
 20
144.329586
 42
-0.031857
  0
VERTEX
  8
0
 10
111.936289
 20
141.664197
 42
-0.006876
  0
VERTEX
  8
0
 10
112.000000
 20
137.031385
 42
0.006076
  0
VERTEX
  8
0
 10
112.057388
 20
132.308774
 42
0.034072
  0
VERTEX
  8
0
 10
112.290483
 20
129.793854
 42
0.077626
  0
VERTEX
  8
0
 10
112.729159
 20
128.449789
 42
0.282250
  0
VERTEX
  8
0
 10
113.462474
 20
128.000000
 42
0.283724
  0
VERTEX
  8
0
 10
114.205472
 20
128.458523
 42
0.069608
  0
VERTEX
  8
0
 10
114.686100
 20
129.880375
 42
0.032715
  0
VERTEX
  8
0
 10
115.004586
 20
132.487158
 42
0.006273
  0
VERTEX
  8
0
 10
115.212474
 20
137.250000
 42
0.000000
  0
VERTEX
  8
0
 10
115.500000
 20
146.500000
 42
0.000000
  0
VERTEX
  8
0
 10
149.750000
 20
146.763128
 42
0.000000
  0
VERTEX
  8
0
 10
184.000000
 20
147.026255
 42
0.000000
  0
VERTEX
  8
0
 10
184.000000
 20
160.122534
 42
0.000000
  0
VERTEX
  8
0
 10
184.000000
 20
173.218812
 42
0.000000
  0
VERTEX
  8
0
 10
187.500000
 20
172.810207
 42
0.022147
  0
VERTEX
  8
0
 10
189.091356
 20
172.695539
 42
0.069314
  0
VERTEX
  8
0
 10
190.155135
 20
172.813849
 42
0.129980
  0
VERTEX
  8
0
 10
190.767566
 20
173.154554
 42
0.203909
  0
VERTEX
  8
0
 10
191.000000
 20
173.700801
 42
0.212195
  0
VERTEX
  8
0
 10
190.758754
 20
174.243658
 42
0.095031
  0
VERTEX
  8
0
 10
190.076508
 20
174.657200
 42
0.061218
  0
VERTEX
  8
0
 10
188.978427
 20
174.917961
 42
0.027724
  0
VERTEX
  8
0
 10
187.500000
 20
175.000000
 42
0.000000
  0
VERTEX
  8
0
 10
184.000000
 20
175.000000
 42
0.000000
  0
VERTEX
  8
0
 10
184.000000
 20
189.500000
 42
0.000000
  0
VERTEX
  8
0
 10
184.000000
 20
204.000000
 42
0.000000
  0
VERTEX
  8
0
 10
217.500000
 20
204.000000
 42
0.000000
  0
VERTEX
  8
0
 10
251.000000
 20
204.000000
 42
0.000000
  0
VERTEX
  8
0
 10
251.000000
 20
231.000000
 42
0.000000
  0
VERTEX
  8
0
 10
251.000000
 20
258.000000
 42
0.000000
  0
VERTEX
  8
0
 10
238.500000
 20
258.000000
 42
0.004721
  0
VERTEX
  8
0
 10
232.366661
 20
257.942093
 42
0.020401
  0
VERTEX
  8
0
 10
228.729833
 20
257.724797
 42
0.029070
  0
VERTEX
  8
0
 10
226.505772
 20
257.369081
 42
0.352072
  0
VERTEX
  8
0
 10
226.000000
 20
256.739835
 42
0.215389
  0
VERTEX
  8
0
 10
226.230354
 20
256.229904
 42
0.088992
  0
VERTEX
  8
0
 10
226.892740
 20
255.828616
 42
0.060884
  0
VERTEX
  8
0
 10
227.924722
 20
255.569986
 42
0.031777
  0
VERTEX
  8
0
 10
229.250000
 20
255.489835
 42
0.000000
  0
VERTEX
  8
0
 10
232.500000
 20
255.500000
 42
0.000000
  0
VERTEX
  8
0
 10
232.720114
 20
238.113219
 42
0.002945
  0
VERTEX
  8
0
 10
232.940724
 20
226.221887
 42
0.024923
  0
VERTEX
  8
0
 10
233.337735
 20
220.886700
 42
0.920690
  0
VERTEX
  8
0
 10
233.704709
 20
220.901966
 42
0.007538
  0
VERTEX
  8
0
 10
233.904532
 20
228.619192
 42
-0.009304
  0
VERTEX
  8
0
 10
234.019586
 20
232.528928
 42
-0.022957
  0
VERTEX
  8
0
 10
234.288719
 20
235.385670
 42
-0.026861
  0
VERTEX
  8
0
 10
234.681572
 20
237.390017
 42
-0.191753
  0
VERTEX
  8
0
 10
235.249634
 20
238.175444
 42
0.012583
  0
VERTEX
  8
0
 10
235.892707
 20
238.606848
 42
0.243204
  0
VERTEX
  8
0
 10
235.999703
 20
238.813581
 42
0.386015
  0
VERTEX
  8
0
 10
235.875824
 20
238.950255
 42
0.021361
  0
VERTEX
  8
0
 10
235.250000
 20
238.984687
 42
-0.311670
  0
VERTEX
  8
0
 10
234.663187
 20
239.400531
 42
-0.048871
  0
VERTEX
  8
0
 10
234.289541
 20
240.849516
 42
-0.030239
  0
VERTEX
  8
0
 10
234.063510
 20
243.240734
 42
-0.008447
  0
VERTEX
  8
0
 10
234.000000
 20
247.000000
 42
0.000000
  0
VERTEX
  8
0
 10
234.000000
 20
255.000000
 42
0.000000
  0
VERTEX
  8
0
 10
240.500000
 20
255.000000
 42
0.000000
  0
VERTEX
  8
0
 10
247.000000
 20
255.000000
 42
0.000000
  0
VERTEX
  8
0
 10
247.178571
 20
238.000000
 42
-0.000025
  0
VERTEX
  8
0
 10
247.252176
 20
230.959767
 42
-0.000024
  0
VERTEX
  8
0
 10
247.325670
 20
223.864063
 42
-0.000024
  0
VERTEX
  8
0
 10
247.389607
 20
217.633523
 42
-0.000091
  0
VERTEX
  8
0
 10
247.428571
 20
213.750000
 42
0.000000
  0
VERTEX
  8
0
 10
247.500000
 20
206.500000
 42
0.000000
  0
VERTEX
  8
0
 10
235.250000
 20
206.219221
 42
0.000000
  0
VERTEX
  8
0
 10
223.000000
 20
205.938442
 42
0.000000
  0
VERTEX
  8
0
 10
222.884846
 20
210.719221
 42
-0.003863
  0
VERTEX
  8
0
 10
222.852507
 20
212.696238
 42
-0.003807
  0
VERTEX
  8
0
 10
222.850490
 20
214.683146
 42
-0.003743
  0
VERTEX
  8
0
 10
222.875008
 20
216.423741
 42
-0.014554
  0
VERTEX
  8
0
 10
222.929596
 20
217.500000
 42
0.013053
  0
VERTEX
  8
0
 10
222.982518
 20
218.484993
 42
0.225983
  0
VERTEX
  8
0
 10
222.855593
 20
218.771576
 42
0.417970
  0
VERTEX
  8
0
 10
222.628758
 20
218.752835
 42
0.025166
  0
VERTEX
  8
0
 10
222.173401
 20
218.149144
 42
0.111742
  0
VERTEX
  8
0
 10
221.843099
 20
217.305961
 42
0.019903
  0
VERTEX
  8
0
 10
221.654332
 20
215.612308
 42
0.020641
  0
VERTEX
  8
0
 10
221.593270
 20
213.572007
 42
0.017324
  0
VERTEX
  8
0
 10
221.692795
 20
211.410050
 42
0.000000
  0
VERTEX
  8
0
 10
222.128289
 20
206.021812
 42
0.000000
  0
VERTEX
  8
0
 10
215.607356
 20
206.119639
 42
0.000000
  0
VERTEX
  8
0
 10
209.086423
 20
206.217466
 42
0.000000
  0
VERTEX
  8
0
 10
208.739072
 20
212.858733
 42
0.000000
  0
VERTEX
  8
0
 10
208.391721
 20
219.500000
 42
0.000000
  0
VERTEX
  8
0
 10
208.195860
 20
212.750000
 42
0.000000
  0
VERTEX
  8
0
 10
208.000000
 20
206.000000
 42
0.000000
  0
VERTEX
  8
0
 10
196.166667
 20
206.000000
 42
-0.003259
  0
VERTEX
  8
0
 10
191.600594
 20
206.029763
 42
-0.005154
  0
VERTEX
  8
0
 10
187.686979
 20
206.121139
 42
-0.001504
  0
VERTEX
  8
0
 10
184.301117
 20
206.245316
 42
-0.187288
  0
VERTEX
  8
0
 10
183.916667
 20
206.412388
 42
-0.195580
  0
VERTEX
  8
0
 10
183.754951
 20
206.790369
 42
-0.002111
  0
VERTEX
  8
0
 10
183.715342
 20
209.666872
 42
-0.006248
  0
VERTEX
  8
0
 10
183.725218
 20
213.015944
 42
-0.003978
  0
VERTEX
  8
0
 10
183.816413
 20
216.912388
 42
0.000000
  0
VERTEX
  8
0
 10
184.132827
 20
227.000000
 42
0.000000
  0
VERTEX
  8
0
 10
190.503055
 20
227.000000
 42
0.000000
  0
VERTEX
  8
0
 10
196.873283
 20
227.000000
 42
0.000000
  0
VERTEX
  8
0
 10
197.276604
 20
223.750000
 42
0.000000
  0
VERTEX
  8
0
 10
197.679926
 20
220.500000
 42
0.000000
  0
VERTEX
  8
0
 10
197.839963
 20
223.750000
 42
-0.029032
  0
VERTEX
  8
0
 10
197.974010
 20
224.995060
 42
-0.044415
  0
VERTEX
  8
0
 10
198.246739
 20
226.045312
 42
-0.054609
  0
VERTEX
  8
0
 10
198.603947
 20
226.781125
 42
-0.257937
  0
VERTEX
  8
0
 10
199.000000
 20
227.000000
 42
0.226478
  0
VERTEX
  8
0
 10
199.382936
 20
227.182831
 42
0.074992
  0
VERTEX
  8
0
 10
199.706250
 20
227.734375
 42
0.057076
  0
VERTEX
  8
0
 10
199.926884
 20
228.542644
 42
0.038131
  0
VERTEX
  8
0
 10
200.000000
 20
229.500000
 42
0.047160
  0
VERTEX
  8
0
 10
199.901370
 20
230.543379
 42
0.088208
  0
VERTEX
  8
0
 10
199.600000
 20
231.333333
 42
0.118484
  0
VERTEX
  8
0
 10
199.119980
 20
231.822179
 42
0.140575
  0
VERTEX
  8
0
 10
198.500000
 20
232.000000
 42
0.081934
  0
VERTEX
  8
0
 10
197.927094
 20
231.905485
 42
0.092187
  0
VERTEX
  8
0
 10
197.440602
 20
231.632812
 42
0.100658
  0
VERTEX
  8
0
 10
197.115299
 20
231.226767
 42
0.119245
  0
VERTEX
  8
0
 10
196.999923
 20
230.750000
 42
-0.290676
  0
VERTEX
  8
0
 10
196.635905
 20
230.176827
 42
-0.055769
  0
VERTEX
  8
0
 10
195.414115
 20
229.761351
 42
-0.035459
  0
VERTEX
  8
0
 10
193.433025
 20
229.471099
 42
-0.011775
  0
VERTEX
  8
0
 10
190.499923
 20
229.321265
 42
0.000000
  0
VERTEX
  8
0
 10
184.000000
 20
229.142531
 42
0.000000
  0
VERTEX
  8
0
 10
183.918063
 20
234.321265
 42
-0.003434
  0
VERTEX
  8
0
 10
183.876731
 20
238.938202
 42
-0.001016
  0
VERTEX
  8
0
 10
183.876371
 20
246.005271
 42
-0.000524
  0
VERTEX
  8
0
 10
183.898296
 20
253.240046
 42
-0.013610
  0
VERTEX
  8
0
 10
183.959426
 20
255.192582
 42
-0.274499
  0
VERTEX
  8
0
 10
184.119924
 20
255.430066
 42
-0.072916
  0
VERTEX
  8
0
 10
184.575581
 20
255.568577
 42
-0.052831
  0
VERTEX
  8
0
 10
185.230661
 20
255.597395
 42
-0.032175
  0
VERTEX
  8
0
 10
186.000000
 20
255.500000
 42
0.055062
  0
VERTEX
  8
0
 10
186.839202
 20
255.432517
 42
0.114643
  0
VERTEX
  8
0
 10
187.470149
 20
255.599052
 42
0.150239
  0
VERTEX
  8
0
 10
187.857768
 20
255.986052
 42
0.122596
  0
VERTEX
  8
0
 10
188.000000
 20
256.557418
 42
0.130734
  0
VERTEX
  8
0
 10
187.853657
 20
257.107549
 42
0.100646
  0
VERTEX
  8
0
 10
187.442079
 20
257.576241
 42
0.088406
  0
VERTEX
  8
0
 10
186.826400
 20
257.891483
 42
0.074353
  0
VERTEX
  8
0
 10
186.100694
 20
258.000000
 42
-0.118663
  0
VERTEX
  8
0
 10
185.148673
 20
258.229166
 42
-0.154066
  0
VERTEX
  8
0
 10
184.513142
 20
258.855576
 42
-0.083165
  0
VERTEX
  8
0
 10
184.111278
 20
260.064383
 42
-0.018171
  0
VERTEX
  8
0
 10
183.850694
 20
262.250000
 42
-0.015482
  0
VERTEX
  8
0
 10
183.752329
 20
264.163232
 42
-0.009660
  0
VERTEX
  8
0
 10
183.749891
 20
266.408207
 42
-0.009692
  0
VERTEX
  8
0
 10
183.833256
 20
268.623324
 42
-0.017329
  0
VERTEX
  8
0
 10
184.000000
 20
270.437512
 42
-0.006642
  0
VERTEX
  8
0
 10
184.357122
 20
272.979209
 42
-0.171053
  0
VERTEX
  8
0
 10
184.680637
 20
273.583260
 42
-0.374112
  0
VERTEX
  8
0
 10
185.171091
 20
273.595172
 42
-0.024044
  0
VERTEX
  8
0
 10
186.314286
 20
272.551797
 42
0.027540
  0
VERTEX
  8
0
 10
187.304896
 20
271.660295
 42
0.125495
  0
VERTEX
  8
0
 10
188.004607
 20
271.341053
 42
0.181032
  0
VERTEX
  8
0
 10
188.627725
 20
271.454332
 42
0.071759
  0
VERTEX
  8
0
 10
189.314286
 20
272.010990
 42
0.012614
  0
VERTEX
  8
0
 10
189.771003
 20
272.530663
 42
0.144998
  0
VERTEX
  8
0
 10
189.877728
 20
272.777706
 42
0.560304
  0
VERTEX
  8
0
 10
189.780797
 20
272.854368
 42
0.039114
  0
VERTEX
  8
0
 10
189.394457
 20
272.676967
 42
-0.162334
  0
VERTEX
  8
0
 10
188.967556
 20
272.596284
 42
-0.271388
  0
VERTEX
  8
0
 10
188.688473
 20
272.815161
 42
-0.113501
  0
VERTEX
  8
0
 10
188.600462
 20
273.398783
 42
-0.028138
  0
VERTEX
  8
0
 10
188.729174
 20
274.363596
 42
0.040061
  0
VERTEX
  8
0
 10
188.844917
 20
275.423172
 42
0.123094
  0
VERTEX
  8
0
 10
188.691234
 20
276.122795
 42
0.175970
  0
VERTEX
  8
0
 10
188.271335
 20
276.522879
 42
0.103584
  0
VERTEX
  8
0
 10
187.584717
 20
276.666667
 42
0.066459
  0
VERTEX
  8
0
 10
186.977793
 20
276.585637
 42
0.082618
  0
VERTEX
  8
0
 10
186.461012
 20
276.348438
 42
0.097815
  0
VERTEX
  8
0
 10
186.112441
 20
275.996517
 42
0.143848
  0
VERTEX
  8
0
 10
185.984687
 20
275.583333
 42
-0.160847
  0
VERTEX
  8
0
 10
185.890938
 20
275.312374
 42
-0.342256
  0
VERTEX
  8
0
 10
185.689119
 20
275.258854
 42
-0.118892
  0
VERTEX
  8
0
 10
185.375421
 20
275.490943
 42
-0.030864
  0
VERTEX
  8
0
 10
185.000000
 20
276.000000
 42
-0.080934
  0
VERTEX
  8
0
 10
184.624271
 20
276.859259
 42
-0.021047
  0
VERTEX
  8
0
 10
184.310881
 20
278.339657
 42
-0.020836
  0
VERTEX
  8
0
 10
184.092469
 20
280.079827
 42
-0.019923
  0
VERTEX
  8
0
 10
184.015313
 20
281.858408
 42
-0.010211
  0
VERTEX
  8
0
 10
184.060737
 20
284.544552
 42
-0.133137
  0
VERTEX
  8
0
 10
184.355004
 20
285.488982
 42
-0.270342
  0
VERTEX
  8
0
 10
185.003959
 20
285.823518
 42
-0.048491
  0
VERTEX
  8
0
 10
186.404923
 20
285.613219
 42
0.026138
  0
VERTEX
  8
0
 10
187.887050
 20
285.322577
 42
0.344980
  0
VERTEX
  8
0
 10
188.339660
 20
285.583539
 42
0.164825
  0
VERTEX
  8
0
 10
188.379765
 20
286.290377
 42
0.006937
  0
VERTEX
  8
0
 10
187.665455
 20
288.738387
 42
0.012211
  0
VERTEX
  8
0
 10
187.128399
 20
290.347127
 42
0.080690
  0
VERTEX
  8
0
 10
186.717608
 20
291.085582
 42
0.455238
  0
VERTEX
  8
0
 10
186.409233
 20
291.100305
 42
0.144454
  0
VERTEX
  8
0
 10
186.167966
 20
290.633663
 42
-0.088634
  0
VERTEX
  8
0
 10
185.838089
 20
289.775689
 42
-0.156152
  0
VERTEX
  8
0
 10
185.271130
 20
289.281302
 42
-0.108099
  0
VERTEX
  8
0
 10
184.358377
 20
289.103903
 42
-0.030592
  0
VERTEX
  8
0
 10
182.907434
 20
289.226894
 42
0.000000
  0
VERTEX
  8
0
 10
180.000000
 20
289.653614
 42
0.000000
  0
VERTEX
  8
0
 10
180.000000
 20
238.836230
 42
0.000000
  0
VERTEX
  8
0
 10
180.000000
 20
188.018846
 42
0.000000
  0
VERTEX
  8
0
 10
130.750000
 20
187.759423
 42
0.000000
  0
VERTEX
  8
0
 10
81.500000
 20
187.500000
 42
0.000000
  0
VERTEX
  8
0
 10
81.469531
 20
181.000000
 42
0.000000
  0
VERTEX
  8
0
 10
81.439063
 20
174.500000
 42
0.000000
  0
VERTEX
  8
0
 10
60.719531
 20
174.229712
 42
0.000000
  0
VERTEX
  8
0
 10
40.000000
 20
173.959423
 42
0.000000
  0
VERTEX
  8
0
 10
40.000870
 20
181.229712
 42
0.000000
  0
VERTEX
  8
0
 10
40.001739
 20
188.500000
 42
0.000000
  0
VERTEX
  8
0
 10
29.500870
 20
188.159100
 42
0.000000
  0
VERTEX
  8
0
 10
19.000000
 20
187.818199
 42
0.000000
  0
VERTEX
  8
0
 10
19.000000
 20
196.792468
 42
0.005175
  0
VERTEX
  8
0
 10
18.944886
 20
202.117565
 42
0.047090
  0
VERTEX
  8
0
 10
18.679212
 20
204.421445
 42
0.129276
  0
VERTEX
  8
0
 10
18.074704
 20
205.623251
 42
0.149051
  0
VERTEX
  8
0
 10
16.985671
 20
206.293496
 42
-0.310640
  0
VERTEX
  8
0
 10
15.690799
 20
207.791967
 42
-0.018876
  0
VERTEX
  8
0
 10
15.238277
 20
214.021570
 42
-0.008409
  0
VERTEX
  8
0
 10
15.022565
 20
226.039091
 42
-0.000484
  0
VERTEX
  8
0
 10
15.016596
 20
262.910127
 42
-0.000487
  0
VERTEX
  8
0
 10
15.081856
 20
299.566680
 42
-0.008286
  0
VERTEX
  8
0
 10
15.314876
 20
311.622906
 42
-0.017898
  0
VERTEX
  8
0
 10
15.762883
 20
317.861418
 42
-0.383072
  0
VERTEX
  8
0
 10
17.030925
 20
319.000000
 42
0.185390
  0
VERTEX
  8
0
 10
18.097372
 20
319.409490
 42
0.159651
  0
VERTEX
  8
0
 10
18.698201
 20
320.456593
 42
0.046904
  0
VERTEX
  8
0
 10
18.951499
 20
322.738202
 42
0.004206
  0
VERTEX
  8
0
 10
19.000000
 20
328.503485
 42
0.000000
  0
VERTEX
  8
0
 10
19.000000
 20
338.006970
 42
0.000000
  0
VERTEX
  8
0
 10
91.466963
 20
337.973728
 42
-0.000461
  0
VERTEX
  8
0
 10
135.835127
 20
337.912464
 42
-0.005390
  0
VERTEX
  8
0
 10
153.150251
 20
337.685924
 42
-0.006345
  0
VERTEX
  8
0
 10
163.125392
 20
337.321144
 42
-0.253704
  0
VERTEX
  8
0
 10
164.936554
 20
336.220243
 42
0.008119
  0
VERTEX
  8
0
 10
165.518998
 20
335.257215
 42
0.219924
  0
VERTEX
  8
0
 10
165.762278
 20
335.098639
 42
0.431142
  0
VERTEX
  8
0
 10
165.924629
 20
335.227109
 42
0.016972
  0
VERTEX
  8
0
 10
165.969591
 20
336.069708
 42
-0.357434
  0
VERTEX
  8
0
 10
166.738413
 20
336.971570
 42
-0.026591
  0
VERTEX
  8
0
 10
170.183915
 20
337.404963
 42
-0.014297
  0
VERTEX
  8
0
 10
176.460413
 20
337.677324
 42
-0.001668
  0
VERTEX
  8
0
 10
190.500000
 20
337.837924
 42
-0.002119
  0
VERTEX
  8
0
 10
203.002783
 20
337.886236
 42
-0.010770
  0
VERTEX
  8
0
 10
209.963743
 20
337.733671
 42
-0.010206
  0
VERTEX
  8
0
 10
214.424436
 20
337.448400
 42
-0.366856
  0
VERTEX
  8
0
 10
215.101766
 20
336.768215
 42
-0.017467
  0
VERTEX
  8
0
 10
215.404209
 20
330.072946
 42
-0.001356
  0
VERTEX
  8
0
 10
215.538759
 20
312.133591
 42
-0.000431
  0
VERTEX
  8
0
 10
215.614905
 20
292.739078
 42
-0.070439
  0
VERTEX
  8
0
 10
215.322697
 20
290.628594
 42
-0.099860
  0
VERTEX
  8
0
 10
214.836682
 20
289.688830
 42
-0.162001
  0
VERTEX
  8
0
 10
214.088325
 20
289.205730
 42
-0.083177
  0
VERTEX
  8
0
 10
212.819798
 20
289.096298
 42
-0.014076
  0
VERTEX
  8
0
 10
210.394080
 20
289.359464
 42
0.010517
  0
VERTEX
  8
0
 10
207.741780
 20
289.666324
 42
0.112708
  0
VERTEX
  8
0
 10
206.674755
 20
289.526479
 42
0.242821
  0
VERTEX
  8
0
 10
206.161766
 20
288.964199
 42
0.065658
  0
VERTEX
  8
0
 10
205.997962
 20
287.730870
 42
0.159339
  0
VERTEX
  8
0
 10
206.405689
 20
286.480055
 42
0.194134
  0
VERTEX
  8
0
 10
207.443926
 20
285.834661
 42
0.047454
  0
VERTEX
  8
0
 10
209.818896
 20
285.649433
 42
0.002846
  0
VERTEX
  8
0
 10
216.997962
 20
285.812384
 42
0.005850
  0
VERTEX
  8
0
 10
223.619696
 20
286.077959
 42
0.046787
  0
VERTEX
  8
0
 10
226.639348
 20
286.519797
 42
0.237543
  0
VERTEX
  8
0
 10
227.541066
 20
287.287410
 42
0.305101
  0
VERTEX
  8
0
 10
227.337280
 20
288.329387
 42
-0.187888
  0
VERTEX
  8
0
 10
227.075816
 20
288.924518
 42
-0.002851
  0
VERTEX
  8
0
 10
226.934431
 20
292.764217
 42
-0.007225
  0
VERTEX
  8
0
 10
226.859343
 20
297.272371
 42
-0.004660
  0
VERTEX
  8
0
 10
226.896507
 20
302.496054
 42
0.005616
  0
VERTEX
  8
0
 10
226.923444
 20
307.673826
 42
0.009361
  0
VERTEX
  8
0
 10
226.815547
 20
312.032344
 42
0.003481
  0
VERTEX
  8
0
 10
226.630689
 20
315.694625
 42
0.398563
  0
VERTEX
  8
0
 10
226.309227
 20
315.997033
 42
0.389146
  0
VERTEX
  8
0
 10
225.983451
 20
315.696030
 42
0.004195
  0
VERTEX
  8
0
 10
225.737965
 20
312.397372
 42
0.010297
  0
VERTEX
  8
0
 10
225.558716
 20
308.443179
 42
0.006195
  0
VERTEX
  8
0
 10
225.500865
 20
303.747033
 42
-0.003172
  0
VERTEX
  8
0
 10
225.436098
 20
293.422929
 42
-0.053618
  0
VERTEX
  8
0
 10
225.029623
 20
290.044824
 42
-0.205998
  0
VERTEX
  8
0
 10
223.943707
 20
288.565420
 42
-0.133608
  0
VERTEX
  8
0
 10
221.865522
 20
288.000000
 42
0.000000
  0
VERTEX
  8
0
 10
218.964307
 20
288.000000
 42
0.000000
  0
VERTEX
  8
0
 10
219.030662
 20
317.500000
 42
0.000000
  0
VERTEX
  8
0
 10
219.097017
 20
347.000000
 42
0.000000
  0
VERTEX
  8
0
 10
233.094585
 20
347.000000
 42
0.000000
  0
VERTEX
  8
0
 10
247.092154
 20
347.000000
 42
0.000000
  0
VERTEX
  8
0
 10
247.070878
 20
342.750000
 42
0.004994
  0
VERTEX
  8
0
 10
247.084709
 20
339.973550
 42
0.000383
  0
VERTEX
  8
0
 10
247.202313
 20
332.499708
 42
0.000525
  0
VERTEX
  8
0
 10
247.358788
 20
323.584635
 42
0.000400
  0
VERTEX
  8
0
 10
247.548192
 20
313.823473
 42
-0.002778
  0
VERTEX
  8
0
 10
247.707378
 20
302.955574
 42
-0.007456
  0
VERTEX
  8
0
 10
247.662347
 20
295.220190
 42
-0.003529
  0
VERTEX
  8
0
 10
247.498696
 20
289.333095
 42
-0.250653
  0
VERTEX
  8
0
 10
247.023391
 20
288.514456
 42
-0.491841
  0
VERTEX
  8
0
 10
246.575437
 20
288.683387
 42
-0.039779
  0
VERTEX
  8
0
 10
246.262126
 20
290.108165
 42
-0.025678
  0
VERTEX
  8
0
 10
246.059441
 20
292.470335
 42
-0.008563
  0
VERTEX
  8
0
 10
246.000000
 20
295.940983
 42
0.009239
  0
VERTEX
  8
0
 10
245.942901
 20
299.030940
 42
0.015304
  0
VERTEX
  8
0
 10
245.766864
 20
301.632664
 42
0.009039
  0
VERTEX
  8
0
 10
245.522720
 20
303.723502
 42
0.375397
  0
VERTEX
  8
0
 10
245.206345
 20
304.000000
 42
0.401338
  0
VERTEX
  8
0
 10
244.587839
 20
303.408222
 42
0.003660
  0
VERTEX
  8
0
 10
244.331055
 20
296.441266
 42
0.007912
  0
VERTEX
  8
0
 10
244.240633
 20
289.840878
 42
0.091323
  0
VERTEX
  8
0
 10
244.713334
 20
287.304656
 42
0.153487
  0
VERTEX
  8
0
 10
245.110858
 20
286.803927
 42
0.057106
  0
VERTEX
  8
0
 10
245.916736
 20
286.383243
 42
0.049763
  0
VERTEX
  8
0
 10
246.963042
 20
286.096396
 42
0.042058
  0
VERTEX
  8
0
 10
248.106989
 20
286.000000
 42
0.088918
  0
VERTEX
  8
0
 10
250.000469
 20
286.339412
 42
0.255538
  0
VERTEX
  8
0
 10
250.847412
 20
287.313502
 42
0.055262
  0
VERTEX
  8
0
 10
251.090229
 20
289.619510
 42
0.001679
  0
VERTEX
  8
0
 10
251.004930
 20
299.250000
 42
0.000000
  0
VERTEX
  8
0
 10
250.885833
 20
309.000000
 42
0.000000
  0
VERTEX
  8
0
 10
258.442917
 20
309.000000
 42
0.009310
  0
VERTEX
  8
0
 10
261.340574
 20
309.053961
 42
0.015414
  0
VERTEX
  8
0
 10
263.780769
 20
309.220312
 42
0.009163
  0
VERTEX
  8
0
 10
265.740547
 20
309.451089
 42
0.374193
  0
VERTEX
  8
0
 10
266.002253
 20
309.750000
 42
0.385330
  0
VERTEX
  8
0
 10
265.745009
 20
310.035956
 42
0.010745
  0
VERTEX
  8
0
 10
263.946932
 20
310.182145
 42
0.016728
  0
VERTEX
  8
0
 10
261.686962
 20
310.241329
 42
0.010029
  0
VERTEX
  8
0
 10
259.002253
 20
310.167941
 42
0.000000
  0
VERTEX
  8
0
 10
252.000000
 20
309.835882
 42
0.000000
  0
VERTEX
  8
0
 10
252.000000
 20
327.917941
 42
0.000000
  0
VERTEX
  8
0
 10
252.000000
 20
346.000000
 42
0.000000
  0
VERTEX
  8
0
 10
315.371817
 20
346.000000
 42
0.000000
  0
VERTEX
  8
0
 10
378.743634
 20
346.000000
 42
0.000000
  0
VERTEX
  8
0
 10
379.452452
 20
332.242565
 42
-0.003025
  0
VERTEX
  8
0
 10
379.711861
 20
326.535969
 42
-0.002931
  0
VERTEX
  8
0
 10
379.905310
 20
320.766061
 42
-0.002894
  0
VERTEX
  8
0
 10
380.016369
 20
315.687618
 42
-0.010799
  0
VERTEX
  8
0
 10
379.998735
 20
312.492565
 42
0.003698
  0
VERTEX
  8
0
 10
379.941974
 20
309.614576
 42
0.001665
  0
VERTEX
  8
0
 10
379.908003
 20
305.836878
 42
0.001649
  0
VERTEX
  8
0
 10
379.898569
 20
301.846728
 42
0.002248
  0
VERTEX
  8
0
 10
379.918100
 20
298.250000
 42
0.005212
  0
VERTEX
  8
0
 10
380.018778
 20
293.303767
 42
0.054156
  0
VERTEX
  8
0
 10
380.300267
 20
291.291487
 42
0.171441
  0
VERTEX
  8
0
 10
380.919008
 20
290.360897
 42
0.162519
  0
VERTEX
  8
0
 10
382.000000
 20
290.000000
 42
0.286287
  0
VERTEX
  8
0
 10
383.144900
 20
290.714064
 42
0.089188
  0
VERTEX
  8
0
 10
383.725000
 20
292.750000
 42
0.023375
  0
VERTEX
  8
0
 10
383.960377
 20
297.192962
 42
0.001547
  0
VERTEX
  8
0
 10
384.000000
 20
310.000000
 42
0.000000
  0
VERTEX
  8
0
 10
384.000000
 20
330.000000
 42
0.000000
  0
VERTEX
  8
0
 10
386.622445
 20
330.000000
 42
0.015561
  0
VERTEX
  8
0
 10
388.056100
 20
330.044628
 42
0.193794
  0
VERTEX
  8
0
 10
388.537632
 20
330.274320
 42
0.333054
  0
VERTEX
  8
0
 10
388.578847
 20
330.685618
 42
0.037417
  0
VERTEX
  8
0
 10
388.000000
 20
331.500000
 42
0.048188
  0
VERTEX
  8
0
 10
387.421878
 20
332.073942
 42
0.041499
  0
VERTEX
  8
0
 10
386.716140
 20
332.559375
 42
0.043540
  0
VERTEX
  8
0
 10
385.995234
 20
332.892217
 42
0.086594
  0
VERTEX
  8
0
 10
385.377555
 20
333.000000
 42
-0.270432
  0
VERTEX
  8
0
 10
384.719603
 20
333.383943
 42
-0.080178
  0
VERTEX
  8
0
 10
384.299198
 20
334.520366
 42
-0.039434
  0
VERTEX
  8
0
 10
384.063138
 20
336.555395
 42
-0.009164
  0
VERTEX
  8
0
 10
384.000000
 20
340.000000
 42
0.000000
  0
VERTEX
  8
0
 10
384.000000
 20
347.000000
 42
0.000000
  0
VERTEX
  8
0
 10
395.000000
 20
347.000000
 42
0.000000
  0
VERTEX
  8
0
 10
406.000000
 20
347.000000
 42
0.000000
  0
VERTEX
  8
0
 10
406.000000
 20
340.083333
 42
-0.012192
  0
VERTEX
  8
0
 10
405.927356
 20
337.104748
 42
-0.027733
  0
VERTEX
  8
0
 10
405.693275
 20
334.866825
 42
-0.032650
  0
VERTEX
  8
0
 10
405.335510
 20
333.303297
 42
-0.244405
  0
VERTEX
  8
0
 10
404.822949
 20
332.774316
 42
0.265066
  0
VERTEX
  8
0
 10
404.221288
 20
332.103132
 42
0.226509
  0
VERTEX
  8
0
 10
404.443300
 20
331.167104
 42
0.121919
  0
VERTEX
  8
0
 10
405.576530
 20
330.306023
 42
0.102136
  0
VERTEX
  8
0
 10
407.059017
 20
330.000000
 42
0.175635
  0
VERTEX
  8
0
 10
408.099785
 20
330.377228
 42
0.164163
  0
VERTEX
  8
0
 10
408.692912
 20
331.344806
 42
0.051153
  0
VERTEX
  8
0
 10
408.949119
 20
333.429509
 42
0.005017
  0
VERTEX
  8
0
 10
409.000000
 20
338.500000
 42
0.000000
  0
VERTEX
  8
0
 10
409.000000
 20
347.000000
 42
0.000000
  0
VERTEX
  8
0
 10
421.500000
 20
347.000000
 42
0.000000
  0
VERTEX
  8
0
 10
434.000000
 20
347.000000
 42
0.000000
  0
VERTEX
  8
0
 10
434.000000
 20
343.500000
 42
0.024263
  0
VERTEX
  8
0
 10
434.065126
 20
342.158714
 42
0.038637
  0
VERTEX
  8
0
 10
434.264171
 20
341.028125
 42
0.045507
  0
VERTEX
  8
0
 10
434.551437
 20
340.222334
 42
0.292268
  0
VERTEX
  8
0
 10
434.899306
 20
340.000000
 42
-0.370737
  0
VERTEX
  8
0
 10
435.672608
 20
339.335249
 42
-0.015318
  0
VERTEX
  8
0
 10
436.144717
 20
335.421566
 42
-0.016203
  0
VERTEX
  8
0
 10
436.370068
 20
331.473219
 42
-0.266512
  0
VERTEX
  8
0
 10
435.764107
 20
330.354210
 42
-0.159586
  0
VERTEX
  8
0
 10
435.468542
 20
330.282797
 42
-0.178715
  0
VERTEX
  8
0
 10
435.203810
 20
330.405211
 42
-0.122339
  0
VERTEX
  8
0
 10
435.012422
 20
330.724129
 42
-0.060924
  0
VERTEX
  8
0
 10
434.929715
 20
331.190983
 42
0.141044
  0
VERTEX
  8
0
 10
434.823714
 20
331.496579
 42
0.421563
  0
VERTEX
  8
0
 10
434.627618
 20
331.527976
 42
0.108547
  0
VERTEX
  8
0
 10
434.337363
 20
331.193951
 42
0.023328
  0
VERTEX
  8
0
 10
434.000000
 20
330.500000
 42
0.012316
  0
VERTEX
  8
0
 10
433.202128
 20
328.509482
 42
0.177011
  0
VERTEX
  8
0
 10
433.197474
 20
327.759446
 42
0.345861
  0
VERTEX
  8
0
 10
433.664196
 20
327.466416
 42
0.037632
  0
VERTEX
  8
0
 10
435.000000
 20
327.710251
 42
0.108958
  0
VERTEX
  8
0
 10
436.252485
 20
328.350947
 42
0.156875
  0
VERTEX
  8
0
 10
436.919124
 20
329.391713
 42
0.063817
  0
VERTEX
  8
0
 10
437.173630
 20
331.323185
 42
0.007199
  0
VERTEX
  8
0
 10
437.125616
 20
335.750000
 42
-0.018620
  0
VERTEX
  8
0
 10
437.145154
 20
337.379155
 42
-0.030431
  0
VERTEX
  8
0
 10
437.296828
 20
338.751562
 42
-0.031421
  0
VERTEX
  8
0
 10
437.537365
 20
339.761852
 42
-0.329792
  0
VERTEX
  8
0
 10
437.859154
 20
340.000000
 42
0.411992
  0
VERTEX
  8
0
 10
438.371249
 20
340.508222
 42
0.011647
  0
VERTEX
  8
0
 10
438.317776
 20
343.913623
 42
0.020500
  0
VERTEX
  8
0
 10
438.040277
 20
347.375460
 42
0.053659
  0
VERTEX
  8
0
 10
437.476744
 20
349.801938
 42
-0.053173
  0
VERTEX
  8
0
 10
437.369589
 20
350.261308
 42
-0.197901
  0
VERTEX
  8
0
 10
437.446608
 20
350.541963
 42
-0.282413
  0
VERTEX
  8
0
 10
437.669128
 20
350.626158
 42
-0.091455
  0
VERTEX
  8
0
 10
438.011454
 20
350.492921
 42
0.141400
  0
VERTEX
  8
0
 10
438.386678
 20
350.388008
 42
0.191334
  0
VERTEX
  8
0
 10
438.709615
 20
350.519395
 42
0.137318
  0
VERTEX
  8
0
 10
438.927672
 20
350.888701
 42
0.065202
  0
VERTEX
  8
0
 10
439.000000
 20
351.440983
 42
0.098346
  0
VERTEX
  8
0
 10
438.810218
 20
352.396518
 42
0.200400
  0
VERTEX
  8
0
 10
438.277517
 20
352.926787
 42
0.199009
  0
VERTEX
  8
0
 10
437.522743
 20
352.922761
 42
0.097098
  0
VERTEX
  8
0
 10
436.709347
 20
352.376013
 42
-0.194343
  0
VERTEX
  8
0
 10
436.105405
 20
352.119604
 42
-0.000259
  0
VERTEX
  8
0
 10
423.149052
 20
351.898306
 42
-0.002130
  0
VERTEX
  8
0
 10
408.591358
 20
351.719245
 42
-0.001304
  0
VERTEX
  8
0
 10
391.422878
 20
351.626013
 42
0.000000
  0
VERTEX
  8
0
 10
346.760396
 20
351.500000
 42
0.000000
  0
VERTEX
  8
0
 10
345.908251
 20
353.741316
 42
-0.035610
  0
VERTEX
  8
0
 10
345.620345
 20
354.698657
 42
-0.032089
  0
VERTEX
  8
0
 10
345.458715
 20
355.721112
 42
-0.033560
  0
VERTEX
  8
0
 10
345.434788
 20
356.658060
 42
-0.081390
  0
VERTEX
  8
0
 10
345.574546
 20
357.333668
 42
0.497272
  0
VERTEX
  8
0
 10
345.102460
 20
358.092515
 42
0.011780
  0
VERTEX
  8
0
 10
340.282876
 20
358.419757
 42
0.009929
  0
VERTEX
  8
0
 10
332.218708
 20
358.616398
 42
0.001492
  0
VERTEX
  8
0
 10
316.032965
 20
358.641328
 42
0.000000
  0
VERTEX
  8
0
 10
285.972944
 20
358.597952
 42
0.000000
  0
SEQEND
  0
POLYLINE
  8
0
 66
1
 70
1
  0
VERTEX
  8
0
 10
297.078947
 20
356.750000
 42
0.022540
  0
VERTEX
  8
0
 10
297.138474
 20
356.201723
 42
0.422144
  0
VERTEX
  8
0
 10
297.266157
 20
356.110823
 42
0.244218
  0
VERTEX
  8
0
 10
297.432320
 20
356.239590
 42
0.013489
  0
VERTEX
  8
0
 10
297.699998
 20
356.863153
 42
-0.029355
  0
VERTEX
  8
0
 10
298.027095
 20
357.563025
 42
-0.275386
  0
VERTEX
  8
0
 10
298.301070
 20
357.726305
 42
-0.233412
  0
VERTEX
  8
0
 10
298.609949
 20
357.573805
 42
-0.022213
  0
VERTEX
  8
0
 10
299.105738
 20
356.863153
 42
0.013674
  0
VERTEX
  8
0
 10
299.559121
 20
356.189042
 42
0.220391
  0
VERTEX
  8
0
 10
299.791279
 20
356.056878
 42
0.402903
  0
VERTEX
  8
0
 10
299.943745
 20
356.180760
 42
0.027652
  0
VERTEX
  8
0
 10
299.984687
 20
356.789427
 42
-0.048964
  0
VERTEX
  8
0
 10
300.052433
 20
357.404357
 42
-0.354643
  0
VERTEX
  8
0
 10
300.267508
 20
357.578853
 42
-0.172737
  0
VERTEX
  8
0
 10
300.637990
 20
357.446924
 42
-0.015471
  0
VERTEX
  8
0
 10
301.395040
 20
356.789427
 42
-0.042718
  0
VERTEX
  8
0
 10
301.895434
 20
356.240673
 42
-0.055473
  0
VERTEX
  8
0
 10
302.246907
 20
355.658457
 42
-0.067068
  0
VERTEX
  8
0
 10
302.409224
 20
355.130658
 42
-0.179080
  0
VERTEX
  8
0
 10
302.336023
 20
354.750000
 42
0.458581
  0
VERTEX
  8
0
 10
302.537221
 20
354.133688
 42
0.150326
  0
VERTEX
  8
0
 10
303.624748
 20
354.027978
 42
0.068632
  0
VERTEX
  8
0
 10
305.310305
 20
354.621508
 42
0.116474
  0
VERTEX
  8
0
 10
306.441163
 20
355.588649
 42
-0.210584
  0
VERTEX
  8
0
 10
309.040402
 20
357.091824
 42
-0.025157
  0
VERTEX
  8
0
 10
315.829086
 20
357.492235
 42
-0.024960
  0
VERTEX
  8
0
 10
322.621324
 20
357.211557
 42
-0.217141
  0
VERTEX
  8
0
 10
325.180786
 20
355.750000
 42
0.117033
  0
VERTEX
  8
0
 10
326.391375
 20
354.702093
 42
0.065348
  0
VERTEX
  8
0
 10
328.232020
 20
354.030260
 42
0.142037
  0
VERTEX
  8
0
 10
329.435575
 20
354.105852
 42
0.473922
  0
VERTEX
  8
0
 10
329.663977
 20
354.750000
 42
-0.265039
  0
VERTEX
  8
0
 10
329.644500
 20
355.492605
 42
-0.078631
  0
VERTEX
  8
0
 10
330.357155
 20
356.432239
 42
-0.065693
  0
VERTEX
  8
0
 10
331.507622
 20
357.277741
 42
-0.074887
  0
VERTEX
  8
0
 10
332.789080
 20
357.750000
 42
-0.103200
  0
VERTEX
  8
0
 10
333.252051
 20
357.749038
 42
-0.119660
  0
VERTEX
  8
0
 10
333.648790
 20
357.559375
 42
-0.118792
  0
VERTEX
  8
0
 10
333.916361
 20
357.207546
 42
-0.100706
  0
VERTEX
  8
0
 10
334.015313
 20
356.750000
 42
0.043057
  0
VERTEX
  8
0
 10
334.066490
 20
356.231115
 42
0.407622
  0
VERTEX
  8
0
 10
334.232433
 20
356.114564
 42
0.195917
  0
VERTEX
  8
0
 10
334.486255
 20
356.269746
 42
0.017665
  0
VERTEX
  8
0
 10
334.915109
 20
356.896883
 42
-0.069650
  0
VERTEX
  8
0
 10
335.427133
 20
357.500432
 42
-0.269576
  0
VERTEX
  8
0
 10
335.889570
 20
357.594919
 42
-0.151479
  0
VERTEX
  8
0
 10
336.399930
 20
357.226113
 42
-0.021533
  0
VERTEX
  8
0
 10
337.140343
 20
356.146883
 42
0.038712
  0
VERTEX
  8
0
 10
337.746406
 20
355.325412
 42
0.041921
  0
VERTEX
  8
0
 10
338.457212
 20
354.630647
 42
0.045964
  0
VERTEX
  8
0
 10
339.163141
 20
354.149425
 42
0.127297
  0
VERTEX
  8
0
 10
339.740547
 20
354.000000
 42
-0.077892
  0
VERTEX
  8
0
 10
340.221677
 20
353.924590
 42
-0.090277
  0
VERTEX
  8
0
 10
340.630036
 20
353.706250
 42
-0.100780
  0
VERTEX
  8
0
 10
340.903033
 20
353.381376
 42
-0.125138
  0
VERTEX
  8
0
 10
341.000000
 20
353.000000
 42
-0.399430
  0
VERTEX
  8
0
 10
340.557976
 20
352.534961
 42
-0.002689
  0
VERTEX
  8
0
 10
334.500000
 20
352.260000
 42
-0.007172
  0
VERTEX
  8
0
 10
326.719853
 20
352.060516
 42
-0.002823
  0
VERTEX
  8
0
 10
316.000000
 20
352.000000
 42
-0.002823
  0
VERTEX
  8
0
 10
305.280147
 20
352.060516
 42
-0.007172
  0
VERTEX
  8
0
 10
297.500000
 20
352.260000
 42
-0.002689
  0
VERTEX
  8
0
 10
291.442024
 20
352.534961
 42
-0.399430
  0
VERTEX
  8
0
 10
291.000000
 20
353.000000
 42
-0.163305
  0
VERTEX
  8
0
 10
291.128000
 20
353.381453
 42
-0.096011
  0
VERTEX
  8
0
 10
291.489583
 20
353.706250
 42
-0.077243
  0
VERTEX
  8
0
 10
292.029224
 20
353.925704
 42
-0.058080
  0
VERTEX
  8
0
 10
292.666667
 20
354.000000
 42
0.037878
  0
VERTEX
  8
0
 10
293.262653
 20
354.045215
 42
0.107049
  0
VERTEX
  8
0
 10
293.650465
 20
354.193285
 42
0.244364
  0
VERTEX
  8
0
 10
293.772948
 20
354.410492
 42
0.207794
  0
VERTEX
  8
0
 10
293.675343
 20
354.657991
 42
-0.288281
  0
VERTEX
  8
0
 10
293.499716
 20
355.428677
 42
-0.073819
  0
VERTEX
  8
0
 10
294.123251
 20
356.612882
 42
-0.068040
  0
VERTEX
  8
0
 10
295.130967
 20
357.656498
 42
-0.168320
  0
VERTEX
  8
0
 10
296.122445
 20
358.000000
 42
-0.137589
  0
VERTEX
  8
0
 10
296.463339
 20
357.904383
 42
-0.092945
  0
VERTEX
  8
0
 10
296.765409
 20
357.632812
 42
-0.080201
  0
VERTEX
  8
0
 10
296.983061
 20
357.227787
 42
-0.067595
  0
SEQEND
  0
POLYLINE
  8
0
 66
1
 70
1
  0
VERTEX
  8
0
 10
340.553851
 20
348.087132
 42
-0.243806
  0
VERTEX
  8
0
 10
339.675695
 20
347.562003
 42
-0.004349
  0
VERTEX
  8
0
 10
334.022569
 20
347.267992
 42
-0.008032
  0
VERTEX
  8
0
 10
326.418061
 20
347.061111
 42
-0.002784
  0
VERTEX
  8
0
 10
315.440983
 20
347.000000
 42
-0.001759
  0
VERTEX
  8
0
 10
301.794437
 20
347.047996
 42
-0.013385
  0
VERTEX
  8
0
 10
295.372357
 20
347.265161
 42
-0.021447
  0
VERTEX
  8
0
 10
291.723730
 20
347.643994
 42
-0.371971
  0
VERTEX
  8
0
 10
291.000000
 20
348.482221
 42
-0.369192
  0
VERTEX
  8
0
 10
291.720430
 20
349.324916
 42
-0.021023
  0
VERTEX
  8
0
 10
295.385310
 20
349.744826
 42
-0.013431
  0
VERTEX
  8
0
 10
301.797106
 20
350.034708
 42
-0.001819
  0
VERTEX
  8
0
 10
315.250000
 20
350.232221
 42
-0.002593
  0
VERTEX
  8
0
 10
324.607909
 20
350.287029
 42
-0.004101
  0
VERTEX
  8
0
 10
332.630030
 20
350.226623
 42
-0.001087
  0
VERTEX
  8
0
 10
339.609257
 20
350.101651
 42
-0.160092
  0
VERTEX
  8
0
 10
340.362868
 20
349.837132
 42
-0.112491
  0
VERTEX
  8
0
 10
340.641021
 20
349.501278
 42
-0.089980
  0
VERTEX
  8
0
 10
340.774902
 20
349.049637
 42
-0.084213
  0
VERTEX
  8
0
 10
340.745370
 20
348.552436
 42
-0.081736
  0
SEQEND
  0
POLYLINE
  8
0
 66
1
 70
1
  0
VERTEX
  8
0
 10
521.500000
 20
354.000000
 42
-0.146718
  0
VERTEX
  8
0
 10
521.054376
 20
353.604509
 42
-0.035826
  0
VERTEX
  8
0
 10
520.126162
 20
353.252065
 42
-0.033657
  0
VERTEX
  8
0
 10
518.957865
 20
352.985930
 42
-0.028069
  0
VERTEX
  8
0
 10
517.690983
 20
352.858095
 42
0.002160
  0
VERTEX
  8
0
 10
515.659184
 20
352.758944
 42
0.662680
  0
VERTEX
  8
0
 10
515.617492
 20
352.643743
 42
0.149222
  0
VERTEX
  8
0
 10
515.893667
 20
352.509891
 42
0.001044
  0
VERTEX
  8
0
 10
518.500000
 20
352.108095
 42
0.020675
  0
VERTEX
  8
0
 10
520.190686
 20
351.922180
 42
0.043697
  0
VERTEX
  8
0
 10
521.508203
 20
351.947425
 42
0.061278
  0
VERTEX
  8
0
 10
522.414261
 20
352.158524
 42
0.243592
  0
VERTEX
  8
0
 10
522.787984
 20
352.566493
 42
-0.281298
  0
VERTEX
  8
0
 10
523.265474
 20
353.019084
 42
-0.015689
  0
VERTEX
  8
0
 10
525.368642
 20
353.399267
 42
-0.019430
  0
VERTEX
  8
0
 10
528.128770
 20
353.700213
 42
-0.010549
  0
VERTEX
  8
0
 10
531.537984
 20
353.866205
 42
0.000000
  0
VERTEX
  8
0
 10
540.000000
 20
354.099425
 42
0.000000
  0
VERTEX
  8
0
 10
540.070285
 20
344.799712
 42
0.006967
  0
VERTEX
  8
0
 10
540.144591
 20
341.342840
 42
0.015711
  0
VERTEX
  8
0
 10
540.319590
 20
338.728745
 42
0.027892
  0
VERTEX
  8
0
 10
540.554667
 20
337.214691
 42
0.740569
  0
VERTEX
  8
0
 10
540.820285
 20
337.191760
 42
0.077592
  0
VERTEX
  8
0
 10
541.069633
 20
338.270460
 42
0.009011
  0
VERTEX
  8
0
 10
541.204528
 20
340.753674
 42
0.010657
  0
VERTEX
  8
0
 10
541.249016
 20
343.732289
 42
0.008519
  0
VERTEX
  8
0
 10
541.173853
 20
346.941760
 42
0.000000
  0
VERTEX
  8
0
 10
540.847706
 20
355.000000
 42
0.000000
  0
VERTEX
  8
0
 10
531.482870
 20
355.000000
 42
0.009931
  0
VERTEX
  8
0
 10
527.842882
 20
354.927695
 42
0.015030
  0
VERTEX
  8
0
 10
524.682547
 20
354.706806
 42
0.009862
  0
VERTEX
  8
0
 10
522.109291
 20
354.397669
 42
0.223078
  0
SEQEND
  0
POLYLINE
  8
0
 66
1
 70
1
  0
VERTEX
  8
0
 10
442.263750
 20
352.282419
 42
0.022548
  0
VERTEX
  8
0
 10
443.485188
 20
352.153707
 42
0.015659
  0
VERTEX
  8
0
 10
444.872547
 20
352.114038
 42
0.015827
  0
VERTEX
  8
0
 10
446.209518
 20
352.160023
 42
0.031163
  0
VERTEX
  8
0
 10
447.263750
 20
352.296069
 42
0.248898
  0
VERTEX
  8
0
 10
447.455688
 20
352.450815
 42
0.490820
  0
VERTEX
  8
0
 10
447.374351
 20
352.596853
 42
0.030832
  0
VERTEX
  8
0
 10
446.297080
 20
352.692368
 42
0.007380
  0
VERTEX
  8
0
 10
444.500000
 20
352.713986
 42
0.006817
  0
VERTEX
  8
0
 10
442.711719
 20
352.684722
 42
0.040183
  0
VERTEX
  8
0
 10
441.780601
 20
352.581582
 42
0.720633
  0
VERTEX
  8
0
 10
441.761725
 20
352.438612
 42
0.075924
  0
SEQEND
  0
POLYLINE
  8
0
 66
1
 70
1
  0
VERTEX
  8
0
 10
450.750000
 20
352.337719
 42
0.057986
  0
VERTEX
  8
0
 10
451.320008
 20
352.181385
 42
0.037979
  0
VERTEX
  8
0
 10
452.000000
 20
352.129660
 42
0.037979
  0
VERTEX
  8
0
 10
452.679992
 20
352.181385
 42
0.057986
  0
VERTEX
  8
0
 10
453.250000
 20
352.337719
 42
0.174857
  0
VERTEX
  8
0
 10
453.459382
 20
352.525001
 42
0.447206
  0
VERTEX
  8
0
 10
453.398438
 20
352.693942
 42
0.078554
  0
VERTEX
  8
0
 10
452.891440
 20
352.810911
 42
0.017491
  0
VERTEX
  8
0
 10
452.000000
 20
352.842105
 42
0.017491
  0
VERTEX
  8
0
 10
451.108560
 20
352.810911
 42
0.078554
  0
VERTEX
  8
0
 10
450.601562
 20
352.693942
 42
0.447206
  0
VERTEX
  8
0
 10
450.540618
 20
352.525001
 42
0.174857
  0
SEQEND
  0
POLYLINE
  8
0
 66
1
 70
1
  0
VERTEX
  8
0
 10
463.812500
 20
352.316886
 42
0.051402
  0
VERTEX
  8
0
 10
464.359369
 20
352.160852
 42
0.054150
  0
VERTEX
  8
0
 10
464.916927
 20
352.123424
 42
0.060344
  0
VERTEX
  8
0
 10
465.402231
 20
352.202593
 42
0.126455
  0
VERTEX
  8
0
 10
465.729167
 20
352.395833
 42
0.296942
  0
VERTEX
  8
0
 10
465.775380
 20
352.614691
 42
0.208169
  0
VERTEX
  8
0
 10
465.592839
 20
352.799335
 42
0.077125
  0
VERTEX
  8
0
 10
465.112848
 20
352.910055
 42
0.028489
  0
VERTEX
  8
0
 10
464.416667
 20
352.921053
 42
0.018894
  0
VERTEX
  8
0
 10
463.670344
 20
352.862007
 42
0.168741
  0
VERTEX
  8
0
 10
463.378580
 20
352.720685
 42
0.470617
  0
VERTEX
  8
0
 10
463.395823
 20
352.538436
 42
0.054073
  0
SEQEND
  0
POLYLINE
  8
0
 66
1
 70
1
  0
VERTEX
  8
0
 10
469.767909
 20
352.275269
 42
0.018638
  0
VERTEX
  8
0
 10
471.218327
 20
352.150328
 42
0.012590
  0
VERTEX
  8
0
 10
472.878422
 20
352.111345
 42
0.012695
  0
VERTEX
  8
0
 10
474.487453
 20
352.154945
 42
0.024559
  0
VERTEX
  8
0
 10
475.767909
 20
352.285474
 42
0.212532
  0
VERTEX
  8
0
 10
476.000181
 20
352.434198
 42
0.556092
  0
VERTEX
  8
0
 10
475.934948
 20
352.575472
 42
0.025342
  0
VERTEX
  8
0
 10
474.655786
 20
352.668409
 42
0.005888
  0
VERTEX
  8
0
 10
472.500000
 20
352.690131
 42
0.005499
  0
VERTEX
  8
0
 10
470.352754
 20
352.662864
 42
0.031761
  0
VERTEX
  8
0
 10
469.222448
 20
352.564056
 42
0.756877
  0
VERTEX
  8
0
 10
469.205163
 20
352.425738
 42
0.069146
  0
SEQEND
  0
POLYLINE
  8
0
 66
1
 70
1
  0
VERTEX
  8
0
 10
479.750000
 20
352.337719
 42
0.057986
  0
VERTEX
  8
0
 10
480.320008
 20
352.181385
 42
0.037979
  0
VERTEX
  8
0
 10
481.000000
 20
352.129660
 42
0.037979
  0
VERTEX
  8
0
 10
481.679992
 20
352.181385
 42
0.057986
  0
VERTEX
  8
0
 10
482.250000
 20
352.337719
 42
0.174857
  0
VERTEX
  8
0
 10
482.459382
 20
352.525001
 42
0.447206
  0
VERTEX
  8
0
 10
482.398438
 20
352.693942
 42
0.078554
  0
VERTEX
  8
0
 10
481.891440
 20
352.810911
 42
0.017491
  0
VERTEX
  8
0
 10
481.000000
 20
352.842105
 42
0.017491
  0
VERTEX
  8
0
 10
480.108560
 20
352.810911
 42
0.078554
  0
VERTEX
  8
0
 10
479.601562
 20
352.693942
 42
0.447206
  0
VERTEX
  8
0
 10
479.540618
 20
352.525001
 42
0.174857
  0
SEQEND
  0
POLYLINE
  8
0
 66
1
 70
1
  0
VERTEX
  8
0
 10
484.750000
 20
352.337719
 42
0.057986
  0
VERTEX
  8
0
 10
485.320008
 20
352.181385
 42
0.037979
  0
VERTEX
  8
0
 10
486.000000
 20
352.129660
 42
0.037979
  0
VERTEX
  8
0
 10
486.679992
 20
352.181385
 42
0.057986
  0
VERTEX
  8
0
 10
487.250000
 20
352.337719
 42
0.174857
  0
VERTEX
  8
0
 10
487.459382
 20
352.525001
 42
0.447206
  0
VERTEX
  8
0
 10
487.398438
 20
352.693942
 42
0.078554
  0
VERTEX
  8
0
 10
486.891440
 20
352.810911
 42
0.017491
  0
VERTEX
  8
0
 10
486.000000
 20
352.842105
 42
0.017491
  0
VERTEX
  8
0
 10
485.108560
 20
352.810911
 42
0.078554
  0
VERTEX
  8
0
 10
484.601562
 20
352.693942
 42
0.447206
  0
VERTEX
  8
0
 10
484.540618
 20
352.525001
 42
0.174857
  0
SEQEND
  0
POLYLINE
  8
0
 66
1
 70
1
  0
VERTEX
  8
0
 10
495.250000
 20
352.264961
 42
0.012378
  0
VERTEX
  8
0
 10
497.412501
 20
352.148215
 42
0.007295
  0
VERTEX
  8
0
 10
500.000000
 20
352.110462
 42
0.007295
  0
VERTEX
  8
0
 10
502.587499
 20
352.148215
 42
0.012378
  0
VERTEX
  8
0
 10
504.750000
 20
352.264961
 42
0.075495
  0
VERTEX
  8
0
 10
505.333540
 20
352.401218
 42
0.793398
  0
VERTEX
  8
0
 10
505.314063
 20
352.529482
 42
0.016391
  0
VERTEX
  8
0
 10
503.405918
 20
352.617144
 42
0.003282
  0
VERTEX
  8
0
 10
500.000000
 20
352.639504
 42
0.003282
  0
VERTEX
  8
0
 10
496.594082
 20
352.617144
 42
0.016391
  0
VERTEX
  8
0
 10
494.685937
 20
352.529482
 42
0.793398
  0
VERTEX
  8
0
 10
494.666460
 20
352.401218
 42
0.075495
  0
SEQEND
  0
POLYLINE
  8
0
 66
1
 70
1
  0
VERTEX
  8
0
 10
510.750000
 20
352.337719
 42
0.057986
  0
VERTEX
  8
0
 10
511.320008
 20
352.181385
 42
0.037979
  0
VERTEX
  8
0
 10
512.000000
 20
352.129660
 42
0.037979
  0
VERTEX
  8
0
 10
512.679992
 20
352.181385
 42
0.057986
  0
VERTEX
  8
0
 10
513.250000
 20
352.337719
 42
0.174857
  0
VERTEX
  8
0
 10
513.459382
 20
352.525001
 42
0.447206
  0
VERTEX
  8
0
 10
513.398438
 20
352.693942
 42
0.078554
  0
VERTEX
  8
0
 10
512.891440
 20
352.810911
 42
0.017491
  0
VERTEX
  8
0
 10
512.000000
 20
352.842105
 42
0.017491
  0
VERTEX
  8
0
 10
511.108560
 20
352.810911
 42
0.078554
  0
VERTEX
  8
0
 10
510.601562
 20
352.693942
 42
0.447206
  0
VERTEX
  8
0
 10
510.540618
 20
352.525001
 42
0.174857
  0
SEQEND
  0
POLYLINE
  8
0
 66
1
 70
1
  0
VERTEX
  8
0
 10
525.356206
 20
348.000000
 42
0.015831
  0
VERTEX
  8
0
 10
525.440149
 20
346.844249
 42
0.024601
  0
VERTEX
  8
0
 10
525.592781
 20
345.856771
 42
0.021580
  0
VERTEX
  8
0
 10
525.782947
 20
345.098425
 42
0.287599
  0
VERTEX
  8
0
 10
525.989404
 20
344.916667
 42
0.016438
  0
VERTEX
  8
0
 10
528.301772
 20
344.616921
 42
0.056656
  0
VERTEX
  8
0
 10
529.811117
 20
344.642817
 42
0.114945
  0
VERTEX
  8
0
 10
530.675723
 20
344.967499
 42
0.250734
  0
VERTEX
  8
0
 10
531.000000
 20
345.573499
 42
0.159575
  0
VERTEX
  8
0
 10
530.849318
 20
346.033613
 42
0.149586
  0
VERTEX
  8
0
 10
530.452043
 20
346.329935
 42
0.101616
  0
VERTEX
  8
0
 10
529.816951
 20
346.420313
 42
0.048688
  0
VERTEX
  8
0
 10
529.000000
 20
346.289749
 42
-0.051871
  0
VERTEX
  8
0
 10
528.005588
 20
346.137293
 42
-0.191268
  0
VERTEX
  8
0
 10
527.415340
 20
346.339132
 42
-0.175197
  0
VERTEX
  8
0
 10
527.092907
 20
346.906925
 42
-0.042422
  0
VERTEX
  8
0
 10
527.000000
 20
348.000000
 42
-0.042422
  0
VERTEX
  8
0
 10
527.092907
 20
349.093075
 42
-0.175197
  0
VERTEX
  8
0
 10
527.415340
 20
349.660868
 42
-0.191268
  0
VERTEX
  8
0
 10
528.005588
 20
349.862707
 42
-0.051871
  0
VERTEX
  8
0
 10
529.000000
 20
349.710251
 42
0.040966
  0
VERTEX
  8
0
 10
529.766322
 20
349.575635
 42
0.070464
  0
VERTEX
  8
0
 10
530.412500
 20
349.607123
 42
0.106581
  0
VERTEX
  8
0
 10
530.842465
 20
349.789795
 42
0.243840
  0
VERTEX
  8
0
 10
531.000000
 20
350.093620
 42
0.263778
  0
VERTEX
  8
0
 10
530.802255
 20
350.442371
 42
0.058717
  0
VERTEX
  8
0
 10
530.153061
 20
350.733751
 42
0.046399
  0
VERTEX
  8
0
 10
529.221416
 20
350.934130
 42
0.029790
  0
VERTEX
  8
0
 10
528.116802
 20
351.000000
 42
0.032082
  0
VERTEX
  8
0
 10
526.498285
 20
350.896043
 42
0.176460
  0
VERTEX
  8
0
 10
525.734067
 20
350.500503
 42
0.168913
  0
VERTEX
  8
0
 10
525.384756
 20
349.695037
 42
0.028851
  0
SEQEND
  0
POLYLINE
  8
0
 66
1
 70
1
  0
VERTEX
  8
0
 10
531.760323
 20
349.750000
 42
0.081135
  0
VERTEX
  8
0
 10
531.616336
 20
348.985771
 42
0.011797
  0
VERTEX
  8
0
 10
531.615201
 20
347.398438
 42
0.013093
  0
VERTEX
  8
0
 10
531.708123
 20
345.505988
 42
0.010882
  0
VERTEX
  8
0
 10
531.903335
 20
343.500000
 42
0.012463
  0
VERTEX
  8
0
 10
532.324641
 20
340.588301
 42
0.096773
  0
VERTEX
  8
0
 10
532.808213
 20
339.309667
 42
0.184370
  0
VERTEX
  8
0
 10
533.605521
 20
338.701487
 42
0.071871
  0
VERTEX
  8
0
 10
535.000000
 20
338.500000
 42
0.079311
  0
VERTEX
  8
0
 10
536.430201
 20
338.728296
 42
0.211400
  0
VERTEX
  8
0
 10
537.181190
 20
339.404772
 42
0.086087
  0
VERTEX
  8
0
 10
537.555252
 20
340.875027
 42
0.007446
  0
VERTEX
  8
0
 10
537.797717
 20
344.750000
 42
0.000000
  0
VERTEX
  8
0
 10
538.095435
 20
351.000000
 42
0.000000
  0
VERTEX
  8
0
 10
535.154706
 20
351.000000
 42
0.039722
  0
VERTEX
  8
0
 10
533.995884
 20
350.907793
 42
0.048548
  0
VERTEX
  8
0
 10
532.944556
 20
350.632812
 42
0.056060
  0
VERTEX
  8
0
 10
532.141476
 20
350.230068
 42
0.162869
  0
SEQEND
  0
POLYLINE
  8
0
 66
1
 70
1
  0
VERTEX
  8
0
 10
537.000000
 20
348.000000
 42
-0.072254
  0
VERTEX
  8
0
 10
536.873159
 20
347.126841
 42
-0.124864
  0
VERTEX
  8
0
 10
536.500000
 20
346.500000
 42
-0.124864
  0
VERTEX
  8
0
 10
535.873159
 20
346.126841
 42
-0.072254
  0
VERTEX
  8
0
 10
535.000000
 20
346.000000
 42
-0.072254
  0
VERTEX
  8
0
 10
534.126841
 20
346.126841
 42
-0.124864
  0
VERTEX
  8
0
 10
533.500000
 20
346.500000
 42
-0.124864
  0
VERTEX
  8
0
 10
533.126841
 20
347.126841
 42
-0.072254
  0
VERTEX
  8
0
 10
533.000000
 20
348.000000
 42
-0.072254
  0
VERTEX
  8
0
 10
533.126841
 20
348.873159
 42
-0.124864
  0
VERTEX
  8
0
 10
533.500000
 20
349.500000
 42
-0.124864
  0
VERTEX
  8
0
 10
534.126841
 20
349.873159
 42
-0.072254
  0
VERTEX
  8
0
 10
535.000000
 20
350.000000
 42
-0.072254
  0
VERTEX
  8
0
 10
535.873159
 20
349.873159
 42
-0.124864
  0
VERTEX
  8
0
 10
536.500000
 20
349.500000
 42
-0.124864
  0
VERTEX
  8
0
 10
536.873159
 20
348.873159
 42
-0.072254
  0
SEQEND
  0
POLYLINE
  8
0
 66
1
 70
1
  0
VERTEX
  8
0
 10
537.000000
 20
341.785714
 42
-0.091793
  0
VERTEX
  8
0
 10
536.862228
 20
341.041588
 42
-0.119513
  0
VERTEX
  8
0
 10
536.470000
 20
340.473214
 42
-0.111105
  0
VERTEX
  8
0
 10
535.835660
 20
340.120427
 42
-0.071685
  0
VERTEX
  8
0
 10
535.000000
 20
340.000000
 42
-0.071685
  0
VERTEX
  8
0
 10
534.164340
 20
340.120427
 42
-0.111105
  0
VERTEX
  8
0
 10
533.530000
 20
340.473214
 42
-0.119513
  0
VERTEX
  8
0
 10
533.137772
 20
341.041588
 42
-0.091793
  0
VERTEX
  8
0
 10
533.000000
 20
341.785714
 42
-0.091793
  0
VERTEX
  8
0
 10
533.137772
 20
342.529841
 42
-0.119513
  0
VERTEX
  8
0
 10
533.530000
 20
343.098214
 42
-0.111105
  0
VERTEX
  8
0
 10
534.164340
 20
343.451002
 42
-0.071685
  0
VERTEX
  8
0
 10
535.000000
 20
343.571429
 42
-0.071685
  0
VERTEX
  8
0
 10
535.835660
 20
343.451002
 42
-0.111105
  0
VERTEX
  8
0
 10
536.470000
 20
343.098214
 42
-0.119513
  0
VERTEX
  8
0
 10
536.862228
 20
342.529841
 42
-0.091793
  0
SEQEND
  0
POLYLINE
  8
0
 66
1
 70
1
  0
VERTEX
  8
0
 10
522.000000
 20
346.500000
 42
0.021529
  0
VERTEX
  8
0
 10
522.057786
 20
345.158554
 42
0.034612
  0
VERTEX
  8
0
 10
522.234765
 20
344.028125
 42
0.038489
  0
VERTEX
  8
0
 10
522.488963
 20
343.210524
 42
0.307262
  0
VERTEX
  8
0
 10
522.799199
 20
343.000000
 42
0.335283
  0
VERTEX
  8
0
 10
523.083903
 20
343.215092
 42
0.041434
  0
VERTEX
  8
0
 10
523.243606
 20
344.028125
 42
0.035585
  0
VERTEX
  8
0
 10
523.288833
 20
345.158231
 42
0.021273
  0
VERTEX
  8
0
 10
523.189793
 20
346.500000
 42
0.010324
  0
VERTEX
  8
0
 10
523.004996
 20
347.841768
 42
0.016747
  0
VERTEX
  8
0
 10
522.786479
 20
348.971875
 42
0.010728
  0
VERTEX
  8
0
 10
522.561027
 20
349.869979
 42
0.337893
  0
VERTEX
  8
0
 10
522.390594
 20
350.000000
 42
0.368991
  0
VERTEX
  8
0
 10
522.235453
 20
349.867463
 42
0.011422
  0
VERTEX
  8
0
 10
522.114737
 20
348.971875
 42
0.017314
  0
VERTEX
  8
0
 10
522.028111
 20
347.841922
 42
0.010473
  0
SEQEND
  0
POLYLINE
  8
0
 66
1
 70
1
  0
VERTEX
  8
0
 10
313.015313
 20
344.309017
 42
0.074131
  0
VERTEX
  8
0
 10
313.083483
 20
343.807626
 42
0.053889
  0
VERTEX
  8
0
 10
313.298248
 20
343.286338
 42
0.054031
  0
VERTEX
  8
0
 10
313.618541
 20
342.824567
 42
0.075854
  0
VERTEX
  8
0
 10
314.000000
 20
342.500000
 42
-0.159713
  0
VERTEX
  8
0
 10
314.386693
 20
342.041340
 42
-0.035556
  0
VERTEX
  8
0
 10
314.706250
 20
341.052725
 42
-0.033489
  0
VERTEX
  8
0
 10
314.926586
 20
339.803639
 42
-0.026918
  0
VERTEX
  8
0
 10
315.000000
 20
338.440983
 42
0.025017
  0
VERTEX
  8
0
 10
315.148098
 20
335.482857
 42
0.499126
  0
VERTEX
  8
0
 10
315.814371
 20
335.079065
 42
0.277603
  0
VERTEX
  8
0
 10
316.501038
 20
335.985745
 42
0.022039
  0
VERTEX
  8
0
 10
316.697385
 20
339.120996
 42
-0.029232
  0
VERTEX
  8
0
 10
316.825565
 20
340.784134
 42
-0.036453
  0
VERTEX
  8
0
 10
317.145826
 20
342.299785
 42
-0.040174
  0
VERTEX
  8
0
 10
317.598179
 20
343.496418
 42
-0.142030
  0
VERTEX
  8
0
 10
318.136759
 20
344.105683
 42
0.030164
  0
VERTEX
  8
0
 10
318.599432
 20
344.439522
 42
0.122441
  0
VERTEX
  8
0
 10
318.805798
 20
344.715665
 42
0.357686
  0
VERTEX
  8
0
 10
318.753486
 20
344.891672
 42
0.149827
  0
VERTEX
  8
0
 10
318.500000
 20
344.969374
 42
0.065441
  0
VERTEX
  8
0
 10
318.014230
 20
344.905522
 42
0.024730
  0
VERTEX
  8
0
 10
317.360878
 20
344.695629
 42
0.023990
  0
VERTEX
  8
0
 10
316.663990
 20
344.394176
 42
0.026922
  0
VERTEX
  8
0
 10
316.026393
 20
344.037474
 42
-0.058625
  0
VERTEX
  8
0
 10
315.338337
 20
343.707831
 42
-0.112430
  0
VERTEX
  8
0
 10
314.732828
 20
343.643560
 42
-0.129779
  0
VERTEX
  8
0
 10
314.217159
 20
343.847308
 42
-0.092797
  0
VERTEX
  8
0
 10
313.791706
 20
344.302786
 42
0.014866
  0
VERTEX
  8
0
 10
313.394573
 20
344.888294
 42
0.238643
  0
VERTEX
  8
0
 10
313.188410
 20
344.994721
 42
0.382986
  0
VERTEX
  8
0
 10
313.051708
 20
344.873979
 42
0.025743
  0
SEQEND
  0
POLYLINE
  8
0
 66
1
 70
1
  0
VERTEX
  8
0
 10
394.631675
 20
342.521432
 42
0.004119
  0
VERTEX
  8
0
 10
393.393495
 20
341.567557
 42
0.247837
  0
VERTEX
  8
0
 10
393.282265
 20
341.318654
 42
0.408673
  0
VERTEX
  8
0
 10
393.442101
 20
341.175831
 42
0.007128
  0
VERTEX
  8
0
 10
394.715008
 20
341.253485
 42
0.063802
  0
VERTEX
  8
0
 10
395.461139
 20
341.406767
 42
0.077118
  0
VERTEX
  8
0
 10
396.093367
 20
341.739116
 42
0.090739
  0
VERTEX
  8
0
 10
396.517792
 20
342.192969
 42
0.143708
  0
VERTEX
  8
0
 10
396.666667
 20
342.700250
 42
0.006017
  0
VERTEX
  8
0
 10
396.660695
 20
343.196465
 42
0.010391
  0
VERTEX
  8
0
 10
396.642187
 20
343.608856
 42
0.004593
  0
VERTEX
  8
0
 10
396.616831
 20
343.947143
 42
0.498996
  0
VERTEX
  8
0
 10
396.583333
 20
343.968197
 42
0.068083
  0
VERTEX
  8
0
 10
396.522793
 20
343.935081
 42
0.000354
  0
VERTEX
  8
0
 10
395.975659
 20
343.530091
 42
0.001573
  0
VERTEX
  8
0
 10
395.353862
 20
343.066115
 42
0.000996
  0
SEQEND
  0
POLYLINE
  8
0
 66
1
 70
1
  0
VERTEX
  8
0
 10
404.078947
 20
342.416667
 42
0.018894
  0
VERTEX
  8
0
 10
404.137993
 20
341.670344
 42
0.168741
  0
VERTEX
  8
0
 10
404.279315
 20
341.378580
 42
0.470617
  0
VERTEX
  8
0
 10
404.461564
 20
341.395823
 42
0.054073
  0
VERTEX
  8
0
 10
404.683114
 20
341.812500
 42
0.051402
  0
VERTEX
  8
0
 10
404.839148
 20
342.359369
 42
0.054150
  0
VERTEX
  8
0
 10
404.876576
 20
342.916927
 42
0.060344
  0
VERTEX
  8
0
 10
404.797407
 20
343.402231
 42
0.126455
  0
VERTEX
  8
0
 10
404.604167
 20
343.729167
 42
0.296942
  0
VERTEX
  8
0
 10
404.385309
 20
343.775380
 42
0.208169
  0
VERTEX
  8
0
 10
404.200665
 20
343.592839
 42
0.077125
  0
VERTEX
  8
0
 10
404.089945
 20
343.112848
 42
0.028489
  0
SEQEND
  0
POLYLINE
  8
0
 66
1
 70
1
  0
VERTEX
  8
0
 10
307.812500
 20
342.316886
 42
0.051402
  0
VERTEX
  8
0
 10
308.359369
 20
342.160852
 42
0.054150
  0
VERTEX
  8
0
 10
308.916927
 20
342.123424
 42
0.060344
  0
VERTEX
  8
0
 10
309.402231
 20
342.202593
 42
0.126455
  0
VERTEX
  8
0
 10
309.729167
 20
342.395833
 42
0.296942
  0
VERTEX
  8
0
 10
309.775380
 20
342.614691
 42
0.208169
  0
VERTEX
  8
0
 10
309.592839
 20
342.799335
 42
0.077125
  0
VERTEX
  8
0
 10
309.112848
 20
342.910055
 42
0.028489
  0
VERTEX
  8
0
 10
308.416667
 20
342.921053
 42
0.018894
  0
VERTEX
  8
0
 10
307.670344
 20
342.862007
 42
0.168741
  0
VERTEX
  8
0
 10
307.378580
 20
342.720685
 42
0.470617
  0
VERTEX
  8
0
 10
307.395823
 20
342.538436
 42
0.054073
  0
SEQEND
  0
POLYLINE
  8
0
 66
1
 70
1
  0
VERTEX
  8
0
 10
323.684329
 20
342.216257
 42
-0.136773
  0
VERTEX
  8
0
 10
324.172945
 20
341.673047
 42
-0.030671
  0
VERTEX
  8
0
 10
324.661774
 20
340.514782
 42
-0.029623
  0
VERTEX
  8
0
 10
325.077925
 20
339.061042
 42
-0.024903
  0
VERTEX
  8
0
 10
325.348700
 20
337.481570
 42
0.000000
  0
VERTEX
  8
0
 10
325.828741
 20
333.500000
 42
0.000000
  0
VERTEX
  8
0
 10
316.164370
 20
333.500000
 42
0.000000
  0
VERTEX
  8
0
 10
306.500000
 20
333.500000
 42
0.000000
  0
VERTEX
  8
0
 10
305.874673
 20
338.000000
 42
0.000000
  0
VERTEX
  8
0
 10
305.249345
 20
342.500000
 42
0.000000
  0
VERTEX
  8
0
 10
305.374673
 20
337.500000
 42
0.000000
  0
VERTEX
  8
0
 10
305.500000
 20
332.500000
 42
0.000000
  0
VERTEX
  8
0
 10
316.141242
 20
332.300661
 42
0.000000
  0
VERTEX
  8
0
 10
326.782484
 20
332.101321
 42
0.000000
  0
VERTEX
  8
0
 10
326.641242
 20
336.800661
 42
0.025586
  0
VERTEX
  8
0
 10
326.402587
 20
339.733028
 42
0.084860
  0
VERTEX
  8
0
 10
325.829486
 20
341.574725
 42
0.142234
  0
VERTEX
  8
0
 10
324.873996
 20
342.593060
 42
0.134466
  0
VERTEX
  8
0
 10
323.500000
 20
342.969374
 42
0.108765
  0
VERTEX
  8
0
 10
323.218303
 20
342.907363
 42
0.358660
  0
VERTEX
  8
0
 10
323.141647
 20
342.748146
 42
0.157487
  0
VERTEX
  8
0
 10
323.289982
 20
342.507526
 42
0.034900
  0
SEQEND
  0
POLYLINE
  8
0
 66
1
 70
1
  0
VERTEX
  8
0
 10
529.252183
 20
339.500000
 42
0.008901
  0
VERTEX
  8
0
 10
529.284834
 20
338.071102
 42
0.053901
  0
VERTEX
  8
0
 10
529.394187
 20
337.339362
 42
0.671610
  0
VERTEX
  8
0
 10
529.543410
 20
337.319562
 42
0.082665
  0
VERTEX
  8
0
 10
529.707261
 20
337.761659
 42
0.028254
  0
VERTEX
  8
0
 10
529.840609
 20
338.754739
 42
0.020511
  0
VERTEX
  8
0
 10
529.880728
 20
339.869594
 42
0.020826
  0
VERTEX
  8
0
 10
529.830983
 20
340.934218
 42
0.041951
  0
VERTEX
  8
0
 10
529.687080
 20
341.761659
 42
0.285845
  0
VERTEX
  8
0
 10
529.523779
 20
341.916221
 42
0.417468
  0
VERTEX
  8
0
 10
529.371610
 20
341.814362
 42
0.038992
  0
VERTEX
  8
0
 10
529.273069
 20
340.938425
 42
0.009782
  0
SEQEND
  0
POLYLINE
  8
0
 66
1
 70
1
  0
VERTEX
  8
0
 10
335.000000
 20
337.000000
 42
0.254951
  0
VERTEX
  8
0
 10
335.209557
 20
336.615738
 42
0.062710
  0
VERTEX
  8
0
 10
335.881250
 20
336.293750
 42
0.048861
  0
VERTEX
  8
0
 10
336.850749
 20
336.072766
 42
0.031626
  0
VERTEX
  8
0
 10
338.000000
 20
336.000000
 42
0.031626
  0
VERTEX
  8
0
 10
339.149251
 20
336.072766
 42
0.048861
  0
VERTEX
  8
0
 10
340.118750
 20
336.293750
 42
0.062710
  0
VERTEX
  8
0
 10
340.790443
 20
336.615738
 42
0.254951
  0
VERTEX
  8
0
 10
341.000000
 20
337.000000
 42
0.254951
  0
VERTEX
  8
0
 10
340.790443
 20
337.384262
 42
0.062710
  0
VERTEX
  8
0
 10
340.118750
 20
337.706250
 42
0.048861
  0
VERTEX
  8
0
 10
339.149251
 20
337.927234
 42
0.031626
  0
VERTEX
  8
0
 10
338.000000
 20
338.000000
 42
0.031626
  0
VERTEX
  8
0
 10
336.850749
 20
337.927234
 42
0.048861
  0
VERTEX
  8
0
 10
335.881250
 20
337.706250
 42
0.062710
  0
VERTEX
  8
0
 10
335.209557
 20
337.384262
 42
0.254951
  0
SEQEND
  0
POLYLINE
  8
0
 66
1
 70
1
  0
VERTEX
  8
0
 10
13.078947
 20
334.416667
 42
0.018894
  0
VERTEX
  8
0
 10
13.137993
 20
333.670344
 42
0.168741
  0
VERTEX
  8
0
 10
13.279315
 20
333.378580
 42
0.470617
  0
VERTEX
  8
0
 10
13.461564
 20
333.395823
 42
0.054073
  0
VERTEX
  8
0
 10
13.683114
 20
333.812500
 42
0.051402
  0
VERTEX
  8
0
 10
13.839148
 20
334.359369
 42
0.054150
  0
VERTEX
  8
0
 10
13.876576
 20
334.916927
 42
0.060344
  0
VERTEX
  8
0
 10
13.797407
 20
335.402231
 42
0.126455
  0
VERTEX
  8
0
 10
13.604167
 20
335.729167
 42
0.296942
  0
VERTEX
  8
0
 10
13.385309
 20
335.775380
 42
0.208169
  0
VERTEX
  8
0
 10
13.200665
 20
335.592839
 42
0.077125
  0
VERTEX
  8
0
 10
13.089945
 20
335.112848
 42
0.028489
  0
SEQEND
  0
POLYLINE
  8
0
 66
1
 70
1
  0
VERTEX
  8
0
 10
178.157895
 20
334.000000
 42
0.017491
  0
VERTEX
  8
0
 10
178.189089
 20
333.108560
 42
0.078554
  0
VERTEX
  8
0
 10
178.306058
 20
332.601562
 42
0.447206
  0
VERTEX
  8
0
 10
178.474999
 20
332.540618
 42
0.174857
  0
VERTEX
  8
0
 10
178.662281
 20
332.750000
 42
0.057986
  0
VERTEX
  8
0
 10
178.818615
 20
333.320008
 42
0.037979
  0
VERTEX
  8
0
 10
178.870340
 20
334.000000
 42
0.037979
  0
VERTEX
  8
0
 10
178.818615
 20
334.679992
 42
0.057986
  0
VERTEX
  8
0
 10
178.662281
 20
335.250000
 42
0.174857
  0
VERTEX
  8
0
 10
178.474999
 20
335.459382
 42
0.447206
  0
VERTEX
  8
0
 10
178.306058
 20
335.398438
 42
0.078554
  0
VERTEX
  8
0
 10
178.189089
 20
334.891440
 42
0.017491
  0
SEQEND
  0
POLYLINE
  8
0
 66
1
 70
1
  0
VERTEX
  8
0
 10
225.500000
 20
335.000000
 42
0.029505
  0
VERTEX
  8
0
 10
225.768994
 20
334.617226
 42
0.035638
  0
VERTEX
  8
0
 10
226.066025
 20
334.293750
 42
0.038439
  0
VERTEX
  8
0
 10
226.348290
 20
334.065539
 42
0.151918
  0
VERTEX
  8
0
 10
226.559017
 20
334.000000
 42
0.210953
  0
VERTEX
  8
0
 10
226.727648
 20
334.074460
 42
0.081139
  0
VERTEX
  8
0
 10
226.870461
 20
334.293750
 42
0.061769
  0
VERTEX
  8
0
 10
226.967655
 20
334.617151
 42
0.042167
  0
VERTEX
  8
0
 10
227.000000
 20
335.000000
 42
0.105053
  0
VERTEX
  8
0
 10
226.918938
 20
335.381556
 42
0.099167
  0
VERTEX
  8
0
 10
226.688914
 20
335.706250
 42
0.096420
  0
VERTEX
  8
0
 10
226.345238
 20
335.923877
 42
0.093332
  0
VERTEX
  8
0
 10
225.940983
 20
336.000000
 42
0.108972
  0
VERTEX
  8
0
 10
225.586039
 20
335.921712
 42
0.182303
  0
VERTEX
  8
0
 10
225.374600
 20
335.706250
 42
0.161196
  0
VERTEX
  8
0
 10
225.343488
 20
335.382100
 42
0.082592
  0
SEQEND
  0
POLYLINE
  8
0
 66
1
 70
1
  0
VERTEX
  8
0
 10
188.600056
 20
334.326131
 42
-0.046559
  0
VERTEX
  8
0
 10
189.067248
 20
333.901948
 42
-0.025114
  0
VERTEX
  8
0
 10
189.562711
 20
333.302051
 42
-0.024796
  0
VERTEX
  8
0
 10
190.010018
 20
332.634774
 42
-0.035522
  0
VERTEX
  8
0
 10
190.332422
 20
332.000000
 42
0.011419
  0
VERTEX
  8
0
 10
190.633680
 20
331.328600
 42
0.524627
  0
VERTEX
  8
0
 10
190.760225
 20
331.308194
 42
0.218072
  0
VERTEX
  8
0
 10
190.830343
 20
331.509648
 42
0.006534
  0
VERTEX
  8
0
 10
190.732366
 20
332.417134
 42
0.068372
  0
VERTEX
  8
0
 10
190.531587
 20
333.180637
 42
0.061690
  0
VERTEX
  8
0
 10
190.127632
 20
333.891252
 42
0.065182
  0
VERTEX
  8
0
 10
189.590957
 20
334.444377
 42
0.101374
  0
VERTEX
  8
0
 10
189.000000
 20
334.743265
 42
0.015469
  0
VERTEX
  8
0
 10
188.370863
 20
334.894067
 42
0.258208
  0
VERTEX
  8
0
 10
188.172910
 20
334.832603
 42
0.422126
  0
VERTEX
  8
0
 10
188.178360
 20
334.674725
 42
0.023327
  0
SEQEND
  0
POLYLINE
  8
0
 66
1
 70
1
  0
VERTEX
  8
0
 10
225.500000
 20
327.595281
 42
0.013070
  0
VERTEX
  8
0
 10
225.553361
 20
325.554359
 42
0.024597
  0
VERTEX
  8
0
 10
225.720313
 20
323.914551
 42
0.026879
  0
VERTEX
  8
0
 10
225.957323
 20
322.771143
 42
0.503673
  0
VERTEX
  8
0
 10
226.250000
 20
322.654415
 42
0.090348
  0
VERTEX
  8
0
 10
226.537163
 20
322.913410
 42
0.053178
  0
VERTEX
  8
0
 10
226.779687
 20
323.308567
 42
0.050898
  0
VERTEX
  8
0
 10
226.944368
 20
323.770439
 42
0.060271
  0
VERTEX
  8
0
 10
227.000000
 20
324.230276
 42
-0.095593
  0
VERTEX
  8
0
 10
227.105109
 20
324.775025
 42
-0.030566
  0
VERTEX
  8
0
 10
227.459761
 20
325.523827
 42
-0.029233
  0
VERTEX
  8
0
 10
227.966143
 20
326.328140
 42
-0.028814
  0
VERTEX
  8
0
 10
228.565143
 20
327.071982
 42
0.028895
  0
VERTEX
  8
0
 10
229.279750
 20
327.959681
 42
0.121029
  0
VERTEX
  8
0
 10
229.531535
 20
328.591668
 42
0.194618
  0
VERTEX
  8
0
 10
229.404234
 20
329.098268
 42
0.096953
  0
VERTEX
  8
0
 10
228.910634
 20
329.555231
 42
0.023829
  0
VERTEX
  8
0
 10
228.377878
 20
329.850389
 42
0.362842
  0
VERTEX
  8
0
 10
228.187432
 20
329.804215
 42
0.286132
  0
VERTEX
  8
0
 10
228.169781
 20
329.582450
 42
0.018909
  0
VERTEX
  8
0
 10
228.500000
 20
329.000000
 42
-0.019519
  0
VERTEX
  8
0
 10
228.820325
 20
328.433389
 42
-0.255668
  0
VERTEX
  8
0
 10
228.814475
 20
328.200390
 42
-0.388009
  0
VERTEX
  8
0
 10
228.636773
 20
328.144479
 42
-0.029545
  0
VERTEX
  8
0
 10
228.154508
 20
328.404508
 42
-0.099901
  0
VERTEX
  8
0
 10
227.712166
 20
328.818843
 42
-0.052221
  0
VERTEX
  8
0
 10
227.339137
 20
329.478600
 42
-0.048982
  0
VERTEX
  8
0
 10
227.085623
 20
330.263637
 42
-0.053670
  0
VERTEX
  8
0
 10
227.000000
 20
331.059017
 42
0.036798
  0
VERTEX
  8
0
 10
226.945219
 20
331.802351
 42
0.055462
  0
VERTEX
  8
0
 10
226.779687
 20
332.429802
 42
0.072728
  0
VERTEX
  8
0
 10
226.537366
 20
332.859028
 42
0.231983
  0
VERTEX
  8
0
 10
226.250000
 20
332.999883
 42
0.355098
  0
VERTEX
  8
0
 10
225.954116
 20
332.759351
 42
0.016980
  0
VERTEX
  8
0
 10
225.720313
 20
331.412233
 42
0.021443
  0
VERTEX
  8
0
 10
225.554021
 20
329.667273
 42
0.013034
  0
SEQEND
  0
POLYLINE
  8
0
 66
1
 70
1
  0
VERTEX
  8
0
 10
331.000000
 20
330.826807
 42
0.282744
  0
VERTEX
  8
0
 10
331.196188
 20
330.507607
 42
0.049958
  0
VERTEX
  8
0
 10
331.881250
 20
330.242875
 42
0.041208
  0
VERTEX
  8
0
 10
332.850422
 20
330.059941
 42
0.026053
  0
VERTEX
  8
0
 10
334.000000
 20
330.000000
 42
0.012096
  0
VERTEX
  8
0
 10
335.150175
 20
330.027830
 42
0.019939
  0
VERTEX
  8
0
 10
336.118750
 20
330.113535
 42
0.014861
  0
VERTEX
  8
0
 10
336.873440
 20
330.233661
 42
0.360284
  0
VERTEX
  8
0
 10
337.000000
 20
330.386501
 42
0.322443
  0
VERTEX
  8
0
 10
336.876863
 20
330.557592
 42
0.013551
  0
VERTEX
  8
0
 10
336.118750
 20
330.788807
 42
0.018975
  0
VERTEX
  8
0
 10
335.149992
 20
331.016637
 42
0.011827
  0
VERTEX
  8
0
 10
334.000000
 20
331.213308
 42
0.025568
  0
VERTEX
  8
0
 10
332.850015
 20
331.322426
 42
0.042928
  0
VERTEX
  8
0
 10
331.881250
 20
331.281400
 42
0.055623
  0
VERTEX
  8
0
 10
331.202007
 20
331.115710
 42
0.314934
  0
SEQEND
  0
POLYLINE
  8
0
 66
1
 70
1
  0
VERTEX
  8
0
 10
342.500000
 20
331.000000
 42
0.000000
  0
VERTEX
  8
0
 10
339.500000
 20
330.236630
 42
0.000000
  0
VERTEX
  8
0
 10
342.750000
 20
330.118315
 42
0.029134
  0
VERTEX
  8
0
 10
343.995289
 20
330.145544
 42
0.046232
  0
VERTEX
  8
0
 10
345.045313
 20
330.328505
 42
0.059173
  0
VERTEX
  8
0
 10
345.776923
 20
330.623369
 42
0.273926
  0
VERTEX
  8
0
 10
346.000000
 20
331.000000
 42
0.023727
  0
VERTEX
  8
0
 10
345.982182
 20
331.375256
 42
0.045382
  0
VERTEX
  8
0
 10
345.926562
 20
331.671495
 42
0.070820
  0
VERTEX
  8
0
 10
345.845715
 20
331.853660
 42
0.380324
  0
VERTEX
  8
0
 10
345.750000
 20
331.881685
 42
-0.043204
  0
VERTEX
  8
0
 10
345.562657
 20
331.812093
 42
-0.001101
  0
VERTEX
  8
0
 10
344.692187
 20
331.573885
 42
-0.002341
  0
VERTEX
  8
0
 10
343.667658
 20
331.301087
 42
-0.001595
  0
SEQEND
  0
POLYLINE
  8
0
 66
1
 70
1
  0
VERTEX
  8
0
 10
6.078947
 20
329.416667
 42
0.018894
  0
VERTEX
  8
0
 10
6.137993
 20
328.670344
 42
0.168741
  0
VERTEX
  8
0
 10
6.279315
 20
328.378580
 42
0.470617
  0
VERTEX
  8
0
 10
6.461564
 20
328.395823
 42
0.054073
  0
VERTEX
  8
0
 10
6.683114
 20
328.812500
 42
0.051402
  0
VERTEX
  8
0
 10
6.839148
 20
329.359369
 42
0.054150
  0
VERTEX
  8
0
 10
6.876576
 20
329.916927
 42
0.060344
  0
VERTEX
  8
0
 10
6.797407
 20
330.402231
 42
0.126455
  0
VERTEX
  8
0
 10
6.604167
 20
330.729167
 42
0.296942
  0
VERTEX
  8
0
 10
6.385309
 20
330.775380
 42
0.208169
  0
VERTEX
  8
0
 10
6.200665
 20
330.592839
 42
0.077125
  0
VERTEX
  8
0
 10
6.089945
 20
330.112848
 42
0.028489
  0
SEQEND
  0
POLYLINE
  8
0
 66
1
 70
1
  0
VERTEX
  8
0
 10
183.500000
 20
329.000000
 42
0.082592
  0
VERTEX
  8
0
 10
183.343488
 20
328.617900
 42
0.161196
  0
VERTEX
  8
0
 10
183.374600
 20
328.293750
 42
0.182303
  0
VERTEX
  8
0
 10
183.586039
 20
328.078288
 42
0.108972
  0
VERTEX
  8
0
 10
183.940983
 20
328.000000
 42
0.093332
  0
VERTEX
  8
0
 10
184.345238
 20
328.076123
 42
0.096420
  0
VERTEX
  8
0
 10
184.688914
 20
328.293750
 42
0.099167
  0
VERTEX
  8
0
 10
184.918938
 20
328.618444
 42
0.105053
  0
VERTEX
  8
0
 10
185.000000
 20
329.000000
 42
0.042167
  0
VERTEX
  8
0
 10
184.967655
 20
329.382849
 42
0.061769
  0
VERTEX
  8
0
 10
184.870461
 20
329.706250
 42
0.081139
  0
VERTEX
  8
0
 10
184.727648
 20
329.925540
 42
0.210953
  0
VERTEX
  8
0
 10
184.559017
 20
330.000000
 42
0.151918
  0
VERTEX
  8
0
 10
184.348290
 20
329.934461
 42
0.038439
  0
VERTEX
  8
0
 10
184.066025
 20
329.706250
 42
0.035638
  0
VERTEX
  8
0
 10
183.768994
 20
329.382774
 42
0.029505
  0
SEQEND
  0
POLYLINE
  8
0
 66
1
 70
1
  0
VERTEX
  8
0
 10
189.603404
 20
329.167312
 42
-0.076022
  0
VERTEX
  8
0
 10
189.249964
 20
328.752200
 42
-0.089311
  0
VERTEX
  8
0
 10
188.806196
 20
328.488860
 42
-0.100739
  0
VERTEX
  8
0
 10
188.343035
 20
328.415723
 42
-0.128040
  0
VERTEX
  8
0
 10
187.930902
 20
328.542705
 42
0.103085
  0
VERTEX
  8
0
 10
187.576118
 20
328.671460
 42
0.178898
  0
VERTEX
  8
0
 10
187.273452
 20
328.606517
 42
0.165964
  0
VERTEX
  8
0
 10
187.070510
 20
328.353725
 42
0.087099
  0
VERTEX
  8
0
 10
187.000000
 20
327.952028
 42
0.130888
  0
VERTEX
  8
0
 10
187.107180
 20
327.549610
 42
0.151790
  0
VERTEX
  8
0
 10
187.396481
 20
327.280680
 42
0.126314
  0
VERTEX
  8
0
 10
187.833962
 20
327.193662
 42
0.078021
  0
VERTEX
  8
0
 10
188.349721
 20
327.303959
 42
-0.334470
  0
VERTEX
  8
0
 10
189.005908
 20
327.115881
 42
-0.109795
  0
VERTEX
  8
0
 10
189.449141
 20
326.142752
 42
-0.040141
  0
VERTEX
  8
0
 10
189.714301
 20
324.089663
 42
-0.007299
  0
VERTEX
  8
0
 10
189.843353
 20
320.250649
 42
0.007800
  0
VERTEX
  8
0
 10
190.033542
 20
314.756794
 42
0.066827
  0
VERTEX
  8
0
 10
190.481819
 20
312.343504
 42
0.830662
  0
VERTEX
  8
0
 10
190.887778
 20
312.397668
 42
0.012960
  0
VERTEX
  8
0
 10
191.000000
 20
316.726345
 42
-0.017123
  0
VERTEX
  8
0
 10
191.081153
 20
319.095292
 42
-0.047952
  0
VERTEX
  8
0
 10
191.352556
 20
320.732097
 42
-0.075166
  0
VERTEX
  8
0
 10
191.816698
 20
321.799419
 42
-0.162442
  0
VERTEX
  8
0
 10
192.500000
 20
322.361626
 42
0.061198
  0
VERTEX
  8
0
 10
193.073557
 20
322.666562
 42
0.060318
  0
VERTEX
  8
0
 10
193.559375
 20
323.102544
 42
0.065778
  0
VERTEX
  8
0
 10
193.889014
 20
323.597486
 42
0.114543
  0
VERTEX
  8
0
 10
194.000000
 20
324.075604
 42
0.152937
  0
VERTEX
  8
0
 10
193.879080
 20
324.461684
 42
0.152369
  0
VERTEX
  8
0
 10
193.559375
 20
324.710497
 42
0.114803
  0
VERTEX
  8
0
 10
193.073785
 20
324.774141
 42
0.067132
  0
VERTEX
  8
0
 10
192.500000
 20
324.638374
 42
-0.055937
  0
VERTEX
  8
0
 10
191.925634
 20
324.488865
 42
-0.100118
  0
VERTEX
  8
0
 10
191.440625
 20
324.516384
 42
-0.147206
  0
VERTEX
  8
0
 10
191.122486
 20
324.710807
 42
-0.184534
  0
VERTEX
  8
0
 10
191.000000
 20
325.031385
 42
-0.122816
  0
VERTEX
  8
0
 10
191.095107
 20
325.412735
 42
-0.087967
  0
VERTEX
  8
0
 10
191.367188
 20
325.760212
 42
-0.079419
  0
VERTEX
  8
0
 10
191.772340
 20
326.021337
 42
-0.073318
  0
VERTEX
  8
0
 10
192.250000
 20
326.152314
 42
0.000832
  0
VERTEX
  8
0
 10
192.801532
 20
326.220451
 42
0.000572
  0
VERTEX
  8
0
 10
193.426562
 20
326.299450
 42
0.000577
  0
VERTEX
  8
0
 10
194.027943
 20
326.376864
 42
0.001176
  0
VERTEX
  8
0
 10
194.500000
 20
326.439313
 42
0.078034
  0
VERTEX
  8
0
 10
195.871887
 20
326.848152
 42
0.035256
  0
VERTEX
  8
0
 10
197.508629
 20
327.776332
 42
0.064390
  0
VERTEX
  8
0
 10
198.465977
 20
328.607482
 42
0.638330
  0
VERTEX
  8
0
 10
198.309017
 20
328.969591
 42
0.078035
  0
VERTEX
  8
0
 10
197.805410
 20
328.903635
 42
0.054968
  0
VERTEX
  8
0
 10
197.277522
 20
328.683053
 42
0.054585
  0
VERTEX
  8
0
 10
196.806157
 20
328.350304
 42
0.073499
  0
VERTEX
  8
0
 10
196.469989
 20
327.951442
 42
-0.099660
  0
VERTEX
  8
0
 10
196.097600
 20
327.553499
 42
-0.162543
  0
VERTEX
  8
0
 10
195.659782
 20
327.419205
 42
-0.122336
  0
VERTEX
  8
0
 10
195.135473
 20
327.563244
 42
-0.045320
  0
VERTEX
  8
0
 10
194.500000
 20
328.000000
 42
0.047081
  0
VERTEX
  8
0
 10
193.833654
 20
328.454535
 42
0.143288
  0
VERTEX
  8
0
 10
193.304183
 20
328.572880
 42
0.168334
  0
VERTEX
  8
0
 10
192.847801
 20
328.380850
 42
0.071472
  0
VERTEX
  8
0
 10
192.416525
 20
327.864935
 42
-0.072214
  0
VERTEX
  8
0
 10
192.026424
 20
327.399672
 42
-0.295781
  0
VERTEX
  8
0
 10
191.679508
 20
327.345926
 42
-0.175629
  0
VERTEX
  8
0
 10
191.347964
 20
327.666883
 42
-0.029144
  0
VERTEX
  8
0
 10
191.000000
 20
328.500000
 42
0.030913
  0
VERTEX
  8
0
 10
190.658810
 20
329.308844
 42
0.167560
  0
VERTEX
  8
0
 10
190.324419
 20
329.638177
 42
0.291335
  0
VERTEX
  8
0
 10
189.977904
 20
329.595960
 42
0.082438
  0
SEQEND
  0
POLYLINE
  8
0
 66
1
 70
1
  0
VERTEX
  8
0
 10
240.639480
 20
329.306147
 42
0.113118
  0
VERTEX
  8
0
 10
240.398095
 20
328.921233
 42
0.032965
  0
VERTEX
  8
0
 10
240.211038
 20
328.242535
 42
0.031297
  0
VERTEX
  8
0
 10
240.095841
 20
327.427775
 42
0.028948
  0
VERTEX
  8
0
 10
240.078947
 20
326.583333
 42
0.022460
  0
VERTEX
  8
0
 10
240.139857
 20
325.849296
 42
0.122667
  0
VERTEX
  8
0
 10
240.283477
 20
325.480997
 42
0.458466
  0
VERTEX
  8
0
 10
240.466389
 20
325.463545
 42
0.106132
  0
VERTEX
  8
0
 10
240.664358
 20
325.756231
 42
-0.078880
  0
VERTEX
  8
0
 10
240.926836
 20
326.193455
 42
-0.105417
  0
VERTEX
  8
0
 10
241.290708
 20
326.477402
 42
-0.121773
  0
VERTEX
  8
0
 10
241.697442
 20
326.564193
 42
-0.131107
  0
VERTEX
  8
0
 10
242.085410
 20
326.447214
 42
0.149245
  0
VERTEX
  8
0
 10
242.432328
 20
326.355939
 42
0.191612
  0
VERTEX
  8
0
 10
242.731339
 20
326.488632
 42
0.132260
  0
VERTEX
  8
0
 10
242.933379
 20
326.848561
 42
0.062207
  0
VERTEX
  8
0
 10
243.000000
 20
327.381966
 42
0.094440
  0
VERTEX
  8
0
 10
242.784889
 20
328.510685
 42
0.128257
  0
VERTEX
  8
0
 10
242.174977
 20
329.344102
 42
0.176176
  0
VERTEX
  8
0
 10
241.382805
 20
329.619996
 42
0.195371
  0
SEQEND
  0
POLYLINE
  8
0
 66
1
 70
1
  0
VERTEX
  8
0
 10
304.157895
 20
328.000000
 42
0.017491
  0
VERTEX
  8
0
 10
304.189089
 20
327.108560
 42
0.078554
  0
VERTEX
  8
0
 10
304.306058
 20
326.601562
 42
0.447206
  0
VERTEX
  8
0
 10
304.474999
 20
326.540618
 42
0.174857
  0
VERTEX
  8
0
 10
304.662281
 20
326.750000
 42
0.057986
  0
VERTEX
  8
0
 10
304.818615
 20
327.320008
 42
0.037979
  0
VERTEX
  8
0
 10
304.870340
 20
328.000000
 42
0.037979
  0
VERTEX
  8
0
 10
304.818615
 20
328.679992
 42
0.057986
  0
VERTEX
  8
0
 10
304.662281
 20
329.250000
 42
0.174857
  0
VERTEX
  8
0
 10
304.474999
 20
329.459382
 42
0.447206
  0
VERTEX
  8
0
 10
304.306058
 20
329.398438
 42
0.078554
  0
VERTEX
  8
0
 10
304.189089
 20
328.891440
 42
0.017491
  0
SEQEND
  0
POLYLINE
  8
0
 66
1
 70
1
  0
VERTEX
  8
0
 10
306.335833
 20
328.432783
 42
0.062239
  0
VERTEX
  8
0
 10
306.171613
 20
327.767743
 42
0.058096
  0
VERTEX
  8
0
 10
306.170413
 20
327.066618
 42
0.062267
  0
VERTEX
  8
0
 10
306.323813
 20
326.436283
 42
0.105970
  0
VERTEX
  8
0
 10
306.617217
 20
325.982783
 42
0.220081
  0
VERTEX
  8
0
 10
306.958666
 20
325.857314
 42
0.249147
  0
VERTEX
  8
0
 10
307.250000
 20
326.043829
 42
0.097587
  0
VERTEX
  8
0
 10
307.442885
 20
326.628964
 42
0.030976
  0
VERTEX
  8
0
 10
307.500000
 20
327.550000
 42
0.008963
  0
VERTEX
  8
0
 10
307.466225
 20
329.434077
 42
0.225236
  0
VERTEX
  8
0
 10
307.234358
 20
329.880617
 42
0.479197
  0
VERTEX
  8
0
 10
306.912795
 20
329.800238
 42
0.016429
  0
SEQEND
  0
POLYLINE
  8
0
 66
1
 70
1
  0
VERTEX
  8
0
 10
165.157895
 20
327.000000
 42
0.017491
  0
VERTEX
  8
0
 10
165.189089
 20
326.108560
 42
0.078554
  0
VERTEX
  8
0
 10
165.306058
 20
325.601562
 42
0.447206
  0
VERTEX
  8
0
 10
165.474999
 20
325.540618
 42
0.174857
  0
VERTEX
  8
0
 10
165.662281
 20
325.750000
 42
0.057986
  0
VERTEX
  8
0
 10
165.818615
 20
326.320008
 42
0.037979
  0
VERTEX
  8
0
 10
165.870340
 20
327.000000
 42
0.037979
  0
VERTEX
  8
0
 10
165.818615
 20
327.679992
 42
0.057986
  0
VERTEX
  8
0
 10
165.662281
 20
328.250000
 42
0.174857
  0
VERTEX
  8
0
 10
165.474999
 20
328.459382
 42
0.447206
  0
VERTEX
  8
0
 10
165.306058
 20
328.398438
 42
0.078554
  0
VERTEX
  8
0
 10
165.189089
 20
327.891440
 42
0.017491
  0
SEQEND
  0
POLYLINE
  8
0
 66
1
 70
1
  0
VERTEX
  8
0
 10
230.717938
 20
327.707342
 42
0.158184
  0
VERTEX
  8
0
 10
230.686674
 20
327.113964
 42
0.201741
  0
VERTEX
  8
0
 10
231.019052
 20
326.685051
 42
0.101461
  0
VERTEX
  8
0
 10
231.797432
 20
326.434716
 42
0.027240
  0
VERTEX
  8
0
 10
233.101155
 20
326.363636
 42
0.037601
  0
VERTEX
  8
0
 10
234.928709
 20
326.501265
 42
0.175226
  0
VERTEX
  8
0
 10
235.842721
 20
326.997347
 42
0.354377
  0
VERTEX
  8
0
 10
235.874443
 20
327.694552
 42
0.095678
  0
VERTEX
  8
0
 10
235.000000
 20
328.500000
 42
0.095320
  0
VERTEX
  8
0
 10
234.618517
 20
328.645122
 42
0.173340
  0
VERTEX
  8
0
 10
234.293750
 20
328.589432
 42
0.172316
  0
VERTEX
  8
0
 10
234.076576
 20
328.340025
 42
0.094062
  0
VERTEX
  8
0
 10
234.000000
 20
327.936572
 42
-0.073328
  0
VERTEX
  8
0
 10
233.925550
 20
327.431649
 42
-0.324135
  0
VERTEX
  8
0
 10
233.700221
 20
327.259959
 42
-0.159065
  0
VERTEX
  8
0
 10
233.308744
 20
327.377325
 42
-0.021493
  0
VERTEX
  8
0
 10
232.616783
 20
327.903079
 42
0.036555
  0
VERTEX
  8
0
 10
231.908902
 20
328.408064
 42
0.163763
  0
VERTEX
  8
0
 10
231.418956
 20
328.518616
 42
0.213014
  0
VERTEX
  8
0
 10
231.039989
 20
328.300388
 42
0.065634
  0
SEQEND
  0
POLYLINE
  8
0
 66
1
 70
1
  0
VERTEX
  8
0
 10
238.078947
 20
327.416667
 42
0.018894
  0
VERTEX
  8
0
 10
238.137993
 20
326.670344
 42
0.168741
  0
VERTEX
  8
0
 10
238.279315
 20
326.378580
 42
0.470617
  0
VERTEX
  8
0
 10
238.461564
 20
326.395823
 42
0.054073
  0
VERTEX
  8
0
 10
238.683114
 20
326.812500
 42
0.051402
  0
VERTEX
  8
0
 10
238.839148
 20
327.359369
 42
0.054150
  0
VERTEX
  8
0
 10
238.876576
 20
327.916927
 42
0.060344
  0
VERTEX
  8
0
 10
238.797407
 20
328.402231
 42
0.126455
  0
VERTEX
  8
0
 10
238.604167
 20
328.729167
 42
0.296942
  0
VERTEX
  8
0
 10
238.385309
 20
328.775380
 42
0.208169
  0
VERTEX
  8
0
 10
238.200665
 20
328.592839
 42
0.077125
  0
VERTEX
  8
0
 10
238.089945
 20
328.112848
 42
0.028489
  0
SEQEND
  0
POLYLINE
  8
0
 66
1
 70
1
  0
VERTEX
  8
0
 10
244.000000
 20
328.000000
 42
0.099038
  0
VERTEX
  8
0
 10
244.076342
 20
327.618362
 42
0.097945
  0
VERTEX
  8
0
 10
244.293750
 20
327.293750
 42
0.097945
  0
VERTEX
  8
0
 10
244.618362
 20
327.076342
 42
0.099038
  0
VERTEX
  8
0
 10
245.000000
 20
327.000000
 42
0.099038
  0
VERTEX
  8
0
 10
245.381638
 20
327.076342
 42
0.097945
  0
VERTEX
  8
0
 10
245.706250
 20
327.293750
 42
0.097945
  0
VERTEX
  8
0
 10
245.923658
 20
327.618362
 42
0.099038
  0
VERTEX
  8
0
 10
246.000000
 20
328.000000
 42
0.099038
  0
VERTEX
  8
0
 10
245.923658
 20
328.381638
 42
0.097945
  0
VERTEX
  8
0
 10
245.706250
 20
328.706250
 42
0.097945
  0
VERTEX
  8
0
 10
245.381638
 20
328.923658
 42
0.099038
  0
VERTEX
  8
0
 10
245.000000
 20
329.000000
 42
0.099038
  0
VERTEX
  8
0
 10
244.618362
 20
328.923658
 42
0.097945
  0
VERTEX
  8
0
 10
244.293750
 20
328.706250
 42
0.097945
  0
VERTEX
  8
0
 10
244.076342
 20
328.381638
 42
0.099038
  0
SEQEND
  0
POLYLINE
  8
0
 66
1
 70
1
  0
VERTEX
  8
0
 10
298.000000
 20
328.106989
 42
0.232695
  0
VERTEX
  8
0
 10
298.398027
 20
327.298041
 42
0.073583
  0
VERTEX
  8
0
 10
299.606577
 20
326.622994
 42
0.070271
  0
VERTEX
  8
0
 10
301.030995
 20
326.301207
 42
0.160210
  0
VERTEX
  8
0
 10
302.090242
 20
326.555773
 42
0.082306
  0
VERTEX
  8
0
 10
302.437259
 20
326.858792
 42
0.054301
  0
VERTEX
  8
0
 10
302.728260
 20
327.302721
 42
0.053150
  0
VERTEX
  8
0
 10
302.923089
 20
327.811745
 42
0.068156
  0
VERTEX
  8
0
 10
302.984687
 20
328.309017
 42
0.108294
  0
VERTEX
  8
0
 10
302.898171
 20
328.680857
 42
0.366751
  0
VERTEX
  8
0
 10
302.687931
 20
328.775604
 42
0.142879
  0
VERTEX
  8
0
 10
302.356892
 20
328.566457
 42
0.026992
  0
VERTEX
  8
0
 10
301.908556
 20
328.000000
 42
-0.028560
  0
VERTEX
  8
0
 10
301.361890
 20
327.313735
 42
-0.172412
  0
VERTEX
  8
0
 10
300.968314
 20
327.098943
 42
-0.274217
  0
VERTEX
  8
0
 10
300.640210
 20
327.228916
 42
-0.068328
  0
VERTEX
  8
0
 10
300.340536
 20
327.750000
 42
0.110686
  0
VERTEX
  8
0
 10
299.767812
 20
328.576571
 42
0.149352
  0
VERTEX
  8
0
 10
298.952590
 20
328.968228
 42
0.227937
  0
VERTEX
  8
0
 10
298.288234
 20
328.765003
 42
0.209413
  0
SEQEND
  0
POLYLINE
  8
0
 66
1
 70
1
  0
VERTEX
  8
0
 10
310.000000
 20
327.081892
 42
0.035284
  0
VERTEX
  8
0
 10
310.049749
 20
326.377787
 42
0.309061
  0
VERTEX
  8
0
 10
310.250000
 20
326.158728
 42
0.234769
  0
VERTEX
  8
0
 10
310.580875
 20
326.236360
 42
0.023443
  0
VERTEX
  8
0
 10
311.200000
 20
326.800000
 42
-0.049448
  0
VERTEX
  8
0
 10
312.261924
 20
327.670362
 42
-0.140505
  0
VERTEX
  8
0
 10
313.164962
 20
327.958222
 42
-0.303052
  0
VERTEX
  8
0
 10
313.671360
 20
327.641365
 42
-0.161854
  0
VERTEX
  8
0
 10
313.750000
 20
326.875000
 42
0.112464
  0
VERTEX
  8
0
 10
313.752405
 20
326.422808
 42
0.098885
  0
VERTEX
  8
0
 10
313.947969
 20
325.992344
 42
0.093027
  0
VERTEX
  8
0
 10
314.307089
 20
325.649842
 42
0.086491
  0
VERTEX
  8
0
 10
314.775000
 20
325.450000
 42
0.011807
  0
VERTEX
  8
0
 10
315.236103
 20
325.352934
 42
0.186710
  0
VERTEX
  8
0
 10
315.390877
 20
325.381947
 42
0.554861
  0
VERTEX
  8
0
 10
315.391140
 20
325.464436
 42
0.023235
  0
VERTEX
  8
0
 10
315.081177
 20
325.639608
 42
-0.133979
  0
VERTEX
  8
0
 10
314.753244
 20
325.935630
 42
-0.089128
  0
VERTEX
  8
0
 10
314.558474
 20
326.406328
 42
-0.077839
  0
VERTEX
  8
0
 10
314.524610
 20
326.977800
 42
-0.067661
  0
VERTEX
  8
0
 10
314.662236
 20
327.562184
 42
0.111898
  0
VERTEX
  8
0
 10
314.755681
 20
328.208718
 42
0.243906
  0
VERTEX
  8
0
 10
314.497832
 20
328.622012
 42
0.127918
  0
VERTEX
  8
0
 10
313.829272
 20
328.814312
 42
0.027055
  0
VERTEX
  8
0
 10
312.606059
 20
328.779468
 42
0.048399
  0
VERTEX
  8
0
 10
311.558965
 20
328.589689
 42
0.075477
  0
VERTEX
  8
0
 10
310.726037
 20
328.211024
 42
0.097211
  0
VERTEX
  8
0
 10
310.190082
 20
327.690108
 42
0.152622
  0
SEQEND
  0
POLYLINE
  8
0
 66
1
 70
1
  0
VERTEX
  8
0
 10
317.284722
 20
327.645833
 42
0.127134
  0
VERTEX
  8
0
 10
317.894015
 20
326.704935
 42
0.150742
  0
VERTEX
  8
0
 10
318.846681
 20
326.251784
 42
0.217945
  0
VERTEX
  8
0
 10
319.651380
 20
326.487033
 42
0.217642
  0
VERTEX
  8
0
 10
320.000000
 20
327.250000
 42
0.107024
  0
VERTEX
  8
0
 10
319.882966
 20
327.790504
 42
0.099487
  0
VERTEX
  8
0
 10
319.551215
 20
328.250521
 42
0.095879
  0
VERTEX
  8
0
 10
319.055460
 20
328.558927
 42
0.091588
  0
VERTEX
  8
0
 10
318.472222
 20
328.666667
 42
0.067552
  0
VERTEX
  8
0
 10
317.913207
 20
328.590795
 42
0.110515
  0
VERTEX
  8
0
 10
317.493186
 20
328.366797
 42
0.144448
  0
VERTEX
  8
0
 10
317.277961
 20
328.033820
 42
0.153349
  0
SEQEND
  0
POLYLINE
  8
0
 66
1
 70
1
  0
VERTEX
  8
0
 10
365.078947
 20
327.416667
 42
0.018894
  0
VERTEX
  8
0
 10
365.137993
 20
326.670344
 42
0.168741
  0
VERTEX
  8
0
 10
365.279315
 20
326.378580
 42
0.470617
  0
VERTEX
  8
0
 10
365.461564
 20
326.395823
 42
0.054073
  0
VERTEX
  8
0
 10
365.683114
 20
326.812500
 42
0.051402
  0
VERTEX
  8
0
 10
365.839148
 20
327.359369
 42
0.054150
  0
VERTEX
  8
0
 10
365.876576
 20
327.916927
 42
0.060344
  0
VERTEX
  8
0
 10
365.797407
 20
328.402231
 42
0.126455
  0
VERTEX
  8
0
 10
365.604167
 20
328.729167
 42
0.296942
  0
VERTEX
  8
0
 10
365.385309
 20
328.775380
 42
0.208169
  0
VERTEX
  8
0
 10
365.200665
 20
328.592839
 42
0.077125
  0
VERTEX
  8
0
 10
365.089945
 20
328.112848
 42
0.028489
  0
SEQEND
  0
POLYLINE
  8
0
 66
1
 70
1
  0
VERTEX
  8
0
 10
425.750000
 20
327.294267
 42
0.029693
  0
VERTEX
  8
0
 10
426.774707
 20
327.159351
 42
0.017887
  0
VERTEX
  8
0
 10
428.000000
 20
327.115502
 42
0.017887
  0
VERTEX
  8
0
 10
429.225293
 20
327.159351
 42
0.029693
  0
VERTEX
  8
0
 10
430.250000
 20
327.294267
 42
0.142433
  0
VERTEX
  8
0
 10
430.560023
 20
327.453014
 42
0.611425
  0
VERTEX
  8
0
 10
430.517188
 20
327.600334
 42
0.039503
  0
VERTEX
  8
0
 10
429.611490
 20
327.701569
 42
0.008087
  0
VERTEX
  8
0
 10
428.000000
 20
327.727636
 42
0.008087
  0
VERTEX
  8
0
 10
426.388510
 20
327.701569
 42
0.039503
  0
VERTEX
  8
0
 10
425.482812
 20
327.600334
 42
0.611425
  0
VERTEX
  8
0
 10
425.439977
 20
327.453014
 42
0.142433
  0
SEQEND
  0
POLYLINE
  8
0
 66
1
 70
1
  0
VERTEX
  8
0
 10
184.000000
 20
322.940983
 42
0.045552
  0
VERTEX
  8
0
 10
184.068264
 20
322.193244
 42
0.099152
  0
VERTEX
  8
0
 10
184.280921
 20
321.660421
 42
0.177225
  0
VERTEX
  8
0
 10
184.594852
 20
321.425420
 42
0.214542
  0
VERTEX
  8
0
 10
184.956326
 20
321.473008
 42
0.126981
  0
VERTEX
  8
0
 10
185.279146
 20
321.809536
 42
0.081026
  0
VERTEX
  8
0
 10
185.466258
 20
322.321649
 42
0.072258
  0
VERTEX
  8
0
 10
185.493102
 20
322.926665
 42
0.066719
  0
VERTEX
  8
0
 10
185.349337
 20
323.532025
 42
0.027681
  0
VERTEX
  8
0
 10
184.794126
 20
324.769457
 42
0.395517
  0
VERTEX
  8
0
 10
184.377209
 20
324.917133
 42
0.275668
  0
VERTEX
  8
0
 10
184.063011
 20
324.476999
 42
0.020503
  0
SEQEND
  0
POLYLINE
  8
0
 66
1
 70
1
  0
VERTEX
  8
0
 10
196.078947
 20
323.416667
 42
0.018894
  0
VERTEX
  8
0
 10
196.137993
 20
322.670344
 42
0.168741
  0
VERTEX
  8
0
 10
196.279315
 20
322.378580
 42
0.470617
  0
VERTEX
  8
0
 10
196.461564
 20
322.395823
 42
0.054073
  0
VERTEX
  8
0
 10
196.683114
 20
322.812500
 42
0.051402
  0
VERTEX
  8
0
 10
196.839148
 20
323.359369
 42
0.054150
  0
VERTEX
  8
0
 10
196.876576
 20
323.916927
 42
0.060344
  0
VERTEX
  8
0
 10
196.797407
 20
324.402231
 42
0.126455
  0
VERTEX
  8
0
 10
196.604167
 20
324.729167
 42
0.296942
  0
VERTEX
  8
0
 10
196.385309
 20
324.775380
 42
0.208169
  0
VERTEX
  8
0
 10
196.200665
 20
324.592839
 42
0.077125
  0
VERTEX
  8
0
 10
196.089945
 20
324.112848
 42
0.028489
  0
SEQEND
  0
POLYLINE
  8
0
 66
1
 70
1
  0
VERTEX
  8
0
 10
401.144264
 20
322.250000
 42
0.001457
  0
VERTEX
  8
0
 10
400.377686
 20
320.444041
 42
0.201639
  0
VERTEX
  8
0
 10
400.377555
 20
320.214303
 42
0.569419
  0
VERTEX
  8
0
 10
400.501369
 20
320.197087
 42
0.002644
  0
VERTEX
  8
0
 10
401.483749
 20
321.441130
 42
0.018463
  0
VERTEX
  8
0
 10
402.064197
 20
322.243619
 42
0.021350
  0
VERTEX
  8
0
 10
402.554601
 20
323.049658
 42
0.020986
  0
VERTEX
  8
0
 10
402.908022
 20
323.759555
 42
0.105377
  0
VERTEX
  8
0
 10
403.000000
 20
324.191130
 42
0.133472
  0
VERTEX
  8
0
 10
402.838748
 20
324.784432
 42
0.497920
  0
VERTEX
  8
0
 10
402.513658
 20
324.822339
 42
0.077526
  0
VERTEX
  8
0
 10
401.950860
 20
324.013948
 42
0.012273
  0
SEQEND
  0
POLYLINE
  8
0
 66
1
 70
1
  0
VERTEX
  8
0
 10
165.252183
 20
319.500000
 42
0.008901
  0
VERTEX
  8
0
 10
165.284834
 20
318.071102
 42
0.053901
  0
VERTEX
  8
0
 10
165.394187
 20
317.339362
 42
0.671610
  0
VERTEX
  8
0
 10
165.543410
 20
317.319562
 42
0.082665
  0
VERTEX
  8
0
 10
165.707261
 20
317.761659
 42
0.028254
  0
VERTEX
  8
0
 10
165.840609
 20
318.754739
 42
0.020511
  0
VERTEX
  8
0
 10
165.880728
 20
319.869594
 42
0.020826
  0
VERTEX
  8
0
 10
165.830983
 20
320.934218
 42
0.041951
  0
VERTEX
  8
0
 10
165.687080
 20
321.761659
 42
0.285845
  0
VERTEX
  8
0
 10
165.523779
 20
321.916221
 42
0.417468
  0
VERTEX
  8
0
 10
165.371610
 20
321.814362
 42
0.038992
  0
VERTEX
  8
0
 10
165.273069
 20
320.938425
 42
0.009782
  0
SEQEND
  0
POLYLINE
  8
0
 66
1
 70
1
  0
VERTEX
  8
0
 10
242.451248
 20
321.921118
 42
0.194189
  0
VERTEX
  8
0
 10
242.406225
 20
321.658783
 42
0.222773
  0
VERTEX
  8
0
 10
242.559348
 20
321.458202
 42
0.113125
  0
VERTEX
  8
0
 10
242.931536
 20
321.361144
 42
0.043912
  0
VERTEX
  8
0
 10
243.466293
 20
321.392174
 42
0.037872
  0
VERTEX
  8
0
 10
244.775870
 20
321.686995
 42
0.154556
  0
VERTEX
  8
0
 10
245.439036
 20
322.144428
 42
0.511549
  0
VERTEX
  8
0
 10
245.329773
 20
322.516813
 42
0.085130
  0
VERTEX
  8
0
 10
244.456011
 20
322.666667
 42
0.044077
  0
VERTEX
  8
0
 10
243.831210
 20
322.611481
 42
0.044992
  0
VERTEX
  8
0
 10
243.230217
 20
322.447662
 42
0.049095
  0
VERTEX
  8
0
 10
242.737755
 20
322.207249
 42
0.116766
  0
SEQEND
  0
POLYLINE
  8
0
 66
1
 70
1
  0
VERTEX
  8
0
 10
296.000000
 20
321.940983
 42
0.108972
  0
VERTEX
  8
0
 10
296.078288
 20
321.586039
 42
0.182303
  0
VERTEX
  8
0
 10
296.293750
 20
321.374600
 42
0.161196
  0
VERTEX
  8
0
 10
296.617900
 20
321.343488
 42
0.082592
  0
VERTEX
  8
0
 10
297.000000
 20
321.500000
 42
0.029505
  0
VERTEX
  8
0
 10
297.382774
 20
321.768994
 42
0.035638
  0
VERTEX
  8
0
 10
297.706250
 20
322.066025
 42
0.038439
  0
VERTEX
  8
0
 10
297.934461
 20
322.348290
 42
0.151918
  0
VERTEX
  8
0
 10
298.000000
 20
322.559017
 42
0.210953
  0
VERTEX
  8
0
 10
297.925540
 20
322.727648
 42
0.081139
  0
VERTEX
  8
0
 10
297.706250
 20
322.870461
 42
0.061769
  0
VERTEX
  8
0
 10
297.382849
 20
322.967655
 42
0.042167
  0
VERTEX
  8
0
 10
297.000000
 20
323.000000
 42
0.105053
  0
VERTEX
  8
0
 10
296.618444
 20
322.918938
 42
0.099167
  0
VERTEX
  8
0
 10
296.293750
 20
322.688914
 42
0.096420
  0
VERTEX
  8
0
 10
296.076123
 20
322.345238
 42
0.093332
  0
SEQEND
  0
POLYLINE
  8
0
 66
1
 70
1
  0
VERTEX
  8
0
 10
301.812500
 20
322.316886
 42
0.051402
  0
VERTEX
  8
0
 10
302.359369
 20
322.160852
 42
0.054150
  0
VERTEX
  8
0
 10
302.916927
 20
322.123424
 42
0.060344
  0
VERTEX
  8
0
 10
303.402231
 20
322.202593
 42
0.126455
  0
VERTEX
  8
0
 10
303.729167
 20
322.395833
 42
0.296942
  0
VERTEX
  8
0
 10
303.775380
 20
322.614691
 42
0.208169
  0
VERTEX
  8
0
 10
303.592839
 20
322.799335
 42
0.077125
  0
VERTEX
  8
0
 10
303.112848
 20
322.910055
 42
0.028489
  0
VERTEX
  8
0
 10
302.416667
 20
322.921053
 42
0.018894
  0
VERTEX
  8
0
 10
301.670344
 20
322.862007
 42
0.168741
  0
VERTEX
  8
0
 10
301.378580
 20
322.720685
 42
0.470617
  0
VERTEX
  8
0
 10
301.395823
 20
322.538436
 42
0.054073
  0
SEQEND
  0
POLYLINE
  8
0
 66
1
 70
1
  0
VERTEX
  8
0
 10
311.078947
 20
321.416667
 42
0.018894
  0
VERTEX
  8
0
 10
311.137993
 20
320.670344
 42
0.168741
  0
VERTEX
  8
0
 10
311.279315
 20
320.378580
 42
0.470617
  0
VERTEX
  8
0
 10
311.461564
 20
320.395823
 42
0.054073
  0
VERTEX
  8
0
 10
311.683114
 20
320.812500
 42
0.051402
  0
VERTEX
  8
0
 10
311.839148
 20
321.359369
 42
0.054150
  0
VERTEX
  8
0
 10
311.876576
 20
321.916927
 42
0.060344
  0
VERTEX
  8
0
 10
311.797407
 20
322.402231
 42
0.126455
  0
VERTEX
  8
0
 10
311.604167
 20
322.729167
 42
0.296942
  0
VERTEX
  8
0
 10
311.385309
 20
322.775380
 42
0.208169
  0
VERTEX
  8
0
 10
311.200665
 20
322.592839
 42
0.077125
  0
VERTEX
  8
0
 10
311.089945
 20
322.112848
 42
0.028489
  0
SEQEND
  0
POLYLINE
  8
0
 66
1
 70
1
  0
VERTEX
  8
0
 10
319.428571
 20
321.073419
 42
0.039538
  0
VERTEX
  8
0
 10
319.484398
 20
320.368544
 42
0.085489
  0
VERTEX
  8
0
 10
319.659375
 20
319.855415
 42
0.161426
  0
VERTEX
  8
0
 10
319.917433
 20
319.614282
 42
0.251349
  0
VERTEX
  8
0
 10
320.214286
 20
319.632436
 42
0.106803
  0
VERTEX
  8
0
 10
320.515511
 20
319.922412
 42
0.051141
  0
VERTEX
  8
0
 10
320.769196
 20
320.398678
 42
0.047420
  0
VERTEX
  8
0
 10
320.941764
 20
320.971796
 42
0.049465
  0
VERTEX
  8
0
 10
321.000000
 20
321.559017
 42
0.052560
  0
VERTEX
  8
0
 10
320.941884
 20
322.110336
 42
0.072414
  0
VERTEX
  8
0
 10
320.769196
 20
322.576711
 42
0.092326
  0
VERTEX
  8
0
 10
320.514141
 20
322.889977
 42
0.177669
  0
VERTEX
  8
0
 10
320.214286
 20
323.000000
 42
0.223398
  0
VERTEX
  8
0
 10
319.913499
 20
322.858550
 42
0.076248
  0
VERTEX
  8
0
 10
319.659375
 20
322.434067
 42
0.057994
  0
VERTEX
  8
0
 10
319.486054
 20
321.811155
 42
0.038900
  0
SEQEND
  0
POLYLINE
  8
0
 66
1
 70
1
  0
VERTEX
  8
0
 10
222.542705
 20
321.069098
 42
0.108373
  0
VERTEX
  8
0
 10
222.401101
 20
320.665803
 42
0.099685
  0
VERTEX
  8
0
 10
222.434921
 20
320.227140
 42
0.095498
  0
VERTEX
  8
0
 10
222.639411
 20
319.820631
 42
0.090427
  0
VERTEX
  8
0
 10
222.983688
 20
319.510081
 42
0.136093
  0
VERTEX
  8
0
 10
223.369640
 20
319.397824
 42
0.190788
  0
VERTEX
  8
0
 10
223.701458
 20
319.524436
 42
0.140899
  0
VERTEX
  8
0
 10
223.925389
 20
319.890269
 42
0.067432
  0
VERTEX
  8
0
 10
224.000000
 20
320.440983
 42
0.039415
  0
VERTEX
  8
0
 10
223.914842
 20
321.519563
 42
0.257010
  0
VERTEX
  8
0
 10
223.592818
 20
321.933879
 42
0.315493
  0
VERTEX
  8
0
 10
223.133140
 20
321.838655
 42
0.050477
  0
SEQEND
  0
POLYLINE
  8
0
 66
1
 70
1
  0
VERTEX
  8
0
 10
237.078947
 20
320.416667
 42
0.018894
  0
VERTEX
  8
0
 10
237.137993
 20
319.670344
 42
0.168741
  0
VERTEX
  8
0
 10
237.279315
 20
319.378580
 42
0.470617
  0
VERTEX
  8
0
 10
237.461564
 20
319.395823
 42
0.054073
  0
VERTEX
  8
0
 10
237.683114
 20
319.812500
 42
0.051402
  0
VERTEX
  8
0
 10
237.839148
 20
320.359369
 42
0.054150
  0
VERTEX
  8
0
 10
237.876576
 20
320.916927
 42
0.060344
  0
VERTEX
  8
0
 10
237.797407
 20
321.402231
 42
0.126455
  0
VERTEX
  8
0
 10
237.604167
 20
321.729167
 42
0.296942
  0
VERTEX
  8
0
 10
237.385309
 20
321.775380
 42
0.208169
  0
VERTEX
  8
0
 10
237.200665
 20
321.592839
 42
0.077125
  0
VERTEX
  8
0
 10
237.089945
 20
321.112848
 42
0.028489
  0
SEQEND
  0
POLYLINE
  8
0
 66
1
 70
1
  0
VERTEX
  8
0
 10
225.000000
 20
319.940983
 42
0.108972
  0
VERTEX
  8
0
 10
225.078288
 20
319.586039
 42
0.182303
  0
VERTEX
  8
0
 10
225.293750
 20
319.374600
 42
0.161196
  0
VERTEX
  8
0
 10
225.617900
 20
319.343488
 42
0.082592
  0
VERTEX
  8
0
 10
226.000000
 20
319.500000
 42
0.029505
  0
VERTEX
  8
0
 10
226.382774
 20
319.768994
 42
0.035638
  0
VERTEX
  8
0
 10
226.706250
 20
320.066025
 42
0.038439
  0
VERTEX
  8
0
 10
226.934461
 20
320.348290
 42
0.151918
  0
VERTEX
  8
0
 10
227.000000
 20
320.559017
 42
0.210953
  0
VERTEX
  8
0
 10
226.925540
 20
320.727648
 42
0.081139
  0
VERTEX
  8
0
 10
226.706250
 20
320.870461
 42
0.061769
  0
VERTEX
  8
0
 10
226.382849
 20
320.967655
 42
0.042167
  0
VERTEX
  8
0
 10
226.000000
 20
321.000000
 42
0.105053
  0
VERTEX
  8
0
 10
225.618444
 20
320.918938
 42
0.099167
  0
VERTEX
  8
0
 10
225.293750
 20
320.688914
 42
0.096420
  0
VERTEX
  8
0
 10
225.076123
 20
320.345238
 42
0.093332
  0
SEQEND
  0
POLYLINE
  8
0
 66
1
 70
1
  0
VERTEX
  8
0
 10
233.500000
 20
320.000000
 42
0.029505
  0
VERTEX
  8
0
 10
233.768994
 20
319.617226
 42
0.035638
  0
VERTEX
  8
0
 10
234.066025
 20
319.293750
 42
0.038439
  0
VERTEX
  8
0
 10
234.348290
 20
319.065539
 42
0.151918
  0
VERTEX
  8
0
 10
234.559017
 20
319.000000
 42
0.210953
  0
VERTEX
  8
0
 10
234.727648
 20
319.074460
 42
0.081139
  0
VERTEX
  8
0
 10
234.870461
 20
319.293750
 42
0.061769
  0
VERTEX
  8
0
 10
234.967655
 20
319.617151
 42
0.042167
  0
VERTEX
  8
0
 10
235.000000
 20
320.000000
 42
0.105053
  0
VERTEX
  8
0
 10
234.918938
 20
320.381556
 42
0.099167
  0
VERTEX
  8
0
 10
234.688914
 20
320.706250
 42
0.096420
  0
VERTEX
  8
0
 10
234.345238
 20
320.923877
 42
0.093332
  0
VERTEX
  8
0
 10
233.940983
 20
321.000000
 42
0.108972
  0
VERTEX
  8
0
 10
233.586039
 20
320.921712
 42
0.182303
  0
VERTEX
  8
0
 10
233.374600
 20
320.706250
 42
0.161196
  0
VERTEX
  8
0
 10
233.343488
 20
320.382100
 42
0.082592
  0
SEQEND
  0
POLYLINE
  8
0
 66
1
 70
1
  0
VERTEX
  8
0
 10
376.564293
 20
319.293128
 42
0.008399
  0
VERTEX
  8
0
 10
376.218210
 20
318.336218
 42
0.286372
  0
VERTEX
  8
0
 10
376.270328
 20
318.111181
 42
0.400052
  0
VERTEX
  8
0
 10
376.463552
 20
318.106486
 42
0.011214
  0
VERTEX
  8
0
 10
377.124088
 20
318.733333
 42
0.043285
  0
VERTEX
  8
0
 10
377.558688
 20
319.246577
 42
0.063152
  0
VERTEX
  8
0
 10
377.837219
 20
319.768815
 42
0.082976
  0
VERTEX
  8
0
 10
377.927901
 20
320.220211
 42
0.207420
  0
VERTEX
  8
0
 10
377.806872
 20
320.526461
 42
0.278911
  0
VERTEX
  8
0
 10
377.538684
 20
320.592490
 42
0.120343
  0
VERTEX
  8
0
 10
377.210949
 20
320.395085
 42
0.070189
  0
VERTEX
  8
0
 10
376.866277
 20
319.940734
 42
0.036269
  0
SEQEND
  0
POLYLINE
  8
0
 66
1
 70
1
  0
VERTEX
  8
0
 10
171.078947
 20
317.416667
 42
0.018894
  0
VERTEX
  8
0
 10
171.137993
 20
316.670344
 42
0.168741
  0
VERTEX
  8
0
 10
171.279315
 20
316.378580
 42
0.470617
  0
VERTEX
  8
0
 10
171.461564
 20
316.395823
 42
0.054073
  0
VERTEX
  8
0
 10
171.683114
 20
316.812500
 42
0.051402
  0
VERTEX
  8
0
 10
171.839148
 20
317.359369
 42
0.054150
  0
VERTEX
  8
0
 10
171.876576
 20
317.916927
 42
0.060344
  0
VERTEX
  8
0
 10
171.797407
 20
318.402231
 42
0.126455
  0
VERTEX
  8
0
 10
171.604167
 20
318.729167
 42
0.296942
  0
VERTEX
  8
0
 10
171.385309
 20
318.775380
 42
0.208169
  0
VERTEX
  8
0
 10
171.200665
 20
318.592839
 42
0.077125
  0
VERTEX
  8
0
 10
171.089945
 20
318.112848
 42
0.028489
  0
SEQEND
  0
POLYLINE
  8
0
 66
1
 70
1
  0
VERTEX
  8
0
 10
178.030055
 20
316.000000
 42
0.081542
  0
VERTEX
  8
0
 10
178.255498
 20
314.630083
 42
0.047349
  0
VERTEX
  8
0
 10
178.937751
 20
313.104199
 42
0.056956
  0
VERTEX
  8
0
 10
179.730887
 20
312.013809
 42
0.456099
  0
VERTEX
  8
0
 10
180.277866
 20
312.028960
 42
0.226176
  0
VERTEX
  8
0
 10
180.357032
 20
312.349121
 42
0.025298
  0
VERTEX
  8
0
 10
180.163896
 20
313.096007
 42
0.026777
  0
VERTEX
  8
0
 10
179.823552
 20
314.008020
 42
0.018576
  0
VERTEX
  8
0
 10
179.346981
 20
315.000000
 42
0.022030
  0
VERTEX
  8
0
 10
178.836747
 20
315.872700
 42
0.087277
  0
VERTEX
  8
0
 10
178.416085
 20
316.326765
 42
0.371832
  0
VERTEX
  8
0
 10
178.160699
 20
316.310776
 42
0.201843
  0
SEQEND
  0
POLYLINE
  8
0
 66
1
 70
1
  0
VERTEX
  8
0
 10
165.000000
 20
313.500000
 42
0.062722
  0
VERTEX
  8
0
 10
165.072230
 20
312.926468
 42
0.080880
  0
VERTEX
  8
0
 10
165.284531
 20
312.440625
 42
0.098158
  0
VERTEX
  8
0
 10
165.599211
 20
312.115494
 42
0.152681
  0
VERTEX
  8
0
 10
165.968615
 20
312.000000
 42
0.184534
  0
VERTEX
  8
0
 10
166.289193
 20
312.122486
 42
0.147206
  0
VERTEX
  8
0
 10
166.483616
 20
312.440625
 42
0.100118
  0
VERTEX
  8
0
 10
166.511135
 20
312.925634
 42
0.055937
  0
VERTEX
  8
0
 10
166.361626
 20
313.500000
 42
0.021360
  0
VERTEX
  8
0
 10
166.112506
 20
314.074558
 42
0.030395
  0
VERTEX
  8
0
 10
165.839659
 20
314.559375
 42
0.030693
  0
VERTEX
  8
0
 10
165.579329
 20
314.912889
 42
0.222225
  0
VERTEX
  8
0
 10
165.393011
 20
315.000000
 42
0.289661
  0
VERTEX
  8
0
 10
165.241071
 20
314.903916
 42
0.046727
  0
VERTEX
  8
0
 10
165.115447
 20
314.559375
 42
0.039339
  0
VERTEX
  8
0
 10
165.028469
 20
314.074824
 42
0.024748
  0
SEQEND
  0
POLYLINE
  8
0
 66
1
 70
1
  0
VERTEX
  8
0
 10
396.345077
 20
311.456872
 42
0.036107
  0
VERTEX
  8
0
 10
396.155034
 20
310.829710
 42
0.043827
  0
VERTEX
  8
0
 10
396.072725
 20
310.221181
 42
0.049528
  0
VERTEX
  8
0
 10
396.099170
 20
309.714357
 42
0.159916
  0
VERTEX
  8
0
 10
396.249458
 20
309.417209
 42
0.354513
  0
VERTEX
  8
0
 10
396.481100
 20
309.393026
 42
0.101575
  0
VERTEX
  8
0
 10
396.756817
 20
309.665682
 42
0.055867
  0
VERTEX
  8
0
 10
397.039435
 20
310.212661
 42
0.027385
  0
VERTEX
  8
0
 10
397.279377
 20
310.960337
 42
0.022817
  0
VERTEX
  8
0
 10
397.602861
 20
312.476903
 42
0.322211
  0
VERTEX
  8
0
 10
397.370312
 20
312.947587
 42
0.420372
  0
VERTEX
  8
0
 10
396.945646
 20
312.812772
 42
0.025281
  0
SEQEND
  0
POLYLINE
  8
0
 66
1
 70
1
  0
VERTEX
  8
0
 10
406.639480
 20
312.306147
 42
0.119222
  0
VERTEX
  8
0
 10
406.074245
 20
311.380229
 42
0.149221
  0
VERTEX
  8
0
 10
406.059726
 20
310.378582
 42
0.168744
  0
VERTEX
  8
0
 10
406.594248
 20
309.623649
 42
0.156345
  0
VERTEX
  8
0
 10
407.500000
 20
309.333333
 42
0.083601
  0
VERTEX
  8
0
 10
408.072851
 20
309.429790
 42
0.092916
  0
VERTEX
  8
0
 10
408.559375
 20
309.707664
 42
0.100545
  0
VERTEX
  8
0
 10
408.884720
 20
310.121585
 42
0.116963
  0
VERTEX
  8
0
 10
409.000000
 20
310.607650
 42
0.109560
  0
VERTEX
  8
0
 10
408.776662
 20
311.614663
 42
0.128341
  0
VERTEX
  8
0
 10
408.154108
 20
312.366227
 42
0.162816
  0
VERTEX
  8
0
 10
407.358379
 20
312.613180
 42
0.193233
  0
SEQEND
  0
POLYLINE
  8
0
 66
1
 70
1
  0
VERTEX
  8
0
 10
399.000000
 20
311.622445
 42
0.172217
  0
VERTEX
  8
0
 10
399.074552
 20
311.412416
 42
0.016008
  0
VERTEX
  8
0
 10
399.440625
 20
310.990110
 42
0.019119
  0
VERTEX
  8
0
 10
399.925446
 20
310.504355
 42
0.013852
  0
VERTEX
  8
0
 10
400.500000
 20
310.000000
 42
0.020633
  0
VERTEX
  8
0
 10
401.310961
 20
309.381629
 42
0.217533
  0
VERTEX
  8
0
 10
401.710690
 20
309.308142
 42
0.304492
  0
VERTEX
  8
0
 10
401.942264
 20
309.565314
 42
0.035496
  0
VERTEX
  8
0
 10
402.000000
 20
310.377555
 42
0.091307
  0
VERTEX
  8
0
 10
401.885941
 20
310.996941
 42
0.095788
  0
VERTEX
  8
0
 10
401.559375
 20
311.523407
 42
0.099536
  0
VERTEX
  8
0
 10
401.072293
 20
311.875699
 42
0.107348
  0
VERTEX
  8
0
 10
400.500000
 20
312.000000
 42
0.023761
  0
VERTEX
  8
0
 10
399.925150
 20
311.972666
 42
0.037907
  0
VERTEX
  8
0
 10
399.440625
 20
311.889093
 42
0.044235
  0
VERTEX
  8
0
 10
399.094430
 20
311.768578
 42
0.294983
  0
SEQEND
  0
POLYLINE
  8
0
 66
1
 70
1
  0
VERTEX
  8
0
 10
410.000000
 20
310.940983
 42
0.108972
  0
VERTEX
  8
0
 10
410.078288
 20
310.586039
 42
0.182303
  0
VERTEX
  8
0
 10
410.293750
 20
310.374600
 42
0.161196
  0
VERTEX
  8
0
 10
410.617900
 20
310.343488
 42
0.082592
  0
VERTEX
  8
0
 10
411.000000
 20
310.500000
 42
0.029505
  0
VERTEX
  8
0
 10
411.382774
 20
310.768994
 42
0.035638
  0
VERTEX
  8
0
 10
411.706250
 20
311.066025
 42
0.038439
  0
VERTEX
  8
0
 10
411.934461
 20
311.348290
 42
0.151918
  0
VERTEX
  8
0
 10
412.000000
 20
311.559017
 42
0.210953
  0
VERTEX
  8
0
 10
411.925540
 20
311.727648
 42
0.081139
  0
VERTEX
  8
0
 10
411.706250
 20
311.870461
 42
0.061769
  0
VERTEX
  8
0
 10
411.382849
 20
311.967655
 42
0.042167
  0
VERTEX
  8
0
 10
411.000000
 20
312.000000
 42
0.105053
  0
VERTEX
  8
0
 10
410.618444
 20
311.918938
 42
0.099167
  0
VERTEX
  8
0
 10
410.293750
 20
311.688914
 42
0.096420
  0
VERTEX
  8
0
 10
410.076123
 20
311.345238
 42
0.093332
  0
SEQEND
  0
POLYLINE
  8
0
 66
1
 70
1
  0
VERTEX
  8
0
 10
290.116001
 20
301.750000
 42
0.004270
  0
VERTEX
  8
0
 10
290.227043
 20
298.126132
 42
0.705894
  0
VERTEX
  8
0
 10
290.494487
 20
298.042733
 42
0.135585
  0
VERTEX
  8
0
 10
290.797499
 20
298.814313
 42
0.002453
  0
VERTEX
  8
0
 10
291.241556
 20
303.250000
 42
0.019922
  0
VERTEX
  8
0
 10
291.320753
 20
304.687611
 42
0.033166
  0
VERTEX
  8
0
 10
291.258811
 20
305.898438
 42
0.036779
  0
VERTEX
  8
0
 10
291.088703
 20
306.778469
 42
0.338711
  0
VERTEX
  8
0
 10
290.799199
 20
307.000000
 42
0.353901
  0
VERTEX
  8
0
 10
290.490425
 20
306.750157
 42
0.020204
  0
VERTEX
  8
0
 10
290.268840
 20
305.457812
 42
0.023580
  0
VERTEX
  8
0
 10
290.129097
 20
303.762747
 42
0.014300
  0
SEQEND
  0
POLYLINE
  8
0
 66
1
 70
1
  0
VERTEX
  8
0
 10
365.078947
 20
305.416667
 42
0.018894
  0
VERTEX
  8
0
 10
365.137993
 20
304.670344
 42
0.168741
  0
VERTEX
  8
0
 10
365.279315
 20
304.378580
 42
0.470617
  0
VERTEX
  8
0
 10
365.461564
 20
304.395823
 42
0.054073
  0
VERTEX
  8
0
 10
365.683114
 20
304.812500
 42
0.051402
  0
VERTEX
  8
0
 10
365.839148
 20
305.359369
 42
0.054150
  0
VERTEX
  8
0
 10
365.876576
 20
305.916927
 42
0.060344
  0
VERTEX
  8
0
 10
365.797407
 20
306.402231
 42
0.126455
  0
VERTEX
  8
0
 10
365.604167
 20
306.729167
 42
0.296942
  0
VERTEX
  8
0
 10
365.385309
 20
306.775380
 42
0.208169
  0
VERTEX
  8
0
 10
365.200665
 20
306.592839
 42
0.077125
  0
VERTEX
  8
0
 10
365.089945
 20
306.112848
 42
0.028489
  0
SEQEND
  0
POLYLINE
  8
0
 66
1
 70
1
  0
VERTEX
  8
0
 10
433.825142
 20
298.556519
 42
0.000000
  0
VERTEX
  8
0
 10
433.500000
 20
289.995331
 42
0.000000
  0
VERTEX
  8
0
 10
453.643011
 20
289.997666
 42
0.002341
  0
VERTEX
  8
0
 10
464.702897
 20
290.050724
 42
0.015728
  0
VERTEX
  8
0
 10
470.188201
 20
290.275373
 42
0.026408
  0
VERTEX
  8
0
 10
473.364589
 20
290.675111
 42
0.262383
  0
VERTEX
  8
0
 10
474.361626
 20
291.500000
 42
-0.294866
  0
VERTEX
  8
0
 10
476.467075
 20
293.038048
 42
-0.027236
  0
VERTEX
  8
0
 10
483.236677
 20
293.058167
 42
-0.027867
  0
VERTEX
  8
0
 10
489.817815
 20
292.349923
 42
-0.405488
  0
VERTEX
  8
0
 10
491.085410
 20
290.638197
 42
0.023799
  0
VERTEX
  8
0
 10
490.974701
 20
289.345756
 42
0.110965
  0
VERTEX
  8
0
 10
491.110053
 20
288.615066
 42
0.283813
  0
VERTEX
  8
0
 10
491.464761
 20
288.365288
 42
0.154722
  0
VERTEX
  8
0
 10
492.000000
 20
288.500000
 42
-0.499027
  0
VERTEX
  8
0
 10
492.432029
 20
288.331355
 42
-0.034840
  0
VERTEX
  8
0
 10
492.738151
 20
286.845957
 42
-0.024571
  0
VERTEX
  8
0
 10
492.939858
 20
284.463419
 42
-0.008832
  0
VERTEX
  8
0
 10
493.000000
 20
281.059017
 42
-0.010518
  0
VERTEX
  8
0
 10
492.932168
 20
277.834793
 42
-0.020349
  0
VERTEX
  8
0
 10
492.718979
 20
275.264754
 42
-0.016855
  0
VERTEX
  8
0
 10
492.414267
 20
273.341885
 42
-0.359352
  0
VERTEX
  8
0
 10
492.000000
 20
273.000000
 42
0.191087
  0
VERTEX
  8
0
 10
491.618118
 20
272.848523
 42
0.088204
  0
VERTEX
  8
0
 10
491.293750
 20
272.412500
 42
0.068025
  0
VERTEX
  8
0
 10
491.073693
 20
271.765418
 42
0.048028
  0
VERTEX
  8
0
 10
491.000000
 20
271.000000
 42
0.048028
  0
VERTEX
  8
0
 10
491.073693
 20
270.234582
 42
0.068025
  0
VERTEX
  8
0
 10
491.293750
 20
269.587500
 42
0.088204
  0
VERTEX
  8
0
 10
491.618118
 20
269.151477
 42
0.191087
  0
VERTEX
  8
0
 10
492.000000
 20
269.000000
 42
-0.358912
  0
VERTEX
  8
0
 10
492.413821
 20
268.659026
 42
-0.017020
  0
VERTEX
  8
0
 10
492.718750
 20
266.750000
 42
-0.020476
  0
VERTEX
  8
0
 10
492.932089
 20
264.198174
 42
-0.010616
  0
VERTEX
  8
0
 10
493.000000
 20
261.000000
 42
-0.010616
  0
VERTEX
  8
0
 10
492.932089
 20
257.801826
 42
-0.020476
  0
VERTEX
  8
0
 10
492.718750
 20
255.250000
 42
-0.017020
  0
VERTEX
  8
0
 10
492.413821
 20
253.340974
 42
-0.358912
  0
VERTEX
  8
0
 10
492.000000
 20
253.000000
 42
0.148195
  0
VERTEX
  8
0
 10
491.618646
 20
252.884432
 42
0.098894
  0
VERTEX
  8
0
 10
491.293750
 20
252.559375
 42
0.082425
  0
VERTEX
  8
0
 10
491.074694
 20
252.073457
 42
0.064853
  0
VERTEX
  8
0
 10
491.000000
 20
251.500000
 42
-0.164293
  0
VERTEX
  8
0
 10
490.773926
 20
250.830552
 42
-0.129352
  0
VERTEX
  8
0
 10
490.166667
 20
250.357143
 42
-0.075863
  0
VERTEX
  8
0
 10
489.104033
 20
250.081893
 42
-0.025511
  0
VERTEX
  8
0
 10
487.500000
 20
250.000000
 42
0.021954
  0
VERTEX
  8
0
 10
485.600329
 20
249.916550
 42
0.121027
  0
VERTEX
  8
0
 10
484.637908
 20
249.588310
 42
0.184696
  0
VERTEX
  8
0
 10
484.150392
 20
248.927964
 42
0.066249
  0
VERTEX
  8
0
 10
483.986345
 20
247.750000
 42
-0.019046
  0
VERTEX
  8
0
 10
483.940337
 20
246.708734
 42
-0.010165
  0
VERTEX
  8
0
 10
483.808356
 20
245.426562
 42
-0.010105
  0
VERTEX
  8
0
 10
483.620220
 20
244.120948
 42
-0.015507
  0
VERTEX
  8
0
 10
483.399599
 20
243.000000
 42
0.009251
  0
VERTEX
  8
0
 10
483.152003
 20
241.820090
 42
0.133547
  0
VERTEX
  8
0
 10
483.184684
 20
241.397506
 42
0.557738
  0
VERTEX
  8
0
 10
483.372213
 20
241.357425
 42
0.037030
  0
VERTEX
  8
0
 10
483.800447
 20
241.876492
 42
-0.143730
  0
VERTEX
  8
0
 10
484.528090
 20
242.452395
 42
-0.137987
  0
VERTEX
  8
0
 10
485.463989
 20
242.555541
 42
-0.063452
  0
VERTEX
  8
0
 10
486.881060
 20
242.130803
 42
-0.011312
  0
VERTEX
  8
0
 10
489.387193
 20
240.949237
 42
-0.008202
  0
VERTEX
  8
0
 10
491.164385
 20
240.024935
 42
-0.012242
  0
VERTEX
  8
0
 10
492.683867
 20
239.153971
 42
-0.007293
  0
VERTEX
  8
0
 10
493.914497
 20
238.383204
 42
-0.194800
  0
VERTEX
  8
0
 10
494.132353
 20
238.072745
 42
-0.042792
  0
VERTEX
  8
0
 10
494.190548
 20
237.664428
 42
-0.001592
  0
VERTEX
  8
0
 10
494.272664
 20
236.112216
 42
-0.002877
  0
VERTEX
  8
0
 10
494.353445
 20
234.273944
 42
-0.002018
  0
VERTEX
  8
0
 10
494.424150
 20
232.202882
 42
-0.014808
  0
VERTEX
  8
0
 10
494.425686
 20
228.979805
 42
-0.093933
  0
VERTEX
  8
0
 10
494.075279
 20
227.386306
 42
-0.121914
  0
VERTEX
  8
0
 10
493.201017
 20
226.227632
 42
-0.032059
  0
VERTEX
  8
0
 10
491.291796
 20
224.871323
 42
0.007717
  0
VERTEX
  8
0
 10
488.639566
 20
223.175034
 42
0.170664
  0
VERTEX
  8
0
 10
488.094232
 20
222.455119
 42
0.653126
  0
VERTEX
  8
0
 10
488.372753
 20
222.208925
 42
0.010995
  0
VERTEX
  8
0
 10
490.822833
 20
223.408383
 42
0.044016
  0
VERTEX
  8
0
 10
493.538590
 20
225.130857
 42
0.108810
  0
VERTEX
  8
0
 10
495.050904
 20
226.923317
 42
0.098328
  0
VERTEX
  8
0
 10
495.755737
 20
229.302285
 42
0.031859
  0
VERTEX
  8
0
 10
495.860158
 20
232.988934
 42
0.019185
  0
VERTEX
  8
0
 10
495.617469
 20
236.273924
 42
0.109720
  0
VERTEX
  8
0
 10
495.053316
 20
237.917340
 42
0.102243
  0
VERTEX
  8
0
 10
493.830302
 20
239.222229
 42
0.015601
  0
VERTEX
  8
0
 10
490.837534
 20
241.194985
 42
-0.020213
  0
VERTEX
  8
0
 10
488.703130
 20
242.630337
 42
-0.042933
  0
VERTEX
  8
0
 10
487.205237
 20
243.939473
 42
-0.058302
  0
VERTEX
  8
0
 10
486.295628
 20
245.135372
 42
-0.134244
  0
VERTEX
  8
0
 10
486.000000
 20
246.216617
 42
-0.071725
  0
VERTEX
  8
0
 10
486.155805
 20
247.297158
 42
-0.234456
  0
VERTEX
  8
0
 10
486.632648
 20
247.812099
 42
-0.118274
  0
VERTEX
  8
0
 10
487.596912
 20
247.935955
 42
-0.014026
  0
VERTEX
  8
0
 10
489.750000
 20
247.641848
 42
0.008059
  0
VERTEX
  8
0
 10
491.350641
 20
247.403713
 42
0.006705
  0
VERTEX
  8
0
 10
493.059375
 20
247.200855
 42
0.006777
  0
VERTEX
  8
0
 10
494.629216
 20
247.057286
 42
0.018191
  0
VERTEX
  8
0
 10
495.750000
 20
247.011006
 42
-0.197334
  0
VERTEX
  8
0
 10
497.030669
 20
246.477753
 42
-0.159521
  0
VERTEX
  8
0
 10
497.711017
 20
245.139080
 42
-0.036420
  0
VERTEX
  8
0
 10
497.960718
 20
242.063949
 42
-0.002054
  0
VERTEX
  8
0
 10
498.000000
 20
232.500000
 42
-0.002054
  0
VERTEX
  8
0
 10
497.960718
 20
222.936051
 42
-0.036420
  0
VERTEX
  8
0
 10
497.711017
 20
219.860920
 42
-0.159521
  0
VERTEX
  8
0
 10
497.030669
 20
218.522247
 42
-0.197334
  0
VERTEX
  8
0
 10
495.750000
 20
217.988994
 42
0.018655
  0
VERTEX
  8
0
 10
494.619964
 20
217.941282
 42
0.006672
  0
VERTEX
  8
0
 10
493.013480
 20
217.791697
 42
0.006609
  0
VERTEX
  8
0
 10
491.254256
 20
217.580629
 42
0.007767
  0
VERTEX
  8
0
 10
489.593761
 20
217.332798
 42
0.000000
  0
VERTEX
  8
0
 10
485.687521
 20
216.687607
 42
0.000000
  0
VERTEX
  8
0
 10
486.297624
 20
219.738119
 42
0.016100
  0
VERTEX
  8
0
 10
486.572513
 20
221.386952
 42
0.133415
  0
VERTEX
  8
0
 10
486.473347
 20
222.132344
 42
0.287269
  0
VERTEX
  8
0
 10
486.052546
 20
222.428836
 42
0.077681
  0
VERTEX
  8
0
 10
485.203863
 20
222.343060
 42
0.121735
  0
VERTEX
  8
0
 10
484.439412
 20
221.927367
 42
0.104890
  0
VERTEX
  8
0
 10
483.905813
 20
221.182218
 42
0.073207
  0
VERTEX
  8
0
 10
483.596092
 20
220.046695
 42
0.030040
  0
VERTEX
  8
0
 10
483.500000
 20
218.448745
 42
0.022445
  0
VERTEX
  8
0
 10
483.592951
 20
216.379152
 42
0.171697
  0
VERTEX
  8
0
 10
483.992379
 20
215.507860
 42
0.177676
  0
VERTEX
  8
0
 10
484.843444
 20
215.097596
 42
0.024382
  0
VERTEX
  8
0
 10
486.843620
 20
215.000000
 42
-0.031029
  0
VERTEX
  8
0
 10
488.478625
 20
214.898438
 42
-0.088048
  0
VERTEX
  8
0
 10
489.565977
 20
214.562417
 42
-0.120743
  0
VERTEX
  8
0
 10
490.271044
 20
213.949389
 42
-0.089995
  0
VERTEX
  8
0
 10
490.707310
 20
213.011247
 42
0.047293
  0
VERTEX
  8
0
 10
490.971073
 20
212.289325
 42
0.082294
  0
VERTEX
  8
0
 10
491.334963
 20
211.767598
 42
0.124503
  0
VERTEX
  8
0
 10
491.735052
 20
211.522401
 42
0.217240
  0
VERTEX
  8
0
 10
492.113690
 20
211.570264
 42
-0.532459
  0
VERTEX
  8
0
 10
492.464476
 20
211.411514
 42
-0.014471
  0
VERTEX
  8
0
 10
492.740179
 20
209.431090
 42
-0.017725
  0
VERTEX
  8
0
 10
492.936975
 20
206.774334
 42
-0.009623
  0
VERTEX
  8
0
 10
493.000000
 20
203.500000
 42
-0.008204
  0
VERTEX
  8
0
 10
492.940074
 20
199.847777
 42
-0.022889
  0
VERTEX
  8
0
 10
492.738920
 20
197.293323
 42
-0.030732
  0
VERTEX
  8
0
 10
492.434962
 20
195.676251
 42
-0.507062
  0
VERTEX
  8
0
 10
492.000000
 20
195.500000
 42
0.210115
  0
VERTEX
  8
0
 10
491.621971
 20
195.553029
 42
0.178861
  0
VERTEX
  8
0
 10
491.293750
 20
195.314314
 42
0.100989
  0
VERTEX
  8
0
 10
491.071437
 20
194.768372
 42
0.046386
  0
VERTEX
  8
0
 10
491.000000
 20
194.000000
 42
0.046386
  0
VERTEX
  8
0
 10
491.071437
 20
193.231628
 42
0.100989
  0
VERTEX
  8
0
 10
491.293750
 20
192.685686
 42
0.178861
  0
VERTEX
  8
0
 10
491.621971
 20
192.446971
 42
0.210115
  0
VERTEX
  8
0
 10
492.000000
 20
192.500000
 42
-0.513810
  0
VERTEX
  8
0
 10
492.437625
 20
192.317193
 42
-0.027350
  0
VERTEX
  8
0
 10
492.739582
 20
190.570135
 42
-0.021450
  0
VERTEX
  8
0
 10
492.940258
 20
187.847247
 42
-0.007669
  0
VERTEX
  8
0
 10
493.000000
 20
183.952195
 42
0.000000
  0
VERTEX
  8
0
 10
493.000000
 20
174.786356
 42
0.000000
  0
VERTEX
  8
0
 10
438.750000
 20
175.157399
 42
0.000511
  0
VERTEX
  8
0
 10
418.194089
 20
175.276976
 42
0.000949
  0
VERTEX
  8
0
 10
401.517797
 20
175.325276
 42
0.000457
  0
VERTEX
  8
0
 10
388.188026
 20
175.326406
 42
0.957105
  0
VERTEX
  8
0
 10
388.182925
 20
175.207855
 42
-0.027302
  0
VERTEX
  8
0
 10
390.206307
 20
174.919789
 42
-0.113241
  0
VERTEX
  8
0
 10
391.324908
 20
174.418201
 42
-0.133538
  0
VERTEX
  8
0
 10
392.014014
 20
173.527066
 42
-0.044162
  0
VERTEX
  8
0
 10
392.514207
 20
171.935316
 42
0.049053
  0
VERTEX
  8
0
 10
392.906369
 20
170.728658
 42
0.041134
  0
VERTEX
  8
0
 10
393.545194
 20
169.543796
 42
0.042929
  0
VERTEX
  8
0
 10
394.318837
 20
168.552110
 42
0.082961
  0
VERTEX
  8
0
 10
395.113491
 20
167.939261
 42
0.020900
  0
VERTEX
  8
0
 10
396.245392
 20
167.393045
 42
0.326774
  0
VERTEX
  8
0
 10
396.640788
 20
167.483068
 42
0.231874
  0
VERTEX
  8
0
 10
396.762348
 20
167.940818
 42
0.012445
  0
VERTEX
  8
0
 10
396.423801
 20
169.447579
 42
0.000000
  0
VERTEX
  8
0
 10
395.783184
 20
172.000000
 42
0.000000
  0
VERTEX
  8
0
 10
443.391592
 20
172.000000
 42
0.000000
  0
VERTEX
  8
0
 10
491.000000
 20
172.000000
 42
0.000000
  0
VERTEX
  8
0
 10
491.000000
 20
163.500000
 42
0.009838
  0
VERTEX
  8
0
 10
491.067280
 20
160.081088
 42
0.019442
  0
VERTEX
  8
0
 10
491.279412
 20
157.375000
 42
0.015687
  0
VERTEX
  8
0
 10
491.582553
 20
155.348392
 42
0.362465
  0
VERTEX
  8
0
 10
492.000000
 20
155.000000
 42
-0.362465
  0
VERTEX
  8
0
 10
492.417447
 20
154.651608
 42
-0.015687
  0
VERTEX
  8
0
 10
492.720588
 20
152.625000
 42
-0.019442
  0
VERTEX
  8
0
 10
492.932720
 20
149.918912
 42
-0.009838
  0
VERTEX
  8
0
 10
493.000000
 20
146.500000
 42
-0.009838
  0
VERTEX
  8
0
 10
492.932720
 20
143.081088
 42
-0.019442
  0
VERTEX
  8
0
 10
492.720588
 20
140.375000
 42
-0.015687
  0
VERTEX
  8
0
 10
492.417447
 20
138.348392
 42
-0.362465
  0
VERTEX
  8
0
 10
492.000000
 20
138.000000
 42
0.195654
  0
VERTEX
  8
0
 10
491.618015
 20
137.844577
 42
0.086673
  0
VERTEX
  8
0
 10
491.293750
 20
137.395164
 42
0.066561
  0
VERTEX
  8
0
 10
491.073608
 20
136.729059
 42
0.046600
  0
VERTEX
  8
0
 10
491.000000
 20
135.940983
 42
0.047867
  0
VERTEX
  8
0
 10
491.071541
 20
135.195401
 42
0.104212
  0
VERTEX
  8
0
 10
491.293750
 20
134.668350
 42
0.181468
  0
VERTEX
  8
0
 10
491.621877
 20
134.441401
 42
0.202618
  0
VERTEX
  8
0
 10
492.000000
 20
134.500000
 42
-0.513260
  0
VERTEX
  8
0
 10
492.437400
 20
134.317733
 42
-0.027623
  0
VERTEX
  8
0
 10
492.739527
 20
132.582053
 42
-0.021568
  0
VERTEX
  8
0
 10
492.940243
 20
129.873862
 42
-0.007712
  0
VERTEX
  8
0
 10
493.000000
 20
126.000000
 42
-0.007712
  0
VERTEX
  8
0
 10
492.940243
 20
122.126138
 42
-0.021568
  0
VERTEX
  8
0
 10
492.739527
 20
119.417947
 42
-0.027623
  0
VERTEX
  8
0
 10
492.437400
 20
117.682267
 42
-0.513260
  0
VERTEX
  8
0
 10
492.000000
 20
117.500000
 42
0.512571
  0
VERTEX
  8
0
 10
491.562879
 20
117.318409
 42
0.027966
  0
VERTEX
  8
0
 10
491.260541
 20
115.596765
 42
0.021716
  0
VERTEX
  8
0
 10
491.059776
 20
112.906719
 42
0.007767
  0
VERTEX
  8
0
 10
491.000000
 20
109.059017
 42
0.000000
  0
VERTEX
  8
0
 10
491.000000
 20
100.000000
 42
0.000000
  0
VERTEX
  8
0
 10
452.000000
 20
100.000000
 42
0.000000
  0
VERTEX
  8
0
 10
413.000000
 20
100.000000
 42
0.000000
  0
VERTEX
  8
0
 10
413.000000
 20
104.800000
 42
0.018222
  0
VERTEX
  8
0
 10
412.930463
 20
106.707434
 42
0.022680
  0
VERTEX
  8
0
 10
412.721209
 20
108.469063
 42
0.021770
  0
VERTEX
  8
0
 10
412.420149
 20
109.901805
 42
0.134365
  0
VERTEX
  8
0
 10
412.050926
 20
110.550000
 42
-0.143482
  0
VERTEX
  8
0
 10
411.660826
 20
111.264255
 42
-0.013070
  0
VERTEX
  8
0
 10
411.276341
 20
113.277188
 42
-0.016081
  0
VERTEX
  8
0
 10
410.952008
 20
115.749617
 42
-0.011899
  0
VERTEX
  8
0
 10
410.746786
 20
118.500000
 42
0.020699
  0
VERTEX
  8
0
 10
410.587216
 20
120.228188
 42
0.891594
  0
VERTEX
  8
0
 10
410.434240
 20
120.225285
 42
0.017963
  0
VERTEX
  8
0
 10
410.296838
 20
117.922589
 42
0.002079
  0
VERTEX
  8
0
 10
410.195860
 20
112.750000
 42
-0.004023
  0
VERTEX
  8
0
 10
410.037101
 20
105.968210
 42
-0.024421
  0
VERTEX
  8
0
 10
409.755444
 20
102.467429
 42
-0.050147
  0
VERTEX
  8
0
 10
409.307465
 20
100.548316
 42
-0.320676
  0
VERTEX
  8
0
 10
408.540442
 20
100.000000
 42
-0.270529
  0
VERTEX
  8
0
 10
407.808027
 20
100.427572
 42
-0.075033
  0
VERTEX
  8
0
 10
407.315052
 20
101.720805
 42
-0.035937
  0
VERTEX
  8
0
 10
406.976991
 20
104.076051
 42
-0.007476
  0
VERTEX
  8
0
 10
406.743988
 20
108.250000
 42
0.000000
  0
VERTEX
  8
0
 10
406.407091
 20
116.500000
 42
0.000000
  0
VERTEX
  8
0
 10
406.203545
 20
108.250000
 42
0.000000
  0
VERTEX
  8
0
 10
406.000000
 20
100.000000
 42
0.000000
  0
VERTEX
  8
0
 10
401.000000
 20
100.000000
 42
0.000000
  0
VERTEX
  8
0
 10
396.000000
 20
100.000000
 42
0.000000
  0
VERTEX
  8
0
 10
396.000000
 20
120.518368
 42
0.000000
  0
VERTEX
  8
0
 10
396.000000
 20
141.036736
 42
0.000000
  0
VERTEX
  8
0
 10
400.956926
 20
140.861291
 42
-0.017266
  0
VERTEX
  8
0
 10
403.316699
 20
140.696057
 42
-0.053279
  0
VERTEX
  8
0
 10
404.878215
 20
140.361776
 42
-0.088339
  0
VERTEX
  8
0
 10
405.850866
 20
139.838508
 42
-0.161139
  0
VERTEX
  8
0
 10
406.340925
 20
139.092924
 42
0.005205
  0
VERTEX
  8
0
 10
406.592500
 20
138.192181
 42
0.413858
  0
VERTEX
  8
0
 10
406.709585
 20
138.127723
 42
0.310945
  0
VERTEX
  8
0
 10
406.809009
 20
138.249098
 42
0.004296
  0
VERTEX
  8
0
 10
406.883999
 20
139.250000
 42
-0.170831
  0
VERTEX
  8
0
 10
407.387711
 20
140.426327
 42
-0.189148
  0
VERTEX
  8
0
 10
408.494889
 20
140.966543
 42
-0.219267
  0
VERTEX
  8
0
 10
409.551871
 20
140.578746
 42
-0.199446
  0
VERTEX
  8
0
 10
410.000000
 20
139.500000
 42
0.103554
  0
VERTEX
  8
0
 10
410.119827
 20
138.927636
 42
0.098898
  0
VERTEX
  8
0
 10
410.460137
 20
138.440625
 42
0.096819
  0
VERTEX
  8
0
 10
410.968512
 20
138.114267
 42
0.094699
  0
VERTEX
  8
0
 10
411.566422
 20
138.000000
 42
0.122711
  0
VERTEX
  8
0
 10
412.257497
 20
138.172197
 42
0.165427
  0
VERTEX
  8
0
 10
412.695753
 20
138.638397
 42
0.103603
  0
VERTEX
  8
0
 10
412.881185
 20
139.467019
 42
0.032073
  0
VERTEX
  8
0
 10
412.816422
 20
140.750000
 42
0.078787
  0
VERTEX
  8
0
 10
412.363071
 20
142.376631
 42
0.202888
  0
VERTEX
  8
0
 10
411.481174
 20
143.184145
 42
0.071907
  0
VERTEX
  8
0
 10
409.655686
 20
143.549421
 42
0.004683
  0
VERTEX
  8
0
 10
404.250000
 20
143.790442
 42
-0.006996
  0
VERTEX
  8
0
 10
399.931091
 20
144.003028
 42
-0.038893
  0
VERTEX
  8
0
 10
397.633838
 20
144.328921
 42
-0.090561
  0
VERTEX
  8
0
 10
396.423806
 20
144.839514
 42
-0.252911
  0
VERTEX
  8
0
 10
396.000000
 20
145.623776
 42
0.084326
  0
VERTEX
  8
0
 10
395.905294
 20
146.181328
 42
0.125988
  0
VERTEX
  8
0
 10
395.632812
 20
146.590794
 42
0.143056
  0
VERTEX
  8
0
 10
395.225885
 20
146.786756
 42
0.122349
  0
VERTEX
  8
0
 10
394.750000
 20
146.749139
 42
0.299146
  0
VERTEX
  8
0
 10
394.087484
 20
145.907862
 42
0.008860
  0
VERTEX
  8
0
 10
393.767074
 20
141.204154
 42
0.010289
  0
VERTEX
  8
0
 10
393.555634
 20
134.090874
 42
0.002285
  0
VERTEX
  8
0
 10
393.500000
 20
121.915806
 42
0.000000
  0
VERTEX
  8
0
 10
393.500000
 20
97.500000
 42
0.000000
  0
VERTEX
  8
0
 10
411.844352
 20
97.227076
 42
-0.003178
  0
VERTEX
  8
0
 10
421.351721
 20
97.025170
 42
-0.015119
  0
VERTEX
  8
0
 10
426.780949
 20
96.710874
 42
-0.022652
  0
VERTEX
  8
0
 10
430.178819
 20
96.255038
 42
-0.152860
  0
VERTEX
  8
0
 10
431.665781
 20
95.477076
 42
0.047597
  0
VERTEX
  8
0
 10
432.350365
 20
94.911747
 42
0.037542
  0
VERTEX
  8
0
 10
433.184753
 20
94.433891
 42
0.038718
  0
VERTEX
  8
0
 10
434.035252
 20
94.106302
 42
0.072693
  0
VERTEX
  8
0
 10
434.762558
 20
94.000000
 42
0.034693
  0
VERTEX
  8
0
 10
435.558472
 20
94.055292
 42
0.436894
  0
VERTEX
  8
0
 10
435.712322
 20
94.276228
 42
0.168603
  0
VERTEX
  8
0
 10
435.486970
 20
94.644125
 42
0.009896
  0
VERTEX
  8
0
 10
434.441130
 20
95.468197
 42
-0.466099
  0
VERTEX
  8
0
 10
434.403946
 20
96.197894
 42
-0.162647
  0
VERTEX
  8
0
 10
435.505665
 20
96.699062
 42
-0.023621
  0
VERTEX
  8
0
 10
439.210160
 20
96.911248
 42
-0.002006
  0
VERTEX
  8
0
 10
448.750000
 20
96.968197
 42
0.000000
  0
VERTEX
  8
0
 10
465.000000
 20
97.000000
 42
0.000000
  0
VERTEX
  8
0
 10
465.000000
 20
88.936642
 42
0.000000
  0
VERTEX
  8
0
 10
465.000000
 20
80.873283
 42
0.000000
  0
VERTEX
  8
0
 10
468.250000
 20
81.186642
 42
0.062641
  0
VERTEX
  8
0
 10
470.119074
 20
81.607037
 42
0.163736
  0
VERTEX
  8
0
 10
471.183502
 20
82.451982
 42
0.434917
  0
VERTEX
  8
0
 10
471.002084
 20
83.176894
 42
0.126948
  0
VERTEX
  8
0
 10
469.750000
 20
83.500000
 42
-0.293376
  0
VERTEX
  8
0
 10
469.171688
 20
83.871281
 42
-0.051097
  0
VERTEX
  8
0
 10
468.734568
 20
85.159138
 42
-0.033822
  0
VERTEX
  8
0
 10
468.406950
 20
87.222133
 42
-0.011524
  0
VERTEX
  8
0
 10
468.204310
 20
90.250000
 42
0.000000
  0
VERTEX
  8
0
 10
467.908620
 20
97.000000
 42
0.000000
  0
VERTEX
  8
0
 10
489.954310
 20
97.000000
 42
0.000000
  0
VERTEX
  8
0
 10
512.000000
 20
97.000000
 42
0.000000
  0
VERTEX
  8
0
 10
512.000000
 20
90.500000
 42
-0.009838
  0
VERTEX
  8
0
 10
511.935222
 20
87.208205
 42
-0.045859
  0
VERTEX
  8
0
 10
511.687500
 20
85.328125
 42
-0.097978
  0
VERTEX
  8
0
 10
511.227115
 20
84.291613
 42
-0.222131
  0
VERTEX
  8
0
 10
510.500000
 20
83.875000
 42
0.001520
  0
VERTEX
  8
0
 10
509.840535
 20
83.818026
 42
0.001064
  0
VERTEX
  8
0
 10
509.097917
 20
83.750000
 42
0.001074
  0
VERTEX
  8
0
 10
508.386798
 20
83.681792
 42
0.002241
  0
VERTEX
  8
0
 10
507.833333
 20
83.625000
 42
0.090245
  0
VERTEX
  8
0
 10
507.356168
 20
83.484302
 42
0.062168
  0
VERTEX
  8
0
 10
506.886979
 20
83.169531
 42
0.060451
  0
VERTEX
  8
0
 10
506.496278
 20
82.737278
 42
0.073241
  0
VERTEX
  8
0
 10
506.250000
 20
82.250000
 42
0.342290
  0
VERTEX
  8
0
 10
506.453241
 20
81.671454
 42
0.093621
  0
VERTEX
  8
0
 10
507.410549
 20
81.281646
 42
0.040570
  0
VERTEX
  8
0
 10
509.270324
 20
81.059475
 42
0.009451
  0
VERTEX
  8
0
 10
512.416667
 20
81.000000
 42
0.000000
  0
VERTEX
  8
0
 10
519.000000
 20
81.000000
 42
0.000000
  0
VERTEX
  8
0
 10
519.000000
 20
52.500000
 42
0.000000
  0
VERTEX
  8
0
 10
519.000000
 20
24.000000
 42
0.000000
  0
VERTEX
  8
0
 10
515.500000
 20
24.000000
 42
0.000000
  0
VERTEX
  8
0
 10
512.000000
 20
24.000000
 42
0.000000
  0
VERTEX
  8
0
 10
512.000000
 20
16.000000
 42
0.000000
  0
VERTEX
  8
0
 10
512.000000
 20
8.000000
 42
0.000000
  0
VERTEX
  8
0
 10
500.250000
 20
7.850168
 42
0.003569
  0
VERTEX
  8
0
 10
495.916914
 20
7.763973
 42
0.008956
  0
VERTEX
  8
0
 10
492.759375
 20
7.621976
 42
0.023984
  0
VERTEX
  8
0
 10
491.249283
 20
7.453952
 42
0.856264
  0
VERTEX
  8
0
 10
491.250000
 20
7.283746
 42
-0.060232
  0
VERTEX
  8
0
 10
492.951200
 20
6.811710
 42
-0.153987
  0
VERTEX
  8
0
 10
493.921186
 20
6.000398
 42
-0.397148
  0
VERTEX
  8
0
 10
493.788914
 20
5.302942
 42
-0.145171
  0
VERTEX
  8
0
 10
492.750000
 20
4.936658
 42
-0.015385
  0
VERTEX
  8
0
 10
484.231438
 20
4.767431
 42
-0.030530
  0
VERTEX
  8
0
 10
477.497198
 20
5.252757
 42
-0.224213
  0
VERTEX
  8
0
 10
476.096941
 20
6.158428
 42
-0.518090
  0
VERTEX
  8
0
 10
476.500000
 20
7.110482
 42
0.822239
  0
VERTEX
  8
0
 10
476.495274
 20
7.349098
 42
0.029556
  0
VERTEX
  8
0
 10
474.800000
 20
7.545934
 42
0.011281
  0
VERTEX
  8
0
 10
471.296400
 20
7.664878
 42
0.004523
  0
VERTEX
  8
0
 10
466.500000
 20
7.676050
 42
0.000782
  0
VERTEX
  8
0
 10
460.092043
 20
7.622985
 42
0.022436
  0
VERTEX
  8
0
 10
458.444861
 20
7.532781
 42
0.928142
  0
VERTEX
  8
0
 10
458.447621
 20
7.422735
 42
0.002863
  0
VERTEX
  8
0
 10
462.284643
 20
7.254927
 42
-0.007230
  0
VERTEX
  8
0
 10
469.890921
 20
6.855691
 42
-0.553382
  0
VERTEX
  8
0
 10
470.370325
 20
5.963414
 42
-0.262517
  0
VERTEX
  8
0
 10
468.933921
 20
5.103362
 42
-0.006514
  0
VERTEX
  8
0
 10
461.000000
 20
5.000000
 42
-0.014148
  0
VERTEX
  8
0
 10
455.711008
 20
5.149693
 42
-0.051065
  0
VERTEX
  8
0
 10
452.386462
 20
5.681537
 42
-0.314306
  0
VERTEX
  8
0
 10
451.717874
 20
6.473598
 42
-0.331271
  0
VERTEX
  8
0
 10
452.243769
 20
7.335642
 42
0.781541
  0
VERTEX
  8
0
 10
452.215395
 20
7.538167
 42
0.009958
  0
VERTEX
  8
0
 10
450.120045
 20
7.716523
 42
0.009599
  0
VERTEX
  8
0
 10
447.097638
 20
7.855049
 42
0.004725
  0
VERTEX
  8
0
 10
443.250000
 20
7.921053
 42
0.000000
  0
VERTEX
  8
0
 10
433.000000
 20
8.000000
 42
0.000000
  0
VERTEX
  8
0
 10
433.000000
 20
41.067388
 42
0.000775
  0
VERTEX
  8
0
 10
432.965872
 20
63.077416
 42
0.015111
  0
VERTEX
  8
0
 10
432.739357
 20
69.872865
 42
0.063355
  0
VERTEX
  8
0
 10
432.166394
 20
72.850783
 42
0.411495
  0
VERTEX
  8
0
 10
430.937687
 20
73.480223
 42
-0.050906
  0
VERTEX
  8
0
 10
429.669277
 20
73.215690
 42
-0.006852
  0
VERTEX
  8
0
 10
426.953454
 20
72.970112
 42
-0.007851
  0
VERTEX
  8
0
 10
423.716182
 20
72.773128
 42
-0.006538
  0
VERTEX
  8
0
 10
420.270353
 20
72.662835
 42
0.008889
  0
VERTEX
  8
0
 10
416.369776
 20
72.519627
 42
0.025225
  0
VERTEX
  8
0
 10
413.663806
 20
72.234685
 42
0.031860
  0
VERTEX
  8
0
 10
411.853955
 20
71.831769
 42
0.246513
  0
VERTEX
  8
0
 10
411.249332
 20
71.250000
 42
0.401304
  0
VERTEX
  8
0
 10
411.535172
 20
70.645961
 42
0.057322
  0
VERTEX
  8
0
 10
412.993814
 20
70.271911
 42
0.028124
  0
VERTEX
  8
0
 10
415.675227
 20
70.056193
 42
0.006011
  0
VERTEX
  8
0
 10
420.349279
 20
70.000000
 42
-0.005278
  0
VERTEX
  8
0
 10
425.707830
 20
69.943435
 42
-0.038259
  0
VERTEX
  8
0
 10
428.270095
 20
69.692581
 42
-0.096654
  0
VERTEX
  8
0
 10
429.634494
 20
69.168425
 42
-0.194230
  0
VERTEX
  8
0
 10
430.300792
 20
68.250000
 42
-0.057181
  0
VERTEX
  8
0
 10
430.473330
 20
66.927188
 42
-0.000954
  0
VERTEX
  8
0
 10
430.573695
 20
59.523438
 42
-0.002447
  0
VERTEX
  8
0
 10
430.631927
 20
50.898984
 42
-0.001623
  0
VERTEX
  8
0
 10
430.618179
 20
41.000000
 42
0.000000
  0
VERTEX
  8
0
 10
430.500000
 20
15.500000
 42
0.000000
  0
VERTEX
  8
0
 10
418.500000
 20
15.000000
 42
0.006263
  0
VERTEX
  8
0
 10
413.469399
 20
14.727232
 42
0.015753
  0
VERTEX
  8
0
 10
409.816327
 20
14.367347
 42
0.013350
  0
VERTEX
  8
0
 10
407.228726
 20
13.959313
 42
0.498987
  0
VERTEX
  8
0
 10
407.000000
 20
13.500000
 42
-0.483389
  0
VERTEX
  8
0
 10
406.792217
 20
13.055062
 42
-0.021882
  0
VERTEX
  8
0
 10
404.891215
 20
12.690245
 42
-0.020502
  0
VERTEX
  8
0
 10
402.088422
 20
12.395302
 42
-0.008202
  0
VERTEX
  8
0
 10
398.233101
 20
12.212251
 42
-0.005995
  0
VERTEX
  8
0
 10
393.287597
 20
12.118023
 42
-0.033312
  0
VERTEX
  8
0
 10
390.637032
 20
12.276024
 42
-0.070199
  0
VERTEX
  8
0
 10
389.117518
 20
12.690527
 42
-0.202167
  0
VERTEX
  8
0
 10
388.376112
 20
13.462251
 42
0.202169
  0
VERTEX
  8
0
 10
387.631935
 20
14.236854
 42
0.063042
  0
VERTEX
  8
0
 10
386.050166
 20
14.692645
 42
0.032196
  0
VERTEX
  8
0
 10
383.346067
 20
14.937396
 42
0.006474
  0
VERTEX
  8
0
 10
378.511147
 20
15.000000
 42
0.000000
  0
VERTEX
  8
0
 10
369.236272
 20
15.000000
 42
0.000000
  0
VERTEX
  8
0
 10
369.091483
 20
23.500000
 42
0.000000
  0
VERTEX
  8
0
 10
368.946693
 20
32.000000
 42
0.000000
  0
VERTEX
  8
0
 10
371.723347
 20
32.097096
 42
-0.005344
  0
VERTEX
  8
0
 10
373.222781
 20
32.133489
 42
-0.001343
  0
VERTEX
  8
0
 10
375.667171
 20
32.160117
 42
-0.001371
  0
VERTEX
  8
0
 10
378.462105
 20
32.175394
 42
-0.001381
  0
VERTEX
  8
0
 10
381.250000
 20
32.175288
 42
0.008050
  0
VERTEX
  8
0
 10
384.920690
 20
32.224106
 42
0.052717
  0
VERTEX
  8
0
 10
386.743528
 20
32.471204
 42
0.137670
  0
VERTEX
  8
0
 10
387.652989
 20
32.984337
 42
0.198066
  0
VERTEX
  8
0
 10
388.002242
 20
33.828192
 42
0.243176
  0
VERTEX
  8
0
 10
387.558071
 20
34.690289
 42
0.119683
  0
VERTEX
  8
0
 10
386.381057
 20
35.160022
 42
0.039185
  0
VERTEX
  8
0
 10
383.947102
 20
35.313955
 42
0.004587
  0
VERTEX
  8
0
 10
378.502242
 20
35.181380
 42
0.000000
  0
VERTEX
  8
0
 10
369.000000
 20
34.862760
 42
0.000000
  0
VERTEX
  8
0
 10
369.000000
 20
52.422727
 42
0.000000
  0
VERTEX
  8
0
 10
369.000000
 20
69.982694
 42
0.000000
  0
VERTEX
  8
0
 10
381.402898
 20
69.741347
 42
0.002678
  0
VERTEX
  8
0
 10
388.905493
 20
69.635551
 42
0.033645
  0
VERTEX
  8
0
 10
391.734402
 20
69.801291
 42
0.169911
  0
VERTEX
  8
0
 10
392.773998
 20
70.319461
 42
0.326924
  0
VERTEX
  8
0
 10
392.897229
 20
71.194851
 42
0.140967
  0
VERTEX
  8
0
 10
392.075510
 20
72.038591
 42
0.080496
  0
VERTEX
  8
0
 10
390.732801
 20
72.540752
 42
0.042356
  0
VERTEX
  8
0
 10
388.543348
 20
72.788285
 42
0.009243
  0
VERTEX
  8
0
 10
384.744331
 20
72.824120
 42
-0.001890
  0
VERTEX
  8
0
 10
381.659271
 20
72.807850
 42
-0.001573
  0
VERTEX
  8
0
 10
378.379585
 20
72.813267
 42
-0.001587
  0
VERTEX
  8
0
 10
375.376984
 20
72.837206
 42
-0.004313
  0
VERTEX
  8
0
 10
373.250000
 20
72.879269
 42
0.000000
  0
VERTEX
  8
0
 10
369.000000
 20
73.000000
 42
0.000000
  0
VERTEX
  8
0
 10
369.000000
 20
81.500000
 42
0.007232
  0
VERTEX
  8
0
 10
368.940773
 20
85.594635
 42
0.030370
  0
VERTEX
  8
0
 10
368.720588
 20
88.044118
 42
0.057339
  0
VERTEX
  8
0
 10
368.345388
 20
89.427083
 42
0.361835
  0
VERTEX
  8
0
 10
367.750000
 20
89.750000
 42
-0.341186
  0
VERTEX
  8
0
 10
367.154527
 20
90.045180
 42
-0.060628
  0
VERTEX
  8
0
 10
366.721508
 20
91.301670
 42
-0.033609
  0
VERTEX
  8
0
 10
366.404803
 20
93.492270
 42
-0.009133
  0
VERTEX
  8
0
 10
366.201382
 20
96.988223
 42
-0.012430
  0
VERTEX
  8
0
 10
366.119504
 20
102.446551
 42
-0.036982
  0
VERTEX
  8
0
 10
366.432350
 20
106.171590
 42
-0.074752
  0
VERTEX
  8
0
 10
367.077718
 20
108.207703
 42
-0.443039
  0
VERTEX
  8
0
 10
368.029317
 20
108.481881
 42
0.272831
  0
VERTEX
  8
0
 10
368.396135
 20
108.474222
 42
0.150868
  0
VERTEX
  8
0
 10
368.714862
 20
108.809902
 42
0.078591
  0
VERTEX
  8
0
 10
368.931142
 20
109.501330
 42
0.036591
  0
VERTEX
  8
0
 10
369.000000
 20
110.440983
 42
0.041805
  0
VERTEX
  8
0
 10
368.915000
 20
111.455836
 42
0.082451
  0
VERTEX
  8
0
 10
368.652306
 20
112.218658
 42
0.125998
  0
VERTEX
  8
0
 10
368.248115
 20
112.655270
 42
0.195084
  0
VERTEX
  8
0
 10
367.750000
 20
112.750000
 42
-0.375401
  0
VERTEX
  8
0
 10
367.146283
 20
113.096346
 42
-0.049386
  0
VERTEX
  8
0
 10
366.776316
 20
114.655263
 42
-0.027289
  0
VERTEX
  8
0
 10
366.558140
 20
117.384941
 42
-0.006299
  0
VERTEX
  8
0
 10
366.500000
 20
122.000000
 42
-0.006299
  0
VERTEX
  8
0
 10
366.558140
 20
126.615059
 42
-0.027289
  0
VERTEX
  8
0
 10
366.776316
 20
129.344737
 42
-0.049386
  0
VERTEX
  8
0
 10
367.146283
 20
130.903654
 42
-0.375401
  0
VERTEX
  8
0
 10
367.750000
 20
131.250000
 42
0.192646
  0
VERTEX
  8
0
 10
368.245456
 20
131.341814
 42
0.125613
  0
VERTEX
  8
0
 10
368.650000
 20
131.770000
 42
0.083466
  0
VERTEX
  8
0
 10
368.914114
 20
132.515332
 42
0.043529
  0
VERTEX
  8
0
 10
369.000000
 20
133.500000
 42
0.043529
  0
VERTEX
  8
0
 10
368.914114
 20
134.484668
 42
0.083466
  0
VERTEX
  8
0
 10
368.650000
 20
135.230000
 42
0.125613
  0
VERTEX
  8
0
 10
368.245456
 20
135.658186
 42
0.192646
  0
VERTEX
  8
0
 10
367.750000
 20
135.750000
 42
-0.375295
  0
VERTEX
  8
0
 10
367.134934
 20
136.102705
 42
-0.043427
  0
VERTEX
  8
0
 10
366.716310
 20
137.775087
 42
-0.025993
  0
VERTEX
  8
0
 10
366.410582
 20
140.634804
 42
-0.006349
  0
VERTEX
  8
0
 10
366.212323
 20
145.371447
 42
-0.004131
  0
VERTEX
  8
0
 10
366.095808
 20
150.952802
 42
-0.036637
  0
VERTEX
  8
0
 10
366.244838
 20
153.407801
 42
-0.137413
  0
VERTEX
  8
0
 10
366.692475
 20
154.446268
 42
-0.325048
  0
VERTEX
  8
0
 10
367.462323
 20
154.652832
 42
0.289060
  0
VERTEX
  8
0
 10
368.235445
 20
154.806634
 42
0.155607
  0
VERTEX
  8
0
 10
368.721829
 20
155.690837
 42
0.043275
  0
VERTEX
  8
0
 10
368.950600
 20
157.807306
 42
0.005294
  0
VERTEX
  8
0
 10
369.000000
 20
162.472368
 42
-0.011101
  0
VERTEX
  8
0
 10
369.072546
 20
165.739535
 42
-0.016481
  0
VERTEX
  8
0
 10
369.293750
 20
168.593194
 42
-0.011609
  0
VERTEX
  8
0
 10
369.604338
 20
170.905199
 42
-0.218498
  0
VERTEX
  8
0
 10
370.000000
 20
171.500000
 42
0.088250
  0
VERTEX
  8
0
 10
370.382836
 20
171.842344
 42
0.053305
  0
VERTEX
  8
0
 10
370.706250
 20
172.359775
 42
0.051278
  0
VERTEX
  8
0
 10
370.925833
 20
172.961978
 42
0.061875
  0
VERTEX
  8
0
 10
371.000000
 20
173.559017
 42
0.277958
  0
VERTEX
  8
0
 10
370.570149
 20
174.272508
 42
0.079243
  0
VERTEX
  8
0
 10
369.293874
 20
174.707078
 42
0.035709
  0
VERTEX
  8
0
 10
366.929225
 20
174.941094
 42
0.006814
  0
VERTEX
  8
0
 10
362.606989
 20
175.000000
 42
0.012213
  0
VERTEX
  8
0
 10
357.378955
 20
174.872281
 42
0.077157
  0
VERTEX
  8
0
 10
354.777671
 20
174.337228
 42
0.175202
  0
VERTEX
  8
0
 10
353.484771
 20
173.239917
 42
0.130779
  0
VERTEX
  8
0
 10
353.000000
 20
171.418213
 42
0.385808
  0
VERTEX
  8
0
 10
353.152152
 20
171.250377
 42
0.005514
  0
VERTEX
  8
0
 10
354.615625
 20
171.122850
 42
0.011844
  0
VERTEX
  8
0
 10
356.391135
 20
171.030074
 42
0.007130
  0
VERTEX
  8
0
 10
358.500000
 20
171.000000
 42
0.000000
  0
VERTEX
  8
0
 10
364.000000
 20
171.000000
 42
0.000000
  0
VERTEX
  8
0
 10
364.000000
 20
90.513853
 42
0.000000
  0
VERTEX
  8
0
 10
364.000000
 20
10.027706
 42
0.000000
  0
VERTEX
  8
0
 10
396.250000
 20
9.763853
 42
0.000000
  0
VERTEX
  8
0
 10
428.500000
 20
9.500000
 42
0.000000
  0
VERTEX
  8
0
 10
428.193490
 20
6.429772
 42
0.000000
  0
VERTEX
  8
0
 10
427.886981
 20
3.359544
 42
0.000000
  0
VERTEX
  8
0
 10
472.398905
 20
3.342393
 42
0.001105
  0
VERTEX
  8
0
 10
495.657489
 20
3.384830
 42
0.006144
  0
VERTEX
  8
0
 10
508.144392
 20
3.588668
 42
0.003950
  0
VERTEX
  8
0
 10
516.383430
 20
3.889622
 42
0.298406
  0
VERTEX
  8
0
 10
517.411741
 20
4.630596
 42
0.055300
  0
VERTEX
  8
0
 10
517.550808
 20
5.162081
 42
0.065844
  0
VERTEX
  8
0
 10
517.558026
 20
5.679959
 42
0.077510
  0
VERTEX
  8
0
 10
517.438944
 20
6.106464
 42
0.149333
  0
VERTEX
  8
0
 10
517.206326
 20
6.369844
 42
-0.235868
  0
VERTEX
  8
0
 10
516.939140
 20
6.799191
 42
-0.010219
  0
VERTEX
  8
0
 10
516.806169
 20
8.618619
 42
-0.015555
  0
VERTEX
  8
0
 10
516.758375
 20
10.850616
 42
-0.010267
  0
VERTEX
  8
0
 10
516.835950
 20
13.415950
 42
0.000000
  0
VERTEX
  8
0
 10
517.171901
 20
20.028162
 42
0.000000
  0
VERTEX
  8
0
 10
520.536974
 20
19.657334
 42
0.000000
  0
VERTEX
  8
0
 10
523.902046
 20
19.286506
 42
0.000000
  0
VERTEX
  8
0
 10
523.973212
 20
52.445043
 42
0.000000
  0
VERTEX
  8
0
 10
524.044377
 20
85.603579
 42
0.000000
  0
VERTEX
  8
0
 10
520.672360
 20
85.209915
 42
0.000000
  0
VERTEX
  8
0
 10
517.300344
 20
84.816251
 42
0.000000
  0
VERTEX
  8
0
 10
516.691975
 20
89.952976
 42
-0.018401
  0
VERTEX
  8
0
 10
516.519009
 20
92.081332
 42
-0.018096
  0
VERTEX
  8
0
 10
516.501608
 20
94.228551
 42
-0.018309
  0
VERTEX
  8
0
 10
516.623387
 20
96.108177
 42
-0.063222
  0
VERTEX
  8
0
 10
516.898222
 20
97.294851
 42
0.095178
  0
VERTEX
  8
0
 10
517.320069
 20
99.842692
 42
0.288409
  0
VERTEX
  8
0
 10
516.388493
 20
101.242246
 42
0.097389
  0
VERTEX
  8
0
 10
513.643354
 20
101.878554
 42
0.008402
  0
VERTEX
  8
0
 10
506.416667
 20
102.000000
 42
-0.006750
  0
VERTEX
  8
0
 10
502.420660
 20
102.053947
 42
-0.011172
  0
VERTEX
  8
0
 10
499.051632
 20
102.220313
 42
-0.004920
  0
VERTEX
  8
0
 10
496.257446
 20
102.448608
 42
-0.376957
  0
VERTEX
  8
0
 10
495.971868
 20
102.750000
 42
-0.009135
  0
VERTEX
  8
0
 10
495.902390
 20
106.364003
 42
-0.000048
  0
VERTEX
  8
0
 10
495.872129
 20
141.702972
 42
-0.000223
  0
VERTEX
  8
0
 10
495.862034
 20
173.928077
 42
-0.001069
  0
VERTEX
  8
0
 10
495.903801
 20
192.312858
 42
-0.001610
  0
VERTEX
  8
0
 10
496.004837
 20
205.553006
 42
-0.018571
  0
VERTEX
  8
0
 10
496.254212
 20
210.745423
 42
-0.053765
  0
VERTEX
  8
0
 10
496.749432
 20
213.285391
 42
-0.357169
  0
VERTEX
  8
0
 10
497.750000
 20
213.947704
 42
0.099983
  0
VERTEX
  8
0
 10
500.621718
 20
214.229835
 42
0.262306
  0
VERTEX
  8
0
 10
501.999887
 20
215.678375
 42
0.059833
  0
VERTEX
  8
0
 10
502.467881
 20
219.316586
 42
0.002343
  0
VERTEX
  8
0
 10
502.518141
 20
232.821601
 42
0.000000
  0
VERTEX
  8
0
 10
502.500000
 20
251.643203
 42
0.000000
  0
VERTEX
  8
0
 10
499.794601
 20
251.485019
 42
-0.024610
  0
VERTEX
  8
0
 10
498.677783
 20
251.474751
 42
-0.024217
  0
VERTEX
  8
0
 10
497.559293
 20
251.573929
 42
-0.024944
  0
VERTEX
  8
0
 10
496.590347
 20
251.757004
 42
-0.079405
  0
VERTEX
  8
0
 10
495.984111
 20
252.009820
 42
-0.254630
  0
VERTEX
  8
0
 10
495.094532
 20
253.568708
 42
-0.001692
  0
VERTEX
  8
0
 10
494.827353
 20
269.748523
 42
-0.005101
  0
VERTEX
  8
0
 10
494.783521
 20
284.728901
 42
-0.052280
  0
VERTEX
  8
0
 10
495.473798
 20
290.880702
 42
0.000000
  0
VERTEX
  8
0
 10
496.158911
 20
294.000000
 42
0.000000
  0
VERTEX
  8
0
 10
467.048070
 20
294.000000
 42
-0.001509
  0
VERTEX
  8
0
 10
450.815041
 20
294.049006
 42
-0.011065
  0
VERTEX
  8
0
 10
443.050872
 20
294.267757
 42
-0.015262
  0
VERTEX
  8
0
 10
438.471081
 20
294.638696
 42
-0.280273
  0
VERTEX
  8
0
 10
437.363830
 20
295.494256
 42
0.064087
  0
VERTEX
  8
0
 10
437.077963
 20
296.024563
 42
0.094924
  0
VERTEX
  8
0
 10
436.695897
 20
296.387051
 42
0.122111
  0
VERTEX
  8
0
 10
436.281217
 20
296.527613
 42
0.160704
  0
VERTEX
  8
0
 10
435.895215
 20
296.435239
 42
-0.453426
  0
VERTEX
  8
0
 10
435.550658
 20
296.541003
 42
-0.051858
  0
VERTEX
  8
0
 10
435.262969
 20
297.415129
 42
-0.035473
  0
VERTEX
  8
0
 10
435.063520
 20
298.796341
 42
-0.018126
  0
VERTEX
  8
0
 10
435.000000
 20
300.547972
 42
-0.011206
  0
VERTEX
  8
0
 10
435.055909
 20
303.042349
 42
-0.081985
  0
VERTEX
  8
0
 10
435.302287
 20
304.207281
 42
-0.240362
  0
VERTEX
  8
0
 10
435.799906
 20
304.649921
 42
-0.156670
  0
VERTEX
  8
0
 10
436.583560
 20
304.606309
 42
0.044626
  0
VERTEX
  8
0
 10
437.235965
 20
304.420673
 42
0.174639
  0
VERTEX
  8
0
 10
437.643197
 20
304.485459
 42
0.260714
  0
VERTEX
  8
0
 10
437.817509
 20
304.765252
 42
0.092388
  0
VERTEX
  8
0
 10
437.750694
 20
305.249320
 42
0.091548
  0
VERTEX
  8
0
 10
437.474152
 20
305.750747
 42
0.056049
  0
VERTEX
  8
0
 10
436.988945
 20
306.223338
 42
0.053725
  0
VERTEX
  8
0
 10
436.382100
 20
306.597824
 42
0.063568
  0
VERTEX
  8
0
 10
435.742276
 20
306.808853
 42
0.268209
  0
VERTEX
  8
0
 10
434.919702
 20
306.524838
 42
0.122098
  0
VERTEX
  8
0
 10
434.384870
 20
305.475223
 42
0.041734
  0
VERTEX
  8
0
 10
434.057685
 20
303.232193
 42
0.005867
  0
SEQEND
  0
POLYLINE
  8
0
 66
1
 70
1
  0
VERTEX
  8
0
 10
494.723396
 20
200.750000
 42
-0.108536
  0
VERTEX
  8
0
 10
494.576315
 20
200.333801
 42
-0.707215
  0
VERTEX
  8
0
 10
494.438550
 20
200.364063
 42
-0.025693
  0
VERTEX
  8
0
 10
494.344207
 20
201.670434
 42
-0.005179
  0
VERTEX
  8
0
 10
494.320074
 20
204.000000
 42
-0.005179
  0
VERTEX
  8
0
 10
494.344207
 20
206.329566
 42
-0.025693
  0
VERTEX
  8
0
 10
494.438550
 20
207.635937
 42
-0.707215
  0
VERTEX
  8
0
 10
494.576315
 20
207.666199
 42
-0.108536
  0
VERTEX
  8
0
 10
494.723396
 20
207.250000
 42
-0.019375
  0
VERTEX
  8
0
 10
494.849065
 20
205.770235
 42
-0.011494
  0
VERTEX
  8
0
 10
494.889766
 20
204.000000
 42
-0.011494
  0
VERTEX
  8
0
 10
494.849065
 20
202.229765
 42
-0.019375
  0
SEQEND
  0
POLYLINE
  8
0
 66
1
 70
1
  0
VERTEX
  8
0
 10
494.729798
 20
181.272304
 42
-0.062969
  0
VERTEX
  8
0
 10
494.583963
 20
180.648711
 42
-0.785070
  0
VERTEX
  8
0
 10
494.449454
 20
180.664364
 42
-0.026082
  0
VERTEX
  8
0
 10
494.354021
 20
181.993969
 42
-0.004587
  0
VERTEX
  8
0
 10
494.328140
 20
184.500000
 42
-0.004873
  0
VERTEX
  8
0
 10
494.349747
 20
187.014488
 42
-0.021409
  0
VERTEX
  8
0
 10
494.440431
 20
188.495614
 42
-0.613017
  0
VERTEX
  8
0
 10
494.577707
 20
188.548380
 42
-0.180442
  0
VERTEX
  8
0
 10
494.721732
 20
188.272304
 42
-0.020120
  0
VERTEX
  8
0
 10
494.847937
 20
186.765662
 42
-0.010546
  0
VERTEX
  8
0
 10
494.889785
 20
184.884630
 42
-0.010474
  0
VERTEX
  8
0
 10
494.851521
 20
182.951761
 42
-0.015806
  0
SEQEND
  0
POLYLINE
  8
0
 66
1
 70
1
  0
VERTEX
  8
0
 10
494.733497
 20
142.776433
 42
-0.057523
  0
VERTEX
  8
0
 10
494.591560
 20
142.092045
 42
-0.807686
  0
VERTEX
  8
0
 10
494.460299
 20
142.106202
 42
-0.022011
  0
VERTEX
  8
0
 10
494.367640
 20
143.635274
 42
-0.003921
  0
VERTEX
  8
0
 10
494.342810
 20
146.500000
 42
-0.004138
  0
VERTEX
  8
0
 10
494.364217
 20
149.373175
 42
-0.018464
  0
VERTEX
  8
0
 10
494.452910
 20
151.056202
 42
-0.661512
  0
VERTEX
  8
0
 10
494.586732
 20
151.099419
 42
-0.153636
  0
VERTEX
  8
0
 10
494.726893
 20
150.776433
 42
-0.016947
  0
VERTEX
  8
0
 10
494.849527
 20
149.043501
 42
-0.008983
  0
VERTEX
  8
0
 10
494.889991
 20
146.890462
 42
-0.008930
  0
VERTEX
  8
0
 10
494.852417
 20
144.684837
 42
-0.013671
  0
SEQEND
  0
POLYLINE
  8
0
 66
1
 70
1
  0
VERTEX
  8
0
 10
494.728468
 20
122.250000
 42
-0.095407
  0
VERTEX
  8
0
 10
494.585580
 20
121.778855
 42
-0.741699
  0
VERTEX
  8
0
 10
494.451433
 20
121.804688
 42
-0.021699
  0
VERTEX
  8
0
 10
494.359651
 20
123.311593
 42
-0.004360
  0
VERTEX
  8
0
 10
494.336206
 20
126.000000
 42
-0.004360
  0
VERTEX
  8
0
 10
494.359651
 20
128.688407
 42
-0.021699
  0
VERTEX
  8
0
 10
494.451433
 20
130.195312
 42
-0.741699
  0
VERTEX
  8
0
 10
494.585580
 20
130.221145
 42
-0.095407
  0
VERTEX
  8
0
 10
494.728468
 20
129.750000
 42
-0.016375
  0
VERTEX
  8
0
 10
494.850713
 20
128.042668
 42
-0.009683
  0
VERTEX
  8
0
 10
494.890277
 20
126.000000
 42
-0.009683
  0
VERTEX
  8
0
 10
494.850713
 20
123.957332
 42
-0.016375
  0
SEQEND
  0
POLYLINE
  8
0
 66
1
 70
1
  0
VERTEX
  8
0
 10
522.000000
 20
64.000000
 42
-0.008055
  0
VERTEX
  8
0
 10
521.934243
 20
59.918453
 42
-0.016864
  0
VERTEX
  8
0
 10
521.725000
 20
56.750000
 42
-0.012451
  0
VERTEX
  8
0
 10
521.426633
 20
54.367196
 42
-0.371083
  0
VERTEX
  8
0
 10
521.000000
 20
54.000000
 42
-0.371083
  0
VERTEX
  8
0
 10
520.573367
 20
54.367196
 42
-0.012451
  0
VERTEX
  8
0
 10
520.275000
 20
56.750000
 42
-0.016864
  0
VERTEX
  8
0
 10
520.065757
 20
59.918453
 42
-0.008055
  0
VERTEX
  8
0
 10
520.000000
 20
64.000000
 42
-0.008055
  0
VERTEX
  8
0
 10
520.065757
 20
68.081547
 42
-0.016864
  0
VERTEX
  8
0
 10
520.275000
 20
71.250000
 42
-0.012451
  0
VERTEX
  8
0
 10
520.573367
 20
73.632804
 42
-0.371083
  0
VERTEX
  8
0
 10
521.000000
 20
74.000000
 42
-0.371083
  0
VERTEX
  8
0
 10
521.426633
 20
73.632804
 42
-0.012451
  0
VERTEX
  8
0
 10
521.725000
 20
71.250000
 42
-0.016864
  0
VERTEX
  8
0
 10
521.934243
 20
68.081547
 42
-0.008055
  0
SEQEND
  0
POLYLINE
  8
0
 66
1
 70
1
  0
VERTEX
  8
0
 10
522.000000
 20
40.440983
 42
-0.008640
  0
VERTEX
  8
0
 10
521.933731
 20
36.606450
 42
-0.017744
  0
VERTEX
  8
0
 10
521.723520
 20
33.610246
 42
-0.013538
  0
VERTEX
  8
0
 10
521.423469
 20
31.360727
 42
-0.368182
  0
VERTEX
  8
0
 10
521.000000
 20
31.000000
 42
-0.371370
  0
VERTEX
  8
0
 10
520.573049
 20
31.367846
 42
-0.012343
  0
VERTEX
  8
0
 10
520.274853
 20
33.764754
 42
-0.016776
  0
VERTEX
  8
0
 10
520.065706
 20
36.951389
 42
-0.007998
  0
VERTEX
  8
0
 10
520.000000
 20
41.059017
 42
-0.006931
  0
VERTEX
  8
0
 10
520.059487
 20
45.349957
 42
-0.019453
  0
VERTEX
  8
0
 10
520.259493
 20
48.347413
 42
-0.022894
  0
VERTEX
  8
0
 10
520.558436
 20
50.308047
 42
-0.522927
  0
VERTEX
  8
0
 10
521.000000
 20
50.500000
 42
-0.223356
  0
VERTEX
  8
0
 10
521.398282
 20
49.889062
 42
-0.009784
  0
VERTEX
  8
0
 10
521.707154
 20
47.298201
 42
-0.014948
  0
VERTEX
  8
0
 10
521.927807
 20
44.114385
 42
-0.009825
  0
SEQEND
  0
POLYLINE
  8
0
 66
1
 70
1
  0
VERTEX
  8
0
 10
405.333333
 20
302.543989
 42
0.057730
  0
VERTEX
  8
0
 10
405.393656
 20
302.023273
 42
0.124167
  0
VERTEX
  8
0
 10
405.578125
 20
301.666970
 42
0.190804
  0
VERTEX
  8
0
 10
405.850897
 20
301.528782
 42
0.162770
  0
VERTEX
  8
0
 10
406.166667
 20
301.603006
 42
0.071639
  0
VERTEX
  8
0
 10
406.485481
 20
301.869696
 42
0.052880
  0
VERTEX
  8
0
 10
406.755208
 20
302.243158
 42
0.053298
  0
VERTEX
  8
0
 10
406.938439
 20
302.660916
 42
0.076861
  0
VERTEX
  8
0
 10
407.000000
 20
303.059017
 42
0.087308
  0
VERTEX
  8
0
 10
406.936779
 20
303.418314
 42
0.094392
  0
VERTEX
  8
0
 10
406.755208
 20
303.723586
 42
0.100145
  0
VERTEX
  8
0
 10
406.484563
 20
303.927786
 42
0.112153
  0
VERTEX
  8
0
 10
406.166667
 20
304.000000
 42
0.170324
  0
VERTEX
  8
0
 10
405.848724
 20
303.888458
 42
0.094314
  0
VERTEX
  8
0
 10
405.578125
 20
303.572297
 42
0.074868
  0
VERTEX
  8
0
 10
405.395108
 20
303.100961
 42
0.055286
  0
SEQEND
  0
POLYLINE
  8
0
 66
1
 70
1
  0
VERTEX
  8
0
 10
396.500000
 20
302.000000
 42
0.082592
  0
VERTEX
  8
0
 10
396.343488
 20
301.617900
 42
0.161196
  0
VERTEX
  8
0
 10
396.374600
 20
301.293750
 42
0.182303
  0
VERTEX
  8
0
 10
396.586039
 20
301.078288
 42
0.108972
  0
VERTEX
  8
0
 10
396.940983
 20
301.000000
 42
0.093332
  0
VERTEX
  8
0
 10
397.345238
 20
301.076123
 42
0.096420
  0
VERTEX
  8
0
 10
397.688914
 20
301.293750
 42
0.099167
  0
VERTEX
  8
0
 10
397.918938
 20
301.618444
 42
0.105053
  0
VERTEX
  8
0
 10
398.000000
 20
302.000000
 42
0.042167
  0
VERTEX
  8
0
 10
397.967655
 20
302.382849
 42
0.061769
  0
VERTEX
  8
0
 10
397.870461
 20
302.706250
 42
0.081139
  0
VERTEX
  8
0
 10
397.727648
 20
302.925540
 42
0.210953
  0
VERTEX
  8
0
 10
397.559017
 20
303.000000
 42
0.151918
  0
VERTEX
  8
0
 10
397.348290
 20
302.934461
 42
0.038439
  0
VERTEX
  8
0
 10
397.066025
 20
302.706250
 42
0.035638
  0
VERTEX
  8
0
 10
396.768994
 20
302.382774
 42
0.029505
  0
SEQEND
  0
POLYLINE
  8
0
 66
1
 70
1
  0
VERTEX
  8
0
 10
259.000000
 20
301.091444
 42
-0.021325
  0
VERTEX
  8
0
 10
259.630643
 20
300.603821
 42
-0.161814
  0
VERTEX
  8
0
 10
259.824151
 20
300.287572
 42
-0.393062
  0
VERTEX
  8
0
 10
259.709625
 20
300.087900
 42
-0.072317
  0
VERTEX
  8
0
 10
259.250000
 20
300.015313
 42
0.083154
  0
VERTEX
  8
0
 10
258.772607
 20
299.929341
 42
0.091721
  0
VERTEX
  8
0
 10
258.367188
 20
299.693412
 42
0.099230
  0
VERTEX
  8
0
 10
258.095977
 20
299.346132
 42
0.116830
  0
VERTEX
  8
0
 10
258.000000
 20
298.940983
 42
0.108972
  0
VERTEX
  8
0
 10
258.078288
 20
298.586039
 42
0.182303
  0
VERTEX
  8
0
 10
258.293750
 20
298.374600
 42
0.161196
  0
VERTEX
  8
0
 10
258.617900
 20
298.343488
 42
0.082592
  0
VERTEX
  8
0
 10
259.000000
 20
298.500000
 42
-0.074422
  0
VERTEX
  8
0
 10
259.382495
 20
298.663978
 42
-0.151112
  0
VERTEX
  8
0
 10
259.706250
 20
298.649879
 42
-0.187673
  0
VERTEX
  8
0
 10
259.920347
 20
298.464174
 42
-0.121914
  0
VERTEX
  8
0
 10
260.000000
 20
298.142350
 42
-0.091570
  0
VERTEX
  8
0
 10
259.924111
 20
297.731447
 42
-0.059869
  0
VERTEX
  8
0
 10
259.698906
 20
297.303951
 42
-0.057745
  0
VERTEX
  8
0
 10
259.366970
 20
296.925348
 42
-0.068916
  0
VERTEX
  8
0
 10
258.975000
 20
296.658333
 42
0.021854
  0
VERTEX
  8
0
 10
258.637176
 20
296.471980
 42
0.485648
  0
VERTEX
  8
0
 10
258.625625
 20
296.375208
 42
0.236791
  0
VERTEX
  8
0
 10
258.766318
 20
296.328524
 42
0.013819
  0
VERTEX
  8
0
 10
259.225000
 20
296.408333
 42
0.259772
  0
VERTEX
  8
0
 10
260.183663
 20
297.229366
 42
0.099431
  0
VERTEX
  8
0
 10
260.466138
 20
299.024710
 42
0.094662
  0
VERTEX
  8
0
 10
260.035925
 20
300.854548
 42
0.224836
  0
VERTEX
  8
0
 10
259.000000
 20
301.742798
 42
0.005221
  0
VERTEX
  8
0
 10
258.093439
 20
301.980123
 42
0.488120
  0
VERTEX
  8
0
 10
258.000000
 20
301.907215
 42
0.240158
  0
VERTEX
  8
0
 10
258.079634
 20
301.750983
 42
0.003117
  0
SEQEND
  0
POLYLINE
  8
0
 66
1
 70
1
  0
VERTEX
  8
0
 10
307.733333
 20
297.875912
 42
0.043285
  0
VERTEX
  8
0
 10
308.246577
 20
297.441312
 42
0.063152
  0
VERTEX
  8
0
 10
308.768815
 20
297.162781
 42
0.082976
  0
VERTEX
  8
0
 10
309.220211
 20
297.072099
 42
0.207420
  0
VERTEX
  8
0
 10
309.526461
 20
297.193128
 42
0.278911
  0
VERTEX
  8
0
 10
309.592490
 20
297.461316
 42
0.120343
  0
VERTEX
  8
0
 10
309.395085
 20
297.789051
 42
0.070189
  0
VERTEX
  8
0
 10
308.940734
 20
298.133723
 42
0.036269
  0
VERTEX
  8
0
 10
308.293128
 20
298.435707
 42
0.008399
  0
VERTEX
  8
0
 10
307.336218
 20
298.781790
 42
0.286372
  0
VERTEX
  8
0
 10
307.111181
 20
298.729672
 42
0.400052
  0
VERTEX
  8
0
 10
307.106486
 20
298.536448
 42
0.011214
  0
SEQEND
  0
POLYLINE
  8
0
 66
1
 70
1
  0
VERTEX
  8
0
 10
303.500000
 20
294.000000
 42
0.082592
  0
VERTEX
  8
0
 10
303.343488
 20
293.617900
 42
0.161196
  0
VERTEX
  8
0
 10
303.374600
 20
293.293750
 42
0.182303
  0
VERTEX
  8
0
 10
303.586039
 20
293.078288
 42
0.108972
  0
VERTEX
  8
0
 10
303.940983
 20
293.000000
 42
0.093332
  0
VERTEX
  8
0
 10
304.345238
 20
293.076123
 42
0.096420
  0
VERTEX
  8
0
 10
304.688914
 20
293.293750
 42
0.099167
  0
VERTEX
  8
0
 10
304.918938
 20
293.618444
 42
0.105053
  0
VERTEX
  8
0
 10
305.000000
 20
294.000000
 42
0.042167
  0
VERTEX
  8
0
 10
304.967655
 20
294.382849
 42
0.061769
  0
VERTEX
  8
0
 10
304.870461
 20
294.706250
 42
0.081139
  0
VERTEX
  8
0
 10
304.727648
 20
294.925540
 42
0.210953
  0
VERTEX
  8
0
 10
304.559017
 20
295.000000
 42
0.151918
  0
VERTEX
  8
0
 10
304.348290
 20
294.934461
 42
0.038439
  0
VERTEX
  8
0
 10
304.066025
 20
294.706250
 42
0.035638
  0
VERTEX
  8
0
 10
303.768994
 20
294.382774
 42
0.029505
  0
SEQEND
  0
POLYLINE
  8
0
 66
1
 70
1
  0
VERTEX
  8
0
 10
365.157895
 20
292.000000
 42
0.017491
  0
VERTEX
  8
0
 10
365.189089
 20
291.108560
 42
0.078554
  0
VERTEX
  8
0
 10
365.306058
 20
290.601562
 42
0.447206
  0
VERTEX
  8
0
 10
365.474999
 20
290.540618
 42
0.174857
  0
VERTEX
  8
0
 10
365.662281
 20
290.750000
 42
0.057986
  0
VERTEX
  8
0
 10
365.818615
 20
291.320008
 42
0.037979
  0
VERTEX
  8
0
 10
365.870340
 20
292.000000
 42
0.037979
  0
VERTEX
  8
0
 10
365.818615
 20
292.679992
 42
0.057986
  0
VERTEX
  8
0
 10
365.662281
 20
293.250000
 42
0.174857
  0
VERTEX
  8
0
 10
365.474999
 20
293.459382
 42
0.447206
  0
VERTEX
  8
0
 10
365.306058
 20
293.398438
 42
0.078554
  0
VERTEX
  8
0
 10
365.189089
 20
292.891440
 42
0.017491
  0
SEQEND
  0
POLYLINE
  8
0
 66
1
 70
1
  0
VERTEX
  8
0
 10
290.078947
 20
289.416667
 42
0.018894
  0
VERTEX
  8
0
 10
290.137993
 20
288.670344
 42
0.168741
  0
VERTEX
  8
0
 10
290.279315
 20
288.378580
 42
0.470617
  0
VERTEX
  8
0
 10
290.461564
 20
288.395823
 42
0.054073
  0
VERTEX
  8
0
 10
290.683114
 20
288.812500
 42
0.051402
  0
VERTEX
  8
0
 10
290.839148
 20
289.359369
 42
0.054150
  0
VERTEX
  8
0
 10
290.876576
 20
289.916927
 42
0.060344
  0
VERTEX
  8
0
 10
290.797407
 20
290.402231
 42
0.126455
  0
VERTEX
  8
0
 10
290.604167
 20
290.729167
 42
0.296942
  0
VERTEX
  8
0
 10
290.385309
 20
290.775380
 42
0.208169
  0
VERTEX
  8
0
 10
290.200665
 20
290.592839
 42
0.077125
  0
VERTEX
  8
0
 10
290.089945
 20
290.112848
 42
0.028489
  0
SEQEND
  0
POLYLINE
  8
0
 66
1
 70
1
  0
VERTEX
  8
0
 10
332.000000
 20
290.606989
 42
0.225200
  0
VERTEX
  8
0
 10
332.088769
 20
290.419896
 42
0.029412
  0
VERTEX
  8
0
 10
332.455882
 20
290.154486
 42
0.029555
  0
VERTEX
  8
0
 10
332.957462
 20
289.875192
 42
0.020646
  0
VERTEX
  8
0
 10
333.551938
 20
289.618443
 42
0.036408
  0
VERTEX
  8
0
 10
334.131719
 20
289.443138
 42
0.155351
  0
VERTEX
  8
0
 10
334.487528
 20
289.474315
 42
0.329480
  0
VERTEX
  8
0
 10
334.606889
 20
289.674071
 42
0.114400
  0
VERTEX
  8
0
 10
334.492921
 20
290.011454
 42
0.115814
  0
VERTEX
  8
0
 10
333.901891
 20
290.603931
 42
0.080554
  0
VERTEX
  8
0
 10
333.026239
 20
290.969265
 42
0.115534
  0
VERTEX
  8
0
 10
332.291154
 20
290.972535
 42
0.349578
  0
SEQEND
  0
POLYLINE
  8
0
 66
1
 70
1
  0
VERTEX
  8
0
 10
551.194949
 20
287.500000
 42
0.012823
  0
VERTEX
  8
0
 10
551.235556
 20
286.431793
 42
0.080377
  0
VERTEX
  8
0
 10
551.356533
 20
285.900903
 42
0.597527
  0
VERTEX
  8
0
 10
551.516660
 20
285.883358
 42
0.087174
  0
VERTEX
  8
0
 10
551.692991
 20
286.269032
 42
0.037336
  0
VERTEX
  8
0
 10
551.832894
 20
287.036634
 42
0.029507
  0
VERTEX
  8
0
 10
551.872264
 20
287.880008
 42
0.030339
  0
VERTEX
  8
0
 10
551.814405
 20
288.671085
 42
0.062780
  0
VERTEX
  8
0
 10
551.655937
 20
289.269032
 42
0.313180
  0
VERTEX
  8
0
 10
551.477130
 20
289.386009
 42
0.333666
  0
VERTEX
  8
0
 10
551.315079
 20
289.257153
 42
0.052471
  0
VERTEX
  8
0
 10
551.212705
 20
288.580113
 42
0.014395
  0
SEQEND
  0
POLYLINE
  8
0
 66
1
 70
1
  0
VERTEX
  8
0
 10
551.423279
 20
263.500000
 42
0.001263
  0
VERTEX
  8
0
 10
551.442816
 20
255.973577
 42
0.006649
  0
VERTEX
  8
0
 10
551.518915
 20
251.842528
 42
0.922130
  0
VERTEX
  8
0
 10
551.629104
 20
251.837095
 42
0.025118
  0
VERTEX
  8
0
 10
551.746765
 20
253.304351
 42
0.004628
  0
VERTEX
  8
0
 10
551.846928
 20
258.180739
 42
0.002838
  0
VERTEX
  8
0
 10
551.879154
 20
263.929896
 42
0.002845
  0
VERTEX
  8
0
 10
551.846372
 20
269.621237
 42
0.005067
  0
VERTEX
  8
0
 10
551.745280
 20
274.304351
 42
0.040020
  0
VERTEX
  8
0
 10
551.628504
 20
275.345305
 42
0.894956
  0
VERTEX
  8
0
 10
551.517255
 20
275.336278
 42
0.006174
  0
VERTEX
  8
0
 10
551.442216
 20
271.035393
 42
0.001292
  0
SEQEND
  0
POLYLINE
  8
0
 66
1
 70
1
  0
VERTEX
  8
0
 10
290.000000
 20
280.559017
 42
0.056553
  0
VERTEX
  8
0
 10
290.067260
 20
279.966253
 42
0.049897
  0
VERTEX
  8
0
 10
290.266355
 20
279.376706
 42
0.052741
  0
VERTEX
  8
0
 10
290.559445
 20
278.877374
 42
0.095554
  0
VERTEX
  8
0
 10
290.906741
 20
278.557637
 42
0.236417
  0
VERTEX
  8
0
 10
291.198880
 20
278.531490
 42
0.238295
  0
VERTEX
  8
0
 10
291.393387
 20
278.749762
 42
0.095442
  0
VERTEX
  8
0
 10
291.429487
 20
279.266748
 42
0.033809
  0
VERTEX
  8
0
 10
291.290110
 20
279.998620
 42
0.020231
  0
VERTEX
  8
0
 10
290.839479
 20
281.475053
 42
0.209047
  0
VERTEX
  8
0
 10
290.416075
 20
281.930595
 42
0.493596
  0
VERTEX
  8
0
 10
290.087262
 20
281.747863
 42
0.036651
  0
SEQEND
  0
POLYLINE
  8
0
 66
1
 70
1
  0
VERTEX
  8
0
 10
203.483610
 20
276.973480
 42
-0.107448
  0
VERTEX
  8
0
 10
203.124434
 20
276.601322
 42
-0.065406
  0
VERTEX
  8
0
 10
202.574110
 20
276.329728
 42
-0.060960
  0
VERTEX
  8
0
 10
201.926267
 20
276.194315
 42
-0.064723
  0
VERTEX
  8
0
 10
201.278336
 20
276.223480
 42
0.093883
  0
VERTEX
  8
0
 10
200.645923
 20
276.215276
 42
0.087386
  0
VERTEX
  8
0
 10
200.042648
 20
275.978147
 42
0.088185
  0
VERTEX
  8
0
 10
199.561057
 20
275.551685
 42
0.098067
  0
VERTEX
  8
0
 10
199.277613
 20
275.000000
 42
0.004854
  0
VERTEX
  8
0
 10
199.026519
 20
274.090595
 42
0.492489
  0
VERTEX
  8
0
 10
199.096187
 20
274.000000
 42
0.240356
  0
VERTEX
  8
0
 10
199.247964
 20
274.077435
 42
0.002930
  0
VERTEX
  8
0
 10
199.908556
 20
275.000000
 42
-0.010759
  0
VERTEX
  8
0
 10
200.533397
 20
275.844387
 42
-0.281136
  0
VERTEX
  8
0
 10
200.786732
 20
275.940927
 42
-0.343414
  0
VERTEX
  8
0
 10
200.949936
 20
275.756778
 42
-0.013645
  0
VERTEX
  8
0
 10
200.984687
 20
274.799690
 42
-0.088999
  0
VERTEX
  8
0
 10
200.861488
 20
274.075580
 42
-0.056485
  0
VERTEX
  8
0
 10
200.481439
 20
273.306387
 42
-0.054533
  0
VERTEX
  8
0
 10
199.918183
 20
272.610875
 42
-0.066064
  0
VERTEX
  8
0
 10
199.250000
 20
272.103775
 42
0.021970
  0
VERTEX
  8
0
 10
198.438253
 20
271.593510
 42
0.571546
  0
VERTEX
  8
0
 10
198.453551
 20
271.383720
 42
0.141075
  0
VERTEX
  8
0
 10
198.897574
 20
271.303272
 42
0.005988
  0
VERTEX
  8
0
 10
200.500000
 20
271.485185
 42
-0.000979
  0
VERTEX
  8
0
 10
201.707907
 20
271.634583
 42
-0.001141
  0
VERTEX
  8
0
 10
202.856399
 20
271.771691
 42
-0.001010
  0
VERTEX
  8
0
 10
203.828541
 20
271.883508
 42
-0.006885
  0
VERTEX
  8
0
 10
204.309017
 20
271.931100
 42
0.179757
  0
VERTEX
  8
0
 10
204.558924
 20
272.048958
 42
0.168694
  0
VERTEX
  8
0
 10
204.679455
 20
272.304872
 42
0.109736
  0
VERTEX
  8
0
 10
204.637265
 20
272.677738
 42
0.055633
  0
VERTEX
  8
0
 10
204.434017
 20
273.106763
 42
0.079241
  0
VERTEX
  8
0
 10
204.073700
 20
273.524505
 42
0.218762
  0
VERTEX
  8
0
 10
203.708088
 20
273.625764
 42
0.167837
  0
VERTEX
  8
0
 10
203.321264
 20
273.417879
 42
0.045108
  0
VERTEX
  8
0
 10
202.890313
 20
272.856763
 42
-0.032060
  0
VERTEX
  8
0
 10
202.557107
 20
272.398685
 42
-0.130204
  0
VERTEX
  8
0
 10
202.278661
 20
272.200375
 42
-0.351911
  0
VERTEX
  8
0
 10
202.096914
 20
272.259967
 42
-0.141510
  0
VERTEX
  8
0
 10
202.015313
 20
272.527494
 42
-0.092653
  0
VERTEX
  8
0
 10
202.107563
 20
273.065306
 42
-0.022054
  0
VERTEX
  8
0
 10
202.461780
 20
273.906022
 42
-0.021933
  0
VERTEX
  8
0
 10
202.961957
 20
274.851223
 42
-0.020113
  0
VERTEX
  8
0
 10
203.556704
 20
275.777494
 42
0.014157
  0
VERTEX
  8
0
 10
204.118886
 20
276.630534
 42
0.027436
  0
VERTEX
  8
0
 10
204.509931
 20
277.347139
 42
0.034397
  0
VERTEX
  8
0
 10
204.714390
 20
277.865192
 42
0.507316
  0
VERTEX
  8
0
 10
204.615721
 20
278.000000
 42
0.143886
  0
VERTEX
  8
0
 10
204.381360
 20
277.931132
 42
0.041249
  0
VERTEX
  8
0
 10
204.077867
 20
277.698460
 42
0.037834
  0
VERTEX
  8
0
 10
203.763076
 20
277.366356
 42
0.032370
  0
SEQEND
  0
POLYLINE
  8
0
 66
1
 70
1
  0
VERTEX
  8
0
 10
209.000000
 20
276.093620
 42
-0.243840
  0
VERTEX
  8
0
 10
208.842465
 20
275.789795
 42
-0.106581
  0
VERTEX
  8
0
 10
208.412500
 20
275.607123
 42
-0.070464
  0
VERTEX
  8
0
 10
207.766322
 20
275.575635
 42
-0.040966
  0
VERTEX
  8
0
 10
207.000000
 20
275.710251
 42
0.049197
  0
VERTEX
  8
0
 10
206.204052
 20
275.836630
 42
0.093918
  0
VERTEX
  8
0
 10
205.564080
 20
275.754173
 42
0.138651
  0
VERTEX
  8
0
 10
205.155129
 20
275.479784
 42
0.177913
  0
VERTEX
  8
0
 10
205.000000
 20
275.057614
 42
0.094680
  0
VERTEX
  8
0
 10
205.076650
 20
274.656460
 42
0.172824
  0
VERTEX
  8
0
 10
205.293750
 20
274.408860
 42
0.172837
  0
VERTEX
  8
0
 10
205.618487
 20
274.354327
 42
0.094696
  0
VERTEX
  8
0
 10
206.000000
 20
274.500000
 42
-0.082592
  0
VERTEX
  8
0
 10
206.382100
 20
274.656512
 42
-0.161196
  0
VERTEX
  8
0
 10
206.706250
 20
274.625400
 42
-0.182303
  0
VERTEX
  8
0
 10
206.921712
 20
274.413961
 42
-0.108972
  0
VERTEX
  8
0
 10
207.000000
 20
274.059017
 42
0.140337
  0
VERTEX
  8
0
 10
207.115626
 20
273.655173
 42
0.099915
  0
VERTEX
  8
0
 10
207.440625
 20
273.311086
 42
0.085131
  0
VERTEX
  8
0
 10
207.926682
 20
273.079345
 42
0.068870
  0
VERTEX
  8
0
 10
208.500000
 20
273.000000
 42
0.130775
  0
VERTEX
  8
0
 10
209.075754
 20
273.153209
 42
0.102140
  0
VERTEX
  8
0
 10
209.562500
 20
273.583333
 42
0.088920
  0
VERTEX
  8
0
 10
209.888136
 20
274.230589
 42
0.072314
  0
VERTEX
  8
0
 10
210.000000
 20
275.000000
 42
0.023598
  0
VERTEX
  8
0
 10
209.963805
 20
275.766472
 42
0.037669
  0
VERTEX
  8
0
 10
209.853125
 20
276.412500
 42
0.043820
  0
VERTEX
  8
0
 10
209.693564
 20
276.874473
 42
0.295869
  0
VERTEX
  8
0
 10
209.500000
 20
277.000000
 42
0.175894
  0
VERTEX
  8
0
 10
209.309197
 20
276.930735
 42
0.092825
  0
VERTEX
  8
0
 10
209.146875
 20
276.733751
 42
0.073004
  0
VERTEX
  8
0
 10
209.037002
 20
276.440386
 42
0.053202
  0
SEQEND
  0
POLYLINE
  8
0
 66
1
 70
1
  0
VERTEX
  8
0
 10
192.000000
 20
274.559017
 42
0.056553
  0
VERTEX
  8
0
 10
192.067260
 20
273.966253
 42
0.049897
  0
VERTEX
  8
0
 10
192.266355
 20
273.376706
 42
0.052741
  0
VERTEX
  8
0
 10
192.559445
 20
272.877374
 42
0.095554
  0
VERTEX
  8
0
 10
192.906741
 20
272.557637
 42
0.236417
  0
VERTEX
  8
0
 10
193.198880
 20
272.531490
 42
0.238295
  0
VERTEX
  8
0
 10
193.393387
 20
272.749762
 42
0.095442
  0
VERTEX
  8
0
 10
193.429487
 20
273.266748
 42
0.033809
  0
VERTEX
  8
0
 10
193.290110
 20
273.998620
 42
0.020231
  0
VERTEX
  8
0
 10
192.839479
 20
275.475053
 42
0.209047
  0
VERTEX
  8
0
 10
192.416075
 20
275.930595
 42
0.493596
  0
VERTEX
  8
0
 10
192.087262
 20
275.747863
 42
0.036651
  0
SEQEND
  0
POLYLINE
  8
0
 66
1
 70
1
  0
VERTEX
  8
0
 10
194.000000
 20
274.771184
 42
0.061654
  0
VERTEX
  8
0
 10
194.046693
 20
274.393950
 42
0.184103
  0
VERTEX
  8
0
 10
194.193285
 20
274.184404
 42
0.247494
  0
VERTEX
  8
0
 10
194.407396
 20
274.160540
 42
0.103153
  0
VERTEX
  8
0
 10
194.657991
 20
274.324657
 42
-0.171918
  0
VERTEX
  8
0
 10
195.010146
 20
274.492554
 42
-0.082297
  0
VERTEX
  8
0
 10
195.516912
 20
274.462194
 42
-0.066538
  0
VERTEX
  8
0
 10
196.095866
 20
274.246292
 42
-0.050768
  0
VERTEX
  8
0
 10
196.657991
 20
273.868879
 42
0.027294
  0
VERTEX
  8
0
 10
197.327866
 20
273.372051
 42
0.202860
  0
VERTEX
  8
0
 10
197.709522
 20
273.301304
 42
0.295664
  0
VERTEX
  8
0
 10
197.935040
 20
273.529795
 42
0.051020
  0
VERTEX
  8
0
 10
198.000000
 20
274.164751
 42
0.136435
  0
VERTEX
  8
0
 10
197.847227
 20
274.714206
 42
0.091728
  0
VERTEX
  8
0
 10
197.412500
 20
275.204565
 42
0.079463
  0
VERTEX
  8
0
 10
196.764455
 20
275.561902
 42
0.067639
  0
VERTEX
  8
0
 10
196.000000
 20
275.725047
 42
0.053280
  0
VERTEX
  8
0
 10
195.234722
 20
275.701106
 42
0.076974
  0
VERTEX
  8
0
 10
194.587500
 20
275.506995
 42
0.100999
  0
VERTEX
  8
0
 10
194.154828
 20
275.180569
 42
0.182781
  0
SEQEND
  0
POLYLINE
  8
0
 66
1
 70
1
  0
VERTEX
  8
0
 10
304.157895
 20
265.000000
 42
0.017491
  0
VERTEX
  8
0
 10
304.189089
 20
264.108560
 42
0.078554
  0
VERTEX
  8
0
 10
304.306058
 20
263.601562
 42
0.447206
  0
VERTEX
  8
0
 10
304.474999
 20
263.540618
 42
0.174857
  0
VERTEX
  8
0
 10
304.662281
 20
263.750000
 42
0.057986
  0
VERTEX
  8
0
 10
304.818615
 20
264.320008
 42
0.037979
  0
VERTEX
  8
0
 10
304.870340
 20
265.000000
 42
0.037979
  0
VERTEX
  8
0
 10
304.818615
 20
265.679992
 42
0.057986
  0
VERTEX
  8
0
 10
304.662281
 20
266.250000
 42
0.174857
  0
VERTEX
  8
0
 10
304.474999
 20
266.459382
 42
0.447206
  0
VERTEX
  8
0
 10
304.306058
 20
266.398438
 42
0.078554
  0
VERTEX
  8
0
 10
304.189089
 20
265.891440
 42
0.017491
  0
SEQEND
  0
POLYLINE
  8
0
 66
1
 70
1
  0
VERTEX
  8
0
 10
304.232003
 20
259.000000
 42
0.011065
  0
VERTEX
  8
0
 10
304.259713
 20
257.748017
 42
0.052887
  0
VERTEX
  8
0
 10
304.366341
 20
257.042188
 42
0.542911
  0
VERTEX
  8
0
 10
304.521012
 20
256.990860
 42
0.161593
  0
VERTEX
  8
0
 10
304.689326
 20
257.250000
 42
0.039571
  0
VERTEX
  8
0
 10
304.831531
 20
258.047266
 42
0.024357
  0
VERTEX
  8
0
 10
304.877971
 20
259.000000
 42
0.024357
  0
VERTEX
  8
0
 10
304.831531
 20
259.952734
 42
0.039571
  0
VERTEX
  8
0
 10
304.689326
 20
260.750000
 42
0.161593
  0
VERTEX
  8
0
 10
304.521012
 20
261.009140
 42
0.542911
  0
VERTEX
  8
0
 10
304.366341
 20
260.957812
 42
0.052887
  0
VERTEX
  8
0
 10
304.259713
 20
260.251983
 42
0.011065
  0
SEQEND
  0
POLYLINE
  8
0
 66
1
 70
1
  0
VERTEX
  8
0
 10
190.666667
 20
257.333333
 42
0.105729
  0
VERTEX
  8
0
 10
190.078051
 20
256.424487
 42
0.357867
  0
VERTEX
  8
0
 10
190.286776
 20
255.801502
 42
0.137421
  0
VERTEX
  8
0
 10
191.354723
 20
255.486245
 42
0.023278
  0
VERTEX
  8
0
 10
193.500000
 20
255.556274
 42
-0.018928
  0
VERTEX
  8
0
 10
195.478441
 20
255.638087
 42
-0.133167
  0
VERTEX
  8
0
 10
196.401268
 20
255.391312
 42
-0.207948
  0
VERTEX
  8
0
 10
196.859601
 20
254.768824
 42
-0.056214
  0
VERTEX
  8
0
 10
197.000000
 20
253.523980
 42
0.060112
  0
VERTEX
  8
0
 10
197.111754
 20
252.597793
 42
0.059876
  0
VERTEX
  8
0
 10
197.440625
 20
251.723457
 42
0.065552
  0
VERTEX
  8
0
 10
197.926065
 20
251.029336
 42
0.116314
  0
VERTEX
  8
0
 10
198.500000
 20
250.638374
 42
0.118031
  0
VERTEX
  8
0
 10
199.203458
 20
250.545380
 42
0.230808
  0
VERTEX
  8
0
 10
199.672153
 20
250.837412
 42
0.116597
  0
VERTEX
  8
0
 10
199.931524
 20
251.600201
 42
0.023909
  0
VERTEX
  8
0
 10
200.000000
 20
253.031385
 42
-0.036196
  0
VERTEX
  8
0
 10
200.127798
 20
254.794454
 42
-0.206341
  0
VERTEX
  8
0
 10
200.609201
 20
255.576670
 42
-0.139163
  0
VERTEX
  8
0
 10
201.631670
 20
255.933283
 42
-0.013859
  0
VERTEX
  8
0
 10
204.250000
 20
256.015313
 42
0.009929
  0
VERTEX
  8
0
 10
206.271067
 20
256.062734
 42
0.075274
  0
VERTEX
  8
0
 10
207.204113
 20
256.245644
 42
0.422406
  0
VERTEX
  8
0
 10
207.351549
 20
256.569159
 42
0.157619
  0
VERTEX
  8
0
 10
207.000000
 20
257.000000
 42
0.129229
  0
VERTEX
  8
0
 10
204.824789
 20
257.712884
 42
0.009815
  0
VERTEX
  8
0
 10
198.588969
 20
257.962672
 42
0.007768
  0
VERTEX
  8
0
 10
192.236953
 20
257.993601
 42
0.196142
  0
SEQEND
  0
POLYLINE
  8
0
 66
1
 70
1
  0
VERTEX
  8
0
 10
78.157895
 20
254.000000
 42
0.017491
  0
VERTEX
  8
0
 10
78.189089
 20
253.108560
 42
0.078554
  0
VERTEX
  8
0
 10
78.306058
 20
252.601562
 42
0.447206
  0
VERTEX
  8
0
 10
78.474999
 20
252.540618
 42
0.174857
  0
VERTEX
  8
0
 10
78.662281
 20
252.750000
 42
0.057986
  0
VERTEX
  8
0
 10
78.818615
 20
253.320008
 42
0.037979
  0
VERTEX
  8
0
 10
78.870340
 20
254.000000
 42
0.037979
  0
VERTEX
  8
0
 10
78.818615
 20
254.679992
 42
0.057986
  0
VERTEX
  8
0
 10
78.662281
 20
255.250000
 42
0.174857
  0
VERTEX
  8
0
 10
78.474999
 20
255.459382
 42
0.447206
  0
VERTEX
  8
0
 10
78.306058
 20
255.398438
 42
0.078554
  0
VERTEX
  8
0
 10
78.189089
 20
254.891440
 42
0.017491
  0
SEQEND
  0
POLYLINE
  8
0
 66
1
 70
1
  0
VERTEX
  8
0
 10
97.369399
 20
254.520254
 42
0.043423
  0
VERTEX
  8
0
 10
97.179666
 20
253.859485
 42
0.049037
  0
VERTEX
  8
0
 10
97.117177
 20
253.202492
 42
0.055378
  0
VERTEX
  8
0
 10
97.181041
 20
252.643771
 42
0.141163
  0
VERTEX
  8
0
 10
97.376461
 20
252.290205
 42
0.278749
  0
VERTEX
  8
0
 10
97.617084
 20
252.230887
 42
0.196560
  0
VERTEX
  8
0
 10
97.837482
 20
252.412852
 42
0.082042
  0
VERTEX
  8
0
 10
98.000085
 20
252.889532
 42
0.032103
  0
VERTEX
  8
0
 10
98.070285
 20
253.583333
 42
-0.004544
  0
VERTEX
  8
0
 10
98.127683
 20
254.837285
 42
-0.424374
  0
VERTEX
  8
0
 10
98.252361
 20
254.945163
 42
-0.272243
  0
VERTEX
  8
0
 10
98.421185
 20
254.824384
 42
-0.003085
  0
VERTEX
  8
0
 10
99.000000
 20
253.500000
 42
0.007086
  0
VERTEX
  8
0
 10
99.484639
 20
252.414842
 42
0.206801
  0
VERTEX
  8
0
 10
99.706100
 20
252.217153
 42
0.479221
  0
VERTEX
  8
0
 10
99.866190
 20
252.320418
 42
0.015651
  0
VERTEX
  8
0
 10
99.929715
 20
253.190983
 42
0.096537
  0
VERTEX
  8
0
 10
99.713004
 20
254.615839
 42
0.189342
  0
VERTEX
  8
0
 10
98.970131
 20
255.466831
 42
0.276593
  0
VERTEX
  8
0
 10
98.073685
 20
255.412245
 42
0.152127
  0
SEQEND
  0
POLYLINE
  8
0
 66
1
 70
1
  0
VERTEX
  8
0
 10
80.000000
 20
253.500000
 42
0.064853
  0
VERTEX
  8
0
 10
80.074694
 20
252.926543
 42
0.082425
  0
VERTEX
  8
0
 10
80.293750
 20
252.440625
 42
0.098894
  0
VERTEX
  8
0
 10
80.618646
 20
252.115568
 42
0.148195
  0
VERTEX
  8
0
 10
81.000000
 20
252.000000
 42
0.123684
  0
VERTEX
  8
0
 10
81.382594
 20
252.096112
 42
0.099425
  0
VERTEX
  8
0
 10
81.710748
 20
252.367188
 42
0.089546
  0
VERTEX
  8
0
 10
81.934037
 20
252.772489
 42
0.078330
  0
VERTEX
  8
0
 10
82.015313
 20
253.250000
 42
-0.066727
  0
VERTEX
  8
0
 10
82.081977
 20
253.704915
 42
-0.405416
  0
VERTEX
  8
0
 10
82.269141
 20
253.812500
 42
-0.167501
  0
VERTEX
  8
0
 10
82.559769
 20
253.621859
 42
-0.021149
  0
VERTEX
  8
0
 10
83.000000
 20
253.000000
 42
0.009488
  0
VERTEX
  8
0
 10
83.557168
 20
252.172712
 42
0.228717
  0
VERTEX
  8
0
 10
83.794085
 20
252.040373
 42
0.407024
  0
VERTEX
  8
0
 10
83.948229
 20
252.173772
 42
0.018427
  0
VERTEX
  8
0
 10
83.984687
 20
252.941130
 42
-0.065064
  0
VERTEX
  8
0
 10
84.066363
 20
253.518329
 42
-0.418911
  0
VERTEX
  8
0
 10
84.298226
 20
253.647074
 42
-0.148863
  0
VERTEX
  8
0
 10
84.679523
 20
253.396123
 42
-0.015447
  0
VERTEX
  8
0
 10
85.347357
 20
252.539639
 42
0.026457
  0
VERTEX
  8
0
 10
86.066438
 20
251.658145
 42
0.148456
  0
VERTEX
  8
0
 10
86.582780
 20
251.349433
 42
0.243401
  0
VERTEX
  8
0
 10
87.035762
 20
251.457128
 42
0.076723
  0
VERTEX
  8
0
 10
87.501865
 20
252.003018
 42
0.019646
  0
VERTEX
  8
0
 10
87.820830
 20
252.567555
 42
0.256747
  0
VERTEX
  8
0
 10
87.814409
 20
252.799820
 42
0.386735
  0
VERTEX
  8
0
 10
87.636413
 20
252.855365
 42
0.029514
  0
VERTEX
  8
0
 10
87.154508
 20
252.595492
 42
-0.099174
  0
VERTEX
  8
0
 10
86.692032
 20
252.423590
 42
-0.200180
  0
VERTEX
  8
0
 10
86.320715
 20
252.513263
 42
-0.168066
  0
VERTEX
  8
0
 10
86.079475
 20
252.861625
 42
-0.068269
  0
VERTEX
  8
0
 10
86.000000
 20
253.440983
 42
0.140737
  0
VERTEX
  8
0
 10
85.802956
 20
254.127161
 42
0.133856
  0
VERTEX
  8
0
 10
85.268928
 20
254.620082
 42
0.086968
  0
VERTEX
  8
0
 10
84.348238
 20
254.910708
 42
0.033078
  0
VERTEX
  8
0
 10
83.000000
 20
255.000000
 42
0.033607
  0
VERTEX
  8
0
 10
81.677925
 20
254.911037
 42
0.082504
  0
VERTEX
  8
0
 10
80.750000
 20
254.625000
 42
0.126510
  0
VERTEX
  8
0
 10
80.202091
 20
254.148955
 42
0.152103
  0
SEQEND
  0
POLYLINE
  8
0
 66
1
 70
1
  0
VERTEX
  8
0
 10
93.139216
 20
252.913920
 42
0.017884
  0
VERTEX
  8
0
 10
92.294979
 20
252.177930
 42
0.043183
  0
VERTEX
  8
0
 10
91.742061
 20
251.562214
 42
0.107382
  0
VERTEX
  8
0
 10
91.561515
 20
251.170050
 42
0.479455
  0
VERTEX
  8
0
 10
91.698086
 20
251.000000
 42
0.131788
  0
VERTEX
  8
0
 10
92.893842
 20
251.320744
 42
0.033785
  0
VERTEX
  8
0
 10
94.570387
 20
252.447361
 42
0.030869
  0
VERTEX
  8
0
 10
95.998435
 20
253.702233
 42
0.415826
  0
VERTEX
  8
0
 10
95.998428
 20
254.332159
 42
0.281881
  0
VERTEX
  8
0
 10
95.664890
 20
254.411357
 42
0.036038
  0
VERTEX
  8
0
 10
94.952933
 20
254.120020
 42
0.033568
  0
VERTEX
  8
0
 10
94.079987
 20
253.611389
 42
0.021643
  0
SEQEND
  0
POLYLINE
  8
0
 66
1
 70
1
  0
VERTEX
  8
0
 10
102.015313
 20
254.321429
 42
0.104833
  0
VERTEX
  8
0
 10
102.285812
 20
253.153228
 42
0.063426
  0
VERTEX
  8
0
 10
103.046799
 20
251.947824
 42
0.077332
  0
VERTEX
  8
0
 10
103.929320
 20
251.163379
 42
0.353082
  0
VERTEX
  8
0
 10
104.564675
 20
251.231341
 42
0.220265
  0
VERTEX
  8
0
 10
104.703073
 20
251.608388
 42
0.077508
  0
VERTEX
  8
0
 10
104.564683
 20
252.182540
 42
0.058934
  0
VERTEX
  8
0
 10
104.189694
 20
252.854568
 42
0.039697
  0
VERTEX
  8
0
 10
103.619048
 20
253.523810
 42
0.023482
  0
VERTEX
  8
0
 10
102.997545
 20
254.089526
 42
0.057554
  0
VERTEX
  8
0
 10
102.480093
 20
254.425967
 42
0.144660
  0
VERTEX
  8
0
 10
102.156767
 20
254.482867
 42
0.386802
  0
SEQEND
  0
POLYLINE
  8
0
 66
1
 70
1
  0
VERTEX
  8
0
 10
106.683333
 20
254.350000
 42
0.085164
  0
VERTEX
  8
0
 10
106.056236
 20
253.463150
 42
0.326355
  0
VERTEX
  8
0
 10
106.173640
 20
252.837012
 42
0.181999
  0
VERTEX
  8
0
 10
106.985408
 20
252.499079
 42
0.035953
  0
VERTEX
  8
0
 10
108.588304
 20
252.559150
 42
0.023118
  0
VERTEX
  8
0
 10
109.627691
 20
252.722157
 42
0.025713
  0
VERTEX
  8
0
 10
110.610667
 20
252.976510
 42
0.026267
  0
VERTEX
  8
0
 10
111.417478
 20
253.277566
 42
0.107913
  0
VERTEX
  8
0
 10
111.838304
 20
253.580967
 42
0.168557
  0
VERTEX
  8
0
 10
111.930838
 20
253.801568
 42
0.385979
  0
VERTEX
  8
0
 10
111.827359
 20
253.931239
 42
0.101856
  0
VERTEX
  8
0
 10
111.459889
 20
253.915625
 42
0.024351
  0
VERTEX
  8
0
 10
110.871855
 20
253.737474
 42
-0.063221
  0
VERTEX
  8
0
 10
110.179374
 20
253.585100
 42
-0.057225
  0
VERTEX
  8
0
 10
109.446287
 20
253.602704
 42
-0.060768
  0
VERTEX
  8
0
 10
108.784482
 20
253.778560
 42
-0.101418
  0
VERTEX
  8
0
 10
108.305188
 20
254.094812
 42
0.071130
  0
VERTEX
  8
0
 10
107.895238
 20
254.402194
 42
0.086538
  0
VERTEX
  8
0
 10
107.441628
 20
254.556913
 42
0.100301
  0
VERTEX
  8
0
 10
107.016257
 20
254.538240
 42
0.136232
  0
SEQEND
  0
POLYLINE
  8
0
 66
1
 70
1
  0
VERTEX
  8
0
 10
112.851535
 20
252.712762
 42
0.003075
  0
VERTEX
  8
0
 10
112.094563
 20
251.270738
 42
0.311446
  0
VERTEX
  8
0
 10
112.121811
 20
251.056657
 42
0.398103
  0
VERTEX
  8
0
 10
112.310338
 20
251.041048
 42
0.003718
  0
VERTEX
  8
0
 10
113.489975
 20
252.000000
 42
-0.020009
  0
VERTEX
  8
0
 10
114.229537
 20
252.562213
 42
-0.026331
  0
VERTEX
  8
0
 10
114.948689
 20
253.010417
 42
-0.025660
  0
VERTEX
  8
0
 10
115.566588
 20
253.311471
 42
-0.170270
  0
VERTEX
  8
0
 10
115.903695
 20
253.333333
 42
0.075617
  0
VERTEX
  8
0
 10
116.599684
 20
253.248284
 42
0.505493
  0
VERTEX
  8
0
 10
116.767899
 20
253.491346
 42
0.178285
  0
VERTEX
  8
0
 10
116.414438
 20
253.925283
 42
0.042019
  0
VERTEX
  8
0
 10
115.558382
 20
254.339223
 42
0.122351
  0
VERTEX
  8
0
 10
114.842090
 20
254.427712
 42
0.105509
  0
VERTEX
  8
0
 10
114.123330
 20
254.180862
 42
0.084661
  0
VERTEX
  8
0
 10
113.445174
 20
253.597994
 42
0.050631
  0
SEQEND
  0
POLYLINE
  8
0
 66
1
 70
1
  0
VERTEX
  8
0
 10
120.000000
 20
253.500000
 42
0.024748
  0
VERTEX
  8
0
 10
120.028469
 20
252.925176
 42
0.039339
  0
VERTEX
  8
0
 10
120.115447
 20
252.440625
 42
0.046727
  0
VERTEX
  8
0
 10
120.241071
 20
252.096084
 42
0.289661
  0
VERTEX
  8
0
 10
120.393011
 20
252.000000
 42
0.222225
  0
VERTEX
  8
0
 10
120.579329
 20
252.087111
 42
0.030693
  0
VERTEX
  8
0
 10
120.839659
 20
252.440625
 42
0.030395
  0
VERTEX
  8
0
 10
121.112506
 20
252.925442
 42
0.021360
  0
VERTEX
  8
0
 10
121.361626
 20
253.500000
 42
0.055937
  0
VERTEX
  8
0
 10
121.511135
 20
254.074366
 42
0.100118
  0
VERTEX
  8
0
 10
121.483616
 20
254.559375
 42
0.147206
  0
VERTEX
  8
0
 10
121.289193
 20
254.877514
 42
0.184534
  0
VERTEX
  8
0
 10
120.968615
 20
255.000000
 42
0.152681
  0
VERTEX
  8
0
 10
120.599211
 20
254.884506
 42
0.098158
  0
VERTEX
  8
0
 10
120.284531
 20
254.559375
 42
0.080880
  0
VERTEX
  8
0
 10
120.072230
 20
254.073532
 42
0.062722
  0
SEQEND
  0
POLYLINE
  8
0
 66
1
 70
1
  0
VERTEX
  8
0
 10
239.078947
 20
251.416667
 42
0.018894
  0
VERTEX
  8
0
 10
239.137993
 20
250.670344
 42
0.168741
  0
VERTEX
  8
0
 10
239.279315
 20
250.378580
 42
0.470617
  0
VERTEX
  8
0
 10
239.461564
 20
250.395823
 42
0.054073
  0
VERTEX
  8
0
 10
239.683114
 20
250.812500
 42
0.051402
  0
VERTEX
  8
0
 10
239.839148
 20
251.359369
 42
0.054150
  0
VERTEX
  8
0
 10
239.876576
 20
251.916927
 42
0.060344
  0
VERTEX
  8
0
 10
239.797407
 20
252.402231
 42
0.126455
  0
VERTEX
  8
0
 10
239.604167
 20
252.729167
 42
0.296942
  0
VERTEX
  8
0
 10
239.385309
 20
252.775380
 42
0.208169
  0
VERTEX
  8
0
 10
239.200665
 20
252.592839
 42
0.077125
  0
VERTEX
  8
0
 10
239.089945
 20
252.112848
 42
0.028489
  0
SEQEND
  0
POLYLINE
  8
0
 66
1
 70
1
  0
VERTEX
  8
0
 10
303.500000
 20
249.000000
 42
0.029505
  0
VERTEX
  8
0
 10
303.768994
 20
248.617226
 42
0.035638
  0
VERTEX
  8
0
 10
304.066025
 20
248.293750
 42
0.038439
  0
VERTEX
  8
0
 10
304.348290
 20
248.065539
 42
0.151918
  0
VERTEX
  8
0
 10
304.559017
 20
248.000000
 42
0.210953
  0
VERTEX
  8
0
 10
304.727648
 20
248.074460
 42
0.081139
  0
VERTEX
  8
0
 10
304.870461
 20
248.293750
 42
0.061769
  0
VERTEX
  8
0
 10
304.967655
 20
248.617151
 42
0.042167
  0
VERTEX
  8
0
 10
305.000000
 20
249.000000
 42
0.105053
  0
VERTEX
  8
0
 10
304.918938
 20
249.381556
 42
0.099167
  0
VERTEX
  8
0
 10
304.688914
 20
249.706250
 42
0.096420
  0
VERTEX
  8
0
 10
304.345238
 20
249.923877
 42
0.093332
  0
VERTEX
  8
0
 10
303.940983
 20
250.000000
 42
0.108972
  0
VERTEX
  8
0
 10
303.586039
 20
249.921712
 42
0.182303
  0
VERTEX
  8
0
 10
303.374600
 20
249.706250
 42
0.161196
  0
VERTEX
  8
0
 10
303.343488
 20
249.382100
 42
0.082592
  0
SEQEND
  0
POLYLINE
  8
0
 66
1
 70
1
  0
VERTEX
  8
0
 10
93.000000
 20
247.059017
 42
0.076861
  0
VERTEX
  8
0
 10
93.061561
 20
246.660916
 42
0.053298
  0
VERTEX
  8
0
 10
93.244792
 20
246.243158
 42
0.052880
  0
VERTEX
  8
0
 10
93.514519
 20
245.869696
 42
0.071639
  0
VERTEX
  8
0
 10
93.833333
 20
245.603006
 42
0.162770
  0
VERTEX
  8
0
 10
94.149103
 20
245.528782
 42
0.190804
  0
VERTEX
  8
0
 10
94.421875
 20
245.666970
 42
0.124167
  0
VERTEX
  8
0
 10
94.606344
 20
246.023273
 42
0.057730
  0
VERTEX
  8
0
 10
94.666667
 20
246.543989
 42
0.055286
  0
VERTEX
  8
0
 10
94.604892
 20
247.100961
 42
0.074868
  0
VERTEX
  8
0
 10
94.421875
 20
247.572297
 42
0.094314
  0
VERTEX
  8
0
 10
94.151276
 20
247.888458
 42
0.170324
  0
VERTEX
  8
0
 10
93.833333
 20
248.000000
 42
0.112153
  0
VERTEX
  8
0
 10
93.515437
 20
247.927786
 42
0.100145
  0
VERTEX
  8
0
 10
93.244792
 20
247.723586
 42
0.094392
  0
VERTEX
  8
0
 10
93.063221
 20
247.418314
 42
0.087308
  0
SEQEND
  0
POLYLINE
  8
0
 66
1
 70
1
  0
VERTEX
  8
0
 10
193.157895
 20
246.000000
 42
0.017491
  0
VERTEX
  8
0
 10
193.189089
 20
245.108560
 42
0.078554
  0
VERTEX
  8
0
 10
193.306058
 20
244.601562
 42
0.447206
  0
VERTEX
  8
0
 10
193.474999
 20
244.540618
 42
0.174857
  0
VERTEX
  8
0
 10
193.662281
 20
244.750000
 42
0.057986
  0
VERTEX
  8
0
 10
193.818615
 20
245.320008
 42
0.037979
  0
VERTEX
  8
0
 10
193.870340
 20
246.000000
 42
0.037979
  0
VERTEX
  8
0
 10
193.818615
 20
246.679992
 42
0.057986
  0
VERTEX
  8
0
 10
193.662281
 20
247.250000
 42
0.174857
  0
VERTEX
  8
0
 10
193.474999
 20
247.459382
 42
0.447206
  0
VERTEX
  8
0
 10
193.306058
 20
247.398438
 42
0.078554
  0
VERTEX
  8
0
 10
193.189089
 20
246.891440
 42
0.017491
  0
SEQEND
  0
POLYLINE
  8
0
 66
1
 70
1
  0
VERTEX
  8
0
 10
99.500000
 20
246.000000
 42
0.029505
  0
VERTEX
  8
0
 10
99.768994
 20
245.617226
 42
0.035638
  0
VERTEX
  8
0
 10
100.066025
 20
245.293750
 42
0.038439
  0
VERTEX
  8
0
 10
100.348290
 20
245.065539
 42
0.151918
  0
VERTEX
  8
0
 10
100.559017
 20
245.000000
 42
0.210953
  0
VERTEX
  8
0
 10
100.727648
 20
245.074460
 42
0.081139
  0
VERTEX
  8
0
 10
100.870461
 20
245.293750
 42
0.061769
  0
VERTEX
  8
0
 10
100.967655
 20
245.617151
 42
0.042167
  0
VERTEX
  8
0
 10
101.000000
 20
246.000000
 42
0.105053
  0
VERTEX
  8
0
 10
100.918938
 20
246.381556
 42
0.099167
  0
VERTEX
  8
0
 10
100.688914
 20
246.706250
 42
0.096420
  0
VERTEX
  8
0
 10
100.345238
 20
246.923877
 42
0.093332
  0
VERTEX
  8
0
 10
99.940983
 20
247.000000
 42
0.108972
  0
VERTEX
  8
0
 10
99.586039
 20
246.921712
 42
0.182303
  0
VERTEX
  8
0
 10
99.374600
 20
246.706250
 42
0.161196
  0
VERTEX
  8
0
 10
99.343488
 20
246.382100
 42
0.082592
  0
SEQEND
  0
POLYLINE
  8
0
 66
1
 70
1
  0
VERTEX
  8
0
 10
530.194949
 20
244.500000
 42
0.012823
  0
VERTEX
  8
0
 10
530.235556
 20
243.431793
 42
0.080377
  0
VERTEX
  8
0
 10
530.356533
 20
242.900903
 42
0.597527
  0
VERTEX
  8
0
 10
530.516660
 20
242.883358
 42
0.087174
  0
VERTEX
  8
0
 10
530.692991
 20
243.269032
 42
0.037336
  0
VERTEX
  8
0
 10
530.832894
 20
244.036634
 42
0.029507
  0
VERTEX
  8
0
 10
530.872264
 20
244.880008
 42
0.030339
  0
VERTEX
  8
0
 10
530.814405
 20
245.671085
 42
0.062780
  0
VERTEX
  8
0
 10
530.655937
 20
246.269032
 42
0.313180
  0
VERTEX
  8
0
 10
530.477130
 20
246.386009
 42
0.333666
  0
VERTEX
  8
0
 10
530.315079
 20
246.257153
 42
0.052471
  0
VERTEX
  8
0
 10
530.212705
 20
245.580113
 42
0.014395
  0
SEQEND
  0
POLYLINE
  8
0
 66
1
 70
1
  0
VERTEX
  8
0
 10
540.063386
 20
238.250000
 42
0.000000
  0
VERTEX
  8
0
 10
540.000000
 20
229.000000
 42
0.000000
  0
VERTEX
  8
0
 10
531.552260
 20
229.000000
 42
0.000000
  0
VERTEX
  8
0
 10
523.104519
 20
229.000000
 42
0.000000
  0
VERTEX
  8
0
 10
522.737242
 20
234.250000
 42
0.000000
  0
VERTEX
  8
0
 10
522.369965
 20
239.500000
 42
0.000000
  0
VERTEX
  8
0
 10
522.184982
 20
233.713788
 42
0.000000
  0
VERTEX
  8
0
 10
522.000000
 20
227.927576
 42
0.000000
  0
VERTEX
  8
0
 10
531.750000
 20
228.213788
 42
0.000000
  0
VERTEX
  8
0
 10
541.500000
 20
228.500000
 42
0.000000
  0
VERTEX
  8
0
 10
541.789876
 20
235.555096
 42
0.013726
  0
VERTEX
  8
0
 10
541.829093
 20
238.435407
 42
0.014580
  0
VERTEX
  8
0
 10
541.707756
 20
241.255948
 42
0.014300
  0
VERTEX
  8
0
 10
541.463647
 20
243.670701
 42
0.062742
  0
VERTEX
  8
0
 10
541.103262
 20
245.055096
 42
0.322173
  0
VERTEX
  8
0
 10
540.677305
 20
245.326599
 42
0.354660
  0
VERTEX
  8
0
 10
540.321691
 20
245.003505
 42
0.032053
  0
VERTEX
  8
0
 10
540.133219
 20
242.856287
 42
0.004153
  0
SEQEND
  0
POLYLINE
  8
0
 66
1
 70
1
  0
VERTEX
  8
0
 10
532.000000
 20
238.000000
 42
0.013485
  0
VERTEX
  8
0
 10
532.062050
 20
235.699735
 42
0.022165
  0
VERTEX
  8
0
 10
532.253015
 20
233.762500
 42
0.018032
  0
VERTEX
  8
0
 10
532.521896
 20
232.273392
 42
0.352639
  0
VERTEX
  8
0
 10
532.861328
 20
232.000000
 42
0.285831
  0
VERTEX
  8
0
 10
533.156008
 20
232.183445
 42
0.076393
  0
VERTEX
  8
0
 10
533.329256
 20
232.734375
 42
0.053628
  0
VERTEX
  8
0
 10
533.365641
 20
233.541823
 42
0.031701
  0
VERTEX
  8
0
 10
533.244751
 20
234.500000
 42
-0.033077
  0
VERTEX
  8
0
 10
533.084128
 20
235.801932
 42
-0.160567
  0
VERTEX
  8
0
 10
533.274161
 20
236.511160
 42
-0.196814
  0
VERTEX
  8
0
 10
533.820066
 20
236.886179
 42
-0.053367
  0
VERTEX
  8
0
 10
534.883423
 20
237.000000
 42
-0.183097
  0
VERTEX
  8
0
 10
536.251531
 20
236.481628
 42
-0.163753
  0
VERTEX
  8
0
 10
537.011516
 20
235.159827
 42
-0.164724
  0
VERTEX
  8
0
 10
536.815599
 20
233.653472
 42
-0.184920
  0
VERTEX
  8
0
 10
535.750000
 20
232.662281
 42
0.051902
  0
VERTEX
  8
0
 10
535.351958
 20
232.451380
 42
0.449116
  0
VERTEX
  8
0
 10
535.327933
 20
232.275306
 42
0.185333
  0
VERTEX
  8
0
 10
535.583427
 20
232.137165
 42
0.021021
  0
VERTEX
  8
0
 10
536.250000
 20
232.078947
 42
0.169654
  0
VERTEX
  8
0
 10
537.139449
 20
232.345364
 42
0.165560
  0
VERTEX
  8
0
 10
537.680373
 20
233.110284
 42
0.062861
  0
VERTEX
  8
0
 10
537.940198
 20
234.701914
 42
0.009065
  0
VERTEX
  8
0
 10
538.000000
 20
238.000000
 42
0.000000
  0
VERTEX
  8
0
 10
538.000000
 20
244.000000
 42
0.000000
  0
VERTEX
  8
0
 10
535.000000
 20
244.000000
 42
0.000000
  0
VERTEX
  8
0
 10
532.000000
 20
244.000000
 42
0.000000
  0
SEQEND
  0
POLYLINE
  8
0
 66
1
 70
1
  0
VERTEX
  8
0
 10
536.500000
 20
241.000000
 42
-0.111169
  0
VERTEX
  8
0
 10
536.367648
 20
240.412083
 42
-0.081628
  0
VERTEX
  8
0
 10
535.985937
 20
239.860970
 42
-0.076288
  0
VERTEX
  8
0
 10
535.418687
 20
239.429863
 42
-0.076985
  0
VERTEX
  8
0
 10
534.750000
 20
239.190371
 42
-0.080835
  0
VERTEX
  8
0
 10
533.958137
 20
239.167453
 42
-0.169023
  0
VERTEX
  8
0
 10
533.414557
 20
239.441706
 42
-0.141833
  0
VERTEX
  8
0
 10
533.099010
 20
240.037793
 42
-0.051314
  0
VERTEX
  8
0
 10
533.000000
 20
241.000000
 42
-0.051314
  0
VERTEX
  8
0
 10
533.099010
 20
241.962207
 42
-0.141833
  0
VERTEX
  8
0
 10
533.414557
 20
242.558294
 42
-0.169023
  0
VERTEX
  8
0
 10
533.958137
 20
242.832547
 42
-0.080835
  0
VERTEX
  8
0
 10
534.750000
 20
242.809629
 42
-0.076985
  0
VERTEX
  8
0
 10
535.418687
 20
242.570137
 42
-0.076288
  0
VERTEX
  8
0
 10
535.985937
 20
242.139030
 42
-0.081628
  0
VERTEX
  8
0
 10
536.367648
 20
241.587917
 42
-0.111169
  0
SEQEND
  0
POLYLINE
  8
0
 66
1
 70
1
  0
VERTEX
  8
0
 10
237.750000
 20
238.337719
 42
0.057986
  0
VERTEX
  8
0
 10
238.320008
 20
238.181385
 42
0.037979
  0
VERTEX
  8
0
 10
239.000000
 20
238.129660
 42
0.037979
  0
VERTEX
  8
0
 10
239.679992
 20
238.181385
 42
0.057986
  0
VERTEX
  8
0
 10
240.250000
 20
238.337719
 42
0.174857
  0
VERTEX
  8
0
 10
240.459382
 20
238.525001
 42
0.447206
  0
VERTEX
  8
0
 10
240.398438
 20
238.693942
 42
0.078554
  0
VERTEX
  8
0
 10
239.891440
 20
238.810911
 42
0.017491
  0
VERTEX
  8
0
 10
239.000000
 20
238.842105
 42
0.017491
  0
VERTEX
  8
0
 10
238.108560
 20
238.810911
 42
0.078554
  0
VERTEX
  8
0
 10
237.601562
 20
238.693942
 42
0.447206
  0
VERTEX
  8
0
 10
237.540618
 20
238.525001
 42
0.174857
  0
SEQEND
  0
POLYLINE
  8
0
 66
1
 70
1
  0
VERTEX
  8
0
 10
525.000000
 20
235.059017
 42
0.035561
  0
VERTEX
  8
0
 10
525.055329
 20
234.282052
 42
0.040064
  0
VERTEX
  8
0
 10
525.220312
 20
233.552037
 42
0.043930
  0
VERTEX
  8
0
 10
525.461390
 20
232.965811
 42
0.135639
  0
VERTEX
  8
0
 10
525.750000
 20
232.654508
 42
0.331597
  0
VERTEX
  8
0
 10
526.034116
 20
232.679232
 42
0.119284
  0
VERTEX
  8
0
 10
526.279688
 20
233.033468
 42
0.062474
  0
VERTEX
  8
0
 10
526.446899
 20
233.705271
 42
0.029798
  0
VERTEX
  8
0
 10
526.500000
 20
234.595492
 42
0.029552
  0
VERTEX
  8
0
 10
526.445503
 20
235.516721
 42
0.046076
  0
VERTEX
  8
0
 10
526.279688
 20
236.293676
 42
0.058185
  0
VERTEX
  8
0
 10
526.038634
 20
236.835511
 42
0.264942
  0
VERTEX
  8
0
 10
525.750000
 20
237.000000
 42
0.231959
  0
VERTEX
  8
0
 10
525.462634
 20
236.859104
 42
0.072716
  0
VERTEX
  8
0
 10
525.220312
 20
236.429836
 42
0.055457
  0
VERTEX
  8
0
 10
525.054782
 20
235.802360
 42
0.036798
  0
SEQEND
  0
POLYLINE
  8
0
 66
1
 70
1
  0
VERTEX
  8
0
 10
483.000000
 20
234.059017
 42
0.088797
  0
VERTEX
  8
0
 10
483.072509
 20
233.653950
 42
0.053277
  0
VERTEX
  8
0
 10
483.290385
 20
233.214980
 42
0.051183
  0
VERTEX
  8
0
 10
483.610411
 20
232.810572
 42
0.061454
  0
VERTEX
  8
0
 10
483.988546
 20
232.507079
 42
0.114400
  0
VERTEX
  8
0
 10
484.325929
 20
232.393111
 42
0.329480
  0
VERTEX
  8
0
 10
484.525685
 20
232.512472
 42
0.155351
  0
VERTEX
  8
0
 10
484.556862
 20
232.868281
 42
0.036408
  0
VERTEX
  8
0
 10
484.381557
 20
233.448062
 42
0.029964
  0
VERTEX
  8
0
 10
483.894727
 20
234.519970
 42
0.168622
  0
VERTEX
  8
0
 10
483.441482
 20
234.942608
 42
0.444011
  0
VERTEX
  8
0
 10
483.117673
 20
234.798253
 42
0.079093
  0
SEQEND
  0
POLYLINE
  8
0
 66
1
 70
1
  0
VERTEX
  8
0
 10
486.078947
 20
232.416667
 42
0.018894
  0
VERTEX
  8
0
 10
486.137993
 20
231.670344
 42
0.168741
  0
VERTEX
  8
0
 10
486.279315
 20
231.378580
 42
0.470617
  0
VERTEX
  8
0
 10
486.461564
 20
231.395823
 42
0.054073
  0
VERTEX
  8
0
 10
486.683114
 20
231.812500
 42
0.051402
  0
VERTEX
  8
0
 10
486.839148
 20
232.359369
 42
0.054150
  0
VERTEX
  8
0
 10
486.876576
 20
232.916927
 42
0.060344
  0
VERTEX
  8
0
 10
486.797407
 20
233.402231
 42
0.126455
  0
VERTEX
  8
0
 10
486.604167
 20
233.729167
 42
0.296942
  0
VERTEX
  8
0
 10
486.385309
 20
233.775380
 42
0.208169
  0
VERTEX
  8
0
 10
486.200665
 20
233.592839
 42
0.077125
  0
VERTEX
  8
0
 10
486.089945
 20
233.112848
 42
0.028489
  0
SEQEND
  0
POLYLINE
  8
0
 66
1
 70
1
  0
VERTEX
  8
0
 10
529.000000
 20
233.000000
 42
0.011213
  0
VERTEX
  8
0
 10
528.169589
 20
232.436556
 42
0.309569
  0
VERTEX
  8
0
 10
528.083458
 20
232.201904
 42
0.327416
  0
VERTEX
  8
0
 10
528.271084
 20
232.047261
 42
0.011938
  0
VERTEX
  8
0
 10
529.250000
 20
232.015313
 42
0.055234
  0
VERTEX
  8
0
 10
529.919445
 20
232.083567
 42
0.075283
  0
VERTEX
  8
0
 10
530.485937
 20
232.298248
 42
0.095191
  0
VERTEX
  8
0
 10
530.865757
 20
232.619685
 42
0.171310
  0
VERTEX
  8
0
 10
531.000000
 20
233.000000
 42
0.042895
  0
VERTEX
  8
0
 10
530.938046
 20
233.720828
 42
0.364836
  0
VERTEX
  8
0
 10
530.707705
 20
233.914708
 42
0.137048
  0
VERTEX
  8
0
 10
530.262820
 20
233.790433
 42
0.007234
  0
SEQEND
  0
POLYLINE
  8
0
 66
1
 70
1
  0
VERTEX
  8
0
 10
235.272364
 20
229.000000
 42
0.008087
  0
VERTEX
  8
0
 10
235.298431
 20
227.388510
 42
0.039503
  0
VERTEX
  8
0
 10
235.399666
 20
226.482812
 42
0.611425
  0
VERTEX
  8
0
 10
235.546986
 20
226.439977
 42
0.142433
  0
VERTEX
  8
0
 10
235.705733
 20
226.750000
 42
0.029693
  0
VERTEX
  8
0
 10
235.840649
 20
227.774707
 42
0.017887
  0
VERTEX
  8
0
 10
235.884498
 20
229.000000
 42
0.017887
  0
VERTEX
  8
0
 10
235.840649
 20
230.225293
 42
0.029693
  0
VERTEX
  8
0
 10
235.705733
 20
231.250000
 42
0.142433
  0
VERTEX
  8
0
 10
235.546986
 20
231.560023
 42
0.611425
  0
VERTEX
  8
0
 10
235.399666
 20
231.517188
 42
0.039503
  0
VERTEX
  8
0
 10
235.298431
 20
230.611490
 42
0.008087
  0
SEQEND
  0
POLYLINE
  8
0
 66
1
 70
1
  0
VERTEX
  8
0
 10
207.609244
 20
230.424089
 42
0.026184
  0
VERTEX
  8
0
 10
207.159179
 20
229.038425
 42
0.267922
  0
VERTEX
  8
0
 10
207.309413
 20
228.477857
 42
0.312445
  0
VERTEX
  8
0
 10
207.837306
 20
228.381945
 42
0.031919
  0
VERTEX
  8
0
 10
209.020601
 20
229.012732
 42
0.050800
  0
VERTEX
  8
0
 10
209.653667
 20
229.499093
 42
0.161429
  0
VERTEX
  8
0
 10
209.903510
 20
229.962908
 42
0.177685
  0
VERTEX
  8
0
 10
209.815215
 20
230.454559
 42
0.064089
  0
VERTEX
  8
0
 10
209.374423
 20
231.025577
 42
0.065086
  0
VERTEX
  8
0
 10
208.816547
 20
231.454458
 42
0.216760
  0
VERTEX
  8
0
 10
208.367593
 20
231.498825
 42
0.177969
  0
VERTEX
  8
0
 10
207.978035
 20
231.183379
 42
0.042896
  0
SEQEND
  0
POLYLINE
  8
0
 66
1
 70
1
  0
VERTEX
  8
0
 10
211.070285
 20
230.809017
 42
0.093148
  0
VERTEX
  8
0
 10
211.261557
 20
229.491970
 42
0.154538
  0
VERTEX
  8
0
 10
211.923018
 20
228.597281
 42
0.234691
  0
VERTEX
  8
0
 10
212.769801
 20
228.454993
 42
0.182658
  0
VERTEX
  8
0
 10
213.519929
 20
229.032246
 42
-0.104543
  0
VERTEX
  8
0
 10
213.903294
 20
229.434061
 42
-0.164411
  0
VERTEX
  8
0
 10
214.358158
 20
229.562231
 42
-0.118701
  0
VERTEX
  8
0
 10
214.909843
 20
229.399075
 42
-0.042246
  0
VERTEX
  8
0
 10
215.589028
 20
228.926114
 42
0.025852
  0
VERTEX
  8
0
 10
216.323484
 20
228.378099
 42
0.228612
  0
VERTEX
  8
0
 10
216.713024
 20
228.323268
 42
0.285615
  0
VERTEX
  8
0
 10
216.941649
 20
228.592114
 42
0.037094
  0
VERTEX
  8
0
 10
217.000000
 20
229.377555
 42
0.243205
  0
VERTEX
  8
0
 10
216.441896
 20
230.457083
 42
0.132074
  0
VERTEX
  8
0
 10
215.004795
 20
230.987989
 42
0.141002
  0
VERTEX
  8
0
 10
213.558157
 20
230.711409
 42
0.267511
  0
VERTEX
  8
0
 10
212.929715
 20
229.750000
 42
-0.160542
  0
VERTEX
  8
0
 10
212.821231
 20
229.474023
 42
-0.410092
  0
VERTEX
  8
0
 10
212.627618
 20
229.454688
 42
-0.099298
  0
VERTEX
  8
0
 10
212.337187
 20
229.803702
 42
-0.022562
  0
VERTEX
  8
0
 10
212.000000
 20
230.500000
 42
0.007086
  0
VERTEX
  8
0
 10
211.515361
 20
231.585158
 42
0.206801
  0
VERTEX
  8
0
 10
211.293900
 20
231.782847
 42
0.479221
  0
VERTEX
  8
0
 10
211.133810
 20
231.679582
 42
0.015651
  0
SEQEND
  0
POLYLINE
  8
0
 66
1
 70
1
  0
VERTEX
  8
0
 10
218.000000
 20
230.059017
 42
0.040387
  0
VERTEX
  8
0
 10
218.063247
 20
229.277279
 42
0.043030
  0
VERTEX
  8
0
 10
218.251316
 20
228.532876
 42
0.047181
  0
VERTEX
  8
0
 10
218.526876
 20
227.928471
 42
0.124427
  0
VERTEX
  8
0
 10
218.855543
 20
227.589279
 42
0.332306
  0
VERTEX
  8
0
 10
219.134463
 20
227.613909
 42
0.162929
  0
VERTEX
  8
0
 10
219.321085
 20
227.941332
 42
0.068119
  0
VERTEX
  8
0
 10
219.361032
 20
228.617574
 42
0.027972
  0
VERTEX
  8
0
 10
219.238966
 20
229.530262
 42
0.014177
  0
VERTEX
  8
0
 10
218.818215
 20
231.436550
 42
0.234629
  0
VERTEX
  8
0
 10
218.407977
 20
231.917219
 42
0.511066
  0
VERTEX
  8
0
 10
218.069808
 20
231.713796
 42
0.021083
  0
SEQEND
  0
POLYLINE
  8
0
 66
1
 70
1
  0
VERTEX
  8
0
 10
204.030626
 20
230.500000
 42
0.067616
  0
VERTEX
  8
0
 10
204.096832
 20
230.012663
 42
0.024967
  0
VERTEX
  8
0
 10
204.315379
 20
229.353125
 42
0.024204
  0
VERTEX
  8
0
 10
204.628962
 20
228.647707
 42
0.026766
  0
VERTEX
  8
0
 10
205.000000
 20
228.000000
 42
0.027796
  0
VERTEX
  8
0
 10
205.374359
 20
227.485814
 42
0.102785
  0
VERTEX
  8
0
 10
205.684621
 20
227.234375
 42
0.335455
  0
VERTEX
  8
0
 10
205.877628
 20
227.267727
 42
0.190341
  0
VERTEX
  8
0
 10
205.969374
 20
227.500000
 42
0.067616
  0
VERTEX
  8
0
 10
205.903168
 20
227.987337
 42
0.024967
  0
VERTEX
  8
0
 10
205.684621
 20
228.646875
 42
0.024204
  0
VERTEX
  8
0
 10
205.371038
 20
229.352293
 42
0.026766
  0
VERTEX
  8
0
 10
205.000000
 20
230.000000
 42
0.027796
  0
VERTEX
  8
0
 10
204.625641
 20
230.514186
 42
0.102785
  0
VERTEX
  8
0
 10
204.315379
 20
230.765625
 42
0.335455
  0
VERTEX
  8
0
 10
204.122372
 20
230.732273
 42
0.190341
  0
SEQEND
  0
POLYLINE
  8
0
 66
1
 70
1
  0
VERTEX
  8
0
 10
220.000000
 20
230.000000
 42
0.099038
  0
VERTEX
  8
0
 10
220.076342
 20
229.618362
 42
0.097945
  0
VERTEX
  8
0
 10
220.293750
 20
229.293750
 42
0.097945
  0
VERTEX
  8
0
 10
220.618362
 20
229.076342
 42
0.099038
  0
VERTEX
  8
0
 10
221.000000
 20
229.000000
 42
0.099038
  0
VERTEX
  8
0
 10
221.381638
 20
229.076342
 42
0.097945
  0
VERTEX
  8
0
 10
221.706250
 20
229.293750
 42
0.097945
  0
VERTEX
  8
0
 10
221.923658
 20
229.618362
 42
0.099038
  0
VERTEX
  8
0
 10
222.000000
 20
230.000000
 42
0.099038
  0
VERTEX
  8
0
 10
221.923658
 20
230.381638
 42
0.097945
  0
VERTEX
  8
0
 10
221.706250
 20
230.706250
 42
0.097945
  0
VERTEX
  8
0
 10
221.381638
 20
230.923658
 42
0.099038
  0
VERTEX
  8
0
 10
221.000000
 20
231.000000
 42
0.099038
  0
VERTEX
  8
0
 10
220.618362
 20
230.923658
 42
0.097945
  0
VERTEX
  8
0
 10
220.293750
 20
230.706250
 42
0.097945
  0
VERTEX
  8
0
 10
220.076342
 20
230.381638
 42
0.099038
  0
SEQEND
  0
POLYLINE
  8
0
 66
1
 70
1
  0
VERTEX
  8
0
 10
226.078947
 20
229.416667
 42
0.018894
  0
VERTEX
  8
0
 10
226.137993
 20
228.670344
 42
0.168741
  0
VERTEX
  8
0
 10
226.279315
 20
228.378580
 42
0.470617
  0
VERTEX
  8
0
 10
226.461564
 20
228.395823
 42
0.054073
  0
VERTEX
  8
0
 10
226.683114
 20
228.812500
 42
0.051402
  0
VERTEX
  8
0
 10
226.839148
 20
229.359369
 42
0.054150
  0
VERTEX
  8
0
 10
226.876576
 20
229.916927
 42
0.060344
  0
VERTEX
  8
0
 10
226.797407
 20
230.402231
 42
0.126455
  0
VERTEX
  8
0
 10
226.604167
 20
230.729167
 42
0.296942
  0
VERTEX
  8
0
 10
226.385309
 20
230.775380
 42
0.208169
  0
VERTEX
  8
0
 10
226.200665
 20
230.592839
 42
0.077125
  0
VERTEX
  8
0
 10
226.089945
 20
230.112848
 42
0.028489
  0
SEQEND
  0
POLYLINE
  8
0
 66
1
 70
1
  0
VERTEX
  8
0
 10
240.000000
 20
230.000000
 42
0.099038
  0
VERTEX
  8
0
 10
240.076342
 20
229.618362
 42
0.097945
  0
VERTEX
  8
0
 10
240.293750
 20
229.293750
 42
0.097945
  0
VERTEX
  8
0
 10
240.618362
 20
229.076342
 42
0.099038
  0
VERTEX
  8
0
 10
241.000000
 20
229.000000
 42
0.099038
  0
VERTEX
  8
0
 10
241.381638
 20
229.076342
 42
0.097945
  0
VERTEX
  8
0
 10
241.706250
 20
229.293750
 42
0.097945
  0
VERTEX
  8
0
 10
241.923658
 20
229.618362
 42
0.099038
  0
VERTEX
  8
0
 10
242.000000
 20
230.000000
 42
0.099038
  0
VERTEX
  8
0
 10
241.923658
 20
230.381638
 42
0.097945
  0
VERTEX
  8
0
 10
241.706250
 20
230.706250
 42
0.097945
  0
VERTEX
  8
0
 10
241.381638
 20
230.923658
 42
0.099038
  0
VERTEX
  8
0
 10
241.000000
 20
231.000000
 42
0.099038
  0
VERTEX
  8
0
 10
240.618362
 20
230.923658
 42
0.097945
  0
VERTEX
  8
0
 10
240.293750
 20
230.706250
 42
0.097945
  0
VERTEX
  8
0
 10
240.076342
 20
230.381638
 42
0.099038
  0
SEQEND
  0
POLYLINE
  8
0
 66
1
 70
1
  0
VERTEX
  8
0
 10
349.000000
 20
225.000000
 42
0.105053
  0
VERTEX
  8
0
 10
349.081062
 20
224.618444
 42
0.099167
  0
VERTEX
  8
0
 10
349.311086
 20
224.293750
 42
0.096420
  0
VERTEX
  8
0
 10
349.654762
 20
224.076123
 42
0.093332
  0
VERTEX
  8
0
 10
350.059017
 20
224.000000
 42
0.108972
  0
VERTEX
  8
0
 10
350.413961
 20
224.078288
 42
0.182303
  0
VERTEX
  8
0
 10
350.625400
 20
224.293750
 42
0.161196
  0
VERTEX
  8
0
 10
350.656512
 20
224.617900
 42
0.082592
  0
VERTEX
  8
0
 10
350.500000
 20
225.000000
 42
0.029505
  0
VERTEX
  8
0
 10
350.231006
 20
225.382774
 42
0.035638
  0
VERTEX
  8
0
 10
349.933975
 20
225.706250
 42
0.038439
  0
VERTEX
  8
0
 10
349.651710
 20
225.934461
 42
0.151918
  0
VERTEX
  8
0
 10
349.440983
 20
226.000000
 42
0.210953
  0
VERTEX
  8
0
 10
349.272352
 20
225.925540
 42
0.081139
  0
VERTEX
  8
0
 10
349.129539
 20
225.706250
 42
0.061769
  0
VERTEX
  8
0
 10
349.032345
 20
225.382849
 42
0.042167
  0
SEQEND
  0
POLYLINE
  8
0
 66
1
 70
1
  0
VERTEX
  8
0
 10
433.223343
 20
223.572093
 42
0.028466
  0
VERTEX
  8
0
 10
433.349858
 20
222.671002
 42
0.056189
  0
VERTEX
  8
0
 10
433.569113
 20
221.983375
 42
0.097361
  0
VERTEX
  8
0
 10
433.838304
 20
221.602321
 42
0.341192
  0
VERTEX
  8
0
 10
434.118261
 20
221.573089
 42
0.270595
  0
VERTEX
  8
0
 10
434.462773
 20
222.221027
 42
0.030559
  0
VERTEX
  8
0
 10
434.288357
 20
223.943019
 42
0.030275
  0
VERTEX
  8
0
 10
433.910444
 20
225.612816
 42
0.333525
  0
VERTEX
  8
0
 10
433.394570
 20
226.000000
 42
0.369744
  0
VERTEX
  8
0
 10
433.257984
 20
225.883001
 42
0.020945
  0
VERTEX
  8
0
 10
433.190753
 20
225.286802
 42
0.023935
  0
VERTEX
  8
0
 10
433.173078
 20
224.502985
 42
0.014316
  0
SEQEND
  0
POLYLINE
  8
0
 66
1
 70
1
  0
VERTEX
  8
0
 10
436.157895
 20
224.000000
 42
0.017491
  0
VERTEX
  8
0
 10
436.189089
 20
223.108560
 42
0.078554
  0
VERTEX
  8
0
 10
436.306058
 20
222.601562
 42
0.447206
  0
VERTEX
  8
0
 10
436.474999
 20
222.540618
 42
0.174857
  0
VERTEX
  8
0
 10
436.662281
 20
222.750000
 42
0.057986
  0
VERTEX
  8
0
 10
436.818615
 20
223.320008
 42
0.037979
  0
VERTEX
  8
0
 10
436.870340
 20
224.000000
 42
0.037979
  0
VERTEX
  8
0
 10
436.818615
 20
224.679992
 42
0.057986
  0
VERTEX
  8
0
 10
436.662281
 20
225.250000
 42
0.174857
  0
VERTEX
  8
0
 10
436.474999
 20
225.459382
 42
0.447206
  0
VERTEX
  8
0
 10
436.306058
 20
225.398438
 42
0.078554
  0
VERTEX
  8
0
 10
436.189089
 20
224.891440
 42
0.017491
  0
SEQEND
  0
POLYLINE
  8
0
 66
1
 70
1
  0
VERTEX
  8
0
 10
438.999283
 20
224.599283
 42
0.047380
  0
VERTEX
  8
0
 10
438.619211
 20
224.139442
 42
0.038753
  0
VERTEX
  8
0
 10
438.302882
 20
223.585102
 42
0.040228
  0
VERTEX
  8
0
 10
438.091413
 20
223.024429
 42
0.077791
  0
VERTEX
  8
0
 10
438.031803
 20
222.550000
 42
0.316576
  0
VERTEX
  8
0
 10
438.185391
 20
222.345202
 42
0.215810
  0
VERTEX
  8
0
 10
438.485547
 20
222.378644
 42
0.071572
  0
VERTEX
  8
0
 10
438.964309
 20
222.764977
 42
0.025350
  0
VERTEX
  8
0
 10
439.531803
 20
223.441130
 42
-0.024843
  0
VERTEX
  8
0
 10
440.097385
 20
224.116392
 42
-0.072791
  0
VERTEX
  8
0
 10
440.568717
 20
224.496419
 42
-0.231652
  0
VERTEX
  8
0
 10
440.856557
 20
224.518904
 42
-0.307552
  0
VERTEX
  8
0
 10
441.000000
 20
224.307761
 42
0.158105
  0
VERTEX
  8
0
 10
441.145843
 20
223.858067
 42
0.067499
  0
VERTEX
  8
0
 10
441.587500
 20
223.395262
 42
0.057315
  0
VERTEX
  8
0
 10
442.234847
 20
222.989879
 42
0.047334
  0
VERTEX
  8
0
 10
443.000000
 20
222.710251
 42
0.043798
  0
VERTEX
  8
0
 10
443.766183
 20
222.580120
 42
0.074735
  0
VERTEX
  8
0
 10
444.412500
 20
222.624459
 42
0.112121
  0
VERTEX
  8
0
 10
444.841329
 20
222.826866
 42
0.230584
  0
VERTEX
  8
0
 10
445.000000
 20
223.152637
 42
-0.123706
  0
VERTEX
  8
0
 10
445.079832
 20
223.470368
 42
-0.188214
  0
VERTEX
  8
0
 10
445.293750
 20
223.652901
 42
-0.149770
  0
VERTEX
  8
0
 10
445.617458
 20
223.664882
 42
-0.073441
  0
VERTEX
  8
0
 10
446.000000
 20
223.500000
 42
0.071948
  0
VERTEX
  8
0
 10
446.382613
 20
223.333739
 42
0.147671
  0
VERTEX
  8
0
 10
446.706250
 20
223.342462
 42
0.188979
  0
VERTEX
  8
0
 10
446.919889
 20
223.520127
 42
0.126550
  0
VERTEX
  8
0
 10
447.000000
 20
223.831577
 42
0.348462
  0
VERTEX
  8
0
 10
446.309682
 20
224.701821
 42
0.033492
  0
VERTEX
  8
0
 10
443.455153
 20
225.170161
 42
0.035154
  0
VERTEX
  8
0
 10
440.466622
 20
225.246034
 42
0.187270
  0
SEQEND
  0
POLYLINE
  8
0
 66
1
 70
1
  0
VERTEX
  8
0
 10
225.564293
 20
223.706872
 42
0.036269
  0
VERTEX
  8
0
 10
225.866277
 20
223.059266
 42
0.070189
  0
VERTEX
  8
0
 10
226.210949
 20
222.604915
 42
0.120343
  0
VERTEX
  8
0
 10
226.538684
 20
222.407510
 42
0.278911
  0
VERTEX
  8
0
 10
226.806872
 20
222.473539
 42
0.207420
  0
VERTEX
  8
0
 10
226.927901
 20
222.779789
 42
0.082976
  0
VERTEX
  8
0
 10
226.837219
 20
223.231185
 42
0.063152
  0
VERTEX
  8
0
 10
226.558688
 20
223.753423
 42
0.043285
  0
VERTEX
  8
0
 10
226.124088
 20
224.266667
 42
0.011214
  0
VERTEX
  8
0
 10
225.463552
 20
224.893514
 42
0.400052
  0
VERTEX
  8
0
 10
225.270328
 20
224.888819
 42
0.286372
  0
VERTEX
  8
0
 10
225.218210
 20
224.663782
 42
0.008399
  0
SEQEND
  0
POLYLINE
  8
0
 66
1
 70
1
  0
VERTEX
  8
0
 10
297.030626
 20
224.500000
 42
0.067616
  0
VERTEX
  8
0
 10
297.096832
 20
224.012663
 42
0.024967
  0
VERTEX
  8
0
 10
297.315379
 20
223.353125
 42
0.024204
  0
VERTEX
  8
0
 10
297.628962
 20
222.647707
 42
0.026766
  0
VERTEX
  8
0
 10
298.000000
 20
222.000000
 42
0.027796
  0
VERTEX
  8
0
 10
298.374359
 20
221.485814
 42
0.102785
  0
VERTEX
  8
0
 10
298.684621
 20
221.234375
 42
0.335455
  0
VERTEX
  8
0
 10
298.877628
 20
221.267727
 42
0.190341
  0
VERTEX
  8
0
 10
298.969374
 20
221.500000
 42
0.067616
  0
VERTEX
  8
0
 10
298.903168
 20
221.987337
 42
0.024967
  0
VERTEX
  8
0
 10
298.684621
 20
222.646875
 42
0.024204
  0
VERTEX
  8
0
 10
298.371038
 20
223.352293
 42
0.026766
  0
VERTEX
  8
0
 10
298.000000
 20
224.000000
 42
0.027796
  0
VERTEX
  8
0
 10
297.625641
 20
224.514186
 42
0.102785
  0
VERTEX
  8
0
 10
297.315379
 20
224.765625
 42
0.335455
  0
VERTEX
  8
0
 10
297.122372
 20
224.732273
 42
0.190341
  0
SEQEND
  0
POLYLINE
  8
0
 66
1
 70
1
  0
VERTEX
  8
0
 10
300.000000
 20
224.088484
 42
0.201377
  0
VERTEX
  8
0
 10
300.136877
 20
223.762413
 42
0.106522
  0
VERTEX
  8
0
 10
300.514063
 20
223.524002
 42
0.076883
  0
VERTEX
  8
0
 10
301.080072
 20
223.410462
 42
0.049419
  0
VERTEX
  8
0
 10
301.750000
 20
223.446843
 42
-0.062309
  0
VERTEX
  8
0
 10
302.473903
 20
223.467518
 42
-0.057452
  0
VERTEX
  8
0
 10
303.201752
 20
223.311862
 42
-0.061356
  0
VERTEX
  8
0
 10
303.824434
 20
223.012592
 42
-0.104087
  0
VERTEX
  8
0
 10
304.234687
 20
222.608359
 42
0.070667
  0
VERTEX
  8
0
 10
304.541679
 20
222.262868
 42
0.368127
  0
VERTEX
  8
0
 10
304.777248
 20
222.263393
 42
0.186772
  0
VERTEX
  8
0
 10
304.938882
 20
222.563658
 42
0.028953
  0
VERTEX
  8
0
 10
304.984687
 20
223.250000
 42
0.101445
  0
VERTEX
  8
0
 10
304.832474
 20
224.027001
 42
0.141313
  0
VERTEX
  8
0
 10
304.391339
 20
224.576531
 42
0.108672
  0
VERTEX
  8
0
 10
303.624446
 20
224.898170
 42
0.045188
  0
VERTEX
  8
0
 10
302.500000
 20
225.000000
 42
0.034668
  0
VERTEX
  8
0
 10
301.542452
 20
224.933527
 42
0.052801
  0
VERTEX
  8
0
 10
300.734375
 20
224.732242
 42
0.068821
  0
VERTEX
  8
0
 10
300.178986
 20
224.438103
 42
0.241094
  0
SEQEND
  0
POLYLINE
  8
0
 66
1
 70
1
  0
VERTEX
  8
0
 10
307.000000
 20
224.106989
 42
0.210653
  0
VERTEX
  8
0
 10
307.397449
 20
223.205478
 42
0.154733
  0
VERTEX
  8
0
 10
308.401278
 20
222.741092
 42
0.121487
  0
VERTEX
  8
0
 10
309.694351
 20
222.891145
 42
0.116047
  0
VERTEX
  8
0
 10
310.794690
 20
223.625299
 42
0.037569
  0
VERTEX
  8
0
 10
311.385140
 20
224.361071
 42
0.348449
  0
VERTEX
  8
0
 10
311.358713
 20
224.741087
 42
0.194788
  0
VERTEX
  8
0
 10
310.904729
 20
224.958164
 42
0.015318
  0
VERTEX
  8
0
 10
309.539427
 20
225.000000
 42
0.033407
  0
VERTEX
  8
0
 10
308.566708
 20
224.934936
 42
0.051188
  0
VERTEX
  8
0
 10
307.745957
 20
224.737678
 42
0.066365
  0
VERTEX
  8
0
 10
307.180100
 20
224.449753
 42
0.246725
  0
SEQEND
  0
POLYLINE
  8
0
 66
1
 70
1
  0
VERTEX
  8
0
 10
204.613087
 20
222.817021
 42
0.108766
  0
VERTEX
  8
0
 10
204.884780
 20
222.536973
 42
0.099739
  0
VERTEX
  8
0
 10
205.257398
 20
222.385962
 42
0.095385
  0
VERTEX
  8
0
 10
205.673795
 20
222.387618
 42
0.090093
  0
VERTEX
  8
0
 10
206.069098
 20
222.542705
 42
0.026790
  0
VERTEX
  8
0
 10
206.852054
 20
223.086603
 42
0.350126
  0
VERTEX
  8
0
 10
206.929499
 20
223.407920
 42
0.269722
  0
VERTEX
  8
0
 10
206.618676
 20
223.623697
 42
0.019984
  0
VERTEX
  8
0
 10
205.543989
 20
223.666667
 42
0.059057
  0
VERTEX
  8
0
 10
205.024148
 20
223.605052
 42
0.126631
  0
VERTEX
  8
0
 10
204.669932
 20
223.417083
 42
0.191218
  0
VERTEX
  8
0
 10
204.534562
 20
223.139071
 42
0.158515
  0
SEQEND
  0
POLYLINE
  8
0
 66
1
 70
1
  0
VERTEX
  8
0
 10
299.564293
 20
218.706872
 42
0.036269
  0
VERTEX
  8
0
 10
299.866277
 20
218.059266
 42
0.070189
  0
VERTEX
  8
0
 10
300.210949
 20
217.604915
 42
0.120343
  0
VERTEX
  8
0
 10
300.538684
 20
217.407510
 42
0.278911
  0
VERTEX
  8
0
 10
300.806872
 20
217.473539
 42
0.207420
  0
VERTEX
  8
0
 10
300.927901
 20
217.779789
 42
0.082976
  0
VERTEX
  8
0
 10
300.837219
 20
218.231185
 42
0.063152
  0
VERTEX
  8
0
 10
300.558688
 20
218.753423
 42
0.043285
  0
VERTEX
  8
0
 10
300.124088
 20
219.266667
 42
0.011214
  0
VERTEX
  8
0
 10
299.463552
 20
219.893514
 42
0.400052
  0
VERTEX
  8
0
 10
299.270328
 20
219.888819
 42
0.286372
  0
VERTEX
  8
0
 10
299.218210
 20
219.663782
 42
0.008399
  0
SEQEND
  0
POLYLINE
  8
0
 66
1
 70
1
  0
VERTEX
  8
0
 10
309.078947
 20
218.416667
 42
0.018894
  0
VERTEX
  8
0
 10
309.137993
 20
217.670344
 42
0.168741
  0
VERTEX
  8
0
 10
309.279315
 20
217.378580
 42
0.470617
  0
VERTEX
  8
0
 10
309.461564
 20
217.395823
 42
0.054073
  0
VERTEX
  8
0
 10
309.683114
 20
217.812500
 42
0.051402
  0
VERTEX
  8
0
 10
309.839148
 20
218.359369
 42
0.054150
  0
VERTEX
  8
0
 10
309.876576
 20
218.916927
 42
0.060344
  0
VERTEX
  8
0
 10
309.797407
 20
219.402231
 42
0.126455
  0
VERTEX
  8
0
 10
309.604167
 20
219.729167
 42
0.296942
  0
VERTEX
  8
0
 10
309.385309
 20
219.775380
 42
0.208169
  0
VERTEX
  8
0
 10
309.200665
 20
219.592839
 42
0.077125
  0
VERTEX
  8
0
 10
309.089945
 20
219.112848
 42
0.028489
  0
SEQEND
  0
POLYLINE
  8
0
 66
1
 70
1
  0
VERTEX
  8
0
 10
215.157895
 20
210.000000
 42
0.017491
  0
VERTEX
  8
0
 10
215.189089
 20
209.108560
 42
0.078554
  0
VERTEX
  8
0
 10
215.306058
 20
208.601562
 42
0.447206
  0
VERTEX
  8
0
 10
215.474999
 20
208.540618
 42
0.174857
  0
VERTEX
  8
0
 10
215.662281
 20
208.750000
 42
0.057986
  0
VERTEX
  8
0
 10
215.818615
 20
209.320008
 42
0.037979
  0
VERTEX
  8
0
 10
215.870340
 20
210.000000
 42
0.037979
  0
VERTEX
  8
0
 10
215.818615
 20
210.679992
 42
0.057986
  0
VERTEX
  8
0
 10
215.662281
 20
211.250000
 42
0.174857
  0
VERTEX
  8
0
 10
215.474999
 20
211.459382
 42
0.447206
  0
VERTEX
  8
0
 10
215.306058
 20
211.398438
 42
0.078554
  0
VERTEX
  8
0
 10
215.189089
 20
210.891440
 42
0.017491
  0
SEQEND
  0
POLYLINE
  8
0
 66
1
 70
1
  0
VERTEX
  8
0
 10
345.000000
 20
207.500000
 42
0.064853
  0
VERTEX
  8
0
 10
345.074694
 20
206.926543
 42
0.082425
  0
VERTEX
  8
0
 10
345.293750
 20
206.440625
 42
0.098894
  0
VERTEX
  8
0
 10
345.618646
 20
206.115568
 42
0.148195
  0
VERTEX
  8
0
 10
346.000000
 20
206.000000
 42
0.148195
  0
VERTEX
  8
0
 10
346.381354
 20
206.115568
 42
0.098894
  0
VERTEX
  8
0
 10
346.706250
 20
206.440625
 42
0.082425
  0
VERTEX
  8
0
 10
346.925306
 20
206.926543
 42
0.064853
  0
VERTEX
  8
0
 10
347.000000
 20
207.500000
 42
0.064853
  0
VERTEX
  8
0
 10
346.925306
 20
208.073457
 42
0.082425
  0
VERTEX
  8
0
 10
346.706250
 20
208.559375
 42
0.098894
  0
VERTEX
  8
0
 10
346.381354
 20
208.884432
 42
0.148195
  0
VERTEX
  8
0
 10
346.000000
 20
209.000000
 42
0.148195
  0
VERTEX
  8
0
 10
345.618646
 20
208.884432
 42
0.098894
  0
VERTEX
  8
0
 10
345.293750
 20
208.559375
 42
0.082425
  0
VERTEX
  8
0
 10
345.074694
 20
208.073457
 42
0.064853
  0
SEQEND
  0
POLYLINE
  8
0
 66
1
 70
1
  0
VERTEX
  8
0
 10
13.078947
 20
191.416667
 42
0.018894
  0
VERTEX
  8
0
 10
13.137993
 20
190.670344
 42
0.168741
  0
VERTEX
  8
0
 10
13.279315
 20
190.378580
 42
0.470617
  0
VERTEX
  8
0
 10
13.461564
 20
190.395823
 42
0.054073
  0
VERTEX
  8
0
 10
13.683114
 20
190.812500
 42
0.051402
  0
VERTEX
  8
0
 10
13.839148
 20
191.359369
 42
0.054150
  0
VERTEX
  8
0
 10
13.876576
 20
191.916927
 42
0.060344
  0
VERTEX
  8
0
 10
13.797407
 20
192.402231
 42
0.126455
  0
VERTEX
  8
0
 10
13.604167
 20
192.729167
 42
0.296942
  0
VERTEX
  8
0
 10
13.385309
 20
192.775380
 42
0.208169
  0
VERTEX
  8
0
 10
13.200665
 20
192.592839
 42
0.077125
  0
VERTEX
  8
0
 10
13.089945
 20
192.112848
 42
0.028489
  0
SEQEND
  0
POLYLINE
  8
0
 66
1
 70
1
  0
VERTEX
  8
0
 10
215.775942
 20
190.748799
 42
0.022839
  0
VERTEX
  8
0
 10
216.065025
 20
189.819041
 42
0.206651
  0
VERTEX
  8
0
 10
216.350019
 20
189.515979
 42
0.318841
  0
VERTEX
  8
0
 10
216.678051
 20
189.585469
 42
0.044973
  0
VERTEX
  8
0
 10
217.123425
 20
190.165465
 42
0.026795
  0
VERTEX
  8
0
 10
217.819760
 20
191.406295
 42
0.163898
  0
VERTEX
  8
0
 10
217.915741
 20
192.124206
 42
0.278401
  0
VERTEX
  8
0
 10
217.546498
 20
192.532636
 42
0.073305
  0
VERTEX
  8
0
 10
216.637204
 20
192.666667
 42
0.128697
  0
VERTEX
  8
0
 10
216.109773
 20
192.528623
 42
0.160544
  0
VERTEX
  8
0
 10
215.769997
 20
192.156845
 42
0.117170
  0
VERTEX
  8
0
 10
215.654437
 20
191.552078
 42
0.052877
  0
SEQEND
  0
POLYLINE
  8
0
 66
1
 70
1
  0
VERTEX
  8
0
 10
219.000000
 20
191.559017
 42
0.049465
  0
VERTEX
  8
0
 10
219.058236
 20
190.971796
 42
0.047420
  0
VERTEX
  8
0
 10
219.230804
 20
190.398678
 42
0.051141
  0
VERTEX
  8
0
 10
219.484489
 20
189.922412
 42
0.106803
  0
VERTEX
  8
0
 10
219.785714
 20
189.632436
 42
0.251349
  0
VERTEX
  8
0
 10
220.082567
 20
189.614282
 42
0.161426
  0
VERTEX
  8
0
 10
220.340625
 20
189.855415
 42
0.085489
  0
VERTEX
  8
0
 10
220.515602
 20
190.368544
 42
0.039538
  0
VERTEX
  8
0
 10
220.571429
 20
191.073419
 42
0.038900
  0
VERTEX
  8
0
 10
220.513946
 20
191.811155
 42
0.057994
  0
VERTEX
  8
0
 10
220.340625
 20
192.434067
 42
0.076248
  0
VERTEX
  8
0
 10
220.086501
 20
192.858550
 42
0.223398
  0
VERTEX
  8
0
 10
219.785714
 20
193.000000
 42
0.177669
  0
VERTEX
  8
0
 10
219.485859
 20
192.889977
 42
0.092326
  0
VERTEX
  8
0
 10
219.230804
 20
192.576711
 42
0.072414
  0
VERTEX
  8
0
 10
219.058116
 20
192.110336
 42
0.052560
  0
SEQEND
  0
POLYLINE
  8
0
 66
1
 70
1
  0
VERTEX
  8
0
 10
223.269735
 20
191.069278
 42
0.039075
  0
VERTEX
  8
0
 10
223.379055
 20
190.361741
 42
0.079088
  0
VERTEX
  8
0
 10
223.592392
 20
189.841638
 42
0.140997
  0
VERTEX
  8
0
 10
223.868239
 20
189.587963
 42
0.259868
  0
VERTEX
  8
0
 10
224.163912
 20
189.601303
 42
0.156206
  0
VERTEX
  8
0
 10
224.408436
 20
189.887340
 42
0.075558
  0
VERTEX
  8
0
 10
224.527236
 20
190.359336
 42
0.063531
  0
VERTEX
  8
0
 10
224.509264
 20
190.936181
 42
0.052140
  0
VERTEX
  8
0
 10
224.349337
 20
191.532025
 42
0.019920
  0
VERTEX
  8
0
 10
223.807591
 20
192.791397
 42
0.402215
  0
VERTEX
  8
0
 10
223.451701
 20
192.925310
 42
0.302580
  0
VERTEX
  8
0
 10
223.207033
 20
192.550408
 42
0.016440
  0
SEQEND
  0
POLYLINE
  8
0
 66
1
 70
1
  0
VERTEX
  8
0
 10
226.157895
 20
191.000000
 42
0.017491
  0
VERTEX
  8
0
 10
226.189089
 20
190.108560
 42
0.078554
  0
VERTEX
  8
0
 10
226.306058
 20
189.601562
 42
0.447206
  0
VERTEX
  8
0
 10
226.474999
 20
189.540618
 42
0.174857
  0
VERTEX
  8
0
 10
226.662281
 20
189.750000
 42
0.057986
  0
VERTEX
  8
0
 10
226.818615
 20
190.320008
 42
0.037979
  0
VERTEX
  8
0
 10
226.870340
 20
191.000000
 42
0.037979
  0
VERTEX
  8
0
 10
226.818615
 20
191.679992
 42
0.057986
  0
VERTEX
  8
0
 10
226.662281
 20
192.250000
 42
0.174857
  0
VERTEX
  8
0
 10
226.474999
 20
192.459382
 42
0.447206
  0
VERTEX
  8
0
 10
226.306058
 20
192.398438
 42
0.078554
  0
VERTEX
  8
0
 10
226.189089
 20
191.891440
 42
0.017491
  0
SEQEND
  0
POLYLINE
  8
0
 66
1
 70
1
  0
VERTEX
  8
0
 10
69.000000
 20
188.031385
 42
0.184534
  0
VERTEX
  8
0
 10
69.122486
 20
187.710807
 42
0.147206
  0
VERTEX
  8
0
 10
69.440625
 20
187.516384
 42
0.100118
  0
VERTEX
  8
0
 10
69.925634
 20
187.488865
 42
0.055937
  0
VERTEX
  8
0
 10
70.500000
 20
187.638374
 42
0.021360
  0
VERTEX
  8
0
 10
71.074558
 20
187.887494
 42
0.030395
  0
VERTEX
  8
0
 10
71.559375
 20
188.160341
 42
0.030693
  0
VERTEX
  8
0
 10
71.912889
 20
188.420671
 42
0.222225
  0
VERTEX
  8
0
 10
72.000000
 20
188.606989
 42
0.289661
  0
VERTEX
  8
0
 10
71.903916
 20
188.758929
 42
0.046727
  0
VERTEX
  8
0
 10
71.559375
 20
188.884553
 42
0.039339
  0
VERTEX
  8
0
 10
71.074824
 20
188.971531
 42
0.024748
  0
VERTEX
  8
0
 10
70.500000
 20
189.000000
 42
0.062722
  0
VERTEX
  8
0
 10
69.926468
 20
188.927770
 42
0.080880
  0
VERTEX
  8
0
 10
69.440625
 20
188.715469
 42
0.098158
  0
VERTEX
  8
0
 10
69.115494
 20
188.400789
 42
0.152681
  0
SEQEND
  0
POLYLINE
  8
0
 66
1
 70
1
  0
VERTEX
  8
0
 10
42.286014
 20
183.500000
 42
0.006817
  0
VERTEX
  8
0
 10
42.315278
 20
181.711719
 42
0.040183
  0
VERTEX
  8
0
 10
42.418418
 20
180.780601
 42
0.720633
  0
VERTEX
  8
0
 10
42.561388
 20
180.761725
 42
0.075924
  0
VERTEX
  8
0
 10
42.717581
 20
181.263750
 42
0.022548
  0
VERTEX
  8
0
 10
42.846293
 20
182.485188
 42
0.015659
  0
VERTEX
  8
0
 10
42.885962
 20
183.872547
 42
0.015827
  0
VERTEX
  8
0
 10
42.839977
 20
185.209518
 42
0.031163
  0
VERTEX
  8
0
 10
42.703931
 20
186.263750
 42
0.248898
  0
VERTEX
  8
0
 10
42.549185
 20
186.455688
 42
0.490820
  0
VERTEX
  8
0
 10
42.403147
 20
186.374351
 42
0.030832
  0
VERTEX
  8
0
 10
42.307632
 20
185.297080
 42
0.007380
  0
SEQEND
  0
POLYLINE
  8
0
 66
1
 70
1
  0
VERTEX
  8
0
 10
210.613087
 20
185.817021
 42
0.108766
  0
VERTEX
  8
0
 10
210.884780
 20
185.536973
 42
0.099739
  0
VERTEX
  8
0
 10
211.257398
 20
185.385962
 42
0.095385
  0
VERTEX
  8
0
 10
211.673795
 20
185.387618
 42
0.090093
  0
VERTEX
  8
0
 10
212.069098
 20
185.542705
 42
0.026790
  0
VERTEX
  8
0
 10
212.852054
 20
186.086603
 42
0.350126
  0
VERTEX
  8
0
 10
212.929499
 20
186.407920
 42
0.269722
  0
VERTEX
  8
0
 10
212.618676
 20
186.623697
 42
0.019984
  0
VERTEX
  8
0
 10
211.543989
 20
186.666667
 42
0.059057
  0
VERTEX
  8
0
 10
211.024148
 20
186.605052
 42
0.126631
  0
VERTEX
  8
0
 10
210.669932
 20
186.417083
 42
0.191218
  0
VERTEX
  8
0
 10
210.534562
 20
186.139071
 42
0.158515
  0
SEQEND
  0
POLYLINE
  8
0
 66
1
 70
1
  0
VERTEX
  8
0
 10
215.000000
 20
186.000000
 42
0.105053
  0
VERTEX
  8
0
 10
215.081062
 20
185.618444
 42
0.099167
  0
VERTEX
  8
0
 10
215.311086
 20
185.293750
 42
0.096420
  0
VERTEX
  8
0
 10
215.654762
 20
185.076123
 42
0.093332
  0
VERTEX
  8
0
 10
216.059017
 20
185.000000
 42
0.108972
  0
VERTEX
  8
0
 10
216.413961
 20
185.078288
 42
0.182303
  0
VERTEX
  8
0
 10
216.625400
 20
185.293750
 42
0.161196
  0
VERTEX
  8
0
 10
216.656512
 20
185.617900
 42
0.082592
  0
VERTEX
  8
0
 10
216.500000
 20
186.000000
 42
0.029505
  0
VERTEX
  8
0
 10
216.231006
 20
186.382774
 42
0.035638
  0
VERTEX
  8
0
 10
215.933975
 20
186.706250
 42
0.038439
  0
VERTEX
  8
0
 10
215.651710
 20
186.934461
 42
0.151918
  0
VERTEX
  8
0
 10
215.440983
 20
187.000000
 42
0.210953
  0
VERTEX
  8
0
 10
215.272352
 20
186.925540
 42
0.081139
  0
VERTEX
  8
0
 10
215.129539
 20
186.706250
 42
0.061769
  0
VERTEX
  8
0
 10
215.032345
 20
186.382849
 42
0.042167
  0
SEQEND
  0
POLYLINE
  8
0
 66
1
 70
1
  0
VERTEX
  8
0
 10
225.542705
 20
186.069098
 42
0.108373
  0
VERTEX
  8
0
 10
225.401101
 20
185.665803
 42
0.099685
  0
VERTEX
  8
0
 10
225.434921
 20
185.227140
 42
0.095498
  0
VERTEX
  8
0
 10
225.639411
 20
184.820631
 42
0.090427
  0
VERTEX
  8
0
 10
225.983688
 20
184.510081
 42
0.136093
  0
VERTEX
  8
0
 10
226.369640
 20
184.397824
 42
0.190788
  0
VERTEX
  8
0
 10
226.701458
 20
184.524436
 42
0.140899
  0
VERTEX
  8
0
 10
226.925389
 20
184.890269
 42
0.067432
  0
VERTEX
  8
0
 10
227.000000
 20
185.440983
 42
0.039415
  0
VERTEX
  8
0
 10
226.914842
 20
186.519563
 42
0.257010
  0
VERTEX
  8
0
 10
226.592818
 20
186.933879
 42
0.315493
  0
VERTEX
  8
0
 10
226.133140
 20
186.838655
 42
0.050477
  0
SEQEND
  0
POLYLINE
  8
0
 66
1
 70
1
  0
VERTEX
  8
0
 10
171.564293
 20
176.706872
 42
0.036269
  0
VERTEX
  8
0
 10
171.866277
 20
176.059266
 42
0.070189
  0
VERTEX
  8
0
 10
172.210949
 20
175.604915
 42
0.120343
  0
VERTEX
  8
0
 10
172.538684
 20
175.407510
 42
0.278911
  0
VERTEX
  8
0
 10
172.806872
 20
175.473539
 42
0.207420
  0
VERTEX
  8
0
 10
172.927901
 20
175.779789
 42
0.082976
  0
VERTEX
  8
0
 10
172.837219
 20
176.231185
 42
0.063152
  0
VERTEX
  8
0
 10
172.558688
 20
176.753423
 42
0.043285
  0
VERTEX
  8
0
 10
172.124088
 20
177.266667
 42
0.011214
  0
VERTEX
  8
0
 10
171.463552
 20
177.893514
 42
0.400052
  0
VERTEX
  8
0
 10
171.270328
 20
177.888819
 42
0.286372
  0
VERTEX
  8
0
 10
171.218210
 20
177.663782
 42
0.008399
  0
SEQEND
  0
POLYLINE
  8
0
 66
1
 70
1
  0
VERTEX
  8
0
 10
212.000000
 20
173.611111
 42
0.128753
  0
VERTEX
  8
0
 10
212.135787
 20
173.092537
 42
0.110029
  0
VERTEX
  8
0
 10
212.514062
 20
172.671007
 42
0.096945
  0
VERTEX
  8
0
 10
213.081503
 20
172.412849
 42
0.078380
  0
VERTEX
  8
0
 10
213.750000
 20
172.361111
 42
-0.356468
  0
VERTEX
  8
0
 10
214.762256
 20
171.660159
 42
-0.048088
  0
VERTEX
  8
0
 10
215.271355
 20
168.927543
 42
-0.017554
  0
VERTEX
  8
0
 10
215.563050
 20
163.427634
 42
-0.001546
  0
VERTEX
  8
0
 10
215.769063
 20
149.500000
 42
0.003376
  0
VERTEX
  8
0
 10
215.943513
 20
140.045384
 42
0.007080
  0
VERTEX
  8
0
 10
216.232816
 20
132.699107
 42
0.002462
  0
VERTEX
  8
0
 10
216.581598
 20
126.738200
 42
0.303827
  0
VERTEX
  8
0
 10
217.019063
 20
126.166667
 42
-0.287347
  0
VERTEX
  8
0
 10
217.420388
 20
125.674031
 42
-0.009371
  0
VERTEX
  8
0
 10
217.700010
 20
123.027174
 42
-0.014877
  0
VERTEX
  8
0
 10
217.889210
 20
119.697501
 42
-0.008481
  0
VERTEX
  8
0
 10
217.929715
 20
115.666667
 42
-0.006064
  0
VERTEX
  8
0
 10
217.851227
 20
111.545355
 42
-0.019058
  0
VERTEX
  8
0
 10
217.659669
 20
108.784909
 42
-0.053702
  0
VERTEX
  8
0
 10
217.381767
 20
107.510457
 42
-0.696955
  0
VERTEX
  8
0
 10
217.049271
 20
107.500000
 42
0.035966
  0
VERTEX
  8
0
 10
216.582563
 20
108.449668
 42
0.501760
  0
VERTEX
  8
0
 10
216.257856
 20
108.486190
 42
0.133969
  0
VERTEX
  8
0
 10
215.960464
 20
107.923693
 42
0.006814
  0
VERTEX
  8
0
 10
215.532839
 20
105.880992
 42
0.020853
  0
VERTEX
  8
0
 10
215.295408
 20
104.320920
 42
0.016685
  0
VERTEX
  8
0
 10
215.166379
 20
102.625651
 42
0.016996
  0
VERTEX
  8
0
 10
215.152792
 20
101.047154
 42
0.040429
  0
VERTEX
  8
0
 10
215.277101
 20
99.880992
 42
0.024432
  0
VERTEX
  8
0
 10
215.489238
 20
98.998330
 42
0.703388
  0
VERTEX
  8
0
 10
215.651312
 20
98.988580
 42
0.086902
  0
VERTEX
  8
0
 10
215.783426
 20
99.548978
 42
0.005463
  0
VERTEX
  8
0
 10
215.863818
 20
101.250000
 42
-0.025141
  0
VERTEX
  8
0
 10
215.988527
 20
102.686928
 42
-0.039357
  0
VERTEX
  8
0
 10
216.253747
 20
103.898438
 42
-0.046339
  0
VERTEX
  8
0
 10
216.604660
 20
104.759953
 42
-0.279824
  0
VERTEX
  8
0
 10
217.000000
 20
105.000000
 42
-0.362465
  0
VERTEX
  8
0
 10
217.417447
 20
104.651608
 42
-0.015687
  0
VERTEX
  8
0
 10
217.720588
 20
102.625000
 42
-0.019442
  0
VERTEX
  8
0
 10
217.932720
 20
99.918912
 42
-0.009838
  0
VERTEX
  8
0
 10
218.000000
 20
96.500000
 42
-0.009838
  0
VERTEX
  8
0
 10
217.932720
 20
93.081088
 42
-0.019442
  0
VERTEX
  8
0
 10
217.720588
 20
90.375000
 42
-0.015687
  0
VERTEX
  8
0
 10
217.417447
 20
88.348392
 42
-0.362465
  0
VERTEX
  8
0
 10
217.000000
 20
88.000000
 42
0.191087
  0
VERTEX
  8
0
 10
216.618118
 20
87.848523
 42
0.088204
  0
VERTEX
  8
0
 10
216.293750
 20
87.412500
 42
0.068025
  0
VERTEX
  8
0
 10
216.073693
 20
86.765418
 42
0.048028
  0
VERTEX
  8
0
 10
216.000000
 20
86.000000
 42
0.048028
  0
VERTEX
  8
0
 10
216.073693
 20
85.234582
 42
0.068025
  0
VERTEX
  8
0
 10
216.293750
 20
84.587500
 42
0.088204
  0
VERTEX
  8
0
 10
216.618118
 20
84.151477
 42
0.191087
  0
VERTEX
  8
0
 10
217.000000
 20
84.000000
 42
-0.404762
  0
VERTEX
  8
0
 10
217.866042
 20
83.161554
 42
-0.007480
  0
VERTEX
  8
0
 10
217.987255
 20
76.203212
 42
-0.009711
  0
VERTEX
  8
0
 10
217.870926
 20
69.346222
 42
-0.189473
  0
VERTEX
  8
0
 10
217.040711
 20
67.440711
 42
0.158981
  0
VERTEX
  8
0
 10
216.649007
 20
66.669730
 42
0.008925
  0
VERTEX
  8
0
 10
216.277817
 20
63.975317
 42
0.013001
  0
VERTEX
  8
0
 10
215.971829
 20
60.696434
 42
0.009108
  0
VERTEX
  8
0
 10
215.790711
 20
56.990711
 42
0.000000
  0
VERTEX
  8
0
 10
215.500000
 20
47.500000
 42
0.000000
  0
VERTEX
  8
0
 10
200.500000
 20
47.000000
 42
0.004737
  0
VERTEX
  8
0
 10
194.765451
 20
46.754446
 42
0.008069
  0
VERTEX
  8
0
 10
189.979688
 20
46.426563
 42
0.002714
  0
VERTEX
  8
0
 10
185.953894
 20
46.063376
 42
0.482176
  0
VERTEX
  8
0
 10
185.750000
 20
45.750000
 42
-0.173614
  0
VERTEX
  8
0
 10
185.719086
 20
44.348320
 42
-0.228989
  0
VERTEX
  8
0
 10
184.800906
 20
43.484804
 42
-0.068471
  0
VERTEX
  8
0
 10
182.437078
 20
43.084430
 42
-0.007764
  0
VERTEX
  8
0
 10
177.000000
 20
43.000000
 42
-0.007557
  0
VERTEX
  8
0
 10
171.295412
 20
43.086219
 42
-0.078198
  0
VERTEX
  8
0
 10
168.992503
 20
43.520296
 42
-0.230106
  0
VERTEX
  8
0
 10
168.027907
 20
44.503050
 42
-0.120665
  0
VERTEX
  8
0
 10
167.881579
 20
46.250000
 42
0.303254
  0
VERTEX
  8
0
 10
167.748597
 20
46.538227
 42
0.062957
  0
VERTEX
  8
0
 10
167.213503
 20
46.779688
 42
0.046744
  0
VERTEX
  8
0
 10
166.413310
 20
46.945833
 42
0.027833
  0
VERTEX
  8
0
 10
165.440983
 20
47.000000
 42
0.027938
  0
VERTEX
  8
0
 10
164.490841
 20
46.946868
 42
0.057702
  0
VERTEX
  8
0
 10
163.767056
 20
46.779688
 42
0.107311
  0
VERTEX
  8
0
 10
163.372729
 20
46.534611
 42
0.349607
  0
VERTEX
  8
0
 10
163.336023
 20
46.250000
 42
-0.179080
  0
VERTEX
  8
0
 10
163.409224
 20
45.869342
 42
-0.067068
  0
VERTEX
  8
0
 10
163.246907
 20
45.341543
 42
-0.055473
  0
VERTEX
  8
0
 10
162.895434
 20
44.759327
 42
-0.042718
  0
VERTEX
  8
0
 10
162.395040
 20
44.210573
 42
-0.015471
  0
VERTEX
  8
0
 10
161.637990
 20
43.553076
 42
-0.172737
  0
VERTEX
  8
0
 10
161.267508
 20
43.421147
 42
-0.354643
  0
VERTEX
  8
0
 10
161.052433
 20
43.595643
 42
-0.048964
  0
VERTEX
  8
0
 10
160.984687
 20
44.210573
 42
0.019391
  0
VERTEX
  8
0
 10
160.951066
 20
44.873779
 42
0.387898
  0
VERTEX
  8
0
 10
160.813660
 20
44.999572
 42
0.244908
  0
VERTEX
  8
0
 10
160.605497
 20
44.891433
 42
0.011488
  0
VERTEX
  8
0
 10
160.151944
 20
44.211610
 42
-0.173408
  0
VERTEX
  8
0
 10
159.423631
 20
43.643999
 42
-0.042348
  0
VERTEX
  8
0
 10
157.920091
 20
43.285645
 42
-0.031439
  0
VERTEX
  8
0
 10
155.751056
 20
43.097615
 42
-0.012780
  0
VERTEX
  8
0
 10
152.785833
 20
43.103381
 42
-0.012482
  0
VERTEX
  8
0
 10
149.443465
 20
43.278906
 42
-0.043892
  0
VERTEX
  8
0
 10
147.320980
 20
43.632672
 42
-0.071048
  0
VERTEX
  8
0
 10
145.898761
 20
44.225180
 42
-0.102778
  0
VERTEX
  8
0
 10
144.897817
 20
45.141771
 42
0.145021
  0
VERTEX
  8
0
 10
143.586379
 20
46.155889
 42
0.063030
  0
VERTEX
  8
0
 10
141.427749
 20
46.694017
 42
0.026340
  0
VERTEX
  8
0
 10
137.608426
 20
46.945507
 42
0.003271
  0
VERTEX
  8
0
 10
129.279241
 20
47.000000
 42
0.000000
  0
VERTEX
  8
0
 10
115.000000
 20
47.000000
 42
0.000000
  0
VERTEX
  8
0
 10
115.000000
 20
76.883369
 42
0.001058
  0
VERTEX
  8
0
 10
114.959936
 20
95.821930
 42
0.014761
  0
VERTEX
  8
0
 10
114.729682
 20
102.641460
 42
0.041099
  0
VERTEX
  8
0
 10
114.225058
 20
106.087035
 42
0.278763
  0
VERTEX
  8
0
 10
113.074818
 20
107.270184
 42
0.034930
  0
VERTEX
  8
0
 10
112.216542
 20
107.431642
 42
0.167242
  0
VERTEX
  8
0
 10
111.736923
 20
107.326753
 42
0.269080
  0
VERTEX
  8
0
 10
111.555507
 20
106.993382
 42
0.084971
  0
VERTEX
  8
0
 10
111.670738
 20
106.415659
 42
-0.430635
  0
VERTEX
  8
0
 10
111.330144
 20
105.704885
 42
-0.047145
  0
VERTEX
  8
0
 10
109.355685
 20
105.270716
 42
-0.021951
  0
VERTEX
  8
0
 10
105.617966
 20
104.977329
 42
-0.003576
  0
VERTEX
  8
0
 10
98.345920
 20
104.778844
 42
0.002469
  0
VERTEX
  8
0
 10
89.460174
 20
104.555993
 42
0.036087
  0
VERTEX
  8
0
 10
86.342532
 20
104.236398
 42
0.133613
  0
VERTEX
  8
0
 10
84.880189
 20
103.548045
 42
0.182988
  0
VERTEX
  8
0
 10
84.185081
 20
102.285346
 42
0.188314
  0
VERTEX
  8
0
 10
84.565393
 20
100.668496
 42
0.152054
  0
VERTEX
  8
0
 10
85.978890
 20
99.558478
 42
0.087714
  0
VERTEX
  8
0
 10
88.518244
 20
99.072915
 42
0.033870
  0
VERTEX
  8
0
 10
92.111627
 20
99.266284
 42
0.001541
  0
VERTEX
  8
0
 10
94.284577
 20
99.538349
 42
0.693924
  0
VERTEX
  8
0
 10
94.308451
 20
99.640365
 42
0.137515
  0
VERTEX
  8
0
 10
94.029679
 20
99.730923
 42
0.000785
  0
VERTEX
  8
0
 10
91.250000
 20
99.839963
 42
-0.022146
  0
VERTEX
  8
0
 10
89.621260
 20
99.973692
 42
-0.035078
  0
VERTEX
  8
0
 10
88.248437
 20
100.246739
 42
-0.039001
  0
VERTEX
  8
0
 10
87.257289
 20
100.602285
 42
-0.295260
  0
VERTEX
  8
0
 10
87.000000
 20
101.000000
 42
-0.380863
  0
VERTEX
  8
0
 10
87.390270
 20
101.438029
 42
-0.008841
  0
VERTEX
  8
0
 10
90.375000
 20
101.730000
 42
-0.013787
  0
VERTEX
  8
0
 10
94.313127
 20
101.935981
 42
-0.006171
  0
VERTEX
  8
0
 10
99.500000
 20
102.000000
 42
0.000000
  0
VERTEX
  8
0
 10
112.000000
 20
102.000000
 42
0.000000
  0
VERTEX
  8
0
 10
112.000000
 20
74.500000
 42
0.000000
  0
VERTEX
  8
0
 10
112.000000
 20
47.000000
 42
0.000000
  0
VERTEX
  8
0
 10
109.393011
 20
47.000000
 42
0.028586
  0
VERTEX
  8
0
 10
108.126432
 20
46.927528
 42
0.142619
  0
VERTEX
  8
0
 10
107.477039
 20
46.654774
 42
0.233236
  0
VERTEX
  8
0
 10
107.250279
 20
46.162350
 42
0.085124
  0
VERTEX
  8
0
 10
107.404352
 20
45.388659
 42
-0.038080
  0
VERTEX
  8
0
 10
107.623605
 20
44.654693
 42
-0.236196
  0
VERTEX
  8
0
 10
107.529306
 20
44.284970
 42
-0.265879
  0
VERTEX
  8
0
 10
107.190553
 20
44.166114
 42
-0.046062
  0
VERTEX
  8
0
 10
106.511341
 20
44.357275
 42
0.051840
  0
VERTEX
  8
0
 10
105.932436
 20
44.513025
 42
0.094011
  0
VERTEX
  8
0
 10
105.443956
 20
44.499228
 42
0.143080
  0
VERTEX
  8
0
 10
105.123733
 20
44.324314
 42
0.199231
  0
VERTEX
  8
0
 10
105.000000
 20
44.026113
 42
-0.294695
  0
VERTEX
  8
0
 10
104.757133
 20
43.649835
 42
-0.032607
  0
VERTEX
  8
0
 10
103.751563
 20
43.272170
 42
-0.031458
  0
VERTEX
  8
0
 10
102.378748
 20
42.949015
 42
-0.020012
  0
VERTEX
  8
0
 10
100.750000
 20
42.738938
 42
0.951558
  0
VERTEX
  8
0
 10
100.755976
 20
42.584291
 42
0.000532
  0
VERTEX
  8
0
 10
115.887500
 20
42.433743
 42
0.001089
  0
VERTEX
  8
0
 10
134.856072
 20
42.306543
 42
0.000586
  0
VERTEX
  8
0
 10
158.250000
 20
42.228055
 42
0.000000
  0
VERTEX
  8
0
 10
220.000000
 20
42.093229
 42
0.000000
  0
VERTEX
  8
0
 10
220.015251
 20
62.796615
 42
-0.000609
  0
VERTEX
  8
0
 10
220.036414
 20
73.622516
 42
-0.000180
  0
VERTEX
  8
0
 10
220.094979
 20
90.196506
 42
-0.000181
  0
VERTEX
  8
0
 10
220.174263
 20
108.827358
 42
-0.000195
  0
VERTEX
  8
0
 10
220.265251
 20
127.000000
 42
0.000000
  0
VERTEX
  8
0
 10
220.500000
 20
170.500000
 42
0.000000
  0
VERTEX
  8
0
 10
236.347056
 20
170.775886
 42
0.002560
  0
VERTEX
  8
0
 10
245.403694
 20
170.979940
 42
0.022979
  0
VERTEX
  8
0
 10
249.364926
 20
171.271996
 42
0.068816
  0
VERTEX
  8
0
 10
251.235120
 20
171.763425
 42
0.406045
  0
VERTEX
  8
0
 10
251.597056
 20
172.607673
 42
-0.008229
  0
VERTEX
  8
0
 10
251.368448
 20
173.234046
 42
-0.009949
  0
VERTEX
  8
0
 10
251.175385
 20
173.829379
 42
-0.008724
  0
VERTEX
  8
0
 10
251.032173
 20
174.334544
 42
-0.064790
  0
VERTEX
  8
0
 10
251.000000
 20
174.581787
 42
0.317540
  0
VERTEX
  8
0
 10
250.885020
 20
174.744581
 42
0.033708
  0
VERTEX
  8
0
 10
250.412500
 20
174.877150
 42
0.031851
  0
VERTEX
  8
0
 10
249.766597
 20
174.969790
 42
0.019696
  0
VERTEX
  8
0
 10
249.000000
 20
175.000000
 42
0.072314
  0
VERTEX
  8
0
 10
248.230589
 20
174.888136
 42
0.088920
  0
VERTEX
  8
0
 10
247.583333
 20
174.562500
 42
0.102140
  0
VERTEX
  8
0
 10
247.153209
 20
174.075754
 42
0.130775
  0
VERTEX
  8
0
 10
247.000000
 20
173.500000
 42
-0.249066
  0
VERTEX
  8
0
 10
246.606582
 20
172.759206
 42
-0.099111
  0
VERTEX
  8
0
 10
245.511905
 20
172.300481
 42
-0.042072
  0
VERTEX
  8
0
 10
243.432339
 20
172.059956
 42
-0.007764
  0
VERTEX
  8
0
 10
239.571429
 20
172.000000
 42
-0.011589
  0
VERTEX
  8
0
 10
236.052183
 20
172.081582
 42
-0.030032
  0
VERTEX
  8
0
 10
233.529991
 20
172.350962
 42
-0.042168
  0
VERTEX
  8
0
 10
231.746500
 20
172.807752
 42
-0.113073
  0
VERTEX
  8
0
 10
230.642857
 20
173.500000
 42
0.177895
  0
VERTEX
  8
0
 10
227.845134
 20
174.794257
 42
0.018808
  0
VERTEX
  8
0
 10
220.540511
 20
175.112737
 42
0.015531
  0
VERTEX
  8
0
 10
213.246468
 20
174.929621
 42
0.397859
  0
SEQEND
  0
POLYLINE
  8
0
 66
1
 70
1
  0
VERTEX
  8
0
 10
267.606989
 20
173.418213
 42
0.013137
  0
VERTEX
  8
0
 10
267.082581
 20
171.936364
 42
0.226299
  0
VERTEX
  8
0
 10
267.148090
 20
171.440073
 42
0.256216
  0
VERTEX
  8
0
 10
267.567676
 20
171.214752
 42
0.016591
  0
VERTEX
  8
0
 10
269.000000
 20
171.274953
 42
0.076192
  0
VERTEX
  8
0
 10
269.809232
 20
171.462106
 42
0.097873
  0
VERTEX
  8
0
 10
270.449158
 20
171.876346
 42
0.104086
  0
VERTEX
  8
0
 10
270.856673
 20
172.480066
 42
0.096884
  0
VERTEX
  8
0
 10
271.000000
 20
173.212804
 42
0.160713
  0
VERTEX
  8
0
 10
270.602154
 20
174.418587
 42
0.221764
  0
VERTEX
  8
0
 10
269.614318
 20
174.954313
 42
0.189595
  0
VERTEX
  8
0
 10
268.437744
 20
174.571868
 42
0.129561
  0
SEQEND
  0
POLYLINE
  8
0
 66
1
 70
1
  0
VERTEX
  8
0
 10
313.000000
 20
173.000000
 42
0.283992
  0
VERTEX
  8
0
 10
313.706218
 20
171.856906
 42
0.090905
  0
VERTEX
  8
0
 10
315.708333
 20
171.275424
 42
0.023762
  0
VERTEX
  8
0
 10
320.082186
 20
171.039745
 42
0.001579
  0
VERTEX
  8
0
 10
332.666667
 20
171.000000
 42
0.002485
  0
VERTEX
  8
0
 10
340.172559
 20
171.037306
 42
0.004316
  0
VERTEX
  8
0
 10
346.403213
 20
171.153037
 42
0.001060
  0
VERTEX
  8
0
 10
351.728525
 20
171.309240
 42
0.656868
  0
VERTEX
  8
0
 10
351.812355
 20
171.520978
 42
0.168407
  0
VERTEX
  8
0
 10
351.378740
 20
171.731356
 42
0.006894
  0
VERTEX
  8
0
 10
349.628374
 20
171.914483
 42
0.011355
  0
VERTEX
  8
0
 10
347.515730
 20
172.057828
 42
0.007741
  0
VERTEX
  8
0
 10
345.109113
 20
172.128982
 42
-0.016778
  0
VERTEX
  8
0
 10
342.436872
 20
172.256354
 42
-0.027922
  0
VERTEX
  8
0
 10
340.204691
 20
172.564119
 42
-0.032513
  0
VERTEX
  8
0
 10
338.491836
 20
173.015828
 42
-0.116155
  0
VERTEX
  8
0
 10
337.534853
 20
173.608004
 42
0.035820
  0
VERTEX
  8
0
 10
336.356472
 20
174.628646
 42
0.160870
  0
VERTEX
  8
0
 10
335.503035
 20
174.914475
 42
0.162222
  0
VERTEX
  8
0
 10
334.651476
 20
174.634661
 42
0.036586
  0
VERTEX
  8
0
 10
333.482032
 20
173.624889
 42
-0.172586
  0
VERTEX
  8
0
 10
330.831566
 20
172.365446
 42
-0.023313
  0
VERTEX
  8
0
 10
324.585403
 20
172.020484
 42
-0.020190
  0
VERTEX
  8
0
 10
318.346489
 20
172.219076
 42
-0.290858
  0
VERTEX
  8
0
 10
316.645716
 20
173.480866
 42
0.144024
  0
VERTEX
  8
0
 10
315.764030
 20
174.634694
 42
0.193193
  0
VERTEX
  8
0
 10
314.501483
 20
174.957804
 42
0.206198
  0
VERTEX
  8
0
 10
313.426236
 20
174.316425
 42
0.157857
  0
SEQEND
  0
POLYLINE
  8
0
 66
1
 70
1
  0
VERTEX
  8
0
 10
170.286014
 20
169.500000
 42
0.006817
  0
VERTEX
  8
0
 10
170.315278
 20
167.711719
 42
0.040183
  0
VERTEX
  8
0
 10
170.418418
 20
166.780601
 42
0.720633
  0
VERTEX
  8
0
 10
170.561388
 20
166.761725
 42
0.075924
  0
VERTEX
  8
0
 10
170.717581
 20
167.263750
 42
0.022548
  0
VERTEX
  8
0
 10
170.846293
 20
168.485188
 42
0.015659
  0
VERTEX
  8
0
 10
170.885962
 20
169.872547
 42
0.015827
  0
VERTEX
  8
0
 10
170.839977
 20
171.209518
 42
0.031163
  0
VERTEX
  8
0
 10
170.703931
 20
172.263750
 42
0.248898
  0
VERTEX
  8
0
 10
170.549185
 20
172.455688
 42
0.490820
  0
VERTEX
  8
0
 10
170.403147
 20
172.374351
 42
0.030832
  0
VERTEX
  8
0
 10
170.307632
 20
171.297080
 42
0.007380
  0
SEQEND
  0
POLYLINE
  8
0
 66
1
 70
1
  0
VERTEX
  8
0
 10
253.380278
 20
171.806286
 42
0.510370
  0
VERTEX
  8
0
 10
253.507036
 20
171.498128
 42
0.026876
  0
VERTEX
  8
0
 10
254.734744
 20
171.270922
 42
0.024406
  0
VERTEX
  8
0
 10
256.497186
 20
171.128820
 42
0.012905
  0
VERTEX
  8
0
 10
258.690983
 20
171.116001
 42
0.002702
  0
VERTEX
  8
0
 10
262.813350
 20
171.220609
 42
0.635389
  0
VERTEX
  8
0
 10
262.929299
 20
171.488887
 42
0.188142
  0
VERTEX
  8
0
 10
262.352264
 20
171.785452
 42
0.001898
  0
VERTEX
  8
0
 10
257.689295
 20
172.248643
 42
0.020712
  0
VERTEX
  8
0
 10
256.193430
 20
172.329192
 42
0.028677
  0
VERTEX
  8
0
 10
254.851606
 20
172.268821
 42
0.028359
  0
VERTEX
  8
0
 10
253.793608
 20
172.099165
 42
0.203105
  0
SEQEND
  0
POLYLINE
  8
0
 66
1
 70
1
  0
VERTEX
  8
0
 10
291.000000
 20
170.083333
 42
-0.046036
  0
VERTEX
  8
0
 10
290.926426
 20
169.285923
 42
-0.065972
  0
VERTEX
  8
0
 10
290.706250
 20
168.611979
 42
-0.086035
  0
VERTEX
  8
0
 10
290.382029
 20
168.157031
 42
-0.197505
  0
VERTEX
  8
0
 10
290.000000
 20
168.000000
 42
0.277684
  0
VERTEX
  8
0
 10
289.614308
 20
167.767902
 42
0.052312
  0
VERTEX
  8
0
 10
289.293750
 20
166.971875
 42
0.042582
  0
VERTEX
  8
0
 10
289.072542
 20
165.841111
 42
0.027026
  0
VERTEX
  8
0
 10
289.000000
 20
164.500000
 42
-0.027026
  0
VERTEX
  8
0
 10
288.927458
 20
163.158889
 42
-0.042582
  0
VERTEX
  8
0
 10
288.706250
 20
162.028125
 42
-0.052312
  0
VERTEX
  8
0
 10
288.385692
 20
161.232098
 42
-0.277684
  0
VERTEX
  8
0
 10
288.000000
 20
161.000000
 42
0.125355
  0
VERTEX
  8
0
 10
287.621266
 20
160.903532
 42
0.103790
  0
VERTEX
  8
0
 10
287.303523
 20
160.632812
 42
0.092845
  0
VERTEX
  8
0
 10
287.096028
 20
160.227490
 42
0.078810
  0
VERTEX
  8
0
 10
287.033269
 20
159.750000
 42
0.317157
  0
VERTEX
  8
0
 10
287.223338
 20
159.495172
 42
0.201952
  0
VERTEX
  8
0
 10
287.607273
 20
159.527052
 42
0.072073
  0
VERTEX
  8
0
 10
288.217075
 20
159.967280
 42
0.026587
  0
VERTEX
  8
0
 10
288.940605
 20
160.746348
 42
0.046983
  0
VERTEX
  8
0
 10
289.693295
 20
161.843266
 42
0.056971
  0
VERTEX
  8
0
 10
290.171519
 20
162.994610
 42
0.061416
  0
VERTEX
  8
0
 10
290.354101
 20
164.146614
 42
0.071801
  0
VERTEX
  8
0
 10
290.233921
 20
165.246348
 42
-0.009184
  0
VERTEX
  8
0
 10
289.909605
 20
166.607899
 42
-0.300221
  0
VERTEX
  8
0
 10
290.025663
 20
166.909043
 42
-0.327516
  0
VERTEX
  8
0
 10
290.335251
 20
166.904900
 42
-0.010183
  0
VERTEX
  8
0
 10
291.392522
 20
166.072833
 42
-0.042002
  0
VERTEX
  8
0
 10
292.166092
 20
165.321100
 42
-0.018437
  0
VERTEX
  8
0
 10
293.063855
 20
164.208391
 42
-0.018094
  0
VERTEX
  8
0
 10
293.935006
 20
162.950841
 42
-0.023104
  0
VERTEX
  8
0
 10
294.639673
 20
161.729902
 42
0.020789
  0
VERTEX
  8
0
 10
295.256326
 20
160.649948
 42
0.037245
  0
VERTEX
  8
0
 10
295.861817
 20
159.827905
 42
0.048109
  0
VERTEX
  8
0
 10
296.378249
 20
159.331779
 42
0.380576
  0
VERTEX
  8
0
 10
296.682828
 20
159.349494
 42
0.282608
  0
VERTEX
  8
0
 10
296.772737
 20
159.725768
 42
0.028149
  0
VERTEX
  8
0
 10
296.420513
 20
160.626961
 42
0.028832
  0
VERTEX
  8
0
 10
295.834719
 20
161.734482
 42
0.018655
  0
VERTEX
  8
0
 10
295.038065
 20
162.946542
 42
-0.038498
  0
VERTEX
  8
0
 10
294.187776
 20
164.359208
 42
-0.037676
  0
VERTEX
  8
0
 10
293.557062
 20
165.895572
 42
-0.040032
  0
VERTEX
  8
0
 10
293.200711
 20
167.389154
 42
-0.068697
  0
VERTEX
  8
0
 10
293.178974
 20
168.666866
 42
0.044306
  0
VERTEX
  8
0
 10
293.212536
 20
169.728163
 42
0.059085
  0
VERTEX
  8
0
 10
293.044794
 20
170.677021
 42
0.072241
  0
VERTEX
  8
0
 10
292.711444
 20
171.390205
 42
0.167737
  0
VERTEX
  8
0
 10
292.250000
 20
171.746082
 42
0.157716
  0
VERTEX
  8
0
 10
291.754675
 20
171.751884
 42
0.157540
  0
VERTEX
  8
0
 10
291.349530
 20
171.466511
 42
0.108429
  0
VERTEX
  8
0
 10
291.086069
 20
170.889948
 42
0.053201
  0
SEQEND
  0
POLYLINE
  8
0
 66
1
 70
1
  0
VERTEX
  8
0
 10
270.500000
 20
160.592480
 42
0.007493
  0
VERTEX
  8
0
 10
270.553566
 20
157.018063
 42
0.013434
  0
VERTEX
  8
0
 10
270.720312
 20
154.087463
 42
0.008397
  0
VERTEX
  8
0
 10
270.951239
 20
151.797371
 42
0.548987
  0
VERTEX
  8
0
 10
271.250000
 20
151.653284
 42
0.231599
  0
VERTEX
  8
0
 10
271.549500
 20
152.130075
 42
0.006531
  0
VERTEX
  8
0
 10
271.779688
 20
154.607927
 42
0.012054
  0
VERTEX
  8
0
 10
271.945741
 20
157.598728
 42
0.007840
  0
VERTEX
  8
0
 10
272.000000
 20
161.059017
 42
0.007867
  0
VERTEX
  8
0
 10
271.946061
 20
164.487097
 42
0.013060
  0
VERTEX
  8
0
 10
271.779688
 20
167.373061
 42
0.006666
  0
VERTEX
  8
0
 10
271.550257
 20
169.730036
 42
0.382928
  0
VERTEX
  8
0
 10
271.250000
 20
169.998213
 42
0.383463
  0
VERTEX
  8
0
 10
270.949359
 20
169.726597
 42
0.006042
  0
VERTEX
  8
0
 10
270.720312
 20
167.234542
 42
0.012415
  0
VERTEX
  8
0
 10
270.553937
 20
164.198338
 42
0.007479
  0
SEQEND
  0
POLYLINE
  8
0
 66
1
 70
1
  0
VERTEX
  8
0
 10
312.000000
 20
159.940983
 42
0.006931
  0
VERTEX
  8
0
 10
312.059487
 20
155.650043
 42
0.019453
  0
VERTEX
  8
0
 10
312.259493
 20
152.652587
 42
0.022894
  0
VERTEX
  8
0
 10
312.558436
 20
150.691953
 42
0.522927
  0
VERTEX
  8
0
 10
313.000000
 20
150.500000
 42
0.223356
  0
VERTEX
  8
0
 10
313.398282
 20
151.110938
 42
0.009784
  0
VERTEX
  8
0
 10
313.707154
 20
153.701799
 42
0.014948
  0
VERTEX
  8
0
 10
313.927807
 20
156.885615
 42
0.009825
  0
VERTEX
  8
0
 10
314.000000
 20
160.559017
 42
0.008640
  0
VERTEX
  8
0
 10
313.933731
 20
164.393550
 42
0.017744
  0
VERTEX
  8
0
 10
313.723520
 20
167.389754
 42
0.013538
  0
VERTEX
  8
0
 10
313.423469
 20
169.639273
 42
0.368182
  0
VERTEX
  8
0
 10
313.000000
 20
170.000000
 42
0.371370
  0
VERTEX
  8
0
 10
312.573049
 20
169.632154
 42
0.012343
  0
VERTEX
  8
0
 10
312.274853
 20
167.235246
 42
0.016776
  0
VERTEX
  8
0
 10
312.065706
 20
164.048611
 42
0.007998
  0
SEQEND
  0
POLYLINE
  8
0
 66
1
 70
1
  0
VERTEX
  8
0
 10
112.582949
 20
168.134215
 42
0.082266
  0
VERTEX
  8
0
 10
112.152435
 20
167.085124
 42
0.308655
  0
VERTEX
  8
0
 10
112.398833
 20
166.456401
 42
0.112604
  0
VERTEX
  8
0
 10
113.414966
 20
166.057278
 42
0.010063
  0
VERTEX
  8
0
 10
116.152705
 20
165.699680
 42
0.013216
  0
VERTEX
  8
0
 10
118.215362
 20
165.527411
 42
0.135589
  0
VERTEX
  8
0
 10
119.044261
 20
165.706375
 42
0.281608
  0
VERTEX
  8
0
 10
119.354653
 20
166.224632
 42
0.061678
  0
VERTEX
  8
0
 10
119.211185
 20
167.300430
 42
0.013204
  0
VERTEX
  8
0
 10
118.850699
 20
168.543828
 42
0.303501
  0
VERTEX
  8
0
 10
118.575160
 20
168.763417
 42
0.251007
  0
VERTEX
  8
0
 10
118.224585
 20
168.611751
 42
0.009816
  0
VERTEX
  8
0
 10
117.344702
 20
167.456731
 42
-0.005342
  0
VERTEX
  8
0
 10
116.450523
 20
166.260895
 42
-0.253483
  0
VERTEX
  8
0
 10
116.184181
 20
166.141459
 42
-0.380176
  0
VERTEX
  8
0
 10
116.016113
 20
166.315050
 42
-0.008686
  0
VERTEX
  8
0
 10
115.984687
 20
167.558870
 42
0.015090
  0
VERTEX
  8
0
 10
115.948258
 20
168.515424
 42
0.234373
  0
VERTEX
  8
0
 10
115.787329
 20
168.790920
 42
0.387797
  0
VERTEX
  8
0
 10
115.543757
 20
168.752062
 42
0.027002
  0
VERTEX
  8
0
 10
115.105738
 20
168.136847
 42
-0.022400
  0
VERTEX
  8
0
 10
114.627711
 20
167.452199
 42
-0.223267
  0
VERTEX
  8
0
 10
114.325113
 20
167.295757
 42
-0.294680
  0
VERTEX
  8
0
 10
114.068627
 20
167.447873
 42
-0.035163
  0
VERTEX
  8
0
 10
113.804136
 20
168.087593
 42
0.032678
  0
VERTEX
  8
0
 10
113.545026
 20
168.723213
 42
0.276818
  0
VERTEX
  8
0
 10
113.297090
 20
168.885040
 42
0.242081
  0
VERTEX
  8
0
 10
113.010854
 20
168.751381
 42
0.026339
  0
SEQEND
  0
POLYLINE
  8
0
 66
1
 70
1
  0
VERTEX
  8
0
 10
121.015313
 20
167.250000
 42
0.042523
  0
VERTEX
  8
0
 10
121.082804
 20
166.388595
 42
0.062416
  0
VERTEX
  8
0
 10
121.298248
 20
165.660937
 42
0.082215
  0
VERTEX
  8
0
 10
121.618823
 20
165.167975
 42
0.210568
  0
VERTEX
  8
0
 10
122.000000
 20
165.000000
 42
0.163584
  0
VERTEX
  8
0
 10
122.667076
 20
165.224247
 42
0.234725
  0
VERTEX
  8
0
 10
122.939692
 20
165.772965
 42
0.112355
  0
VERTEX
  8
0
 10
122.729028
 20
166.698623
 42
0.031558
  0
VERTEX
  8
0
 10
122.000000
 20
168.000000
 42
0.023197
  0
VERTEX
  8
0
 10
121.479509
 20
168.728886
 42
0.409657
  0
VERTEX
  8
0
 10
121.218347
 20
168.762149
 42
0.220444
  0
VERTEX
  8
0
 10
121.050422
 20
168.444209
 42
0.011293
  0
SEQEND
  0
POLYLINE
  8
0
 66
1
 70
1
  0
VERTEX
  8
0
 10
124.157895
 20
167.000000
 42
0.017491
  0
VERTEX
  8
0
 10
124.189089
 20
166.108560
 42
0.078554
  0
VERTEX
  8
0
 10
124.306058
 20
165.601562
 42
0.447206
  0
VERTEX
  8
0
 10
124.474999
 20
165.540618
 42
0.174857
  0
VERTEX
  8
0
 10
124.662281
 20
165.750000
 42
0.057986
  0
VERTEX
  8
0
 10
124.818615
 20
166.320008
 42
0.037979
  0
VERTEX
  8
0
 10
124.870340
 20
167.000000
 42
0.037979
  0
VERTEX
  8
0
 10
124.818615
 20
167.679992
 42
0.057986
  0
VERTEX
  8
0
 10
124.662281
 20
168.250000
 42
0.174857
  0
VERTEX
  8
0
 10
124.474999
 20
168.459382
 42
0.447206
  0
VERTEX
  8
0
 10
124.306058
 20
168.398438
 42
0.078554
  0
VERTEX
  8
0
 10
124.189089
 20
167.891440
 42
0.017491
  0
SEQEND
  0
POLYLINE
  8
0
 66
1
 70
1
  0
VERTEX
  8
0
 10
126.582949
 20
168.134215
 42
0.052326
  0
VERTEX
  8
0
 10
126.327923
 20
167.604943
 42
0.061761
  0
VERTEX
  8
0
 10
126.206090
 20
167.062910
 42
0.072310
  0
VERTEX
  8
0
 10
126.228156
 20
166.590120
 42
0.149701
  0
VERTEX
  8
0
 10
126.399864
 20
166.266802
 42
0.208213
  0
VERTEX
  8
0
 10
127.031223
 20
166.018401
 42
0.228122
  0
VERTEX
  8
0
 10
127.610436
 20
166.323111
 42
0.143258
  0
VERTEX
  8
0
 10
127.913564
 20
167.144952
 42
0.097944
  0
VERTEX
  8
0
 10
127.787251
 20
168.138246
 42
0.033951
  0
VERTEX
  8
0
 10
127.536207
 20
168.749629
 42
0.286646
  0
VERTEX
  8
0
 10
127.294341
 20
168.899578
 42
0.233206
  0
VERTEX
  8
0
 10
127.012891
 20
168.759582
 42
0.024362
  0
SEQEND
  0
POLYLINE
  8
0
 66
1
 70
1
  0
VERTEX
  8
0
 10
130.000000
 20
167.500000
 42
0.098585
  0
VERTEX
  8
0
 10
130.107791
 20
166.958625
 42
0.165571
  0
VERTEX
  8
0
 10
130.410795
 20
166.614011
 42
0.148410
  0
VERTEX
  8
0
 10
130.889304
 20
166.503621
 42
0.074756
  0
VERTEX
  8
0
 10
131.500000
 20
166.638374
 42
0.015549
  0
VERTEX
  8
0
 10
132.074741
 20
166.879681
 42
0.023203
  0
VERTEX
  8
0
 10
132.559375
 20
167.128913
 42
0.019892
  0
VERTEX
  8
0
 10
132.925857
 20
167.359280
 42
0.247326
  0
VERTEX
  8
0
 10
133.000000
 20
167.500000
 42
0.247326
  0
VERTEX
  8
0
 10
132.925857
 20
167.640720
 42
0.019892
  0
VERTEX
  8
0
 10
132.559375
 20
167.871087
 42
0.023203
  0
VERTEX
  8
0
 10
132.074741
 20
168.120319
 42
0.015549
  0
VERTEX
  8
0
 10
131.500000
 20
168.361626
 42
0.074756
  0
VERTEX
  8
0
 10
130.889304
 20
168.496379
 42
0.148410
  0
VERTEX
  8
0
 10
130.410795
 20
168.385989
 42
0.165571
  0
VERTEX
  8
0
 10
130.107791
 20
168.041375
 42
0.098585
  0
SEQEND
  0
POLYLINE
  8
0
 66
1
 70
1
  0
VERTEX
  8
0
 10
135.338607
 20
167.440013
 42
0.045655
  0
VERTEX
  8
0
 10
135.160725
 20
166.809943
 42
0.050422
  0
VERTEX
  8
0
 10
135.108132
 20
166.178921
 42
0.056739
  0
VERTEX
  8
0
 10
135.179285
 20
165.638724
 42
0.136101
  0
VERTEX
  8
0
 10
135.376461
 20
165.290205
 42
0.173770
  0
VERTEX
  8
0
 10
135.613033
 20
165.178457
 42
0.252657
  0
VERTEX
  8
0
 10
135.821334
 20
165.265977
 42
0.124249
  0
VERTEX
  8
0
 10
135.966379
 20
165.581538
 42
0.043228
  0
VERTEX
  8
0
 10
136.015313
 20
166.083333
 42
-0.017081
  0
VERTEX
  8
0
 10
136.048556
 20
166.822105
 42
-0.363826
  0
VERTEX
  8
0
 10
136.191396
 20
166.967363
 42
-0.269503
  0
VERTEX
  8
0
 10
136.406524
 20
166.868549
 42
-0.012186
  0
VERTEX
  8
0
 10
136.876149
 20
166.166154
 42
0.030228
  0
VERTEX
  8
0
 10
137.346002
 20
165.515486
 42
0.255890
  0
VERTEX
  8
0
 10
137.669136
 20
165.384951
 42
0.248049
  0
VERTEX
  8
0
 10
137.960400
 20
165.585670
 42
0.028686
  0
VERTEX
  8
0
 10
138.297694
 20
166.333395
 42
0.096101
  0
VERTEX
  8
0
 10
138.407031
 20
166.952526
 42
0.098645
  0
VERTEX
  8
0
 10
138.275027
 20
167.561465
 42
0.099526
  0
VERTEX
  8
0
 10
137.921284
 20
168.069187
 42
0.099695
  0
VERTEX
  8
0
 10
137.399004
 20
168.400382
 42
0.101759
  0
VERTEX
  8
0
 10
136.789356
 20
168.501012
 42
0.099561
  0
VERTEX
  8
0
 10
136.184292
 20
168.354417
 42
0.097872
  0
VERTEX
  8
0
 10
135.674974
 20
167.982057
 42
0.094776
  0
SEQEND
  0
POLYLINE
  8
0
 66
1
 70
1
  0
VERTEX
  8
0
 10
141.078947
 20
167.416667
 42
0.018894
  0
VERTEX
  8
0
 10
141.137993
 20
166.670344
 42
0.168741
  0
VERTEX
  8
0
 10
141.279315
 20
166.378580
 42
0.470617
  0
VERTEX
  8
0
 10
141.461564
 20
166.395823
 42
0.054073
  0
VERTEX
  8
0
 10
141.683114
 20
166.812500
 42
0.051402
  0
VERTEX
  8
0
 10
141.839148
 20
167.359369
 42
0.054150
  0
VERTEX
  8
0
 10
141.876576
 20
167.916927
 42
0.060344
  0
VERTEX
  8
0
 10
141.797407
 20
168.402231
 42
0.126455
  0
VERTEX
  8
0
 10
141.604167
 20
168.729167
 42
0.296942
  0
VERTEX
  8
0
 10
141.385309
 20
168.775380
 42
0.208169
  0
VERTEX
  8
0
 10
141.200665
 20
168.592839
 42
0.077125
  0
VERTEX
  8
0
 10
141.089945
 20
168.112848
 42
0.028489
  0
SEQEND
  0
POLYLINE
  8
0
 66
1
 70
1
  0
VERTEX
  8
0
 10
403.250000
 20
167.271532
 42
0.016375
  0
VERTEX
  8
0
 10
404.957332
 20
167.149287
 42
0.009683
  0
VERTEX
  8
0
 10
407.000000
 20
167.109723
 42
0.009683
  0
VERTEX
  8
0
 10
409.042668
 20
167.149287
 42
0.016375
  0
VERTEX
  8
0
 10
410.750000
 20
167.271532
 42
0.095407
  0
VERTEX
  8
0
 10
411.221145
 20
167.414420
 42
0.741699
  0
VERTEX
  8
0
 10
411.195312
 20
167.548567
 42
0.021699
  0
VERTEX
  8
0
 10
409.688407
 20
167.640349
 42
0.004360
  0
VERTEX
  8
0
 10
407.000000
 20
167.663794
 42
0.004360
  0
VERTEX
  8
0
 10
404.311593
 20
167.640349
 42
0.021699
  0
VERTEX
  8
0
 10
402.804688
 20
167.548567
 42
0.741699
  0
VERTEX
  8
0
 10
402.778855
 20
167.414420
 42
0.095407
  0
SEQEND
  0
POLYLINE
  8
0
 66
1
 70
1
  0
VERTEX
  8
0
 10
297.078947
 20
165.416667
 42
0.018894
  0
VERTEX
  8
0
 10
297.137993
 20
164.670344
 42
0.168741
  0
VERTEX
  8
0
 10
297.279315
 20
164.378580
 42
0.470617
  0
VERTEX
  8
0
 10
297.461564
 20
164.395823
 42
0.054073
  0
VERTEX
  8
0
 10
297.683114
 20
164.812500
 42
0.051402
  0
VERTEX
  8
0
 10
297.839148
 20
165.359369
 42
0.054150
  0
VERTEX
  8
0
 10
297.876576
 20
165.916927
 42
0.060344
  0
VERTEX
  8
0
 10
297.797407
 20
166.402231
 42
0.126455
  0
VERTEX
  8
0
 10
297.604167
 20
166.729167
 42
0.296942
  0
VERTEX
  8
0
 10
297.385309
 20
166.775380
 42
0.208169
  0
VERTEX
  8
0
 10
297.200665
 20
166.592839
 42
0.077125
  0
VERTEX
  8
0
 10
297.089945
 20
166.112848
 42
0.028489
  0
SEQEND
  0
POLYLINE
  8
0
 66
1
 70
1
  0
VERTEX
  8
0
 10
45.015313
 20
165.250000
 42
0.077483
  0
VERTEX
  8
0
 10
45.083671
 20
164.863534
 42
0.020703
  0
VERTEX
  8
0
 10
45.310881
 20
164.279687
 42
0.020470
  0
VERTEX
  8
0
 10
45.627829
 20
163.629313
 42
0.019837
  0
VERTEX
  8
0
 10
46.000000
 20
163.000000
 42
0.023197
  0
VERTEX
  8
0
 10
46.520491
 20
162.271114
 42
0.409657
  0
VERTEX
  8
0
 10
46.781653
 20
162.237851
 42
0.220444
  0
VERTEX
  8
0
 10
46.949578
 20
162.555791
 42
0.011293
  0
VERTEX
  8
0
 10
46.984687
 20
163.750000
 42
0.042523
  0
VERTEX
  8
0
 10
46.917196
 20
164.611405
 42
0.062416
  0
VERTEX
  8
0
 10
46.701752
 20
165.339063
 42
0.082215
  0
VERTEX
  8
0
 10
46.381177
 20
165.832025
 42
0.210568
  0
VERTEX
  8
0
 10
46.000000
 20
166.000000
 42
0.073605
  0
VERTEX
  8
0
 10
45.619044
 20
165.943614
 42
0.089496
  0
VERTEX
  8
0
 10
45.298248
 20
165.779687
 42
0.102891
  0
VERTEX
  8
0
 10
45.086708
 20
165.535958
 42
0.133323
  0
SEQEND
  0
POLYLINE
  8
0
 66
1
 70
1
  0
VERTEX
  8
0
 10
50.000000
 20
163.761976
 42
0.095094
  0
VERTEX
  8
0
 10
50.122621
 20
163.123073
 42
0.066842
  0
VERTEX
  8
0
 10
50.482669
 20
162.483485
 42
0.064584
  0
VERTEX
  8
0
 10
51.014986
 20
161.940195
 42
0.075192
  0
VERTEX
  8
0
 10
51.643128
 20
161.583450
 42
0.034802
  0
VERTEX
  8
0
 10
53.141860
 20
161.125035
 42
0.425842
  0
VERTEX
  8
0
 10
53.593426
 20
161.419540
 42
0.239008
  0
VERTEX
  8
0
 10
53.386612
 20
162.134725
 42
0.021133
  0
VERTEX
  8
0
 10
52.006131
 20
163.494452
 42
0.011094
  0
VERTEX
  8
0
 10
50.877021
 20
164.471604
 42
0.140570
  0
VERTEX
  8
0
 10
50.367193
 20
164.694332
 42
0.385209
  0
VERTEX
  8
0
 10
50.086343
 20
164.501032
 42
0.058217
  0
SEQEND
  0
POLYLINE
  8
0
 66
1
 70
1
  0
VERTEX
  8
0
 10
54.000000
 20
163.940983
 42
0.096615
  0
VERTEX
  8
0
 10
54.070312
 20
163.580506
 42
0.174358
  0
VERTEX
  8
0
 10
54.268661
 20
163.359094
 42
0.171257
  0
VERTEX
  8
0
 10
54.565579
 20
163.312451
 42
0.092807
  0
VERTEX
  8
0
 10
54.914590
 20
163.447214
 42
-0.131107
  0
VERTEX
  8
0
 10
55.302558
 20
163.564193
 42
-0.121773
  0
VERTEX
  8
0
 10
55.709292
 20
163.477402
 42
-0.105417
  0
VERTEX
  8
0
 10
56.073164
 20
163.193455
 42
-0.078880
  0
VERTEX
  8
0
 10
56.335642
 20
162.756231
 42
0.022452
  0
VERTEX
  8
0
 10
56.578601
 20
162.223837
 42
0.388803
  0
VERTEX
  8
0
 10
56.742999
 20
162.162680
 42
0.271007
  0
VERTEX
  8
0
 10
56.872834
 20
162.331358
 42
0.015988
  0
VERTEX
  8
0
 10
56.936365
 20
163.000000
 42
-0.014645
  0
VERTEX
  8
0
 10
57.015515
 20
163.857472
 42
-0.379106
  0
VERTEX
  8
0
 10
57.176478
 20
164.000000
 42
-0.245382
  0
VERTEX
  8
0
 10
57.411246
 20
163.877403
 42
-0.008638
  0
VERTEX
  8
0
 10
58.000000
 20
163.000000
 42
0.011213
  0
VERTEX
  8
0
 10
58.563444
 20
162.169589
 42
0.309569
  0
VERTEX
  8
0
 10
58.798096
 20
162.083458
 42
0.327416
  0
VERTEX
  8
0
 10
58.952739
 20
162.271084
 42
0.011938
  0
VERTEX
  8
0
 10
58.984687
 20
163.250000
 42
0.101445
  0
VERTEX
  8
0
 10
58.832474
 20
164.027001
 42
0.141313
  0
VERTEX
  8
0
 10
58.391339
 20
164.576531
 42
0.108672
  0
VERTEX
  8
0
 10
57.624446
 20
164.898170
 42
0.045188
  0
VERTEX
  8
0
 10
56.500000
 20
165.000000
 42
0.040452
  0
VERTEX
  8
0
 10
55.542777
 20
164.922429
 42
0.059813
  0
VERTEX
  8
0
 10
54.734375
 20
164.688914
 42
0.078662
  0
VERTEX
  8
0
 10
54.184873
 20
164.346169
 42
0.217355
  0
SEQEND
  0
POLYLINE
  8
0
 66
1
 70
1
  0
VERTEX
  8
0
 10
60.015313
 20
164.250000
 42
0.077483
  0
VERTEX
  8
0
 10
60.083671
 20
163.863534
 42
0.020703
  0
VERTEX
  8
0
 10
60.310881
 20
163.279687
 42
0.020470
  0
VERTEX
  8
0
 10
60.627829
 20
162.629313
 42
0.019837
  0
VERTEX
  8
0
 10
61.000000
 20
162.000000
 42
0.023197
  0
VERTEX
  8
0
 10
61.520491
 20
161.271114
 42
0.409657
  0
VERTEX
  8
0
 10
61.781653
 20
161.237851
 42
0.220444
  0
VERTEX
  8
0
 10
61.949578
 20
161.555791
 42
0.011293
  0
VERTEX
  8
0
 10
61.984687
 20
162.750000
 42
0.042523
  0
VERTEX
  8
0
 10
61.917196
 20
163.611405
 42
0.062416
  0
VERTEX
  8
0
 10
61.701752
 20
164.339063
 42
0.082215
  0
VERTEX
  8
0
 10
61.381177
 20
164.832025
 42
0.210568
  0
VERTEX
  8
0
 10
61.000000
 20
165.000000
 42
0.073605
  0
VERTEX
  8
0
 10
60.619044
 20
164.943614
 42
0.089496
  0
VERTEX
  8
0
 10
60.298248
 20
164.779687
 42
0.102891
  0
VERTEX
  8
0
 10
60.086708
 20
164.535958
 42
0.133323
  0
SEQEND
  0
POLYLINE
  8
0
 66
1
 70
1
  0
VERTEX
  8
0
 10
64.078947
 20
163.416667
 42
0.018894
  0
VERTEX
  8
0
 10
64.137993
 20
162.670344
 42
0.168741
  0
VERTEX
  8
0
 10
64.279315
 20
162.378580
 42
0.470617
  0
VERTEX
  8
0
 10
64.461564
 20
162.395823
 42
0.054073
  0
VERTEX
  8
0
 10
64.683114
 20
162.812500
 42
0.051402
  0
VERTEX
  8
0
 10
64.839148
 20
163.359369
 42
0.054150
  0
VERTEX
  8
0
 10
64.876576
 20
163.916927
 42
0.060344
  0
VERTEX
  8
0
 10
64.797407
 20
164.402231
 42
0.126455
  0
VERTEX
  8
0
 10
64.604167
 20
164.729167
 42
0.296942
  0
VERTEX
  8
0
 10
64.385309
 20
164.775380
 42
0.208169
  0
VERTEX
  8
0
 10
64.200665
 20
164.592839
 42
0.077125
  0
VERTEX
  8
0
 10
64.089945
 20
164.112848
 42
0.028489
  0
SEQEND
  0
POLYLINE
  8
0
 66
1
 70
1
  0
VERTEX
  8
0
 10
66.078947
 20
163.416667
 42
0.018894
  0
VERTEX
  8
0
 10
66.137993
 20
162.670344
 42
0.168741
  0
VERTEX
  8
0
 10
66.279315
 20
162.378580
 42
0.470617
  0
VERTEX
  8
0
 10
66.461564
 20
162.395823
 42
0.054073
  0
VERTEX
  8
0
 10
66.683114
 20
162.812500
 42
0.051402
  0
VERTEX
  8
0
 10
66.839148
 20
163.359369
 42
0.054150
  0
VERTEX
  8
0
 10
66.876576
 20
163.916927
 42
0.060344
  0
VERTEX
  8
0
 10
66.797407
 20
164.402231
 42
0.126455
  0
VERTEX
  8
0
 10
66.604167
 20
164.729167
 42
0.296942
  0
VERTEX
  8
0
 10
66.385309
 20
164.775380
 42
0.208169
  0
VERTEX
  8
0
 10
66.200665
 20
164.592839
 42
0.077125
  0
VERTEX
  8
0
 10
66.089945
 20
164.112848
 42
0.028489
  0
SEQEND
  0
POLYLINE
  8
0
 66
1
 70
1
  0
VERTEX
  8
0
 10
58.786807
 20
141.250000
 42
0.107922
  0
VERTEX
  8
0
 10
58.668527
 20
140.669090
 42
0.001948
  0
VERTEX
  8
0
 10
58.725915
 20
137.489063
 42
0.004749
  0
VERTEX
  8
0
 10
58.842879
 20
133.769829
 42
0.003141
  0
VERTEX
  8
0
 10
59.044643
 20
129.500000
 42
0.000000
  0
VERTEX
  8
0
 10
59.633707
 20
118.500000
 42
0.000000
  0
VERTEX
  8
0
 10
59.816854
 20
130.250000
 42
0.003375
  0
VERTEX
  8
0
 10
59.878212
 20
137.193657
 42
0.023868
  0
VERTEX
  8
0
 10
59.724342
 20
140.562658
 42
0.191532
  0
VERTEX
  8
0
 10
59.314198
 20
141.366399
 42
0.506516
  0
SEQEND
  0
POLYLINE
  8
0
 66
1
 70
1
  0
VERTEX
  8
0
 10
433.298444
 20
140.000000
 42
0.067333
  0
VERTEX
  8
0
 10
433.678131
 20
138.260571
 42
0.257299
  0
VERTEX
  8
0
 10
434.484910
 20
137.556178
 42
0.363910
  0
VERTEX
  8
0
 10
435.255910
 20
137.961448
 42
0.085134
  0
VERTEX
  8
0
 10
435.598283
 20
139.500000
 42
0.000000
  0
VERTEX
  8
0
 10
435.696566
 20
141.500000
 42
0.000000
  0
VERTEX
  8
0
 10
435.195624
 20
139.500000
 42
-0.011600
  0
VERTEX
  8
0
 10
434.870750
 20
138.319821
 42
-0.436472
  0
VERTEX
  8
0
 10
434.647643
 20
138.210426
 42
-0.221561
  0
VERTEX
  8
0
 10
434.406695
 20
138.460155
 42
-0.005531
  0
VERTEX
  8
0
 10
433.895785
 20
140.000000
 42
0.000000
  0
VERTEX
  8
0
 10
433.096889
 20
142.500000
 42
0.000000
  0
SEQEND
  0
POLYLINE
  8
0
 66
1
 70
1
  0
VERTEX
  8
0
 10
437.157895
 20
140.000000
 42
0.017491
  0
VERTEX
  8
0
 10
437.189089
 20
139.108560
 42
0.078554
  0
VERTEX
  8
0
 10
437.306058
 20
138.601562
 42
0.447206
  0
VERTEX
  8
0
 10
437.474999
 20
138.540618
 42
0.174857
  0
VERTEX
  8
0
 10
437.662281
 20
138.750000
 42
0.057986
  0
VERTEX
  8
0
 10
437.818615
 20
139.320008
 42
0.037979
  0
VERTEX
  8
0
 10
437.870340
 20
140.000000
 42
0.037979
  0
VERTEX
  8
0
 10
437.818615
 20
140.679992
 42
0.057986
  0
VERTEX
  8
0
 10
437.662281
 20
141.250000
 42
0.174857
  0
VERTEX
  8
0
 10
437.474999
 20
141.459382
 42
0.447206
  0
VERTEX
  8
0
 10
437.306058
 20
141.398438
 42
0.078554
  0
VERTEX
  8
0
 10
437.189089
 20
140.891440
 42
0.017491
  0
SEQEND
  0
POLYLINE
  8
0
 66
1
 70
1
  0
VERTEX
  8
0
 10
440.085598
 20
141.000000
 42
0.053798
  0
VERTEX
  8
0
 10
440.134067
 20
140.317134
 42
0.029384
  0
VERTEX
  8
0
 10
440.331527
 20
139.500000
 42
0.028934
  0
VERTEX
  8
0
 10
440.632796
 20
138.684071
 42
0.040566
  0
VERTEX
  8
0
 10
441.000000
 20
138.000000
 42
0.095694
  0
VERTEX
  8
0
 10
441.592871
 20
137.381869
 42
0.608383
  0
VERTEX
  8
0
 10
441.885992
 20
137.533606
 42
0.081911
  0
VERTEX
  8
0
 10
441.695838
 20
138.686554
 42
0.019739
  0
VERTEX
  8
0
 10
441.000000
 20
140.500000
 42
0.014925
  0
VERTEX
  8
0
 10
440.608071
 20
141.341871
 42
0.152377
  0
VERTEX
  8
0
 10
440.343886
 20
141.615423
 42
0.491407
  0
VERTEX
  8
0
 10
440.161267
 20
141.535375
 42
0.051935
  0
SEQEND
  0
POLYLINE
  8
0
 66
1
 70
1
  0
VERTEX
  8
0
 10
444.000000
 20
140.500000
 42
0.062722
  0
VERTEX
  8
0
 10
444.072230
 20
139.926468
 42
0.080880
  0
VERTEX
  8
0
 10
444.284531
 20
139.440625
 42
0.098158
  0
VERTEX
  8
0
 10
444.599211
 20
139.115494
 42
0.152681
  0
VERTEX
  8
0
 10
444.968615
 20
139.000000
 42
0.184534
  0
VERTEX
  8
0
 10
445.289193
 20
139.122486
 42
0.147206
  0
VERTEX
  8
0
 10
445.483616
 20
139.440625
 42
0.100118
  0
VERTEX
  8
0
 10
445.511135
 20
139.925634
 42
0.055937
  0
VERTEX
  8
0
 10
445.361626
 20
140.500000
 42
0.021360
  0
VERTEX
  8
0
 10
445.112506
 20
141.074558
 42
0.030395
  0
VERTEX
  8
0
 10
444.839659
 20
141.559375
 42
0.030693
  0
VERTEX
  8
0
 10
444.579329
 20
141.912889
 42
0.222225
  0
VERTEX
  8
0
 10
444.393011
 20
142.000000
 42
0.289661
  0
VERTEX
  8
0
 10
444.241071
 20
141.903916
 42
0.046727
  0
VERTEX
  8
0
 10
444.115447
 20
141.559375
 42
0.039339
  0
VERTEX
  8
0
 10
444.028469
 20
141.074824
 42
0.024748
  0
SEQEND
  0
POLYLINE
  8
0
 66
1
 70
1
  0
VERTEX
  8
0
 10
454.524864
 20
141.040232
 42
0.117638
  0
VERTEX
  8
0
 10
454.198697
 20
140.053928
 42
0.217796
  0
VERTEX
  8
0
 10
454.477362
 20
139.275373
 42
0.138992
  0
VERTEX
  8
0
 10
455.408937
 20
138.739550
 42
0.043081
  0
VERTEX
  8
0
 10
457.020371
 20
138.480081
 42
0.134201
  0
VERTEX
  8
0
 10
458.239296
 20
138.718639
 42
0.201940
  0
VERTEX
  8
0
 10
458.937430
 20
139.527263
 42
0.201971
  0
VERTEX
  8
0
 10
458.846848
 20
140.591612
 42
0.134233
  0
VERTEX
  8
0
 10
458.000000
 20
141.500000
 42
0.109974
  0
VERTEX
  8
0
 10
457.617980
 20
141.632778
 42
0.180162
  0
VERTEX
  8
0
 10
457.289252
 20
141.551963
 42
0.159098
  0
VERTEX
  8
0
 10
457.065791
 20
141.262656
 42
0.082797
  0
VERTEX
  8
0
 10
456.984687
 20
140.809017
 42
-0.023268
  0
VERTEX
  8
0
 10
456.946990
 20
140.162313
 42
-0.399573
  0
VERTEX
  8
0
 10
456.799422
 20
140.036557
 42
-0.229501
  0
VERTEX
  8
0
 10
456.574991
 20
140.160831
 42
-0.012282
  0
VERTEX
  8
0
 10
456.109687
 20
140.856763
 42
0.040419
  0
VERTEX
  8
0
 10
455.659264
 20
141.454738
 42
0.184340
  0
VERTEX
  8
0
 10
455.279853
 20
141.652186
 42
0.225741
  0
VERTEX
  8
0
 10
454.915927
 20
141.528027
 42
0.061176
  0
SEQEND
  0
POLYLINE
  8
0
 66
1
 70
1
  0
VERTEX
  8
0
 10
447.000000
 20
140.098444
 42
0.157897
  0
VERTEX
  8
0
 10
447.254536
 20
139.312518
 42
0.069007
  0
VERTEX
  8
0
 10
448.021539
 20
138.512308
 42
0.076948
  0
VERTEX
  8
0
 10
448.892915
 20
138.018937
 42
0.301864
  0
VERTEX
  8
0
 10
449.465672
 20
138.149864
 42
0.297152
  0
VERTEX
  8
0
 10
449.505656
 20
138.367062
 42
0.045304
  0
VERTEX
  8
0
 10
449.289580
 20
138.775917
 42
0.038420
  0
VERTEX
  8
0
 10
448.911277
 20
139.269923
 42
0.023968
  0
VERTEX
  8
0
 10
448.399141
 20
139.789427
 42
0.036357
  0
VERTEX
  8
0
 10
447.861158
 20
140.217338
 42
0.095760
  0
VERTEX
  8
0
 10
447.410998
 20
140.412089
 42
0.218285
  0
VERTEX
  8
0
 10
447.126309
 20
140.350678
 42
0.236389
  0
SEQEND
  0
POLYLINE
  8
0
 66
1
 70
1
  0
VERTEX
  8
0
 10
451.500000
 20
139.000000
 42
0.009055
  0
VERTEX
  8
0
 10
452.219155
 20
138.233703
 42
0.013215
  0
VERTEX
  8
0
 10
452.882132
 20
137.587500
 42
0.008653
  0
VERTEX
  8
0
 10
453.452220
 20
137.078494
 42
0.179787
  0
VERTEX
  8
0
 10
453.663461
 20
137.000000
 42
0.514817
  0
VERTEX
  8
0
 10
453.737291
 20
137.103430
 42
0.022521
  0
VERTEX
  8
0
 10
453.546211
 20
137.587500
 42
0.022348
  0
VERTEX
  8
0
 10
453.222040
 20
138.232556
 42
0.011969
  0
VERTEX
  8
0
 10
452.767927
 20
139.000000
 42
0.030385
  0
VERTEX
  8
0
 10
452.222576
 20
139.765514
 42
0.036238
  0
VERTEX
  8
0
 10
451.617189
 20
140.412500
 42
0.039214
  0
VERTEX
  8
0
 10
451.039765
 20
140.867874
 42
0.148421
  0
VERTEX
  8
0
 10
450.604466
 20
141.000000
 42
0.393570
  0
VERTEX
  8
0
 10
450.417273
 20
140.825646
 42
0.123621
  0
VERTEX
  8
0
 10
450.490322
 20
140.412500
 42
0.054918
  0
VERTEX
  8
0
 10
450.868220
 20
139.768598
 42
0.023783
  0
SEQEND
  0
POLYLINE
  8
0
 66
1
 70
1
  0
VERTEX
  8
0
 10
461.000000
 20
139.500000
 42
0.024748
  0
VERTEX
  8
0
 10
461.028469
 20
138.925176
 42
0.039339
  0
VERTEX
  8
0
 10
461.115447
 20
138.440625
 42
0.046727
  0
VERTEX
  8
0
 10
461.241071
 20
138.096084
 42
0.289661
  0
VERTEX
  8
0
 10
461.393011
 20
138.000000
 42
0.222225
  0
VERTEX
  8
0
 10
461.579329
 20
138.087111
 42
0.030693
  0
VERTEX
  8
0
 10
461.839659
 20
138.440625
 42
0.030395
  0
VERTEX
  8
0
 10
462.112506
 20
138.925442
 42
0.021360
  0
VERTEX
  8
0
 10
462.361626
 20
139.500000
 42
0.055937
  0
VERTEX
  8
0
 10
462.511135
 20
140.074366
 42
0.100118
  0
VERTEX
  8
0
 10
462.483616
 20
140.559375
 42
0.147206
  0
VERTEX
  8
0
 10
462.289193
 20
140.877514
 42
0.184534
  0
VERTEX
  8
0
 10
461.968615
 20
141.000000
 42
0.152681
  0
VERTEX
  8
0
 10
461.599211
 20
140.884506
 42
0.098158
  0
VERTEX
  8
0
 10
461.284531
 20
140.559375
 42
0.080880
  0
VERTEX
  8
0
 10
461.072230
 20
140.073532
 42
0.062722
  0
SEQEND
  0
POLYLINE
  8
0
 66
1
 70
1
  0
VERTEX
  8
0
 10
463.638374
 20
139.500000
 42
0.055937
  0
VERTEX
  8
0
 10
463.488865
 20
138.925634
 42
0.100118
  0
VERTEX
  8
0
 10
463.516384
 20
138.440625
 42
0.147206
  0
VERTEX
  8
0
 10
463.710807
 20
138.122486
 42
0.184534
  0
VERTEX
  8
0
 10
464.031385
 20
138.000000
 42
0.152681
  0
VERTEX
  8
0
 10
464.400789
 20
138.115494
 42
0.098158
  0
VERTEX
  8
0
 10
464.715469
 20
138.440625
 42
0.080880
  0
VERTEX
  8
0
 10
464.927770
 20
138.926468
 42
0.062722
  0
VERTEX
  8
0
 10
465.000000
 20
139.500000
 42
0.024748
  0
VERTEX
  8
0
 10
464.971531
 20
140.074824
 42
0.039339
  0
VERTEX
  8
0
 10
464.884553
 20
140.559375
 42
0.046727
  0
VERTEX
  8
0
 10
464.758929
 20
140.903916
 42
0.289661
  0
VERTEX
  8
0
 10
464.606989
 20
141.000000
 42
0.222225
  0
VERTEX
  8
0
 10
464.420671
 20
140.912889
 42
0.030693
  0
VERTEX
  8
0
 10
464.160341
 20
140.559375
 42
0.030395
  0
VERTEX
  8
0
 10
463.887494
 20
140.074558
 42
0.021360
  0
SEQEND
  0
POLYLINE
  8
0
 66
1
 70
1
  0
VERTEX
  8
0
 10
406.286014
 20
132.500000
 42
0.006817
  0
VERTEX
  8
0
 10
406.315278
 20
130.711719
 42
0.040183
  0
VERTEX
  8
0
 10
406.418418
 20
129.780601
 42
0.720633
  0
VERTEX
  8
0
 10
406.561388
 20
129.761725
 42
0.075924
  0
VERTEX
  8
0
 10
406.717581
 20
130.263750
 42
0.022548
  0
VERTEX
  8
0
 10
406.846293
 20
131.485188
 42
0.015659
  0
VERTEX
  8
0
 10
406.885962
 20
132.872547
 42
0.015827
  0
VERTEX
  8
0
 10
406.839977
 20
134.209518
 42
0.031163
  0
VERTEX
  8
0
 10
406.703931
 20
135.263750
 42
0.248898
  0
VERTEX
  8
0
 10
406.549185
 20
135.455688
 42
0.490820
  0
VERTEX
  8
0
 10
406.403147
 20
135.374351
 42
0.030832
  0
VERTEX
  8
0
 10
406.307632
 20
134.297080
 42
0.007380
  0
SEQEND
  0
POLYLINE
  8
0
 66
1
 70
1
  0
VERTEX
  8
0
 10
452.078947
 20
133.416667
 42
0.018894
  0
VERTEX
  8
0
 10
452.137993
 20
132.670344
 42
0.168741
  0
VERTEX
  8
0
 10
452.279315
 20
132.378580
 42
0.470617
  0
VERTEX
  8
0
 10
452.461564
 20
132.395823
 42
0.054073
  0
VERTEX
  8
0
 10
452.683114
 20
132.812500
 42
0.051402
  0
VERTEX
  8
0
 10
452.839148
 20
133.359369
 42
0.054150
  0
VERTEX
  8
0
 10
452.876576
 20
133.916927
 42
0.060344
  0
VERTEX
  8
0
 10
452.797407
 20
134.402231
 42
0.126455
  0
VERTEX
  8
0
 10
452.604167
 20
134.729167
 42
0.296942
  0
VERTEX
  8
0
 10
452.385309
 20
134.775380
 42
0.208169
  0
VERTEX
  8
0
 10
452.200665
 20
134.592839
 42
0.077125
  0
VERTEX
  8
0
 10
452.089945
 20
134.112848
 42
0.028489
  0
SEQEND
  0
POLYLINE
  8
0
 66
1
 70
1
  0
VERTEX
  8
0
 10
460.428571
 20
133.000000
 42
0.032041
  0
VERTEX
  8
0
 10
460.481152
 20
132.180305
 42
0.165815
  0
VERTEX
  8
0
 10
460.678571
 20
131.778571
 42
0.311764
  0
VERTEX
  8
0
 10
460.990389
 20
131.721518
 42
0.090732
  0
VERTEX
  8
0
 10
461.414286
 20
132.014286
 42
0.074369
  0
VERTEX
  8
0
 10
461.776302
 20
132.503638
 42
0.122728
  0
VERTEX
  8
0
 10
461.900000
 20
133.000000
 42
0.122728
  0
VERTEX
  8
0
 10
461.776302
 20
133.496362
 42
0.074369
  0
VERTEX
  8
0
 10
461.414286
 20
133.985714
 42
0.090732
  0
VERTEX
  8
0
 10
460.990389
 20
134.278482
 42
0.311764
  0
VERTEX
  8
0
 10
460.678571
 20
134.221429
 42
0.165815
  0
VERTEX
  8
0
 10
460.481152
 20
133.819695
 42
0.032041
  0
SEQEND
  0
POLYLINE
  8
0
 66
1
 70
1
  0
VERTEX
  8
0
 10
51.824504
 20
125.325823
 42
0.008660
  0
VERTEX
  8
0
 10
52.129397
 20
123.952391
 42
0.138278
  0
VERTEX
  8
0
 10
52.360049
 20
123.540605
 42
0.550064
  0
VERTEX
  8
0
 10
52.576195
 20
123.589027
 42
0.033951
  0
VERTEX
  8
0
 10
52.794107
 20
124.356220
 42
0.054376
  0
VERTEX
  8
0
 10
52.872744
 20
125.138160
 42
0.048216
  0
VERTEX
  8
0
 10
52.787163
 20
125.951996
 42
0.051027
  0
VERTEX
  8
0
 10
52.560845
 20
126.675678
 42
0.095372
  0
VERTEX
  8
0
 10
52.217958
 20
127.182042
 42
0.181167
  0
VERTEX
  8
0
 10
51.869057
 20
127.340770
 42
0.373673
  0
VERTEX
  8
0
 10
51.646908
 20
127.173042
 42
0.086287
  0
VERTEX
  8
0
 10
51.622686
 20
126.513799
 42
0.016428
  0
SEQEND
  0
POLYLINE
  8
0
 66
1
 70
1
  0
VERTEX
  8
0
 10
44.157895
 20
125.000000
 42
0.017491
  0
VERTEX
  8
0
 10
44.189089
 20
124.108560
 42
0.078554
  0
VERTEX
  8
0
 10
44.306058
 20
123.601562
 42
0.447206
  0
VERTEX
  8
0
 10
44.474999
 20
123.540618
 42
0.174857
  0
VERTEX
  8
0
 10
44.662281
 20
123.750000
 42
0.057986
  0
VERTEX
  8
0
 10
44.818615
 20
124.320008
 42
0.037979
  0
VERTEX
  8
0
 10
44.870340
 20
125.000000
 42
0.037979
  0
VERTEX
  8
0
 10
44.818615
 20
125.679992
 42
0.057986
  0
VERTEX
  8
0
 10
44.662281
 20
126.250000
 42
0.174857
  0
VERTEX
  8
0
 10
44.474999
 20
126.459382
 42
0.447206
  0
VERTEX
  8
0
 10
44.306058
 20
126.398438
 42
0.078554
  0
VERTEX
  8
0
 10
44.189089
 20
125.891440
 42
0.017491
  0
SEQEND
  0
POLYLINE
  8
0
 66
1
 70
1
  0
VERTEX
  8
0
 10
289.666667
 20
126.333333
 42
0.088650
  0
VERTEX
  8
0
 10
289.128396
 20
125.560821
 42
0.176016
  0
VERTEX
  8
0
 10
289.067156
 20
124.827011
 42
0.162695
  0
VERTEX
  8
0
 10
289.495244
 20
124.184548
 42
0.073648
  0
VERTEX
  8
0
 10
290.386815
 20
123.681807
 42
0.079381
  0
VERTEX
  8
0
 10
290.985385
 20
123.555491
 42
0.270094
  0
VERTEX
  8
0
 10
291.325770
 20
123.731857
 42
0.172357
  0
VERTEX
  8
0
 10
291.434011
 20
124.207434
 42
0.034565
  0
VERTEX
  8
0
 10
291.270184
 20
125.074818
 42
0.008632
  0
VERTEX
  8
0
 10
290.876405
 20
126.480992
 42
0.154988
  0
VERTEX
  8
0
 10
290.615864
 20
126.863599
 42
0.338480
  0
VERTEX
  8
0
 10
290.285045
 20
126.867794
 42
0.036348
  0
SEQEND
  0
POLYLINE
  8
0
 66
1
 70
1
  0
VERTEX
  8
0
 10
293.078947
 20
125.416667
 42
0.018894
  0
VERTEX
  8
0
 10
293.137993
 20
124.670344
 42
0.168741
  0
VERTEX
  8
0
 10
293.279315
 20
124.378580
 42
0.470617
  0
VERTEX
  8
0
 10
293.461564
 20
124.395823
 42
0.054073
  0
VERTEX
  8
0
 10
293.683114
 20
124.812500
 42
0.051402
  0
VERTEX
  8
0
 10
293.839148
 20
125.359369
 42
0.054150
  0
VERTEX
  8
0
 10
293.876576
 20
125.916927
 42
0.060344
  0
VERTEX
  8
0
 10
293.797407
 20
126.402231
 42
0.126455
  0
VERTEX
  8
0
 10
293.604167
 20
126.729167
 42
0.296942
  0
VERTEX
  8
0
 10
293.385309
 20
126.775380
 42
0.208169
  0
VERTEX
  8
0
 10
293.200665
 20
126.592839
 42
0.077125
  0
VERTEX
  8
0
 10
293.089945
 20
126.112848
 42
0.028489
  0
SEQEND
  0
POLYLINE
  8
0
 66
1
 70
1
  0
VERTEX
  8
0
 10
406.299664
 20
122.000000
 42
0.006336
  0
VERTEX
  8
0
 10
406.324637
 20
120.029380
 42
0.031260
  0
VERTEX
  8
0
 10
406.422038
 20
118.923437
 42
0.664672
  0
VERTEX
  8
0
 10
406.564074
 20
118.887591
 42
0.124239
  0
VERTEX
  8
0
 10
406.716254
 20
119.250000
 42
0.023547
  0
VERTEX
  8
0
 10
406.846019
 20
120.502218
 42
0.014044
  0
VERTEX
  8
0
 10
406.888098
 20
122.000000
 42
0.014044
  0
VERTEX
  8
0
 10
406.846019
 20
123.497782
 42
0.023547
  0
VERTEX
  8
0
 10
406.716254
 20
124.750000
 42
0.124239
  0
VERTEX
  8
0
 10
406.564074
 20
125.112409
 42
0.664672
  0
VERTEX
  8
0
 10
406.422038
 20
125.076563
 42
0.031260
  0
VERTEX
  8
0
 10
406.324637
 20
123.970620
 42
0.006336
  0
SEQEND
  0
POLYLINE
  8
0
 66
1
 70
1
  0
VERTEX
  8
0
 10
295.000000
 20
124.940983
 42
0.108972
  0
VERTEX
  8
0
 10
295.078288
 20
124.586039
 42
0.182303
  0
VERTEX
  8
0
 10
295.293750
 20
124.374600
 42
0.161196
  0
VERTEX
  8
0
 10
295.617900
 20
124.343488
 42
0.082592
  0
VERTEX
  8
0
 10
296.000000
 20
124.500000
 42
0.029505
  0
VERTEX
  8
0
 10
296.382774
 20
124.768994
 42
0.035638
  0
VERTEX
  8
0
 10
296.706250
 20
125.066025
 42
0.038439
  0
VERTEX
  8
0
 10
296.934461
 20
125.348290
 42
0.151918
  0
VERTEX
  8
0
 10
297.000000
 20
125.559017
 42
0.210953
  0
VERTEX
  8
0
 10
296.925540
 20
125.727648
 42
0.081139
  0
VERTEX
  8
0
 10
296.706250
 20
125.870461
 42
0.061769
  0
VERTEX
  8
0
 10
296.382849
 20
125.967655
 42
0.042167
  0
VERTEX
  8
0
 10
296.000000
 20
126.000000
 42
0.105053
  0
VERTEX
  8
0
 10
295.618444
 20
125.918938
 42
0.099167
  0
VERTEX
  8
0
 10
295.293750
 20
125.688914
 42
0.096420
  0
VERTEX
  8
0
 10
295.076123
 20
125.345238
 42
0.093332
  0
SEQEND
  0
POLYLINE
  8
0
 66
1
 70
1
  0
VERTEX
  8
0
 10
215.309869
 20
119.500000
 42
0.005499
  0
VERTEX
  8
0
 10
215.337136
 20
117.352754
 42
0.031761
  0
VERTEX
  8
0
 10
215.435944
 20
116.222448
 42
0.756877
  0
VERTEX
  8
0
 10
215.574262
 20
116.205163
 42
0.069146
  0
VERTEX
  8
0
 10
215.724731
 20
116.767909
 42
0.018638
  0
VERTEX
  8
0
 10
215.849672
 20
118.218327
 42
0.012590
  0
VERTEX
  8
0
 10
215.888655
 20
119.878422
 42
0.012695
  0
VERTEX
  8
0
 10
215.845055
 20
121.487453
 42
0.024559
  0
VERTEX
  8
0
 10
215.714526
 20
122.767909
 42
0.212532
  0
VERTEX
  8
0
 10
215.565802
 20
123.000181
 42
0.556092
  0
VERTEX
  8
0
 10
215.424528
 20
122.934948
 42
0.025342
  0
VERTEX
  8
0
 10
215.331591
 20
121.655786
 42
0.005888
  0
SEQEND
  0
POLYLINE
  8
0
 66
1
 70
1
  0
VERTEX
  8
0
 10
283.078947
 20
117.416667
 42
0.018894
  0
VERTEX
  8
0
 10
283.137993
 20
116.670344
 42
0.168741
  0
VERTEX
  8
0
 10
283.279315
 20
116.378580
 42
0.470617
  0
VERTEX
  8
0
 10
283.461564
 20
116.395823
 42
0.054073
  0
VERTEX
  8
0
 10
283.683114
 20
116.812500
 42
0.051402
  0
VERTEX
  8
0
 10
283.839148
 20
117.359369
 42
0.054150
  0
VERTEX
  8
0
 10
283.876576
 20
117.916927
 42
0.060344
  0
VERTEX
  8
0
 10
283.797407
 20
118.402231
 42
0.126455
  0
VERTEX
  8
0
 10
283.604167
 20
118.729167
 42
0.296942
  0
VERTEX
  8
0
 10
283.385309
 20
118.775380
 42
0.208169
  0
VERTEX
  8
0
 10
283.200665
 20
118.592839
 42
0.077125
  0
VERTEX
  8
0
 10
283.089945
 20
118.112848
 42
0.028489
  0
SEQEND
  0
POLYLINE
  8
0
 66
1
 70
1
  0
VERTEX
  8
0
 10
300.078947
 20
117.416667
 42
0.018894
  0
VERTEX
  8
0
 10
300.137993
 20
116.670344
 42
0.168741
  0
VERTEX
  8
0
 10
300.279315
 20
116.378580
 42
0.470617
  0
VERTEX
  8
0
 10
300.461564
 20
116.395823
 42
0.054073
  0
VERTEX
  8
0
 10
300.683114
 20
116.812500
 42
0.051402
  0
VERTEX
  8
0
 10
300.839148
 20
117.359369
 42
0.054150
  0
VERTEX
  8
0
 10
300.876576
 20
117.916927
 42
0.060344
  0
VERTEX
  8
0
 10
300.797407
 20
118.402231
 42
0.126455
  0
VERTEX
  8
0
 10
300.604167
 20
118.729167
 42
0.296942
  0
VERTEX
  8
0
 10
300.385309
 20
118.775380
 42
0.208169
  0
VERTEX
  8
0
 10
300.200665
 20
118.592839
 42
0.077125
  0
VERTEX
  8
0
 10
300.089945
 20
118.112848
 42
0.028489
  0
SEQEND
  0
POLYLINE
  8
0
 66
1
 70
1
  0
VERTEX
  8
0
 10
59.000000
 20
108.616577
 42
0.248501
  0
VERTEX
  8
0
 10
59.511648
 20
107.650681
 42
0.071753
  0
VERTEX
  8
0
 10
61.080316
 20
106.886601
 42
0.064496
  0
VERTEX
  8
0
 10
63.045782
 20
106.526531
 42
0.093805
  0
VERTEX
  8
0
 10
64.787742
 20
106.762581
 42
0.102925
  0
VERTEX
  8
0
 10
65.251147
 20
107.032158
 42
0.070371
  0
VERTEX
  8
0
 10
65.643899
 20
107.500080
 42
0.066729
  0
VERTEX
  8
0
 10
65.909280
 20
108.087217
 42
0.072941
  0
VERTEX
  8
0
 10
66.000000
 20
108.705778
 42
0.039590
  0
VERTEX
  8
0
 10
65.939840
 20
109.464364
 42
0.314501
  0
VERTEX
  8
0
 10
65.708562
 20
109.703980
 42
0.204691
  0
VERTEX
  8
0
 10
65.308118
 20
109.618581
 42
0.019704
  0
VERTEX
  8
0
 10
64.500000
 20
109.000000
 42
-0.018329
  0
VERTEX
  8
0
 10
63.699725
 20
108.383927
 42
-0.177684
  0
VERTEX
  8
0
 10
63.293487
 20
108.272494
 42
-0.328723
  0
VERTEX
  8
0
 10
63.058940
 20
108.477864
 42
-0.051364
  0
VERTEX
  8
0
 10
62.984687
 20
109.127555
 42
0.028708
  0
VERTEX
  8
0
 10
62.939806
 20
109.781186
 42
0.415053
  0
VERTEX
  8
0
 10
62.773357
 20
109.909839
 42
0.207367
  0
VERTEX
  8
0
 10
62.516418
 20
109.756604
 42
0.012592
  0
VERTEX
  8
0
 10
62.000000
 20
109.000000
 42
-0.021149
  0
VERTEX
  8
0
 10
61.559769
 20
108.378141
 42
-0.167501
  0
VERTEX
  8
0
 10
61.269141
 20
108.187500
 42
-0.405416
  0
VERTEX
  8
0
 10
61.081977
 20
108.295085
 42
-0.066727
  0
VERTEX
  8
0
 10
61.015313
 20
108.750000
 42
0.078330
  0
VERTEX
  8
0
 10
60.934037
 20
109.227511
 42
0.089546
  0
VERTEX
  8
0
 10
60.710748
 20
109.632812
 42
0.099425
  0
VERTEX
  8
0
 10
60.382594
 20
109.903888
 42
0.123684
  0
VERTEX
  8
0
 10
60.000000
 20
110.000000
 42
0.137189
  0
VERTEX
  8
0
 10
59.618661
 20
109.893362
 42
0.100221
  0
VERTEX
  8
0
 10
59.293750
 20
109.593620
 42
0.086210
  0
VERTEX
  8
0
 10
59.075019
 20
109.145284
 42
0.070593
  0
SEQEND
  0
POLYLINE
  8
0
 66
1
 70
1
  0
VERTEX
  8
0
 10
68.000000
 20
107.940983
 42
0.045552
  0
VERTEX
  8
0
 10
68.068264
 20
107.193244
 42
0.099152
  0
VERTEX
  8
0
 10
68.280921
 20
106.660421
 42
0.177225
  0
VERTEX
  8
0
 10
68.594852
 20
106.425420
 42
0.214542
  0
VERTEX
  8
0
 10
68.956326
 20
106.473008
 42
0.126981
  0
VERTEX
  8
0
 10
69.279146
 20
106.809536
 42
0.081026
  0
VERTEX
  8
0
 10
69.466258
 20
107.321649
 42
0.072258
  0
VERTEX
  8
0
 10
69.493102
 20
107.926665
 42
0.066719
  0
VERTEX
  8
0
 10
69.349337
 20
108.532025
 42
0.027681
  0
VERTEX
  8
0
 10
68.794126
 20
109.769457
 42
0.395517
  0
VERTEX
  8
0
 10
68.377209
 20
109.917133
 42
0.275668
  0
VERTEX
  8
0
 10
68.063011
 20
109.476999
 42
0.020503
  0
SEQEND
  0
POLYLINE
  8
0
 66
1
 70
1
  0
VERTEX
  8
0
 10
71.157895
 20
108.000000
 42
0.017491
  0
VERTEX
  8
0
 10
71.189089
 20
107.108560
 42
0.078554
  0
VERTEX
  8
0
 10
71.306058
 20
106.601562
 42
0.447206
  0
VERTEX
  8
0
 10
71.474999
 20
106.540618
 42
0.174857
  0
VERTEX
  8
0
 10
71.662281
 20
106.750000
 42
0.057986
  0
VERTEX
  8
0
 10
71.818615
 20
107.320008
 42
0.037979
  0
VERTEX
  8
0
 10
71.870340
 20
108.000000
 42
0.037979
  0
VERTEX
  8
0
 10
71.818615
 20
108.679992
 42
0.057986
  0
VERTEX
  8
0
 10
71.662281
 20
109.250000
 42
0.174857
  0
VERTEX
  8
0
 10
71.474999
 20
109.459382
 42
0.447206
  0
VERTEX
  8
0
 10
71.306058
 20
109.398438
 42
0.078554
  0
VERTEX
  8
0
 10
71.189089
 20
108.891440
 42
0.017491
  0
SEQEND
  0
POLYLINE
  8
0
 66
1
 70
1
  0
VERTEX
  8
0
 10
73.666667
 20
109.333333
 42
0.126972
  0
VERTEX
  8
0
 10
73.163060
 20
108.479318
 42
0.079254
  0
VERTEX
  8
0
 10
73.020865
 20
107.319903
 42
0.096571
  0
VERTEX
  8
0
 10
73.246578
 20
106.350177
 42
0.295573
  0
VERTEX
  8
0
 10
73.787196
 20
106.000000
 42
0.218405
  0
VERTEX
  8
0
 10
74.099896
 20
106.143433
 42
0.068155
  0
VERTEX
  8
0
 10
74.387408
 20
106.587500
 42
0.053734
  0
VERTEX
  8
0
 10
74.609724
 20
107.234197
 42
0.037158
  0
VERTEX
  8
0
 10
74.725047
 20
108.000000
 42
0.011574
  0
VERTEX
  8
0
 10
74.798379
 20
109.407910
 42
0.176765
  0
VERTEX
  8
0
 10
74.647035
 20
109.863043
 42
0.404475
  0
VERTEX
  8
0
 10
74.329652
 20
109.904905
 42
0.036972
  0
SEQEND
  0
POLYLINE
  8
0
 66
1
 70
1
  0
VERTEX
  8
0
 10
77.000000
 20
108.500000
 42
0.098585
  0
VERTEX
  8
0
 10
77.107791
 20
107.958625
 42
0.165571
  0
VERTEX
  8
0
 10
77.410795
 20
107.614011
 42
0.148410
  0
VERTEX
  8
0
 10
77.889304
 20
107.503621
 42
0.074756
  0
VERTEX
  8
0
 10
78.500000
 20
107.638374
 42
0.015549
  0
VERTEX
  8
0
 10
79.074741
 20
107.879681
 42
0.023203
  0
VERTEX
  8
0
 10
79.559375
 20
108.128913
 42
0.019892
  0
VERTEX
  8
0
 10
79.925857
 20
108.359280
 42
0.247326
  0
VERTEX
  8
0
 10
80.000000
 20
108.500000
 42
0.247326
  0
VERTEX
  8
0
 10
79.925857
 20
108.640720
 42
0.019892
  0
VERTEX
  8
0
 10
79.559375
 20
108.871087
 42
0.023203
  0
VERTEX
  8
0
 10
79.074741
 20
109.120319
 42
0.015549
  0
VERTEX
  8
0
 10
78.500000
 20
109.361626
 42
0.074756
  0
VERTEX
  8
0
 10
77.889304
 20
109.496379
 42
0.148410
  0
VERTEX
  8
0
 10
77.410795
 20
109.385989
 42
0.165571
  0
VERTEX
  8
0
 10
77.107791
 20
109.041375
 42
0.098585
  0
SEQEND
  0
POLYLINE
  8
0
 66
1
 70
1
  0
VERTEX
  8
0
 10
149.217943
 20
108.232893
 42
0.051850
  0
VERTEX
  8
0
 10
149.381432
 20
107.724771
 42
0.065467
  0
VERTEX
  8
0
 10
149.637458
 20
107.303069
 42
0.079329
  0
VERTEX
  8
0
 10
149.942204
 20
107.026993
 42
0.163448
  0
VERTEX
  8
0
 10
150.250000
 20
106.947179
 42
-0.011484
  0
VERTEX
  8
0
 10
150.683935
 20
106.967739
 42
-0.001993
  0
VERTEX
  8
0
 10
151.504843
 20
106.984484
 42
-0.002165
  0
VERTEX
  8
0
 10
152.468502
 20
106.996125
 42
-0.001937
  0
VERTEX
  8
0
 10
153.468615
 20
107.000000
 42
0.031985
  0
VERTEX
  8
0
 10
154.640794
 20
107.075060
 42
0.145327
  0
VERTEX
  8
0
 10
155.259644
 20
107.348848
 42
0.226120
  0
VERTEX
  8
0
 10
155.477405
 20
107.835330
 42
0.085840
  0
VERTEX
  8
0
 10
155.329452
 20
108.583846
 42
0.027745
  0
VERTEX
  8
0
 10
154.977470
 20
109.368061
 42
0.234956
  0
VERTEX
  8
0
 10
154.674583
 20
109.589781
 42
0.265879
  0
VERTEX
  8
0
 10
154.342289
 20
109.468719
 42
0.034191
  0
VERTEX
  8
0
 10
153.876149
 20
108.833846
 42
-0.032887
  0
VERTEX
  8
0
 10
153.548382
 20
108.384987
 42
-0.136061
  0
VERTEX
  8
0
 10
153.274500
 20
108.196058
 42
-0.353054
  0
VERTEX
  8
0
 10
153.094576
 20
108.260796
 42
-0.133749
  0
VERTEX
  8
0
 10
153.015313
 20
108.535714
 42
0.186546
  0
VERTEX
  8
0
 10
152.855658
 20
108.931256
 42
0.087716
  0
VERTEX
  8
0
 10
152.407582
 20
109.267188
 42
0.068287
  0
VERTEX
  8
0
 10
151.746692
 20
109.495018
 42
0.048942
  0
VERTEX
  8
0
 10
150.967943
 20
109.571429
 42
0.060713
  0
VERTEX
  8
0
 10
150.185365
 20
109.476052
 42
0.102962
  0
VERTEX
  8
0
 10
149.592806
 20
109.191452
 42
0.135050
  0
VERTEX
  8
0
 10
149.263509
 20
108.757712
 42
0.148214
  0
SEQEND
  0
POLYLINE
  8
0
 66
1
 70
1
  0
VERTEX
  8
0
 10
157.000000
 20
109.059017
 42
0.089642
  0
VERTEX
  8
0
 10
157.073302
 20
108.653442
 42
0.053229
  0
VERTEX
  8
0
 10
157.293750
 20
108.212900
 42
0.051032
  0
VERTEX
  8
0
 10
157.617485
 20
107.806203
 42
0.060810
  0
VERTEX
  8
0
 10
158.000000
 20
107.500000
 42
0.139169
  0
VERTEX
  8
0
 10
158.379648
 20
107.392057
 42
0.191142
  0
VERTEX
  8
0
 10
158.706250
 20
107.521475
 42
0.138808
  0
VERTEX
  8
0
 10
158.926733
 20
107.889346
 42
0.066118
  0
VERTEX
  8
0
 10
159.000000
 20
108.440983
 42
0.062283
  0
VERTEX
  8
0
 10
158.925455
 20
109.037096
 42
0.080552
  0
VERTEX
  8
0
 10
158.706250
 20
109.542039
 42
0.097988
  0
VERTEX
  8
0
 10
158.381379
 20
109.879982
 42
0.153634
  0
VERTEX
  8
0
 10
158.000000
 20
110.000000
 42
0.092995
  0
VERTEX
  8
0
 10
157.618268
 20
109.928382
 42
0.096318
  0
VERTEX
  8
0
 10
157.293750
 20
109.723586
 42
0.099231
  0
VERTEX
  8
0
 10
157.076556
 20
109.418051
 42
0.105429
  0
SEQEND
  0
POLYLINE
  8
0
 66
1
 70
1
  0
VERTEX
  8
0
 10
161.157895
 20
108.000000
 42
0.017491
  0
VERTEX
  8
0
 10
161.189089
 20
107.108560
 42
0.078554
  0
VERTEX
  8
0
 10
161.306058
 20
106.601562
 42
0.447206
  0
VERTEX
  8
0
 10
161.474999
 20
106.540618
 42
0.174857
  0
VERTEX
  8
0
 10
161.662281
 20
106.750000
 42
0.057986
  0
VERTEX
  8
0
 10
161.818615
 20
107.320008
 42
0.037979
  0
VERTEX
  8
0
 10
161.870340
 20
108.000000
 42
0.037979
  0
VERTEX
  8
0
 10
161.818615
 20
108.679992
 42
0.057986
  0
VERTEX
  8
0
 10
161.662281
 20
109.250000
 42
0.174857
  0
VERTEX
  8
0
 10
161.474999
 20
109.459382
 42
0.447206
  0
VERTEX
  8
0
 10
161.306058
 20
109.398438
 42
0.078554
  0
VERTEX
  8
0
 10
161.189089
 20
108.891440
 42
0.017491
  0
SEQEND
  0
POLYLINE
  8
0
 66
1
 70
1
  0
VERTEX
  8
0
 10
163.000000
 20
108.000000
 42
0.018041
  0
VERTEX
  8
0
 10
163.027671
 20
107.233356
 42
0.029316
  0
VERTEX
  8
0
 10
163.112615
 20
106.587500
 42
0.029396
  0
VERTEX
  8
0
 10
163.233718
 20
106.109555
 42
0.326917
  0
VERTEX
  8
0
 10
163.383369
 20
106.000000
 42
0.269386
  0
VERTEX
  8
0
 10
163.560437
 20
106.102864
 42
0.023188
  0
VERTEX
  8
0
 10
163.807757
 20
106.587500
 42
0.025621
  0
VERTEX
  8
0
 10
164.061542
 20
107.233613
 42
0.016817
  0
VERTEX
  8
0
 10
164.289749
 20
108.000000
 42
0.040966
  0
VERTEX
  8
0
 10
164.424365
 20
108.766322
 42
0.070464
  0
VERTEX
  8
0
 10
164.392877
 20
109.412500
 42
0.106581
  0
VERTEX
  8
0
 10
164.210205
 20
109.842465
 42
0.243840
  0
VERTEX
  8
0
 10
163.906380
 20
110.000000
 42
0.206609
  0
VERTEX
  8
0
 10
163.559898
 20
109.850443
 42
0.082769
  0
VERTEX
  8
0
 10
163.266249
 20
109.412500
 42
0.063112
  0
VERTEX
  8
0
 10
163.066544
 20
108.765641
 42
0.043375
  0
SEQEND
  0
POLYLINE
  8
0
 66
1
 70
1
  0
VERTEX
  8
0
 10
166.000000
 20
107.940983
 42
0.096615
  0
VERTEX
  8
0
 10
166.070312
 20
107.580506
 42
0.174358
  0
VERTEX
  8
0
 10
166.268661
 20
107.359094
 42
0.171257
  0
VERTEX
  8
0
 10
166.565579
 20
107.312451
 42
0.092807
  0
VERTEX
  8
0
 10
166.914590
 20
107.447214
 42
-0.131107
  0
VERTEX
  8
0
 10
167.302558
 20
107.564193
 42
-0.121773
  0
VERTEX
  8
0
 10
167.709292
 20
107.477402
 42
-0.105417
  0
VERTEX
  8
0
 10
168.073164
 20
107.193455
 42
-0.078880
  0
VERTEX
  8
0
 10
168.335642
 20
106.756231
 42
0.049580
  0
VERTEX
  8
0
 10
168.549057
 20
106.348598
 42
0.449603
  0
VERTEX
  8
0
 10
168.725065
 20
106.323011
 42
0.187944
  0
VERTEX
  8
0
 10
168.862938
 20
106.576253
 42
0.020483
  0
VERTEX
  8
0
 10
168.921053
 20
107.250000
 42
0.084943
  0
VERTEX
  8
0
 10
168.837493
 20
107.918248
 42
0.097345
  0
VERTEX
  8
0
 10
168.536184
 20
108.485938
 42
0.105533
  0
VERTEX
  8
0
 10
168.065902
 20
108.865052
 42
0.117584
  0
VERTEX
  8
0
 10
167.500000
 20
109.000000
 42
0.068870
  0
VERTEX
  8
0
 10
166.926682
 20
108.920655
 42
0.085131
  0
VERTEX
  8
0
 10
166.440625
 20
108.688914
 42
0.099915
  0
VERTEX
  8
0
 10
166.115626
 20
108.344827
 42
0.140337
  0
SEQEND
  0
POLYLINE
  8
0
 66
1
 70
1
  0
VERTEX
  8
0
 10
373.157895
 20
107.000000
 42
0.017491
  0
VERTEX
  8
0
 10
373.189089
 20
106.108560
 42
0.078554
  0
VERTEX
  8
0
 10
373.306058
 20
105.601562
 42
0.447206
  0
VERTEX
  8
0
 10
373.474999
 20
105.540618
 42
0.174857
  0
VERTEX
  8
0
 10
373.662281
 20
105.750000
 42
0.057986
  0
VERTEX
  8
0
 10
373.818615
 20
106.320008
 42
0.037979
  0
VERTEX
  8
0
 10
373.870340
 20
107.000000
 42
0.037979
  0
VERTEX
  8
0
 10
373.818615
 20
107.679992
 42
0.057986
  0
VERTEX
  8
0
 10
373.662281
 20
108.250000
 42
0.174857
  0
VERTEX
  8
0
 10
373.474999
 20
108.459382
 42
0.447206
  0
VERTEX
  8
0
 10
373.306058
 20
108.398438
 42
0.078554
  0
VERTEX
  8
0
 10
373.189089
 20
107.891440
 42
0.017491
  0
SEQEND
  0
POLYLINE
  8
0
 66
1
 70
1
  0
VERTEX
  8
0
 10
375.403709
 20
107.077717
 42
0.172905
  0
VERTEX
  8
0
 10
375.661509
 20
106.484607
 42
0.091122
  0
VERTEX
  8
0
 10
376.315453
 20
106.001155
 42
0.065882
  0
VERTEX
  8
0
 10
377.319934
 20
105.664606
 42
0.036280
  0
VERTEX
  8
0
 10
378.608641
 20
105.510273
 42
0.019603
  0
VERTEX
  8
0
 10
380.313540
 20
105.497553
 42
0.149793
  0
VERTEX
  8
0
 10
381.063191
 20
105.753586
 42
0.246737
  0
VERTEX
  8
0
 10
381.340441
 20
106.312487
 42
0.058181
  0
VERTEX
  8
0
 10
381.190637
 20
107.379004
 42
0.005737
  0
VERTEX
  8
0
 10
380.824641
 20
108.715727
 42
0.320264
  0
VERTEX
  8
0
 10
380.632858
 20
108.868352
 42
0.316864
  0
VERTEX
  8
0
 10
380.424343
 20
108.737214
 42
0.005666
  0
VERTEX
  8
0
 10
379.902281
 20
107.446448
 42
-0.002646
  0
VERTEX
  8
0
 10
379.374053
 20
106.117398
 42
-0.322842
  0
VERTEX
  8
0
 10
379.228413
 20
106.025552
 42
-0.378066
  0
VERTEX
  8
0
 10
379.116263
 20
106.137574
 42
-0.003014
  0
VERTEX
  8
0
 10
379.038482
 20
107.500000
 42
0.010020
  0
VERTEX
  8
0
 10
378.948555
 20
108.763720
 42
0.353796
  0
VERTEX
  8
0
 10
378.756226
 20
108.961596
 42
0.259300
  0
VERTEX
  8
0
 10
378.461976
 20
108.841357
 42
0.006711
  0
VERTEX
  8
0
 10
377.555370
 20
107.678087
 42
-0.023135
  0
VERTEX
  8
0
 10
376.858692
 20
106.842294
 42
-0.141121
  0
VERTEX
  8
0
 10
376.383987
 20
106.551722
 42
-0.294792
  0
VERTEX
  8
0
 10
376.024681
 20
106.664626
 42
-0.094312
  0
VERTEX
  8
0
 10
375.740882
 20
107.178087
 42
0.005118
  0
VERTEX
  8
0
 10
375.516207
 20
107.840295
 42
0.400222
  0
VERTEX
  8
0
 10
375.425867
 20
107.886420
 42
0.345356
  0
VERTEX
  8
0
 10
375.361901
 20
107.796137
 42
0.004735
  0
SEQEND
  0
POLYLINE
  8
0
 66
1
 70
1
  0
VERTEX
  8
0
 10
383.000000
 20
107.000000
 42
0.043375
  0
VERTEX
  8
0
 10
383.066544
 20
106.234359
 42
0.063112
  0
VERTEX
  8
0
 10
383.266249
 20
105.587500
 42
0.082769
  0
VERTEX
  8
0
 10
383.559898
 20
105.149557
 42
0.206609
  0
VERTEX
  8
0
 10
383.906380
 20
105.000000
 42
0.243840
  0
VERTEX
  8
0
 10
384.210205
 20
105.157535
 42
0.106581
  0
VERTEX
  8
0
 10
384.392877
 20
105.587500
 42
0.070464
  0
VERTEX
  8
0
 10
384.424365
 20
106.233678
 42
0.040966
  0
VERTEX
  8
0
 10
384.289749
 20
107.000000
 42
0.016817
  0
VERTEX
  8
0
 10
384.061542
 20
107.766387
 42
0.025621
  0
VERTEX
  8
0
 10
383.807757
 20
108.412500
 42
0.023188
  0
VERTEX
  8
0
 10
383.560437
 20
108.897136
 42
0.269386
  0
VERTEX
  8
0
 10
383.383369
 20
109.000000
 42
0.326917
  0
VERTEX
  8
0
 10
383.233718
 20
108.890445
 42
0.029396
  0
VERTEX
  8
0
 10
383.112615
 20
108.412500
 42
0.029316
  0
VERTEX
  8
0
 10
383.027671
 20
107.766644
 42
0.018041
  0
SEQEND
  0
POLYLINE
  8
0
 66
1
 70
1
  0
VERTEX
  8
0
 10
59.606989
 20
102.418213
 42
0.015474
  0
VERTEX
  8
0
 10
59.084807
 20
100.920442
 42
0.204955
  0
VERTEX
  8
0
 10
59.141839
 20
100.350845
 42
0.248870
  0
VERTEX
  8
0
 10
59.584113
 20
100.061801
 42
0.022761
  0
VERTEX
  8
0
 10
60.940983
 20
100.000000
 42
0.052536
  0
VERTEX
  8
0
 10
61.735168
 20
100.083678
 42
0.048588
  0
VERTEX
  8
0
 10
62.516663
 20
100.331472
 42
0.051969
  0
VERTEX
  8
0
 10
63.171444
 20
100.696007
 42
0.101694
  0
VERTEX
  8
0
 10
63.579366
 20
101.128416
 42
-0.100653
  0
VERTEX
  8
0
 10
63.946432
 20
101.519128
 42
-0.236004
  0
VERTEX
  8
0
 10
64.331887
 20
101.578344
 42
-0.149819
  0
VERTEX
  8
0
 10
64.744782
 20
101.290675
 42
-0.038682
  0
VERTEX
  8
0
 10
65.199843
 20
100.607384
 42
0.117387
  0
VERTEX
  8
0
 10
66.111774
 20
99.616463
 42
0.297176
  0
VERTEX
  8
0
 10
67.046777
 20
99.602013
 42
0.196912
  0
VERTEX
  8
0
 10
67.738887
 20
100.572153
 42
0.069182
  0
VERTEX
  8
0
 10
67.900320
 20
102.309017
 42
0.003777
  0
VERTEX
  8
0
 10
67.826670
 20
103.696867
 42
0.504569
  0
VERTEX
  8
0
 10
67.704335
 20
103.776256
 42
0.234423
  0
VERTEX
  8
0
 10
67.551512
 20
103.612641
 42
0.002232
  0
VERTEX
  8
0
 10
67.076752
 20
102.000000
 42
0.000000
  0
VERTEX
  8
0
 10
66.352864
 20
99.500000
 42
0.000000
  0
VERTEX
  8
0
 10
65.557344
 20
101.912894
 42
0.012616
  0
VERTEX
  8
0
 10
65.070739
 20
103.272471
 42
0.200622
  0
VERTEX
  8
0
 10
64.738390
 20
103.618719
 42
0.351296
  0
VERTEX
  8
0
 10
64.381319
 20
103.521522
 42
0.029800
  0
VERTEX
  8
0
 10
63.831222
 20
102.662894
 42
-0.071746
  0
VERTEX
  8
0
 10
63.348817
 20
102.032848
 42
-0.058108
  0
VERTEX
  8
0
 10
62.674518
 20
101.511666
 42
-0.059618
  0
VERTEX
  8
0
 10
61.919721
 20
101.172027
 42
-0.087758
  0
VERTEX
  8
0
 10
61.200310
 20
101.078947
 42
-0.020048
  0
VERTEX
  8
0
 10
60.535192
 20
101.136616
 42
-0.199279
  0
VERTEX
  8
0
 10
60.297234
 20
101.272857
 42
-0.442675
  0
VERTEX
  8
0
 10
60.328173
 20
101.446746
 42
-0.044452
  0
VERTEX
  8
0
 10
60.750000
 20
101.662281
 42
0.110945
  0
VERTEX
  8
0
 10
61.576470
 20
102.233192
 42
0.149540
  0
VERTEX
  8
0
 10
61.968281
 20
103.047591
 42
0.228039
  0
VERTEX
  8
0
 10
61.765087
 20
103.711811
 42
0.209359
  0
VERTEX
  8
0
 10
61.106989
 20
104.000000
 42
0.144282
  0
VERTEX
  8
0
 10
60.720929
 20
103.886229
 42
0.059761
  0
VERTEX
  8
0
 10
60.297997
 20
103.535350
 42
0.052351
  0
VERTEX
  8
0
 10
59.905323
 20
103.023355
 42
0.045844
  0
SEQEND
  0
POLYLINE
  8
0
 66
1
 70
1
  0
VERTEX
  8
0
 10
149.070285
 20
101.833333
 42
0.003275
  0
VERTEX
  8
0
 10
149.125690
 20
100.322830
 42
0.298370
  0
VERTEX
  8
0
 10
149.249385
 20
100.150710
 42
0.406215
  0
VERTEX
  8
0
 10
149.414828
 20
100.221433
 42
0.004202
  0
VERTEX
  8
0
 10
149.935493
 20
101.500000
 42
-0.008254
  0
VERTEX
  8
0
 10
150.439850
 20
102.710349
 42
-0.252062
  0
VERTEX
  8
0
 10
150.689150
 20
102.906089
 42
-0.364335
  0
VERTEX
  8
0
 10
150.919642
 20
102.771972
 42
-0.013121
  0
VERTEX
  8
0
 10
151.263420
 20
101.730397
 42
0.001650
  0
VERTEX
  8
0
 10
151.585341
 20
100.674235
 42
0.271255
  0
VERTEX
  8
0
 10
151.671347
 20
100.595407
 42
0.502288
  0
VERTEX
  8
0
 10
151.731669
 20
100.648190
 42
0.002162
  0
VERTEX
  8
0
 10
151.648212
 20
101.647531
 42
0.105207
  0
VERTEX
  8
0
 10
151.188804
 20
103.147077
 42
0.253191
  0
VERTEX
  8
0
 10
150.240444
 20
103.752152
 42
0.307079
  0
VERTEX
  8
0
 10
149.373106
 20
103.251014
 42
0.120860
  0
SEQEND
  0
POLYLINE
  8
0
 66
1
 70
1
  0
VERTEX
  8
0
 10
153.157895
 20
102.000000
 42
0.017491
  0
VERTEX
  8
0
 10
153.189089
 20
101.108560
 42
0.078554
  0
VERTEX
  8
0
 10
153.306058
 20
100.601562
 42
0.447206
  0
VERTEX
  8
0
 10
153.474999
 20
100.540618
 42
0.174857
  0
VERTEX
  8
0
 10
153.662281
 20
100.750000
 42
0.057986
  0
VERTEX
  8
0
 10
153.818615
 20
101.320008
 42
0.037979
  0
VERTEX
  8
0
 10
153.870340
 20
102.000000
 42
0.037979
  0
VERTEX
  8
0
 10
153.818615
 20
102.679992
 42
0.057986
  0
VERTEX
  8
0
 10
153.662281
 20
103.250000
 42
0.174857
  0
VERTEX
  8
0
 10
153.474999
 20
103.459382
 42
0.447206
  0
VERTEX
  8
0
 10
153.306058
 20
103.398438
 42
0.078554
  0
VERTEX
  8
0
 10
153.189089
 20
102.891440
 42
0.017491
  0
SEQEND
  0
POLYLINE
  8
0
 66
1
 70
1
  0
VERTEX
  8
0
 10
156.116001
 20
102.250000
 42
0.074830
  0
VERTEX
  8
0
 10
156.254012
 20
100.844372
 42
0.213305
  0
VERTEX
  8
0
 10
156.848924
 20
100.089691
 42
0.276612
  0
VERTEX
  8
0
 10
157.672867
 20
100.136547
 42
0.105561
  0
VERTEX
  8
0
 10
158.500000
 20
101.000000
 42
-0.064269
  0
VERTEX
  8
0
 10
158.810561
 20
101.382526
 42
-0.051777
  0
VERTEX
  8
0
 10
159.230237
 20
101.706250
 42
-0.053414
  0
VERTEX
  8
0
 10
159.689814
 20
101.926467
 42
-0.085235
  0
VERTEX
  8
0
 10
160.118034
 20
102.000000
 42
-0.082291
  0
VERTEX
  8
0
 10
160.464651
 20
101.942564
 42
-0.160858
  0
VERTEX
  8
0
 10
160.685556
 20
101.775533
 42
-0.182522
  0
VERTEX
  8
0
 10
160.747289
 20
101.526869
 42
-0.109394
  0
VERTEX
  8
0
 10
160.645769
 20
101.235859
 42
0.365061
  0
VERTEX
  8
0
 10
160.690031
 20
100.935855
 42
0.092371
  0
VERTEX
  8
0
 10
161.146716
 20
100.662081
 42
0.052601
  0
VERTEX
  8
0
 10
161.957530
 20
100.454428
 42
0.026197
  0
VERTEX
  8
0
 10
163.014303
 20
100.355621
 42
0.014383
  0
VERTEX
  8
0
 10
164.478493
 20
100.337933
 42
0.149751
  0
VERTEX
  8
0
 10
165.044163
 20
100.521616
 42
0.379854
  0
VERTEX
  8
0
 10
165.130356
 20
100.884032
 42
0.062712
  0
VERTEX
  8
0
 10
164.677551
 20
101.521241
 42
0.051474
  0
VERTEX
  8
0
 10
164.200852
 20
101.943464
 42
0.103142
  0
VERTEX
  8
0
 10
163.742799
 20
102.146074
 42
0.166172
  0
VERTEX
  8
0
 10
163.380277
 20
102.102936
 42
0.195078
  0
VERTEX
  8
0
 10
163.148999
 20
101.848476
 42
-0.245040
  0
VERTEX
  8
0
 10
162.911141
 20
101.632249
 42
-0.172208
  0
VERTEX
  8
0
 10
162.543707
 20
101.663144
 42
-0.089029
  0
VERTEX
  8
0
 10
162.073227
 20
101.986777
 42
-0.039844
  0
VERTEX
  8
0
 10
161.581325
 20
102.557895
 42
0.028746
  0
VERTEX
  8
0
 10
160.821240
 20
103.480999
 42
0.204053
  0
VERTEX
  8
0
 10
160.303657
 20
103.713314
 42
0.181164
  0
VERTEX
  8
0
 10
159.740423
 20
103.514631
 42
0.021962
  0
VERTEX
  8
0
 10
158.755344
 20
102.612487
 42
-0.013694
  0
VERTEX
  8
0
 10
157.767273
 20
101.677106
 42
-0.202148
  0
VERTEX
  8
0
 10
157.325040
 20
101.524788
 42
-0.293237
  0
VERTEX
  8
0
 10
157.005131
 20
101.761832
 42
-0.026743
  0
VERTEX
  8
0
 10
156.689019
 20
102.751589
 42
0.011703
  0
VERTEX
  8
0
 10
156.449595
 20
103.587125
 42
0.542201
  0
VERTEX
  8
0
 10
156.306419
 20
103.627467
 42
0.196793
  0
VERTEX
  8
0
 10
156.187956
 20
103.390245
 42
0.005755
  0
SEQEND
  0
POLYLINE
  8
0
 66
1
 70
1
  0
VERTEX
  8
0
 10
166.437102
 20
102.069501
 42
0.122699
  0
VERTEX
  8
0
 10
168.184509
 20
100.896842
 42
0.056604
  0
VERTEX
  8
0
 10
170.866145
 20
100.258223
 42
0.064858
  0
VERTEX
  8
0
 10
173.240154
 20
100.279190
 42
0.374244
  0
VERTEX
  8
0
 10
174.000000
 20
101.152180
 42
-0.024396
  0
VERTEX
  8
0
 10
174.018181
 20
101.524591
 42
-0.016831
  0
VERTEX
  8
0
 10
174.073438
 20
101.943262
 42
-0.017007
  0
VERTEX
  8
0
 10
174.154050
 20
102.343215
 42
-0.032981
  0
VERTEX
  8
0
 10
174.250000
 20
102.654671
 42
0.404823
  0
VERTEX
  8
0
 10
173.949845
 20
103.355727
 42
0.125386
  0
VERTEX
  8
0
 10
172.697922
 20
103.541709
 42
0.079174
  0
VERTEX
  8
0
 10
171.072765
 20
103.109366
 42
0.162037
  0
VERTEX
  8
0
 10
170.109335
 20
102.230888
 42
-0.036527
  0
VERTEX
  8
0
 10
169.542922
 20
101.372411
 42
-0.241792
  0
VERTEX
  8
0
 10
169.092518
 20
101.160330
 42
-0.171815
  0
VERTEX
  8
0
 10
168.554260
 20
101.372022
 42
-0.017597
  0
VERTEX
  8
0
 10
167.537748
 20
102.319395
 42
0.014900
  0
VERTEX
  8
0
 10
165.984399
 20
103.782822
 42
0.241820
  0
VERTEX
  8
0
 10
165.310474
 20
103.955817
 42
0.549800
  0
VERTEX
  8
0
 10
165.173578
 20
103.571460
 42
0.018088
  0
SEQEND
  0
POLYLINE
  8
0
 66
1
 70
1
  0
VERTEX
  8
0
 10
69.078947
 20
101.416667
 42
0.018894
  0
VERTEX
  8
0
 10
69.137993
 20
100.670344
 42
0.168741
  0
VERTEX
  8
0
 10
69.279315
 20
100.378580
 42
0.470617
  0
VERTEX
  8
0
 10
69.461564
 20
100.395823
 42
0.054073
  0
VERTEX
  8
0
 10
69.683114
 20
100.812500
 42
0.051402
  0
VERTEX
  8
0
 10
69.839148
 20
101.359369
 42
0.054150
  0
VERTEX
  8
0
 10
69.876576
 20
101.916927
 42
0.060344
  0
VERTEX
  8
0
 10
69.797407
 20
102.402231
 42
0.126455
  0
VERTEX
  8
0
 10
69.604167
 20
102.729167
 42
0.296942
  0
VERTEX
  8
0
 10
69.385309
 20
102.775380
 42
0.208169
  0
VERTEX
  8
0
 10
69.200665
 20
102.592839
 42
0.077125
  0
VERTEX
  8
0
 10
69.089945
 20
102.112848
 42
0.028489
  0
SEQEND
  0
POLYLINE
  8
0
 66
1
 70
1
  0
VERTEX
  8
0
 10
71.078947
 20
101.416667
 42
0.018894
  0
VERTEX
  8
0
 10
71.137993
 20
100.670344
 42
0.168741
  0
VERTEX
  8
0
 10
71.279315
 20
100.378580
 42
0.470617
  0
VERTEX
  8
0
 10
71.461564
 20
100.395823
 42
0.054073
  0
VERTEX
  8
0
 10
71.683114
 20
100.812500
 42
0.051402
  0
VERTEX
  8
0
 10
71.839148
 20
101.359369
 42
0.054150
  0
VERTEX
  8
0
 10
71.876576
 20
101.916927
 42
0.060344
  0
VERTEX
  8
0
 10
71.797407
 20
102.402231
 42
0.126455
  0
VERTEX
  8
0
 10
71.604167
 20
102.729167
 42
0.296942
  0
VERTEX
  8
0
 10
71.385309
 20
102.775380
 42
0.208169
  0
VERTEX
  8
0
 10
71.200665
 20
102.592839
 42
0.077125
  0
VERTEX
  8
0
 10
71.089945
 20
102.112848
 42
0.028489
  0
SEQEND
  0
POLYLINE
  8
0
 66
1
 70
1
  0
VERTEX
  8
0
 10
97.000000
 20
99.432795
 42
0.034132
  0
VERTEX
  8
0
 10
99.956014
 20
98.981140
 42
0.016529
  0
VERTEX
  8
0
 10
103.778145
 20
98.788622
 42
0.007563
  0
VERTEX
  8
0
 10
107.543715
 20
98.780547
 42
0.410416
  0
VERTEX
  8
0
 10
108.000000
 20
99.242794
 42
0.369289
  0
VERTEX
  8
0
 10
107.747464
 20
99.538086
 42
0.013386
  0
VERTEX
  8
0
 10
106.164062
 20
99.743495
 42
0.018831
  0
VERTEX
  8
0
 10
104.146291
 20
99.873980
 42
0.011370
  0
VERTEX
  8
0
 10
101.750000
 20
99.883999
 42
0.005392
  0
VERTEX
  8
0
 10
99.447418
 20
99.816419
 42
0.013646
  0
VERTEX
  8
0
 10
97.776562
 20
99.703607
 42
0.038087
  0
VERTEX
  8
0
 10
96.998148
 20
99.569311
 42
0.790122
  0
SEQEND
  0
POLYLINE
  8
0
 66
1
 70
1
  0
VERTEX
  8
0
 10
80.638374
 20
94.500000
 42
0.021360
  0
VERTEX
  8
0
 10
80.887494
 20
93.925442
 42
0.030395
  0
VERTEX
  8
0
 10
81.160341
 20
93.440625
 42
0.030693
  0
VERTEX
  8
0
 10
81.420671
 20
93.087111
 42
0.222225
  0
VERTEX
  8
0
 10
81.606989
 20
93.000000
 42
0.289661
  0
VERTEX
  8
0
 10
81.758929
 20
93.096084
 42
0.046727
  0
VERTEX
  8
0
 10
81.884553
 20
93.440625
 42
0.039339
  0
VERTEX
  8
0
 10
81.971531
 20
93.925176
 42
0.024748
  0
VERTEX
  8
0
 10
82.000000
 20
94.500000
 42
0.062722
  0
VERTEX
  8
0
 10
81.927770
 20
95.073532
 42
0.080880
  0
VERTEX
  8
0
 10
81.715469
 20
95.559375
 42
0.098158
  0
VERTEX
  8
0
 10
81.400789
 20
95.884506
 42
0.152681
  0
VERTEX
  8
0
 10
81.031385
 20
96.000000
 42
0.184534
  0
VERTEX
  8
0
 10
80.710807
 20
95.877514
 42
0.147206
  0
VERTEX
  8
0
 10
80.516384
 20
95.559375
 42
0.100118
  0
VERTEX
  8
0
 10
80.488865
 20
95.074366
 42
0.055937
  0
SEQEND
  0
POLYLINE
  8
0
 66
1
 70
1
  0
VERTEX
  8
0
 10
150.000000
 20
94.500000
 42
0.062722
  0
VERTEX
  8
0
 10
150.072230
 20
93.926468
 42
0.080880
  0
VERTEX
  8
0
 10
150.284531
 20
93.440625
 42
0.098158
  0
VERTEX
  8
0
 10
150.599211
 20
93.115494
 42
0.152681
  0
VERTEX
  8
0
 10
150.968615
 20
93.000000
 42
0.184534
  0
VERTEX
  8
0
 10
151.289193
 20
93.122486
 42
0.147206
  0
VERTEX
  8
0
 10
151.483616
 20
93.440625
 42
0.100118
  0
VERTEX
  8
0
 10
151.511135
 20
93.925634
 42
0.055937
  0
VERTEX
  8
0
 10
151.361626
 20
94.500000
 42
0.021360
  0
VERTEX
  8
0
 10
151.112506
 20
95.074558
 42
0.030395
  0
VERTEX
  8
0
 10
150.839659
 20
95.559375
 42
0.030693
  0
VERTEX
  8
0
 10
150.579329
 20
95.912889
 42
0.222225
  0
VERTEX
  8
0
 10
150.393011
 20
96.000000
 42
0.289661
  0
VERTEX
  8
0
 10
150.241071
 20
95.903916
 42
0.046727
  0
VERTEX
  8
0
 10
150.115447
 20
95.559375
 42
0.039339
  0
VERTEX
  8
0
 10
150.028469
 20
95.074824
 42
0.024748
  0
SEQEND
  0
POLYLINE
  8
0
 66
1
 70
1
  0
VERTEX
  8
0
 10
168.000000
 20
94.500000
 42
0.062722
  0
VERTEX
  8
0
 10
168.072230
 20
93.926468
 42
0.080880
  0
VERTEX
  8
0
 10
168.284531
 20
93.440625
 42
0.098158
  0
VERTEX
  8
0
 10
168.599211
 20
93.115494
 42
0.152681
  0
VERTEX
  8
0
 10
168.968615
 20
93.000000
 42
0.184534
  0
VERTEX
  8
0
 10
169.289193
 20
93.122486
 42
0.147206
  0
VERTEX
  8
0
 10
169.483616
 20
93.440625
 42
0.100118
  0
VERTEX
  8
0
 10
169.511135
 20
93.925634
 42
0.055937
  0
VERTEX
  8
0
 10
169.361626
 20
94.500000
 42
0.021360
  0
VERTEX
  8
0
 10
169.112506
 20
95.074558
 42
0.030395
  0
VERTEX
  8
0
 10
168.839659
 20
95.559375
 42
0.030693
  0
VERTEX
  8
0
 10
168.579329
 20
95.912889
 42
0.222225
  0
VERTEX
  8
0
 10
168.393011
 20
96.000000
 42
0.289661
  0
VERTEX
  8
0
 10
168.241071
 20
95.903916
 42
0.046727
  0
VERTEX
  8
0
 10
168.115447
 20
95.559375
 42
0.039339
  0
VERTEX
  8
0
 10
168.028469
 20
95.074824
 42
0.024748
  0
SEQEND
  0
POLYLINE
  8
0
 66
1
 70
1
  0
VERTEX
  8
0
 10
173.638374
 20
94.500000
 42
0.055937
  0
VERTEX
  8
0
 10
173.488865
 20
93.925634
 42
0.100118
  0
VERTEX
  8
0
 10
173.516384
 20
93.440625
 42
0.147206
  0
VERTEX
  8
0
 10
173.710807
 20
93.122486
 42
0.184534
  0
VERTEX
  8
0
 10
174.031385
 20
93.000000
 42
0.152681
  0
VERTEX
  8
0
 10
174.400789
 20
93.115494
 42
0.098158
  0
VERTEX
  8
0
 10
174.715469
 20
93.440625
 42
0.080880
  0
VERTEX
  8
0
 10
174.927770
 20
93.926468
 42
0.062722
  0
VERTEX
  8
0
 10
175.000000
 20
94.500000
 42
0.024748
  0
VERTEX
  8
0
 10
174.971531
 20
95.074824
 42
0.039339
  0
VERTEX
  8
0
 10
174.884553
 20
95.559375
 42
0.046727
  0
VERTEX
  8
0
 10
174.758929
 20
95.903916
 42
0.289661
  0
VERTEX
  8
0
 10
174.606989
 20
96.000000
 42
0.222225
  0
VERTEX
  8
0
 10
174.420671
 20
95.912889
 42
0.030693
  0
VERTEX
  8
0
 10
174.160341
 20
95.559375
 42
0.030395
  0
VERTEX
  8
0
 10
173.887494
 20
95.074558
 42
0.021360
  0
SEQEND
  0
POLYLINE
  8
0
 66
1
 70
1
  0
VERTEX
  8
0
 10
489.547743
 20
94.750000
 42
-0.119425
  0
VERTEX
  8
0
 10
489.690808
 20
93.620932
 42
-0.309306
  0
VERTEX
  8
0
 10
489.181314
 20
93.030125
 42
-0.260968
  0
VERTEX
  8
0
 10
488.344248
 20
93.245048
 42
-0.106751
  0
VERTEX
  8
0
 10
487.662281
 20
94.250000
 42
0.013592
  0
VERTEX
  8
0
 10
487.409563
 20
94.830327
 42
0.263902
  0
VERTEX
  8
0
 10
487.255579
 20
94.939531
 42
0.400844
  0
VERTEX
  8
0
 10
487.136398
 20
94.846721
 42
0.020128
  0
VERTEX
  8
0
 10
487.078947
 20
94.309017
 42
0.148051
  0
VERTEX
  8
0
 10
487.336610
 20
93.197434
 42
0.159293
  0
VERTEX
  8
0
 10
488.162379
 20
92.453784
 42
0.157816
  0
VERTEX
  8
0
 10
489.274321
 20
92.337567
 42
0.145128
  0
VERTEX
  8
0
 10
490.287132
 20
92.887132
 42
0.066922
  0
VERTEX
  8
0
 10
490.739139
 20
93.479558
 42
0.146020
  0
VERTEX
  8
0
 10
490.867117
 20
94.030806
 42
0.132135
  0
VERTEX
  8
0
 10
490.675768
 20
94.599413
 42
0.050472
  0
VERTEX
  8
0
 10
490.140754
 20
95.250000
 42
0.009992
  0
VERTEX
  8
0
 10
489.461353
 20
95.897980
 42
0.377046
  0
VERTEX
  8
0
 10
489.265306
 20
95.902023
 42
0.309425
  0
VERTEX
  8
0
 10
489.207170
 20
95.692067
 42
0.008433
  0
SEQEND
  0
POLYLINE
  8
0
 66
1
 70
1
  0
VERTEX
  8
0
 10
492.240929
 20
94.451678
 42
0.165987
  0
VERTEX
  8
0
 10
492.869494
 20
92.982056
 42
0.213412
  0
VERTEX
  8
0
 10
494.198335
 20
92.393174
 42
0.224617
  0
VERTEX
  8
0
 10
495.469927
 20
93.000018
 42
0.174528
  0
VERTEX
  8
0
 10
495.984687
 20
94.464286
 42
0.011564
  0
VERTEX
  8
0
 10
495.950755
 20
95.571087
 42
0.262067
  0
VERTEX
  8
0
 10
495.785814
 20
95.830479
 42
0.368802
  0
VERTEX
  8
0
 10
495.532383
 20
95.775178
 42
0.017102
  0
VERTEX
  8
0
 10
494.984687
 20
95.000000
 42
-0.025138
  0
VERTEX
  8
0
 10
494.392216
 20
94.189399
 42
-0.224372
  0
VERTEX
  8
0
 10
494.004878
 20
94.003280
 42
-0.229231
  0
VERTEX
  8
0
 10
493.620541
 20
94.186184
 42
-0.026211
  0
VERTEX
  8
0
 10
493.044267
 20
94.987392
 42
0.014663
  0
VERTEX
  8
0
 10
492.523798
 20
95.747427
 42
0.402071
  0
VERTEX
  8
0
 10
492.305866
 20
95.786284
 42
0.260609
  0
VERTEX
  8
0
 10
492.179780
 20
95.539769
 42
0.009524
  0
SEQEND
  0
POLYLINE
  8
0
 66
1
 70
1
  0
VERTEX
  8
0
 10
498.638374
 20
94.500000
 42
0.021360
  0
VERTEX
  8
0
 10
498.887494
 20
93.925442
 42
0.030395
  0
VERTEX
  8
0
 10
499.160341
 20
93.440625
 42
0.030693
  0
VERTEX
  8
0
 10
499.420671
 20
93.087111
 42
0.222225
  0
VERTEX
  8
0
 10
499.606989
 20
93.000000
 42
0.289661
  0
VERTEX
  8
0
 10
499.758929
 20
93.096084
 42
0.046727
  0
VERTEX
  8
0
 10
499.884553
 20
93.440625
 42
0.039339
  0
VERTEX
  8
0
 10
499.971531
 20
93.925176
 42
0.024748
  0
VERTEX
  8
0
 10
500.000000
 20
94.500000
 42
0.062722
  0
VERTEX
  8
0
 10
499.927770
 20
95.073532
 42
0.080880
  0
VERTEX
  8
0
 10
499.715469
 20
95.559375
 42
0.098158
  0
VERTEX
  8
0
 10
499.400789
 20
95.884506
 42
0.152681
  0
VERTEX
  8
0
 10
499.031385
 20
96.000000
 42
0.184534
  0
VERTEX
  8
0
 10
498.710807
 20
95.877514
 42
0.147206
  0
VERTEX
  8
0
 10
498.516384
 20
95.559375
 42
0.100118
  0
VERTEX
  8
0
 10
498.488865
 20
95.074366
 42
0.055937
  0
SEQEND
  0
POLYLINE
  8
0
 66
1
 70
1
  0
VERTEX
  8
0
 10
440.767909
 20
94.275269
 42
0.018638
  0
VERTEX
  8
0
 10
442.218327
 20
94.150328
 42
0.012590
  0
VERTEX
  8
0
 10
443.878422
 20
94.111345
 42
0.012695
  0
VERTEX
  8
0
 10
445.487453
 20
94.154945
 42
0.024559
  0
VERTEX
  8
0
 10
446.767909
 20
94.285474
 42
0.212532
  0
VERTEX
  8
0
 10
447.000181
 20
94.434198
 42
0.556092
  0
VERTEX
  8
0
 10
446.934948
 20
94.575472
 42
0.025342
  0
VERTEX
  8
0
 10
445.655786
 20
94.668409
 42
0.005888
  0
VERTEX
  8
0
 10
443.500000
 20
94.690131
 42
0.005499
  0
VERTEX
  8
0
 10
441.352754
 20
94.662864
 42
0.031761
  0
VERTEX
  8
0
 10
440.222448
 20
94.564056
 42
0.756877
  0
VERTEX
  8
0
 10
440.205163
 20
94.425738
 42
0.069146
  0
SEQEND
  0
POLYLINE
  8
0
 66
1
 70
1
  0
VERTEX
  8
0
 10
452.000000
 20
94.606989
 42
0.222225
  0
VERTEX
  8
0
 10
452.087111
 20
94.420671
 42
0.030693
  0
VERTEX
  8
0
 10
452.440625
 20
94.160341
 42
0.030395
  0
VERTEX
  8
0
 10
452.925442
 20
93.887494
 42
0.021360
  0
VERTEX
  8
0
 10
453.500000
 20
93.638374
 42
0.055937
  0
VERTEX
  8
0
 10
454.074366
 20
93.488865
 42
0.100118
  0
VERTEX
  8
0
 10
454.559375
 20
93.516384
 42
0.147206
  0
VERTEX
  8
0
 10
454.877514
 20
93.710807
 42
0.184534
  0
VERTEX
  8
0
 10
455.000000
 20
94.031385
 42
0.152681
  0
VERTEX
  8
0
 10
454.884506
 20
94.400789
 42
0.098158
  0
VERTEX
  8
0
 10
454.559375
 20
94.715469
 42
0.080880
  0
VERTEX
  8
0
 10
454.073532
 20
94.927770
 42
0.062722
  0
VERTEX
  8
0
 10
453.500000
 20
95.000000
 42
0.024748
  0
VERTEX
  8
0
 10
452.925176
 20
94.971531
 42
0.039339
  0
VERTEX
  8
0
 10
452.440625
 20
94.884553
 42
0.046727
  0
VERTEX
  8
0
 10
452.096084
 20
94.758929
 42
0.289661
  0
SEQEND
  0
POLYLINE
  8
0
 66
1
 70
1
  0
VERTEX
  8
0
 10
51.030626
 20
93.500000
 42
0.067616
  0
VERTEX
  8
0
 10
51.096832
 20
93.012663
 42
0.024967
  0
VERTEX
  8
0
 10
51.315379
 20
92.353125
 42
0.024204
  0
VERTEX
  8
0
 10
51.628962
 20
91.647707
 42
0.026766
  0
VERTEX
  8
0
 10
52.000000
 20
91.000000
 42
0.027796
  0
VERTEX
  8
0
 10
52.374359
 20
90.485814
 42
0.102785
  0
VERTEX
  8
0
 10
52.684621
 20
90.234375
 42
0.335455
  0
VERTEX
  8
0
 10
52.877628
 20
90.267727
 42
0.190341
  0
VERTEX
  8
0
 10
52.969374
 20
90.500000
 42
0.067616
  0
VERTEX
  8
0
 10
52.903168
 20
90.987337
 42
0.024967
  0
VERTEX
  8
0
 10
52.684621
 20
91.646875
 42
0.024204
  0
VERTEX
  8
0
 10
52.371038
 20
92.352293
 42
0.026766
  0
VERTEX
  8
0
 10
52.000000
 20
93.000000
 42
0.027796
  0
VERTEX
  8
0
 10
51.625641
 20
93.514186
 42
0.102785
  0
VERTEX
  8
0
 10
51.315379
 20
93.765625
 42
0.335455
  0
VERTEX
  8
0
 10
51.122372
 20
93.732273
 42
0.190341
  0
SEQEND
  0
POLYLINE
  8
0
 66
1
 70
1
  0
VERTEX
  8
0
 10
44.157895
 20
90.000000
 42
0.017491
  0
VERTEX
  8
0
 10
44.189089
 20
89.108560
 42
0.078554
  0
VERTEX
  8
0
 10
44.306058
 20
88.601562
 42
0.447206
  0
VERTEX
  8
0
 10
44.474999
 20
88.540618
 42
0.174857
  0
VERTEX
  8
0
 10
44.662281
 20
88.750000
 42
0.057986
  0
VERTEX
  8
0
 10
44.818615
 20
89.320008
 42
0.037979
  0
VERTEX
  8
0
 10
44.870340
 20
90.000000
 42
0.037979
  0
VERTEX
  8
0
 10
44.818615
 20
90.679992
 42
0.057986
  0
VERTEX
  8
0
 10
44.662281
 20
91.250000
 42
0.174857
  0
VERTEX
  8
0
 10
44.474999
 20
91.459382
 42
0.447206
  0
VERTEX
  8
0
 10
44.306058
 20
91.398438
 42
0.078554
  0
VERTEX
  8
0
 10
44.189089
 20
90.891440
 42
0.017491
  0
SEQEND
  0
POLYLINE
  8
0
 66
1
 70
1
  0
VERTEX
  8
0
 10
488.344050
 20
81.750000
 42
0.550517
  0
VERTEX
  8
0
 10
488.486936
 20
81.457420
 42
0.009560
  0
VERTEX
  8
0
 10
490.605352
 20
81.264326
 42
0.014284
  0
VERTEX
  8
0
 10
493.344440
 20
81.145885
 42
0.007914
  0
VERTEX
  8
0
 10
496.690983
 20
81.149832
 42
0.002030
  0
VERTEX
  8
0
 10
502.865569
 20
81.279932
 42
0.773671
  0
VERTEX
  8
0
 10
502.929533
 20
81.554713
 42
0.107649
  0
VERTEX
  8
0
 10
501.853773
 20
81.850213
 42
0.001328
  0
VERTEX
  8
0
 10
494.653067
 20
82.217406
 42
0.012307
  0
VERTEX
  8
0
 10
492.379189
 20
82.271265
 42
0.018257
  0
VERTEX
  8
0
 10
490.387933
 20
82.196676
 42
0.013643
  0
VERTEX
  8
0
 10
488.783142
 20
82.033659
 42
0.226271
  0
SEQEND
  0
POLYLINE
  8
0
 66
1
 70
1
  0
VERTEX
  8
0
 10
89.824504
 20
74.674177
 42
0.016428
  0
VERTEX
  8
0
 10
89.622686
 20
73.486201
 42
0.086287
  0
VERTEX
  8
0
 10
89.646908
 20
72.826958
 42
0.373673
  0
VERTEX
  8
0
 10
89.869057
 20
72.659230
 42
0.181167
  0
VERTEX
  8
0
 10
90.217958
 20
72.817958
 42
0.095372
  0
VERTEX
  8
0
 10
90.560845
 20
73.324322
 42
0.051027
  0
VERTEX
  8
0
 10
90.787163
 20
74.048004
 42
0.048216
  0
VERTEX
  8
0
 10
90.872744
 20
74.861840
 42
0.054376
  0
VERTEX
  8
0
 10
90.794107
 20
75.643780
 42
0.033951
  0
VERTEX
  8
0
 10
90.576195
 20
76.410973
 42
0.550064
  0
VERTEX
  8
0
 10
90.360049
 20
76.459395
 42
0.138278
  0
VERTEX
  8
0
 10
90.129397
 20
76.047609
 42
0.008660
  0
SEQEND
  0
POLYLINE
  8
0
 66
1
 70
1
  0
VERTEX
  8
0
 10
92.078947
 20
75.872445
 42
0.090904
  0
VERTEX
  8
0
 10
92.175584
 20
75.149272
 42
0.048554
  0
VERTEX
  8
0
 10
92.537253
 20
74.319828
 42
0.046154
  0
VERTEX
  8
0
 10
93.086350
 20
73.518004
 42
0.053308
  0
VERTEX
  8
0
 10
93.750000
 20
72.872445
 42
0.002243
  0
VERTEX
  8
0
 10
94.817565
 20
72.042911
 42
0.216948
  0
VERTEX
  8
0
 10
95.000974
 20
72.000196
 42
0.545168
  0
VERTEX
  8
0
 10
95.041157
 20
72.102555
 42
0.003842
  0
VERTEX
  8
0
 10
94.384273
 20
73.000000
 42
-0.019693
  0
VERTEX
  8
0
 10
93.916472
 20
73.683558
 42
-0.013140
  0
VERTEX
  8
0
 10
93.433163
 20
74.500000
 42
-0.013241
  0
VERTEX
  8
0
 10
93.005636
 20
75.317737
 42
-0.025176
  0
VERTEX
  8
0
 10
92.713220
 20
76.000000
 42
0.006885
  0
VERTEX
  8
0
 10
92.388811
 20
76.840534
 42
0.361390
  0
VERTEX
  8
0
 10
92.246650
 20
76.917297
 42
0.336357
  0
VERTEX
  8
0
 10
92.135504
 20
76.791438
 42
0.006498
  0
SEQEND
  0
POLYLINE
  8
0
 66
1
 70
1
  0
VERTEX
  8
0
 10
97.000000
 20
75.559017
 42
0.056553
  0
VERTEX
  8
0
 10
97.067260
 20
74.966253
 42
0.049897
  0
VERTEX
  8
0
 10
97.266355
 20
74.376706
 42
0.052741
  0
VERTEX
  8
0
 10
97.559445
 20
73.877374
 42
0.095554
  0
VERTEX
  8
0
 10
97.906741
 20
73.557637
 42
0.236417
  0
VERTEX
  8
0
 10
98.198880
 20
73.531490
 42
0.238295
  0
VERTEX
  8
0
 10
98.393387
 20
73.749762
 42
0.095442
  0
VERTEX
  8
0
 10
98.429487
 20
74.266748
 42
0.033809
  0
VERTEX
  8
0
 10
98.290110
 20
74.998620
 42
0.020231
  0
VERTEX
  8
0
 10
97.839479
 20
76.475053
 42
0.209047
  0
VERTEX
  8
0
 10
97.416075
 20
76.930595
 42
0.493596
  0
VERTEX
  8
0
 10
97.087262
 20
76.747863
 42
0.036651
  0
SEQEND
  0
POLYLINE
  8
0
 66
1
 70
1
  0
VERTEX
  8
0
 10
100.718540
 20
75.708910
 42
0.063676
  0
VERTEX
  8
0
 10
100.553652
 20
75.032855
 42
0.070714
  0
VERTEX
  8
0
 10
100.573225
 20
74.361531
 42
0.080365
  0
VERTEX
  8
0
 10
100.766951
 20
73.797283
 42
0.132292
  0
VERTEX
  8
0
 10
101.110205
 20
73.431890
 42
0.071349
  0
VERTEX
  8
0
 10
101.981560
 20
73.052012
 42
0.364883
  0
VERTEX
  8
0
 10
102.425713
 20
73.256292
 42
0.173988
  0
VERTEX
  8
0
 10
102.494955
 20
73.979570
 42
0.024803
  0
VERTEX
  8
0
 10
102.049340
 20
75.426885
 42
0.011333
  0
VERTEX
  8
0
 10
101.620087
 20
76.530513
 42
0.246932
  0
VERTEX
  8
0
 10
101.361386
 20
76.745340
 42
0.348514
  0
VERTEX
  8
0
 10
101.105332
 20
76.617882
 42
0.017957
  0
SEQEND
  0
POLYLINE
  8
0
 66
1
 70
1
  0
VERTEX
  8
0
 10
104.000000
 20
75.500000
 42
0.024748
  0
VERTEX
  8
0
 10
104.028469
 20
74.925176
 42
0.039339
  0
VERTEX
  8
0
 10
104.115447
 20
74.440625
 42
0.046727
  0
VERTEX
  8
0
 10
104.241071
 20
74.096084
 42
0.289661
  0
VERTEX
  8
0
 10
104.393011
 20
74.000000
 42
0.222225
  0
VERTEX
  8
0
 10
104.579329
 20
74.087111
 42
0.030693
  0
VERTEX
  8
0
 10
104.839659
 20
74.440625
 42
0.030395
  0
VERTEX
  8
0
 10
105.112506
 20
74.925442
 42
0.021360
  0
VERTEX
  8
0
 10
105.361626
 20
75.500000
 42
0.055937
  0
VERTEX
  8
0
 10
105.511135
 20
76.074366
 42
0.100118
  0
VERTEX
  8
0
 10
105.483616
 20
76.559375
 42
0.147206
  0
VERTEX
  8
0
 10
105.289193
 20
76.877514
 42
0.184534
  0
VERTEX
  8
0
 10
104.968615
 20
77.000000
 42
0.152681
  0
VERTEX
  8
0
 10
104.599211
 20
76.884506
 42
0.098158
  0
VERTEX
  8
0
 10
104.284531
 20
76.559375
 42
0.080880
  0
VERTEX
  8
0
 10
104.072230
 20
76.073532
 42
0.062722
  0
SEQEND
  0
POLYLINE
  8
0
 66
1
 70
1
  0
VERTEX
  8
0
 10
96.872445
 20
64.250000
 42
0.001576
  0
VERTEX
  8
0
 10
95.992360
 20
63.120493
 42
0.377591
  0
VERTEX
  8
0
 10
96.000000
 20
63.000000
 42
0.377591
  0
VERTEX
  8
0
 10
96.120493
 20
62.992360
 42
0.001576
  0
VERTEX
  8
0
 10
97.250000
 20
63.872445
 42
0.012436
  0
VERTEX
  8
0
 10
97.920402
 20
64.425681
 42
0.017649
  0
VERTEX
  8
0
 10
98.485938
 20
64.952641
 42
0.013803
  0
VERTEX
  8
0
 10
98.918850
 20
65.410139
 42
0.184603
  0
VERTEX
  8
0
 10
99.000000
 20
65.622445
 42
0.307699
  0
VERTEX
  8
0
 10
98.806605
 20
65.906950
 42
0.241985
  0
VERTEX
  8
0
 10
98.426111
 20
65.869516
 42
0.065617
  0
VERTEX
  8
0
 10
97.763320
 20
65.306759
 42
0.017685
  0
SEQEND
  0
POLYLINE
  8
0
 66
1
 70
1
  0
VERTEX
  8
0
 10
422.269032
 20
64.307009
 42
0.037336
  0
VERTEX
  8
0
 10
423.036634
 20
64.167106
 42
0.029507
  0
VERTEX
  8
0
 10
423.880008
 20
64.127736
 42
0.030339
  0
VERTEX
  8
0
 10
424.671085
 20
64.185595
 42
0.062780
  0
VERTEX
  8
0
 10
425.269032
 20
64.344063
 42
0.313180
  0
VERTEX
  8
0
 10
425.386009
 20
64.522870
 42
0.333666
  0
VERTEX
  8
0
 10
425.257153
 20
64.684921
 42
0.052471
  0
VERTEX
  8
0
 10
424.580113
 20
64.787295
 42
0.014395
  0
VERTEX
  8
0
 10
423.500000
 20
64.805051
 42
0.012823
  0
VERTEX
  8
0
 10
422.431793
 20
64.764444
 42
0.080377
  0
VERTEX
  8
0
 10
421.900903
 20
64.643467
 42
0.597527
  0
VERTEX
  8
0
 10
421.883358
 20
64.483340
 42
0.087174
  0
SEQEND
  0
POLYLINE
  8
0
 66
1
 70
1
  0
VERTEX
  8
0
 10
418.666667
 20
62.333333
 42
0.162201
  0
VERTEX
  8
0
 10
418.141563
 20
61.283517
 42
0.039475
  0
VERTEX
  8
0
 10
418.017379
 20
59.323868
 42
0.038286
  0
VERTEX
  8
0
 10
418.188336
 20
57.474093
 42
0.365624
  0
VERTEX
  8
0
 10
418.750000
 20
57.000000
 42
0.295869
  0
VERTEX
  8
0
 10
419.040346
 20
57.188291
 42
0.043820
  0
VERTEX
  8
0
 10
419.279688
 20
57.881250
 42
0.037669
  0
VERTEX
  8
0
 10
419.445708
 20
58.850292
 42
0.023598
  0
VERTEX
  8
0
 10
419.500000
 20
60.000000
 42
0.002603
  0
VERTEX
  8
0
 10
419.494011
 20
61.150344
 42
0.004340
  0
VERTEX
  8
0
 10
419.475521
 20
62.118750
 42
0.000758
  0
VERTEX
  8
0
 10
419.450671
 20
62.967027
 42
0.405221
  0
VERTEX
  8
0
 10
419.416667
 20
63.000000
 42
0.179268
  0
VERTEX
  8
0
 10
419.363642
 20
62.980357
 42
0.004277
  0
VERTEX
  8
0
 10
419.161979
 20
62.804167
 42
0.008855
  0
VERTEX
  8
0
 10
418.928188
 20
62.588822
 42
0.005835
  0
SEQEND
  0
POLYLINE
  8
0
 66
1
 70
1
  0
VERTEX
  8
0
 10
425.625000
 20
60.202254
 42
0.131214
  0
VERTEX
  8
0
 10
425.501528
 20
59.792440
 42
0.054724
  0
VERTEX
  8
0
 10
425.546664
 20
59.212247
 42
0.049042
  0
VERTEX
  8
0
 10
425.735720
 20
58.566910
 42
0.045296
  0
VERTEX
  8
0
 10
426.050670
 20
57.952254
 42
0.028860
  0
VERTEX
  8
0
 10
426.524497
 20
57.291000
 42
0.422266
  0
VERTEX
  8
0
 10
426.782177
 20
57.267166
 42
0.204688
  0
VERTEX
  8
0
 10
426.948456
 20
57.602670
 42
0.012382
  0
VERTEX
  8
0
 10
426.984687
 20
58.750000
 42
0.023770
  0
VERTEX
  8
0
 10
426.924616
 20
60.224181
 42
0.167601
  0
VERTEX
  8
0
 10
426.636010
 20
60.869801
 42
0.407002
  0
VERTEX
  8
0
 10
426.201812
 20
60.889462
 42
0.072480
  0
SEQEND
  0
POLYLINE
  8
0
 66
1
 70
1
  0
VERTEX
  8
0
 10
103.078947
 20
58.416667
 42
0.018894
  0
VERTEX
  8
0
 10
103.137993
 20
57.670344
 42
0.168741
  0
VERTEX
  8
0
 10
103.279315
 20
57.378580
 42
0.470617
  0
VERTEX
  8
0
 10
103.461564
 20
57.395823
 42
0.054073
  0
VERTEX
  8
0
 10
103.683114
 20
57.812500
 42
0.051402
  0
VERTEX
  8
0
 10
103.839148
 20
58.359369
 42
0.054150
  0
VERTEX
  8
0
 10
103.876576
 20
58.916927
 42
0.060344
  0
VERTEX
  8
0
 10
103.797407
 20
59.402231
 42
0.126455
  0
VERTEX
  8
0
 10
103.604167
 20
59.729167
 42
0.296942
  0
VERTEX
  8
0
 10
103.385309
 20
59.775380
 42
0.208169
  0
VERTEX
  8
0
 10
103.200665
 20
59.592839
 42
0.077125
  0
VERTEX
  8
0
 10
103.089945
 20
59.112848
 42
0.028489
  0
SEQEND
  0
POLYLINE
  8
0
 66
1
 70
1
  0
VERTEX
  8
0
 10
94.836090
 20
56.793805
 42
-0.049512
  0
VERTEX
  8
0
 10
95.299312
 20
56.063736
 42
-0.055126
  0
VERTEX
  8
0
 10
95.590203
 20
55.282187
 42
-0.062660
  0
VERTEX
  8
0
 10
95.677085
 20
54.567739
 42
-0.138228
  0
VERTEX
  8
0
 10
95.527073
 20
54.043805
 42
0.078184
  0
VERTEX
  8
0
 10
95.359516
 20
53.644743
 42
0.155995
  0
VERTEX
  8
0
 10
95.382552
 20
53.306618
 42
0.185367
  0
VERTEX
  8
0
 10
95.588920
 20
53.082457
 42
0.115543
  0
VERTEX
  8
0
 10
95.940983
 20
53.000000
 42
0.261720
  0
VERTEX
  8
0
 10
96.742585
 20
53.450444
 42
0.180098
  0
VERTEX
  8
0
 10
96.944528
 20
54.497619
 42
0.106405
  0
VERTEX
  8
0
 10
96.387292
 20
55.901387
 42
0.079124
  0
VERTEX
  8
0
 10
95.250000
 20
57.127555
 42
0.001592
  0
VERTEX
  8
0
 10
94.127907
 20
58.001805
 42
0.347362
  0
VERTEX
  8
0
 10
94.000669
 20
58.000540
 42
0.408033
  0
VERTEX
  8
0
 10
93.987124
 20
57.885673
 42
0.001724
  0
SEQEND
  0
POLYLINE
  8
0
 66
1
 70
1
  0
VERTEX
  8
0
 10
395.985010
 20
50.971992
 42
-0.052185
  0
VERTEX
  8
0
 10
395.491690
 20
50.244170
 42
-0.075181
  0
VERTEX
  8
0
 10
394.908104
 20
49.731532
 42
-0.098590
  0
VERTEX
  8
0
 10
394.329680
 20
49.504421
 42
-0.184857
  0
VERTEX
  8
0
 10
393.843064
 20
49.596992
 42
-0.096810
  0
VERTEX
  8
0
 10
393.477132
 20
49.935571
 42
-0.209767
  0
VERTEX
  8
0
 10
393.396052
 20
50.302204
 42
-0.154568
  0
VERTEX
  8
0
 10
393.611666
 20
50.694456
 42
-0.049216
  0
VERTEX
  8
0
 10
394.143237
 20
51.109687
 42
0.020230
  0
VERTEX
  8
0
 10
394.794125
 20
51.560005
 42
0.350217
  0
VERTEX
  8
0
 10
394.854177
 20
51.793849
 42
0.276177
  0
VERTEX
  8
0
 10
394.630920
 20
51.949724
 42
0.015461
  0
VERTEX
  8
0
 10
393.750000
 20
51.984687
 42
0.182254
  0
VERTEX
  8
0
 10
392.623546
 20
51.571200
 42
0.176909
  0
VERTEX
  8
0
 10
392.033077
 20
50.511238
 42
0.198503
  0
VERTEX
  8
0
 10
392.295116
 20
49.411207
 42
0.208906
  0
VERTEX
  8
0
 10
393.250000
 20
48.847686
 42
-0.010741
  0
VERTEX
  8
0
 10
394.769345
 20
48.629336
 42
-0.022851
  0
VERTEX
  8
0
 10
395.930468
 20
48.381958
 42
-0.024336
  0
VERTEX
  8
0
 10
397.017654
 20
48.040562
 42
-0.013979
  0
VERTEX
  8
0
 10
398.293128
 20
47.529809
 42
0.042347
  0
VERTEX
  8
0
 10
399.831972
 20
47.012668
 42
0.331797
  0
VERTEX
  8
0
 10
400.485440
 20
47.289856
 42
0.269534
  0
VERTEX
  8
0
 10
400.487292
 20
48.084370
 42
0.033679
  0
VERTEX
  8
0
 10
399.487214
 20
49.573001
 42
0.001442
  0
VERTEX
  8
0
 10
398.449401
 20
50.905326
 42
0.226335
  0
VERTEX
  8
0
 10
398.283878
 20
50.987535
 42
0.518811
  0
VERTEX
  8
0
 10
398.215503
 20
50.893645
 42
0.002524
  0
VERTEX
  8
0
 10
398.667485
 20
49.585955
 42
-0.020316
  0
VERTEX
  8
0
 10
398.942821
 20
48.686963
 42
-0.184936
  0
VERTEX
  8
0
 10
398.898967
 20
48.286836
 42
-0.374247
  0
VERTEX
  8
0
 10
398.639488
 20
48.183296
 42
-0.054310
  0
VERTEX
  8
0
 10
398.082821
 20
48.448814
 42
-0.113198
  0
VERTEX
  8
0
 10
397.639147
 20
48.886855
 42
-0.071928
  0
VERTEX
  8
0
 10
397.339989
 20
49.551850
 42
-0.066365
  0
VERTEX
  8
0
 10
397.224593
 20
50.333365
 42
-0.067563
  0
VERTEX
  8
0
 10
397.319262
 20
51.112859
 42
0.019706
  0
VERTEX
  8
0
 10
397.657390
 20
52.651118
 42
0.499487
  0
VERTEX
  8
0
 10
397.404900
 20
52.922414
 42
0.235082
  0
VERTEX
  8
0
 10
396.916630
 20
52.611534
 42
0.012664
  0
SEQEND
  0
POLYLINE
  8
0
 66
1
 70
1
  0
VERTEX
  8
0
 10
462.000000
 20
49.535184
 42
0.036374
  0
VERTEX
  8
0
 10
462.070727
 20
48.564255
 42
0.054935
  0
VERTEX
  8
0
 10
462.284531
 20
47.744710
 42
0.071966
  0
VERTEX
  8
0
 10
462.597413
 20
47.183559
 42
0.233741
  0
VERTEX
  8
0
 10
462.968615
 20
47.000000
 42
0.186111
  0
VERTEX
  8
0
 10
463.288807
 20
47.123459
 42
0.146808
  0
VERTEX
  8
0
 10
463.482338
 20
47.443956
 42
0.099441
  0
VERTEX
  8
0
 10
463.508494
 20
47.932609
 42
0.055470
  0
VERTEX
  8
0
 10
463.357275
 20
48.511341
 42
-0.046062
  0
VERTEX
  8
0
 10
463.166114
 20
49.190553
 42
-0.265879
  0
VERTEX
  8
0
 10
463.284970
 20
49.529306
 42
-0.236196
  0
VERTEX
  8
0
 10
463.654693
 20
49.623605
 42
-0.038080
  0
VERTEX
  8
0
 10
464.388659
 20
49.404352
 42
-0.045015
  0
VERTEX
  8
0
 10
465.005129
 20
49.101700
 42
-0.051806
  0
VERTEX
  8
0
 10
465.526669
 20
48.705335
 42
-0.059227
  0
VERTEX
  8
0
 10
465.884401
 20
48.279839
 42
-0.146224
  0
VERTEX
  8
0
 10
466.000000
 20
47.893011
 42
0.095408
  0
VERTEX
  8
0
 10
466.065638
 20
47.552155
 42
0.097018
  0
VERTEX
  8
0
 10
466.253015
 20
47.262322
 42
0.098752
  0
VERTEX
  8
0
 10
466.532658
 20
47.068290
 42
0.102791
  0
VERTEX
  8
0
 10
466.861328
 20
47.000000
 42
0.303479
  0
VERTEX
  8
0
 10
467.154305
 20
47.195864
 42
0.067895
  0
VERTEX
  8
0
 10
467.314892
 20
47.807812
 42
0.048895
  0
VERTEX
  8
0
 10
467.335621
 20
48.695862
 42
0.028733
  0
VERTEX
  8
0
 10
467.195851
 20
49.750000
 42
0.020867
  0
VERTEX
  8
0
 10
466.965300
 20
50.730238
 42
0.071530
  0
VERTEX
  8
0
 10
466.701832
 20
51.327347
 42
0.302968
  0
VERTEX
  8
0
 10
466.462066
 20
51.435595
 42
0.277810
  0
VERTEX
  8
0
 10
466.253853
 20
51.257990
 42
-0.110303
  0
VERTEX
  8
0
 10
465.946215
 20
50.747473
 42
-0.181193
  0
VERTEX
  8
0
 10
465.497545
 20
50.530599
 42
-0.114192
  0
VERTEX
  8
0
 10
464.851577
 20
50.618760
 42
-0.032100
  0
VERTEX
  8
0
 10
463.919330
 20
51.043173
 42
0.033544
  0
VERTEX
  8
0
 10
462.855843
 20
51.523636
 42
0.261535
  0
VERTEX
  8
0
 10
462.337975
 20
51.443067
 42
0.207386
  0
VERTEX
  8
0
 10
462.060659
 20
50.930422
 42
0.021727
  0
SEQEND
  0
POLYLINE
  8
0
 66
1
 70
1
  0
VERTEX
  8
0
 10
469.000000
 20
49.500000
 42
0.028402
  0
VERTEX
  8
0
 10
469.054455
 20
48.542129
 42
0.044499
  0
VERTEX
  8
0
 10
469.220312
 20
47.734375
 42
0.055558
  0
VERTEX
  8
0
 10
469.461092
 20
47.168760
 42
0.270668
  0
VERTEX
  8
0
 10
469.750000
 20
47.000000
 42
0.270668
  0
VERTEX
  8
0
 10
470.038908
 20
47.168760
 42
0.055558
  0
VERTEX
  8
0
 10
470.279688
 20
47.734375
 42
0.044499
  0
VERTEX
  8
0
 10
470.445545
 20
48.542129
 42
0.028402
  0
VERTEX
  8
0
 10
470.500000
 20
49.500000
 42
0.028402
  0
VERTEX
  8
0
 10
470.445545
 20
50.457871
 42
0.044499
  0
VERTEX
  8
0
 10
470.279688
 20
51.265625
 42
0.055558
  0
VERTEX
  8
0
 10
470.038908
 20
51.831240
 42
0.270668
  0
VERTEX
  8
0
 10
469.750000
 20
52.000000
 42
0.270668
  0
VERTEX
  8
0
 10
469.461092
 20
51.831240
 42
0.055558
  0
VERTEX
  8
0
 10
469.220312
 20
51.265625
 42
0.044499
  0
VERTEX
  8
0
 10
469.054455
 20
50.457871
 42
0.028402
  0
SEQEND
  0
POLYLINE
  8
0
 66
1
 70
1
  0
VERTEX
  8
0
 10
474.000000
 20
50.383332
 42
0.000000
  0
VERTEX
  8
0
 10
470.500000
 20
49.005284
 42
0.000000
  0
VERTEX
  8
0
 10
473.500000
 20
49.249025
 42
0.027837
  0
VERTEX
  8
0
 10
474.699438
 20
49.414052
 42
0.031529
  0
VERTEX
  8
0
 10
475.823090
 20
49.707472
 42
0.033200
  0
VERTEX
  8
0
 10
476.730974
 20
50.075199
 42
0.125581
  0
VERTEX
  8
0
 10
477.195627
 20
50.467423
 42
-0.082094
  0
VERTEX
  8
0
 10
477.514029
 20
50.786913
 42
-0.107001
  0
VERTEX
  8
0
 10
477.891620
 20
50.951067
 42
-0.120849
  0
VERTEX
  8
0
 10
478.268366
 20
50.934619
 42
-0.125969
  0
VERTEX
  8
0
 10
478.588128
 20
50.745206
 42
-0.195621
  0
VERTEX
  8
0
 10
478.752746
 20
50.354796
 42
-0.074346
  0
VERTEX
  8
0
 10
478.671248
 20
49.758122
 42
-0.059021
  0
VERTEX
  8
0
 10
478.374234
 20
49.059660
 42
-0.042704
  0
VERTEX
  8
0
 10
477.892501
 20
48.363511
 42
0.003801
  0
VERTEX
  8
0
 10
477.022886
 20
47.294904
 42
0.505954
  0
VERTEX
  8
0
 10
477.060266
 20
47.155128
 42
0.234309
  0
VERTEX
  8
0
 10
477.282218
 20
47.174627
 42
0.002254
  0
VERTEX
  8
0
 10
478.699159
 20
48.048141
 42
0.032780
  0
VERTEX
  8
0
 10
479.711512
 20
48.774684
 42
0.121067
  0
VERTEX
  8
0
 10
480.179133
 20
49.400387
 42
0.180957
  0
VERTEX
  8
0
 10
480.205736
 20
50.021516
 42
0.094654
  0
VERTEX
  8
0
 10
479.826715
 20
50.708796
 42
0.056623
  0
VERTEX
  8
0
 10
478.948637
 20
51.551674
 42
0.178774
  0
VERTEX
  8
0
 10
478.181308
 20
51.787366
 42
0.074962
  0
VERTEX
  8
0
 10
477.064442
 20
51.554630
 42
0.005000
  0
SEQEND
  0
POLYLINE
  8
0
 66
1
 70
1
  0
VERTEX
  8
0
 10
483.455281
 20
50.651478
 42
0.018745
  0
VERTEX
  8
0
 10
482.993701
 20
50.102736
 42
0.010227
  0
VERTEX
  8
0
 10
482.467177
 20
49.397622
 42
0.010179
  0
VERTEX
  8
0
 10
481.960635
 20
48.658147
 42
0.015922
  0
VERTEX
  8
0
 10
481.558576
 20
48.000000
 42
0.005163
  0
VERTEX
  8
0
 10
481.095119
 20
47.164055
 42
0.422435
  0
VERTEX
  8
0
 10
481.135198
 20
47.036078
 42
0.309098
  0
VERTEX
  8
0
 10
481.293990
 20
47.057106
 42
0.004238
  0
VERTEX
  8
0
 10
482.053296
 20
47.750000
 42
-0.028698
  0
VERTEX
  8
0
 10
482.631992
 20
48.228392
 42
-0.029467
  0
VERTEX
  8
0
 10
483.256742
 20
48.632812
 42
-0.030833
  0
VERTEX
  8
0
 10
483.837745
 20
48.916294
 42
-0.098388
  0
VERTEX
  8
0
 10
484.259017
 20
49.000000
 42
-0.194386
  0
VERTEX
  8
0
 10
484.520529
 20
48.894339
 42
-0.181094
  0
VERTEX
  8
0
 10
484.645099
 20
48.632812
 42
-0.107269
  0
VERTEX
  8
0
 10
484.593376
 20
48.229350
 42
-0.049984
  0
VERTEX
  8
0
 10
484.367059
 20
47.750000
 42
0.037782
  0
VERTEX
  8
0
 10
484.122620
 20
47.263336
 42
0.575929
  0
VERTEX
  8
0
 10
484.215074
 20
47.143005
 42
0.129017
  0
VERTEX
  8
0
 10
484.543328
 20
47.276408
 42
0.009720
  0
VERTEX
  8
0
 10
485.308042
 20
47.872445
 42
0.051672
  0
VERTEX
  8
0
 10
485.954288
 20
48.517867
 42
0.043314
  0
VERTEX
  8
0
 10
486.498489
 20
49.319828
 42
0.045226
  0
VERTEX
  8
0
 10
486.868209
 20
50.149412
 42
0.084768
  0
VERTEX
  8
0
 10
486.984687
 20
50.872445
 42
0.015454
  0
VERTEX
  8
0
 10
486.950844
 20
51.711470
 42
0.311356
  0
VERTEX
  8
0
 10
486.799389
 20
51.900726
 42
0.318890
  0
VERTEX
  8
0
 10
486.572439
 20
51.824209
 42
0.015874
  0
VERTEX
  8
0
 10
486.105738
 20
51.136847
 42
-0.049476
  0
VERTEX
  8
0
 10
485.740435
 20
50.669644
 42
-0.134096
  0
VERTEX
  8
0
 10
485.383170
 20
50.454653
 42
-0.227915
  0
VERTEX
  8
0
 10
485.085141
 20
50.506750
 42
-0.150872
  0
VERTEX
  8
0
 10
484.871051
 20
50.788326
 42
0.120156
  0
VERTEX
  8
0
 10
484.641363
 20
51.131551
 42
0.212681
  0
VERTEX
  8
0
 10
484.324182
 20
51.237632
 42
0.139175
  0
VERTEX
  8
0
 10
483.924204
 20
51.081145
 42
0.046149
  0
SEQEND
  0
POLYLINE
  8
0
 66
1
 70
1
  0
VERTEX
  8
0
 10
489.007802
 20
50.250000
 42
0.197566
  0
VERTEX
  8
0
 10
489.160467
 20
49.889426
 42
0.032213
  0
VERTEX
  8
0
 10
489.745395
 20
49.380762
 42
0.031299
  0
VERTEX
  8
0
 10
490.552821
 20
48.841559
 42
0.022987
  0
VERTEX
  8
0
 10
491.507802
 20
48.344085
 42
0.016560
  0
VERTEX
  8
0
 10
492.977016
 20
47.720892
 42
0.190187
  0
VERTEX
  8
0
 10
493.593002
 20
47.725718
 42
0.271983
  0
VERTEX
  8
0
 10
493.913878
 20
48.142630
 42
0.032997
  0
VERTEX
  8
0
 10
493.984687
 20
49.344085
 42
0.015244
  0
VERTEX
  8
0
 10
493.945991
 20
50.373064
 42
0.192993
  0
VERTEX
  8
0
 10
493.780811
 20
50.715559
 42
0.420176
  0
VERTEX
  8
0
 10
493.527330
 20
50.701494
 42
0.038777
  0
VERTEX
  8
0
 10
493.109687
 20
50.143237
 42
-0.045108
  0
VERTEX
  8
0
 10
492.678736
 20
49.582121
 42
-0.167837
  0
VERTEX
  8
0
 10
492.291912
 20
49.374236
 42
-0.218762
  0
VERTEX
  8
0
 10
491.926300
 20
49.475495
 42
-0.079241
  0
VERTEX
  8
0
 10
491.565983
 20
49.893237
 42
0.102062
  0
VERTEX
  8
0
 10
490.877965
 20
50.621494
 42
0.118504
  0
VERTEX
  8
0
 10
489.992701
 20
50.969419
 42
0.185587
  0
VERTEX
  8
0
 10
489.300296
 20
50.808441
 42
0.251555
  0
SEQEND
  0
POLYLINE
  8
0
 66
1
 70
1
  0
VERTEX
  8
0
 10
401.638374
 20
48.500000
 42
0.054778
  0
VERTEX
  8
0
 10
401.934012
 20
47.926337
 42
0.057450
  0
VERTEX
  8
0
 10
402.343184
 20
47.440625
 42
0.064053
  0
VERTEX
  8
0
 10
402.798443
 20
47.110070
 42
0.125677
  0
VERTEX
  8
0
 10
403.229434
 20
47.000000
 42
0.214681
  0
VERTEX
  8
0
 10
403.515803
 20
47.128897
 42
0.222750
  0
VERTEX
  8
0
 10
403.603286
 20
47.425778
 42
0.100348
  0
VERTEX
  8
0
 10
403.427950
 20
47.903434
 42
0.035237
  0
VERTEX
  8
0
 10
403.000000
 20
48.500000
 42
0.012711
  0
VERTEX
  8
0
 10
402.497920
 20
49.074599
 42
0.017822
  0
VERTEX
  8
0
 10
402.019109
 20
49.559375
 42
0.014236
  0
VERTEX
  8
0
 10
401.604143
 20
49.928855
 42
0.176553
  0
VERTEX
  8
0
 10
401.408940
 20
50.000000
 42
0.407084
  0
VERTEX
  8
0
 10
401.311504
 20
49.904913
 42
0.044074
  0
VERTEX
  8
0
 10
401.333541
 20
49.559375
 42
0.034664
  0
VERTEX
  8
0
 10
401.442315
 20
49.075405
 42
0.019009
  0
SEQEND
  0
POLYLINE
  8
0
 66
1
 70
1
  0
VERTEX
  8
0
 10
392.337137
 20
44.750000
 42
0.046527
  0
VERTEX
  8
0
 10
391.566254
 20
43.214999
 42
0.130331
  0
VERTEX
  8
0
 10
391.431396
 20
42.028993
 42
0.216122
  0
VERTEX
  8
0
 10
391.907269
 20
41.289297
 42
0.144346
  0
VERTEX
  8
0
 10
392.888484
 20
41.000000
 42
0.060083
  0
VERTEX
  8
0
 10
393.642096
 20
41.090887
 42
0.037009
  0
VERTEX
  8
0
 10
394.492837
 20
41.367188
 42
0.036697
  0
VERTEX
  8
0
 10
395.305782
 20
41.771354
 42
0.053410
  0
VERTEX
  8
0
 10
395.946704
 20
42.250000
 42
-0.004358
  0
VERTEX
  8
0
 10
396.686678
 20
42.924927
 42
-0.184745
  0
VERTEX
  8
0
 10
396.882924
 20
43.000000
 42
-0.561535
  0
VERTEX
  8
0
 10
396.941025
 20
42.904697
 42
-0.009535
  0
VERTEX
  8
0
 10
396.587687
 20
42.250000
 42
0.065956
  0
VERTEX
  8
0
 10
396.395318
 20
41.771491
 42
0.132257
  0
VERTEX
  8
0
 10
396.400358
 20
41.367188
 42
0.182297
  0
VERTEX
  8
0
 10
396.596402
 20
41.101717
 42
0.144512
  0
VERTEX
  8
0
 10
396.940983
 20
41.000000
 42
0.172226
  0
VERTEX
  8
0
 10
397.613498
 20
41.238730
 42
0.191011
  0
VERTEX
  8
0
 10
397.949320
 20
41.837538
 42
0.096903
  0
VERTEX
  8
0
 10
397.887419
 20
42.875473
 42
0.028417
  0
VERTEX
  8
0
 10
397.398568
 20
44.403733
 42
0.072097
  0
VERTEX
  8
0
 10
396.996072
 20
45.122705
 42
0.301821
  0
VERTEX
  8
0
 10
396.550234
 20
45.275538
 42
0.135487
  0
VERTEX
  8
0
 10
395.948559
 20
44.926762
 42
0.014619
  0
VERTEX
  8
0
 10
394.845711
 20
43.735520
 42
0.000000
  0
VERTEX
  8
0
 10
392.894288
 20
41.500000
 42
0.000000
  0
VERTEX
  8
0
 10
393.514531
 20
43.750000
 42
0.025465
  0
VERTEX
  8
0
 10
393.861684
 20
45.316661
 42
0.264372
  0
VERTEX
  8
0
 10
393.643801
 20
45.913977
 42
0.415313
  0
VERTEX
  8
0
 10
393.155027
 20
45.873233
 42
0.035504
  0
SEQEND
  0
POLYLINE
  8
0
 66
1
 70
1
  0
VERTEX
  8
0
 10
399.136182
 20
43.750000
 42
0.037095
  0
VERTEX
  8
0
 10
399.162179
 20
42.696719
 42
0.057309
  0
VERTEX
  8
0
 10
399.354736
 20
41.807812
 42
0.077039
  0
VERTEX
  8
0
 10
399.671304
 20
41.202100
 42
0.238216
  0
VERTEX
  8
0
 10
400.071429
 20
41.000000
 42
0.151447
  0
VERTEX
  8
0
 10
401.314334
 20
41.385306
 42
0.057467
  0
VERTEX
  8
0
 10
402.699701
 20
42.590664
 42
0.062013
  0
VERTEX
  8
0
 10
403.662192
 20
43.950062
 42
0.330730
  0
VERTEX
  8
0
 10
403.537287
 20
44.796047
 42
0.231876
  0
VERTEX
  8
0
 10
403.167135
 20
44.922708
 42
0.095219
  0
VERTEX
  8
0
 10
402.649298
 20
44.753475
 42
0.066954
  0
VERTEX
  8
0
 10
402.062055
 20
44.316757
 42
0.041593
  0
VERTEX
  8
0
 10
401.498460
 20
43.667006
 42
-0.012089
  0
VERTEX
  8
0
 10
400.642125
 20
42.553433
 42
-0.299892
  0
VERTEX
  8
0
 10
400.290243
 20
42.441352
 42
-0.273019
  0
VERTEX
  8
0
 10
400.024186
 20
42.719386
 42
-0.010535
  0
VERTEX
  8
0
 10
399.716403
 20
44.168579
 42
0.002368
  0
VERTEX
  8
0
 10
399.430309
 20
45.632946
 42
0.545677
  0
VERTEX
  8
0
 10
399.322326
 20
45.675337
 42
0.226341
  0
VERTEX
  8
0
 10
399.228289
 20
45.503473
 42
0.001500
  0
SEQEND
  0
POLYLINE
  8
0
 66
1
 70
1
  0
VERTEX
  8
0
 10
94.500000
 20
44.000000
 42
0.175918
  0
VERTEX
  8
0
 10
94.366526
 20
43.359022
 42
0.372932
  0
VERTEX
  8
0
 10
94.722292
 20
43.050802
 42
0.110887
  0
VERTEX
  8
0
 10
95.680839
 20
43.266028
 42
0.033010
  0
VERTEX
  8
0
 10
97.000000
 20
44.000000
 42
0.010223
  0
VERTEX
  8
0
 10
97.842749
 20
44.569384
 42
0.295079
  0
VERTEX
  8
0
 10
97.935744
 20
44.800669
 42
0.343021
  0
VERTEX
  8
0
 10
97.761472
 20
44.953006
 42
0.012098
  0
VERTEX
  8
0
 10
96.809017
 20
44.984687
 42
0.053738
  0
VERTEX
  8
0
 10
96.116349
 20
44.916365
 42
0.049393
  0
VERTEX
  8
0
 10
95.433213
 20
44.701752
 42
0.052761
  0
VERTEX
  8
0
 10
94.859627
 20
44.382022
 42
0.101161
  0
SEQEND
  0
POLYLINE
  8
0
 66
1
 70
1
  0
VERTEX
  8
0
 10
463.078947
 20
40.416667
 42
0.018894
  0
VERTEX
  8
0
 10
463.137993
 20
39.670344
 42
0.168741
  0
VERTEX
  8
0
 10
463.279315
 20
39.378580
 42
0.470617
  0
VERTEX
  8
0
 10
463.461564
 20
39.395823
 42
0.054073
  0
VERTEX
  8
0
 10
463.683114
 20
39.812500
 42
0.051402
  0
VERTEX
  8
0
 10
463.839148
 20
40.359369
 42
0.054150
  0
VERTEX
  8
0
 10
463.876576
 20
40.916927
 42
0.060344
  0
VERTEX
  8
0
 10
463.797407
 20
41.402231
 42
0.126455
  0
VERTEX
  8
0
 10
463.604167
 20
41.729167
 42
0.296942
  0
VERTEX
  8
0
 10
463.385309
 20
41.775380
 42
0.208169
  0
VERTEX
  8
0
 10
463.200665
 20
41.592839
 42
0.077125
  0
VERTEX
  8
0
 10
463.089945
 20
41.112848
 42
0.028489
  0
SEQEND
  0
POLYLINE
  8
0
 66
1
 70
1
  0
VERTEX
  8
0
 10
385.979944
 20
39.475834
 42
0.028898
  0
VERTEX
  8
0
 10
385.526725
 20
38.860644
 42
0.043426
  0
VERTEX
  8
0
 10
385.212993
 20
38.272975
 42
0.052391
  0
VERTEX
  8
0
 10
385.063856
 20
37.788937
 42
0.249914
  0
VERTEX
  8
0
 10
385.145354
 20
37.521312
 42
0.338299
  0
VERTEX
  8
0
 10
385.393826
 20
37.488076
 42
0.056568
  0
VERTEX
  8
0
 10
385.807850
 20
37.791514
 42
0.042404
  0
VERTEX
  8
0
 10
386.297361
 20
38.327019
 42
0.024393
  0
VERTEX
  8
0
 10
386.796329
 20
39.045478
 42
0.011635
  0
VERTEX
  8
0
 10
387.706831
 20
40.581870
 42
0.422020
  0
VERTEX
  8
0
 10
387.601571
 20
40.938529
 42
0.342513
  0
VERTEX
  8
0
 10
387.184362
 20
40.864828
 42
0.010812
  0
SEQEND
  0
POLYLINE
  8
0
 66
1
 70
1
  0
VERTEX
  8
0
 10
392.269735
 20
37.069278
 42
0.039075
  0
VERTEX
  8
0
 10
392.379055
 20
36.361741
 42
0.079088
  0
VERTEX
  8
0
 10
392.592392
 20
35.841638
 42
0.140997
  0
VERTEX
  8
0
 10
392.868239
 20
35.587963
 42
0.259868
  0
VERTEX
  8
0
 10
393.163912
 20
35.601303
 42
0.156206
  0
VERTEX
  8
0
 10
393.408436
 20
35.887340
 42
0.075558
  0
VERTEX
  8
0
 10
393.527236
 20
36.359336
 42
0.063531
  0
VERTEX
  8
0
 10
393.509264
 20
36.936181
 42
0.052140
  0
VERTEX
  8
0
 10
393.349337
 20
37.532025
 42
0.019920
  0
VERTEX
  8
0
 10
392.807591
 20
38.791397
 42
0.402215
  0
VERTEX
  8
0
 10
392.451701
 20
38.925310
 42
0.302580
  0
VERTEX
  8
0
 10
392.207033
 20
38.550408
 42
0.016440
  0
SEQEND
  0
POLYLINE
  8
0
 66
1
 70
1
  0
VERTEX
  8
0
 10
397.257071
 20
37.237392
 42
0.033139
  0
VERTEX
  8
0
 10
397.379085
 20
36.380495
 42
0.049041
  0
VERTEX
  8
0
 10
397.607339
 20
35.657234
 42
0.061397
  0
VERTEX
  8
0
 10
397.898527
 20
35.156063
 42
0.234621
  0
VERTEX
  8
0
 10
398.212804
 20
35.000000
 42
0.213521
  0
VERTEX
  8
0
 10
398.748517
 20
35.239701
 42
0.200319
  0
VERTEX
  8
0
 10
398.945697
 20
35.808051
 42
0.094015
  0
VERTEX
  8
0
 10
398.707208
 20
36.746187
 42
0.031857
  0
VERTEX
  8
0
 10
398.028954
 20
37.987392
 42
0.020914
  0
VERTEX
  8
0
 10
397.540339
 20
38.693048
 42
0.450889
  0
VERTEX
  8
0
 10
397.316182
 20
38.710154
 42
0.212144
  0
VERTEX
  8
0
 10
397.192083
 20
38.400965
 42
0.009696
  0
SEQEND
  0
POLYLINE
  8
0
 66
1
 70
1
  0
VERTEX
  8
0
 10
412.257071
 20
37.237392
 42
0.033139
  0
VERTEX
  8
0
 10
412.379085
 20
36.380495
 42
0.049041
  0
VERTEX
  8
0
 10
412.607339
 20
35.657234
 42
0.061397
  0
VERTEX
  8
0
 10
412.898527
 20
35.156063
 42
0.234621
  0
VERTEX
  8
0
 10
413.212804
 20
35.000000
 42
0.213521
  0
VERTEX
  8
0
 10
413.748517
 20
35.239701
 42
0.200319
  0
VERTEX
  8
0
 10
413.945697
 20
35.808051
 42
0.094015
  0
VERTEX
  8
0
 10
413.707208
 20
36.746187
 42
0.031857
  0
VERTEX
  8
0
 10
413.028954
 20
37.987392
 42
0.020914
  0
VERTEX
  8
0
 10
412.540339
 20
38.693048
 42
0.450889
  0
VERTEX
  8
0
 10
412.316182
 20
38.710154
 42
0.212144
  0
VERTEX
  8
0
 10
412.192083
 20
38.400965
 42
0.009696
  0
SEQEND
  0
POLYLINE
  8
0
 66
1
 70
1
  0
VERTEX
  8
0
 10
419.461054
 20
28.956966
 42
0.004780
  0
VERTEX
  8
0
 10
418.377694
 20
27.736618
 42
0.152578
  0
VERTEX
  8
0
 10
418.219097
 20
27.375307
 42
0.539114
  0
VERTEX
  8
0
 10
418.376903
 20
27.244345
 42
0.017557
  0
VERTEX
  8
0
 10
419.306067
 20
27.563954
 42
0.039362
  0
VERTEX
  8
0
 10
419.954299
 20
27.873171
 42
0.047753
  0
VERTEX
  8
0
 10
420.502407
 20
28.263816
 42
0.054854
  0
VERTEX
  8
0
 10
420.881149
 20
28.673186
 42
0.160599
  0
VERTEX
  8
0
 10
421.000000
 20
29.033665
 42
-0.174536
  0
VERTEX
  8
0
 10
421.124976
 20
29.380781
 42
-0.062386
  0
VERTEX
  8
0
 10
421.514063
 20
29.746907
 42
-0.052514
  0
VERTEX
  8
0
 10
422.080285
 20
30.075224
 42
-0.041253
  0
VERTEX
  8
0
 10
422.750000
 20
30.310674
 42
0.004628
  0
VERTEX
  8
0
 10
423.720722
 20
30.573972
 42
0.264056
  0
VERTEX
  8
0
 10
423.846817
 20
30.701347
 42
0.463157
  0
VERTEX
  8
0
 10
423.772618
 20
30.809001
 42
0.006813
  0
VERTEX
  8
0
 10
422.904988
 20
30.883999
 42
0.103186
  0
VERTEX
  8
0
 10
422.162199
 20
30.784588
 42
0.042890
  0
VERTEX
  8
0
 10
421.235390
 20
30.365783
 42
0.040053
  0
VERTEX
  8
0
 10
420.286386
 20
29.730092
 42
0.041265
  0
SEQEND
  0
POLYLINE
  8
0
 66
1
 70
1
  0
VERTEX
  8
0
 10
375.733333
 20
26.875912
 42
0.043285
  0
VERTEX
  8
0
 10
376.246577
 20
26.441312
 42
0.063152
  0
VERTEX
  8
0
 10
376.768815
 20
26.162781
 42
0.082976
  0
VERTEX
  8
0
 10
377.220211
 20
26.072099
 42
0.207420
  0
VERTEX
  8
0
 10
377.526461
 20
26.193128
 42
0.278911
  0
VERTEX
  8
0
 10
377.592490
 20
26.461316
 42
0.120343
  0
VERTEX
  8
0
 10
377.395085
 20
26.789051
 42
0.070189
  0
VERTEX
  8
0
 10
376.940734
 20
27.133723
 42
0.036269
  0
VERTEX
  8
0
 10
376.293128
 20
27.435707
 42
0.008399
  0
VERTEX
  8
0
 10
375.336218
 20
27.781790
 42
0.286372
  0
VERTEX
  8
0
 10
375.111181
 20
27.729672
 42
0.400052
  0
VERTEX
  8
0
 10
375.106486
 20
27.536448
 42
0.011214
  0
SEQEND
  0
POLYLINE
  8
0
 66
1
 70
1
  0
VERTEX
  8
0
 10
425.500000
 20
26.000000
 42
0.088621
  0
VERTEX
  8
0
 10
425.348919
 20
25.618194
 42
0.167455
  0
VERTEX
  8
0
 10
425.391936
 20
25.293750
 42
0.177706
  0
VERTEX
  8
0
 10
425.621649
 20
25.077418
 42
0.101261
  0
VERTEX
  8
0
 10
426.000000
 20
25.000000
 42
-0.123177
  0
VERTEX
  8
0
 10
426.368206
 20
24.907894
 42
-0.188059
  0
VERTEX
  8
0
 10
426.580013
 20
24.660863
 42
-0.150165
  0
VERTEX
  8
0
 10
426.594561
 20
24.287124
 42
-0.073727
  0
VERTEX
  8
0
 10
426.404508
 20
23.845492
 42
0.029304
  0
VERTEX
  8
0
 10
426.161683
 20
23.395653
 42
0.293058
  0
VERTEX
  8
0
 10
426.188892
 20
23.193445
 42
0.333325
  0
VERTEX
  8
0
 10
426.374434
 20
23.151292
 42
0.033384
  0
VERTEX
  8
0
 10
426.801818
 20
23.377517
 42
0.110815
  0
VERTEX
  8
0
 10
427.183448
 20
23.750771
 42
0.081908
  0
VERTEX
  8
0
 10
427.420871
 20
24.293598
 42
0.076658
  0
VERTEX
  8
0
 10
427.481042
 20
24.919484
 42
0.077463
  0
VERTEX
  8
0
 10
427.349337
 20
25.532025
 42
0.023789
  0
VERTEX
  8
0
 10
426.876187
 20
26.608915
 42
0.218743
  0
VERTEX
  8
0
 10
426.488774
 20
26.921272
 42
0.286374
  0
VERTEX
  8
0
 10
426.072420
 20
26.787916
 42
0.037375
  0
SEQEND
  0
POLYLINE
  8
0
 66
1
 70
1
  0
VERTEX
  8
0
 10
376.000000
 20
20.940983
 42
0.108972
  0
VERTEX
  8
0
 10
376.078288
 20
20.586039
 42
0.182303
  0
VERTEX
  8
0
 10
376.293750
 20
20.374600
 42
0.161196
  0
VERTEX
  8
0
 10
376.617900
 20
20.343488
 42
0.082592
  0
VERTEX
  8
0
 10
377.000000
 20
20.500000
 42
0.029505
  0
VERTEX
  8
0
 10
377.382774
 20
20.768994
 42
0.035638
  0
VERTEX
  8
0
 10
377.706250
 20
21.066025
 42
0.038439
  0
VERTEX
  8
0
 10
377.934461
 20
21.348290
 42
0.151918
  0
VERTEX
  8
0
 10
378.000000
 20
21.559017
 42
0.210953
  0
VERTEX
  8
0
 10
377.925540
 20
21.727648
 42
0.081139
  0
VERTEX
  8
0
 10
377.706250
 20
21.870461
 42
0.061769
  0
VERTEX
  8
0
 10
377.382849
 20
21.967655
 42
0.042167
  0
VERTEX
  8
0
 10
377.000000
 20
22.000000
 42
0.105053
  0
VERTEX
  8
0
 10
376.618444
 20
21.918938
 42
0.099167
  0
VERTEX
  8
0
 10
376.293750
 20
21.688914
 42
0.096420
  0
VERTEX
  8
0
 10
376.076123
 20
21.345238
 42
0.093332
  0
SEQEND
  0
POLYLINE
  8
0
 66
1
 70
1
  0
VERTEX
  8
0
 10
481.750000
 20
7.294267
 42
0.029693
  0
VERTEX
  8
0
 10
482.774707
 20
7.159351
 42
0.017887
  0
VERTEX
  8
0
 10
484.000000
 20
7.115502
 42
0.017887
  0
VERTEX
  8
0
 10
485.225293
 20
7.159351
 42
0.029693
  0
VERTEX
  8
0
 10
486.250000
 20
7.294267
 42
0.142433
  0
VERTEX
  8
0
 10
486.560023
 20
7.453014
 42
0.611425
  0
VERTEX
  8
0
 10
486.517188
 20
7.600334
 42
0.039503
  0
VERTEX
  8
0
 10
485.611490
 20
7.701569
 42
0.008087
  0
VERTEX
  8
0
 10
484.000000
 20
7.727636
 42
0.008087
  0
VERTEX
  8
0
 10
482.388510
 20
7.701569
 42
0.039503
  0
VERTEX
  8
0
 10
481.482812
 20
7.600334
 42
0.611425
  0
VERTEX
  8
0
 10
481.439977
 20
7.453014
 42
0.142433
  0
SEQEND
  0
ENDSEC
  0
EOF
