  0
SECTION
  2
HEADER
  9
$ACADVER
  1
AC1006
  9
$EXTMIN
 10
0.000000
 20
0.000000
 30
0.000000
  9
$EXTMAX
 10
648.000000
 20
366.000000
 30
0.000000
  0
ENDSEC
  0
SECTION
  2
ENTITIES
  0
POLYLINE
  8
0
 66
1
 70
1
  0
VERTEX
  8
0
 10
314.078947
 20
348.416667
 42
0.018894
  0
VERTEX
  8
0
 10
314.137993
 20
347.670344
 42
0.168741
  0
VERTEX
  8
0
 10
314.279315
 20
347.378580
 42
0.470617
  0
VERTEX
  8
0
 10
314.461564
 20
347.395823
 42
0.054073
  0
VERTEX
  8
0
 10
314.683114
 20
347.812500
 42
0.051402
  0
VERTEX
  8
0
 10
314.839148
 20
348.359369
 42
0.054150
  0
VERTEX
  8
0
 10
314.876576
 20
348.916927
 42
0.060344
  0
VERTEX
  8
0
 10
314.797407
 20
349.402231
 42
0.126455
  0
VERTEX
  8
0
 10
314.604167
 20
349.729167
 42
0.296942
  0
VERTEX
  8
0
 10
314.385309
 20
349.775380
 42
0.208169
  0
VERTEX
  8
0
 10
314.200665
 20
349.592839
 42
0.077125
  0
VERTEX
  8
0
 10
314.089945
 20
349.112848
 42
0.028489
  0
SEQEND
  0
POLYLINE
  8
0
 66
1
 70
1
  0
VERTEX
  8
0
 10
318.558870
 20
348.468197
 42
0.024710
  0
VERTEX
  8
0
 10
317.883260
 20
347.902629
 42
0.072188
  0
VERTEX
  8
0
 10
317.501874
 20
347.431283
 42
0.229769
  0
VERTEX
  8
0
 10
317.477506
 20
347.143477
 42
0.310313
  0
VERTEX
  8
0
 10
317.686426
 20
347.000000
 42
0.103938
  0
VERTEX
  8
0
 10
318.183912
 20
347.104545
 42
0.040259
  0
VERTEX
  8
0
 10
318.806871
 20
347.440625
 42
0.037668
  0
VERTEX
  8
0
 10
319.444721
 20
347.926037
 42
0.038084
  0
VERTEX
  8
0
 10
320.000000
 20
348.500000
 42
0.014927
  0
VERTEX
  8
0
 10
320.919396
 20
349.677627
 42
0.622044
  0
VERTEX
  8
0
 10
320.804062
 20
349.899208
 42
0.151180
  0
VERTEX
  8
0
 10
320.250767
 20
349.714529
 42
0.006330
  0
SEQEND
  0
POLYLINE
  8
0
 66
1
 70
1
  0
VERTEX
  8
0
 10
329.000000
 20
348.500000
 42
0.062722
  0
VERTEX
  8
0
 10
329.072230
 20
347.926468
 42
0.080880
  0
VERTEX
  8
0
 10
329.284531
 20
347.440625
 42
0.098158
  0
VERTEX
  8
0
 10
329.599211
 20
347.115494
 42
0.152681
  0
VERTEX
  8
0
 10
329.968615
 20
347.000000
 42
0.184534
  0
VERTEX
  8
0
 10
330.289193
 20
347.122486
 42
0.147206
  0
VERTEX
  8
0
 10
330.483616
 20
347.440625
 42
0.100118
  0
VERTEX
  8
0
 10
330.511135
 20
347.925634
 42
0.055937
  0
VERTEX
  8
0
 10
330.361626
 20
348.500000
 42
0.021360
  0
VERTEX
  8
0
 10
330.112506
 20
349.074558
 42
0.030395
  0
VERTEX
  8
0
 10
329.839659
 20
349.559375
 42
0.030693
  0
VERTEX
  8
0
 10
329.579329
 20
349.912889
 42
0.222225
  0
VERTEX
  8
0
 10
329.393011
 20
350.000000
 42
0.289661
  0
VERTEX
  8
0
 10
329.241071
 20
349.903916
 42
0.046727
  0
VERTEX
  8
0
 10
329.115447
 20
349.559375
 42
0.039339
  0
VERTEX
  8
0
 10
329.028469
 20
349.074824
 42
0.024748
  0
SEQEND
  0
POLYLINE
  8
0
 66
1
 70
1
  0
VERTEX
  8
0
 10
297.872445
 20
337.250000
 42
0.001576
  0
VERTEX
  8
0
 10
296.992360
 20
336.120493
 42
0.377591
  0
VERTEX
  8
0
 10
297.000000
 20
336.000000
 42
0.377591
  0
VERTEX
  8
0
 10
297.120493
 20
335.992360
 42
0.001576
  0
VERTEX
  8
0
 10
298.250000
 20
336.872445
 42
0.017685
  0
VERTEX
  8
0
 10
299.306759
 20
337.763320
 42
0.065617
  0
VERTEX
  8
0
 10
299.869516
 20
338.426111
 42
0.241985
  0
VERTEX
  8
0
 10
299.906950
 20
338.806605
 42
0.307699
  0
VERTEX
  8
0
 10
299.622445
 20
339.000000
 42
0.184603
  0
VERTEX
  8
0
 10
299.410139
 20
338.918850
 42
0.013803
  0
VERTEX
  8
0
 10
298.952641
 20
338.485937
 42
0.017649
  0
VERTEX
  8
0
 10
298.425681
 20
337.920402
 42
0.012436
  0
SEQEND
  0
POLYLINE
  8
0
 66
1
 70
1
  0
VERTEX
  8
0
 10
307.542705
 20
337.069098
 42
0.090093
  0
VERTEX
  8
0
 10
307.387618
 20
336.673795
 42
0.095385
  0
VERTEX
  8
0
 10
307.385962
 20
336.257398
 42
0.099739
  0
VERTEX
  8
0
 10
307.536973
 20
335.884780
 42
0.108766
  0
VERTEX
  8
0
 10
307.817021
 20
335.613087
 42
0.158515
  0
VERTEX
  8
0
 10
308.139071
 20
335.534562
 42
0.191218
  0
VERTEX
  8
0
 10
308.417083
 20
335.669932
 42
0.126631
  0
VERTEX
  8
0
 10
308.605052
 20
336.024148
 42
0.059057
  0
VERTEX
  8
0
 10
308.666667
 20
336.543989
 42
0.019984
  0
VERTEX
  8
0
 10
308.623697
 20
337.618676
 42
0.269722
  0
VERTEX
  8
0
 10
308.407920
 20
337.929499
 42
0.350126
  0
VERTEX
  8
0
 10
308.086603
 20
337.852054
 42
0.026790
  0
SEQEND
  0
POLYLINE
  8
0
 66
1
 70
1
  0
VERTEX
  8
0
 10
349.333333
 20
334.500000
 42
0.096022
  0
VERTEX
  8
0
 10
349.444307
 20
333.927474
 42
0.097185
  0
VERTEX
  8
0
 10
349.760968
 20
333.440625
 42
0.098622
  0
VERTEX
  8
0
 10
350.233594
 20
333.114675
 42
0.102138
  0
VERTEX
  8
0
 10
350.789111
 20
333.000000
 42
0.044573
  0
VERTEX
  8
0
 10
351.493752
 20
333.062941
 42
0.323900
  0
VERTEX
  8
0
 10
351.715901
 20
333.293810
 42
0.191555
  0
VERTEX
  8
0
 10
351.618125
 20
333.695361
 42
0.018840
  0
VERTEX
  8
0
 10
351.000000
 20
334.500000
 42
0.007770
  0
VERTEX
  8
0
 10
350.507670
 20
335.074808
 42
0.011660
  0
VERTEX
  8
0
 10
350.058848
 20
335.559375
 42
0.006673
  0
VERTEX
  8
0
 10
349.671203
 20
335.948273
 42
0.195865
  0
VERTEX
  8
0
 10
349.544222
 20
336.000000
 42
0.354190
  0
VERTEX
  8
0
 10
349.461059
 20
335.932638
 42
0.017379
  0
VERTEX
  8
0
 10
349.395282
 20
335.559375
 42
0.021718
  0
VERTEX
  8
0
 10
349.348524
 20
335.075071
 42
0.013205
  0
SEQEND
  0
POLYLINE
  8
0
 66
1
 70
1
  0
VERTEX
  8
0
 10
156.310111
 20
326.568518
 42
0.081783
  0
VERTEX
  8
0
 10
155.704589
 20
325.596787
 42
0.195733
  0
VERTEX
  8
0
 10
155.698353
 20
324.762765
 42
0.208827
  0
VERTEX
  8
0
 10
156.269114
 20
324.198179
 42
0.092317
  0
VERTEX
  8
0
 10
157.333333
 20
324.000000
 42
0.077126
  0
VERTEX
  8
0
 10
157.664648
 20
324.051412
 42
0.216964
  0
VERTEX
  8
0
 10
157.834537
 20
324.205047
 42
0.221950
  0
VERTEX
  8
0
 10
157.828088
 20
324.431034
 42
0.080184
  0
VERTEX
  8
0
 10
157.635303
 20
324.698031
 42
-0.278502
  0
VERTEX
  8
0
 10
157.545397
 20
325.062009
 42
-0.094600
  0
VERTEX
  8
0
 10
157.812469
 20
325.563059
 42
-0.061619
  0
VERTEX
  8
0
 10
158.394513
 20
326.126724
 42
-0.034883
  0
VERTEX
  8
0
 10
159.218636
 20
326.662595
 42
0.004266
  0
VERTEX
  8
0
 10
160.655828
 20
327.476593
 42
0.209980
  0
VERTEX
  8
0
 10
160.845506
 20
327.735116
 42
0.468498
  0
VERTEX
  8
0
 10
160.714682
 20
327.904651
 42
0.009655
  0
VERTEX
  8
0
 10
159.500000
 20
327.926527
 42
0.058162
  0
VERTEX
  8
0
 10
158.646948
 20
327.825834
 42
0.042224
  0
VERTEX
  8
0
 10
157.737970
 20
327.526539
 42
0.042854
  0
VERTEX
  8
0
 10
156.911778
 20
327.087832
 42
0.069246
  0
SEQEND
  0
POLYLINE
  8
0
 66
1
 70
1
  0
VERTEX
  8
0
 10
308.078947
 20
326.416667
 42
0.018894
  0
VERTEX
  8
0
 10
308.137993
 20
325.670344
 42
0.168741
  0
VERTEX
  8
0
 10
308.279315
 20
325.378580
 42
0.470617
  0
VERTEX
  8
0
 10
308.461564
 20
325.395823
 42
0.054073
  0
VERTEX
  8
0
 10
308.683114
 20
325.812500
 42
0.051402
  0
VERTEX
  8
0
 10
308.839148
 20
326.359369
 42
0.054150
  0
VERTEX
  8
0
 10
308.876576
 20
326.916927
 42
0.060344
  0
VERTEX
  8
0
 10
308.797407
 20
327.402231
 42
0.126455
  0
VERTEX
  8
0
 10
308.604167
 20
327.729167
 42
0.296942
  0
VERTEX
  8
0
 10
308.385309
 20
327.775380
 42
0.208169
  0
VERTEX
  8
0
 10
308.200665
 20
327.592839
 42
0.077125
  0
VERTEX
  8
0
 10
308.089945
 20
327.112848
 42
0.028489
  0
SEQEND
  0
POLYLINE
  8
0
 66
1
 70
1
  0
VERTEX
  8
0
 10
350.812500
 20
327.316886
 42
0.051402
  0
VERTEX
  8
0
 10
351.359369
 20
327.160852
 42
0.054150
  0
VERTEX
  8
0
 10
351.916927
 20
327.123424
 42
0.060344
  0
VERTEX
  8
0
 10
352.402231
 20
327.202593
 42
0.126455
  0
VERTEX
  8
0
 10
352.729167
 20
327.395833
 42
0.296942
  0
VERTEX
  8
0
 10
352.775380
 20
327.614691
 42
0.208169
  0
VERTEX
  8
0
 10
352.592839
 20
327.799335
 42
0.077125
  0
VERTEX
  8
0
 10
352.112848
 20
327.910055
 42
0.028489
  0
VERTEX
  8
0
 10
351.416667
 20
327.921053
 42
0.018894
  0
VERTEX
  8
0
 10
350.670344
 20
327.862007
 42
0.168741
  0
VERTEX
  8
0
 10
350.378580
 20
327.720685
 42
0.470617
  0
VERTEX
  8
0
 10
350.395823
 20
327.538436
 42
0.054073
  0
SEQEND
  0
POLYLINE
  8
0
 66
1
 70
1
  0
VERTEX
  8
0
 10
297.000000
 20
326.000000
 42
0.027275
  0
VERTEX
  8
0
 10
296.445888
 20
325.597454
 42
0.147021
  0
VERTEX
  8
0
 10
296.239151
 20
325.292684
 42
0.379910
  0
VERTEX
  8
0
 10
296.327599
 20
325.095709
 42
0.102799
  0
VERTEX
  8
0
 10
296.690983
 20
325.015313
 42
0.074131
  0
VERTEX
  8
0
 10
297.192374
 20
325.083483
 42
0.053889
  0
VERTEX
  8
0
 10
297.713662
 20
325.298248
 42
0.054031
  0
VERTEX
  8
0
 10
298.175433
 20
325.618541
 42
0.075854
  0
VERTEX
  8
0
 10
298.500000
 20
326.000000
 42
0.034464
  0
VERTEX
  8
0
 10
298.886554
 20
326.734105
 42
0.541951
  0
VERTEX
  8
0
 10
298.758161
 20
326.931144
 42
0.136158
  0
VERTEX
  8
0
 10
298.281145
 20
326.798791
 42
0.008108
  0
SEQEND
  0
POLYLINE
  8
0
 66
1
 70
1
  0
VERTEX
  8
0
 10
454.000000
 20
326.000000
 42
0.027275
  0
VERTEX
  8
0
 10
453.445888
 20
325.597454
 42
0.147021
  0
VERTEX
  8
0
 10
453.239151
 20
325.292684
 42
0.379910
  0
VERTEX
  8
0
 10
453.327599
 20
325.095709
 42
0.102799
  0
VERTEX
  8
0
 10
453.690983
 20
325.015313
 42
0.074131
  0
VERTEX
  8
0
 10
454.192374
 20
325.083483
 42
0.053889
  0
VERTEX
  8
0
 10
454.713662
 20
325.298248
 42
0.054031
  0
VERTEX
  8
0
 10
455.175433
 20
325.618541
 42
0.075854
  0
VERTEX
  8
0
 10
455.500000
 20
326.000000
 42
0.034464
  0
VERTEX
  8
0
 10
455.886554
 20
326.734105
 42
0.541951
  0
VERTEX
  8
0
 10
455.758161
 20
326.931144
 42
0.136158
  0
VERTEX
  8
0
 10
455.281145
 20
326.798791
 42
0.008108
  0
SEQEND
  0
POLYLINE
  8
0
 66
1
 70
1
  0
VERTEX
  8
0
 10
114.812500
 20
325.316886
 42
0.051402
  0
VERTEX
  8
0
 10
115.359369
 20
325.160852
 42
0.054150
  0
VERTEX
  8
0
 10
115.916927
 20
325.123424
 42
0.060344
  0
VERTEX
  8
0
 10
116.402231
 20
325.202593
 42
0.126455
  0
VERTEX
  8
0
 10
116.729167
 20
325.395833
 42
0.296942
  0
VERTEX
  8
0
 10
116.775380
 20
325.614691
 42
0.208169
  0
VERTEX
  8
0
 10
116.592839
 20
325.799335
 42
0.077125
  0
VERTEX
  8
0
 10
116.112848
 20
325.910055
 42
0.028489
  0
VERTEX
  8
0
 10
115.416667
 20
325.921053
 42
0.018894
  0
VERTEX
  8
0
 10
114.670344
 20
325.862007
 42
0.168741
  0
VERTEX
  8
0
 10
114.378580
 20
325.720685
 42
0.470617
  0
VERTEX
  8
0
 10
114.395823
 20
325.538436
 42
0.054073
  0
SEQEND
  0
POLYLINE
  8
0
 66
1
 70
1
  0
VERTEX
  8
0
 10
349.000000
 20
323.468615
 42
0.101220
  0
VERTEX
  8
0
 10
349.114629
 20
322.908181
 42
0.098432
  0
VERTEX
  8
0
 10
349.440625
 20
322.431406
 42
0.097416
  0
VERTEX
  8
0
 10
349.927495
 20
322.112001
 42
0.096899
  0
VERTEX
  8
0
 10
350.500000
 20
322.000000
 42
0.057609
  0
VERTEX
  8
0
 10
351.073715
 20
322.066322
 42
0.076852
  0
VERTEX
  8
0
 10
351.559375
 20
322.262322
 42
0.095748
  0
VERTEX
  8
0
 10
351.884842
 20
322.552359
 42
0.164455
  0
VERTEX
  8
0
 10
352.000000
 20
322.893011
 42
0.138750
  0
VERTEX
  8
0
 10
351.891374
 20
323.276919
 42
0.061199
  0
VERTEX
  8
0
 10
351.559375
 20
323.692784
 42
0.053891
  0
VERTEX
  8
0
 10
351.073796
 20
324.075237
 42
0.048303
  0
VERTEX
  8
0
 10
350.500000
 20
324.361626
 42
0.075244
  0
VERTEX
  8
0
 10
349.885039
 20
324.496694
 42
0.151899
  0
VERTEX
  8
0
 10
349.407358
 20
324.382077
 42
0.166113
  0
VERTEX
  8
0
 10
349.106211
 20
324.027855
 42
0.094119
  0
SEQEND
  0
POLYLINE
  8
0
 66
1
 70
1
  0
VERTEX
  8
0
 10
167.269032
 20
322.307009
 42
0.037336
  0
VERTEX
  8
0
 10
168.036634
 20
322.167106
 42
0.029507
  0
VERTEX
  8
0
 10
168.880008
 20
322.127736
 42
0.030339
  0
VERTEX
  8
0
 10
169.671085
 20
322.185595
 42
0.062780
  0
VERTEX
  8
0
 10
170.269032
 20
322.344063
 42
0.313180
  0
VERTEX
  8
0
 10
170.386009
 20
322.522870
 42
0.333666
  0
VERTEX
  8
0
 10
170.257153
 20
322.684921
 42
0.052471
  0
VERTEX
  8
0
 10
169.580113
 20
322.787295
 42
0.014395
  0
VERTEX
  8
0
 10
168.500000
 20
322.805051
 42
0.012823
  0
VERTEX
  8
0
 10
167.431793
 20
322.764444
 42
0.080377
  0
VERTEX
  8
0
 10
166.900903
 20
322.643467
 42
0.597527
  0
VERTEX
  8
0
 10
166.883358
 20
322.483340
 42
0.087174
  0
SEQEND
  0
POLYLINE
  8
0
 66
1
 70
1
  0
VERTEX
  8
0
 10
186.000000
 20
321.940983
 42
0.108972
  0
VERTEX
  8
0
 10
186.078288
 20
321.586039
 42
0.182303
  0
VERTEX
  8
0
 10
186.293750
 20
321.374600
 42
0.161196
  0
VERTEX
  8
0
 10
186.617900
 20
321.343488
 42
0.082592
  0
VERTEX
  8
0
 10
187.000000
 20
321.500000
 42
0.029505
  0
VERTEX
  8
0
 10
187.382774
 20
321.768994
 42
0.035638
  0
VERTEX
  8
0
 10
187.706250
 20
322.066025
 42
0.038439
  0
VERTEX
  8
0
 10
187.934461
 20
322.348290
 42
0.151918
  0
VERTEX
  8
0
 10
188.000000
 20
322.559017
 42
0.210953
  0
VERTEX
  8
0
 10
187.925540
 20
322.727648
 42
0.081139
  0
VERTEX
  8
0
 10
187.706250
 20
322.870461
 42
0.061769
  0
VERTEX
  8
0
 10
187.382849
 20
322.967655
 42
0.042167
  0
VERTEX
  8
0
 10
187.000000
 20
323.000000
 42
0.105053
  0
VERTEX
  8
0
 10
186.618444
 20
322.918938
 42
0.099167
  0
VERTEX
  8
0
 10
186.293750
 20
322.688914
 42
0.096420
  0
VERTEX
  8
0
 10
186.076123
 20
322.345238
 42
0.093332
  0
SEQEND
  0
POLYLINE
  8
0
 66
1
 70
1
  0
VERTEX
  8
0
 10
549.613087
 20
313.817021
 42
0.108766
  0
VERTEX
  8
0
 10
549.884780
 20
313.536973
 42
0.099739
  0
VERTEX
  8
0
 10
550.257398
 20
313.385962
 42
0.095385
  0
VERTEX
  8
0
 10
550.673795
 20
313.387618
 42
0.090093
  0
VERTEX
  8
0
 10
551.069098
 20
313.542705
 42
0.026790
  0
VERTEX
  8
0
 10
551.852054
 20
314.086603
 42
0.350126
  0
VERTEX
  8
0
 10
551.929499
 20
314.407920
 42
0.269722
  0
VERTEX
  8
0
 10
551.618676
 20
314.623697
 42
0.019984
  0
VERTEX
  8
0
 10
550.543989
 20
314.666667
 42
0.059057
  0
VERTEX
  8
0
 10
550.024148
 20
314.605052
 42
0.126631
  0
VERTEX
  8
0
 10
549.669932
 20
314.417083
 42
0.191218
  0
VERTEX
  8
0
 10
549.534562
 20
314.139071
 42
0.158515
  0
SEQEND
  0
POLYLINE
  8
0
 66
1
 70
1
  0
VERTEX
  8
0
 10
560.507079
 20
314.011454
 42
0.114400
  0
VERTEX
  8
0
 10
560.393111
 20
313.674071
 42
0.329480
  0
VERTEX
  8
0
 10
560.512472
 20
313.474315
 42
0.155351
  0
VERTEX
  8
0
 10
560.868281
 20
313.443138
 42
0.036408
  0
VERTEX
  8
0
 10
561.448062
 20
313.618443
 42
0.029964
  0
VERTEX
  8
0
 10
562.519970
 20
314.105273
 42
0.168622
  0
VERTEX
  8
0
 10
562.942608
 20
314.558518
 42
0.444011
  0
VERTEX
  8
0
 10
562.798253
 20
314.882327
 42
0.079093
  0
VERTEX
  8
0
 10
562.059017
 20
315.000000
 42
0.088797
  0
VERTEX
  8
0
 10
561.653950
 20
314.927491
 42
0.053277
  0
VERTEX
  8
0
 10
561.214980
 20
314.709615
 42
0.051183
  0
VERTEX
  8
0
 10
560.810572
 20
314.389589
 42
0.061454
  0
SEQEND
  0
POLYLINE
  8
0
 66
1
 70
1
  0
VERTEX
  8
0
 10
258.812500
 20
311.316886
 42
0.051402
  0
VERTEX
  8
0
 10
259.359369
 20
311.160852
 42
0.054150
  0
VERTEX
  8
0
 10
259.916927
 20
311.123424
 42
0.060344
  0
VERTEX
  8
0
 10
260.402231
 20
311.202593
 42
0.126455
  0
VERTEX
  8
0
 10
260.729167
 20
311.395833
 42
0.296942
  0
VERTEX
  8
0
 10
260.775380
 20
311.614691
 42
0.208169
  0
VERTEX
  8
0
 10
260.592839
 20
311.799335
 42
0.077125
  0
VERTEX
  8
0
 10
260.112848
 20
311.910055
 42
0.028489
  0
VERTEX
  8
0
 10
259.416667
 20
311.921053
 42
0.018894
  0
VERTEX
  8
0
 10
258.670344
 20
311.862007
 42
0.168741
  0
VERTEX
  8
0
 10
258.378580
 20
311.720685
 42
0.470617
  0
VERTEX
  8
0
 10
258.395823
 20
311.538436
 42
0.054073
  0
SEQEND
  0
POLYLINE
  8
0
 66
1
 70
1
  0
VERTEX
  8
0
 10
146.412220
 20
310.083333
 42
0.185101
  0
VERTEX
  8
0
 10
146.245701
 20
309.704335
 42
0.002061
  0
VERTEX
  8
0
 10
146.121090
 20
306.860768
 42
0.006052
  0
VERTEX
  8
0
 10
146.029774
 20
303.549101
 42
0.003866
  0
VERTEX
  8
0
 10
146.000000
 20
299.698004
 42
-0.005324
  0
VERTEX
  8
0
 10
145.934691
 20
293.564259
 42
-0.045709
  0
VERTEX
  8
0
 10
145.626709
 20
290.841816
 42
-0.094700
  0
VERTEX
  8
0
 10
144.892753
 20
289.070591
 42
-0.060501
  0
VERTEX
  8
0
 10
143.448478
 20
287.364671
 42
0.017817
  0
VERTEX
  8
0
 10
142.399345
 20
286.320474
 42
0.078735
  0
VERTEX
  8
0
 10
141.912294
 20
285.600827
 42
0.275917
  0
VERTEX
  8
0
 10
141.953239
 20
285.195209
 42
0.237245
  0
VERTEX
  8
0
 10
142.341489
 20
285.000000
 42
0.093251
  0
VERTEX
  8
0
 10
142.936735
 20
285.111989
 42
0.066791
  0
VERTEX
  8
0
 10
143.530774
 20
285.440625
 42
0.064910
  0
VERTEX
  8
0
 10
144.033601
 20
285.926579
 42
0.076754
  0
VERTEX
  8
0
 10
144.361626
 20
286.500000
 42
-0.061975
  0
VERTEX
  8
0
 10
144.667696
 20
287.073546
 42
-0.060624
  0
VERTEX
  8
0
 10
145.106945
 20
287.559375
 42
-0.065925
  0
VERTEX
  8
0
 10
145.606730
 20
287.888929
 42
-0.113303
  0
VERTEX
  8
0
 10
146.090587
 20
288.000000
 42
-0.504729
  0
VERTEX
  8
0
 10
146.584312
 20
287.331238
 42
-0.094344
  0
VERTEX
  8
0
 10
145.740510
 20
285.737890
 42
-0.055820
  0
VERTEX
  8
0
 10
143.990617
 20
283.992497
 42
-0.150110
  0
VERTEX
  8
0
 10
142.372428
 20
283.356299
 42
0.000043
  0
VERTEX
  8
0
 10
141.555224
 20
283.293512
 42
0.000031
  0
VERTEX
  8
0
 10
140.646870
 20
283.223585
 42
0.000032
  0
VERTEX
  8
0
 10
139.785588
 20
283.157173
 42
0.000070
  0
VERTEX
  8
0
 10
139.127555
 20
283.106299
 42
0.381540
  0
VERTEX
  8
0
 10
138.568288
 20
282.523171
 42
0.195072
  0
VERTEX
  8
0
 10
138.943414
 20
281.494793
 42
0.089386
  0
VERTEX
  8
0
 10
140.352614
 20
280.406927
 42
0.131316
  0
VERTEX
  8
0
 10
141.872445
 20
280.070285
 42
0.022797
  0
VERTEX
  8
0
 10
142.634105
 20
280.138056
 42
0.488460
  0
VERTEX
  8
0
 10
142.732844
 20
280.307459
 42
0.189158
  0
VERTEX
  8
0
 10
142.510175
 20
280.544130
 42
0.009030
  0
VERTEX
  8
0
 10
141.500000
 20
281.000000
 42
-0.003751
  0
VERTEX
  8
0
 10
140.185338
 20
281.576652
 42
-0.368608
  0
VERTEX
  8
0
 10
140.104278
 20
281.747226
 42
-0.326773
  0
VERTEX
  8
0
 10
140.261086
 20
281.873110
 42
-0.003386
  0
VERTEX
  8
0
 10
141.750000
 20
281.929715
 42
0.116911
  0
VERTEX
  8
0
 10
143.902382
 20
282.511509
 42
0.071047
  0
VERTEX
  8
0
 10
146.029430
 20
284.090616
 42
0.076827
  0
VERTEX
  8
0
 10
147.469035
 20
286.036422
 42
0.215765
  0
VERTEX
  8
0
 10
147.565978
 20
287.688659
 42
-0.043834
  0
VERTEX
  8
0
 10
147.374543
 20
288.357425
 42
-0.231208
  0
VERTEX
  8
0
 10
147.471043
 20
288.715492
 42
-0.258000
  0
VERTEX
  8
0
 10
147.800085
 20
288.834906
 42
-0.052436
  0
VERTEX
  8
0
 10
148.421382
 20
288.668542
 42
0.344122
  0
VERTEX
  8
0
 10
149.157927
 20
288.893520
 42
0.104355
  0
VERTEX
  8
0
 10
149.648240
 20
290.041896
 42
0.035251
  0
VERTEX
  8
0
 10
149.960560
 20
292.525403
 42
0.005262
  0
VERTEX
  8
0
 10
150.182723
 20
297.559444
 42
0.010083
  0
VERTEX
  8
0
 10
150.260308
 20
303.343263
 42
0.052303
  0
VERTEX
  8
0
 10
149.906050
 20
306.514096
 42
0.739063
  0
VERTEX
  8
0
 10
149.343627
 20
306.560372
 42
0.057467
  0
VERTEX
  8
0
 10
148.716254
 20
304.250000
 42
-0.001448
  0
VERTEX
  8
0
 10
148.436806
 20
302.440710
 42
-0.591928
  0
VERTEX
  8
0
 10
148.339937
 20
302.405817
 42
-0.202175
  0
VERTEX
  8
0
 10
148.253519
 20
302.585343
 42
-0.000897
  0
VERTEX
  8
0
 10
148.149832
 20
304.750000
 42
-0.043326
  0
VERTEX
  8
0
 10
148.236990
 20
306.899369
 42
-0.253345
  0
VERTEX
  8
0
 10
148.874910
 20
307.786581
 42
-0.112945
  0
VERTEX
  8
0
 10
150.333395
 20
308.122292
 42
-0.006368
  0
VERTEX
  8
0
 10
155.000000
 20
308.068925
 42
0.019501
  0
VERTEX
  8
0
 10
156.827015
 20
308.096012
 42
0.021203
  0
VERTEX
  8
0
 10
158.595685
 20
308.266724
 42
0.021258
  0
VERTEX
  8
0
 10
160.088073
 20
308.540037
 42
0.089775
  0
VERTEX
  8
0
 10
160.921482
 20
308.895063
 42
0.528498
  0
VERTEX
  8
0
 10
160.928540
 20
309.319044
 42
0.104709
  0
VERTEX
  8
0
 10
160.084264
 20
309.682399
 42
0.031071
  0
VERTEX
  8
0
 10
158.017140
 20
309.964502
 42
0.007591
  0
VERTEX
  8
0
 10
154.583703
 20
310.164999
 42
0.005222
  0
VERTEX
  8
0
 10
151.580008
 20
310.263267
 42
0.008064
  0
VERTEX
  8
0
 10
148.982634
 20
310.279198
 42
0.003429
  0
VERTEX
  8
0
 10
146.780246
 20
310.242081
 42
0.194149
  0
SEQEND
  0
POLYLINE
  8
0
 66
1
 70
1
  0
VERTEX
  8
0
 10
148.683114
 20
297.812500
 42
-0.054073
  0
VERTEX
  8
0
 10
148.461564
 20
297.395823
 42
-0.470617
  0
VERTEX
  8
0
 10
148.279315
 20
297.378580
 42
-0.168741
  0
VERTEX
  8
0
 10
148.137993
 20
297.670344
 42
-0.018894
  0
VERTEX
  8
0
 10
148.078947
 20
298.416667
 42
-0.028489
  0
VERTEX
  8
0
 10
148.089945
 20
299.112848
 42
-0.077125
  0
VERTEX
  8
0
 10
148.200665
 20
299.592839
 42
-0.208169
  0
VERTEX
  8
0
 10
148.385309
 20
299.775380
 42
-0.296942
  0
VERTEX
  8
0
 10
148.604167
 20
299.729167
 42
-0.126455
  0
VERTEX
  8
0
 10
148.797407
 20
299.402231
 42
-0.060344
  0
VERTEX
  8
0
 10
148.876576
 20
298.916927
 42
-0.054150
  0
VERTEX
  8
0
 10
148.839148
 20
298.359369
 42
-0.051402
  0
SEQEND
  0
POLYLINE
  8
0
 66
1
 70
1
  0
VERTEX
  8
0
 10
148.984687
 20
292.750000
 42
-0.011293
  0
VERTEX
  8
0
 10
148.949578
 20
291.555791
 42
-0.220444
  0
VERTEX
  8
0
 10
148.781653
 20
291.237851
 42
-0.409657
  0
VERTEX
  8
0
 10
148.520491
 20
291.271114
 42
-0.023197
  0
VERTEX
  8
0
 10
148.000000
 20
292.000000
 42
-0.031558
  0
VERTEX
  8
0
 10
147.270972
 20
293.301377
 42
-0.112355
  0
VERTEX
  8
0
 10
147.060308
 20
294.227035
 42
-0.234725
  0
VERTEX
  8
0
 10
147.332924
 20
294.775753
 42
-0.163584
  0
VERTEX
  8
0
 10
148.000000
 20
295.000000
 42
-0.210568
  0
VERTEX
  8
0
 10
148.381177
 20
294.832025
 42
-0.082215
  0
VERTEX
  8
0
 10
148.701752
 20
294.339063
 42
-0.062416
  0
VERTEX
  8
0
 10
148.917196
 20
293.611405
 42
-0.042523
  0
SEQEND
  0
POLYLINE
  8
0
 66
1
 70
1
  0
VERTEX
  8
0
 10
553.000000
 20
310.000000
 42
0.105053
  0
VERTEX
  8
0
 10
553.081062
 20
309.618444
 42
0.099167
  0
VERTEX
  8
0
 10
553.311086
 20
309.293750
 42
0.096420
  0
VERTEX
  8
0
 10
553.654762
 20
309.076123
 42
0.093332
  0
VERTEX
  8
0
 10
554.059017
 20
309.000000
 42
0.108972
  0
VERTEX
  8
0
 10
554.413961
 20
309.078288
 42
0.182303
  0
VERTEX
  8
0
 10
554.625400
 20
309.293750
 42
0.161196
  0
VERTEX
  8
0
 10
554.656512
 20
309.617900
 42
0.082592
  0
VERTEX
  8
0
 10
554.500000
 20
310.000000
 42
0.029505
  0
VERTEX
  8
0
 10
554.231006
 20
310.382774
 42
0.035638
  0
VERTEX
  8
0
 10
553.933975
 20
310.706250
 42
0.038439
  0
VERTEX
  8
0
 10
553.651710
 20
310.934461
 42
0.151918
  0
VERTEX
  8
0
 10
553.440983
 20
311.000000
 42
0.210953
  0
VERTEX
  8
0
 10
553.272352
 20
310.925540
 42
0.081139
  0
VERTEX
  8
0
 10
553.129539
 20
310.706250
 42
0.061769
  0
VERTEX
  8
0
 10
553.032345
 20
310.382849
 42
0.042167
  0
SEQEND
  0
POLYLINE
  8
0
 66
1
 70
1
  0
VERTEX
  8
0
 10
163.817298
 20
308.951895
 42
-0.229794
  0
VERTEX
  8
0
 10
163.382286
 20
308.506402
 42
-0.019511
  0
VERTEX
  8
0
 10
161.812767
 20
308.009625
 42
-0.022743
  0
VERTEX
  8
0
 10
159.801963
 20
307.555653
 42
-0.015533
  0
VERTEX
  8
0
 10
157.483965
 20
307.215977
 42
0.000000
  0
VERTEX
  8
0
 10
151.500000
 20
306.528165
 42
0.000000
  0
VERTEX
  8
0
 10
158.000000
 20
305.968249
 42
0.016616
  0
VERTEX
  8
0
 10
162.150965
 20
305.749294
 42
0.088910
  0
VERTEX
  8
0
 10
164.380909
 20
306.104320
 42
0.183445
  0
VERTEX
  8
0
 10
165.537046
 20
307.074355
 42
0.125046
  0
VERTEX
  8
0
 10
165.984687
 20
308.750000
 42
0.151695
  0
VERTEX
  8
0
 10
165.736315
 20
309.585835
 42
0.225714
  0
VERTEX
  8
0
 10
165.091633
 20
309.969539
 42
0.204846
  0
VERTEX
  8
0
 10
164.333923
 20
309.725806
 42
0.134229
  0
SEQEND
  0
POLYLINE
  8
0
 66
1
 70
1
  0
VERTEX
  8
0
 10
191.404508
 20
308.845492
 42
0.035175
  0
VERTEX
  8
0
 10
191.151407
 20
308.363165
 42
0.396831
  0
VERTEX
  8
0
 10
191.217691
 20
308.177327
 42
0.231975
  0
VERTEX
  8
0
 10
191.480387
 20
308.172925
 42
0.019824
  0
VERTEX
  8
0
 10
192.095492
 20
308.492196
 42
-0.007879
  0
VERTEX
  8
0
 10
192.746240
 20
308.849949
 42
-0.265393
  0
VERTEX
  8
0
 10
192.916808
 20
308.844501
 42
-0.463519
  0
VERTEX
  8
0
 10
192.935556
 20
308.722078
 42
-0.011268
  0
VERTEX
  8
0
 10
192.500000
 20
308.243769
 42
-0.057759
  0
VERTEX
  8
0
 10
191.975080
 20
307.806795
 42
-0.026764
  0
VERTEX
  8
0
 10
191.206250
 20
307.361149
 42
-0.026082
  0
VERTEX
  8
0
 10
190.339049
 20
306.974245
 42
-0.032874
  0
VERTEX
  8
0
 10
189.500000
 20
306.713066
 42
0.330947
  0
VERTEX
  8
0
 10
189.342225
 20
306.524047
 42
0.368813
  0
VERTEX
  8
0
 10
189.482812
 20
306.339240
 42
0.037507
  0
VERTEX
  8
0
 10
190.540250
 20
306.191498
 42
0.009856
  0
VERTEX
  8
0
 10
192.250000
 20
306.116001
 42
0.019198
  0
VERTEX
  8
0
 10
194.070780
 20
306.141447
 42
0.031321
  0
VERTEX
  8
0
 10
195.604688
 20
306.318606
 42
0.032948
  0
VERTEX
  8
0
 10
196.729355
 20
306.597982
 42
0.326249
  0
VERTEX
  8
0
 10
197.000000
 20
306.968615
 42
0.184534
  0
VERTEX
  8
0
 10
196.877514
 20
307.289193
 42
0.147206
  0
VERTEX
  8
0
 10
196.559375
 20
307.483616
 42
0.100118
  0
VERTEX
  8
0
 10
196.074366
 20
307.511135
 42
0.055937
  0
VERTEX
  8
0
 10
195.500000
 20
307.361626
 42
-0.060408
  0
VERTEX
  8
0
 10
194.925859
 20
307.217627
 42
-0.106335
  0
VERTEX
  8
0
 10
194.440625
 20
307.259853
 42
-0.150200
  0
VERTEX
  8
0
 10
194.121942
 20
307.476405
 42
-0.170570
  0
VERTEX
  8
0
 10
194.000000
 20
307.823460
 42
-0.182978
  0
VERTEX
  8
0
 10
194.162415
 20
308.252412
 42
-0.067082
  0
VERTEX
  8
0
 10
194.660937
 20
308.683453
 42
-0.055225
  0
VERTEX
  8
0
 10
195.388892
 20
309.051973
 42
-0.042027
  0
VERTEX
  8
0
 10
196.250000
 20
309.294267
 42
0.012726
  0
VERTEX
  8
0
 10
197.261499
 20
309.515925
 42
0.668154
  0
VERTEX
  8
0
 10
197.283686
 20
309.661201
 42
0.121714
  0
VERTEX
  8
0
 10
196.894299
 20
309.782528
 42
0.004291
  0
VERTEX
  8
0
 10
195.309017
 20
309.863818
 42
0.034273
  0
VERTEX
  8
0
 10
194.035215
 20
309.830861
 42
0.040206
  0
VERTEX
  8
0
 10
192.845787
 20
309.620860
 42
0.044378
  0
VERTEX
  8
0
 10
191.895960
 20
309.280781
 42
0.147226
  0
SEQEND
  0
POLYLINE
  8
0
 66
1
 70
1
  0
VERTEX
  8
0
 10
199.493482
 20
305.750000
 42
-0.032481
  0
VERTEX
  8
0
 10
199.921855
 20
301.854560
 42
-0.011745
  0
VERTEX
  8
0
 10
200.039363
 20
296.286097
 42
-0.010228
  0
VERTEX
  8
0
 10
199.883356
 20
289.458263
 42
-0.006457
  0
VERTEX
  8
0
 10
199.435524
 20
281.500000
 42
0.001296
  0
VERTEX
  8
0
 10
198.733558
 20
270.965254
 42
0.028259
  0
VERTEX
  8
0
 10
198.710541
 20
267.871252
 42
0.127887
  0
VERTEX
  8
0
 10
199.162529
 20
266.427792
 42
0.191586
  0
VERTEX
  8
0
 10
200.213606
 20
265.654392
 42
0.103016
  0
VERTEX
  8
0
 10
201.120670
 20
265.608572
 42
0.235936
  0
VERTEX
  8
0
 10
201.663731
 20
265.994822
 42
0.107177
  0
VERTEX
  8
0
 10
201.936284
 20
266.958506
 42
0.015523
  0
VERTEX
  8
0
 10
202.000000
 20
269.010286
 42
0.029601
  0
VERTEX
  8
0
 10
201.910020
 20
270.528832
 42
0.041497
  0
VERTEX
  8
0
 10
201.638491
 20
271.859332
 42
0.048093
  0
VERTEX
  8
0
 10
201.239201
 20
272.857942
 42
0.188452
  0
VERTEX
  8
0
 10
200.750000
 20
273.288543
 42
-0.487928
  0
VERTEX
  8
0
 10
200.670258
 20
273.534374
 42
-0.138172
  0
VERTEX
  8
0
 10
201.030204
 20
273.838767
 42
-0.042468
  0
VERTEX
  8
0
 10
202.020001
 20
274.191661
 42
-0.015852
  0
VERTEX
  8
0
 10
203.459204
 20
274.522415
 42
0.004131
  0
VERTEX
  8
0
 10
205.954022
 20
275.034518
 42
0.151061
  0
VERTEX
  8
0
 10
206.457545
 20
275.316546
 42
0.516894
  0
VERTEX
  8
0
 10
206.396968
 20
275.625245
 42
0.017144
  0
VERTEX
  8
0
 10
205.037550
 20
276.181813
 42
0.035642
  0
VERTEX
  8
0
 10
203.916495
 20
276.507894
 42
0.082448
  0
VERTEX
  8
0
 10
203.043407
 20
276.549207
 42
0.112868
  0
VERTEX
  8
0
 10
202.378298
 20
276.312417
 42
0.113081
  0
VERTEX
  8
0
 10
201.882719
 20
275.810235
 42
-0.065001
  0
VERTEX
  8
0
 10
201.534908
 20
275.383101
 42
-0.099452
  0
VERTEX
  8
0
 10
201.131394
 20
275.130495
 42
-0.129072
  0
VERTEX
  8
0
 10
200.738485
 20
275.089344
 42
-0.159591
  0
VERTEX
  8
0
 10
200.411872
 20
275.254794
 42
-0.181679
  0
VERTEX
  8
0
 10
200.239502
 20
275.634683
 42
-0.079335
  0
VERTEX
  8
0
 10
200.291037
 20
276.194389
 42
-0.063474
  0
VERTEX
  8
0
 10
200.546822
 20
276.840535
 42
-0.047288
  0
VERTEX
  8
0
 10
200.979107
 20
277.474826
 42
0.134480
  0
VERTEX
  8
0
 10
201.568701
 20
278.776278
 42
0.024744
  0
VERTEX
  8
0
 10
201.856958
 20
281.421718
 42
0.018307
  0
VERTEX
  8
0
 10
201.944943
 20
285.340916
 42
0.005595
  0
VERTEX
  8
0
 10
201.794638
 20
291.268082
 42
-0.003447
  0
VERTEX
  8
0
 10
201.652566
 20
296.058669
 42
-0.004980
  0
VERTEX
  8
0
 10
201.598357
 20
300.295419
 42
-0.002677
  0
VERTEX
  8
0
 10
201.607369
 20
303.873259
 42
-0.078631
  0
VERTEX
  8
0
 10
201.756363
 20
304.769090
 42
-0.236766
  0
VERTEX
  8
0
 10
202.308801
 20
305.320070
 42
-0.034144
  0
VERTEX
  8
0
 10
203.898877
 20
305.727515
 42
-0.028024
  0
VERTEX
  8
0
 10
206.206075
 20
306.021062
 42
-0.011767
  0
VERTEX
  8
0
 10
209.333333
 20
306.168103
 42
0.004038
  0
VERTEX
  8
0
 10
212.174790
 20
306.257721
 42
0.033181
  0
VERTEX
  8
0
 10
213.462347
 20
306.394641
 42
0.810186
  0
VERTEX
  8
0
 10
213.468135
 20
306.552402
 42
0.037565
  0
VERTEX
  8
0
 10
212.500000
 20
306.719120
 42
-0.030786
  0
VERTEX
  8
0
 10
210.885773
 20
306.974641
 42
-0.032362
  0
VERTEX
  8
0
 10
209.342553
 20
307.423825
 42
-0.034228
  0
VERTEX
  8
0
 10
208.073522
 20
307.985030
 42
-0.108581
  0
VERTEX
  8
0
 10
207.368267
 20
308.580407
 42
0.019281
  0
VERTEX
  8
0
 10
206.699106
 20
309.388014
 42
0.220994
  0
VERTEX
  8
0
 10
206.329298
 20
309.546691
 42
0.272193
  0
VERTEX
  8
0
 10
206.019098
 20
309.351699
 42
0.027931
  0
VERTEX
  8
0
 10
205.649652
 20
308.529390
 42
-0.122106
  0
VERTEX
  8
0
 10
205.241033
 20
307.944019
 42
-0.064683
  0
VERTEX
  8
0
 10
204.500791
 20
307.449258
 42
-0.058391
  0
VERTEX
  8
0
 10
203.562487
 20
307.113805
 42
-0.056736
  0
VERTEX
  8
0
 10
202.562770
 20
307.000000
 42
-0.032331
  0
VERTEX
  8
0
 10
201.405341
 20
307.074920
 42
-0.133997
  0
VERTEX
  8
0
 10
200.764909
 20
307.342440
 42
-0.220640
  0
VERTEX
  8
0
 10
200.524785
 20
307.810071
 42
-0.101968
  0
VERTEX
  8
0
 10
200.638374
 20
308.500000
 42
0.072361
  0
VERTEX
  8
0
 10
200.768764
 20
309.077833
 42
0.123503
  0
VERTEX
  8
0
 10
200.686360
 20
309.562845
 42
0.154797
  0
VERTEX
  8
0
 10
200.406471
 20
309.881185
 42
0.136445
  0
VERTEX
  8
0
 10
199.979181
 20
310.000000
 42
0.241367
  0
VERTEX
  8
0
 10
199.459390
 20
309.733557
 42
0.128109
  0
VERTEX
  8
0
 10
199.191951
 20
309.041199
 42
0.057830
  0
VERTEX
  8
0
 10
199.194136
 20
307.787569
 42
0.014299
  0
SEQEND
  0
POLYLINE
  8
0
 66
1
 70
1
  0
VERTEX
  8
0
 10
200.683114
 20
268.812500
 42
-0.054073
  0
VERTEX
  8
0
 10
200.461564
 20
268.395823
 42
-0.470617
  0
VERTEX
  8
0
 10
200.279315
 20
268.378580
 42
-0.168741
  0
VERTEX
  8
0
 10
200.137993
 20
268.670344
 42
-0.018894
  0
VERTEX
  8
0
 10
200.078947
 20
269.416667
 42
-0.028489
  0
VERTEX
  8
0
 10
200.089945
 20
270.112848
 42
-0.077125
  0
VERTEX
  8
0
 10
200.200665
 20
270.592839
 42
-0.208169
  0
VERTEX
  8
0
 10
200.385309
 20
270.775380
 42
-0.296942
  0
VERTEX
  8
0
 10
200.604167
 20
270.729167
 42
-0.126455
  0
VERTEX
  8
0
 10
200.797407
 20
270.402231
 42
-0.060344
  0
VERTEX
  8
0
 10
200.876576
 20
269.916927
 42
-0.054150
  0
VERTEX
  8
0
 10
200.839148
 20
269.359369
 42
-0.051402
  0
SEQEND
  0
POLYLINE
  8
0
 66
1
 70
1
  0
VERTEX
  8
0
 10
202.510081
 20
308.983688
 42
0.090427
  0
VERTEX
  8
0
 10
202.820631
 20
308.639411
 42
0.095498
  0
VERTEX
  8
0
 10
203.227140
 20
308.434921
 42
0.099685
  0
VERTEX
  8
0
 10
203.665803
 20
308.401101
 42
0.108373
  0
VERTEX
  8
0
 10
204.069098
 20
308.542705
 42
0.050477
  0
VERTEX
  8
0
 10
204.838655
 20
309.133140
 42
0.315493
  0
VERTEX
  8
0
 10
204.933879
 20
309.592818
 42
0.257010
  0
VERTEX
  8
0
 10
204.519563
 20
309.914842
 42
0.039415
  0
VERTEX
  8
0
 10
203.440983
 20
310.000000
 42
0.067432
  0
VERTEX
  8
0
 10
202.890269
 20
309.925389
 42
0.140899
  0
VERTEX
  8
0
 10
202.524436
 20
309.701458
 42
0.190788
  0
VERTEX
  8
0
 10
202.397824
 20
309.369640
 42
0.136093
  0
SEQEND
  0
POLYLINE
  8
0
 66
1
 70
1
  0
VERTEX
  8
0
 10
208.000000
 20
308.824307
 42
0.315822
  0
VERTEX
  8
0
 10
208.258302
 20
308.456160
 42
0.039894
  0
VERTEX
  8
0
 10
209.248437
 20
308.184884
 42
0.035210
  0
VERTEX
  8
0
 10
210.620983
 20
308.023169
 42
0.021619
  0
VERTEX
  8
0
 10
212.250000
 20
308.017208
 42
-0.003556
  0
VERTEX
  8
0
 10
216.739439
 20
308.162984
 42
-0.050152
  0
VERTEX
  8
0
 10
218.343633
 20
308.042648
 42
-0.494211
  0
VERTEX
  8
0
 10
218.554963
 20
307.634422
 42
-0.140091
  0
VERTEX
  8
0
 10
218.000000
 20
307.000000
 42
0.076039
  0
VERTEX
  8
0
 10
217.481508
 20
306.540159
 42
0.472557
  0
VERTEX
  8
0
 10
217.539651
 20
306.236882
 42
0.113170
  0
VERTEX
  8
0
 10
218.178321
 20
306.057997
 42
0.010771
  0
VERTEX
  8
0
 10
219.809017
 20
306.015313
 42
0.025933
  0
VERTEX
  8
0
 10
221.039727
 20
306.073479
 42
0.053500
  0
VERTEX
  8
0
 10
221.981733
 20
306.270305
 42
0.098399
  0
VERTEX
  8
0
 10
222.504909
 20
306.562292
 42
0.370466
  0
VERTEX
  8
0
 10
222.558791
 20
306.904874
 42
-0.428273
  0
VERTEX
  8
0
 10
222.641532
 20
307.221368
 42
-0.085156
  0
VERTEX
  8
0
 10
223.259223
 20
307.437030
 42
-0.045171
  0
VERTEX
  8
0
 10
224.341475
 20
307.519142
 42
-0.020965
  0
VERTEX
  8
0
 10
225.749774
 20
307.439518
 42
0.008329
  0
VERTEX
  8
0
 10
232.463997
 20
306.889435
 42
0.011352
  0
VERTEX
  8
0
 10
238.532271
 20
306.632071
 42
0.010728
  0
VERTEX
  8
0
 10
243.507794
 20
306.640887
 42
0.068058
  0
VERTEX
  8
0
 10
246.000000
 20
307.040863
 42
0.011234
  0
VERTEX
  8
0
 10
247.057689
 20
307.388448
 42
0.129041
  0
VERTEX
  8
0
 10
247.416875
 20
307.632412
 42
0.564213
  0
VERTEX
  8
0
 10
247.359639
 20
307.811163
 42
0.044187
  0
VERTEX
  8
0
 10
246.750000
 20
307.900320
 42
-0.045693
  0
VERTEX
  8
0
 10
246.080238
 20
308.000327
 42
-0.063362
  0
VERTEX
  8
0
 10
245.514062
 20
308.217390
 42
-0.080678
  0
VERTEX
  8
0
 10
245.130474
 20
308.511219
 42
-0.191316
  0
VERTEX
  8
0
 10
245.000000
 20
308.839729
 42
0.397723
  0
VERTEX
  8
0
 10
244.677297
 20
309.181245
 42
0.002007
  0
VERTEX
  8
0
 10
239.565625
 20
309.450444
 42
0.007084
  0
VERTEX
  8
0
 10
233.593694
 20
309.656160
 42
0.004254
  0
VERTEX
  8
0
 10
226.500000
 20
309.739565
 42
0.004029
  0
VERTEX
  8
0
 10
218.797547
 20
309.702523
 42
0.009142
  0
VERTEX
  8
0
 10
212.976412
 20
309.521135
 42
0.004015
  0
VERTEX
  8
0
 10
208.406405
 20
309.258240
 42
0.395159
  0
SEQEND
  0
POLYLINE
  8
0
 66
1
 70
1
  0
VERTEX
  8
0
 10
240.703113
 20
308.204648
 42
-0.671236
  0
VERTEX
  8
0
 10
240.654533
 20
307.934182
 42
-0.034442
  0
VERTEX
  8
0
 10
239.436898
 20
307.760233
 42
-0.020334
  0
VERTEX
  8
0
 10
237.387140
 20
307.693843
 42
-0.009225
  0
VERTEX
  8
0
 10
234.703113
 20
307.765619
 42
-0.001811
  0
VERTEX
  8
0
 10
227.313916
 20
308.126555
 42
-0.068502
  0
VERTEX
  8
0
 10
225.678743
 20
308.439709
 42
-0.836604
  0
VERTEX
  8
0
 10
225.720877
 20
308.721261
 42
-0.003453
  0
VERTEX
  8
0
 10
231.500000
 20
308.848505
 42
-0.009058
  0
VERTEX
  8
0
 10
234.651872
 20
308.839024
 42
-0.012181
  0
VERTEX
  8
0
 10
237.503415
 20
308.709231
 42
-0.009338
  0
VERTEX
  8
0
 10
239.858804
 20
308.500180
 42
-0.115257
  0
SEQEND
  0
POLYLINE
  8
0
 66
1
 70
1
  0
VERTEX
  8
0
 10
247.500000
 20
309.000000
 42
0.060810
  0
VERTEX
  8
0
 10
247.806203
 20
308.617485
 42
0.051032
  0
VERTEX
  8
0
 10
248.212900
 20
308.293750
 42
0.053229
  0
VERTEX
  8
0
 10
248.653442
 20
308.073302
 42
0.089642
  0
VERTEX
  8
0
 10
249.059017
 20
308.000000
 42
0.105429
  0
VERTEX
  8
0
 10
249.418051
 20
308.076556
 42
0.099231
  0
VERTEX
  8
0
 10
249.723586
 20
308.293750
 42
0.096318
  0
VERTEX
  8
0
 10
249.928382
 20
308.618268
 42
0.092995
  0
VERTEX
  8
0
 10
250.000000
 20
309.000000
 42
0.153634
  0
VERTEX
  8
0
 10
249.879982
 20
309.381379
 42
0.097988
  0
VERTEX
  8
0
 10
249.542039
 20
309.706250
 42
0.080552
  0
VERTEX
  8
0
 10
249.037096
 20
309.925455
 42
0.062283
  0
VERTEX
  8
0
 10
248.440983
 20
310.000000
 42
0.066118
  0
VERTEX
  8
0
 10
247.889346
 20
309.926733
 42
0.138808
  0
VERTEX
  8
0
 10
247.521475
 20
309.706250
 42
0.191142
  0
VERTEX
  8
0
 10
247.392057
 20
309.379648
 42
0.139169
  0
SEQEND
  0
POLYLINE
  8
0
 66
1
 70
1
  0
VERTEX
  8
0
 10
128.000000
 20
307.940983
 42
0.108972
  0
VERTEX
  8
0
 10
128.078288
 20
307.586039
 42
0.182303
  0
VERTEX
  8
0
 10
128.293750
 20
307.374600
 42
0.161196
  0
VERTEX
  8
0
 10
128.617900
 20
307.343488
 42
0.082592
  0
VERTEX
  8
0
 10
129.000000
 20
307.500000
 42
0.029505
  0
VERTEX
  8
0
 10
129.382774
 20
307.768994
 42
0.035638
  0
VERTEX
  8
0
 10
129.706250
 20
308.066025
 42
0.038439
  0
VERTEX
  8
0
 10
129.934461
 20
308.348290
 42
0.151918
  0
VERTEX
  8
0
 10
130.000000
 20
308.559017
 42
0.210953
  0
VERTEX
  8
0
 10
129.925540
 20
308.727648
 42
0.081139
  0
VERTEX
  8
0
 10
129.706250
 20
308.870461
 42
0.061769
  0
VERTEX
  8
0
 10
129.382849
 20
308.967655
 42
0.042167
  0
VERTEX
  8
0
 10
129.000000
 20
309.000000
 42
0.105053
  0
VERTEX
  8
0
 10
128.618444
 20
308.918938
 42
0.099167
  0
VERTEX
  8
0
 10
128.293750
 20
308.688914
 42
0.096420
  0
VERTEX
  8
0
 10
128.076123
 20
308.345238
 42
0.093332
  0
SEQEND
  0
POLYLINE
  8
0
 66
1
 70
1
  0
VERTEX
  8
0
 10
334.000000
 20
306.000000
 42
0.031626
  0
VERTEX
  8
0
 10
334.072766
 20
304.850749
 42
0.048861
  0
VERTEX
  8
0
 10
334.293750
 20
303.881250
 42
0.062710
  0
VERTEX
  8
0
 10
334.615738
 20
303.209557
 42
0.254951
  0
VERTEX
  8
0
 10
335.000000
 20
303.000000
 42
-0.339565
  0
VERTEX
  8
0
 10
335.395008
 20
302.696775
 42
-0.024068
  0
VERTEX
  8
0
 10
335.708333
 20
301.250000
 42
-0.025878
  0
VERTEX
  8
0
 10
335.928566
 20
299.316313
 42
-0.015416
  0
VERTEX
  8
0
 10
336.000000
 20
297.000000
 42
0.010614
  0
VERTEX
  8
0
 10
336.064452
 20
293.964058
 42
0.050675
  0
VERTEX
  8
0
 10
336.312500
 20
292.250000
 42
0.113455
  0
VERTEX
  8
0
 10
336.776970
 20
291.337712
 42
0.222027
  0
VERTEX
  8
0
 10
337.500000
 20
291.000000
 42
-0.062722
  0
VERTEX
  8
0
 10
338.073532
 20
290.927770
 42
-0.080880
  0
VERTEX
  8
0
 10
338.559375
 20
290.715469
 42
-0.098158
  0
VERTEX
  8
0
 10
338.884506
 20
290.400789
 42
-0.152681
  0
VERTEX
  8
0
 10
339.000000
 20
290.031385
 42
0.184534
  0
VERTEX
  8
0
 10
339.122486
 20
289.710807
 42
0.147206
  0
VERTEX
  8
0
 10
339.440625
 20
289.516384
 42
0.100118
  0
VERTEX
  8
0
 10
339.925634
 20
289.488865
 42
0.055937
  0
VERTEX
  8
0
 10
340.500000
 20
289.638374
 42
-0.065020
  0
VERTEX
  8
0
 10
341.073899
 20
289.776720
 42
-0.112257
  0
VERTEX
  8
0
 10
341.559375
 20
289.719716
 42
-0.151946
  0
VERTEX
  8
0
 10
341.878743
 20
289.480915
 42
-0.158089
  0
VERTEX
  8
0
 10
342.000000
 20
289.106989
 42
-0.175384
  0
VERTEX
  8
0
 10
341.847124
 20
288.684563
 42
-0.092966
  0
VERTEX
  8
0
 10
341.412500
 20
288.325178
 42
-0.073174
  0
VERTEX
  8
0
 10
340.765158
 20
288.081934
 42
-0.053388
  0
VERTEX
  8
0
 10
340.000000
 20
288.000000
 42
-0.048028
  0
VERTEX
  8
0
 10
339.234582
 20
288.073693
 42
-0.068025
  0
VERTEX
  8
0
 10
338.587500
 20
288.293750
 42
-0.088204
  0
VERTEX
  8
0
 10
338.151477
 20
288.618118
 42
-0.191087
  0
VERTEX
  8
0
 10
338.000000
 20
289.000000
 42
0.120669
  0
VERTEX
  8
0
 10
337.906593
 20
289.381403
 42
0.100718
  0
VERTEX
  8
0
 10
337.643304
 20
289.706250
 42
0.091736
  0
VERTEX
  8
0
 10
337.249515
 20
289.924437
 42
0.080927
  0
VERTEX
  8
0
 10
336.785714
 20
290.000000
 42
0.502100
  0
VERTEX
  8
0
 10
336.385586
 20
289.462747
 42
0.179277
  0
VERTEX
  8
0
 10
337.069642
 20
288.554069
 42
0.053835
  0
VERTEX
  8
0
 10
339.303223
 20
287.438658
 42
0.073596
  0
VERTEX
  8
0
 10
341.500000
 20
286.973508
 42
0.010758
  0
VERTEX
  8
0
 10
345.775040
 20
286.801488
 42
0.086119
  0
VERTEX
  8
0
 10
347.716282
 20
287.101061
 42
0.205720
  0
VERTEX
  8
0
 10
348.656650
 20
287.943809
 42
0.109007
  0
VERTEX
  8
0
 10
349.000000
 20
289.500000
 42
0.047987
  0
VERTEX
  8
0
 10
348.907857
 20
290.457880
 42
0.067455
  0
VERTEX
  8
0
 10
348.632812
 20
291.270123
 42
0.087009
  0
VERTEX
  8
0
 10
348.227439
 20
291.820544
 42
0.189774
  0
VERTEX
  8
0
 10
347.750000
 20
292.015313
 42
-0.026360
  0
VERTEX
  8
0
 10
347.178977
 20
292.052457
 42
-0.347459
  0
VERTEX
  8
0
 10
347.039225
 20
292.192514
 42
-0.266590
  0
VERTEX
  8
0
 10
347.128648
 20
292.400779
 42
-0.019384
  0
VERTEX
  8
0
 10
347.662424
 20
292.770205
 42
0.191986
  0
VERTEX
  8
0
 10
348.149712
 20
293.445886
 42
0.017629
  0
VERTEX
  8
0
 10
348.589649
 20
295.508026
 42
0.020131
  0
VERTEX
  8
0
 10
348.947851
 20
298.151629
 42
0.012720
  0
VERTEX
  8
0
 10
349.162424
 20
301.257220
 42
0.000000
  0
VERTEX
  8
0
 10
349.500000
 20
309.004655
 42
0.000000
  0
VERTEX
  8
0
 10
341.750000
 20
309.002328
 42
0.000000
  0
VERTEX
  8
0
 10
334.000000
 20
309.000000
 42
0.000000
  0
SEQEND
  0
POLYLINE
  8
0
 66
1
 70
1
  0
VERTEX
  8
0
 10
347.381792
 20
306.447145
 42
-0.336329
  0
VERTEX
  8
0
 10
347.261322
 20
306.031929
 42
-0.100192
  0
VERTEX
  8
0
 10
346.624895
 20
305.732464
 42
-0.052358
  0
VERTEX
  8
0
 10
345.484319
 20
305.577004
 42
-0.020467
  0
VERTEX
  8
0
 10
343.892964
 20
305.593053
 42
0.021661
  0
VERTEX
  8
0
 10
342.400767
 20
305.604541
 42
0.035411
  0
VERTEX
  8
0
 10
341.143558
 20
305.470257
 42
0.040367
  0
VERTEX
  8
0
 10
340.237444
 20
305.231257
 42
0.318183
  0
VERTEX
  8
0
 10
340.000000
 20
304.895908
 42
0.259668
  0
VERTEX
  8
0
 10
340.191848
 20
304.551405
 42
0.060585
  0
VERTEX
  8
0
 10
340.814485
 20
304.263173
 42
0.047541
  0
VERTEX
  8
0
 10
341.710476
 20
304.065147
 42
0.030636
  0
VERTEX
  8
0
 10
342.772714
 20
304.000000
 42
0.000000
  0
VERTEX
  8
0
 10
345.545428
 20
304.000000
 42
0.000000
  0
VERTEX
  8
0
 10
345.005553
 20
297.566172
 42
-0.006451
  0
VERTEX
  8
0
 10
344.763682
 20
295.070564
 42
-0.009675
  0
VERTEX
  8
0
 10
344.482432
 20
292.900195
 42
-0.005098
  0
VERTEX
  8
0
 10
344.193042
 20
291.088720
 42
-0.174611
  0
VERTEX
  8
0
 10
343.982839
 20
290.716733
 42
-0.193518
  0
VERTEX
  8
0
 10
343.632058
 20
290.597209
 42
-0.017337
  0
VERTEX
  8
0
 10
342.687146
 20
290.681130
 42
-0.020574
  0
VERTEX
  8
0
 10
341.530122
 20
290.873068
 42
-0.014583
  0
VERTEX
  8
0
 10
340.250000
 20
291.179153
 42
-0.038585
  0
VERTEX
  8
0
 10
338.286446
 20
291.875935
 42
-0.176306
  0
VERTEX
  8
0
 10
337.428814
 20
292.702829
 42
-0.104570
  0
VERTEX
  8
0
 10
337.069999
 20
294.130464
 42
-0.009463
  0
VERTEX
  8
0
 10
337.000000
 20
297.828592
 42
0.019138
  0
VERTEX
  8
0
 10
336.912022
 20
300.126223
 42
0.023484
  0
VERTEX
  8
0
 10
336.647500
 20
302.257149
 42
0.022885
  0
VERTEX
  8
0
 10
336.266321
 20
303.992482
 42
0.131605
  0
VERTEX
  8
0
 10
335.800000
 20
304.800000
 42
-0.019206
  0
VERTEX
  8
0
 10
335.224838
 20
305.421132
 42
-0.191730
  0
VERTEX
  8
0
 10
335.112295
 20
305.750000
 42
-0.346165
  0
VERTEX
  8
0
 10
335.282206
 20
305.945434
 42
-0.047194
  0
VERTEX
  8
0
 10
335.859017
 20
306.000000
 42
0.062018
  0
VERTEX
  8
0
 10
336.306836
 20
306.055760
 42
0.131931
  0
VERTEX
  8
0
 10
336.609188
 20
306.224923
 42
0.191610
  0
VERTEX
  8
0
 10
336.720901
 20
306.475268
 42
0.149771
  0
VERTEX
  8
0
 10
336.644808
 20
306.765696
 42
-0.502042
  0
VERTEX
  8
0
 10
336.762654
 20
307.063346
 42
-0.028076
  0
VERTEX
  8
0
 10
337.897734
 20
307.301858
 42
-0.025151
  0
VERTEX
  8
0
 10
339.534889
 20
307.467255
 42
-0.013325
  0
VERTEX
  8
0
 10
341.574619
 20
307.515696
 42
-0.018206
  0
VERTEX
  8
0
 10
343.673931
 20
307.433122
 42
-0.026568
  0
VERTEX
  8
0
 10
345.509229
 20
307.195335
 42
-0.024888
  0
VERTEX
  8
0
 10
346.932943
 20
306.859374
 42
-0.234880
  0
SEQEND
  0
POLYLINE
  8
0
 66
1
 70
1
  0
VERTEX
  8
0
 10
347.243769
 20
290.335642
 42
0.078880
  0
VERTEX
  8
0
 10
346.806545
 20
290.073164
 42
0.105417
  0
VERTEX
  8
0
 10
346.522598
 20
289.709292
 42
0.121773
  0
VERTEX
  8
0
 10
346.435807
 20
289.302558
 42
0.131107
  0
VERTEX
  8
0
 10
346.552786
 20
288.914590
 42
-0.153039
  0
VERTEX
  8
0
 10
346.641288
 20
288.567778
 42
-0.191540
  0
VERTEX
  8
0
 10
346.503251
 20
288.268661
 42
-0.129912
  0
VERTEX
  8
0
 10
346.134557
 20
288.066494
 42
-0.060872
  0
VERTEX
  8
0
 10
345.590402
 20
288.000000
 42
-0.086507
  0
VERTEX
  8
0
 10
344.997464
 20
288.103359
 42
-0.166538
  0
VERTEX
  8
0
 10
344.625426
 20
288.401279
 42
-0.158198
  0
VERTEX
  8
0
 10
344.502940
 20
288.877518
 42
-0.076235
  0
VERTEX
  8
0
 10
344.638374
 20
289.500000
 42
-0.089008
  0
VERTEX
  8
0
 10
344.981533
 20
290.067375
 42
-0.070018
  0
VERTEX
  8
0
 10
345.527528
 20
290.536184
 42
-0.069536
  0
VERTEX
  8
0
 10
346.185888
 20
290.838782
 42
-0.085203
  0
VERTEX
  8
0
 10
346.856989
 20
290.921053
 42
-0.018402
  0
VERTEX
  8
0
 10
347.527699
 20
290.864031
 42
-0.219770
  0
VERTEX
  8
0
 10
347.743365
 20
290.730534
 42
-0.431679
  0
VERTEX
  8
0
 10
347.703174
 20
290.559782
 42
-0.035357
  0
SEQEND
  0
POLYLINE
  8
0
 66
1
 70
1
  0
VERTEX
  8
0
 10
73.812500
 20
307.316886
 42
0.051402
  0
VERTEX
  8
0
 10
74.359369
 20
307.160852
 42
0.054150
  0
VERTEX
  8
0
 10
74.916927
 20
307.123424
 42
0.060344
  0
VERTEX
  8
0
 10
75.402231
 20
307.202593
 42
0.126455
  0
VERTEX
  8
0
 10
75.729167
 20
307.395833
 42
0.296942
  0
VERTEX
  8
0
 10
75.775380
 20
307.614691
 42
0.208169
  0
VERTEX
  8
0
 10
75.592839
 20
307.799335
 42
0.077125
  0
VERTEX
  8
0
 10
75.112848
 20
307.910055
 42
0.028489
  0
VERTEX
  8
0
 10
74.416667
 20
307.921053
 42
0.018894
  0
VERTEX
  8
0
 10
73.670344
 20
307.862007
 42
0.168741
  0
VERTEX
  8
0
 10
73.378580
 20
307.720685
 42
0.470617
  0
VERTEX
  8
0
 10
73.395823
 20
307.538436
 42
0.054073
  0
SEQEND
  0
POLYLINE
  8
0
 66
1
 70
1
  0
VERTEX
  8
0
 10
84.812500
 20
307.316886
 42
0.051402
  0
VERTEX
  8
0
 10
85.359369
 20
307.160852
 42
0.054150
  0
VERTEX
  8
0
 10
85.916927
 20
307.123424
 42
0.060344
  0
VERTEX
  8
0
 10
86.402231
 20
307.202593
 42
0.126455
  0
VERTEX
  8
0
 10
86.729167
 20
307.395833
 42
0.296942
  0
VERTEX
  8
0
 10
86.775380
 20
307.614691
 42
0.208169
  0
VERTEX
  8
0
 10
86.592839
 20
307.799335
 42
0.077125
  0
VERTEX
  8
0
 10
86.112848
 20
307.910055
 42
0.028489
  0
VERTEX
  8
0
 10
85.416667
 20
307.921053
 42
0.018894
  0
VERTEX
  8
0
 10
84.670344
 20
307.862007
 42
0.168741
  0
VERTEX
  8
0
 10
84.378580
 20
307.720685
 42
0.470617
  0
VERTEX
  8
0
 10
84.395823
 20
307.538436
 42
0.054073
  0
SEQEND
  0
POLYLINE
  8
0
 66
1
 70
1
  0
VERTEX
  8
0
 10
247.000000
 20
306.179715
 42
0.126794
  0
VERTEX
  8
0
 10
246.410591
 20
305.705314
 42
0.052386
  0
VERTEX
  8
0
 10
245.883562
 20
304.818416
 42
0.047319
  0
VERTEX
  8
0
 10
245.491112
 20
303.698036
 42
0.044453
  0
VERTEX
  8
0
 10
245.305742
 20
302.500000
 42
0.000000
  0
VERTEX
  8
0
 10
245.111484
 20
299.500000
 42
0.000000
  0
VERTEX
  8
0
 10
246.587679
 20
302.250000
 42
-0.013892
  0
VERTEX
  8
0
 10
247.191548
 20
303.303621
 42
-0.020343
  0
VERTEX
  8
0
 10
247.785072
 20
304.192187
 42
-0.016402
  0
VERTEX
  8
0
 10
248.313982
 20
304.870348
 42
-0.222469
  0
VERTEX
  8
0
 10
248.590954
 20
305.000000
 42
-0.271195
  0
VERTEX
  8
0
 10
248.737211
 20
304.914375
 42
-0.151698
  0
VERTEX
  8
0
 10
248.781657
 20
304.706250
 42
-0.079094
  0
VERTEX
  8
0
 10
248.699820
 20
304.383820
 42
-0.036805
  0
VERTEX
  8
0
 10
248.500000
 20
304.000000
 42
0.082592
  0
VERTEX
  8
0
 10
248.343488
 20
303.617900
 42
0.161196
  0
VERTEX
  8
0
 10
248.374600
 20
303.293750
 42
0.182303
  0
VERTEX
  8
0
 10
248.586039
 20
303.078288
 42
0.108972
  0
VERTEX
  8
0
 10
248.940983
 20
303.000000
 42
0.182172
  0
VERTEX
  8
0
 10
249.345219
 20
303.152336
 42
0.091010
  0
VERTEX
  8
0
 10
249.688914
 20
303.587500
 42
0.070927
  0
VERTEX
  8
0
 10
249.921770
 20
304.234725
 42
0.050979
  0
VERTEX
  8
0
 10
250.000000
 20
305.000000
 42
0.050412
  0
VERTEX
  8
0
 10
249.871686
 20
306.269411
 42
0.253919
  0
VERTEX
  8
0
 10
249.428657
 20
306.796670
 42
0.177347
  0
VERTEX
  8
0
 10
248.609689
 20
306.816018
 42
0.024515
  0
SEQEND
  0
POLYLINE
  8
0
 66
1
 70
1
  0
VERTEX
  8
0
 10
257.750000
 20
306.337719
 42
0.057986
  0
VERTEX
  8
0
 10
258.320008
 20
306.181385
 42
0.037979
  0
VERTEX
  8
0
 10
259.000000
 20
306.129660
 42
0.037979
  0
VERTEX
  8
0
 10
259.679992
 20
306.181385
 42
0.057986
  0
VERTEX
  8
0
 10
260.250000
 20
306.337719
 42
0.174857
  0
VERTEX
  8
0
 10
260.459382
 20
306.525001
 42
0.447206
  0
VERTEX
  8
0
 10
260.398438
 20
306.693942
 42
0.078554
  0
VERTEX
  8
0
 10
259.891440
 20
306.810911
 42
0.017491
  0
VERTEX
  8
0
 10
259.000000
 20
306.842105
 42
0.017491
  0
VERTEX
  8
0
 10
258.108560
 20
306.810911
 42
0.078554
  0
VERTEX
  8
0
 10
257.601562
 20
306.693942
 42
0.447206
  0
VERTEX
  8
0
 10
257.540618
 20
306.525001
 42
0.174857
  0
SEQEND
  0
POLYLINE
  8
0
 66
1
 70
1
  0
VERTEX
  8
0
 10
84.812500
 20
303.316886
 42
0.051402
  0
VERTEX
  8
0
 10
85.359369
 20
303.160852
 42
0.054150
  0
VERTEX
  8
0
 10
85.916927
 20
303.123424
 42
0.060344
  0
VERTEX
  8
0
 10
86.402231
 20
303.202593
 42
0.126455
  0
VERTEX
  8
0
 10
86.729167
 20
303.395833
 42
0.296942
  0
VERTEX
  8
0
 10
86.775380
 20
303.614691
 42
0.208169
  0
VERTEX
  8
0
 10
86.592839
 20
303.799335
 42
0.077125
  0
VERTEX
  8
0
 10
86.112848
 20
303.910055
 42
0.028489
  0
VERTEX
  8
0
 10
85.416667
 20
303.921053
 42
0.018894
  0
VERTEX
  8
0
 10
84.670344
 20
303.862007
 42
0.168741
  0
VERTEX
  8
0
 10
84.378580
 20
303.720685
 42
0.470617
  0
VERTEX
  8
0
 10
84.395823
 20
303.538436
 42
0.054073
  0
SEQEND
  0
POLYLINE
  8
0
 66
1
 70
1
  0
VERTEX
  8
0
 10
257.916667
 20
302.750000
 42
0.045536
  0
VERTEX
  8
0
 10
257.874711
 20
302.571408
 42
0.001839
  0
VERTEX
  8
0
 10
257.784508
 20
301.912500
 42
0.003211
  0
VERTEX
  8
0
 10
257.685448
 20
301.130172
 42
0.002268
  0
VERTEX
  8
0
 10
257.583786
 20
300.250000
 42
0.048523
  0
VERTEX
  8
0
 10
257.569109
 20
299.161967
 42
0.152049
  0
VERTEX
  8
0
 10
257.840807
 20
298.491993
 42
0.164730
  0
VERTEX
  8
0
 10
258.427807
 20
298.126248
 42
0.059580
  0
VERTEX
  8
0
 10
259.417119
 20
298.015313
 42
0.015042
  0
VERTEX
  8
0
 10
260.425348
 20
298.053073
 42
0.207177
  0
VERTEX
  8
0
 10
260.743142
 20
298.216944
 42
0.410289
  0
VERTEX
  8
0
 10
260.719909
 20
298.467231
 42
0.033717
  0
VERTEX
  8
0
 10
260.136847
 20
298.894262
 42
-0.022213
  0
VERTEX
  8
0
 10
259.426195
 20
299.390051
 42
-0.233412
  0
VERTEX
  8
0
 10
259.273695
 20
299.698930
 42
-0.275386
  0
VERTEX
  8
0
 10
259.436975
 20
299.972905
 42
-0.029355
  0
VERTEX
  8
0
 10
260.136847
 20
300.300002
 42
0.028247
  0
VERTEX
  8
0
 10
260.681779
 20
300.553215
 42
0.453181
  0
VERTEX
  8
0
 10
260.722535
 20
300.728591
 42
0.215275
  0
VERTEX
  8
0
 10
260.488828
 20
300.863667
 42
0.014095
  0
VERTEX
  8
0
 10
259.690983
 20
300.921053
 42
-0.056904
  0
VERTEX
  8
0
 10
259.042692
 20
301.023878
 42
-0.116801
  0
VERTEX
  8
0
 10
258.594912
 20
301.270559
 42
-0.179435
  0
VERTEX
  8
0
 10
258.416012
 20
301.614511
 42
-0.171169
  0
VERTEX
  8
0
 10
258.500000
 20
302.000000
 42
0.039193
  0
VERTEX
  8
0
 10
258.697480
 20
302.383783
 42
0.084685
  0
VERTEX
  8
0
 10
258.772275
 20
302.706250
 42
0.160287
  0
VERTEX
  8
0
 10
258.717196
 20
302.914201
 42
0.253746
  0
VERTEX
  8
0
 10
258.559017
 20
303.000000
 42
0.041867
  0
VERTEX
  8
0
 10
258.338955
 20
302.981541
 42
0.050991
  0
VERTEX
  8
0
 10
258.139732
 20
302.926562
 42
0.059298
  0
VERTEX
  8
0
 10
257.988427
 20
302.845933
 42
0.161629
  0
SEQEND
  0
POLYLINE
  8
0
 66
1
 70
1
  0
VERTEX
  8
0
 10
334.149832
 20
294.250000
 42
0.008525
  0
VERTEX
  8
0
 10
334.146321
 20
291.086632
 42
0.014168
  0
VERTEX
  8
0
 10
334.264326
 20
288.423037
 42
0.007804
  0
VERTEX
  8
0
 10
334.455210
 20
286.264792
 42
0.383600
  0
VERTEX
  8
0
 10
334.750000
 20
285.998637
 42
0.373421
  0
VERTEX
  8
0
 10
335.034284
 20
286.244450
 42
0.015492
  0
VERTEX
  8
0
 10
335.196676
 20
287.687137
 42
0.020337
  0
VERTEX
  8
0
 10
335.271795
 20
289.543580
 42
0.012218
  0
VERTEX
  8
0
 10
335.217406
 20
291.748637
 42
0.001605
  0
VERTEX
  8
0
 10
334.854452
 20
298.681549
 42
0.087189
  0
VERTEX
  8
0
 10
334.556729
 20
299.956233
 42
0.804091
  0
VERTEX
  8
0
 10
334.283980
 20
299.904610
 42
0.002780
  0
SEQEND
  0
POLYLINE
  8
0
 66
1
 70
1
  0
VERTEX
  8
0
 10
73.750000
 20
298.337719
 42
0.057986
  0
VERTEX
  8
0
 10
74.320008
 20
298.181385
 42
0.037979
  0
VERTEX
  8
0
 10
75.000000
 20
298.129660
 42
0.037979
  0
VERTEX
  8
0
 10
75.679992
 20
298.181385
 42
0.057986
  0
VERTEX
  8
0
 10
76.250000
 20
298.337719
 42
0.174857
  0
VERTEX
  8
0
 10
76.459382
 20
298.525001
 42
0.447206
  0
VERTEX
  8
0
 10
76.398438
 20
298.693942
 42
0.078554
  0
VERTEX
  8
0
 10
75.891440
 20
298.810911
 42
0.017491
  0
VERTEX
  8
0
 10
75.000000
 20
298.842105
 42
0.017491
  0
VERTEX
  8
0
 10
74.108560
 20
298.810911
 42
0.078554
  0
VERTEX
  8
0
 10
73.601562
 20
298.693942
 42
0.447206
  0
VERTEX
  8
0
 10
73.540618
 20
298.525001
 42
0.174857
  0
SEQEND
  0
POLYLINE
  8
0
 66
1
 70
1
  0
VERTEX
  8
0
 10
84.812500
 20
298.316886
 42
0.051402
  0
VERTEX
  8
0
 10
85.359369
 20
298.160852
 42
0.054150
  0
VERTEX
  8
0
 10
85.916927
 20
298.123424
 42
0.060344
  0
VERTEX
  8
0
 10
86.402231
 20
298.202593
 42
0.126455
  0
VERTEX
  8
0
 10
86.729167
 20
298.395833
 42
0.296942
  0
VERTEX
  8
0
 10
86.775380
 20
298.614691
 42
0.208169
  0
VERTEX
  8
0
 10
86.592839
 20
298.799335
 42
0.077125
  0
VERTEX
  8
0
 10
86.112848
 20
298.910055
 42
0.028489
  0
VERTEX
  8
0
 10
85.416667
 20
298.921053
 42
0.018894
  0
VERTEX
  8
0
 10
84.670344
 20
298.862007
 42
0.168741
  0
VERTEX
  8
0
 10
84.378580
 20
298.720685
 42
0.470617
  0
VERTEX
  8
0
 10
84.395823
 20
298.538436
 42
0.054073
  0
SEQEND
  0
POLYLINE
  8
0
 66
1
 70
1
  0
VERTEX
  8
0
 10
205.500000
 20
297.000000
 42
-0.014773
  0
VERTEX
  8
0
 10
206.360658
 20
296.599645
 42
-0.156051
  0
VERTEX
  8
0
 10
206.634175
 20
296.332000
 42
-0.482552
  0
VERTEX
  8
0
 10
206.551391
 20
296.142846
 42
-0.050560
  0
VERTEX
  8
0
 10
206.000000
 20
296.054972
 42
0.014524
  0
VERTEX
  8
0
 10
205.153238
 20
295.981929
 42
0.373485
  0
VERTEX
  8
0
 10
205.009210
 20
295.824451
 42
0.254286
  0
VERTEX
  8
0
 10
205.126100
 20
295.595520
 42
0.009199
  0
VERTEX
  8
0
 10
205.973607
 20
295.037474
 42
0.057254
  0
VERTEX
  8
0
 10
206.657539
 20
294.707506
 42
0.111317
  0
VERTEX
  8
0
 10
207.256864
 20
294.639243
 42
0.131273
  0
VERTEX
  8
0
 10
207.761876
 20
294.834751
 42
0.097003
  0
VERTEX
  8
0
 10
208.170820
 20
295.276393
 42
0.204740
  0
VERTEX
  8
0
 10
208.313784
 20
296.224402
 42
0.156931
  0
VERTEX
  8
0
 10
207.746325
 20
297.118459
 42
0.108940
  0
VERTEX
  8
0
 10
206.539914
 20
297.741792
 42
0.074264
  0
VERTEX
  8
0
 10
205.000000
 20
297.914402
 42
0.051935
  0
VERTEX
  8
0
 10
204.464625
 20
297.838733
 42
0.491407
  0
VERTEX
  8
0
 10
204.384577
 20
297.656114
 42
0.152377
  0
VERTEX
  8
0
 10
204.658129
 20
297.391929
 42
0.014925
  0
SEQEND
  0
POLYLINE
  8
0
 66
1
 70
1
  0
VERTEX
  8
0
 10
216.000000
 20
296.119131
 42
0.270533
  0
VERTEX
  8
0
 10
216.167103
 20
295.832894
 42
0.038629
  0
VERTEX
  8
0
 10
216.807813
 20
295.533806
 42
0.035190
  0
VERTEX
  8
0
 10
217.696323
 20
295.269465
 42
0.022999
  0
VERTEX
  8
0
 10
218.750000
 20
295.085523
 42
0.012613
  0
VERTEX
  8
0
 10
222.613969
 20
294.691529
 42
0.037564
  0
VERTEX
  8
0
 10
225.272654
 20
294.688078
 42
0.058953
  0
VERTEX
  8
0
 10
226.994849
 20
295.022084
 42
0.237101
  0
VERTEX
  8
0
 10
227.738155
 20
295.750000
 42
0.125745
  0
VERTEX
  8
0
 10
227.776334
 20
296.225758
 42
0.144937
  0
VERTEX
  8
0
 10
227.575687
 20
296.632812
 42
0.125127
  0
VERTEX
  8
0
 10
227.155725
 20
296.905561
 42
0.081941
  0
VERTEX
  8
0
 10
226.583333
 20
297.000000
 42
0.061282
  0
VERTEX
  8
0
 10
225.977885
 20
296.925514
 42
0.079792
  0
VERTEX
  8
0
 10
225.465104
 20
296.706250
 42
0.097575
  0
VERTEX
  8
0
 10
225.121837
 20
296.381393
 42
0.155847
  0
VERTEX
  8
0
 10
225.000000
 20
296.000000
 42
-0.153634
  0
VERTEX
  8
0
 10
224.879982
 20
295.618621
 42
-0.097988
  0
VERTEX
  8
0
 10
224.542039
 20
295.293750
 42
-0.080552
  0
VERTEX
  8
0
 10
224.037096
 20
295.074545
 42
-0.062283
  0
VERTEX
  8
0
 10
223.440983
 20
295.000000
 42
-0.051178
  0
VERTEX
  8
0
 10
222.878795
 20
295.057694
 42
-0.111218
  0
VERTEX
  8
0
 10
222.485815
 20
295.236052
 42
-0.186029
  0
VERTEX
  8
0
 10
222.322325
 20
295.499531
 42
-0.187420
  0
VERTEX
  8
0
 10
222.378606
 20
295.803580
 42
0.402972
  0
VERTEX
  8
0
 10
222.310746
 20
296.118011
 42
0.073838
  0
VERTEX
  8
0
 10
221.719556
 20
296.399732
 42
0.044738
  0
VERTEX
  8
0
 10
220.721787
 20
296.610180
 42
0.022533
  0
VERTEX
  8
0
 10
219.437623
 20
296.704603
 42
0.018695
  0
VERTEX
  8
0
 10
218.119873
 20
296.692681
 42
0.030575
  0
VERTEX
  8
0
 10
217.009802
 20
296.572815
 42
0.031688
  0
VERTEX
  8
0
 10
216.193180
 20
296.379843
 42
0.330112
  0
SEQEND
  0
POLYLINE
  8
0
 66
1
 70
1
  0
VERTEX
  8
0
 10
233.961742
 20
296.179419
 42
-0.073011
  0
VERTEX
  8
0
 10
234.330879
 20
295.993063
 42
-0.106864
  0
VERTEX
  8
0
 10
234.576674
 20
295.726348
 42
-0.130574
  0
VERTEX
  8
0
 10
234.661266
 20
295.423060
 42
-0.142426
  0
VERTEX
  8
0
 10
234.579649
 20
295.128876
 42
0.273956
  0
VERTEX
  8
0
 10
234.574678
 20
294.864227
 42
0.150296
  0
VERTEX
  8
0
 10
234.818343
 20
294.634286
 42
0.078248
  0
VERTEX
  8
0
 10
235.319411
 20
294.478246
 42
0.036445
  0
VERTEX
  8
0
 10
236.000000
 20
294.428571
 42
0.041231
  0
VERTEX
  8
0
 10
236.676600
 20
294.484461
 42
0.089400
  0
VERTEX
  8
0
 10
237.166151
 20
294.659375
 42
0.166626
  0
VERTEX
  8
0
 10
237.392066
 20
294.917425
 42
0.240072
  0
VERTEX
  8
0
 10
237.367564
 20
295.214286
 42
-0.101891
  0
VERTEX
  8
0
 10
237.258073
 20
295.513780
 42
-0.178126
  0
VERTEX
  8
0
 10
237.311218
 20
295.769196
 42
-0.166939
  0
VERTEX
  8
0
 10
237.521941
 20
295.940394
 42
-0.088088
  0
VERTEX
  8
0
 10
237.857650
 20
296.000000
 42
-0.111184
  0
VERTEX
  8
0
 10
238.268252
 20
295.907552
 42
-0.064692
  0
VERTEX
  8
0
 10
238.694890
 20
295.632812
 42
-0.059740
  0
VERTEX
  8
0
 10
239.072143
 20
295.227966
 42
-0.061896
  0
VERTEX
  8
0
 10
239.337719
 20
294.750000
 42
0.009076
  0
VERTEX
  8
0
 10
239.617987
 20
294.090194
 42
0.295955
  0
VERTEX
  8
0
 10
239.757018
 20
294.000000
 42
0.382689
  0
VERTEX
  8
0
 10
239.864758
 20
294.096611
 42
0.011437
  0
VERTEX
  8
0
 10
239.921053
 20
294.750000
 42
-0.110032
  0
VERTEX
  8
0
 10
240.059390
 20
295.227027
 42
-0.093567
  0
VERTEX
  8
0
 10
240.392955
 20
295.632812
 42
-0.088627
  0
VERTEX
  8
0
 10
240.869669
 20
295.905373
 42
-0.085859
  0
VERTEX
  8
0
 10
241.416667
 20
296.000000
 42
-0.080074
  0
VERTEX
  8
0
 10
241.995939
 20
295.906632
 42
-0.064399
  0
VERTEX
  8
0
 10
242.565351
 20
295.632812
 42
-0.065245
  0
VERTEX
  8
0
 10
243.039141
 20
295.227909
 42
-0.087674
  0
VERTEX
  8
0
 10
243.337719
 20
294.750000
 42
0.041259
  0
VERTEX
  8
0
 10
243.555593
 20
294.316803
 42
0.438810
  0
VERTEX
  8
0
 10
243.728345
 20
294.282628
 42
0.206284
  0
VERTEX
  8
0
 10
243.863628
 20
294.512347
 42
0.019581
  0
VERTEX
  8
0
 10
243.921053
 20
295.176850
 42
0.172613
  0
VERTEX
  8
0
 10
243.668193
 20
296.009559
 42
0.167479
  0
VERTEX
  8
0
 10
242.943030
 20
296.508069
 42
0.064971
  0
VERTEX
  8
0
 10
241.451575
 20
296.719182
 42
0.010017
  0
VERTEX
  8
0
 10
238.455511
 20
296.691679
 42
0.006418
  0
VERTEX
  8
0
 10
236.397052
 20
296.605070
 42
0.014655
  0
VERTEX
  8
0
 10
234.848365
 20
296.474369
 42
0.027162
  0
VERTEX
  8
0
 10
233.969020
 20
296.325402
 42
0.759304
  0
SEQEND
  0
POLYLINE
  8
0
 66
1
 70
1
  0
VERTEX
  8
0
 10
210.812500
 20
294.316886
 42
0.051402
  0
VERTEX
  8
0
 10
211.359369
 20
294.160852
 42
0.054150
  0
VERTEX
  8
0
 10
211.916927
 20
294.123424
 42
0.060344
  0
VERTEX
  8
0
 10
212.402231
 20
294.202593
 42
0.126455
  0
VERTEX
  8
0
 10
212.729167
 20
294.395833
 42
0.296942
  0
VERTEX
  8
0
 10
212.775380
 20
294.614691
 42
0.208169
  0
VERTEX
  8
0
 10
212.592839
 20
294.799335
 42
0.077125
  0
VERTEX
  8
0
 10
212.112848
 20
294.910055
 42
0.028489
  0
VERTEX
  8
0
 10
211.416667
 20
294.921053
 42
0.018894
  0
VERTEX
  8
0
 10
210.670344
 20
294.862007
 42
0.168741
  0
VERTEX
  8
0
 10
210.378580
 20
294.720685
 42
0.470617
  0
VERTEX
  8
0
 10
210.395823
 20
294.538436
 42
0.054073
  0
SEQEND
  0
POLYLINE
  8
0
 66
1
 70
1
  0
VERTEX
  8
0
 10
73.000000
 20
292.000000
 42
0.076540
  0
VERTEX
  8
0
 10
73.056379
 20
291.633859
 42
0.114349
  0
VERTEX
  8
0
 10
73.220313
 20
291.356158
 42
0.137301
  0
VERTEX
  8
0
 10
73.464615
 20
291.210737
 42
0.135841
  0
VERTEX
  8
0
 10
73.750000
 20
291.212452
 42
-0.129349
  0
VERTEX
  8
0
 10
74.175652
 20
291.220442
 42
-0.023446
  0
VERTEX
  8
0
 10
74.940625
 20
290.996003
 42
-0.023872
  0
VERTEX
  8
0
 10
75.833579
 20
290.639344
 42
-0.019642
  0
VERTEX
  8
0
 10
76.750000
 20
290.177268
 42
0.023499
  0
VERTEX
  8
0
 10
78.377829
 20
289.372171
 42
0.379453
  0
VERTEX
  8
0
 10
78.914970
 20
289.546024
 42
0.318738
  0
VERTEX
  8
0
 10
78.862175
 20
290.167995
 42
0.020904
  0
VERTEX
  8
0
 10
77.571429
 20
291.571429
 42
0.084347
  0
VERTEX
  8
0
 10
76.228429
 20
292.524348
 42
0.089067
  0
VERTEX
  8
0
 10
74.671134
 20
292.957258
 42
0.133306
  0
VERTEX
  8
0
 10
73.477976
 20
292.750512
 42
0.291395
  0
SEQEND
  0
POLYLINE
  8
0
 66
1
 70
1
  0
VERTEX
  8
0
 10
84.000000
 20
291.940983
 42
0.098926
  0
VERTEX
  8
0
 10
84.071817
 20
291.581552
 42
0.176081
  0
VERTEX
  8
0
 10
84.273452
 20
291.362055
 42
0.169366
  0
VERTEX
  8
0
 10
84.575570
 20
291.318355
 42
0.090666
  0
VERTEX
  8
0
 10
84.930902
 20
291.457295
 42
-0.108373
  0
VERTEX
  8
0
 10
85.334197
 20
291.598899
 42
-0.099685
  0
VERTEX
  8
0
 10
85.772860
 20
291.565079
 42
-0.095498
  0
VERTEX
  8
0
 10
86.179369
 20
291.360589
 42
-0.090427
  0
VERTEX
  8
0
 10
86.489919
 20
291.016312
 42
0.066946
  0
VERTEX
  8
0
 10
86.809010
 20
290.627532
 42
0.052251
  0
VERTEX
  8
0
 10
87.245907
 20
290.298542
 42
0.053446
  0
VERTEX
  8
0
 10
87.728193
 20
290.074880
 42
0.082044
  0
VERTEX
  8
0
 10
88.181462
 20
290.000000
 42
0.167546
  0
VERTEX
  8
0
 10
88.521202
 20
290.117132
 42
0.262590
  0
VERTEX
  8
0
 10
88.636582
 20
290.395293
 42
0.113412
  0
VERTEX
  8
0
 10
88.468844
 20
290.860221
 42
0.030163
  0
VERTEX
  8
0
 10
88.000000
 20
291.500000
 42
0.086313
  0
VERTEX
  8
0
 10
86.825504
 20
292.501113
 42
0.106366
  0
VERTEX
  8
0
 10
85.463061
 20
292.955240
 42
0.168310
  0
VERTEX
  8
0
 10
84.432988
 20
292.720900
 42
0.258970
  0
SEQEND
  0
POLYLINE
  8
0
 66
1
 70
1
  0
VERTEX
  8
0
 10
268.812500
 20
289.316886
 42
0.051402
  0
VERTEX
  8
0
 10
269.359369
 20
289.160852
 42
0.054150
  0
VERTEX
  8
0
 10
269.916927
 20
289.123424
 42
0.060344
  0
VERTEX
  8
0
 10
270.402231
 20
289.202593
 42
0.126455
  0
VERTEX
  8
0
 10
270.729167
 20
289.395833
 42
0.296942
  0
VERTEX
  8
0
 10
270.775380
 20
289.614691
 42
0.208169
  0
VERTEX
  8
0
 10
270.592839
 20
289.799335
 42
0.077125
  0
VERTEX
  8
0
 10
270.112848
 20
289.910055
 42
0.028489
  0
VERTEX
  8
0
 10
269.416667
 20
289.921053
 42
0.018894
  0
VERTEX
  8
0
 10
268.670344
 20
289.862007
 42
0.168741
  0
VERTEX
  8
0
 10
268.378580
 20
289.720685
 42
0.470617
  0
VERTEX
  8
0
 10
268.395823
 20
289.538436
 42
0.054073
  0
SEQEND
  0
POLYLINE
  8
0
 66
1
 70
1
  0
VERTEX
  8
0
 10
548.750000
 20
289.337719
 42
0.057986
  0
VERTEX
  8
0
 10
549.320008
 20
289.181385
 42
0.037979
  0
VERTEX
  8
0
 10
550.000000
 20
289.129660
 42
0.037979
  0
VERTEX
  8
0
 10
550.679992
 20
289.181385
 42
0.057986
  0
VERTEX
  8
0
 10
551.250000
 20
289.337719
 42
0.174857
  0
VERTEX
  8
0
 10
551.459382
 20
289.525001
 42
0.447206
  0
VERTEX
  8
0
 10
551.398438
 20
289.693942
 42
0.078554
  0
VERTEX
  8
0
 10
550.891440
 20
289.810911
 42
0.017491
  0
VERTEX
  8
0
 10
550.000000
 20
289.842105
 42
0.017491
  0
VERTEX
  8
0
 10
549.108560
 20
289.810911
 42
0.078554
  0
VERTEX
  8
0
 10
548.601562
 20
289.693942
 42
0.447206
  0
VERTEX
  8
0
 10
548.540618
 20
289.525001
 42
0.174857
  0
SEQEND
  0
POLYLINE
  8
0
 66
1
 70
1
  0
VERTEX
  8
0
 10
559.812500
 20
289.316886
 42
0.051402
  0
VERTEX
  8
0
 10
560.359369
 20
289.160852
 42
0.054150
  0
VERTEX
  8
0
 10
560.916927
 20
289.123424
 42
0.060344
  0
VERTEX
  8
0
 10
561.402231
 20
289.202593
 42
0.126455
  0
VERTEX
  8
0
 10
561.729167
 20
289.395833
 42
0.296942
  0
VERTEX
  8
0
 10
561.775380
 20
289.614691
 42
0.208169
  0
VERTEX
  8
0
 10
561.592839
 20
289.799335
 42
0.077125
  0
VERTEX
  8
0
 10
561.112848
 20
289.910055
 42
0.028489
  0
VERTEX
  8
0
 10
560.416667
 20
289.921053
 42
0.018894
  0
VERTEX
  8
0
 10
559.670344
 20
289.862007
 42
0.168741
  0
VERTEX
  8
0
 10
559.378580
 20
289.720685
 42
0.470617
  0
VERTEX
  8
0
 10
559.395823
 20
289.538436
 42
0.054073
  0
SEQEND
  0
POLYLINE
  8
0
 66
1
 70
1
  0
VERTEX
  8
0
 10
75.000000
 20
283.000000
 42
-0.010487
  0
VERTEX
  8
0
 10
75.802572
 20
282.457144
 42
-0.221176
  0
VERTEX
  8
0
 10
75.942245
 20
282.213071
 42
-0.410559
  0
VERTEX
  8
0
 10
75.810106
 20
282.054499
 42
-0.021532
  0
VERTEX
  8
0
 10
75.083333
 20
282.015313
 42
0.031219
  0
VERTEX
  8
0
 10
74.570211
 20
281.977672
 42
0.081655
  0
VERTEX
  8
0
 10
74.218036
 20
281.869274
 42
0.202839
  0
VERTEX
  8
0
 10
74.084693
 20
281.713827
 42
0.280573
  0
VERTEX
  8
0
 10
74.127004
 20
281.539663
 42
0.181355
  0
VERTEX
  8
0
 10
74.442064
 20
281.396469
 42
0.029550
  0
VERTEX
  8
0
 10
75.125058
 20
281.390528
 42
0.029297
  0
VERTEX
  8
0
 10
75.967289
 20
281.482665
 42
0.022063
  0
VERTEX
  8
0
 10
76.878205
 20
281.678401
 42
0.020865
  0
VERTEX
  8
0
 10
77.963291
 20
282.011089
 42
0.163160
  0
VERTEX
  8
0
 10
78.373996
 20
282.331617
 42
0.340543
  0
VERTEX
  8
0
 10
78.348408
 20
282.687293
 42
0.069502
  0
VERTEX
  8
0
 10
77.834535
 20
283.123425
 42
0.041749
  0
VERTEX
  8
0
 10
77.214271
 20
283.447539
 42
0.027017
  0
VERTEX
  8
0
 10
76.451395
 20
283.720877
 42
0.027135
  0
VERTEX
  8
0
 10
75.671339
 20
283.908277
 42
0.045410
  0
VERTEX
  8
0
 10
75.000000
 20
283.969374
 42
0.012417
  0
VERTEX
  8
0
 10
74.133247
 20
283.947847
 42
0.399741
  0
VERTEX
  8
0
 10
74.000000
 20
283.807812
 42
0.246842
  0
VERTEX
  8
0
 10
74.113979
 20
283.591006
 42
0.007261
  0
SEQEND
  0
POLYLINE
  8
0
 66
1
 70
1
  0
VERTEX
  8
0
 10
86.333333
 20
282.500000
 42
0.112027
  0
VERTEX
  8
0
 10
86.437440
 20
282.041183
 42
0.147408
  0
VERTEX
  8
0
 10
86.725000
 20
281.725590
 42
0.136649
  0
VERTEX
  8
0
 10
87.157796
 20
281.606966
 42
0.090826
  0
VERTEX
  8
0
 10
87.666667
 20
281.702330
 42
0.017491
  0
VERTEX
  8
0
 10
88.177494
 20
281.919139
 42
0.025698
  0
VERTEX
  8
0
 10
88.608333
 20
282.147700
 42
0.023571
  0
VERTEX
  8
0
 10
88.929687
 20
282.361132
 42
0.238735
  0
VERTEX
  8
0
 10
89.000000
 20
282.500000
 42
0.238735
  0
VERTEX
  8
0
 10
88.929687
 20
282.638868
 42
0.023571
  0
VERTEX
  8
0
 10
88.608333
 20
282.852300
 42
0.025698
  0
VERTEX
  8
0
 10
88.177494
 20
283.080861
 42
0.017491
  0
VERTEX
  8
0
 10
87.666667
 20
283.297670
 42
0.090826
  0
VERTEX
  8
0
 10
87.157796
 20
283.393034
 42
0.136649
  0
VERTEX
  8
0
 10
86.725000
 20
283.274410
 42
0.147408
  0
VERTEX
  8
0
 10
86.437440
 20
282.958817
 42
0.112027
  0
SEQEND
  0
POLYLINE
  8
0
 66
1
 70
1
  0
VERTEX
  8
0
 10
101.000000
 20
190.000000
 42
0.000000
  0
VERTEX
  8
0
 10
101.000000
 20
97.000000
 42
0.000000
  0
VERTEX
  8
0
 10
114.377640
 20
97.000000
 42
0.000000
  0
VERTEX
  8
0
 10
127.755281
 20
97.000000
 42
0.000000
  0
VERTEX
  8
0
 10
127.500000
 20
94.000000
 42
0.027536
  0
VERTEX
  8
0
 10
127.465692
 20
92.850282
 42
0.044862
  0
VERTEX
  8
0
 10
127.577515
 20
91.881250
 42
0.057821
  0
VERTEX
  8
0
 10
127.801886
 20
91.204334
 42
0.291678
  0
VERTEX
  8
0
 10
128.122360
 20
91.000000
 42
0.186465
  0
VERTEX
  8
0
 10
128.462990
 20
91.131607
 42
0.084444
  0
VERTEX
  8
0
 10
128.762839
 20
91.514062
 42
0.066245
  0
VERTEX
  8
0
 10
128.978650
 20
92.080309
 42
0.047960
  0
VERTEX
  8
0
 10
129.070285
 20
92.750000
 42
-0.011173
  0
VERTEX
  8
0
 10
129.131074
 20
93.721577
 42
-0.467319
  0
VERTEX
  8
0
 10
129.282091
 20
93.827495
 42
-0.223503
  0
VERTEX
  8
0
 10
129.489401
 20
93.652006
 42
-0.005675
  0
VERTEX
  8
0
 10
130.000000
 20
92.500000
 42
0.577075
  0
VERTEX
  8
0
 10
130.359178
 20
92.457363
 42
0.126999
  0
VERTEX
  8
0
 10
130.661651
 20
93.194213
 42
0.026133
  0
VERTEX
  8
0
 10
130.852931
 20
95.449264
 42
0.006084
  0
VERTEX
  8
0
 10
130.929715
 20
99.250000
 42
-0.006664
  0
VERTEX
  8
0
 10
131.024998
 20
103.709917
 42
-0.033422
  0
VERTEX
  8
0
 10
131.277973
 20
106.193479
 42
-0.070333
  0
VERTEX
  8
0
 10
131.713281
 20
107.558229
 42
-0.287987
  0
VERTEX
  8
0
 10
132.416667
 20
108.000000
 42
-0.079041
  0
VERTEX
  8
0
 10
133.001834
 20
107.906914
 42
-0.060848
  0
VERTEX
  8
0
 10
133.588542
 20
107.632812
 42
-0.061238
  0
VERTEX
  8
0
 10
134.088167
 20
107.228021
 42
-0.082920
  0
VERTEX
  8
0
 10
134.416667
 20
106.750000
 42
0.029131
  0
VERTEX
  8
0
 10
134.744495
 20
106.142530
 42
0.260055
  0
VERTEX
  8
0
 10
135.000000
 20
106.000000
 42
0.260055
  0
VERTEX
  8
0
 10
135.255505
 20
106.142530
 42
0.029131
  0
VERTEX
  8
0
 10
135.583333
 20
106.750000
 42
-0.085984
  0
VERTEX
  8
0
 10
135.916154
 20
107.228050
 42
-0.061443
  0
VERTEX
  8
0
 10
136.428795
 20
107.632813
 42
-0.060458
  0
VERTEX
  8
0
 10
137.034616
 20
107.906883
 42
-0.076165
  0
VERTEX
  8
0
 10
137.642350
 20
108.000000
 42
-0.064335
  0
VERTEX
  8
0
 10
138.165689
 20
107.932382
 42
-0.135884
  0
VERTEX
  8
0
 10
138.516552
 20
107.728170
 42
-0.191472
  0
VERTEX
  8
0
 10
138.642690
 20
107.425800
 42
-0.143581
  0
VERTEX
  8
0
 10
138.546118
 20
107.074620
 42
0.560734
  0
VERTEX
  8
0
 10
138.745937
 20
106.679802
 42
0.006309
  0
VERTEX
  8
0
 10
142.339047
 20
106.436660
 42
0.010788
  0
VERTEX
  8
0
 10
147.052916
 20
106.279280
 42
0.004872
  0
VERTEX
  8
0
 10
153.237101
 20
106.266562
 42
0.002223
  0
VERTEX
  8
0
 10
158.705282
 20
106.332904
 42
0.012069
  0
VERTEX
  8
0
 10
161.667551
 20
106.453573
 42
0.876225
  0
VERTEX
  8
0
 10
161.677039
 20
106.595176
 42
0.038604
  0
VERTEX
  8
0
 10
160.503498
 20
106.738444
 42
-0.010561
  0
VERTEX
  8
0
 10
157.370940
 20
106.943707
 42
-0.014644
  0
VERTEX
  8
0
 10
154.575879
 20
107.268942
 42
-0.011105
  0
VERTEX
  8
0
 10
152.292760
 20
107.654588
 42
-0.150076
  0
VERTEX
  8
0
 10
151.553498
 20
108.046502
 42
0.162858
  0
VERTEX
  8
0
 10
150.798131
 20
108.423118
 42
0.010399
  0
VERTEX
  8
0
 10
148.312426
 20
108.719910
 42
0.014365
  0
VERTEX
  8
0
 10
145.276980
 20
108.930636
 42
0.010146
  0
VERTEX
  8
0
 10
141.859017
 20
109.000000
 42
-0.009008
  0
VERTEX
  8
0
 10
138.471531
 20
109.061036
 42
-0.013681
  0
VERTEX
  8
0
 10
135.532682
 20
109.247585
 42
-0.008269
  0
VERTEX
  8
0
 10
133.119764
 20
109.507462
 42
-0.227138
  0
VERTEX
  8
0
 10
132.597130
 20
109.842841
 42
-0.108835
  0
VERTEX
  8
0
 10
132.383398
 20
110.453341
 42
-0.006586
  0
VERTEX
  8
0
 10
132.175442
 20
112.393638
 42
-0.009594
  0
VERTEX
  8
0
 10
132.001165
 20
114.731349
 42
-0.006931
  0
VERTEX
  8
0
 10
131.893079
 20
117.342841
 42
0.013495
  0
VERTEX
  8
0
 10
131.550033
 20
123.631789
 42
0.770866
  0
VERTEX
  8
0
 10
130.833495
 20
123.759122
 42
0.099716
  0
VERTEX
  8
0
 10
130.135335
 20
120.835983
 42
0.008919
  0
VERTEX
  8
0
 10
130.000030
 20
113.250000
 42
0.000000
  0
VERTEX
  8
0
 10
130.000059
 20
102.500000
 42
0.000000
  0
VERTEX
  8
0
 10
118.171436
 20
102.585048
 42
-0.005129
  0
VERTEX
  8
0
 10
113.561776
 20
102.665480
 42
-0.007487
  0
VERTEX
  8
0
 10
109.504151
 20
102.838755
 42
-0.004082
  0
VERTEX
  8
0
 10
106.095562
 20
103.063420
 42
-0.120476
  0
VERTEX
  8
0
 10
105.276191
 20
103.329304
 42
0.271065
  0
VERTEX
  8
0
 10
104.457641
 20
103.349090
 42
0.138887
  0
VERTEX
  8
0
 10
103.703589
 20
102.601268
 42
0.119980
  0
VERTEX
  8
0
 10
103.387977
 20
101.481464
 42
0.208260
  0
VERTEX
  8
0
 10
103.735568
 20
100.597766
 42
0.179670
  0
VERTEX
  8
0
 10
104.260401
 20
100.357160
 42
0.003891
  0
VERTEX
  8
0
 10
107.119719
 20
100.166661
 42
0.008414
  0
VERTEX
  8
0
 10
110.509042
 20
100.024508
 42
0.005519
  0
VERTEX
  8
0
 10
114.416667
 20
99.969591
 42
-0.006904
  0
VERTEX
  8
0
 10
118.185093
 20
99.906187
 42
-0.014657
  0
VERTEX
  8
0
 10
121.097396
 20
99.731405
 42
-0.020083
  0
VERTEX
  8
0
 10
122.958344
 20
99.489217
 42
-0.727176
  0
VERTEX
  8
0
 10
123.000000
 20
99.201447
 42
-0.098436
  0
VERTEX
  8
0
 10
121.966961
 20
98.925700
 42
-0.007373
  0
VERTEX
  8
0
 10
119.047750
 20
98.780022
 42
-0.009974
  0
VERTEX
  8
0
 10
115.533321
 20
98.726706
 42
-0.007410
  0
VERTEX
  8
0
 10
111.651915
 20
98.802778
 42
-0.003290
  0
VERTEX
  8
0
 10
105.308373
 20
99.062983
 42
-0.054514
  0
VERTEX
  8
0
 10
103.222640
 20
99.392084
 42
-0.240329
  0
VERTEX
  8
0
 10
102.449616
 20
100.093866
 42
-0.157275
  0
VERTEX
  8
0
 10
102.388260
 20
101.320922
 42
0.063769
  0
VERTEX
  8
0
 10
102.627115
 20
103.083836
 42
0.000157
  0
VERTEX
  8
0
 10
102.805025
 20
128.538542
 42
0.001005
  0
VERTEX
  8
0
 10
102.938986
 20
157.247381
 42
0.000625
  0
VERTEX
  8
0
 10
102.986345
 20
190.916667
 42
-0.000621
  0
VERTEX
  8
0
 10
103.033140
 20
224.397288
 42
-0.001046
  0
VERTEX
  8
0
 10
103.166020
 20
252.484656
 42
-0.000062
  0
VERTEX
  8
0
 10
103.340908
 20
277.656938
 42
-0.665624
  0
VERTEX
  8
0
 10
103.578829
 20
277.754504
 42
-0.176687
  0
VERTEX
  8
0
 10
103.808193
 20
277.261734
 42
-0.005706
  0
VERTEX
  8
0
 10
103.973675
 20
275.043342
 42
-0.010346
  0
VERTEX
  8
0
 10
104.086405
 20
272.383234
 42
-0.006930
  0
VERTEX
  8
0
 10
104.110161
 20
269.337838
 42
0.014789
  0
VERTEX
  8
0
 10
104.230258
 20
264.231841
 42
0.047076
  0
VERTEX
  8
0
 10
104.730176
 20
260.859669
 42
0.181748
  0
VERTEX
  8
0
 10
105.521520
 20
259.705020
 42
0.430956
  0
VERTEX
  8
0
 10
106.434017
 20
259.893237
 42
0.052758
  0
VERTEX
  8
0
 10
106.638081
 20
260.317677
 42
0.114264
  0
VERTEX
  8
0
 10
106.679455
 20
260.675245
 42
0.187241
  0
VERTEX
  8
0
 10
106.557701
 20
260.907670
 42
0.181082
  0
VERTEX
  8
0
 10
106.309017
 20
261.001213
 42
-0.378376
  0
VERTEX
  8
0
 10
105.989726
 20
261.284063
 42
-0.008998
  0
VERTEX
  8
0
 10
105.765396
 20
263.425151
 42
-0.015263
  0
VERTEX
  8
0
 10
105.616439
 20
266.088376
 42
-0.009200
  0
VERTEX
  8
0
 10
105.594460
 20
269.251213
 42
0.000000
  0
VERTEX
  8
0
 10
105.688920
 20
277.500000
 42
0.000000
  0
VERTEX
  8
0
 10
122.094460
 20
277.694399
 42
0.000292
  0
VERTEX
  8
0
 10
136.766310
 20
277.876810
 42
0.013949
  0
VERTEX
  8
0
 10
139.717829
 20
277.997627
 42
0.285265
  0
VERTEX
  8
0
 10
140.249323
 20
278.380749
 42
0.364182
  0
VERTEX
  8
0
 10
140.073469
 20
278.933432
 42
0.124093
  0
VERTEX
  8
0
 10
138.963475
 20
279.297966
 42
0.003753
  0
VERTEX
  8
0
 10
134.079152
 20
279.605527
 42
0.007216
  0
VERTEX
  8
0
 10
128.278936
 20
279.843169
 42
0.004900
  0
VERTEX
  8
0
 10
121.670495
 20
279.953645
 42
-0.002562
  0
VERTEX
  8
0
 10
115.108499
 20
280.032653
 42
-0.003995
  0
VERTEX
  8
0
 10
109.457157
 20
280.174834
 42
-0.001220
  0
VERTEX
  8
0
 10
104.565021
 20
280.348984
 42
-0.129606
  0
VERTEX
  8
0
 10
103.932436
 20
280.541757
 42
0.159851
  0
VERTEX
  8
0
 10
103.597244
 20
280.622561
 42
0.113097
  0
VERTEX
  8
0
 10
103.225292
 20
280.505174
 42
0.089475
  0
VERTEX
  8
0
 10
102.871670
 20
280.201585
 42
0.063304
  0
VERTEX
  8
0
 10
102.594641
 20
279.756231
 42
-0.068293
  0
VERTEX
  8
0
 10
102.432447
 20
279.501171
 42
-0.691754
  0
VERTEX
  8
0
 10
102.351673
 20
279.529955
 42
-0.056742
  0
VERTEX
  8
0
 10
102.391093
 20
279.942652
 42
-0.008643
  0
VERTEX
  8
0
 10
102.576619
 20
280.750000
 42
0.041038
  0
VERTEX
  8
0
 10
102.719815
 20
281.630991
 42
0.075562
  0
VERTEX
  8
0
 10
102.667877
 20
282.353742
 42
0.116400
  0
VERTEX
  8
0
 10
102.437968
 20
282.824471
 42
0.224855
  0
VERTEX
  8
0
 10
102.067388
 20
283.000000
 42
0.410477
  0
VERTEX
  8
0
 10
101.513404
 20
282.453049
 42
0.000324
  0
VERTEX
  8
0
 10
101.252869
 20
260.967848
 42
0.002219
  0
VERTEX
  8
0
 10
101.055910
 20
232.987240
 42
0.000650
  0
SEQEND
  0
POLYLINE
  8
0
 66
1
 70
1
  0
VERTEX
  8
0
 10
119.750000
 20
101.283746
 42
-0.023547
  0
VERTEX
  8
0
 10
118.497782
 20
101.153981
 42
-0.014044
  0
VERTEX
  8
0
 10
117.000000
 20
101.111902
 42
-0.014044
  0
VERTEX
  8
0
 10
115.502218
 20
101.153981
 42
-0.023547
  0
VERTEX
  8
0
 10
114.250000
 20
101.283746
 42
-0.124239
  0
VERTEX
  8
0
 10
113.887591
 20
101.435926
 42
-0.664672
  0
VERTEX
  8
0
 10
113.923437
 20
101.577962
 42
-0.031260
  0
VERTEX
  8
0
 10
115.029380
 20
101.675363
 42
-0.006336
  0
VERTEX
  8
0
 10
117.000000
 20
101.700336
 42
-0.006336
  0
VERTEX
  8
0
 10
118.970620
 20
101.675363
 42
-0.031260
  0
VERTEX
  8
0
 10
120.076563
 20
101.577962
 42
-0.664672
  0
VERTEX
  8
0
 10
120.112409
 20
101.435926
 42
-0.124239
  0
SEQEND
  0
POLYLINE
  8
0
 66
1
 70
1
  0
VERTEX
  8
0
 10
127.683114
 20
98.812500
 42
-0.054073
  0
VERTEX
  8
0
 10
127.461564
 20
98.395823
 42
-0.470617
  0
VERTEX
  8
0
 10
127.279315
 20
98.378580
 42
-0.168741
  0
VERTEX
  8
0
 10
127.137993
 20
98.670344
 42
-0.018894
  0
VERTEX
  8
0
 10
127.078947
 20
99.416667
 42
-0.028489
  0
VERTEX
  8
0
 10
127.089945
 20
100.112848
 42
-0.077125
  0
VERTEX
  8
0
 10
127.200665
 20
100.592839
 42
-0.208169
  0
VERTEX
  8
0
 10
127.385309
 20
100.775380
 42
-0.296942
  0
VERTEX
  8
0
 10
127.604167
 20
100.729167
 42
-0.126455
  0
VERTEX
  8
0
 10
127.797407
 20
100.402231
 42
-0.060344
  0
VERTEX
  8
0
 10
127.876576
 20
99.916927
 42
-0.054150
  0
VERTEX
  8
0
 10
127.839148
 20
99.359369
 42
-0.051402
  0
SEQEND
  0
POLYLINE
  8
0
 66
1
 70
1
  0
VERTEX
  8
0
 10
304.000000
 20
282.059017
 42
0.088797
  0
VERTEX
  8
0
 10
304.072509
 20
281.653950
 42
0.053277
  0
VERTEX
  8
0
 10
304.290385
 20
281.214980
 42
0.051183
  0
VERTEX
  8
0
 10
304.610411
 20
280.810572
 42
0.061454
  0
VERTEX
  8
0
 10
304.988546
 20
280.507079
 42
0.114400
  0
VERTEX
  8
0
 10
305.325929
 20
280.393111
 42
0.329480
  0
VERTEX
  8
0
 10
305.525685
 20
280.512472
 42
0.155351
  0
VERTEX
  8
0
 10
305.556862
 20
280.868281
 42
0.036408
  0
VERTEX
  8
0
 10
305.381557
 20
281.448062
 42
0.029964
  0
VERTEX
  8
0
 10
304.894727
 20
282.519970
 42
0.168622
  0
VERTEX
  8
0
 10
304.441482
 20
282.942608
 42
0.444011
  0
VERTEX
  8
0
 10
304.117673
 20
282.798253
 42
0.079093
  0
SEQEND
  0
POLYLINE
  8
0
 66
1
 70
1
  0
VERTEX
  8
0
 10
112.299100
 20
281.254716
 42
0.005878
  0
VERTEX
  8
0
 10
116.263337
 20
281.150882
 42
0.003639
  0
VERTEX
  8
0
 10
120.922479
 20
281.117549
 42
0.003649
  0
VERTEX
  8
0
 10
125.524799
 20
281.151703
 42
0.006561
  0
VERTEX
  8
0
 10
129.299100
 20
281.256806
 42
0.053751
  0
VERTEX
  8
0
 10
130.109874
 20
281.377981
 42
0.862966
  0
VERTEX
  8
0
 10
130.097236
 20
281.493565
 42
0.007856
  0
VERTEX
  8
0
 10
126.600934
 20
281.571304
 42
0.001661
  0
VERTEX
  8
0
 10
120.500000
 20
281.590819
 42
0.001615
  0
VERTEX
  8
0
 10
114.407902
 20
281.570390
 42
0.008594
  0
VERTEX
  8
0
 10
111.078486
 20
281.491227
 42
0.903981
  0
VERTEX
  8
0
 10
111.071643
 20
281.376962
 42
0.030672
  0
SEQEND
  0
POLYLINE
  8
0
 66
1
 70
1
  0
VERTEX
  8
0
 10
259.860784
 20
279.989413
 42
0.017046
  0
VERTEX
  8
0
 10
260.829832
 20
279.227740
 42
0.020695
  0
VERTEX
  8
0
 10
261.789295
 20
278.584390
 42
0.019760
  0
VERTEX
  8
0
 10
262.627518
 20
278.115771
 42
0.118109
  0
VERTEX
  8
0
 10
263.110784
 20
278.000000
 42
0.162510
  0
VERTEX
  8
0
 10
263.748942
 20
278.213040
 42
0.452642
  0
VERTEX
  8
0
 10
263.780565
 20
278.626729
 42
0.074658
  0
VERTEX
  8
0
 10
262.813589
 20
279.358710
 42
0.012683
  0
VERTEX
  8
0
 10
260.750000
 20
280.416172
 42
0.000000
  0
VERTEX
  8
0
 10
257.500000
 20
281.978827
 42
0.000000
  0
SEQEND
  0
POLYLINE
  8
0
 66
1
 70
1
  0
VERTEX
  8
0
 10
84.812500
 20
279.316886
 42
0.051402
  0
VERTEX
  8
0
 10
85.359369
 20
279.160852
 42
0.054150
  0
VERTEX
  8
0
 10
85.916927
 20
279.123424
 42
0.060344
  0
VERTEX
  8
0
 10
86.402231
 20
279.202593
 42
0.126455
  0
VERTEX
  8
0
 10
86.729167
 20
279.395833
 42
0.296942
  0
VERTEX
  8
0
 10
86.775380
 20
279.614691
 42
0.208169
  0
VERTEX
  8
0
 10
86.592839
 20
279.799335
 42
0.077125
  0
VERTEX
  8
0
 10
86.112848
 20
279.910055
 42
0.028489
  0
VERTEX
  8
0
 10
85.416667
 20
279.921053
 42
0.018894
  0
VERTEX
  8
0
 10
84.670344
 20
279.862007
 42
0.168741
  0
VERTEX
  8
0
 10
84.378580
 20
279.720685
 42
0.470617
  0
VERTEX
  8
0
 10
84.395823
 20
279.538436
 42
0.054073
  0
SEQEND
  0
POLYLINE
  8
0
 66
1
 70
1
  0
VERTEX
  8
0
 10
246.239086
 20
277.988770
 42
0.119502
  0
VERTEX
  8
0
 10
247.403682
 20
276.848892
 42
0.109192
  0
VERTEX
  8
0
 10
249.000356
 20
276.321058
 42
0.129033
  0
VERTEX
  8
0
 10
250.473459
 20
276.551077
 42
0.200849
  0
VERTEX
  8
0
 10
251.348974
 20
277.467028
 42
0.190943
  0
VERTEX
  8
0
 10
251.342355
 20
278.072189
 42
0.159208
  0
VERTEX
  8
0
 10
250.923294
 20
278.565651
 42
0.082818
  0
VERTEX
  8
0
 10
250.011578
 20
278.935871
 42
0.026069
  0
VERTEX
  8
0
 10
248.555902
 20
279.183267
 42
0.011526
  0
VERTEX
  8
0
 10
246.721747
 20
279.354647
 42
0.137392
  0
VERTEX
  8
0
 10
246.030450
 20
279.212385
 42
0.365468
  0
VERTEX
  8
0
 10
245.861643
 20
278.806332
 42
0.062949
  0
SEQEND
  0
POLYLINE
  8
0
 66
1
 70
1
  0
VERTEX
  8
0
 10
224.000000
 20
276.000000
 42
0.000000
  0
VERTEX
  8
0
 10
207.500000
 20
275.424603
 42
0.000000
  0
VERTEX
  8
0
 10
226.190983
 20
275.212302
 42
0.004054
  0
VERTEX
  8
0
 10
234.059154
 20
275.186722
 42
0.008979
  0
VERTEX
  8
0
 10
240.057782
 20
275.323598
 42
0.004492
  0
VERTEX
  8
0
 10
244.758721
 20
275.557688
 42
0.244315
  0
VERTEX
  8
0
 10
245.500000
 20
276.000000
 42
0.274523
  0
VERTEX
  8
0
 10
245.506662
 20
276.375739
 42
0.178756
  0
VERTEX
  8
0
 10
245.165007
 20
276.662872
 42
0.077333
  0
VERTEX
  8
0
 10
244.407623
 20
276.809137
 42
0.027969
  0
VERTEX
  8
0
 10
243.309017
 20
276.787698
 42
-0.008057
  0
VERTEX
  8
0
 10
241.468860
 20
276.678411
 42
-0.000609
  0
VERTEX
  8
0
 10
236.478274
 20
276.468738
 42
-0.000840
  0
VERTEX
  8
0
 10
230.524453
 20
276.235869
 42
-0.000639
  0
SEQEND
  0
POLYLINE
  8
0
 66
1
 70
1
  0
VERTEX
  8
0
 10
322.000000
 20
274.928571
 42
0.015801
  0
VERTEX
  8
0
 10
322.037548
 20
273.740721
 42
0.293958
  0
VERTEX
  8
0
 10
322.250000
 20
273.452381
 42
0.279599
  0
VERTEX
  8
0
 10
322.610465
 20
273.518457
 42
0.014708
  0
VERTEX
  8
0
 10
323.500000
 20
274.357143
 42
0.017569
  0
VERTEX
  8
0
 10
324.074343
 20
274.973333
 42
0.022100
  0
VERTEX
  8
0
 10
324.559375
 20
275.584375
 42
0.020956
  0
VERTEX
  8
0
 10
324.914185
 20
276.120258
 42
0.136573
  0
VERTEX
  8
0
 10
325.000000
 20
276.428571
 42
0.234203
  0
VERTEX
  8
0
 10
324.891466
 20
276.647571
 42
0.071771
  0
VERTEX
  8
0
 10
324.559375
 20
276.832143
 42
0.054800
  0
VERTEX
  8
0
 10
324.074476
 20
276.958278
 42
0.036265
  0
VERTEX
  8
0
 10
323.500000
 20
277.000000
 42
0.132005
  0
VERTEX
  8
0
 10
322.916559
 20
276.843234
 42
0.105152
  0
VERTEX
  8
0
 10
322.431034
 20
276.404762
 42
0.089445
  0
VERTEX
  8
0
 10
322.109740
 20
275.736782
 42
0.067581
  0
SEQEND
  0
POLYLINE
  8
0
 66
1
 70
1
  0
VERTEX
  8
0
 10
329.085598
 20
274.000000
 42
0.010424
  0
VERTEX
  8
0
 10
329.094343
 20
272.299414
 42
0.101051
  0
VERTEX
  8
0
 10
329.256082
 20
271.600488
 42
0.477398
  0
VERTEX
  8
0
 10
329.554344
 20
271.523959
 42
0.089593
  0
VERTEX
  8
0
 10
330.000000
 20
272.000000
 42
-0.026981
  0
VERTEX
  8
0
 10
330.375102
 20
272.516975
 42
-0.093506
  0
VERTEX
  8
0
 10
330.689119
 20
272.782918
 42
-0.311565
  0
VERTEX
  8
0
 10
330.885427
 20
272.765630
 42
-0.219062
  0
VERTEX
  8
0
 10
330.984687
 20
272.558870
 42
0.379485
  0
VERTEX
  8
0
 10
331.139253
 20
272.390157
 42
0.167879
  0
VERTEX
  8
0
 10
331.457911
 20
272.464404
 42
0.059324
  0
VERTEX
  8
0
 10
331.967394
 20
272.876471
 42
0.022710
  0
VERTEX
  8
0
 10
332.574157
 20
273.558870
 42
-0.009634
  0
VERTEX
  8
0
 10
333.149814
 20
274.241413
 42
-0.071457
  0
VERTEX
  8
0
 10
333.471861
 20
274.517219
 42
-0.679025
  0
VERTEX
  8
0
 10
333.556883
 20
274.455554
 42
-0.057280
  0
VERTEX
  8
0
 10
333.419649
 20
274.095492
 42
0.024348
  0
VERTEX
  8
0
 10
333.145207
 20
273.496914
 42
0.237710
  0
VERTEX
  8
0
 10
333.168286
 20
273.227812
 42
0.368293
  0
VERTEX
  8
0
 10
333.371903
 20
273.161974
 42
0.040160
  0
VERTEX
  8
0
 10
333.845492
 20
273.404508
 42
0.049940
  0
VERTEX
  8
0
 10
334.287131
 20
273.742601
 42
0.047610
  0
VERTEX
  8
0
 10
334.660863
 20
274.166593
 42
0.051284
  0
VERTEX
  8
0
 10
334.916744
 20
274.608514
 42
0.105987
  0
VERTEX
  8
0
 10
335.000000
 20
274.996868
 42
0.354014
  0
VERTEX
  8
0
 10
334.484780
 20
275.633353
 42
0.080742
  0
VERTEX
  8
0
 10
332.996789
 20
275.705840
 42
0.073189
  0
VERTEX
  8
0
 10
331.472622
 20
275.302703
 42
0.281728
  0
VERTEX
  8
0
 10
330.929715
 20
274.537196
 42
-0.262700
  0
VERTEX
  8
0
 10
330.814155
 20
274.361371
 42
-0.330955
  0
VERTEX
  8
0
 10
330.627618
 20
274.392176
 42
-0.070980
  0
VERTEX
  8
0
 10
330.336559
 20
274.794581
 42
-0.019656
  0
VERTEX
  8
0
 10
330.000000
 20
275.500000
 42
0.026018
  0
VERTEX
  8
0
 10
329.541358
 20
276.430660
 42
0.573969
  0
VERTEX
  8
0
 10
329.296305
 20
276.435260
 42
0.127885
  0
VERTEX
  8
0
 10
329.137515
 20
275.909029
 42
0.005742
  0
SEQEND
  0
POLYLINE
  8
0
 66
1
 70
1
  0
VERTEX
  8
0
 10
326.000000
 20
274.500000
 42
0.064853
  0
VERTEX
  8
0
 10
326.074694
 20
273.926543
 42
0.082425
  0
VERTEX
  8
0
 10
326.293750
 20
273.440625
 42
0.098894
  0
VERTEX
  8
0
 10
326.618646
 20
273.115568
 42
0.148195
  0
VERTEX
  8
0
 10
327.000000
 20
273.000000
 42
0.148195
  0
VERTEX
  8
0
 10
327.381354
 20
273.115568
 42
0.098894
  0
VERTEX
  8
0
 10
327.706250
 20
273.440625
 42
0.082425
  0
VERTEX
  8
0
 10
327.925306
 20
273.926543
 42
0.064853
  0
VERTEX
  8
0
 10
328.000000
 20
274.500000
 42
0.064853
  0
VERTEX
  8
0
 10
327.925306
 20
275.073457
 42
0.082425
  0
VERTEX
  8
0
 10
327.706250
 20
275.559375
 42
0.098894
  0
VERTEX
  8
0
 10
327.381354
 20
275.884432
 42
0.148195
  0
VERTEX
  8
0
 10
327.000000
 20
276.000000
 42
0.148195
  0
VERTEX
  8
0
 10
326.618646
 20
275.884432
 42
0.098894
  0
VERTEX
  8
0
 10
326.293750
 20
275.559375
 42
0.082425
  0
VERTEX
  8
0
 10
326.074694
 20
275.073457
 42
0.064853
  0
SEQEND
  0
POLYLINE
  8
0
 66
1
 70
1
  0
VERTEX
  8
0
 10
246.750000
 20
274.337719
 42
-0.101835
  0
VERTEX
  8
0
 10
247.226890
 20
274.020829
 42
-0.066156
  0
VERTEX
  8
0
 10
247.628314
 20
273.491913
 42
-0.062607
  0
VERTEX
  8
0
 10
247.897213
 20
272.841521
 42
-0.069154
  0
VERTEX
  8
0
 10
247.984687
 20
272.166667
 42
-0.012172
  0
VERTEX
  8
0
 10
247.953108
 20
271.225188
 42
-0.349595
  0
VERTEX
  8
0
 10
247.801782
 20
271.056263
 42
-0.289012
  0
VERTEX
  8
0
 10
247.571905
 20
271.152107
 42
-0.009837
  0
VERTEX
  8
0
 10
247.000000
 20
272.000000
 42
0.011213
  0
VERTEX
  8
0
 10
246.436556
 20
272.830411
 42
0.309569
  0
VERTEX
  8
0
 10
246.201904
 20
272.916542
 42
0.327416
  0
VERTEX
  8
0
 10
246.047261
 20
272.728916
 42
0.011938
  0
VERTEX
  8
0
 10
246.015313
 20
271.750000
 42
0.084520
  0
VERTEX
  8
0
 10
246.123084
 20
271.081711
 42
0.094034
  0
VERTEX
  8
0
 10
246.445123
 20
270.514063
 42
0.101436
  0
VERTEX
  8
0
 10
246.929049
 20
270.134550
 42
0.116238
  0
VERTEX
  8
0
 10
247.500000
 20
270.000000
 42
-0.103052
  0
VERTEX
  8
0
 10
248.072373
 20
269.880765
 42
-0.098802
  0
VERTEX
  8
0
 10
248.559375
 20
269.542039
 42
-0.096950
  0
VERTEX
  8
0
 10
248.885705
 20
269.036055
 42
-0.095165
  0
VERTEX
  8
0
 10
249.000000
 20
268.440983
 42
-0.057951
  0
VERTEX
  8
0
 10
248.935179
 20
267.883585
 42
-0.124582
  0
VERTEX
  8
0
 10
248.737031
 20
267.502451
 42
-0.190884
  0
VERTEX
  8
0
 10
248.444020
 20
267.354993
 42
-0.162044
  0
VERTEX
  8
0
 10
248.104785
 20
267.435239
 42
0.157124
  0
VERTEX
  8
0
 10
247.719764
 20
267.530226
 42
0.122649
  0
VERTEX
  8
0
 10
247.307713
 20
267.396458
 42
0.096370
  0
VERTEX
  8
0
 10
246.929702
 20
267.044212
 42
0.065622
  0
VERTEX
  8
0
 10
246.648459
 20
266.526281
 42
0.112056
  0
VERTEX
  8
0
 10
246.469684
 20
265.286632
 42
0.288510
  0
VERTEX
  8
0
 10
246.988525
 20
264.592269
 42
0.190200
  0
VERTEX
  8
0
 10
248.093716
 20
264.601772
 42
0.061794
  0
VERTEX
  8
0
 10
249.547259
 20
265.410898
 42
0.062613
  0
VERTEX
  8
0
 10
250.504069
 20
266.313830
 42
0.145695
  0
VERTEX
  8
0
 10
250.884202
 20
267.213070
 42
0.087005
  0
VERTEX
  8
0
 10
250.804873
 20
268.470940
 42
0.013636
  0
VERTEX
  8
0
 10
250.154439
 20
270.878865
 42
0.024488
  0
VERTEX
  8
0
 10
249.502519
 20
272.721448
 42
0.060209
  0
VERTEX
  8
0
 10
248.803548
 20
273.973094
 42
0.091234
  0
VERTEX
  8
0
 10
248.043663
 20
274.694255
 42
0.157133
  0
VERTEX
  8
0
 10
247.209858
 20
274.921053
 42
0.020237
  0
VERTEX
  8
0
 10
246.544478
 20
274.863282
 42
0.196507
  0
VERTEX
  8
0
 10
246.303158
 20
274.726663
 42
0.444098
  0
VERTEX
  8
0
 10
246.332775
 20
274.552330
 42
0.045810
  0
SEQEND
  0
POLYLINE
  8
0
 66
1
 70
1
  0
VERTEX
  8
0
 10
268.500000
 20
273.000000
 42
0.064269
  0
VERTEX
  8
0
 10
268.810561
 20
272.617474
 42
0.051777
  0
VERTEX
  8
0
 10
269.230237
 20
272.293750
 42
0.053414
  0
VERTEX
  8
0
 10
269.689814
 20
272.073533
 42
0.085235
  0
VERTEX
  8
0
 10
270.118034
 20
272.000000
 42
0.117858
  0
VERTEX
  8
0
 10
270.449529
 20
272.079239
 42
0.186277
  0
VERTEX
  8
0
 10
270.642737
 20
272.293750
 42
0.154201
  0
VERTEX
  8
0
 10
270.661825
 20
272.617617
 42
0.076764
  0
VERTEX
  8
0
 10
270.500000
 20
273.000000
 42
0.064269
  0
VERTEX
  8
0
 10
270.189439
 20
273.382526
 42
0.051777
  0
VERTEX
  8
0
 10
269.769763
 20
273.706250
 42
0.053414
  0
VERTEX
  8
0
 10
269.310186
 20
273.926467
 42
0.085235
  0
VERTEX
  8
0
 10
268.881966
 20
274.000000
 42
0.117858
  0
VERTEX
  8
0
 10
268.550471
 20
273.920761
 42
0.186277
  0
VERTEX
  8
0
 10
268.357263
 20
273.706250
 42
0.154201
  0
VERTEX
  8
0
 10
268.338175
 20
273.382383
 42
0.076764
  0
SEQEND
  0
POLYLINE
  8
0
 66
1
 70
1
  0
VERTEX
  8
0
 10
279.638374
 20
271.500000
 42
0.055937
  0
VERTEX
  8
0
 10
279.488865
 20
270.925634
 42
0.100118
  0
VERTEX
  8
0
 10
279.516384
 20
270.440625
 42
0.147206
  0
VERTEX
  8
0
 10
279.710807
 20
270.122486
 42
0.184534
  0
VERTEX
  8
0
 10
280.031385
 20
270.000000
 42
0.152681
  0
VERTEX
  8
0
 10
280.400789
 20
270.115494
 42
0.098158
  0
VERTEX
  8
0
 10
280.715469
 20
270.440625
 42
0.080880
  0
VERTEX
  8
0
 10
280.927770
 20
270.926468
 42
0.062722
  0
VERTEX
  8
0
 10
281.000000
 20
271.500000
 42
0.024748
  0
VERTEX
  8
0
 10
280.971531
 20
272.074824
 42
0.039339
  0
VERTEX
  8
0
 10
280.884553
 20
272.559375
 42
0.046727
  0
VERTEX
  8
0
 10
280.758929
 20
272.903916
 42
0.289661
  0
VERTEX
  8
0
 10
280.606989
 20
273.000000
 42
0.222225
  0
VERTEX
  8
0
 10
280.420671
 20
272.912889
 42
0.030693
  0
VERTEX
  8
0
 10
280.160341
 20
272.559375
 42
0.030395
  0
VERTEX
  8
0
 10
279.887494
 20
272.074558
 42
0.021360
  0
SEQEND
  0
POLYLINE
  8
0
 66
1
 70
1
  0
VERTEX
  8
0
 10
346.078947
 20
271.416667
 42
0.018894
  0
VERTEX
  8
0
 10
346.137993
 20
270.670344
 42
0.168741
  0
VERTEX
  8
0
 10
346.279315
 20
270.378580
 42
0.470617
  0
VERTEX
  8
0
 10
346.461564
 20
270.395823
 42
0.054073
  0
VERTEX
  8
0
 10
346.683114
 20
270.812500
 42
0.051402
  0
VERTEX
  8
0
 10
346.839148
 20
271.359369
 42
0.054150
  0
VERTEX
  8
0
 10
346.876576
 20
271.916927
 42
0.060344
  0
VERTEX
  8
0
 10
346.797407
 20
272.402231
 42
0.126455
  0
VERTEX
  8
0
 10
346.604167
 20
272.729167
 42
0.296942
  0
VERTEX
  8
0
 10
346.385309
 20
272.775380
 42
0.208169
  0
VERTEX
  8
0
 10
346.200665
 20
272.592839
 42
0.077125
  0
VERTEX
  8
0
 10
346.089945
 20
272.112848
 42
0.028489
  0
SEQEND
  0
POLYLINE
  8
0
 66
1
 70
1
  0
VERTEX
  8
0
 10
261.500000
 20
270.000000
 42
0.029505
  0
VERTEX
  8
0
 10
261.768994
 20
269.617226
 42
0.035638
  0
VERTEX
  8
0
 10
262.066025
 20
269.293750
 42
0.038439
  0
VERTEX
  8
0
 10
262.348290
 20
269.065539
 42
0.151918
  0
VERTEX
  8
0
 10
262.559017
 20
269.000000
 42
0.210953
  0
VERTEX
  8
0
 10
262.727648
 20
269.074460
 42
0.081139
  0
VERTEX
  8
0
 10
262.870461
 20
269.293750
 42
0.061769
  0
VERTEX
  8
0
 10
262.967655
 20
269.617151
 42
0.042167
  0
VERTEX
  8
0
 10
263.000000
 20
270.000000
 42
0.105053
  0
VERTEX
  8
0
 10
262.918938
 20
270.381556
 42
0.099167
  0
VERTEX
  8
0
 10
262.688914
 20
270.706250
 42
0.096420
  0
VERTEX
  8
0
 10
262.345238
 20
270.923877
 42
0.093332
  0
VERTEX
  8
0
 10
261.940983
 20
271.000000
 42
0.108972
  0
VERTEX
  8
0
 10
261.586039
 20
270.921712
 42
0.182303
  0
VERTEX
  8
0
 10
261.374600
 20
270.706250
 42
0.161196
  0
VERTEX
  8
0
 10
261.343488
 20
270.382100
 42
0.082592
  0
SEQEND
  0
POLYLINE
  8
0
 66
1
 70
1
  0
VERTEX
  8
0
 10
318.671155
 20
269.576391
 42
-0.025586
  0
VERTEX
  8
0
 10
318.971049
 20
268.559599
 42
-0.267182
  0
VERTEX
  8
0
 10
318.852744
 20
268.158058
 42
-0.262448
  0
VERTEX
  8
0
 10
318.443580
 20
268.054108
 42
-0.024873
  0
VERTEX
  8
0
 10
317.423609
 20
268.385637
 42
0.009396
  0
VERTEX
  8
0
 10
316.457915
 20
268.732910
 42
0.208083
  0
VERTEX
  8
0
 10
316.166946
 20
268.708442
 42
0.476146
  0
VERTEX
  8
0
 10
316.132013
 20
268.524645
 42
0.020111
  0
VERTEX
  8
0
 10
316.643780
 20
267.965465
 42
0.075422
  0
VERTEX
  8
0
 10
317.203671
 20
267.549590
 42
0.051788
  0
VERTEX
  8
0
 10
317.938123
 20
267.252126
 42
0.051393
  0
VERTEX
  8
0
 10
318.725597
 20
267.109933
 42
0.070265
  0
VERTEX
  8
0
 10
319.443895
 20
267.156220
 42
0.040285
  0
VERTEX
  8
0
 10
320.341708
 20
267.419428
 42
0.298644
  0
VERTEX
  8
0
 10
320.589757
 20
267.763471
 42
0.164790
  0
VERTEX
  8
0
 10
320.436059
 20
268.293182
 42
0.012768
  0
VERTEX
  8
0
 10
319.547661
 20
269.500000
 42
0.001837
  0
VERTEX
  8
0
 10
318.511539
 20
270.824641
 42
0.206982
  0
VERTEX
  8
0
 10
318.319928
 20
270.928112
 42
0.540289
  0
VERTEX
  8
0
 10
318.241226
 20
270.828162
 42
0.003569
  0
SEQEND
  0
POLYLINE
  8
0
 66
1
 70
1
  0
VERTEX
  8
0
 10
325.269735
 20
268.930722
 42
0.016440
  0
VERTEX
  8
0
 10
325.207033
 20
267.449592
 42
0.302580
  0
VERTEX
  8
0
 10
325.451701
 20
267.074690
 42
0.402215
  0
VERTEX
  8
0
 10
325.807591
 20
267.208603
 42
0.019920
  0
VERTEX
  8
0
 10
326.349337
 20
268.467975
 42
0.052140
  0
VERTEX
  8
0
 10
326.509264
 20
269.063819
 42
0.063531
  0
VERTEX
  8
0
 10
326.527236
 20
269.640664
 42
0.075558
  0
VERTEX
  8
0
 10
326.408436
 20
270.112660
 42
0.156206
  0
VERTEX
  8
0
 10
326.163912
 20
270.398697
 42
0.259868
  0
VERTEX
  8
0
 10
325.868239
 20
270.412037
 42
0.140997
  0
VERTEX
  8
0
 10
325.592392
 20
270.158362
 42
0.079088
  0
VERTEX
  8
0
 10
325.379055
 20
269.638259
 42
0.039075
  0
SEQEND
  0
POLYLINE
  8
0
 66
1
 70
1
  0
VERTEX
  8
0
 10
327.872445
 20
268.250000
 42
0.001576
  0
VERTEX
  8
0
 10
326.992360
 20
267.120493
 42
0.377591
  0
VERTEX
  8
0
 10
327.000000
 20
267.000000
 42
0.377591
  0
VERTEX
  8
0
 10
327.120493
 20
266.992360
 42
0.001576
  0
VERTEX
  8
0
 10
328.250000
 20
267.872445
 42
0.017685
  0
VERTEX
  8
0
 10
329.306759
 20
268.763320
 42
0.065617
  0
VERTEX
  8
0
 10
329.869516
 20
269.426111
 42
0.241985
  0
VERTEX
  8
0
 10
329.906950
 20
269.806605
 42
0.307699
  0
VERTEX
  8
0
 10
329.622445
 20
270.000000
 42
0.184603
  0
VERTEX
  8
0
 10
329.410139
 20
269.918850
 42
0.013803
  0
VERTEX
  8
0
 10
328.952641
 20
269.485937
 42
0.017649
  0
VERTEX
  8
0
 10
328.425681
 20
268.920402
 42
0.012436
  0
SEQEND
  0
POLYLINE
  8
0
 66
1
 70
1
  0
VERTEX
  8
0
 10
339.250000
 20
269.269359
 42
0.170070
  0
VERTEX
  8
0
 10
338.397842
 20
268.590704
 42
0.126415
  0
VERTEX
  8
0
 10
338.028226
 20
267.436222
 42
0.158171
  0
VERTEX
  8
0
 10
338.293861
 20
266.418832
 42
0.255784
  0
VERTEX
  8
0
 10
339.059017
 20
266.000000
 42
0.098926
  0
VERTEX
  8
0
 10
339.418448
 20
266.071817
 42
0.176081
  0
VERTEX
  8
0
 10
339.637945
 20
266.273452
 42
0.169366
  0
VERTEX
  8
0
 10
339.681645
 20
266.575570
 42
0.090666
  0
VERTEX
  8
0
 10
339.542705
 20
266.930902
 42
-0.108373
  0
VERTEX
  8
0
 10
339.401101
 20
267.334197
 42
-0.099685
  0
VERTEX
  8
0
 10
339.434921
 20
267.772860
 42
-0.095498
  0
VERTEX
  8
0
 10
339.639411
 20
268.179369
 42
-0.090427
  0
VERTEX
  8
0
 10
339.983688
 20
268.489919
 42
-0.080893
  0
VERTEX
  8
0
 10
340.372105
 20
268.650552
 42
-0.159256
  0
VERTEX
  8
0
 10
340.701458
 20
268.622439
 42
-0.183522
  0
VERTEX
  8
0
 10
340.920165
 20
268.412891
 42
-0.111402
  0
VERTEX
  8
0
 10
341.000000
 20
268.059017
 42
0.093332
  0
VERTEX
  8
0
 10
341.076123
 20
267.654762
 42
0.096420
  0
VERTEX
  8
0
 10
341.293750
 20
267.311086
 42
0.099167
  0
VERTEX
  8
0
 10
341.618444
 20
267.081062
 42
0.105053
  0
VERTEX
  8
0
 10
342.000000
 20
267.000000
 42
0.183418
  0
VERTEX
  8
0
 10
342.720908
 20
267.273662
 42
0.243672
  0
VERTEX
  8
0
 10
342.968558
 20
267.917575
 42
0.168250
  0
VERTEX
  8
0
 10
342.596124
 20
268.700036
 42
0.110643
  0
VERTEX
  8
0
 10
341.750000
 20
269.245704
 42
0.052198
  0
VERTEX
  8
0
 10
341.180161
 20
269.390050
 42
0.033595
  0
VERTEX
  8
0
 10
340.500000
 20
269.442271
 42
0.033616
  0
VERTEX
  8
0
 10
339.819807
 20
269.402949
 42
0.052716
  0
SEQEND
  0
POLYLINE
  8
0
 66
1
 70
1
  0
VERTEX
  8
0
 10
334.618443
 20
267.448062
 42
0.036325
  0
VERTEX
  8
0
 10
334.448504
 20
266.886365
 42
0.131081
  0
VERTEX
  8
0
 10
334.463143
 20
266.515968
 42
0.314911
  0
VERTEX
  8
0
 10
334.637895
 20
266.380213
 42
0.152126
  0
VERTEX
  8
0
 10
334.926044
 20
266.454293
 42
-0.132898
  0
VERTEX
  8
0
 10
335.309658
 20
266.568487
 42
-0.121821
  0
VERTEX
  8
0
 10
335.712657
 20
266.479481
 42
-0.104682
  0
VERTEX
  8
0
 10
336.074081
 20
266.194069
 42
-0.077792
  0
VERTEX
  8
0
 10
336.335642
 20
265.756231
 42
0.132361
  0
VERTEX
  8
0
 10
336.532842
 20
265.494891
 42
0.452471
  0
VERTEX
  8
0
 10
336.716523
 20
265.529955
 42
0.103720
  0
VERTEX
  8
0
 10
336.859606
 20
265.953687
 42
0.020972
  0
VERTEX
  8
0
 10
336.921053
 20
266.750000
 42
0.068638
  0
VERTEX
  8
0
 10
336.765467
 20
268.270237
 42
0.265324
  0
VERTEX
  8
0
 10
336.137997
 20
268.933406
 42
0.305098
  0
VERTEX
  8
0
 10
335.333226
 20
268.686312
 42
0.078721
  0
SEQEND
  0
POLYLINE
  8
0
 66
1
 70
1
  0
VERTEX
  8
0
 10
349.458881
 20
267.933469
 42
0.049364
  0
VERTEX
  8
0
 10
349.242038
 20
267.490157
 42
0.059701
  0
VERTEX
  8
0
 10
349.133355
 20
267.040231
 42
0.070517
  0
VERTEX
  8
0
 10
349.142323
 20
266.651151
 42
0.156651
  0
VERTEX
  8
0
 10
349.276326
 20
266.390341
 42
0.281567
  0
VERTEX
  8
0
 10
349.505460
 20
266.335123
 42
0.118528
  0
VERTEX
  8
0
 10
349.786868
 20
266.507038
 42
0.069269
  0
VERTEX
  8
0
 10
350.083816
 20
266.899181
 42
0.035865
  0
VERTEX
  8
0
 10
350.345077
 20
267.456872
 42
0.029555
  0
VERTEX
  8
0
 10
350.696703
 20
268.564815
 42
0.344086
  0
VERTEX
  8
0
 10
350.525317
 20
268.954259
 42
0.361950
  0
VERTEX
  8
0
 10
350.120758
 20
268.871774
 42
0.030391
  0
SEQEND
  0
POLYLINE
  8
0
 66
1
 70
1
  0
VERTEX
  8
0
 10
198.000000
 20
262.593620
 42
0.121219
  0
VERTEX
  8
0
 10
198.138214
 20
262.031896
 42
0.169691
  0
VERTEX
  8
0
 10
198.512551
 20
261.681695
 42
0.120594
  0
VERTEX
  8
0
 10
199.136109
 20
261.570873
 42
0.047946
  0
VERTEX
  8
0
 10
200.000000
 20
261.710251
 42
0.038887
  0
VERTEX
  8
0
 10
200.765484
 20
261.975456
 42
0.050447
  0
VERTEX
  8
0
 10
201.412500
 20
262.339118
 42
0.059916
  0
VERTEX
  8
0
 10
201.858742
 20
262.740524
 42
0.181596
  0
VERTEX
  8
0
 10
202.000000
 20
263.116631
 42
0.210700
  0
VERTEX
  8
0
 10
201.851041
 20
263.454424
 42
0.081235
  0
VERTEX
  8
0
 10
201.412500
 20
263.740510
 42
0.061847
  0
VERTEX
  8
0
 10
200.765695
 20
263.935204
 42
0.042236
  0
VERTEX
  8
0
 10
200.000000
 20
264.000000
 42
0.068582
  0
VERTEX
  8
0
 10
199.235563
 20
263.894652
 42
0.084945
  0
VERTEX
  8
0
 10
198.587500
 20
263.586876
 42
0.099857
  0
VERTEX
  8
0
 10
198.154167
 20
263.129927
 42
0.140877
  0
SEQEND
  0
POLYLINE
  8
0
 66
1
 70
1
  0
VERTEX
  8
0
 10
247.750000
 20
263.310674
 42
0.057620
  0
VERTEX
  8
0
 10
246.406003
 20
262.788268
 42
0.311297
  0
VERTEX
  8
0
 10
246.062393
 20
262.130478
 42
0.296534
  0
VERTEX
  8
0
 10
246.553256
 20
261.546215
 42
0.055136
  0
VERTEX
  8
0
 10
248.000000
 20
261.274953
 42
0.066491
  0
VERTEX
  8
0
 10
248.784454
 20
261.320189
 42
0.095658
  0
VERTEX
  8
0
 10
249.428453
 20
261.578251
 42
0.115555
  0
VERTEX
  8
0
 10
249.848125
 20
262.012052
 42
0.135509
  0
VERTEX
  8
0
 10
250.000000
 20
262.562149
 42
0.016405
  0
VERTEX
  8
0
 10
249.982167
 20
263.105526
 42
0.030336
  0
VERTEX
  8
0
 10
249.926562
 20
263.543556
 42
0.036419
  0
VERTEX
  8
0
 10
249.847060
 20
263.842743
 42
0.444387
  0
VERTEX
  8
0
 10
249.750000
 20
263.883999
 42
-0.036526
  0
VERTEX
  8
0
 10
249.578204
 20
263.819055
 42
-0.002306
  0
VERTEX
  8
0
 10
249.059375
 20
263.667734
 42
-0.003384
  0
VERTEX
  8
0
 10
248.438530
 20
263.494300
 42
-0.002507
  0
SEQEND
  0
POLYLINE
  8
0
 66
1
 70
1
  0
VERTEX
  8
0
 10
246.000000
 20
250.000000
 42
0.009164
  0
VERTEX
  8
0
 10
246.066717
 20
246.360273
 42
0.018502
  0
VERTEX
  8
0
 10
246.277778
 20
243.500000
 42
0.014491
  0
VERTEX
  8
0
 10
246.579235
 20
241.355190
 42
0.365646
  0
VERTEX
  8
0
 10
247.000000
 20
241.000000
 42
0.254951
  0
VERTEX
  8
0
 10
247.384262
 20
241.209557
 42
0.062710
  0
VERTEX
  8
0
 10
247.706250
 20
241.881250
 42
0.048861
  0
VERTEX
  8
0
 10
247.927234
 20
242.850749
 42
0.031626
  0
VERTEX
  8
0
 10
248.000000
 20
244.000000
 42
-0.036984
  0
VERTEX
  8
0
 10
248.087847
 20
245.186005
 42
-0.061356
  0
VERTEX
  8
0
 10
248.355443
 20
246.151292
 42
-0.084273
  0
VERTEX
  8
0
 10
248.757791
 20
246.791431
 42
-0.210338
  0
VERTEX
  8
0
 10
249.250000
 20
247.015313
 42
0.032399
  0
VERTEX
  8
0
 10
249.812669
 20
247.058739
 42
0.401179
  0
VERTEX
  8
0
 10
249.933573
 20
247.212623
 42
0.214916
  0
VERTEX
  8
0
 10
249.799417
 20
247.446669
 42
0.015488
  0
VERTEX
  8
0
 10
249.166154
 20
247.876149
 42
-0.039533
  0
VERTEX
  8
0
 10
248.550371
 20
248.338466
 42
-0.276868
  0
VERTEX
  8
0
 10
248.441318
 20
248.681778
 42
-0.219706
  0
VERTEX
  8
0
 10
248.690127
 20
248.998963
 42
-0.026675
  0
VERTEX
  8
0
 10
249.519908
 20
249.369266
 42
0.080208
  0
VERTEX
  8
0
 10
250.147925
 20
249.734269
 42
0.101261
  0
VERTEX
  8
0
 10
250.570801
 20
250.254635
 42
0.108441
  0
VERTEX
  8
0
 10
250.737487
 20
250.869978
 42
0.104100
  0
VERTEX
  8
0
 10
250.635139
 20
251.508429
 42
-0.049470
  0
VERTEX
  8
0
 10
250.478496
 20
252.079867
 42
-0.090304
  0
VERTEX
  8
0
 10
250.484006
 20
252.561851
 42
-0.139987
  0
VERTEX
  8
0
 10
250.644394
 20
252.877817
 42
-0.208680
  0
VERTEX
  8
0
 10
250.924396
 20
253.000000
 42
-0.142471
  0
VERTEX
  8
0
 10
251.296202
 20
252.891862
 42
-0.060245
  0
VERTEX
  8
0
 10
251.702003
 20
252.559375
 42
-0.052856
  0
VERTEX
  8
0
 10
252.077603
 20
252.073834
 42
-0.046632
  0
VERTEX
  8
0
 10
252.361626
 20
251.500000
 42
0.213799
  0
VERTEX
  8
0
 10
253.122924
 20
250.742144
 42
0.055405
  0
VERTEX
  8
0
 10
254.839278
 20
250.301728
 42
0.029224
  0
VERTEX
  8
0
 10
257.760270
 20
250.061514
 42
0.005905
  0
VERTEX
  8
0
 10
262.968615
 20
250.000000
 42
0.008406
  0
VERTEX
  8
0
 10
266.921158
 20
250.066454
 42
0.015421
  0
VERTEX
  8
0
 10
270.134733
 20
250.273898
 42
0.009711
  0
VERTEX
  8
0
 10
272.655069
 20
250.564317
 42
0.375447
  0
VERTEX
  8
0
 10
273.000000
 20
250.958925
 42
0.384736
  0
VERTEX
  8
0
 10
272.646129
 20
251.350740
 42
0.013600
  0
VERTEX
  8
0
 10
270.441199
 20
251.515279
 42
0.017480
  0
VERTEX
  8
0
 10
267.478741
 20
251.551809
 42
0.008080
  0
VERTEX
  8
0
 10
263.628679
 20
251.402402
 42
-0.005480
  0
VERTEX
  8
0
 10
258.500709
 20
251.176684
 42
-0.034285
  0
VERTEX
  8
0
 10
255.878744
 20
251.269841
 42
-0.077857
  0
VERTEX
  8
0
 10
254.405646
 20
251.660864
 42
-0.199986
  0
VERTEX
  8
0
 10
253.660064
 20
252.443476
 42
-0.116863
  0
VERTEX
  8
0
 10
253.526815
 20
253.433883
 42
-0.303358
  0
VERTEX
  8
0
 10
253.962388
 20
253.963783
 42
-0.238166
  0
VERTEX
  8
0
 10
254.743038
 20
253.826643
 42
-0.094203
  0
VERTEX
  8
0
 10
255.500000
 20
253.000000
 42
0.231204
  0
VERTEX
  8
0
 10
256.868462
 20
252.136700
 42
0.038497
  0
VERTEX
  8
0
 10
260.067856
 20
252.036146
 42
0.039827
  0
VERTEX
  8
0
 10
263.300021
 20
252.442773
 42
0.169936
  0
VERTEX
  8
0
 10
264.942122
 20
253.430261
 42
0.052992
  0
VERTEX
  8
0
 10
265.453394
 20
254.199108
 42
0.190851
  0
VERTEX
  8
0
 10
265.513253
 20
254.773789
 42
0.165240
  0
VERTEX
  8
0
 10
265.161390
 20
255.287112
 42
0.037762
  0
VERTEX
  8
0
 10
264.260685
 20
255.860486
 42
0.054269
  0
VERTEX
  8
0
 10
263.390937
 20
256.210868
 42
0.062300
  0
VERTEX
  8
0
 10
262.505986
 20
256.344700
 42
0.066864
  0
VERTEX
  8
0
 10
261.670723
 20
256.254246
 42
0.080848
  0
VERTEX
  8
0
 10
260.946118
 20
255.945537
 42
0.022275
  0
VERTEX
  8
0
 10
260.239618
 20
255.453183
 42
0.370584
  0
VERTEX
  8
0
 10
260.184906
 20
255.193728
 42
0.246581
  0
VERTEX
  8
0
 10
260.455680
 20
255.014258
 42
0.013678
  0
VERTEX
  8
0
 10
261.500000
 20
254.936365
 42
-0.022430
  0
VERTEX
  8
0
 10
262.222635
 20
254.869733
 42
-0.143077
  0
VERTEX
  8
0
 10
262.555087
 20
254.720860
 42
-0.459567
  0
VERTEX
  8
0
 10
262.555834
 20
254.533507
 42
-0.083008
  0
VERTEX
  8
0
 10
262.216378
 20
254.326512
 42
-0.096766
  0
VERTEX
  8
0
 10
261.623798
 20
254.213153
 42
-0.056979
  0
VERTEX
  8
0
 10
260.905223
 20
254.298159
 42
-0.054014
  0
VERTEX
  8
0
 10
260.177581
 20
254.555153
 42
-0.061399
  0
VERTEX
  8
0
 10
259.555405
 20
254.954018
 42
0.054438
  0
VERTEX
  8
0
 10
258.972567
 20
255.339179
 42
0.089745
  0
VERTEX
  8
0
 10
258.409405
 20
255.511030
 42
0.120937
  0
VERTEX
  8
0
 10
257.939577
 20
255.452693
 42
0.164711
  0
VERTEX
  8
0
 10
257.612895
 20
255.182668
 42
-0.263728
  0
VERTEX
  8
0
 10
256.452189
 20
254.546296
 42
-0.057122
  0
VERTEX
  8
0
 10
254.096573
 20
254.850250
 42
-0.054371
  0
VERTEX
  8
0
 10
251.564924
 20
255.777472
 42
-0.086714
  0
VERTEX
  8
0
 10
249.711045
 20
257.136871
 42
0.024548
  0
VERTEX
  8
0
 10
248.955611
 20
257.850028
 42
0.028024
  0
VERTEX
  8
0
 10
248.165288
 20
258.452706
 42
0.028889
  0
VERTEX
  8
0
 10
247.446821
 20
258.881138
 42
0.120565
  0
VERTEX
  8
0
 10
246.961045
 20
259.000000
 42
0.370224
  0
VERTEX
  8
0
 10
246.570335
 20
258.664748
 42
0.011528
  0
VERTEX
  8
0
 10
246.276696
 20
256.408798
 42
0.017030
  0
VERTEX
  8
0
 10
246.067340
 20
253.519124
 42
0.009567
  0
SEQEND
  0
POLYLINE
  8
0
 66
1
 70
1
  0
VERTEX
  8
0
 10
104.000000
 20
254.940983
 42
0.047867
  0
VERTEX
  8
0
 10
104.071541
 20
254.195401
 42
0.104212
  0
VERTEX
  8
0
 10
104.293750
 20
253.668350
 42
0.181468
  0
VERTEX
  8
0
 10
104.621877
 20
253.441401
 42
0.202618
  0
VERTEX
  8
0
 10
105.000000
 20
253.500000
 42
0.088250
  0
VERTEX
  8
0
 10
105.382836
 20
253.842344
 42
0.053305
  0
VERTEX
  8
0
 10
105.706250
 20
254.359775
 42
0.051278
  0
VERTEX
  8
0
 10
105.925833
 20
254.961978
 42
0.061875
  0
VERTEX
  8
0
 10
106.000000
 20
255.559017
 42
0.067639
  0
VERTEX
  8
0
 10
105.925146
 20
256.109818
 42
0.084330
  0
VERTEX
  8
0
 10
105.706250
 20
256.576711
 42
0.099650
  0
VERTEX
  8
0
 10
105.381340
 20
256.888931
 42
0.142666
  0
VERTEX
  8
0
 10
105.000000
 20
257.000000
 42
0.195654
  0
VERTEX
  8
0
 10
104.618015
 20
256.844577
 42
0.086673
  0
VERTEX
  8
0
 10
104.293750
 20
256.395164
 42
0.066561
  0
VERTEX
  8
0
 10
104.073608
 20
255.729059
 42
0.046600
  0
SEQEND
  0
POLYLINE
  8
0
 66
1
 70
1
  0
VERTEX
  8
0
 10
227.603006
 20
256.166667
 42
0.162770
  0
VERTEX
  8
0
 10
227.528782
 20
255.850897
 42
0.190804
  0
VERTEX
  8
0
 10
227.666970
 20
255.578125
 42
0.124167
  0
VERTEX
  8
0
 10
228.023273
 20
255.393656
 42
0.057730
  0
VERTEX
  8
0
 10
228.543989
 20
255.333333
 42
0.055286
  0
VERTEX
  8
0
 10
229.100961
 20
255.395108
 42
0.074868
  0
VERTEX
  8
0
 10
229.572297
 20
255.578125
 42
0.094314
  0
VERTEX
  8
0
 10
229.888458
 20
255.848724
 42
0.170324
  0
VERTEX
  8
0
 10
230.000000
 20
256.166667
 42
0.112153
  0
VERTEX
  8
0
 10
229.927786
 20
256.484563
 42
0.100145
  0
VERTEX
  8
0
 10
229.723586
 20
256.755208
 42
0.094392
  0
VERTEX
  8
0
 10
229.418314
 20
256.936779
 42
0.087308
  0
VERTEX
  8
0
 10
229.059017
 20
257.000000
 42
0.076861
  0
VERTEX
  8
0
 10
228.660916
 20
256.938439
 42
0.053298
  0
VERTEX
  8
0
 10
228.243158
 20
256.755208
 42
0.052880
  0
VERTEX
  8
0
 10
227.869696
 20
256.485481
 42
0.071639
  0
SEQEND
  0
POLYLINE
  8
0
 66
1
 70
1
  0
VERTEX
  8
0
 10
549.812500
 20
256.316886
 42
0.051402
  0
VERTEX
  8
0
 10
550.359369
 20
256.160852
 42
0.054150
  0
VERTEX
  8
0
 10
550.916927
 20
256.123424
 42
0.060344
  0
VERTEX
  8
0
 10
551.402231
 20
256.202593
 42
0.126455
  0
VERTEX
  8
0
 10
551.729167
 20
256.395833
 42
0.296942
  0
VERTEX
  8
0
 10
551.775380
 20
256.614691
 42
0.208169
  0
VERTEX
  8
0
 10
551.592839
 20
256.799335
 42
0.077125
  0
VERTEX
  8
0
 10
551.112848
 20
256.910055
 42
0.028489
  0
VERTEX
  8
0
 10
550.416667
 20
256.921053
 42
0.018894
  0
VERTEX
  8
0
 10
549.670344
 20
256.862007
 42
0.168741
  0
VERTEX
  8
0
 10
549.378580
 20
256.720685
 42
0.470617
  0
VERTEX
  8
0
 10
549.395823
 20
256.538436
 42
0.054073
  0
SEQEND
  0
POLYLINE
  8
0
 66
1
 70
1
  0
VERTEX
  8
0
 10
217.562936
 20
254.696588
 42
0.178299
  0
VERTEX
  8
0
 10
218.392733
 20
253.749140
 42
0.105208
  0
VERTEX
  8
0
 10
219.852158
 20
253.315271
 42
0.131233
  0
VERTEX
  8
0
 10
221.149953
 20
253.553648
 42
0.289766
  0
VERTEX
  8
0
 10
221.666667
 20
254.370389
 42
0.173914
  0
VERTEX
  8
0
 10
221.494194
 20
254.851249
 42
0.082955
  0
VERTEX
  8
0
 10
220.992076
 20
255.288539
 42
0.066745
  0
VERTEX
  8
0
 10
220.248807
 20
255.618393
 42
0.050495
  0
VERTEX
  8
0
 10
219.370187
 20
255.781434
 42
0.037065
  0
VERTEX
  8
0
 10
218.397549
 20
255.789681
 42
0.119312
  0
VERTEX
  8
0
 10
217.784206
 20
255.597854
 42
0.210131
  0
VERTEX
  8
0
 10
217.519424
 20
255.223761
 42
0.142991
  0
SEQEND
  0
POLYLINE
  8
0
 66
1
 70
1
  0
VERTEX
  8
0
 10
224.078947
 20
254.416667
 42
0.018894
  0
VERTEX
  8
0
 10
224.137993
 20
253.670344
 42
0.168741
  0
VERTEX
  8
0
 10
224.279315
 20
253.378580
 42
0.470617
  0
VERTEX
  8
0
 10
224.461564
 20
253.395823
 42
0.054073
  0
VERTEX
  8
0
 10
224.683114
 20
253.812500
 42
0.051402
  0
VERTEX
  8
0
 10
224.839148
 20
254.359369
 42
0.054150
  0
VERTEX
  8
0
 10
224.876576
 20
254.916927
 42
0.060344
  0
VERTEX
  8
0
 10
224.797407
 20
255.402231
 42
0.126455
  0
VERTEX
  8
0
 10
224.604167
 20
255.729167
 42
0.296942
  0
VERTEX
  8
0
 10
224.385309
 20
255.775380
 42
0.208169
  0
VERTEX
  8
0
 10
224.200665
 20
255.592839
 42
0.077125
  0
VERTEX
  8
0
 10
224.089945
 20
255.112848
 42
0.028489
  0
SEQEND
  0
POLYLINE
  8
0
 66
1
 70
1
  0
VERTEX
  8
0
 10
268.750000
 20
255.352193
 42
0.088969
  0
VERTEX
  8
0
 10
267.137949
 20
254.563202
 42
0.493134
  0
VERTEX
  8
0
 10
267.119915
 20
253.739379
 42
0.153903
  0
VERTEX
  8
0
 10
268.670868
 20
253.136045
 42
0.036254
  0
VERTEX
  8
0
 10
271.486589
 20
253.155446
 42
-0.017995
  0
VERTEX
  8
0
 10
273.662057
 20
253.249876
 42
-0.057247
  0
VERTEX
  8
0
 10
275.106742
 20
253.094738
 42
-0.094961
  0
VERTEX
  8
0
 10
276.042022
 20
252.687460
 42
-0.145977
  0
VERTEX
  8
0
 10
276.593925
 20
252.006139
 42
0.037953
  0
VERTEX
  8
0
 10
276.952640
 20
251.294328
 42
0.353133
  0
VERTEX
  8
0
 10
277.254040
 20
251.184581
 42
0.199150
  0
VERTEX
  8
0
 10
277.571758
 20
251.464864
 42
0.016162
  0
VERTEX
  8
0
 10
278.037050
 20
252.500000
 42
-0.003632
  0
VERTEX
  8
0
 10
278.587581
 20
253.811700
 42
-0.376179
  0
VERTEX
  8
0
 10
278.751516
 20
253.890192
 42
-0.324095
  0
VERTEX
  8
0
 10
278.873728
 20
253.736219
 42
-0.003212
  0
VERTEX
  8
0
 10
278.929715
 20
252.250000
 42
0.059713
  0
VERTEX
  8
0
 10
279.064796
 20
251.359305
 42
0.085085
  0
VERTEX
  8
0
 10
279.404587
 20
250.636714
 42
0.103766
  0
VERTEX
  8
0
 10
279.903376
 20
250.167659
 42
0.137837
  0
VERTEX
  8
0
 10
280.500000
 20
250.000000
 42
-0.145727
  0
VERTEX
  8
0
 10
281.136352
 20
249.810509
 42
-0.124872
  0
VERTEX
  8
0
 10
281.611098
 20
249.294219
 42
-0.086259
  0
VERTEX
  8
0
 10
281.898394
 20
248.435774
 42
-0.039127
  0
VERTEX
  8
0
 10
281.984687
 20
247.250000
 42
-0.010777
  0
VERTEX
  8
0
 10
281.945050
 20
245.788909
 42
-0.169192
  0
VERTEX
  8
0
 10
281.760892
 20
245.332985
 42
-0.437962
  0
VERTEX
  8
0
 10
281.455944
 20
245.325022
 42
-0.036945
  0
VERTEX
  8
0
 10
280.890355
 20
246.000000
 42
0.005627
  0
VERTEX
  8
0
 10
280.298415
 20
246.803650
 42
0.508971
  0
VERTEX
  8
0
 10
280.171929
 20
246.801512
 42
0.241246
  0
VERTEX
  8
0
 10
280.144914
 20
246.608200
 42
0.003607
  0
VERTEX
  8
0
 10
280.539184
 20
245.500000
 42
-0.026226
  0
VERTEX
  8
0
 10
280.812711
 20
244.604948
 42
-0.018060
  0
VERTEX
  8
0
 10
281.031785
 20
243.567089
 42
-0.018251
  0
VERTEX
  8
0
 10
281.170299
 20
242.550458
 42
-0.035038
  0
VERTEX
  8
0
 10
281.194037
 20
241.728387
 42
0.053861
  0
VERTEX
  8
0
 10
281.236351
 20
241.092422
 42
0.122406
  0
VERTEX
  8
0
 10
281.430405
 20
240.655130
 42
0.200047
  0
VERTEX
  8
0
 10
281.736319
 20
240.482138
 42
0.169947
  0
VERTEX
  8
0
 10
282.101198
 20
240.562544
 42
0.130934
  0
VERTEX
  8
0
 10
282.437317
 20
240.918435
 42
0.074053
  0
VERTEX
  8
0
 10
282.641316
 20
241.479710
 42
0.065503
  0
VERTEX
  8
0
 10
282.688425
 20
242.152041
 42
0.060205
  0
VERTEX
  8
0
 10
282.563506
 20
242.834157
 42
-0.070144
  0
VERTEX
  8
0
 10
282.441797
 20
243.581991
 42
-0.046423
  0
VERTEX
  8
0
 10
282.504062
 20
244.451284
 42
-0.046080
  0
VERTEX
  8
0
 10
282.727399
 20
245.303237
 42
-0.064833
  0
VERTEX
  8
0
 10
283.088335
 20
246.000000
 42
-0.012116
  0
VERTEX
  8
0
 10
283.625274
 20
246.733844
 42
-0.541647
  0
VERTEX
  8
0
 10
283.783171
 20
246.721515
 42
-0.190297
  0
VERTEX
  8
0
 10
283.818399
 20
246.438790
 42
-0.005516
  0
VERTEX
  8
0
 10
283.498119
 20
245.250000
 42
0.037798
  0
VERTEX
  8
0
 10
283.316090
 20
244.345716
 42
0.078622
  0
VERTEX
  8
0
 10
283.340361
 20
243.628753
 42
0.128580
  0
VERTEX
  8
0
 10
283.558264
 20
243.173619
 42
0.220609
  0
VERTEX
  8
0
 10
283.932612
 20
243.000000
 42
0.264708
  0
VERTEX
  8
0
 10
284.343376
 20
243.233851
 42
0.058292
  0
VERTEX
  8
0
 10
284.686455
 20
244.003646
 42
0.046141
  0
VERTEX
  8
0
 10
284.922439
 20
245.107656
 42
0.029600
  0
VERTEX
  8
0
 10
285.000000
 20
246.416667
 42
0.032714
  0
VERTEX
  8
0
 10
284.880541
 20
248.240532
 42
0.106815
  0
VERTEX
  8
0
 10
284.475289
 20
249.373060
 42
0.119936
  0
VERTEX
  8
0
 10
283.669315
 20
250.163406
 42
0.046708
  0
VERTEX
  8
0
 10
282.250000
 20
250.837719
 42
-0.011445
  0
VERTEX
  8
0
 10
281.062201
 20
251.302620
 42
-0.115420
  0
VERTEX
  8
0
 10
280.634296
 20
251.611853
 42
-0.548932
  0
VERTEX
  8
0
 10
280.696673
 20
251.821758
 42
-0.058638
  0
VERTEX
  8
0
 10
281.309017
 20
251.921053
 42
0.041318
  0
VERTEX
  8
0
 10
281.969930
 20
252.004907
 42
0.086017
  0
VERTEX
  8
0
 10
282.450612
 20
252.197122
 42
0.155068
  0
VERTEX
  8
0
 10
282.676752
 20
252.459636
 42
0.243799
  0
VERTEX
  8
0
 10
282.654976
 20
252.750000
 42
-0.321666
  0
VERTEX
  8
0
 10
282.675550
 20
253.046394
 42
-0.112306
  0
VERTEX
  8
0
 10
283.034129
 20
253.322050
 42
-0.062198
  0
VERTEX
  8
0
 10
283.706366
 20
253.535520
 42
-0.030842
  0
VERTEX
  8
0
 10
284.595959
 20
253.644213
 42
-0.037746
  0
VERTEX
  8
0
 10
285.516723
 20
253.629903
 42
-0.058472
  0
VERTEX
  8
0
 10
286.293813
 20
253.466053
 42
-0.079100
  0
VERTEX
  8
0
 10
286.822275
 20
253.189255
 42
-0.236897
  0
VERTEX
  8
0
 10
287.000000
 20
252.835196
 42
-0.114091
  0
VERTEX
  8
0
 10
286.926605
 20
252.517731
 42
-0.184753
  0
VERTEX
  8
0
 10
286.726548
 20
252.330980
 42
-0.157131
  0
VERTEX
  8
0
 10
286.424954
 20
252.308648
 42
-0.079108
  0
VERTEX
  8
0
 10
286.069098
 20
252.457295
 42
0.096910
  0
VERTEX
  8
0
 10
285.670838
 20
252.607364
 42
0.097419
  0
VERTEX
  8
0
 10
285.246164
 20
252.595860
 42
0.098430
  0
VERTEX
  8
0
 10
284.860961
 20
252.424976
 42
0.101208
  0
VERTEX
  8
0
 10
284.574842
 20
252.121097
 42
0.138350
  0
VERTEX
  8
0
 10
284.464172
 20
251.734220
 42
0.124163
  0
VERTEX
  8
0
 10
284.564931
 20
251.328457
 42
0.104136
  0
VERTEX
  8
0
 10
284.869872
 20
250.964933
 42
0.074860
  0
VERTEX
  8
0
 10
285.332197
 20
250.702766
 42
0.089376
  0
VERTEX
  8
0
 10
288.320140
 20
250.133917
 42
0.002515
  0
VERTEX
  8
0
 10
301.457686
 20
250.070572
 42
0.001125
  0
VERTEX
  8
0
 10
315.241231
 20
250.104455
 42
0.258217
  0
VERTEX
  8
0
 10
316.322191
 20
250.709244
 42
0.566099
  0
VERTEX
  8
0
 10
316.164882
 20
251.015177
 42
0.006104
  0
VERTEX
  8
0
 10
313.297293
 20
251.168489
 42
0.011311
  0
VERTEX
  8
0
 10
309.703442
 20
251.235288
 42
0.006347
  0
VERTEX
  8
0
 10
305.335734
 20
251.162210
 42
-0.003390
  0
VERTEX
  8
0
 10
298.307980
 20
251.003056
 42
-0.037584
  0
VERTEX
  8
0
 10
295.505435
 20
251.169358
 42
-0.118175
  0
VERTEX
  8
0
 10
294.093375
 20
251.716492
 42
-0.179414
  0
VERTEX
  8
0
 10
293.346399
 20
252.783370
 42
0.126233
  0
VERTEX
  8
0
 10
292.783210
 20
253.797545
 42
0.128658
  0
VERTEX
  8
0
 10
291.804975
 20
254.406540
 42
0.060475
  0
VERTEX
  8
0
 10
290.060318
 20
254.724227
 42
0.010210
  0
VERTEX
  8
0
 10
286.667061
 20
254.856276
 42
-0.004629
  0
VERTEX
  8
0
 10
283.941278
 20
254.931890
 42
-0.003153
  0
VERTEX
  8
0
 10
280.842824
 20
255.066124
 42
-0.003177
  0
VERTEX
  8
0
 10
277.854944
 20
255.233487
 42
-0.006386
  0
VERTEX
  8
0
 10
275.500000
 20
255.410632
 42
0.011673
  0
VERTEX
  8
0
 10
273.457426
 20
255.542578
 42
0.012456
  0
VERTEX
  8
0
 10
271.454687
 20
255.575131
 42
0.012100
  0
VERTEX
  8
0
 10
269.734993
 20
255.518609
 42
0.055214
  0
SEQEND
  0
POLYLINE
  8
0
 66
1
 70
1
  0
VERTEX
  8
0
 10
292.000000
 20
253.000000
 42
-0.099038
  0
VERTEX
  8
0
 10
291.923658
 20
252.618362
 42
-0.097945
  0
VERTEX
  8
0
 10
291.706250
 20
252.293750
 42
-0.097945
  0
VERTEX
  8
0
 10
291.381638
 20
252.076342
 42
-0.099038
  0
VERTEX
  8
0
 10
291.000000
 20
252.000000
 42
-0.099038
  0
VERTEX
  8
0
 10
290.618362
 20
252.076342
 42
-0.097945
  0
VERTEX
  8
0
 10
290.293750
 20
252.293750
 42
-0.097945
  0
VERTEX
  8
0
 10
290.076342
 20
252.618362
 42
-0.099038
  0
VERTEX
  8
0
 10
290.000000
 20
253.000000
 42
-0.099038
  0
VERTEX
  8
0
 10
290.076342
 20
253.381638
 42
-0.097945
  0
VERTEX
  8
0
 10
290.293750
 20
253.706250
 42
-0.097945
  0
VERTEX
  8
0
 10
290.618362
 20
253.923658
 42
-0.099038
  0
VERTEX
  8
0
 10
291.000000
 20
254.000000
 42
-0.099038
  0
VERTEX
  8
0
 10
291.381638
 20
253.923658
 42
-0.097945
  0
VERTEX
  8
0
 10
291.706250
 20
253.706250
 42
-0.097945
  0
VERTEX
  8
0
 10
291.923658
 20
253.381638
 42
-0.099038
  0
SEQEND
  0
POLYLINE
  8
0
 66
1
 70
1
  0
VERTEX
  8
0
 10
348.500000
 20
255.000000
 42
0.146489
  0
VERTEX
  8
0
 10
348.397987
 20
254.620597
 42
0.191582
  0
VERTEX
  8
0
 10
348.538811
 20
254.293750
 42
0.134005
  0
VERTEX
  8
0
 10
348.925364
 20
254.072951
 42
0.063222
  0
VERTEX
  8
0
 10
349.500000
 20
254.000000
 42
0.063222
  0
VERTEX
  8
0
 10
350.074636
 20
254.072951
 42
0.134005
  0
VERTEX
  8
0
 10
350.461189
 20
254.293750
 42
0.191582
  0
VERTEX
  8
0
 10
350.602013
 20
254.620597
 42
0.146489
  0
VERTEX
  8
0
 10
350.500000
 20
255.000000
 42
0.025622
  0
VERTEX
  8
0
 10
350.235369
 20
255.382847
 42
0.032351
  0
VERTEX
  8
0
 10
349.951311
 20
255.706250
 42
0.033983
  0
VERTEX
  8
0
 10
349.686704
 20
255.937141
 42
0.163822
  0
VERTEX
  8
0
 10
349.500000
 20
256.000000
 42
0.163822
  0
VERTEX
  8
0
 10
349.313296
 20
255.937141
 42
0.033983
  0
VERTEX
  8
0
 10
349.048689
 20
255.706250
 42
0.032351
  0
VERTEX
  8
0
 10
348.764631
 20
255.382847
 42
0.025622
  0
SEQEND
  0
POLYLINE
  8
0
 66
1
 70
1
  0
VERTEX
  8
0
 10
339.000000
 20
254.057418
 42
0.220710
  0
VERTEX
  8
0
 10
339.152915
 20
253.727876
 42
0.105320
  0
VERTEX
  8
0
 10
339.573890
 20
253.502240
 42
0.073221
  0
VERTEX
  8
0
 10
340.205464
 20
253.415831
 42
0.045041
  0
VERTEX
  8
0
 10
340.953668
 20
253.491077
 42
-0.076254
  0
VERTEX
  8
0
 10
341.828420
 20
253.524369
 42
-0.108193
  0
VERTEX
  8
0
 10
342.562641
 20
253.273109
 42
-0.106936
  0
VERTEX
  8
0
 10
343.130575
 20
252.735116
 42
-0.073148
  0
VERTEX
  8
0
 10
343.521056
 20
251.933660
 42
0.089035
  0
VERTEX
  8
0
 10
343.920497
 20
251.175560
 42
0.071224
  0
VERTEX
  8
0
 10
344.586882
 20
250.534471
 42
0.069609
  0
VERTEX
  8
0
 10
345.423038
 20
250.093988
 42
0.077581
  0
VERTEX
  8
0
 10
346.317388
 20
249.921053
 42
-0.021482
  0
VERTEX
  8
0
 10
347.088714
 20
249.859903
 42
-0.109656
  0
VERTEX
  8
0
 10
347.491670
 20
249.717133
 42
-0.455395
  0
VERTEX
  8
0
 10
347.520634
 20
249.534390
 42
-0.123064
  0
VERTEX
  8
0
 10
347.250000
 20
249.337719
 42
0.217957
  0
VERTEX
  8
0
 10
346.695245
 20
248.751781
 42
0.042478
  0
VERTEX
  8
0
 10
346.334915
 20
247.304200
 42
0.031381
  0
VERTEX
  8
0
 10
346.127528
 20
245.157629
 42
0.012131
  0
VERTEX
  8
0
 10
346.099680
 20
242.166667
 42
0.005288
  0
VERTEX
  8
0
 10
346.180555
 20
238.999209
 42
0.044204
  0
VERTEX
  8
0
 10
346.358295
 20
237.578443
 42
0.562882
  0
VERTEX
  8
0
 10
346.647757
 20
237.478443
 42
0.142996
  0
VERTEX
  8
0
 10
347.000000
 20
238.000000
 42
-0.016097
  0
VERTEX
  8
0
 10
347.316004
 20
238.887323
 42
-0.062550
  0
VERTEX
  8
0
 10
347.594733
 20
239.398438
 42
-0.377627
  0
VERTEX
  8
0
 10
347.776822
 20
239.440010
 42
-0.253622
  0
VERTEX
  8
0
 10
347.900320
 20
239.250000
 42
0.344487
  0
VERTEX
  8
0
 10
348.483354
 20
238.615414
 42
0.020404
  0
VERTEX
  8
0
 10
351.248206
 20
238.272495
 42
0.016759
  0
VERTEX
  8
0
 10
355.627970
 20
238.057367
 42
0.003891
  0
VERTEX
  8
0
 10
363.000000
 20
238.000000
 42
0.004686
  0
VERTEX
  8
0
 10
368.751681
 20
238.053911
 42
0.007803
  0
VERTEX
  8
0
 10
373.593978
 20
238.220313
 42
0.002430
  0
VERTEX
  8
0
 10
377.714481
 20
238.446405
 42
0.396542
  0
VERTEX
  8
0
 10
378.000775
 20
238.750000
 42
0.386735
  0
VERTEX
  8
0
 10
377.730544
 20
239.047738
 42
0.006258
  0
VERTEX
  8
0
 10
375.283907
 20
239.251866
 42
0.012639
  0
VERTEX
  8
0
 10
372.297749
 20
239.387672
 42
0.007602
  0
VERTEX
  8
0
 10
368.750775
 20
239.405288
 42
-0.001035
  0
VERTEX
  8
0
 10
363.755823
 20
239.364486
 42
-0.036726
  0
VERTEX
  8
0
 10
362.597440
 20
239.442586
 42
-0.882392
  0
VERTEX
  8
0
 10
362.599522
 20
239.573165
 42
-0.004142
  0
VERTEX
  8
0
 10
365.500000
 20
239.865838
 42
0.000000
  0
VERTEX
  8
0
 10
371.500000
 20
240.421101
 42
0.000000
  0
VERTEX
  8
0
 10
363.500000
 20
241.027171
 42
0.000000
  0
VERTEX
  8
0
 10
355.500000
 20
241.633241
 42
0.000000
  0
VERTEX
  8
0
 10
365.500000
 20
241.746335
 42
-0.005736
  0
VERTEX
  8
0
 10
369.684809
 20
241.745656
 42
-0.020350
  0
VERTEX
  8
0
 10
372.364403
 20
241.605309
 42
-0.068073
  0
VERTEX
  8
0
 10
373.492988
 20
241.342298
 42
-0.673488
  0
VERTEX
  8
0
 10
373.500000
 20
241.000000
 42
0.004357
  0
VERTEX
  8
0
 10
372.271123
 20
240.459198
 42
0.244120
  0
VERTEX
  8
0
 10
372.120653
 20
240.268738
 42
0.450130
  0
VERTEX
  8
0
 10
372.228266
 20
240.128978
 42
0.007535
  0
VERTEX
  8
0
 10
373.321429
 20
240.070285
 42
0.068076
  0
VERTEX
  8
0
 10
374.124522
 20
240.148733
 42
0.041363
  0
VERTEX
  8
0
 10
375.032889
 20
240.445722
 42
0.040714
  0
VERTEX
  8
0
 10
375.902125
 20
240.898317
 42
0.056048
  0
VERTEX
  8
0
 10
376.589924
 20
241.447067
 42
0.448002
  0
VERTEX
  8
0
 10
376.547564
 20
242.189624
 42
0.134078
  0
VERTEX
  8
0
 10
375.364832
 20
242.696470
 42
0.026533
  0
VERTEX
  8
0
 10
372.029064
 20
242.981515
 42
0.002646
  0
VERTEX
  8
0
 10
364.016877
 20
243.197067
 42
0.002730
  0
VERTEX
  8
0
 10
355.690835
 20
243.331494
 42
0.027840
  0
VERTEX
  8
0
 10
352.242215
 20
243.176268
 42
0.087567
  0
VERTEX
  8
0
 10
350.578039
 20
242.706124
 42
0.288019
  0
VERTEX
  8
0
 10
349.998381
 20
241.781385
 42
-0.067370
  0
VERTEX
  8
0
 10
349.903914
 20
241.078470
 42
-0.164203
  0
VERTEX
  8
0
 10
349.615214
 20
240.650658
 42
-0.176525
  0
VERTEX
  8
0
 10
349.143033
 20
240.503450
 42
-0.079962
  0
VERTEX
  8
0
 10
348.500000
 20
240.638374
 42
-0.122444
  0
VERTEX
  8
0
 10
347.925866
 20
241.039717
 42
-0.064626
  0
VERTEX
  8
0
 10
347.440625
 20
241.767636
 42
-0.058303
  0
VERTEX
  8
0
 10
347.111610
 20
242.690640
 42
-0.056546
  0
VERTEX
  8
0
 10
347.000000
 20
243.674376
 42
-0.031814
  0
VERTEX
  8
0
 10
347.080614
 20
244.940051
 42
-0.177772
  0
VERTEX
  8
0
 10
347.388720
 20
245.533198
 42
-0.216363
  0
VERTEX
  8
0
 10
347.965648
 20
245.720354
 42
-0.048755
  0
VERTEX
  8
0
 10
349.000000
 20
245.500000
 42
0.042329
  0
VERTEX
  8
0
 10
349.938712
 20
245.287399
 42
0.150729
  0
VERTEX
  8
0
 10
350.540147
 20
245.385130
 42
0.199073
  0
VERTEX
  8
0
 10
350.883241
 20
245.778296
 42
0.081300
  0
VERTEX
  8
0
 10
351.000000
 20
246.491629
 42
0.062832
  0
VERTEX
  8
0
 10
350.927091
 20
247.069525
 42
0.133340
  0
VERTEX
  8
0
 10
350.706250
 20
247.458730
 42
0.191602
  0
VERTEX
  8
0
 10
350.379369
 20
247.601172
 42
0.147534
  0
VERTEX
  8
0
 10
350.000000
 20
247.500000
 42
-0.146489
  0
VERTEX
  8
0
 10
349.620597
 20
247.397987
 42
-0.191582
  0
VERTEX
  8
0
 10
349.293750
 20
247.538811
 42
-0.134005
  0
VERTEX
  8
0
 10
349.072951
 20
247.925364
 42
-0.063222
  0
VERTEX
  8
0
 10
349.000000
 20
248.500000
 42
-0.056724
  0
VERTEX
  8
0
 10
349.065944
 20
249.079398
 42
-0.122263
  0
VERTEX
  8
0
 10
349.267963
 20
249.477126
 42
-0.190380
  0
VERTEX
  8
0
 10
349.566636
 20
249.633092
 42
-0.166145
  0
VERTEX
  8
0
 10
349.912215
 20
249.554254
 42
0.185845
  0
VERTEX
  8
0
 10
350.234725
 20
249.493540
 42
0.224412
  0
VERTEX
  8
0
 10
350.482526
 20
249.671546
 42
0.117261
  0
VERTEX
  8
0
 10
350.605434
 20
250.110689
 42
0.045511
  0
VERTEX
  8
0
 10
350.572716
 20
250.745237
 42
0.118257
  0
VERTEX
  8
0
 10
350.272906
 20
251.500475
 42
0.090927
  0
VERTEX
  8
0
 10
349.637725
 20
252.123984
 42
0.073747
  0
VERTEX
  8
0
 10
348.692170
 20
252.577877
 42
0.045857
  0
VERTEX
  8
0
 10
347.486175
 20
252.833244
 42
-0.014535
  0
VERTEX
  8
0
 10
346.113226
 20
253.035250
 42
-0.136814
  0
VERTEX
  8
0
 10
345.580883
 20
253.290494
 42
-0.412013
  0
VERTEX
  8
0
 10
345.557661
 20
253.621088
 42
-0.073892
  0
VERTEX
  8
0
 10
346.075675
 20
254.067931
 42
0.224283
  0
VERTEX
  8
0
 10
346.316818
 20
254.448088
 42
0.359679
  0
VERTEX
  8
0
 10
346.122108
 20
254.754196
 42
0.066152
  0
VERTEX
  8
0
 10
345.140331
 20
254.934485
 42
0.011475
  0
VERTEX
  8
0
 10
343.250000
 20
254.984687
 42
0.020904
  0
VERTEX
  8
0
 10
341.621049
 20
254.922431
 42
0.033716
  0
VERTEX
  8
0
 10
340.248438
 20
254.718618
 42
0.036958
  0
VERTEX
  8
0
 10
339.252126
 20
254.422719
 42
0.311589
  0
SEQEND
  0
POLYLINE
  8
0
 66
1
 70
1
  0
VERTEX
  8
0
 10
348.250000
 20
251.337719
 42
-0.057986
  0
VERTEX
  8
0
 10
347.679992
 20
251.181385
 42
-0.037979
  0
VERTEX
  8
0
 10
347.000000
 20
251.129660
 42
-0.037979
  0
VERTEX
  8
0
 10
346.320008
 20
251.181385
 42
-0.057986
  0
VERTEX
  8
0
 10
345.750000
 20
251.337719
 42
-0.174857
  0
VERTEX
  8
0
 10
345.540618
 20
251.525001
 42
-0.447206
  0
VERTEX
  8
0
 10
345.601562
 20
251.693942
 42
-0.078554
  0
VERTEX
  8
0
 10
346.108560
 20
251.810911
 42
-0.017491
  0
VERTEX
  8
0
 10
347.000000
 20
251.842105
 42
-0.017491
  0
VERTEX
  8
0
 10
347.891440
 20
251.810911
 42
-0.078554
  0
VERTEX
  8
0
 10
348.398438
 20
251.693942
 42
-0.447206
  0
VERTEX
  8
0
 10
348.459382
 20
251.525001
 42
-0.174857
  0
SEQEND
  0
POLYLINE
  8
0
 66
1
 70
1
  0
VERTEX
  8
0
 10
354.000000
 20
241.606989
 42
-0.225200
  0
VERTEX
  8
0
 10
353.911231
 20
241.419896
 42
-0.029412
  0
VERTEX
  8
0
 10
353.544118
 20
241.154486
 42
-0.029555
  0
VERTEX
  8
0
 10
353.042538
 20
240.875192
 42
-0.020646
  0
VERTEX
  8
0
 10
352.448062
 20
240.618443
 42
-0.036408
  0
VERTEX
  8
0
 10
351.868281
 20
240.443138
 42
-0.155351
  0
VERTEX
  8
0
 10
351.512472
 20
240.474315
 42
-0.329480
  0
VERTEX
  8
0
 10
351.393111
 20
240.674071
 42
-0.114400
  0
VERTEX
  8
0
 10
351.507079
 20
241.011454
 42
-0.115814
  0
VERTEX
  8
0
 10
352.098109
 20
241.603931
 42
-0.080554
  0
VERTEX
  8
0
 10
352.973761
 20
241.969265
 42
-0.115534
  0
VERTEX
  8
0
 10
353.708846
 20
241.972535
 42
-0.349578
  0
SEQEND
  0
POLYLINE
  8
0
 66
1
 70
1
  0
VERTEX
  8
0
 10
357.269032
 20
239.344063
 42
-0.062780
  0
VERTEX
  8
0
 10
356.671085
 20
239.185595
 42
-0.030339
  0
VERTEX
  8
0
 10
355.880008
 20
239.127736
 42
-0.029507
  0
VERTEX
  8
0
 10
355.036634
 20
239.167106
 42
-0.037336
  0
VERTEX
  8
0
 10
354.269032
 20
239.307009
 42
-0.087174
  0
VERTEX
  8
0
 10
353.883358
 20
239.483340
 42
-0.597527
  0
VERTEX
  8
0
 10
353.900903
 20
239.643467
 42
-0.080377
  0
VERTEX
  8
0
 10
354.431793
 20
239.764444
 42
-0.012823
  0
VERTEX
  8
0
 10
355.500000
 20
239.805051
 42
-0.014395
  0
VERTEX
  8
0
 10
356.580113
 20
239.787295
 42
-0.052471
  0
VERTEX
  8
0
 10
357.257153
 20
239.684921
 42
-0.333666
  0
VERTEX
  8
0
 10
357.386009
 20
239.522870
 42
-0.313180
  0
SEQEND
  0
POLYLINE
  8
0
 66
1
 70
1
  0
VERTEX
  8
0
 10
227.510081
 20
252.983688
 42
0.090427
  0
VERTEX
  8
0
 10
227.820631
 20
252.639411
 42
0.095498
  0
VERTEX
  8
0
 10
228.227140
 20
252.434921
 42
0.099685
  0
VERTEX
  8
0
 10
228.665803
 20
252.401101
 42
0.108373
  0
VERTEX
  8
0
 10
229.069098
 20
252.542705
 42
0.050477
  0
VERTEX
  8
0
 10
229.838655
 20
253.133140
 42
0.315493
  0
VERTEX
  8
0
 10
229.933879
 20
253.592818
 42
0.257010
  0
VERTEX
  8
0
 10
229.519563
 20
253.914842
 42
0.039415
  0
VERTEX
  8
0
 10
228.440983
 20
254.000000
 42
0.067432
  0
VERTEX
  8
0
 10
227.890269
 20
253.925389
 42
0.140899
  0
VERTEX
  8
0
 10
227.524436
 20
253.701458
 42
0.190788
  0
VERTEX
  8
0
 10
227.397824
 20
253.369640
 42
0.136093
  0
SEQEND
  0
POLYLINE
  8
0
 66
1
 70
1
  0
VERTEX
  8
0
 10
104.376557
 20
229.000000
 42
0.002840
  0
VERTEX
  8
0
 10
104.448799
 20
220.180712
 42
0.004733
  0
VERTEX
  8
0
 10
104.622088
 20
212.756250
 42
0.000900
  0
VERTEX
  8
0
 10
104.846460
 20
206.274628
 42
0.403591
  0
VERTEX
  8
0
 10
105.131273
 20
206.000000
 42
0.403374
  0
VERTEX
  8
0
 10
105.416290
 20
206.274621
 42
0.000900
  0
VERTEX
  8
0
 10
105.645505
 20
212.756250
 42
0.004733
  0
VERTEX
  8
0
 10
105.824343
 20
220.180714
 42
0.002840
  0
VERTEX
  8
0
 10
105.903175
 20
229.000000
 42
0.003381
  0
VERTEX
  8
0
 10
105.872292
 20
237.819273
 42
0.005635
  0
VERTEX
  8
0
 10
105.712401
 20
245.243750
 42
0.001274
  0
VERTEX
  8
0
 10
105.484923
 20
251.676052
 42
0.403156
  0
VERTEX
  8
0
 10
105.148459
 20
252.000000
 42
0.402940
  0
VERTEX
  8
0
 10
104.811753
 20
251.676061
 42
0.001274
  0
VERTEX
  8
0
 10
104.579469
 20
245.243750
 42
0.005635
  0
VERTEX
  8
0
 10
104.414030
 20
237.819270
 42
0.003381
  0
SEQEND
  0
POLYLINE
  8
0
 66
1
 70
1
  0
VERTEX
  8
0
 10
274.000000
 20
251.000000
 42
0.105053
  0
VERTEX
  8
0
 10
274.081062
 20
250.618444
 42
0.099167
  0
VERTEX
  8
0
 10
274.311086
 20
250.293750
 42
0.096420
  0
VERTEX
  8
0
 10
274.654762
 20
250.076123
 42
0.093332
  0
VERTEX
  8
0
 10
275.059017
 20
250.000000
 42
0.108972
  0
VERTEX
  8
0
 10
275.413961
 20
250.078288
 42
0.182303
  0
VERTEX
  8
0
 10
275.625400
 20
250.293750
 42
0.161196
  0
VERTEX
  8
0
 10
275.656512
 20
250.617900
 42
0.082592
  0
VERTEX
  8
0
 10
275.500000
 20
251.000000
 42
0.029505
  0
VERTEX
  8
0
 10
275.231006
 20
251.382774
 42
0.035638
  0
VERTEX
  8
0
 10
274.933975
 20
251.706250
 42
0.038439
  0
VERTEX
  8
0
 10
274.651710
 20
251.934461
 42
0.151918
  0
VERTEX
  8
0
 10
274.440983
 20
252.000000
 42
0.210953
  0
VERTEX
  8
0
 10
274.272352
 20
251.925540
 42
0.081139
  0
VERTEX
  8
0
 10
274.129539
 20
251.706250
 42
0.061769
  0
VERTEX
  8
0
 10
274.032345
 20
251.382849
 42
0.042167
  0
SEQEND
  0
POLYLINE
  8
0
 66
1
 70
1
  0
VERTEX
  8
0
 10
339.000000
 20
251.000000
 42
0.054370
  0
VERTEX
  8
0
 10
340.417104
 20
250.288872
 42
0.089354
  0
VERTEX
  8
0
 10
341.733700
 20
250.051693
 42
0.147327
  0
VERTEX
  8
0
 10
342.636788
 20
250.323695
 42
0.251537
  0
VERTEX
  8
0
 10
343.000000
 20
251.000000
 42
0.242407
  0
VERTEX
  8
0
 10
342.803010
 20
251.382445
 42
0.069028
  0
VERTEX
  8
0
 10
342.192187
 20
251.701752
 42
0.052836
  0
VERTEX
  8
0
 10
341.303322
 20
251.917643
 42
0.034580
  0
VERTEX
  8
0
 10
340.250000
 20
251.984687
 42
0.011096
  0
VERTEX
  8
0
 10
338.849063
 20
251.945789
 42
0.155556
  0
VERTEX
  8
0
 10
338.383071
 20
251.771138
 42
0.461139
  0
VERTEX
  8
0
 10
338.371881
 20
251.487379
 42
0.043106
  0
SEQEND
  0
POLYLINE
  8
0
 66
1
 70
1
  0
VERTEX
  8
0
 10
249.189084
 20
242.281385
 42
-0.014729
  0
VERTEX
  8
0
 10
249.030700
 20
240.152088
 42
-0.082800
  0
VERTEX
  8
0
 10
248.728515
 20
239.055631
 42
-0.211441
  0
VERTEX
  8
0
 10
248.226475
 20
238.615392
 42
-0.168973
  0
VERTEX
  8
0
 10
247.500000
 20
238.638374
 42
0.146299
  0
VERTEX
  8
0
 10
246.514229
 20
238.713309
 42
0.317701
  0
VERTEX
  8
0
 10
246.027239
 20
238.180927
 42
0.219764
  0
VERTEX
  8
0
 10
246.299772
 20
237.321213
 42
0.111888
  0
VERTEX
  8
0
 10
247.250000
 20
236.659464
 42
-0.049633
  0
VERTEX
  8
0
 10
247.815411
 20
236.361756
 42
-0.267804
  0
VERTEX
  8
0
 10
247.964784
 20
236.063002
 42
-0.198492
  0
VERTEX
  8
0
 10
247.795628
 20
235.714232
 42
-0.028773
  0
VERTEX
  8
0
 10
247.163597
 20
235.213714
 42
0.214892
  0
VERTEX
  8
0
 10
246.320630
 20
233.791957
 42
0.026593
  0
VERTEX
  8
0
 10
246.104219
 20
230.107422
 42
0.026541
  0
VERTEX
  8
0
 10
246.279722
 20
226.421224
 42
0.216674
  0
VERTEX
  8
0
 10
247.107477
 20
225.000000
 42
-0.725496
  0
VERTEX
  8
0
 10
247.045429
 20
224.800207
 42
-0.000805
  0
VERTEX
  8
0
 10
240.583126
 20
224.717482
 42
-0.003377
  0
VERTEX
  8
0
 10
233.025646
 20
224.683954
 42
-0.001934
  0
VERTEX
  8
0
 10
223.906417
 20
224.740364
 42
0.000000
  0
VERTEX
  8
0
 10
200.000000
 20
224.980728
 42
0.000000
  0
VERTEX
  8
0
 10
200.000000
 20
205.990364
 42
0.000000
  0
VERTEX
  8
0
 10
200.000000
 20
187.000000
 42
0.000000
  0
VERTEX
  8
0
 10
191.940983
 20
187.000000
 42
0.006675
  0
VERTEX
  8
0
 10
187.934121
 20
186.946510
 42
0.035436
  0
VERTEX
  8
0
 10
185.753302
 20
186.733116
 42
0.100106
  0
VERTEX
  8
0
 10
184.735157
 20
186.340638
 42
0.398626
  0
VERTEX
  8
0
 10
184.587687
 20
185.750000
 42
-0.009548
  0
VERTEX
  8
0
 10
184.932307
 20
185.111415
 42
-0.525565
  0
VERTEX
  8
0
 10
184.877624
 20
185.009388
 42
-0.212308
  0
VERTEX
  8
0
 10
184.692909
 20
185.068026
 42
-0.005111
  0
VERTEX
  8
0
 10
184.010990
 20
185.685714
 42
0.056562
  0
VERTEX
  8
0
 10
183.312553
 20
186.198423
 42
0.147708
  0
VERTEX
  8
0
 10
182.712000
 20
186.337099
 42
0.135797
  0
VERTEX
  8
0
 10
182.102248
 20
186.123941
 42
0.044818
  0
VERTEX
  8
0
 10
181.367158
 20
185.510016
 42
0.135972
  0
VERTEX
  8
0
 10
180.678105
 20
184.292798
 42
0.100495
  0
VERTEX
  8
0
 10
180.608916
 20
182.739281
 42
0.119872
  0
VERTEX
  8
0
 10
181.134398
 20
181.476786
 42
0.238836
  0
VERTEX
  8
0
 10
182.075604
 20
181.000000
 42
0.209945
  0
VERTEX
  8
0
 10
182.355341
 20
181.122874
 42
0.139550
  0
VERTEX
  8
0
 10
182.515044
 20
181.440625
 42
0.089820
  0
VERTEX
  8
0
 10
182.519532
 20
181.925320
 42
0.049166
  0
VERTEX
  8
0
 10
182.361626
 20
182.500000
 42
-0.345711
  0
VERTEX
  8
0
 10
182.598858
 20
183.268837
 42
-0.110577
  0
VERTEX
  8
0
 10
183.784163
 20
183.749906
 42
-0.033816
  0
VERTEX
  8
0
 10
186.432970
 20
184.009472
 42
-0.004341
  0
VERTEX
  8
0
 10
192.143011
 20
184.131641
 42
0.003756
  0
VERTEX
  8
0
 10
196.840809
 20
184.226649
 42
0.024564
  0
VERTEX
  8
0
 10
199.192278
 20
184.407717
 42
0.485381
  0
VERTEX
  8
0
 10
199.362028
 20
184.690224
 42
0.255509
  0
VERTEX
  8
0
 10
199.000000
 20
185.000000
 42
0.000000
  0
VERTEX
  8
0
 10
195.500000
 20
185.736718
 42
0.000000
  0
VERTEX
  8
0
 10
198.651598
 20
185.868359
 42
0.000000
  0
VERTEX
  8
0
 10
201.803195
 20
186.000000
 42
0.000000
  0
VERTEX
  8
0
 10
201.651598
 20
204.750000
 42
0.000000
  0
VERTEX
  8
0
 10
201.500000
 20
223.500000
 42
0.000000
  0
VERTEX
  8
0
 10
221.500000
 20
223.288722
 42
-0.000069
  0
VERTEX
  8
0
 10
229.325832
 20
223.204964
 42
-0.000099
  0
VERTEX
  8
0
 10
236.285937
 20
223.128132
 42
-0.000055
  0
VERTEX
  8
0
 10
242.168232
 20
223.061393
 42
-0.001438
  0
VERTEX
  8
0
 10
243.750000
 20
223.038722
 42
-0.059552
  0
VERTEX
  8
0
 10
244.803480
 20
222.894374
 42
-0.131605
  0
VERTEX
  8
0
 10
245.503619
 20
222.496431
 42
-0.131570
  0
VERTEX
  8
0
 10
245.911226
 20
221.801726
 42
-0.059506
  0
VERTEX
  8
0
 10
246.070285
 20
220.750000
 42
0.030877
  0
VERTEX
  8
0
 10
246.164153
 20
219.743166
 42
0.018959
  0
VERTEX
  8
0
 10
246.392281
 20
218.573437
 42
0.018984
  0
VERTEX
  8
0
 10
246.707210
 20
217.428785
 42
0.031922
  0
VERTEX
  8
0
 10
247.067743
 20
216.500000
 42
0.016279
  0
VERTEX
  8
0
 10
247.515178
 20
215.611809
 42
0.672887
  0
VERTEX
  8
0
 10
247.671314
 20
215.629528
 42
0.108287
  0
VERTEX
  8
0
 10
247.697800
 20
216.089898
 42
0.004354
  0
VERTEX
  8
0
 10
247.418003
 20
217.750000
 42
-0.023782
  0
VERTEX
  8
0
 10
247.237150
 20
219.153777
 42
-0.063001
  0
VERTEX
  8
0
 10
247.282862
 20
220.163010
 42
-0.112992
  0
VERTEX
  8
0
 10
247.537985
 20
220.773010
 42
-0.241974
  0
VERTEX
  8
0
 10
247.979562
 20
221.000000
 42
0.120144
  0
VERTEX
  8
0
 10
248.355898
 20
221.091754
 42
0.187094
  0
VERTEX
  8
0
 10
248.574010
 20
221.339137
 42
0.152451
  0
VERTEX
  8
0
 10
248.592760
 20
221.712970
 42
0.075422
  0
VERTEX
  8
0
 10
248.404508
 20
222.154508
 42
-0.029004
  0
VERTEX
  8
0
 10
248.156574
 20
222.613152
 42
-0.315645
  0
VERTEX
  8
0
 10
248.190983
 20
222.809017
 42
-0.315645
  0
VERTEX
  8
0
 10
248.386848
 20
222.843426
 42
-0.029004
  0
VERTEX
  8
0
 10
248.845492
 20
222.595492
 42
0.325325
  0
VERTEX
  8
0
 10
249.354025
 20
222.633947
 42
0.151581
  0
VERTEX
  8
0
 10
249.727843
 20
223.223106
 42
0.053546
  0
VERTEX
  8
0
 10
249.942238
 20
224.572743
 42
0.012638
  0
VERTEX
  8
0
 10
250.000000
 20
226.857650
 42
0.019680
  0
VERTEX
  8
0
 10
249.917769
 20
228.946035
 42
0.036376
  0
VERTEX
  8
0
 10
249.661711
 20
230.624021
 42
0.044780
  0
VERTEX
  8
0
 10
249.270960
 20
231.828710
 42
0.198076
  0
VERTEX
  8
0
 10
248.750000
 20
232.340536
 42
-0.046490
  0
VERTEX
  8
0
 10
248.175341
 20
232.638524
 42
-0.265425
  0
VERTEX
  8
0
 10
248.022364
 20
232.931920
 42
-0.203711
  0
VERTEX
  8
0
 10
248.183017
 20
233.273001
 42
-0.028770
  0
VERTEX
  8
0
 10
248.804596
 20
233.766628
 42
0.155820
  0
VERTEX
  8
0
 10
249.373712
 20
234.518375
 42
0.050577
  0
VERTEX
  8
0
 10
249.706056
 20
235.889620
 42
0.035614
  0
VERTEX
  8
0
 10
249.835717
 20
237.865844
 42
0.014030
  0
VERTEX
  8
0
 10
249.743680
 20
240.592759
 42
0.001435
  0
VERTEX
  8
0
 10
249.541300
 20
243.718045
 42
0.062530
  0
VERTEX
  8
0
 10
249.415380
 20
244.364306
 42
0.826364
  0
VERTEX
  8
0
 10
249.299423
 20
244.349411
 42
0.004256
  0
SEQEND
  0
POLYLINE
  8
0
 66
1
 70
1
  0
VERTEX
  8
0
 10
191.269032
 20
185.344063
 42
-0.062780
  0
VERTEX
  8
0
 10
190.671085
 20
185.185595
 42
-0.030339
  0
VERTEX
  8
0
 10
189.880008
 20
185.127736
 42
-0.029507
  0
VERTEX
  8
0
 10
189.036634
 20
185.167106
 42
-0.037336
  0
VERTEX
  8
0
 10
188.269032
 20
185.307009
 42
-0.087174
  0
VERTEX
  8
0
 10
187.883358
 20
185.483340
 42
-0.597527
  0
VERTEX
  8
0
 10
187.900903
 20
185.643467
 42
-0.080377
  0
VERTEX
  8
0
 10
188.431793
 20
185.764444
 42
-0.012823
  0
VERTEX
  8
0
 10
189.500000
 20
185.805051
 42
-0.014395
  0
VERTEX
  8
0
 10
190.580113
 20
185.787295
 42
-0.052471
  0
VERTEX
  8
0
 10
191.257153
 20
185.684921
 42
-0.333666
  0
VERTEX
  8
0
 10
191.386009
 20
185.522870
 42
-0.313180
  0
SEQEND
  0
POLYLINE
  8
0
 66
1
 70
1
  0
VERTEX
  8
0
 10
278.500000
 20
243.000000
 42
0.029505
  0
VERTEX
  8
0
 10
278.768994
 20
242.617226
 42
0.035638
  0
VERTEX
  8
0
 10
279.066025
 20
242.293750
 42
0.038439
  0
VERTEX
  8
0
 10
279.348290
 20
242.065539
 42
0.151918
  0
VERTEX
  8
0
 10
279.559017
 20
242.000000
 42
0.210953
  0
VERTEX
  8
0
 10
279.727648
 20
242.074460
 42
0.081139
  0
VERTEX
  8
0
 10
279.870461
 20
242.293750
 42
0.061769
  0
VERTEX
  8
0
 10
279.967655
 20
242.617151
 42
0.042167
  0
VERTEX
  8
0
 10
280.000000
 20
243.000000
 42
0.105053
  0
VERTEX
  8
0
 10
279.918938
 20
243.381556
 42
0.099167
  0
VERTEX
  8
0
 10
279.688914
 20
243.706250
 42
0.096420
  0
VERTEX
  8
0
 10
279.345238
 20
243.923877
 42
0.093332
  0
VERTEX
  8
0
 10
278.940983
 20
244.000000
 42
0.108972
  0
VERTEX
  8
0
 10
278.586039
 20
243.921712
 42
0.182303
  0
VERTEX
  8
0
 10
278.374600
 20
243.706250
 42
0.161196
  0
VERTEX
  8
0
 10
278.343488
 20
243.382100
 42
0.082592
  0
SEQEND
  0
POLYLINE
  8
0
 66
1
 70
1
  0
VERTEX
  8
0
 10
167.666667
 20
242.333333
 42
0.095876
  0
VERTEX
  8
0
 10
167.410170
 20
241.953731
 42
0.034611
  0
VERTEX
  8
0
 10
167.195833
 20
241.335784
 42
0.032795
  0
VERTEX
  8
0
 10
167.049172
 20
240.608942
 42
0.033397
  0
VERTEX
  8
0
 10
167.000000
 20
239.873590
 42
0.096153
  0
VERTEX
  8
0
 10
167.163570
 20
239.030876
 42
0.173713
  0
VERTEX
  8
0
 10
167.625448
 20
238.512082
 42
0.113400
  0
VERTEX
  8
0
 10
168.478079
 20
238.272856
 42
0.029969
  0
VERTEX
  8
0
 10
169.902569
 20
238.290257
 42
0.025529
  0
VERTEX
  8
0
 10
170.983576
 20
238.424095
 42
0.050138
  0
VERTEX
  8
0
 10
171.816918
 20
238.658700
 42
0.084129
  0
VERTEX
  8
0
 10
172.296526
 20
238.947807
 42
0.368478
  0
VERTEX
  8
0
 10
172.343552
 20
239.250000
 42
-0.290122
  0
VERTEX
  8
0
 10
172.350301
 20
239.767637
 42
-0.304626
  0
VERTEX
  8
0
 10
172.816128
 20
239.965480
 42
-0.088316
  0
VERTEX
  8
0
 10
173.866361
 20
239.563033
 42
-0.051561
  0
VERTEX
  8
0
 10
174.946704
 20
238.750000
 42
0.008848
  0
VERTEX
  8
0
 10
175.555491
 20
238.204663
 42
0.154220
  0
VERTEX
  8
0
 10
175.796764
 20
238.100728
 42
0.573995
  0
VERTEX
  8
0
 10
175.869595
 20
238.200751
 42
0.024704
  0
VERTEX
  8
0
 10
175.630393
 20
238.680902
 42
-0.086136
  0
VERTEX
  8
0
 10
175.454185
 20
239.179441
 42
-0.090436
  0
VERTEX
  8
0
 10
175.460679
 20
239.699422
 42
-0.095748
  0
VERTEX
  8
0
 10
175.646621
 20
240.159897
 42
-0.111085
  0
VERTEX
  8
0
 10
175.983688
 20
240.489919
 42
-0.086767
  0
VERTEX
  8
0
 10
176.371814
 20
240.645155
 42
-0.165631
  0
VERTEX
  8
0
 10
176.701458
 20
240.605103
 42
-0.179156
  0
VERTEX
  8
0
 10
176.921059
 20
240.377295
 42
-0.103494
  0
VERTEX
  8
0
 10
177.000000
 20
240.000000
 42
0.119364
  0
VERTEX
  8
0
 10
177.089590
 20
239.630065
 42
0.186824
  0
VERTEX
  8
0
 10
177.331472
 20
239.415250
 42
0.153046
  0
VERTEX
  8
0
 10
177.696881
 20
239.395837
 42
0.075874
  0
VERTEX
  8
0
 10
178.128416
 20
239.579366
 42
0.353282
  0
VERTEX
  8
0
 10
178.423337
 20
240.418348
 42
0.240650
  0
VERTEX
  8
0
 10
177.651432
 20
241.148073
 42
0.080633
  0
VERTEX
  8
0
 10
175.499691
 20
241.416436
 42
0.060689
  0
VERTEX
  8
0
 10
173.141177
 20
241.040489
 42
-0.016846
  0
VERTEX
  8
0
 10
171.526142
 20
240.635646
 42
-0.095000
  0
VERTEX
  8
0
 10
170.641608
 20
240.615749
 42
-0.217999
  0
VERTEX
  8
0
 10
170.178983
 20
240.929689
 42
-0.137174
  0
VERTEX
  8
0
 10
170.000000
 20
241.569806
 42
0.110497
  0
VERTEX
  8
0
 10
169.800981
 20
242.459373
 42
0.206448
  0
VERTEX
  8
0
 10
169.257699
 20
242.939164
 42
0.186386
  0
VERTEX
  8
0
 10
168.487787
 20
242.898861
 42
0.091392
  0
SEQEND
  0
POLYLINE
  8
0
 66
1
 70
1
  0
VERTEX
  8
0
 10
421.674207
 20
241.925793
 42
0.162573
  0
VERTEX
  8
0
 10
422.563027
 20
241.482024
 42
0.016842
  0
VERTEX
  8
0
 10
424.920241
 20
241.228686
 42
0.017815
  0
VERTEX
  8
0
 10
428.023086
 20
241.111484
 42
0.009408
  0
VERTEX
  8
0
 10
431.876503
 20
241.175793
 42
-0.007696
  0
VERTEX
  8
0
 10
435.376397
 20
241.246189
 42
-0.012837
  0
VERTEX
  8
0
 10
438.322541
 20
241.184452
 42
-0.006458
  0
VERTEX
  8
0
 10
440.732685
 20
241.040781
 42
-0.394031
  0
VERTEX
  8
0
 10
441.002296
 20
240.750000
 42
-0.385401
  0
VERTEX
  8
0
 10
440.728050
 20
240.448912
 42
-0.005365
  0
VERTEX
  8
0
 10
438.063174
 20
240.220313
 42
-0.011679
  0
VERTEX
  8
0
 10
434.834463
 20
240.053933
 42
-0.007032
  0
VERTEX
  8
0
 10
431.000000
 20
240.000000
 42
0.007350
  0
VERTEX
  8
0
 10
426.645318
 20
239.935982
 42
0.019698
  0
VERTEX
  8
0
 10
423.551913
 20
239.722849
 42
0.019466
  0
VERTEX
  8
0
 10
421.407303
 20
239.405062
 42
0.360717
  0
VERTEX
  8
0
 10
421.000000
 20
238.913947
 42
0.374950
  0
VERTEX
  8
0
 10
421.433372
 20
238.417287
 42
0.017695
  0
VERTEX
  8
0
 10
423.820145
 20
238.176597
 42
0.017777
  0
VERTEX
  8
0
 10
427.326869
 20
238.072883
 42
0.005807
  0
VERTEX
  8
0
 10
432.501309
 20
238.163947
 42
-0.006108
  0
VERTEX
  8
0
 10
436.911312
 20
238.238896
 42
-0.010190
  0
VERTEX
  8
0
 10
440.623724
 20
238.180972
 42
-0.004114
  0
VERTEX
  8
0
 10
443.722941
 20
238.043874
 42
-0.399443
  0
VERTEX
  8
0
 10
444.001309
 20
237.750000
 42
-0.132273
  0
VERTEX
  8
0
 10
443.923762
 20
237.463985
 42
-0.100370
  0
VERTEX
  8
0
 10
443.706634
 20
237.220313
 42
-0.087718
  0
VERTEX
  8
0
 10
443.382210
 20
237.056378
 42
-0.073356
  0
VERTEX
  8
0
 10
443.000000
 20
237.000000
 42
0.358721
  0
VERTEX
  8
0
 10
442.588072
 20
236.660819
 42
0.018430
  0
VERTEX
  8
0
 10
442.299670
 20
234.830071
 42
0.021273
  0
VERTEX
  8
0
 10
442.109557
 20
232.361209
 42
0.010846
  0
VERTEX
  8
0
 10
442.070285
 20
229.250000
 42
0.006434
  0
VERTEX
  8
0
 10
442.145451
 20
225.824040
 42
0.031385
  0
VERTEX
  8
0
 10
442.334334
 20
223.893979
 42
0.200520
  0
VERTEX
  8
0
 10
442.641576
 20
223.399639
 42
0.478085
  0
VERTEX
  8
0
 10
443.000000
 20
223.500000
 42
-0.003751
  0
VERTEX
  8
0
 10
443.576652
 20
224.814662
 42
-0.368608
  0
VERTEX
  8
0
 10
443.747226
 20
224.895722
 42
-0.326773
  0
VERTEX
  8
0
 10
443.873110
 20
224.738914
 42
-0.003386
  0
VERTEX
  8
0
 10
443.929715
 20
223.250000
 42
-0.042539
  0
VERTEX
  8
0
 10
443.883324
 20
222.388547
 42
-0.063338
  0
VERTEX
  8
0
 10
443.685604
 20
221.660937
 42
-0.084397
  0
VERTEX
  8
0
 10
443.376898
 20
221.168802
 42
-0.213708
  0
VERTEX
  8
0
 10
443.000000
 20
221.000000
 42
0.191087
  0
VERTEX
  8
0
 10
442.618118
 20
220.848523
 42
0.088204
  0
VERTEX
  8
0
 10
442.293750
 20
220.412500
 42
0.068025
  0
VERTEX
  8
0
 10
442.073693
 20
219.765418
 42
0.048028
  0
VERTEX
  8
0
 10
442.000000
 20
219.000000
 42
0.072314
  0
VERTEX
  8
0
 10
442.111864
 20
218.230589
 42
0.088920
  0
VERTEX
  8
0
 10
442.437500
 20
217.583333
 42
0.102140
  0
VERTEX
  8
0
 10
442.924246
 20
217.153209
 42
0.130775
  0
VERTEX
  8
0
 10
443.500000
 20
217.000000
 42
-0.099038
  0
VERTEX
  8
0
 10
444.072457
 20
216.885486
 42
-0.097945
  0
VERTEX
  8
0
 10
444.559375
 20
216.559375
 42
-0.097945
  0
VERTEX
  8
0
 10
444.885486
 20
216.072457
 42
-0.099038
  0
VERTEX
  8
0
 10
445.000000
 20
215.500000
 42
-0.121389
  0
VERTEX
  8
0
 10
444.750321
 20
214.486727
 42
-0.250307
  0
VERTEX
  8
0
 10
444.094608
 20
214.040943
 42
-0.222484
  0
VERTEX
  8
0
 10
443.290011
 20
214.317707
 42
-0.104915
  0
VERTEX
  8
0
 10
442.662281
 20
215.250000
 42
0.812880
  0
VERTEX
  8
0
 10
442.456802
 20
215.213071
 42
0.001139
  0
VERTEX
  8
0
 10
442.282867
 20
208.421875
 42
0.003264
  0
VERTEX
  8
0
 10
442.145238
 20
200.231441
 42
0.001817
  0
VERTEX
  8
0
 10
442.078947
 20
190.250000
 42
0.002324
  0
VERTEX
  8
0
 10
442.099069
 20
177.989851
 42
0.008260
  0
VERTEX
  8
0
 10
442.278287
 20
170.134308
 42
0.004560
  0
VERTEX
  8
0
 10
442.550012
 20
164.530436
 42
0.397450
  0
VERTEX
  8
0
 10
443.111900
 20
164.000000
 42
0.395621
  0
VERTEX
  8
0
 10
443.661395
 20
164.515462
 42
0.007219
  0
VERTEX
  8
0
 10
443.876790
 20
168.867318
 42
0.010399
  0
VERTEX
  8
0
 10
443.965643
 20
175.115821
 42
0.002888
  0
VERTEX
  8
0
 10
443.844573
 20
184.915217
 42
-0.003208
  0
VERTEX
  8
0
 10
443.750982
 20
192.904830
 42
-0.005531
  0
VERTEX
  8
0
 10
443.789317
 20
199.555212
 42
-0.001461
  0
VERTEX
  8
0
 10
443.901339
 20
205.227058
 42
-0.579788
  0
VERTEX
  8
0
 10
444.188999
 20
205.383192
 42
-0.137817
  0
VERTEX
  8
0
 10
444.430226
 20
205.120757
 42
-0.079674
  0
VERTEX
  8
0
 10
444.562125
 20
204.709547
 42
-0.069218
  0
VERTEX
  8
0
 10
444.568608
 20
204.217024
 42
-0.060816
  0
VERTEX
  8
0
 10
444.443021
 20
203.717975
 42
0.455079
  0
VERTEX
  8
0
 10
444.750260
 20
203.136542
 42
0.041671
  0
VERTEX
  8
0
 10
446.580715
 20
202.865058
 42
0.022082
  0
VERTEX
  8
0
 10
449.870315
 20
202.799945
 42
0.004418
  0
VERTEX
  8
0
 10
455.736695
 20
202.994788
 42
0.000000
  0
VERTEX
  8
0
 10
467.500000
 20
203.489575
 42
0.000000
  0
VERTEX
  8
0
 10
456.844374
 20
203.777662
 42
-0.005913
  0
VERTEX
  8
0
 10
451.459899
 20
203.986982
 42
-0.026135
  0
VERTEX
  8
0
 10
448.304650
 20
204.312932
 42
-0.044287
  0
VERTEX
  8
0
 10
446.397373
 20
204.787190
 42
-0.221562
  0
VERTEX
  8
0
 10
445.625759
 20
205.532874
 42
-0.080962
  0
VERTEX
  8
0
 10
445.500816
 20
206.134283
 42
-0.157508
  0
VERTEX
  8
0
 10
445.629859
 20
206.602036
 42
-0.162027
  0
VERTEX
  8
0
 10
446.004262
 20
206.897381
 42
-0.086877
  0
VERTEX
  8
0
 10
446.590402
 20
207.000000
 42
-0.073559
  0
VERTEX
  8
0
 10
447.125829
 20
206.920800
 42
-0.149933
  0
VERTEX
  8
0
 10
447.475304
 20
206.686121
 42
-0.188150
  0
VERTEX
  8
0
 10
447.586830
 20
206.337767
 42
-0.123488
  0
VERTEX
  8
0
 10
447.457649
 20
205.931475
 42
0.519649
  0
VERTEX
  8
0
 10
447.664394
 20
205.449098
 42
0.031158
  0
VERTEX
  8
0
 10
449.511601
 20
205.179166
 42
0.020664
  0
VERTEX
  8
0
 10
452.586122
 20
205.051547
 42
0.005781
  0
VERTEX
  8
0
 10
457.398632
 20
205.106406
 42
0.006751
  0
VERTEX
  8
0
 10
461.463474
 20
205.254685
 42
0.011191
  0
VERTEX
  8
0
 10
464.885848
 20
205.502712
 42
0.004936
  0
VERTEX
  8
0
 10
467.720618
 20
205.800313
 42
0.381069
  0
VERTEX
  8
0
 10
468.000000
 20
206.113658
 42
0.369375
  0
VERTEX
  8
0
 10
467.351699
 20
206.871491
 42
0.013514
  0
VERTEX
  8
0
 10
463.304861
 20
207.394190
 42
0.018610
  0
VERTEX
  8
0
 10
458.084519
 20
207.729850
 42
0.010600
  0
VERTEX
  8
0
 10
451.759705
 20
207.766503
 42
-0.008216
  0
VERTEX
  8
0
 10
448.745154
 20
207.769597
 42
-0.012044
  0
VERTEX
  8
0
 10
446.095679
 20
207.879728
 42
-0.007498
  0
VERTEX
  8
0
 10
443.904349
 20
208.056790
 42
-0.174174
  0
VERTEX
  8
0
 10
443.347264
 20
208.319402
 42
-0.198129
  0
VERTEX
  8
0
 10
443.166809
 20
208.753210
 42
-0.041822
  0
VERTEX
  8
0
 10
443.234211
 20
209.587839
 42
-0.037822
  0
VERTEX
  8
0
 10
443.484063
 20
210.609778
 42
-0.028041
  0
VERTEX
  8
0
 10
443.906266
 20
211.693621
 42
-0.017381
  0
VERTEX
  8
0
 10
444.582243
 20
213.050196
 42
-0.134811
  0
VERTEX
  8
0
 10
445.067957
 20
213.556092
 42
-0.312530
  0
VERTEX
  8
0
 10
445.523297
 20
213.525043
 42
-0.086040
  0
VERTEX
  8
0
 10
446.026080
 20
212.957802
 42
0.069357
  0
VERTEX
  8
0
 10
446.401927
 20
212.504326
 42
0.524466
  0
VERTEX
  8
0
 10
446.628334
 20
212.556340
 42
0.110398
  0
VERTEX
  8
0
 10
446.715979
 20
213.102862
 42
0.011332
  0
VERTEX
  8
0
 10
446.606123
 20
214.414602
 42
0.046392
  0
VERTEX
  8
0
 10
446.364620
 20
215.612533
 42
0.039202
  0
VERTEX
  8
0
 10
445.896994
 20
216.818126
 42
0.040936
  0
VERTEX
  8
0
 10
445.288850
 20
217.855572
 42
0.082031
  0
VERTEX
  8
0
 10
444.625454
 20
218.531924
 42
-0.012341
  0
VERTEX
  8
0
 10
443.629791
 20
219.298385
 42
-0.246021
  0
VERTEX
  8
0
 10
443.482312
 20
219.639941
 42
-0.301719
  0
VERTEX
  8
0
 10
443.691186
 20
219.908559
 42
-0.017009
  0
VERTEX
  8
0
 10
444.752430
 20
220.225008
 42
0.179764
  0
VERTEX
  8
0
 10
445.931599
 20
221.051798
 42
0.096386
  0
VERTEX
  8
0
 10
446.652084
 20
222.703244
 42
0.100661
  0
VERTEX
  8
0
 10
446.684412
 20
224.445104
 42
0.211871
  0
VERTEX
  8
0
 10
445.936368
 20
225.539327
 42
-0.068181
  0
VERTEX
  8
0
 10
445.578162
 20
225.834802
 42
-0.052441
  0
VERTEX
  8
0
 10
445.275058
 20
226.241789
 42
-0.053430
  0
VERTEX
  8
0
 10
445.069044
 20
226.692671
 42
-0.080631
  0
VERTEX
  8
0
 10
445.000000
 20
227.118034
 42
-0.117858
  0
VERTEX
  8
0
 10
445.079239
 20
227.449529
 42
-0.186277
  0
VERTEX
  8
0
 10
445.293750
 20
227.642737
 42
-0.154201
  0
VERTEX
  8
0
 10
445.617617
 20
227.661825
 42
-0.076764
  0
VERTEX
  8
0
 10
446.000000
 20
227.500000
 42
0.471728
  0
VERTEX
  8
0
 10
446.719885
 20
227.744952
 42
0.096962
  0
VERTEX
  8
0
 10
446.978469
 20
229.270094
 42
0.060491
  0
VERTEX
  8
0
 10
446.672796
 20
231.345886
 42
0.130320
  0
VERTEX
  8
0
 10
445.867217
 20
232.732783
 42
-0.095374
  0
VERTEX
  8
0
 10
445.475490
 20
233.311276
 42
-0.070309
  0
VERTEX
  8
0
 10
445.272638
 20
234.059743
 42
-0.065944
  0
VERTEX
  8
0
 10
445.278753
 20
234.883750
 42
-0.064839
  0
VERTEX
  8
0
 10
445.498700
 20
235.682783
 42
0.027087
  0
VERTEX
  8
0
 10
445.817525
 20
236.572888
 42
0.012102
  0
VERTEX
  8
0
 10
446.144242
 20
237.774005
 42
0.011939
  0
VERTEX
  8
0
 10
446.429357
 20
239.064120
 42
0.015857
  0
VERTEX
  8
0
 10
446.623065
 20
240.250000
 42
0.000000
  0
VERTEX
  8
0
 10
446.983164
 20
243.000000
 42
0.000000
  0
VERTEX
  8
0
 10
433.791582
 20
243.000000
 42
0.004323
  0
VERTEX
  8
0
 10
427.640302
 20
242.946817
 42
0.017784
  0
VERTEX
  8
0
 10
423.920075
 20
242.750000
 42
0.031278
  0
VERTEX
  8
0
 10
421.822733
 20
242.430968
 42
0.593567
  0
SEQEND
  0
POLYLINE
  8
0
 66
1
 70
1
  0
VERTEX
  8
0
 10
445.000000
 20
241.000000
 42
-0.148195
  0
VERTEX
  8
0
 10
444.884432
 20
240.618646
 42
-0.098894
  0
VERTEX
  8
0
 10
444.559375
 20
240.293750
 42
-0.082425
  0
VERTEX
  8
0
 10
444.073457
 20
240.074694
 42
-0.064853
  0
VERTEX
  8
0
 10
443.500000
 20
240.000000
 42
-0.064853
  0
VERTEX
  8
0
 10
442.926543
 20
240.074694
 42
-0.082425
  0
VERTEX
  8
0
 10
442.440625
 20
240.293750
 42
-0.098894
  0
VERTEX
  8
0
 10
442.115568
 20
240.618646
 42
-0.148195
  0
VERTEX
  8
0
 10
442.000000
 20
241.000000
 42
-0.148195
  0
VERTEX
  8
0
 10
442.115568
 20
241.381354
 42
-0.098894
  0
VERTEX
  8
0
 10
442.440625
 20
241.706250
 42
-0.082425
  0
VERTEX
  8
0
 10
442.926543
 20
241.925306
 42
-0.064853
  0
VERTEX
  8
0
 10
443.500000
 20
242.000000
 42
-0.064853
  0
VERTEX
  8
0
 10
444.073457
 20
241.925306
 42
-0.082425
  0
VERTEX
  8
0
 10
444.559375
 20
241.706250
 42
-0.098894
  0
VERTEX
  8
0
 10
444.884432
 20
241.381354
 42
-0.148195
  0
SEQEND
  0
POLYLINE
  8
0
 66
1
 70
1
  0
VERTEX
  8
0
 10
444.195851
 20
228.250000
 42
-0.021502
  0
VERTEX
  8
0
 10
443.964465
 20
227.271785
 42
-0.075673
  0
VERTEX
  8
0
 10
443.697819
 20
226.684691
 42
-0.317691
  0
VERTEX
  8
0
 10
443.453181
 20
226.587489
 42
-0.258326
  0
VERTEX
  8
0
 10
443.240193
 20
226.782989
 42
-0.099529
  0
VERTEX
  8
0
 10
443.100594
 20
227.901362
 42
-0.044695
  0
VERTEX
  8
0
 10
443.342744
 20
229.368683
 42
-0.042667
  0
VERTEX
  8
0
 10
443.794843
 20
230.654237
 42
-0.294971
  0
VERTEX
  8
0
 10
444.329943
 20
231.000000
 42
-0.406616
  0
VERTEX
  8
0
 10
444.460280
 20
230.873011
 42
-0.018685
  0
VERTEX
  8
0
 10
444.452548
 20
230.192187
 42
-0.022187
  0
VERTEX
  8
0
 10
444.369680
 20
229.304573
 42
-0.012955
  0
SEQEND
  0
POLYLINE
  8
0
 66
1
 70
1
  0
VERTEX
  8
0
 10
182.177841
 20
239.714286
 42
0.042570
  0
VERTEX
  8
0
 10
181.739052
 20
239.083302
 42
0.271027
  0
VERTEX
  8
0
 10
181.741598
 20
238.708428
 42
0.230097
  0
VERTEX
  8
0
 10
182.081519
 20
238.484579
 42
0.032518
  0
VERTEX
  8
0
 10
182.941783
 20
238.428571
 42
0.063300
  0
VERTEX
  8
0
 10
183.643480
 20
238.517764
 42
0.128895
  0
VERTEX
  8
0
 10
184.125232
 20
238.786756
 42
0.167843
  0
VERTEX
  8
0
 10
184.337615
 20
239.202189
 42
0.127285
  0
VERTEX
  8
0
 10
184.279397
 20
239.714286
 42
0.017159
  0
VERTEX
  8
0
 10
184.070713
 20
240.206878
 42
0.025278
  0
VERTEX
  8
0
 10
183.851472
 20
240.622321
 42
0.022944
  0
VERTEX
  8
0
 10
183.647110
 20
240.932883
 42
0.240193
  0
VERTEX
  8
0
 10
183.515456
 20
241.000000
 42
0.180842
  0
VERTEX
  8
0
 10
183.360764
 20
240.942159
 42
0.012496
  0
VERTEX
  8
0
 10
183.010923
 20
240.622321
 42
0.016516
  0
VERTEX
  8
0
 10
182.606303
 20
240.206837
 42
0.011600
  0
SEQEND
  0
POLYLINE
  8
0
 66
1
 70
1
  0
VERTEX
  8
0
 10
185.340566
 20
240.326101
 42
0.155607
  0
VERTEX
  8
0
 10
186.445580
 20
239.755502
 42
0.037178
  0
VERTEX
  8
0
 10
188.529583
 20
239.559868
 42
0.035386
  0
VERTEX
  8
0
 10
190.508850
 20
239.661817
 42
0.378857
  0
VERTEX
  8
0
 10
191.000000
 20
240.216978
 42
0.297292
  0
VERTEX
  8
0
 10
190.802227
 20
240.520205
 42
0.043154
  0
VERTEX
  8
0
 10
190.069792
 20
240.769987
 42
0.037286
  0
VERTEX
  8
0
 10
189.046928
 20
240.943326
 42
0.023337
  0
VERTEX
  8
0
 10
187.833333
 20
241.000000
 42
0.020064
  0
VERTEX
  8
0
 10
186.663280
 20
240.953029
 42
0.045979
  0
VERTEX
  8
0
 10
185.794833
 20
240.802042
 42
0.101493
  0
VERTEX
  8
0
 10
185.355460
 20
240.580884
 42
0.448847
  0
SEQEND
  0
POLYLINE
  8
0
 66
1
 70
1
  0
VERTEX
  8
0
 10
399.000000
 20
239.500000
 42
0.062722
  0
VERTEX
  8
0
 10
399.072230
 20
238.926468
 42
0.080880
  0
VERTEX
  8
0
 10
399.284531
 20
238.440625
 42
0.098158
  0
VERTEX
  8
0
 10
399.599211
 20
238.115494
 42
0.152681
  0
VERTEX
  8
0
 10
399.968615
 20
238.000000
 42
0.184534
  0
VERTEX
  8
0
 10
400.289193
 20
238.122486
 42
0.147206
  0
VERTEX
  8
0
 10
400.483616
 20
238.440625
 42
0.100118
  0
VERTEX
  8
0
 10
400.511135
 20
238.925634
 42
0.055937
  0
VERTEX
  8
0
 10
400.361626
 20
239.500000
 42
0.021360
  0
VERTEX
  8
0
 10
400.112506
 20
240.074558
 42
0.030395
  0
VERTEX
  8
0
 10
399.839659
 20
240.559375
 42
0.030693
  0
VERTEX
  8
0
 10
399.579329
 20
240.912889
 42
0.222225
  0
VERTEX
  8
0
 10
399.393011
 20
241.000000
 42
0.289661
  0
VERTEX
  8
0
 10
399.241071
 20
240.903916
 42
0.046727
  0
VERTEX
  8
0
 10
399.115447
 20
240.559375
 42
0.039339
  0
VERTEX
  8
0
 10
399.028469
 20
240.074824
 42
0.024748
  0
SEQEND
  0
POLYLINE
  8
0
 66
1
 70
1
  0
VERTEX
  8
0
 10
199.321684
 20
236.130081
 42
0.019767
  0
VERTEX
  8
0
 10
199.471043
 20
234.388947
 42
0.070159
  0
VERTEX
  8
0
 10
199.764014
 20
233.310207
 42
0.153920
  0
VERTEX
  8
0
 10
200.202753
 20
232.800511
 42
0.233918
  0
VERTEX
  8
0
 10
200.773513
 20
232.746092
 42
0.270468
  0
VERTEX
  8
0
 10
201.680027
 20
233.871729
 42
0.051453
  0
VERTEX
  8
0
 10
201.808323
 20
236.606724
 42
0.053401
  0
VERTEX
  8
0
 10
201.377757
 20
239.230683
 42
0.337353
  0
VERTEX
  8
0
 10
200.367297
 20
240.000000
 42
0.241495
  0
VERTEX
  8
0
 10
199.860649
 20
239.740140
 42
0.090011
  0
VERTEX
  8
0
 10
199.507179
 20
238.995953
 42
0.055021
  0
VERTEX
  8
0
 10
199.320008
 20
237.789844
 42
0.022522
  0
SEQEND
  0
POLYLINE
  8
0
 66
1
 70
1
  0
VERTEX
  8
0
 10
268.901620
 20
234.303862
 42
0.008546
  0
VERTEX
  8
0
 10
267.682930
 20
232.967553
 42
0.024856
  0
VERTEX
  8
0
 10
266.904522
 20
231.990263
 42
0.116280
  0
VERTEX
  8
0
 10
266.738126
 20
231.587043
 42
0.630550
  0
VERTEX
  8
0
 10
266.879732
 20
231.489019
 42
-0.035402
  0
VERTEX
  8
0
 10
267.487775
 20
231.781907
 42
-0.247346
  0
VERTEX
  8
0
 10
267.804821
 20
231.747904
 42
-0.292170
  0
VERTEX
  8
0
 10
267.921485
 20
231.479834
 42
-0.044873
  0
VERTEX
  8
0
 10
267.772103
 20
230.889196
 42
-0.090159
  0
VERTEX
  8
0
 10
267.474885
 20
230.366753
 42
-0.074287
  0
VERTEX
  8
0
 10
266.994416
 20
229.940715
 42
-0.074163
  0
VERTEX
  8
0
 10
266.409553
 20
229.673142
 42
-0.089278
  0
VERTEX
  8
0
 10
265.809038
 20
229.611111
 42
0.086661
  0
VERTEX
  8
0
 10
265.245602
 20
229.555866
 42
0.100823
  0
VERTEX
  8
0
 10
264.766822
 20
229.311701
 42
0.108855
  0
VERTEX
  8
0
 10
264.447315
 20
228.917708
 42
0.116655
  0
VERTEX
  8
0
 10
264.333333
 20
228.435815
 42
0.332040
  0
VERTEX
  8
0
 10
265.096763
 20
227.412954
 42
0.147745
  0
VERTEX
  8
0
 10
266.878160
 20
227.421712
 42
0.073441
  0
VERTEX
  8
0
 10
269.492521
 20
228.668202
 42
0.041152
  0
VERTEX
  8
0
 10
272.250000
 20
230.869854
 42
0.011159
  0
VERTEX
  8
0
 10
274.970747
 20
233.552559
 42
0.116912
  0
VERTEX
  8
0
 10
275.766583
 20
234.888215
 42
0.277862
  0
VERTEX
  8
0
 10
275.522908
 20
235.895012
 42
0.075112
  0
VERTEX
  8
0
 10
274.151620
 20
236.918856
 42
0.109921
  0
VERTEX
  8
0
 10
273.052983
 20
237.225794
 42
0.129617
  0
VERTEX
  8
0
 10
271.998654
 20
237.007319
 42
0.072206
  0
VERTEX
  8
0
 10
270.751305
 20
236.142406
 42
0.015967
  0
SEQEND
  0
POLYLINE
  8
0
 66
1
 70
1
  0
VERTEX
  8
0
 10
274.335410
 20
235.685728
 42
-0.100020
  0
VERTEX
  8
0
 10
274.651446
 20
235.797765
 42
-0.517950
  0
VERTEX
  8
0
 10
274.757621
 20
235.685224
 42
-0.103246
  0
VERTEX
  8
0
 10
274.599373
 20
235.316371
 42
-0.017600
  0
VERTEX
  8
0
 10
274.136693
 20
234.702969
 42
-0.054309
  0
VERTEX
  8
0
 10
273.536801
 20
234.108507
 42
-0.067770
  0
VERTEX
  8
0
 10
272.863472
 20
233.707628
 42
-0.081670
  0
VERTEX
  8
0
 10
272.222929
 20
233.551761
 42
-0.158634
  0
VERTEX
  8
0
 10
271.716754
 20
233.675055
 42
0.086246
  0
VERTEX
  8
0
 10
271.326988
 20
233.831415
 42
0.341824
  0
VERTEX
  8
0
 10
271.109452
 20
233.726520
 42
0.175969
  0
VERTEX
  8
0
 10
271.069686
 20
233.380354
 42
0.033115
  0
VERTEX
  8
0
 10
271.261160
 20
232.761811
 42
-0.072346
  0
VERTEX
  8
0
 10
271.561935
 20
231.429093
 42
-0.247483
  0
VERTEX
  8
0
 10
271.220892
 20
230.639434
 42
-0.268699
  0
VERTEX
  8
0
 10
270.409994
 20
230.514480
 42
-0.080327
  0
VERTEX
  8
0
 10
269.289760
 20
231.174484
 42
-0.080423
  0
VERTEX
  8
0
 10
268.678673
 20
231.874645
 42
-0.208481
  0
VERTEX
  8
0
 10
268.583285
 20
232.523358
 42
-0.117739
  0
VERTEX
  8
0
 10
269.003538
 20
233.293587
 42
-0.019263
  0
VERTEX
  8
0
 10
270.197751
 20
234.519269
 42
-0.025567
  0
VERTEX
  8
0
 10
271.104878
 20
235.297013
 42
-0.047841
  0
VERTEX
  8
0
 10
271.922241
 20
235.811765
 42
-0.073697
  0
VERTEX
  8
0
 10
272.537507
 20
236.015169
 42
-0.356824
  0
VERTEX
  8
0
 10
272.835410
 20
235.847231
 42
0.154446
  0
VERTEX
  8
0
 10
273.054851
 20
235.575010
 42
0.120228
  0
VERTEX
  8
0
 10
273.414392
 20
235.445166
 42
0.095678
  0
VERTEX
  8
0
 10
273.865115
 20
235.482898
 42
0.066540
  0
SEQEND
  0
POLYLINE
  8
0
 66
1
 70
1
  0
VERTEX
  8
0
 10
345.863153
 20
234.105738
 42
-0.022213
  0
VERTEX
  8
0
 10
346.573805
 20
233.609949
 42
-0.233412
  0
VERTEX
  8
0
 10
346.726305
 20
233.301070
 42
-0.275386
  0
VERTEX
  8
0
 10
346.563025
 20
233.027095
 42
-0.029355
  0
VERTEX
  8
0
 10
345.863153
 20
232.699998
 42
0.023718
  0
VERTEX
  8
0
 10
345.290165
 20
232.440028
 42
0.438953
  0
VERTEX
  8
0
 10
345.242627
 20
232.268378
 42
0.232968
  0
VERTEX
  8
0
 10
345.455800
 20
232.135931
 42
0.013273
  0
VERTEX
  8
0
 10
346.250000
 20
232.078947
 42
0.084943
  0
VERTEX
  8
0
 10
346.918248
 20
232.162507
 42
0.097345
  0
VERTEX
  8
0
 10
347.485937
 20
232.463816
 42
0.105533
  0
VERTEX
  8
0
 10
347.865052
 20
232.934098
 42
0.117584
  0
VERTEX
  8
0
 10
348.000000
 20
233.500000
 42
0.116238
  0
VERTEX
  8
0
 10
347.865450
 20
234.070951
 42
0.101436
  0
VERTEX
  8
0
 10
347.485937
 20
234.554877
 42
0.094034
  0
VERTEX
  8
0
 10
346.918289
 20
234.876916
 42
0.084520
  0
VERTEX
  8
0
 10
346.250000
 20
234.984687
 42
0.015246
  0
VERTEX
  8
0
 10
345.364391
 20
234.949918
 42
0.278496
  0
VERTEX
  8
0
 10
345.142952
 20
234.794172
 42
0.348700
  0
VERTEX
  8
0
 10
345.204233
 20
234.560445
 42
0.019656
  0
SEQEND
  0
POLYLINE
  8
0
 66
1
 70
1
  0
VERTEX
  8
0
 10
200.552515
 20
230.750000
 42
0.053827
  0
VERTEX
  8
0
 10
200.252158
 20
229.196804
 42
0.053063
  0
VERTEX
  8
0
 10
200.288009
 20
227.607611
 42
0.062441
  0
VERTEX
  8
0
 10
200.605555
 20
226.380908
 42
0.307358
  0
VERTEX
  8
0
 10
201.166667
 20
226.000000
 42
0.281649
  0
VERTEX
  8
0
 10
201.488318
 20
226.196796
 42
0.050468
  0
VERTEX
  8
0
 10
201.755208
 20
226.881250
 42
0.041504
  0
VERTEX
  8
0
 10
201.939578
 20
227.850433
 42
0.026262
  0
VERTEX
  8
0
 10
202.000000
 20
229.000000
 42
0.023307
  0
VERTEX
  8
0
 10
201.908555
 20
230.960675
 42
0.150587
  0
VERTEX
  8
0
 10
201.534480
 20
231.865201
 42
0.508456
  0
VERTEX
  8
0
 10
201.055505
 20
231.835923
 42
0.067702
  0
SEQEND
  0
POLYLINE
  8
0
 66
1
 70
1
  0
VERTEX
  8
0
 10
345.826043
 20
222.840623
 42
0.008401
  0
VERTEX
  8
0
 10
345.666587
 20
215.681450
 42
0.016592
  0
VERTEX
  8
0
 10
345.824135
 20
209.998102
 42
0.011652
  0
VERTEX
  8
0
 10
346.191207
 20
205.648808
 42
0.383066
  0
VERTEX
  8
0
 10
346.913800
 20
205.000000
 42
0.416543
  0
VERTEX
  8
0
 10
347.485086
 20
205.575844
 42
0.001159
  0
VERTEX
  8
0
 10
347.362018
 20
217.564708
 42
0.001635
  0
VERTEX
  8
0
 10
347.174884
 20
229.368449
 42
0.193947
  0
VERTEX
  8
0
 10
346.589871
 20
230.743463
 42
0.627421
  0
VERTEX
  8
0
 10
346.404997
 20
230.679046
 42
0.004622
  0
VERTEX
  8
0
 10
346.184911
 20
228.602589
 42
0.009207
  0
VERTEX
  8
0
 10
345.982376
 20
226.009222
 42
0.005114
  0
SEQEND
  0
POLYLINE
  8
0
 66
1
 70
1
  0
VERTEX
  8
0
 10
256.542705
 20
222.069098
 42
0.124968
  0
VERTEX
  8
0
 10
256.413429
 20
221.658364
 42
0.100781
  0
VERTEX
  8
0
 10
256.480308
 20
221.199089
 42
0.090333
  0
VERTEX
  8
0
 10
256.734317
 20
220.761221
 42
0.078004
  0
VERTEX
  8
0
 10
257.138197
 20
220.414590
 42
0.028061
  0
VERTEX
  8
0
 10
257.635061
 20
220.144784
 42
0.388403
  0
VERTEX
  8
0
 10
257.814409
 20
220.200180
 42
0.257747
  0
VERTEX
  8
0
 10
257.820434
 20
220.433960
 42
0.018709
  0
VERTEX
  8
0
 10
257.490464
 20
221.015430
 42
-0.036589
  0
VERTEX
  8
0
 10
257.171809
 20
221.626867
 42
-0.348029
  0
VERTEX
  8
0
 10
257.243292
 20
221.892848
 42
-0.233523
  0
VERTEX
  8
0
 10
257.575496
 20
221.953158
 42
-0.021797
  0
VERTEX
  8
0
 10
258.387893
 20
221.681393
 42
0.030019
  0
VERTEX
  8
0
 10
259.054003
 20
221.470671
 42
0.134966
  0
VERTEX
  8
0
 10
259.458724
 20
221.479553
 42
0.342795
  0
VERTEX
  8
0
 10
259.596607
 20
221.672668
 42
0.128996
  0
VERTEX
  8
0
 10
259.492921
 20
222.011454
 42
0.105913
  0
VERTEX
  8
0
 10
258.829180
 20
222.703376
 42
0.144903
  0
VERTEX
  8
0
 10
258.010926
 20
222.963087
 42
0.148242
  0
VERTEX
  8
0
 10
257.196931
 20
222.733591
 42
0.112490
  0
SEQEND
  0
POLYLINE
  8
0
 66
1
 70
1
  0
VERTEX
  8
0
 10
248.715278
 20
220.381944
 42
0.167139
  0
VERTEX
  8
0
 10
248.511029
 20
219.963592
 42
0.029058
  0
VERTEX
  8
0
 10
248.453200
 20
219.073321
 42
0.028776
  0
VERTEX
  8
0
 10
248.508909
 20
217.977014
 42
0.022276
  0
VERTEX
  8
0
 10
248.691008
 20
216.794962
 42
-0.019445
  0
VERTEX
  8
0
 10
248.948995
 20
215.181035
 42
-0.140529
  0
VERTEX
  8
0
 10
248.825232
 20
214.412195
 42
-0.246925
  0
VERTEX
  8
0
 10
248.354129
 20
214.055695
 42
-0.067613
  0
VERTEX
  8
0
 10
247.392396
 20
214.028172
 42
0.014338
  0
VERTEX
  8
0
 10
244.366900
 20
214.263842
 42
0.127094
  0
VERTEX
  8
0
 10
243.067306
 20
213.995298
 42
0.343901
  0
VERTEX
  8
0
 10
242.718343
 20
213.276072
 42
0.087098
  0
VERTEX
  8
0
 10
243.239470
 20
211.988156
 42
0.048407
  0
VERTEX
  8
0
 10
243.805514
 20
211.251217
 42
0.060540
  0
VERTEX
  8
0
 10
244.465629
 20
210.697306
 42
0.072685
  0
VERTEX
  8
0
 10
245.115319
 20
210.397699
 42
0.164814
  0
VERTEX
  8
0
 10
245.649298
 20
210.418917
 42
-0.115632
  0
VERTEX
  8
0
 10
246.072089
 20
210.476845
 42
-0.176132
  0
VERTEX
  8
0
 10
246.403457
 20
210.319723
 42
-0.151565
  0
VERTEX
  8
0
 10
246.588941
 20
209.962136
 42
-0.081025
  0
VERTEX
  8
0
 10
246.596965
 20
209.459706
 42
-0.059250
  0
VERTEX
  8
0
 10
246.270380
 20
208.251946
 42
-0.103443
  0
VERTEX
  8
0
 10
245.697023
 20
207.393029
 42
-0.381783
  0
VERTEX
  8
0
 10
245.247500
 20
207.372051
 42
-0.225725
  0
VERTEX
  8
0
 10
245.000000
 20
207.892350
 42
0.095405
  0
VERTEX
  8
0
 10
244.919539
 20
208.310196
 42
0.173408
  0
VERTEX
  8
0
 10
244.691986
 20
208.567626
 42
0.172246
  0
VERTEX
  8
0
 10
244.351517
 20
208.623403
 42
0.093978
  0
VERTEX
  8
0
 10
243.951442
 20
208.469989
 42
0.108945
  0
VERTEX
  8
0
 10
243.563437
 20
208.093295
 42
0.160975
  0
VERTEX
  8
0
 10
243.440667
 20
207.639007
 42
0.116388
  0
VERTEX
  8
0
 10
243.603166
 20
207.088448
 42
0.043524
  0
VERTEX
  8
0
 10
244.064749
 20
206.421983
 42
0.041076
  0
VERTEX
  8
0
 10
244.559269
 20
205.916899
 42
0.055953
  0
VERTEX
  8
0
 10
245.084199
 20
205.556177
 42
0.069318
  0
VERTEX
  8
0
 10
245.560077
 20
205.381460
 42
0.194142
  0
VERTEX
  8
0
 10
245.903665
 20
205.440461
 42
-0.555089
  0
VERTEX
  8
0
 10
246.172936
 20
205.307081
 42
-0.006716
  0
VERTEX
  8
0
 10
246.369977
 20
202.966084
 42
-0.011980
  0
VERTEX
  8
0
 10
246.507457
 20
200.016797
 42
-0.006726
  0
VERTEX
  8
0
 10
246.540358
 20
196.429452
 42
-0.008762
  0
VERTEX
  8
0
 10
246.457241
 20
192.617990
 42
-0.017597
  0
VERTEX
  8
0
 10
246.233213
 20
189.617197
 42
-0.013159
  0
VERTEX
  8
0
 10
245.922830
 20
187.349508
 42
-0.363086
  0
VERTEX
  8
0
 10
245.500000
 20
186.984688
 42
0.192161
  0
VERTEX
  8
0
 10
245.267036
 20
186.887561
 42
0.327494
  0
VERTEX
  8
0
 10
245.234375
 20
186.689119
 42
0.103602
  0
VERTEX
  8
0
 10
245.486286
 20
186.375245
 42
0.028578
  0
VERTEX
  8
0
 10
246.000000
 20
186.000000
 42
-0.007698
  0
VERTEX
  8
0
 10
246.883174
 20
185.409778
 42
-0.246379
  0
VERTEX
  8
0
 10
247.000000
 20
185.187084
 42
-0.392993
  0
VERTEX
  8
0
 10
246.863616
 20
185.040363
 42
-0.013145
  0
VERTEX
  8
0
 10
246.000000
 20
185.000000
 42
0.013529
  0
VERTEX
  8
0
 10
245.137997
 20
184.959049
 42
0.392549
  0
VERTEX
  8
0
 10
245.000000
 20
184.810364
 42
0.244358
  0
VERTEX
  8
0
 10
245.117778
 20
184.583759
 42
0.007812
  0
VERTEX
  8
0
 10
246.000000
 20
183.984687
 42
-0.025210
  0
VERTEX
  8
0
 10
246.814678
 20
183.389057
 42
-0.226004
  0
VERTEX
  8
0
 10
247.000000
 20
183.000000
 42
-0.226004
  0
VERTEX
  8
0
 10
246.814678
 20
182.610943
 42
-0.025210
  0
VERTEX
  8
0
 10
246.000000
 20
182.015313
 42
0.011267
  0
VERTEX
  8
0
 10
245.168551
 20
181.442285
 42
0.306546
  0
VERTEX
  8
0
 10
245.081629
 20
181.204108
 42
0.328172
  0
VERTEX
  8
0
 10
245.270471
 20
181.047735
 42
0.012169
  0
VERTEX
  8
0
 10
246.250000
 20
181.015313
 42
0.295394
  0
VERTEX
  8
0
 10
247.212407
 20
181.626366
 42
0.079561
  0
VERTEX
  8
0
 10
247.721888
 20
183.454057
 42
0.025790
  0
VERTEX
  8
0
 10
247.954336
 20
187.228992
 42
0.002482
  0
VERTEX
  8
0
 10
248.000000
 20
196.426676
 42
0.002698
  0
VERTEX
  8
0
 10
247.951137
 20
205.482305
 42
0.024740
  0
VERTEX
  8
0
 10
247.714229
 20
209.408889
 42
0.065381
  0
VERTEX
  8
0
 10
247.213506
 20
211.452294
 42
0.240561
  0
VERTEX
  8
0
 10
246.250000
 20
212.310674
 42
-0.552292
  0
VERTEX
  8
0
 10
246.192913
 20
212.491385
 42
-0.175833
  0
VERTEX
  8
0
 10
246.501292
 20
212.667734
 42
-0.028199
  0
VERTEX
  8
0
 10
247.725034
 20
212.809061
 42
-0.008922
  0
VERTEX
  8
0
 10
249.562909
 20
212.883999
 42
0.022396
  0
VERTEX
  8
0
 10
252.351720
 20
213.073069
 42
0.065499
  0
VERTEX
  8
0
 10
254.218687
 20
213.536459
 42
0.073911
  0
VERTEX
  8
0
 10
255.774295
 20
214.430560
 42
0.034415
  0
VERTEX
  8
0
 10
257.500000
 20
216.000000
 42
0.014832
  0
VERTEX
  8
0
 10
258.538260
 20
217.150137
 42
0.031622
  0
VERTEX
  8
0
 10
259.254621
 20
218.109408
 42
0.054124
  0
VERTEX
  8
0
 10
259.585575
 20
218.760824
 42
0.535525
  0
VERTEX
  8
0
 10
259.437091
 20
218.968197
 42
0.124248
  0
VERTEX
  8
0
 10
258.260387
 20
218.628360
 42
0.043332
  0
VERTEX
  8
0
 10
256.809432
 20
217.603441
 42
0.043382
  0
VERTEX
  8
0
 10
255.501515
 20
216.287876
 42
0.081407
  0
VERTEX
  8
0
 10
254.741176
 20
215.000000
 42
-0.038515
  0
VERTEX
  8
0
 10
254.474279
 20
214.444439
 42
-0.512194
  0
VERTEX
  8
0
 10
254.282341
 20
214.425329
 42
-0.160889
  0
VERTEX
  8
0
 10
254.138480
 20
214.761569
 42
-0.012543
  0
VERTEX
  8
0
 10
254.078947
 20
215.750000
 42
-0.054760
  0
VERTEX
  8
0
 10
254.148987
 20
216.690452
 42
-0.099854
  0
VERTEX
  8
0
 10
254.435440
 20
217.401856
 42
-0.126220
  0
VERTEX
  8
0
 10
254.918421
 20
217.840950
 42
-0.122286
  0
VERTEX
  8
0
 10
255.559017
 20
218.000000
 42
0.071438
  0
VERTEX
  8
0
 10
256.106924
 20
218.078685
 42
0.146937
  0
VERTEX
  8
0
 10
256.466699
 20
218.312886
 42
0.189224
  0
VERTEX
  8
0
 10
256.584896
 20
218.660308
 42
0.127555
  0
VERTEX
  8
0
 10
256.459740
 20
219.065143
 42
0.164806
  0
VERTEX
  8
0
 10
256.050105
 20
219.403605
 42
0.150882
  0
VERTEX
  8
0
 10
255.502560
 20
219.438899
 42
0.091132
  0
VERTEX
  8
0
 10
254.805722
 20
219.130299
 42
0.034239
  0
VERTEX
  8
0
 10
253.963736
 20
218.467181
 42
-0.092088
  0
VERTEX
  8
0
 10
252.491237
 20
217.560518
 42
-0.170718
  0
VERTEX
  8
0
 10
251.104821
 20
217.518811
 42
-0.251447
  0
VERTEX
  8
0
 10
250.342667
 20
218.304786
 42
-0.162339
  0
VERTEX
  8
0
 10
250.400442
 20
219.601151
 42
0.108534
  0
VERTEX
  8
0
 10
250.529208
 20
220.452080
 42
0.274303
  0
VERTEX
  8
0
 10
250.188286
 20
220.948834
 42
0.223918
  0
VERTEX
  8
0
 10
249.509137
 20
220.944295
 42
0.084738
  0
SEQEND
  0
POLYLINE
  8
0
 66
1
 70
1
  0
VERTEX
  8
0
 10
253.000000
 20
215.166667
 42
-0.174820
  0
VERTEX
  8
0
 10
252.885312
 20
214.848674
 42
-0.093122
  0
VERTEX
  8
0
 10
252.559375
 20
214.578125
 42
-0.073362
  0
VERTEX
  8
0
 10
252.073861
 20
214.395023
 42
-0.053595
  0
VERTEX
  8
0
 10
251.500000
 20
214.333333
 42
-0.053595
  0
VERTEX
  8
0
 10
250.926139
 20
214.395023
 42
-0.073362
  0
VERTEX
  8
0
 10
250.440625
 20
214.578125
 42
-0.093122
  0
VERTEX
  8
0
 10
250.114688
 20
214.848674
 42
-0.174820
  0
VERTEX
  8
0
 10
250.000000
 20
215.166667
 42
-0.174820
  0
VERTEX
  8
0
 10
250.114688
 20
215.484659
 42
-0.093122
  0
VERTEX
  8
0
 10
250.440625
 20
215.755208
 42
-0.073362
  0
VERTEX
  8
0
 10
250.926139
 20
215.938310
 42
-0.053595
  0
VERTEX
  8
0
 10
251.500000
 20
216.000000
 42
-0.053595
  0
VERTEX
  8
0
 10
252.073861
 20
215.938310
 42
-0.073362
  0
VERTEX
  8
0
 10
252.559375
 20
215.755208
 42
-0.093122
  0
VERTEX
  8
0
 10
252.885312
 20
215.484659
 42
-0.174820
  0
SEQEND
  0
POLYLINE
  8
0
 66
1
 70
1
  0
VERTEX
  8
0
 10
549.812500
 20
217.316886
 42
0.051402
  0
VERTEX
  8
0
 10
550.359369
 20
217.160852
 42
0.054150
  0
VERTEX
  8
0
 10
550.916927
 20
217.123424
 42
0.060344
  0
VERTEX
  8
0
 10
551.402231
 20
217.202593
 42
0.126455
  0
VERTEX
  8
0
 10
551.729167
 20
217.395833
 42
0.296942
  0
VERTEX
  8
0
 10
551.775380
 20
217.614691
 42
0.208169
  0
VERTEX
  8
0
 10
551.592839
 20
217.799335
 42
0.077125
  0
VERTEX
  8
0
 10
551.112848
 20
217.910055
 42
0.028489
  0
VERTEX
  8
0
 10
550.416667
 20
217.921053
 42
0.018894
  0
VERTEX
  8
0
 10
549.670344
 20
217.862007
 42
0.168741
  0
VERTEX
  8
0
 10
549.378580
 20
217.720685
 42
0.470617
  0
VERTEX
  8
0
 10
549.395823
 20
217.538436
 42
0.054073
  0
SEQEND
  0
POLYLINE
  8
0
 66
1
 70
1
  0
VERTEX
  8
0
 10
559.750000
 20
217.337719
 42
0.057986
  0
VERTEX
  8
0
 10
560.320008
 20
217.181385
 42
0.037979
  0
VERTEX
  8
0
 10
561.000000
 20
217.129660
 42
0.037979
  0
VERTEX
  8
0
 10
561.679992
 20
217.181385
 42
0.057986
  0
VERTEX
  8
0
 10
562.250000
 20
217.337719
 42
0.174857
  0
VERTEX
  8
0
 10
562.459382
 20
217.525001
 42
0.447206
  0
VERTEX
  8
0
 10
562.398438
 20
217.693942
 42
0.078554
  0
VERTEX
  8
0
 10
561.891440
 20
217.810911
 42
0.017491
  0
VERTEX
  8
0
 10
561.000000
 20
217.842105
 42
0.017491
  0
VERTEX
  8
0
 10
560.108560
 20
217.810911
 42
0.078554
  0
VERTEX
  8
0
 10
559.601562
 20
217.693942
 42
0.447206
  0
VERTEX
  8
0
 10
559.540618
 20
217.525001
 42
0.174857
  0
SEQEND
  0
POLYLINE
  8
0
 66
1
 70
1
  0
VERTEX
  8
0
 10
445.000000
 20
209.940983
 42
0.108972
  0
VERTEX
  8
0
 10
445.078288
 20
209.586039
 42
0.182303
  0
VERTEX
  8
0
 10
445.293750
 20
209.374600
 42
0.161196
  0
VERTEX
  8
0
 10
445.617900
 20
209.343488
 42
0.082592
  0
VERTEX
  8
0
 10
446.000000
 20
209.500000
 42
0.029505
  0
VERTEX
  8
0
 10
446.382774
 20
209.768994
 42
0.035638
  0
VERTEX
  8
0
 10
446.706250
 20
210.066025
 42
0.038439
  0
VERTEX
  8
0
 10
446.934461
 20
210.348290
 42
0.151918
  0
VERTEX
  8
0
 10
447.000000
 20
210.559017
 42
0.210953
  0
VERTEX
  8
0
 10
446.925540
 20
210.727648
 42
0.081139
  0
VERTEX
  8
0
 10
446.706250
 20
210.870461
 42
0.061769
  0
VERTEX
  8
0
 10
446.382849
 20
210.967655
 42
0.042167
  0
VERTEX
  8
0
 10
446.000000
 20
211.000000
 42
0.105053
  0
VERTEX
  8
0
 10
445.618444
 20
210.918938
 42
0.099167
  0
VERTEX
  8
0
 10
445.293750
 20
210.688914
 42
0.096420
  0
VERTEX
  8
0
 10
445.076123
 20
210.345238
 42
0.093332
  0
SEQEND
  0
POLYLINE
  8
0
 66
1
 70
1
  0
VERTEX
  8
0
 10
512.000000
 20
207.106989
 42
0.144282
  0
VERTEX
  8
0
 10
512.113771
 20
206.720929
 42
0.059761
  0
VERTEX
  8
0
 10
512.464650
 20
206.297997
 42
0.052351
  0
VERTEX
  8
0
 10
512.976645
 20
205.905323
 42
0.045844
  0
VERTEX
  8
0
 10
513.581787
 20
205.606989
 42
0.014739
  0
VERTEX
  8
0
 10
515.132728
 20
205.063711
 42
0.145461
  0
VERTEX
  8
0
 10
515.816462
 20
205.051019
 42
0.596797
  0
VERTEX
  8
0
 10
515.881279
 20
205.335074
 42
0.036337
  0
VERTEX
  8
0
 10
515.000000
 20
206.000000
 42
-0.638195
  0
VERTEX
  8
0
 10
515.059741
 20
206.427017
 42
-0.048373
  0
VERTEX
  8
0
 10
516.587734
 20
206.735264
 42
-0.020037
  0
VERTEX
  8
0
 10
519.650427
 20
206.926387
 42
-0.005218
  0
VERTEX
  8
0
 10
524.583333
 20
206.984687
 42
-0.004967
  0
VERTEX
  8
0
 10
530.269543
 20
206.936057
 42
-0.025820
  0
VERTEX
  8
0
 10
533.398935
 20
206.716280
 42
-0.049179
  0
VERTEX
  8
0
 10
535.165728
 20
206.321149
 42
-0.323775
  0
VERTEX
  8
0
 10
535.666667
 20
205.628656
 42
-0.295672
  0
VERTEX
  8
0
 10
535.231114
 20
204.956499
 42
-0.064512
  0
VERTEX
  8
0
 10
533.844275
 20
204.539591
 42
-0.032561
  0
VERTEX
  8
0
 10
531.376127
 20
204.296740
 42
-0.007027
  0
VERTEX
  8
0
 10
527.083333
 20
204.215484
 42
0.001117
  0
VERTEX
  8
0
 10
516.627404
 20
204.141163
 42
0.104328
  0
VERTEX
  8
0
 10
515.152906
 20
203.815695
 42
0.787497
  0
VERTEX
  8
0
 10
515.219941
 20
203.464288
 42
0.001549
  0
VERTEX
  8
0
 10
524.500000
 20
203.045837
 42
0.000000
  0
VERTEX
  8
0
 10
537.500000
 20
202.500000
 42
0.000000
  0
VERTEX
  8
0
 10
537.159902
 20
196.320058
 42
0.005647
  0
VERTEX
  8
0
 10
536.990972
 20
192.455336
 42
0.083590
  0
VERTEX
  8
0
 10
537.172159
 20
191.115396
 42
0.289980
  0
VERTEX
  8
0
 10
537.754142
 20
190.620082
 42
0.099431
  0
VERTEX
  8
0
 10
538.909902
 20
190.686690
 42
0.087996
  0
VERTEX
  8
0
 10
539.959765
 20
191.169855
 42
0.138268
  0
VERTEX
  8
0
 10
540.587078
 20
191.931253
 42
0.085830
  0
VERTEX
  8
0
 10
540.898190
 20
193.185658
 42
0.019894
  0
VERTEX
  8
0
 10
540.968197
 20
195.366631
 42
0.004576
  0
VERTEX
  8
0
 10
540.923019
 20
198.048309
 42
0.158246
  0
VERTEX
  8
0
 10
540.715144
 20
198.636178
 42
0.462962
  0
VERTEX
  8
0
 10
540.335664
 20
198.655116
 42
0.019484
  0
VERTEX
  8
0
 10
539.333664
 20
197.500000
 42
-0.003125
  0
VERTEX
  8
0
 10
538.355323
 20
196.294672
 42
-0.179569
  0
VERTEX
  8
0
 10
538.112272
 20
196.153122
 42
-0.561491
  0
VERTEX
  8
0
 10
538.013800
 20
196.265493
 42
-0.007448
  0
VERTEX
  8
0
 10
538.365467
 20
197.331787
 42
0.014501
  0
VERTEX
  8
0
 10
538.608371
 20
198.104787
 42
0.013326
  0
VERTEX
  8
0
 10
538.813606
 20
198.912549
 42
0.013462
  0
VERTEX
  8
0
 10
538.957965
 20
199.642521
 42
0.042105
  0
VERTEX
  8
0
 10
539.000000
 20
200.140804
 42
-0.121649
  0
VERTEX
  8
0
 10
539.079627
 20
200.463243
 42
-0.187590
  0
VERTEX
  8
0
 10
539.293750
 20
200.649425
 42
-0.151312
  0
VERTEX
  8
0
 10
539.617512
 20
200.663842
 42
-0.074570
  0
VERTEX
  8
0
 10
540.000000
 20
200.500000
 42
0.328597
  0
VERTEX
  8
0
 10
540.396358
 20
200.532331
 42
0.129523
  0
VERTEX
  8
0
 10
540.722338
 20
201.012069
 42
0.060968
  0
VERTEX
  8
0
 10
540.934923
 20
201.974308
 42
0.023917
  0
VERTEX
  8
0
 10
541.000000
 20
203.333994
 42
0.032919
  0
VERTEX
  8
0
 10
540.900011
 20
204.851051
 42
0.060063
  0
VERTEX
  8
0
 10
540.591486
 20
206.051260
 42
0.078767
  0
VERTEX
  8
0
 10
540.091817
 20
206.906405
 42
0.130325
  0
VERTEX
  8
0
 10
539.418213
 20
207.393011
 42
0.090330
  0
VERTEX
  8
0
 10
536.157480
 20
208.007396
 42
0.004124
  0
VERTEX
  8
0
 10
524.767445
 20
207.982522
 42
0.001679
  0
VERTEX
  8
0
 10
512.697034
 20
207.816077
 42
0.409201
  0
SEQEND
  0
POLYLINE
  8
0
 66
1
 70
1
  0
VERTEX
  8
0
 10
539.526461
 20
205.193128
 42
-0.207420
  0
VERTEX
  8
0
 10
539.220211
 20
205.072099
 42
-0.082976
  0
VERTEX
  8
0
 10
538.768815
 20
205.162781
 42
-0.063152
  0
VERTEX
  8
0
 10
538.246577
 20
205.441312
 42
-0.043285
  0
VERTEX
  8
0
 10
537.733333
 20
205.875912
 42
-0.011214
  0
VERTEX
  8
0
 10
537.106486
 20
206.536448
 42
-0.400052
  0
VERTEX
  8
0
 10
537.111181
 20
206.729672
 42
-0.286372
  0
VERTEX
  8
0
 10
537.336218
 20
206.781790
 42
-0.008399
  0
VERTEX
  8
0
 10
538.293128
 20
206.435707
 42
-0.036269
  0
VERTEX
  8
0
 10
538.940734
 20
206.133723
 42
-0.070189
  0
VERTEX
  8
0
 10
539.395085
 20
205.789051
 42
-0.120343
  0
VERTEX
  8
0
 10
539.592490
 20
205.461316
 42
-0.278911
  0
SEQEND
  0
POLYLINE
  8
0
 66
1
 70
1
  0
VERTEX
  8
0
 10
540.000000
 20
203.000000
 42
-0.105053
  0
VERTEX
  8
0
 10
539.918938
 20
202.618444
 42
-0.099167
  0
VERTEX
  8
0
 10
539.688914
 20
202.293750
 42
-0.096420
  0
VERTEX
  8
0
 10
539.345238
 20
202.076123
 42
-0.093332
  0
VERTEX
  8
0
 10
538.940983
 20
202.000000
 42
-0.108972
  0
VERTEX
  8
0
 10
538.586039
 20
202.078288
 42
-0.182303
  0
VERTEX
  8
0
 10
538.374600
 20
202.293750
 42
-0.161196
  0
VERTEX
  8
0
 10
538.343488
 20
202.617900
 42
-0.082592
  0
VERTEX
  8
0
 10
538.500000
 20
203.000000
 42
-0.029505
  0
VERTEX
  8
0
 10
538.768994
 20
203.382774
 42
-0.035638
  0
VERTEX
  8
0
 10
539.066025
 20
203.706250
 42
-0.038439
  0
VERTEX
  8
0
 10
539.348290
 20
203.934461
 42
-0.151918
  0
VERTEX
  8
0
 10
539.559017
 20
204.000000
 42
-0.210953
  0
VERTEX
  8
0
 10
539.727648
 20
203.925540
 42
-0.081139
  0
VERTEX
  8
0
 10
539.870461
 20
203.706250
 42
-0.061769
  0
VERTEX
  8
0
 10
539.967655
 20
203.382849
 42
-0.042167
  0
SEQEND
  0
POLYLINE
  8
0
 66
1
 70
1
  0
VERTEX
  8
0
 10
104.636170
 20
203.494256
 42
0.052397
  0
VERTEX
  8
0
 10
104.482868
 20
202.921921
 42
0.094863
  0
VERTEX
  8
0
 10
104.498400
 20
202.438938
 42
0.143728
  0
VERTEX
  8
0
 10
104.674188
 20
202.122304
 42
0.197116
  0
VERTEX
  8
0
 10
104.972368
 20
202.000000
 42
0.148325
  0
VERTEX
  8
0
 10
105.838067
 20
202.262587
 42
0.135680
  0
VERTEX
  8
0
 10
106.448285
 20
202.969556
 42
0.160177
  0
VERTEX
  8
0
 10
106.552555
 20
203.801327
 42
0.209036
  0
VERTEX
  8
0
 10
106.121097
 20
204.425158
 42
0.157716
  0
VERTEX
  8
0
 10
105.728896
 20
204.521435
 42
0.122565
  0
VERTEX
  8
0
 10
105.308894
 20
204.384090
 42
0.096130
  0
VERTEX
  8
0
 10
104.923314
 20
204.023704
 42
0.065363
  0
SEQEND
  0
POLYLINE
  8
0
 66
1
 70
1
  0
VERTEX
  8
0
 10
489.638374
 20
203.500000
 42
0.074756
  0
VERTEX
  8
0
 10
489.503621
 20
202.889304
 42
0.148410
  0
VERTEX
  8
0
 10
489.614011
 20
202.410795
 42
0.165571
  0
VERTEX
  8
0
 10
489.958625
 20
202.107791
 42
0.098585
  0
VERTEX
  8
0
 10
490.500000
 20
202.000000
 42
0.098585
  0
VERTEX
  8
0
 10
491.041375
 20
202.107791
 42
0.165571
  0
VERTEX
  8
0
 10
491.385989
 20
202.410795
 42
0.148410
  0
VERTEX
  8
0
 10
491.496379
 20
202.889304
 42
0.074756
  0
VERTEX
  8
0
 10
491.361626
 20
203.500000
 42
0.015549
  0
VERTEX
  8
0
 10
491.120319
 20
204.074741
 42
0.023203
  0
VERTEX
  8
0
 10
490.871087
 20
204.559375
 42
0.019892
  0
VERTEX
  8
0
 10
490.640720
 20
204.925857
 42
0.247326
  0
VERTEX
  8
0
 10
490.500000
 20
205.000000
 42
0.247326
  0
VERTEX
  8
0
 10
490.359280
 20
204.925857
 42
0.019892
  0
VERTEX
  8
0
 10
490.128913
 20
204.559375
 42
0.023203
  0
VERTEX
  8
0
 10
489.879681
 20
204.074741
 42
0.015549
  0
SEQEND
  0
POLYLINE
  8
0
 66
1
 70
1
  0
VERTEX
  8
0
 10
346.084134
 20
202.500000
 42
0.018336
  0
VERTEX
  8
0
 10
345.709057
 20
195.946509
 42
0.009818
  0
VERTEX
  8
0
 10
345.702028
 20
187.838197
 42
0.002733
  0
VERTEX
  8
0
 10
345.901601
 20
179.604706
 42
0.405666
  0
VERTEX
  8
0
 10
346.525261
 20
178.999559
 42
0.410215
  0
VERTEX
  8
0
 10
347.176649
 20
179.642655
 42
0.002593
  0
VERTEX
  8
0
 10
347.248901
 20
188.614605
 42
0.009135
  0
VERTEX
  8
0
 10
347.119006
 20
197.046553
 42
0.031286
  0
VERTEX
  8
0
 10
346.592616
 20
202.500000
 42
0.000000
  0
VERTEX
  8
0
 10
346.272364
 20
204.500000
 42
0.000000
  0
SEQEND
  0
POLYLINE
  8
0
 66
1
 70
1
  0
VERTEX
  8
0
 10
355.000000
 20
200.605787
 42
0.047095
  0
VERTEX
  8
0
 10
355.114565
 20
199.392173
 42
0.163843
  0
VERTEX
  8
0
 10
355.495914
 20
198.715252
 42
0.156814
  0
VERTEX
  8
0
 10
356.221177
 20
198.389748
 42
0.042126
  0
VERTEX
  8
0
 10
357.499294
 20
198.355787
 42
0.032972
  0
VERTEX
  8
0
 10
358.456590
 20
198.474674
 42
0.049230
  0
VERTEX
  8
0
 10
359.264627
 20
198.713918
 42
0.062023
  0
VERTEX
  8
0
 10
359.824406
 20
199.027127
 42
0.238360
  0
VERTEX
  8
0
 10
359.999294
 20
199.372445
 42
-0.284468
  0
VERTEX
  8
0
 10
360.133806
 20
199.589348
 42
-0.178011
  0
VERTEX
  8
0
 10
360.440418
 20
199.622923
 42
-0.079567
  0
VERTEX
  8
0
 10
360.923527
 20
199.417490
 42
-0.032977
  0
VERTEX
  8
0
 10
361.500000
 20
199.000000
 42
0.046574
  0
VERTEX
  8
0
 10
362.330394
 20
198.432332
 42
0.130260
  0
VERTEX
  8
0
 10
363.008491
 20
198.260989
 42
0.127373
  0
VERTEX
  8
0
 10
363.691915
 20
198.446416
 42
0.043628
  0
VERTEX
  8
0
 10
364.542382
 20
199.035174
 42
0.140749
  0
VERTEX
  8
0
 10
365.308943
 20
200.159482
 42
0.238511
  0
VERTEX
  8
0
 10
365.143024
 20
201.260856
 42
0.240289
  0
VERTEX
  8
0
 10
364.160215
 20
201.774221
 42
0.141764
  0
VERTEX
  8
0
 10
362.854713
 20
201.410208
 42
-0.068073
  0
VERTEX
  8
0
 10
361.253960
 20
200.699887
 42
-0.082910
  0
VERTEX
  8
0
 10
359.627363
 20
200.509925
 42
-0.104134
  0
VERTEX
  8
0
 10
358.311991
 20
200.855204
 42
-0.187182
  0
VERTEX
  8
0
 10
357.573066
 20
201.670190
 42
0.111104
  0
VERTEX
  8
0
 10
356.846091
 20
202.761349
 42
0.296787
  0
VERTEX
  8
0
 10
355.968818
 20
202.925318
 42
0.219311
  0
VERTEX
  8
0
 10
355.244002
 20
202.142233
 42
0.078910
  0
SEQEND
  0
POLYLINE
  8
0
 66
1
 70
1
  0
VERTEX
  8
0
 10
104.000000
 20
195.000000
 42
0.015416
  0
VERTEX
  8
0
 10
104.071434
 20
192.683687
 42
0.025878
  0
VERTEX
  8
0
 10
104.291667
 20
190.750000
 42
0.024068
  0
VERTEX
  8
0
 10
104.604992
 20
189.303225
 42
0.339565
  0
VERTEX
  8
0
 10
105.000000
 20
189.000000
 42
0.339565
  0
VERTEX
  8
0
 10
105.395008
 20
189.303225
 42
0.024068
  0
VERTEX
  8
0
 10
105.708333
 20
190.750000
 42
0.025878
  0
VERTEX
  8
0
 10
105.928566
 20
192.683687
 42
0.015416
  0
VERTEX
  8
0
 10
106.000000
 20
195.000000
 42
0.015416
  0
VERTEX
  8
0
 10
105.928566
 20
197.316313
 42
0.025878
  0
VERTEX
  8
0
 10
105.708333
 20
199.250000
 42
0.024068
  0
VERTEX
  8
0
 10
105.395008
 20
200.696775
 42
0.339565
  0
VERTEX
  8
0
 10
105.000000
 20
201.000000
 42
0.339565
  0
VERTEX
  8
0
 10
104.604992
 20
200.696775
 42
0.024068
  0
VERTEX
  8
0
 10
104.291667
 20
199.250000
 42
0.025878
  0
VERTEX
  8
0
 10
104.071434
 20
197.316313
 42
0.015416
  0
SEQEND
  0
POLYLINE
  8
0
 66
1
 70
1
  0
VERTEX
  8
0
 10
367.559095
 20
200.095619
 42
0.368494
  0
VERTEX
  8
0
 10
367.706500
 20
199.136760
 42
0.153622
  0
VERTEX
  8
0
 10
369.001780
 20
198.577957
 42
0.058384
  0
VERTEX
  8
0
 10
371.707503
 20
198.616395
 42
0.021114
  0
VERTEX
  8
0
 10
375.500000
 20
199.279370
 42
-0.056148
  0
VERTEX
  8
0
 10
376.319508
 20
199.364168
 42
-0.057952
  0
VERTEX
  8
0
 10
377.128314
 20
199.262667
 42
-0.064257
  0
VERTEX
  8
0
 10
377.806432
 20
199.000466
 42
-0.122645
  0
VERTEX
  8
0
 10
378.234687
 20
198.608359
 42
0.070667
  0
VERTEX
  8
0
 10
378.541679
 20
198.262868
 42
0.368127
  0
VERTEX
  8
0
 10
378.777248
 20
198.263393
 42
0.186772
  0
VERTEX
  8
0
 10
378.938882
 20
198.563658
 42
0.028953
  0
VERTEX
  8
0
 10
378.984687
 20
199.250000
 42
0.109684
  0
VERTEX
  8
0
 10
378.812154
 20
200.060488
 42
0.154270
  0
VERTEX
  8
0
 10
378.320164
 20
200.605443
 42
0.101429
  0
VERTEX
  8
0
 10
377.425260
 20
200.910109
 42
0.031504
  0
VERTEX
  8
0
 10
376.000000
 20
201.000000
 42
0.036984
  0
VERTEX
  8
0
 10
374.813995
 20
200.912153
 42
0.061356
  0
VERTEX
  8
0
 10
373.848708
 20
200.644557
 42
0.084273
  0
VERTEX
  8
0
 10
373.208569
 20
200.242209
 42
0.210338
  0
VERTEX
  8
0
 10
372.984687
 20
199.750000
 42
-0.046560
  0
VERTEX
  8
0
 10
372.935199
 20
199.281770
 42
-0.268886
  0
VERTEX
  8
0
 10
372.776755
 20
199.102460
 42
-0.273631
  0
VERTEX
  8
0
 10
372.545039
 20
199.152439
 42
-0.047673
  0
VERTEX
  8
0
 10
372.234687
 20
199.500000
 42
0.123847
  0
VERTEX
  8
0
 10
371.235603
 20
200.325805
 42
0.079563
  0
VERTEX
  8
0
 10
369.785273
 20
200.751500
 42
0.086445
  0
VERTEX
  8
0
 10
368.392504
 20
200.687731
 42
0.202452
  0
SEQEND
  0
POLYLINE
  8
0
 66
1
 70
1
  0
VERTEX
  8
0
 10
538.036355
 20
188.543805
 42
0.067117
  0
VERTEX
  8
0
 10
537.631018
 20
187.895399
 42
0.064726
  0
VERTEX
  8
0
 10
537.405664
 20
187.154810
 42
0.069789
  0
VERTEX
  8
0
 10
537.386476
 20
186.438079
 42
0.110695
  0
VERTEX
  8
0
 10
537.586413
 20
185.860181
 42
0.082610
  0
VERTEX
  8
0
 10
537.978601
 20
185.411596
 42
0.289046
  0
VERTEX
  8
0
 10
538.342865
 20
185.365907
 42
0.163027
  0
VERTEX
  8
0
 10
538.703314
 20
185.709313
 42
0.029177
  0
VERTEX
  8
0
 10
539.094371
 20
186.566376
 42
-0.683665
  0
VERTEX
  8
0
 10
539.314928
 20
186.566755
 42
-0.084219
  0
VERTEX
  8
0
 10
539.458686
 20
185.875748
 42
-0.021502
  0
VERTEX
  8
0
 10
539.447963
 20
184.065870
 42
-0.007778
  0
VERTEX
  8
0
 10
539.282288
 20
181.500000
 42
-0.003865
  0
VERTEX
  8
0
 10
538.802100
 20
176.042793
 42
-0.070837
  0
VERTEX
  8
0
 10
538.394355
 20
174.354185
 42
-0.811557
  0
VERTEX
  8
0
 10
538.070003
 20
174.410220
 42
-0.009057
  0
VERTEX
  8
0
 10
538.000000
 20
178.274316
 42
0.023567
  0
VERTEX
  8
0
 10
537.914301
 20
180.091495
 42
0.030458
  0
VERTEX
  8
0
 10
537.656330
 20
181.740868
 42
0.031314
  0
VERTEX
  8
0
 10
537.283764
 20
183.043103
 42
0.170617
  0
VERTEX
  8
0
 10
536.830061
 20
183.605028
 42
0.062479
  0
VERTEX
  8
0
 10
536.345812
 20
183.826399
 42
0.370727
  0
VERTEX
  8
0
 10
536.109659
 20
183.724865
 42
0.183547
  0
VERTEX
  8
0
 10
536.075504
 20
183.353237
 42
0.023756
  0
VERTEX
  8
0
 10
536.330061
 20
182.582257
 42
-0.083416
  0
VERTEX
  8
0
 10
536.599165
 20
181.254464
 42
-0.001725
  0
VERTEX
  8
0
 10
536.803205
 20
174.470163
 42
-0.003987
  0
VERTEX
  8
0
 10
536.951456
 20
166.518753
 42
-0.002667
  0
VERTEX
  8
0
 10
537.000000
 20
157.418213
 42
0.003332
  0
VERTEX
  8
0
 10
537.062561
 20
148.029826
 42
0.006556
  0
VERTEX
  8
0
 10
537.259893
 20
140.567801
 42
0.001899
  0
VERTEX
  8
0
 10
537.528291
 20
134.380031
 42
0.400471
  0
VERTEX
  8
0
 10
537.926676
 20
134.000000
 42
0.118373
  0
VERTEX
  8
0
 10
538.313025
 20
134.092766
 42
0.068425
  0
VERTEX
  8
0
 10
538.707395
 20
134.367188
 42
0.062257
  0
VERTEX
  8
0
 10
539.049711
 20
134.772058
 42
0.061664
  0
VERTEX
  8
0
 10
539.283152
 20
135.250000
 42
-0.025235
  0
VERTEX
  8
0
 10
539.432827
 20
135.622965
 42
-0.679466
  0
VERTEX
  8
0
 10
539.509485
 20
135.618750
 42
-0.109714
  0
VERTEX
  8
0
 10
539.534065
 20
135.382560
 42
-0.008558
  0
VERTEX
  8
0
 10
539.450096
 20
134.750000
 42
0.049173
  0
VERTEX
  8
0
 10
539.416019
 20
134.080068
 42
0.076382
  0
VERTEX
  8
0
 10
539.530703
 20
133.514062
 42
0.105741
  0
VERTEX
  8
0
 10
539.768899
 20
133.136719
 42
0.201934
  0
VERTEX
  8
0
 10
540.093620
 20
133.000000
 42
0.403593
  0
VERTEX
  8
0
 10
540.478042
 20
133.370679
 42
0.001152
  0
VERTEX
  8
0
 10
540.742049
 20
141.110938
 42
0.005178
  0
VERTEX
  8
0
 10
540.937566
 20
150.230490
 42
0.002770
  0
VERTEX
  8
0
 10
541.000000
 20
161.500000
 42
0.002883
  0
VERTEX
  8
0
 10
540.936960
 20
172.431792
 42
0.004812
  0
VERTEX
  8
0
 10
540.742302
 20
181.630853
 42
0.000931
  0
VERTEX
  8
0
 10
540.480289
 20
189.654295
 42
0.404142
  0
VERTEX
  8
0
 10
540.122445
 20
190.000000
 42
0.115836
  0
VERTEX
  8
0
 10
539.702658
 20
189.901425
 42
0.037049
  0
VERTEX
  8
0
 10
539.147664
 20
189.572243
 42
0.034698
  0
VERTEX
  8
0
 10
538.563561
 20
189.101075
 42
0.032491
  0
SEQEND
  0
POLYLINE
  8
0
 66
1
 70
1
  0
VERTEX
  8
0
 10
539.478866
 20
155.761420
 42
-0.002809
  0
VERTEX
  8
0
 10
539.516492
 20
149.680487
 42
-0.015447
  0
VERTEX
  8
0
 10
539.417059
 20
146.402303
 42
-0.459222
  0
VERTEX
  8
0
 10
539.174626
 20
146.218543
 42
-0.312692
  0
VERTEX
  8
0
 10
538.911225
 20
146.500000
 42
-0.025648
  0
VERTEX
  8
0
 10
538.346064
 20
152.439418
 42
-0.008250
  0
VERTEX
  8
0
 10
538.106295
 20
161.289587
 42
-0.002981
  0
VERTEX
  8
0
 10
538.064007
 20
170.433650
 42
-0.667695
  0
VERTEX
  8
0
 10
538.655247
 20
170.678087
 42
-0.182080
  0
VERTEX
  8
0
 10
538.923318
 20
170.086064
 42
-0.002453
  0
VERTEX
  8
0
 10
539.167474
 20
166.026026
 42
-0.006596
  0
VERTEX
  8
0
 10
539.366978
 20
161.274971
 42
-0.004242
  0
SEQEND
  0
POLYLINE
  8
0
 66
1
 70
1
  0
VERTEX
  8
0
 10
104.000000
 20
187.000000
 42
0.105053
  0
VERTEX
  8
0
 10
104.081062
 20
186.618444
 42
0.099167
  0
VERTEX
  8
0
 10
104.311086
 20
186.293750
 42
0.096420
  0
VERTEX
  8
0
 10
104.654762
 20
186.076123
 42
0.093332
  0
VERTEX
  8
0
 10
105.059017
 20
186.000000
 42
0.108972
  0
VERTEX
  8
0
 10
105.413961
 20
186.078288
 42
0.182303
  0
VERTEX
  8
0
 10
105.625400
 20
186.293750
 42
0.161196
  0
VERTEX
  8
0
 10
105.656512
 20
186.617900
 42
0.082592
  0
VERTEX
  8
0
 10
105.500000
 20
187.000000
 42
0.029505
  0
VERTEX
  8
0
 10
105.231006
 20
187.382774
 42
0.035638
  0
VERTEX
  8
0
 10
104.933975
 20
187.706250
 42
0.038439
  0
VERTEX
  8
0
 10
104.651710
 20
187.934461
 42
0.151918
  0
VERTEX
  8
0
 10
104.440983
 20
188.000000
 42
0.210953
  0
VERTEX
  8
0
 10
104.272352
 20
187.925540
 42
0.081139
  0
VERTEX
  8
0
 10
104.129539
 20
187.706250
 42
0.061769
  0
VERTEX
  8
0
 10
104.032345
 20
187.382849
 42
0.042167
  0
SEQEND
  0
POLYLINE
  8
0
 66
1
 70
1
  0
VERTEX
  8
0
 10
115.000000
 20
185.901635
 42
0.000000
  0
VERTEX
  8
0
 10
121.500000
 20
185.246802
 42
0.000000
  0
VERTEX
  8
0
 10
114.000000
 20
185.230473
 42
0.002523
  0
VERTEX
  8
0
 10
107.101890
 20
185.180644
 42
0.058469
  0
VERTEX
  8
0
 10
105.156366
 20
184.928121
 42
0.244145
  0
VERTEX
  8
0
 10
104.348756
 20
184.212904
 42
0.105030
  0
VERTEX
  8
0
 10
104.116001
 20
182.750000
 42
0.005718
  0
VERTEX
  8
0
 10
104.187999
 20
181.607705
 42
0.197309
  0
VERTEX
  8
0
 10
104.306344
 20
181.371220
 42
0.541772
  0
VERTEX
  8
0
 10
104.449367
 20
181.411700
 42
0.011590
  0
VERTEX
  8
0
 10
104.689326
 20
182.250000
 42
-0.190798
  0
VERTEX
  8
0
 10
105.361439
 20
183.166659
 42
-0.096468
  0
VERTEX
  8
0
 10
106.718612
 20
183.691054
 42
-0.038676
  0
VERTEX
  8
0
 10
109.251908
 20
183.942834
 42
-0.005438
  0
VERTEX
  8
0
 10
114.508225
 20
184.000000
 42
0.009480
  0
VERTEX
  8
0
 10
118.280439
 20
184.071531
 42
0.010918
  0
VERTEX
  8
0
 10
121.873336
 20
184.286479
 42
0.010074
  0
VERTEX
  8
0
 10
124.900483
 20
184.595517
 42
0.060433
  0
VERTEX
  8
0
 10
126.434900
 20
184.975249
 42
-0.022770
  0
VERTEX
  8
0
 10
127.549500
 20
185.341883
 42
-0.068170
  0
VERTEX
  8
0
 10
128.342450
 20
185.450498
 42
-0.141354
  0
VERTEX
  8
0
 10
128.812422
 20
185.314925
 42
-0.257767
  0
VERTEX
  8
0
 10
129.000000
 20
184.975249
 42
0.373954
  0
VERTEX
  8
0
 10
129.354458
 20
184.567591
 42
0.010684
  0
VERTEX
  8
0
 10
131.828576
 20
184.274238
 42
0.015941
  0
VERTEX
  8
0
 10
135.036682
 20
184.066155
 42
0.008223
  0
VERTEX
  8
0
 10
139.059017
 20
184.000000
 42
0.005188
  0
VERTEX
  8
0
 10
144.113596
 20
184.052449
 42
0.028081
  0
VERTEX
  8
0
 10
146.848641
 20
184.263189
 42
0.071176
  0
VERTEX
  8
0
 10
148.201112
 20
184.645018
 42
0.445289
  0
VERTEX
  8
0
 10
148.398692
 20
185.250000
 42
-0.017154
  0
VERTEX
  8
0
 10
148.159169
 20
185.701354
 42
-0.165507
  0
VERTEX
  8
0
 10
148.132368
 20
185.913717
 42
-0.522789
  0
VERTEX
  8
0
 10
148.233732
 20
185.957156
 42
-0.044481
  0
VERTEX
  8
0
 10
148.502199
 20
185.754143
 42
-0.199955
  0
VERTEX
  8
0
 10
148.829437
 20
185.058566
 42
-0.002610
  0
VERTEX
  8
0
 10
149.024597
 20
180.158976
 42
-0.007041
  0
VERTEX
  8
0
 10
149.142288
 20
174.421480
 42
-0.004504
  0
VERTEX
  8
0
 10
149.125085
 20
167.754143
 42
0.001607
  0
VERTEX
  8
0
 10
149.036107
 20
157.130249
 42
0.024459
  0
VERTEX
  8
0
 10
149.196972
 20
153.455346
 42
0.236932
  0
VERTEX
  8
0
 10
149.737761
 20
152.588809
 42
0.394192
  0
VERTEX
  8
0
 10
150.519265
 20
152.750000
 42
-0.037381
  0
VERTEX
  8
0
 10
151.231489
 20
153.610949
 42
-0.039511
  0
VERTEX
  8
0
 10
152.051760
 20
154.339063
 42
-0.042836
  0
VERTEX
  8
0
 10
152.855028
 20
154.844184
 42
-0.119497
  0
VERTEX
  8
0
 10
153.497687
 20
155.000000
 42
0.073798
  0
VERTEX
  8
0
 10
154.080792
 20
155.086535
 42
0.053087
  0
VERTEX
  8
0
 10
154.687733
 20
155.343670
 42
0.053154
  0
VERTEX
  8
0
 10
155.226022
 20
155.722310
 42
0.074638
  0
VERTEX
  8
0
 10
155.605028
 20
156.169939
 42
0.118927
  0
VERTEX
  8
0
 10
155.784873
 20
156.718451
 42
0.491069
  0
VERTEX
  8
0
 10
155.564706
 20
156.918649
 42
0.050921
  0
VERTEX
  8
0
 10
154.652367
 20
156.659483
 42
0.002514
  0
VERTEX
  8
0
 10
151.750000
 20
155.488246
 42
-0.478562
  0
VERTEX
  8
0
 10
151.114315
 20
155.838926
 42
-0.026740
  0
VERTEX
  8
0
 10
150.803109
 20
158.408741
 42
-0.016850
  0
VERTEX
  8
0
 10
150.654687
 20
162.857683
 42
-0.003179
  0
VERTEX
  8
0
 10
150.709223
 20
170.988246
 42
0.002030
  0
VERTEX
  8
0
 10
150.800321
 20
181.102881
 42
0.028460
  0
VERTEX
  8
0
 10
150.611507
 20
184.733572
 42
0.109671
  0
VERTEX
  8
0
 10
150.050415
 20
186.386048
 42
0.262009
  0
VERTEX
  8
0
 10
148.959223
 20
187.000000
 42
0.055343
  0
VERTEX
  8
0
 10
148.209758
 20
186.916790
 42
0.074918
  0
VERTEX
  8
0
 10
147.575522
 20
186.670282
 42
0.094352
  0
VERTEX
  8
0
 10
147.150101
 20
186.305800
 42
0.170176
  0
VERTEX
  8
0
 10
147.000000
 20
185.877555
 42
-0.083833
  0
VERTEX
  8
0
 10
146.922880
 20
185.420827
 42
-0.313934
  0
VERTEX
  8
0
 10
146.699944
 20
185.259007
 42
-0.154993
  0
VERTEX
  8
0
 10
146.316673
 20
185.372568
 42
-0.024288
  0
VERTEX
  8
0
 10
145.678568
 20
185.851802
 42
0.154600
  0
VERTEX
  8
0
 10
144.450179
 20
186.350935
 42
0.008107
  0
VERTEX
  8
0
 10
140.157509
 20
186.621593
 42
0.010284
  0
VERTEX
  8
0
 10
134.356934
 20
186.773534
 42
0.004139
  0
VERTEX
  8
0
 10
126.428568
 20
186.752480
 42
0.001905
  0
VERTEX
  8
0
 10
118.198734
 20
186.631147
 42
0.013941
  0
VERTEX
  8
0
 10
114.262288
 20
186.448240
 42
0.717816
  0
VERTEX
  8
0
 10
114.194773
 20
186.185275
 42
0.119703
  0
SEQEND
  0
POLYLINE
  8
0
 66
1
 70
1
  0
VERTEX
  8
0
 10
127.914786
 20
184.000000
 42
0.046010
  0
VERTEX
  8
0
 10
127.863302
 20
183.622953
 42
0.000770
  0
VERTEX
  8
0
 10
127.774360
 20
181.517188
 42
0.001977
  0
VERTEX
  8
0
 10
127.684265
 20
179.064583
 42
0.001312
  0
VERTEX
  8
0
 10
127.599407
 20
176.250000
 42
0.009917
  0
VERTEX
  8
0
 10
127.574524
 20
173.011290
 42
0.029304
  0
VERTEX
  8
0
 10
127.731725
 20
170.792811
 42
0.041342
  0
VERTEX
  8
0
 10
128.036876
 20
169.374842
 42
0.330332
  0
VERTEX
  8
0
 10
128.542336
 20
169.000000
 42
0.387396
  0
VERTEX
  8
0
 10
129.509720
 20
169.881869
 42
0.014474
  0
VERTEX
  8
0
 10
129.848883
 20
175.218030
 42
0.019556
  0
VERTEX
  8
0
 10
129.824489
 20
180.547312
 42
0.136374
  0
VERTEX
  8
0
 10
129.025935
 20
183.000000
 42
0.019546
  0
VERTEX
  8
0
 10
128.635409
 20
183.541371
 42
0.043525
  0
VERTEX
  8
0
 10
128.288970
 20
183.912500
 42
0.089603
  0
VERTEX
  8
0
 10
128.040641
 20
184.066146
 42
0.458160
  0
SEQEND
  0
POLYLINE
  8
0
 66
1
 70
1
  0
VERTEX
  8
0
 10
265.116001
 20
180.250000
 42
0.050746
  0
VERTEX
  8
0
 10
265.170905
 20
179.150526
 42
0.159866
  0
VERTEX
  8
0
 10
265.500000
 20
178.500000
 42
0.159866
  0
VERTEX
  8
0
 10
266.150526
 20
178.170905
 42
0.050746
  0
VERTEX
  8
0
 10
267.250000
 20
178.116001
 42
0.007367
  0
VERTEX
  8
0
 10
268.311762
 20
178.186440
 42
0.177948
  0
VERTEX
  8
0
 10
268.577198
 20
178.309201
 42
0.556128
  0
VERTEX
  8
0
 10
268.542466
 20
178.457756
 42
0.017026
  0
VERTEX
  8
0
 10
267.811484
 20
178.677485
 42
-0.076457
  0
VERTEX
  8
0
 10
267.132542
 20
178.973034
 42
-0.055610
  0
VERTEX
  8
0
 10
266.488108
 20
179.488108
 42
-0.055610
  0
VERTEX
  8
0
 10
265.973034
 20
180.132542
 42
-0.076457
  0
VERTEX
  8
0
 10
265.677485
 20
180.811484
 42
0.017026
  0
VERTEX
  8
0
 10
265.457756
 20
181.542466
 42
0.556128
  0
VERTEX
  8
0
 10
265.309201
 20
181.577198
 42
0.177948
  0
VERTEX
  8
0
 10
265.186440
 20
181.311762
 42
0.007367
  0
SEQEND
  0
POLYLINE
  8
0
 66
1
 70
1
  0
VERTEX
  8
0
 10
269.500000
 20
180.000000
 42
0.060810
  0
VERTEX
  8
0
 10
269.806203
 20
179.617485
 42
0.051032
  0
VERTEX
  8
0
 10
270.212900
 20
179.293750
 42
0.053229
  0
VERTEX
  8
0
 10
270.653442
 20
179.073302
 42
0.089642
  0
VERTEX
  8
0
 10
271.059017
 20
179.000000
 42
0.105429
  0
VERTEX
  8
0
 10
271.418051
 20
179.076556
 42
0.099231
  0
VERTEX
  8
0
 10
271.723586
 20
179.293750
 42
0.096318
  0
VERTEX
  8
0
 10
271.928382
 20
179.618268
 42
0.092995
  0
VERTEX
  8
0
 10
272.000000
 20
180.000000
 42
0.153634
  0
VERTEX
  8
0
 10
271.879982
 20
180.381379
 42
0.097988
  0
VERTEX
  8
0
 10
271.542039
 20
180.706250
 42
0.080552
  0
VERTEX
  8
0
 10
271.037096
 20
180.925455
 42
0.062283
  0
VERTEX
  8
0
 10
270.440983
 20
181.000000
 42
0.066118
  0
VERTEX
  8
0
 10
269.889346
 20
180.926733
 42
0.138808
  0
VERTEX
  8
0
 10
269.521475
 20
180.706250
 42
0.191142
  0
VERTEX
  8
0
 10
269.392057
 20
180.379648
 42
0.139169
  0
SEQEND
  0
POLYLINE
  8
0
 66
1
 70
1
  0
VERTEX
  8
0
 10
275.647289
 20
179.761681
 42
0.139805
  0
VERTEX
  8
0
 10
276.001913
 20
179.438259
 42
0.067783
  0
VERTEX
  8
0
 10
276.588174
 20
179.239907
 42
0.059175
  0
VERTEX
  8
0
 10
277.301912
 20
179.187946
 42
0.052608
  0
VERTEX
  8
0
 10
278.038041
 20
179.299697
 42
-0.038222
  0
VERTEX
  8
0
 10
278.876517
 20
179.451730
 42
-0.209824
  0
VERTEX
  8
0
 10
279.304315
 20
179.314373
 42
-0.254608
  0
VERTEX
  8
0
 10
279.442893
 20
178.932183
 42
-0.053960
  0
VERTEX
  8
0
 10
279.255243
 20
178.222770
 42
0.030482
  0
VERTEX
  8
0
 10
279.048699
 20
177.567762
 42
0.216142
  0
VERTEX
  8
0
 10
279.107290
 20
177.247995
 42
0.335878
  0
VERTEX
  8
0
 10
279.351826
 20
177.168106
 42
0.055372
  0
VERTEX
  8
0
 10
279.830061
 20
177.394972
 42
0.121926
  0
VERTEX
  8
0
 10
280.912282
 20
178.500890
 42
0.260515
  0
VERTEX
  8
0
 10
280.937988
 20
179.657871
 42
0.198060
  0
VERTEX
  8
0
 10
279.889313
 20
180.527359
 42
0.082591
  0
VERTEX
  8
0
 10
278.034430
 20
180.781916
 42
0.030693
  0
VERTEX
  8
0
 10
276.937262
 20
180.683134
 42
0.063267
  0
VERTEX
  8
0
 10
276.109910
 20
180.447441
 42
0.117865
  0
VERTEX
  8
0
 10
275.673386
 20
180.123420
 42
0.323414
  0
SEQEND
  0
POLYLINE
  8
0
 66
1
 70
1
  0
VERTEX
  8
0
 10
285.298869
 20
180.000000
 42
0.084254
  0
VERTEX
  8
0
 10
285.743008
 20
179.104146
 42
0.214327
  0
VERTEX
  8
0
 10
286.358667
 20
178.751511
 42
0.104077
  0
VERTEX
  8
0
 10
287.364906
 20
178.862146
 42
0.013458
  0
VERTEX
  8
0
 10
289.414045
 20
179.595847
 42
-0.019509
  0
VERTEX
  8
0
 10
290.289447
 20
179.897390
 42
-0.162166
  0
VERTEX
  8
0
 10
290.703348
 20
179.885461
 42
-0.395123
  0
VERTEX
  8
0
 10
290.819819
 20
179.654950
 42
-0.067312
  0
VERTEX
  8
0
 10
290.600338
 20
179.162351
 42
0.103944
  0
VERTEX
  8
0
 10
290.430833
 20
178.692792
 42
0.459301
  0
VERTEX
  8
0
 10
290.600759
 20
178.499765
 42
0.094056
  0
VERTEX
  8
0
 10
291.199721
 20
178.621009
 42
0.010061
  0
VERTEX
  8
0
 10
292.507907
 20
179.185556
 42
-0.022726
  0
VERTEX
  8
0
 10
293.926474
 20
179.755577
 42
-0.101559
  0
VERTEX
  8
0
 10
294.810096
 20
179.874889
 42
-0.156573
  0
VERTEX
  8
0
 10
295.464222
 20
179.614507
 42
-0.079473
  0
VERTEX
  8
0
 10
296.056301
 20
178.943144
 42
0.013778
  0
VERTEX
  8
0
 10
296.567286
 20
178.182723
 42
0.326796
  0
VERTEX
  8
0
 10
296.798558
 20
178.106117
 42
0.308896
  0
VERTEX
  8
0
 10
296.952141
 20
178.304109
 42
0.012943
  0
VERTEX
  8
0
 10
296.984687
 20
179.242424
 42
0.145892
  0
VERTEX
  8
0
 10
296.734164
 20
180.110534
 42
0.178103
  0
VERTEX
  8
0
 10
296.064185
 20
180.617319
 42
0.073798
  0
VERTEX
  8
0
 10
294.711923
 20
180.818595
 42
0.011464
  0
VERTEX
  8
0
 10
292.000000
 20
180.757576
 42
0.019049
  0
VERTEX
  8
0
 10
290.082551
 20
180.597064
 42
0.030316
  0
VERTEX
  8
0
 10
288.464252
 20
180.298864
 42
0.030812
  0
VERTEX
  8
0
 10
287.270155
 20
179.923666
 42
0.306508
  0
VERTEX
  8
0
 10
286.984687
 20
179.515152
 42
-0.202035
  0
VERTEX
  8
0
 10
286.879470
 20
179.275553
 42
-0.304308
  0
VERTEX
  8
0
 10
286.662257
 20
179.238826
 42
-0.103093
  0
VERTEX
  8
0
 10
286.318760
 20
179.488628
 42
-0.030263
  0
VERTEX
  8
0
 10
285.908556
 20
180.000000
 42
0.002740
  0
VERTEX
  8
0
 10
285.246839
 20
180.924877
 42
0.240557
  0
VERTEX
  8
0
 10
285.099730
 20
181.000000
 42
0.497007
  0
VERTEX
  8
0
 10
285.033365
 20
180.912393
 42
0.004486
  0
SEQEND
  0
POLYLINE
  8
0
 66
1
 70
1
  0
VERTEX
  8
0
 10
245.500000
 20
179.421446
 42
-0.265214
  0
VERTEX
  8
0
 10
245.908359
 20
178.888842
 42
-0.011938
  0
VERTEX
  8
0
 10
246.175706
 20
176.506432
 42
-0.016643
  0
VERTEX
  8
0
 10
246.342179
 20
173.460058
 42
-0.009326
  0
VERTEX
  8
0
 10
246.352038
 20
169.750394
 42
0.006672
  0
VERTEX
  8
0
 10
246.342453
 20
166.133749
 42
0.009512
  0
VERTEX
  8
0
 10
246.437878
 20
162.923553
 42
0.005982
  0
VERTEX
  8
0
 10
246.600384
 20
160.249824
 42
0.126232
  0
VERTEX
  8
0
 10
246.852038
 20
159.500000
 42
0.670549
  0
VERTEX
  8
0
 10
247.514596
 20
159.624345
 42
0.027131
  0
VERTEX
  8
0
 10
248.014458
 20
162.939359
 42
0.021154
  0
VERTEX
  8
0
 10
248.272553
 20
167.794409
 42
0.014992
  0
VERTEX
  8
0
 10
248.167941
 20
173.250000
 42
0.008651
  0
VERTEX
  8
0
 10
247.928510
 20
176.847588
 42
0.051927
  0
VERTEX
  8
0
 10
247.579265
 20
178.688189
 42
0.130070
  0
VERTEX
  8
0
 10
247.018099
 20
179.603549
 42
0.205169
  0
VERTEX
  8
0
 10
246.167941
 20
179.921053
 42
0.024003
  0
VERTEX
  8
0
 10
245.581200
 20
179.864970
 42
0.125380
  0
VERTEX
  8
0
 10
245.283708
 20
179.741727
 42
0.439728
  0
VERTEX
  8
0
 10
245.268181
 20
179.587024
 42
0.111479
  0
SEQEND
  0
POLYLINE
  8
0
 66
1
 70
1
  0
VERTEX
  8
0
 10
205.180449
 20
175.750000
 42
0.119296
  0
VERTEX
  8
0
 10
205.697910
 20
174.448965
 42
0.197898
  0
VERTEX
  8
0
 10
206.681283
 20
173.826901
 42
0.080098
  0
VERTEX
  8
0
 10
208.536219
 20
173.801986
 42
0.010118
  0
VERTEX
  8
0
 10
212.500000
 20
174.468773
 42
-0.002824
  0
VERTEX
  8
0
 10
213.320703
 20
174.619174
 42
-0.002933
  0
VERTEX
  8
0
 10
214.132812
 20
174.758355
 42
-0.002824
  0
VERTEX
  8
0
 10
214.836805
 20
174.870680
 42
-0.012728
  0
VERTEX
  8
0
 10
215.250000
 20
174.923489
 42
0.139740
  0
VERTEX
  8
0
 10
215.536313
 20
175.037629
 42
0.088371
  0
VERTEX
  8
0
 10
215.779687
 20
175.305519
 42
0.076014
  0
VERTEX
  8
0
 10
215.943947
 20
175.684006
 42
0.064520
  0
VERTEX
  8
0
 10
216.000000
 20
176.116577
 42
0.353579
  0
VERTEX
  8
0
 10
215.532961
 20
176.694456
 42
0.076717
  0
VERTEX
  8
0
 10
214.156842
 20
176.774671
 42
0.049258
  0
VERTEX
  8
0
 10
212.138147
 20
176.379429
 42
0.026539
  0
VERTEX
  8
0
 10
209.750000
 20
175.521607
 42
-0.046513
  0
VERTEX
  8
0
 10
208.936390
 20
175.265506
 42
-0.170112
  0
VERTEX
  8
0
 10
208.407813
 20
175.331926
 42
-0.208037
  0
VERTEX
  8
0
 10
208.101016
 20
175.697226
 42
-0.072213
  0
VERTEX
  8
0
 10
208.000000
 20
176.393011
 42
0.096656
  0
VERTEX
  8
0
 10
207.880315
 20
177.006357
 42
0.097353
  0
VERTEX
  8
0
 10
207.538944
 20
177.527947
 42
0.098485
  0
VERTEX
  8
0
 10
207.029395
 20
177.877181
 42
0.101473
  0
VERTEX
  8
0
 10
206.430449
 20
178.000000
 42
0.110326
  0
VERTEX
  8
0
 10
205.766850
 20
177.851771
 42
0.157322
  0
VERTEX
  8
0
 10
205.328962
 20
177.442516
 42
0.116249
  0
VERTEX
  8
0
 10
205.132128
 20
176.746593
 42
0.046348
  0
SEQEND
  0
POLYLINE
  8
0
 66
1
 70
1
  0
VERTEX
  8
0
 10
346.222543
 20
162.750000
 42
0.002278
  0
VERTEX
  8
0
 10
346.446124
 20
153.445187
 42
0.036708
  0
VERTEX
  8
0
 10
346.765537
 20
150.323415
 42
0.141986
  0
VERTEX
  8
0
 10
347.479146
 20
148.873740
 42
0.174349
  0
VERTEX
  8
0
 10
348.805042
 20
148.173236
 42
0.090436
  0
VERTEX
  8
0
 10
350.555077
 20
148.242503
 42
0.076384
  0
VERTEX
  8
0
 10
352.283285
 20
148.917613
 42
0.085516
  0
VERTEX
  8
0
 10
353.559161
 20
149.982494
 42
0.178015
  0
VERTEX
  8
0
 10
354.000000
 20
151.181462
 42
0.098412
  0
VERTEX
  8
0
 10
353.936782
 20
151.499540
 42
0.175708
  0
VERTEX
  8
0
 10
353.759104
 20
151.694034
 42
0.169787
  0
VERTEX
  8
0
 10
353.492937
 20
151.733259
 42
0.091132
  0
VERTEX
  8
0
 10
353.179927
 20
151.611201
 42
-0.055925
  0
VERTEX
  8
0
 10
352.704110
 20
151.386125
 42
-0.012594
  0
VERTEX
  8
0
 10
351.848555
 20
151.116852
 42
-0.012904
  0
VERTEX
  8
0
 10
350.839661
 20
150.855014
 42
-0.012184
  0
VERTEX
  8
0
 10
349.799187
 20
150.640031
 42
0.000000
  0
VERTEX
  8
0
 10
347.238520
 20
150.175693
 42
0.000000
  0
VERTEX
  8
0
 10
347.369260
 20
163.587886
 42
0.005433
  0
VERTEX
  8
0
 10
347.363505
 20
168.730666
 42
0.009049
  0
VERTEX
  8
0
 10
347.233217
 20
173.060235
 42
0.003256
  0
VERTEX
  8
0
 10
347.033538
 20
176.707534
 42
0.396414
  0
VERTEX
  8
0
 10
346.722543
 20
177.000039
 42
0.400601
  0
VERTEX
  8
0
 10
346.414068
 20
176.705614
 42
0.002894
  0
VERTEX
  8
0
 10
346.254968
 20
172.814074
 42
0.008523
  0
VERTEX
  8
0
 10
346.172034
 20
168.214081
 42
0.005112
  0
SEQEND
  0
POLYLINE
  8
0
 66
1
 70
1
  0
VERTEX
  8
0
 10
570.557637
 20
176.093259
 42
0.236417
  0
VERTEX
  8
0
 10
570.531490
 20
175.801120
 42
0.238295
  0
VERTEX
  8
0
 10
570.749762
 20
175.606613
 42
0.095442
  0
VERTEX
  8
0
 10
571.266748
 20
175.570513
 42
0.033809
  0
VERTEX
  8
0
 10
571.998620
 20
175.709890
 42
0.020231
  0
VERTEX
  8
0
 10
573.475053
 20
176.160521
 42
0.209047
  0
VERTEX
  8
0
 10
573.930595
 20
176.583925
 42
0.493596
  0
VERTEX
  8
0
 10
573.747863
 20
176.912738
 42
0.036651
  0
VERTEX
  8
0
 10
572.559017
 20
177.000000
 42
0.056553
  0
VERTEX
  8
0
 10
571.966253
 20
176.932740
 42
0.049897
  0
VERTEX
  8
0
 10
571.376706
 20
176.733645
 42
0.052741
  0
VERTEX
  8
0
 10
570.877374
 20
176.440555
 42
0.095554
  0
SEQEND
  0
POLYLINE
  8
0
 66
1
 70
1
  0
VERTEX
  8
0
 10
223.000000
 20
175.000000
 42
0.027275
  0
VERTEX
  8
0
 10
222.445888
 20
174.597454
 42
0.147021
  0
VERTEX
  8
0
 10
222.239151
 20
174.292684
 42
0.379910
  0
VERTEX
  8
0
 10
222.327599
 20
174.095709
 42
0.102799
  0
VERTEX
  8
0
 10
222.690983
 20
174.015313
 42
0.074131
  0
VERTEX
  8
0
 10
223.192374
 20
174.083483
 42
0.053889
  0
VERTEX
  8
0
 10
223.713662
 20
174.298248
 42
0.054031
  0
VERTEX
  8
0
 10
224.175433
 20
174.618541
 42
0.075854
  0
VERTEX
  8
0
 10
224.500000
 20
175.000000
 42
0.034464
  0
VERTEX
  8
0
 10
224.886554
 20
175.734105
 42
0.541951
  0
VERTEX
  8
0
 10
224.758161
 20
175.931144
 42
0.136158
  0
VERTEX
  8
0
 10
224.281145
 20
175.798791
 42
0.008108
  0
SEQEND
  0
POLYLINE
  8
0
 66
1
 70
1
  0
VERTEX
  8
0
 10
226.000000
 20
175.138672
 42
0.285831
  0
VERTEX
  8
0
 10
226.183445
 20
174.843992
 42
0.076393
  0
VERTEX
  8
0
 10
226.734375
 20
174.670744
 42
0.053628
  0
VERTEX
  8
0
 10
227.541823
 20
174.634359
 42
0.031701
  0
VERTEX
  8
0
 10
228.500000
 20
174.755249
 42
0.013875
  0
VERTEX
  8
0
 10
229.458200
 20
174.966135
 42
0.021857
  0
VERTEX
  8
0
 10
230.265625
 20
175.205400
 42
0.017542
  0
VERTEX
  8
0
 10
230.885601
 20
175.443639
 42
0.300822
  0
VERTEX
  8
0
 10
231.000000
 20
175.616577
 42
0.347462
  0
VERTEX
  8
0
 10
230.880837
 20
175.767351
 42
0.020244
  0
VERTEX
  8
0
 10
230.265625
 20
175.887370
 42
0.023639
  0
VERTEX
  8
0
 10
229.458419
 20
175.972369
 42
0.014412
  0
VERTEX
  8
0
 10
228.500000
 20
176.000000
 42
0.032714
  0
VERTEX
  8
0
 10
227.542347
 20
175.937276
 42
0.050289
  0
VERTEX
  8
0
 10
226.734375
 20
175.746985
 42
0.064968
  0
VERTEX
  8
0
 10
226.176307
 20
175.469414
 42
0.249889
  0
SEQEND
  0
POLYLINE
  8
0
 66
1
 70
1
  0
VERTEX
  8
0
 10
290.812500
 20
173.316886
 42
0.051402
  0
VERTEX
  8
0
 10
291.359369
 20
173.160852
 42
0.054150
  0
VERTEX
  8
0
 10
291.916927
 20
173.123424
 42
0.060344
  0
VERTEX
  8
0
 10
292.402231
 20
173.202593
 42
0.126455
  0
VERTEX
  8
0
 10
292.729167
 20
173.395833
 42
0.296942
  0
VERTEX
  8
0
 10
292.775380
 20
173.614691
 42
0.208169
  0
VERTEX
  8
0
 10
292.592839
 20
173.799335
 42
0.077125
  0
VERTEX
  8
0
 10
292.112848
 20
173.910055
 42
0.028489
  0
VERTEX
  8
0
 10
291.416667
 20
173.921053
 42
0.018894
  0
VERTEX
  8
0
 10
290.670344
 20
173.862007
 42
0.168741
  0
VERTEX
  8
0
 10
290.378580
 20
173.720685
 42
0.470617
  0
VERTEX
  8
0
 10
290.395823
 20
173.538436
 42
0.054073
  0
SEQEND
  0
POLYLINE
  8
0
 66
1
 70
1
  0
VERTEX
  8
0
 10
104.423279
 20
145.500000
 42
0.001263
  0
VERTEX
  8
0
 10
104.442816
 20
137.973577
 42
0.006649
  0
VERTEX
  8
0
 10
104.518915
 20
133.842528
 42
0.922130
  0
VERTEX
  8
0
 10
104.629104
 20
133.837095
 42
0.025118
  0
VERTEX
  8
0
 10
104.746765
 20
135.304351
 42
0.004628
  0
VERTEX
  8
0
 10
104.846928
 20
140.180739
 42
0.002838
  0
VERTEX
  8
0
 10
104.879154
 20
145.929896
 42
0.002845
  0
VERTEX
  8
0
 10
104.846372
 20
151.621237
 42
0.005067
  0
VERTEX
  8
0
 10
104.745280
 20
156.304351
 42
0.040020
  0
VERTEX
  8
0
 10
104.628504
 20
157.345305
 42
0.894956
  0
VERTEX
  8
0
 10
104.517255
 20
157.336278
 42
0.006174
  0
VERTEX
  8
0
 10
104.442216
 20
153.035393
 42
0.001292
  0
SEQEND
  0
POLYLINE
  8
0
 66
1
 70
1
  0
VERTEX
  8
0
 10
180.666667
 20
160.333333
 42
0.097261
  0
VERTEX
  8
0
 10
180.410100
 20
159.951373
 42
0.034257
  0
VERTEX
  8
0
 10
180.195833
 20
159.323958
 42
0.032464
  0
VERTEX
  8
0
 10
180.049166
 20
158.584091
 42
0.032710
  0
VERTEX
  8
0
 10
180.000000
 20
157.833333
 42
-0.086866
  0
VERTEX
  8
0
 10
179.864756
 20
157.060746
 42
-0.121151
  0
VERTEX
  8
0
 10
179.477273
 20
156.479167
 42
-0.114358
  0
VERTEX
  8
0
 10
178.844743
 20
156.121842
 42
-0.071747
  0
VERTEX
  8
0
 10
178.000000
 20
156.000000
 42
0.048028
  0
VERTEX
  8
0
 10
177.234582
 20
155.926307
 42
0.068025
  0
VERTEX
  8
0
 10
176.587500
 20
155.706250
 42
0.088204
  0
VERTEX
  8
0
 10
176.151477
 20
155.381882
 42
0.191087
  0
VERTEX
  8
0
 10
176.000000
 20
155.000000
 42
0.253534
  0
VERTEX
  8
0
 10
176.332035
 20
154.387276
 42
0.145409
  0
VERTEX
  8
0
 10
177.159545
 20
154.141422
 42
0.061982
  0
VERTEX
  8
0
 10
178.647108
 20
154.326539
 42
0.015582
  0
VERTEX
  8
0
 10
181.000000
 20
155.000000
 42
0.016251
  0
VERTEX
  8
0
 10
181.886591
 20
155.316051
 42
0.064228
  0
VERTEX
  8
0
 10
182.392841
 20
155.594733
 42
0.387814
  0
VERTEX
  8
0
 10
182.429725
 20
155.777261
 42
0.242568
  0
VERTEX
  8
0
 10
182.230948
 20
155.900320
 42
-0.164855
  0
VERTEX
  8
0
 10
181.728033
 20
156.116013
 42
-0.150344
  0
VERTEX
  8
0
 10
181.436917
 20
156.601211
 42
-0.089603
  0
VERTEX
  8
0
 10
181.386869
 20
157.391651
 42
-0.032614
  0
VERTEX
  8
0
 10
181.589356
 20
158.500000
 42
0.017577
  0
VERTEX
  8
0
 10
181.936392
 20
160.122185
 42
0.161861
  0
VERTEX
  8
0
 10
181.833614
 20
160.824389
 42
0.438563
  0
VERTEX
  8
0
 10
181.434774
 20
160.938179
 42
0.059247
  0
SEQEND
  0
POLYLINE
  8
0
 66
1
 70
1
  0
VERTEX
  8
0
 10
442.878426
 20
155.750000
 42
0.005875
  0
VERTEX
  8
0
 10
442.843813
 20
152.714561
 42
0.001018
  0
VERTEX
  8
0
 10
442.857500
 20
146.975000
 42
0.001107
  0
VERTEX
  8
0
 10
442.902199
 20
140.239191
 42
0.000991
  0
VERTEX
  8
0
 10
442.977910
 20
133.250000
 42
-0.003460
  0
VERTEX
  8
0
 10
443.026356
 20
125.031142
 42
-0.013317
  0
VERTEX
  8
0
 10
442.885086
 20
119.924779
 42
-0.012215
  0
VERTEX
  8
0
 10
442.616467
 20
116.519454
 42
-0.384315
  0
VERTEX
  8
0
 10
442.040467
 20
116.000000
 42
0.096550
  0
VERTEX
  8
0
 10
441.646094
 20
115.923130
 42
0.174307
  0
VERTEX
  8
0
 10
441.403823
 20
115.706250
 42
0.171311
  0
VERTEX
  8
0
 10
441.352707
 20
115.381601
 42
0.092869
  0
VERTEX
  8
0
 10
441.500000
 20
115.000000
 42
-0.453800
  0
VERTEX
  8
0
 10
441.374107
 20
114.590767
 42
-0.064932
  0
VERTEX
  8
0
 10
440.420705
 20
114.305581
 42
-0.034755
  0
VERTEX
  8
0
 10
438.735788
 20
114.150998
 42
-0.012262
  0
VERTEX
  8
0
 10
436.309017
 20
114.157104
 42
0.000000
  0
VERTEX
  8
0
 10
430.500000
 20
114.314207
 42
0.000000
  0
VERTEX
  8
0
 10
435.500000
 20
115.000000
 42
0.006845
  0
VERTEX
  8
0
 10
438.167958
 20
115.403215
 42
0.823996
  0
VERTEX
  8
0
 10
438.173503
 20
115.596339
 42
0.049627
  0
VERTEX
  8
0
 10
437.040138
 20
115.735213
 42
0.001200
  0
VERTEX
  8
0
 10
431.750000
 20
115.842896
 42
0.005945
  0
VERTEX
  8
0
 10
427.077873
 20
115.871222
 42
0.036631
  0
VERTEX
  8
0
 10
424.682149
 20
115.681429
 42
0.090863
  0
VERTEX
  8
0
 10
423.437594
 20
115.250245
 42
0.270323
  0
VERTEX
  8
0
 10
423.000000
 20
114.500000
 42
0.292894
  0
VERTEX
  8
0
 10
423.493462
 20
113.729875
 42
0.072458
  0
VERTEX
  8
0
 10
425.001586
 20
113.285682
 42
0.030617
  0
VERTEX
  8
0
 10
427.864049
 20
113.054595
 42
0.004835
  0
VERTEX
  8
0
 10
433.509516
 20
113.000000
 42
0.000000
  0
VERTEX
  8
0
 10
444.019033
 20
113.000000
 42
0.000000
  0
VERTEX
  8
0
 10
443.961950
 20
137.000000
 42
0.001766
  0
VERTEX
  8
0
 10
443.907549
 20
146.202787
 42
0.002946
  0
VERTEX
  8
0
 10
443.788733
 20
153.950000
 42
0.000350
  0
VERTEX
  8
0
 10
443.638111
 20
160.818477
 42
0.407602
  0
VERTEX
  8
0
 10
443.452434
 20
161.000000
 42
0.374704
  0
VERTEX
  8
0
 10
443.267686
 20
160.838934
 42
0.006962
  0
VERTEX
  8
0
 10
443.097190
 20
159.457812
 42
0.013361
  0
VERTEX
  8
0
 10
442.957589
 20
157.762939
 42
0.008077
  0
SEQEND
  0
POLYLINE
  8
0
 66
1
 70
1
  0
VERTEX
  8
0
 10
426.729167
 20
114.395833
 42
-0.126455
  0
VERTEX
  8
0
 10
426.402231
 20
114.202593
 42
-0.060344
  0
VERTEX
  8
0
 10
425.916927
 20
114.123424
 42
-0.054150
  0
VERTEX
  8
0
 10
425.359369
 20
114.160852
 42
-0.051402
  0
VERTEX
  8
0
 10
424.812500
 20
114.316886
 42
-0.054073
  0
VERTEX
  8
0
 10
424.395823
 20
114.538436
 42
-0.470617
  0
VERTEX
  8
0
 10
424.378580
 20
114.720685
 42
-0.168741
  0
VERTEX
  8
0
 10
424.670344
 20
114.862007
 42
-0.018894
  0
VERTEX
  8
0
 10
425.416667
 20
114.921053
 42
-0.028489
  0
VERTEX
  8
0
 10
426.112848
 20
114.910055
 42
-0.077125
  0
VERTEX
  8
0
 10
426.592839
 20
114.799335
 42
-0.208169
  0
VERTEX
  8
0
 10
426.775380
 20
114.614691
 42
-0.296942
  0
SEQEND
  0
POLYLINE
  8
0
 66
1
 70
1
  0
VERTEX
  8
0
 10
450.500000
 20
159.000000
 42
0.170746
  0
VERTEX
  8
0
 10
450.416871
 20
158.619957
 42
0.187649
  0
VERTEX
  8
0
 10
450.594912
 20
158.289252
 42
0.119238
  0
VERTEX
  8
0
 10
451.042258
 20
158.062810
 42
0.055749
  0
VERTEX
  8
0
 10
451.690983
 20
157.984687
 42
-0.013929
  0
VERTEX
  8
0
 10
452.628366
 20
157.950626
 42
-0.278012
  0
VERTEX
  8
0
 10
452.854322
 20
157.793874
 42
-0.352500
  0
VERTEX
  8
0
 10
452.792573
 20
157.557801
 42
-0.018189
  0
VERTEX
  8
0
 10
452.096708
 20
157.080930
 42
0.057831
  0
VERTEX
  8
0
 10
451.600451
 20
156.679671
 42
0.487535
  0
VERTEX
  8
0
 10
451.633061
 20
156.433938
 42
0.135637
  0
VERTEX
  8
0
 10
452.111089
 20
156.305757
 42
0.012564
  0
VERTEX
  8
0
 10
453.346001
 20
156.346243
 42
0.043681
  0
VERTEX
  8
0
 10
454.361375
 20
156.494727
 42
0.061283
  0
VERTEX
  8
0
 10
455.219598
 20
156.812802
 42
0.078277
  0
VERTEX
  8
0
 10
455.802545
 20
157.241037
 42
0.197616
  0
VERTEX
  8
0
 10
455.999294
 20
157.718615
 42
0.140276
  0
VERTEX
  8
0
 10
455.879841
 20
158.136932
 42
0.153376
  0
VERTEX
  8
0
 10
455.560199
 20
158.411412
 42
0.121404
  0
VERTEX
  8
0
 10
455.074744
 20
158.491511
 42
0.072202
  0
VERTEX
  8
0
 10
454.500000
 20
158.361626
 42
-0.065020
  0
VERTEX
  8
0
 10
453.926101
 20
158.223280
 42
-0.112257
  0
VERTEX
  8
0
 10
453.440625
 20
158.280284
 42
-0.151946
  0
VERTEX
  8
0
 10
453.121257
 20
158.519085
 42
-0.158089
  0
VERTEX
  8
0
 10
453.000000
 20
158.893011
 42
0.176377
  0
VERTEX
  8
0
 10
452.728146
 20
159.639701
 42
0.210452
  0
VERTEX
  8
0
 10
452.061538
 20
159.967997
 42
0.158475
  0
VERTEX
  8
0
 10
451.206763
 20
159.729989
 42
0.108250
  0
SEQEND
  0
POLYLINE
  8
0
 66
1
 70
1
  0
VERTEX
  8
0
 10
457.542705
 20
158.069098
 42
0.228885
  0
VERTEX
  8
0
 10
457.441776
 20
157.097950
 42
0.270169
  0
VERTEX
  8
0
 10
458.140649
 20
156.513355
 42
0.124465
  0
VERTEX
  8
0
 10
459.616928
 20
156.629929
 42
0.071259
  0
VERTEX
  8
0
 10
461.220752
 20
157.442067
 42
0.000000
  0
VERTEX
  8
0
 10
463.445012
 20
159.000000
 42
0.000000
  0
VERTEX
  8
0
 10
460.781523
 20
159.000000
 42
0.032251
  0
VERTEX
  8
0
 10
459.719760
 20
158.931442
 42
0.037747
  0
VERTEX
  8
0
 10
458.731431
 20
158.726548
 42
0.041140
  0
VERTEX
  8
0
 10
457.942974
 20
158.427870
 42
0.144207
  0
SEQEND
  0
POLYLINE
  8
0
 66
1
 70
1
  0
VERTEX
  8
0
 10
465.109759
 20
157.932165
 42
0.075785
  0
VERTEX
  8
0
 10
465.682783
 20
157.688343
 42
0.047174
  0
VERTEX
  8
0
 10
466.405540
 20
157.574125
 42
0.046218
  0
VERTEX
  8
0
 10
467.158331
 20
157.596649
 42
0.061107
  0
VERTEX
  8
0
 10
467.823361
 20
157.762459
 42
-0.038130
  0
VERTEX
  8
0
 10
468.384802
 20
157.930113
 42
-0.167180
  0
VERTEX
  8
0
 10
468.723597
 20
157.890177
 42
-0.326594
  0
VERTEX
  8
0
 10
468.833725
 20
157.684115
 42
-0.103630
  0
VERTEX
  8
0
 10
468.708034
 20
157.336605
 42
0.120851
  0
VERTEX
  8
0
 10
468.584520
 20
156.955018
 42
0.187331
  0
VERTEX
  8
0
 10
468.684901
 20
156.628045
 42
0.151915
  0
VERTEX
  8
0
 10
469.006014
 20
156.407869
 42
0.075019
  0
VERTEX
  8
0
 10
469.500000
 20
156.333333
 42
0.053915
  0
VERTEX
  8
0
 10
470.007428
 20
156.388209
 42
0.116782
  0
VERTEX
  8
0
 10
470.358931
 20
156.557124
 42
0.188635
  0
VERTEX
  8
0
 10
470.501005
 20
156.806745
 42
0.176323
  0
VERTEX
  8
0
 10
470.441180
 20
157.095172
 42
-0.285079
  0
VERTEX
  8
0
 10
470.441782
 20
157.420617
 42
-0.105346
  0
VERTEX
  8
0
 10
470.773942
 20
157.765098
 42
-0.064705
  0
VERTEX
  8
0
 10
471.400578
 20
158.079050
 42
-0.034899
  0
VERTEX
  8
0
 10
472.235169
 20
158.305953
 42
0.312736
  0
VERTEX
  8
0
 10
472.387662
 20
158.463559
 42
0.422454
  0
VERTEX
  8
0
 10
472.277961
 20
158.611914
 42
0.028301
  0
VERTEX
  8
0
 10
471.108491
 20
158.703401
 42
0.007154
  0
VERTEX
  8
0
 10
469.200443
 20
158.717092
 42
0.013332
  0
VERTEX
  8
0
 10
467.245613
 20
158.651002
 42
0.032291
  0
VERTEX
  8
0
 10
465.812737
 20
158.470927
 42
0.079970
  0
VERTEX
  8
0
 10
465.116146
 20
158.217299
 42
0.572309
  0
SEQEND
  0
POLYLINE
  8
0
 66
1
 70
1
  0
VERTEX
  8
0
 10
246.374286
 20
156.532989
 42
0.087104
  0
VERTEX
  8
0
 10
246.227046
 20
155.778131
 42
0.031241
  0
VERTEX
  8
0
 10
246.274974
 20
154.679410
 42
0.029862
  0
VERTEX
  8
0
 10
246.479619
 20
153.456176
 42
0.031104
  0
VERTEX
  8
0
 10
246.826723
 20
152.282989
 42
0.006147
  0
VERTEX
  8
0
 10
247.493876
 20
150.521981
 42
0.588018
  0
VERTEX
  8
0
 10
247.709885
 20
150.493029
 42
0.154774
  0
VERTEX
  8
0
 10
247.856932
 20
150.917073
 42
0.002028
  0
VERTEX
  8
0
 10
247.921053
 20
153.750000
 42
0.013965
  0
VERTEX
  8
0
 10
247.894860
 20
156.549902
 42
0.118043
  0
VERTEX
  8
0
 10
247.558324
 20
157.755189
 42
0.551546
  0
VERTEX
  8
0
 10
247.045092
 20
157.783681
 42
0.063030
  0
SEQEND
  0
POLYLINE
  8
0
 66
1
 70
1
  0
VERTEX
  8
0
 10
180.750000
 20
153.422748
 42
0.161601
  0
VERTEX
  8
0
 10
180.453839
 20
152.826376
 42
0.010499
  0
VERTEX
  8
0
 10
180.220313
 20
150.881474
 42
0.014420
  0
VERTEX
  8
0
 10
180.054567
 20
148.506111
 42
0.010207
  0
VERTEX
  8
0
 10
180.000000
 20
145.833333
 42
0.000000
  0
VERTEX
  8
0
 10
180.000000
 20
139.000000
 42
0.000000
  0
VERTEX
  8
0
 10
208.427420
 20
139.000000
 42
0.000000
  0
VERTEX
  8
0
 10
236.854840
 20
139.000000
 42
0.000000
  0
VERTEX
  8
0
 10
238.677420
 20
141.317035
 42
-0.019682
  0
VERTEX
  8
0
 10
239.448573
 20
142.221738
 42
-0.022301
  0
VERTEX
  8
0
 10
240.258367
 20
143.024389
 42
-0.022223
  0
VERTEX
  8
0
 10
240.999806
 20
143.638741
 42
-0.102990
  0
VERTEX
  8
0
 10
241.500000
 20
143.875594
 42
0.127482
  0
VERTEX
  8
0
 10
241.871795
 20
144.074183
 42
0.085442
  0
VERTEX
  8
0
 10
242.167371
 20
144.458073
 42
0.076068
  0
VERTEX
  8
0
 10
242.343287
 20
144.965307
 42
0.069135
  0
VERTEX
  8
0
 10
242.367647
 20
145.519343
 42
-0.080809
  0
VERTEX
  8
0
 10
242.402602
 20
146.039037
 42
-0.118002
  0
VERTEX
  8
0
 10
242.606801
 20
146.447747
 42
-0.137089
  0
VERTEX
  8
0
 10
242.947043
 20
146.680547
 42
-0.128606
  0
VERTEX
  8
0
 10
243.367647
 20
146.710784
 42
0.113808
  0
VERTEX
  8
0
 10
243.779351
 20
146.728334
 42
0.150524
  0
VERTEX
  8
0
 10
244.093934
 20
146.929105
 42
0.137499
  0
VERTEX
  8
0
 10
244.259227
 20
147.288891
 42
0.088927
  0
VERTEX
  8
0
 10
244.250000
 20
147.750000
 42
-0.077768
  0
VERTEX
  8
0
 10
244.229849
 20
148.227545
 42
-0.107250
  0
VERTEX
  8
0
 10
244.367187
 20
148.632812
 42
-0.125576
  0
VERTEX
  8
0
 10
244.638866
 20
148.901861
 42
-0.133456
  0
VERTEX
  8
0
 10
245.000000
 20
149.000000
 42
0.124788
  0
VERTEX
  8
0
 10
245.380035
 20
149.096348
 42
0.102302
  0
VERTEX
  8
0
 10
245.701273
 20
149.367188
 42
0.091734
  0
VERTEX
  8
0
 10
245.914073
 20
149.772504
 42
0.078677
  0
VERTEX
  8
0
 10
245.983057
 20
150.250000
 42
0.574629
  0
VERTEX
  8
0
 10
245.682533
 20
150.419735
 42
0.034973
  0
VERTEX
  8
0
 10
244.626023
 20
149.698644
 42
0.024971
  0
VERTEX
  8
0
 10
243.146708
 20
148.404458
 42
0.012192
  0
VERTEX
  8
0
 10
241.387159
 20
146.617725
 42
0.000000
  0
VERTEX
  8
0
 10
236.808204
 20
141.735450
 42
0.000000
  0
VERTEX
  8
0
 10
209.654102
 20
141.683633
 42
0.000152
  0
VERTEX
  8
0
 10
191.340128
 20
141.643100
 42
0.017169
  0
VERTEX
  8
0
 10
188.917351
 20
141.553773
 42
0.948015
  0
VERTEX
  8
0
 10
188.919558
 20
141.430007
 42
0.000540
  0
VERTEX
  8
0
 10
200.500000
 20
141.030869
 42
0.000000
  0
VERTEX
  8
0
 10
218.500000
 20
140.429921
 42
0.000000
  0
VERTEX
  8
0
 10
200.293810
 20
140.214961
 42
0.000000
  0
VERTEX
  8
0
 10
182.087619
 20
140.000000
 42
0.000000
  0
VERTEX
  8
0
 10
181.793810
 20
147.089415
 42
0.010349
  0
VERTEX
  8
0
 10
181.627885
 20
149.757144
 42
0.020135
  0
VERTEX
  8
0
 10
181.365994
 20
151.874215
 42
0.021689
  0
VERTEX
  8
0
 10
181.058873
 20
153.338715
 42
0.582612
  0
SEQEND
  0
POLYLINE
  8
0
 66
1
 70
1
  0
VERTEX
  8
0
 10
392.653419
 20
151.320085
 42
-0.185625
  0
VERTEX
  8
0
 10
392.326787
 20
151.174876
 42
-0.001269
  0
VERTEX
  8
0
 10
389.203346
 20
151.022597
 42
-0.004704
  0
VERTEX
  8
0
 10
385.605383
 20
150.890246
 42
-0.002963
  0
VERTEX
  8
0
 10
381.401255
 20
150.800124
 42
0.003893
  0
VERTEX
  8
0
 10
377.349667
 20
150.705736
 42
0.008839
  0
VERTEX
  8
0
 10
374.289744
 20
150.556431
 42
0.015460
  0
VERTEX
  8
0
 10
372.507000
 20
150.382331
 42
0.844353
  0
VERTEX
  8
0
 10
372.500000
 20
150.207927
 42
-0.031765
  0
VERTEX
  8
0
 10
373.362717
 20
149.967299
 42
-0.022116
  0
VERTEX
  8
0
 10
374.302076
 20
149.592393
 42
-0.022386
  0
VERTEX
  8
0
 10
375.174749
 20
149.150501
 42
-0.042293
  0
VERTEX
  8
0
 10
375.826215
 20
148.706694
 42
0.056054
  0
VERTEX
  8
0
 10
376.415435
 20
148.328549
 42
0.097180
  0
VERTEX
  8
0
 10
376.974810
 20
148.176848
 42
0.123911
  0
VERTEX
  8
0
 10
377.455908
 20
148.262154
 42
0.131922
  0
VERTEX
  8
0
 10
377.826215
 20
148.564302
 42
-0.146713
  0
VERTEX
  8
0
 10
378.761390
 20
149.283178
 42
-0.071724
  0
VERTEX
  8
0
 10
380.242421
 20
149.615633
 42
-0.086786
  0
VERTEX
  8
0
 10
381.541110
 20
149.491196
 42
-0.337541
  0
VERTEX
  8
0
 10
382.000000
 20
148.888889
 42
0.189535
  0
VERTEX
  8
0
 10
382.132978
 20
148.550691
 42
0.089878
  0
VERTEX
  8
0
 10
382.514063
 20
148.265609
 42
0.069238
  0
VERTEX
  8
0
 10
383.080282
 20
148.074986
 42
0.048848
  0
VERTEX
  8
0
 10
383.750000
 20
148.015313
 42
0.011938
  0
VERTEX
  8
0
 10
384.728916
 20
148.047261
 42
0.327416
  0
VERTEX
  8
0
 10
384.916542
 20
148.201904
 42
0.309569
  0
VERTEX
  8
0
 10
384.830411
 20
148.436556
 42
0.011213
  0
VERTEX
  8
0
 10
384.000000
 20
149.000000
 42
-0.009837
  0
VERTEX
  8
0
 10
383.152107
 20
149.571905
 42
-0.289012
  0
VERTEX
  8
0
 10
383.056263
 20
149.801782
 42
-0.349595
  0
VERTEX
  8
0
 10
383.225188
 20
149.953108
 42
-0.012172
  0
VERTEX
  8
0
 10
384.166667
 20
149.984687
 42
-0.069581
  0
VERTEX
  8
0
 10
384.837799
 20
149.897115
 42
-0.064689
  0
VERTEX
  8
0
 10
385.477337
 20
149.628314
 42
-0.068820
  0
VERTEX
  8
0
 10
385.989906
 20
149.226792
 42
-0.105372
  0
VERTEX
  8
0
 10
386.288097
 20
148.750000
 42
0.099606
  0
VERTEX
  8
0
 10
386.611007
 20
148.220334
 42
0.193474
  0
VERTEX
  8
0
 10
387.051598
 20
148.011548
 42
0.119801
  0
VERTEX
  8
0
 10
387.679150
 20
148.124551
 42
0.029185
  0
VERTEX
  8
0
 10
388.621430
 20
148.609115
 42
-0.061501
  0
VERTEX
  8
0
 10
389.665601
 20
149.063549
 42
-0.100927
  0
VERTEX
  8
0
 10
390.622571
 20
149.146504
 42
-0.083972
  0
VERTEX
  8
0
 10
391.656088
 20
148.846786
 42
-0.032313
  0
VERTEX
  8
0
 10
392.961324
 20
148.109115
 42
0.017538
  0
VERTEX
  8
0
 10
393.866437
 20
147.561702
 42
0.062721
  0
VERTEX
  8
0
 10
394.492370
 20
147.309085
 42
0.323958
  0
VERTEX
  8
0
 10
394.714089
 20
147.394638
 42
0.289758
  0
VERTEX
  8
0
 10
394.717068
 20
147.645215
 42
-0.273418
  0
VERTEX
  8
0
 10
394.700559
 20
148.542702
 42
-0.152309
  0
VERTEX
  8
0
 10
395.524675
 20
149.315239
 42
-0.077870
  0
VERTEX
  8
0
 10
397.234343
 20
149.835463
 42
-0.035003
  0
VERTEX
  8
0
 10
399.581787
 20
150.000000
 42
0.029382
  0
VERTEX
  8
0
 10
400.508259
 20
150.054490
 42
0.045850
  0
VERTEX
  8
0
 10
401.289580
 20
150.220313
 42
0.057817
  0
VERTEX
  8
0
 10
401.834729
 20
150.461328
 42
0.265843
  0
VERTEX
  8
0
 10
401.999763
 20
150.750000
 42
0.387752
  0
VERTEX
  8
0
 10
401.524595
 20
151.270267
 42
0.007487
  0
VERTEX
  8
0
 10
397.585946
 20
151.569757
 42
0.009333
  0
VERTEX
  8
0
 10
393.688370
 20
151.734544
 42
0.205050
  0
SEQEND
  0
POLYLINE
  8
0
 66
1
 70
1
  0
VERTEX
  8
0
 10
404.200000
 20
150.800000
 42
0.037118
  0
VERTEX
  8
0
 10
403.263877
 20
149.713519
 42
0.191807
  0
VERTEX
  8
0
 10
403.065360
 20
148.961168
 42
0.296195
  0
VERTEX
  8
0
 10
403.460303
 20
148.489363
 42
0.074618
  0
VERTEX
  8
0
 10
404.500000
 20
148.333333
 42
0.121457
  0
VERTEX
  8
0
 10
405.072097
 20
148.474384
 42
0.100741
  0
VERTEX
  8
0
 10
405.559375
 20
148.871875
 42
0.091482
  0
VERTEX
  8
0
 10
405.886697
 20
149.466399
 42
0.080377
  0
VERTEX
  8
0
 10
406.000000
 20
150.166667
 42
0.016532
  0
VERTEX
  8
0
 10
405.954090
 20
151.554835
 42
0.300143
  0
VERTEX
  8
0
 10
405.698670
 20
151.891316
 42
0.272992
  0
VERTEX
  8
0
 10
405.265775
 20
151.805961
 42
0.014433
  0
SEQEND
  0
POLYLINE
  8
0
 66
1
 70
1
  0
VERTEX
  8
0
 10
428.000000
 20
150.059017
 42
0.089642
  0
VERTEX
  8
0
 10
428.073302
 20
149.653442
 42
0.053229
  0
VERTEX
  8
0
 10
428.293750
 20
149.212900
 42
0.051032
  0
VERTEX
  8
0
 10
428.617485
 20
148.806203
 42
0.060810
  0
VERTEX
  8
0
 10
429.000000
 20
148.500000
 42
0.082592
  0
VERTEX
  8
0
 10
429.382100
 20
148.343488
 42
0.161196
  0
VERTEX
  8
0
 10
429.706250
 20
148.374600
 42
0.182303
  0
VERTEX
  8
0
 10
429.921712
 20
148.586039
 42
0.108972
  0
VERTEX
  8
0
 10
430.000000
 20
148.940983
 42
-0.265029
  0
VERTEX
  8
0
 10
430.227263
 20
149.339617
 42
-0.063273
  0
VERTEX
  8
0
 10
430.954687
 20
149.654159
 42
-0.048689
  0
VERTEX
  8
0
 10
432.004824
 20
149.850079
 42
-0.030893
  0
VERTEX
  8
0
 10
433.250000
 20
149.881685
 42
0.000000
  0
VERTEX
  8
0
 10
436.500000
 20
149.763370
 42
0.000000
  0
VERTEX
  8
0
 10
433.500000
 20
149.000000
 42
0.014211
  0
VERTEX
  8
0
 10
431.987862
 20
148.569122
 42
0.707180
  0
VERTEX
  8
0
 10
431.980549
 20
148.352392
 42
0.085292
  0
VERTEX
  8
0
 10
432.704859
 20
148.203079
 42
0.002648
  0
VERTEX
  8
0
 10
435.750000
 20
148.118315
 42
0.012463
  0
VERTEX
  8
0
 10
438.386836
 20
148.124625
 42
0.057570
  0
VERTEX
  8
0
 10
439.894719
 20
148.340703
 42
0.127289
  0
VERTEX
  8
0
 10
440.696867
 20
148.789981
 42
0.204538
  0
VERTEX
  8
0
 10
441.000000
 20
149.500000
 42
0.232029
  0
VERTEX
  8
0
 10
440.642085
 20
150.229748
 42
0.108427
  0
VERTEX
  8
0
 10
439.666667
 20
150.692308
 42
0.047315
  0
VERTEX
  8
0
 10
437.824386
 20
150.937360
 42
0.009420
  0
VERTEX
  8
0
 10
434.500000
 20
151.000000
 42
0.013599
  0
VERTEX
  8
0
 10
432.008054
 20
150.932209
 42
0.022347
  0
VERTEX
  8
0
 10
429.909375
 20
150.723586
 42
0.018301
  0
VERTEX
  8
0
 10
428.297902
 20
150.429738
 42
0.352003
  0
SEQEND
  0
POLYLINE
  8
0
 66
1
 70
1
  0
VERTEX
  8
0
 10
120.500000
 20
149.000000
 42
0.146489
  0
VERTEX
  8
0
 10
120.397987
 20
148.620597
 42
0.191582
  0
VERTEX
  8
0
 10
120.538811
 20
148.293750
 42
0.134005
  0
VERTEX
  8
0
 10
120.925364
 20
148.072951
 42
0.063222
  0
VERTEX
  8
0
 10
121.500000
 20
148.000000
 42
0.063222
  0
VERTEX
  8
0
 10
122.074636
 20
148.072951
 42
0.134005
  0
VERTEX
  8
0
 10
122.461189
 20
148.293750
 42
0.191582
  0
VERTEX
  8
0
 10
122.602013
 20
148.620597
 42
0.146489
  0
VERTEX
  8
0
 10
122.500000
 20
149.000000
 42
0.025622
  0
VERTEX
  8
0
 10
122.235369
 20
149.382847
 42
0.032351
  0
VERTEX
  8
0
 10
121.951311
 20
149.706250
 42
0.033983
  0
VERTEX
  8
0
 10
121.686704
 20
149.937141
 42
0.163822
  0
VERTEX
  8
0
 10
121.500000
 20
150.000000
 42
0.163822
  0
VERTEX
  8
0
 10
121.313296
 20
149.937141
 42
0.033983
  0
VERTEX
  8
0
 10
121.048689
 20
149.706250
 42
0.032351
  0
VERTEX
  8
0
 10
120.764631
 20
149.382847
 42
0.025622
  0
SEQEND
  0
POLYLINE
  8
0
 66
1
 70
1
  0
VERTEX
  8
0
 10
127.259756
 20
147.201753
 42
0.225001
  0
VERTEX
  8
0
 10
128.020820
 20
145.865773
 42
0.132637
  0
VERTEX
  8
0
 10
129.783424
 20
145.229131
 42
0.105421
  0
VERTEX
  8
0
 10
131.973689
 20
145.509218
 42
0.112507
  0
VERTEX
  8
0
 10
133.801228
 20
146.658370
 42
0.021710
  0
VERTEX
  8
0
 10
134.695024
 20
147.633348
 42
0.503178
  0
VERTEX
  8
0
 10
134.620040
 20
147.948201
 42
0.143969
  0
VERTEX
  8
0
 10
134.031463
 20
148.018364
 42
0.004530
  0
VERTEX
  8
0
 10
131.626479
 20
147.589705
 42
-0.013815
  0
VERTEX
  8
0
 10
129.920584
 20
147.318228
 42
-0.059873
  0
VERTEX
  8
0
 10
128.897403
 20
147.307396
 42
-0.203282
  0
VERTEX
  8
0
 10
128.481600
 20
147.540044
 42
-0.312943
  0
VERTEX
  8
0
 10
128.460582
 20
147.936220
 42
0.070776
  0
VERTEX
  8
0
 10
128.638603
 20
148.343295
 42
0.145973
  0
VERTEX
  8
0
 10
128.632077
 20
148.687515
 42
0.189527
  0
VERTEX
  8
0
 10
128.447184
 20
148.914542
 42
0.128886
  0
VERTEX
  8
0
 10
128.121166
 20
149.000000
 42
0.182159
  0
VERTEX
  8
0
 10
127.751651
 20
148.860759
 42
0.101177
  0
VERTEX
  8
0
 10
127.456919
 20
148.471765
 42
0.077189
  0
VERTEX
  8
0
 10
127.281574
 20
147.889823
 42
0.053493
  0
SEQEND
  0
POLYLINE
  8
0
 66
1
 70
1
  0
VERTEX
  8
0
 10
396.750000
 20
148.337719
 42
0.057986
  0
VERTEX
  8
0
 10
397.320008
 20
148.181385
 42
0.037979
  0
VERTEX
  8
0
 10
398.000000
 20
148.129660
 42
0.037979
  0
VERTEX
  8
0
 10
398.679992
 20
148.181385
 42
0.057986
  0
VERTEX
  8
0
 10
399.250000
 20
148.337719
 42
0.174857
  0
VERTEX
  8
0
 10
399.459382
 20
148.525001
 42
0.447206
  0
VERTEX
  8
0
 10
399.398438
 20
148.693942
 42
0.078554
  0
VERTEX
  8
0
 10
398.891440
 20
148.810911
 42
0.017491
  0
VERTEX
  8
0
 10
398.000000
 20
148.842105
 42
0.017491
  0
VERTEX
  8
0
 10
397.108560
 20
148.810911
 42
0.078554
  0
VERTEX
  8
0
 10
396.601562
 20
148.693942
 42
0.447206
  0
VERTEX
  8
0
 10
396.540618
 20
148.525001
 42
0.174857
  0
SEQEND
  0
POLYLINE
  8
0
 66
1
 70
1
  0
VERTEX
  8
0
 10
123.542705
 20
147.069098
 42
0.096910
  0
VERTEX
  8
0
 10
123.392636
 20
146.670838
 42
0.097419
  0
VERTEX
  8
0
 10
123.404140
 20
146.246164
 42
0.098430
  0
VERTEX
  8
0
 10
123.575024
 20
145.860961
 42
0.101208
  0
VERTEX
  8
0
 10
123.878903
 20
145.574842
 42
0.157716
  0
VERTEX
  8
0
 10
124.271104
 20
145.478565
 42
0.122565
  0
VERTEX
  8
0
 10
124.691106
 20
145.615910
 42
0.096130
  0
VERTEX
  8
0
 10
125.076686
 20
145.976296
 42
0.065363
  0
VERTEX
  8
0
 10
125.363830
 20
146.505744
 42
0.124688
  0
VERTEX
  8
0
 10
125.475758
 20
147.447359
 42
0.293249
  0
VERTEX
  8
0
 10
125.039042
 20
147.965546
 42
0.232893
  0
VERTEX
  8
0
 10
124.270687
 20
147.843423
 42
0.100833
  0
SEQEND
  0
POLYLINE
  8
0
 66
1
 70
1
  0
VERTEX
  8
0
 10
120.000000
 20
146.000000
 42
0.105053
  0
VERTEX
  8
0
 10
120.081062
 20
145.618444
 42
0.099167
  0
VERTEX
  8
0
 10
120.311086
 20
145.293750
 42
0.096420
  0
VERTEX
  8
0
 10
120.654762
 20
145.076123
 42
0.093332
  0
VERTEX
  8
0
 10
121.059017
 20
145.000000
 42
0.108972
  0
VERTEX
  8
0
 10
121.413961
 20
145.078288
 42
0.182303
  0
VERTEX
  8
0
 10
121.625400
 20
145.293750
 42
0.161196
  0
VERTEX
  8
0
 10
121.656512
 20
145.617900
 42
0.082592
  0
VERTEX
  8
0
 10
121.500000
 20
146.000000
 42
0.029505
  0
VERTEX
  8
0
 10
121.231006
 20
146.382774
 42
0.035638
  0
VERTEX
  8
0
 10
120.933975
 20
146.706250
 42
0.038439
  0
VERTEX
  8
0
 10
120.651710
 20
146.934461
 42
0.151918
  0
VERTEX
  8
0
 10
120.440983
 20
147.000000
 42
0.210953
  0
VERTEX
  8
0
 10
120.272352
 20
146.925540
 42
0.081139
  0
VERTEX
  8
0
 10
120.129539
 20
146.706250
 42
0.061769
  0
VERTEX
  8
0
 10
120.032345
 20
146.382849
 42
0.042167
  0
SEQEND
  0
POLYLINE
  8
0
 66
1
 70
1
  0
VERTEX
  8
0
 10
403.207771
 20
145.250000
 42
0.080164
  0
VERTEX
  8
0
 10
402.452800
 20
142.791773
 42
0.025417
  0
VERTEX
  8
0
 10
402.117851
 20
138.958971
 42
0.038872
  0
VERTEX
  8
0
 10
402.237771
 20
136.061075
 42
0.695557
  0
VERTEX
  8
0
 10
402.868120
 20
135.909316
 42
0.060910
  0
VERTEX
  8
0
 10
403.192319
 20
136.547691
 42
0.048110
  0
VERTEX
  8
0
 10
403.385700
 20
137.298472
 42
0.049522
  0
VERTEX
  8
0
 10
403.428162
 20
138.042784
 42
0.081286
  0
VERTEX
  8
0
 10
403.300491
 20
138.659316
 42
-0.065002
  0
VERTEX
  8
0
 10
403.176819
 20
139.172261
 42
-0.112235
  0
VERTEX
  8
0
 10
403.227718
 20
139.606174
 42
-0.151941
  0
VERTEX
  8
0
 10
403.441080
 20
139.891619
 42
-0.158134
  0
VERTEX
  8
0
 10
403.775199
 20
140.000000
 42
0.284641
  0
VERTEX
  8
0
 10
404.150478
 20
140.232476
 42
0.052792
  0
VERTEX
  8
0
 10
404.446407
 20
141.028125
 42
0.042616
  0
VERTEX
  8
0
 10
404.635160
 20
142.158791
 42
0.026725
  0
VERTEX
  8
0
 10
404.671108
 20
143.500000
 42
0.004634
  0
VERTEX
  8
0
 10
404.573955
 20
146.204330
 42
0.164265
  0
VERTEX
  8
0
 10
404.348890
 20
146.783224
 42
0.522405
  0
VERTEX
  8
0
 10
404.006979
 20
146.752903
 42
0.015393
  0
SEQEND
  0
POLYLINE
  8
0
 66
1
 70
1
  0
VERTEX
  8
0
 10
378.458881
 20
144.933469
 42
0.049364
  0
VERTEX
  8
0
 10
378.242038
 20
144.490157
 42
0.059701
  0
VERTEX
  8
0
 10
378.133355
 20
144.040231
 42
0.070517
  0
VERTEX
  8
0
 10
378.142323
 20
143.651151
 42
0.156651
  0
VERTEX
  8
0
 10
378.276326
 20
143.390341
 42
0.281567
  0
VERTEX
  8
0
 10
378.505460
 20
143.335123
 42
0.118528
  0
VERTEX
  8
0
 10
378.786868
 20
143.507038
 42
0.069269
  0
VERTEX
  8
0
 10
379.083816
 20
143.899181
 42
0.035865
  0
VERTEX
  8
0
 10
379.345077
 20
144.456872
 42
0.029555
  0
VERTEX
  8
0
 10
379.696703
 20
145.564815
 42
0.344086
  0
VERTEX
  8
0
 10
379.525317
 20
145.954259
 42
0.361950
  0
VERTEX
  8
0
 10
379.120758
 20
145.871774
 42
0.030391
  0
SEQEND
  0
POLYLINE
  8
0
 66
1
 70
1
  0
VERTEX
  8
0
 10
420.404324
 20
137.611269
 42
0.095530
  0
VERTEX
  8
0
 10
420.173148
 20
136.310793
 42
0.118690
  0
VERTEX
  8
0
 10
420.477211
 20
135.124105
 42
0.134627
  0
VERTEX
  8
0
 10
421.245651
 20
134.307059
 42
0.141242
  0
VERTEX
  8
0
 10
422.309017
 20
134.015313
 42
0.103688
  0
VERTEX
  8
0
 10
422.673954
 20
134.096726
 42
0.377652
  0
VERTEX
  8
0
 10
422.763507
 20
134.295933
 42
0.146355
  0
VERTEX
  8
0
 10
422.556345
 20
134.605098
 42
0.027230
  0
VERTEX
  8
0
 10
422.000000
 20
135.015313
 42
-0.029572
  0
VERTEX
  8
0
 10
421.247197
 20
135.575841
 42
-0.201349
  0
VERTEX
  8
0
 10
421.040108
 20
135.979262
 42
-0.233184
  0
VERTEX
  8
0
 10
421.197422
 20
136.371631
 42
-0.039648
  0
VERTEX
  8
0
 10
421.856763
 20
136.875000
 42
0.044476
  0
VERTEX
  8
0
 10
422.422032
 20
137.315238
 42
0.168071
  0
VERTEX
  8
0
 10
422.628968
 20
137.705845
 42
0.218554
  0
VERTEX
  8
0
 10
422.524645
 20
138.073924
 42
0.077831
  0
VERTEX
  8
0
 10
422.099700
 20
138.438382
 42
0.129232
  0
VERTEX
  8
0
 10
421.629969
 20
138.581905
 42
0.123976
  0
VERTEX
  8
0
 10
421.142230
 20
138.479375
 42
0.107960
  0
VERTEX
  8
0
 10
420.710596
 20
138.138127
 42
0.080252
  0
SEQEND
  0
POLYLINE
  8
0
 66
1
 70
1
  0
VERTEX
  8
0
 10
410.796682
 20
135.669486
 42
0.028089
  0
VERTEX
  8
0
 10
411.042443
 20
134.907361
 42
0.121838
  0
VERTEX
  8
0
 10
411.312747
 20
134.521096
 42
0.362908
  0
VERTEX
  8
0
 10
411.562085
 20
134.515741
 42
0.144561
  0
VERTEX
  8
0
 10
411.772509
 20
134.817528
 42
-0.072236
  0
VERTEX
  8
0
 10
412.050975
 20
135.371237
 42
-0.230162
  0
VERTEX
  8
0
 10
412.402850
 20
135.567211
 42
-0.156940
  0
VERTEX
  8
0
 10
412.879081
 20
135.442750
 42
-0.031449
  0
VERTEX
  8
0
 10
413.597246
 20
134.919293
 42
0.026423
  0
VERTEX
  8
0
 10
414.324688
 20
134.377805
 42
0.229616
  0
VERTEX
  8
0
 10
414.713239
 20
134.324773
 42
0.283783
  0
VERTEX
  8
0
 10
414.941579
 20
134.594763
 42
0.037264
  0
VERTEX
  8
0
 10
415.000000
 20
135.377555
 42
0.043990
  0
VERTEX
  8
0
 10
414.944766
 20
136.004146
 42
0.060040
  0
VERTEX
  8
0
 10
414.779688
 20
136.545882
 42
0.075289
  0
VERTEX
  8
0
 10
414.537052
 20
136.927770
 42
0.190460
  0
VERTEX
  8
0
 10
414.250000
 20
137.076511
 42
-0.012168
  0
VERTEX
  8
0
 10
413.855216
 20
137.126519
 42
-0.003424
  0
VERTEX
  8
0
 10
413.241917
 20
137.223720
 42
-0.003450
  0
VERTEX
  8
0
 10
412.549937
 20
137.343165
 42
-0.003631
  0
VERTEX
  8
0
 10
411.871419
 20
137.470207
 42
0.071691
  0
VERTEX
  8
0
 10
411.124804
 20
137.506982
 42
0.239103
  0
VERTEX
  8
0
 10
410.722099
 20
137.252644
 42
0.166205
  0
VERTEX
  8
0
 10
410.602593
 20
136.688335
 42
0.033780
  0
SEQEND
  0
POLYLINE
  8
0
 66
1
 70
1
  0
VERTEX
  8
0
 10
537.000000
 20
131.906380
 42
0.206609
  0
VERTEX
  8
0
 10
537.149557
 20
131.559898
 42
0.082769
  0
VERTEX
  8
0
 10
537.587500
 20
131.266249
 42
0.063112
  0
VERTEX
  8
0
 10
538.234359
 20
131.066544
 42
0.043375
  0
VERTEX
  8
0
 10
539.000000
 20
131.000000
 42
0.018041
  0
VERTEX
  8
0
 10
539.766644
 20
131.027671
 42
0.029316
  0
VERTEX
  8
0
 10
540.412500
 20
131.112615
 42
0.029396
  0
VERTEX
  8
0
 10
540.890445
 20
131.233718
 42
0.326917
  0
VERTEX
  8
0
 10
541.000000
 20
131.383369
 42
0.269386
  0
VERTEX
  8
0
 10
540.897136
 20
131.560437
 42
0.023188
  0
VERTEX
  8
0
 10
540.412500
 20
131.807757
 42
0.025621
  0
VERTEX
  8
0
 10
539.766387
 20
132.061542
 42
0.016817
  0
VERTEX
  8
0
 10
539.000000
 20
132.289749
 42
0.040966
  0
VERTEX
  8
0
 10
538.233678
 20
132.424365
 42
0.070464
  0
VERTEX
  8
0
 10
537.587500
 20
132.392877
 42
0.106581
  0
VERTEX
  8
0
 10
537.157535
 20
132.210205
 42
0.243840
  0
SEQEND
  0
POLYLINE
  8
0
 66
1
 70
1
  0
VERTEX
  8
0
 10
148.393011
 20
130.418213
 42
-0.072030
  0
VERTEX
  8
0
 10
148.632106
 20
129.361889
 42
-0.005915
  0
VERTEX
  8
0
 10
148.821697
 20
126.534475
 42
-0.007831
  0
VERTEX
  8
0
 10
148.955695
 20
123.140776
 42
-0.005951
  0
VERTEX
  8
0
 10
149.000000
 20
119.418213
 42
0.008393
  0
VERTEX
  8
0
 10
149.065743
 20
115.502011
 42
0.018833
  0
VERTEX
  8
0
 10
149.277332
 20
112.536691
 42
0.015977
  0
VERTEX
  8
0
 10
149.583867
 20
110.374738
 42
0.364461
  0
VERTEX
  8
0
 10
150.029677
 20
110.000000
 42
0.369344
  0
VERTEX
  8
0
 10
150.476739
 20
110.382405
 42
0.016216
  0
VERTEX
  8
0
 10
150.748098
 20
112.574605
 42
0.018605
  0
VERTEX
  8
0
 10
150.911174
 20
115.618555
 42
0.007819
  0
VERTEX
  8
0
 10
150.913963
 20
119.719759
 42
0.005137
  0
VERTEX
  8
0
 10
150.745579
 20
126.391947
 42
0.034031
  0
VERTEX
  8
0
 10
150.401284
 20
129.705246
 42
0.085581
  0
VERTEX
  8
0
 10
149.793304
 20
131.411354
 42
0.270772
  0
VERTEX
  8
0
 10
148.786022
 20
132.000000
 42
0.188995
  0
VERTEX
  8
0
 10
148.456181
 20
131.870705
 42
0.146050
  0
VERTEX
  8
0
 10
148.258075
 20
131.535350
 42
0.098218
  0
VERTEX
  8
0
 10
148.233653
 20
131.023963
 42
0.054634
  0
SEQEND
  0
POLYLINE
  8
0
 66
1
 70
1
  0
VERTEX
  8
0
 10
199.250000
 20
130.820847
 42
0.050384
  0
VERTEX
  8
0
 10
197.343304
 20
130.093245
 42
0.108490
  0
VERTEX
  8
0
 10
196.128551
 20
129.108174
 42
0.366148
  0
VERTEX
  8
0
 10
196.149443
 20
128.379908
 42
0.213180
  0
VERTEX
  8
0
 10
197.000000
 20
128.000000
 42
0.077193
  0
VERTEX
  8
0
 10
197.382030
 20
128.059334
 42
0.089922
  0
VERTEX
  8
0
 10
197.706250
 20
128.231239
 42
0.100773
  0
VERTEX
  8
0
 10
197.922995
 20
128.486983
 42
0.126208
  0
VERTEX
  8
0
 10
198.000000
 20
128.787196
 42
-0.226399
  0
VERTEX
  8
0
 10
198.149601
 20
129.100653
 42
-0.064874
  0
VERTEX
  8
0
 10
198.620703
 20
129.389909
 42
-0.051404
  0
VERTEX
  8
0
 10
199.303855
 20
129.615058
 42
-0.035129
  0
VERTEX
  8
0
 10
200.113032
 20
129.733561
 42
0.021943
  0
VERTEX
  8
0
 10
200.962561
 20
129.835191
 42
0.024568
  0
VERTEX
  8
0
 10
201.767991
 20
130.008605
 42
0.024900
  0
VERTEX
  8
0
 10
202.432132
 20
130.222070
 42
0.106556
  0
VERTEX
  8
0
 10
202.779699
 20
130.446366
 42
0.230114
  0
VERTEX
  8
0
 10
202.976683
 20
131.015799
 42
0.349745
  0
VERTEX
  8
0
 10
202.622113
 20
131.365576
 42
0.075065
  0
VERTEX
  8
0
 10
201.345726
 20
131.309187
 42
0.017468
  0
SEQEND
  0
POLYLINE
  8
0
 66
1
 70
1
  0
VERTEX
  8
0
 10
206.000000
 20
131.000000
 42
0.039081
  0
VERTEX
  8
0
 10
205.483710
 20
130.622222
 42
0.066537
  0
VERTEX
  8
0
 10
205.128406
 20
130.223677
 42
0.099385
  0
VERTEX
  8
0
 10
204.979479
 20
129.868563
 42
0.251186
  0
VERTEX
  8
0
 10
205.057921
 20
129.608746
 42
0.187837
  0
VERTEX
  8
0
 10
205.351673
 20
129.479655
 42
0.060450
  0
VERTEX
  8
0
 10
205.834656
 20
129.517427
 42
0.050517
  0
VERTEX
  8
0
 10
206.411244
 20
129.695628
 42
0.038238
  0
VERTEX
  8
0
 10
207.000000
 20
130.000000
 42
0.039081
  0
VERTEX
  8
0
 10
207.516290
 20
130.377778
 42
0.066537
  0
VERTEX
  8
0
 10
207.871594
 20
130.776323
 42
0.099385
  0
VERTEX
  8
0
 10
208.020521
 20
131.131437
 42
0.251186
  0
VERTEX
  8
0
 10
207.942079
 20
131.391254
 42
0.187837
  0
VERTEX
  8
0
 10
207.648327
 20
131.520345
 42
0.060450
  0
VERTEX
  8
0
 10
207.165344
 20
131.482573
 42
0.050517
  0
VERTEX
  8
0
 10
206.588756
 20
131.304372
 42
0.038238
  0
SEQEND
  0
POLYLINE
  8
0
 66
1
 70
1
  0
VERTEX
  8
0
 10
218.333333
 20
130.358761
 42
0.235831
  0
VERTEX
  8
0
 10
218.872168
 20
129.279879
 42
0.123879
  0
VERTEX
  8
0
 10
220.288406
 20
128.684609
 42
0.102795
  0
VERTEX
  8
0
 10
222.043353
 20
128.778541
 42
0.132532
  0
VERTEX
  8
0
 10
223.437234
 20
129.580091
 42
-0.027591
  0
VERTEX
  8
0
 10
224.162818
 20
130.229730
 42
-0.148756
  0
VERTEX
  8
0
 10
224.649019
 20
130.423765
 42
-0.243337
  0
VERTEX
  8
0
 10
225.022803
 20
130.268797
 42
-0.079269
  0
VERTEX
  8
0
 10
225.340695
 20
129.741071
 42
0.055452
  0
VERTEX
  8
0
 10
225.548040
 20
129.356750
 42
0.448125
  0
VERTEX
  8
0
 10
225.724164
 20
129.335036
 42
0.181592
  0
VERTEX
  8
0
 10
225.862680
 20
129.593724
 42
0.021818
  0
VERTEX
  8
0
 10
225.921053
 20
130.250000
 42
0.036512
  0
VERTEX
  8
0
 10
225.902340
 20
130.920285
 42
0.056425
  0
VERTEX
  8
0
 10
225.779627
 20
131.485938
 42
0.075596
  0
VERTEX
  8
0
 10
225.580003
 20
131.871952
 42
0.240118
  0
VERTEX
  8
0
 10
225.328741
 20
132.000000
 42
0.127972
  0
VERTEX
  8
0
 10
224.956181
 20
131.903058
 42
0.017786
  0
VERTEX
  8
0
 10
224.267661
 20
131.485938
 42
0.019401
  0
VERTEX
  8
0
 10
223.473481
 20
130.920096
 42
0.015350
  0
VERTEX
  8
0
 10
222.659175
 20
130.250000
 42
-0.007655
  0
VERTEX
  8
0
 10
221.579098
 20
129.332964
 42
-0.136117
  0
VERTEX
  8
0
 10
221.165600
 20
129.149269
 42
-0.521575
  0
VERTEX
  8
0
 10
221.011838
 20
129.312098
 42
-0.035662
  0
VERTEX
  8
0
 10
221.216821
 20
130.035714
 42
0.078345
  0
VERTEX
  8
0
 10
221.344422
 20
130.695755
 42
0.172448
  0
VERTEX
  8
0
 10
221.191256
 20
131.178998
 42
0.163346
  0
VERTEX
  8
0
 10
220.758806
 20
131.473894
 42
0.068773
  0
VERTEX
  8
0
 10
220.053053
 20
131.571429
 42
0.068782
  0
VERTEX
  8
0
 10
219.395752
 20
131.480577
 42
0.085074
  0
VERTEX
  8
0
 10
218.838501
 20
131.215208
 42
0.099898
  0
VERTEX
  8
0
 10
218.465896
 20
130.821198
 42
0.140501
  0
SEQEND
  0
POLYLINE
  8
0
 66
1
 70
1
  0
VERTEX
  8
0
 10
209.387500
 20
129.837500
 42
0.136733
  0
VERTEX
  8
0
 10
209.877178
 20
128.861954
 42
0.129508
  0
VERTEX
  8
0
 10
210.810232
 20
128.255670
 42
0.211251
  0
VERTEX
  8
0
 10
211.626451
 20
128.335702
 42
0.270490
  0
VERTEX
  8
0
 10
212.000000
 20
128.975684
 42
0.087420
  0
VERTEX
  8
0
 10
211.930690
 20
129.369071
 42
0.166283
  0
VERTEX
  8
0
 10
211.731339
 20
129.616427
 42
0.178648
  0
VERTEX
  8
0
 10
211.433994
 20
129.679597
 42
0.102694
  0
VERTEX
  8
0
 10
211.085410
 20
129.552786
 42
-0.108525
  0
VERTEX
  8
0
 10
210.697307
 20
129.416647
 42
-0.109741
  0
VERTEX
  8
0
 10
210.289548
 20
129.456504
 42
-0.105592
  0
VERTEX
  8
0
 10
209.925017
 20
129.668354
 42
-0.093859
  0
VERTEX
  8
0
 10
209.660410
 20
130.018769
 42
0.019147
  0
VERTEX
  8
0
 10
209.470639
 20
130.367891
 42
0.428970
  0
VERTEX
  8
0
 10
209.369699
 20
130.390904
 42
0.287128
  0
VERTEX
  8
0
 10
209.315768
 20
130.271833
 42
0.014876
  0
SEQEND
  0
POLYLINE
  8
0
 66
1
 70
1
  0
VERTEX
  8
0
 10
385.000000
 20
128.500000
 42
0.150693
  0
VERTEX
  8
0
 10
385.199239
 20
127.853935
 42
0.125880
  0
VERTEX
  8
0
 10
385.740164
 20
127.377508
 42
0.083267
  0
VERTEX
  8
0
 10
386.651999
 20
127.089949
 42
0.034849
  0
VERTEX
  8
0
 10
387.940983
 20
127.000000
 42
0.045364
  0
VERTEX
  8
0
 10
390.125703
 20
127.198623
 42
0.162968
  0
VERTEX
  8
0
 10
391.334983
 20
127.866222
 42
0.428661
  0
VERTEX
  8
0
 10
391.283390
 20
128.639031
 42
0.110047
  0
VERTEX
  8
0
 10
390.036700
 20
129.280152
 42
0.058323
  0
VERTEX
  8
0
 10
389.259612
 20
129.389078
 42
0.070343
  0
VERTEX
  8
0
 10
388.528237
 20
129.302593
 42
0.083241
  0
VERTEX
  8
0
 10
387.952449
 20
129.042515
 42
0.148917
  0
VERTEX
  8
0
 10
387.626895
 20
128.643842
 42
-0.019703
  0
VERTEX
  8
0
 10
387.402294
 20
128.152190
 42
-0.335346
  0
VERTEX
  8
0
 10
387.252172
 20
128.078604
 42
-0.320558
  0
VERTEX
  8
0
 10
387.134305
 20
128.202861
 42
-0.018882
  0
VERTEX
  8
0
 10
387.078947
 20
128.750000
 42
0.151538
  0
VERTEX
  8
0
 10
386.729600
 20
129.667361
 42
0.262231
  0
VERTEX
  8
0
 10
385.997122
 20
129.971223
 42
0.231455
  0
VERTEX
  8
0
 10
385.279257
 20
129.506444
 42
0.136162
  0
SEQEND
  0
POLYLINE
  8
0
 66
1
 70
1
  0
VERTEX
  8
0
 10
396.078947
 20
127.833333
 42
0.020304
  0
VERTEX
  8
0
 10
396.140646
 20
127.005860
 42
0.095997
  0
VERTEX
  8
0
 10
396.283477
 20
126.554434
 42
0.445506
  0
VERTEX
  8
0
 10
396.467502
 20
126.510427
 42
0.147067
  0
VERTEX
  8
0
 10
396.664358
 20
126.756231
 42
-0.091329
  0
VERTEX
  8
0
 10
396.937320
 20
127.186451
 42
-0.112484
  0
VERTEX
  8
0
 10
397.328816
 20
127.453849
 42
-0.119777
  0
VERTEX
  8
0
 10
397.777825
 20
127.515656
 42
-0.113470
  0
VERTEX
  8
0
 10
398.215142
 20
127.367035
 42
0.084655
  0
VERTEX
  8
0
 10
398.583884
 20
127.217756
 42
0.272128
  0
VERTEX
  8
0
 10
398.825904
 20
127.296786
 42
0.208212
  0
VERTEX
  8
0
 10
398.917145
 20
127.578495
 42
0.056162
  0
VERTEX
  8
0
 10
398.817232
 20
128.048304
 42
0.095185
  0
VERTEX
  8
0
 10
398.088345
 20
129.346659
 42
0.241485
  0
VERTEX
  8
0
 10
397.118821
 20
129.751495
 42
0.278530
  0
VERTEX
  8
0
 10
396.334156
 20
129.189376
 42
0.110368
  0
SEQEND
  0
POLYLINE
  8
0
 66
1
 70
1
  0
VERTEX
  8
0
 10
402.716542
 20
129.250000
 42
0.124680
  0
VERTEX
  8
0
 10
402.606319
 20
128.806180
 42
0.025000
  0
VERTEX
  8
0
 10
402.651185
 20
127.985938
 42
0.024996
  0
VERTEX
  8
0
 10
402.802962
 20
127.012116
 42
0.021057
  0
VERTEX
  8
0
 10
403.057845
 20
126.000000
 42
0.019669
  0
VERTEX
  8
0
 10
403.356659
 20
125.122302
 42
0.094210
  0
VERTEX
  8
0
 10
403.634200
 20
124.675000
 42
0.453975
  0
VERTEX
  8
0
 10
403.839549
 20
124.680077
 42
0.145219
  0
VERTEX
  8
0
 10
403.976831
 20
125.000000
 42
-0.006451
  0
VERTEX
  8
0
 10
404.068189
 20
125.699732
 42
-0.003321
  0
VERTEX
  8
0
 10
404.199674
 20
126.573437
 42
-0.003300
  0
VERTEX
  8
0
 10
404.346886
 20
127.470733
 42
-0.004982
  0
VERTEX
  8
0
 10
404.488027
 20
128.250000
 42
0.097455
  0
VERTEX
  8
0
 10
404.482573
 20
129.308410
 42
0.217705
  0
VERTEX
  8
0
 10
404.020048
 20
129.945221
 42
0.278104
  0
VERTEX
  8
0
 10
403.340578
 20
129.925788
 42
0.127738
  0
SEQEND
  0
POLYLINE
  8
0
 66
1
 70
1
  0
VERTEX
  8
0
 10
536.500000
 20
129.000000
 42
0.259199
  0
VERTEX
  8
0
 10
536.482113
 20
128.614279
 42
0.162984
  0
VERTEX
  8
0
 10
536.809017
 20
128.286475
 42
0.081563
  0
VERTEX
  8
0
 10
537.511996
 20
128.068338
 42
0.034543
  0
VERTEX
  8
0
 10
538.500000
 20
128.000000
 42
0.034543
  0
VERTEX
  8
0
 10
539.488004
 20
128.068338
 42
0.081563
  0
VERTEX
  8
0
 10
540.190983
 20
128.286475
 42
0.162984
  0
VERTEX
  8
0
 10
540.517887
 20
128.614279
 42
0.259199
  0
VERTEX
  8
0
 10
540.500000
 20
129.000000
 42
0.085235
  0
VERTEX
  8
0
 10
540.161812
 20
129.382774
 42
0.053414
  0
VERTEX
  8
0
 10
539.657561
 20
129.706250
 42
0.051777
  0
VERTEX
  8
0
 10
539.074463
 20
129.925853
 42
0.064269
  0
VERTEX
  8
0
 10
538.500000
 20
130.000000
 42
0.064269
  0
VERTEX
  8
0
 10
537.925537
 20
129.925853
 42
0.051777
  0
VERTEX
  8
0
 10
537.342439
 20
129.706250
 42
0.053414
  0
VERTEX
  8
0
 10
536.838188
 20
129.382774
 42
0.085235
  0
SEQEND
  0
POLYLINE
  8
0
 66
1
 70
1
  0
VERTEX
  8
0
 10
393.000000
 20
128.059017
 42
0.088797
  0
VERTEX
  8
0
 10
393.072509
 20
127.653950
 42
0.053277
  0
VERTEX
  8
0
 10
393.290385
 20
127.214980
 42
0.051183
  0
VERTEX
  8
0
 10
393.610411
 20
126.810572
 42
0.061454
  0
VERTEX
  8
0
 10
393.988546
 20
126.507079
 42
0.114400
  0
VERTEX
  8
0
 10
394.325929
 20
126.393111
 42
0.329480
  0
VERTEX
  8
0
 10
394.525685
 20
126.512472
 42
0.155351
  0
VERTEX
  8
0
 10
394.556862
 20
126.868281
 42
0.036408
  0
VERTEX
  8
0
 10
394.381557
 20
127.448062
 42
0.029964
  0
VERTEX
  8
0
 10
393.894727
 20
128.519970
 42
0.168622
  0
VERTEX
  8
0
 10
393.441482
 20
128.942608
 42
0.444011
  0
VERTEX
  8
0
 10
393.117673
 20
128.798253
 42
0.079093
  0
SEQEND
  0
POLYLINE
  8
0
 66
1
 70
1
  0
VERTEX
  8
0
 10
536.000000
 20
125.893011
 42
0.158089
  0
VERTEX
  8
0
 10
536.121257
 20
125.519085
 42
0.151946
  0
VERTEX
  8
0
 10
536.440625
 20
125.280284
 42
0.112257
  0
VERTEX
  8
0
 10
536.926101
 20
125.223280
 42
0.065020
  0
VERTEX
  8
0
 10
537.500000
 20
125.361626
 42
-0.117839
  0
VERTEX
  8
0
 10
538.500926
 20
125.494329
 42
-0.343135
  0
VERTEX
  8
0
 10
538.972635
 20
125.042500
 42
-0.242943
  0
VERTEX
  8
0
 10
538.711313
 20
124.281611
 42
-0.094747
  0
VERTEX
  8
0
 10
537.750000
 20
123.659464
 42
0.068328
  0
VERTEX
  8
0
 10
537.228916
 20
123.359790
 42
0.274217
  0
VERTEX
  8
0
 10
537.098943
 20
123.031686
 42
0.172412
  0
VERTEX
  8
0
 10
537.313735
 20
122.638110
 42
0.028560
  0
VERTEX
  8
0
 10
538.000000
 20
122.091444
 42
0.038178
  0
VERTEX
  8
0
 10
539.544492
 20
121.167244
 42
0.263216
  0
VERTEX
  8
0
 10
540.394547
 20
121.211355
 42
0.225558
  0
VERTEX
  8
0
 10
540.882387
 20
121.988600
 42
0.029212
  0
VERTEX
  8
0
 10
541.000000
 20
124.000000
 42
0.030103
  0
VERTEX
  8
0
 10
540.902765
 20
125.613599
 42
0.144586
  0
VERTEX
  8
0
 10
540.541667
 20
126.450000
 42
0.173074
  0
VERTEX
  8
0
 10
539.824437
 20
126.873428
 42
0.047675
  0
VERTEX
  8
0
 10
538.500000
 20
127.000000
 42
0.042346
  0
VERTEX
  8
0
 10
537.542888
 20
126.918794
 42
0.061970
  0
VERTEX
  8
0
 10
536.734375
 20
126.674822
 42
0.081387
  0
VERTEX
  8
0
 10
536.186274
 20
126.316301
 42
0.210300
  0
SEQEND
  0
POLYLINE
  8
0
 66
1
 70
1
  0
VERTEX
  8
0
 10
401.625000
 20
122.202254
 42
0.131214
  0
VERTEX
  8
0
 10
401.501528
 20
121.792440
 42
0.054724
  0
VERTEX
  8
0
 10
401.546664
 20
121.212247
 42
0.049042
  0
VERTEX
  8
0
 10
401.735720
 20
120.566910
 42
0.045296
  0
VERTEX
  8
0
 10
402.050670
 20
119.952254
 42
-0.100316
  0
VERTEX
  8
0
 10
402.847230
 20
117.861965
 42
-0.342747
  0
VERTEX
  8
0
 10
402.198775
 20
116.664386
 42
-0.095997
  0
VERTEX
  8
0
 10
399.726152
 20
116.104393
 42
-0.007828
  0
VERTEX
  8
0
 10
393.059017
 20
116.000000
 42
0.009181
  0
VERTEX
  8
0
 10
389.166117
 20
115.928509
 42
0.014426
  0
VERTEX
  8
0
 10
385.828131
 20
115.709309
 42
0.009291
  0
VERTEX
  8
0
 10
383.121314
 20
115.402115
 42
0.225099
  0
VERTEX
  8
0
 10
382.500000
 20
115.000000
 42
-0.064557
  0
VERTEX
  8
0
 10
382.189074
 20
114.617473
 42
-0.051832
  0
VERTEX
  8
0
 10
381.768309
 20
114.293750
 42
-0.053422
  0
VERTEX
  8
0
 10
381.307132
 20
114.073550
 42
-0.084884
  0
VERTEX
  8
0
 10
380.877013
 20
114.000000
 42
-0.396125
  0
VERTEX
  8
0
 10
380.177370
 20
114.657457
 42
-0.037029
  0
VERTEX
  8
0
 10
380.208102
 20
117.245434
 42
-0.037393
  0
VERTEX
  8
0
 10
380.646252
 20
119.949284
 42
-0.177264
  0
VERTEX
  8
0
 10
381.500000
 20
121.234687
 42
0.114236
  0
VERTEX
  8
0
 10
381.744438
 20
121.519256
 42
0.327951
  0
VERTEX
  8
0
 10
381.707350
 20
121.762025
 42
0.157676
  0
VERTEX
  8
0
 10
381.375158
 20
121.931864
 42
0.037791
  0
VERTEX
  8
0
 10
380.750000
 20
121.984687
 42
0.138828
  0
VERTEX
  8
0
 10
379.887232
 20
121.748560
 42
0.165413
  0
VERTEX
  8
0
 10
379.346372
 20
121.106300
 42
0.078215
  0
VERTEX
  8
0
 10
379.070230
 20
119.847402
 42
0.014956
  0
VERTEX
  8
0
 10
379.000000
 20
117.500000
 42
0.000000
  0
VERTEX
  8
0
 10
379.000000
 20
113.000000
 42
0.000000
  0
VERTEX
  8
0
 10
397.500000
 20
113.000000
 42
-0.003294
  0
VERTEX
  8
0
 10
406.159529
 20
112.942945
 42
-0.012098
  0
VERTEX
  8
0
 10
411.636261
 20
112.738176
 42
-0.010031
  0
VERTEX
  8
0
 10
415.346009
 20
112.434686
 42
-0.448907
  0
VERTEX
  8
0
 10
415.750000
 20
111.875000
 42
0.109334
  0
VERTEX
  8
0
 10
415.749598
 20
111.410651
 42
0.086873
  0
VERTEX
  8
0
 10
415.940825
 20
110.945767
 42
0.082071
  0
VERTEX
  8
0
 10
416.291782
 20
110.551488
 42
0.082250
  0
VERTEX
  8
0
 10
416.750680
 20
110.291440
 42
0.086393
  0
VERTEX
  8
0
 10
417.240129
 20
110.202845
 42
0.270916
  0
VERTEX
  8
0
 10
417.518719
 20
110.363250
 42
0.180780
  0
VERTEX
  8
0
 10
417.583372
 20
110.759962
 42
0.042591
  0
VERTEX
  8
0
 10
417.393691
 20
111.416440
 42
-0.085124
  0
VERTEX
  8
0
 10
417.244904
 20
112.163585
 42
-0.224910
  0
VERTEX
  8
0
 10
417.459645
 20
112.650024
 42
-0.146509
  0
VERTEX
  8
0
 10
418.071317
 20
112.924402
 42
-0.032691
  0
VERTEX
  8
0
 10
419.226345
 20
113.000000
 42
0.049754
  0
VERTEX
  8
0
 10
420.221882
 20
113.099310
 42
0.085181
  0
VERTEX
  8
0
 10
420.998425
 20
113.399435
 42
0.112369
  0
VERTEX
  8
0
 10
421.489000
 20
113.868096
 42
0.147159
  0
VERTEX
  8
0
 10
421.666667
 20
114.458680
 42
0.110040
  0
VERTEX
  8
0
 10
421.544745
 20
115.005959
 42
0.107783
  0
VERTEX
  8
0
 10
421.201563
 20
115.454467
 42
0.102880
  0
VERTEX
  8
0
 10
420.687685
 20
115.733791
 42
0.091929
  0
VERTEX
  8
0
 10
420.083333
 20
115.800236
 42
-0.017714
  0
VERTEX
  8
0
 10
419.093609
 20
115.762199
 42
-0.001899
  0
VERTEX
  8
0
 10
416.796982
 20
115.764060
 42
-0.002336
  0
VERTEX
  8
0
 10
414.061318
 20
115.789451
 42
-0.001878
  0
VERTEX
  8
0
 10
411.119158
 20
115.841556
 42
0.000000
  0
VERTEX
  8
0
 10
403.738315
 20
116.000000
 42
0.000000
  0
VERTEX
  8
0
 10
404.306287
 20
119.500000
 42
0.019282
  0
VERTEX
  8
0
 10
404.513704
 20
121.187285
 42
0.077962
  0
VERTEX
  8
0
 10
404.439508
 20
122.218108
 42
0.161969
  0
VERTEX
  8
0
 10
404.095565
 20
122.780844
 42
0.177075
  0
VERTEX
  8
0
 10
403.496146
 20
123.000000
 42
0.052325
  0
VERTEX
  8
0
 10
402.932426
 20
122.940845
 42
0.048512
  0
VERTEX
  8
0
 10
402.378026
 20
122.765662
 42
0.051919
  0
VERTEX
  8
0
 10
401.913781
 20
122.507960
 42
0.102033
  0
SEQEND
  0
POLYLINE
  8
0
 66
1
 70
1
  0
VERTEX
  8
0
 10
404.250000
 20
114.337719
 42
-0.057986
  0
VERTEX
  8
0
 10
403.679992
 20
114.181385
 42
-0.037979
  0
VERTEX
  8
0
 10
403.000000
 20
114.129660
 42
-0.037979
  0
VERTEX
  8
0
 10
402.320008
 20
114.181385
 42
-0.057986
  0
VERTEX
  8
0
 10
401.750000
 20
114.337719
 42
-0.174857
  0
VERTEX
  8
0
 10
401.540618
 20
114.525001
 42
-0.447206
  0
VERTEX
  8
0
 10
401.601562
 20
114.693942
 42
-0.078554
  0
VERTEX
  8
0
 10
402.108560
 20
114.810911
 42
-0.017491
  0
VERTEX
  8
0
 10
403.000000
 20
114.842105
 42
-0.017491
  0
VERTEX
  8
0
 10
403.891440
 20
114.810911
 42
-0.078554
  0
VERTEX
  8
0
 10
404.398438
 20
114.693942
 42
-0.447206
  0
VERTEX
  8
0
 10
404.459382
 20
114.525001
 42
-0.174857
  0
SEQEND
  0
POLYLINE
  8
0
 66
1
 70
1
  0
VERTEX
  8
0
 10
416.729167
 20
114.395833
 42
-0.126455
  0
VERTEX
  8
0
 10
416.402231
 20
114.202593
 42
-0.060344
  0
VERTEX
  8
0
 10
415.916927
 20
114.123424
 42
-0.054150
  0
VERTEX
  8
0
 10
415.359369
 20
114.160852
 42
-0.051402
  0
VERTEX
  8
0
 10
414.812500
 20
114.316886
 42
-0.054073
  0
VERTEX
  8
0
 10
414.395823
 20
114.538436
 42
-0.470617
  0
VERTEX
  8
0
 10
414.378580
 20
114.720685
 42
-0.168741
  0
VERTEX
  8
0
 10
414.670344
 20
114.862007
 42
-0.018894
  0
VERTEX
  8
0
 10
415.416667
 20
114.921053
 42
-0.028489
  0
VERTEX
  8
0
 10
416.112848
 20
114.910055
 42
-0.077125
  0
VERTEX
  8
0
 10
416.592839
 20
114.799335
 42
-0.208169
  0
VERTEX
  8
0
 10
416.775380
 20
114.614691
 42
-0.296942
  0
SEQEND
  0
POLYLINE
  8
0
 66
1
 70
1
  0
VERTEX
  8
0
 10
537.032668
 20
121.000000
 42
0.057388
  0
VERTEX
  8
0
 10
536.595579
 20
119.387544
 42
0.074733
  0
VERTEX
  8
0
 10
536.594248
 20
117.859988
 42
0.125715
  0
VERTEX
  8
0
 10
536.999241
 20
116.897895
 42
0.333792
  0
VERTEX
  8
0
 10
537.674360
 20
116.705282
 42
-0.066670
  0
VERTEX
  8
0
 10
538.181470
 20
116.825766
 42
-0.114255
  0
VERTEX
  8
0
 10
538.610593
 20
116.770798
 42
-0.152295
  0
VERTEX
  8
0
 10
538.893070
 20
116.552836
 42
-0.154036
  0
VERTEX
  8
0
 10
539.000000
 20
116.213978
 42
-0.127210
  0
VERTEX
  8
0
 10
538.890079
 20
115.788921
 42
-0.063761
  0
VERTEX
  8
0
 10
538.559375
 20
115.338644
 42
-0.057041
  0
VERTEX
  8
0
 10
538.073678
 20
114.932844
 42
-0.053965
  0
VERTEX
  8
0
 10
537.500000
 20
114.638374
 42
0.058059
  0
VERTEX
  8
0
 10
536.926395
 20
114.337999
 42
0.058994
  0
VERTEX
  8
0
 10
536.440625
 20
113.915170
 42
0.065055
  0
VERTEX
  8
0
 10
536.110590
 20
113.439710
 42
0.119781
  0
VERTEX
  8
0
 10
536.000000
 20
112.984700
 42
0.550811
  0
VERTEX
  8
0
 10
536.611473
 20
112.598037
 42
0.051401
  0
VERTEX
  8
0
 10
538.469811
 20
113.726625
 42
0.037148
  0
VERTEX
  8
0
 10
540.417345
 20
115.444248
 42
0.189379
  0
VERTEX
  8
0
 10
540.968575
 20
116.750000
 42
0.114178
  0
VERTEX
  8
0
 10
540.870822
 20
117.226756
 42
0.103024
  0
VERTEX
  8
0
 10
540.571683
 20
117.632812
 42
0.096372
  0
VERTEX
  8
0
 10
540.115684
 20
117.905157
 42
0.086777
  0
VERTEX
  8
0
 10
539.573324
 20
118.000000
 42
-0.112012
  0
VERTEX
  8
0
 10
538.993792
 20
118.131478
 42
-0.075733
  0
VERTEX
  8
0
 10
538.431396
 20
118.514062
 42
-0.070280
  0
VERTEX
  8
0
 10
537.971018
 20
119.081133
 42
-0.071619
  0
VERTEX
  8
0
 10
537.689326
 20
119.750000
 42
0.016531
  0
VERTEX
  8
0
 10
537.499683
 20
120.388602
 42
0.040515
  0
VERTEX
  8
0
 10
537.307787
 20
120.839063
 42
0.104597
  0
VERTEX
  8
0
 10
537.148725
 20
121.030949
 42
0.502211
  0
SEQEND
  0
POLYLINE
  8
0
 66
1
 70
1
  0
VERTEX
  8
0
 10
549.812500
 20
118.316886
 42
0.051402
  0
VERTEX
  8
0
 10
550.359369
 20
118.160852
 42
0.054150
  0
VERTEX
  8
0
 10
550.916927
 20
118.123424
 42
0.060344
  0
VERTEX
  8
0
 10
551.402231
 20
118.202593
 42
0.126455
  0
VERTEX
  8
0
 10
551.729167
 20
118.395833
 42
0.296942
  0
VERTEX
  8
0
 10
551.775380
 20
118.614691
 42
0.208169
  0
VERTEX
  8
0
 10
551.592839
 20
118.799335
 42
0.077125
  0
VERTEX
  8
0
 10
551.112848
 20
118.910055
 42
0.028489
  0
VERTEX
  8
0
 10
550.416667
 20
118.921053
 42
0.018894
  0
VERTEX
  8
0
 10
549.670344
 20
118.862007
 42
0.168741
  0
VERTEX
  8
0
 10
549.378580
 20
118.720685
 42
0.470617
  0
VERTEX
  8
0
 10
549.395823
 20
118.538436
 42
0.054073
  0
SEQEND
  0
POLYLINE
  8
0
 66
1
 70
1
  0
VERTEX
  8
0
 10
539.000000
 20
112.031385
 42
0.184534
  0
VERTEX
  8
0
 10
539.122486
 20
111.710807
 42
0.147206
  0
VERTEX
  8
0
 10
539.440625
 20
111.516384
 42
0.100118
  0
VERTEX
  8
0
 10
539.925634
 20
111.488865
 42
0.055937
  0
VERTEX
  8
0
 10
540.500000
 20
111.638374
 42
0.021360
  0
VERTEX
  8
0
 10
541.074558
 20
111.887494
 42
0.030395
  0
VERTEX
  8
0
 10
541.559375
 20
112.160341
 42
0.030693
  0
VERTEX
  8
0
 10
541.912889
 20
112.420671
 42
0.222225
  0
VERTEX
  8
0
 10
542.000000
 20
112.606989
 42
0.289661
  0
VERTEX
  8
0
 10
541.903916
 20
112.758929
 42
0.046727
  0
VERTEX
  8
0
 10
541.559375
 20
112.884553
 42
0.039339
  0
VERTEX
  8
0
 10
541.074824
 20
112.971531
 42
0.024748
  0
VERTEX
  8
0
 10
540.500000
 20
113.000000
 42
0.062722
  0
VERTEX
  8
0
 10
539.926468
 20
112.927770
 42
0.080880
  0
VERTEX
  8
0
 10
539.440625
 20
112.715469
 42
0.098158
  0
VERTEX
  8
0
 10
539.115494
 20
112.400789
 42
0.152681
  0
SEQEND
  0
POLYLINE
  8
0
 66
1
 70
1
  0
VERTEX
  8
0
 10
553.500000
 20
110.000000
 42
0.029505
  0
VERTEX
  8
0
 10
553.768994
 20
109.617226
 42
0.035638
  0
VERTEX
  8
0
 10
554.066025
 20
109.293750
 42
0.038439
  0
VERTEX
  8
0
 10
554.348290
 20
109.065539
 42
0.151918
  0
VERTEX
  8
0
 10
554.559017
 20
109.000000
 42
0.210953
  0
VERTEX
  8
0
 10
554.727648
 20
109.074460
 42
0.081139
  0
VERTEX
  8
0
 10
554.870461
 20
109.293750
 42
0.061769
  0
VERTEX
  8
0
 10
554.967655
 20
109.617151
 42
0.042167
  0
VERTEX
  8
0
 10
555.000000
 20
110.000000
 42
0.105053
  0
VERTEX
  8
0
 10
554.918938
 20
110.381556
 42
0.099167
  0
VERTEX
  8
0
 10
554.688914
 20
110.706250
 42
0.096420
  0
VERTEX
  8
0
 10
554.345238
 20
110.923877
 42
0.093332
  0
VERTEX
  8
0
 10
553.940983
 20
111.000000
 42
0.108972
  0
VERTEX
  8
0
 10
553.586039
 20
110.921712
 42
0.182303
  0
VERTEX
  8
0
 10
553.374600
 20
110.706250
 42
0.161196
  0
VERTEX
  8
0
 10
553.343488
 20
110.382100
 42
0.082592
  0
SEQEND
  0
POLYLINE
  8
0
 66
1
 70
1
  0
VERTEX
  8
0
 10
152.099202
 20
108.567465
 42
0.193357
  0
VERTEX
  8
0
 10
153.271584
 20
108.067086
 42
0.002517
  0
VERTEX
  8
0
 10
161.400671
 20
107.934052
 42
0.002465
  0
VERTEX
  8
0
 10
169.541325
 20
107.881961
 42
0.199294
  0
VERTEX
  8
0
 10
170.690174
 20
108.356841
 42
0.633002
  0
VERTEX
  8
0
 10
170.598636
 20
108.612952
 42
0.007248
  0
VERTEX
  8
0
 10
168.255864
 20
108.811072
 42
0.011324
  0
VERTEX
  8
0
 10
165.227336
 20
108.954195
 42
0.006144
  0
VERTEX
  8
0
 10
161.500000
 20
109.000000
 42
0.004129
  0
VERTEX
  8
0
 10
157.758615
 20
108.969102
 42
0.007365
  0
VERTEX
  8
0
 10
154.682266
 20
108.872943
 42
0.003078
  0
VERTEX
  8
0
 10
152.165459
 20
108.741611
 42
0.647301
  0
SEQEND
  0
POLYLINE
  8
0
 66
1
 70
1
  0
VERTEX
  8
0
 10
554.812500
 20
107.316886
 42
0.051402
  0
VERTEX
  8
0
 10
555.359369
 20
107.160852
 42
0.054150
  0
VERTEX
  8
0
 10
555.916927
 20
107.123424
 42
0.060344
  0
VERTEX
  8
0
 10
556.402231
 20
107.202593
 42
0.126455
  0
VERTEX
  8
0
 10
556.729167
 20
107.395833
 42
0.296942
  0
VERTEX
  8
0
 10
556.775380
 20
107.614691
 42
0.208169
  0
VERTEX
  8
0
 10
556.592839
 20
107.799335
 42
0.077125
  0
VERTEX
  8
0
 10
556.112848
 20
107.910055
 42
0.028489
  0
VERTEX
  8
0
 10
555.416667
 20
107.921053
 42
0.018894
  0
VERTEX
  8
0
 10
554.670344
 20
107.862007
 42
0.168741
  0
VERTEX
  8
0
 10
554.378580
 20
107.720685
 42
0.470617
  0
VERTEX
  8
0
 10
554.395823
 20
107.538436
 42
0.054073
  0
SEQEND
  0
POLYLINE
  8
0
 66
1
 70
1
  0
VERTEX
  8
0
 10
550.000000
 20
103.000000
 42
0.027275
  0
VERTEX
  8
0
 10
549.445888
 20
102.597454
 42
0.147021
  0
VERTEX
  8
0
 10
549.239151
 20
102.292684
 42
0.379910
  0
VERTEX
  8
0
 10
549.327599
 20
102.095709
 42
0.102799
  0
VERTEX
  8
0
 10
549.690983
 20
102.015313
 42
0.074131
  0
VERTEX
  8
0
 10
550.192374
 20
102.083483
 42
0.053889
  0
VERTEX
  8
0
 10
550.713662
 20
102.298248
 42
0.054031
  0
VERTEX
  8
0
 10
551.175433
 20
102.618541
 42
0.075854
  0
VERTEX
  8
0
 10
551.500000
 20
103.000000
 42
0.034464
  0
VERTEX
  8
0
 10
551.886554
 20
103.734105
 42
0.541951
  0
VERTEX
  8
0
 10
551.758161
 20
103.931144
 42
0.136158
  0
VERTEX
  8
0
 10
551.281145
 20
103.798791
 42
0.008108
  0
SEQEND
  0
POLYLINE
  8
0
 66
1
 70
1
  0
VERTEX
  8
0
 10
84.000000
 20
97.000000
 42
0.123684
  0
VERTEX
  8
0
 10
84.096112
 20
96.617406
 42
0.099425
  0
VERTEX
  8
0
 10
84.367188
 20
96.289252
 42
0.089546
  0
VERTEX
  8
0
 10
84.772489
 20
96.065963
 42
0.078330
  0
VERTEX
  8
0
 10
85.250000
 20
95.984687
 42
-0.066727
  0
VERTEX
  8
0
 10
85.704915
 20
95.918023
 42
-0.405416
  0
VERTEX
  8
0
 10
85.812500
 20
95.730859
 42
-0.167501
  0
VERTEX
  8
0
 10
85.621859
 20
95.440231
 42
-0.021149
  0
VERTEX
  8
0
 10
85.000000
 20
95.000000
 42
0.018490
  0
VERTEX
  8
0
 10
84.342719
 20
94.539919
 42
0.178005
  0
VERTEX
  8
0
 10
84.161374
 20
94.257488
 42
0.412224
  0
VERTEX
  8
0
 10
84.276371
 20
94.075495
 42
0.053381
  0
VERTEX
  8
0
 10
84.781385
 20
94.015313
 42
0.104079
  0
VERTEX
  8
0
 10
85.314083
 20
94.120781
 42
0.067668
  0
VERTEX
  8
0
 10
85.854799
 20
94.443436
 42
0.063756
  0
VERTEX
  8
0
 10
86.321232
 20
94.924147
 42
0.069255
  0
VERTEX
  8
0
 10
86.636170
 20
95.494256
 42
-0.076338
  0
VERTEX
  8
0
 10
86.934258
 20
96.016344
 42
-0.105235
  0
VERTEX
  8
0
 10
87.349490
 20
96.359000
 42
-0.124177
  0
VERTEX
  8
0
 10
87.814579
 20
96.469440
 42
-0.135731
  0
VERTEX
  8
0
 10
88.259293
 20
96.339748
 42
0.041716
  0
VERTEX
  8
0
 10
88.642387
 20
96.145058
 42
0.356812
  0
VERTEX
  8
0
 10
88.813508
 20
96.197739
 42
0.260615
  0
VERTEX
  8
0
 10
88.829816
 20
96.409684
 42
0.030129
  0
VERTEX
  8
0
 10
88.595492
 20
96.845492
 42
0.167887
  0
VERTEX
  8
0
 10
87.605537
 20
97.653506
 42
0.079735
  0
VERTEX
  8
0
 10
85.969876
 20
97.972732
 42
0.095120
  0
VERTEX
  8
0
 10
84.523634
 20
97.745179
 42
0.316215
  0
SEQEND
  0
POLYLINE
  8
0
 66
1
 70
1
  0
VERTEX
  8
0
 10
549.510081
 20
95.983688
 42
0.090427
  0
VERTEX
  8
0
 10
549.820631
 20
95.639411
 42
0.095498
  0
VERTEX
  8
0
 10
550.227140
 20
95.434921
 42
0.099685
  0
VERTEX
  8
0
 10
550.665803
 20
95.401101
 42
0.108373
  0
VERTEX
  8
0
 10
551.069098
 20
95.542705
 42
0.050477
  0
VERTEX
  8
0
 10
551.838655
 20
96.133140
 42
0.315493
  0
VERTEX
  8
0
 10
551.933879
 20
96.592818
 42
0.257010
  0
VERTEX
  8
0
 10
551.519563
 20
96.914842
 42
0.039415
  0
VERTEX
  8
0
 10
550.440983
 20
97.000000
 42
0.067432
  0
VERTEX
  8
0
 10
549.890269
 20
96.925389
 42
0.140899
  0
VERTEX
  8
0
 10
549.524436
 20
96.701458
 42
0.190788
  0
VERTEX
  8
0
 10
549.397824
 20
96.369640
 42
0.136093
  0
SEQEND
  0
POLYLINE
  8
0
 66
1
 70
1
  0
VERTEX
  8
0
 10
87.000000
 20
91.622445
 42
0.184603
  0
VERTEX
  8
0
 10
87.081150
 20
91.410139
 42
0.013803
  0
VERTEX
  8
0
 10
87.514062
 20
90.952641
 42
0.017649
  0
VERTEX
  8
0
 10
88.079598
 20
90.425681
 42
0.012436
  0
VERTEX
  8
0
 10
88.750000
 20
89.872445
 42
0.001576
  0
VERTEX
  8
0
 10
89.879507
 20
88.992360
 42
0.377591
  0
VERTEX
  8
0
 10
90.000000
 20
89.000000
 42
0.377591
  0
VERTEX
  8
0
 10
90.007640
 20
89.120493
 42
0.001576
  0
VERTEX
  8
0
 10
89.127555
 20
90.250000
 42
0.017685
  0
VERTEX
  8
0
 10
88.236680
 20
91.306759
 42
0.065617
  0
VERTEX
  8
0
 10
87.573889
 20
91.869516
 42
0.241985
  0
VERTEX
  8
0
 10
87.193395
 20
91.906950
 42
0.307699
  0
SEQEND
  0
POLYLINE
  8
0
 66
1
 70
1
  0
VERTEX
  8
0
 10
83.495635
 20
87.992937
 42
0.297796
  0
VERTEX
  8
0
 10
83.516867
 20
87.153619
 42
0.139875
  0
VERTEX
  8
0
 10
84.392312
 20
86.433007
 42
0.101471
  0
VERTEX
  8
0
 10
85.764834
 20
86.142627
 42
0.140875
  0
VERTEX
  8
0
 10
86.968425
 20
86.480485
 42
0.086192
  0
VERTEX
  8
0
 10
87.331173
 20
86.802209
 42
0.093967
  0
VERTEX
  8
0
 10
87.551012
 20
87.218446
 42
0.100284
  0
VERTEX
  8
0
 10
87.595054
 20
87.663497
 42
0.113563
  0
VERTEX
  8
0
 10
87.457295
 20
88.069098
 42
0.156901
  0
VERTEX
  8
0
 10
86.666002
 20
88.743695
 42
0.103850
  0
VERTEX
  8
0
 10
85.483348
 20
88.968366
 42
0.102435
  0
VERTEX
  8
0
 10
84.296528
 20
88.698754
 42
0.148498
  0
SEQEND
  0
POLYLINE
  8
0
 66
1
 70
1
  0
VERTEX
  8
0
 10
416.183333
 20
87.783333
 42
0.051620
  0
VERTEX
  8
0
 10
415.366236
 20
86.777536
 42
0.119354
  0
VERTEX
  8
0
 10
415.042368
 20
85.866368
 42
0.228167
  0
VERTEX
  8
0
 10
415.260421
 20
85.259077
 42
0.196840
  0
VERTEX
  8
0
 10
415.893011
 20
85.000000
 42
0.233853
  0
VERTEX
  8
0
 10
416.603661
 20
85.351603
 42
0.047063
  0
VERTEX
  8
0
 10
417.372702
 20
86.584142
 42
0.047131
  0
VERTEX
  8
0
 10
417.890698
 20
87.921260
 42
0.271598
  0
VERTEX
  8
0
 10
417.706872
 20
88.626461
 42
0.276799
  0
VERTEX
  8
0
 10
417.497024
 20
88.679000
 42
0.052723
  0
VERTEX
  8
0
 10
417.118998
 20
88.519127
 42
0.042823
  0
VERTEX
  8
0
 10
416.661435
 20
88.212071
 42
0.027197
  0
SEQEND
  0
POLYLINE
  8
0
 66
1
 70
1
  0
VERTEX
  8
0
 10
539.984687
 20
87.250000
 42
-0.012258
  0
VERTEX
  8
0
 10
539.952752
 20
86.290329
 42
-0.316514
  0
VERTEX
  8
0
 10
539.799661
 20
86.097435
 42
-0.321396
  0
VERTEX
  8
0
 10
539.568858
 20
86.177801
 42
-0.012468
  0
VERTEX
  8
0
 10
539.039060
 20
86.971040
 42
0.050682
  0
VERTEX
  8
0
 10
538.634892
 20
87.486257
 42
0.082329
  0
VERTEX
  8
0
 10
538.189764
 20
87.817700
 42
0.117288
  0
VERTEX
  8
0
 10
537.777113
 20
87.919662
 42
0.201182
  0
VERTEX
  8
0
 10
537.454237
 20
87.787571
 42
0.220462
  0
VERTEX
  8
0
 10
537.158715
 20
86.981528
 42
0.141984
  0
VERTEX
  8
0
 10
537.519795
 20
86.035596
 42
0.113091
  0
VERTEX
  8
0
 10
538.427117
 20
85.273167
 42
0.118960
  0
VERTEX
  8
0
 10
539.559017
 20
85.000000
 42
0.137622
  0
VERTEX
  8
0
 10
540.108519
 20
85.154167
 42
0.100183
  0
VERTEX
  8
0
 10
540.576711
 20
85.587500
 42
0.086062
  0
VERTEX
  8
0
 10
540.891917
 20
86.235643
 42
0.070352
  0
VERTEX
  8
0
 10
541.000000
 20
87.000000
 42
0.023598
  0
VERTEX
  8
0
 10
540.963805
 20
87.766472
 42
0.037669
  0
VERTEX
  8
0
 10
540.853125
 20
88.412500
 42
0.043820
  0
VERTEX
  8
0
 10
540.693564
 20
88.874473
 42
0.295869
  0
VERTEX
  8
0
 10
540.500000
 20
89.000000
 42
0.275949
  0
VERTEX
  8
0
 10
540.306114
 20
88.884175
 42
0.051904
  0
VERTEX
  8
0
 10
540.142377
 20
88.485938
 42
0.042419
  0
VERTEX
  8
0
 10
540.026834
 20
87.920543
 42
0.027018
  0
SEQEND
  0
POLYLINE
  8
0
 66
1
 70
1
  0
VERTEX
  8
0
 10
145.000000
 20
85.875000
 42
0.053415
  0
VERTEX
  8
0
 10
145.117517
 20
84.778102
 42
0.212770
  0
VERTEX
  8
0
 10
145.508239
 20
84.245296
 42
0.154997
  0
VERTEX
  8
0
 10
146.262413
 20
84.083591
 42
0.025706
  0
VERTEX
  8
0
 10
147.750000
 20
84.304969
 42
0.010338
  0
VERTEX
  8
0
 10
148.942848
 20
84.571471
 42
0.007585
  0
VERTEX
  8
0
 10
150.254438
 20
84.914282
 42
0.007670
  0
VERTEX
  8
0
 10
151.486526
 20
85.276809
 42
0.016851
  0
VERTEX
  8
0
 10
152.414045
 20
85.599908
 42
-0.016591
  0
VERTEX
  8
0
 10
153.385722
 20
85.938957
 42
-0.221979
  0
VERTEX
  8
0
 10
153.750663
 20
85.889637
 42
-0.368925
  0
VERTEX
  8
0
 10
153.833078
 20
85.616181
 42
-0.032102
  0
VERTEX
  8
0
 10
153.472086
 20
84.919939
 42
0.008799
  0
VERTEX
  8
0
 10
153.009278
 20
84.120757
 42
0.553256
  0
VERTEX
  8
0
 10
153.074474
 20
84.002364
 42
0.182817
  0
VERTEX
  8
0
 10
153.312662
 20
84.077321
 42
0.003745
  0
VERTEX
  8
0
 10
154.308042
 20
84.872445
 42
0.013046
  0
VERTEX
  8
0
 10
154.956167
 20
85.426827
 42
0.018273
  0
VERTEX
  8
0
 10
155.502987
 20
85.957307
 42
0.014763
  0
VERTEX
  8
0
 10
155.918908
 20
86.417880
 42
0.178091
  0
VERTEX
  8
0
 10
156.000000
 20
86.638329
 42
0.436070
  0
VERTEX
  8
0
 10
155.514189
 20
87.089438
 42
0.015206
  0
VERTEX
  8
0
 10
152.660914
 20
86.790317
 42
0.017646
  0
VERTEX
  8
0
 10
149.811607
 20
86.300772
 42
0.192817
  0
VERTEX
  8
0
 10
148.861803
 20
85.669769
 42
-0.225359
  0
VERTEX
  8
0
 10
148.095569
 20
85.226928
 42
-0.157186
  0
VERTEX
  8
0
 10
147.107890
 20
85.459322
 42
-0.163743
  0
VERTEX
  8
0
 10
146.467759
 20
86.214275
 42
-0.237375
  0
VERTEX
  8
0
 10
146.542705
 20
87.069098
 42
0.090666
  0
VERTEX
  8
0
 10
146.681645
 20
87.424430
 42
0.169366
  0
VERTEX
  8
0
 10
146.637945
 20
87.726548
 42
0.176081
  0
VERTEX
  8
0
 10
146.418448
 20
87.928183
 42
0.098926
  0
VERTEX
  8
0
 10
146.059017
 20
88.000000
 42
0.191601
  0
VERTEX
  8
0
 10
145.654585
 20
87.839114
 42
0.088035
  0
VERTEX
  8
0
 10
145.311086
 20
87.375781
 42
0.067860
  0
VERTEX
  8
0
 10
145.078032
 20
86.688265
 42
0.047865
  0
SEQEND
  0
POLYLINE
  8
0
 66
1
 70
1
  0
VERTEX
  8
0
 10
157.078947
 20
84.416667
 42
0.018894
  0
VERTEX
  8
0
 10
157.137993
 20
83.670344
 42
0.168741
  0
VERTEX
  8
0
 10
157.279315
 20
83.378580
 42
0.470617
  0
VERTEX
  8
0
 10
157.461564
 20
83.395823
 42
0.054073
  0
VERTEX
  8
0
 10
157.683114
 20
83.812500
 42
0.051402
  0
VERTEX
  8
0
 10
157.839148
 20
84.359369
 42
0.054150
  0
VERTEX
  8
0
 10
157.876576
 20
84.916927
 42
0.060344
  0
VERTEX
  8
0
 10
157.797407
 20
85.402231
 42
0.126455
  0
VERTEX
  8
0
 10
157.604167
 20
85.729167
 42
0.296942
  0
VERTEX
  8
0
 10
157.385309
 20
85.775380
 42
0.208169
  0
VERTEX
  8
0
 10
157.200665
 20
85.592839
 42
0.077125
  0
VERTEX
  8
0
 10
157.089945
 20
85.112848
 42
0.028489
  0
SEQEND
  0
POLYLINE
  8
0
 66
1
 70
1
  0
VERTEX
  8
0
 10
483.812500
 20
85.316886
 42
0.051402
  0
VERTEX
  8
0
 10
484.359369
 20
85.160852
 42
0.054150
  0
VERTEX
  8
0
 10
484.916927
 20
85.123424
 42
0.060344
  0
VERTEX
  8
0
 10
485.402231
 20
85.202593
 42
0.126455
  0
VERTEX
  8
0
 10
485.729167
 20
85.395833
 42
0.296942
  0
VERTEX
  8
0
 10
485.775380
 20
85.614691
 42
0.208169
  0
VERTEX
  8
0
 10
485.592839
 20
85.799335
 42
0.077125
  0
VERTEX
  8
0
 10
485.112848
 20
85.910055
 42
0.028489
  0
VERTEX
  8
0
 10
484.416667
 20
85.921053
 42
0.018894
  0
VERTEX
  8
0
 10
483.670344
 20
85.862007
 42
0.168741
  0
VERTEX
  8
0
 10
483.378580
 20
85.720685
 42
0.470617
  0
VERTEX
  8
0
 10
483.395823
 20
85.538436
 42
0.054073
  0
SEQEND
  0
POLYLINE
  8
0
 66
1
 70
1
  0
VERTEX
  8
0
 10
498.750000
 20
85.337719
 42
0.057986
  0
VERTEX
  8
0
 10
499.320008
 20
85.181385
 42
0.037979
  0
VERTEX
  8
0
 10
500.000000
 20
85.129660
 42
0.037979
  0
VERTEX
  8
0
 10
500.679992
 20
85.181385
 42
0.057986
  0
VERTEX
  8
0
 10
501.250000
 20
85.337719
 42
0.174857
  0
VERTEX
  8
0
 10
501.459382
 20
85.525001
 42
0.447206
  0
VERTEX
  8
0
 10
501.398438
 20
85.693942
 42
0.078554
  0
VERTEX
  8
0
 10
500.891440
 20
85.810911
 42
0.017491
  0
VERTEX
  8
0
 10
500.000000
 20
85.842105
 42
0.017491
  0
VERTEX
  8
0
 10
499.108560
 20
85.810911
 42
0.078554
  0
VERTEX
  8
0
 10
498.601562
 20
85.693942
 42
0.447206
  0
VERTEX
  8
0
 10
498.540618
 20
85.525001
 42
0.174857
  0
SEQEND
  0
POLYLINE
  8
0
 66
1
 70
1
  0
VERTEX
  8
0
 10
483.750000
 20
84.252791
 42
0.005291
  0
VERTEX
  8
0
 10
478.861157
 20
84.081174
 42
0.008786
  0
VERTEX
  8
0
 10
474.745071
 20
83.820520
 42
0.003071
  0
VERTEX
  8
0
 10
471.270511
 20
83.517629
 42
0.386873
  0
VERTEX
  8
0
 10
470.999176
 20
83.220123
 42
-0.414003
  0
VERTEX
  8
0
 10
470.329494
 20
82.551490
 42
-0.000350
  0
VERTEX
  8
0
 10
445.018863
 20
82.579949
 42
-0.000493
  0
VERTEX
  8
0
 10
419.949165
 20
82.650407
 42
-0.197926
  0
VERTEX
  8
0
 10
418.350522
 20
83.316145
 42
0.087682
  0
VERTEX
  8
0
 10
417.976622
 20
83.577738
 42
0.037221
  0
VERTEX
  8
0
 10
417.402445
 20
83.794619
 42
0.035360
  0
VERTEX
  8
0
 10
416.739689
 20
83.940085
 42
0.038780
  0
VERTEX
  8
0
 10
416.083333
 20
83.984687
 42
0.012454
  0
VERTEX
  8
0
 10
415.179786
 20
83.953433
 42
0.372664
  0
VERTEX
  8
0
 10
415.028476
 20
83.805851
 42
0.267923
  0
VERTEX
  8
0
 10
415.134129
 20
83.580916
 42
0.008598
  0
VERTEX
  8
0
 10
416.000000
 20
83.000000
 42
-0.023197
  0
VERTEX
  8
0
 10
416.728886
 20
82.479509
 42
-0.409657
  0
VERTEX
  8
0
 10
416.762149
 20
82.218347
 42
-0.220444
  0
VERTEX
  8
0
 10
416.444209
 20
82.050422
 42
-0.011293
  0
VERTEX
  8
0
 10
415.250000
 20
82.015313
 42
-0.042523
  0
VERTEX
  8
0
 10
414.388595
 20
82.082804
 42
-0.062416
  0
VERTEX
  8
0
 10
413.660937
 20
82.298248
 42
-0.082215
  0
VERTEX
  8
0
 10
413.167975
 20
82.618823
 42
-0.210568
  0
VERTEX
  8
0
 10
413.000000
 20
83.000000
 42
0.105053
  0
VERTEX
  8
0
 10
412.918938
 20
83.381556
 42
0.099167
  0
VERTEX
  8
0
 10
412.688914
 20
83.706250
 42
0.096420
  0
VERTEX
  8
0
 10
412.345238
 20
83.923877
 42
0.093332
  0
VERTEX
  8
0
 10
411.940983
 20
84.000000
 42
0.108972
  0
VERTEX
  8
0
 10
411.586039
 20
83.921712
 42
0.182303
  0
VERTEX
  8
0
 10
411.374600
 20
83.706250
 42
0.161196
  0
VERTEX
  8
0
 10
411.343488
 20
83.382100
 42
0.082592
  0
VERTEX
  8
0
 10
411.500000
 20
83.000000
 42
-0.082592
  0
VERTEX
  8
0
 10
411.656512
 20
82.617900
 42
-0.161196
  0
VERTEX
  8
0
 10
411.625400
 20
82.293750
 42
-0.182303
  0
VERTEX
  8
0
 10
411.413961
 20
82.078288
 42
-0.108972
  0
VERTEX
  8
0
 10
411.059017
 20
82.000000
 42
-0.093332
  0
VERTEX
  8
0
 10
410.654762
 20
82.076123
 42
-0.096420
  0
VERTEX
  8
0
 10
410.311086
 20
82.293750
 42
-0.099167
  0
VERTEX
  8
0
 10
410.081062
 20
82.618444
 42
-0.105053
  0
VERTEX
  8
0
 10
410.000000
 20
83.000000
 42
0.230898
  0
VERTEX
  8
0
 10
409.646542
 20
83.724592
 42
0.201166
  0
VERTEX
  8
0
 10
408.825412
 20
83.948384
 42
0.107775
  0
VERTEX
  8
0
 10
407.627045
 20
83.516811
 42
0.056310
  0
VERTEX
  8
0
 10
406.380413
 20
82.523270
 42
0.509019
  0
VERTEX
  8
0
 10
406.502798
 20
81.746526
 42
0.091765
  0
VERTEX
  8
0
 10
408.166788
 20
81.250278
 42
0.020834
  0
VERTEX
  8
0
 10
412.415644
 20
80.973067
 42
0.002034
  0
VERTEX
  8
0
 10
422.701842
 20
80.773270
 42
0.002763
  0
VERTEX
  8
0
 10
431.446227
 20
80.687338
 42
0.001113
  0
VERTEX
  8
0
 10
443.391403
 20
80.662543
 42
0.001101
  0
VERTEX
  8
0
 10
456.255028
 20
80.692790
 42
0.001395
  0
VERTEX
  8
0
 10
468.141231
 20
80.780066
 42
0.001161
  0
VERTEX
  8
0
 10
485.680833
 20
80.998502
 42
0.016243
  0
VERTEX
  8
0
 10
491.985511
 20
81.296670
 42
0.047744
  0
VERTEX
  8
0
 10
495.139671
 20
81.854865
 42
0.267212
  0
VERTEX
  8
0
 10
496.297611
 20
83.030066
 42
0.004438
  0
VERTEX
  8
0
 10
496.484422
 20
83.771248
 42
0.009027
  0
VERTEX
  8
0
 10
496.615499
 20
84.357491
 42
0.009343
  0
VERTEX
  8
0
 10
496.691576
 20
84.768030
 42
0.793237
  0
VERTEX
  8
0
 10
496.656380
 20
84.782668
 42
-0.230115
  0
VERTEX
  8
0
 10
496.486746
 20
84.691157
 42
-0.000332
  0
VERTEX
  8
0
 10
492.800624
 20
84.537367
 42
-0.002564
  0
VERTEX
  8
0
 10
488.649652
 20
84.388264
 42
-0.001567
  0
SEQEND
  0
POLYLINE
  8
0
 66
1
 70
1
  0
VERTEX
  8
0
 10
474.729167
 20
82.395833
 42
-0.126455
  0
VERTEX
  8
0
 10
474.402231
 20
82.202593
 42
-0.060344
  0
VERTEX
  8
0
 10
473.916927
 20
82.123424
 42
-0.054150
  0
VERTEX
  8
0
 10
473.359369
 20
82.160852
 42
-0.051402
  0
VERTEX
  8
0
 10
472.812500
 20
82.316886
 42
-0.054073
  0
VERTEX
  8
0
 10
472.395823
 20
82.538436
 42
-0.470617
  0
VERTEX
  8
0
 10
472.378580
 20
82.720685
 42
-0.168741
  0
VERTEX
  8
0
 10
472.670344
 20
82.862007
 42
-0.018894
  0
VERTEX
  8
0
 10
473.416667
 20
82.921053
 42
-0.028489
  0
VERTEX
  8
0
 10
474.112848
 20
82.910055
 42
-0.077125
  0
VERTEX
  8
0
 10
474.592839
 20
82.799335
 42
-0.208169
  0
VERTEX
  8
0
 10
474.775380
 20
82.614691
 42
-0.296942
  0
SEQEND
  0
POLYLINE
  8
0
 66
1
 70
1
  0
VERTEX
  8
0
 10
479.250000
 20
82.337719
 42
-0.057986
  0
VERTEX
  8
0
 10
478.679992
 20
82.181385
 42
-0.037979
  0
VERTEX
  8
0
 10
478.000000
 20
82.129660
 42
-0.037979
  0
VERTEX
  8
0
 10
477.320008
 20
82.181385
 42
-0.057986
  0
VERTEX
  8
0
 10
476.750000
 20
82.337719
 42
-0.174857
  0
VERTEX
  8
0
 10
476.540618
 20
82.525001
 42
-0.447206
  0
VERTEX
  8
0
 10
476.601562
 20
82.693942
 42
-0.078554
  0
VERTEX
  8
0
 10
477.108560
 20
82.810911
 42
-0.017491
  0
VERTEX
  8
0
 10
478.000000
 20
82.842105
 42
-0.017491
  0
VERTEX
  8
0
 10
478.891440
 20
82.810911
 42
-0.078554
  0
VERTEX
  8
0
 10
479.398438
 20
82.693942
 42
-0.447206
  0
VERTEX
  8
0
 10
479.459382
 20
82.525001
 42
-0.174857
  0
SEQEND
  0
POLYLINE
  8
0
 66
1
 70
1
  0
VERTEX
  8
0
 10
491.750000
 20
82.271532
 42
-0.016375
  0
VERTEX
  8
0
 10
490.042668
 20
82.149287
 42
-0.009683
  0
VERTEX
  8
0
 10
488.000000
 20
82.109723
 42
-0.009683
  0
VERTEX
  8
0
 10
485.957332
 20
82.149287
 42
-0.016375
  0
VERTEX
  8
0
 10
484.250000
 20
82.271532
 42
-0.095407
  0
VERTEX
  8
0
 10
483.778855
 20
82.414420
 42
-0.741699
  0
VERTEX
  8
0
 10
483.804688
 20
82.548567
 42
-0.021699
  0
VERTEX
  8
0
 10
485.311593
 20
82.640349
 42
-0.004360
  0
VERTEX
  8
0
 10
488.000000
 20
82.663794
 42
-0.004360
  0
VERTEX
  8
0
 10
490.688407
 20
82.640349
 42
-0.021699
  0
VERTEX
  8
0
 10
492.195312
 20
82.548567
 42
-0.741699
  0
VERTEX
  8
0
 10
492.221145
 20
82.414420
 42
-0.095407
  0
SEQEND
  0
POLYLINE
  8
0
 66
1
 70
1
  0
VERTEX
  8
0
 10
372.000000
 20
82.904076
 42
0.016786
  0
VERTEX
  8
0
 10
371.119216
 20
82.623563
 42
0.086402
  0
VERTEX
  8
0
 10
370.675000
 20
82.372591
 42
0.500559
  0
VERTEX
  8
0
 10
370.682795
 20
82.195698
 42
0.131261
  0
VERTEX
  8
0
 10
371.000000
 20
82.084367
 42
-0.015776
  0
VERTEX
  8
0
 10
371.832893
 20
81.994012
 42
-0.360793
  0
VERTEX
  8
0
 10
371.983401
 20
81.828737
 42
-0.258257
  0
VERTEX
  8
0
 10
371.866957
 20
81.593303
 42
-0.010492
  0
VERTEX
  8
0
 10
371.047746
 20
81.050670
 42
-0.045296
  0
VERTEX
  8
0
 10
370.433090
 20
80.735720
 42
-0.049042
  0
VERTEX
  8
0
 10
369.787753
 20
80.546664
 42
-0.054724
  0
VERTEX
  8
0
 10
369.207560
 20
80.501528
 42
-0.131214
  0
VERTEX
  8
0
 10
368.797746
 20
80.625000
 42
0.111548
  0
VERTEX
  8
0
 10
368.494014
 20
80.729510
 42
0.183592
  0
VERTEX
  8
0
 10
368.234338
 20
80.662119
 42
0.159140
  0
VERTEX
  8
0
 10
368.059818
 20
80.426791
 42
0.080793
  0
VERTEX
  8
0
 10
368.000000
 20
80.059017
 42
-0.112234
  0
VERTEX
  8
0
 10
367.912660
 20
79.674818
 42
-0.125728
  0
VERTEX
  8
0
 10
367.669531
 20
79.384524
 42
-0.118598
  0
VERTEX
  8
0
 10
367.304309
 20
79.235525
 42
-0.092747
  0
VERTEX
  8
0
 10
366.875000
 20
79.250000
 42
0.117345
  0
VERTEX
  8
0
 10
366.408207
 20
79.243020
 42
0.087205
  0
VERTEX
  8
0
 10
365.936325
 20
79.030850
 42
0.080117
  0
VERTEX
  8
0
 10
365.531438
 20
78.648787
 42
0.076442
  0
VERTEX
  8
0
 10
365.259298
 20
78.152894
 42
0.060173
  0
VERTEX
  8
0
 10
365.113759
 20
77.528851
 42
0.407636
  0
VERTEX
  8
0
 10
365.291084
 20
77.302816
 42
0.144122
  0
VERTEX
  8
0
 10
365.770799
 20
77.377695
 42
0.012572
  0
VERTEX
  8
0
 10
366.884298
 20
77.938078
 42
-0.021106
  0
VERTEX
  8
0
 10
367.696211
 20
78.329468
 42
-0.040886
  0
VERTEX
  8
0
 10
368.378513
 20
78.559565
 42
-0.062500
  0
VERTEX
  8
0
 10
368.849011
 20
78.615675
 42
-0.412416
  0
VERTEX
  8
0
 10
369.000000
 20
78.463755
 42
0.480538
  0
VERTEX
  8
0
 10
369.127910
 20
78.361398
 42
0.082587
  0
VERTEX
  8
0
 10
369.461607
 20
78.496942
 42
0.040529
  0
VERTEX
  8
0
 10
369.967615
 20
78.867156
 42
0.018187
  0
VERTEX
  8
0
 10
370.571429
 20
79.428571
 42
-0.083080
  0
VERTEX
  8
0
 10
371.417167
 20
80.031865
 42
-0.037349
  0
VERTEX
  8
0
 10
372.688393
 20
80.538393
 42
-0.035644
  0
VERTEX
  8
0
 10
374.143466
 20
80.884085
 42
-0.040521
  0
VERTEX
  8
0
 10
375.571429
 20
81.000000
 42
0.024332
  0
VERTEX
  8
0
 10
376.885338
 20
81.063978
 42
0.038737
  0
VERTEX
  8
0
 10
377.992857
 20
81.259505
 42
0.045681
  0
VERTEX
  8
0
 10
378.781940
 20
81.541725
 42
0.291896
  0
VERTEX
  8
0
 10
379.000000
 20
81.883423
 42
0.309207
  0
VERTEX
  8
0
 10
378.447871
 20
82.690877
 42
0.056681
  0
VERTEX
  8
0
 10
376.604380
 20
83.177395
 42
0.050359
  0
VERTEX
  8
0
 10
374.255966
 20
83.281157
 42
0.054624
  0
SEQEND
  0
POLYLINE
  8
0
 66
1
 70
1
  0
VERTEX
  8
0
 10
380.029769
 20
82.055624
 42
0.112683
  0
VERTEX
  8
0
 10
379.259059
 20
79.237741
 42
0.007318
  0
VERTEX
  8
0
 10
379.020757
 20
70.705570
 42
0.003850
  0
VERTEX
  8
0
 10
378.970872
 20
61.777459
 42
0.413870
  0
VERTEX
  8
0
 10
379.750000
 20
61.000705
 42
0.385143
  0
VERTEX
  8
0
 10
380.050904
 20
61.273371
 42
0.005638
  0
VERTEX
  8
0
 10
380.279688
 20
63.865058
 42
0.011980
  0
VERTEX
  8
0
 10
380.446066
 20
67.012488
 42
0.007213
  0
VERTEX
  8
0
 10
380.500000
 20
70.750705
 42
-0.003508
  0
VERTEX
  8
0
 10
380.543980
 20
77.018493
 42
-0.053696
  0
VERTEX
  8
0
 10
380.805660
 20
79.164781
 42
-0.203547
  0
VERTEX
  8
0
 10
381.484119
 20
80.094874
 42
-0.144555
  0
VERTEX
  8
0
 10
382.750000
 20
80.420599
 42
0.035129
  0
VERTEX
  8
0
 10
384.432043
 20
80.479419
 42
0.349817
  0
VERTEX
  8
0
 10
384.900993
 20
80.941674
 42
0.263214
  0
VERTEX
  8
0
 10
384.606079
 20
81.648677
 42
0.025657
  0
VERTEX
  8
0
 10
383.029769
 20
82.749336
 42
0.034229
  0
VERTEX
  8
0
 10
381.929706
 20
83.335835
 42
0.163593
  0
VERTEX
  8
0
 10
381.231234
 20
83.403849
 42
0.174625
  0
VERTEX
  8
0
 10
380.660108
 20
83.035347
 42
0.040178
  0
SEQEND
  0
POLYLINE
  8
0
 66
1
 70
1
  0
VERTEX
  8
0
 10
518.247728
 20
82.750000
 42
0.254896
  0
VERTEX
  8
0
 10
518.884537
 20
82.154939
 42
0.026881
  0
VERTEX
  8
0
 10
520.951035
 20
81.739030
 42
0.022286
  0
VERTEX
  8
0
 10
524.041159
 20
81.428065
 42
0.007445
  0
VERTEX
  8
0
 10
528.581061
 20
81.242557
 42
0.004867
  0
VERTEX
  8
0
 10
533.358869
 20
81.165081
 42
0.026143
  0
VERTEX
  8
0
 10
535.957575
 20
81.284171
 42
0.102826
  0
VERTEX
  8
0
 10
536.972125
 20
81.601346
 42
0.548618
  0
VERTEX
  8
0
 10
537.000000
 20
82.070846
 42
-0.029186
  0
VERTEX
  8
0
 10
536.334980
 20
82.614024
 42
-0.521016
  0
VERTEX
  8
0
 10
536.366006
 20
82.845764
 42
-0.152095
  0
VERTEX
  8
0
 10
536.807986
 20
82.923998
 42
-0.007960
  0
VERTEX
  8
0
 10
538.250000
 20
82.716961
 42
0.029035
  0
VERTEX
  8
0
 10
539.304034
 20
82.610709
 42
0.048682
  0
VERTEX
  8
0
 10
540.192188
 20
82.659496
 42
0.066541
  0
VERTEX
  8
0
 10
540.805290
 20
82.839154
 42
0.296470
  0
VERTEX
  8
0
 10
541.000000
 20
83.138672
 42
0.358485
  0
VERTEX
  8
0
 10
540.459992
 20
83.795059
 42
0.048617
  0
VERTEX
  8
0
 10
538.552629
 20
83.980240
 42
0.046668
  0
VERTEX
  8
0
 10
536.536530
 20
83.790894
 42
0.210611
  0
VERTEX
  8
0
 10
535.584456
 20
83.136652
 42
-0.220722
  0
VERTEX
  8
0
 10
535.063565
 20
82.793335
 42
-0.010381
  0
VERTEX
  8
0
 10
532.923581
 20
82.518988
 42
-0.015475
  0
VERTEX
  8
0
 10
530.293598
 20
82.319260
 42
-0.010346
  0
VERTEX
  8
0
 10
527.275439
 20
82.246327
 42
-0.003200
  0
VERTEX
  8
0
 10
523.393610
 20
82.257700
 42
-0.040064
  0
VERTEX
  8
0
 10
521.931562
 20
82.388778
 42
-0.749139
  0
VERTEX
  8
0
 10
521.903535
 20
82.630574
 42
-0.046742
  0
VERTEX
  8
0
 10
523.000000
 20
82.978033
 42
0.000000
  0
VERTEX
  8
0
 10
526.500000
 20
83.736718
 42
0.000000
  0
VERTEX
  8
0
 10
522.166667
 20
83.868359
 42
0.015721
  0
VERTEX
  8
0
 10
520.166868
 20
83.866217
 42
0.061445
  0
VERTEX
  8
0
 10
518.948365
 20
83.675513
 42
0.146180
  0
VERTEX
  8
0
 10
518.356469
 20
83.297554
 42
0.263966
  0
SEQEND
  0
POLYLINE
  8
0
 66
1
 70
1
  0
VERTEX
  8
0
 10
303.250000
 20
82.337719
 42
0.143686
  0
VERTEX
  8
0
 10
302.359255
 20
81.633551
 42
0.158385
  0
VERTEX
  8
0
 10
302.032899
 20
80.586964
 42
0.195064
  0
VERTEX
  8
0
 10
302.405121
 20
79.699600
 42
0.199674
  0
VERTEX
  8
0
 10
303.285714
 20
79.333333
 42
0.141241
  0
VERTEX
  8
0
 10
303.776007
 20
79.474651
 42
0.099816
  0
VERTEX
  8
0
 10
304.193750
 20
79.871875
 42
0.084820
  0
VERTEX
  8
0
 10
304.475133
 20
80.465925
 42
0.068388
  0
VERTEX
  8
0
 10
304.571429
 20
81.166667
 42
0.001828
  0
VERTEX
  8
0
 10
304.568878
 20
81.864339
 42
0.003260
  0
VERTEX
  8
0
 10
304.560938
 20
82.438268
 42
0.001039
  0
VERTEX
  8
0
 10
304.550172
 20
82.918120
 42
0.797251
  0
VERTEX
  8
0
 10
304.535714
 20
82.921053
 42
-0.179526
  0
VERTEX
  8
0
 10
304.492846
 20
82.877728
 42
-0.002375
  0
VERTEX
  8
0
 10
304.143304
 20
82.717133
 42
-0.006451
  0
VERTEX
  8
0
 10
303.731688
 20
82.536749
 42
-0.004149
  0
SEQEND
  0
POLYLINE
  8
0
 66
1
 70
1
  0
VERTEX
  8
0
 10
312.000000
 20
81.059017
 42
0.020503
  0
VERTEX
  8
0
 10
312.063011
 20
79.523001
 42
0.275668
  0
VERTEX
  8
0
 10
312.377209
 20
79.082867
 42
0.395517
  0
VERTEX
  8
0
 10
312.794126
 20
79.230543
 42
0.027681
  0
VERTEX
  8
0
 10
313.349337
 20
80.467975
 42
0.066719
  0
VERTEX
  8
0
 10
313.493102
 20
81.073335
 42
0.072258
  0
VERTEX
  8
0
 10
313.466258
 20
81.678351
 42
0.081026
  0
VERTEX
  8
0
 10
313.279146
 20
82.190464
 42
0.126981
  0
VERTEX
  8
0
 10
312.956326
 20
82.526992
 42
0.214542
  0
VERTEX
  8
0
 10
312.594852
 20
82.574580
 42
0.177225
  0
VERTEX
  8
0
 10
312.280921
 20
82.339579
 42
0.099152
  0
VERTEX
  8
0
 10
312.068264
 20
81.806756
 42
0.045552
  0
SEQEND
  0
POLYLINE
  8
0
 66
1
 70
1
  0
VERTEX
  8
0
 10
306.597196
 20
81.263863
 42
0.099127
  0
VERTEX
  8
0
 10
306.109375
 20
80.531794
 42
0.148941
  0
VERTEX
  8
0
 10
306.037495
 20
79.773214
 42
0.186545
  0
VERTEX
  8
0
 10
306.393790
 20
79.217449
 42
0.159293
  0
VERTEX
  8
0
 10
307.059017
 20
79.000000
 42
0.108972
  0
VERTEX
  8
0
 10
307.413961
 20
79.078288
 42
0.182303
  0
VERTEX
  8
0
 10
307.625400
 20
79.293750
 42
0.161196
  0
VERTEX
  8
0
 10
307.656512
 20
79.617900
 42
0.082592
  0
VERTEX
  8
0
 10
307.500000
 20
80.000000
 42
-0.138823
  0
VERTEX
  8
0
 10
307.293406
 20
80.724747
 42
-0.501402
  0
VERTEX
  8
0
 10
307.617285
 20
80.967437
 42
-0.115208
  0
VERTEX
  8
0
 10
308.506029
 20
80.463435
 42
-0.048575
  0
VERTEX
  8
0
 10
309.425472
 20
79.432811
 42
0.010553
  0
VERTEX
  8
0
 10
310.111821
 20
78.534589
 42
0.297319
  0
VERTEX
  8
0
 10
310.377727
 20
78.446699
 42
0.327156
  0
VERTEX
  8
0
 10
310.545845
 20
78.654737
 42
0.011827
  0
VERTEX
  8
0
 10
310.571429
 20
79.736148
 42
0.175917
  0
VERTEX
  8
0
 10
310.162014
 20
80.863795
 42
0.127500
  0
VERTEX
  8
0
 10
309.065592
 20
81.647572
 42
0.124714
  0
VERTEX
  8
0
 10
307.706580
 20
81.809848
 42
0.165511
  0
SEQEND
  0
POLYLINE
  8
0
 66
1
 70
1
  0
VERTEX
  8
0
 10
315.250000
 20
81.281721
 42
0.109978
  0
VERTEX
  8
0
 10
314.328295
 20
80.699370
 42
0.221452
  0
VERTEX
  8
0
 10
314.037970
 20
79.909818
 42
0.250212
  0
VERTEX
  8
0
 10
314.462352
 20
79.253317
 42
0.127326
  0
VERTEX
  8
0
 10
315.440983
 20
79.000000
 42
0.106441
  0
VERTEX
  8
0
 10
316.545947
 20
79.237922
 42
0.119294
  0
VERTEX
  8
0
 10
317.403031
 20
79.905355
 42
0.185342
  0
VERTEX
  8
0
 10
317.648399
 20
80.684271
 42
0.253740
  0
VERTEX
  8
0
 10
317.266312
 20
81.295956
 42
0.089043
  0
VERTEX
  8
0
 10
316.883168
 20
81.430559
 42
0.041846
  0
VERTEX
  8
0
 10
316.357917
 20
81.470863
 42
0.039704
  0
VERTEX
  8
0
 10
315.784906
 20
81.421216
 42
0.044685
  0
SEQEND
  0
POLYLINE
  8
0
 66
1
 70
1
  0
VERTEX
  8
0
 10
319.000000
 20
80.635282
 42
0.114460
  0
VERTEX
  8
0
 10
319.115198
 20
80.138649
 42
0.100362
  0
VERTEX
  8
0
 10
319.440625
 20
79.715781
 42
0.093693
  0
VERTEX
  8
0
 10
319.927203
 20
79.431997
 42
0.085495
  0
VERTEX
  8
0
 10
320.500000
 20
79.333333
 42
0.046456
  0
VERTEX
  8
0
 10
321.074121
 20
79.386792
 42
0.066412
  0
VERTEX
  8
0
 10
321.559375
 20
79.546697
 42
0.086513
  0
VERTEX
  8
0
 10
321.886814
 20
79.782217
 42
0.196121
  0
VERTEX
  8
0
 10
322.000000
 20
80.059678
 42
0.160526
  0
VERTEX
  8
0
 10
321.894743
 20
80.379082
 42
0.054878
  0
VERTEX
  8
0
 10
321.559375
 20
80.741742
 42
0.047773
  0
VERTEX
  8
0
 10
321.074017
 20
81.087773
 42
0.039389
  0
VERTEX
  8
0
 10
320.500000
 20
81.361626
 42
0.072999
  0
VERTEX
  8
0
 10
319.910123
 20
81.493948
 42
0.132233
  0
VERTEX
  8
0
 10
319.427502
 20
81.402125
 42
0.160016
  0
VERTEX
  8
0
 10
319.115039
 20
81.100172
 42
0.121889
  0
SEQEND
  0
POLYLINE
  8
0
 66
1
 70
1
  0
VERTEX
  8
0
 10
538.138179
 20
78.750000
 42
0.095729
  0
VERTEX
  8
0
 10
537.595493
 20
76.989439
 42
0.014495
  0
VERTEX
  8
0
 10
537.302840
 20
73.299215
 42
0.012638
  0
VERTEX
  8
0
 10
537.174642
 20
68.146982
 42
0.004882
  0
VERTEX
  8
0
 10
537.247262
 20
61.000000
 42
0.000000
  0
VERTEX
  8
0
 10
537.556124
 20
45.500000
 42
0.000000
  0
VERTEX
  8
0
 10
537.778062
 20
61.750000
 42
-0.004838
  0
VERTEX
  8
0
 10
537.932738
 20
68.377903
 42
-0.010133
  0
VERTEX
  8
0
 10
538.207333
 20
73.527417
 42
-0.004667
  0
VERTEX
  8
0
 10
538.546356
 20
77.608955
 42
-0.387458
  0
VERTEX
  8
0
 10
538.975229
 20
78.000000
 42
-0.386173
  0
VERTEX
  8
0
 10
539.403989
 20
77.610808
 42
-0.004569
  0
VERTEX
  8
0
 10
539.764134
 20
73.507063
 42
-0.010076
  0
VERTEX
  8
0
 10
540.064825
 20
68.350510
 42
-0.004889
  0
VERTEX
  8
0
 10
540.251794
 20
61.750000
 42
0.000000
  0
VERTEX
  8
0
 10
540.553131
 20
45.500000
 42
0.000000
  0
VERTEX
  8
0
 10
540.776565
 20
63.250000
 42
0.004387
  0
VERTEX
  8
0
 10
540.802513
 20
70.056152
 42
0.007314
  0
VERTEX
  8
0
 10
540.690254
 20
75.785938
 42
0.002138
  0
VERTEX
  8
0
 10
540.501728
 20
80.681187
 42
0.401742
  0
VERTEX
  8
0
 10
540.168980
 20
81.000000
 42
0.174154
  0
VERTEX
  8
0
 10
539.771347
 20
80.857169
 42
0.036731
  0
VERTEX
  8
0
 10
539.229636
 20
80.339062
 42
0.034375
  0
VERTEX
  8
0
 10
538.658460
 20
79.611429
 42
0.026734
  0
SEQEND
  0
POLYLINE
  8
0
 66
1
 70
1
  0
VERTEX
  8
0
 10
477.976744
 20
79.500000
 42
0.012849
  0
VERTEX
  8
0
 10
477.827770
 20
72.332633
 42
0.001805
  0
VERTEX
  8
0
 10
477.953901
 20
57.535937
 42
0.000206
  0
VERTEX
  8
0
 10
478.162602
 20
40.902767
 42
0.195547
  0
VERTEX
  8
0
 10
478.453488
 20
40.213178
 42
0.656564
  0
VERTEX
  8
0
 10
478.675530
 20
40.300978
 42
0.001111
  0
VERTEX
  8
0
 10
478.839462
 20
45.751163
 42
0.004420
  0
VERTEX
  8
0
 10
478.960869
 20
52.137441
 42
0.002542
  0
VERTEX
  8
0
 10
479.000000
 20
59.833333
 42
0.002323
  0
VERTEX
  8
0
 10
478.964068
 20
67.566215
 42
0.003874
  0
VERTEX
  8
0
 10
478.853125
 20
74.076042
 42
0.000604
  0
VERTEX
  8
0
 10
478.704258
 20
79.801225
 42
0.406268
  0
VERTEX
  8
0
 10
478.500000
 20
80.000000
 42
0.097896
  0
VERTEX
  8
0
 10
478.307373
 20
79.961920
 42
0.093354
  0
VERTEX
  8
0
 10
478.140044
 20
79.853125
 42
0.093308
  0
VERTEX
  8
0
 10
478.023698
 20
79.690857
 42
0.097681
  0
SEQEND
  0
POLYLINE
  8
0
 66
1
 70
1
  0
VERTEX
  8
0
 10
424.775429
 20
73.442095
 42
0.151482
  0
VERTEX
  8
0
 10
424.594089
 20
73.097751
 42
0.041030
  0
VERTEX
  8
0
 10
424.530595
 20
72.477585
 42
0.037599
  0
VERTEX
  8
0
 10
424.572060
 20
71.726491
 42
0.031377
  0
VERTEX
  8
0
 10
424.725393
 20
70.942095
 42
0.122614
  0
VERTEX
  8
0
 10
425.433436
 20
69.645379
 42
0.174954
  0
VERTEX
  8
0
 10
426.585843
 20
69.044549
 42
0.246339
  0
VERTEX
  8
0
 10
427.575870
 20
69.404664
 42
0.186848
  0
VERTEX
  8
0
 10
428.000000
 20
70.500000
 42
0.068870
  0
VERTEX
  8
0
 10
427.920655
 20
71.073318
 42
0.085131
  0
VERTEX
  8
0
 10
427.688914
 20
71.559375
 42
0.099915
  0
VERTEX
  8
0
 10
427.344827
 20
71.884374
 42
0.140337
  0
VERTEX
  8
0
 10
426.940983
 20
72.000000
 42
-0.108972
  0
VERTEX
  8
0
 10
426.586039
 20
72.078288
 42
-0.182303
  0
VERTEX
  8
0
 10
426.374600
 20
72.293750
 42
-0.161196
  0
VERTEX
  8
0
 10
426.343488
 20
72.617900
 42
-0.082592
  0
VERTEX
  8
0
 10
426.500000
 20
73.000000
 42
0.193760
  0
VERTEX
  8
0
 10
426.603564
 20
73.600448
 42
0.284274
  0
VERTEX
  8
0
 10
426.242515
 20
73.975848
 42
0.160652
  0
VERTEX
  8
0
 10
425.504538
 20
73.925859
 42
0.100128
  0
SEQEND
  0
POLYLINE
  8
0
 66
1
 70
1
  0
VERTEX
  8
0
 10
74.733333
 20
71.875912
 42
0.043285
  0
VERTEX
  8
0
 10
75.246577
 20
71.441312
 42
0.063152
  0
VERTEX
  8
0
 10
75.768815
 20
71.162781
 42
0.082976
  0
VERTEX
  8
0
 10
76.220211
 20
71.072099
 42
0.207420
  0
VERTEX
  8
0
 10
76.526461
 20
71.193128
 42
0.278911
  0
VERTEX
  8
0
 10
76.592490
 20
71.461316
 42
0.120343
  0
VERTEX
  8
0
 10
76.395085
 20
71.789051
 42
0.070189
  0
VERTEX
  8
0
 10
75.940734
 20
72.133723
 42
0.036269
  0
VERTEX
  8
0
 10
75.293128
 20
72.435707
 42
0.008399
  0
VERTEX
  8
0
 10
74.336218
 20
72.781790
 42
0.286372
  0
VERTEX
  8
0
 10
74.111181
 20
72.729672
 42
0.400052
  0
VERTEX
  8
0
 10
74.106486
 20
72.536448
 42
0.011214
  0
SEQEND
  0
POLYLINE
  8
0
 66
1
 70
1
  0
VERTEX
  8
0
 10
430.750000
 20
72.242607
 42
0.073357
  0
VERTEX
  8
0
 10
430.081205
 20
71.986801
 42
0.073159
  0
VERTEX
  8
0
 10
429.514063
 20
71.548609
 42
0.078984
  0
VERTEX
  8
0
 10
429.131952
 20
71.001043
 42
0.113390
  0
VERTEX
  8
0
 10
429.000000
 20
70.426676
 42
0.076143
  0
VERTEX
  8
0
 10
429.156969
 20
69.401903
 42
0.340217
  0
VERTEX
  8
0
 10
429.623148
 20
69.075427
 42
0.163138
  0
VERTEX
  8
0
 10
430.405010
 20
69.377198
 42
0.023410
  0
VERTEX
  8
0
 10
431.690476
 20
70.547619
 42
0.022653
  0
VERTEX
  8
0
 10
432.764230
 20
71.723339
 42
0.309711
  0
VERTEX
  8
0
 10
432.815878
 20
72.270460
 42
0.307486
  0
VERTEX
  8
0
 10
432.323496
 20
72.519095
 42
0.022468
  0
SEQEND
  0
POLYLINE
  8
0
 66
1
 70
1
  0
VERTEX
  8
0
 10
434.000000
 20
72.013369
 42
0.231401
  0
VERTEX
  8
0
 10
434.276892
 20
71.447111
 42
0.037294
  0
VERTEX
  8
0
 10
435.329582
 20
70.747375
 42
0.040417
  0
VERTEX
  8
0
 10
436.560712
 20
70.180807
 42
0.087854
  0
VERTEX
  8
0
 10
437.581787
 20
70.000000
 42
0.330829
  0
VERTEX
  8
0
 10
438.029087
 20
70.332332
 42
0.228179
  0
VERTEX
  8
0
 10
437.927072
 20
70.981565
 42
0.094517
  0
VERTEX
  8
0
 10
437.101847
 20
71.794325
 42
0.083578
  0
VERTEX
  8
0
 10
436.000000
 20
72.289749
 42
0.035903
  0
VERTEX
  8
0
 10
435.233455
 20
72.432409
 42
0.062468
  0
VERTEX
  8
0
 10
434.587500
 20
72.424305
 42
0.094621
  0
VERTEX
  8
0
 10
434.154273
 20
72.277847
 42
0.270341
  0
SEQEND
  0
POLYLINE
  8
0
 66
1
 70
1
  0
VERTEX
  8
0
 10
440.333333
 20
70.517978
 42
0.349570
  0
VERTEX
  8
0
 10
440.939780
 20
69.756556
 42
0.066659
  0
VERTEX
  8
0
 10
442.830094
 20
69.581182
 42
0.050847
  0
VERTEX
  8
0
 10
445.371125
 20
69.945018
 42
0.040386
  0
VERTEX
  8
0
 10
448.000000
 20
70.829503
 42
0.024274
  0
VERTEX
  8
0
 10
449.222941
 20
71.426022
 42
0.641122
  0
VERTEX
  8
0
 10
449.203175
 20
71.700922
 42
0.091684
  0
VERTEX
  8
0
 10
448.424128
 20
71.839422
 42
0.003373
  0
VERTEX
  8
0
 10
445.416667
 20
71.798341
 42
0.017379
  0
VERTEX
  8
0
 10
443.281448
 20
71.680441
 42
0.039227
  0
VERTEX
  8
0
 10
441.685449
 20
71.409222
 42
0.055091
  0
VERTEX
  8
0
 10
440.642825
 20
71.020564
 42
0.283204
  0
SEQEND
  0
POLYLINE
  8
0
 66
1
 70
1
  0
VERTEX
  8
0
 10
511.500000
 20
69.000000
 42
0.146489
  0
VERTEX
  8
0
 10
511.397987
 20
68.620597
 42
0.191582
  0
VERTEX
  8
0
 10
511.538811
 20
68.293750
 42
0.134005
  0
VERTEX
  8
0
 10
511.925364
 20
68.072951
 42
0.063222
  0
VERTEX
  8
0
 10
512.500000
 20
68.000000
 42
0.063222
  0
VERTEX
  8
0
 10
513.074636
 20
68.072951
 42
0.134005
  0
VERTEX
  8
0
 10
513.461189
 20
68.293750
 42
0.191582
  0
VERTEX
  8
0
 10
513.602013
 20
68.620597
 42
0.146489
  0
VERTEX
  8
0
 10
513.500000
 20
69.000000
 42
0.025622
  0
VERTEX
  8
0
 10
513.235369
 20
69.382847
 42
0.032351
  0
VERTEX
  8
0
 10
512.951311
 20
69.706250
 42
0.033983
  0
VERTEX
  8
0
 10
512.686704
 20
69.937141
 42
0.163822
  0
VERTEX
  8
0
 10
512.500000
 20
70.000000
 42
0.163822
  0
VERTEX
  8
0
 10
512.313296
 20
69.937141
 42
0.033983
  0
VERTEX
  8
0
 10
512.048689
 20
69.706250
 42
0.032351
  0
VERTEX
  8
0
 10
511.764631
 20
69.382847
 42
0.025622
  0
SEQEND
  0
POLYLINE
  8
0
 66
1
 70
1
  0
VERTEX
  8
0
 10
501.500000
 20
68.000000
 42
0.024465
  0
VERTEX
  8
0
 10
501.285131
 20
67.610999
 42
0.044078
  0
VERTEX
  8
0
 10
501.154287
 20
67.271275
 42
0.062476
  0
VERTEX
  8
0
 10
501.115545
 20
67.022916
 42
0.353185
  0
VERTEX
  8
0
 10
501.190983
 20
66.923489
 42
0.020168
  0
VERTEX
  8
0
 10
503.021036
 20
66.547975
 42
0.083920
  0
VERTEX
  8
0
 10
504.143537
 20
66.554031
 42
0.179292
  0
VERTEX
  8
0
 10
504.757462
 20
66.911811
 42
0.173800
  0
VERTEX
  8
0
 10
505.000000
 20
67.588484
 42
0.208973
  0
VERTEX
  8
0
 10
504.601216
 20
68.500969
 42
0.158745
  0
VERTEX
  8
0
 10
503.598541
 20
68.963125
 42
0.135381
  0
VERTEX
  8
0
 10
502.387971
 20
68.777581
 42
0.150115
  0
SEQEND
  0
POLYLINE
  8
0
 66
1
 70
1
  0
VERTEX
  8
0
 10
511.733333
 20
65.875912
 42
0.043285
  0
VERTEX
  8
0
 10
512.246577
 20
65.441312
 42
0.063152
  0
VERTEX
  8
0
 10
512.768815
 20
65.162781
 42
0.082976
  0
VERTEX
  8
0
 10
513.220211
 20
65.072099
 42
0.207420
  0
VERTEX
  8
0
 10
513.526461
 20
65.193128
 42
0.278911
  0
VERTEX
  8
0
 10
513.592490
 20
65.461316
 42
0.120343
  0
VERTEX
  8
0
 10
513.395085
 20
65.789051
 42
0.070189
  0
VERTEX
  8
0
 10
512.940734
 20
66.133723
 42
0.036269
  0
VERTEX
  8
0
 10
512.293128
 20
66.435707
 42
0.008399
  0
VERTEX
  8
0
 10
511.336218
 20
66.781790
 42
0.286372
  0
VERTEX
  8
0
 10
511.111181
 20
66.729672
 42
0.400052
  0
VERTEX
  8
0
 10
511.106486
 20
66.536448
 42
0.011214
  0
SEQEND
  0
POLYLINE
  8
0
 66
1
 70
1
  0
VERTEX
  8
0
 10
86.000000
 20
65.606989
 42
0.225200
  0
VERTEX
  8
0
 10
86.088769
 20
65.419896
 42
0.029412
  0
VERTEX
  8
0
 10
86.455882
 20
65.154486
 42
0.029555
  0
VERTEX
  8
0
 10
86.957462
 20
64.875192
 42
0.020646
  0
VERTEX
  8
0
 10
87.551938
 20
64.618443
 42
0.036408
  0
VERTEX
  8
0
 10
88.131719
 20
64.443138
 42
0.155351
  0
VERTEX
  8
0
 10
88.487528
 20
64.474315
 42
0.329480
  0
VERTEX
  8
0
 10
88.606889
 20
64.674071
 42
0.114400
  0
VERTEX
  8
0
 10
88.492921
 20
65.011454
 42
0.115814
  0
VERTEX
  8
0
 10
87.901891
 20
65.603931
 42
0.080554
  0
VERTEX
  8
0
 10
87.026239
 20
65.969265
 42
0.115534
  0
VERTEX
  8
0
 10
86.291154
 20
65.972535
 42
0.349578
  0
SEQEND
  0
POLYLINE
  8
0
 66
1
 70
1
  0
VERTEX
  8
0
 10
127.000000
 20
48.995423
 42
0.000000
  0
VERTEX
  8
0
 10
127.000000
 20
33.990846
 42
0.000000
  0
VERTEX
  8
0
 10
334.000000
 20
34.004731
 42
0.000000
  0
VERTEX
  8
0
 10
541.000000
 20
34.018616
 42
0.000000
  0
VERTEX
  8
0
 10
541.000000
 20
36.509308
 42
0.000000
  0
VERTEX
  8
0
 10
541.000000
 20
39.000000
 42
0.000000
  0
VERTEX
  8
0
 10
508.750000
 20
38.883999
 42
0.001349
  0
VERTEX
  8
0
 10
496.501255
 20
38.806883
 42
0.002450
  0
VERTEX
  8
0
 10
486.487500
 20
38.667734
 42
0.000945
  0
VERTEX
  8
0
 10
478.271899
 20
38.497766
 42
0.869755
  0
VERTEX
  8
0
 10
478.250000
 20
38.310674
 42
-0.199370
  0
VERTEX
  8
0
 10
479.251143
 20
37.550879
 42
-0.516884
  0
VERTEX
  8
0
 10
478.941583
 20
36.868892
 42
-0.040072
  0
VERTEX
  8
0
 10
475.083024
 20
36.440895
 42
-0.007592
  0
VERTEX
  8
0
 10
468.000000
 20
36.333333
 42
-0.007647
  0
VERTEX
  8
0
 10
460.928054
 20
36.441496
 42
-0.039829
  0
VERTEX
  8
0
 10
457.054654
 20
36.870089
 42
-0.518497
  0
VERTEX
  8
0
 10
456.747964
 20
37.548981
 42
-0.199358
  0
VERTEX
  8
0
 10
457.750000
 20
38.302668
 42
0.733757
  0
VERTEX
  8
0
 10
457.758200
 20
38.456004
 42
0.071334
  0
VERTEX
  8
0
 10
457.178781
 20
38.582987
 42
0.017266
  0
VERTEX
  8
0
 10
455.600158
 20
38.644252
 42
0.006185
  0
VERTEX
  8
0
 10
453.347979
 20
38.625992
 42
0.011613
  0
VERTEX
  8
0
 10
451.020343
 20
38.524205
 42
0.021454
  0
VERTEX
  8
0
 10
449.138543
 20
38.316698
 42
0.020457
  0
VERTEX
  8
0
 10
447.781443
 20
38.050579
 42
0.510302
  0
VERTEX
  8
0
 10
447.656996
 20
37.750000
 42
-0.033157
  0
VERTEX
  8
0
 10
447.811495
 20
37.456738
 42
-0.059401
  0
VERTEX
  8
0
 10
447.891830
 20
37.196969
 42
-0.092016
  0
VERTEX
  8
0
 10
447.891406
 20
37.008542
 42
-0.291164
  0
VERTEX
  8
0
 10
447.809017
 20
36.920532
 42
-0.061394
  0
VERTEX
  8
0
 10
447.551260
 20
36.887076
 42
-0.000003
  0
VERTEX
  8
0
 10
421.853007
 20
36.721675
 42
-0.000138
  0
VERTEX
  8
0
 10
393.500312
 20
36.547191
 42
-0.000083
  0
VERTEX
  8
0
 10
359.882072
 20
36.355166
 42
-0.000413
  0
VERTEX
  8
0
 10
308.217915
 20
36.111291
 42
-0.004035
  0
VERTEX
  8
0
 10
286.391198
 20
36.202408
 42
-0.002851
  0
VERTEX
  8
0
 10
273.073183
 20
36.441439
 42
-0.304069
  0
VERTEX
  8
0
 10
271.663170
 20
37.435381
 42
0.294551
  0
VERTEX
  8
0
 10
270.353743
 20
38.393092
 42
0.007420
  0
VERTEX
  8
0
 10
262.652799
 20
38.730213
 42
0.006809
  0
VERTEX
  8
0
 10
249.661950
 20
38.928878
 42
0.000746
  0
VERTEX
  8
0
 10
219.829643
 20
38.934270
 42
0.001371
  0
VERTEX
  8
0
 10
198.592541
 20
38.848156
 42
0.003249
  0
VERTEX
  8
0
 10
182.781404
 20
38.637932
 42
0.000965
  0
VERTEX
  8
0
 10
170.163474
 20
38.363782
 42
0.742169
  0
VERTEX
  8
0
 10
170.048545
 20
37.948836
 42
-0.013487
  0
VERTEX
  8
0
 10
170.817574
 20
37.432783
 42
-0.326492
  0
VERTEX
  8
0
 10
170.894693
 20
37.201339
 42
-0.309783
  0
VERTEX
  8
0
 10
170.696925
 20
37.047706
 42
-0.012723
  0
VERTEX
  8
0
 10
169.750000
 20
37.015313
 42
-0.043512
  0
VERTEX
  8
0
 10
169.080057
 20
37.067822
 42
-0.063593
  0
VERTEX
  8
0
 10
168.514062
 20
37.238080
 42
-0.083718
  0
VERTEX
  8
0
 10
168.131142
 20
37.492400
 42
-0.207265
  0
VERTEX
  8
0
 10
168.000000
 20
37.795171
 42
0.399515
  0
VERTEX
  8
0
 10
167.693417
 20
38.117624
 42
0.001852
  0
VERTEX
  8
0
 10
162.639062
 20
38.354042
 42
0.006803
  0
VERTEX
  8
0
 10
156.747855
 20
38.527482
 42
0.004084
  0
VERTEX
  8
0
 10
149.750000
 20
38.581086
 42
0.000000
  0
VERTEX
  8
0
 10
131.500000
 20
38.571828
 42
0.000000
  0
VERTEX
  8
0
 10
131.201587
 20
44.235951
 42
0.011735
  0
VERTEX
  8
0
 10
130.996815
 20
46.921412
 42
0.049567
  0
VERTEX
  8
0
 10
130.678620
 20
48.502261
 42
0.118982
  0
VERTEX
  8
0
 10
130.222701
 20
49.272368
 42
0.299998
  0
VERTEX
  8
0
 10
129.615456
 20
49.405931
 42
-0.325358
  0
VERTEX
  8
0
 10
128.858926
 20
49.609377
 42
-0.156162
  0
VERTEX
  8
0
 10
128.476449
 20
50.597962
 42
-0.085614
  0
VERTEX
  8
0
 10
128.654293
 20
52.186690
 42
-0.067926
  0
VERTEX
  8
0
 10
129.356357
 20
53.767581
 42
0.071454
  0
VERTEX
  8
0
 10
129.574315
 20
54.267815
 42
0.171555
  0
VERTEX
  8
0
 10
129.545805
 20
54.665570
 42
0.194566
  0
VERTEX
  8
0
 10
129.281425
 20
54.924564
 42
0.093721
  0
VERTEX
  8
0
 10
128.809017
 20
55.022236
 42
-0.312316
  0
VERTEX
  8
0
 10
128.550591
 20
55.207674
 42
-0.220348
  0
VERTEX
  8
0
 10
128.584127
 20
55.575899
 42
-0.072398
  0
VERTEX
  8
0
 10
129.053234
 20
56.169078
 42
-0.025407
  0
VERTEX
  8
0
 10
129.881627
 20
56.875823
 42
0.028510
  0
VERTEX
  8
0
 10
131.084540
 20
57.915053
 42
0.118149
  0
VERTEX
  8
0
 10
131.595796
 20
58.719643
 42
0.154765
  0
VERTEX
  8
0
 10
131.615415
 20
59.545183
 42
0.060765
  0
VERTEX
  8
0
 10
131.162035
 20
60.603588
 42
0.008831
  0
VERTEX
  8
0
 10
130.465418
 20
61.755881
 42
0.386361
  0
VERTEX
  8
0
 10
130.214218
 20
61.825941
 42
0.266436
  0
VERTEX
  8
0
 10
130.041672
 20
61.565219
 42
0.005899
  0
VERTEX
  8
0
 10
129.960123
 20
60.000000
 42
-0.003993
  0
VERTEX
  8
0
 10
129.883805
 20
58.419235
 42
-0.264535
  0
VERTEX
  8
0
 10
129.741571
 20
58.199007
 42
-0.428865
  0
VERTEX
  8
0
 10
129.548667
 20
58.265115
 42
-0.006126
  0
VERTEX
  8
0
 10
129.000000
 20
59.500000
 42
-0.015428
  0
VERTEX
  8
0
 10
128.246846
 20
61.413349
 42
-0.135440
  0
VERTEX
  8
0
 10
128.179346
 20
62.312749
 42
-0.230697
  0
VERTEX
  8
0
 10
128.606147
 20
62.876757
 42
-0.053534
  0
VERTEX
  8
0
 10
129.750000
 20
63.310674
 42
0.011590
  0
VERTEX
  8
0
 10
130.588300
 20
63.550633
 42
0.541772
  0
VERTEX
  8
0
 10
130.628780
 20
63.693656
 42
0.197309
  0
VERTEX
  8
0
 10
130.392295
 20
63.812001
 42
0.005718
  0
VERTEX
  8
0
 10
129.250000
 20
63.883999
 42
0.207564
  0
VERTEX
  8
0
 10
127.969674
 20
63.405286
 42
0.164893
  0
VERTEX
  8
0
 10
127.285556
 20
62.080992
 42
0.035596
  0
VERTEX
  8
0
 10
127.038134
 20
58.948623
 42
0.001916
  0
SEQEND
  0
POLYLINE
  8
0
 66
1
 70
1
  0
VERTEX
  8
0
 10
130.000000
 20
43.000000
 42
-0.011404
  0
VERTEX
  8
0
 10
129.903150
 20
38.754150
 42
-0.402112
  0
VERTEX
  8
0
 10
129.247131
 20
38.129971
 42
-0.385884
  0
VERTEX
  8
0
 10
128.560592
 20
38.757693
 42
-0.011317
  0
VERTEX
  8
0
 10
128.258663
 20
43.007174
 42
-0.018127
  0
VERTEX
  8
0
 10
128.235312
 20
44.945018
 42
-0.031235
  0
VERTEX
  8
0
 10
128.374885
 20
46.551747
 42
-0.033743
  0
VERTEX
  8
0
 10
128.631256
 20
47.717012
 42
-0.333270
  0
VERTEX
  8
0
 10
129.008663
 20
48.000000
 42
-0.323370
  0
VERTEX
  8
0
 10
129.395212
 20
47.720809
 42
-0.031020
  0
VERTEX
  8
0
 10
129.708795
 20
46.531250
 42
-0.030278
  0
VERTEX
  8
0
 10
129.928427
 20
44.916566
 42
-0.018666
  0
SEQEND
  0
POLYLINE
  8
0
 66
1
 70
1
  0
VERTEX
  8
0
 10
533.778089
 20
36.803951
 42
-0.028781
  0
VERTEX
  8
0
 10
531.976492
 20
36.434503
 42
-0.037135
  0
VERTEX
  8
0
 10
530.292236
 20
36.315598
 42
-0.040178
  0
VERTEX
  8
0
 10
528.726190
 20
36.447564
 42
-0.046411
  0
VERTEX
  8
0
 10
527.278089
 20
36.828356
 42
-0.041128
  0
VERTEX
  8
0
 10
526.137249
 20
37.354477
 42
-0.672265
  0
VERTEX
  8
0
 10
526.175649
 20
37.654612
 42
-0.062738
  0
VERTEX
  8
0
 10
527.306779
 20
37.807670
 42
-0.003235
  0
VERTEX
  8
0
 10
531.000000
 20
37.817700
 42
-0.001416
  0
VERTEX
  8
0
 10
535.262087
 20
37.789623
 42
-0.085325
  0
VERTEX
  8
0
 10
536.014168
 20
37.653034
 42
-0.722705
  0
VERTEX
  8
0
 10
536.007345
 20
37.430886
 42
-0.007171
  0
SEQEND
  0
POLYLINE
  8
0
 66
1
 70
1
  0
VERTEX
  8
0
 10
540.000000
 20
36.500000
 42
-0.064853
  0
VERTEX
  8
0
 10
539.925306
 20
35.926543
 42
-0.082425
  0
VERTEX
  8
0
 10
539.706250
 20
35.440625
 42
-0.098894
  0
VERTEX
  8
0
 10
539.381354
 20
35.115568
 42
-0.148195
  0
VERTEX
  8
0
 10
539.000000
 20
35.000000
 42
-0.148195
  0
VERTEX
  8
0
 10
538.618646
 20
35.115568
 42
-0.098894
  0
VERTEX
  8
0
 10
538.293750
 20
35.440625
 42
-0.082425
  0
VERTEX
  8
0
 10
538.074694
 20
35.926543
 42
-0.064853
  0
VERTEX
  8
0
 10
538.000000
 20
36.500000
 42
-0.064853
  0
VERTEX
  8
0
 10
538.074694
 20
37.073457
 42
-0.082425
  0
VERTEX
  8
0
 10
538.293750
 20
37.559375
 42
-0.098894
  0
VERTEX
  8
0
 10
538.618646
 20
37.884432
 42
-0.148195
  0
VERTEX
  8
0
 10
539.000000
 20
38.000000
 42
-0.148195
  0
VERTEX
  8
0
 10
539.381354
 20
37.884432
 42
-0.098894
  0
VERTEX
  8
0
 10
539.706250
 20
37.559375
 42
-0.082425
  0
VERTEX
  8
0
 10
539.925306
 20
37.073457
 42
-0.064853
  0
SEQEND
  0
POLYLINE
  8
0
 66
1
 70
1
  0
VERTEX
  8
0
 10
420.250000
 20
35.267795
 42
-0.014123
  0
VERTEX
  8
0
 10
418.315088
 20
35.148488
 42
-0.008335
  0
VERTEX
  8
0
 10
416.000000
 20
35.109894
 42
-0.008335
  0
VERTEX
  8
0
 10
413.684912
 20
35.148488
 42
-0.014123
  0
VERTEX
  8
0
 10
411.750000
 20
35.267795
 42
-0.084525
  0
VERTEX
  8
0
 10
411.223005
 20
35.407127
 42
-0.769970
  0
VERTEX
  8
0
 10
411.245313
 20
35.538141
 42
-0.018707
  0
VERTEX
  8
0
 10
412.952816
 20
35.627723
 42
-0.003751
  0
VERTEX
  8
0
 10
416.000000
 20
35.650586
 42
-0.003751
  0
VERTEX
  8
0
 10
419.047184
 20
35.627723
 42
-0.018707
  0
VERTEX
  8
0
 10
420.754687
 20
35.538141
 42
-0.769970
  0
VERTEX
  8
0
 10
420.776995
 20
35.407127
 42
-0.084525
  0
SEQEND
  0
POLYLINE
  8
0
 66
1
 70
1
  0
VERTEX
  8
0
 10
73.812500
 20
62.316886
 42
0.051402
  0
VERTEX
  8
0
 10
74.359369
 20
62.160852
 42
0.054150
  0
VERTEX
  8
0
 10
74.916927
 20
62.123424
 42
0.060344
  0
VERTEX
  8
0
 10
75.402231
 20
62.202593
 42
0.126455
  0
VERTEX
  8
0
 10
75.729167
 20
62.395833
 42
0.296942
  0
VERTEX
  8
0
 10
75.775380
 20
62.614691
 42
0.208169
  0
VERTEX
  8
0
 10
75.592839
 20
62.799335
 42
0.077125
  0
VERTEX
  8
0
 10
75.112848
 20
62.910055
 42
0.028489
  0
VERTEX
  8
0
 10
74.416667
 20
62.921053
 42
0.018894
  0
VERTEX
  8
0
 10
73.670344
 20
62.862007
 42
0.168741
  0
VERTEX
  8
0
 10
73.378580
 20
62.720685
 42
0.470617
  0
VERTEX
  8
0
 10
73.395823
 20
62.538436
 42
0.054073
  0
SEQEND
  0
POLYLINE
  8
0
 66
1
 70
1
  0
VERTEX
  8
0
 10
271.824696
 20
53.762950
 42
-0.007500
  0
VERTEX
  8
0
 10
271.916627
 20
49.355157
 42
-0.026617
  0
VERTEX
  8
0
 10
271.782812
 20
46.532252
 42
-0.040604
  0
VERTEX
  8
0
 10
271.447801
 20
44.709374
 42
-0.185750
  0
VERTEX
  8
0
 10
270.824696
 20
43.855182
 42
0.034357
  0
VERTEX
  8
0
 10
270.170149
 20
43.365866
 42
0.220055
  0
VERTEX
  8
0
 10
270.003128
 20
42.998748
 42
0.217613
  0
VERTEX
  8
0
 10
270.173922
 20
42.630993
 42
0.033605
  0
VERTEX
  8
0
 10
270.835410
 20
42.138197
 42
-0.034074
  0
VERTEX
  8
0
 10
271.340241
 20
41.761370
 42
-0.041703
  0
VERTEX
  8
0
 10
271.753454
 20
41.342078
 42
-0.046708
  0
VERTEX
  8
0
 10
272.027690
 20
40.942422
 42
-0.161657
  0
VERTEX
  8
0
 10
272.085410
 20
40.638197
 42
0.014699
  0
VERTEX
  8
0
 10
272.052539
 20
40.322182
 42
0.005771
  0
VERTEX
  8
0
 10
272.025089
 20
39.885008
 42
0.005706
  0
VERTEX
  8
0
 10
272.006249
 20
39.411315
 42
0.007085
  0
VERTEX
  8
0
 10
272.000000
 20
38.970343
 42
0.405563
  0
VERTEX
  8
0
 10
272.488616
 20
38.467033
 42
0.001414
  0
VERTEX
  8
0
 10
281.700924
 20
38.220111
 42
0.004920
  0
VERTEX
  8
0
 10
293.656197
 20
38.051193
 42
0.001676
  0
VERTEX
  8
0
 10
311.019096
 20
38.034936
 42
0.001555
  0
VERTEX
  8
0
 10
328.975295
 20
38.134142
 42
0.005379
  0
VERTEX
  8
0
 10
340.599406
 20
38.359592
 42
0.002222
  0
VERTEX
  8
0
 10
349.094860
 20
38.653615
 42
0.574333
  0
VERTEX
  8
0
 10
349.381371
 20
39.191946
 42
-0.117955
  0
VERTEX
  8
0
 10
349.130177
 20
39.953135
 42
-0.007925
  0
VERTEX
  8
0
 10
348.973229
 20
42.255109
 42
-0.011047
  0
VERTEX
  8
0
 10
348.889462
 20
45.034306
 42
-0.008034
  0
VERTEX
  8
0
 10
348.914297
 20
48.127352
 42
0.005862
  0
VERTEX
  8
0
 10
348.970032
 20
52.631492
 42
0.049177
  0
VERTEX
  8
0
 10
348.771985
 20
54.653710
 42
0.147372
  0
VERTEX
  8
0
 10
348.256808
 20
55.622984
 42
0.200011
  0
VERTEX
  8
0
 10
347.352022
 20
56.000000
 42
0.027082
  0
VERTEX
  8
0
 10
346.497962
 20
55.953707
 42
0.263705
  0
VERTEX
  8
0
 10
346.215005
 20
55.750000
 42
0.281427
  0
VERTEX
  8
0
 10
346.254595
 20
55.414641
 42
0.029815
  0
VERTEX
  8
0
 10
346.800000
 20
54.800000
 42
-0.039453
  0
VERTEX
  8
0
 10
347.258071
 20
54.263313
 42
-0.035771
  0
VERTEX
  8
0
 10
347.643002
 20
53.644062
 42
-0.037648
  0
VERTEX
  8
0
 10
347.906094
 20
53.037719
 42
-0.087398
  0
VERTEX
  8
0
 10
347.984687
 20
52.550000
 42
-0.172502
  0
VERTEX
  8
0
 10
347.889554
 20
52.294333
 42
-0.337390
  0
VERTEX
  8
0
 10
347.689119
 20
52.249062
 42
-0.112638
  0
VERTEX
  8
0
 10
347.375355
 20
52.489070
 42
-0.029944
  0
VERTEX
  8
0
 10
347.000000
 20
53.000000
 42
0.184642
  0
VERTEX
  8
0
 10
346.575695
 20
53.310597
 42
0.400857
  0
VERTEX
  8
0
 10
346.251146
 20
53.135074
 42
0.068582
  0
VERTEX
  8
0
 10
346.071648
 20
52.123316
 42
0.009659
  0
VERTEX
  8
0
 10
346.030626
 20
50.000000
 42
0.009659
  0
VERTEX
  8
0
 10
346.071648
 20
47.876684
 42
0.068582
  0
VERTEX
  8
0
 10
346.251146
 20
46.864926
 42
0.400857
  0
VERTEX
  8
0
 10
346.575695
 20
46.689403
 42
0.184642
  0
VERTEX
  8
0
 10
347.000000
 20
47.000000
 42
-0.025105
  0
VERTEX
  8
0
 10
347.516117
 20
47.716964
 42
-0.418214
  0
VERTEX
  8
0
 10
347.780177
 20
47.744645
 42
-0.210879
  0
VERTEX
  8
0
 10
347.949135
 20
47.409840
 42
-0.011265
  0
VERTEX
  8
0
 10
347.984687
 20
46.190983
 42
-0.040942
  0
VERTEX
  8
0
 10
347.920527
 20
45.339472
 42
-0.092833
  0
VERTEX
  8
0
 10
347.704655
 20
44.733417
 42
-0.175006
  0
VERTEX
  8
0
 10
347.379619
 20
44.461317
 42
-0.229941
  0
VERTEX
  8
0
 10
347.000000
 20
44.500000
 42
0.292780
  0
VERTEX
  8
0
 10
346.608974
 20
44.493718
 42
0.147967
  0
VERTEX
  8
0
 10
346.281831
 20
44.098382
 42
0.070787
  0
VERTEX
  8
0
 10
346.066569
 20
43.276470
 42
0.028711
  0
VERTEX
  8
0
 10
346.000000
 20
42.118118
 42
0.000000
  0
VERTEX
  8
0
 10
346.000000
 20
39.118203
 42
0.000000
  0
VERTEX
  8
0
 10
309.500000
 20
39.074309
 42
0.000000
  0
VERTEX
  8
0
 10
273.000000
 20
39.030414
 42
0.000000
  0
VERTEX
  8
0
 10
273.000000
 20
46.445656
 42
-0.006285
  0
VERTEX
  8
0
 10
273.056669
 20
50.953735
 42
-0.063597
  0
VERTEX
  8
0
 10
273.340468
 20
52.804407
 42
-0.167688
  0
VERTEX
  8
0
 10
274.007921
 20
53.756399
 42
-0.109627
  0
VERTEX
  8
0
 10
275.250000
 20
54.294267
 42
0.000000
  0
VERTEX
  8
0
 10
277.500000
 20
54.727636
 42
0.000000
  0
VERTEX
  8
0
 10
275.250000
 20
54.863818
 42
-0.067807
  0
VERTEX
  8
0
 10
274.088997
 20
55.094164
 42
-0.171159
  0
VERTEX
  8
0
 10
273.423365
 20
55.621838
 42
-0.116825
  0
VERTEX
  8
0
 10
273.088541
 20
56.602979
 42
-0.024072
  0
VERTEX
  8
0
 10
273.000000
 20
58.440983
 42
0.020264
  0
VERTEX
  8
0
 10
272.945189
 20
59.792843
 42
0.027150
  0
VERTEX
  8
0
 10
272.779688
 20
61.008295
 42
0.026554
  0
VERTEX
  8
0
 10
272.541895
 20
61.968699
 42
0.181523
  0
VERTEX
  8
0
 10
272.250000
 20
62.348751
 42
0.560022
  0
VERTEX
  8
0
 10
271.963458
 20
62.205247
 42
0.008999
  0
VERTEX
  8
0
 10
271.815692
 20
60.019221
 42
0.013737
  0
VERTEX
  8
0
 10
271.753653
 20
57.202652
 42
0.007601
  0
SEQEND
  0
POLYLINE
  8
0
 66
1
 70
1
  0
VERTEX
  8
0
 10
348.678379
 20
60.937342
 42
0.022842
  0
VERTEX
  8
0
 10
348.035951
 20
60.113708
 42
0.025137
  0
VERTEX
  8
0
 10
347.493024
 20
59.260067
 42
0.025650
  0
VERTEX
  8
0
 10
347.107154
 20
58.490789
 42
0.103780
  0
VERTEX
  8
0
 10
347.000000
 20
57.980095
 42
0.498801
  0
VERTEX
  8
0
 10
347.518229
 20
57.589866
 42
0.067450
  0
VERTEX
  8
0
 10
348.978097
 20
58.232457
 42
0.048961
  0
VERTEX
  8
0
 10
350.593868
 20
59.453623
 42
0.115346
  0
VERTEX
  8
0
 10
351.437016
 20
60.696463
 42
0.124828
  0
VERTEX
  8
0
 10
351.574816
 20
61.858477
 42
0.351871
  0
VERTEX
  8
0
 10
351.023522
 20
62.386435
 42
0.179695
  0
VERTEX
  8
0
 10
349.926213
 20
62.084520
 42
0.059722
  0
SEQEND
  0
POLYLINE
  8
0
 66
1
 70
1
  0
VERTEX
  8
0
 10
353.500000
 20
59.000000
 42
0.147490
  0
VERTEX
  8
0
 10
353.219502
 20
57.948574
 42
0.162140
  0
VERTEX
  8
0
 10
353.583667
 20
56.962113
 42
0.139840
  0
VERTEX
  8
0
 10
354.528280
 20
56.290887
 42
0.102458
  0
VERTEX
  8
0
 10
355.809017
 20
56.116001
 42
0.003272
  0
VERTEX
  8
0
 10
356.866595
 20
56.195509
 42
0.420376
  0
VERTEX
  8
0
 10
356.942842
 20
56.287269
 42
0.309854
  0
VERTEX
  8
0
 10
356.851261
 20
56.395223
 42
0.002679
  0
VERTEX
  8
0
 10
355.750000
 20
56.689326
 42
-0.042954
  0
VERTEX
  8
0
 10
355.080344
 20
56.927314
 42
-0.053930
  0
VERTEX
  8
0
 10
354.514063
 20
57.262982
 42
-0.063987
  0
VERTEX
  8
0
 10
354.125831
 20
57.639914
 42
-0.169692
  0
VERTEX
  8
0
 10
354.000000
 20
58.000000
 42
-0.169692
  0
VERTEX
  8
0
 10
354.125831
 20
58.360086
 42
-0.063987
  0
VERTEX
  8
0
 10
354.514063
 20
58.737018
 42
-0.053930
  0
VERTEX
  8
0
 10
355.080344
 20
59.072686
 42
-0.042954
  0
VERTEX
  8
0
 10
355.750000
 20
59.310674
 42
0.002679
  0
VERTEX
  8
0
 10
356.851261
 20
59.604777
 42
0.309854
  0
VERTEX
  8
0
 10
356.942842
 20
59.712731
 42
0.420376
  0
VERTEX
  8
0
 10
356.866595
 20
59.804491
 42
0.003272
  0
VERTEX
  8
0
 10
355.809017
 20
59.883999
 42
0.055890
  0
VERTEX
  8
0
 10
355.116356
 20
59.854077
 42
0.052748
  0
VERTEX
  8
0
 10
354.433213
 20
59.672175
 42
0.056793
  0
VERTEX
  8
0
 10
353.860183
 20
59.374507
 42
0.106566
  0
SEQEND
  0
POLYLINE
  8
0
 66
1
 70
1
  0
VERTEX
  8
0
 10
379.001265
 20
57.000000
 42
0.008719
  0
VERTEX
  8
0
 10
378.706316
 20
50.410248
 42
0.010096
  0
VERTEX
  8
0
 10
378.661719
 20
44.128906
 42
0.003389
  0
VERTEX
  8
0
 10
378.774282
 20
38.464486
 42
0.406123
  0
VERTEX
  8
0
 10
379.250000
 20
38.000790
 42
0.291687
  0
VERTEX
  8
0
 10
379.770968
 20
38.332201
 42
0.074755
  0
VERTEX
  8
0
 10
380.067521
 20
39.335611
 42
0.023709
  0
VERTEX
  8
0
 10
380.257535
 20
41.424352
 42
0.002067
  0
VERTEX
  8
0
 10
380.466285
 20
46.750000
 42
0.012643
  0
VERTEX
  8
0
 10
380.490625
 20
49.244155
 42
0.009511
  0
VERTEX
  8
0
 10
380.395868
 20
51.985937
 42
0.009630
  0
VERTEX
  8
0
 10
380.207896
 20
54.562407
 42
0.021769
  0
VERTEX
  8
0
 10
379.943498
 20
56.500000
 42
0.000000
  0
VERTEX
  8
0
 10
379.219131
 20
60.500000
 42
0.000000
  0
SEQEND
  0
POLYLINE
  8
0
 66
1
 70
1
  0
VERTEX
  8
0
 10
84.078947
 20
57.250000
 42
0.053989
  0
VERTEX
  8
0
 10
84.154856
 20
56.209147
 42
0.132269
  0
VERTEX
  8
0
 10
84.481744
 20
55.521382
 42
0.145896
  0
VERTEX
  8
0
 10
85.084817
 20
55.131118
 42
0.071271
  0
VERTEX
  8
0
 10
86.000000
 20
55.000000
 42
0.048028
  0
VERTEX
  8
0
 10
86.765418
 20
55.073693
 42
0.068025
  0
VERTEX
  8
0
 10
87.412500
 20
55.293750
 42
0.088204
  0
VERTEX
  8
0
 10
87.848523
 20
55.618118
 42
0.191087
  0
VERTEX
  8
0
 10
88.000000
 20
56.000000
 42
0.140362
  0
VERTEX
  8
0
 10
87.890798
 20
56.381338
 42
0.099913
  0
VERTEX
  8
0
 10
87.583854
 20
56.706250
 42
0.085122
  0
VERTEX
  8
0
 10
87.124800
 20
56.925077
 42
0.068857
  0
VERTEX
  8
0
 10
86.583333
 20
57.000000
 42
-0.080074
  0
VERTEX
  8
0
 10
86.004061
 20
57.093368
 42
-0.064399
  0
VERTEX
  8
0
 10
85.434649
 20
57.367188
 42
-0.065245
  0
VERTEX
  8
0
 10
84.960859
 20
57.772091
 42
-0.087674
  0
VERTEX
  8
0
 10
84.662281
 20
58.250000
 42
0.134342
  0
VERTEX
  8
0
 10
84.465905
 20
58.507991
 42
0.451325
  0
VERTEX
  8
0
 10
84.282867
 20
58.471875
 42
0.102704
  0
VERTEX
  8
0
 10
84.140307
 20
58.046513
 42
0.020908
  0
SEQEND
  0
POLYLINE
  8
0
 66
1
 70
1
  0
VERTEX
  8
0
 10
358.000000
 20
57.622445
 42
0.111853
  0
VERTEX
  8
0
 10
358.146674
 20
56.974991
 42
0.111380
  0
VERTEX
  8
0
 10
358.558177
 20
56.452806
 42
0.099021
  0
VERTEX
  8
0
 10
359.199427
 20
56.115575
 42
0.071811
  0
VERTEX
  8
0
 10
360.000000
 20
56.000000
 42
0.085839
  0
VERTEX
  8
0
 10
361.295778
 20
56.224107
 42
0.232395
  0
VERTEX
  8
0
 10
361.928850
 20
56.874899
 42
0.245419
  0
VERTEX
  8
0
 10
361.783176
 20
57.742190
 42
0.092635
  0
VERTEX
  8
0
 10
360.845492
 20
58.595492
 42
0.032214
  0
VERTEX
  8
0
 10
360.356881
 20
58.855590
 42
0.415798
  0
VERTEX
  8
0
 10
360.182124
 20
58.789144
 42
0.226889
  0
VERTEX
  8
0
 10
360.189070
 20
58.530649
 42
0.017326
  0
VERTEX
  8
0
 10
360.537450
 20
57.904508
 42
-0.009209
  0
VERTEX
  8
0
 10
360.991516
 20
57.118717
 42
-0.558848
  0
VERTEX
  8
0
 10
360.925426
 20
57.001574
 42
-0.177912
  0
VERTEX
  8
0
 10
360.684159
 20
57.079986
 42
-0.003784
  0
VERTEX
  8
0
 10
359.691958
 20
57.872445
 42
0.014496
  0
VERTEX
  8
0
 10
358.724290
 20
58.611920
 42
0.194971
  0
VERTEX
  8
0
 10
358.299233
 20
58.715225
 42
0.332946
  0
VERTEX
  8
0
 10
358.058993
 20
58.473006
 42
0.034637
  0
SEQEND
  0
POLYLINE
  8
0
 66
1
 70
1
  0
VERTEX
  8
0
 10
363.015313
 20
57.750000
 42
0.221793
  0
VERTEX
  8
0
 10
363.527287
 20
56.627063
 42
0.140061
  0
VERTEX
  8
0
 10
364.861188
 20
56.018220
 42
0.124466
  0
VERTEX
  8
0
 10
366.439167
 20
56.173002
 42
0.169544
  0
VERTEX
  8
0
 10
367.541119
 20
57.066531
 42
0.117600
  0
VERTEX
  8
0
 10
367.880996
 20
58.094038
 42
0.293080
  0
VERTEX
  8
0
 10
367.528171
 20
58.763771
 42
0.273486
  0
VERTEX
  8
0
 10
366.739120
 20
58.749425
 42
0.112315
  0
VERTEX
  8
0
 10
365.945627
 20
57.971040
 42
-0.027559
  0
VERTEX
  8
0
 10
365.378774
 20
57.187715
 42
-0.229999
  0
VERTEX
  8
0
 10
364.993327
 20
57.007602
 42
-0.221623
  0
VERTEX
  8
0
 10
364.603998
 20
57.196244
 42
-0.025631
  0
VERTEX
  8
0
 10
364.015313
 20
58.000000
 42
0.011267
  0
VERTEX
  8
0
 10
363.442285
 20
58.831449
 42
0.306546
  0
VERTEX
  8
0
 10
363.204108
 20
58.918371
 42
0.328172
  0
VERTEX
  8
0
 10
363.047735
 20
58.729529
 42
0.012169
  0
SEQEND
  0
POLYLINE
  8
0
 66
1
 70
1
  0
VERTEX
  8
0
 10
369.078947
 20
57.416667
 42
0.018894
  0
VERTEX
  8
0
 10
369.137993
 20
56.670344
 42
0.168741
  0
VERTEX
  8
0
 10
369.279315
 20
56.378580
 42
0.470617
  0
VERTEX
  8
0
 10
369.461564
 20
56.395823
 42
0.054073
  0
VERTEX
  8
0
 10
369.683114
 20
56.812500
 42
0.051402
  0
VERTEX
  8
0
 10
369.839148
 20
57.359369
 42
0.054150
  0
VERTEX
  8
0
 10
369.876576
 20
57.916927
 42
0.060344
  0
VERTEX
  8
0
 10
369.797407
 20
58.402231
 42
0.126455
  0
VERTEX
  8
0
 10
369.604167
 20
58.729167
 42
0.296942
  0
VERTEX
  8
0
 10
369.385309
 20
58.775380
 42
0.208169
  0
VERTEX
  8
0
 10
369.200665
 20
58.592839
 42
0.077125
  0
VERTEX
  8
0
 10
369.089945
 20
58.112848
 42
0.028489
  0
SEQEND
  0
POLYLINE
  8
0
 66
1
 70
1
  0
VERTEX
  8
0
 10
549.812500
 20
56.316886
 42
0.051402
  0
VERTEX
  8
0
 10
550.359369
 20
56.160852
 42
0.054150
  0
VERTEX
  8
0
 10
550.916927
 20
56.123424
 42
0.060344
  0
VERTEX
  8
0
 10
551.402231
 20
56.202593
 42
0.126455
  0
VERTEX
  8
0
 10
551.729167
 20
56.395833
 42
0.296942
  0
VERTEX
  8
0
 10
551.775380
 20
56.614691
 42
0.208169
  0
VERTEX
  8
0
 10
551.592839
 20
56.799335
 42
0.077125
  0
VERTEX
  8
0
 10
551.112848
 20
56.910055
 42
0.028489
  0
VERTEX
  8
0
 10
550.416667
 20
56.921053
 42
0.018894
  0
VERTEX
  8
0
 10
549.670344
 20
56.862007
 42
0.168741
  0
VERTEX
  8
0
 10
549.378580
 20
56.720685
 42
0.470617
  0
VERTEX
  8
0
 10
549.395823
 20
56.538436
 42
0.054073
  0
SEQEND
  0
POLYLINE
  8
0
 66
1
 70
1
  0
VERTEX
  8
0
 10
131.212145
 20
53.968090
 42
0.013867
  0
VERTEX
  8
0
 10
130.099670
 20
52.071641
 42
0.212127
  0
VERTEX
  8
0
 10
130.036882
 20
51.332349
 42
0.587971
  0
VERTEX
  8
0
 10
130.412411
 20
51.266181
 42
0.017786
  0
VERTEX
  8
0
 10
131.601999
 20
52.842161
 42
0.018256
  0
VERTEX
  8
0
 10
132.187661
 20
53.746879
 42
0.028213
  0
VERTEX
  8
0
 10
132.618891
 20
54.571998
 42
0.027158
  0
VERTEX
  8
0
 10
132.879994
 20
55.243442
 42
0.282680
  0
VERTEX
  8
0
 10
132.814144
 20
55.519189
 42
0.353282
  0
VERTEX
  8
0
 10
132.584804
 20
55.543639
 42
0.049107
  0
VERTEX
  8
0
 10
132.182742
 20
55.224369
 42
0.038634
  0
VERTEX
  8
0
 10
131.704957
 20
54.684329
 42
0.022212
  0
SEQEND
  0
POLYLINE
  8
0
 66
1
 70
1
  0
VERTEX
  8
0
 10
170.000000
 20
54.500000
 42
0.053595
  0
VERTEX
  8
0
 10
170.061690
 20
53.926139
 42
0.073362
  0
VERTEX
  8
0
 10
170.244792
 20
53.440625
 42
0.093122
  0
VERTEX
  8
0
 10
170.515341
 20
53.114688
 42
0.174820
  0
VERTEX
  8
0
 10
170.833333
 20
53.000000
 42
0.174820
  0
VERTEX
  8
0
 10
171.151326
 20
53.114688
 42
0.093122
  0
VERTEX
  8
0
 10
171.421875
 20
53.440625
 42
0.073362
  0
VERTEX
  8
0
 10
171.604977
 20
53.926139
 42
0.053595
  0
VERTEX
  8
0
 10
171.666667
 20
54.500000
 42
0.053595
  0
VERTEX
  8
0
 10
171.604977
 20
55.073861
 42
0.073362
  0
VERTEX
  8
0
 10
171.421875
 20
55.559375
 42
0.093122
  0
VERTEX
  8
0
 10
171.151326
 20
55.885312
 42
0.174820
  0
VERTEX
  8
0
 10
170.833333
 20
56.000000
 42
0.174820
  0
VERTEX
  8
0
 10
170.515341
 20
55.885312
 42
0.093122
  0
VERTEX
  8
0
 10
170.244792
 20
55.559375
 42
0.073362
  0
VERTEX
  8
0
 10
170.061690
 20
55.073861
 42
0.053595
  0
SEQEND
  0
POLYLINE
  8
0
 66
1
 70
1
  0
VERTEX
  8
0
 10
281.750000
 20
54.276604
 42
0.019375
  0
VERTEX
  8
0
 10
283.229765
 20
54.150935
 42
0.011494
  0
VERTEX
  8
0
 10
285.000000
 20
54.110234
 42
0.011494
  0
VERTEX
  8
0
 10
286.770235
 20
54.150935
 42
0.019375
  0
VERTEX
  8
0
 10
288.250000
 20
54.276604
 42
0.108536
  0
VERTEX
  8
0
 10
288.666199
 20
54.423685
 42
0.707215
  0
VERTEX
  8
0
 10
288.635938
 20
54.561450
 42
0.025693
  0
VERTEX
  8
0
 10
287.329566
 20
54.655793
 42
0.005179
  0
VERTEX
  8
0
 10
285.000000
 20
54.679926
 42
0.005179
  0
VERTEX
  8
0
 10
282.670434
 20
54.655793
 42
0.025693
  0
VERTEX
  8
0
 10
281.364062
 20
54.561450
 42
0.707215
  0
VERTEX
  8
0
 10
281.333801
 20
54.423685
 42
0.108536
  0
SEQEND
  0
POLYLINE
  8
0
 66
1
 70
1
  0
VERTEX
  8
0
 10
294.812500
 20
54.316886
 42
0.051402
  0
VERTEX
  8
0
 10
295.359369
 20
54.160852
 42
0.054150
  0
VERTEX
  8
0
 10
295.916927
 20
54.123424
 42
0.060344
  0
VERTEX
  8
0
 10
296.402231
 20
54.202593
 42
0.126455
  0
VERTEX
  8
0
 10
296.729167
 20
54.395833
 42
0.296942
  0
VERTEX
  8
0
 10
296.775380
 20
54.614691
 42
0.208169
  0
VERTEX
  8
0
 10
296.592839
 20
54.799335
 42
0.077125
  0
VERTEX
  8
0
 10
296.112848
 20
54.910055
 42
0.028489
  0
VERTEX
  8
0
 10
295.416667
 20
54.921053
 42
0.018894
  0
VERTEX
  8
0
 10
294.670344
 20
54.862007
 42
0.168741
  0
VERTEX
  8
0
 10
294.378580
 20
54.720685
 42
0.470617
  0
VERTEX
  8
0
 10
294.395823
 20
54.538436
 42
0.054073
  0
SEQEND
  0
POLYLINE
  8
0
 66
1
 70
1
  0
VERTEX
  8
0
 10
145.582759
 20
51.355070
 42
0.004171
  0
VERTEX
  8
0
 10
145.359505
 20
50.758448
 42
0.005876
  0
VERTEX
  8
0
 10
145.171185
 20
50.222624
 42
0.003567
  0
VERTEX
  8
0
 10
145.021599
 20
49.769849
 42
0.078147
  0
VERTEX
  8
0
 10
145.000000
 20
49.632498
 42
0.373717
  0
VERTEX
  8
0
 10
145.070554
 20
49.551287
 42
0.009651
  0
VERTEX
  8
0
 10
145.587500
 20
49.488475
 42
0.015838
  0
VERTEX
  8
0
 10
146.233173
 20
49.443244
 42
0.009566
  0
VERTEX
  8
0
 10
147.000000
 20
49.428571
 42
0.117213
  0
VERTEX
  8
0
 10
148.311725
 20
49.740357
 42
0.230415
  0
VERTEX
  8
0
 10
148.946544
 20
50.573432
 42
0.235199
  0
VERTEX
  8
0
 10
148.676814
 20
51.572174
 42
0.120227
  0
VERTEX
  8
0
 10
147.582759
 20
52.329869
 42
0.106326
  0
VERTEX
  8
0
 10
146.997394
 20
52.421065
 42
0.099378
  0
VERTEX
  8
0
 10
146.410647
 20
52.267858
 42
0.096073
  0
VERTEX
  8
0
 10
145.913044
 20
51.893432
 42
0.092199
  0
SEQEND
  0
POLYLINE
  8
0
 66
1
 70
1
  0
VERTEX
  8
0
 10
154.507079
 20
52.011454
 42
0.114400
  0
VERTEX
  8
0
 10
154.393111
 20
51.674071
 42
0.329480
  0
VERTEX
  8
0
 10
154.512472
 20
51.474315
 42
0.155351
  0
VERTEX
  8
0
 10
154.868281
 20
51.443138
 42
0.036408
  0
VERTEX
  8
0
 10
155.448062
 20
51.618443
 42
0.029964
  0
VERTEX
  8
0
 10
156.519970
 20
52.105273
 42
0.168622
  0
VERTEX
  8
0
 10
156.942608
 20
52.558518
 42
0.444011
  0
VERTEX
  8
0
 10
156.798253
 20
52.882327
 42
0.079093
  0
VERTEX
  8
0
 10
156.059017
 20
53.000000
 42
0.088797
  0
VERTEX
  8
0
 10
155.653950
 20
52.927491
 42
0.053277
  0
VERTEX
  8
0
 10
155.214980
 20
52.709615
 42
0.051183
  0
VERTEX
  8
0
 10
154.810572
 20
52.389589
 42
0.061454
  0
SEQEND
  0
POLYLINE
  8
0
 66
1
 70
1
  0
VERTEX
  8
0
 10
283.635737
 20
49.250000
 42
0.001253
  0
VERTEX
  8
0
 10
283.992911
 20
44.543854
 42
0.052990
  0
VERTEX
  8
0
 10
284.177396
 20
43.553319
 42
0.718320
  0
VERTEX
  8
0
 10
284.426083
 20
43.544625
 42
0.021291
  0
VERTEX
  8
0
 10
284.904076
 20
45.000000
 42
0.054861
  0
VERTEX
  8
0
 10
285.261772
 20
47.146217
 42
0.042487
  0
VERTEX
  8
0
 10
285.192091
 20
49.516607
 42
0.042257
  0
VERTEX
  8
0
 10
284.797178
 20
51.477114
 42
0.333488
  0
VERTEX
  8
0
 10
284.100401
 20
52.000000
 42
0.316653
  0
VERTEX
  8
0
 10
283.855080
 20
51.827322
 42
0.044217
  0
VERTEX
  8
0
 10
283.688998
 20
51.192188
 42
0.037409
  0
VERTEX
  8
0
 10
283.606520
 20
50.304094
 42
0.022770
  0
SEQEND
  0
POLYLINE
  8
0
 66
1
 70
1
  0
VERTEX
  8
0
 10
171.309869
 20
45.500000
 42
0.005499
  0
VERTEX
  8
0
 10
171.337136
 20
43.352754
 42
0.031761
  0
VERTEX
  8
0
 10
171.435944
 20
42.222448
 42
0.756877
  0
VERTEX
  8
0
 10
171.574262
 20
42.205163
 42
0.069146
  0
VERTEX
  8
0
 10
171.724731
 20
42.767909
 42
0.018638
  0
VERTEX
  8
0
 10
171.849672
 20
44.218327
 42
0.012590
  0
VERTEX
  8
0
 10
171.888655
 20
45.878422
 42
0.012695
  0
VERTEX
  8
0
 10
171.845055
 20
47.487453
 42
0.024559
  0
VERTEX
  8
0
 10
171.714526
 20
48.767909
 42
0.212532
  0
VERTEX
  8
0
 10
171.565802
 20
49.000181
 42
0.556092
  0
VERTEX
  8
0
 10
171.424528
 20
48.934948
 42
0.025342
  0
VERTEX
  8
0
 10
171.331591
 20
47.655786
 42
0.005888
  0
SEQEND
  0
POLYLINE
  8
0
 66
1
 70
1
  0
VERTEX
  8
0
 10
154.812500
 20
49.316886
 42
0.051402
  0
VERTEX
  8
0
 10
155.359369
 20
49.160852
 42
0.054150
  0
VERTEX
  8
0
 10
155.916927
 20
49.123424
 42
0.060344
  0
VERTEX
  8
0
 10
156.402231
 20
49.202593
 42
0.126455
  0
VERTEX
  8
0
 10
156.729167
 20
49.395833
 42
0.296942
  0
VERTEX
  8
0
 10
156.775380
 20
49.614691
 42
0.208169
  0
VERTEX
  8
0
 10
156.592839
 20
49.799335
 42
0.077125
  0
VERTEX
  8
0
 10
156.112848
 20
49.910055
 42
0.028489
  0
VERTEX
  8
0
 10
155.416667
 20
49.921053
 42
0.018894
  0
VERTEX
  8
0
 10
154.670344
 20
49.862007
 42
0.168741
  0
VERTEX
  8
0
 10
154.378580
 20
49.720685
 42
0.470617
  0
VERTEX
  8
0
 10
154.395823
 20
49.538436
 42
0.054073
  0
SEQEND
  0
POLYLINE
  8
0
 66
1
 70
1
  0
VERTEX
  8
0
 10
286.000000
 20
49.000000
 42
0.099038
  0
VERTEX
  8
0
 10
286.076342
 20
48.618362
 42
0.097945
  0
VERTEX
  8
0
 10
286.293750
 20
48.293750
 42
0.097945
  0
VERTEX
  8
0
 10
286.618362
 20
48.076342
 42
0.099038
  0
VERTEX
  8
0
 10
287.000000
 20
48.000000
 42
0.099038
  0
VERTEX
  8
0
 10
287.381638
 20
48.076342
 42
0.097945
  0
VERTEX
  8
0
 10
287.706250
 20
48.293750
 42
0.097945
  0
VERTEX
  8
0
 10
287.923658
 20
48.618362
 42
0.099038
  0
VERTEX
  8
0
 10
288.000000
 20
49.000000
 42
0.099038
  0
VERTEX
  8
0
 10
287.923658
 20
49.381638
 42
0.097945
  0
VERTEX
  8
0
 10
287.706250
 20
49.706250
 42
0.097945
  0
VERTEX
  8
0
 10
287.381638
 20
49.923658
 42
0.099038
  0
VERTEX
  8
0
 10
287.000000
 20
50.000000
 42
0.099038
  0
VERTEX
  8
0
 10
286.618362
 20
49.923658
 42
0.097945
  0
VERTEX
  8
0
 10
286.293750
 20
49.706250
 42
0.097945
  0
VERTEX
  8
0
 10
286.076342
 20
49.381638
 42
0.099038
  0
SEQEND
  0
POLYLINE
  8
0
 66
1
 70
1
  0
VERTEX
  8
0
 10
281.000000
 20
45.940983
 42
0.108972
  0
VERTEX
  8
0
 10
281.078288
 20
45.586039
 42
0.182303
  0
VERTEX
  8
0
 10
281.293750
 20
45.374600
 42
0.161196
  0
VERTEX
  8
0
 10
281.617900
 20
45.343488
 42
0.082592
  0
VERTEX
  8
0
 10
282.000000
 20
45.500000
 42
0.029505
  0
VERTEX
  8
0
 10
282.382774
 20
45.768994
 42
0.035638
  0
VERTEX
  8
0
 10
282.706250
 20
46.066025
 42
0.038439
  0
VERTEX
  8
0
 10
282.934461
 20
46.348290
 42
0.151918
  0
VERTEX
  8
0
 10
283.000000
 20
46.559017
 42
0.210953
  0
VERTEX
  8
0
 10
282.925540
 20
46.727648
 42
0.081139
  0
VERTEX
  8
0
 10
282.706250
 20
46.870461
 42
0.061769
  0
VERTEX
  8
0
 10
282.382849
 20
46.967655
 42
0.042167
  0
VERTEX
  8
0
 10
282.000000
 20
47.000000
 42
0.105053
  0
VERTEX
  8
0
 10
281.618444
 20
46.918938
 42
0.099167
  0
VERTEX
  8
0
 10
281.293750
 20
46.688914
 42
0.096420
  0
VERTEX
  8
0
 10
281.076123
 20
46.345238
 42
0.093332
  0
SEQEND
  0
POLYLINE
  8
0
 66
1
 70
1
  0
VERTEX
  8
0
 10
286.000000
 20
46.000000
 42
0.099038
  0
VERTEX
  8
0
 10
286.076342
 20
45.618362
 42
0.097945
  0
VERTEX
  8
0
 10
286.293750
 20
45.293750
 42
0.097945
  0
VERTEX
  8
0
 10
286.618362
 20
45.076342
 42
0.099038
  0
VERTEX
  8
0
 10
287.000000
 20
45.000000
 42
0.099038
  0
VERTEX
  8
0
 10
287.381638
 20
45.076342
 42
0.097945
  0
VERTEX
  8
0
 10
287.706250
 20
45.293750
 42
0.097945
  0
VERTEX
  8
0
 10
287.923658
 20
45.618362
 42
0.099038
  0
VERTEX
  8
0
 10
288.000000
 20
46.000000
 42
0.099038
  0
VERTEX
  8
0
 10
287.923658
 20
46.381638
 42
0.097945
  0
VERTEX
  8
0
 10
287.706250
 20
46.706250
 42
0.097945
  0
VERTEX
  8
0
 10
287.381638
 20
46.923658
 42
0.099038
  0
VERTEX
  8
0
 10
287.000000
 20
47.000000
 42
0.099038
  0
VERTEX
  8
0
 10
286.618362
 20
46.923658
 42
0.097945
  0
VERTEX
  8
0
 10
286.293750
 20
46.706250
 42
0.097945
  0
VERTEX
  8
0
 10
286.076342
 20
46.381638
 42
0.099038
  0
SEQEND
  0
POLYLINE
  8
0
 66
1
 70
1
  0
VERTEX
  8
0
 10
537.000000
 20
43.940983
 42
0.108972
  0
VERTEX
  8
0
 10
537.078288
 20
43.586039
 42
0.182303
  0
VERTEX
  8
0
 10
537.293750
 20
43.374600
 42
0.161196
  0
VERTEX
  8
0
 10
537.617900
 20
43.343488
 42
0.082592
  0
VERTEX
  8
0
 10
538.000000
 20
43.500000
 42
-0.082592
  0
VERTEX
  8
0
 10
538.382100
 20
43.656512
 42
-0.161196
  0
VERTEX
  8
0
 10
538.706250
 20
43.625400
 42
-0.182303
  0
VERTEX
  8
0
 10
538.921712
 20
43.413961
 42
-0.108972
  0
VERTEX
  8
0
 10
539.000000
 20
43.059017
 42
-0.093332
  0
VERTEX
  8
0
 10
538.923877
 20
42.654762
 42
-0.096420
  0
VERTEX
  8
0
 10
538.706250
 20
42.311086
 42
-0.099167
  0
VERTEX
  8
0
 10
538.381556
 20
42.081062
 42
-0.105053
  0
VERTEX
  8
0
 10
538.000000
 20
42.000000
 42
0.148672
  0
VERTEX
  8
0
 10
537.167119
 20
41.746751
 42
0.395299
  0
VERTEX
  8
0
 10
537.039067
 20
41.193729
 42
0.166993
  0
VERTEX
  8
0
 10
537.766166
 20
40.563043
 42
0.077251
  0
VERTEX
  8
0
 10
539.000000
 20
40.274953
 42
0.070308
  0
VERTEX
  8
0
 10
539.950788
 20
40.337032
 42
0.163099
  0
VERTEX
  8
0
 10
540.560351
 20
40.693315
 42
0.136647
  0
VERTEX
  8
0
 10
540.897630
 20
41.397104
 42
0.043849
  0
VERTEX
  8
0
 10
541.000000
 20
42.562149
 42
0.047379
  0
VERTEX
  8
0
 10
540.891378
 20
43.705883
 42
0.125066
  0
VERTEX
  8
0
 10
540.544901
 20
44.445269
 42
0.146905
  0
VERTEX
  8
0
 10
539.928996
 20
44.859455
 42
0.075215
  0
VERTEX
  8
0
 10
539.000000
 20
45.000000
 42
0.050979
  0
VERTEX
  8
0
 10
538.234725
 20
44.921770
 42
0.070927
  0
VERTEX
  8
0
 10
537.587500
 20
44.688914
 42
0.091010
  0
VERTEX
  8
0
 10
537.152336
 20
44.345219
 42
0.182172
  0
SEQEND
  0
POLYLINE
  8
0
 66
1
 70
1
  0
VERTEX
  8
0
 10
461.750000
 20
39.805004
 42
0.088615
  0
VERTEX
  8
0
 10
461.073584
 20
38.801627
 42
0.457382
  0
VERTEX
  8
0
 10
461.324570
 20
38.270657
 42
0.069232
  0
VERTEX
  8
0
 10
462.754516
 20
38.079290
 42
0.003091
  0
VERTEX
  8
0
 10
467.750000
 20
38.136182
 42
0.005629
  0
VERTEX
  8
0
 10
470.572584
 20
38.217574
 42
0.017052
  0
VERTEX
  8
0
 10
472.489062
 20
38.360012
 42
0.100354
  0
VERTEX
  8
0
 10
473.029659
 20
38.532182
 42
0.706810
  0
VERTEX
  8
0
 10
473.000000
 20
38.706923
 42
-0.047421
  0
VERTEX
  8
0
 10
471.941353
 20
38.996354
 42
-0.034189
  0
VERTEX
  8
0
 10
470.827669
 20
39.507112
 42
-0.034764
  0
VERTEX
  8
0
 10
469.826677
 20
40.145684
 42
-0.061063
  0
VERTEX
  8
0
 10
469.115467
 20
40.820741
 42
0.002587
  0
VERTEX
  8
0
 10
468.214554
 20
41.901987
 42
0.268444
  0
VERTEX
  8
0
 10
468.038830
 20
41.965421
 42
0.455807
  0
VERTEX
  8
0
 10
467.967310
 20
41.845391
 42
0.003795
  0
VERTEX
  8
0
 10
468.359175
 20
40.684609
 42
-0.036719
  0
VERTEX
  8
0
 10
468.610725
 20
39.738096
 42
-0.296492
  0
VERTEX
  8
0
 10
468.447801
 20
39.341871
 42
-0.209292
  0
VERTEX
  8
0
 10
467.951939
 20
39.245692
 42
-0.020363
  0
VERTEX
  8
0
 10
466.743708
 20
39.569391
 42
-0.018987
  0
VERTEX
  8
0
 10
465.848088
 20
39.886662
 42
-0.021203
  0
VERTEX
  8
0
 10
465.012214
 20
40.260765
 42
-0.021090
  0
VERTEX
  8
0
 10
464.332778
 20
40.636717
 42
-0.095862
  0
VERTEX
  8
0
 10
464.000000
 20
40.939786
 42
0.283798
  0
VERTEX
  8
0
 10
463.681562
 20
41.065791
 42
0.072843
  0
VERTEX
  8
0
 10
463.132812
 20
40.882911
 42
0.052212
  0
VERTEX
  8
0
 10
462.456863
 20
40.448265
 42
0.031283
  0
SEQEND
  0
POLYLINE
  8
0
 66
1
 70
1
  0
VERTEX
  8
0
 10
357.291588
 20
38.257502
 42
0.007960
  0
VERTEX
  8
0
 10
360.342947
 20
38.148573
 42
0.005002
  0
VERTEX
  8
0
 10
363.911868
 20
38.113740
 42
0.005021
  0
VERTEX
  8
0
 10
367.425385
 20
38.149880
 42
0.009156
  0
VERTEX
  8
0
 10
370.291588
 20
38.260682
 42
0.078783
  0
VERTEX
  8
0
 10
370.877154
 20
38.388060
 42
0.808064
  0
VERTEX
  8
0
 10
370.857529
 20
38.509731
 42
0.010669
  0
VERTEX
  8
0
 10
368.166435
 20
38.591202
 42
0.002293
  0
VERTEX
  8
0
 10
363.500000
 20
38.611460
 42
0.002213
  0
VERTEX
  8
0
 10
358.842228
 20
38.589703
 42
0.011964
  0
VERTEX
  8
0
 10
356.313779
 20
38.506173
 42
0.875674
  0
VERTEX
  8
0
 10
356.304715
 20
38.386221
 42
0.039068
  0
SEQEND
  0
POLYLINE
  8
0
 66
1
 70
1
  0
VERTEX
  8
0
 10
383.068153
 20
37.898335
 42
0.081562
  0
VERTEX
  8
0
 10
385.025404
 20
37.523122
 42
0.005884
  0
VERTEX
  8
0
 10
390.557456
 20
37.440834
 42
0.007355
  0
VERTEX
  8
0
 10
397.679094
 20
37.523482
 42
0.003815
  0
VERTEX
  8
0
 10
406.568153
 20
37.825348
 42
0.000000
  0
VERTEX
  8
0
 10
427.500000
 20
38.696130
 42
0.000000
  0
VERTEX
  8
0
 10
404.000000
 20
38.769118
 42
0.002447
  0
VERTEX
  8
0
 10
393.609712
 20
38.750547
 42
0.008724
  0
VERTEX
  8
0
 10
386.961169
 20
38.590095
 42
0.014310
  0
VERTEX
  8
0
 10
383.121875
 20
38.320152
 42
0.796580
  0
SEQEND
  0
POLYLINE
  8
0
 66
1
 70
1
  0
VERTEX
  8
0
 10
434.727696
 20
38.278268
 42
0.020120
  0
VERTEX
  8
0
 10
436.234338
 20
38.152063
 42
0.010546
  0
VERTEX
  8
0
 10
438.115370
 20
38.110215
 42
0.010474
  0
VERTEX
  8
0
 10
440.048239
 20
38.148479
 42
0.015806
  0
VERTEX
  8
0
 10
441.727696
 20
38.270202
 42
0.062969
  0
VERTEX
  8
0
 10
442.351289
 20
38.416037
 42
0.785070
  0
VERTEX
  8
0
 10
442.335636
 20
38.550546
 42
0.026082
  0
VERTEX
  8
0
 10
441.006031
 20
38.645979
 42
0.004587
  0
VERTEX
  8
0
 10
438.500000
 20
38.671860
 42
0.004873
  0
VERTEX
  8
0
 10
435.985512
 20
38.650253
 42
0.021409
  0
VERTEX
  8
0
 10
434.504386
 20
38.559569
 42
0.613017
  0
VERTEX
  8
0
 10
434.451620
 20
38.422293
 42
0.180442
  0
SEQEND
  0
POLYLINE
  8
0
 66
1
 70
1
  0
VERTEX
  8
0
 10
326.500000
 20
15.000000
 42
0.082592
  0
VERTEX
  8
0
 10
326.343488
 20
14.617900
 42
0.161196
  0
VERTEX
  8
0
 10
326.374600
 20
14.293750
 42
0.182303
  0
VERTEX
  8
0
 10
326.586039
 20
14.078288
 42
0.108972
  0
VERTEX
  8
0
 10
326.940983
 20
14.000000
 42
0.093332
  0
VERTEX
  8
0
 10
327.345238
 20
14.076123
 42
0.096420
  0
VERTEX
  8
0
 10
327.688914
 20
14.293750
 42
0.099167
  0
VERTEX
  8
0
 10
327.918938
 20
14.618444
 42
0.105053
  0
VERTEX
  8
0
 10
328.000000
 20
15.000000
 42
0.042167
  0
VERTEX
  8
0
 10
327.967655
 20
15.382849
 42
0.061769
  0
VERTEX
  8
0
 10
327.870461
 20
15.706250
 42
0.081139
  0
VERTEX
  8
0
 10
327.727648
 20
15.925540
 42
0.210953
  0
VERTEX
  8
0
 10
327.559017
 20
16.000000
 42
0.151918
  0
VERTEX
  8
0
 10
327.348290
 20
15.934461
 42
0.038439
  0
VERTEX
  8
0
 10
327.066025
 20
15.706250
 42
0.035638
  0
VERTEX
  8
0
 10
326.768994
 20
15.382774
 42
0.029505
  0
SEQEND
  0
POLYLINE
  8
0
 66
1
 70
1
  0
VERTEX
  8
0
 10
342.458881
 20
13.933469
 42
0.049364
  0
VERTEX
  8
0
 10
342.242038
 20
13.490157
 42
0.059701
  0
VERTEX
  8
0
 10
342.133355
 20
13.040231
 42
0.070517
  0
VERTEX
  8
0
 10
342.142323
 20
12.651151
 42
0.156651
  0
VERTEX
  8
0
 10
342.276326
 20
12.390341
 42
0.281567
  0
VERTEX
  8
0
 10
342.505460
 20
12.335123
 42
0.118528
  0
VERTEX
  8
0
 10
342.786868
 20
12.507038
 42
0.069269
  0
VERTEX
  8
0
 10
343.083816
 20
12.899181
 42
0.035865
  0
VERTEX
  8
0
 10
343.345077
 20
13.456872
 42
0.029555
  0
VERTEX
  8
0
 10
343.696703
 20
14.564815
 42
0.344086
  0
VERTEX
  8
0
 10
343.525317
 20
14.954259
 42
0.361950
  0
VERTEX
  8
0
 10
343.120758
 20
14.871774
 42
0.030391
  0
SEQEND
  0
POLYLINE
  8
0
 66
1
 70
1
  0
VERTEX
  8
0
 10
323.500000
 20
13.000000
 42
0.029505
  0
VERTEX
  8
0
 10
323.768994
 20
12.617226
 42
0.035638
  0
VERTEX
  8
0
 10
324.066025
 20
12.293750
 42
0.038439
  0
VERTEX
  8
0
 10
324.348290
 20
12.065539
 42
0.151918
  0
VERTEX
  8
0
 10
324.559017
 20
12.000000
 42
0.210953
  0
VERTEX
  8
0
 10
324.727648
 20
12.074460
 42
0.081139
  0
VERTEX
  8
0
 10
324.870461
 20
12.293750
 42
0.061769
  0
VERTEX
  8
0
 10
324.967655
 20
12.617151
 42
0.042167
  0
VERTEX
  8
0
 10
325.000000
 20
13.000000
 42
0.105053
  0
VERTEX
  8
0
 10
324.918938
 20
13.381556
 42
0.099167
  0
VERTEX
  8
0
 10
324.688914
 20
13.706250
 42
0.096420
  0
VERTEX
  8
0
 10
324.345238
 20
13.923877
 42
0.093332
  0
VERTEX
  8
0
 10
323.940983
 20
14.000000
 42
0.108972
  0
VERTEX
  8
0
 10
323.586039
 20
13.921712
 42
0.182303
  0
VERTEX
  8
0
 10
323.374600
 20
13.706250
 42
0.161196
  0
VERTEX
  8
0
 10
323.343488
 20
13.382100
 42
0.082592
  0
SEQEND
  0
POLYLINE
  8
0
 66
1
 70
1
  0
VERTEX
  8
0
 10
338.078947
 20
304.416667
 42
0.018894
  0
VERTEX
  8
0
 10
338.137993
 20
303.670344
 42
0.168741
  0
VERTEX
  8
0
 10
338.279315
 20
303.378580
 42
0.470617
  0
VERTEX
  8
0
 10
338.461564
 20
303.395823
 42
0.054073
  0
VERTEX
  8
0
 10
338.683114
 20
303.812500
 42
0.051402
  0
VERTEX
  8
0
 10
338.839148
 20
304.359369
 42
0.054150
  0
VERTEX
  8
0
 10
338.876576
 20
304.916927
 42
0.060344
  0
VERTEX
  8
0
 10
338.797407
 20
305.402231
 42
0.126455
  0
VERTEX
  8
0
 10
338.604167
 20
305.729167
 42
0.296942
  0
VERTEX
  8
0
 10
338.385309
 20
305.775380
 42
0.208169
  0
VERTEX
  8
0
 10
338.200665
 20
305.592839
 42
0.077125
  0
VERTEX
  8
0
 10
338.089945
 20
305.112848
 42
0.028489
  0
SEQEND
  0
POLYLINE
  8
0
 66
1
 70
1
  0
VERTEX
  8
0
 10
338.286014
 20
297.500000
 42
0.006817
  0
VERTEX
  8
0
 10
338.315278
 20
295.711719
 42
0.040183
  0
VERTEX
  8
0
 10
338.418418
 20
294.780601
 42
0.720633
  0
VERTEX
  8
0
 10
338.561388
 20
294.761725
 42
0.075924
  0
VERTEX
  8
0
 10
338.717581
 20
295.263750
 42
0.022548
  0
VERTEX
  8
0
 10
338.846293
 20
296.485188
 42
0.015659
  0
VERTEX
  8
0
 10
338.885962
 20
297.872547
 42
0.015827
  0
VERTEX
  8
0
 10
338.839977
 20
299.209518
 42
0.031163
  0
VERTEX
  8
0
 10
338.703931
 20
300.263750
 42
0.248898
  0
VERTEX
  8
0
 10
338.549185
 20
300.455688
 42
0.490820
  0
VERTEX
  8
0
 10
338.403147
 20
300.374351
 42
0.030832
  0
VERTEX
  8
0
 10
338.307632
 20
299.297080
 42
0.007380
  0
SEQEND
  0
ENDSEC
  0
EOF
